PitchNo,Date,Time,PAofInning,PitchofPA,Pitcher,PitcherId,PitcherThrows,PitcherTeam,Batter,BatterId,BatterSide,BatterTeam,PitcherSet,Inning,Top/Bottom,Outs,Balls,Strikes,TaggedPitchType,AutoPitchType,PitchCall,KorBB,TaggedHitType,PlayResult,OutsOnPlay,RunsScored,Notes,RelSpeed,VertRelAngle,HorzRelAngle,SpinRate,SpinAxis,Tilt,RelHeight,RelSide,Extension,VertBreak,InducedVertBreak,HorzBreak,PlateLocHeight,PlateLocSide,ZoneSpeed,VertApprAngle,HorzApprAngle,ZoneTime,ExitSpeed,Angle,Direction,HitSpinRate,PositionAt110X,PositionAt110Y,PositionAt110Z,Distance,LastTrackedDistance,Bearing,HangTime,pfxx,pfxz,x0,y0,z0,vx0,vy0,vz0,ax0,ay0,az0,HomeTeam,AwayTeam,Stadium,Level,League,GameID,PitchUID,EffectiveVelo,MaxHeight,MeasuredDuration,SpeedDrop,PitchLastMeasuredX,PitchLastMeasuredY,PitchLastMeasuredZ,ContactPositionX,ContactPositionY,ContactPositionZ,GameUID,UTCDate,UTCTime,LocalDateTime,UTCDateTime,AutoHitType,System,HomeTeamForeignID,AwayTeamForeignID,GameForeignID,Catcher,CatcherId,CatcherThrows,CatcherTeam,PlayID,PitchTrajectoryXc0,PitchTrajectoryXc1,PitchTrajectoryXc2,PitchTrajectoryYc0,PitchTrajectoryYc1,PitchTrajectoryYc2,PitchTrajectoryZc0,PitchTrajectoryZc1,PitchTrajectoryZc2,HitSpinAxis,HitTrajectoryXc0,HitTrajectoryXc1,HitTrajectoryXc2,HitTrajectoryXc3,HitTrajectoryXc4,HitTrajectoryXc5,HitTrajectoryXc6,HitTrajectoryXc7,HitTrajectoryXc8,HitTrajectoryYc0,HitTrajectoryYc1,HitTrajectoryYc2,HitTrajectoryYc3,HitTrajectoryYc4,HitTrajectoryYc5,HitTrajectoryYc6,HitTrajectoryYc7,HitTrajectoryYc8,HitTrajectoryZc0,HitTrajectoryZc1,HitTrajectoryZc2,HitTrajectoryZc3,HitTrajectoryZc4,HitTrajectoryZc5,HitTrajectoryZc6,HitTrajectoryZc7,HitTrajectoryZc8,ThrowSpeed,PopTime,ExchangeTime,TimeToBase,CatchPositionX,CatchPositionY,CatchPositionZ,ThrowPositionX,ThrowPositionY,ThrowPositionZ,BasePositionX,BasePositionY,BasePositionZ,ThrowTrajectoryXc0,ThrowTrajectoryXc1,ThrowTrajectoryXc2,ThrowTrajectoryYc0,ThrowTrajectoryYc1,ThrowTrajectoryYc2,ThrowTrajectoryZc0,ThrowTrajectoryZc1,ThrowTrajectoryZc2,PitchReleaseConfidence,PitchLocationConfidence,PitchMovementConfidence,HitLaunchConfidence,HitLandingConfidence,CatcherThrowCatchConfidence,CatcherThrowReleaseConfidence,CatcherThrowLocationConfidence
1,2025-10-18,15:27:59.99,1,1,"Drumm, Jake",1000077041,Right,GEO_PAT,"Gravelle, Cameron",10005014,Left,NIA_COM,Undefined,1,Top,0,0,0,Fastball,Four-Seam,StrikeCalled,Undefined,Undefined,Undefined,0,0,,89.89763,-0.969974,-2.437812,1927.162803,214.798333,1:15,5.81002,2.64854,5.59165,-19.926,15.07918,9.70209,3.24288,1.17931,82.08084,-4.707615,-0.708005,0.425831,,,,,,,,,,,,-5.56107,8.23,-2.44551,50,5.71386,5.1171,-130.40973,-2.86744,-9.5793,27.35424,-17.99729,GEO_PAT,NIA_COM,SpuhlerFieldMain,TeamExclusive,Team,20251018-SpuhlerFieldMain-Private-2,8f09a980-ac58-11f0-ae3b-9b4a908d198a,88.51496,,,7.81679,,,,,,,072e60c5-9c43-4700-b7fc-b13f476f682d,2025-10-18,19:27:59.99,2025-10-18T15:27:59.9949312-04:00,2025-10-18T19:27:59.9949312Z,,v3,471300,,,"Cowdrey, Vincent",1000469295,Right,GEO_PAT,5d400a1a-c7fa-4901-a35b-22227ce2dc1a,54.9087,-131.43532,13.67712,5.80871,-2.19266,-8.99865,-2.6441,5.47626,-4.78965,,,,,,,,,,,,,,,,,,,,,,,,,,,,,,,,,,,,,,,,,,,,,,,,,,,High,High,High,,,,,
2,2025-10-18,15:28:12.76,1,2,"Drumm, Jake",1000077041,Right,GEO_PAT,"Gravelle, Cameron",10005014,Left,NIA_COM,Undefined,1,Top,0,0,1,Fastball,Four-Seam,BallCalled,Undefined,Undefined,Undefined,0,0,,89.40556,-1.383571,-1.369747,2212.314526,203.542051,12:45,5.75996,2.66748,5.75555,-21.34604,13.98158,5.57654,2.69252,1.85683,81.33449,-5.392974,-0.371355,0.427788,,,,,,,,,,,,-3.22634,7.87386,-2.55716,50,5.63223,2.85678,-129.70871,-3.82554,-5.4666,28.50926,-18.83282,GEO_PAT,NIA_COM,SpuhlerFieldMain,TeamExclusive,Team,20251018-SpuhlerFieldMain-Private-2,96a99100-ac58-11f0-ae3b-9b4a908d198a,88.1101,,,8.07107,,,,,,,072e60c5-9c43-4700-b7fc-b13f476f682d,2025-10-18,19:28:12.76,2025-10-18T15:28:12.7694848-04:00,2025-10-18T19:28:12.7694848Z,,v3,471300,,,"Cowdrey, Vincent",1000469295,Right,GEO_PAT,f12a70bc-a9f8-47bf-bb7f-92e53fd328d1,54.74385,-130.74722,14.25463,5.75908,-3.13951,-9.41641,-2.66485,3.05592,-2.7333,,,,,,,,,,,,,,,,,,,,,,,,,,,,,,,,,,,,,,,,,,,,,,,,,,,High,High,High,,,,,
3,2025-10-18,15:28:29.16,1,3,"Drumm, Jake",1000077041,Right,GEO_PAT,"Gravelle, Cameron",10005014,Left,NIA_COM,Undefined,1,Top,0,1,1,ChangeUp,Changeup,BallCalled,Undefined,Undefined,Undefined,0,0,,81.79804,-1.930514,-3.819887,1788.145645,240.602686,2:00,5.6237,2.69953,6.02721,-32.09766,9.84225,14.9402,1.15625,0.40142,74.65167,-7.900506,-1.135517,0.466106,,,,,,,,,,,,-8.84374,6.05603,-2.4084,50,5.45487,7.34777,-118.50905,-4.976,-12.49598,24.01127,-23.61706,GEO_PAT,NIA_COM,SpuhlerFieldMain,TeamExclusive,Team,20251018-SpuhlerFieldMain-Private-2,a08dc330-ac58-11f0-ae3b-9b4a908d198a,80.86662,,,7.14637,,,,,,,072e60c5-9c43-4700-b7fc-b13f476f682d,2025-10-18,19:28:29.16,2025-10-18T15:28:29.1641856-04:00,2025-10-18T19:28:29.1641856Z,,v3,471300,,,"Cowdrey, Vincent",1000469295,Right,GEO_PAT,c502be44-031a-483e-8be0-b6545233465b,54.47474,-119.41224,12.00564,5.62534,-4.08764,-11.80853,-2.69363,7.81781,-6.24799,,,,,,,,,,,,,,,,,,,,,,,,,,,,,,,,,,,,,,,,,,,,,,,,,,,High,High,High,,,,,
4,2025-10-18,15:28:44.83,1,4,"Drumm, Jake",1000077041,Right,GEO_PAT,"Gravelle, Cameron",10005014,Left,NIA_COM,Undefined,1,Top,0,2,1,Fastball,Four-Seam,StrikeCalled,Undefined,Undefined,Undefined,0,0,,89.82787,-0.83807,-2.421255,2002.544059,204.14498,12:45,5.77697,2.63095,5.78765,-22.69001,12.43079,5.02725,3.10568,0.79592,81.3579,-5.099285,-1.521722,0.426534,,,,,,,,,,,,-3.27622,6.94729,-2.43421,50,5.69437,5.28166,-130.20754,-2.65396,-5.57212,29.71872,-20.35831,GEO_PAT,NIA_COM,SpuhlerFieldMain,TeamExclusive,Team,20251018-SpuhlerFieldMain-Private-2,a9c317c0-ac58-11f0-ae3b-9b4a908d198a,88.36915,,,8.46997,,,,,,,072e60c5-9c43-4700-b7fc-b13f476f682d,2025-10-18,19:28:44.83,2025-10-18T15:28:44.8389120-04:00,2025-10-18T19:28:44.8389120Z,,v3,471300,,,"Cowdrey, Vincent",1000469295,Right,GEO_PAT,955e6efe-f99a-4a9e-8c49-fd399a513dc1,54.7105,-131.27827,14.85936,5.77678,-1.92048,-10.17916,-2.62812,5.48242,-2.78606,,,,,,,,,,,,,,,,,,,,,,,,,,,,,,,,,,,,,,,,,,,,,,,,,,,High,High,High,,,,,
5,2025-10-18,15:28:58.79,1,5,"Drumm, Jake",1000077041,Right,GEO_PAT,"Gravelle, Cameron",10005014,Left,NIA_COM,Undefined,1,Top,0,2,2,Fastball,Four-Seam,BallCalled,Undefined,Undefined,Undefined,0,0,,90.12256,-3.475248,-3.253975,2036.743565,213.937239,1:15,5.65626,2.79921,5.94104,-22.26281,12.4478,7.58276,0.56794,0.40921,82.18533,-7.632451,-1.893652,0.424036,,,,,,,,,,,,-4.86733,7.76894,-2.5438,50,5.36587,7.09837,-130.45044,-8.65418,-8.33564,29.01885,-18.86917,GEO_PAT,NIA_COM,SpuhlerFieldMain,TeamExclusive,Team,20251018-SpuhlerFieldMain-Private-2,b22b5850-ac58-11f0-ae3b-9b4a908d198a,88.88972,,,7.93723,,,,,,,072e60c5-9c43-4700-b7fc-b13f476f682d,2025-10-18,19:28:58.79,2025-10-18T15:28:58.7958784-04:00,2025-10-18T19:28:58.7958784Z,,v3,471300,,,"Cowdrey, Vincent",1000469295,Right,GEO_PAT,5c010e6d-729a-44ae-abbc-bf9300d12699,54.56039,-131.46099,14.50942,5.6558,-7.99708,-9.43458,-2.79604,7.38865,-4.16782,,,,,,,,,,,,,,,,,,,,,,,,,,,,,,,,,,,,,,,,,,,,,,,,,,,High,High,High,,,,,
6,2025-10-18,15:29:16.64,1,6,"Drumm, Jake",1000077041,Right,GEO_PAT,"Gravelle, Cameron",10005014,Left,NIA_COM,Undefined,1,Top,0,3,2,ChangeUp,Changeup,StrikeSwinging,Strikeout,Undefined,Undefined,0,0,,82.90059,-1.690089,-4.935785,1809.699943,209.471105,1:00,5.63883,2.75659,6.23869,-22.03497,18.70033,9.75859,2.23725,-0.99466,75.15649,-5.889042,-3.183114,0.459364,,,,,,,,,,,,-6.56571,10.63087,-2.39242,50,5.50139,9.98785,-119.91583,-4.12635,-9.47184,25.19549,-16.8377,GEO_PAT,NIA_COM,SpuhlerFieldMain,TeamExclusive,Team,20251018-SpuhlerFieldMain-Private-2,bcd5c0b0-ac58-11f0-ae3b-9b4a908d198a,82.05354,,,7.7441,,,,,,,072e60c5-9c43-4700-b7fc-b13f476f682d,2025-10-18,19:29:16.64,2025-10-18T15:29:16.6480896-04:00,2025-10-18T19:29:16.6480896Z,,v3,471300,,,"Cowdrey, Vincent",1000469295,Right,GEO_PAT,71d1b4d8-275d-4c14-8f78-31bdc2aa0419,54.26147,-120.80789,12.59775,5.63694,-3.5302,-8.41885,-2.75198,10.32321,-4.73592,,,,,,,,,,,,,,,,,,,,,,,,,,,,,,,,,,,,,,,,,,,,,,,,,,,High,High,High,,,,,
7,2025-10-18,15:29:42.69,2,1,"Drumm, Jake",1000077041,Right,GEO_PAT,"Rossano, Cooper",10108170,Right,NIA_COM,Undefined,1,Top,1,0,0,Slider,Slider,StrikeSwinging,Undefined,Undefined,Undefined,0,0,,79.79507,-0.963492,-3.345407,2173.10338,108.146806,9:30,5.70081,2.61715,5.41812,-41.50758,3.0965,-5.41079,1.33761,-0.97131,73.83412,-8.499631,-4.306262,0.480683,,,,,,,,,,,,1.8461,2.1991,-2.31559,50,5.58593,6.97643,-115.72577,-3.35666,2.51354,20.79258,-29.17991,GEO_PAT,NIA_COM,SpuhlerFieldMain,TeamExclusive,Team,20251018-SpuhlerFieldMain-Private-2,cc647300-ac58-11f0-ae3b-9b4a908d198a,78.41437,,,5.96095,,,,,,,072e60c5-9c43-4700-b7fc-b13f476f682d,2025-10-18,19:29:42.69,2025-10-18T15:29:42.6989056-04:00,2025-10-18T19:29:42.6989056Z,,v3,471300,,,"Cowdrey, Vincent",1000469295,Right,GEO_PAT,7f0d37d9-1dc6-461f-8f9d-2c9d256b09b1,55.08505,-116.63583,10.39629,5.7049,-2.0795,-14.58996,-2.61853,6.86642,1.25677,,,,,,,,,,,,,,,,,,,,,,,,,,,,,,,,,,,,,,,,,,,,,,,,,,,High,High,High,,,,,
8,2025-10-18,15:29:55.63,2,2,"Drumm, Jake",1000077041,Right,GEO_PAT,"Rossano, Cooper",10108170,Right,NIA_COM,Undefined,1,Top,1,0,1,Slider,Slider,BallCalled,Undefined,Undefined,Undefined,0,0,,79.30125,-1.648276,-3.621836,2352.226161,73.213284,8:30,5.63439,2.65633,5.28648,-46.319,-0.34673,-6.18489,0.22305,-1.26489,72.81983,-10.015893,-4.718155,0.488,,,,,,,,,,,,2.0302,0.70232,-2.32091,50,5.44964,7.50921,-114.79895,-4.90463,2.68532,23.00594,-31.24509,GEO_PAT,NIA_COM,SpuhlerFieldMain,TeamExclusive,Team,20251018-SpuhlerFieldMain-Private-2,d415bfa0-ac58-11f0-ae3b-9b4a908d198a,77.23867,,,6.48142,,,,,,,072e60c5-9c43-4700-b7fc-b13f476f682d,2025-10-18,19:29:55.63,2025-10-18T15:29:55.6339200-04:00,2025-10-18T19:29:55.6339200Z,,v3,471300,,,"Cowdrey, Vincent",1000469295,Right,GEO_PAT,b7b16d26-0d58-4982-a0e0-f2c4c8110d59,55.21665,-115.83966,11.50297,5.63954,-3.49121,-15.62254,-2.65785,7.38773,1.34266,,,,,,,,,,,,,,,,,,,,,,,,,,,,,,,,,,,,,,,,,,,,,,,,,,,High,High,High,,,,,
9,2025-10-18,15:30:12.44,2,3,"Drumm, Jake",1000077041,Right,GEO_PAT,"Rossano, Cooper",10108170,Right,NIA_COM,Undefined,1,Top,1,1,1,Fastball,Four-Seam,StrikeCalled,Undefined,Undefined,Undefined,0,0,,88.50347,-0.941614,-2.468997,2010.84287,212.826365,1:00,5.8252,2.53667,5.7453,-24.03238,12.17351,7.04993,2.94488,0.82387,80.26287,-5.441793,-1.208324,0.433073,,,,,,,,,,,,-4.32382,6.84827,-2.33555,50,5.7323,5.2265,-128.30437,-2.90449,-7.14487,28.70407,-20.8577,GEO_PAT,NIA_COM,SpuhlerFieldMain,TeamExclusive,Team,20251018-SpuhlerFieldMain-Private-2,ddfdc260-ac58-11f0-ae3b-9b4a908d198a,87.03483,,,8.24059,,,,,,,072e60c5-9c43-4700-b7fc-b13f476f682d,2025-10-18,19:30:12.44,2025-10-18T15:30:12.4477952-04:00,2025-10-18T19:30:12.4477952Z,,v3,471300,,,"Cowdrey, Vincent",1000469295,Right,GEO_PAT,b51be869-bcd6-4c7c-821a-55893c80a0ea,54.75423,-129.3636,14.35204,5.82529,-2.1348,-10.42885,-2.53328,5.49016,-3.57243,,,,,,,,,,,,,,,,,,,,,,,,,,,,,,,,,,,,,,,,,,,,,,,,,,,High,High,High,,,,,
10,2025-10-18,15:30:26.11,2,4,"Drumm, Jake",1000077041,Right,GEO_PAT,"Rossano, Cooper",10108170,Right,NIA_COM,Undefined,1,Top,1,1,2,Fastball,Four-Seam,InPlay,Undefined,LineDrive,Single,0,0,,88.8714,-2.390422,-2.776536,2167.896022,210.303433,1:00,5.81591,2.66813,5.79487,-21.99151,13.753,7.34063,1.75574,0.69501,81.05111,-6.505392,-1.462848,0.430305,78.55055,13.184558,-5.754784,1157.995092,109.84515,12.97712,-5.83446,175.79574,175.79574,-1.316317,1.956774,-4.58185,8.07493,-2.44404,50,5.60579,5.94001,-128.81364,-6.09486,-7.66214,27.93757,-18.67059,GEO_PAT,NIA_COM,SpuhlerFieldMain,TeamExclusive,Team,20251018-SpuhlerFieldMain-Private-2,e635cb30-ac58-11f0-ae3b-9b4a908d198a,87.59479,13.51352,,7.82029,,,,1.06761,1.73365,-0.67323,072e60c5-9c43-4700-b7fc-b13f476f682d,2025-10-18,19:30:26.11,2025-10-18T15:30:26.1141504-04:00,2025-10-18T19:30:26.1141504Z,LineDrive,v3,471300,,,"Cowdrey, Vincent",1000469295,Right,GEO_PAT,9bf354ca-05e6-43e5-b9cf-0c516a3fb637,54.70709,-129.83051,13.96879,5.81527,-5.41529,-9.3353,-2.66532,6.21889,-3.83107,236.14576,1.06761,111.60527,-15.81368,3.12102,-0.59493,0.10338,-0.02075,0.0043,-0.00042,1.73365,26.27744,-15.3077,0.70685,0.03196,-0.02544,0.01052,-0.00164,7E-05,-0.67323,-11.24747,8.30798,-2.85065,0.82257,-0.19607,0.043,-0.00711,0.00057,,,,,,,,,,,,,,,,,,,,,,,High,High,High,High,High,,,
11,2025-10-18,15:31:00.50,3,1,"Drumm, Jake",1000077041,Right,GEO_PAT,"Schaefer, Mikey",10126964,Left,NIA_COM,Undefined,1,Top,1,0,0,ChangeUp,Changeup,InPlay,Undefined,GroundBall,Out,1,0,,79.34715,-0.226563,-3.716037,1509.685824,267.061794,3:00,5.63366,2.90556,6.2816,-41.42049,2.41658,19.88166,1.97269,1.13236,72.80588,-7.911922,-0.124155,0.476532,58.38399,-71.285232,64.756739,,,,,2.1625,2.1625,-13.70165,0.024884,-11.46493,1.69102,-2.64065,50,5.59667,6.7897,-115.19295,-1.67034,-15.37581,21.77698,-29.90617,GEO_PAT,NIA_COM,SpuhlerFieldMain,TeamExclusive,Team,20251018-SpuhlerFieldMain-Private-2,fabdd610-ac58-11f0-ae3b-9b4a908d198a,79.0974,2.02688,,6.54127,,,,1.80813,2.02688,-1.13329,072e60c5-9c43-4700-b7fc-b13f476f682d,2025-10-18,19:31:00.50,2025-10-18T15:31:00.5085184-04:00,2025-10-18T19:31:00.5085184Z,GroundBall,v3,471300,,,"Cowdrey, Vincent",1000469295,Right,GEO_PAT,9fd7599e-d830-4e1f-b149-d8b4023a5b07,54.22325,-115.9886,10.88849,5.63774,-0.57768,-14.95308,-2.89898,7.35148,-7.68791,,1.80793,11.76784,,,,,,,,2.02829,-81.45405,,,,,,,,-1.13373,24.95899,,,,,,,,,,,,,,,,,,,,,,,,,,,,,,High,High,High,Estimated,Estimated,,,
12,2025-10-18,15:31:37.35,4,1,"Drumm, Jake",1000077041,Right,GEO_PAT,"Harper, Dalton",1000115726,Right,NIA_COM,Undefined,1,Top,2,0,0,Slider,Curveball,FoulBallNotFieldable,Undefined,Undefined,Undefined,0,0,,76.8096,1.019784,-2.729074,2154.23201,84.370869,8:45,5.76237,2.66965,5.31045,-47.99794,0.46567,-10.2602,2.72098,-0.74904,70.70518,-7.703312,-4.547298,0.501048,88.30882,38.292058,31.593763,5091.570604,86.44229,78.49994,68.02742,281.1225,166.9938,46.329862,5.162508,4.40492,0.36583,-2.41401,50,5.81999,5.70512,-111.40856,0.38177,5.53529,20.04911,-31.71433,GEO_PAT,NIA_COM,SpuhlerFieldMain,TeamExclusive,Team,20251018-SpuhlerFieldMain-Private-2,10bcf090-ac59-11f0-ae3b-9b4a908d198a,75.22721,92.94724,,6.10442,,,,0.33295,2.11479,0.28009,072e60c5-9c43-4700-b7fc-b13f476f682d,2025-10-18,19:31:37.35,2025-10-18T15:31:37.3574656-04:00,2025-10-18T19:31:37.3574656Z,FlyBall,v3,471300,,,"Cowdrey, Vincent",1000469295,Right,GEO_PAT,d6c73fbe-30e9-4b69-a958-e21abc7d14bd,55.19291,-112.33919,10.02456,5.76811,1.85387,-15.85717,-2.67286,5.44818,2.76764,210.51782,0.34211,86.39576,-25.11354,6.10042,-0.67301,-0.1361,0.06182,-0.00834,0.00039,2.11137,80.31569,-19.97218,0.94579,0.14738,-0.13456,0.04514,-0.00697,0.0004,0.28068,53.24345,-3.90975,-0.16679,0.33319,-0.12737,0.02749,-0.00318,0.00015,,,,,,,,,,,,,,,,,,,,,,,High,High,High,High,Medium,,,
13,2025-10-18,15:32:22.22,4,2,"Drumm, Jake",1000077041,Right,GEO_PAT,"Harper, Dalton",1000115726,Right,NIA_COM,Undefined,1,Top,2,0,1,Slider,Slider,BallCalled,Undefined,Undefined,Undefined,0,0,,79.29568,-1.886354,-2.699116,2438.838948,80.082233,8:45,5.69881,2.63749,5.50537,-45.30502,-0.05756,-8.36292,0.15652,-0.58573,73.29114,-10.090452,-4.190233,0.484137,,,,,,,,,,,,3.51,0.84161,-2.39559,50,5.50287,5.73742,-115.00405,-5.30084,4.68799,21.87025,-31.04997,GEO_PAT,NIA_COM,SpuhlerFieldMain,TeamExclusive,Team,20251018-SpuhlerFieldMain-Private-2,2b6d1000-ac59-11f0-ae3b-9b4a908d198a,77.85485,,,6.00454,,,,,,,072e60c5-9c43-4700-b7fc-b13f476f682d,2025-10-18,19:32:22.22,2025-10-18T15:32:22.2287360-04:00,2025-10-18T19:32:22.2287360Z,,v3,471300,,,"Cowdrey, Vincent",1000469295,Right,GEO_PAT,f8d2464d-9e55-45f6-bcfa-28137f3632ab,54.99896,-115.9508,10.93512,5.70325,-3.9567,-15.52499,-2.63957,5.53449,2.344,,,,,,,,,,,,,,,,,,,,,,,,,,,,,,,,,,,,,,,,,,,,,,,,,,,High,High,High,,,,,
14,2025-10-18,15:33:01.27,4,3,"Drumm, Jake",1000077041,Right,GEO_PAT,"Harper, Dalton",1000115726,Right,NIA_COM,Undefined,1,Top,2,1,1,Fastball,Four-Seam,BallCalled,Undefined,Undefined,Undefined,0,0,,88.53261,-0.776863,-3.866138,2071.890167,201.841582,12:45,5.90413,2.59201,6.07336,-16.97568,18.59891,6.9928,3.76892,-0.40829,80.66472,-4.023775,-2.611651,0.429281,,,,,,,,,,,,-4.67229,10.12871,-2.29575,50,5.83463,8.38069,-128.32846,-2.20617,-7.78041,26.90549,-15.30746,GEO_PAT,NIA_COM,SpuhlerFieldMain,TeamExclusive,Team,20251018-SpuhlerFieldMain-Private-2,429e41e0-ac59-11f0-ae3b-9b4a908d198a,87.80368,,,7.86789,,,,,,,072e60c5-9c43-4700-b7fc-b13f476f682d,2025-10-18,19:33:01.27,2025-10-18T15:33:01.2791808-04:00,2025-10-18T19:33:01.2791808Z,,v3,471300,,,"Cowdrey, Vincent",1000469295,Right,GEO_PAT,a69e38ba-b042-4aa4-80b3-398d065b1e06,54.42654,-129.2532,13.45274,5.90141,-1.68006,-7.65373,-2.58839,8.6481,-3.8902,,,,,,,,,,,,,,,,,,,,,,,,,,,,,,,,,,,,,,,,,,,,,,,,,,,High,High,High,,,,,
15,2025-10-18,15:33:21.33,4,4,"Drumm, Jake",1000077041,Right,GEO_PAT,"Harper, Dalton",1000115726,Right,NIA_COM,Undefined,1,Top,2,2,1,Slider,Slider,StrikeCalled,Undefined,Undefined,Undefined,0,0,,79.26236,-0.713085,-3.471484,2290.613065,124.820944,10:15,5.70155,2.89572,5.40366,-39.05195,5.92107,-6.71264,1.77776,-0.92063,73.6814,-7.806526,-4.662033,0.482667,,,,,,,,,,,,2.53532,3.53205,-2.58106,50,5.61031,7.23655,-115.00811,-2.73984,3.43098,19.25391,-27.39423,GEO_PAT,NIA_COM,SpuhlerFieldMain,TeamExclusive,Team,20251018-SpuhlerFieldMain-Private-2,4eb4bd60-ac59-11f0-ae3b-9b4a908d198a,78.09206,,,5.58096,,,,,,,072e60c5-9c43-4700-b7fc-b13f476f682d,2025-10-18,19:33:21.33,2025-10-18T15:33:21.3350912-04:00,2025-10-18T19:33:21.3350912Z,,v3,471300,,,"Cowdrey, Vincent",1000469295,Right,GEO_PAT,d06946a4-13b4-48e2-9571-5174c02e234a,55.09982,-115.85875,9.62696,5.70462,-1.52957,-13.69712,-2.89742,7.08497,1.71549,,,,,,,,,,,,,,,,,,,,,,,,,,,,,,,,,,,,,,,,,,,,,,,,,,,High,High,High,,,,,
16,2025-10-18,15:33:43.47,4,5,"Drumm, Jake",1000077041,Right,GEO_PAT,"Harper, Dalton",1000115726,Right,NIA_COM,Undefined,1,Top,2,2,2,Slider,Slider,InPlay,Undefined,GroundBall,Single,0,1,,80.22898,-1.224034,-3.344199,2347.451413,135.550005,10:30,5.67994,2.78127,5.47701,-37.26534,6.51642,-5.18729,1.42694,-0.78398,74.57081,-8.002854,-4.266023,0.476231,99.74107,1.920844,-4.181362,7150.140832,,,,57.61976,50.91402,-2.239795,0.412898,1.8035,3.95709,-2.48349,50,5.54661,7.00337,-116.41878,-3.73444,2.50024,19.78275,-26.68828,GEO_PAT,NIA_COM,SpuhlerFieldMain,TeamExclusive,Team,20251018-SpuhlerFieldMain-Private-2,5bea3d70-ac59-11f0-ae3b-9b4a908d198a,79.14731,1.66718,,5.65818,,,,0.88754,1.37846,0.83532,072e60c5-9c43-4700-b7fc-b13f476f682d,2025-10-18,19:33:43.47,2025-10-18T15:33:43.4781696-04:00,2025-10-18T19:33:43.4781696Z,GroundBall,v3,471300,,,"Cowdrey, Vincent",1000469295,Right,GEO_PAT,6e1dec69-2aec-4275-b7e2-fd33494c7ace,55.02657,-117.26982,9.89137,5.68257,-2.58632,-13.34414,-2.78246,6.89581,1.25012,301.645136,0.89821,145.46962,-19.9238,,,,,,,1.38687,4.63046,-19.39621,,,,,,,0.8288,-10.44804,7.27008,,,,,,,,,,,,,,,,,,,,,,,,,,,,,High,High,High,High,High,,,
17,2025-10-18,15:34:23.35,5,1,"Drumm, Jake",1000077041,Right,GEO_PAT,"Panzarella, Joey",10100201,Left,NIA_COM,Undefined,1,Top,2,0,0,Fastball,Sinker,StrikeCalled,Undefined,Undefined,Undefined,0,0,,89.22174,-1.423753,-2.579688,2133.247983,225.875502,1:30,5.77946,2.80973,5.60606,-23.83584,11.66898,10.86953,2.4624,1.3057,81.65654,-5.851682,-0.640538,0.428859,,,,,,,,,,,,-6.20634,6.645,-2.59595,50,5.64214,5.3536,-129.42512,-4.04225,-10.53649,26.78843,-20.89287,GEO_PAT,NIA_COM,SpuhlerFieldMain,TeamExclusive,Team,20251018-SpuhlerFieldMain-Private-2,7387ecc0-ac59-11f0-ae3b-9b4a908d198a,87.88996,,,7.5652,,,,,,,072e60c5-9c43-4700-b7fc-b13f476f682d,2025-10-18,19:34:23.35,2025-10-18T15:34:23.3564672-04:00,2025-10-18T19:34:23.3564672Z,,v3,471300,,,"Cowdrey, Vincent",1000469295,Right,GEO_PAT,ee3d5bcc-3167-4b0c-9982-1605ac657ecf,54.89525,-130.4344,13.39421,5.7796,-3.25509,-10.44643,-2.80513,5.75058,-5.26824,,,,,,,,,,,,,,,,,,,,,,,,,,,,,,,,,,,,,,,,,,,,,,,,,,,High,High,High,,,,,
18,2025-10-18,15:34:54.69,5,2,"Drumm, Jake",1000077041,Right,GEO_PAT,"Panzarella, Joey",10100201,Left,NIA_COM,Undefined,1,Top,2,0,1,Fastball,Sinker,InPlay,Undefined,GroundBall,Single,0,0,,88.9269,-2.215094,-4.196564,2110.087822,224.642153,1:30,5.75453,2.93925,5.72908,-23.57879,11.80225,10.63764,1.71997,-0.08987,82.17268,-6.577007,-2.299447,0.428111,88.00537,3.219746,-34.404555,4143.530073,,,,73.88947,66.94348,-37.969141,0.626463,-6.48611,6.88111,-2.59526,50,5.55451,9.01238,-128.89717,-5.79745,-11.02786,24.13188,-20.47459,GEO_PAT,NIA_COM,SpuhlerFieldMain,TeamExclusive,Team,20251018-SpuhlerFieldMain-Private-2,8653c8b0-ac59-11f0-ae3b-9b4a908d198a,88.04355,2.38261,,6.75422,,,,0.72638,1.56976,0.192,072e60c5-9c43-4700-b7fc-b13f476f682d,2025-10-18,19:34:54.69,2025-10-18T15:34:54.6962944-04:00,2025-10-18T19:34:54.6962944Z,GroundBall,v3,471300,,,"Cowdrey, Vincent",1000469295,Right,GEO_PAT,9d2bf1f6-396d-4c0f-b1bf-871954a90380,54.77447,-129.78796,12.06594,5.75457,-5.04166,-10.2373,-2.93545,9.41945,-5.51393,94.078436,0.77611,105.25317,-21.68209,,,,,,,1.58442,6.93407,-15.14084,,,,,,,0.21025,-73.21807,0.46478,,,,,,,,,,,,,,,,,,,,,,,,,,,,,High,High,High,High,High,,,
19,2025-10-18,15:35:28.01,6,1,"Drumm, Jake",1000077041,Right,GEO_PAT,"Kohr, Evan",1000275285,Right,NIA_COM,Undefined,1,Top,2,0,0,Fastball,Four-Seam,BallCalled,Undefined,Undefined,Undefined,0,0,,89.41674,-0.375664,-2.864158,2060.92547,207.38617,1:00,5.81543,2.59547,5.71055,-17.67938,17.52867,8.50469,3.9917,0.63343,81.61903,-3.724102,-1.345855,0.427063,,,,,,,,,,,,-5.08803,9.33461,-2.36062,50,5.77302,6.11599,-129.71441,-1.39118,-8.6789,26.84156,-16.25159,GEO_PAT,NIA_COM,SpuhlerFieldMain,TeamExclusive,Team,20251018-SpuhlerFieldMain-Private-2,9a1639a0-ac59-11f0-ae3b-9b4a908d198a,88.25961,,,7.79771,,,,,,,072e60c5-9c43-4700-b7fc-b13f476f682d,2025-10-18,19:35:28.01,2025-10-18T15:35:28.0155136-04:00,2025-10-18T19:35:28.0155136Z,,v3,471300,,,"Cowdrey, Vincent",1000469295,Right,GEO_PAT,bbabbc08-3b73-4993-93e2-4c6869f10962,54.78978,-130.70179,13.42078,5.8132,-0.79336,-8.1258,-2.59147,6.43525,-4.33945,,,,,,,,,,,,,,,,,,,,,,,,,,,,,,,,,,,,,,,,,,,,,,,,,,,High,High,High,,,,,
20,2025-10-18,15:35:45.42,6,2,"Drumm, Jake",1000077041,Right,GEO_PAT,"Kohr, Evan",1000275285,Right,NIA_COM,Undefined,1,Top,2,1,0,ChangeUp,Changeup,StrikeCalled,Undefined,Undefined,Undefined,0,0,,81.47389,-0.376663,-3.247087,1684.734128,242.718942,2:00,5.68271,2.73691,6.39588,-31.77285,9.32934,15.70702,2.68798,1.05615,75.04347,-6.320415,-0.404555,0.461428,,,,,,,,,,,,-9.04583,5.35103,-2.51034,50,5.64095,6.15402,-118.37618,-1.68385,-12.90915,21.38455,-24.53765,GEO_PAT,NIA_COM,SpuhlerFieldMain,TeamExclusive,Team,20251018-SpuhlerFieldMain-Private-2,a49a0730-ac59-11f0-ae3b-9b4a908d198a,81.68652,,,6.43042,,,,,,,072e60c5-9c43-4700-b7fc-b13f476f682d,2025-10-18,19:35:45.42,2025-10-18T15:35:45.4265856-04:00,2025-10-18T19:35:45.4265856Z,,v3,471300,,,"Cowdrey, Vincent",1000469295,Right,GEO_PAT,d8ce3d57-d6d9-438a-aa18-1bfeff40ef4a,54.10725,-119.11585,10.69228,5.68451,-0.83513,-12.26883,-2.73093,6.60053,-6.45457,,,,,,,,,,,,,,,,,,,,,,,,,,,,,,,,,,,,,,,,,,,,,,,,,,,High,High,High,,,,,
21,2025-10-18,15:36:03.74,6,3,"Drumm, Jake",1000077041,Right,GEO_PAT,"Kohr, Evan",1000275285,Right,NIA_COM,Undefined,1,Top,2,1,1,ChangeUp,Changeup,StrikeCalled,Undefined,Undefined,Undefined,0,0,,80.82897,-0.60351,-3.080085,1748.331996,216.794461,1:15,5.67819,2.68983,6.39708,-25.55179,16.23076,11.19536,2.993,0.78723,74.32311,-5.432247,-1.055155,0.465231,,,,,,,,,,,,-6.63567,9.01875,-2.4733,50,5.62283,5.91742,-117.41265,-1.91046,-9.31415,21.08195,-19.51489,GEO_PAT,NIA_COM,SpuhlerFieldMain,TeamExclusive,Team,20251018-SpuhlerFieldMain-Private-2,af806720-ac59-11f0-ae3b-9b4a908d198a,81.01872,,,6.50586,,,,,,,072e60c5-9c43-4700-b7fc-b13f476f682d,2025-10-18,19:36:03.74,2025-10-18T15:36:03.7428736-04:00,2025-10-18T19:36:03.7428736Z,,v3,471300,,,"Cowdrey, Vincent",1000469295,Right,GEO_PAT,a8a8c878-3b85-4015-9091-9b6e326610e5,54.10445,-118.14733,10.54097,5.67756,-1.2304,-9.75744,-2.68517,6.242,-4.65708,,,,,,,,,,,,,,,,,,,,,,,,,,,,,,,,,,,,,,,,,,,,,,,,,,,High,High,High,,,,,
22,2025-10-18,15:36:23.67,6,4,"Drumm, Jake",1000077041,Right,GEO_PAT,"Kohr, Evan",1000275285,Right,NIA_COM,Undefined,1,Top,2,1,2,Fastball,Four-Seam,InPlay,Undefined,Popup,Out,1,0,,89.27557,-1.007822,-3.691094,2043.899788,204.576192,12:45,5.8195,2.65079,5.84827,-17.69584,17.50599,7.49398,3.40624,-0.15959,81.53119,-4.362574,-2.351689,0.427026,51.97087,43.898001,-38.238694,3684.406994,75.14002,30.98176,-80.33647,139.70918,131.44946,-48.62523,3.341665,-4.87874,9.58123,-2.35462,50,5.72708,8.03738,-129.4417,-2.81418,-8.27899,26.96997,-15.91514,GEO_PAT,NIA_COM,SpuhlerFieldMain,TeamExclusive,Team,20251018-SpuhlerFieldMain-Private-2,bb5b3930-ac59-11f0-ae3b-9b4a908d198a,88.26739,43.73159,,7.74438,,,,1.42091,3.48613,0.15585,072e60c5-9c43-4700-b7fc-b13f476f682d,2025-10-18,19:36:23.67,2025-10-18T15:36:23.6793856-04:00,2025-10-18T19:36:23.6793856Z,Popup,v3,471300,,,"Cowdrey, Vincent",1000469295,Right,GEO_PAT,0c44169f-d05c-4d57-9183-7cc35ef26805,54.65398,-130.40777,13.48498,5.81767,-2.24409,-7.95757,-2.64783,8.33394,-4.13949,142.766496,1.4213,43.12798,-9.34028,2.19635,-0.22244,-0.05462,0.01077,0.00323,-0.00067,3.48657,52.83385,-18.72443,0.88715,0.25468,-0.32336,0.1449,-0.02986,0.00232,0.15565,-33.98844,0.71323,0.19766,-0.13797,0.05839,-0.01816,0.00321,-0.00023,,,,,,,,,,,,,,,,,,,,,,,High,High,High,High,High,,,
23,2025-10-18,15:39:17.79,1,1,"Munzert, Mike",10961310,Right,NIA_COM,"Clyne , Owen",1000230336,Left,GEO_PAT,Undefined,1,Bottom,0,0,0,Fastball,Sinker,BallCalled,Undefined,Undefined,Undefined,0,0,,88.2813,-2.976155,-1.597308,1943.52571,223.665359,1:30,6.01544,1.6789,6.68958,-21.42194,13.19072,11.60162,1.50474,1.1844,81.46837,-7.022964,0.51785,0.423437,,,,,,,,,,,,-6.56091,8.07453,-1.57659,50,5.808,3.15388,-128.30561,-7.25682,-10.99926,25.13019,-18.63722,GEO_PAT,NIA_COM,SpuhlerFieldMain,TeamExclusive,Team,20251018-SpuhlerFieldMain-Private-2,232bea00-ac5a-11f0-ae3b-9b4a908d198a,89.01543,,,6.81293,,,,,,,072e60c5-9c43-4700-b7fc-b13f476f682d,2025-10-18,19:39:17.79,2025-10-18T15:39:17.7977344-04:00,2025-10-18T19:39:17.7977344Z,,v3,471300,,,"Harper, Dalton",1000115726,Right,NIA_COM,d7999f58-95a6-4381-8249-495d66954548,53.81357,-129.05039,12.5651,6.01488,-6.70448,-9.31861,-1.6749,3.47986,-5.49963,,,,,,,,,,,,,,,,,,,,,,,,,,,,,,,,,,,,,,,,,,,,,,,,,,,High,High,High,,,,,
24,2025-10-18,15:39:39.18,1,2,"Munzert, Mike",10961310,Right,NIA_COM,"Clyne , Owen",1000230336,Left,GEO_PAT,Undefined,1,Bottom,0,1,0,Fastball,Four-Seam,InPlay,Undefined,GroundBall,Out,1,0,,88.97233,-2.651656,-2.387922,1978.090267,220.515633,1:15,6.08582,1.41642,6.88912,-19.58493,14.34052,11.35816,2.03391,0.18596,81.76023,-6.390026,-0.311297,0.419213,98.54765,1.559733,-3.895659,1069.076827,,,,66.06816,56.60863,-4.916732,0.479337,-6.73662,8.68733,-1.26915,50,5.91071,4.99134,-129.30022,-6.4915,-11.42775,26.44742,-17.43719,GEO_PAT,NIA_COM,SpuhlerFieldMain,TeamExclusive,Team,20251018-SpuhlerFieldMain-Private-2,2fdc3480-ac5a-11f0-ae3b-9b4a908d198a,89.91248,2.3117,,7.2121,,,,1.66902,2.09877,-0.18923,072e60c5-9c43-4700-b7fc-b13f476f682d,2025-10-18,19:39:39.18,2025-10-18T15:39:39.1897088-04:00,2025-10-18T19:39:39.1897088Z,GroundBall,v3,471300,,,"Harper, Dalton",1000115726,Right,NIA_COM,b167d15f-cea2-4d82-aab3-37252487fe74,53.61443,-130.03743,13.22371,6.08488,-6.00545,-8.7186,-1.41272,5.30988,-5.71388,73.520933,1.6887,143.59683,-20.51456,,,,,,,2.10846,3.66245,-16.85708,,,,,,,-0.18352,-9.97716,-3.05493,,,,,,,,,,,,,,,,,,,,,,,,,,,,,High,High,High,High,High,,,
25,2025-10-18,15:40:15.14,2,1,"Munzert, Mike",10961310,Right,NIA_COM,"Bagnerise , Julius",1000469309,Right,GEO_PAT,Undefined,1,Bottom,1,0,0,ChangeUp,Changeup,BallCalled,Undefined,Undefined,Undefined,0,0,,76.94598,-1.223459,-1.176565,1402.530013,346.296101,5:30,6.03995,1.31291,6.53143,-49.07003,-3.17488,1.10748,0.82801,0.3257,71.39894,-10.284078,-0.974712,0.48759,,,,,,,,,,,,-0.9078,-0.93614,-1.23165,50,5.93411,2.26329,-111.95219,-3.75936,-1.15327,20.02519,-33.3633,GEO_PAT,NIA_COM,SpuhlerFieldMain,TeamExclusive,Team,20251018-SpuhlerFieldMain-Private-2,455de1a0-ac5a-11f0-ae3b-9b4a908d198a,77.30357,,,5.54705,,,,,,,072e60c5-9c43-4700-b7fc-b13f476f682d,2025-10-18,19:40:15.14,2025-10-18T15:40:15.1485440-04:00,2025-10-18T19:40:15.1485440Z,,v3,471300,,,"Harper, Dalton",1000115726,Right,NIA_COM,c806cec2-caba-4b71-903c-6843b246d74c,53.97302,-112.66061,10.0126,6.04622,-2.57908,-16.68165,-1.31244,2.30409,-0.57664,,,,,,,,,,,,,,,,,,,,,,,,,,,,,,,,,,,,,,,,,,,,,,,,,,,High,High,High,,,,,
26,2025-10-18,15:40:31.46,2,2,"Munzert, Mike",10961310,Right,NIA_COM,"Bagnerise , Julius",1000469309,Right,GEO_PAT,Undefined,1,Bottom,1,1,0,Fastball,Four-Seam,BallCalled,Undefined,Undefined,Undefined,0,0,,89.36939,-1.9588,0.028756,1975.084392,214.087226,1:15,6.09644,1.60131,6.72725,-17.2504,16.64017,10.53276,2.86796,2.50532,81.76837,-5.274314,1.94969,0.418997,,,,,,,,,,,,-5.52177,9.66189,-1.60657,50,5.95988,-0.4689,-129.92965,-4.8676,-9.42619,27.57276,-15.6803,GEO_PAT,NIA_COM,SpuhlerFieldMain,TeamExclusive,Team,20251018-SpuhlerFieldMain-Private-2,4ef1f800-ac5a-11f0-ae3b-9b4a908d198a,89.95877,,,7.60102,,,,,,,072e60c5-9c43-4700-b7fc-b13f476f682d,2025-10-18,19:40:31.46,2025-10-18T15:40:31.4613248-04:00,2025-10-18T19:40:31.4613248Z,,v3,471300,,,"Harper, Dalton",1000115726,Right,NIA_COM,b633740c-c093-4b81-a3dc-8de75665fb0d,53.77339,-130.72796,13.78638,6.09424,-4.41361,-7.84015,-1.59695,-0.19598,-4.7131,,,,,,,,,,,,,,,,,,,,,,,,,,,,,,,,,,,,,,,,,,,,,,,,,,,High,High,High,,,,,
27,2025-10-18,15:40:49.97,2,3,"Munzert, Mike",10961310,Right,NIA_COM,"Bagnerise , Julius",1000469309,Right,GEO_PAT,Undefined,1,Bottom,1,2,0,Fastball,Sinker,BallCalled,Undefined,Undefined,Undefined,0,0,,89.28462,0.636763,-0.328228,1979.87212,237.978266,2:00,6.1549,1.47505,6.58179,-24.48045,9.70441,13.78182,4.69849,2.32272,81.40119,-4.00284,2.177777,0.420812,,,,,,,,,,,,-7.29115,5.25111,-1.45753,50,6.18829,0.20283,-129.83337,0.7274,-12.39806,28.14734,-23.24492,GEO_PAT,NIA_COM,SpuhlerFieldMain,TeamExclusive,Team,20251018-SpuhlerFieldMain-Private-2,5a167260-ac5a-11f0-ae3b-9b4a908d198a,89.57069,,,7.88343,,,,,,,072e60c5-9c43-4700-b7fc-b13f476f682d,2025-10-18,19:40:49.97,2025-10-18T15:40:49.9700224-04:00,2025-10-18T19:40:49.9700224Z,,v3,471300,,,"Harper, Dalton",1000115726,Right,NIA_COM,c31362fa-9115-4bd5-b4a7-b62200e00a92,53.91924,-130.68029,14.07367,6.15588,1.4268,-11.62246,-1.46924,0.57587,-6.19903,,,,,,,,,,,,,,,,,,,,,,,,,,,,,,,,,,,,,,,,,,,,,,,,,,,High,High,High,,,,,
28,2025-10-18,15:41:08.84,2,4,"Munzert, Mike",10961310,Right,NIA_COM,"Bagnerise , Julius",1000469309,Right,GEO_PAT,Undefined,1,Bottom,1,3,0,Fastball,Four-Seam,StrikeCalled,Undefined,Undefined,Undefined,0,0,,88.32163,-1.961524,-2.139423,1892.27215,202.14761,12:45,6.08806,1.52053,6.55988,-15.88328,19.23005,7.3491,2.96402,0.17046,80.3734,-5.03901,-0.804817,0.426489,,,,,,,,,,,,-4.4652,11.00398,-1.3757,50,5.94549,4.5045,-128.22897,-4.76685,-7.39447,27.84834,-13.95116,GEO_PAT,NIA_COM,SpuhlerFieldMain,TeamExclusive,Team,20251018-SpuhlerFieldMain-Private-2,653a9ea0-ac5a-11f0-ae3b-9b4a908d198a,88.37853,,,7.94823,,,,,,,072e60c5-9c43-4700-b7fc-b13f476f682d,2025-10-18,19:41:08.84,2025-10-18T15:41:08.8486912-04:00,2025-10-18T19:41:08.8486912Z,,v3,471300,,,"Harper, Dalton",1000115726,Right,NIA_COM,b212b598-7fd3-4b8e-8322-3befb5bc3011,53.94011,-129.08183,13.92417,6.08493,-4.33959,-6.97558,-1.51712,4.73095,-3.69723,,,,,,,,,,,,,,,,,,,,,,,,,,,,,,,,,,,,,,,,,,,,,,,,,,,High,High,High,,,,,
29,2025-10-18,15:41:25.55,2,5,"Munzert, Mike",10961310,Right,NIA_COM,"Bagnerise , Julius",1000469309,Right,GEO_PAT,Undefined,1,Bottom,1,3,1,Fastball,Four-Seam,StrikeCalled,Undefined,Undefined,Undefined,0,0,,88.35504,-3.082962,-1.272454,1928.865714,211.87774,1:00,6.08657,1.51487,6.7223,-16.53698,18.28954,10.65918,1.88711,1.23986,80.69386,-6.271325,0.671295,0.424743,,,,,,,,,,,,-5.98918,10.89981,-1.43435,50,5.87562,2.4512,-128.30068,-7.30101,-9.94447,27.50297,-14.07592,GEO_PAT,NIA_COM,SpuhlerFieldMain,TeamExclusive,Team,20251018-SpuhlerFieldMain-Private-2,6f48c700-ac5a-11f0-ae3b-9b4a908d198a,88.74173,,,7.66118,,,,,,,072e60c5-9c43-4700-b7fc-b13f476f682d,2025-10-18,19:41:25.55,2025-10-18T15:41:25.5581696-04:00,2025-10-18T19:41:25.5581696Z,,v3,471300,,,"Harper, Dalton",1000115726,Right,NIA_COM,4f0fdd13-746e-4718-a1e7-81a262a458c9,53.77892,-129.1082,13.75149,6.08392,-6.88773,-7.03796,-1.5106,2.74319,-4.97223,,,,,,,,,,,,,,,,,,,,,,,,,,,,,,,,,,,,,,,,,,,,,,,,,,,High,High,High,,,,,
30,2025-10-18,15:41:47.37,2,6,"Munzert, Mike",10961310,Right,NIA_COM,"Bagnerise , Julius",1000469309,Right,GEO_PAT,Undefined,1,Bottom,1,3,2,Fastball,Four-Seam,FoulBallNotFieldable,Undefined,Undefined,Undefined,0,0,,88.51304,-2.114337,-2.183213,1929.121601,212.323078,1:00,6.08344,1.5314,6.83798,-18.0632,16.30505,9.63497,2.64757,0.34221,81.13293,-5.584328,-0.423677,0.42194,,,,,,,,,,,,-5.73748,9.58115,-1.39459,50,5.94078,4.55861,-128.6573,-5.19513,-9.6224,26.54558,-16.1054,GEO_PAT,NIA_COM,SpuhlerFieldMain,TeamExclusive,Team,20251018-SpuhlerFieldMain-Private-2,7c4cafc0-ac5a-11f0-ae3b-9b4a908d198a,89.33138,,,7.38011,,,,,,,072e60c5-9c43-4700-b7fc-b13f476f682d,2025-10-18,19:41:47.37,2025-10-18T15:41:47.3762304-04:00,2025-10-18T19:41:47.3762304Z,,v3,471300,,,"Harper, Dalton",1000115726,Right,NIA_COM,c501f920-a9d3-47b6-a585-c4d6127084e7,53.66466,-129.41121,13.27279,6.08183,-4.73772,-8.0527,-1.52794,4.8319,-4.8112,,,,,,,,,,,,,,,,,,,,,,,,,,,,,,,,,,,,,,,,,,,,,,,,,,,High,High,High,,,,,
31,2025-10-18,15:42:13.98,2,7,"Munzert, Mike",10961310,Right,NIA_COM,"Bagnerise , Julius",1000469309,Right,GEO_PAT,Undefined,1,Bottom,1,3,2,Fastball,Sinker,BallCalled,Walk,Undefined,Undefined,0,0,,89.36085,-2.077987,0.265737,1993.768247,228.671761,1:30,6.13144,1.3946,6.53927,-22.79757,11.21217,11.5804,2.32478,2.60338,82.2491,-6.36916,2.371115,0.419733,,,,,,,,,,,,-5.99827,6.77162,-1.41751,50,5.97747,-1.04895,-129.93972,-5.37904,-10.28402,26.51398,-20.56412,GEO_PAT,NIA_COM,SpuhlerFieldMain,TeamExclusive,Team,20251018-SpuhlerFieldMain-Private-2,8c2b7de0-ac5a-11f0-ae3b-9b4a908d198a,89.80098,,,7.11175,,,,,,,072e60c5-9c43-4700-b7fc-b13f476f682d,2025-10-18,19:42:13.98,2025-10-18T15:42:13.9846656-04:00,2025-10-18T19:42:13.9846656Z,,v3,471300,,,"Harper, Dalton",1000115726,Right,NIA_COM,7d82342b-1207-4b69-bf5c-ac0e102d9c32,53.96292,-130.74585,13.25699,6.13151,-4.75381,-10.28206,-1.39037,-0.73627,-5.14201,,,,,,,,,,,,,,,,,,,,,,,,,,,,,,,,,,,,,,,,,,,,,,,,,,,High,High,High,,,,,
32,2025-10-18,15:42:44.63,3,1,"Munzert, Mike",10961310,Right,NIA_COM,"Cowdrey, Vincent",1000469295,Right,GEO_PAT,Undefined,1,Bottom,1,0,0,Fastball,Four-Seam,StrikeCalled,Undefined,Undefined,Undefined,0,0,,87.94811,-2.186589,-3.097133,2058.66605,220.486184,1:15,6.14259,1.41099,6.52378,-19.94824,15.40312,12.17906,2.47011,-0.4185,80.46378,-5.984548,-0.888246,0.427932,,,,,,,,,,,,-7.24237,9.03296,-1.20012,50,5.98132,6.44079,-127.64529,-5.41658,-11.94236,26.40885,-17.2791,GEO_PAT,NIA_COM,SpuhlerFieldMain,TeamExclusive,Team,20251018-SpuhlerFieldMain-Private-2,9e735cc0-ac5a-11f0-ae3b-9b4a908d198a,88.08048,,,7.48433,,,,,,,072e60c5-9c43-4700-b7fc-b13f476f682d,2025-10-18,19:42:44.63,2025-10-18T15:42:44.6319104-04:00,2025-10-18T19:42:44.6319104Z,,v3,471300,,,"Harper, Dalton",1000115726,Right,NIA_COM,c8cba338-a11e-42ef-917a-c2e9ee613d56,53.97792,-128.46566,13.20443,6.14124,-4.87982,-8.63955,-1.40596,6.81177,-5.97118,,,,,,,,,,,,,,,,,,,,,,,,,,,,,,,,,,,,,,,,,,,,,,,,,,,High,High,High,,,,,
33,2025-10-18,15:43:08.07,3,2,"Munzert, Mike",10961310,Right,NIA_COM,"Cowdrey, Vincent",1000469295,Right,GEO_PAT,Undefined,1,Bottom,1,0,1,Fastball,Four-Seam,BallCalled,Undefined,Undefined,Undefined,0,0,,87.96135,-2.423682,-4.195278,1910.071055,211.414955,1:00,6.08581,1.41547,6.78969,-18.22367,16.71088,9.54386,2.34741,-1.6258,80.7604,-5.91439,-2.459759,0.425401,,,,,,,,,,,,-6.16611,9.83304,-1.14565,50,5.92061,9.00838,-127.57748,-5.85928,-10.20007,25.33752,-15.90814,GEO_PAT,NIA_COM,SpuhlerFieldMain,TeamExclusive,Team,20251018-SpuhlerFieldMain-Private-2,ac68aa60-ac5a-11f0-ae3b-9b4a908d198a,88.60444,,,7.20095,,,,,,,072e60c5-9c43-4700-b7fc-b13f476f682d,2025-10-18,19:43:08.07,2025-10-18T15:43:08.0710144-04:00,2025-10-18T19:43:08.0710144Z,,v3,471300,,,"Harper, Dalton",1000115726,Right,NIA_COM,bcbc34f5-0b01-4d67-a5be-af482256c729,53.71216,-128.31262,12.66876,6.08391,-5.39773,-7.95407,-1.41131,9.30432,-5.10003,,,,,,,,,,,,,,,,,,,,,,,,,,,,,,,,,,,,,,,,,,,,,,,,,,,High,High,High,,,,,
34,2025-10-18,15:44:03.02,3,3,"Munzert, Mike",10961310,Right,NIA_COM,"Cowdrey, Vincent",1000469295,Right,GEO_PAT,Undefined,1,Bottom,1,1,1,Fastball,Sinker,InPlay,Undefined,GroundBall,Out,1,0,,87.30148,-2.903911,-3.559781,1924.860515,226.810801,1:30,6.02099,1.47895,6.60207,-23.82997,11.92264,11.50505,1.36735,-0.82776,80.23378,-7.39196,-1.470297,0.430353,58.25785,-47.836923,76.025623,,,,,3.23085,3.23085,40.373898,0.022996,-7.05126,7.41469,-1.24035,50,5.81233,7.45647,-126.63796,-7.10333,-11.46953,25.46448,-20.1134,GEO_PAT,NIA_COM,SpuhlerFieldMain,TeamExclusive,Team,20251018-SpuhlerFieldMain-Private-2,cd25b540-ac5a-11f0-ae3b-9b4a908d198a,87.58486,1.46101,,7.0677,,,,2.14187,1.46101,0.80896,072e60c5-9c43-4700-b7fc-b13f476f682d,2025-10-18,19:44:03.02,2025-10-18T15:44:03.0271488-04:00,2025-10-18T19:44:03.0271488Z,GroundBall,v3,471300,,,"Harper, Dalton",1000115726,Right,NIA_COM,657d3177-8d10-47b2-b9ed-4c86375eedec,53.90087,-127.41994,12.73224,6.02098,-6.48568,-10.0567,-1.47473,7.80868,-5.73476,,2.14171,13.89364,,,,,,,,1.46175,-63.5328,,,,,,,,0.80832,55.8307,,,,,,,,,,,,,,,,,,,,,,,,,,,,,,High,High,High,Estimated,Estimated,,,
35,2025-10-18,15:44:45.11,4,1,"Munzert, Mike",10961310,Right,NIA_COM,"Alberti, Lucas",1000145512,Right,GEO_PAT,Undefined,1,Bottom,2,0,0,Slider,Curveball,StrikeCalled,Undefined,Undefined,Undefined,0,0,,76.59846,0.176724,-1.845089,1538.204802,19.023787,6:45,6.00738,1.56664,6.36099,-52.58708,-6.00394,-2.54165,1.78786,-0.34388,70.99068,-9.513369,-2.306153,0.491231,,,,,,,,,,,,0.82961,-2.80851,-1.43183,50,5.99565,3.67393,-111.43436,-1.17054,1.04502,19.68458,-35.71191,GEO_PAT,NIA_COM,SpuhlerFieldMain,TeamExclusive,Team,20251018-SpuhlerFieldMain-Private-2,e643ea10-ac5a-11f0-ae3b-9b4a908d198a,76.73057,,,5.60778,,,,,,,072e60c5-9c43-4700-b7fc-b13f476f682d,2025-10-18,19:44:45.11,2025-10-18T15:44:45.1170000-04:00,2025-10-18T19:44:45.1170000Z,,v3,471300,,,"Harper, Dalton",1000115726,Right,NIA_COM,369dbeed-f29c-4b6c-9073-5cb6d4299bd2,54.1443,-112.16405,9.84229,6.01451,0.15327,-17.85596,-1.5673,3.63519,0.52251,,,,,,,,,,,,,,,,,,,,,,,,,,,,,78.54499,,0.694118,,0.97743,1.71385,0.36158,-2.54257,5.13044,-3.29046,,,,-2.53375,82.867,-5.87862,5.14049,2.64663,-12.92473,-3.33181,-78.99324,13.50683,High,High,High,,,High,High,High
36,2025-10-18,15:45:16.31,4,2,"Munzert, Mike",10961310,Right,NIA_COM,"Alberti, Lucas",1000145512,Right,GEO_PAT,Undefined,1,Bottom,2,0,1,ChangeUp,Curveball,FoulBallNotFieldable,Undefined,Undefined,Undefined,0,0,,76.82619,0.72691,-1.438404,1467.49242,25.596082,6:45,5.97012,1.24214,6.54056,-48.82747,-2.09205,-1.77898,2.56815,-0.22572,69.86449,-8.384194,-1.762007,0.492033,62.01488,21.451021,164.774519,3799.747171,,,,122.03716,51.44217,166.936822,1.643842,0.47004,-0.85606,-1.14177,50,6.00021,2.86213,-111.60804,0.05928,0.58384,22.9376,-33.2374,GEO_PAT,NIA_COM,SpuhlerFieldMain,TeamExclusive,Team,20251018-SpuhlerFieldMain-Private-2,f8e61df0-ac5a-11f0-ae3b-9b4a908d198a,76.60548,14.77709,,6.9617,,,,1.44661,2.56405,0.21658,072e60c5-9c43-4700-b7fc-b13f476f682d,2025-10-18,19:45:16.31,2025-10-18T15:45:16.3198464-04:00,2025-10-18T19:45:16.3198464Z,LineDrive,v3,471300,,,"Harper, Dalton",1000115726,Right,NIA_COM,a4feefa4-459f-434b-b244-5b51dd11e82e,53.96129,-112.41922,11.4688,5.97733,1.2347,-16.6187,-1.24262,2.84149,0.29192,339.978887,1.44661,-81.68199,4.95171,0.20468,-0.31403,0.47462,-0.38258,0.16517,-0.0292,2.56405,33.26273,-24.19764,2.37696,-0.45328,0.08782,-0.0094,0.00095,-7E-05,0.21658,22.23115,-3.55962,0.10785,0.13415,-0.2598,0.21522,-0.09322,0.01648,,,,,,,,,,,,,,,,,,,,,,,High,High,High,High,Medium,,,
37,2025-10-18,15:45:39.62,4,3,"Munzert, Mike",10961310,Right,NIA_COM,"Alberti, Lucas",1000145512,Right,GEO_PAT,Undefined,1,Bottom,2,0,2,Fastball,Four-Seam,FoulBallNotFieldable,Undefined,Undefined,Undefined,0,0,,87.9977,-2.237902,-1.157886,2015.198892,207.745156,1:00,6.11705,1.37034,6.55585,-19.46832,15.79375,7.70567,2.44118,0.95062,80.42433,-5.952586,0.243016,0.427391,55.3473,42.568897,54.355693,4577.19636,48.53326,37.13585,98.71409,157.7617,90.22527,66.945807,3.281743,-4.38394,9.2867,-1.29346,50,5.954,2.29291,-127.85055,-5.51211,-7.23388,27.1186,-16.8501,GEO_PAT,NIA_COM,SpuhlerFieldMain,TeamExclusive,Team,20251018-SpuhlerFieldMain-Private-2,06bc98f0-ac5b-11f0-ae3b-9b4a908d198a,88.19195,43.67603,,7.57337,,,,0.80502,2.45174,-0.9283,072e60c5-9c43-4700-b7fc-b13f476f682d,2025-10-18,19:45:39.62,2025-10-18T15:45:39.6212736-04:00,2025-10-18T19:45:39.6212736Z,Popup,v3,471300,,,"Harper, Dalton",1000115726,Right,NIA_COM,ecb2a820-f38e-493a-96cc-8049574e53b2,53.94567,-128.68475,13.5593,6.11559,-4.99378,-8.42505,-1.36742,2.51543,-3.61694,222.179835,0.80495,34.84111,-9.85042,2.5929,-0.63947,0.24097,-0.09694,0.02225,-0.00198,2.45227,54.89558,-19.96073,1.18048,0.15826,-0.2613,0.10811,-0.0199,0.00136,-0.92824,48.57946,-3.26337,1.11697,-0.24263,0.0641,-0.02726,0.0072,-0.0007,,,,,,,,,,,,,,,,,,,,,,,High,High,High,High,Medium,,,
38,2025-10-18,15:46:06.58,4,4,"Munzert, Mike",10961310,Right,NIA_COM,"Alberti, Lucas",1000145512,Right,GEO_PAT,Undefined,1,Bottom,2,0,2,Slider,Curveball,BallCalled,Undefined,Undefined,Undefined,0,0,,78.98811,3.308853,-2.304633,2366.261019,2.466339,6:00,6.01052,1.52858,6.25741,-45.60243,-1.46441,-0.11953,5.26746,-0.60776,72.41775,-5.146434,-2.326181,0.478165,,,,,,,,,,,,-0.55622,-1.20331,-1.35739,50,6.23458,4.61727,-114.62134,5.25614,-0.74257,20.49682,-33.78044,GEO_PAT,NIA_COM,SpuhlerFieldMain,TeamExclusive,Team,20251018-SpuhlerFieldMain-Private-2,16b9eb90-ac5b-11f0-ae3b-9b4a908d198a,78.82726,,,6.57036,,,,,,,072e60c5-9c43-4700-b7fc-b13f476f682d,2025-10-18,19:46:06.58,2025-10-18T15:46:06.5844224-04:00,2025-10-18T19:46:06.5844224Z,,v3,471300,,,"Harper, Dalton",1000115726,Right,NIA_COM,318d6f3b-5708-470f-a08e-a66c70081a67,54.24532,-115.378,10.24841,6.01752,6.50317,-16.89022,-1.52834,4.64468,-0.37128,,,,,,,,,,,,,,,,,,,,,,,,,,,,,,,,,,,,,,,,,,,,,,,,,,,High,High,High,,,,,
39,2025-10-18,15:46:26.46,4,5,"Munzert, Mike",10961310,Right,NIA_COM,"Alberti, Lucas",1000145512,Right,GEO_PAT,Undefined,1,Bottom,2,1,2,ChangeUp,Curveball,InPlay,Undefined,GroundBall,Out,1,0,,78.42855,0.877254,-1.000056,1610.990611,350.117382,5:45,6.00634,1.09487,6.49058,-52.96889,-8.41308,1.71398,2.39785,0.31948,71.93827,-8.940282,-0.688253,0.480423,93.24928,-15.47557,18.003962,,,,,9.35986,8.43036,14.262562,0.064129,-1.19839,-4.25878,-1.02542,50,6.04517,1.9328,-114.06581,0.19806,-1.56748,22.3961,-37.74452,GEO_PAT,NIA_COM,SpuhlerFieldMain,TeamExclusive,Team,20251018-SpuhlerFieldMain-Private-2,22b1e290-ac5b-11f0-ae3b-9b4a908d198a,78.45683,2.34441,,6.49028,,,,1.01829,2.34441,-0.31127,072e60c5-9c43-4700-b7fc-b13f476f682d,2025-10-18,19:46:26.46,2025-10-18T15:46:26.4681472-04:00,2025-10-18T19:46:26.4681472Z,GroundBall,v3,471300,,,"Harper, Dalton",1000115726,Right,NIA_COM,1c7d48bc-d941-4ce8-8e9f-ef08a2ebc16d,54.01389,-114.85121,11.19805,6.01501,1.5217,-18.87226,-1.09416,1.98777,-0.78374,180,1.01599,125.57627,,,,,,,,2.34508,-36.55777,,,,,,,,-0.31201,40.8118,,,,,,,,,,,,,,,,,,,,,,,,,,,,,,High,High,High,High,High,,,
40,2025-10-18,15:48:19.93,1,1,"Drumm, Jake",1000077041,Right,GEO_PAT,"Allen, Matt",10165583,Right,NIA_COM,Undefined,2,Top,0,0,0,ChangeUp,Changeup,BallCalled,Undefined,Undefined,Undefined,0,0,,79.42564,1.947344,-0.843553,1503.776703,248.774498,2:15,5.76257,2.75419,6.0745,-37.15317,6.91355,14.21544,4.46934,3.15817,72.48158,-4.980046,1.715663,0.477779,,,,,,,,,,,,-7.52126,3.45004,-2.69611,50,5.89381,1.16575,-115.34537,2.80819,-10.10875,21.9309,-27.53712,GEO_PAT,NIA_COM,SpuhlerFieldMain,TeamExclusive,Team,20251018-SpuhlerFieldMain-Private-2,663731a0-ac5b-11f0-ae3b-9b4a908d198a,78.89102,,,6.94405,,,,,,,072e60c5-9c43-4700-b7fc-b13f476f682d,2025-10-18,19:48:19.93,2025-10-18T15:48:19.9333376-04:00,2025-10-18T19:48:19.9333376Z,,v3,471300,,,"Cowdrey, Vincent",1000469295,Right,GEO_PAT,82cef3e6-3d72-4c11-a778-f31558cd84eb,54.42663,-116.18397,10.96545,5.76629,3.86115,-13.76856,-2.74807,1.55229,-5.05438,,,,,,,,,,,,,,,,,,,,,,,,,,,,,,,,,,,,,,,,,,,,,,,,,,,High,High,High,,,,,
41,2025-10-18,15:48:37.45,1,2,"Drumm, Jake",1000077041,Right,GEO_PAT,"Allen, Matt",10165583,Right,NIA_COM,Undefined,2,Top,0,1,0,Fastball,Four-Seam,StrikeCalled,Undefined,Undefined,Undefined,0,0,,88.17209,-1.660261,-2.622476,1889.246556,198.125844,12:30,5.80507,2.6055,5.73322,-18.32458,17.91072,5.48079,2.72975,0.6182,80.54186,-5.123187,-1.643209,0.433249,,,,,,,,,,,,-3.50914,9.91934,-2.39009,50,5.65529,5.62112,-127.87051,-4.2634,-5.80921,26.40337,-15.75312,GEO_PAT,NIA_COM,SpuhlerFieldMain,TeamExclusive,Team,20251018-SpuhlerFieldMain-Private-2,709e2860-ac5b-11f0-ae3b-9b4a908d198a,86.99954,,,7.63023,,,,,,,072e60c5-9c43-4700-b7fc-b13f476f682d,2025-10-18,19:48:37.45,2025-10-18T15:48:37.4598656-04:00,2025-10-18T19:48:37.4598656Z,,v3,471300,,,"Cowdrey, Vincent",1000469295,Right,GEO_PAT,a991d4cd-0871-4f89-99b2-5d4f01c06562,54.767,-128.85106,13.20168,5.80276,-3.67837,-7.87656,-2.60285,5.83686,-2.90461,,,,,,,,,,,,,,,,,,,,,,,,,,,,,,,,,,,,,,,,,,,,,,,,,,,High,High,High,,,,,
42,2025-10-18,15:48:51.15,1,3,"Drumm, Jake",1000077041,Right,GEO_PAT,"Allen, Matt",10165583,Right,NIA_COM,Undefined,2,Top,0,1,1,Fastball,Four-Seam,BallCalled,Undefined,Undefined,Undefined,0,0,,87.03589,-1.66465,-1.964487,1895.216849,193.458094,12:30,5.85659,2.73064,5.62695,-19.64025,17.7406,3.95201,2.66517,1.22607,79.39467,-5.363908,-1.2592,0.440044,,,,,,,,,,,,-2.55563,9.82575,-2.56572,50,5.7022,4.15982,-126.23033,-4.2761,-4.11443,26.22166,-16.35507,GEO_PAT,NIA_COM,SpuhlerFieldMain,TeamExclusive,Team,20251018-SpuhlerFieldMain-Private-2,78ce9010-ac5b-11f0-ae3b-9b4a908d198a,85.65608,,,7.64122,,,,,,,072e60c5-9c43-4700-b7fc-b13f476f682d,2025-10-18,19:48:51.15,2025-10-18T15:48:51.1529984-04:00,2025-10-18T19:48:51.1529984Z,,v3,471300,,,"Cowdrey, Vincent",1000469295,Right,GEO_PAT,5897cdd3-c82d-4b87-8f4b-c8b7bb203f1f,54.87295,-127.23855,13.11083,5.85452,-3.64725,-8.17754,-2.7287,4.31802,-2.05721,,,,,,,,,,,,,,,,,,,,,,,,,,,,,,,,,,,,,,,,,,,,,,,,,,,High,High,High,,,,,
43,2025-10-18,15:49:05.88,1,4,"Drumm, Jake",1000077041,Right,GEO_PAT,"Allen, Matt",10165583,Right,NIA_COM,Undefined,2,Top,0,2,1,ChangeUp,Changeup,StrikeSwinging,Undefined,Undefined,Undefined,0,0,,81.42379,-1.061469,-3.71088,1721.169998,238.971454,2:00,5.7491,2.67377,6.0984,-30.95427,11.08083,16.12068,2.18562,0.58004,74.39856,-6.84333,-0.811607,0.466635,,,,,,,,,,,,-9.35662,6.44044,-2.3959,50,5.65094,7.04754,-118.06682,-3.10816,-13.16984,23.07428,-23.10885,GEO_PAT,NIA_COM,SpuhlerFieldMain,TeamExclusive,Team,20251018-SpuhlerFieldMain-Private-2,81b835a0-ac5b-11f0-ae3b-9b4a908d198a,80.77497,,,7.02523,,,,,,,072e60c5-9c43-4700-b7fc-b13f476f682d,2025-10-18,19:49:05.88,2025-10-18T15:49:05.8867712-04:00,2025-10-18T19:49:05.8867712Z,,v3,471300,,,"Cowdrey, Vincent",1000469295,Right,GEO_PAT,342155e9-c1f4-40fe-b668-6aa3beb9699b,54.40313,-118.92423,11.53714,5.75048,-2.24947,-11.55442,-2.66687,7.53691,-6.58492,,,,,,,,,,,,,,,,,,,,,,,,,,,,,,,,,,,,,,,,,,,,,,,,,,,High,High,High,,,,,
44,2025-10-18,15:49:22.11,1,5,"Drumm, Jake",1000077041,Right,GEO_PAT,"Allen, Matt",10165583,Right,NIA_COM,Undefined,2,Top,0,2,2,Fastball,Changeup,BallCalled,Undefined,Undefined,Undefined,0,0,,87.22084,-0.725153,-1.603514,1852.07369,231.833232,1:45,5.84093,2.67681,5.7386,-25.99879,11.06634,12.53402,2.9988,2.22771,79.51129,-5.57159,0.640097,0.438182,,,,,,,,,,,,-6.81012,6.20977,-2.55089,50,5.76471,3.0074,-126.59254,-2.46825,-11.00973,26.7486,-22.13486,GEO_PAT,NIA_COM,SpuhlerFieldMain,TeamExclusive,Team,20251018-SpuhlerFieldMain-Private-2,8b4239e0-ac5b-11f0-ae3b-9b4a908d198a,86.02013,,,7.70955,,,,,,,072e60c5-9c43-4700-b7fc-b13f476f682d,2025-10-18,19:49:22.11,2025-10-18T15:49:22.1165056-04:00,2025-10-18T19:49:22.1165056Z,,v3,471300,,,"Cowdrey, Vincent",1000469295,Right,GEO_PAT,1195d732-7cdc-4364-ad89-02d927f28cbc,54.76181,-127.59473,13.3743,5.84165,-1.63893,-11.06743,-2.6713,3.4199,-5.50486,,,,,,,,,,,,,,,,,,,,,,,,,,,,,,,,,,,,,,,,,,,,,,,,,,,High,High,High,,,,,
45,2025-10-18,15:49:37.31,1,6,"Drumm, Jake",1000077041,Right,GEO_PAT,"Allen, Matt",10165583,Right,NIA_COM,Undefined,2,Top,0,3,2,Fastball,Four-Seam,FoulBallNotFieldable,Undefined,Undefined,Undefined,0,0,,87.7236,-1.689742,-3.42814,1856.682087,198.668753,12:30,5.71363,2.69343,5.75962,-20.30509,16.31296,5.11378,2.44537,-0.0753,80.18249,-5.505072,-2.515105,0.435531,66.61727,42.656542,-49.922281,4298.579963,58.53727,61.57969,-93.13075,197.73343,119.08525,-62.747038,3.996047,-3.57689,9.14784,-2.41209,50,5.56103,7.40394,-127.1537,-4.39027,-5.8526,26.21426,-17.20609,GEO_PAT,NIA_COM,SpuhlerFieldMain,TeamExclusive,Team,20251018-SpuhlerFieldMain-Private-2,946b5970-ac5b-11f0-ae3b-9b4a908d198a,86.54367,61.61191,,7.54111,,,,1.22907,2.46798,0.0875,072e60c5-9c43-4700-b7fc-b13f476f682d,2025-10-18,19:49:37.31,2025-10-18T15:49:37.3101568-04:00,2025-10-18T19:49:37.3101568Z,Popup,v3,471300,,,"Cowdrey, Vincent",1000469295,Right,GEO_PAT,8216833f-69c0-4a80-8504-68b4ef79da97,54.74208,-128.1276,13.10713,5.71226,-3.75103,-8.60304,-2.6912,7.62137,-2.9263,141.50714,1.22976,46.25214,-13.54974,3.69794,-0.81284,0.19741,-0.0633,0.01368,-0.00114,2.46994,66.14448,-20.46052,0.8301,0.60115,-0.47286,0.1611,-0.02629,0.00165,0.08624,-54.94727,4.26262,-0.22029,-0.29614,0.17049,-0.04518,0.0057,-0.00027,,,,,,,,,,,,,,,,,,,,,,,High,High,High,High,Medium,,,
46,2025-10-18,15:50:00.34,1,7,"Drumm, Jake",1000077041,Right,GEO_PAT,"Allen, Matt",10165583,Right,NIA_COM,Undefined,2,Top,0,3,2,Fastball,Four-Seam,FoulBallNotFieldable,Undefined,Undefined,Undefined,0,0,,88.61793,-1.199719,-2.928735,2162.727547,220.000499,1:15,5.77066,2.70844,5.83747,-21.72808,13.68792,10.61272,2.84324,0.86824,81.64619,-5.257548,-1.028696,0.428323,83.55422,36.296475,-61.343388,3853.664432,41.51833,61.89043,-101.86367,258.51629,111.7281,-76.633904,4.038283,-6.19965,7.62926,-2.47586,50,5.65984,6.14572,-128.6858,-3.40117,-10.48333,24.60409,-19.2733,GEO_PAT,NIA_COM,SpuhlerFieldMain,TeamExclusive,Team,20251018-SpuhlerFieldMain-Private-2,a2239e10-ac5b-11f0-ae3b-9b4a908d198a,88.00007,66.69366,,6.97174,,,,0.73061,2.63598,-0.91228,072e60c5-9c43-4700-b7fc-b13f476f682d,2025-10-18,19:50:00.34,2025-10-18T15:50:00.3442688-04:00,2025-10-18T19:50:00.3442688Z,FlyBall,v3,471300,,,"Cowdrey, Vincent",1000469295,Right,GEO_PAT,db46983d-bf9e-49cb-b5e5-b1180dd17b90,54.66585,-129.57482,12.30204,5.77015,-2.70477,-9.63665,-2.70476,6.52451,-5.24166,,0.72992,47.38376,-17.58134,4.85562,-1.31973,0.344,-0.06873,0.00816,-0.00041,2.63645,72.53041,-24.13375,2.6329,-0.45461,0.06724,-0.01334,0.00276,-0.00024,-0.91222,-86.6707,11.79712,-2.63149,0.55202,-0.10912,0.01733,-0.0016,5E-05,,,,,,,,,,,,,,,,,,,,,,,High,High,High,High,Low,,,
47,2025-10-18,15:50:18.21,1,8,"Drumm, Jake",1000077041,Right,GEO_PAT,"Allen, Matt",10165583,Right,NIA_COM,Undefined,2,Top,0,3,2,Slider,Slider,StrikeSwinging,Strikeout,Undefined,Undefined,0,0,,79.75156,-0.548862,-1.979855,2330.001039,105.602934,9:30,5.63288,2.79571,5.29391,-41.90959,2.87929,-5.49776,1.62473,0.47779,73.64905,-8.1609,-2.956013,0.481678,,,,,,,,,,,,2.23158,1.99059,-2.61122,50,5.55218,4.22213,-115.76656,-2.56099,3.0389,20.91167,-29.4633,GEO_PAT,NIA_COM,SpuhlerFieldMain,TeamExclusive,Team,20251018-SpuhlerFieldMain-Private-2,acd1aff0-ac5b-11f0-ae3b-9b4a908d198a,78.25242,,,6.10252,,,,,,,072e60c5-9c43-4700-b7fc-b13f476f682d,2025-10-18,19:50:18.21,2025-10-18T15:50:18.2140000-04:00,2025-10-18T19:50:18.2140000Z,,v3,471300,,,"Cowdrey, Vincent",1000469295,Right,GEO_PAT,018b6904-6039-49c7-8562-c86a9a8be5a8,55.2088,-116.70367,10.45583,5.63736,-1.24066,-14.73165,-2.79737,4.08595,1.51945,,,,,,,,,,,,,,,,,,,,,,,,,,,,,69.08465,,,1.015063,,,,1.46126,5.63918,-1.32913,82.11998,6.49132,-42.6619,1.56462,87.25019,-7.7553,5.66786,13.47289,-12.46741,-1.41381,-46.4324,5.69596,High,High,High,,,High,High,High
48,2025-10-18,15:50:42.68,2,1,"Drumm, Jake",1000077041,Right,GEO_PAT,"Prizel, Cooper",10275157,Left,NIA_COM,Undefined,2,Top,1,0,0,Slider,Slider,StrikeSwinging,Undefined,Undefined,Undefined,0,0,,78.10717,0.025199,-2.729608,2337.754157,61.921557,8:00,5.73001,2.63642,5.51309,-48.97711,-2.54705,-7.38953,1.67218,-0.53389,72.16963,-8.871724,-4.045981,0.490423,,,,,,,,,,,,2.99847,-0.90331,-2.39304,50,5.69903,5.6861,-113.3715,-1.58227,3.90588,20.56327,-33.35073,GEO_PAT,NIA_COM,SpuhlerFieldMain,TeamExclusive,Team,20251018-SpuhlerFieldMain-Private-2,bb678350-ac5b-11f0-ae3b-9b4a908d198a,76.85696,,,5.93754,,,,,,,072e60c5-9c43-4700-b7fc-b13f476f682d,2025-10-18,19:50:42.68,2025-10-18T15:50:42.6884096-04:00,2025-10-18T19:50:42.6884096Z,,v3,471300,,,"Cowdrey, Vincent",1000469295,Right,GEO_PAT,ec096bb4-483f-4a0f-b99f-b6bbcd31f4d7,54.99095,-114.27317,10.28164,5.73635,-0.11988,-16.67536,-2.63862,5.51483,1.95294,,,,,,,,,,,,,,,,,,,,,,,,,,,,,,,,,,,,,,,,,,,,,,,,,,,High,High,High,,,,,
49,2025-10-18,15:50:56.10,2,2,"Drumm, Jake",1000077041,Right,GEO_PAT,"Prizel, Cooper",10275157,Left,NIA_COM,Undefined,2,Top,1,0,1,Fastball,Four-Seam,StrikeCalled,Undefined,Undefined,Undefined,0,0,,87.80794,-1.811852,-2.667718,2123.124936,206.730652,1:00,5.8552,2.60617,5.73397,-19.92788,16.73887,7.81398,2.50479,0.77112,79.97598,-5.56834,-1.271218,0.43582,,,,,,,,,,,,-4.74914,9.40721,-2.38853,50,5.69188,5.59904,-127.2961,-4.64663,-7.76108,27.11931,-16.80076,GEO_PAT,NIA_COM,SpuhlerFieldMain,TeamExclusive,Team,20251018-SpuhlerFieldMain-Private-2,c35c68a0-ac5b-11f0-ae3b-9b4a908d198a,86.48616,,,7.83196,,,,,,,072e60c5-9c43-4700-b7fc-b13f476f682d,2025-10-18,19:50:56.10,2025-10-18T15:50:56.1024000-04:00,2025-10-18T19:50:56.1024000Z,,v3,471300,,,"Cowdrey, Vincent",1000469295,Right,GEO_PAT,14d3fb29-51b4-46de-8693-a8c16e314d80,54.76664,-128.30757,13.55966,5.8535,-4.02001,-8.40038,-2.60276,5.8885,-3.88054,,,,,,,,,,,,,,,,,,,,,,,,,,,,,,,,,,,,,,,,,,,,,,,,,,,High,High,High,,,,,
50,2025-10-18,15:51:09.19,2,3,"Drumm, Jake",1000077041,Right,GEO_PAT,"Prizel, Cooper",10275157,Left,NIA_COM,Undefined,2,Top,1,0,2,Fastball,Four-Seam,FoulBallNotFieldable,Undefined,Undefined,Undefined,0,0,,87.0232,-1.053325,-3.511296,2141.192511,213.603739,1:00,5.86366,2.44289,5.80899,-23.273,13.74331,8.36563,2.94272,-0.12951,79.74397,-5.402341,-2.016033,0.437893,73.67516,48.147169,58.691267,4791.980167,39.41611,83.8204,102.69532,207.4675,102.07563,74.66271,4.684404,-5.22953,7.65241,-2.15953,50,5.76322,7.39904,-126.20924,-3.06763,-8.45703,25.05768,-19.79881,GEO_PAT,NIA_COM,SpuhlerFieldMain,TeamExclusive,Team,20251018-SpuhlerFieldMain-Private-2,cb2e0e80-ac5b-11f0-ae3b-9b4a908d198a,86.07679,84.03597,,7.27922,,,,0.77588,2.53136,-0.47749,072e60c5-9c43-4700-b7fc-b13f476f682d,2025-10-18,19:51:09.19,2025-10-18T15:51:09.1945472-04:00,2025-10-18T19:51:09.1945472Z,FlyBall,v3,471300,,,"Cowdrey, Vincent",1000469295,Right,GEO_PAT,5ee01d47-18d1-4451-b2e6-79146d632bc8,54.6929,-127.13756,12.52884,5.86328,-2.33414,-9.8994,-2.43945,7.71235,-4.22851,214.292375,0.79759,36.97484,-13.43098,1.04173,2.17412,-1.33476,0.35372,-0.0447,0.00219,2.53042,80.47707,-23.05574,1.45881,0.5574,-0.51827,0.18024,-0.02907,0.00177,-0.47163,61.44985,-6.93803,-0.16974,1.24508,-0.70744,0.19743,-0.0274,0.0015,,,,,,,,,,,,,,,,,,,,,,,High,High,High,Medium,Low,,,
51,2025-10-18,15:51:30.40,2,4,"Drumm, Jake",1000077041,Right,GEO_PAT,"Prizel, Cooper",10275157,Left,NIA_COM,Undefined,2,Top,1,0,2,Slider,Curveball,StrikeSwinging,Strikeout,Undefined,Undefined,0,0,,77.37357,-0.181773,-3.018652,2348.238583,76.030452,8:30,5.6666,2.73303,5.31435,-47.96507,0.09642,-5.91729,1.49866,-0.59606,70.95307,-8.891814,-4.068272,0.498965,,,,,,,,,,,,2.07323,0.56658,-2.4546,50,5.61537,6.14461,-112.12815,-1.97554,2.6224,21.50033,-31.45741,GEO_PAT,NIA_COM,SpuhlerFieldMain,TeamExclusive,Team,20251018-SpuhlerFieldMain-Private-2,d7c21e70-ac5b-11f0-ae3b-9b4a908d198a,75.54126,,,6.42049,,,,,,,072e60c5-9c43-4700-b7fc-b13f476f682d,2025-10-18,19:51:30.40,2025-10-18T15:51:30.4030000-04:00,2025-10-18T19:51:30.4030000Z,,v3,471300,,,"Cowdrey, Vincent",1000469295,Right,GEO_PAT,f79bc7ce-5eb7-4a12-97f2-0d2f8c2ee4db,55.18759,-113.11848,10.75017,5.673,-0.52657,-15.72871,-2.73485,6.02382,1.3112,,,,,,,,,,,,,,,,,,,,,,,,,,,,,53.65113,2.370719,1.013248,1.357471,0.88874,1.41542,0.63365,-5.75549,3.11389,5.01597,68.0487,5.78437,56.73538,-5.61392,61.87952,-5.59335,3.2838,23.56096,-15.97487,4.99811,39.89242,-1.31383,High,High,High,,,High,High,High
52,2025-10-18,15:51:56.04,3,1,"Drumm, Jake",1000077041,Right,GEO_PAT,"Farber, Ian",10961307,Right,NIA_COM,Undefined,2,Top,2,0,0,Fastball,Four-Seam,StrikeCalled,Undefined,Undefined,Undefined,0,0,,86.95034,-2.276189,-2.930237,2076.163669,205.577319,12:45,5.84925,2.48828,5.89896,-22.70096,14.14906,6.23587,1.84038,0.28509,80.05523,-6.51075,-1.812445,0.436908,,,,,,,,,,,,-3.9787,8.19811,-2.25593,50,5.65267,6.20618,-126.15443,-5.73339,-6.44686,24.35447,-18.89026,GEO_PAT,NIA_COM,SpuhlerFieldMain,TeamExclusive,Team,20251018-SpuhlerFieldMain-Private-2,e71cc870-ac5b-11f0-ae3b-9b4a908d198a,86.27083,,,6.89511,,,,,,,072e60c5-9c43-4700-b7fc-b13f476f682d,2025-10-18,19:51:56.04,2025-10-18T15:51:56.0481280-04:00,2025-10-18T19:51:56.0481280Z,,v3,471300,,,"Cowdrey, Vincent",1000469295,Right,GEO_PAT,f329a002-3955-48b5-9ca6-2e53312b5632,54.60354,-127.04005,12.17723,5.84867,-5.04647,-9.44513,-2.48587,6.44062,-3.22343,,,,,,,,,,,,,,,,,,,,,,,,,,,,,,,,,,,,,,,,,,,,,,,,,,,High,High,High,,,,,
53,2025-10-18,15:52:08.34,3,2,"Drumm, Jake",1000077041,Right,GEO_PAT,"Farber, Ian",10961307,Right,NIA_COM,Undefined,2,Top,2,0,1,Fastball,Four-Seam,FoulBallNotFieldable,Undefined,Undefined,Undefined,0,0,,86.40917,-2.700208,-2.911855,2169.703712,217.797792,1:15,5.82922,2.52745,5.8939,-21.75517,15.79422,11.30414,1.50405,0.76348,79.10693,-6.780368,-0.885055,0.441035,63.40587,20.029419,65.539943,4917.928369,32.46932,13.97967,105.09872,145.00265,111.0223,75.473055,2.180965,-6.63276,9.22016,-2.29934,50,5.59878,5.91677,-125.26792,-6.57823,-10.53281,25.4502,-17.5324,GEO_PAT,NIA_COM,SpuhlerFieldMain,TeamExclusive,Team,20251018-SpuhlerFieldMain-Private-2,ee756dc0-ac5b-11f0-ae3b-9b4a908d198a,85.46368,17.73564,,7.30225,,,,0.10833,1.3932,-0.79208,072e60c5-9c43-4700-b7fc-b13f476f682d,2025-10-18,19:52:08.34,2025-10-18T15:52:08.3438592-04:00,2025-10-18T19:52:08.3438592Z,LineDrive,v3,471300,,,"Cowdrey, Vincent",1000469295,Right,GEO_PAT,aa3f9640-9d30-447e-8e18-f91f8fdf885e,54.60834,-126.20071,12.7251,5.8281,-5.93564,-8.7662,-2.52327,6.30281,-5.2664,,0.10833,36.17651,-13.35459,2.89594,-0.57063,0.10805,-0.01987,0.00283,-0.0002,1.3932,31.85107,-16.1899,0.70732,-0.05063,-0.0076,0.00412,-0.00052,3E-05,-0.79207,79.52899,-10.55873,2.57725,-0.56739,0.11778,-0.02252,0.00326,-0.00024,,,,,,,,,,,,,,,,,,,,,,,High,High,High,High,Medium,,,
54,2025-10-18,15:52:30.69,3,3,"Drumm, Jake",1000077041,Right,GEO_PAT,"Farber, Ian",10961307,Right,NIA_COM,Undefined,2,Top,2,0,2,Fastball,Four-Seam,InPlay,Undefined,GroundBall,Out,1,0,,87.65795,-1.218844,-2.910409,2070.416557,212.954105,1:00,5.86448,2.49315,5.80274,-22.84686,13.48225,8.03264,2.8253,0.45326,80.6224,-5.480514,-1.473308,0.433809,93.84802,-0.1974,-13.607487,1067.568027,,,,44.851,42.96952,-14.634034,0.335743,-4.88449,7.54016,-2.25881,50,5.75053,6.13976,-127.25067,-3.44969,-8.05682,24.65323,-19.73678,GEO_PAT,NIA_COM,SpuhlerFieldMain,TeamExclusive,Team,20251018-SpuhlerFieldMain-Private-2,fbbe00a0-ac5b-11f0-ae3b-9b4a908d198a,86.88711,2.8582,,7.03555,,,,1.10562,2.8582,-0.46668,072e60c5-9c43-4700-b7fc-b13f476f682d,2025-10-18,19:52:30.69,2025-10-18T15:52:30.6958848-04:00,2025-10-18T19:52:30.6958848Z,GroundBall,v3,471300,,,"Cowdrey, Vincent",1000469295,Right,GEO_PAT,25c0dbd3-12e2-4168-8f1d-b7c9cde87d8a,54.70014,-128.15803,12.32661,5.86413,-2.72329,-9.86839,-2.49024,6.43629,-4.02841,33.147672,1.11233,133.51231,-22.60944,,,,,,,2.8656,-0.76944,-23.19237,,,,,,,-0.46525,-32.44065,0.2155,,,,,,,,,,,,,,,,,,,,,,,,,,,,,High,High,High,High,High,,,
55,2025-10-18,15:54:48.84,1,1,"Sheehy, Jackson",10147901,Right,NIA_COM,"Butler, Jake",1000136500,Right,GEO_PAT,Undefined,2,Bottom,0,0,0,Fastball,Changeup,StrikeCalled,Undefined,Undefined,Undefined,0,0,,88.22712,-2.247732,-4.327549,1752.69872,230.373512,1:45,5.843,1.97736,6.18441,-24.41726,10.9917,12.0015,1.7256,-1.02632,81.39513,-6.800597,-2.168887,0.42828,,,,,,,,,,,,-7.3287,6.59559,-1.65602,50,5.66022,9.20501,-127.91131,-5.79643,-12.24064,24.3739,-21.15791,GEO_PAT,NIA_COM,SpuhlerFieldMain,TeamExclusive,Team,20251018-SpuhlerFieldMain-Private-2,4e1a4ac0-ac5c-11f0-ae3b-9b4a908d198a,88.00882,,,6.83199,,,,,,,072e60c5-9c43-4700-b7fc-b13f476f682d,2025-10-18,19:54:48.84,2025-10-18T15:54:48.8462336-04:00,2025-10-18T19:54:48.8462336Z,,v3,471300,,,"Harper, Dalton",1000115726,Right,NIA_COM,856cd2d7-a0b1-41ac-b54c-07a75d399f32,54.31872,-128.73162,12.18695,5.84332,-5.08435,-10.57896,-1.97276,9.61698,-6.12032,,,,,,,,,,,,,,,,,,,,,,,,,,,,,,,,,,,,,,,,,,,,,,,,,,,High,High,High,,,,,
56,2025-10-18,15:55:06.82,1,2,"Sheehy, Jackson",10147901,Right,NIA_COM,"Butler, Jake",1000136500,Right,GEO_PAT,Undefined,2,Bottom,0,0,1,Fastball,Sinker,BallCalled,Undefined,Undefined,Undefined,0,0,,90.05897,-2.051935,-4.957399,1846.296325,235.104959,1:45,5.71463,2.01331,6.26583,-23.57241,10.52331,13.55107,1.85045,-1.43965,82.58307,-6.467372,-2.519914,0.420263,,,,,,,,,,,,-8.35508,6.34914,-1.65146,50,5.55043,10.76126,-130.41653,-5.42629,-14.43184,26.67768,-21.20709,GEO_PAT,NIA_COM,SpuhlerFieldMain,TeamExclusive,Team,20251018-SpuhlerFieldMain-Private-2,58cfafa0-ac5c-11f0-ae3b-9b4a908d198a,89.68771,,,7.4759,,,,,,,072e60c5-9c43-4700-b7fc-b13f476f682d,2025-10-18,19:55:06.82,2025-10-18T15:55:06.8227584-04:00,2025-10-18T19:55:06.8227584Z,,v3,471300,,,"Harper, Dalton",1000115726,Right,NIA_COM,07559cd6-3130-4eb1-8c27-6680b124cd16,54.2364,-131.28025,13.33884,5.71499,-4.73969,-10.60354,-2.00743,11.22851,-7.21592,,,,,,,,,,,,,,,,,,,,,,,,,,,,,,,,,,,,,,,,,,,,,,,,,,,High,High,High,,,,,
57,2025-10-18,15:55:28.04,1,3,"Sheehy, Jackson",10147901,Right,NIA_COM,"Butler, Jake",1000136500,Right,GEO_PAT,Undefined,2,Bottom,0,1,1,Fastball,Sinker,InPlay,Undefined,LineDrive,Double,0,0,,88.97532,-2.042783,-3.140113,1909.642898,231.187377,1:45,5.99077,1.87102,6.219,-23.25844,11.48634,12.97402,2.16381,0.0515,81.9059,-6.397366,-0.799847,0.424244,100.36646,8.276208,-39.700122,3682.760157,,,,121.49264,121.10362,-43.837129,0.979335,-7.61666,6.81807,-1.64222,50,5.82574,6.58203,-129.18577,-5.33379,-12.93768,25.61867,-20.59282,GEO_PAT,NIA_COM,SpuhlerFieldMain,TeamExclusive,Team,20251018-SpuhlerFieldMain-Private-2,65743a50-ac5c-11f0-ae3b-9b4a908d198a,88.84608,6.49716,,7.06942,,,,2.8227,2.17983,0.04887,072e60c5-9c43-4700-b7fc-b13f476f682d,2025-10-18,19:55:28.04,2025-10-18T15:55:28.0471040-04:00,2025-10-18T19:55:28.0471040Z,LineDrive,v3,471300,,,"Harper, Dalton",1000115726,Right,NIA_COM,fc9b05bd-449f-4b78-9995-30a667c3763d,54.28502,-130.03275,12.80933,5.99083,-4.65296,-10.29641,-1.8669,7.00977,-6.46884,,2.8227,112.07891,-32.00322,7.61505,-1.87068,0.4192,-0.09052,0.01701,-0.00189,2.17983,21.18931,-27.85232,5.03768,-1.29661,0.33344,-0.08003,0.01671,-0.00205,0.04887,-93.0501,5.79977,2.31684,-1.22652,0.46704,-0.14231,0.03404,-0.00452,,,,,,,,,,,,,,,,,,,,,,,High,High,High,Medium,High,,,
58,2025-10-18,15:56:13.76,2,1,"Sheehy, Jackson",10147901,Right,NIA_COM,"Smith, Cooper",1000469293,Right,GEO_PAT,Undefined,2,Bottom,0,0,0,Fastball,Changeup,BallCalled,Undefined,Undefined,Undefined,0,0,,86.56807,-3.752758,-5.645121,1858.362899,234.762328,1:45,5.5053,1.98656,6.2187,-25.86702,11.17725,14.19619,-0.13531,-2.05684,79.8421,-8.556499,-3.096683,0.438058,,,,,,,,,,,,-8.90772,7.13091,-1.56962,50,5.20939,11.82872,-125.08844,-9.03073,-14.19371,23.89232,-20.81154,GEO_PAT,NIA_COM,SpuhlerFieldMain,TeamExclusive,Team,20251018-SpuhlerFieldMain-Private-2,80b35350-ac5c-11f0-ae3b-9b4a908d198a,86.04438,,,6.72597,,,,,,,072e60c5-9c43-4700-b7fc-b13f476f682d,2025-10-18,19:56:13.76,2025-10-18T15:56:13.7637888-04:00,2025-10-18T19:56:13.7637888Z,,v3,471300,,,"Harper, Dalton",1000115726,Right,NIA_COM,7a9cf19e-2181-427c-a5b2-fc8d53cdbcc3,54.28545,-125.90432,11.94616,5.50563,-8.32006,-10.40577,-1.98182,12.31341,-7.09686,,,,,,,,,,,,,,,,,,,,,,,,,,,,,,,,,,,,,,,,,,,,,,,,,,,High,High,High,,,,,
59,2025-10-18,15:57:20.93,2,2,"Sheehy, Jackson",10147901,Right,NIA_COM,"Smith, Cooper",1000469293,Right,GEO_PAT,Undefined,2,Bottom,0,1,0,Fastball,Changeup,StrikeCalled,Undefined,Undefined,Undefined,0,0,,87.42134,-1.945544,-3.96452,1859.62555,221.587223,1:30,5.62954,1.93541,6.17723,-23.93289,12.39241,9.96032,1.83331,-0.90187,80.00254,-6.435362,-2.17249,0.433786,,,,,,,,,,,,-6.26122,7.31307,-1.64008,50,5.46979,8.38537,-126.70927,-5.04053,-10.17477,25.99609,-20.29,GEO_PAT,NIA_COM,SpuhlerFieldMain,TeamExclusive,Team,20251018-SpuhlerFieldMain-Private-2,a8c24cc0-ac5c-11f0-ae3b-9b4a908d198a,86.89169,,,7.41879,,,,,,,072e60c5-9c43-4700-b7fc-b13f476f682d,2025-10-18,19:57:20.93,2025-10-18T15:57:20.9300000-04:00,2025-10-18T19:57:20.9300000Z,,v3,471300,,,"Harper, Dalton",1000115726,Right,NIA_COM,7d4c2a4a-4c39-4a80-95f3-212702198596,54.32437,-127.59338,12.99805,5.62948,-4.35047,-10.145,-1.93114,8.73141,-5.08739,,,,,,,,,,,,,,,,,,,,,,,,,,,,,79.81525,1.508925,0.656947,0.851978,0.51891,1.7313,0.93569,-1.71974,5.34515,-1.79363,64.18506,4.29553,-60.59579,-1.68279,84.04028,-7.9569,5.35257,8.76886,-11.76227,-1.86569,-79.19321,12.15555,High,High,High,,,High,High,High
60,2025-10-18,15:57:48.43,2,3,"Sheehy, Jackson",10147901,Right,NIA_COM,"Smith, Cooper",1000469293,Right,GEO_PAT,Undefined,2,Bottom,0,1,1,Fastball,Sinker,StrikeCalled,Undefined,Undefined,Undefined,0,0,,89.60703,-1.610503,-3.950453,1998.093707,224.457343,1:30,5.79785,1.79443,6.10339,-21.13344,13.46918,12.13922,2.54333,-0.85332,81.99452,-5.58847,-1.769624,0.423376,,,,,,,,,,,,-7.33264,7.72406,-1.49633,50,5.66248,8.46846,-129.90966,-4.3116,-12.54874,26.85174,-18.95546,GEO_PAT,NIA_COM,SpuhlerFieldMain,TeamExclusive,Team,20251018-SpuhlerFieldMain-Private-2,b926ecb0-ac5c-11f0-ae3b-9b4a908d198a,89.02837,,,7.61251,,,,,,,072e60c5-9c43-4700-b7fc-b13f476f682d,2025-10-18,19:57:48.43,2025-10-18T15:57:48.4311040-04:00,2025-10-18T19:57:48.4311040Z,,v3,471300,,,"Harper, Dalton",1000115726,Right,NIA_COM,cae58ad4-0da9-4be4-93b9-0d0a08de2fc2,54.39828,-130.8156,13.42587,5.79716,-3.67206,-9.47773,-1.78919,8.89184,-6.27437,,,,,,,,,,,,,,,,,,,,,,,,,,,,,,,,,,,,,,,,,,,,,,,,,,,High,High,High,,,,,
61,2025-10-18,15:58:08.51,2,4,"Sheehy, Jackson",10147901,Right,NIA_COM,"Smith, Cooper",1000469293,Right,GEO_PAT,Undefined,2,Bottom,0,1,2,Fastball,Sinker,BallCalled,Undefined,Undefined,Undefined,0,0,,90.44688,-0.082681,-3.706048,1882.383332,229.402363,1:45,5.71961,2.01114,5.99114,-22.2556,11.72331,12.4665,3.78819,-0.38956,82.83456,-4.254989,-1.470883,0.419543,,,,,,,,,,,,-7.36709,6.36197,-1.72517,50,5.70073,7.96878,-131.2259,-0.91199,-12.9006,26.66825,-21.03356,GEO_PAT,NIA_COM,SpuhlerFieldMain,TeamExclusive,Team,20251018-SpuhlerFieldMain-Private-2,c500d460-ac5c-11f0-ae3b-9b4a908d198a,89.84174,,,7.61232,,,,,,,072e60c5-9c43-4700-b7fc-b13f476f682d,2025-10-18,19:58:08.51,2025-10-18T15:58:08.5181440-04:00,2025-10-18T19:58:08.5181440Z,,v3,471300,,,"Harper, Dalton",1000115726,Right,NIA_COM,9d31dd5c-37a4-4a1a-9eef-c90df4da98b4,54.51066,-132.1394,13.33413,5.71963,-0.19151,-10.51678,-2.00571,8.41068,-6.4503,,,,,,,,,,,,,,,,,,,,,,,,,,,,,,,,,,,,,,,,,,,,,,,,,,,High,High,High,,,,,
62,2025-10-18,15:58:29.40,2,5,"Sheehy, Jackson",10147901,Right,NIA_COM,"Smith, Cooper",1000469293,Right,GEO_PAT,Undefined,2,Bottom,0,2,2,Slider,Curveball,FoulBallNotFieldable,Undefined,Undefined,Undefined,0,0,,75.43464,2.053018,-1.253707,2015.661749,110.746817,9:45,5.49194,2.17715,6.00492,-45.3551,3.04689,-4.51299,3.61587,0.63924,69.84292,-6.314388,-2.064943,0.500729,65.07949,5.611472,170.820349,2391.696781,,,,61.21847,50.70582,170.077783,0.667325,1.98579,1.5674,-2.07628,50,5.62902,2.5624,-109.63808,2.57827,2.44446,17.33056,-30.24462,GEO_PAT,NIA_COM,SpuhlerFieldMain,TeamExclusive,Team,20251018-SpuhlerFieldMain-Private-2,d17aa590-ac5c-11f0-ae3b-9b4a908d198a,75.27507,4.3399,,5.59172,,,,0.13025,3.36585,-0.58386,072e60c5-9c43-4700-b7fc-b13f476f682d,2025-10-18,19:58:29.40,2025-10-18T15:58:29.4025728-04:00,2025-10-18T19:58:29.4025728Z,GroundBall,v3,471300,,,"Harper, Dalton",1000115726,Right,NIA_COM,916b6e90-ea80-4f28-8c7c-5a420b4a9e99,54.49658,-110.34657,8.66528,5.49835,3.8147,-15.12231,-2.17899,2.46247,1.22223,25.003263,0.13025,-93.77602,5.42418,-1.14435,1.03311,-2.61508,4.16651,-3.40287,1.12799,3.36585,9.33353,-22.77874,2.21022,-1.25327,2.68306,-4.19844,3.41709,-1.13003,-0.58386,15.15442,1.97995,0.66367,-1.00943,2.75003,-4.43104,3.67796,-1.23542,,,,,,,,,,,,,,,,,,,,,,,High,High,High,Medium,Medium,,,
63,2025-10-18,15:58:49.84,2,6,"Sheehy, Jackson",10147901,Right,NIA_COM,"Smith, Cooper",1000469293,Right,GEO_PAT,Undefined,2,Bottom,0,2,2,Fastball,Sinker,InPlay,Undefined,GroundBall,Out,1,1,,89.87356,-2.536713,-3.491509,2050.066685,231.257631,1:45,5.58266,1.93739,6.21629,-22.133,12.31879,13.90954,1.39129,-0.1297,81.90645,-6.704617,-0.983719,0.422452,90.1486,-13.32362,-6.726636,,,,,10.46286,10.46286,-9.077951,0.07076,-8.27355,7.47788,-1.68236,50,5.381,7.38872,-130.26294,-6.4589,-14.13728,28.77564,-19.39636,GEO_PAT,NIA_COM,SpuhlerFieldMain,TeamExclusive,Team,20251018-SpuhlerFieldMain-Private-2,ddbb1740-ac5c-11f0-ae3b-9b4a908d198a,89.22303,2.15975,,7.96711,,,,1.275,2.15975,-0.58261,072e60c5-9c43-4700-b7fc-b13f476f682d,2025-10-18,19:58:49.84,2025-10-18T15:58:49.8423808-04:00,2025-10-18T19:58:49.8423808Z,GroundBall,v3,471300,,,"Harper, Dalton",1000115726,Right,NIA_COM,4bae856f-aa3e-4eef-941d-94d04a35376a,54.28616,-131.20636,14.38782,5.58234,-5.82298,-9.69818,-1.9322,7.85221,-7.06864,180,1.27249,127.99419,,,,,,,,2.16035,-30.52237,,,,,,,,-0.58231,-15.09619,,,,,,,,,,,,,,,,,,,,,,,,,,,,,,High,High,High,Low,Medium,,,
64,2025-10-18,15:59:25.78,3,1,"Sheehy, Jackson",10147901,Right,NIA_COM,"Blanchard, Evan",10073877,Right,GEO_PAT,Undefined,2,Bottom,1,0,0,Slider,Curveball,BallCalled,Undefined,Undefined,Undefined,0,0,,75.55764,-0.163042,-2.527614,1984.792812,54.042611,7:45,5.49566,1.93227,6.05738,-50.88613,-2.58587,-5.44366,1.10409,-0.86257,70.32719,-9.477156,-3.50815,0.500203,,,,,,,,,,,,2.17,-0.91752,-1.73277,50,5.4554,5.03327,-109.84696,-1.81775,2.66838,18.29111,-33.30229,GEO_PAT,NIA_COM,SpuhlerFieldMain,TeamExclusive,Team,20251018-SpuhlerFieldMain-Private-2,f3396900-ac5c-11f0-ae3b-9b4a908d198a,75.3543,,,5.23045,,,,,,,072e60c5-9c43-4700-b7fc-b13f476f682d,2025-10-18,19:59:25.78,2025-10-18T15:59:25.7849856-04:00,2025-10-18T19:59:25.7849856Z,,v3,471300,,,"Harper, Dalton",1000115726,Right,NIA_COM,38bf0296-e6ea-42cc-b835-bb2f71c6bc2e,54.44771,-110.58509,9.14555,5.50163,-0.47385,-16.65114,-1.93371,4.92559,1.33419,,,,,,,,,,,,,,,,,,,,,,,,,,,,,,,,,,,,,,,,,,,,,,,,,,,High,High,High,,,,,
65,2025-10-18,15:59:38.15,3,2,"Sheehy, Jackson",10147901,Right,NIA_COM,"Blanchard, Evan",10073877,Right,GEO_PAT,Undefined,2,Bottom,1,1,0,Fastball,Sinker,InPlay,Undefined,GroundBall,Out,1,0,,89.5001,-2.074954,-3.780521,1980.785766,224.682228,1:30,5.68331,2.06507,6.18252,-20.75785,13.7667,12.54678,2.03233,-0.38562,82.08096,-5.984265,-1.522118,0.422898,92.83894,-6.919175,-10.490498,,,,,19.09068,10.51863,-9.175374,0.132069,-7.55264,8.02378,-1.78552,50,5.51556,8.07611,-129.80477,-5.34103,-12.92029,26.49441,-18.44774,GEO_PAT,NIA_COM,SpuhlerFieldMain,TeamExclusive,Team,20251018-SpuhlerFieldMain-Private-2,fa860060-ac5c-11f0-ae3b-9b4a908d198a,89.12894,2.16944,,7.41915,,,,1.26812,2.16944,0.21079,072e60c5-9c43-4700-b7fc-b13f476f682d,2025-10-18,19:59:38.15,2025-10-18T15:59:38.1522944-04:00,2025-10-18T19:59:38.1522944Z,GroundBall,v3,471300,,,"Harper, Dalton",1000115726,Right,NIA_COM,652bc9fc-2a33-4ca1-86b3-6a47f6fd7f78,54.32057,-130.68367,13.24721,5.68259,-4.72907,-9.22387,-2.06053,8.50471,-6.46014,180,1.26416,133.0991,,,,,,,,2.16993,-16.42653,,,,,,,,0.21152,-24.64563,,,,,,,,,,,,,,,,,,,,,,,,,,,,,,High,High,High,Medium,Low,,,
66,2025-10-18,16:00:10.95,4,1,"Sheehy, Jackson",10147901,Right,NIA_COM,"Canody, Andrew",1000415298,Right,GEO_PAT,Undefined,2,Bottom,2,0,0,Fastball,Sinker,StrikeCalled,Undefined,Undefined,Undefined,0,0,,88.57159,-1.17297,-4.338108,2015.812799,227.477636,1:30,5.65132,1.82579,6.25737,-22.42037,12.68757,12.66261,2.69803,-1.12707,81.29074,-5.391299,-2.058607,0.426456,,,,,,,,,,,,-7.7087,7.22634,-1.50914,50,5.55287,9.23875,-128.44628,-3.3109,-12.94124,25.39032,-20.04255,GEO_PAT,NIA_COM,SpuhlerFieldMain,TeamExclusive,Team,20251018-SpuhlerFieldMain-Private-2,0df680c0-ac5d-11f0-ae3b-9b4a908d198a,88.38533,,,7.28086,,,,,,,072e60c5-9c43-4700-b7fc-b13f476f682d,2025-10-18,20:00:10.95,2025-10-18T16:00:10.9532160-04:00,2025-10-18T20:00:10.9532160Z,,v3,471300,,,"Harper, Dalton",1000115726,Right,NIA_COM,ec868f7e-1ca8-4a3a-8e5b-f2800f58b519,54.24494,-129.28266,12.69516,5.65106,-2.65068,-10.02128,-1.8205,9.66505,-6.47062,,,,,,,,,,,,,,,,,,,,,,,,,,,,,,,,,,,,,,,,,,,,,,,,,,,High,High,High,,,,,
67,2025-10-18,16:00:26.46,4,2,"Sheehy, Jackson",10147901,Right,NIA_COM,"Canody, Andrew",1000415298,Right,GEO_PAT,Undefined,2,Bottom,2,0,1,Slider,Curveball,StrikeSwinging,Undefined,Undefined,Undefined,0,0,,76.41626,-0.476086,-1.27084,2129.550939,60.510961,8:00,5.34568,2.04807,5.94963,-50.74129,-3.25988,-8.20473,0.67554,0.18541,70.97343,-9.749434,-2.748404,0.495945,,,,,,,,,,,,3.93244,-1.25122,-1.94207,50,5.27863,2.74571,-111.14151,-2.45796,4.9337,19.35237,-33.74385,GEO_PAT,NIA_COM,SpuhlerFieldMain,TeamExclusive,Team,20251018-SpuhlerFieldMain-Private-2,1757c750-ac5d-11f0-ae3b-9b4a908d198a,76.00131,,,5.44283,,,,,,,072e60c5-9c43-4700-b7fc-b13f476f682d,2025-10-18,20:00:26.46,2025-10-18T16:00:26.4658944-04:00,2025-10-18T20:00:26.4658944Z,,v3,471300,,,"Harper, Dalton",1000115726,Right,NIA_COM,c3100d16-ef1b-4f0d-add8-187185ac19b6,54.55616,-111.93203,9.67618,5.35088,-1.07956,-16.87193,-2.05011,2.54417,2.46685,,,,,,,,,,,,,,,,,,,,,,,,,,,,,,,,,,,,,,,,,,,,,,,,,,,High,High,High,,,,,
68,2025-10-18,16:00:49.26,4,3,"Sheehy, Jackson",10147901,Right,NIA_COM,"Canody, Andrew",1000415298,Right,GEO_PAT,Undefined,2,Bottom,2,0,2,Slider,Curveball,FoulBallNotFieldable,Undefined,Undefined,Undefined,0,0,,76.05096,0.52664,-1.088747,2095.883846,53.881459,7:45,5.44235,1.98808,6.06406,-50.96007,-3.52882,-6.60768,1.6832,0.42965,70.86316,-8.815792,-2.280489,0.495683,,,,,,,,,,,,3.17713,-1.65606,-1.89992,50,5.45533,2.32515,-110.69719,-0.49277,3.98057,17.9638,-34.24891,GEO_PAT,NIA_COM,SpuhlerFieldMain,TeamExclusive,Team,20251018-SpuhlerFieldMain-Private-2,24f07600-ac5d-11f0-ae3b-9b4a908d198a,76.04146,,,5.1878,,,,,,,072e60c5-9c43-4700-b7fc-b13f476f682d,2025-10-18,20:00:49.26,2025-10-18T16:00:49.2666880-04:00,2025-10-18T20:00:49.2666880Z,,v3,471300,,,"Harper, Dalton",1000115726,Right,NIA_COM,d0600229-dcc1-4cde-a2ea-33e6a16e6495,54.4421,-111.41571,8.9819,5.44764,0.87714,-17.12446,-1.98974,2.16594,1.99029,,,,,,,,,,,,,,,,,,,,,,,,,,,,,,,,,,,,,,,,,,,,,,,,,,,High,High,High,,,,,
69,2025-10-18,16:01:16.87,4,4,"Sheehy, Jackson",10147901,Right,NIA_COM,"Canody, Andrew",1000415298,Right,GEO_PAT,Undefined,2,Bottom,2,0,2,Fastball,Sinker,BallCalled,Undefined,Undefined,Undefined,0,0,,89.58545,-2.762165,-3.905299,1944.331141,237.527749,2:00,5.60065,1.78854,6.33892,-24.81143,9.19205,12.92178,0.98192,-0.73596,83.03826,-7.379465,-1.571166,0.419694,,,,,,,,,,,,-7.73595,5.76922,-1.50989,50,5.38703,8.37718,-129.99195,-7.06108,-13.39055,24.28686,-22.18787,GEO_PAT,NIA_COM,SpuhlerFieldMain,TeamExclusive,Team,20251018-SpuhlerFieldMain-Private-2,35631fb0-ac5d-11f0-ae3b-9b4a908d198a,89.80927,,,6.5472,,,,,,,072e60c5-9c43-4700-b7fc-b13f476f682d,2025-10-18,20:01:16.87,2025-10-18T16:01:16.8741888-04:00,2025-10-18T20:01:16.8741888Z,,v3,471300,,,"Harper, Dalton",1000115726,Right,NIA_COM,c7feb8a8-4ffe-4f4e-ab9a-7ee35eb5989e,54.1656,-130.76791,12.14343,5.6013,-6.35219,-11.09393,-1.78437,8.805,-6.69528,,,,,,,,,,,,,,,,,,,,,,,,,,,,,,,,,,,,,,,,,,,,,,,,,,,High,High,High,,,,,
70,2025-10-18,16:01:33.70,4,5,"Sheehy, Jackson",10147901,Right,NIA_COM,"Canody, Andrew",1000415298,Right,GEO_PAT,Undefined,2,Bottom,2,1,2,Slider,Curveball,BallCalled,Undefined,Undefined,Undefined,0,0,,74.35088,-0.076971,-2.679431,2061.05136,55.580719,7:45,5.49338,1.98765,6.03235,-53.28231,-3.00933,-6.60717,0.98182,-1.04614,68.83621,-9.834983,-3.86877,0.510315,,,,,,,,,,,,2.67512,-1.12134,-1.77448,50,5.45826,5.2769,-108.00931,-1.70224,3.15765,18.95125,-33.49763,GEO_PAT,NIA_COM,SpuhlerFieldMain,TeamExclusive,Team,20251018-SpuhlerFieldMain-Private-2,3f6d2960-ac5d-11f0-ae3b-9b4a908d198a,73.86107,,,5.51467,,,,,,,072e60c5-9c43-4700-b7fc-b13f476f682d,2025-10-18,20:01:33.70,2025-10-18T16:01:33.7025536-04:00,2025-10-18T20:01:33.7025536Z,,v3,471300,,,"Harper, Dalton",1000115726,Right,NIA_COM,bd276f61-a74e-4d9d-8ada-e7dbb9ce7d53,54.47221,-108.79118,9.47562,5.49999,-0.32024,-16.74881,-1.98949,5.14662,1.57883,,,,,,,,,,,,,,,,,,,,,,,,,,,,,,,,,,,,,,,,,,,,,,,,,,,High,High,High,,,,,
71,2025-10-18,16:01:58.97,4,6,"Sheehy, Jackson",10147901,Right,NIA_COM,"Canody, Andrew",1000415298,Right,GEO_PAT,Undefined,2,Bottom,2,2,2,Fastball,Changeup,BallCalled,Undefined,Undefined,Undefined,0,0,,86.46813,-3.037772,-5.986133,1838.011735,238.645556,2:00,5.66206,1.83605,6.23098,-28.09348,8.83308,12.72682,0.50023,-2.64648,80.11937,-8.232925,-3.703682,0.437362,,,,,,,,,,,,-8.07032,5.67945,-1.39345,50,5.4197,12.6167,-124.99942,-7.54466,-12.91449,22.50098,-23.08553,GEO_PAT,NIA_COM,SpuhlerFieldMain,TeamExclusive,Team,20251018-SpuhlerFieldMain-Private-2,4e7bd640-ac5d-11f0-ae3b-9b4a908d198a,86.18139,,,6.34876,,,,,,,072e60c5-9c43-4700-b7fc-b13f476f682d,2025-10-18,20:01:58.97,2025-10-18T16:01:58.9713408-04:00,2025-10-18T20:01:58.9713408Z,,v3,471300,,,"Harper, Dalton",1000115726,Right,NIA_COM,ed91a3ba-4bf3-46b7-bc40-36a2346965f0,54.27236,-125.76613,11.25049,5.66337,-6.75803,-11.54277,-1.83085,13.05675,-6.45725,,,,,,,,,,,,,,,,,,,,,,,,,,,,,,,,,,,,,,,,,,,,,,,,,,,High,High,High,,,,,
72,2025-10-18,16:02:23.41,4,7,"Sheehy, Jackson",10147901,Right,NIA_COM,"Canody, Andrew",1000415298,Right,GEO_PAT,Undefined,2,Bottom,2,3,2,Fastball,Sinker,FoulBallNotFieldable,Undefined,Undefined,Undefined,0,0,,87.11994,-1.587127,-3.112397,1856.339484,238.139749,2:00,5.49799,2.06777,6.28885,-27.21301,8.69,12.36036,1.76499,0.22656,80.74783,-6.651437,-0.879369,0.431258,,,,,,,,,,,,-7.27138,5.20807,-1.8444,50,5.36743,6.42628,-126.62178,-4.35273,-11.94095,23.06901,-23.62139,GEO_PAT,NIA_COM,SpuhlerFieldMain,TeamExclusive,Team,20251018-SpuhlerFieldMain-Private-2,5d08f710-ac5d-11f0-ae3b-9b4a908d198a,87.40119,,,6.37211,,,,,,,072e60c5-9c43-4700-b7fc-b13f476f682d,2025-10-18,20:02:23.41,2025-10-18T16:02:23.4161152-04:00,2025-10-18T20:02:23.4161152Z,,v3,471300,,,"Harper, Dalton",1000115726,Right,NIA_COM,aebd106d-9e81-4550-8c0c-3a92f60b2545,54.21625,-127.38761,11.53451,5.49891,-3.56856,-11.8107,-2.06432,6.82269,-5.97048,,,,,,,,,,,,,,,,,,,,,,,,,,,,,,,,,,,,,,,,,,,,,,,,,,,High,High,High,,,,,
73,2025-10-18,16:02:52.78,4,8,"Sheehy, Jackson",10147901,Right,NIA_COM,"Canody, Andrew",1000415298,Right,GEO_PAT,Undefined,2,Bottom,2,3,2,Fastball,Sinker,FoulBallNotFieldable,Undefined,Undefined,Undefined,0,0,,87.6483,-1.115161,-4.290281,1911.011176,238.009544,2:00,5.64636,1.89625,6.32346,-25.71387,10.04705,14.32977,2.47345,-0.86837,80.4865,-5.933957,-1.70599,0.430403,68.30915,57.177952,126.40423,4472.417494,,,,,31.62792,,,-8.61993,5.85992,-1.58884,50,5.55229,8.98554,-127.14697,-3.26298,-14.16999,25.05084,-22.54113,GEO_PAT,NIA_COM,SpuhlerFieldMain,TeamExclusive,Team,20251018-SpuhlerFieldMain-Private-2,6e8b6310-ac5d-11f0-ae3b-9b4a908d198a,87.57469,42.37928,,7.16179,,,,1.00537,2.44888,1.07447,072e60c5-9c43-4700-b7fc-b13f476f682d,2025-10-18,20:02:52.78,2025-10-18T16:02:52.7800320-04:00,2025-10-18T20:02:52.7800320Z,,v3,471300,,,"Harper, Dalton",1000115726,Right,NIA_COM,f947c964-8ad6-4d02-b25c-de52f674e4da,54.17981,-127.96784,12.52542,5.64711,-2.52435,-11.27056,-1.89088,9.44986,-7.08499,,1.00537,-32.22842,-5.14224,3.23046,-1.02558,0.25319,-0.00724,-0.05214,0.0266,2.44888,84.1926,-30.30289,4.38102,-0.85314,0.02596,0.23876,-0.26899,0.1099,1.07447,43.70681,-5.39986,0.571,0.01824,-0.09439,0.13433,-0.12699,0.04955,,,,,,,,,,,,,,,,,,,,,,,High,High,High,High,Undefined,,,
74,2025-10-18,16:03:19.05,4,9,"Sheehy, Jackson",10147901,Right,NIA_COM,"Canody, Andrew",1000415298,Right,GEO_PAT,Undefined,2,Bottom,2,3,2,Fastball,Changeup,FoulBallNotFieldable,Undefined,Undefined,Undefined,0,0,,86.80108,-0.393835,-1.377928,1810.933505,236.033111,1:45,5.56975,1.9002,6.20041,-27.27533,9.12386,11.95072,2.93313,1.62382,79.919,-5.48881,0.780194,0.434228,,,,,,,,,,,,-6.60949,5.1513,-1.80266,50,5.52622,2.58077,-126.25441,-1.71604,-10.72421,24.44684,-23.81586,GEO_PAT,NIA_COM,SpuhlerFieldMain,TeamExclusive,Team,20251018-SpuhlerFieldMain-Private-2,7e3601d0-ac5d-11f0-ae3b-9b4a908d198a,86.80343,,,6.88208,,,,,,,072e60c5-9c43-4700-b7fc-b13f476f682d,2025-10-18,20:03:19.05,2025-10-18T16:03:19.0537728-04:00,2025-10-18T20:03:19.0537728Z,,v3,471300,,,"Harper, Dalton",1000115726,Right,NIA_COM,0f464afd-7150-49fa-ba6b-7d0d54f5e081,54.30353,-127.08497,12.22342,5.57078,-0.90692,-11.90793,-1.89654,2.94512,-5.36211,,,,,,,,,,,,,,,,,,,,,,,,,,,,,,,,,,,,,,,,,,,,,,,,,,,High,High,High,,,,,
75,2025-10-18,16:03:45.08,4,10,"Sheehy, Jackson",10147901,Right,NIA_COM,"Canody, Andrew",1000415298,Right,GEO_PAT,Undefined,2,Bottom,2,3,2,Slider,Curveball,BallCalled,Walk,Undefined,Undefined,0,0,,73.8594,1.761985,-0.179393,2017.506047,56.624361,8:00,5.48394,2.02765,5.91767,-53.63129,-2.0974,-5.78614,2.65047,1.37898,67.41178,-8.127744,-1.219534,0.516676,,,,,,,,,,,,2.88969,-1.03063,-2.01009,50,5.5952,0.54243,-107.21907,1.691,3.33481,20.03237,-33.36345,GEO_PAT,NIA_COM,SpuhlerFieldMain,TeamExclusive,Team,20251018-SpuhlerFieldMain-Private-2,8dabade0-ac5d-11f0-ae3b-9b4a908d198a,72.95186,,,6.44761,,,,,,,072e60c5-9c43-4700-b7fc-b13f476f682d,2025-10-18,20:03:45.08,2025-10-18T16:03:45.0894336-04:00,2025-10-18T20:03:45.0894336Z,,v3,471300,,,"Harper, Dalton",1000115726,Right,NIA_COM,d3ae2dd7-257a-462e-93ef-be9f762a07b0,54.58378,-108.07209,10.01619,5.49294,3.11169,-16.68172,-2.03016,0.40043,1.6674,,,,,,,,,,,,,,,,,,,,,,,,,,,,,,,,,,,,,,,,,,,,,,,,,,,High,High,High,,,,,
76,2025-10-18,16:04:16.31,5,1,"Sheehy, Jackson",10147901,Right,NIA_COM,"Morse, Jackson",1000469270,Right,GEO_PAT,Undefined,2,Bottom,2,0,0,Fastball,Changeup,StrikeCalled,Undefined,Undefined,Undefined,0,0,,86.06613,-0.851142,-3.294868,1839.035724,219.230282,1:15,5.55345,1.91748,6.13339,-23.68903,14.0202,10.39831,2.79128,-0.26487,78.14042,-5.328297,-1.42397,0.441973,,,,,,,,,,,,-6.31776,7.87111,-1.67061,50,5.47605,6.76263,-124.78006,-2.55306,-9.88936,26.78878,-19.85317,GEO_PAT,NIA_COM,SpuhlerFieldMain,TeamExclusive,Team,20251018-SpuhlerFieldMain-Private-2,a03f14b0-ac5d-11f0-ae3b-9b4a908d198a,85.28229,,,7.92571,,,,,,,072e60c5-9c43-4700-b7fc-b13f476f682d,2025-10-18,20:04:16.31,2025-10-18T16:04:16.3162112-04:00,2025-10-18T20:04:16.3162112Z,,v3,471300,,,"Harper, Dalton",1000115726,Right,NIA_COM,87785d97-fc62-4e18-a9ea-64e3dbc2b95a,54.36607,-125.7139,13.39439,5.55299,-1.86099,-9.92658,-1.91236,7.10737,-4.94468,,,,,,,,,,,,,,,,,,,,,,,,,,,,,,,,,,,,,,,,,,,,,,,,,,,High,High,High,,,,,
77,2025-10-18,16:04:33.55,5,2,"Sheehy, Jackson",10147901,Right,NIA_COM,"Morse, Jackson",1000469270,Right,GEO_PAT,Undefined,2,Bottom,2,0,1,Fastball,Sinker,InPlay,Undefined,LineDrive,Single,0,0,,86.836,-1.112845,-2.832654,1889.896205,218.811595,1:15,5.56822,2.05257,6.22375,-24.03344,12.93843,9.37682,2.53717,0.21802,78.73141,-5.657496,-1.141251,0.43763,72.4698,21.741129,-18.592029,1510.527321,104.25251,28.91321,-35.09065,209.05383,209.05383,-19.402048,2.870335,-5.77457,7.42776,-1.84521,50,5.47291,5.86951,-125.97179,-3.15798,-9.17903,28.16603,-20.36716,GEO_PAT,NIA_COM,SpuhlerFieldMain,TeamExclusive,Team,20251018-SpuhlerFieldMain-Private-2,aa9c9590-ac5d-11f0-ae3b-9b4a908d198a,86.12854,28.98372,,8.10458,,,,2.57058,2.67265,-0.24011,072e60c5-9c43-4700-b7fc-b13f476f682d,2025-10-18,20:04:33.55,2025-10-18T16:04:33.5568384-04:00,2025-10-18T20:04:33.5568384Z,LineDrive,v3,471300,,,"Harper, Dalton",1000115726,Right,NIA_COM,64759e89-967b-4667-a3e3-96d7da7f6cf2,54.27798,-126.9247,14.08302,5.56809,-2.46892,-10.18358,-2.04904,6.18006,-4.58951,178.386996,2.5707,93.57014,-14.86078,3.10855,-0.44855,-0.01086,0.03018,-0.00818,0.00082,2.6724,39.38241,-15.53056,0.82925,-0.34752,0.20281,-0.07677,0.01651,-0.00149,-0.24023,-31.47176,4.77686,-1.22047,0.18121,0.01024,-0.01222,0.00255,-0.0002,,,,,,,,,,,,,,,,,,,,,,,High,High,High,High,High,,,
78,2025-10-18,16:05:17.36,6,1,"Sheehy, Jackson",10147901,Right,NIA_COM,"Clyne , Owen",1000230336,Left,GEO_PAT,Undefined,2,Bottom,2,0,0,Fastball,Changeup,InPlay,Undefined,GroundBall,Single,1,1,,86.11467,-0.782971,-3.592171,1782.12562,231.92257,1:45,5.66026,1.94691,6.25146,-26.31974,10.85001,12.36993,2.74338,-0.33952,78.92628,-5.718815,-1.361967,0.4388,103.44627,6.016864,9.174089,5470.517402,,,,107.17155,107.17155,7.646781,0.799156,-7.47036,6.18941,-1.68579,50,5.58887,7.38211,-125.00442,-2.50182,-11.83567,24.89305,-22.36786,GEO_PAT,NIA_COM,SpuhlerFieldMain,TeamExclusive,Team,20251018-SpuhlerFieldMain-Private-2,c4b1ad80-ac5d-11f0-ae3b-9b4a908d198a,85.89896,5.15196,,7.18839,,,,1.96337,2.76837,0.26413,072e60c5-9c43-4700-b7fc-b13f476f682d,2025-10-18,20:05:17.36,2025-10-18T16:05:17.3676544-04:00,2025-10-18T20:05:17.3676544Z,LineDrive,v3,471300,,,"Harper, Dalton",1000115726,Right,NIA_COM,0edc72a2-251c-47a7-b472-bb215f78f416,54.2522,-125.84834,12.44652,5.66083,-1.7435,-11.18393,-1.94286,7.78336,-5.91783,32.313784,2.05522,147.37993,-21.44995,,,,,,,2.86535,14.22892,-22.42656,,,,,,,0.31324,23.20658,-7.2676,,,,,,,,,,,,,,,,,,,,,,,,,,,,,High,High,High,High,High,,,
79,2025-10-18,16:08:06.40,1,1,"Kaler, Tanner",822634,Left,GEO_PAT,"Gravelle, Cameron",10005014,Left,NIA_COM,Undefined,3,Top,0,0,0,ChangeUp,Changeup,InPlay,Undefined,GroundBall,Out,1,0,,76.36432,-0.125408,2.666379,1562.21421,80.074345,8:45,5.89718,-1.32151,5.69168,-47.98881,-0.34291,-9.2989,1.78111,0.39052,71.2837,-8.861977,1.002366,0.496803,91.45469,-9.564873,-2.838166,,,,,11.1357,9.79072,-4.051087,0.074517,5.40362,0.20528,1.1032,50,5.85601,-4.83791,-111.01918,-1.75646,6.83806,17.28012,-31.91427,GEO_PAT,NIA_COM,SpuhlerFieldMain,TeamExclusive,Team,20251018-SpuhlerFieldMain-Private-2,29843980-ac5e-11f0-ae3b-9b4a908d198a,75.87003,1.66286,,5.08063,,,,1.25174,1.66286,-0.29806,072e60c5-9c43-4700-b7fc-b13f476f682d,2025-10-18,20:08:06.40,2025-10-18T16:08:06.4053248-04:00,2025-10-18T20:08:06.4053248Z,GroundBall,v3,471300,,,"Cowdrey, Vincent",1000469295,Right,GEO_PAT,ccab0425-e3a9-4e04-ae6b-bf8cef2f945e,54.81386,-111.76594,8.64006,5.90212,-0.37728,-15.95714,1.31866,-5.13342,3.41903,180,1.24982,132.26707,,,,,,,,1.66319,-22.31527,,,,,,,,-0.29797,-6.55726,,,,,,,,,,,,,,,,,,,,,,,,,,,,,,High,High,High,High,High,,,
80,2025-10-18,16:08:40.95,2,1,"Kaler, Tanner",822634,Left,GEO_PAT,"Rossano, Cooper",10108170,Right,NIA_COM,Undefined,3,Top,1,0,0,Sinker,Changeup,FoulBallNotFieldable,Undefined,Undefined,Undefined,0,0,,82.42294,-1.027753,2.417323,1850.281374,143.153792,10:45,5.76766,-1.43297,5.56394,-30.30494,11.18536,-7.43638,2.28111,0.20708,75.86611,-6.617402,1.091369,0.463601,63.01886,49.27561,128.195933,4574.589977,,,,,43.03143,,,4.41992,6.31209,1.22928,50,5.65891,-4.7537,-119.64119,-3.14282,6.43656,22.06669,-22.98197,GEO_PAT,NIA_COM,SpuhlerFieldMain,TeamExclusive,Team,20251018-SpuhlerFieldMain-Private-2,3e140c90-ac5e-11f0-ae3b-9b4a908d198a,81.30357,40.7283,,6.55683,,,,0.54939,2.20282,-0.22286,072e60c5-9c43-4700-b7fc-b13f476f682d,2025-10-18,20:08:40.95,2025-10-18T16:08:40.9551872-04:00,2025-10-18T20:08:40.9551872Z,,v3,471300,,,"Cowdrey, Vincent",1000469295,Right,GEO_PAT,f2f1d4db-dcae-4893-aa3b-b1c541e49e3b,54.93842,-120.54859,11.03335,5.76872,-2.19778,-11.49098,1.4302,-5.01838,3.21828,330.643823,0.54938,-37.28715,-3.38642,1.76558,-1.04629,1.17682,-0.46945,-0.50207,0.39623,2.20282,70.04702,-26.17196,2.98476,-0.81381,0.39701,0.08324,-0.45761,0.24835,-0.22286,47.39115,-4.94621,0.74661,-0.12653,-0.00083,0.12262,-0.16719,0.07094,,,,,,,,,,,,,,,,,,,,,,,High,High,High,High,Undefined,,,
81,2025-10-18,16:08:59.81,2,2,"Kaler, Tanner",822634,Left,GEO_PAT,"Rossano, Cooper",10108170,Right,NIA_COM,Undefined,3,Top,1,0,1,Fastball,Changeup,BallCalled,Undefined,Undefined,Undefined,0,0,,83.54446,-0.936945,0.730691,1904.605023,146.084206,10:45,5.71353,-1.56726,5.37625,-28.2825,12.36324,-7.47744,2.47809,-1.5053,76.79895,-6.151874,-0.599329,0.458858,,,,,,,,,,,,3.94229,6.84339,1.50722,50,5.60973,-1.23144,-121.30486,-2.94396,5.89964,22.76426,-21.93287,GEO_PAT,NIA_COM,SpuhlerFieldMain,TeamExclusive,Team,20251018-SpuhlerFieldMain-Private-2,493aa9d0-ac5e-11f0-ae3b-9b4a908d198a,82.14393,,,6.74551,,,,,,,072e60c5-9c43-4700-b7fc-b13f476f682d,2025-10-18,20:08:59.81,2025-10-18T16:08:59.8161408-04:00,2025-10-18T20:08:59.8161408Z,,v3,471300,,,"Cowdrey, Vincent",1000469295,Right,GEO_PAT,6cd4f8f3-4c4a-487c-a1fb-879eaf4347c1,55.12467,-122.26278,11.38213,5.71419,-2.02103,-10.96643,1.56426,-1.4797,2.94982,,,,,,,,,,,,,,,,,,,,,,,,,,,,,,,,,,,,,,,,,,,,,,,,,,,High,High,High,,,,,
82,2025-10-18,16:09:17.13,2,3,"Kaler, Tanner",822634,Left,GEO_PAT,"Rossano, Cooper",10108170,Right,NIA_COM,Undefined,3,Top,1,1,1,ChangeUp,Changeup,FoulBallNotFieldable,Undefined,Undefined,Undefined,0,0,,76.21618,0.214424,3.203322,1474.442823,93.223719,9:00,5.86328,-1.54452,5.42707,-46.7268,2.16201,-11.75674,2.17054,0.47927,70.24911,-8.300881,1.112557,0.503241,102.55885,25.454789,-45.446484,2940.79268,72.99657,43.57498,-82.28829,321.18778,194.96009,-58.607131,3.702425,6.83737,1.42099,1.26872,50,5.84949,-5.75093,-110.57619,-1.0985,8.48742,19.23909,-30.41016,GEO_PAT,NIA_COM,SpuhlerFieldMain,TeamExclusive,Team,20251018-SpuhlerFieldMain-Private-2,53abd9c0-ac5e-11f0-ae3b-9b4a908d198a,74.89936,53.70793,,5.96706,,,,2.44304,2.36815,-0.3388,072e60c5-9c43-4700-b7fc-b13f476f682d,2025-10-18,20:09:17.13,2025-10-18T16:09:17.1339776-04:00,2025-10-18T20:09:17.1339776Z,FlyBall,v3,471300,,,"Cowdrey, Vincent",1000469295,Right,GEO_PAT,53800dcb-f983-46e4-b26a-0d5518745f6a,55.07711,-111.45606,9.61954,5.86793,0.29225,-15.20508,1.5406,-6.13908,4.24371,,2.4432,95.28068,-25.34962,6.02805,-1.43443,0.30041,-0.04852,0.00495,-0.00023,2.36818,64.64878,-24.52722,3.58735,-0.89482,0.20122,-0.03532,0.00416,-0.00023,-0.33887,-96.78023,11.12969,-2.57094,0.60558,-0.12459,0.0197,-0.00193,8E-05,,,,,,,,,,,,,,,,,,,,,,,High,High,High,High,Medium,,,
83,2025-10-18,16:09:40.75,2,4,"Kaler, Tanner",822634,Left,GEO_PAT,"Rossano, Cooper",10108170,Right,NIA_COM,Undefined,3,Top,1,1,2,Slider,Curveball,StrikeSwinging,Strikeout,Undefined,Undefined,0,0,,74.70184,-0.378647,0.428265,2203.957233,291.231216,3:45,5.89842,-1.62643,5.02419,-55.46664,-3.55425,13.43761,0.91886,-0.10248,68.84544,-10.362118,2.808994,0.51857,,,,,,,,,,,,-6.62103,-1.2761,1.57386,50,5.81701,-1.32159,-108.41856,-2.5971,-7.83469,19.99144,-33.68407,GEO_PAT,NIA_COM,SpuhlerFieldMain,TeamExclusive,Team,20251018-SpuhlerFieldMain-Private-2,61c15990-ac5e-11f0-ae3b-9b4a908d198a,72.68541,,,5.85639,,,,,,,072e60c5-9c43-4700-b7fc-b13f476f682d,2025-10-18,20:09:40.75,2025-10-18T16:09:40.7527424-04:00,2025-10-18T20:09:40.7527424Z,,v3,471300,,,"Cowdrey, Vincent",1000469295,Right,GEO_PAT,ebb678c9-9cc8-4961-bcd7-7190287f625d,55.48065,-109.42448,9.99572,5.90505,-0.90221,-16.84204,1.63044,-0.92737,-3.91734,,,,,,,,,,,,,,,,,,,,,,,,,,,,,,,,,,,,,,,,,,,,,,,,,,,High,High,High,,,,,
84,2025-10-18,16:10:12.05,3,1,"Kaler, Tanner",822634,Left,GEO_PAT,"Schaefer, Mikey",10126964,Left,NIA_COM,Undefined,3,Top,2,0,0,Slider,Curveball,BallCalled,Undefined,Undefined,Undefined,0,0,,74.09925,-0.362719,-0.713618,2176.719602,260.771211,2:45,5.83365,-1.56606,4.91289,-49.32487,2.45969,6.99359,1.38021,-1.65811,69.58204,-9.205399,0.521674,0.517931,,,,,,,,,,,,-3.65933,1.63921,1.62952,50,5.75626,1.07908,-107.76665,-2.35528,-4.38687,15.32251,-30.20893,GEO_PAT,NIA_COM,SpuhlerFieldMain,TeamExclusive,Team,20251018-SpuhlerFieldMain-Private-2,7466c1c0-ac5e-11f0-ae3b-9b4a908d198a,72.77507,,,4.51721,,,,,,,072e60c5-9c43-4700-b7fc-b13f476f682d,2025-10-18,20:10:12.05,2025-10-18T16:10:12.0504320-04:00,2025-10-18T20:10:12.0504320Z,,v3,471300,,,"Cowdrey, Vincent",1000469295,Right,GEO_PAT,6e61c989-0d4f-410e-a355-1a274de22834,55.59272,-108.55893,7.66126,5.83766,-0.79328,-15.10447,1.56786,1.30591,-2.19344,,,,,,,,,,,,,,,,,,,,,,,,,,,,,,,,,,,,,,,,,,,,,,,,,,,High,High,High,,,,,
85,2025-10-18,16:10:31.94,3,2,"Kaler, Tanner",822634,Left,GEO_PAT,"Schaefer, Mikey",10126964,Left,NIA_COM,Undefined,3,Top,2,1,0,ChangeUp,Changeup,InPlay,Undefined,LineDrive,Out,1,0,,78.13243,0.599293,2.629288,1637.858134,99.605474,9:15,5.90497,-1.20622,5.76471,-42.26089,3.80492,-13.82583,2.94163,0.09057,71.58556,-7.187207,0.154453,0.488496,95.63038,14.251612,23.948672,1458.912132,98.04376,19.4626,49.8732,226.69826,224.54938,31.12843,2.143891,7.84729,2.15894,0.9971,50,5.92875,-4.69908,-113.41646,-0.13522,10.20203,21.11066,-29.3673,GEO_PAT,NIA_COM,SpuhlerFieldMain,TeamExclusive,Team,20251018-SpuhlerFieldMain-Private-2,8043ddc0-ac5e-11f0-ae3b-9b4a908d198a,77.16024,19.602,,6.54687,,,,2.57499,3.08073,-0.11399,072e60c5-9c43-4700-b7fc-b13f476f682d,2025-10-18,20:10:31.94,2025-10-18T16:10:31.9413248-04:00,2025-10-18T20:10:31.9413248Z,LineDrive,v3,471300,,,"Cowdrey, Vincent",1000469295,Right,GEO_PAT,9ec8e2be-bdaf-44d6-b933-ff084383dba5,54.73894,-114.29514,10.55533,5.90894,1.08712,-14.68365,1.20152,-5.12372,5.10102,255.637796,2.57502,124.23513,-23.34219,4.72167,-0.77536,-0.00103,0.04561,-0.01293,0.00131,3.08072,34.52964,-19.45758,1.76019,-0.41254,0.14851,-0.0499,0.01099,-0.00106,-0.11402,55.18439,1.83908,-1.52115,0.18943,0.1601,-0.10335,0.02645,-0.00266,,,,,,,,,,,,,,,,,,,,,,,High,High,High,High,High,,,
86,2025-10-18,16:13:13.84,1,1,"Sheehy, Jackson",10147901,Right,NIA_COM,"Bagnerise , Julius",1000469309,Right,GEO_PAT,Undefined,3,Bottom,0,0,0,Fastball,Changeup,BallCalled,Undefined,Undefined,Undefined,0,0,,83.92811,-2.811884,2.906609,1848.783175,154.931321,11:15,6.00661,-1.0333,6.89188,-22.72753,15.10375,-6.56489,1.54543,1.07007,77.91836,-7.111944,1.707227,0.442687,,,,,,,,,,,,4.22256,9.07953,0.85173,50,5.82022,-5.97642,-121.9754,-6.55862,6.43802,21.28798,-18.33071,GEO_PAT,NIA_COM,SpuhlerFieldMain,TeamExclusive,Team,20251018-SpuhlerFieldMain-Private-2,e0bea860-ac5e-11f0-ae3b-9b4a908d198a,85.14466,,,6.00975,,,,,,,072e60c5-9c43-4700-b7fc-b13f476f682d,2025-10-18,20:13:13.84,2025-10-18T16:13:13.8402816-04:00,2025-10-18T20:13:13.8402816Z,,v3,471300,,,"Harper, Dalton",1000115726,Right,NIA_COM,d0e00092-5b37-42fc-8074-0cffd5eb9388,53.61173,-122.60412,10.64399,6.00593,-6.01724,-9.16535,1.03104,-6.16657,3.21901,,,,,,,,,,,,,,,,,,,,,,,,,,,,,,,,,,,,,,,,,,,,,,,,,,,High,High,High,,,,,
87,2025-10-18,16:13:29.91,1,2,"Sheehy, Jackson",10147901,Right,NIA_COM,"Bagnerise , Julius",1000469309,Right,GEO_PAT,Undefined,3,Bottom,0,1,0,Fastball,Changeup,StrikeCalled,Undefined,Undefined,Undefined,0,0,,82.86349,-1.426345,2.762056,1854.452497,138.863034,10:45,5.90493,-0.9635,6.78044,-26.73198,11.88902,-9.52012,2.37319,0.76695,77.41189,-6.445744,1.025801,0.447284,,,,,,,,,,,,5.67465,6.94989,0.78686,50,5.80152,-5.50227,-120.60908,-3.70687,8.52655,19.04125,-21.73138,GEO_PAT,NIA_COM,SpuhlerFieldMain,TeamExclusive,Team,20251018-SpuhlerFieldMain-Private-2,ea5815f0-ac5e-11f0-ae3b-9b4a908d198a,84.26965,,,5.4516,,,,,,,072e60c5-9c43-4700-b7fc-b13f476f682d,2025-10-18,20:13:29.91,2025-10-18T16:13:29.9102720-04:00,2025-10-18T20:13:29.9102720Z,,v3,471300,,,"Harper, Dalton",1000115726,Right,NIA_COM,07cb451c-335a-41af-acb9-a8d9b0f4e420,53.72377,-121.19555,9.52062,5.90538,-3.03755,-10.86569,0.96038,-5.76489,4.26327,,,,,,,,,,,,,,,,,,,,,,,,,,,,,,,,,,,,,,,,,,,,,,,,,,,High,High,High,,,,,
88,2025-10-18,16:14:33.55,1,3,"Sheehy, Jackson",10147901,Right,NIA_COM,"Bagnerise , Julius",1000469309,Right,GEO_PAT,Undefined,3,Bottom,0,1,1,Fastball,Changeup,InPlay,Undefined,GroundBall,Out,1,0,,83.83523,-1.499646,2.49886,1869.787006,130.30223,10:15,5.97074,-0.88373,6.70083,-25.02584,13.27241,-14.31225,2.51234,0.21003,77.33537,-6.231575,-0.108576,0.445411,97.09322,-21.825694,-38.095468,,,,,6.11587,6.11587,-39.050382,0.044629,8.21233,7.75646,0.7226,50,5.86081,-4.82039,-121.90721,-3.85118,12.44097,22.46722,-20.42367,GEO_PAT,NIA_COM,SpuhlerFieldMain,TeamExclusive,Team,20251018-SpuhlerFieldMain-Private-2,103d9fb0-ac5f-11f0-ae3b-9b4a908d198a,84.62395,2.36686,,6.49987,,,,0.09856,2.36686,-0.20678,072e60c5-9c43-4700-b7fc-b13f476f682d,2025-10-18,20:14:33.55,2025-10-18T16:14:33.5531520-04:00,2025-10-18T20:14:33.5531520Z,GroundBall,v3,471300,,,"Harper, Dalton",1000115726,Right,NIA_COM,d6925c81-8ad4-49df-8282-0040ed2ca93e,53.80226,-122.60595,11.23361,5.9707,-3.21599,-10.21183,0.87853,-5.20731,6.22049,,0.09727,104.21404,,,,,,,,2.36751,-53.03395,,,,,,,,-0.20577,-81.70093,,,,,,,,,,,,,,,,,,,,,,,,,,,,,,High,High,High,Estimated,Estimated,,,
89,2025-10-18,16:15:06.08,2,1,"Sheehy, Jackson",10147901,Right,NIA_COM,"Cowdrey, Vincent",1000469295,Right,GEO_PAT,Undefined,3,Bottom,1,0,0,Slider,Slider,BallCalled,Undefined,Undefined,Undefined,0,0,,79.17073,-1.928581,3.696546,2062.439674,175.609051,11:45,5.94084,-1.51497,6.36153,-32.24203,10.87717,-0.75035,1.47469,1.8293,74.20048,-7.890139,3.561031,0.472614,,,,,,,,,,,,1.21228,6.47,1.24731,50,5.78551,-7.40611,-115.02512,-4.77858,1.65678,17.32028,-23.33182,GEO_PAT,NIA_COM,SpuhlerFieldMain,TeamExclusive,Team,20251018-SpuhlerFieldMain-Private-2,23936c20-ac5f-11f0-ae3b-9b4a908d198a,79.75311,,,4.97025,,,,,,,072e60c5-9c43-4700-b7fc-b13f476f682d,2025-10-18,20:15:06.08,2025-10-18T16:15:06.0815872-04:00,2025-10-18T20:15:06.0815872Z,,v3,471300,,,"Harper, Dalton",1000115726,Right,NIA_COM,24b555e8-447b-4bef-b5f4-4ba933284811,54.14226,-115.64717,8.66014,5.94208,-3.94063,-11.66591,1.51437,-7.46561,0.82839,,,,,,,,,,,,,,,,,,,,,,,,,,,,,,,,,,,,,,,,,,,,,,,,,,,High,High,High,,,,,
90,2025-10-18,16:15:21.75,2,2,"Sheehy, Jackson",10147901,Right,NIA_COM,"Cowdrey, Vincent",1000469295,Right,GEO_PAT,Undefined,3,Bottom,1,1,0,Fastball,Changeup,StrikeCalled,Undefined,Undefined,Undefined,0,0,,82.22823,-1.051466,1.604669,1886.438392,123.490593,10:00,5.73146,-1.43738,6.90612,-28.16509,11.52772,-15.54863,2.42618,-1.27113,75.46645,-6.395315,-1.241605,0.453448,,,,,,,,,,,,8.69957,6.81693,1.3409,50,5.65526,-2.82564,-119.62403,-2.90435,12.60005,23.17598,-22.30075,GEO_PAT,NIA_COM,SpuhlerFieldMain,TeamExclusive,Team,20251018-SpuhlerFieldMain-Private-2,2cfd3e30-ac5f-11f0-ae3b-9b4a908d198a,83.12407,,,6.76177,,,,,,,072e60c5-9c43-4700-b7fc-b13f476f682d,2025-10-18,20:15:21.75,2025-10-18T16:15:21.7568768-04:00,2025-10-18T20:15:21.7568768Z,,v3,471300,,,"Harper, Dalton",1000115726,Right,NIA_COM,1a0b938b-abff-4727-8d53-e666c3555860,53.596,-120.3187,11.58799,5.7323,-2.23591,-11.15037,1.43125,-3.20331,6.30003,,,,,,,,,,,,,,,,,,,,,,,,,,,,,,,,,,,,,,,,,,,,,,,,,,,High,High,High,,,,,
91,2025-10-18,16:15:41.00,2,3,"Sheehy, Jackson",10147901,Right,NIA_COM,"Cowdrey, Vincent",1000469295,Right,GEO_PAT,Undefined,3,Bottom,1,1,1,Fastball,Changeup,StrikeCalled,Undefined,Undefined,Undefined,0,0,,83.36538,-2.064295,3.189545,1894.771287,130.840054,10:15,5.80152,-1.32628,6.83225,-25.74131,12.80591,-13.50505,1.76978,0.46057,77.06569,-6.927882,0.72464,0.446856,,,,,,,,,,,,8.05032,7.68473,1.12604,50,5.659,-6.30675,-121.16918,-5.03122,12.06013,21.97755,-20.66163,GEO_PAT,NIA_COM,SpuhlerFieldMain,TeamExclusive,Team,20251018-SpuhlerFieldMain-Private-2,386f8a70-ac5f-11f0-ae3b-9b4a908d198a,84.35023,,,6.29969,,,,,,,072e60c5-9c43-4700-b7fc-b13f476f682d,2025-10-18,20:15:41.00,2025-10-18T16:15:41.0051584-04:00,2025-10-18T20:15:41.0051584Z,,v3,471300,,,"Harper, Dalton",1000115726,Right,NIA_COM,10121d4b-3f97-42ca-bb66-40e0f4003e18,53.67206,-121.83339,10.98877,5.80162,-4.40678,-10.33081,1.32216,-6.67124,6.03007,,,,,,,,,,,,,,,,,,,,,,,,,,,,,,,,,,,,,,,,,,,,,,,,,,,High,High,High,,,,,
92,2025-10-18,16:16:00.65,2,4,"Sheehy, Jackson",10147901,Right,NIA_COM,"Cowdrey, Vincent",1000469295,Right,GEO_PAT,Undefined,3,Bottom,1,1,2,Curveball,Curveball,InPlay,Undefined,GroundBall,Error,0,0,,71.91997,1.047563,0.131961,3032.020803,290.495863,3:45,5.58441,-1.80056,6.99511,-56.57562,-4.21563,16.06895,1.82241,-0.34149,65.67765,-9.570365,3.083333,0.5208,96.14391,8.692023,-14.530079,1413.249474,,,,120.31453,118.86212,-15.955625,0.956153,-8.5541,-2.08043,1.788,50,5.63076,-0.70777,-104.63461,0.56072,-9.32727,20.3672,-34.44252,GEO_PAT,NIA_COM,SpuhlerFieldMain,TeamExclusive,Team,20251018-SpuhlerFieldMain-Private-2,44394580-ac5f-11f0-ae3b-9b4a908d198a,72.37406,6.31251,,6.24232,,,,1.69701,1.9424,0.33416,072e60c5-9c43-4700-b7fc-b13f476f682d,2025-10-18,20:16:00.65,2025-10-18T16:16:00.6543872-04:00,2025-10-18T20:16:00.6543872Z,LineDrive,v3,471300,,,"Harper, Dalton",1000115726,Right,NIA_COM,93e0aaf0-8183-41a4-8abc-eea7af9b6366,53.5089,-105.3154,10.1836,5.59278,1.71199,-17.22126,1.80644,-0.396,-4.66364,30.689008,1.69701,134.93293,-18.50057,2.63893,-0.55306,-0.05507,0.17912,-0.09507,0.01677,1.94241,21.30835,-27.34664,3.29201,1.16032,-4.56233,6.11053,-3.95378,1.00578,0.33417,-34.97219,-0.16301,0.10181,0.61649,-1.58064,2.06413,-1.33703,0.34145,,,,,,,,,,,,,,,,,,,,,,,High,High,High,High,High,,,
93,2025-10-18,16:16:39.25,3,1,"Sheehy, Jackson",10147901,Right,NIA_COM,"Alberti, Lucas",1000145512,Right,GEO_PAT,Undefined,3,Bottom,1,0,0,Fastball,Changeup,InPlay,Undefined,FlyBall,Out,1,0,,81.56116,-1.673031,2.933774,1959.512043,141.835454,10:45,5.91239,-1.46894,6.9683,-26.23088,13.80261,-9.92721,2.20201,0.37512,75.39641,-6.648028,1.117203,0.455389,88.38542,50.456684,25.304449,,88.73348,110.62806,65.01034,237.87609,117.21115,44.766297,5.523117,6.08489,8.16863,1.29049,50,5.79954,-5.76299,-118.60563,-4.09935,8.73325,21.07777,-20.45017,GEO_PAT,NIA_COM,SpuhlerFieldMain,TeamExclusive,Team,20251018-SpuhlerFieldMain-Private-2,5b2cd220-ac5f-11f0-ae3b-9b4a908d198a,82.76968,117.72304,,6.16475,,,,1.69485,1.28187,-1.19241,072e60c5-9c43-4700-b7fc-b13f476f682d,2025-10-18,20:16:39.25,2025-10-18T16:16:39.2522752-04:00,2025-10-18T20:16:39.2522752Z,FlyBall,v3,471300,,,"Harper, Dalton",1000115726,Right,NIA_COM,7217bfb5-c8f6-46e0-94a8-2d07579a8ab5,53.53528,-119.23224,10.53888,5.91238,-3.4914,-10.22509,1.46568,-6.02262,4.36662,210.490298,1.71922,74.0851,-22.31715,3.67413,1.30548,-1.01535,0.27027,-0.03324,0.00157,1.25939,100.3431,-27.39614,4.11751,-1.22502,0.27714,-0.02902,0.00019,0.00011,-1.2094,35.59845,0.62325,-0.05235,-0.71676,0.40466,-0.09843,0.01139,-0.00051,,,,,,,,,,,,,,,,,,,,,,,High,High,High,Medium,Low,,,
94,2025-10-18,16:17:23.90,4,1,"Sheehy, Jackson",10147901,Right,NIA_COM,"Butler, Jake",1000136500,Right,GEO_PAT,Undefined,3,Bottom,2,0,0,Fastball,Changeup,BallCalled,Undefined,Undefined,Undefined,0,0,,83.41745,-3.147134,3.330966,1948.354557,128.642886,10:15,5.86719,-1.76149,6.67361,-27.9484,10.81241,-12.11532,0.65109,0.27981,77.40272,-8.371828,1.125526,0.448093,,,,,,,,,,,,7.33284,6.84237,1.54311,50,5.64441,-6.64885,-121.12345,-7.42558,10.99099,21.67535,-21.91819,GEO_PAT,NIA_COM,SpuhlerFieldMain,TeamExclusive,Team,20251018-SpuhlerFieldMain-Private-2,75caa210-ac5f-11f0-ae3b-9b4a908d198a,84.1175,,,6.01472,,,,,,,072e60c5-9c43-4700-b7fc-b13f476f682d,2025-10-18,20:17:23.90,2025-10-18T16:17:23.9051264-04:00,2025-10-18T20:17:23.9051264Z,,v3,471300,,,"Harper, Dalton",1000115726,Right,NIA_COM,043bfc0a-f6c0-4a73-8193-32e87d97c831,53.83154,-121.80719,10.83768,5.86774,-6.73418,-10.95909,1.75831,-6.99555,5.49549,,,,,,,,,,,,,,,,,,,,,,,,,,,,,,,,,,,,,,,,,,,,,,,,,,,High,High,High,,,,,
95,2025-10-18,16:18:08.33,4,2,"Sheehy, Jackson",10147901,Right,NIA_COM,"Butler, Jake",1000136500,Right,GEO_PAT,Undefined,3,Bottom,2,1,0,Fastball,Changeup,InPlay,Undefined,LineDrive,Out,1,0,,82.57836,-1.578248,2.054042,1899.698116,127.819834,10:15,5.81118,-1.14209,6.82847,-28.10498,11.09871,-12.83481,2.02815,-0.33718,76.40354,-6.87639,-0.291661,0.450645,101.62316,6.865822,-12.263902,7504.972752,107.2972,5.25591,-24.23384,151.2985,145.4995,-12.957693,1.205327,7.3852,6.65087,1.01444,50,5.69909,-3.88701,-120.16059,-4.03904,10.88038,21.61141,-22.37553,GEO_PAT,NIA_COM,SpuhlerFieldMain,TeamExclusive,Team,20251018-SpuhlerFieldMain-Private-2,904818c0-ac5f-11f0-ae3b-9b4a908d198a,83.64102,6.61149,,6.17482,,,,1.38653,2.05636,0.34134,072e60c5-9c43-4700-b7fc-b13f476f682d,2025-10-18,20:18:08.33,2025-10-18T16:18:08.3345920-04:00,2025-10-18T20:18:08.3345920Z,GroundBall,v3,471300,,,"Harper, Dalton",1000115726,Right,NIA_COM,0dee416f-abd2-41ff-88a0-4e60d0d84d66,53.67555,-120.81985,10.80571,5.8119,-3.35648,-11.18776,1.13808,-4.21892,5.44019,95.595558,1.38652,144.60176,-23.03278,3.66352,-0.49828,-0.26495,0.31539,-0.15053,0.02892,2.05636,17.81799,-18.55513,2.41072,-0.42205,-0.03644,0.11759,-0.06185,0.01219,0.34133,-31.43216,1.17844,1.476,-0.24833,-0.29882,0.36064,-0.17639,0.03422,,,,,,,,,,,,,,,,,,,,,,,High,High,High,High,High,,,
96,2025-10-18,16:20:49.61,1,1,"Willis, Tyson",1000469267,Right,GEO_PAT,"Harper, Dalton",1000115726,Right,NIA_COM,Undefined,4,Top,0,0,0,Slider,Slider,FoulBallNotFieldable,Undefined,Undefined,Undefined,0,0,,78.16284,0.319187,-0.786734,2203.203388,88.9908,9:00,5.74249,1.65749,5.83692,-44.47798,1.24595,-8.44311,2.33271,0.22259,71.98972,-7.854143,-2.30217,0.48668,83.26653,37.937302,-41.643112,4072.57123,75.83103,73.82524,-79.68429,280.83612,141.81785,-53.239681,4.951161,4.12666,0.92898,-1.58819,50,5.74207,1.86784,-113.60681,-0.76038,5.39416,20.77714,-30.95972,GEO_PAT,NIA_COM,SpuhlerFieldMain,TeamExclusive,Team,20251018-SpuhlerFieldMain-Private-2,f06951b0-ac5f-11f0-ae3b-9b4a908d198a,77.44814,85.63846,,6.17312,,,,2.11349,2.44254,-0.36384,072e60c5-9c43-4700-b7fc-b13f476f682d,2025-10-18,20:20:49.61,2025-10-18T16:20:49.6131584-04:00,2025-10-18T20:20:49.6131584Z,FlyBall,v3,471300,,,"Cowdrey, Vincent",1000469295,Right,GEO_PAT,c1546860-de06-4d77-a063-26ac7d08a0db,54.66675,-114.45712,10.38857,5.74726,0.50665,-15.47986,-1.66011,1.64709,2.69708,150.159561,2.11829,71.87778,-19.78973,4.8709,-0.64365,-0.04847,0.03414,-0.00478,0.00022,2.44082,75.10554,-18.75292,0.79654,0.12084,-0.11737,0.04067,-0.00645,0.00038,-0.36555,-63.96479,7.21697,-0.94005,-0.09325,0.09577,-0.02487,0.00296,-0.00014,,,,,,,,,,,,,,,,,,,,,,,High,High,High,High,Low,,,
97,2025-10-18,16:21:23.36,1,2,"Willis, Tyson",1000469267,Right,GEO_PAT,"Harper, Dalton",1000115726,Right,NIA_COM,Undefined,4,Top,0,0,1,Sinker,Sinker,FoulBallNotFieldable,Undefined,Undefined,Undefined,0,0,,86.00082,-0.089249,-2.172225,2135.651095,257.498275,2:30,6.00539,1.35463,6.10571,-32.4973,5.24075,17.90158,3.21469,0.83658,78.18876,-6.148094,1.054538,0.442141,59.45116,-1.698074,65.679923,3880.424409,,,,29.74234,29.58623,66.865367,0.371302,-9.8619,3.12142,-1.19664,50,5.98166,4.01598,-124.85921,-1.24781,-15.43676,27.12349,-27.28809,GEO_PAT,NIA_COM,SpuhlerFieldMain,TeamExclusive,Team,20251018-SpuhlerFieldMain-Private-2,04852d40-ac60-11f0-ae3b-9b4a908d198a,85.24973,2.97305,,7.81206,,,,-0.23816,2.97305,-0.94243,072e60c5-9c43-4700-b7fc-b13f476f682d,2025-10-18,20:21:23.36,2025-10-18T16:21:23.3698304-04:00,2025-10-18T20:21:23.3698304Z,GroundBall,v3,471300,,,"Cowdrey, Vincent",1000469295,Right,GEO_PAT,5fdcb9cf-5409-4235-b210-74e1cb4b0f4b,54.39603,-125.81055,13.56175,6.00864,-0.2907,-13.64405,-1.34699,4.55742,-7.71838,269.212563,-0.23318,35.7141,-9.76824,,,,,,,2.97578,-2.6816,-14.38189,,,,,,,-0.93983,79.3287,-8.4645,,,,,,,,,,,,,,,,,,,,,,,,,,,,,High,High,High,Medium,High,,,
98,2025-10-18,16:21:45.58,1,3,"Willis, Tyson",1000469267,Right,GEO_PAT,"Harper, Dalton",1000115726,Right,NIA_COM,Undefined,4,Top,0,0,2,Sinker,Sinker,BallCalled,Undefined,Undefined,Undefined,0,0,,88.41745,-1.065226,-1.744054,2072.384452,225.058692,1:30,6.30742,1.33952,5.67967,-20.50352,15.48792,14.38265,3.60518,0.9117,80.8798,-4.913445,0.826661,0.431788,,,,,,,,,,,,-7.75323,8.49595,-1.20151,50,6.20478,3.28352,-128.36416,-3.04504,-12.95203,26.26734,-17.98125,GEO_PAT,NIA_COM,SpuhlerFieldMain,TeamExclusive,Team,20251018-SpuhlerFieldMain-Private-2,11a74c60-ac60-11f0-ae3b-9b4a908d198a,87.29379,,,7.53765,,,,,,,072e60c5-9c43-4700-b7fc-b13f476f682d,2025-10-18,20:21:45.58,2025-10-18T16:21:45.5841280-04:00,2025-10-18T20:21:45.5841280Z,,v3,471300,,,"Cowdrey, Vincent",1000469295,Right,GEO_PAT,885c1bab-f51a-41e8-b043-82e93c5b30c3,54.8215,-129.34703,13.13367,6.30613,-2.37221,-8.99063,-1.33344,3.76816,-6.47602,,,,,,,,,,,,,,,,,,,,,,,,,,,,,,,,,,,,,,,,,,,,,,,,,,,High,High,High,,,,,
99,2025-10-18,16:22:03.93,1,4,"Willis, Tyson",1000469267,Right,GEO_PAT,"Harper, Dalton",1000115726,Right,NIA_COM,Undefined,4,Top,0,1,2,Sinker,Changeup,FoulBallNotFieldable,Undefined,Undefined,Undefined,0,0,,85.64437,-1.850163,-2.88675,2100.083001,218.096027,1:15,5.88418,1.65963,5.97554,-21.3943,16.20473,11.86469,2.38331,-0.03015,79.25785,-5.855593,-0.756597,0.441326,84.98208,-39.396457,-70.587366,,,,,4.07948,4.07948,-43.002233,0.0308,-6.84957,9.13095,-1.4378,50,5.72553,5.81411,-124.40883,-4.66635,-10.86553,22.11757,-17.68952,GEO_PAT,NIA_COM,SpuhlerFieldMain,TeamExclusive,Team,20251018-SpuhlerFieldMain-Private-2,1cad1b30-ac60-11f0-ae3b-9b4a908d198a,85.4072,2.44238,,6.38653,,,,1.99504,2.44238,0.0224,072e60c5-9c43-4700-b7fc-b13f476f682d,2025-10-18,20:22:03.93,2025-10-18T16:22:03.9392768-04:00,2025-10-18T20:22:03.9392768Z,GroundBall,v3,471300,,,"Cowdrey, Vincent",1000469295,Right,GEO_PAT,c3d7c169-0c93-4127-9bb1-e190d7814199,54.52846,-125.21132,11.05878,5.88319,-4.02452,-8.84476,-1.6559,6.20834,-5.43277,,1.99466,32.09052,,,,,,,,2.44332,-79.29777,,,,,,,,0.02348,-91.06188,,,,,,,,,,,,,,,,,,,,,,,,,,,,,,High,High,High,Estimated,Estimated,,,
100,2025-10-18,16:22:28.58,1,5,"Willis, Tyson",1000469267,Right,GEO_PAT,"Harper, Dalton",1000115726,Right,NIA_COM,Undefined,4,Top,0,1,2,Fastball,Sinker,BallCalled,Undefined,Undefined,Undefined,0,0,,88.69072,-3.504094,-2.971484,2110.029859,228.350942,1:30,6.37741,1.26291,5.80714,-20.53773,14.86143,15.55367,1.39862,-0.20695,82.13999,-7.32004,-0.186385,0.428221,,,,,,,,,,,,-8.73784,8.78449,-1.02849,50,6.07676,6.04049,-128.6323,-8.55068,-14.81102,23.76445,-17.28394,GEO_PAT,NIA_COM,SpuhlerFieldMain,TeamExclusive,Team,20251018-SpuhlerFieldMain-Private-2,2b5c9110-ac60-11f0-ae3b-9b4a908d198a,88.021,,,6.55073,,,,,,,072e60c5-9c43-4700-b7fc-b13f476f682d,2025-10-18,20:22:28.58,2025-10-18T16:22:28.5881344-04:00,2025-10-18T20:22:28.5881344Z,,v3,471300,,,"Cowdrey, Vincent",1000469295,Right,GEO_PAT,ad5d2823-61da-44c9-bc5d-b9d95e22fbbf,54.69738,-129.49722,11.88222,6.37652,-7.92162,-8.64197,-1.25815,6.57954,-7.40551,,,,,,,,,,,,,,,,,,,,,,,,,,,,,,,,,,,,,,,,,,,,,,,,,,,High,High,High,,,,,
101,2025-10-18,16:22:48.47,1,6,"Willis, Tyson",1000469267,Right,GEO_PAT,"Harper, Dalton",1000115726,Right,NIA_COM,Undefined,4,Top,0,2,2,Fastball,Changeup,StrikeCalled,Strikeout,Undefined,Undefined,0,0,,86.00355,-2.790234,-3.560706,2098.424715,221.454408,1:30,6.02429,1.45279,6.17426,-22.12997,15.22528,12.42749,1.59602,-0.80453,79.13887,-6.945482,-1.322706,0.439893,,,,,,,,,,,,-7.37662,8.97689,-1.1892,50,5.80117,7.27734,-124.70311,-6.73283,-11.6738,23.90596,-17.96777,GEO_PAT,NIA_COM,SpuhlerFieldMain,TeamExclusive,Team,20251018-SpuhlerFieldMain-Private-2,373e6800-ac60-11f0-ae3b-9b4a908d198a,85.68541,,,6.86468,,,,,,,072e60c5-9c43-4700-b7fc-b13f476f682d,2025-10-18,20:22:48.47,2025-10-18T16:22:48.4760000-04:00,2025-10-18T20:22:48.4760000Z,,v3,471300,,,"Cowdrey, Vincent",1000469295,Right,GEO_PAT,24b6014b-6c01-45e0-8a73-9a333799b9f6,54.32815,-125.53009,11.95298,6.02333,-6.11127,-8.98388,-1.44793,7.68117,-5.8369,,,,,,,,,,,,,,,,,,,,,,,,,,,,,51.94823,,,1.420117,,,,-5.5652,3.47123,4.42281,71.85417,7.92483,52.93279,-5.4047,60.95495,-4.59324,3.61201,24.27382,-14.9314,4.43254,35.69986,-1.08888,High,High,High,,,High,High,High
102,2025-10-18,16:23:24.39,2,1,"Willis, Tyson",1000469267,Right,GEO_PAT,"Panzarella, Joey",10100201,Left,NIA_COM,Undefined,4,Top,1,0,0,Fastball,Changeup,StrikeCalled,Undefined,Undefined,Undefined,0,0,,87.10929,-2.719035,-1.483523,1965.285662,229.466506,1:45,6.35795,1.39024,5.58556,-23.47336,13.63009,14.62178,1.85982,1.22298,80.29286,-7.06161,1.127632,0.438408,,,,,,,,,,,,-7.81449,7.96528,-1.27257,50,6.10876,2.65686,-126.42447,-6.79238,-12.7199,24.39182,-19.20873,GEO_PAT,NIA_COM,SpuhlerFieldMain,TeamExclusive,Team,20251018-SpuhlerFieldMain-Private-2,4ca33e50-ac60-11f0-ae3b-9b4a908d198a,85.9757,,,6.81643,,,,,,,072e60c5-9c43-4700-b7fc-b13f476f682d,2025-10-18,20:23:24.39,2025-10-18T16:23:24.3986944-04:00,2025-10-18T20:23:24.3986944Z,,v3,471300,,,"Cowdrey, Vincent",1000469295,Right,GEO_PAT,06b72ce0-39ff-4c5e-8bcc-12297bfa84f2,54.91732,-127.36967,12.19591,6.35754,-6.04803,-9.60437,-1.38508,3.14976,-6.35995,,,,,,,,,,,,,,,,,,,,,,,,,,,,,,,,,,,,,,,,,,,,,,,,,,,High,High,High,,,,,
103,2025-10-18,16:23:40.24,2,2,"Willis, Tyson",1000469267,Right,GEO_PAT,"Panzarella, Joey",10100201,Left,NIA_COM,Undefined,4,Top,1,0,1,Fastball,Sinker,InPlay,Undefined,GroundBall,Out,1,0,,87.38005,-2.920573,-2.224814,2068.257526,233.053589,1:45,6.31042,1.43029,5.68672,-24.22486,12.56209,15.20521,1.56495,0.62256,80.51929,-7.402251,0.494764,0.436534,84.96093,-23.798926,16.915657,,,,,6.0648,3.22276,4.478272,0.033668,-8.37335,7.50433,-1.25287,50,6.049,4.29662,-126.77061,-7.28009,-13.69368,24.71467,-19.90155,GEO_PAT,NIA_COM,SpuhlerFieldMain,TeamExclusive,Team,20251018-SpuhlerFieldMain-Private-2,56174990-ac60-11f0-ae3b-9b4a908d198a,86.34474,1.6957,,6.86076,,,,2.36779,1.6957,-0.64516,072e60c5-9c43-4700-b7fc-b13f476f682d,2025-10-18,20:23:40.24,2025-10-18T16:23:40.2443264-04:00,2025-10-18T20:23:40.2443264Z,GroundBall,v3,471300,,,"Cowdrey, Vincent",1000469295,Right,GEO_PAT,eba6c063-6f4b-423b-9b1d-cebab3b1acaa,54.81694,-127.70625,12.35734,6.31034,-6.52666,-9.95078,-1.42534,4.81503,-6.84684,,2.36682,109.25848,,,,,,,,1.69614,-50.36539,,,,,,,,-0.64546,33.22788,,,,,,,,,,,,,,,,,,,,,,,,,,,,,,High,High,High,Low,Low,,,
104,2025-10-18,16:24:11.72,3,1,"Willis, Tyson",1000469267,Right,GEO_PAT,"Kohr, Evan",1000275285,Right,NIA_COM,Undefined,4,Top,2,0,0,Fastball,Sinker,StrikeCalled,Undefined,Undefined,Undefined,0,0,,88.23176,-2.901441,-2.451329,2118.154385,233.012516,1:45,6.30879,1.4699,5.80362,-22.41958,13.66328,16.60469,1.73715,0.57232,80.89759,-7.080721,0.524064,0.432336,,,,,,,,,,,,-9.16378,8.12882,-1.27851,50,6.0567,4.78071,-127.94419,-7.21536,-15.19909,26.2477,-18.69157,GEO_PAT,NIA_COM,SpuhlerFieldMain,TeamExclusive,Team,20251018-SpuhlerFieldMain-Private-2,68dd5920-ac60-11f0-ae3b-9b4a908d198a,87.18315,,,7.33417,,,,,,,072e60c5-9c43-4700-b7fc-b13f476f682d,2025-10-18,20:24:11.72,2025-10-18T16:24:11.7212672-04:00,2025-10-18T20:24:11.7212672Z,,v3,471300,,,"Cowdrey, Vincent",1000469295,Right,GEO_PAT,67999f35-b906-41ad-a7b8-0ce89a5f2e93,54.69891,-128.90456,13.12385,6.30819,-6.53146,-9.34578,-1.46361,5.33682,-7.59955,,,,,,,,,,,,,,,,,,,,,,,,,,,,,,,,,,,,,,,,,,,,,,,,,,,High,High,High,,,,,
105,2025-10-18,16:24:31.08,3,2,"Willis, Tyson",1000469267,Right,GEO_PAT,"Kohr, Evan",1000275285,Right,NIA_COM,Undefined,4,Top,2,0,1,Fastball,Sinker,BallCalled,Undefined,Undefined,Undefined,0,0,,88.13266,-5.182634,-2.728517,2041.812501,225.276959,1:30,6.34228,1.25061,5.77613,-21.23663,14.9069,13.94564,-0.26885,-0.12821,81.58869,-9.101938,-0.230877,0.4327,,,,,,,,,,,,-7.93485,9.29256,-1.03405,50,5.89961,5.52182,-127.5349,-12.26866,-13.17346,24.26178,-16.74647,GEO_PAT,NIA_COM,SpuhlerFieldMain,TeamExclusive,Team,20251018-SpuhlerFieldMain-Private-2,7460e370-ac60-11f0-ae3b-9b4a908d198a,87.10991,,,6.54397,,,,,,,072e60c5-9c43-4700-b7fc-b13f476f682d,2025-10-18,20:24:31.08,2025-10-18T16:24:31.0820864-04:00,2025-10-18T20:24:31.0820864Z,,v3,471300,,,"Cowdrey, Vincent",1000469295,Right,GEO_PAT,84a4ec31-37b7-4da2-a690-215e306fedd0,54.72899,-128.43138,12.13089,6.34151,-11.64987,-8.37324,-1.24707,6.00859,-6.58673,,,,,,,,,,,,,,,,,,,,,,,,,,,,,,,,,,,,,,,,,,,,,,,,,,,High,High,High,,,,,
106,2025-10-18,16:24:53.54,3,3,"Willis, Tyson",1000469267,Right,GEO_PAT,"Kohr, Evan",1000275285,Right,NIA_COM,Undefined,4,Top,2,1,1,Slider,Curveball,BallCalled,Undefined,Undefined,Undefined,0,0,,77.71423,-4.006397,-1.708243,2123.059057,38.059824,7:15,6.36871,1.19642,5.91249,-53.60609,-7.29744,-6.76559,-1.82483,-0.9534,72.83489,-13.636097,-2.930719,0.489782,,,,,,,,,,,,3.11122,-2.58634,-1.05512,50,6.01472,3.58549,-112.74751,-9.53006,4.00393,20.54233,-35.5025,GEO_PAT,NIA_COM,SpuhlerFieldMain,TeamExclusive,Team,20251018-SpuhlerFieldMain-Private-2,81abc040-ac60-11f0-ae3b-9b4a908d198a,76.95766,,,4.87935,,,,,,,072e60c5-9c43-4700-b7fc-b13f476f682d,2025-10-18,20:24:53.54,2025-10-18T16:24:53.5417856-04:00,2025-10-18T20:24:53.5417856Z,,v3,471300,,,"Cowdrey, Vincent",1000469295,Right,GEO_PAT,2105a62b-c4d8-4903-a371-312d8a95c02c,54.59518,-113.58165,10.27117,6.37243,-8.08844,-17.75125,-1.19741,3.4229,2.00197,,,,,,,,,,,,,,,,,,,,,,,,,,,,,,,,,,,,,,,,,,,,,,,,,,,High,High,High,,,,,
107,2025-10-18,16:25:14.12,3,4,"Willis, Tyson",1000469267,Right,GEO_PAT,"Kohr, Evan",1000275285,Right,NIA_COM,Undefined,4,Top,2,2,1,Fastball,Four-Seam,BallCalled,Undefined,Undefined,Undefined,0,0,,87.85175,0.236567,-1.531229,2072.454284,207.355775,1:00,6.28883,1.41567,5.67384,-25.98001,10.29918,4.77272,4.34448,0.38543,80.72047,-4.584186,-0.678399,0.433511,,,,,,,,,,,,-2.82126,5.50189,-1.28946,50,6.29245,3.20824,-127.63206,-0.36195,-4.68219,24.76532,-23.04303,GEO_PAT,NIA_COM,SpuhlerFieldMain,TeamExclusive,Team,20251018-SpuhlerFieldMain-Private-2,8defdb70-ac60-11f0-ae3b-9b4a908d198a,86.94691,,,7.13128,,,,,,,072e60c5-9c43-4700-b7fc-b13f476f682d,2025-10-18,20:25:14.12,2025-10-18T16:25:14.1289984-04:00,2025-10-18T20:25:14.1289984Z,,v3,471300,,,"Cowdrey, Vincent",1000469295,Right,GEO_PAT,694f736d-cae4-4a55-b654-a08a135fd361,54.82786,-128.56543,12.38266,6.28972,0.50651,-11.52152,-1.41369,3.38471,-2.3411,,,,,,,,,,,,,,,,,,,,,,,,,,,,,,,,,,,,,,,,,,,,,,,,,,,High,High,High,,,,,
108,2025-10-18,16:25:31.38,3,5,"Willis, Tyson",1000469267,Right,GEO_PAT,"Kohr, Evan",1000275285,Right,NIA_COM,Undefined,4,Top,2,3,1,Sinker,Changeup,FoulBallNotFieldable,Undefined,Undefined,Undefined,0,0,,86.20772,-1.408735,-2.108977,2107.00931,246.744214,2:15,5.93333,1.73764,5.82913,-30.71368,6.78638,13.1795,2.06311,0.87448,79.48311,-7.07388,0.25522,0.440745,,,,,,,,,,,,-7.35615,4.15981,-1.57341,50,5.79979,4.0873,-125.24216,-4.11342,-11.74085,24.14219,-25.53475,GEO_PAT,NIA_COM,SpuhlerFieldMain,TeamExclusive,Team,20251018-SpuhlerFieldMain-Private-2,985153f0-ac60-11f0-ae3b-9b4a908d198a,85.51981,,,6.72461,,,,,,,072e60c5-9c43-4700-b7fc-b13f476f682d,2025-10-18,20:25:31.38,2025-10-18T16:25:31.3890816-04:00,2025-10-18T20:25:31.3890816Z,,v3,471300,,,"Cowdrey, Vincent",1000469295,Right,GEO_PAT,9b29f9f3-017e-402c-a54c-8885742f09ed,54.67503,-126.14012,12.0711,5.93512,-3.16366,-12.76738,-1.73356,4.524,-5.87043,,,,,,,,,,,,,,,,,,,,,,,,,,,,,,,,,,,,,,,,,,,,,,,,,,,High,High,High,,,,,
109,2025-10-18,16:25:53.40,3,6,"Willis, Tyson",1000469267,Right,GEO_PAT,"Kohr, Evan",1000275285,Right,NIA_COM,Undefined,4,Top,2,3,2,Sinker,Changeup,BallCalled,Walk,Undefined,Undefined,0,0,,86.31312,0.071748,-1.652061,2179.136906,241.869203,2:00,5.83504,1.77824,6.28244,-28.31253,8.27095,13.52552,3.54182,1.3822,79.68078,-5.215661,0.793579,0.435325,,,,,,,,,,,,-7.42111,4.61827,-1.66245,50,5.82656,3.09662,-125.5654,-0.71826,-11.95882,23.19989,-24.73193,GEO_PAT,NIA_COM,SpuhlerFieldMain,TeamExclusive,Team,20251018-SpuhlerFieldMain-Private-2,a55f00b0-ac60-11f0-ae3b-9b4a908d198a,86.58451,,,6.63233,,,,,,,072e60c5-9c43-4700-b7fc-b13f476f682d,2025-10-18,20:25:53.40,2025-10-18T16:25:53.4026752-04:00,2025-10-18T20:25:53.4026752Z,,v3,471300,,,"Cowdrey, Vincent",1000469295,Right,GEO_PAT,9bbb20f1-29ff-40e9-abe6-a9e8eb9345e7,54.22041,-126.34277,11.59994,5.83675,0.11045,-12.36596,-1.77293,3.49733,-5.97941,,,,,,,,,,,,,,,,,,,,,,,,,,,,,,,,,,,,,,,,,,,,,,,,,,,High,High,High,,,,,
110,2025-10-18,16:26:26.58,4,1,"Willis, Tyson",1000469267,Right,GEO_PAT,"Allen, Matt",10165583,Right,NIA_COM,Undefined,4,Top,2,0,0,Fastball,Sinker,StrikeCalled,Undefined,Undefined,Undefined,0,0,,87.8932,-1.226736,-2.007073,2054.536864,224.022943,1:30,5.91013,1.81312,5.81878,-24.60986,11.51867,10.06953,2.7178,0.78529,80.76173,-5.806756,-0.202425,0.43261,,,,,,,,,,,,-5.66571,6.54863,-1.6547,50,5.795,4.05022,-127.64567,-3.54778,-9.38941,25.17815,-21.32144,GEO_PAT,NIA_COM,SpuhlerFieldMain,TeamExclusive,Team,20251018-SpuhlerFieldMain-Private-2,b91fc3f0-ac60-11f0-ae3b-9b4a908d198a,87.12801,,,7.13147,,,,,,,072e60c5-9c43-4700-b7fc-b13f476f682d,2025-10-18,20:26:26.58,2025-10-18T16:26:26.5815552-04:00,2025-10-18T20:26:26.5815552Z,,v3,471300,,,"Cowdrey, Vincent",1000469295,Right,GEO_PAT,82996d2b-1e83-41de-80ac-5e7501e9f485,54.68294,-128.56606,12.58908,5.91045,-2.76837,-10.66072,-1.80903,4.39345,-4.6947,,,,,,,,,,,,,,,,,,,,,,,,,,,,,,,,,,,,,,,,,,,,,,,,,,,High,High,High,,,,,
111,2025-10-18,16:26:43.28,4,2,"Willis, Tyson",1000469267,Right,GEO_PAT,"Allen, Matt",10165583,Right,NIA_COM,Undefined,4,Top,2,0,1,Fastball,Sinker,BallCalled,Undefined,Undefined,Undefined,0,0,,87.26168,0.329153,-2.493232,2039.109776,231.821593,1:45,6.21926,1.64433,5.6478,-24.35556,12.33501,14.35442,4.49696,0.51339,80.41177,-4.195471,0.068641,0.435962,,,,,,,,,,,,-7.88292,6.50386,-1.44187,50,6.23169,4.90811,-126.76536,-0.08897,-12.96359,23.33015,-21.47831,GEO_PAT,NIA_COM,SpuhlerFieldMain,TeamExclusive,Team,20251018-SpuhlerFieldMain-Private-2,c31693c0-ac60-11f0-ae3b-9b4a908d198a,86.45808,,,6.84991,,,,,,,072e60c5-9c43-4700-b7fc-b13f476f682d,2025-10-18,20:26:43.28,2025-10-18T16:26:43.2814592-04:00,2025-10-18T20:26:43.2814592Z,,v3,471300,,,"Cowdrey, Vincent",1000469295,Right,GEO_PAT,5d54ba3d-b730-4cfb-8c3b-505c4e3fbbae,54.8548,-127.65572,11.66508,6.21944,0.73072,-10.73916,-1.63862,5.40284,-6.48179,,,,,,,,,,,,,,,,,,,,,,,,,,,,,,,,,,,,,,,,,,,,,,,,,,,High,High,High,,,,,
112,2025-10-18,16:27:00.52,4,3,"Willis, Tyson",1000469267,Right,GEO_PAT,"Allen, Matt",10165583,Right,NIA_COM,Undefined,4,Top,2,1,1,Slider,Slider,StrikeSwinging,Undefined,Undefined,Undefined,0,0,,78.48519,-0.000237,-1.650482,2125.354093,75.426722,8:30,5.62335,1.92194,5.80893,-46.9166,-0.94528,-9.64067,1.71342,-0.4168,71.60366,-8.619676,-3.379542,0.487994,,,,,,,,,,,,4.45315,-0.10894,-1.78048,50,5.59514,3.63617,-113.91338,-1.48392,5.77574,23.44874,-32.31533,GEO_PAT,NIA_COM,SpuhlerFieldMain,TeamExclusive,Team,20251018-SpuhlerFieldMain-Private-2,cd7c03e0-ac60-11f0-ae3b-9b4a908d198a,77.23948,,,6.88152,,,,,,,072e60c5-9c43-4700-b7fc-b13f476f682d,2025-10-18,20:27:00.52,2025-10-18T16:27:00.5275648-04:00,2025-10-18T20:27:00.5275648Z,,v3,471300,,,"Cowdrey, Vincent",1000469295,Right,GEO_PAT,5ded07f6-8dd7-42c9-a164-09ad4a389b98,54.6943,-114.87562,11.72437,5.62882,-0.15783,-16.15767,-1.92483,3.39916,2.88787,,,,,,,,,,,,,,,,,,,,,,,,,,,,,,,,,,,,,,,,,,,,,,,,,,,High,High,High,,,,,
113,2025-10-18,16:27:21.58,4,4,"Willis, Tyson",1000469267,Right,GEO_PAT,"Allen, Matt",10165583,Right,NIA_COM,Undefined,4,Top,2,1,2,Slider,Curveball,StrikeCalled,Strikeout,Undefined,Undefined,0,0,,78.17873,0.765984,0.159339,2143.624447,73.957689,8:30,5.74957,1.77882,5.78251,-48.36302,-2.40866,-13.41009,2.43207,0.80957,71.76969,-8.106175,-2.246405,0.487904,,,,,,,,,,,,6.86323,-0.97866,-1.78392,50,5.78381,0.19179,-113.59169,-0.04593,8.93727,21.45725,-33.44848,GEO_PAT,NIA_COM,SpuhlerFieldMain,TeamExclusive,Team,20251018-SpuhlerFieldMain-Private-2,d9f62330-ac60-11f0-ae3b-9b4a908d198a,77.25373,,,6.40904,,,,,,,072e60c5-9c43-4700-b7fc-b13f476f682d,2025-10-18,20:27:21.58,2025-10-18T16:27:21.5847424-04:00,2025-10-18T20:27:21.5847424Z,,v3,471300,,,"Cowdrey, Vincent",1000469295,Right,GEO_PAT,fcd87be4-064c-4afa-a0e0-67e0968f4838,54.72066,-114.47994,10.72863,5.75705,1.33871,-16.72424,-1.78421,-0.17817,4.46864,,,,,,,,,,,,,,,,,,,,,,,,,,,,,,,,,,,,,,,,,,,,,,,,,,,High,High,High,,,,,
114,2025-10-18,16:29:45.57,1,1,"Sheehy, Jackson",10147901,Right,NIA_COM,"Smith, Cooper",1000469293,Right,GEO_PAT,Undefined,4,Bottom,0,0,0,Fastball,Changeup,StrikeCalled,Undefined,Undefined,Undefined,0,0,,86.43406,0.131574,-3.510081,2107.017198,231.266022,1:45,5.25053,1.84654,5.70426,-25.27923,12.42867,14.01237,3.26676,-0.26059,78.96269,-4.583422,-1.010058,0.441965,,,,,,,,,,,,-8.0467,6.63855,-1.56049,50,5.24593,7.09291,-125.33583,-0.54032,-12.82032,24.95407,-21.59726,GEO_PAT,NIA_COM,SpuhlerFieldMain,TeamExclusive,Team,20251018-SpuhlerFieldMain-Private-2,2fc489a0-ac61-11f0-ae3b-9b4a908d198a,85.28383,,,7.47138,,,,,,,072e60c5-9c43-4700-b7fc-b13f476f682d,2025-10-18,20:29:45.57,2025-10-18T16:29:45.5712256-04:00,2025-10-18T20:29:45.5712256Z,,v3,471300,,,"Harper, Dalton",1000115726,Right,NIA_COM,d96f9735-19da-4680-a7c8-d125e8e7ce79,54.79688,-126.28727,12.47704,5.25083,0.28313,-10.79863,-1.84024,7.58172,-6.41016,,,,,,,,,,,,,,,,,,,,,,,,,,,,,,,,,,,,,,,,,,,,,,,,,,,High,High,High,,,,,
115,2025-10-18,16:30:01.40,1,2,"Sheehy, Jackson",10147901,Right,NIA_COM,"Smith, Cooper",1000469293,Right,GEO_PAT,Undefined,4,Bottom,0,0,0,Fastball,Sinker,StrikeCalled,Undefined,Undefined,Undefined,0,0,,87.78759,-0.8278,-4.336604,2131.691023,223.614119,1:30,5.20743,1.91578,5.82895,-22.21474,14.00257,12.31442,2.58439,-1.09719,80.74381,-4.977918,-2.138058,0.433141,,,,,,,,,,,,-7.36969,7.69264,-1.56806,50,5.12641,9.13419,-127.27149,-2.55383,-12.19171,24.01993,-19.44804,GEO_PAT,NIA_COM,SpuhlerFieldMain,TeamExclusive,Team,20251018-SpuhlerFieldMain-Private-2,392de680-ac61-11f0-ae3b-9b4a908d198a,87.02117,,,7.04378,,,,,,,072e60c5-9c43-4700-b7fc-b13f476f682d,2025-10-18,20:30:01.40,2025-10-18T16:30:01.4023168-04:00,2025-10-18T20:30:01.4023168Z,,v3,471300,,,"Harper, Dalton",1000115726,Right,NIA_COM,d1e6a931-7c63-4327-aa10-3d3179f773c2,54.67309,-128.1504,12.00996,5.20683,-1.84221,-9.72402,-1.91046,9.5803,-6.09585,,,,,,,,,,,,,,,,,,,,,,,,,,,,,,,,,,,,,,,,,,,,,,,,,,,High,High,High,,,,,
116,2025-10-18,16:30:16.00,1,3,"Sheehy, Jackson",10147901,Right,NIA_COM,"Smith, Cooper",1000469293,Right,GEO_PAT,Undefined,4,Bottom,0,0,1,Slider,Changeup,BallCalled,Undefined,Undefined,Undefined,0,0,,77.40943,2.075595,-2.710075,2079.907559,187.150961,12:15,5.313,1.97,5.32969,-31.96128,16.05658,1.81602,4.60023,-0.42356,70.24073,-3.867026,-2.388473,0.498738,,,,,,,,,,,,-1.68843,7.90272,-1.72613,50,5.47842,5.23075,-112.05648,3.0798,-2.13748,21.0698,-22.16944,GEO_PAT,NIA_COM,SpuhlerFieldMain,TeamExclusive,Team,20251018-SpuhlerFieldMain-Private-2,41e92910-ac61-11f0-ae3b-9b4a908d198a,75.57559,,,7.1687,,,,,,,072e60c5-9c43-4700-b7fc-b13f476f682d,2025-10-18,20:30:16.00,2025-10-18T16:30:16.0003584-04:00,2025-10-18T20:30:16.0003584Z,,v3,471300,,,"Harper, Dalton",1000115726,Right,NIA_COM,084cd139-553b-43a5-9eac-86d010b03c56,55.16759,-113.02395,10.5349,5.31363,4.09777,-11.08472,-1.96856,5.3289,-1.06874,,,,,,,,,,,,,,,,,,,,,,,,,,,,,,,,,,,,,,,,,,,,,,,,,,,High,High,High,,,,,
117,2025-10-18,16:30:32.96,1,4,"Sheehy, Jackson",10147901,Right,NIA_COM,"Smith, Cooper",1000469293,Right,GEO_PAT,Undefined,4,Bottom,0,1,1,Slider,Curveball,FoulBallNotFieldable,Undefined,Undefined,Undefined,0,0,,74.20115,-0.20896,-1.347182,2073.323825,24.3142,6:45,5.68097,1.81254,4.99735,-50.97144,0.22894,-0.44106,1.23601,0.50361,70.10661,-9.332789,-1.425183,0.515001,71.66726,9.731124,-53.660761,4658.985752,,,,80.93445,80.93445,-56.074785,0.864325,-0.05614,0.44669,-1.68252,50,5.61847,2.55576,-107.98366,-2.11302,-0.06799,14.31592,-31.63323,GEO_PAT,NIA_COM,SpuhlerFieldMain,TeamExclusive,Team,20251018-SpuhlerFieldMain-Private-2,4c1efdb0-ac61-11f0-ae3b-9b4a908d198a,73.18907,4.60359,,4.09454,,,,2.44569,1.19719,-0.30852,072e60c5-9c43-4700-b7fc-b13f476f682d,2025-10-18,20:30:32.96,2025-10-18T16:30:32.9630720-04:00,2025-10-18T20:30:32.9630720Z,GroundBall,v3,471300,,,"Harper, Dalton",1000115726,Right,NIA_COM,8fe4907f-fc9c-4412-acc0-d3fb6cc86723,55.5092,-108.71159,7.15796,5.68502,-0.50455,-15.81661,-1.81256,2.55922,-0.03399,,2.44569,61.3894,-16.80587,4.16289,-0.96272,0.05996,0.23262,-0.21984,0.07012,1.19719,17.7665,-24.12596,2.68121,-0.54743,0.1102,-0.02779,0.01052,-0.00271,-0.30852,-83.4517,7.60024,-0.6229,0.00064,-0.03044,0.10741,-0.09537,0.0305,,,,,,,,,,,,,,,,,,,,,,,High,High,High,High,High,,,
118,2025-10-18,16:30:52.11,1,5,"Sheehy, Jackson",10147901,Right,NIA_COM,"Smith, Cooper",1000469293,Right,GEO_PAT,Undefined,4,Bottom,0,1,2,Slider,Curveball,HitByPitch,Undefined,Undefined,Undefined,0,0,,75.10375,3.937513,0.09938,2122.403697,36.028867,7:15,5.24346,2.06821,5.15423,-53.32227,-2.30492,-2.81264,4.51261,1.92738,68.67387,-5.755322,-0.397933,0.51408,,,,,,,,,,,,1.42835,-1.7735,-2.07522,50,5.57076,-0.07943,-108.80816,5.69071,1.71539,18.7743,-34.30399,GEO_PAT,NIA_COM,SpuhlerFieldMain,TeamExclusive,Team,20251018-SpuhlerFieldMain-Private-2,57725040-ac61-11f0-ae3b-9b4a908d198a,73.32022,,,6.42987,,,,,,,072e60c5-9c43-4700-b7fc-b13f476f682d,2025-10-18,20:30:52.11,2025-10-18T16:30:52.1168384-04:00,2025-10-18T20:30:52.1168384Z,,v3,471300,,,"Harper, Dalton",1000115726,Right,NIA_COM,06186d99-ac13-49ef-941d-ffe66a02934a,55.34909,-109.72723,9.38715,5.25108,7.37002,-17.152,-2.06928,-0.16341,0.8577,,,,,,,,,,,,,,,,,,,,,,,,,,,,,,,,,,,,,,,,,,,,,,,,,,,High,High,High,,,,,
119,2025-10-18,16:31:22.86,2,1,"Sheehy, Jackson",10147901,Right,NIA_COM,"Blanchard, Evan",10073877,Right,GEO_PAT,Undefined,4,Bottom,0,0,0,Fastball,Changeup,BallCalled,Undefined,Undefined,Undefined,0,0,,84.94317,1.803319,-3.009387,2148.469652,233.928116,1:45,5.22224,2.11943,5.65307,-26.43108,12.90225,15.93828,4.70449,0.63817,77.03773,-3.14171,-0.16776,0.45139,,,,,,,,,,,,-8.89682,6.39717,-1.87422,50,5.35876,5.79436,-123.08989,3.02829,-13.59431,25.35568,-22.39915,GEO_PAT,NIA_COM,SpuhlerFieldMain,TeamExclusive,Team,20251018-SpuhlerFieldMain-Private-2,69bd6370-ac61-11f0-ae3b-9b4a908d198a,83.50309,,,7.90544,,,,,,,072e60c5-9c43-4700-b7fc-b13f476f682d,2025-10-18,20:31:22.86,2025-10-18T16:31:22.8698112-04:00,2025-10-18T20:31:22.8698112Z,,v3,471300,,,"Harper, Dalton",1000115726,Right,NIA_COM,6b038b56-e3f4-402d-9101-ef7981f9e093,54.84714,-124.08435,12.67784,5.22276,3.90679,-11.19957,-2.11193,6.32754,-6.79716,,,,,,,,,,,,,,,,,,,,,,,,,,,,,,,,,,,,,,,,,,,,,,,,,,,High,High,High,,,,,
120,2025-10-18,16:31:40.19,2,2,"Sheehy, Jackson",10147901,Right,NIA_COM,"Blanchard, Evan",10073877,Right,GEO_PAT,Undefined,4,Bottom,0,1,0,Fastball,Changeup,StrikeCalled,Undefined,Undefined,Undefined,0,0,,83.18335,0.222221,-2.696943,2085.678563,229.077926,1:45,5.22362,2.03475,5.44498,-27.50624,13.79422,14.32556,3.13973,0.70143,75.61803,-4.898614,-0.150357,0.462539,,,,,,,,,,,,-7.97205,7.28158,-1.80631,50,5.22463,5.07652,-120.58575,-0.43143,-11.68541,24.43294,-21.50074,GEO_PAT,NIA_COM,SpuhlerFieldMain,TeamExclusive,Team,20251018-SpuhlerFieldMain-Private-2,74114760-ac61-11f0-ae3b-9b4a908d198a,81.49022,,,7.56532,,,,,,,072e60c5-9c43-4700-b7fc-b13f476f682d,2025-10-18,20:31:40.19,2025-10-18T16:31:40.1966592-04:00,2025-10-18T20:31:40.1966592Z,,v3,471300,,,"Harper, Dalton",1000115726,Right,NIA_COM,460424ef-cb70-45e2-978c-effccd2dc7a3,55.05538,-121.60575,12.21647,5.2239,0.46616,-10.75037,-2.02843,5.56435,-5.84271,,,,,,,,,,,,,,,,,,,,,,,,,,,,,,,,,,,,,,,,,,,,,,,,,,,High,High,High,,,,,
121,2025-10-18,16:32:00.10,2,3,"Sheehy, Jackson",10147901,Right,NIA_COM,"Blanchard, Evan",10073877,Right,GEO_PAT,Undefined,4,Bottom,0,1,1,Fastball,Changeup,BallCalled,Undefined,Undefined,Undefined,0,0,,86.3528,1.479394,-3.211227,2145.723826,226.825285,1:30,5.34201,2.09037,5.79337,-24.29938,13.50788,13.09111,4.69574,0.1909,78.43976,-3.084119,-0.871929,0.442547,,,,,,,,,,,,-7.54099,6.82122,-1.83347,50,5.44952,6.46713,-125.16595,2.46976,-11.93212,25.87213,-21.38082,GEO_PAT,NIA_COM,SpuhlerFieldMain,TeamExclusive,Team,20251018-SpuhlerFieldMain-Private-2,7ff456d0-ac61-11f0-ae3b-9b4a908d198a,85.17167,,,7.91304,,,,,,,072e60c5-9c43-4700-b7fc-b13f476f682d,2025-10-18,20:32:00.10,2025-10-18T16:32:00.1058816-04:00,2025-10-18T20:32:00.1058816Z,,v3,471300,,,"Harper, Dalton",1000115726,Right,NIA_COM,6d41198f-013f-48b8-b727-cf224722dfc4,54.70666,-126.13508,12.93606,5.34201,3.27065,-10.69041,-2.08409,6.91409,-5.96606,,,,,,,,,,,,,,,,,,,,,,,,,,,,,,,,,,,,,,,,,,,,,,,,,,,High,High,High,,,,,
122,2025-10-18,16:32:17.24,2,4,"Sheehy, Jackson",10147901,Right,NIA_COM,"Blanchard, Evan",10073877,Right,GEO_PAT,Undefined,4,Bottom,0,2,1,Fastball,Four-Seam,BallCalled,Undefined,Undefined,Undefined,0,0,,85.50043,0.925449,-4.116679,2252.935967,220.883507,1:15,5.35303,1.79001,5.99408,-22.93497,15.45863,12.28103,4.30174,-1.00829,77.55614,-3.413384,-1.917432,0.445965,,,,,,,,,,,,-7.46252,8.03469,-1.47153,50,5.41352,8.41095,-123.84563,1.33331,-11.53854,25.7612,-19.75087,GEO_PAT,NIA_COM,SpuhlerFieldMain,TeamExclusive,Team,20251018-SpuhlerFieldMain-Private-2,8a2aeec0-ac61-11f0-ae3b-9b4a908d198a,84.51885,,,7.94429,,,,,,,072e60c5-9c43-4700-b7fc-b13f476f682d,2025-10-18,20:32:17.24,2025-10-18T16:32:17.2461056-04:00,2025-10-18T20:32:17.2461056Z,,v3,471300,,,"Harper, Dalton",1000115726,Right,NIA_COM,37d6d4dc-0e68-4bb4-9b4e-a7182e0f00a9,54.50571,-124.77934,12.8806,5.35222,2.04918,-9.87544,-1.78396,8.82916,-5.76927,,,,,,,,,,,,,,,,,,,,,,,,,,,,,,,,,,,,,,,,,,,,,,,,,,,High,High,High,,,,,
123,2025-10-18,16:32:35.87,2,5,"Sheehy, Jackson",10147901,Right,NIA_COM,"Blanchard, Evan",10073877,Right,GEO_PAT,Undefined,4,Bottom,0,3,1,Fastball,Sinker,StrikeSwinging,Undefined,Undefined,Undefined,0,0,,87.23106,0.611273,-3.001227,2201.064366,223.145418,1:30,5.22648,1.98212,5.74731,-20.64477,16.73875,14.45843,4.07602,0.39011,78.64715,-3.31067,-0.418309,0.440059,,,,,,,,,,,,-8.23012,8.68784,-1.74116,50,5.26494,5.99852,-126.37989,0.72832,-13.16294,28.42569,-18.27907,GEO_PAT,NIA_COM,SpuhlerFieldMain,TeamExclusive,Team,20251018-SpuhlerFieldMain-Private-2,9546b690-ac61-11f0-ae3b-9b4a908d198a,85.65306,,,8.58392,,,,,,,072e60c5-9c43-4700-b7fc-b13f476f682d,2025-10-18,20:32:35.87,2025-10-18T16:32:35.8740480-04:00,2025-10-18T20:32:35.8740480Z,,v3,471300,,,"Harper, Dalton",1000115726,Right,NIA_COM,f619de84-2b9e-4dc3-b4d2-d3e498622d17,54.75159,-127.44415,14.21284,5.22486,1.41269,-9.13954,-1.97497,6.49135,-6.58147,,,,,,,,,,,,,,,,,,,,,,,,,,,,,,,,,,,,,,,,,,,,,,,,,,,High,High,High,,,,,
124,2025-10-18,16:32:55.03,2,6,"Sheehy, Jackson",10147901,Right,NIA_COM,"Blanchard, Evan",10073877,Right,GEO_PAT,Undefined,4,Bottom,0,3,2,Fastball,Sinker,InPlay,Undefined,GroundBall,FieldersChoice,1,0,,87.19401,-0.877125,-3.866297,2170.148403,223.125251,1:30,5.44175,1.77038,5.83887,-22.5647,14.63363,12.51186,2.74418,-0.786,79.08756,-5.127458,-1.629772,0.438968,90.96691,-1.534175,3.472896,1588.221449,,,,35.15625,33.14386,4.580714,0.266156,-7.55374,8.11036,-1.46219,50,5.35693,8.01391,-126.30164,-2.63966,-12.11213,27.48932,-19.16946,GEO_PAT,NIA_COM,SpuhlerFieldMain,TeamExclusive,Team,20251018-SpuhlerFieldMain-Private-2,a0cb2b40-ac61-11f0-ae3b-9b4a908d198a,85.86596,2.72039,,8.10645,,,,0.93094,2.72039,0.8062,072e60c5-9c43-4700-b7fc-b13f476f682d,2025-10-18,20:32:55.03,2025-10-18T16:32:55.0353920-04:00,2025-10-18T20:32:55.0353920Z,GroundBall,v3,471300,,,"Harper, Dalton",1000115726,Right,NIA_COM,91c84b35-9a65-4fdd-9ae1-ad66450eb000,54.66206,-127.31229,13.74466,5.44102,-1.93489,-9.58473,-1.76501,8.45921,-6.05606,5.660705,0.93266,133.03965,-18.34758,,,,,,,2.72374,-3.73934,-24.44592,,,,,,,0.80653,8.0629,-2.04875,,,,,,,,,,,,,,,,,,,,,,,,,,,,,High,High,High,High,High,,,
125,2025-10-18,16:33:31.34,3,1,"Sheehy, Jackson",10147901,Right,NIA_COM,"Canody, Andrew",1000415298,Right,GEO_PAT,Undefined,4,Bottom,1,0,0,Fastball,Sinker,BallCalled,Undefined,Undefined,Undefined,0,0,,88.03304,1.004462,-2.324691,2177.142544,232.317996,1:45,5.302,1.89342,5.62979,-22.63151,14.00556,16.55717,4.35419,1.1028,79.81048,-3.248536,0.629201,0.435644,,,,,,,,,,,,-8.99422,7.14961,-1.70582,50,5.37332,4.44706,-127.65703,1.50122,-14.76233,27.59649,-20.43927,GEO_PAT,NIA_COM,SpuhlerFieldMain,TeamExclusive,Team,20251018-SpuhlerFieldMain-Private-2,b64e5f00-ac61-11f0-ae3b-9b4a908d198a,86.52117,,,8.22256,,,,,,,072e60c5-9c43-4700-b7fc-b13f476f682d,2025-10-18,20:33:31.34,2025-10-18T16:33:31.3405952-04:00,2025-10-18T20:33:31.3405952Z,,v3,471300,,,"Harper, Dalton",1000115726,Right,NIA_COM,a8ce6cfb-1175-48a9-91af-516e7abade97,54.87,-128.7055,13.79825,5.30153,2.27777,-10.21963,-1.88543,5.00793,-7.38116,,,,,,,,,,,,,,,,,,,,,,,,,,,,,,,,,,,,,,,,,,,,,,,,,,,High,High,High,,,,,
126,2025-10-18,16:33:45.78,3,2,"Sheehy, Jackson",10147901,Right,NIA_COM,"Canody, Andrew",1000415298,Right,GEO_PAT,Undefined,4,Bottom,1,1,0,Fastball,Sinker,StrikeCalled,Undefined,Undefined,Undefined,0,0,,87.05663,0.054731,-3.321942,2121.091278,224.197233,1:30,5.45981,1.78411,5.59303,-21.08403,16.21879,14.62879,3.754,-0.10217,79.49108,-3.903976,-0.716989,0.439584,,,,,,,,,,,,-8.26579,8.53508,-1.5083,50,5.45093,6.69199,-126.24195,-0.55016,-13.36723,25.1946,-18.37133,GEO_PAT,NIA_COM,SpuhlerFieldMain,TeamExclusive,Team,20251018-SpuhlerFieldMain-Private-2,bef29720-ac61-11f0-ae3b-9b4a908d198a,85.74564,,,7.56556,,,,,,,072e60c5-9c43-4700-b7fc-b13f476f682d,2025-10-18,20:33:45.78,2025-10-18T16:33:45.7826304-04:00,2025-10-18T20:33:45.7826304Z,,v3,471300,,,"Harper, Dalton",1000115726,Right,NIA_COM,6e15ed9d-2bd7-42fb-a419-c0698d1420b5,54.90788,-127.21767,12.5973,5.45846,0.16131,-9.18567,-1.77749,7.20966,-6.68362,,,,,,,,,,,,,,,,,,,,,,,,,,,,,,,,,,,,,,,,,,,,,,,,,,,High,High,High,,,,,
127,2025-10-18,16:34:04.76,3,3,"Sheehy, Jackson",10147901,Right,NIA_COM,"Canody, Andrew",1000415298,Right,GEO_PAT,Undefined,4,Bottom,1,1,1,ChangeUp,Changeup,BallCalled,Undefined,Undefined,Undefined,0,0,,79.99647,-1.023988,-4.078671,1363.440455,220.723207,1:15,5.42411,1.83658,5.78786,-31.46447,12.2043,9.38898,1.84688,-1.18202,73.85305,-6.840106,-2.402255,0.475617,,,,,,,,,,,,-5.81402,6.89496,-1.50553,50,5.32053,7.91144,-115.99025,-3.04551,-7.98855,19.95287,-22.70026,GEO_PAT,NIA_COM,SpuhlerFieldMain,TeamExclusive,Team,20251018-SpuhlerFieldMain-Private-2,ca42b560-ac61-11f0-ae3b-9b4a908d198a,79.24964,,,6.14342,,,,,,,072e60c5-9c43-4700-b7fc-b13f476f682d,2025-10-18,20:34:04.76,2025-10-18T16:34:04.7616000-04:00,2025-10-18T20:34:04.7616000Z,,v3,471300,,,"Harper, Dalton",1000115726,Right,NIA_COM,7f028f74-7631-45d9-972e-005b7b810452,54.71379,-116.79831,9.97643,5.42526,-2.12618,-11.35013,-1.83248,8.23497,-3.99428,,,,,,,,,,,,,,,,,,,,,,,,,,,,,,,,,,,,,,,,,,,,,,,,,,,High,High,High,,,,,
128,2025-10-18,16:34:19.34,3,4,"Sheehy, Jackson",10147901,Right,NIA_COM,"Canody, Andrew",1000415298,Right,GEO_PAT,Undefined,4,Bottom,1,2,1,Fastball,Sinker,BallCalled,Undefined,Undefined,Undefined,0,0,,87.81835,-0.331344,-4.617032,2087.111458,224.065299,1:30,5.35558,1.99259,5.77689,-22.07533,14.50442,12.89638,3.20664,-1.23838,80.05709,-4.474409,-2.318592,0.435303,,,,,,,,,,,,-7.81241,7.82788,-1.61808,50,5.31484,9.71478,-127.15384,-1.43791,-12.79304,26.02127,-19.35569,GEO_PAT,NIA_COM,SpuhlerFieldMain,TeamExclusive,Team,20251018-SpuhlerFieldMain-Private-2,d2edf260-ac61-11f0-ae3b-9b4a908d198a,86.58899,,,7.76126,,,,,,,072e60c5-9c43-4700-b7fc-b13f476f682d,2025-10-18,20:34:19.34,2025-10-18T16:34:19.3435136-04:00,2025-10-18T20:34:19.3435136Z,,v3,471300,,,"Harper, Dalton",1000115726,Right,NIA_COM,7234bf3c-bf9d-434a-b3d8-c55f7ac386aa,54.72369,-128.11687,13.01064,5.3548,-0.72157,-9.67784,-1.98638,10.18824,-6.39652,,,,,,,,,,,,,,,,,,,,,,,,,,,,,,,,,,,,,,,,,,,,,,,,,,,High,High,High,,,,,
129,2025-10-18,16:34:35.38,3,5,"Sheehy, Jackson",10147901,Right,NIA_COM,"Canody, Andrew",1000415298,Right,GEO_PAT,Undefined,4,Bottom,1,3,1,Fastball,Changeup,BallCalled,Walk,Undefined,Undefined,0,0,,85.61067,1.389359,-3.549811,2166.278259,224.476074,1:30,5.46638,1.95233,5.67073,-22.64556,16.05489,14.51761,4.87743,-0.15195,77.66274,-2.875887,-0.962883,0.447744,,,,,,,,,,,,-8.3376,8.10674,-1.66128,50,5.56986,7.07442,-124.01869,2.31346,-12.94216,25.57356,-19.59028,GEO_PAT,NIA_COM,SpuhlerFieldMain,TeamExclusive,Team,20251018-SpuhlerFieldMain-Private-2,dc7efb80-ac61-11f0-ae3b-9b4a908d198a,84.18307,,,7.94793,,,,,,,072e60c5-9c43-4700-b7fc-b13f476f682d,2025-10-18,20:34:35.38,2025-10-18T16:34:35.3809408-04:00,2025-10-18T20:34:35.3809408Z,,v3,471300,,,"Harper, Dalton",1000115726,Right,NIA_COM,7af602ba-b33b-4979-8487-ea366ebf5e9a,54.82926,-125.01056,12.78678,5.4654,3.07326,-9.79514,-1.94539,7.57638,-6.47108,,,,,,,,,,,,,,,,,,,,,,,,,,,,,,,,,,,,,,,,,,,,,,,,,,,High,High,High,,,,,
130,2025-10-18,16:35:03.14,4,1,"Sheehy, Jackson",10147901,Right,NIA_COM,"Morse, Jackson",1000469270,Right,GEO_PAT,Undefined,4,Bottom,1,0,0,Fastball,Changeup,InPlay,Undefined,Bunt,Out,2,0,,86.07295,-0.825032,-2.36113,2143.558719,225.284422,1:30,5.32599,1.91748,5.46721,-22.62836,16.13001,14.90824,2.6674,0.94869,77.82141,-5.077055,0.291525,0.448078,32.67979,-37.482048,-16.409138,,,,,7.27958,7.11159,-15.05419,0.093244,-8.31993,8.79071,-1.72041,50,5.23833,4.51266,-124.75183,-2.52941,-12.95747,27.84864,-18.48338,GEO_PAT,NIA_COM,SpuhlerFieldMain,TeamExclusive,Team,20251018-SpuhlerFieldMain-Private-2,ed25ad80-ac61-11f0-ae3b-9b4a908d198a,84.12017,2.82182,,8.25154,,,,3.63892,2.82182,-0.92195,072e60c5-9c43-4700-b7fc-b13f476f682d,2025-10-18,20:35:03.14,2025-10-18T16:35:03.1401984-04:00,2025-10-18T20:35:03.1401984Z,GroundBall,v3,471300,,,"Harper, Dalton",1000115726,Right,NIA_COM,51176c8b-cc20-453d-ad0e-b44bd111cdf0,55.03458,-125.87069,13.92432,5.32504,-1.78681,-9.24169,-1.91218,5.03325,-6.47873,227.170054,3.63892,36.48434,-1.28232,,,,,,,2.82186,-29.17176,-11.72478,,,,,,,-0.92194,-10.74583,3.81535,,,,,,,,,,,,,,,,,,,,,,,,,,,,,High,High,High,High,High,,,
131,2025-10-18,16:37:44.58,1,1,"Parker, Aiden",10285505,Right,GEO_PAT,"Prizel, Cooper",10275157,Left,NIA_COM,Undefined,5,Top,0,0,0,Fastball,Four-Seam,BallCalled,Undefined,Undefined,Undefined,0,0,,86.96437,-1.255222,-0.855015,2167.266022,195.87394,12:30,6.38214,1.95178,6.59621,-18.00934,17.88926,4.76752,3.73096,1.56561,79.61007,-4.715222,0.012118,0.431231,,,,,,,,,,,,-2.77595,10.1389,-1.89534,50,6.28868,1.71659,-126.48948,-3.22488,-4.49463,25.94851,-15.75788,GEO_PAT,NIA_COM,SpuhlerFieldMain,TeamExclusive,Team,20251018-SpuhlerFieldMain-Private-2,4d5453f0-ac62-11f0-ae3b-9b4a908d198a,87.40655,,,7.3543,,,,,,,072e60c5-9c43-4700-b7fc-b13f476f682d,2025-10-18,20:37:44.58,2025-10-18T16:37:44.5884416-04:00,2025-10-18T20:37:44.5884416Z,,v3,471300,,,"Cowdrey, Vincent",1000469295,Right,GEO_PAT,0e619e13-49e6-42e4-ae7c-2acebff93093,53.907,-127.28845,12.97426,6.38051,-2.73968,-7.87894,-1.95032,1.85498,-2.24732,,,,,,,,,,,,,,,,,,,,,,,,,,,,,,,,,,,,,,,,,,,,,,,,,,,High,High,High,,,,,
132,2025-10-18,16:37:59.37,1,2,"Parker, Aiden",10285505,Right,GEO_PAT,"Prizel, Cooper",10275157,Left,NIA_COM,Undefined,5,Top,0,1,0,Curveball,Curveball,StrikeSwinging,Undefined,Undefined,Undefined,0,0,,77.36375,-1.755931,-3.516494,2125.173101,94.173079,9:15,6.24361,1.96089,5.82472,-45.14699,1.79059,-4.8187,0.84527,-1.71409,71.61412,-9.983405,-4.379458,0.493096,,,,,,,,,,,,1.50185,1.79264,-1.67003,50,6.0727,7.06561,-112.18371,-4.84063,1.91283,20.40486,-29.89088,GEO_PAT,NIA_COM,SpuhlerFieldMain,TeamExclusive,Team,20251018-SpuhlerFieldMain-Private-2,56391780-ac62-11f0-ae3b-9b4a908d198a,76.44033,,,5.74962,,,,,,,072e60c5-9c43-4700-b7fc-b13f476f682d,2025-10-18,20:37:59.37,2025-10-18T16:37:59.3745920-04:00,2025-10-18T20:37:59.3745920Z,,v3,471300,,,"Cowdrey, Vincent",1000469295,Right,GEO_PAT,e8462c09-31a5-4546-827e-d2de5872eecf,54.67895,-113.03155,10.20243,6.24803,-3.59863,-14.94544,-1.96197,6.98613,0.95641,,,,,,,,,,,,,,,,,,,,,,,,,,,,,,,,,,,,,,,,,,,,,,,,,,,High,High,High,,,,,
133,2025-10-18,16:38:15.07,1,3,"Parker, Aiden",10285505,Right,GEO_PAT,"Prizel, Cooper",10275157,Left,NIA_COM,Undefined,5,Top,0,1,1,Fastball,Four-Seam,StrikeCalled,Undefined,Undefined,Undefined,0,0,,88.09467,-3.516324,-2.934389,2185.340987,202.095523,12:45,6.29819,1.84929,6.61068,-16.36127,19.12981,7.25902,1.70555,-0.23601,79.98333,-6.67867,-1.615955,0.428776,,,,,,,,,,,,-4.70839,11.50308,-1.6521,50,6.05115,6.26534,-127.63201,-8.23621,-7.69155,28.63837,-13.38276,GEO_PAT,NIA_COM,SpuhlerFieldMain,TeamExclusive,Team,20251018-SpuhlerFieldMain-Private-2,5f8af4c0-ac62-11f0-ae3b-9b4a908d198a,87.90698,,,8.11135,,,,,,,072e60c5-9c43-4700-b7fc-b13f476f682d,2025-10-18,20:38:15.07,2025-10-18T16:38:15.0788096-04:00,2025-10-18T20:38:15.0788096Z,,v3,471300,,,"Cowdrey, Vincent",1000469295,Right,GEO_PAT,de557502-0379-40b1-8a48-18f22599cacb,53.8895,-128.50178,14.31918,6.29512,-7.82977,-6.69138,-1.84593,6.49894,-3.84577,,,,,,,,,,,,,,,,,,,,,,,,,,,,,,,,,,,,,,,,,,,,,,,,,,,High,High,High,,,,,
134,2025-10-18,16:38:33.90,1,4,"Parker, Aiden",10285505,Right,GEO_PAT,"Prizel, Cooper",10275157,Left,NIA_COM,Undefined,5,Top,0,1,2,Fastball,Four-Seam,InPlay,Undefined,GroundBall,Out,1,0,,89.69497,-2.548576,-1.893027,2216.67355,202.641023,12:45,6.27884,1.91084,6.61034,-15.34615,18.72832,7.32441,2.66269,0.78657,81.47925,-5.526311,-0.561201,0.420132,44.90641,10.750449,5.750996,2340.842825,,,,54.7304,53.21324,7.244391,0.903622,-4.42835,10.97331,-1.78472,50,6.0985,4.02109,-130.19401,-6.16103,-7.53696,29.47999,-13.49763,GEO_PAT,NIA_COM,SpuhlerFieldMain,TeamExclusive,Team,20251018-SpuhlerFieldMain-Private-2,6ac20cc0-ac62-11f0-ae3b-9b4a908d198a,89.71563,4.79116,,8.21572,,,,0.5992,2.60579,-0.77436,072e60c5-9c43-4700-b7fc-b13f476f682d,2025-10-18,20:38:33.90,2025-10-18T16:38:33.9036672-04:00,2025-10-18T20:38:33.9036672Z,GroundBall,v3,471300,,,"Cowdrey, Vincent",1000469295,Right,GEO_PAT,9a762041-5f94-455e-aad7-c5332cfdc01e,53.89059,-131.072,14.73999,6.276,-5.75904,-6.74882,-1.90782,4.24556,-3.76848,276.130194,0.5992,64.38104,-5.9477,0.64837,-0.20628,0.1309,-0.1384,0.07726,-0.01732,2.60579,12.28548,-17.57517,0.99242,-0.1754,0.06772,-0.03707,0.01933,-0.00442,-0.77436,6.48375,2.67667,-0.68323,0.41624,-0.56388,0.61597,-0.35377,0.08216,,,,,,,,,,,,,,,,,,,,,,,High,High,High,High,High,,,
135,2025-10-18,16:39:08.28,2,1,"Parker, Aiden",10285505,Right,GEO_PAT,"Farber, Ian",10961307,Right,NIA_COM,Undefined,5,Top,1,0,0,Fastball,Four-Seam,FoulBallNotFieldable,Undefined,Undefined,Undefined,0,0,,87.98667,-2.585459,-1.699231,2188.219453,207.431254,1:00,6.31223,1.95307,6.47709,-14.43942,21.34084,10.40619,2.732,1.25935,79.48245,-5.414045,0.188427,0.43052,92.41073,33.258438,-41.063284,3278.209741,76.24854,66.21666,-79.28489,330.38162,193.58514,-55.121432,5.035209,-5.99221,12.37249,-1.83775,50,6.12342,3.38315,-127.63411,-6.08314,-9.74568,29.7156,-12.05156,GEO_PAT,NIA_COM,SpuhlerFieldMain,TeamExclusive,Team,20251018-SpuhlerFieldMain-Private-2,7f3ef410-ac62-11f0-ae3b-9b4a908d198a,87.55097,86.50844,,8.50422,,,,1.37133,3.2609,-1.34913,072e60c5-9c43-4700-b7fc-b13f476f682d,2025-10-18,20:39:08.28,2025-10-18T16:39:08.2820608-04:00,2025-10-18T20:39:08.2820608Z,FlyBall,v3,471300,,,"Cowdrey, Vincent",1000469295,Right,GEO_PAT,824b4986-93d5-430f-a9ae-50f4a446eb57,54.02329,-128.56739,14.8578,6.30853,-5.70464,-6.02578,-1.94881,3.68923,-4.87284,,1.37541,85.3627,-23.57222,5.66558,-0.87176,0.04408,0.00677,-0.00071,-1E-05,3.26151,74.31417,-18.23969,0.634,0.21536,-0.15692,0.04901,-0.00716,0.00039,-1.35114,-74.41148,7.35561,-0.77339,-0.09962,0.07569,-0.01734,0.00179,-7E-05,,,,,,,,,,,,,,,,,,,,,,,High,High,High,Medium,Low,,,
136,2025-10-18,16:39:32.90,2,2,"Parker, Aiden",10285505,Right,GEO_PAT,"Farber, Ian",10961307,Right,NIA_COM,Undefined,5,Top,1,0,1,Fastball,Four-Seam,BallCalled,Undefined,Undefined,Undefined,0,0,,89.14821,-4.748787,-3.438011,2175.345648,203.217415,12:45,6.34493,1.8458,6.50271,-16.2717,18.6719,7.47595,0.61228,-0.69066,81.00525,-7.872048,-2.083809,0.425456,,,,,,,,,,,,-4.98878,11.62634,-1.60818,50,6.00418,7.45605,-128.89103,-11.13064,-8.30828,29.29192,-12.81153,GEO_PAT,NIA_COM,SpuhlerFieldMain,TeamExclusive,Team,20251018-SpuhlerFieldMain-Private-2,8debd1e0-ac62-11f0-ae3b-9b4a908d198a,88.59294,,,8.14296,,,,,,,072e60c5-9c43-4700-b7fc-b13f476f682d,2025-10-18,20:39:32.90,2025-10-18T16:39:32.9057280-04:00,2025-10-18T20:39:32.9057280Z,,v3,471300,,,"Cowdrey, Vincent",1000469295,Right,GEO_PAT,9fb2a4d3-bf4f-48c3-82dd-9b59e173adb5,53.99856,-129.79657,14.64596,6.34215,-10.73458,-6.40577,-1.84265,7.7129,-4.15414,,,,,,,,,,,,,,,,,,,,,,,,,,,,,,,,,,,,,,,,,,,,,,,,,,,High,High,High,,,,,
137,2025-10-18,16:39:51.70,2,3,"Parker, Aiden",10285505,Right,GEO_PAT,"Farber, Ian",10961307,Right,NIA_COM,Undefined,5,Top,1,1,1,ChangeUp,Slider,BallCalled,Undefined,Undefined,Undefined,0,0,,80.50079,-3.339705,-3.168417,2225.637666,130.301171,10:15,6.21658,2.08212,6.10019,-39.38384,3.93351,-2.92815,-0.16253,-1.09536,73.96289,-10.561027,-3.696189,0.473699,,,,,,,,,,,,0.56224,3.42429,-1.83643,50,5.93799,6.55798,-116.58801,-8.0057,0.76644,23.88161,-27.50604,GEO_PAT,NIA_COM,SpuhlerFieldMain,TeamExclusive,Team,20251018-SpuhlerFieldMain-Private-2,992310f0-ac62-11f0-ae3b-9b4a908d198a,79.57048,,,6.5379,,,,,,,072e60c5-9c43-4700-b7fc-b13f476f682d,2025-10-18,20:39:51.70,2025-10-18T16:39:51.7076480-04:00,2025-10-18T20:39:51.7076480Z,,v3,471300,,,"Cowdrey, Vincent",1000469295,Right,GEO_PAT,913fa539-9b85-4073-99d1-1c3fa2a1e8cf,54.40287,-117.48642,11.9408,6.2197,-6.97094,-13.75302,-2.0826,6.52915,0.38322,,,,,,,,,,,,,,,,,,,,,,,,,,,,,,,,,,,,,,,,,,,,,,,,,,,High,High,High,,,,,
138,2025-10-18,16:40:13.38,2,4,"Parker, Aiden",10285505,Right,GEO_PAT,"Farber, Ian",10961307,Right,NIA_COM,Undefined,5,Top,1,2,1,ChangeUp,Slider,StrikeCalled,Undefined,Undefined,Undefined,0,0,,81.33852,-1.240295,-2.904967,2139.189066,174.584235,11:45,6.16771,2.13185,6.08021,-37.21325,4.85406,-0.3337,1.91737,-0.58608,74.72841,-8.115657,-2.965029,0.466814,,,,,,,,,,,,-0.65524,3.26288,-1.9069,50,6.05199,6.00212,-118.03556,-3.70958,-0.92225,22.95505,-27.58151,GEO_PAT,NIA_COM,SpuhlerFieldMain,TeamExclusive,Team,20251018-SpuhlerFieldMain-Private-2,a61609c0-ac62-11f0-ae3b-9b4a908d198a,80.74408,,,6.61012,,,,,,,072e60c5-9c43-4700-b7fc-b13f476f682d,2025-10-18,20:40:13.38,2025-10-18T16:40:13.3811200-04:00,2025-10-18T20:40:13.3811200Z,,v3,471300,,,"Cowdrey, Vincent",1000469295,Right,GEO_PAT,f7dc74e5-711d-4f32-a8c4-46a4b0bf082f,54.42158,-118.89234,11.47753,6.17123,-2.68012,-13.79076,-2.13157,6.03654,-0.46113,,,,,,,,,,,,,,,,,,,,,,,,,,,,,,,,,,,,,,,,,,,,,,,,,,,High,High,High,,,,,
139,2025-10-18,16:40:31.12,2,5,"Parker, Aiden",10285505,Right,GEO_PAT,"Farber, Ian",10961307,Right,NIA_COM,Undefined,5,Top,1,2,2,Fastball,Four-Seam,BallCalled,Undefined,Undefined,Undefined,0,0,,89.90532,-4.132402,-3.470484,2182.706971,206.867485,1:00,6.26084,1.95159,6.37526,-18.57036,16.00623,7.47516,0.89749,-0.62258,81.46846,-7.66842,-2.119439,0.423216,,,,,,,,,,,,-5.01343,10.03127,-1.70423,50,5.95292,7.58983,-130.02602,-9.92238,-8.47024,30.60464,-15.22618,GEO_PAT,NIA_COM,SpuhlerFieldMain,TeamExclusive,Team,20251018-SpuhlerFieldMain-Private-2,b09f0770-ac62-11f0-ae3b-9b4a908d198a,89.06186,,,8.43686,,,,,,,072e60c5-9c43-4700-b7fc-b13f476f682d,2025-10-18,20:40:31.12,2025-10-18T16:40:31.1212032-04:00,2025-10-18T20:40:31.1212032Z,,v3,471300,,,"Cowdrey, Vincent",1000469295,Right,GEO_PAT,170aeb7f-d913-43e0-bf38-52d4b4bcec9c,54.12571,-130.9935,15.30232,6.25898,-9.44105,-7.61309,-1.94839,7.85759,-4.23512,,,,,,,,,,,,,,,,,,,,,,,,,,,,,,,,,,,,,,,,,,,,,,,,,,,High,High,High,,,,,
140,2025-10-18,16:40:48.08,2,6,"Parker, Aiden",10285505,Right,GEO_PAT,"Farber, Ian",10961307,Right,NIA_COM,Undefined,5,Top,1,3,2,ChangeUp,Curveball,InPlay,Undefined,GroundBall,Error,0,0,,77.02691,-0.375465,-0.904999,2081.511683,106.435604,9:30,6.1798,1.95158,5.5719,-44.03357,3.88646,-7.81071,2.15956,0.45524,70.52563,-8.446654,-2.30041,0.49823,47.7841,-52.641859,-58.225545,,,,,3.91391,3.91391,-30.647987,0.041163,3.70902,2.5104,-1.86822,50,6.11847,2.05794,-111.80637,-2.13374,4.66092,21.52382,-29.01941,GEO_PAT,NIA_COM,SpuhlerFieldMain,TeamExclusive,Team,20251018-SpuhlerFieldMain-Private-2,bac5e7f0-ac62-11f0-ae3b-9b4a908d198a,75.65267,2.30991,,6.50128,,,,2.43864,2.30991,-0.49606,072e60c5-9c43-4700-b7fc-b13f476f682d,2025-10-18,20:40:48.08,2025-10-18T16:40:48.0826880-04:00,2025-10-18T20:40:48.0826880Z,GroundBall,v3,471300,,,"Cowdrey, Vincent",1000469295,Right,GEO_PAT,4e30ab30-cc32-4cf9-99fb-03b616d2fb6b,54.93037,-112.75152,10.76191,6.18419,-0.85945,-14.50971,-1.95409,1.85327,2.33046,,2.43754,22.55814,,,,,,,,2.31263,-56.11628,,,,,,,,-0.49429,-36.41879,,,,,,,,,,,,,,,,,,,,,,,,,,,,,,High,High,High,Estimated,Estimated,,,
141,2025-10-18,16:41:24.54,3,1,"Parker, Aiden",10285505,Right,GEO_PAT,"Gravelle, Cameron",10005014,Left,NIA_COM,Undefined,5,Top,1,0,0,Fastball,Four-Seam,BallCalled,Undefined,Undefined,Undefined,0,0,,85.56147,-4.506077,-3.588117,2083.810673,198.985047,12:45,6.41869,2.15186,6.56442,-18.87473,18.84603,6.03441,0.69796,-0.63916,78.0604,-8.106193,-2.494021,0.44204,,,,,,,,,,,,-4.28331,11.67875,-1.90699,50,6.09903,7.54769,-123.78805,-10.24221,-6.5966,26.43379,-14.18794,GEO_PAT,NIA_COM,SpuhlerFieldMain,TeamExclusive,Team,20251018-SpuhlerFieldMain-Private-2,d072ead0-ac62-11f0-ae3b-9b4a908d198a,85.26926,,,7.50107,,,,,,,072e60c5-9c43-4700-b7fc-b13f476f682d,2025-10-18,20:41:24.54,2025-10-18T16:41:24.5458944-04:00,2025-10-18T20:41:24.5458944Z,,v3,471300,,,"Cowdrey, Vincent",1000469295,Right,GEO_PAT,020d02ce-3579-427c-bd28-0a195df8d427,53.93817,-124.62617,13.21689,6.41665,-9.79236,-7.09397,-2.14962,7.75684,-3.2983,,,,,,,,,,,,,,,,,,,,,,,,,,,,,,,,,,,,,,,,,,,,,,,,,,,High,High,High,,,,,
142,2025-10-18,16:41:47.85,3,2,"Parker, Aiden",10285505,Right,GEO_PAT,"Gravelle, Cameron",10005014,Left,NIA_COM,Undefined,5,Top,1,1,0,Fastball,Four-Seam,FoulBallNotFieldable,Undefined,Undefined,Undefined,0,0,,86.63056,-2.079333,-3.373329,2097.005281,201.554315,12:45,6.31885,1.88979,6.75935,-18.85265,17.12056,6.32618,2.84441,-0.66778,79.59424,-5.687787,-2.22204,0.431679,97.94839,24.705195,35.633762,2808.036025,83.26897,42.08644,71.87645,291.69877,281.78078,49.844808,3.572478,-4.28847,9.98839,-1.67104,50,6.17492,7.19523,-125.81288,-5.03992,-6.89449,24.80344,-16.1159,GEO_PAT,NIA_COM,SpuhlerFieldMain,TeamExclusive,Team,20251018-SpuhlerFieldMain-Private-2,de58cf20-ac62-11f0-ae3b-9b4a908d198a,87.31588,49.38909,,7.03632,,,,2.3291,2.89085,0.84146,072e60c5-9c43-4700-b7fc-b13f476f682d,2025-10-18,20:41:47.85,2025-10-18T16:41:47.8560256-04:00,2025-10-18T20:41:47.8560256Z,FlyBall,v3,471300,,,"Cowdrey, Vincent",1000469295,Right,GEO_PAT,e51fff92-b8fb-4dc2-a5ad-f8a1a6582dc3,53.74399,-126.54884,12.40172,6.31737,-4.56174,-8.05795,-1.88757,7.3998,-3.44725,,2.32856,106.08876,-30.19542,8.60403,-2.38532,0.6251,-0.13927,0.01963,-0.00119,2.89115,60.03219,-22.02504,1.83819,-0.02308,-0.10117,0.03583,-0.00505,0.00021,0.84081,76.05606,-1.95331,-1.88628,0.70549,-0.09421,-0.01462,0.00657,-0.00065,,,,,,,,,,,,,,,,,,,,,,,High,High,High,High,Medium,,,
143,2025-10-18,16:42:26.58,3,3,"Parker, Aiden",10285505,Right,GEO_PAT,"Gravelle, Cameron",10005014,Left,NIA_COM,Undefined,5,Top,1,1,1,Fastball,Changeup,InPlay,Undefined,LineDrive,Out,1,0,,86.32643,-2.404698,-2.599345,2178.421907,220.438801,1:15,6.2753,2.04119,6.61055,-21.90135,14.85103,11.59827,2.24394,0.62509,78.65967,-6.57599,-0.490454,0.436329,93.12109,21.746461,-7.263216,2342.058235,108.06941,38.64936,-20.51744,309.91721,305.30001,-15.53224,3.872842,-6.89685,8.90662,-1.86864,50,6.10217,5.26252,-125.28969,-5.84376,-10.88678,26.95261,-18.11485,GEO_PAT,NIA_COM,SpuhlerFieldMain,TeamExclusive,Team,20251018-SpuhlerFieldMain-Private-2,f5703770-ac62-11f0-ae3b-9b4a908d198a,86.38535,47.09931,,7.66676,,,,1.18294,2.27741,-0.62108,072e60c5-9c43-4700-b7fc-b13f476f682d,2025-10-18,20:42:26.58,2025-10-18T16:42:26.5894912-04:00,2025-10-18T20:42:26.5894912Z,LineDrive,v3,471300,,,"Cowdrey, Vincent",1000469295,Right,GEO_PAT,ee4de7ee-9851-491b-8404-9957cdb0f8cf,53.89121,-126.124,13.47631,6.27438,-5.28302,-9.05743,-2.03675,5.59951,-5.44339,142.955849,1.18241,125.85613,-25.50105,6.44116,-1.61901,0.42681,-0.10132,0.01573,-0.00105,2.27839,50.57288,-14.47285,-0.56668,0.78754,-0.37477,0.10883,-0.01656,0.001,-0.62102,-16.0404,-5.55477,2.72943,-0.87842,0.21525,-0.03962,0.00463,-0.00024,,,,,,,,,,,,,,,,,,,,,,,High,High,High,High,High,,,
144,2025-10-18,16:43:00.05,4,1,"Parker, Aiden",10285505,Right,GEO_PAT,"Rossano, Cooper",10108170,Right,NIA_COM,Undefined,5,Top,2,0,0,Curveball,Curveball,BallCalled,Undefined,Undefined,Undefined,0,0,,77.70343,-1.485994,-2.703074,2062.154024,76.108314,8:30,6.21964,2.19322,6.0802,-47.0379,-0.56382,-8.58067,0.92306,-1.02471,71.26557,-10.120911,-4.249558,0.490656,,,,,,,,,,,,3.60229,0.6111,-1.97955,50,6.07977,5.62497,-112.71208,-4.34365,4.57867,22.77152,-31.39734,GEO_PAT,NIA_COM,SpuhlerFieldMain,TeamExclusive,Team,20251018-SpuhlerFieldMain-Private-2,09727080-ac63-11f0-ae3b-9b4a908d198a,76.82057,,,6.43787,,,,,,,072e60c5-9c43-4700-b7fc-b13f476f682d,2025-10-18,20:43:00.05,2025-10-18T16:43:00.0573440-04:00,2025-10-18T20:43:00.0573440Z,,v3,471300,,,"Cowdrey, Vincent",1000469295,Right,GEO_PAT,a7dc5f48-faf1-4e97-8d1a-617b1dc7329d,54.42233,-113.60202,11.38576,6.22555,-3.1166,-15.69867,-2.19588,5.44603,2.28933,,,,,,,,,,,,,,,,,,,,,,,,,,,,,,,,,,,,,,,,,,,,,,,,,,,High,High,High,,,,,
145,2025-10-18,16:43:16.05,4,2,"Parker, Aiden",10285505,Right,GEO_PAT,"Rossano, Cooper",10108170,Right,NIA_COM,Undefined,5,Top,2,1,0,Curveball,Curveball,StrikeCalled,Undefined,Undefined,Undefined,0,0,,75.42068,1.316975,-0.915858,2000.908153,54.87525,7:45,6.19839,2.05918,5.95411,-54.20164,-5.08803,-9.43028,2.90339,0.42384,69.28518,-8.641856,-2.612428,0.504397,,,,,,,,,,,,4.57217,-2.52099,-1.9811,50,6.27288,2.08631,-109.5882,0.86703,5.53509,20.18297,-35.22598,GEO_PAT,NIA_COM,SpuhlerFieldMain,TeamExclusive,Team,20251018-SpuhlerFieldMain-Private-2,12fb6350-ac63-11f0-ae3b-9b4a908d198a,74.72776,,,6.1355,,,,,,,072e60c5-9c43-4700-b7fc-b13f476f682d,2025-10-18,20:43:16.05,2025-10-18T16:43:16.0598528-04:00,2025-10-18T20:43:16.0598528Z,,v3,471300,,,"Cowdrey, Vincent",1000469295,Right,GEO_PAT,3206bcf2-947f-4190-be54-0ce1b6ff43a3,54.54981,-110.42296,10.09149,6.20689,2.32397,-17.61299,-2.06266,1.85738,2.76754,,,,,,,,,,,,,,,,,,,,,,,,,,,,,,,,,,,,,,,,,,,,,,,,,,,High,High,High,,,,,
146,2025-10-18,16:44:10.60,4,3,"Parker, Aiden",10285505,Right,GEO_PAT,"Rossano, Cooper",10108170,Right,NIA_COM,Undefined,5,Top,2,1,1,Curveball,Curveball,FoulBallNotFieldable,Undefined,Undefined,Undefined,0,0,,76.92062,-0.987755,-2.281028,2053.099558,60.013104,8:00,6.25905,2.09376,6.0895,-48.41298,-1.50402,-5.10481,1.31007,-0.4429,71.11457,-9.866719,-3.201863,0.492946,68.01283,-49.266108,-67.184522,,,,,3.19532,3.19532,-14.900152,0.019944,2.0152,-0.14157,-1.91492,50,6.15688,4.62571,-111.75241,-3.36594,2.54293,20.54491,-32.35271,GEO_PAT,NIA_COM,SpuhlerFieldMain,TeamExclusive,Team,20251018-SpuhlerFieldMain-Private-2,337830e0-ac63-11f0-ae3b-9b4a908d198a,76.46363,1.51109,,5.80606,,,,2.58328,1.51109,0.37785,072e60c5-9c43-4700-b7fc-b13f476f682d,2025-10-18,20:44:10.60,2025-10-18T16:44:10.6049024-04:00,2025-10-18T20:44:10.6049024Z,GroundBall,v3,471300,,,"Cowdrey, Vincent",1000469295,Right,GEO_PAT,3121362f-648f-4728-83e9-b0258d57a0fe,54.41494,-112.56115,10.27245,6.26431,-2.0924,-16.17636,-2.09504,4.52561,1.27147,,2.58309,25.3004,,,,,,,,1.51166,-75.7657,,,,,,,,0.37831,-60.14179,,,,,,,,,,,,,,,,,,,,,,,,,,,,,,High,High,High,Estimated,Estimated,,,
147,2025-10-18,16:44:36.79,4,4,"Parker, Aiden",10285505,Right,GEO_PAT,"Rossano, Cooper",10108170,Right,NIA_COM,Undefined,5,Top,2,1,2,Fastball,Four-Seam,StrikeCalled,Strikeout,Undefined,Undefined,0,0,,89.02436,-3.224845,-2.987271,2145.091992,207.813625,1:00,6.26339,1.80474,6.52422,-19.8184,14.6158,7.14571,1.6459,-0.34309,81.85936,-6.973513,-1.691106,0.422344,,,,,,,,,,,,-4.56961,8.87678,-1.5997,50,6.02975,6.4701,-129.15768,-7.83568,-7.7416,26.16142,-17.13543,GEO_PAT,NIA_COM,SpuhlerFieldMain,TeamExclusive,Team,20251018-SpuhlerFieldMain-Private-2,430b9e20-ac63-11f0-ae3b-9b4a908d198a,89.24581,,,7.165,,,,,,,072e60c5-9c43-4700-b7fc-b13f476f682d,2025-10-18,20:44:36.79,2025-10-18T16:44:36.7910000-04:00,2025-10-18T20:44:36.7910000Z,,v3,471300,,,"Cowdrey, Vincent",1000469295,Right,GEO_PAT,de08e4de-6a83-4fdc-aa97-f39e4fdf888f,53.97842,-129.96103,13.08071,6.26228,-7.3095,-8.56772,-1.80203,6.70783,-3.8708,,,,,,,,,,,,,,,,,,,,,,,,,,,,,61.22563,,,1.055664,,,,5.4864,5.60428,2.40867,75.34367,1.62228,49.43602,5.5184,74.43782,-8.13896,5.61346,9.64672,-12.81553,2.42086,48.17767,-3.5583,High,High,High,,,High,High,Medium
148,2025-10-18,16:47:05.43,1,1,"Sheehy, Jackson",10147901,Right,NIA_COM,"Clyne , Owen",1000230336,Left,GEO_PAT,Undefined,5,Bottom,0,0,0,Fastball,Four-Seam,BallCalled,Undefined,Undefined,Undefined,0,0,,88.78012,-4.922996,-1.154253,2216.177531,218.716243,1:15,6.27769,0.71283,5.69756,-19.24249,16.98391,12.59107,0.07402,0.68626,80.85118,-8.520965,1.09931,0.433196,,,,,,,,,,,,-6.843,10.54658,-0.62423,50,5.85144,2.06267,-128.39549,-11.66653,-11.31552,28.92186,-14.73426,GEO_PAT,NIA_COM,SpuhlerFieldMain,TeamExclusive,Team,20251018-SpuhlerFieldMain-Private-2,9b9db870-ac63-11f0-ae3b-9b4a908d198a,87.01015,,,7.92894,,,,,,,072e60c5-9c43-4700-b7fc-b13f476f682d,2025-10-18,20:47:05.43,2025-10-18T16:47:05.4364672-04:00,2025-10-18T20:47:05.4364672Z,,v3,471300,,,"Harper, Dalton",1000115726,Right,NIA_COM,0bec261e-bc99-4add-89fb-9bdc8631b034,54.80523,-129.47337,14.46093,6.276,-11.1174,-7.36713,-0.70896,2.48439,-5.65776,,,,,,,,,,,,,,,,,,,,,,,,,,,,,,,,,,,,,,,,,,,,,,,,,,,High,High,High,,,,,
149,2025-10-18,16:47:21.54,1,2,"Sheehy, Jackson",10147901,Right,NIA_COM,"Clyne , Owen",1000230336,Left,GEO_PAT,Undefined,5,Bottom,0,1,0,Fastball,Four-Seam,InPlay,Undefined,FlyBall,Out,1,0,,87.93964,-2.482162,-1.673004,2244.178066,204.377517,12:45,6.24449,0.46905,6.00884,-17.61009,18.8456,7.94528,2.47485,-0.41931,79.50669,-5.854833,-0.244205,0.434564,103.55087,13.994834,17.128635,1210.065084,105.04852,25.98029,32.63135,305.12004,301.81833,18.980682,3.196772,-4.63366,10.87154,-0.342,50,6.03982,3.39856,-127.47882,-6.01563,-7.52282,29.48305,-14.52395,GEO_PAT,NIA_COM,SpuhlerFieldMain,TeamExclusive,Team,20251018-SpuhlerFieldMain-Private-2,a5409be0-ac63-11f0-ae3b-9b4a908d198a,86.73617,32.14794,,8.43296,,,,2.46503,2.59967,0.42894,072e60c5-9c43-4700-b7fc-b13f476f682d,2025-10-18,20:47:21.54,2025-10-18T16:47:21.5449088-04:00,2025-10-18T20:47:21.5449088Z,LineDrive,v3,471300,,,"Harper, Dalton",1000115726,Right,NIA_COM,6c3ce357-d273-4d9f-adf5-7a9bcd548a23,54.49171,-128.51346,14.74153,6.24198,-5.50595,-7.26198,-0.4659,3.66255,-3.76141,181.865147,2.46512,140.82401,-29.29565,6.88056,-1.27894,0.16777,-0.01057,-0.00054,0.0001,2.59953,36.73985,-10.06291,-1.28057,0.2152,0.09568,-0.05514,0.01126,-0.00086,0.42901,43.39648,-8.54134,2.60495,-0.5154,0.03667,0.01158,-0.00341,0.00029,,,,,,,,,,,,,,,,,,,,,,,High,High,High,High,High,,,
150,2025-10-18,16:47:53.44,2,1,"Sheehy, Jackson",10147901,Right,NIA_COM,"Bagnerise , Julius",1000469309,Right,GEO_PAT,Undefined,5,Bottom,1,0,0,Fastball,Four-Seam,StrikeCalled,Undefined,Undefined,Undefined,0,0,,89.36974,-2.510718,-1.309713,2241.179306,218.30552,1:15,6.25338,0.60752,6.11517,-19.6382,15.42961,11.21583,2.29327,0.33095,81.03954,-6.238173,0.712497,0.426212,,,,,,,,,,,,-6.15544,9.09174,-0.51258,50,6.05036,2.4905,-129.60188,-6.25861,-10.35918,29.74799,-16.87329,GEO_PAT,NIA_COM,SpuhlerFieldMain,TeamExclusive,Team,20251018-SpuhlerFieldMain-Private-2,b82aae30-ac63-11f0-ae3b-9b4a908d198a,88.43586,,,8.33019,,,,,,,072e60c5-9c43-4700-b7fc-b13f476f682d,2025-10-18,20:47:53.44,2025-10-18T16:47:53.4496768-04:00,2025-10-18T20:47:53.4496768Z,,v3,471300,,,"Harper, Dalton",1000115726,Right,NIA_COM,65a6665d-5614-49f3-9eef-699c6b0dbf7c,54.38411,-130.6043,14.874,6.25167,-5.69003,-8.43664,-0.60239,2.83957,-5.17959,,,,,,,,,,,,,,,,,,,,,,,,,,,,,,,,,,,,,,,,,,,,,,,,,,,High,High,High,,,,,
151,2025-10-18,16:48:06.01,2,2,"Sheehy, Jackson",10147901,Right,NIA_COM,"Bagnerise , Julius",1000469309,Right,GEO_PAT,Undefined,5,Bottom,1,0,1,Fastball,Four-Seam,BallCalled,Undefined,Undefined,Undefined,0,0,,89.92877,-2.265301,-0.172854,2246.238066,205.289284,12:45,6.20238,0.69824,5.80951,-17.47584,17.57875,7.71933,2.63829,1.18077,81.3921,-5.591496,1.210884,0.426132,,,,,,,,,,,,-3.9717,10.02292,-0.68861,50,6.00619,0.05391,-130.3784,-5.67507,-6.75842,30.33079,-15.11863,GEO_PAT,NIA_COM,SpuhlerFieldMain,TeamExclusive,Team,20251018-SpuhlerFieldMain-Private-2,bfa47010-ac63-11f0-ae3b-9b4a908d198a,88.45256,,,8.53666,,,,,,,072e60c5-9c43-4700-b7fc-b13f476f682d,2025-10-18,20:48:06.01,2025-10-18T16:48:06.0168704-04:00,2025-10-18T20:48:06.0168704Z,,v3,471300,,,"Harper, Dalton",1000115726,Right,NIA_COM,6aeac824-983a-4bd5-92d0-f9afd8d17582,54.68933,-131.46479,15.16539,6.19976,-5.13356,-7.55931,-0.69488,0.29598,-3.37921,,,,,,,,,,,,,,,,,,,,,,,,,,,,,,,,,,,,,,,,,,,,,,,,,,,High,High,High,,,,,
152,2025-10-18,16:48:20.89,2,3,"Sheehy, Jackson",10147901,Right,NIA_COM,"Bagnerise , Julius",1000469309,Right,GEO_PAT,Undefined,5,Bottom,1,1,1,Fastball,Four-Seam,BallCalled,Undefined,Undefined,Undefined,0,0,,89.17789,-1.103614,0.057878,2247.760726,204.75318,12:45,6.23667,0.72866,5.99206,-18.41166,17.03769,7.2704,3.67942,1.38817,80.44967,-4.6253,1.365342,0.428524,,,,,,,,,,,,-3.67673,9.44595,-0.73699,50,6.13949,-0.44604,-129.35472,-3.01696,-6.14299,30.48823,-16.39206,GEO_PAT,NIA_COM,SpuhlerFieldMain,TeamExclusive,Team,20251018-SpuhlerFieldMain-Private-2,c8864d70-ac63-11f0-ae3b-9b4a908d198a,87.95868,,,8.72822,,,,,,,072e60c5-9c43-4700-b7fc-b13f476f682d,2025-10-18,20:48:20.89,2025-10-18T16:48:20.8978944-04:00,2025-10-18T20:48:20.8978944Z,,v3,471300,,,"Harper, Dalton",1000115726,Right,NIA_COM,b039dc96-2c04-4990-a922-bea00dd7769b,54.50541,-130.41229,15.24411,6.23428,-2.44835,-8.19603,-0.72521,-0.23295,-3.0715,,,,,,,,,,,,,,,,,,,,,,,,,,,,,,,,,,,,,,,,,,,,,,,,,,,High,High,High,,,,,
153,2025-10-18,16:48:33.76,2,4,"Sheehy, Jackson",10147901,Right,NIA_COM,"Bagnerise , Julius",1000469309,Right,GEO_PAT,Undefined,5,Bottom,1,2,1,Fastball,Sinker,StrikeSwinging,Undefined,Undefined,Undefined,0,0,,88.29507,-2.963987,-0.592436,2223.183027,231.020752,1:45,6.22116,0.50531,5.76688,-21.90761,14.4708,16.32552,1.63428,1.31435,80.30124,-7.063293,2.333226,0.434103,,,,,,,,,,,,-8.48989,8.65315,-0.46623,50,5.96247,0.62511,-127.99099,-7.32649,-13.94932,28.7605,-17.95646,GEO_PAT,NIA_COM,SpuhlerFieldMain,TeamExclusive,Team,20251018-SpuhlerFieldMain-Private-2,d04e7d70-ac63-11f0-ae3b-9b4a908d198a,86.82825,,,7.99382,,,,,,,072e60c5-9c43-4700-b7fc-b13f476f682d,2025-10-18,20:48:33.76,2025-10-18T16:48:33.7680896-04:00,2025-10-18T20:48:33.7680896Z,,v3,471300,,,"Harper, Dalton",1000115726,Right,NIA_COM,a5614ad3-133d-4f83-b8a5-5d5f7ddeea26,54.73388,-129.05034,14.38025,6.22015,-6.66509,-8.97823,-0.49872,1.13891,-6.97466,,,,,,,,,,,,,,,,,,,,,,,,,,,,,,,,,,,,,,,,,,,,,,,,,,,High,High,High,,,,,
154,2025-10-18,16:48:48.48,2,5,"Sheehy, Jackson",10147901,Right,NIA_COM,"Bagnerise , Julius",1000469309,Right,GEO_PAT,Undefined,5,Bottom,1,2,2,Fastball,Sinker,InPlay,Undefined,GroundBall,Out,1,0,,89.30923,-2.879443,-0.683652,2255.729948,226.610583,1:30,6.33616,0.7534,5.97633,-20.73863,14.67828,14.18076,1.93608,1.30131,80.84292,-6.793509,1.867514,0.428328,71.84976,7.122967,-28.733106,3322.224504,,,,89.63823,86.59808,-33.013081,0.951005,-7.49914,8.82953,-0.70713,50,6.09675,0.9466,-129.4552,-7.14616,-12.54607,30.59235,-17.40221,GEO_PAT,NIA_COM,SpuhlerFieldMain,TeamExclusive,Team,20251018-SpuhlerFieldMain-Private-2,d91aaff0-ac63-11f0-ae3b-9b4a908d198a,87.99891,4.37829,,8.46631,,,,1.01453,1.76805,-1.19801,072e60c5-9c43-4700-b7fc-b13f476f682d,2025-10-18,20:48:48.48,2025-10-18T16:48:48.4860416-04:00,2025-10-18T20:48:48.4860416Z,GroundBall,v3,471300,,,"Harper, Dalton",1000115726,Right,NIA_COM,f731acaa-9f77-4bfb-90fd-29ca1f19abc5,54.52394,-130.5199,15.29618,6.33491,-6.54051,-8.7011,-0.74767,1.38324,-6.27303,99.214384,1.1078,90.3422,-13.20333,,,,,,,1.81103,12.45316,-15.1412,,,,,,,-1.17302,-50.63663,0.51928,,,,,,,,,,,,,,,,,,,,,,,,,,,,,High,High,High,High,High,,,
155,2025-10-18,16:49:18.13,3,1,"Sheehy, Jackson",10147901,Right,NIA_COM,"Cowdrey, Vincent",1000469295,Right,GEO_PAT,Undefined,5,Bottom,2,0,0,Fastball,Four-Seam,StrikeCalled,Undefined,Undefined,Undefined,0,0,,90.14848,-3.335349,-2.482469,2289.572471,221.787691,1:30,6.14365,0.71051,6.1328,-19.30387,15.07206,12.4239,1.44565,-0.55023,82.12368,-6.98455,-0.243369,0.421987,,,,,,,,,,,,-7.1591,9.12587,-0.52709,50,5.8783,5.15063,-130.63855,-8.19496,-12.29543,29.11589,-16.50076,GEO_PAT,NIA_COM,SpuhlerFieldMain,TeamExclusive,Team,20251018-SpuhlerFieldMain-Private-2,eac5d9a0-ac63-11f0-ae3b-9b4a908d198a,89.32141,,,8.0248,,,,,,,072e60c5-9c43-4700-b7fc-b13f476f682d,2025-10-18,20:49:18.13,2025-10-18T16:49:18.1328384-04:00,2025-10-18T20:49:18.1328384Z,,v3,471300,,,"Harper, Dalton",1000115726,Right,NIA_COM,83daff84-0d72-4a09-9b3e-50ad22f6e6df,54.36859,-131.60859,14.55795,6.14217,-7.64522,-8.25038,-0.70551,5.56027,-6.14772,,,,,,,,,,,,,,,,,,,,,,,,,,,,,,,,,,,,,,,,,,,,,,,,,,,High,High,High,,,,,
156,2025-10-18,16:49:30.30,3,2,"Sheehy, Jackson",10147901,Right,NIA_COM,"Cowdrey, Vincent",1000469295,Right,GEO_PAT,Undefined,5,Bottom,2,0,1,Fastball,Four-Seam,BallCalled,Undefined,Undefined,Undefined,0,0,,89.12864,-4.433867,-1.76039,2235.263964,222.91022,1:30,6.19118,0.60111,6.24145,-20.86789,14.03898,11.99453,0.35212,-0.0237,81.78776,-8.343292,0.408306,0.425233,,,,,,,,,,,,-6.81536,8.90737,-0.47607,50,5.84969,3.50925,-129.17088,-10.64252,-11.49188,27.40698,-17.15469,GEO_PAT,NIA_COM,SpuhlerFieldMain,TeamExclusive,Team,20251018-SpuhlerFieldMain-Private-2,f2002180-ac63-11f0-ae3b-9b4a908d198a,88.63951,,,7.34088,,,,,,,072e60c5-9c43-4700-b7fc-b13f476f682d,2025-10-18,20:49:30.30,2025-10-18T16:49:30.3098368-04:00,2025-10-18T20:49:30.3098368Z,,v3,471300,,,"Harper, Dalton",1000115726,Right,NIA_COM,58756802-1285-44ad-bd40-13e51dcaca47,54.26247,-130.07213,13.70349,6.19038,-10.0784,-8.57735,-0.59768,3.88715,-5.74594,,,,,,,,,,,,,,,,,,,,,,,,,,,,,,,,,,,,,,,,,,,,,,,,,,,High,High,High,,,,,
157,2025-10-18,16:49:46.15,3,3,"Sheehy, Jackson",10147901,Right,NIA_COM,"Cowdrey, Vincent",1000469295,Right,GEO_PAT,Undefined,5,Bottom,2,1,1,Fastball,Four-Seam,BallCalled,Undefined,Undefined,Undefined,0,0,,88.38931,-3.977892,-3.193259,2194.414387,202.273787,12:45,6.17208,0.5755,6.10091,-18.07847,17.80115,6.78839,0.97479,-1.81528,80.59156,-7.403986,-1.972389,0.431117,,,,,,,,,,,,-4.41276,10.70044,-0.3329,50,5.85539,6.85325,-127.88289,-9.41128,-7.27242,27.55872,-14.53929,GEO_PAT,NIA_COM,SpuhlerFieldMain,TeamExclusive,Team,20251018-SpuhlerFieldMain-Private-2,fb758c50-ac63-11f0-ae3b-9b4a908d198a,87.42967,,,7.79774,,,,,,,072e60c5-9c43-4700-b7fc-b13f476f682d,2025-10-18,20:49:46.15,2025-10-18T16:49:46.1512704-04:00,2025-10-18T20:49:46.1512704Z,,v3,471300,,,"Harper, Dalton",1000115726,Right,NIA_COM,8b8526c1-6cc5-4db7-a21d-951deb267fa9,54.39864,-128.82731,13.77936,6.16938,-8.91303,-7.26965,-0.57203,7.10247,-3.63621,,,,,,,,,,,,,,,,,,,,,,,,,,,,,,,,,,,,,,,,,,,,,,,,,,,High,High,High,,,,,
158,2025-10-18,16:50:00.78,3,4,"Sheehy, Jackson",10147901,Right,NIA_COM,"Cowdrey, Vincent",1000469295,Right,GEO_PAT,Undefined,5,Bottom,2,2,1,Fastball,Four-Seam,InPlay,Undefined,LineDrive,Out,1,0,,87.93045,-2.222223,-1.267659,2189.321113,199.81798,12:45,6.33155,0.67402,6.1165,-21.86222,14.27851,4.69827,2.45346,-0.10675,79.92352,-6.350774,-0.420513,0.432683,89.99893,19.396133,-22.603171,1863.572718,98.96176,28.57675,-48.02639,244.72296,235.0893,-30.667557,2.793721,-2.84827,8.43548,-0.57936,50,6.14967,2.63995,-127.6102,-5.60692,-4.64995,28.70012,-18.40274,GEO_PAT,NIA_COM,SpuhlerFieldMain,TeamExclusive,Team,20251018-SpuhlerFieldMain-Private-2,0426bcc0-ac64-11f0-ae3b-9b4a908d198a,87.1133,29.94848,,8.00693,,,,1.98105,2.53893,0.09132,072e60c5-9c43-4700-b7fc-b13f476f682d,2025-10-18,20:50:00.78,2025-10-18T16:50:00.7851520-04:00,2025-10-18T20:50:00.7851520Z,LineDrive,v3,471300,,,"Harper, Dalton",1000115726,Right,NIA_COM,fc5fc097-460e-4a94-a359-d7040200643a,54.38595,-128.59284,14.35006,6.33085,-4.97684,-9.20137,-0.67247,2.79915,-2.32498,116.524686,1.98112,114.94139,-22.32102,4.55705,-0.74438,-0.04653,0.07609,-0.02202,0.00231,2.53889,43.83805,-19.31452,1.73553,-0.38892,0.15038,-0.05604,0.0132,-0.00132,0.0912,-47.8466,-1.39357,2.00488,-0.7435,0.21527,-0.05151,0.00889,-0.00074,,,,,,,,,,,,,,,,,,,,,,,High,High,High,High,High,,,
159,2025-10-18,16:52:52.67,1,1,"Wrehe, Thomas",1000101597,Right,GEO_PAT,"Schaefer, Mikey",10126964,Left,NIA_COM,Undefined,6,Top,0,0,0,Sinker,Changeup,BallCalled,Undefined,Undefined,Undefined,0,0,,85.40311,-2.213322,-5.142963,1811.99625,268.818912,3:00,5.79881,2.08872,4.67737,-38.93156,1.80138,18.48052,0.4429,-1.26884,77.81606,-9.209931,-1.909445,0.459351,,,,,,,,,,,,-10.76989,1.85248,-1.58199,50,5.53706,10.26499,-123.24816,-6.32655,-16.42552,26.4317,-29.34874,GEO_PAT,NIA_COM,SpuhlerFieldMain,TeamExclusive,Team,20251018-SpuhlerFieldMain-Private-2,6aa2b300-ac64-11f0-ae3b-9b4a908d198a,82.05594,,,7.58705,,,,,,,072e60c5-9c43-4700-b7fc-b13f476f682d,2025-10-18,20:52:52.67,2025-10-18T16:52:52.6711296-04:00,2025-10-18T20:52:52.6711296Z,,v3,471300,,,"Cowdrey, Vincent",1000469295,Right,GEO_PAT,f6a9f170-ef97-458c-a0e1-cd3ad53f7090,55.82711,-124.49156,13.21585,5.8022,-4.94592,-14.67437,-2.08305,11.03769,-8.21276,,,,,,,,,,,,,,,,,,,,,,,,,,,,,,,,,,,,,,,,,,,,,,,,,,,High,High,High,,,,,
160,2025-10-18,16:53:12.65,1,2,"Wrehe, Thomas",1000101597,Right,GEO_PAT,"Schaefer, Mikey",10126964,Left,NIA_COM,Undefined,6,Top,0,1,0,Sinker,Changeup,FoulBallNotFieldable,Undefined,Undefined,Undefined,0,0,,85.20208,-0.076192,-3.012376,1807.185453,277.824735,3:15,5.81321,1.9815,4.52666,-42.56392,-1.22213,20.2019,2.19355,0.79347,76.6757,-7.752808,0.524019,0.462771,,,,,,,,,,,,-10.93926,-0.21213,-1.68747,50,5.76476,5.54004,-123.17569,-1.90374,-16.47494,28.96817,-32.49354,GEO_PAT,NIA_COM,SpuhlerFieldMain,TeamExclusive,Team,20251018-SpuhlerFieldMain-Private-2,7688f6c0-ac64-11f0-ae3b-9b4a908d198a,81.44946,,,8.52637,,,,,,,072e60c5-9c43-4700-b7fc-b13f476f682d,2025-10-18,20:53:12.65,2025-10-18T16:53:12.6537728-04:00,2025-10-18T20:53:12.6537728Z,,v3,471300,,,"Cowdrey, Vincent",1000469295,Right,GEO_PAT,9ba83c28-70dc-42ee-a183-364bd6d98bc4,55.97596,-124.57317,14.48409,5.8188,-0.33619,-16.24677,-1.97391,6.33483,-8.23747,,,,,,,,,,,,,,,,,,,,,,,,,,,,,,,,,,,,,,,,,,,,,,,,,,,High,High,High,,,,,
161,2025-10-18,16:53:36.53,1,3,"Wrehe, Thomas",1000101597,Right,GEO_PAT,"Schaefer, Mikey",10126964,Left,NIA_COM,Undefined,6,Top,0,1,1,Sinker,Changeup,InPlay,Undefined,FlyBall,Error,0,0,,85.22927,-0.261443,-2.761482,1718.981461,285.684614,3:30,5.82146,1.99802,4.78846,-44.32199,-3.83449,18.59351,1.87988,0.92813,77.57493,-8.247837,0.511566,0.457965,76.99775,25.006395,-17.433482,4301.976204,101.42296,38.84411,-42.58377,238.92212,221.34966,-29.351849,3.544221,-10.08642,-1.50024,-1.73955,50,5.75621,5.11874,-123.45559,-2.33664,-15.41348,26.83753,-34.46659,GEO_PAT,NIA_COM,SpuhlerFieldMain,TeamExclusive,Team,20251018-SpuhlerFieldMain-Private-2,84cc1640-ac64-11f0-ae3b-9b4a908d198a,82.30425,40.99042,,7.65434,,,,1.96424,1.9876,-0.91536,072e60c5-9c43-4700-b7fc-b13f476f682d,2025-10-18,20:53:36.53,2025-10-18T16:53:36.5356544-04:00,2025-10-18T20:53:36.5356544Z,LineDrive,v3,471300,,,"Cowdrey, Vincent",1000469295,Right,GEO_PAT,36d30bb1-566f-4b8c-ad41-2d00a9da12a1,55.71592,-124.69196,13.41876,5.82728,-0.74881,-17.2333,-1.99173,5.82882,-7.70674,138.906212,1.96353,97.665,-20.06418,4.60477,-1.12213,0.30775,-0.07971,0.01318,-0.0009,1.98835,47.71385,-15.28116,0.22957,0.26252,-0.15466,0.05048,-0.00792,0.00046,-0.91553,-30.65696,-2.84928,1.43703,-0.3627,0.04255,0.0021,-0.00139,0.00013,,,,,,,,,,,,,,,,,,,,,,,High,High,High,High,Medium,,,
162,2025-10-18,16:54:23.75,2,1,"Wrehe, Thomas",1000101597,Right,GEO_PAT,"Harper, Dalton",1000115726,Right,NIA_COM,Undefined,6,Top,0,0,0,Slider,Slider,FoulBallNotFieldable,Undefined,Undefined,Undefined,0,0,,79.93138,-0.777404,-1.730883,2139.048669,78.647666,8:30,6.05839,2.00198,4.37792,-44.76845,0.88748,-1.71177,1.58491,0.20591,74.59802,-8.732474,-2.030021,0.486318,,,,,,,,,,,,0.43161,0.91587,-1.81487,50,5.93016,3.58085,-116.05359,-3.3277,0.59735,18.71428,-30.90655,GEO_PAT,NIA_COM,SpuhlerFieldMain,TeamExclusive,Team,20251018-SpuhlerFieldMain-Private-2,a0f4f300-ac64-11f0-ae3b-9b4a908d198a,77.50579,,,5.33336,,,,,,,072e60c5-9c43-4700-b7fc-b13f476f682d,2025-10-18,20:54:23.75,2025-10-18T16:54:23.7573632-04:00,2025-10-18T20:54:23.7573632Z,,v3,471300,,,"Cowdrey, Vincent",1000469295,Right,GEO_PAT,bb57d93e-68dc-48eb-91d5-9edcd9be7cea,56.12719,-117.03746,9.35714,6.06239,-1.70284,-15.45327,-2.0023,3.54944,0.29867,,,,,,,,,,,,,,,,,,,,,,,,,,,,,,,,,,,,,,,,,,,,,,,,,,,High,High,High,,,,,
163,2025-10-18,16:54:48.26,2,2,"Wrehe, Thomas",1000101597,Right,GEO_PAT,"Harper, Dalton",1000115726,Right,NIA_COM,Undefined,6,Top,0,0,1,Sinker,Changeup,StrikeSwinging,Undefined,Undefined,Undefined,0,0,,85.78946,0.10789,-2.704001,1847.771935,242.13034,2:00,5.95873,1.88845,5.05998,-32.86403,6.43603,9.76465,3.32192,0.15026,78.28892,-5.897571,-0.980046,0.451199,,,,,,,,,,,,-5.57303,3.56571,-1.63907,50,5.9432,5.42532,-124.32055,-1.01046,-8.7107,25.225,-26.6008,GEO_PAT,NIA_COM,SpuhlerFieldMain,TeamExclusive,Team,20251018-SpuhlerFieldMain-Private-2,af703980-ac64-11f0-ae3b-9b4a908d198a,83.53843,,,7.50054,,,,,,,072e60c5-9c43-4700-b7fc-b13f476f682d,2025-10-18,20:54:48.26,2025-10-18T16:54:48.2659840-04:00,2025-10-18T20:54:48.2659840Z,,v3,471300,,,"Cowdrey, Vincent",1000469295,Right,GEO_PAT,f216955e-e66f-4fb9-8d32-12b1e93fb5ca,55.44013,-125.41951,12.6125,5.96198,0.14844,-13.3004,-1.88369,5.80481,-4.35535,,,,,,,,,,,,,,,,,,,,,,,,,,,,,,,,,,,,,,,,,,,,,,,,,,,High,High,High,,,,,
164,2025-10-18,16:55:09.79,2,3,"Wrehe, Thomas",1000101597,Right,GEO_PAT,"Harper, Dalton",1000115726,Right,NIA_COM,Undefined,6,Top,0,0,2,Sinker,Changeup,BallCalled,Undefined,Undefined,Undefined,0,0,,86.65591,-2.619438,-5.870381,1804.597827,274.090565,3:15,5.98931,1.87251,4.58688,-39.94888,0.03071,19.87084,0.15345,-2.07578,78.66024,-9.774866,-2.404104,0.455083,,,,,,,,,,,,-11.57701,1.22165,-1.28343,50,5.67966,11.89114,-124.77281,-7.38699,-18.03263,27.90312,-30.27115,GEO_PAT,NIA_COM,SpuhlerFieldMain,TeamExclusive,Team,20251018-SpuhlerFieldMain-Private-2,bc596e50-ac64-11f0-ae3b-9b4a908d198a,82.82541,,,7.99567,,,,,,,072e60c5-9c43-4700-b7fc-b13f476f682d,2025-10-18,20:55:09.79,2025-10-18T16:55:09.7986048-04:00,2025-10-18T20:55:09.7986048Z,,v3,471300,,,"Cowdrey, Vincent",1000469295,Right,GEO_PAT,2e1c607c-3c23-4398-9079-96d373ede878,55.91586,-126.08884,13.95156,5.9944,-5.95927,-15.13558,-1.86432,12.74164,-9.01631,,,,,,,,,,,,,,,,,,,,,,,,,,,,,,,,,,,,,,,,,,,,,,,,,,,High,High,High,,,,,
165,2025-10-18,16:55:42.21,2,4,"Wrehe, Thomas",1000101597,Right,GEO_PAT,"Harper, Dalton",1000115726,Right,NIA_COM,Undefined,6,Top,0,1,2,Slider,Changeup,BallCalled,Undefined,Undefined,Undefined,0,0,,80.27037,-3.639703,-5.167357,2184.932246,234.527781,1:45,6.01039,2.03042,4.72845,-38.79242,7.81772,8.4889,-0.69457,-2.17851,72.79457,-10.621442,-3.681746,0.491373,,,,,,,,,,,,-5.95996,5.47481,-1.51581,50,5.60703,10.09147,-115.52591,-8.78039,-7.9057,25.23132,-24.91189,GEO_PAT,NIA_COM,SpuhlerFieldMain,TeamExclusive,Team,20251018-SpuhlerFieldMain-Private-2,cfb02520-ac64-11f0-ae3b-9b4a908d198a,76.70837,,,7.4758,,,,,,,072e60c5-9c43-4700-b7fc-b13f476f682d,2025-10-18,20:55:42.21,2025-10-18T16:55:42.2156288-04:00,2025-10-18T20:55:42.2156288Z,,v3,471300,,,"Cowdrey, Vincent",1000469295,Right,GEO_PAT,a59538c5-169f-4610-9b66-0d27bcc6bc5e,55.77348,-116.78005,12.61566,6.01269,-7.54213,-12.45595,-2.02719,10.48443,-3.95285,,,,,,,,,,,,,,,,,,,,,,,,,,,,,,,,,,,,,,,,,,,,,,,,,,,High,High,High,,,,,
166,2025-10-18,16:56:11.81,2,5,"Wrehe, Thomas",1000101597,Right,GEO_PAT,"Harper, Dalton",1000115726,Right,NIA_COM,Undefined,6,Top,0,2,2,Sinker,Changeup,FoulBallNotFieldable,Undefined,Undefined,Undefined,0,0,,86.342,-1.539545,-3.893147,1784.637664,259.293102,2:45,5.94134,1.82085,5.22266,-34.58183,4.36788,15.89469,1.60832,-0.52064,78.43967,-7.85653,-1.079458,0.449183,,,,,,,,,,,,-9.11689,3.05406,-1.47347,50,5.77319,7.79023,-124.89882,-4.65964,-14.26391,27.397,-27.39581,GEO_PAT,NIA_COM,SpuhlerFieldMain,TeamExclusive,Team,20251018-SpuhlerFieldMain-Private-2,e15868a0-ac64-11f0-ae3b-9b4a908d198a,83.91327,,,7.90233,,,,,,,072e60c5-9c43-4700-b7fc-b13f476f682d,2025-10-18,20:56:11.81,2025-10-18T16:56:11.8195712-04:00,2025-10-18T20:56:11.8195712Z,,v3,471300,,,"Cowdrey, Vincent",1000469295,Right,GEO_PAT,d604ef78-0f58-43cc-9c56-b7630fd31986,55.27862,-126.05139,13.6985,5.94497,-3.50712,-13.6979,-1.81382,8.3903,-7.13196,,,,,,,,,,,,,,,,,,,,,,,,,,,,,,,,,,,,,,,,,,,,,,,,,,,High,High,High,,,,,
167,2025-10-18,16:57:13.27,2,6,"Wrehe, Thomas",1000101597,Right,GEO_PAT,"Harper, Dalton",1000115726,Right,NIA_COM,Undefined,6,Top,0,2,2,Sinker,Changeup,FoulBallNotFieldable,Undefined,Undefined,Undefined,0,0,,86.59672,-1.156333,-2.655867,1838.04736,267.418894,3:00,5.92213,1.99482,4.67023,-37.56297,2.37327,18.40068,1.69219,1.00371,77.74837,-7.968106,0.575406,0.454836,84.5907,73.531621,-80.227765,3590.970651,,,,,43.45416,,,-9.98575,1.94791,-1.74197,50,5.77034,4.94138,-125.16103,-4.04371,-15.47602,30.67463,-29.15515,GEO_PAT,NIA_COM,SpuhlerFieldMain,TeamExclusive,Team,20251018-SpuhlerFieldMain-Private-2,05f6a550-ac65-11f0-ae3b-9b4a908d198a,82.87034,113.55248,,8.84835,,,,,,,072e60c5-9c43-4700-b7fc-b13f476f682d,2025-10-18,20:57:13.27,2025-10-18T16:57:13.2763136-04:00,2025-10-18T20:57:13.2763136Z,,v3,471300,,,"Cowdrey, Vincent",1000469295,Right,GEO_PAT,17e63350-f885-4479-9318-7af5cb2714a9,55.83088,-126.582,15.33732,5.92638,-2.69313,-14.57758,-1.98747,5.65829,-7.73801,,2.25452,5.96949,-10.13157,3.50882,-0.87934,0.11088,0.06526,-0.04674,0.00957,2.21574,118.9765,-30.66308,4.20662,-0.86085,0.16061,-0.02707,0.00268,-2E-05,-2.5492,-34.66073,3.47686,-0.56283,0.07186,-0.01497,0.00824,-0.00374,0.00071,,,,,,,,,,,,,,,,,,,,,,,High,High,High,Low,Undefined,,,
168,2025-10-18,16:57:51.24,2,7,"Wrehe, Thomas",1000101597,Right,GEO_PAT,"Harper, Dalton",1000115726,Right,NIA_COM,Undefined,6,Top,0,2,2,Sinker,Changeup,BallCalled,Undefined,Undefined,Undefined,0,0,,86.8784,-2.164581,-4.113663,1809.732756,271.51044,3:00,5.98334,1.91716,4.457,-39.04967,0.98252,20.73056,0.65879,-0.28475,78.30075,-9.181207,-0.491679,0.455382,,,,,,,,,,,,-11.51296,1.59008,-1.50359,50,5.71626,8.01801,-125.32659,-6.38015,-17.95014,29.98386,-29.69492,GEO_PAT,NIA_COM,SpuhlerFieldMain,TeamExclusive,Team,20251018-SpuhlerFieldMain-Private-2,1c97a520-ac65-11f0-ae3b-9b4a908d198a,82.77102,,,8.57765,,,,,,,072e60c5-9c43-4700-b7fc-b13f476f682d,2025-10-18,20:57:51.24,2025-10-18T16:57:51.2401408-04:00,2025-10-18T20:57:51.2401408Z,,v3,471300,,,"Cowdrey, Vincent",1000469295,Right,GEO_PAT,1262884c-89eb-4ec6-ba9c-89627043d262,56.04488,-126.76455,14.99193,5.98809,-4.95605,-14.84746,-1.90876,8.87886,-8.97507,,,,,,,,,,,,,,,,,,,,,,,,,,,,,,,,,,,,,,,,,,,,,,,,,,,High,High,High,,,,,
169,2025-10-18,16:58:18.01,2,8,"Wrehe, Thomas",1000101597,Right,GEO_PAT,"Harper, Dalton",1000115726,Right,NIA_COM,Undefined,6,Top,0,3,2,Sinker,Changeup,FoulBallNotFieldable,Undefined,Undefined,Undefined,0,0,,86.32388,-0.381977,-3.675552,1954.686363,281.260171,3:30,5.87342,2.04106,4.75684,-41.55168,-2.32728,17.93304,2.04779,0.04499,79.14969,-7.853389,-0.526034,0.450764,,,,,,,,,,,,-9.8589,-0.69846,-1.68836,50,5.79803,7.20494,-125.03733,-2.53248,-15.61226,25.14858,-33.2801,GEO_PAT,NIA_COM,SpuhlerFieldMain,TeamExclusive,Team,20251018-SpuhlerFieldMain-Private-2,2c8a2250-ac65-11f0-ae3b-9b4a908d198a,83.61894,,,7.1742,,,,,,,072e60c5-9c43-4700-b7fc-b13f476f682d,2025-10-18,20:58:18.01,2025-10-18T16:58:18.0194304-04:00,2025-10-18T20:58:18.0194304Z,,v3,471300,,,"Cowdrey, Vincent",1000469295,Right,GEO_PAT,2948383b-00c6-49fe-8641-c91a26533b91,55.74756,-126.18803,12.57429,5.87907,-1.0097,-16.64005,-2.03438,7.9193,-7.80613,,,,,,,,,,,,,,,,,,,,,,,,,,,,,,,,,,,,,,,,,,,,,,,,,,,High,High,High,,,,,
170,2025-10-18,16:58:50.76,2,9,"Wrehe, Thomas",1000101597,Right,GEO_PAT,"Harper, Dalton",1000115726,Right,NIA_COM,Undefined,6,Top,0,3,2,Sinker,Changeup,StrikeSwinging,Strikeout,Undefined,Undefined,0,0,,87.45086,-1.521429,-3.295087,1768.913219,286.850728,3:30,5.92149,2.00497,4.61509,-43.29136,-4.11016,18.43198,0.86453,0.40448,78.92033,-9.296187,-0.059968,0.450516,,,,,,,,,,,,-10.25859,-1.21138,-1.68409,50,5.72433,6.41374,-126.3774,-5.16607,-16.2464,30.73891,-34.09247,GEO_PAT,NIA_COM,SpuhlerFieldMain,TeamExclusive,Team,20251018-SpuhlerFieldMain-Private-2,400e78d0-ac65-11f0-ae3b-9b4a908d198a,83.66502,,,8.53053,,,,,,,072e60c5-9c43-4700-b7fc-b13f476f682d,2025-10-18,20:58:50.76,2025-10-18T16:58:50.7602432-04:00,2025-10-18T20:58:50.7602432Z,,v3,471300,,,"Cowdrey, Vincent",1000469295,Right,GEO_PAT,6ccf5068-0cff-443e-8946-c4a89e44075a,55.88839,-127.80162,15.36945,5.9271,-3.58648,-17.04624,-1.9987,7.16648,-8.1232,,,,,,,,,,,,,,,,,,,,,,,,,,,,,,,,,,,,,,,,,,,,,,,,,,,High,High,High,,,,,
171,2025-10-18,16:59:25.84,3,1,"Wrehe, Thomas",1000101597,Right,GEO_PAT,"Panzarella, Joey",10100201,Left,NIA_COM,Undefined,6,Top,1,0,0,Sinker,Changeup,BallCalled,Undefined,Undefined,Undefined,0,0,,85.71244,0.330865,-2.43345,1854.425425,261.107133,2:45,5.82385,2.10934,4.63747,-35.80604,4.56752,20.02903,3.15477,1.46421,77.46747,-6.173182,1.07848,0.45732,,,,,,,,,,,,-10.47725,2.56445,-1.87916,50,5.82547,4.31237,-124.04197,-0.72299,-16.13448,27.49931,-28.22493,GEO_PAT,NIA_COM,SpuhlerFieldMain,TeamExclusive,Team,20251018-SpuhlerFieldMain-Private-2,54dfe8c0-ac65-11f0-ae3b-9b4a908d198a,82.42031,,,8.24497,,,,,,,072e60c5-9c43-4700-b7fc-b13f476f682d,2025-10-18,20:59:25.84,2025-10-18T16:59:25.8473472-04:00,2025-10-18T20:59:25.8473472Z,,v3,471300,,,"Cowdrey, Vincent",1000469295,Right,GEO_PAT,56c2a9c3-240f-45b4-b5b2-90341449d8d8,55.86285,-125.33498,13.74966,5.82826,0.60415,-14.11247,-2.09976,5.07101,-8.06724,,,,,,,,,,,,,,,,,,,,,,,,,,,,,,,,,,,,,,,,,,,,,,,,,,,High,High,High,,,,,
172,2025-10-18,16:59:44.95,3,2,"Wrehe, Thomas",1000101597,Right,GEO_PAT,"Panzarella, Joey",10100201,Left,NIA_COM,Undefined,6,Top,1,1,0,Sinker,Changeup,FoulBallNotFieldable,Undefined,Undefined,Undefined,0,0,,85.78609,-0.761042,-3.204204,1795.45003,285.745768,3:30,5.94539,1.89815,4.57847,-44.7931,-4.23677,20.23485,1.48736,0.53254,77.68138,-8.803152,0.343971,0.458354,,,,,,,,,,,,-10.983,-1.47335,-1.5865,50,5.82434,6.00099,-124.07139,-3.50489,-16.85191,28.45028,-34.43467,GEO_PAT,NIA_COM,SpuhlerFieldMain,TeamExclusive,Team,20251018-SpuhlerFieldMain-Private-2,606791c0-ac65-11f0-ae3b-9b4a908d198a,82.23442,,,8.10471,,,,,,,072e60c5-9c43-4700-b7fc-b13f476f682d,2025-10-18,20:59:44.95,2025-10-18T16:59:44.9593344-04:00,2025-10-18T20:59:44.9593344Z,,v3,471300,,,"Cowdrey, Vincent",1000469295,Right,GEO_PAT,5f625898-4145-4762-82a9-05bee9e82f4c,55.925,-125.42266,14.22514,5.95197,-1.86937,-17.21734,-1.89053,6.80139,-8.42596,,,,,,,,,,,,,,,,,,,,,,,,,,,,,,,,,,,,,,,,,,,,,,,,,,,High,High,High,,,,,
173,2025-10-18,17:00:16.95,3,3,"Wrehe, Thomas",1000101597,Right,GEO_PAT,"Panzarella, Joey",10100201,Left,NIA_COM,Undefined,6,Top,1,1,1,Sinker,Changeup,BallCalled,Undefined,Undefined,Undefined,0,0,,83.13803,0.37036,-2.595009,1810.627774,285.821446,3:30,5.69194,2.32266,4.92464,-46.93428,-4.39492,20.87481,2.13126,1.60719,75.27861,-8.124359,1.088664,0.469426,,,,,,,,,,,,-11.09662,-1.81634,-2.08779,50,5.68904,4.51905,-120.3835,-1.04941,-16.04398,26.58543,-34.80021,GEO_PAT,NIA_COM,SpuhlerFieldMain,TeamExclusive,Team,20251018-SpuhlerFieldMain-Private-2,735d63e0-ac65-11f0-ae3b-9b4a908d198a,80.29481,,,7.85942,,,,,,,072e60c5-9c43-4700-b7fc-b13f476f682d,2025-10-18,21:00:16.95,2025-10-18T17:00:16.9513984-04:00,2025-10-18T21:00:16.9513984Z,,v3,471300,,,"Cowdrey, Vincent",1000469295,Right,GEO_PAT,f168f51c-c031-4a13-a1ca-a79951d7ad49,55.57785,-121.60907,13.29271,5.70044,0.55486,-17.40011,-2.31316,5.25867,-8.02199,,,,,,,,,,,,,,,,,,,,,,,,,,,,,,,,,,,,,,,,,,,,,,,,,,,High,High,High,,,,,
174,2025-10-18,17:00:40.52,3,4,"Wrehe, Thomas",1000101597,Right,GEO_PAT,"Panzarella, Joey",10100201,Left,NIA_COM,Undefined,6,Top,1,2,1,Sinker,Changeup,BallCalled,Undefined,Undefined,Undefined,0,0,,85.0446,-0.193894,-1.420028,1764.236834,275.100477,3:15,5.91233,2.13829,4.89128,-40.8403,-0.60268,21.34485,2.32549,2.57341,77.79811,-7.575371,2.346277,0.456549,,,,,,,,,,,,-10.91934,0.16209,-2.01786,50,5.85893,2.08568,-123.36255,-2.03316,-16.75813,25.47662,-31.92531,GEO_PAT,NIA_COM,SpuhlerFieldMain,TeamExclusive,Team,20251018-SpuhlerFieldMain-Private-2,8166d5c0-ac65-11f0-ae3b-9b4a908d198a,82.55944,,,7.24649,,,,,,,072e60c5-9c43-4700-b7fc-b13f476f682d,2025-10-18,21:00:40.52,2025-10-18T17:00:40.5200384-04:00,2025-10-18T21:00:40.5200384Z,,v3,471300,,,"Cowdrey, Vincent",1000469295,Right,GEO_PAT,cc351b3b-d750-4fb5-a789-3445ee11edee,55.61212,-124.51616,12.73831,5.91827,-0.58755,-15.96265,-2.12948,2.8445,-8.37907,,,,,,,,,,,,,,,,,,,,,,,,,,,,,,,,,,,,,,,,,,,,,,,,,,,High,High,High,,,,,
175,2025-10-18,17:01:03.79,3,5,"Wrehe, Thomas",1000101597,Right,GEO_PAT,"Panzarella, Joey",10100201,Left,NIA_COM,Undefined,6,Top,1,3,1,Sinker,Changeup,BallCalled,Walk,Undefined,Undefined,0,0,,82.40212,1.902671,-0.920666,1684.732346,286.297536,3:30,5.70928,2.24274,4.58993,-47.54132,-4.49666,19.77497,3.55834,3.01478,75.75561,-6.625477,2.545646,0.472205,,,,,,,,,,,,-9.86823,-2.29146,-2.16705,50,5.86143,1.02201,-119.55393,2.05686,-14.33986,22.18306,-35.50384,GEO_PAT,NIA_COM,SpuhlerFieldMain,TeamExclusive,Team,20251018-SpuhlerFieldMain-Private-2,8f4518f0-ac65-11f0-ae3b-9b4a908d198a,79.82211,,,6.64651,,,,,,,072e60c5-9c43-4700-b7fc-b13f476f682d,2025-10-18,21:01:03.79,2025-10-18T17:01:03.7981696-04:00,2025-10-18T21:01:03.7981696Z,,v3,471300,,,"Cowdrey, Vincent",1000469295,Right,GEO_PAT,a3f90323-de83-477b-8dfe-2a077dd413f0,55.91501,-120.64646,11.09153,5.71707,3.80545,-17.75192,-2.23478,1.72826,-7.16993,,,,,,,,,,,,,,,,,,,,,,,,,,,,,,,,,,,,,,,,,,,,,,,,,,,High,High,High,,,,,
176,2025-10-18,17:01:41.46,4,1,"Wrehe, Thomas",1000101597,Right,GEO_PAT,"Kohr, Evan",1000275285,Right,NIA_COM,Undefined,6,Top,1,0,0,Sinker,Changeup,StrikeCalled,Undefined,Undefined,Undefined,0,0,,83.77296,0.425661,-2.847635,1694.013053,283.849163,3:30,5.82543,2.2017,4.58787,-45.02227,-2.90209,17.50194,2.47902,0.94902,76.33056,-7.666439,0.219438,0.467107,,,,,,,,,,,,-9.3654,-1.11874,-1.92446,50,5.82745,5.22312,-121.30572,-0.92848,-13.86949,25.08626,-33.8308,GEO_PAT,NIA_COM,SpuhlerFieldMain,TeamExclusive,Team,20251018-SpuhlerFieldMain-Private-2,a5bd3400-ac65-11f0-ae3b-9b4a908d198a,80.69334,,,7.44241,,,,,,,072e60c5-9c43-4700-b7fc-b13f476f682d,2025-10-18,21:01:41.46,2025-10-18T17:01:41.4650368-04:00,2025-10-18T21:01:41.4650368Z,,v3,471300,,,"Cowdrey, Vincent",1000469295,Right,GEO_PAT,e2491c7a-1f88-498e-9803-d6951d354388,55.91503,-122.52285,12.54313,5.83268,0.71292,-16.9154,-2.1942,5.89604,-6.93474,,,,,,,,,,,,,,,,,,,,,,,,,,,,,,,,,,,,,,,,,,,,,,,,,,,High,High,High,,,,,
177,2025-10-18,17:02:27.56,4,2,"Wrehe, Thomas",1000101597,Right,GEO_PAT,"Kohr, Evan",1000275285,Right,NIA_COM,Undefined,6,Top,1,0,1,Sinker,Changeup,InPlay,Undefined,Popup,Out,2,0,,85.05686,-0.129305,-2.205064,1855.108237,277.190656,3:15,5.80771,2.10698,4.93094,-41.19022,-1.04122,18.5019,2.25287,1.56331,77.83772,-7.5773,1.060283,0.456046,62.11762,25.826262,-5.655367,3382.249521,108.32465,31.02419,-19.12474,185.77506,175.83291,-12.090849,3.090091,-9.82402,-0.13429,-1.90856,50,5.76063,3.9253,-123.35723,-1.891,-15.0922,25.22642,-32.38036,GEO_PAT,NIA_COM,SpuhlerFieldMain,TeamExclusive,Team,20251018-SpuhlerFieldMain-Private-2,c14bf3a0-ac65-11f0-ae3b-9b4a908d198a,82.6505,31.23669,,7.21914,,,,1.65321,2.29655,-1.55261,072e60c5-9c43-4700-b7fc-b13f476f682d,2025-10-18,21:02:27.56,2025-10-18T17:02:27.5665920-04:00,2025-10-18T21:02:27.5665920Z,LineDrive,v3,471300,,,"Cowdrey, Vincent",1000469295,Right,GEO_PAT,94cb0231-0a1f-44b6-b41f-78dc041868fa,55.57318,-124.49172,12.61321,5.81292,-0.43478,-16.19018,-2.10035,4.60403,-7.5461,154.988691,1.65293,81.61865,-13.2177,3.13188,-0.83238,0.29675,-0.09855,0.01977,-0.00162,2.29698,39.67092,-13.82397,-0.13685,0.45193,-0.29781,0.11508,-0.02249,0.00171,-1.55266,-8.07828,-2.69473,0.84156,-0.22741,0.06005,-0.01514,0.00272,-0.00022,,,,,,,,,,,,,,,,,,,,,,,High,High,High,High,High,,,
178,2025-10-18,17:05:18.62,1,1,"Meidenbauer, Trevor",1000150088,Left,NIA_COM,"Ramsey, Caleb",1000469291,Right,GEO_PAT,Undefined,6,Bottom,0,0,0,Fastball,Four-Seam,BallCalled,Undefined,Undefined,Undefined,0,0,,87.49521,-4.328228,2.249943,2201.772977,145.634219,10:45,6.04421,-0.5447,5.54443,-16.98414,20.23698,-12.99103,0.57286,0.47659,80.06754,-7.523976,-0.065634,0.439103,,,,,,,,,,,,7.32367,11.89194,0.35893,50,5.65736,-4.43959,-126.64574,-10.11471,11.8743,26.27581,-12.89293,GEO_PAT,NIA_COM,SpuhlerFieldMain,TeamExclusive,Team,20251018-SpuhlerFieldMain-Private-2,27280060-ac66-11f0-ae3b-9b4a908d198a,85.83968,,,7.42767,,,,,,,072e60c5-9c43-4700-b7fc-b13f476f682d,2025-10-18,21:05:18.62,2025-10-18T17:05:18.6235904-04:00,2025-10-18T21:05:18.6235904Z,,v3,471300,,,"Harper, Dalton",1000115726,Right,NIA_COM,796388df-f578-412e-aecb-1524e0cbf100,54.95962,-127.67059,13.1379,6.04206,-9.61185,-6.44647,0.54112,-4.90273,5.93715,,,,,,,,,,,,,,,,,,,,,,,,,,,,,,,,,,,,,,,,,,,,,,,,,,,High,High,High,,,,,
179,2025-10-18,17:05:34.58,1,2,"Meidenbauer, Trevor",1000150088,Left,NIA_COM,"Ramsey, Caleb",1000469291,Right,GEO_PAT,Undefined,6,Bottom,0,1,0,Fastball,Sinker,BallCalled,Undefined,Undefined,Undefined,0,0,,86.99854,0.73313,1.698285,2199.44389,135.355157,10:30,5.92203,-1.05073,5.97861,-21.18911,15.98784,-14.51855,4.83623,-0.6858,78.54212,-3.301795,-0.910197,0.438842,,,,,,,,,,,,7.90335,8.33603,0.92401,50,5.96832,-3.12746,-126.20522,0.99826,12.60674,28.32177,-18.87718,GEO_PAT,NIA_COM,SpuhlerFieldMain,TeamExclusive,Team,20251018-SpuhlerFieldMain-Private-2,30a97920-ac66-11f0-ae3b-9b4a908d198a,85.89066,,,8.45643,,,,,,,072e60c5-9c43-4700-b7fc-b13f476f682d,2025-10-18,21:05:34.58,2025-10-18T17:05:34.5846784-04:00,2025-10-18T21:05:34.5846784Z,,v3,471300,,,"Harper, Dalton",1000115726,Right,NIA_COM,a11abd61-356b-4160-8da9-92bf9385a08b,54.52002,-127.21552,14.16088,5.9207,1.67165,-9.43859,1.04359,-3.57717,6.30337,,,,,,,,,,,,,,,,,,,,,,,,,,,,,,,,,,,,,,,,,,,,,,,,,,,High,High,High,,,,,
180,2025-10-18,17:05:48.39,1,3,"Meidenbauer, Trevor",1000150088,Left,NIA_COM,"Ramsey, Caleb",1000469291,Right,GEO_PAT,Undefined,6,Bottom,0,2,0,Fastball,Sinker,BallCalled,Undefined,Undefined,Undefined,0,0,,86.87299,-2.487323,3.500217,2260.701769,143.10257,10:45,5.87566,-0.58643,6.45607,-21.82155,14.44402,-9.99237,1.76642,1.80049,79.78386,-6.609892,1.691303,0.43343,,,,,,,,,,,,6.19874,8.58619,0.34278,50,5.68932,-7.33624,-126.03671,-6.09169,9.99474,25.0442,-18.32985,GEO_PAT,NIA_COM,SpuhlerFieldMain,TeamExclusive,Team,20251018-SpuhlerFieldMain-Private-2,38ea3480-ac66-11f0-ae3b-9b4a908d198a,86.96321,,,7.08913,,,,,,,072e60c5-9c43-4700-b7fc-b13f476f682d,2025-10-18,21:05:48.39,2025-10-18T17:05:48.3923456-04:00,2025-10-18T21:05:48.3923456Z,,v3,471300,,,"Harper, Dalton",1000115726,Right,NIA_COM,69f11cc8-5c2f-4c7c-b0e1-05de18ccf4b2,54.04659,-126.83824,12.5221,5.87489,-5.50505,-9.16492,0.58269,-7.65612,4.99737,,,,,,,,,,,,,,,,,,,,,,,,,,,,,,,,,,,,,,,,,,,,,,,,,,,High,High,High,,,,,
181,2025-10-18,17:06:03.04,1,4,"Meidenbauer, Trevor",1000150088,Left,NIA_COM,"Ramsey, Caleb",1000469291,Right,GEO_PAT,Undefined,6,Bottom,0,3,0,Fastball,Four-Seam,StrikeCalled,Undefined,Undefined,Undefined,0,0,,87.44661,-1.48489,2.238999,2317.639294,145.653336,10:45,6.05904,-0.6721,5.96467,-18.43312,18.21064,-11.60367,3.1447,0.43813,79.52562,-4.997032,0.155106,0.435684,,,,,,,,,,,,6.60989,10.1463,0.50085,50,5.93089,-4.48205,-126.87511,-3.81497,10.71626,27.26214,-15.72432,GEO_PAT,NIA_COM,SpuhlerFieldMain,TeamExclusive,Team,20251018-SpuhlerFieldMain-Private-2,41b97440-ac66-11f0-ae3b-9b4a908d198a,86.51329,,,7.92099,,,,,,,072e60c5-9c43-4700-b7fc-b13f476f682d,2025-10-18,21:06:03.04,2025-10-18T17:06:03.0436864-04:00,2025-10-18T21:06:03.0436864Z,,v3,471300,,,"Harper, Dalton",1000115726,Right,NIA_COM,f0c10100-9ef8-4ed1-83c7-cb04f5f7e8d3,54.53614,-127.84609,13.63107,6.05679,-3.25493,-7.86216,0.66728,-4.86372,5.35813,,,,,,,,,,,,,,,,,,,,,,,,,,,,,,,,,,,,,,,,,,,,,,,,,,,High,High,High,,,,,
182,2025-10-18,17:06:16.71,1,5,"Meidenbauer, Trevor",1000150088,Left,NIA_COM,"Ramsey, Caleb",1000469291,Right,GEO_PAT,Undefined,6,Bottom,0,3,1,Fastball,Four-Seam,BallCalled,Walk,Undefined,Undefined,0,0,,87.59896,-0.323758,2.339523,2208.3788,139.834372,10:45,6.02199,-0.74052,5.93999,-20.11745,16.27879,-12.75422,4.04494,0.36821,79.87657,-4.133712,0.05057,0.43421,,,,,,,,,,,,7.15544,8.77619,0.56078,50,5.98476,-4.65901,-127.15978,-1.31668,11.70397,26.32258,-17.81911,GEO_PAT,NIA_COM,SpuhlerFieldMain,TeamExclusive,Team,20251018-SpuhlerFieldMain-Private-2,49c256c0-ac66-11f0-ae3b-9b4a908d198a,86.80698,,,7.72239,,,,,,,072e60c5-9c43-4700-b7fc-b13f476f682d,2025-10-18,21:06:16.71,2025-10-18T17:06:16.7115264-04:00,2025-10-18T21:06:16.7115264Z,,v3,471300,,,"Harper, Dalton",1000115726,Right,NIA_COM,e82c3747-e1ca-4040-9be0-879f4bd0035b,54.5604,-128.10032,13.16129,6.02043,-0.67998,-8.90956,0.73472,-5.0772,5.85198,,,,,,,,,,,,,,,,,,,,,,,,,,,,,,,,,,,,,,,,,,,,,,,,,,,High,High,High,,,,,
183,2025-10-18,17:06:45.40,2,1,"Meidenbauer, Trevor",1000150088,Left,NIA_COM,"Westley, Matthew",824016,Right,GEO_PAT,Undefined,6,Bottom,0,0,0,Fastball,Sinker,StrikeCalled,Undefined,Undefined,Undefined,0,0,,85.71947,-0.866911,2.962731,2214.639403,136.156548,10:30,5.98134,-0.65992,5.8485,-22.12182,15.92556,-14.1528,3.3311,0.91638,78.49452,-5.024793,0.428306,0.44395,,,,,,,,,,,,8.01575,8.7315,0.42694,50,5.89774,-5.85775,-124.39891,-2.5575,12.595,24.31851,-18.45441,GEO_PAT,NIA_COM,SpuhlerFieldMain,TeamExclusive,Team,20251018-SpuhlerFieldMain-Private-2,5ae3b700-ac66-11f0-ae3b-9b4a908d198a,84.9025,,,7.22495,,,,,,,072e60c5-9c43-4700-b7fc-b13f476f682d,2025-10-18,21:06:45.40,2025-10-18T17:06:45.4020096-04:00,2025-10-18T21:06:45.4020096Z,,v3,471300,,,"Harper, Dalton",1000115726,Right,NIA_COM,1fd21b6a-af7d-4919-9353-fe7acafddb97,54.65306,-125.30522,12.15926,5.98024,-1.86973,-9.22721,0.654,-6.32715,6.2975,,,,,,,,,,,,,,,,,,,,,,,,,,,,,,,,,,,,,,,,,,,,,,,,,,,High,High,High,,,,,
184,2025-10-18,17:07:03.20,2,2,"Meidenbauer, Trevor",1000150088,Left,NIA_COM,"Westley, Matthew",824016,Right,GEO_PAT,Undefined,6,Bottom,0,0,1,Fastball,Four-Seam,BallCalled,Undefined,Undefined,Undefined,0,0,,86.38467,-2.254733,3.796766,2241.378016,147.771023,11:00,6.03429,-0.67153,5.82854,-17.62162,20.08722,-11.88512,2.46403,1.87285,78.88559,-5.604505,1.672739,0.44197,,,,,,,,,,,,7.11559,11.24973,0.36792,50,5.83921,-7.81185,-125.12979,-5.43257,11.28058,25.27011,-14.33948,GEO_PAT,NIA_COM,SpuhlerFieldMain,TeamExclusive,Team,20251018-SpuhlerFieldMain-Private-2,657e19d0-ac66-11f0-ae3b-9b4a908d198a,85.28272,,,7.49908,,,,,,,072e60c5-9c43-4700-b7fc-b13f476f682d,2025-10-18,21:07:03.20,2025-10-18T17:07:03.2036864-04:00,2025-10-18T21:07:03.2036864Z,,v3,471300,,,"Harper, Dalton",1000115726,Right,NIA_COM,2fb93759-f38d-415a-baa0-da4a1e3c4a4a,54.67255,-126.06988,12.63506,6.03139,-4.89911,-7.16974,0.66634,-8.23151,5.64029,,,,,,,,,,,,,,,,,,,,,,,,,,,,,,,,,,,,,,,,,,,,,,,,,,,High,High,High,,,,,
185,2025-10-18,17:08:26.46,2,3,"Meidenbauer, Trevor",1000150088,Left,NIA_COM,"Westley, Matthew",824016,Right,GEO_PAT,Undefined,6,Bottom,0,1,1,Fastball,Sinker,FoulBallNotFieldable,Undefined,Undefined,Undefined,0,0,,86.59344,-1.702281,1.71896,2268.075487,137.016612,10:30,5.83472,-0.88866,6.03216,-21.25667,15.67021,-13.54855,2.4857,-0.42532,79.55238,-5.701965,-0.719255,0.437364,72.63256,51.248682,107.891786,4622.904798,,,,,21.40646,,,7.46233,8.87835,0.7617,50,5.69,-3.23891,-125.80742,-4.37369,12.00362,24.65043,-17.8927,GEO_PAT,NIA_COM,SpuhlerFieldMain,TeamExclusive,Team,20251018-SpuhlerFieldMain-Private-2,9738f760-ac66-11f0-ae3b-9b4a908d198a,86.18102,26.89116,,7.04106,,,,0.70857,2.36383,0.3978,072e60c5-9c43-4700-b7fc-b13f476f682d,2025-10-18,21:08:26.46,2025-10-18T17:08:26.4656384-04:00,2025-10-18T21:08:26.4656384Z,,v3,471300,,,"Harper, Dalton",1000115726,Right,NIA_COM,15e328f4-e26c-4a25-8a99-d0e2f41b7042,54.47064,-126.68036,12.32521,5.83367,-3.74006,-8.94635,0.88393,-3.66399,6.00181,321.130081,0.71508,-20.74854,-6.41992,,,,,,,2.37136,82.77587,-27.89077,,,,,,,0.40311,63.24295,-11.22952,,,,,,,,,,,,,,,,,,,,,,,,,,,,,High,High,High,Medium,Undefined,,,
186,2025-10-18,17:08:45.69,2,4,"Meidenbauer, Trevor",1000150088,Left,NIA_COM,"Westley, Matthew",824016,Right,GEO_PAT,Undefined,6,Bottom,0,1,2,Fastball,Four-Seam,BallCalled,Undefined,Undefined,Undefined,0,0,,87.23382,-1.479681,3.728012,2275.383666,142.617677,10:45,5.83766,-0.7624,6.0239,-20.77836,16.22438,-11.40237,2.73239,1.74529,78.97032,-5.425348,1.682228,0.437813,,,,,,,,,,,,6.96555,9.16473,0.47606,50,5.71026,-7.75635,-126.33294,-3.87297,11.14819,28.06235,-17.50612,GEO_PAT,NIA_COM,SpuhlerFieldMain,TeamExclusive,Team,20251018-SpuhlerFieldMain-Private-2,a294ae60-ac66-11f0-ae3b-9b4a908d198a,86.09262,,,8.2635,,,,,,,072e60c5-9c43-4700-b7fc-b13f476f682d,2025-10-18,21:08:45.69,2025-10-18T17:08:45.6947200-04:00,2025-10-18T21:08:45.6947200Z,,v3,471300,,,"Harper, Dalton",1000115726,Right,NIA_COM,f607ad90-8a03-4a3a-9418-c8b3c477fd24,54.47527,-127.32315,14.03117,5.83602,-3.25525,-8.75306,0.75669,-8.14972,5.57409,,,,,,,,,,,,,,,,,,,,,,,,,,,,,,,,,,,,,,,,,,,,,,,,,,,High,High,High,,,,,
187,2025-10-18,17:09:19.05,2,5,"Meidenbauer, Trevor",1000150088,Left,NIA_COM,"Westley, Matthew",824016,Right,GEO_PAT,Undefined,6,Bottom,0,2,2,Fastball,Four-Seam,StrikeSwinging,Strikeout,Undefined,Undefined,0,0,,86.27271,-0.342644,2.162705,2255.390141,141.616681,10:45,5.85992,-1.03573,5.86874,-22.50674,15.43005,-11.18016,3.66584,0.04256,78.07522,-4.600042,0.158498,0.443304,,,,,,,,,,,,6.33174,8.36776,0.86677,50,5.81919,-4.25276,-125.11421,-1.42815,9.93959,27.51456,-19.03832,GEO_PAT,NIA_COM,SpuhlerFieldMain,TeamExclusive,Team,20251018-SpuhlerFieldMain-Private-2,b6799b70-ac66-11f0-ae3b-9b4a908d198a,85.02615,,,8.19749,,,,,,,072e60c5-9c43-4700-b7fc-b13f476f682d,2025-10-18,21:09:19.05,2025-10-18T17:09:19.0531584-04:00,2025-10-18T21:09:19.0531584Z,,v3,471300,,,"Harper, Dalton",1000115726,Right,NIA_COM,2e8fc7de-8e84-49a3-8d50-1b6215252165,54.63,-126.12831,13.75728,5.8589,-0.72645,-9.51916,1.03027,-4.6191,4.9698,,,,,,,,,,,,,,,,,,,,,,,,,,,,,,,,,,,,,,,,,,,,,,,,,,,High,High,High,,,,,
188,2025-10-18,17:09:51.23,3,1,"Meidenbauer, Trevor",1000150088,Left,NIA_COM,"Smith, Cooper",1000469293,Right,GEO_PAT,Undefined,6,Bottom,1,0,0,Fastball,Sinker,InPlay,Undefined,LineDrive,Single,0,0,,86.54951,-2.464795,1.903963,2252.591789,133.644428,10:30,5.84344,-1.005,5.59749,-21.57289,16.33792,-15.80276,1.74169,-0.54356,78.972,-6.501924,-0.917095,0.443152,94.95759,7.421896,14.606717,1804.616437,104.9363,9.52854,32.98906,190.78317,190.78317,19.318553,1.768341,8.58422,9.37024,0.85237,50,5.61812,-3.50552,-125.49253,-6.09188,13.63456,26.34121,-17.29106,GEO_PAT,NIA_COM,SpuhlerFieldMain,TeamExclusive,Team,20251018-SpuhlerFieldMain-Private-2,c9c68e40-ac66-11f0-ae3b-9b4a908d198a,85.05531,9.56461,,7.57751,,,,0.46001,1.62639,0.55182,072e60c5-9c43-4700-b7fc-b13f476f682d,2025-10-18,21:09:51.23,2025-10-18T17:09:51.2396800-04:00,2025-10-18T21:09:51.2396800Z,LineDrive,v3,471300,,,"Harper, Dalton",1000115726,Right,NIA_COM,f45f3c02-ec23-42eb-a3c2-8bb3afdfd10b,54.90449,-126.51781,13.1706,5.84213,-5.41887,-8.64553,0.99914,-4.03622,6.81728,217.903759,0.46001,133.64115,-26.02941,6.13625,-1.26813,0.23259,-0.03501,0.00328,-8E-05,1.62639,17.9887,-9.14201,-1.68495,0.69739,-0.18528,0.03175,-0.00189,-0.00018,0.55182,34.82689,1.34063,-1.00814,0.36618,-0.09693,0.01794,-0.00179,3E-05,,,,,,,,,,,,,,,,,,,,,,,High,High,High,High,High,,,
189,2025-10-18,17:10:44.73,4,1,"Meidenbauer, Trevor",1000150088,Left,NIA_COM,"Blanchard, Evan",10073877,Right,GEO_PAT,Undefined,6,Bottom,1,0,0,Fastball,Changeup,BallCalled,Undefined,Undefined,Undefined,0,0,,86.32102,-2.713647,2.31938,2338.374207,131.367075,10:30,5.7754,-0.88968,5.82321,-20.71958,17.6695,-18.39899,1.52184,-0.26534,77.60638,-6.650531,-0.978191,0.445939,,,,,,,,,,,,10.18784,10.3528,0.71098,50,5.54115,-4.2953,-124.95491,-6.53332,15.78638,29.85965,-16.13207,GEO_PAT,NIA_COM,SpuhlerFieldMain,TeamExclusive,Team,20251018-SpuhlerFieldMain-Private-2,e9a742e0-ac66-11f0-ae3b-9b4a908d198a,84.52382,,,8.71464,,,,,,,072e60c5-9c43-4700-b7fc-b13f476f682d,2025-10-18,21:10:44.73,2025-10-18T17:10:44.7398400-04:00,2025-10-18T21:10:44.7398400Z,,v3,471300,,,"Harper, Dalton",1000115726,Right,NIA_COM,aec75492-8d43-4cb7-9ff2-bc9999635d4c,54.67693,-126.06757,14.92982,5.7734,-5.93219,-8.06604,0.88199,-4.88355,7.89319,,,,,,,,,,,,,,,,,,,,,,,,,,,,,,,,,,,,,,,,,,,,,,,,,,,High,High,High,,,,,
190,2025-10-18,17:11:06.91,4,2,"Meidenbauer, Trevor",1000150088,Left,NIA_COM,"Blanchard, Evan",10073877,Right,GEO_PAT,Undefined,6,Bottom,1,1,0,Fastball,Four-Seam,BallCalled,Undefined,Undefined,Undefined,0,0,,85.21902,-2.816009,3.314652,2223.871629,142.924459,10:45,5.80262,-0.64351,5.95554,-21.83548,17.10052,-11.86981,1.36487,1.44487,77.26061,-6.943471,1.185204,0.449104,,,,,,,,,,,,7.31977,10.12544,0.38702,50,5.56626,-6.70344,-123.42437,-6.72064,11.14318,27.57019,-16.75966,GEO_PAT,NIA_COM,SpuhlerFieldMain,TeamExclusive,Team,20251018-SpuhlerFieldMain-Private-2,f6bfec20-ac66-11f0-ae3b-9b4a908d198a,83.92805,,,7.95842,,,,,,,072e60c5-9c43-4700-b7fc-b13f476f682d,2025-10-18,21:11:06.91,2025-10-18T17:11:06.9140480-04:00,2025-10-18T21:11:06.9140480Z,,v3,471300,,,"Harper, Dalton",1000115726,Right,NIA_COM,56aadb83-5c90-439f-8865-4d2676985a41,54.54886,-124.43634,13.7851,5.80166,-6.10548,-8.37983,0.64058,-7.11244,5.57159,,,,,,,,,,,,,,,,,,,,,,,,,,,,,,,,,,,,,,,,,,,,,,,,,,,High,High,High,,,,,
191,2025-10-18,17:11:32.98,4,3,"Meidenbauer, Trevor",1000150088,Left,NIA_COM,"Blanchard, Evan",10073877,Right,GEO_PAT,Undefined,6,Bottom,1,2,0,Fastball,Sinker,InPlay,Undefined,LineDrive,Out,2,0,,85.7066,-2.418828,2.191004,2269.142945,136.983391,10:30,5.77623,-0.78118,5.92675,-21.29352,17.13922,-14.72225,1.75429,0.02605,77.70964,-6.449089,-0.452566,0.446192,96.70183,12.59418,-18.969982,1712.934665,102.43638,19.17168,-40.08289,258.75913,249.90061,-24.937182,2.595614,8.25914,9.94158,0.61437,50,5.57059,-4.16118,-124.23397,-5.87277,12.76472,27.46547,-16.80906,GEO_PAT,NIA_COM,SpuhlerFieldMain,TeamExclusive,Team,20251018-SpuhlerFieldMain-Private-2,0663d420-ac67-11f0-ae3b-9b4a908d198a,84.47577,20.5068,,7.99696,,,,2.30063,1.88141,-0.05631,072e60c5-9c43-4700-b7fc-b13f476f682d,2025-10-18,21:11:32.98,2025-10-18T17:11:32.9827328-04:00,2025-10-18T21:11:32.9827328Z,LineDrive,v3,471300,,,"Harper, Dalton",1000115726,Right,NIA_COM,c075b5a3-97d1-4f4c-8e00-e4d6f0041f0b,54.57452,-125.24121,13.73274,5.77466,-5.25633,-8.40453,0.77555,-4.6293,6.38236,132.334001,2.30064,130.89868,-25.46266,5.87693,-1.27525,0.2324,-0.03583,0.00418,-0.00025,1.8814,30.92517,-13.16352,0.0922,0.20891,-0.07046,0.01781,-0.00256,0.00016,-0.05631,-44.99572,-1.06042,2.01541,-0.81302,0.23012,-0.04909,0.00674,-0.00043,,,,,,,,,,,,,,,,,,,,,,,High,High,High,High,High,,,
192,2025-10-18,17:14:14.22,1,1,"Okeeffe, Shaun",1000297082,Left,GEO_PAT,"Allen, Matt",10165583,Right,NIA_COM,Undefined,7,Top,0,0,0,Slider,Curveball,StrikeSwinging,Undefined,Undefined,Undefined,0,0,,79.80853,0.534589,2.686102,2438.286916,319.811562,4:45,5.42211,-2.22914,4.68046,-50.44255,-4.43862,4.95792,1.72683,0.73683,73.40233,-8.502181,3.555787,0.488167,,,,,,,,,,,,-1.70256,-2.0278,1.95082,50,5.43033,-5.63564,-115.67714,-0.8307,-2.3036,21.87096,-34.91766,GEO_PAT,NIA_COM,SpuhlerFieldMain,TeamExclusive,Team,20251018-SpuhlerFieldMain-Private-2,667f8ed0-ac67-11f0-ae3b-9b4a908d198a,77.21211,,,6.40619,,,,,,,072e60c5-9c43-4700-b7fc-b13f476f682d,2025-10-18,21:14:14.22,2025-10-18T17:14:14.2284800-04:00,2025-10-18T21:14:14.2284800Z,,v3,471300,,,"Cowdrey, Vincent",1000469295,Right,GEO_PAT,f4d0a0d9-7cfb-4851-bbc4-9be742d3f969,55.82425,-116.77313,10.93548,5.42812,0.91908,-17.45883,2.23034,-5.5202,-1.1518,,,,,,,,,,,,,,,,,,,,,,,,,,,,,,,,,,,,,,,,,,,,,,,,,,,High,High,High,,,,,
193,2025-10-18,17:14:26.29,1,2,"Okeeffe, Shaun",1000297082,Left,GEO_PAT,"Allen, Matt",10165583,Right,NIA_COM,Undefined,7,Top,0,0,1,Fastball,Changeup,StrikeSwinging,Undefined,Undefined,Undefined,0,0,,82.9724,-0.282531,2.617714,2173.464034,72.85987,8:30,5.52692,-1.84814,5.2838,-43.05467,-1.78217,-9.67993,1.67342,-0.19467,76.74073,-8.082959,0.898981,0.462383,,,,,,,,,,,,5.54685,-0.48209,1.61666,50,5.46918,-5.10611,-120.46944,-2.17102,8.20782,21.89016,-32.88739,GEO_PAT,NIA_COM,SpuhlerFieldMain,TeamExclusive,Team,20251018-SpuhlerFieldMain-Private-2,6db4a690-ac67-11f0-ae3b-9b4a908d198a,81.51779,,,6.23167,,,,,,,072e60c5-9c43-4700-b7fc-b13f476f682d,2025-10-18,21:14:26.29,2025-10-18T17:14:26.2992896-04:00,2025-10-18T21:14:26.2992896Z,,v3,471300,,,"Cowdrey, Vincent",1000469295,Right,GEO_PAT,48ddd517-5de9-4b11-9aba-ed1bcca35fab,55.22068,-121.41436,10.94508,5.53225,-0.75138,-16.44369,1.84472,-5.46041,4.10391,,,,,,,,,,,,,,,,,,,,,,,,,,,,,,,,,,,,,,,,,,,,,,,,,,,High,High,High,,,,,
194,2025-10-18,17:14:41.48,1,3,"Okeeffe, Shaun",1000297082,Left,GEO_PAT,"Allen, Matt",10165583,Right,NIA_COM,Undefined,7,Top,0,0,2,Slider,Slider,BallCalled,Undefined,Undefined,Undefined,0,0,,80.4026,0.498405,0.831338,2415.677221,309.075126,4:15,5.40884,-2.26587,4.55114,-48.73038,-3.26819,5.78063,1.82249,-0.99271,73.85785,-8.230743,1.844974,0.485285,,,,,,,,,,,,-2.5761,-1.27473,2.17366,50,5.4147,-1.94959,-116.59625,-0.90271,-3.54458,22.02077,-33.928,GEO_PAT,NIA_COM,SpuhlerFieldMain,TeamExclusive,Team,20251018-SpuhlerFieldMain-Private-2,76ab6b80-ac67-11f0-ae3b-9b4a908d198a,77.67077,,,6.54475,,,,,,,072e60c5-9c43-4700-b7fc-b13f476f682d,2025-10-18,21:14:41.48,2025-10-18T17:14:41.4841344-04:00,2025-10-18T21:14:41.4841344Z,,v3,471300,,,"Cowdrey, Vincent",1000469295,Right,GEO_PAT,847dc647-9338-4553-adb9-28e134e64d98,55.9512,-117.71485,11.01039,5.41679,0.82074,-16.964,2.26812,-1.76954,-1.77229,,,,,,,,,,,,,,,,,,,,,,,,,,,,,,,,,,,,,,,,,,,,,,,,,,,High,High,High,,,,,
195,2025-10-18,17:14:56.96,1,4,"Okeeffe, Shaun",1000297082,Left,GEO_PAT,"Allen, Matt",10165583,Right,NIA_COM,Undefined,7,Top,0,1,2,ChangeUp,Changeup,StrikeSwinging,Strikeout,Undefined,Undefined,0,0,,81.52453,0.36741,2.792168,2192.536779,103.55891,9:30,5.45703,-1.97683,5.35935,-38.53837,4.13457,-11.89453,2.59048,-0.34739,75.12355,-6.669181,0.679886,0.470162,,,,,,,,,,,,6.70067,2.36414,1.73445,50,5.46252,-5.28448,-118.32635,-0.58677,9.56304,21.17407,-28.80002,GEO_PAT,NIA_COM,SpuhlerFieldMain,TeamExclusive,Team,20251018-SpuhlerFieldMain-Private-2,7fe071f0-ac67-11f0-ae3b-9b4a908d198a,80.16902,,,6.40098,,,,,,,072e60c5-9c43-4700-b7fc-b13f476f682d,2025-10-18,21:14:56.96,2025-10-18T17:14:56.9643008-04:00,2025-10-18T21:14:56.9643008Z,,v3,471300,,,"Cowdrey, Vincent",1000469295,Right,GEO_PAT,e8c01127-f276-4eb0-82ea-274a4b2e80d9,55.14377,-119.24326,10.58704,5.46093,0.66036,-14.40001,1.97225,-5.69859,4.78152,,,,,,,,,,,,,,,,,,,,,,,,,,,,,,,,,,,,,,,,,,,,,,,,,,,High,High,High,,,,,
196,2025-10-18,17:15:19.94,2,1,"Okeeffe, Shaun",1000297082,Left,GEO_PAT,"Prizel, Cooper",10275157,Left,NIA_COM,Undefined,7,Top,1,0,0,Slider,Curveball,StrikeCalled,Undefined,Undefined,Undefined,0,0,,80.13655,1.643617,1.592628,2450.028842,330.792752,5:00,5.32694,-2.08229,4.54965,-54.87267,-8.94579,5.81926,2.31991,-0.08084,73.39569,-8.17177,2.611977,0.487759,,,,,,,,,,,,-2.37575,-4.39925,1.91074,50,5.44581,-3.48657,-116.13959,1.16313,-3.23343,22.46949,-38.16146,GEO_PAT,NIA_COM,SpuhlerFieldMain,TeamExclusive,Team,20251018-SpuhlerFieldMain-Private-2,8d95a950-ac67-11f0-ae3b-9b4a908d198a,77.27684,,,6.74086,,,,,,,072e60c5-9c43-4700-b7fc-b13f476f682d,2025-10-18,21:15:19.94,2025-10-18T17:15:19.9431168-04:00,2025-10-18T21:15:19.9431168Z,,v3,471300,,,"Cowdrey, Vincent",1000469295,Right,GEO_PAT,3593a0e2-ca5a-41b0-a4e3-191c1d002404,55.95431,-117.28591,11.23475,5.33681,3.11,-19.08073,2.08441,-3.3216,-1.61671,,,,,,,,,,,,,,,,,,,,,,,,,,,,,,,,,,,,,,,,,,,,,,,,,,,High,High,High,,,,,
197,2025-10-18,17:15:32.20,2,2,"Okeeffe, Shaun",1000297082,Left,GEO_PAT,"Prizel, Cooper",10275157,Left,NIA_COM,Undefined,7,Top,1,0,1,Sinker,Changeup,StrikeSwinging,Undefined,Undefined,Undefined,0,0,,84.97948,-0.634564,3.226088,2303.335338,68.76437,8:15,5.4813,-1.88377,5.43854,-43.0538,-3.4878,-12.27654,1.29828,0.11745,77.82926,-8.466287,1.040613,0.452723,,,,,,,,,,,,7.18823,-1.2787,1.60695,50,5.3948,-6.43678,-123.22289,-2.94175,11.00056,25.5519,-34.1309,GEO_PAT,NIA_COM,SpuhlerFieldMain,TeamExclusive,Team,20251018-SpuhlerFieldMain-Private-2,94f50560-ac67-11f0-ae3b-9b4a908d198a,83.25716,,,7.15023,,,,,,,072e60c5-9c43-4700-b7fc-b13f476f682d,2025-10-18,21:15:32.20,2025-10-18T17:15:32.2012672-04:00,2025-10-18T21:15:32.2012672Z,,v3,471300,,,"Cowdrey, Vincent",1000469295,Right,GEO_PAT,645663e1-a787-416b-80f6-cafdfba41dab,55.06595,-124.26894,12.77595,5.48663,-1.54448,-17.06545,1.87968,-6.88712,5.50028,,,,,,,,,,,,,,,,,,,,,,,,,,,,,,,,,,,,,,,,,,,,,,,,,,,High,High,High,,,,,
198,2025-10-18,17:15:46.32,2,3,"Okeeffe, Shaun",1000297082,Left,GEO_PAT,"Prizel, Cooper",10275157,Left,NIA_COM,Undefined,7,Top,1,0,2,Slider,Curveball,BallCalled,Undefined,Undefined,Undefined,0,0,,79.56991,1.238207,0.0429,2377.506922,317.045632,4:30,5.38568,-2.05824,4.7056,-52.18334,-6.28989,7.11796,2.21261,-1.42436,73.45052,-8.116412,1.294699,0.487581,,,,,,,,,,,,-3.46811,-2.96563,2.0472,50,5.46404,-0.39475,-115.50639,0.48514,-4.70869,20.51171,-36.20053,GEO_PAT,NIA_COM,SpuhlerFieldMain,TeamExclusive,Team,20251018-SpuhlerFieldMain-Private-2,9d53a900-ac67-11f0-ae3b-9b4a908d198a,77.30498,,,6.11939,,,,,,,072e60c5-9c43-4700-b7fc-b13f476f682d,2025-10-18,21:15:46.32,2025-10-18T17:15:46.3234048-04:00,2025-10-18T21:15:46.3234048Z,,v3,471300,,,"Cowdrey, Vincent",1000469295,Right,GEO_PAT,63b9c89d-28ca-4698-8211-c3f0c4c1c3b1,55.79855,-116.53155,10.25586,5.39458,2.29442,-18.10027,2.06105,-0.15941,-2.35435,,,,,,,,,,,,,,,,,,,,,,,,,,,,,,,,,,,,,,,,,,,,,,,,,,,High,High,High,,,,,
199,2025-10-18,17:16:02.73,2,4,"Okeeffe, Shaun",1000297082,Left,GEO_PAT,"Prizel, Cooper",10275157,Left,NIA_COM,Undefined,7,Top,1,1,2,ChangeUp,Changeup,StrikeSwinging,Strikeout,Undefined,Undefined,0,0,,81.0685,-0.296447,1.810221,2307.669033,90.571693,9:00,5.44485,-2.05293,5.45185,-41.36872,1.24634,-9.82729,1.71977,-1.17655,75.50383,-7.81422,0.058779,0.469843,,,,,,,,,,,,5.40331,1.04248,1.90011,50,5.38984,-3.33653,-117.87335,-2.04513,7.71216,19.36537,-30.68614,GEO_PAT,NIA_COM,SpuhlerFieldMain,TeamExclusive,Team,20251018-SpuhlerFieldMain-Private-2,a73458c0-ac67-11f0-ae3b-9b4a908d198a,80.22342,,,5.56467,,,,,,,072e60c5-9c43-4700-b7fc-b13f476f682d,2025-10-18,21:16:02.73,2025-10-18T17:16:02.7339264-04:00,2025-10-18T21:16:02.7339264Z,,v3,471300,,,"Cowdrey, Vincent",1000469295,Right,GEO_PAT,59201ab0-bd53-4e44-b17b-487ba1e9dd1d,55.05285,-118.70058,9.68268,5.4492,-0.73432,-15.34307,2.04967,-3.66596,3.85608,,,,,,,,,,,,,,,,,,,,,,,,,,,,,,,,,,,,,,,,,,,,,,,,,,,High,High,High,,,,,
200,2025-10-18,17:16:26.06,3,1,"Okeeffe, Shaun",1000297082,Left,GEO_PAT,"Farber, Ian",10961307,Right,NIA_COM,Undefined,7,Top,2,0,0,ChangeUp,Curveball,BallCalled,Undefined,Undefined,Undefined,0,0,,79.68726,0.271882,0.758042,2464.568383,323.779846,4:45,5.28611,-2.05834,4.55899,-52.2933,-5.95449,5.43748,1.18714,-0.88367,73.22707,-9.076902,1.71235,0.489941,,,,,,,,,,,,-2.43,-2.52028,1.97422,50,5.265,-1.76837,-115.56054,-1.49827,-3.27764,22.04594,-35.57343,GEO_PAT,NIA_COM,SpuhlerFieldMain,TeamExclusive,Team,20251018-SpuhlerFieldMain-Private-2,b4ff8920-ac67-11f0-ae3b-9b4a908d198a,76.93259,,,6.4602,,,,,,,072e60c5-9c43-4700-b7fc-b13f476f682d,2025-10-18,21:16:26.06,2025-10-18T17:16:26.0665856-04:00,2025-10-18T21:16:26.0665856Z,,v3,471300,,,"Cowdrey, Vincent",1000469295,Right,GEO_PAT,64778e07-2468-4f55-9432-d0778f5da6c7,55.94405,-116.689,11.02297,5.29509,0.32261,-17.78671,2.06044,-1.6006,-1.63882,,,,,,,,,,,,,,,,,,,,,,,,,,,,,,,,,,,,,,,,,,,,,,,,,,,High,High,High,,,,,
201,2025-10-18,17:16:39.12,3,2,"Okeeffe, Shaun",1000297082,Left,GEO_PAT,"Farber, Ian",10961307,Right,NIA_COM,Undefined,7,Top,2,1,0,Slider,Curveball,StrikeSwinging,Undefined,Undefined,Undefined,0,0,,79.44528,-0.021733,3.658833,2442.888159,329.746403,5:00,5.27276,-2.07121,4.6399,-50.74424,-4.60099,3.44051,1.02338,1.69754,73.85474,-9.059553,4.261103,0.488906,,,,,,,,,,,,-0.78051,-2.0013,1.69247,50,5.22319,-7.50747,-115.1735,-1.9648,-1.05718,19.70867,-34.88478,GEO_PAT,NIA_COM,SpuhlerFieldMain,TeamExclusive,Team,20251018-SpuhlerFieldMain-Private-2,bcdffc10-ac67-11f0-ae3b-9b4a908d198a,77.09546,,,5.59054,,,,,,,072e60c5-9c43-4700-b7fc-b13f476f682d,2025-10-18,21:16:39.12,2025-10-18T17:16:39.1234048-04:00,2025-10-18T21:16:39.1234048Z,,v3,471300,,,"Cowdrey, Vincent",1000469295,Right,GEO_PAT,c1509fae-2939-4fc7-a2c5-ba93ed461903,55.86611,-116.17299,9.85434,5.27798,-0.1957,-17.44239,2.07184,-7.45386,-0.52859,,,,,,,,,,,,,,,,,,,,,,,,,,,,,,,,,,,,,,,,,,,,,,,,,,,High,High,High,,,,,
202,2025-10-18,17:16:52.68,3,3,"Okeeffe, Shaun",1000297082,Left,GEO_PAT,"Farber, Ian",10961307,Right,NIA_COM,Undefined,7,Top,2,1,1,Fastball,Changeup,InPlay,Undefined,GroundBall,Out,1,0,,84.53639,-0.538956,2.974242,2278.214367,96.479632,9:15,5.44029,-1.99082,5.4909,-36.86939,2.96681,-14.76887,1.86294,-0.43655,77.33193,-7.293521,0.343782,0.454266,76.46968,-2.423701,-17.470198,,,,,24.16715,22.05978,-16.941493,0.215255,8.33721,2.00984,1.74053,50,5.36792,-5.75631,-122.60724,-2.46278,12.65474,24.88589,-29.12335,GEO_PAT,NIA_COM,SpuhlerFieldMain,TeamExclusive,Team,20251018-SpuhlerFieldMain-Private-2,c4f40220-ac67-11f0-ae3b-9b4a908d198a,82.97437,1.85603,,7.20445,,,,1.06427,1.85603,0.38781,072e60c5-9c43-4700-b7fc-b13f476f682d,2025-10-18,21:16:52.68,2025-10-18T17:16:52.6867456-04:00,2025-10-18T21:16:52.6867456Z,GroundBall,v3,471300,,,"Cowdrey, Vincent",1000469295,Right,GEO_PAT,84a7a7f8-d77c-4b50-868d-52bd122df4a1,55.01229,-123.62041,12.44294,5.44406,-1.27709,-14.56168,1.98537,-6.27151,6.32737,72.943426,1.06594,106.78399,-20.17908,,,,,,,1.85716,-4.81277,-17.74701,,,,,,,0.38875,-33.69867,-3.84243,,,,,,,,,,,,,,,,,,,,,,,,,,,,,High,High,High,High,High,,,
203,2025-10-18,17:19:44.29,1,1,"Kelly, Andrew",10110182,Left,NIA_COM,"Canody, Andrew",1000415298,Right,GEO_PAT,Undefined,7,Bottom,0,0,0,Fastball,Four-Seam,StrikeCalled,Undefined,Undefined,Undefined,0,0,,86.05101,-1.956839,1.775661,1964.745507,171.895623,11:45,6.11329,-1.71366,6.32305,-21.83836,15.23143,-2.00441,2.48959,-0.24477,78.98328,-6.081837,1.41307,0.438209,,,,,,,,,,,,1.5235,8.81567,1.58475,50,5.95961,-3.79734,-124.9889,-4.8844,2.41473,24.73389,-18.20137,GEO_PAT,NIA_COM,SpuhlerFieldMain,TeamExclusive,Team,20251018-SpuhlerFieldMain-Private-2,2b2819f0-ac68-11f0-ae3b-9b4a908d198a,86.01472,,,7.06773,,,,,,,072e60c5-9c43-4700-b7fc-b13f476f682d,2025-10-18,21:19:44.29,2025-10-18T17:19:44.2953728-04:00,2025-10-18T21:19:44.2953728Z,,v3,471300,,,"Harper, Dalton",1000115726,Right,NIA_COM,d0109b96-c165-47ac-b7dd-0d2cde34b095,54.17763,-125.81289,12.36694,6.11223,-4.27804,-9.10068,1.7126,-3.87779,1.20736,,,,,,,,,,,,,,,,,,,,,,,,,,,,,,,,,,,,,,,,,,,,,,,,,,,High,High,High,,,,,
204,2025-10-18,17:20:01.47,1,2,"Kelly, Andrew",10110182,Left,NIA_COM,"Canody, Andrew",1000415298,Right,GEO_PAT,Undefined,7,Bottom,0,0,1,Fastball,Four-Seam,StrikeSwinging,Undefined,Undefined,Undefined,0,0,,88.01145,-1.678978,2.056643,1988.871823,142.361832,10:45,6.07894,-1.87699,6.139,-21.19068,14.69107,-10.4167,2.75985,-0.84344,80.24884,-5.685833,0.178881,0.43113,,,,,,,,,,,,5.9667,8.43079,1.72524,50,5.93973,-4.16421,-127.74866,-4.37313,9.82098,27.2947,-18.29725,GEO_PAT,NIA_COM,SpuhlerFieldMain,TeamExclusive,Team,20251018-SpuhlerFieldMain-Private-2,35798ce0-ac68-11f0-ae3b-9b4a908d198a,87.42706,,,7.76261,,,,,,,072e60c5-9c43-4700-b7fc-b13f476f682d,2025-10-18,21:20:01.47,2025-10-18T17:20:01.4732800-04:00,2025-10-18T21:20:01.4732800Z,,v3,471300,,,"Harper, Dalton",1000115726,Right,NIA_COM,f58df396-7cc0-4037-8197-1a2469959b24,54.36179,-128.67723,13.64735,6.07792,-3.75066,-9.14863,1.87259,-4.49831,4.91049,,,,,,,,,,,,,,,,,,,,,,,,,,,,,,,,,,,,,,,,,,,,,,,,,,,High,High,High,,,,,
205,2025-10-18,17:20:20.92,1,3,"Kelly, Andrew",10110182,Left,NIA_COM,"Canody, Andrew",1000415298,Right,GEO_PAT,Undefined,7,Bottom,0,0,2,Fastball,Four-Seam,InPlay,Undefined,GroundBall,Error,0,0,,87.34007,-1.610147,1.559752,2018.632657,157.537173,11:15,5.9924,-1.91872,6.35534,-22.08863,13.8917,-5.27311,2.66869,-0.92212,79.98497,-5.786086,0.605011,0.431722,92.52882,-15.538809,-6.978264,,,,,11.22386,11.22386,-1.436125,0.073535,3.20158,8.04398,1.80803,50,5.86511,-3.25524,-126.91508,-4.20165,5.21783,26.16433,-19.06426,GEO_PAT,NIA_COM,SpuhlerFieldMain,TeamExclusive,Team,20251018-SpuhlerFieldMain-Private-2,410de010-ac68-11f0-ae3b-9b4a908d198a,87.30722,2.67891,,7.3551,,,,1.65721,2.67891,0.88922,072e60c5-9c43-4700-b7fc-b13f476f682d,2025-10-18,21:20:20.92,2025-10-18T17:20:20.9200128-04:00,2025-10-18T21:20:20.9200128Z,GroundBall,v3,471300,,,"Harper, Dalton",1000115726,Right,NIA_COM,0bee34b3-f9b2-43fd-b286-187989a0c7dc,54.14697,-127.76714,13.08217,5.99183,-3.5808,-9.53213,1.91681,-3.42517,2.60892,180,1.65403,130.04854,,,,,,,,2.6798,-36.43039,,,,,,,,0.88961,-15.91787,,,,,,,,,,,,,,,,,,,,,,,,,,,,,,High,High,High,High,High,,,
206,2025-10-18,17:21:00.55,2,1,"Kelly, Andrew",10110182,Left,NIA_COM,"Morse, Jackson",1000469270,Right,GEO_PAT,Undefined,7,Bottom,0,0,0,Fastball,Cutter,StrikeCalled,Undefined,Undefined,Undefined,0,0,,84.87452,-1.173363,2.926518,1944.775188,158.799553,11:15,6.12751,-1.95913,6.32885,-24.12537,14.06422,-4.98685,3.03494,0.32271,77.72325,-5.72545,2.02565,0.444779,,,,,,,,,,,,3.41421,8.01815,1.74767,50,6.0302,-6.11169,-123.22182,-3.20768,5.24866,24.51372,-19.84777,GEO_PAT,NIA_COM,SpuhlerFieldMain,TeamExclusive,Team,20251018-SpuhlerFieldMain-Private-2,58ad1600-ac68-11f0-ae3b-9b4a908d198a,84.74427,,,7.15127,,,,,,,072e60c5-9c43-4700-b7fc-b13f476f682d,2025-10-18,21:21:00.55,2025-10-18T17:21:00.5592576-04:00,2025-10-18T21:21:00.5592576Z,,v3,471300,,,"Harper, Dalton",1000115726,Right,NIA_COM,5531d308-0e11-4943-92bd-c92172f7dc15,54.17259,-124.04913,12.25686,6.12716,-2.53784,-9.92388,1.95692,-6.28883,2.62433,,,,,,,,,,,,,,,,,,,,,,,,,,,,,,,,,,,,,,,,,,,,,,,,,,,High,High,High,,,,,
207,2025-10-18,17:21:19.34,2,2,"Kelly, Andrew",10110182,Left,NIA_COM,"Morse, Jackson",1000469270,Right,GEO_PAT,Undefined,7,Bottom,0,0,1,Fastball,Changeup,InPlay,Undefined,GroundBall,Out,2,0,,84.92664,-2.34369,2.608975,1903.435727,163.850122,11:30,5.96116,-2.17037,6.23716,-23.0806,15.20107,-4.05055,1.87225,-0.09944,77.92179,-6.68692,1.877978,0.445315,93.83137,-9.354916,2.178098,,,,,13.28366,11.83106,2.429543,0.083304,2.83929,8.91705,1.97769,50,5.7746,-5.46456,-123.25523,-5.70617,4.36892,24.43868,-18.45315,GEO_PAT,NIA_COM,SpuhlerFieldMain,TeamExclusive,Team,20251018-SpuhlerFieldMain-Private-2,63e9ac40-ac68-11f0-ae3b-9b4a908d198a,84.64228,1.86589,,7.00484,,,,1.95367,1.86589,0.13264,072e60c5-9c43-4700-b7fc-b13f476f682d,2025-10-18,21:21:19.34,2025-10-18T17:21:19.3413120-04:00,2025-10-18T21:21:19.3413120Z,GroundBall,v3,471300,,,"Harper, Dalton",1000115726,Right,NIA_COM,7b9cf0bb-ff46-41ec-96cd-5ae038a761f3,54.26511,-124.09802,12.21934,5.96041,-5.0698,-9.22658,2.16873,-5.61523,2.18446,180,1.95134,135.86475,,,,,,,,1.86628,-22.39862,,,,,,,,0.13255,5.16739,,,,,,,,,,,,,,,,,,,,,,,,,,,,,,High,High,High,Medium,High,,,
208,2025-10-18,17:21:57.28,3,1,"Kelly, Andrew",10110182,Left,NIA_COM,"Clyne , Owen",1000230336,Left,GEO_PAT,Undefined,7,Bottom,2,0,0,Fastball,Four-Seam,BallCalled,Undefined,Undefined,Undefined,0,0,,88.52612,-2.290111,1.110364,2030.947428,150.274771,11:00,6.1024,-1.47838,5.99715,-19.83029,15.99769,-8.42745,2.32611,-1.15156,80.38796,-6.04672,-0.40574,0.430807,,,,,,,,,,,,4.67343,9.28745,1.39554,50,5.91107,-2.13961,-128.41679,-5.72573,7.73262,28.86623,-16.80707,GEO_PAT,NIA_COM,SpuhlerFieldMain,TeamExclusive,Team,20251018-SpuhlerFieldMain-Private-2,7a818450-ac68-11f0-ae3b-9b4a908d198a,87.49267,,,8.13816,,,,,,,072e60c5-9c43-4700-b7fc-b13f476f682d,2025-10-18,21:21:57.28,2025-10-18T17:21:57.2889088-04:00,2025-10-18T21:21:57.2889088Z,,v3,471300,,,"Harper, Dalton",1000115726,Right,NIA_COM,f7ff35d8-cd3c-45ee-b20c-c1fb88e31729,54.50332,-129.42511,14.43312,6.10082,-5.13865,-8.40354,1.475,-2.40971,3.86631,,,,,,,,,,,,,,,,,,,,,,,,,,,,,,,,,,,,,,,,,,,,,,,,,,,High,High,High,,,,,
209,2025-10-18,17:22:13.91,3,2,"Kelly, Andrew",10110182,Left,NIA_COM,"Clyne , Owen",1000230336,Left,GEO_PAT,Undefined,7,Bottom,2,1,0,Fastball,Four-Seam,FoulBallNotFieldable,Undefined,Undefined,Undefined,0,0,,88.19947,-1.276582,0.776179,2092.439213,174.477004,11:45,5.97837,-1.54664,6.24104,-17.49013,18.03714,-1.63201,3.34299,-0.96661,80.39104,-4.626982,0.481349,0.428995,65.26533,38.942389,-123.769279,4462.552824,,,,,44.62374,,,1.07126,10.0765,1.48959,50,5.87447,-1.67087,-128.13383,-3.3256,1.77426,27.40798,-15.48483,GEO_PAT,NIA_COM,SpuhlerFieldMain,TeamExclusive,Team,20251018-SpuhlerFieldMain-Private-2,8468c3c0-ac68-11f0-ae3b-9b4a908d198a,87.86218,33.67539,,7.80843,,,,0.63827,3.45642,0.82744,072e60c5-9c43-4700-b7fc-b13f476f682d,2025-10-18,21:22:13.91,2025-10-18T17:22:13.9112960-04:00,2025-10-18T21:22:13.9112960Z,,v3,471300,,,"Harper, Dalton",1000115726,Right,NIA_COM,6952600e-7ceb-43e7-bcf1-b11f829e64e1,54.25977,-129.04178,13.70399,5.97614,-2.81263,-7.74241,1.54591,-1.72965,0.88713,56.772163,0.63827,-41.38345,-2.21045,1.76605,-0.59731,0.15982,-0.03999,0.01047,-0.00198,3.45642,60.16518,-23.27284,2.36,-0.4271,0.05851,0.00067,-0.00808,0.00386,0.82744,-61.88961,12.56656,-2.7941,0.59563,-0.08919,-0.00177,0.01883,-0.00899,,,,,,,,,,,,,,,,,,,,,,,High,High,High,High,Undefined,,,
210,2025-10-18,17:22:35.72,3,3,"Kelly, Andrew",10110182,Left,NIA_COM,"Clyne , Owen",1000230336,Left,GEO_PAT,Undefined,7,Bottom,2,1,1,Fastball,Four-Seam,FoulBallNotFieldable,Undefined,Undefined,Undefined,0,0,,87.97371,-0.705751,1.88595,1986.049496,164.591065,11:30,6.17284,-1.61164,6.14067,-21.73588,14.29296,-3.60288,3.70888,-0.16826,79.84038,-4.826422,1.236687,0.432013,81.08134,47.001466,-112.667599,4374.366596,,,,,60.86538,,,2.43752,7.9628,1.46962,50,6.10778,-4.05982,-127.70026,-2.21724,3.99039,28.41173,-19.13843,GEO_PAT,NIA_COM,SpuhlerFieldMain,TeamExclusive,Team,20251018-SpuhlerFieldMain-Private-2,916ef670-ac68-11f0-ae3b-9b4a908d198a,87.24844,57.67335,,8.13333,,,,0.63688,3.37099,0.39763,072e60c5-9c43-4700-b7fc-b13f476f682d,2025-10-18,21:22:35.72,2025-10-18T17:22:35.7271552-04:00,2025-10-18T21:22:35.7271552Z,,v3,471300,,,"Harper, Dalton",1000115726,Right,NIA_COM,8d7628d9-826f-4d7f-b236-ea2a9381f61b,54.35999,-128.66665,14.20586,6.17212,-1.56627,-9.56922,1.61001,-4.19554,1.99519,,0.63688,-31.25482,-11.18004,5.33019,-1.77665,0.52016,-0.1419,0.03243,-0.00437,3.37099,86.974,-30.44898,3.89999,-0.63159,0.06283,0.00304,-0.00367,0.00075,0.39763,-74.8359,19.67306,-5.06212,1.16367,-0.24584,0.05162,-0.00933,0.00112,,,,,,,,,,,,,,,,,,,,,,,High,High,High,Low,Undefined,,,
211,2025-10-18,17:22:59.06,3,4,"Kelly, Andrew",10110182,Left,NIA_COM,"Clyne , Owen",1000230336,Left,GEO_PAT,Undefined,7,Bottom,2,1,2,Curveball,Curveball,StrikeCalled,Strikeout,Undefined,Undefined,0,0,,76.75155,-0.089008,1.935256,2009.754371,325.588807,4:45,6.26608,-1.44678,5.82474,-52.68444,-4.36272,4.16984,1.79291,0.70062,69.79549,-9.75442,2.684073,0.500314,,,,,,,,,,,,-1.48697,-1.68189,1.28601,50,6.22794,-3.91545,-111.30898,-1.83712,-1.83161,23.36706,-34.24575,GEO_PAT,NIA_COM,SpuhlerFieldMain,TeamExclusive,Team,20251018-SpuhlerFieldMain-Private-2,9f5a0ae0-ac68-11f0-ae3b-9b4a908d198a,75.33758,,,6.95606,,,,,,,072e60c5-9c43-4700-b7fc-b13f476f682d,2025-10-18,21:22:59.06,2025-10-18T17:22:59.0650000-04:00,2025-10-18T21:22:59.0650000Z,,v3,471300,,,"Harper, Dalton",1000115726,Right,NIA_COM,2697820f-a580-44c7-a482-b51888f31a60,54.67674,-112.28648,11.68353,6.27483,-0.40455,-17.12287,1.4482,-3.83883,-0.9158,,,,,,,,,,,,,,,,,,,,,,,,,,,,,64.15537,2.781232,1.684992,1.09624,1.10077,1.73837,-0.71544,-1.02768,3.79119,-0.34946,72.19468,5.22666,-52.58591,-0.97482,72.25658,-5.02807,3.85533,17.11964,-14.47621,-0.46212,-55.51958,7.27446,High,High,High,,,High,High,High
212,2025-10-18,17:25:04.25,1,1,"Okeeffe, Shaun",1000297082,Left,GEO_PAT,"Gravelle, Cameron",10005014,Left,NIA_COM,Undefined,8,Top,0,0,0,Slider,Slider,StrikeSwinging,Undefined,Undefined,Undefined,0,0,,79.82159,0.077994,3.359947,2380.213535,308.850106,4:15,5.38828,-2.17632,4.48954,-50.79814,-4.2791,7.15437,1.22957,1.62562,73.31871,-8.97933,4.609123,0.490893,,,,,,,,,,,,-2.51473,-1.68339,1.81557,50,5.34748,-7.09701,-115.53492,-1.82839,-3.3854,22.33107,-34.44029,GEO_PAT,NIA_COM,SpuhlerFieldMain,TeamExclusive,Team,20251018-SpuhlerFieldMain-Private-2,e9dbae70-ac68-11f0-ae3b-9b4a908d198a,76.78344,,,6.50288,,,,,,,072e60c5-9c43-4700-b7fc-b13f476f682d,2025-10-18,21:25:04.25,2025-10-18T17:25:04.2570240-04:00,2025-10-18T21:25:04.2570240Z,,v3,471300,,,"Cowdrey, Vincent",1000469295,Right,GEO_PAT,796d7434-89a0-4a71-99da-8db165e825e7,56.01349,-116.69144,11.16554,5.39599,-0.04473,-17.22015,2.17859,-6.92168,-1.6927,,,,,,,,,,,,,,,,,,,,,,,,,,,,,,,,,,,,,,,,,,,,,,,,,,,High,High,High,,,,,
213,2025-10-18,17:25:17.89,1,2,"Okeeffe, Shaun",1000297082,Left,GEO_PAT,"Gravelle, Cameron",10005014,Left,NIA_COM,Undefined,8,Top,0,0,1,ChangeUp,Changeup,BallCalled,Undefined,Undefined,Undefined,0,0,,82.2736,-1.346173,4.116114,2211.072666,104.35868,9:30,5.46224,-1.83619,5.43526,-38.46215,3.59839,-8.97756,0.99287,1.27709,75.7991,-8.350113,2.521801,0.466776,,,,,,,,,,,,5.65414,2.55079,1.4775,50,5.3159,-8.21402,-119.18976,-4.14636,8.15628,22.3122,-28.49444,GEO_PAT,NIA_COM,SpuhlerFieldMain,TeamExclusive,Team,20251018-SpuhlerFieldMain-Private-2,f21b0a40-ac68-11f0-ae3b-9b4a908d198a,80.75055,,,6.47449,,,,,,,072e60c5-9c43-4700-b7fc-b13f476f682d,2025-10-18,21:25:17.89,2025-10-18T17:25:17.8925568-04:00,2025-10-18T21:25:17.8925568Z,,v3,471300,,,"Cowdrey, Vincent",1000469295,Right,GEO_PAT,b9030029-da5d-460f-bf34-057a5d366439,55.06784,-120.13471,11.1561,5.46595,-2.93958,-14.24722,1.83269,-8.55945,4.07814,,,,,,,,,,,,,,,,,,,,,,,,,,,,,,,,,,,,,,,,,,,,,,,,,,,High,High,High,,,,,
214,2025-10-18,17:25:31.71,1,3,"Okeeffe, Shaun",1000297082,Left,GEO_PAT,"Gravelle, Cameron",10005014,Left,NIA_COM,Undefined,8,Top,0,1,1,Slider,Curveball,StrikeCalled,Undefined,Undefined,Undefined,0,0,,79.85782,1.815702,1.35718,2427.650269,309.233711,4:15,5.39402,-2.08294,4.63218,-49.5707,-3.82866,6.34359,2.99006,-0.26404,73.55836,-7.07727,2.46935,0.486776,,,,,,,,,,,,-2.75784,-1.9898,1.93746,50,5.53437,-3.01771,-115.84314,1.7671,-3.76599,20.64673,-34.89124,GEO_PAT,NIA_COM,SpuhlerFieldMain,TeamExclusive,Team,20251018-SpuhlerFieldMain-Private-2,fa3c2fb0-ac68-11f0-ae3b-9b4a908d198a,77.43283,,,6.29946,,,,,,,072e60c5-9c43-4700-b7fc-b13f476f682d,2025-10-18,21:25:31.71,2025-10-18T17:25:31.7163008-04:00,2025-10-18T21:25:31.7163008Z,,v3,471300,,,"Cowdrey, Vincent",1000469295,Right,GEO_PAT,163f690a-b045-4695-a8e3-57b8a0fae046,55.87213,-116.88504,10.32337,5.40077,3.52783,-17.44562,2.08495,-2.82766,-1.883,,,,,,,,,,,,,,,,,,,,,,,,,,,,,,,,,,,,,,,,,,,,,,,,,,,High,High,High,,,,,
215,2025-10-18,17:25:47.20,1,4,"Okeeffe, Shaun",1000297082,Left,GEO_PAT,"Gravelle, Cameron",10005014,Left,NIA_COM,Undefined,8,Top,0,1,2,Slider,Changeup,FoulBallNotFieldable,Undefined,Undefined,Undefined,0,0,,81.97802,0.028602,2.508159,2340.945685,116.260603,10:00,5.53752,-2.01066,5.60226,-35.35529,6.43957,-10.54241,2.61797,-0.5461,75.5521,-6.468705,0.627075,0.4653,81.15781,8.134866,42.644936,4370.487979,,,,97.00726,95.17053,47.132112,0.911479,6.04681,3.59862,1.80292,50,5.51679,-4.80387,-119.06302,-1.11735,8.7325,21.56619,-26.97713,GEO_PAT,NIA_COM,SpuhlerFieldMain,TeamExclusive,Team,20251018-SpuhlerFieldMain-Private-2,038cad60-ac69-11f0-ae3b-9b4a908d198a,81.00676,5.77441,,6.42592,,,,2.76086,2.74986,0.85928,072e60c5-9c43-4700-b7fc-b13f476f682d,2025-10-18,21:25:47.20,2025-10-18T17:25:47.2064512-04:00,2025-10-18T21:25:47.2064512Z,GroundBall,v3,471300,,,"Cowdrey, Vincent",1000469295,Right,GEO_PAT,27abfb31-51bb-479a-b243-65dfd2469a02,54.90168,-119.94758,10.78309,5.53993,-0.01085,-13.48856,2.0073,-5.16205,4.36625,,2.76086,86.67435,-22.25809,4.33176,-0.92879,0.15392,-0.02358,0.00355,-0.00026,2.74986,16.84336,-24.76933,3.96107,-0.92471,0.21738,-0.04572,0.00902,-0.00112,0.85928,79.8267,-1.58595,-2.20573,0.89209,-0.29328,0.07627,-0.01677,0.00216,,,,,,,,,,,,,,,,,,,,,,,High,High,High,High,High,,,
216,2025-10-18,17:26:10.91,1,5,"Okeeffe, Shaun",1000297082,Left,GEO_PAT,"Gravelle, Cameron",10005014,Left,NIA_COM,Undefined,8,Top,0,1,2,Slider,Slider,BallCalled,Undefined,Undefined,Undefined,0,0,,80.33182,2.28599,1.28673,2505.714459,300.893103,4:00,5.40978,-2.14349,4.63052,-49.69617,-4.36091,9.57552,3.44309,-0.12222,73.76122,-6.637107,2.964632,0.484607,,,,,,,,,,,,-4.31929,-2.31583,2.00214,50,5.59865,-3.03855,-116.46187,2.71225,-5.94843,21.31387,-35.36333,GEO_PAT,NIA_COM,SpuhlerFieldMain,TeamExclusive,Team,20251018-SpuhlerFieldMain-Private-2,119b2850-ac69-11f0-ae3b-9b4a908d198a,77.77943,,,6.57061,,,,,,,072e60c5-9c43-4700-b7fc-b13f476f682d,2025-10-18,21:26:10.91,2025-10-18T17:26:10.9178880-04:00,2025-10-18T21:26:10.9178880Z,,v3,471300,,,"Cowdrey, Vincent",1000469295,Right,GEO_PAT,b5e25136-f139-49a3-8770-bf0e4e1e78cc,55.87292,-117.53177,10.65694,5.41794,4.48739,-17.68167,2.14717,-2.73996,-2.97421,,,,,,,,,,,,,,,,,,,,,,,,,,,,,,,,,,,,,,,,,,,,,,,,,,,High,High,High,,,,,
217,2025-10-18,17:26:23.94,1,6,"Okeeffe, Shaun",1000297082,Left,GEO_PAT,"Gravelle, Cameron",10005014,Left,NIA_COM,Undefined,8,Top,0,2,2,Slider,Curveball,BallCalled,Undefined,Undefined,Undefined,0,0,,78.71085,2.516255,2.174413,2414.282132,297.088784,4:00,5.39654,-2.13675,4.67312,-51.07499,-3.75764,10.19103,3.53352,0.77877,72.14225,-6.664582,3.95907,0.495087,,,,,,,,,,,,-4.37288,-2.08476,1.90538,50,5.60677,-4.76771,-114.01381,3.08001,-5.75741,20.91429,-34.9189,GEO_PAT,NIA_COM,SpuhlerFieldMain,TeamExclusive,Team,20251018-SpuhlerFieldMain-Private-2,19615c80-ac69-11f0-ae3b-9b4a908d198a,76.13296,,,6.5686,,,,,,,072e60c5-9c43-4700-b7fc-b13f476f682d,2025-10-18,21:26:23.94,2025-10-18T17:26:23.9463424-04:00,2025-10-18T21:26:23.9463424Z,,v3,471300,,,"Cowdrey, Vincent",1000469295,Right,GEO_PAT,a707f6da-6b87-48e1-9166-c4f86fd36144,55.83002,-115.07828,10.45715,5.40478,4.85727,-17.45945,2.14058,-4.47467,-2.8787,,,,,,,,,,,,,,,,,,,,,,,,,,,,,,,,,,,,,,,,,,,,,,,,,,,High,High,High,,,,,
218,2025-10-18,17:26:38.65,1,7,"Okeeffe, Shaun",1000297082,Left,GEO_PAT,"Gravelle, Cameron",10005014,Left,NIA_COM,Undefined,8,Top,0,3,2,Fastball,Changeup,BallCalled,Walk,Undefined,Undefined,0,0,,83.52476,-0.619089,1.567296,2294.050159,97.984609,9:15,5.51045,-1.99136,5.36676,-37.57392,3.56299,-15.51599,1.79853,-1.81433,76.12664,-7.498957,-1.193874,0.461623,,,,,,,,,,,,8.25796,2.38725,1.86205,50,5.42829,-2.65734,-121.15103,-2.65182,12.17632,25.41804,-28.65407,GEO_PAT,NIA_COM,SpuhlerFieldMain,TeamExclusive,Team,20251018-SpuhlerFieldMain-Private-2,222837d0-ac69-11f0-ae3b-9b4a908d198a,81.65203,,,7.39812,,,,,,,072e60c5-9c43-4700-b7fc-b13f476f682d,2025-10-18,21:26:38.65,2025-10-18T17:26:38.6550272-04:00,2025-10-18T21:26:38.6550272Z,,v3,471300,,,"Cowdrey, Vincent",1000469295,Right,GEO_PAT,3f35c602-94fc-4996-9e50-f8712cc5ebe6,55.13497,-122.22362,12.70902,5.51468,-1.44267,-14.32704,1.98503,-3.17116,6.08816,,,,,,,,,,,,,,,,,,,,,,,,,,,,,,,,,,,,,,,,,,,,,,,,,,,High,High,High,,,,,
219,2025-10-18,17:27:09.41,2,1,"Okeeffe, Shaun",1000297082,Left,GEO_PAT,"Rossano, Cooper",10108170,Right,NIA_COM,Undefined,8,Top,0,0,0,Slider,Slider,StrikeCalled,Undefined,Undefined,Undefined,0,0,,79.51473,1.61415,1.948907,2273.979266,314.862711,4:30,5.3449,-2.22215,4.585,-49.72534,-3.37315,4.80177,2.73803,0.0328,73.10519,-7.301848,2.789659,0.490012,,,,,,,,,,,,-1.81461,-1.65524,2.0158,50,5.46535,-4.13198,-115.26821,1.3288,-2.44798,20.88478,-34.40702,GEO_PAT,NIA_COM,SpuhlerFieldMain,TeamExclusive,Team,20251018-SpuhlerFieldMain-Private-2,347bd680-ac69-11f0-ae3b-9b4a908d198a,76.92147,,,6.40954,,,,,,,072e60c5-9c43-4700-b7fc-b13f476f682d,2025-10-18,21:27:09.41,2025-10-18T17:27:09.4120960-04:00,2025-10-18T21:27:09.4120960Z,,v3,471300,,,"Cowdrey, Vincent",1000469295,Right,GEO_PAT,038bf274-4d84-48af-bd67-88c5e1135a3c,55.91815,-116.33555,10.44239,5.35251,3.0872,-17.20351,2.22377,-4.00687,-1.22399,,,,,,,,,,,,,,,,,,,,,,,,,,,,,,,,,,,,,,,,,,,,,,,,,,,High,High,High,,,,,
220,2025-10-18,17:27:47.78,2,2,"Okeeffe, Shaun",1000297082,Left,GEO_PAT,"Rossano, Cooper",10108170,Right,NIA_COM,Undefined,8,Top,0,0,1,Fastball,Changeup,InPlay,Undefined,FlyBall,Out,1,0,,83.40797,0.464657,3.132791,2255.605946,98.664729,9:15,5.50382,-2.0116,5.37769,-37.69888,3.32473,-13.27977,2.79853,-0.17829,76.31654,-6.435082,0.774903,0.460987,96.43726,25.57717,9.003981,2838.283225,107.07979,48.83596,25.17528,325.72298,323.44244,22.228835,4.367722,7.58363,1.89646,1.74063,50,5.51867,-6.06929,-120.95579,-0.35635,11.22938,23.70028,-29.36589,GEO_PAT,NIA_COM,SpuhlerFieldMain,TeamExclusive,Team,20251018-SpuhlerFieldMain-Private-2,4b6b1d60-ac69-11f0-ae3b-9b4a908d198a,81.76472,63.73142,,7.09143,,,,0.74458,2.77205,0.18359,072e60c5-9c43-4700-b7fc-b13f476f682d,2025-10-18,21:27:47.78,2025-10-18T17:27:47.7800448-04:00,2025-10-18T21:27:47.7800448Z,FlyBall,v3,471300,,,"Cowdrey, Vincent",1000469295,Right,GEO_PAT,87dd936f-a41f-498b-a248-d036288abdcb,55.12562,-121.95598,11.85014,5.50756,0.88293,-14.68294,2.00677,-6.54319,5.61469,218.43258,0.74408,126.02147,-27.60828,6.77331,-1.63876,0.3927,-0.07748,0.00956,-0.00051,2.77265,61.04792,-16.28381,0.27749,0.2953,-0.15698,0.04042,-0.00495,0.00022,0.18315,19.97583,5.96876,-2.26094,0.6647,-0.16488,0.03117,-0.00365,0.00019,,,,,,,,,,,,,,,,,,,,,,,High,High,High,High,High,,,
221,2025-10-18,17:31:25.38,3,1,"Thomas, Parker",814826,Right,GEO_PAT,"Schaefer, Mikey",10126964,Left,NIA_COM,Undefined,8,Top,1,0,0,Cutter,Slider,BallCalled,Undefined,Undefined,Undefined,0,0,,81.91865,-1.743986,-2.472086,2034.562534,226.557471,1:30,5.39548,2.68285,6.3933,-34.07037,6.10902,5.35213,0.9502,0.85366,76.65468,-8.041734,-1.50202,0.456219,,,,,,,,,,,,-3.37882,3.9074,-2.50758,50,5.25405,4.96083,-119.18045,-4.6288,-4.94741,19.03363,-26.45267,GEO_PAT,NIA_COM,SpuhlerFieldMain,TeamExclusive,Team,20251018-SpuhlerFieldMain-Private-2,cd19a980-ac69-11f0-ae3b-9b4a908d198a,82.61925,,,5.26397,,,,,,,072e60c5-9c43-4700-b7fc-b13f476f682d,2025-10-18,21:31:25.38,2025-10-18T17:31:25.3868544-04:00,2025-10-18T21:31:25.3868544Z,,v3,471300,,,"Cowdrey, Vincent",1000469295,Right,GEO_PAT,3431de2b-8b92-422c-9f75-c693ad3b5c50,54.11147,-119.83527,9.51681,5.39764,-3.71873,-13.22634,-2.68117,5.13104,-2.4737,,,,,,,,,,,,,,,,,,,,,,,,,,,,,,,,,,,,,,,,,,,,,,,,,,,High,High,High,,,,,
222,2025-10-18,17:31:43.06,3,2,"Thomas, Parker",814826,Right,GEO_PAT,"Schaefer, Mikey",10126964,Left,NIA_COM,Undefined,8,Top,1,1,0,Cutter,Changeup,InPlay,Undefined,LineDrive,Single,0,0,,83.01783,-0.755869,-4.23489,2042.552063,227.564428,1:30,5.39532,2.82963,6.51,-33.03675,6.06067,5.50614,1.94662,-0.60518,77.39529,-6.889413,-3.238676,0.450034,105.49204,14.334993,24.415439,1872.469327,97.21331,18.7659,51.47387,238.08537,190.52621,32.335065,2.002484,-3.90721,3.64327,-2.5359,50,5.32764,8.74585,-120.62535,-2.54496,-5.85169,19.84105,-26.71768,GEO_PAT,NIA_COM,SpuhlerFieldMain,TeamExclusive,Team,20251018-SpuhlerFieldMain-Private-2,d7a25910-ac69-11f0-ae3b-9b4a908d198a,83.75461,19.08477,,5.62254,,,,2.22213,2.0573,0.52581,072e60c5-9c43-4700-b7fc-b13f476f682d,2025-10-18,21:31:43.06,2025-10-18T17:31:43.0656512-04:00,2025-10-18T21:31:43.0656512Z,LineDrive,v3,471300,,,"Cowdrey, Vincent",1000469295,Right,GEO_PAT,fbd12c50-4a62-4dfb-a283-a97fae2fe536,53.9954,-121.28075,9.92053,5.39713,-1.66241,-13.35884,-2.82799,8.93914,-2.92585,271.833198,2.22211,136.50088,-25.72094,5.36104,-1.53278,0.66649,-0.294,0.07834,-0.00881,2.0573,38.30795,-23.79923,2.98584,-0.69704,0.1955,-0.057,0.01243,-0.00127,0.52583,61.96009,3.88897,-2.87601,1.38597,-0.84574,0.41252,-0.11495,0.01328,,,,,,,,,,,,,,,,,,,,,,,High,High,High,High,Medium,,,
223,2025-10-18,17:32:24.45,4,1,"Thomas, Parker",814826,Right,GEO_PAT,"Harper, Dalton",1000115726,Right,NIA_COM,Undefined,8,Top,1,0,0,Sweeper,Curveball,StrikeCalled,Undefined,Undefined,Undefined,0,0,,76.33793,1.682132,-0.755256,2178.261883,83.017511,8:45,5.56621,2.48009,5.66784,-48.89164,-0.66717,-17.16525,3.06099,0.34537,70.32971,-7.271136,-3.822971,0.49981,,,,,,,,,,,,8.50689,-0.3535,-2.40525,50,5.67747,2.09895,-110.91199,1.70167,10.61262,19.55609,-32.61505,GEO_PAT,NIA_COM,SpuhlerFieldMain,TeamExclusive,Team,20251018-SpuhlerFieldMain-Private-2,f0403a50-ac69-11f0-ae3b-9b4a908d198a,75.41352,,,6.00822,,,,,,,072e60c5-9c43-4700-b7fc-b13f476f682d,2025-10-18,21:32:24.45,2025-10-18T17:32:24.4524544-04:00,2025-10-18T21:32:24.4524544Z,,v3,471300,,,"Cowdrey, Vincent",1000469295,Right,GEO_PAT,31c162a7-cd09-4787-9438-33251b621aef,54.83635,-111.76148,9.77804,5.57278,3.11843,-16.30752,-2.48641,1.63795,5.30631,,,,,,,,,,,,,,,,,,,,,,,,,,,,,,,,,,,,,,,,,,,,,,,,,,,High,High,High,,,,,
224,2025-10-18,17:32:42.25,4,2,"Thomas, Parker",814826,Right,GEO_PAT,"Harper, Dalton",1000115726,Right,NIA_COM,Undefined,8,Top,1,0,1,Fastball,Sinker,HitByPitch,Undefined,Undefined,Undefined,0,0,,89.29114,-0.359521,-1.85732,1872.740199,239.474816,2:00,5.47707,2.5745,6.38119,-23.88489,9.96831,15.37938,3.15573,2.14678,82.87755,-4.831585,0.928347,0.418766,,,,,,,,,,,,-8.59772,5.56658,-2.44804,50,5.43979,3.64746,-130.01924,-1.54643,-14.93521,23.48463,-22.50425,GEO_PAT,NIA_COM,SpuhlerFieldMain,TeamExclusive,Team,20251018-SpuhlerFieldMain-Private-2,fae8f500-ac69-11f0-ae3b-9b4a908d198a,90.00835,,,6.41359,,,,,,,072e60c5-9c43-4700-b7fc-b13f476f682d,2025-10-18,21:32:42.25,2025-10-18T17:32:42.2535168-04:00,2025-10-18T21:32:42.2535168Z,,v3,471300,,,"Cowdrey, Vincent",1000469295,Right,GEO_PAT,32f65889-f817-4356-88b7-7de79285f55b,54.12489,-130.76217,11.74231,5.47745,-0.83451,-11.25213,-2.57091,4.11993,-7.46761,,,,,,,,,,,,,,,,,,,,,,,,,,,,,,,,,,,,,,,,,,,,,,,,,,,High,High,High,,,,,
225,2025-10-18,17:33:22.50,5,1,"Thomas, Parker",814826,Right,GEO_PAT,"Panzarella, Joey",10100201,Left,NIA_COM,Undefined,8,Top,1,0,0,Fastball,Sinker,StrikeCalled,Undefined,Undefined,Undefined,0,0,,89.6675,-1.910825,-4.498608,1934.810744,249.793633,2:15,5.43613,2.538,6.32924,-26.46722,7.77477,18.21922,1.46475,-0.09505,82.30527,-6.854268,-1.211179,0.421164,,,,,,,,,,,,-10.83174,4.8674,-2.21797,50,5.28347,9.53147,-130.02006,-5.18283,-18.58083,26.72695,-23.82447,GEO_PAT,NIA_COM,SpuhlerFieldMain,TeamExclusive,Team,20251018-SpuhlerFieldMain-Private-2,12e0ab30-ac6a-11f0-ae3b-9b4a908d198a,89.49591,,,7.36222,,,,,,,072e60c5-9c43-4700-b7fc-b13f476f682d,2025-10-18,21:33:22.50,2025-10-18T17:33:22.5073152-04:00,2025-10-18T21:33:22.5073152Z,,v3,471300,,,"Cowdrey, Vincent",1000469295,Right,GEO_PAT,6bdea853-9b43-42fa-932f-5a393488e31c,54.17582,-130.87562,13.36347,5.43717,-4.42018,-11.91223,-2.53261,10.12626,-9.29041,,,,,,,,,,,,,,,,,,,,,,,,,,,,,,,,,,,,,,,,,,,,,,,,,,,High,High,High,,,,,
226,2025-10-18,17:33:39.50,5,2,"Thomas, Parker",814826,Right,GEO_PAT,"Panzarella, Joey",10100201,Left,NIA_COM,Undefined,8,Top,1,0,1,Fastball,Sinker,BallCalled,Undefined,Undefined,Undefined,0,0,,90.1828,-1.316911,-1.892637,1894.222486,247.680646,2:15,5.46456,2.62438,6.02004,-26.48856,7.408,15.66375,2.03645,2.1759,83.29574,-6.228324,0.926921,0.419034,,,,,,,,,,,,-8.53008,4.45953,-2.48438,50,5.34679,3.67809,-131.10339,-3.91506,-14.97496,25.46961,-24.34513,GEO_PAT,NIA_COM,SpuhlerFieldMain,TeamExclusive,Team,20251018-SpuhlerFieldMain-Private-2,1cef21b0-ac6a-11f0-ae3b-9b4a908d198a,89.9508,,,6.88707,,,,,,,072e60c5-9c43-4700-b7fc-b13f476f682d,2025-10-18,21:33:39.50,2025-10-18T17:33:39.5023872-04:00,2025-10-18T21:33:39.5023872Z,,v3,471300,,,"Cowdrey, Vincent",1000469295,Right,GEO_PAT,fda1ef78-cd13-4a2c-b820-0e842018930c,54.4834,-131.97151,12.73481,5.46609,-3.08527,-12.17257,-2.61845,4.18851,-7.48748,,,,,,,,,,,,,,,,,,,,,,,,,,,,,,,,,,,,,,,,,,,,,,,,,,,High,High,High,,,,,
227,2025-10-18,17:33:58.19,5,3,"Thomas, Parker",814826,Right,GEO_PAT,"Panzarella, Joey",10100201,Left,NIA_COM,Undefined,8,Top,1,1,1,ChangeUp,Changeup,StrikeSwinging,Undefined,Undefined,Undefined,0,0,,82.21512,0.483249,-3.614905,1545.898822,260.183166,2:45,5.44419,2.52281,6.7416,-36.24435,3.87736,15.05335,2.86626,0.4699,75.21404,-6.325891,-0.874523,0.455891,,,,,,,,,,,,-8.93473,2.3291,-2.28959,50,5.46247,7.01393,-119.40042,-0.00345,-12.87664,23.35011,-28.81739,GEO_PAT,NIA_COM,SpuhlerFieldMain,TeamExclusive,Team,20251018-SpuhlerFieldMain-Private-2,281b3d30-ac6a-11f0-ae3b-9b4a908d198a,82.67861,,,7.00108,,,,,,,072e60c5-9c43-4700-b7fc-b13f476f682d,2025-10-18,21:33:58.19,2025-10-18T17:33:58.1995520-04:00,2025-10-18T21:33:58.1995520Z,,v3,471300,,,"Cowdrey, Vincent",1000469295,Right,GEO_PAT,5a943b72-ca74-4615-8ba9-7dcb5d66bb50,53.76078,-120.13363,11.67506,5.44837,0.90144,-14.40869,-2.51618,7.41827,-6.43832,,,,,,,,,,,,,,,,,,,,,,,,,,,,,,,,,,,,,,,,,,,,,,,,,,,High,High,High,,,,,
228,2025-10-18,17:34:18.47,5,4,"Thomas, Parker",814826,Right,GEO_PAT,"Panzarella, Joey",10100201,Left,NIA_COM,Undefined,8,Top,1,1,2,Cutter,Slider,StrikeSwinging,Strikeout,Undefined,Undefined,0,0,,82.57644,-1.612595,-3.11269,2073.515041,162.824742,11:30,5.558,2.58618,6.34455,-34.89183,4.935,-1.1939,1.16315,-0.38178,77.00312,-8.053012,-3.328559,0.454213,,,,,,,,,,,,-0.12035,3.2441,-2.35909,50,5.42369,6.5688,-120.04138,-4.41789,-0.17787,20.45839,-27.37998,GEO_PAT,NIA_COM,SpuhlerFieldMain,TeamExclusive,Team,20251018-SpuhlerFieldMain-Private-2,344b0d10-ac6a-11f0-ae3b-9b4a908d198a,82.98412,,,5.57332,,,,,,,072e60c5-9c43-4700-b7fc-b13f476f682d,2025-10-18,21:34:18.47,2025-10-18T17:34:18.4720896-04:00,2025-10-18T21:34:18.4720896Z,,v3,471300,,,"Cowdrey, Vincent",1000469295,Right,GEO_PAT,ea2874cd-24cc-41e5-a3b8-466e6950b214,54.16085,-120.74842,10.2292,5.56002,-3.47164,-13.68999,-2.58622,6.57495,-0.08894,,,,,,,,,,,,,,,,,,,,,,,,,,,,,,,,,,,,,,,,,,,,,,,,,,,High,High,High,,,,,
229,2025-10-18,17:34:49.26,6,1,"Thomas, Parker",814826,Right,GEO_PAT,"Kohr, Evan",1000275285,Right,NIA_COM,Undefined,8,Top,2,0,0,Fastball,Sinker,StrikeCalled,Undefined,Undefined,Undefined,0,0,,89.92106,-1.886855,-4.444756,1999.444241,241.82506,2:00,5.41374,2.45436,6.4172,-25.02974,8.5489,14.21749,1.58735,-0.45544,83.39157,-6.5546,-1.876139,0.417064,,,,,,,,,,,,-8.61201,5.19614,-2.14294,50,5.2668,9.61853,-130.53192,-5.08627,-15.05761,24.02848,-23.08892,GEO_PAT,NIA_COM,SpuhlerFieldMain,TeamExclusive,Team,20251018-SpuhlerFieldMain-Private-2,46a366b0-ac6a-11f0-ae3b-9b4a908d198a,90.37566,,,6.52948,,,,,,,072e60c5-9c43-4700-b7fc-b13f476f682d,2025-10-18,21:34:49.26,2025-10-18T17:34:49.2645376-04:00,2025-10-18T21:34:49.2645376Z,,v3,471300,,,"Cowdrey, Vincent",1000469295,Right,GEO_PAT,61a7433b-e940-41a9-9eac-77edc77ab9d7,54.08866,-131.28241,12.01424,5.41441,-4.36513,-11.54446,-2.4507,10.08883,-7.52881,,,,,,,,,,,,,,,,,,,,,,,,,,,,,,,,,,,,,,,,,,,,,,,,,,,High,High,High,,,,,
230,2025-10-18,17:35:06.98,6,2,"Thomas, Parker",814826,Right,GEO_PAT,"Kohr, Evan",1000275285,Right,NIA_COM,Undefined,8,Top,2,0,1,Fastball,Sinker,InPlay,Undefined,GroundBall,Single,0,1,,89.87977,-0.62973,-4.0293,1930.648789,243.292827,2:00,5.40706,2.55513,6.31962,-25.19533,8.60481,15.16741,2.72596,0.10168,82.90139,-5.339955,-1.292872,0.418438,83.21107,2.276622,4.029724,1497.231903,,,,58.56902,53.48374,2.506514,0.496342,-8.95178,4.9324,-2.26717,50,5.34869,8.6025,-130.52364,-2.23187,-15.59201,24.98734,-23.58289,GEO_PAT,NIA_COM,SpuhlerFieldMain,TeamExclusive,Team,20251018-SpuhlerFieldMain-Private-2,512c8b70-ac6a-11f0-ae3b-9b4a908d198a,90.07901,3.02322,,6.97838,,,,1.57775,2.75682,-0.09827,072e60c5-9c43-4700-b7fc-b13f476f682d,2025-10-18,21:35:06.98,2025-10-18T17:35:06.9834240-04:00,2025-10-18T21:35:06.9834240Z,GroundBall,v3,471300,,,"Cowdrey, Vincent",1000469295,Right,GEO_PAT,afe5770f-183a-4368-bed2-17f50a377894,54.18489,-131.32234,12.49367,5.40798,-1.47806,-11.79144,-2.55011,9.10089,-7.79601,47.989823,1.5852,121.44362,-13.62596,,,,,,,2.76994,4.49349,-20.34826,,,,,,,-0.09058,8.36122,-6.11025,,,,,,,,,,,,,,,,,,,,,,,,,,,,,High,High,High,High,High,,,
231,2025-10-18,17:35:44.84,7,1,"Thomas, Parker",814826,Right,GEO_PAT,"Allen, Matt",10165583,Right,NIA_COM,Undefined,8,Top,2,0,0,Cutter,Slider,StrikeCalled,Undefined,Undefined,Undefined,0,0,,82.59387,0.426999,-2.677961,2074.877092,206.036871,12:45,5.48895,2.53728,6.36602,-33.09958,6.82268,2.77543,3.12404,0.30235,76.25222,-5.744569,-2.176076,0.454757,,,,,,,,,,,,-2.13268,3.80374,-2.34471,50,5.50435,5.51585,-120.06736,-0.07927,-3.13852,21.48156,-26.57637,GEO_PAT,NIA_COM,SpuhlerFieldMain,TeamExclusive,Team,20251018-SpuhlerFieldMain-Private-2,67c88230-ac6a-11f0-ae3b-9b4a908d198a,82.88487,,,6.34165,,,,,,,072e60c5-9c43-4700-b7fc-b13f476f682d,2025-10-18,21:35:44.84,2025-10-18T17:35:44.8428544-04:00,2025-10-18T21:35:44.8428544Z,,v3,471300,,,"Cowdrey, Vincent",1000469295,Right,GEO_PAT,5f02012f-d653-447f-9da8-5f4e9cca7e22,54.13684,-120.80523,10.74078,5.49139,0.83359,-13.28819,-2.53602,5.62366,-1.56926,,,,,,,,,,,,,,,,,,,,,,,,,,,,,,,,,,,,,,,,,,,,,,,,,,,High,High,High,,,,,
232,2025-10-18,17:36:01.27,7,2,"Thomas, Parker",814826,Right,GEO_PAT,"Allen, Matt",10165583,Right,NIA_COM,Undefined,8,Top,2,0,1,Sweeper,Curveball,BallCalled,Undefined,Undefined,Undefined,0,0,,75.86574,-1.183254,-3.523607,2208.660759,81.69046,8:45,5.68427,2.36879,5.97395,-49.19487,-0.82303,-15.15465,0.48547,-2.16497,70.65062,-10.135839,-6.24235,0.500573,,,,,,,,,,,,6.90607,0.26799,-2.08087,50,5.56275,7.29673,-110.12589,-3.74361,8.49534,19.24778,-31.84439,GEO_PAT,NIA_COM,SpuhlerFieldMain,TeamExclusive,Team,20251018-SpuhlerFieldMain-Private-2,71970980-ac6a-11f0-ae3b-9b4a908d198a,75.29855,,,5.21511,,,,,,,072e60c5-9c43-4700-b7fc-b13f476f682d,2025-10-18,21:36:01.27,2025-10-18T17:36:01.2781568-04:00,2025-10-18T21:36:01.2781568Z,,v3,471300,,,"Cowdrey, Vincent",1000469295,Right,GEO_PAT,8b2413da-64d9-465e-8540-4203411596d7,54.53135,-110.91505,9.62389,5.68948,-2.43799,-15.9222,-2.37289,6.94842,4.24767,,,,,,,,,,,,,,,,,,,,,,,,,,,,,,,,,,,,,,,,,,,,,,,,,,,High,High,High,,,,,
233,2025-10-18,17:36:22.79,7,3,"Thomas, Parker",814826,Right,GEO_PAT,"Allen, Matt",10165583,Right,NIA_COM,Undefined,8,Top,2,1,1,Cutter,Slider,StrikeCalled,Undefined,Undefined,Undefined,0,0,,82.87004,0.044568,-1.81504,2116.766188,183.714829,12:00,5.57795,2.53309,6.38767,-30.79781,8.83623,0.49898,3.05248,0.90449,76.42486,-5.715941,-1.724681,0.453112,,,,,,,,,,,,-0.73161,4.95803,-2.40269,50,5.56684,3.80131,-120.52491,-0.79912,-1.0832,21.9882,-24.83335,GEO_PAT,NIA_COM,SpuhlerFieldMain,TeamExclusive,Team,20251018-SpuhlerFieldMain-Private-2,7e62f250-ac6a-11f0-ae3b-9b4a908d198a,83.1857,,,6.44518,,,,,,,072e60c5-9c43-4700-b7fc-b13f476f682d,2025-10-18,21:36:22.79,2025-10-18T17:36:22.7966464-04:00,2025-10-18T21:36:22.7966464Z,,v3,471300,,,"Cowdrey, Vincent",1000469295,Right,GEO_PAT,e9ede05f-74b9-407c-b449-82d083fa1d8b,54.11484,-121.27328,10.9941,5.57965,0.0461,-12.41668,-2.53269,3.83818,-0.5416,,,,,,,,,,,,,,,,,,,,,,,,,,,,,,,,,,,,,,,,,,,,,,,,,,,High,High,High,,,,,
234,2025-10-18,17:36:40.24,7,4,"Thomas, Parker",814826,Right,GEO_PAT,"Allen, Matt",10165583,Right,NIA_COM,Undefined,8,Top,2,1,2,Cutter,Slider,FoulBallNotFieldable,Undefined,Undefined,Undefined,0,0,,81.55044,-1.94871,-3.727821,2149.812738,168.68598,11:30,5.77721,2.30823,6.27264,-32.15636,8.71989,-1.53138,1.29652,-1.26089,76.27711,-7.879026,-4.003887,0.460158,,,,,,,,,,,,-0.0515,5.30796,-2.0314,50,5.6167,7.77104,-118.46043,-4.97975,-0.07443,19.02007,-24.50323,GEO_PAT,NIA_COM,SpuhlerFieldMain,TeamExclusive,Team,20251018-SpuhlerFieldMain-Private-2,88d2e9c0-ac6a-11f0-ae3b-9b4a908d198a,81.91197,,,5.27333,,,,,,,072e60c5-9c43-4700-b7fc-b13f476f682d,2025-10-18,21:36:40.24,2025-10-18T17:36:40.2430464-04:00,2025-10-18T21:36:40.2430464Z,,v3,471300,,,"Cowdrey, Vincent",1000469295,Right,GEO_PAT,9152f1d4-ef88-4ade-8120-be3aa668a859,54.23218,-119.13802,9.51003,5.77856,-4.10683,-12.25162,-2.30828,7.77369,-0.03721,,,,,,,,,,,,,,,,,,,,,,,,,,,,,,,,,,,,,,,,,,,,,,,,,,,High,High,High,,,,,
235,2025-10-18,17:37:04.76,7,5,"Thomas, Parker",814826,Right,GEO_PAT,"Allen, Matt",10165583,Right,NIA_COM,Undefined,8,Top,2,1,2,Sweeper,Curveball,InPlay,Undefined,GroundBall,Error,0,1,,76.49146,1.494639,-2.188243,2216.889899,86.188371,8:45,5.50186,2.57874,6.00009,-46.92916,0.61811,-12.19753,2.97742,-0.46644,70.40022,-7.155025,-4.378492,0.496289,83.07723,8.949601,-36.282422,3205.078305,,,,103.17504,100.39047,-39.522762,0.956982,5.7189,0.26768,-2.3995,50,5.59349,4.66832,-111.1102,1.50407,7.14551,20.00489,-31.83962,GEO_PAT,NIA_COM,SpuhlerFieldMain,TeamExclusive,Team,20251018-SpuhlerFieldMain-Private-2,976b2e20-ac6a-11f0-ae3b-9b4a908d198a,75.94864,6.71752,,6.09124,,,,2.33075,3.09915,0.39745,072e60c5-9c43-4700-b7fc-b13f476f682d,2025-10-18,21:37:04.76,2025-10-18T17:37:04.7677952-04:00,2025-10-18T21:37:04.7677952Z,GroundBall,v3,471300,,,"Cowdrey, Vincent",1000469295,Right,GEO_PAT,7bc6c652-743a-4109-915d-a6df0e038b27,54.5043,-111.91824,10.00244,5.50677,2.79015,-15.91981,-2.58224,4.3797,3.57275,65.132553,2.33075,97.02508,-19.65626,3.16653,-0.38088,-0.01557,-0.20987,0.24697,-0.0822,3.09916,18.95446,-26.13142,3.60435,-0.5413,-0.00843,-0.11385,0.17114,-0.06145,0.39745,-71.22774,1.0586,1.53283,-0.05469,-0.32217,0.05127,0.14622,-0.06842,,,,,,,,,,,,,,,,,,,,,,,High,High,High,High,High,,,
236,2025-10-18,17:37:36.68,8,1,"Thomas, Parker",814826,Right,GEO_PAT,"Prizel, Cooper",10275157,Left,NIA_COM,Undefined,8,Top,2,0,0,Fastball,Changeup,BallCalled,Undefined,Undefined,Undefined,0,0,,87.657,1.028003,-3.60774,1785.22656,248.602216,2:15,5.48899,2.67807,6.30891,-28.74537,6.76772,14.69887,4.04258,0.57492,80.77478,-4.33698,-0.95577,0.42891,,,,,,,,,,,,-8.51359,3.58981,-2.4198,50,5.55071,7.45037,-127.32807,1.38282,-14.12321,23.57445,-26.21893,GEO_PAT,NIA_COM,SpuhlerFieldMain,TeamExclusive,Team,20251018-SpuhlerFieldMain-Private-2,aa516fe0-ac6a-11f0-ae3b-9b4a908d198a,87.8797,,,6.88222,,,,,,,072e60c5-9c43-4700-b7fc-b13f476f682d,2025-10-18,21:37:36.68,2025-10-18T17:37:36.6876672-04:00,2025-10-18T21:37:36.6876672Z,,v3,471300,,,"Cowdrey, Vincent",1000469295,Right,GEO_PAT,7025e9aa-5b6d-4196-9a12-23afd223d49b,54.19446,-128.1023,11.78722,5.49115,2.24391,-13.10947,-2.67211,7.91421,-7.0616,,,,,,,,,,,,,,,,,,,,,,,,,,,,,,,,,,,,,,,,,,,,,,,,,,,High,High,High,,,,,
237,2025-10-18,17:37:53.94,8,2,"Thomas, Parker",814826,Right,GEO_PAT,"Prizel, Cooper",10275157,Left,NIA_COM,Undefined,8,Top,2,1,0,Cutter,Slider,StrikeCalled,Undefined,Undefined,Undefined,0,0,,80.48916,-0.357858,-1.695129,2063.387283,143.036773,10:45,5.41895,2.56153,6.25728,-37.05325,5.17752,-2.97524,2.00103,0.74996,74.43919,-7.228087,-2.232979,0.46772,,,,,,,,,,,,1.11898,3.11721,-2.43419,50,5.37392,3.56799,-117.07277,-1.82162,1.56177,20.93491,-27.82332,GEO_PAT,NIA_COM,SpuhlerFieldMain,TeamExclusive,Team,20251018-SpuhlerFieldMain-Private-2,b4b5f5a0-ac6a-11f0-ae3b-9b4a908d198a,80.58761,,,6.04997,,,,,,,072e60c5-9c43-4700-b7fc-b13f476f682d,2025-10-18,21:37:53.94,2025-10-18T17:37:53.9427840-04:00,2025-10-18T21:37:53.9427840Z,,v3,471300,,,"Cowdrey, Vincent",1000469295,Right,GEO_PAT,258661eb-36fe-4800-a865-4185443cdb31,54.24686,-117.82975,10.46745,5.4216,-0.81557,-13.91166,-2.56219,3.51152,0.78088,,,,,,,,,,,,,,,,,,,,,,,,,,,,,,,,,,,,,,,,,,,,,,,,,,,High,High,High,,,,,
238,2025-10-18,17:38:10.83,8,3,"Thomas, Parker",814826,Right,GEO_PAT,"Prizel, Cooper",10275157,Left,NIA_COM,Undefined,8,Top,2,1,1,Cutter,Slider,InPlay,Undefined,GroundBall,Out,1,0,,81.87593,0.07197,-2.345814,2097.027607,149.933264,11:00,5.53645,2.43242,6.17837,-32.73884,7.77595,-3.90465,2.87473,-0.06062,76.39402,-5.986555,-3.049494,0.458119,76.56484,-9.165298,-39.699503,,,,,18.74099,17.85986,-35.979215,0.156902,1.51161,4.32351,-2.25295,50,5.52486,5.01919,-119.14796,-0.83371,2.21221,19.01892,-25.84677,GEO_PAT,NIA_COM,SpuhlerFieldMain,TeamExclusive,Team,20251018-SpuhlerFieldMain-Private-2,bec41e00-ac6a-11f0-ae3b-9b4a908d198a,82.27654,3.05097,,5.4819,,,,2.25077,3.05097,0.05408,072e60c5-9c43-4700-b7fc-b13f476f682d,2025-10-18,21:38:10.83,2025-10-18T17:38:10.8399104-04:00,2025-10-18T21:38:10.8399104Z,GroundBall,v3,471300,,,"Cowdrey, Vincent",1000469295,Right,GEO_PAT,fc76b2c0-ea33-4974-b0e8-adcc2664f2a4,54.32641,-119.83658,9.50946,5.53811,0.10211,-12.92338,-2.43323,4.9391,1.1061,97.811687,2.2514,85.24421,-18.73439,,,,,,,3.05102,-17.89078,-9.91018,,,,,,,0.0542,-70.82333,1.94267,,,,,,,,,,,,,,,,,,,,,,,,,,,,,High,High,High,High,High,,,
239,2025-10-18,17:40:58.90,1,1,"Mashanic, Bryce",10298193,Right,NIA_COM,"Bagnerise , Julius",1000469309,Right,GEO_PAT,Undefined,8,Bottom,0,0,0,Fastball,Four-Seam,BallCalled,Undefined,Undefined,Undefined,0,0,,85.9525,-1.912095,-2.240867,2187.576225,214.096425,1:15,5.39858,0.25725,6.32456,-18.97859,18.15643,11.50654,2.05402,-0.84873,78.83596,-5.527372,-0.160084,0.438595,,,,,,,,,,,,-6.635,10.34359,-0.09891,50,5.24957,4.45406,-124.86231,-4.67705,-10.49656,24.65031,-15.81051,GEO_PAT,NIA_COM,SpuhlerFieldMain,TeamExclusive,Team,20251018-SpuhlerFieldMain-Private-2,22f0a600-ac6b-11f0-ae3b-9b4a908d198a,85.93915,,,7.11654,,,,,,,072e60c5-9c43-4700-b7fc-b13f476f682d,2025-10-18,21:40:58.90,2025-10-18T17:40:58.9033472-04:00,2025-10-18T21:40:58.9033472Z,,v3,471300,,,"Harper, Dalton",1000115726,Right,NIA_COM,744eb892-6cf6-485b-9d31-801a15b8018c,54.17828,-125.68448,12.32515,5.39677,-4.14972,-7.90526,-0.2533,4.80415,-5.24828,,,,,,,,,,,,,,,,,,,,,,,,,,,,,,,,,,,,,,,,,,,,,,,,,,,High,High,High,,,,,
240,2025-10-18,17:41:10.46,1,2,"Mashanic, Bryce",10298193,Right,NIA_COM,"Bagnerise , Julius",1000469309,Right,GEO_PAT,Undefined,8,Bottom,0,1,0,Fastball,Four-Seam,BallCalled,Undefined,Undefined,Undefined,0,0,,87.03383,-0.188633,-0.727835,2120.838683,213.905649,1:15,5.41914,0.26077,6.20577,-19.31273,16.96458,10.6641,3.63562,0.47757,79.78474,-3.861569,1.1973,0.4335,,,,,,,,,,,,-5.70532,9.17276,-0.21119,50,5.39507,1.18426,-126.54855,-0.95362,-9.28308,25.01119,-17.24908,GEO_PAT,NIA_COM,SpuhlerFieldMain,TeamExclusive,Team,20251018-SpuhlerFieldMain-Private-2,29d72890-ac6b-11f0-ae3b-9b4a908d198a,86.94915,,,7.24908,,,,,,,072e60c5-9c43-4700-b7fc-b13f476f682d,2025-10-18,21:41:10.46,2025-10-18T17:41:10.4608256-04:00,2025-10-18T21:41:10.4608256Z,,v3,471300,,,"Harper, Dalton",1000115726,Right,NIA_COM,b19e5016-4239-4ddc-bddb-789708963a53,54.29562,-127.39472,12.50559,5.41745,-0.37006,-8.62454,-0.25657,1.49832,-4.64154,,,,,,,,,,,,,,,,,,,,,,,,,,,,,,,,,,,,,,,,,,,,,,,,,,,High,High,High,,,,,
241,2025-10-18,17:41:22.58,1,3,"Mashanic, Bryce",10298193,Right,NIA_COM,"Bagnerise , Julius",1000469309,Right,GEO_PAT,Undefined,8,Bottom,0,2,0,Fastball,Four-Seam,BallCalled,Undefined,Undefined,Undefined,0,0,,85.69127,-0.103987,-1.418134,2287.44994,210.781738,1:00,5.46326,0.28494,5.96735,-20.48655,17.37536,9.64926,3.65961,-0.22614,78.36661,-3.984662,0.315499,0.442866,,,,,,,,,,,,-5.32768,9.3004,-0.17778,50,5.44353,2.69145,-124.49228,-0.81687,-8.37363,24.64146,-17.55644,GEO_PAT,NIA_COM,SpuhlerFieldMain,TeamExclusive,Team,20251018-SpuhlerFieldMain-Private-2,30fb5060-ac6b-11f0-ae3b-9b4a908d198a,85.11022,,,7.32467,,,,,,,072e60c5-9c43-4700-b7fc-b13f476f682d,2025-10-18,21:41:22.58,2025-10-18T17:41:22.5856000-04:00,2025-10-18T21:41:22.5856000Z,,v3,471300,,,"Harper, Dalton",1000115726,Right,NIA_COM,03bb81be-6f35-4384-ae84-acbb4774e2fe,54.5335,-125.38641,12.32073,5.46161,-0.17982,-8.77822,-0.28095,2.99529,-4.18681,,,,,,,,,,,,,,,,,,,,,,,,,,,,,,,,,,,,,,,,,,,,,,,,,,,High,High,High,,,,,
242,2025-10-18,17:41:36.69,1,4,"Mashanic, Bryce",10298193,Right,NIA_COM,"Bagnerise , Julius",1000469309,Right,GEO_PAT,Undefined,8,Bottom,0,3,0,Fastball,Four-Seam,StrikeCalled,Undefined,Undefined,Undefined,0,0,,86.64904,-1.536978,-0.492972,2240.103042,220.815515,1:15,5.41406,0.40452,6.16751,-19.8497,16.92828,13.62182,2.33978,1.08429,79.36818,-5.299887,1.965194,0.436481,,,,,,,,,,,,-7.17394,9.53654,-0.37386,50,5.28727,0.54356,-125.91986,-3.93644,-11.52082,25.51484,-16.85908,GEO_PAT,NIA_COM,SpuhlerFieldMain,TeamExclusive,Team,20251018-SpuhlerFieldMain-Private-2,39785170-ac6b-11f0-ae3b-9b4a908d198a,86.35528,,,7.28085,,,,,,,072e60c5-9c43-4700-b7fc-b13f476f682d,2025-10-18,21:41:36.69,2025-10-18T17:41:36.6924800-04:00,2025-10-18T21:41:36.6924800Z,,v3,471300,,,"Harper, Dalton",1000115726,Right,NIA_COM,e0d22c2b-4824-4b93-a6e0-7348156a1aca,54.33406,-126.79502,12.75742,5.41237,-3.35818,-8.42954,-0.39929,0.93873,-5.76041,,,,,,,,,,,,,,,,,,,,,,,,,,,,,,,,,,,,,,,,,,,,,,,,,,,High,High,High,,,,,
243,2025-10-18,17:41:49.74,1,5,"Mashanic, Bryce",10298193,Right,NIA_COM,"Bagnerise , Julius",1000469309,Right,GEO_PAT,Undefined,8,Bottom,0,3,1,Fastball,Four-Seam,BallCalled,Walk,Undefined,Undefined,0,0,,86.53783,2.020204,0.017627,2268.339605,212.54184,1:00,5.45988,0.4277,5.98836,-20.09694,17.17717,10.21095,5.65834,1.29495,78.67896,-1.805536,1.85237,0.439415,,,,,,,,,,,,-5.19985,8.57914,-0.43447,50,5.60817,-0.46204,-125.62061,3.8592,-8.28699,26.07771,-18.50144,GEO_PAT,NIA_COM,SpuhlerFieldMain,TeamExclusive,Team,20251018-SpuhlerFieldMain-Private-2,4129c520-ac6b-11f0-ae3b-9b4a908d198a,85.77864,,,7.85887,,,,,,,072e60c5-9c43-4700-b7fc-b13f476f682d,2025-10-18,21:41:49.74,2025-10-18T17:41:49.7423872-04:00,2025-10-18T21:41:49.7423872Z,,v3,471300,,,"Harper, Dalton",1000115726,Right,NIA_COM,2e6e5ca7-1ffd-4989-b8e1-4d90f05b6f6c,54.51115,-126.55362,13.03886,5.45825,4.52115,-9.25072,-0.42324,-0.16554,-4.14349,,,,,,,,,,,,,,,,,,,,,,,,,,,,,,,,,,,,,,,,,,,,,,,,,,,High,High,High,,,,,
244,2025-10-18,17:42:19.63,2,1,"Mashanic, Bryce",10298193,Right,NIA_COM,"Cowdrey, Vincent",1000469295,Right,GEO_PAT,Undefined,8,Bottom,0,0,0,Fastball,Four-Seam,BallCalled,Undefined,Undefined,Undefined,0,0,,85.8409,0.157908,-1.370053,2137.042167,208.843891,1:00,5.54328,0.54279,6.04335,-19.58946,18.10611,9.31591,4.05707,0.05035,78.31562,-3.572602,0.306003,0.441892,,,,,,,,,,,,-5.15437,9.62304,-0.4408,50,5.5449,2.60519,-124.69376,-0.20059,-8.11063,25.20688,-17.03173,GEO_PAT,NIA_COM,SpuhlerFieldMain,TeamExclusive,Team,20251018-SpuhlerFieldMain-Private-2,52fce930-ac6b-11f0-ae3b-9b4a908d198a,85.29777,,,7.52528,,,,,,,072e60c5-9c43-4700-b7fc-b13f476f682d,2025-10-18,21:42:19.63,2025-10-18T17:42:19.6380672-04:00,2025-10-18T21:42:19.6380672Z,,v3,471300,,,"Harper, Dalton",1000115726,Right,NIA_COM,9fa9faf2-0021-4e54-b6fa-d6c20d009014,54.45684,-125.59148,12.60344,5.54124,0.40598,-8.51587,-0.53872,2.89404,-4.05532,,,,,,,,,,,,,,,,,,,,,,,,,,,,,,,,,,,,,,,,,,,,,,,,,,,High,High,High,,,,,
245,2025-10-18,17:42:39.22,2,2,"Mashanic, Bryce",10298193,Right,NIA_COM,"Cowdrey, Vincent",1000469295,Right,GEO_PAT,Undefined,8,Bottom,0,1,0,Fastball,Four-Seam,BallCalled,Undefined,Undefined,Undefined,0,0,,85.90116,-0.154551,-1.051456,2219.004297,214.586333,1:15,5.46017,0.43963,6.04061,-19.7367,17.95922,11.54772,3.67232,0.42824,78.29573,-3.912655,1.026511,0.441894,,,,,,,,,,,,-6.22807,9.64603,-0.36369,50,5.43739,1.82513,-124.78812,-0.88826,-9.79615,25.69629,-17.00183,GEO_PAT,NIA_COM,SpuhlerFieldMain,TeamExclusive,Team,20251018-SpuhlerFieldMain-Private-2,5ea587b0-ac6b-11f0-ae3b-9b4a908d198a,85.29738,,,7.60543,,,,,,,072e60c5-9c43-4700-b7fc-b13f476f682d,2025-10-18,21:42:39.22,2025-10-18T17:42:39.2218624-04:00,2025-10-18T21:42:39.2218624Z,,v3,471300,,,"Harper, Dalton",1000115726,Right,NIA_COM,9890e05c-23ad-4709-a4cc-98c3f7f98f1b,54.46004,-125.70318,12.84815,5.45824,-0.28282,-8.50092,-0.4349,2.17398,-4.89807,,,,,,,,,,,,,,,,,,,,,,,,,,,,,,,,,,,,,,,,,,,,,,,,,,,High,High,High,,,,,
246,2025-10-18,17:43:53.79,2,3,"Mashanic, Bryce",10298193,Right,NIA_COM,"Cowdrey, Vincent",1000469295,Right,GEO_PAT,Undefined,8,Bottom,0,2,0,Fastball,Four-Seam,InPlay,Undefined,Popup,Out,1,0,,86.79833,-1.392032,-1.83317,2249.766544,204.800896,12:45,5.46491,0.57085,6.17864,-18.10029,18.48194,8.01658,2.67006,-0.45467,79.56856,-4.840908,-0.387384,0.435318,88.37731,74.612625,14.914557,,,,,,27.09977,,,-4.6741,10.31209,-0.43634,50,5.35034,3.72657,-126.12237,-3.56191,-7.54618,25.0946,-15.52555,GEO_PAT,NIA_COM,SpuhlerFieldMain,TeamExclusive,Team,20251018-SpuhlerFieldMain-Private-2,8b2f0cc0-ac6b-11f0-ae3b-9b4a908d198a,86.586,129.98544,,7.22977,,,,2.13957,1.61953,0.12794,072e60c5-9c43-4700-b7fc-b13f476f682d,2025-10-18,21:43:53.79,2025-10-18T17:43:53.7965056-04:00,2025-10-18T21:43:53.7965056Z,,v3,471300,,,"Harper, Dalton",1000115726,Right,NIA_COM,ee35bee7-07ae-45db-ac53-69315b57ab41,54.32398,-126.9798,12.5473,5.46298,-3.03144,-7.76278,-0.56807,3.9844,-3.77309,182.011477,2.13955,33.23856,-18.96562,6.72548,-1.48069,-0.0801,0.28802,-0.1285,0.02079,1.61953,124.9725,-31.11448,3.85411,-0.64889,0.19395,-0.11158,0.04273,-0.00682,0.12793,8.85265,-3.07453,0.98187,-0.20552,-0.00748,0.03544,-0.01583,0.00255,,,,,,,,,,,,,,,,,,,,,,,High,High,High,Low,Undefined,,,
247,2025-10-18,17:44:25.82,3,1,"Mashanic, Bryce",10298193,Right,NIA_COM,"Ramsey, Caleb",1000469291,Right,GEO_PAT,Undefined,8,Bottom,1,0,0,Fastball,Sinker,BallCalled,Undefined,Undefined,Undefined,0,0,,87.00675,-3.583267,-2.105474,2192.732438,227.498472,1:30,5.35181,0.19888,6.02728,-21.18037,15.63127,15.76749,0.26148,-0.43807,79.86686,-7.552492,0.732551,0.43668,,,,,,,,,,,,-8.81044,9.42367,-0.04306,50,5.05943,4.02662,-126.18166,-8.54305,-14.20412,25.68276,-16.98125,GEO_PAT,NIA_COM,SpuhlerFieldMain,TeamExclusive,Team,20251018-SpuhlerFieldMain-Private-2,9e458640-ac6b-11f0-ae3b-9b4a908d198a,86.31583,,,7.13989,,,,,,,072e60c5-9c43-4700-b7fc-b13f476f682d,2025-10-18,21:44:25.82,2025-10-18T17:44:25.8289152-04:00,2025-10-18T21:44:25.8289152Z,,v3,471300,,,"Harper, Dalton",1000115726,Right,NIA_COM,06076aa3-fbad-4b72-8173-c715bbf6f78c,54.47679,-127.08959,12.84138,5.35083,-7.94273,-8.49062,-0.19429,4.52876,-7.10206,,,,,,,,,,,,,,,,,,,,,,,,,,,,,,,,,,,,,,,,,,,,,,,,,,,High,High,High,,,,,
248,2025-10-18,17:44:46.66,3,2,"Mashanic, Bryce",10298193,Right,NIA_COM,"Ramsey, Caleb",1000469291,Right,GEO_PAT,Undefined,8,Bottom,1,1,0,Fastball,Four-Seam,StrikeCalled,Undefined,Undefined,Undefined,0,0,,85.69978,-1.166885,-0.738191,2163.370807,184.741232,12:15,5.50885,0.26368,5.97514,-16.97245,20.85084,1.63162,3.01244,-0.28476,78.46933,-4.410691,-0.444934,0.44264,,,,,,,,,,,,-1.03681,11.37839,-0.20614,50,5.40695,1.53845,-124.50619,-2.98753,-1.63098,24.49371,-14.27472,GEO_PAT,NIA_COM,SpuhlerFieldMain,TeamExclusive,Team,20251018-SpuhlerFieldMain-Private-2,aaa05dc0-ac6b-11f0-ae3b-9b4a908d198a,85.15365,,,7.23045,,,,,,,072e60c5-9c43-4700-b7fc-b13f476f682d,2025-10-18,21:44:46.66,2025-10-18T17:44:46.6600000-04:00,2025-10-18T21:44:46.6600000Z,,v3,471300,,,"Harper, Dalton",1000115726,Right,NIA_COM,d063dbc3-3b93-4a45-bf37-a127916f5bba,54.52545,-125.3933,12.24686,5.50579,-2.47053,-7.13736,-0.26293,1.59753,-0.81549,,,,,,,,,,,,,,,,,,,,,,,,,,,,,75.94106,1.945184,0.609075,1.336108,-0.98531,2.82348,0.30313,-1.13062,5.61196,1.24662,127.28442,1.14273,0.43036,-0.96399,108.91405,-9.80728,5.62367,11.6378,-11.23459,1.21034,-2.7753,1.66826,High,High,High,,,High,High,Medium
249,2025-10-18,17:45:15.59,3,3,"Mashanic, Bryce",10298193,Right,NIA_COM,"Ramsey, Caleb",1000469291,Right,GEO_PAT,Undefined,8,Bottom,1,1,1,Fastball,Changeup,InPlay,Undefined,Bunt,Single,0,0,,84.9708,-0.811385,-0.517778,2200.018824,217.900667,1:15,5.47371,0.62798,6.16062,-20.806,17.56493,12.70662,2.99021,1.2085,77.51581,-4.768234,1.774508,0.445833,29.28051,21.504774,-24.825477,2008.010851,,,,48.7475,47.84058,-26.871632,1.231766,-6.83977,9.73686,-0.59554,50,5.40153,0.64512,-123.50794,-2.32829,-10.51379,25.71288,-17.20699,GEO_PAT,NIA_COM,SpuhlerFieldMain,TeamExclusive,Team,20251018-SpuhlerFieldMain-Private-2,bbf18090-ac6b-11f0-ae3b-9b4a908d198a,84.54377,7.19356,,7.45499,,,,2.72808,3.10178,-1.15857,072e60c5-9c43-4700-b7fc-b13f476f682d,2025-10-18,21:45:15.59,2025-10-18T17:45:15.5971072-04:00,2025-10-18T21:45:15.5971072Z,GroundBall,v3,471300,,,"Harper, Dalton",1000115726,Right,NIA_COM,5e882ee0-4b35-42cd-97d3-3b78feacbbc3,54.34316,-124.40885,12.85644,5.47255,-1.7254,-8.60349,-0.6246,1.0135,-5.2569,142.833605,2.72809,36.26124,-3.12103,0.34729,0.72856,-1.56692,1.52645,-0.72168,0.1348,3.10178,15.74364,-15.38175,0.59707,-0.51788,0.86875,-0.76309,0.33306,-0.05845,-1.15857,-16.77538,-0.13078,0.00931,-0.02581,0.02703,-0.02563,0.01263,-0.00239,,,,,,,,,,,,,,,,,,,,,,,High,High,High,High,High,,,
250,2025-10-18,17:45:59.12,4,1,"Mashanic, Bryce",10298193,Right,NIA_COM,"Westley, Matthew",824016,Right,GEO_PAT,Undefined,8,Bottom,1,0,0,Fastball,Four-Seam,InPlay,Undefined,FlyBall,Double,0,1,,85.78222,-0.824767,-0.586213,2256.570087,218.500734,1:15,5.53201,0.35756,5.98095,-21.82804,16.09072,11.81946,2.94838,0.79908,78.24009,-4.949335,1.539043,0.443199,100.24682,25.735401,-21.379515,2187.553445,100.82987,51.70012,-43.96938,374.67075,364.71069,-27.589499,5.218233,-6.26555,8.88095,-0.31786,50,5.45476,0.80477,-124.61392,-2.43767,-9.81397,25.94859,-18.26353,GEO_PAT,NIA_COM,SpuhlerFieldMain,TeamExclusive,Team,20251018-SpuhlerFieldMain-Private-2,d5eb6f60-ac6b-11f0-ae3b-9b4a908d198a,85.04636,78.36023,,7.54213,,,,1.78467,3.01115,-0.76499,072e60c5-9c43-4700-b7fc-b13f476f682d,2025-10-18,21:45:59.12,2025-10-18T17:45:59.1266304-04:00,2025-10-18T21:45:59.1266304Z,FlyBall,v3,471300,,,"Harper, Dalton",1000115726,Right,NIA_COM,d031c5c8-d415-43b1-b0fa-ed78ad425cfb,54.52077,-125.55176,12.9743,5.53094,-1.77759,-9.13177,-0.35335,1.15947,-4.90699,156.415553,1.78835,123.25855,-26.36305,5.87734,-0.92937,0.05987,0.00526,-0.00086,2E-05,3.00934,63.87002,-14.12816,0.11423,0.08865,-0.03454,0.0136,-0.00243,0.00015,-0.7674,-48.23456,3.33963,0.65064,-0.45015,0.13784,-0.02514,0.00241,-9E-05,,,,,,,,,,,,,,,,,,,,,,,High,High,High,High,Medium,,,
251,2025-10-18,17:46:47.78,5,1,"Mashanic, Bryce",10298193,Right,NIA_COM,"Smith, Cooper",1000469293,Right,GEO_PAT,Undefined,8,Bottom,1,0,0,Curveball,Curveball,StrikeSwinging,Undefined,Undefined,Undefined,0,0,,73.79064,-0.592486,0.205397,2214.269381,70.667329,8:15,5.34882,0.56172,5.16234,-56.81298,-3.92914,-15.99713,0.0567,-0.57804,68.14727,-10.830106,-2.637766,0.523399,,,,,,,,,,,,8.15528,-1.43587,-0.56775,50,5.24933,0.20354,-107.14098,-2.97262,9.42806,19.45063,-33.83402,GEO_PAT,NIA_COM,SpuhlerFieldMain,TeamExclusive,Team,20251018-SpuhlerFieldMain-Private-2,f2f2ec50-ac6b-11f0-ae3b-9b4a908d198a,72.01473,,,5.64337,,,,,,,072e60c5-9c43-4700-b7fc-b13f476f682d,2025-10-18,21:46:47.78,2025-10-18T17:46:47.7892096-04:00,2025-10-18T21:46:47.7892096Z,,v3,471300,,,"Harper, Dalton",1000115726,Right,NIA_COM,0bc56c7e-de32-43e4-aaa7-56eea6bdb10c,55.34327,-108.10666,9.72532,5.35522,-1.29284,-16.91701,-0.56624,-0.26454,4.71403,,,,,,,,,,,,,,,,,,,,,,,,,,,,,,,,,,,,,,,,,,,,,,,,,,,High,High,High,,,,,
252,2025-10-18,17:47:15.67,5,2,"Mashanic, Bryce",10298193,Right,NIA_COM,"Smith, Cooper",1000469293,Right,GEO_PAT,Undefined,8,Bottom,1,0,1,Curveball,Curveball,HitByPitch,Undefined,Undefined,Undefined,0,0,,72.41117,4.064968,2.831042,2247.643983,64.206128,8:15,5.37371,0.67761,5.35705,-61.41885,-6.61398,-17.34517,4.07897,1.88949,66.01226,-7.117214,-0.244505,0.532821,,,,,,,,,,,,9.53894,-4.02272,-0.91929,50,5.69592,-4.54904,-104.80762,5.50106,10.5751,18.26161,-36.63374,GEO_PAT,NIA_COM,SpuhlerFieldMain,TeamExclusive,Team,20251018-SpuhlerFieldMain-Private-2,03946e30-ac6c-11f0-ae3b-9b4a908d198a,70.74132,,,6.39892,,,,,,,072e60c5-9c43-4700-b7fc-b13f476f682d,2025-10-18,21:47:15.67,2025-10-18T17:47:15.6725248-04:00,2025-10-18T21:47:15.6725248Z,,v3,471300,,,"Harper, Dalton",1000115726,Right,NIA_COM,405f9c82-28e8-4448-b7c9-305ecb2c937f,55.14855,-105.70089,9.13081,5.383,7.29301,-18.31687,-0.68412,-5.06632,5.28755,,,,,,,,,,,,,,,,,,,,,,,,,,,,,,,,,,,,,,,,,,,,,,,,,,,High,High,High,,,,,
253,2025-10-18,17:47:48.95,6,1,"Mashanic, Bryce",10298193,Right,NIA_COM,"Blanchard, Evan",10073877,Right,GEO_PAT,Undefined,8,Bottom,1,0,0,Fastball,Sinker,FoulBallNotFieldable,Undefined,Undefined,Undefined,0,0,,87.07734,-2.631181,-1.24908,2284.665004,225.400671,1:30,5.48741,0.25742,5.96871,-22.60572,14.4469,13.36225,1.16169,0.21262,79.26129,-6.878592,1.154299,0.438108,85.85354,2.983152,-44.741438,3812.619304,,,,55.12303,50.64205,-45.474084,0.453688,-7.29886,8.60063,-0.16609,50,5.26618,2.21916,-126.31536,-6.49705,-11.68981,27.82298,-18.39937,GEO_PAT,NIA_COM,SpuhlerFieldMain,TeamExclusive,Team,20251018-SpuhlerFieldMain-Private-2,1758b3e0-ac6c-11f0-ae3b-9b4a908d198a,86.03461,1.67529,,7.81605,,,,1.99605,1.16051,-0.25204,072e60c5-9c43-4700-b7fc-b13f476f682d,2025-10-18,21:47:48.95,2025-10-18T17:47:48.9502720-04:00,2025-10-18T21:47:48.9502720Z,GroundBall,v3,471300,,,"Harper, Dalton",1000115726,Right,NIA_COM,74da2af0-e4fd-4a9e-b97e-f06967b80a97,54.53351,-127.31002,13.91149,5.48669,-5.83928,-9.19969,-0.25289,2.63707,-5.84491,,2.01023,88.89807,-17.98362,,,,,,,1.17096,6.24399,-19.50003,,,,,,,-0.25076,-88.55421,5.47333,,,,,,,,,,,,,,,,,,,,,,,,,,,,,High,High,High,Medium,High,,,
254,2025-10-18,17:48:18.80,6,2,"Mashanic, Bryce",10298193,Right,NIA_COM,"Blanchard, Evan",10073877,Right,GEO_PAT,Undefined,8,Bottom,1,0,1,Curveball,Curveball,StrikeCalled,Undefined,Undefined,Undefined,0,0,,72.32239,2.596937,0.606149,2355.611324,73.072548,8:30,5.35856,0.55591,5.19781,-59.07456,-3.19874,-17.21532,2.8803,-0.30851,65.29221,-8.183373,-2.445271,0.538001,,,,,,,,,,,,8.70099,-1.78142,-0.59874,50,5.55538,-0.44328,-104.70018,2.82245,9.4757,20.79503,-34.11406,GEO_PAT,NIA_COM,SpuhlerFieldMain,TeamExclusive,Team,20251018-SpuhlerFieldMain-Private-2,291ae800-ac6c-11f0-ae3b-9b4a908d198a,70.06012,,,7.03017,,,,,,,072e60c5-9c43-4700-b7fc-b13f476f682d,2025-10-18,21:48:18.80,2025-10-18T17:48:18.8070912-04:00,2025-10-18T21:48:18.8070912Z,,v3,471300,,,"Harper, Dalton",1000115726,Right,NIA_COM,b807654a-f631-422d-aef7-05ccb8a03623,55.30306,-105.74821,10.39751,5.36981,4.54172,-17.05703,-0.56436,-0.92083,4.73785,,,,,,,,,,,,,,,,,,,,,,,,,,,,,,,,,,,,,,,,,,,,,,,,,,,High,High,High,,,,,
255,2025-10-18,17:48:38.66,6,3,"Mashanic, Bryce",10298193,Right,NIA_COM,"Blanchard, Evan",10073877,Right,GEO_PAT,Undefined,8,Bottom,1,0,2,Curveball,Curveball,InPlay,Undefined,FlyBall,Sacrifice,1,1,,73.96293,1.188633,0.148601,2260.835098,94.467284,9:15,5.30519,0.68071,5.1529,-50.50952,3.1165,-13.9528,2.21525,-0.34213,66.6032,-8.059491,-2.323869,0.527059,82.84233,43.139866,-22.290479,,100.18012,92.925,-45.43055,244.22337,152.3347,-26.791982,5.340884,7.02489,1.68095,-0.68321,50,5.37783,0.25879,-107.09648,0.58292,7.97322,22.41913,-30.2662,GEO_PAT,NIA_COM,SpuhlerFieldMain,TeamExclusive,Team,20251018-SpuhlerFieldMain-Private-2,350bb310-ac6c-11f0-ae3b-9b4a908d198a,71.51465,102.49792,,7.35973,,,,2.13461,2.45736,0.13242,072e60c5-9c43-4700-b7fc-b13f476f682d,2025-10-18,21:48:38.66,2025-10-18T17:48:38.6693632-04:00,2025-10-18T21:48:38.6693632Z,FlyBall,v3,471300,,,"Harper, Dalton",1000115726,Right,NIA_COM,da932a73-cbbe-44b5-8a48-ca45f5f6aad2,55.34743,-108.2101,11.20957,5.31154,2.08632,-15.1331,-0.68622,-0.13726,3.98661,170.849284,2.13968,81.92914,-22.128,5.81764,-0.95774,0.05754,0.01024,-0.00205,0.0001,2.45405,83.13717,-19.19327,0.76399,0.11306,-0.08827,0.02606,-0.0037,0.0002,0.13064,-33.59355,5.89947,-1.21424,0.11043,0.02048,-0.00773,0.00089,-4E-05,,,,,,,,,,,,,,,,,,,,,,,High,High,High,High,Medium,,,
256,2025-10-18,17:49:26.61,7,1,"Mashanic, Bryce",10298193,Right,NIA_COM,"Canody, Andrew",1000415298,Right,GEO_PAT,Undefined,8,Bottom,2,0,0,Fastball,Four-Seam,FoulBallNotFieldable,Undefined,Undefined,Undefined,0,0,,86.63194,0.145944,-0.801568,2233.015307,216.348433,1:15,5.52584,0.1478,6.06321,-22.14206,14.83186,10.05627,3.81576,0.24388,79.08804,-4.039294,1.009048,0.437642,59.87796,32.93526,-175.797505,2258.22806,-109.50902,25.36739,-10.38076,156.68111,48.91768,-173.926427,2.456169,-5.44933,7.96315,-0.09109,50,5.52532,1.36657,-125.90717,-0.3381,-8.73173,25.99275,-19.41425,GEO_PAT,NIA_COM,SpuhlerFieldMain,TeamExclusive,Team,20251018-SpuhlerFieldMain-Private-2,51928e50-ac6c-11f0-ae3b-9b4a908d198a,86.12614,30.15247,,7.5439,,,,2.35206,3.93559,-0.23084,072e60c5-9c43-4700-b7fc-b13f476f682d,2025-10-18,21:49:26.61,2025-10-18T17:49:26.6174464-04:00,2025-10-18T21:49:26.6174464Z,Popup,v3,471300,,,"Harper, Dalton",1000115726,Right,NIA_COM,3faa581c-3f60-4227-a29a-afea1faad8f4,54.43931,-126.82032,12.99638,5.52522,0.34395,-9.70712,-0.14449,1.67333,-4.36587,354.545936,2.3521,-73.51217,3.60177,-0.19984,0.46532,-0.49087,0.28529,-0.08136,0.00892,3.93559,47.74723,-23.73455,2.11142,-0.2736,-0.04997,0.03677,-0.00566,7E-05,-0.23084,-5.40078,-0.2571,-0.08683,-0.08847,0.11229,-0.06479,0.01804,-0.00194,,,,,,,,,,,,,,,,,,,,,,,High,High,High,High,Low,,,
257,2025-10-18,17:49:53.30,7,2,"Mashanic, Bryce",10298193,Right,NIA_COM,"Canody, Andrew",1000415298,Right,GEO_PAT,Undefined,8,Bottom,2,0,1,Curveball,Curveball,FoulBallNotFieldable,Undefined,Undefined,Undefined,0,0,,72.85564,2.045835,0.696241,2328.171763,64.518582,8:15,5.3105,0.47355,4.81585,-61.31862,-6.54863,-17.25914,2.13964,-0.30511,67.13171,-8.974647,-2.344365,0.532651,56.13968,58.680283,158.852856,4957.72259,,,,136.20014,73.14382,160.475058,3.576129,8.77288,-3.41914,-0.52668,50,5.46006,-0.62552,-105.72404,1.67825,9.92823,18.04641,-36.04345,GEO_PAT,NIA_COM,SpuhlerFieldMain,TeamExclusive,Team,20251018-SpuhlerFieldMain-Private-2,618ab0d0-ac6c-11f0-ae3b-9b4a908d198a,70.76386,57.55869,,5.72392,,,,2.98442,2.48367,0.24279,072e60c5-9c43-4700-b7fc-b13f476f682d,2025-10-18,21:49:53.30,2025-10-18T17:49:53.3044224-04:00,2025-10-18T21:49:53.3044224Z,Popup,v3,471300,,,"Harper, Dalton",1000115726,Right,NIA_COM,76c19c64-f748-4e4f-9ece-426e8ec58759,55.69054,-106.69095,9.02321,5.3184,3.60944,-18.02173,-0.47892,-1.15747,4.96412,352.321435,2.98302,-39.8741,-2.45579,2.49026,-1.18118,0.4431,-0.09747,0.01021,-0.00036,2.48425,70.3158,-26.15563,2.69561,0.05444,-0.38326,0.16548,-0.03109,0.0022,0.2432,15.42735,-0.96902,-0.10358,0.23374,-0.14136,0.04242,-0.00626,0.00037,,,,,,,,,,,,,,,,,,,,,,,High,High,High,High,Medium,,,
258,2025-10-18,17:50:26.16,7,3,"Mashanic, Bryce",10298193,Right,NIA_COM,"Canody, Andrew",1000415298,Right,GEO_PAT,Undefined,8,Bottom,2,0,2,Curveball,Curveball,BallCalled,Undefined,Undefined,Undefined,0,0,,72.98749,3.609834,1.982452,2250.38578,60.966316,8:00,5.3736,0.4316,5.34442,-60.98858,-6.8976,-15.6804,3.68409,0.98537,66.37951,-7.503878,-0.801015,0.529339,,,,,,,,,,,,8.42241,-3.97705,-0.59874,50,5.65585,-3.06863,-105.69647,4.69206,9.45418,19.31677,-36.63831,GEO_PAT,NIA_COM,SpuhlerFieldMain,TeamExclusive,Team,20251018-SpuhlerFieldMain-Private-2,750431e0-ac6c-11f0-ae3b-9b4a908d198a,71.20663,,,6.60797,,,,,,,072e60c5-9c43-4700-b7fc-b13f476f682d,2025-10-18,21:50:26.16,2025-10-18T17:50:26.1642240-04:00,2025-10-18T21:50:26.1642240Z,,v3,471300,,,"Harper, Dalton",1000115726,Right,NIA_COM,ab48e2ff-ed99-4a1a-8f07-015438e830fb,55.15976,-106.63528,9.65838,5.38454,6.47271,-18.31916,-0.43844,-3.52811,4.72709,,,,,,,,,,,,,,,,,,,,,,,,,,,,,,,,,,,,,,,,,,,,,,,,,,,High,High,High,,,,,
259,2025-10-18,17:50:54.64,7,4,"Mashanic, Bryce",10298193,Right,NIA_COM,"Canody, Andrew",1000415298,Right,GEO_PAT,Undefined,8,Bottom,2,1,2,Curveball,Curveball,FoulBallNotFieldable,Undefined,Undefined,Undefined,0,0,,72.68226,2.964469,2.037898,2314.552765,68.101796,8:15,5.36107,0.24511,4.9997,-61.79688,-6.66752,-21.11159,3.01438,0.41062,66.31667,-8.215071,-1.688741,0.534396,59.30675,79.787893,157.222524,5527.505461,,,,,80.96314,,,11.18079,-3.81197,-0.4226,50,5.59555,-2.95533,-105.30576,3.40128,12.46639,19.0608,-36.42432,GEO_PAT,NIA_COM,SpuhlerFieldMain,TeamExclusive,Team,20251018-SpuhlerFieldMain-Private-2,8613dee0-ac6c-11f0-ae3b-9b4a908d198a,70.53283,36.25918,,6.36559,,,,2.62578,3.23885,-0.43332,072e60c5-9c43-4700-b7fc-b13f476f682d,2025-10-18,21:50:54.64,2025-10-18T17:50:54.6451968-04:00,2025-10-18T21:50:54.6451968Z,,v3,471300,,,"Harper, Dalton",1000115726,Right,NIA_COM,77cd111f-ae74-440a-b2ca-cd94ac8687be,55.50657,-106.2978,9.5304,5.36919,5.29703,-18.21216,-0.2519,-3.60415,6.23319,355.857048,2.63618,-14.53696,-5.07357,,,,,,,3.24862,85.31005,-23.74376,,,,,,,-0.43266,5.95067,-0.67879,,,,,,,,,,,,,,,,,,,,,,,,,,,,,High,High,High,High,Undefined,,,
260,2025-10-18,17:51:31.87,7,5,"Mashanic, Bryce",10298193,Right,NIA_COM,"Canody, Andrew",1000415298,Right,GEO_PAT,Undefined,8,Bottom,2,1,2,Fastball,Four-Seam,BallCalled,Undefined,Undefined,Undefined,0,0,,86.67852,-1.527149,-2.806516,2345.272473,225.639858,1:30,5.62412,-0.02744,6.072,-23.60615,13.91005,12.82804,2.2417,-1.55764,78.22088,-5.994053,-0.498465,0.44084,,,,,,,,,,,,-7.45973,8.04784,0.23851,50,5.49322,5.62612,-125.59578,-4.05583,-11.74075,28.9192,-19.50769,GEO_PAT,NIA_COM,SpuhlerFieldMain,TeamExclusive,Team,20251018-SpuhlerFieldMain-Private-2,9c404af0-ac6c-11f0-ae3b-9b4a908d198a,85.50142,,,8.45765,,,,,,,072e60c5-9c43-4700-b7fc-b13f476f682d,2025-10-18,21:51:31.87,2025-10-18T17:51:31.8715392-04:00,2025-10-18T21:51:31.8715392Z,,v3,471300,,,"Harper, Dalton",1000115726,Right,NIA_COM,ef3c185b-7cfd-400f-8f26-8b14a4aa5df9,54.42668,-126.61095,14.4596,5.62357,-3.37104,-9.75385,0.03378,6.03826,-5.87037,,,,,,,,,,,,,,,,,,,,,,,,,,,,,,,,,,,,,,,,,,,,,,,,,,,High,High,High,,,,,
261,2025-10-18,17:51:55.33,7,6,"Mashanic, Bryce",10298193,Right,NIA_COM,"Canody, Andrew",1000415298,Right,GEO_PAT,Undefined,8,Bottom,2,2,2,Curveball,Curveball,InPlay,Undefined,LineDrive,Single,0,2,,69.88352,2.872339,0.762118,2282.027117,49.555132,7:45,5.50439,0.07996,5.64985,-69.34153,-11.24284,-15.3932,2.40762,-0.4919,64.10335,-9.778619,-1.992516,0.548598,75.17185,15.811242,-33.22156,2288.883784,89.83906,20.60099,-63.47356,203.52746,201.96699,-38.447457,2.495795,8.14386,-6.23055,-0.13412,50,5.70306,-0.83932,-101.443,3.0526,8.41893,17.82329,-38.61503,GEO_PAT,NIA_COM,SpuhlerFieldMain,TeamExclusive,Team,20251018-SpuhlerFieldMain-Private-2,aa48ab60-ac6c-11f0-ae3b-9b4a908d198a,68.70679,20.5982,,5.78017,,,,3.41221,2.79268,0.40374,072e60c5-9c43-4700-b7fc-b13f476f682d,2025-10-18,21:51:55.33,2025-10-18T17:51:55.3325056-04:00,2025-10-18T21:51:55.3325056Z,LineDrive,v3,471300,,,"Harper, Dalton",1000115726,Right,NIA_COM,5e22f1ba-149d-4095-af8a-7ee727270ce1,54.85744,-102.29288,8.91165,5.51361,4.89391,-19.30752,-0.08453,-1.24077,4.20947,142.71343,3.4122,88.74349,-16.92737,3.92243,-0.78604,0.13392,-0.01889,0.00202,-0.00011,2.79269,30.03833,-12.54392,-0.30214,0.22458,-0.06017,0.0114,-0.00097,1E-05,0.40374,-58.11864,4.03265,-0.55132,0.03105,0.00916,-0.0032,0.00044,-3E-05,,,,,,,,,,,,,,,,,,,,,,,High,High,High,High,High,,,
262,2025-10-18,17:52:39.09,8,1,"Mashanic, Bryce",10298193,Right,NIA_COM,"Morse, Jackson",1000469270,Right,GEO_PAT,Undefined,8,Bottom,2,0,0,Fastball,Four-Seam,StrikeCalled,Undefined,Undefined,Undefined,0,0,,86.18357,-2.110759,-2.755094,2369.482958,221.934273,1:30,5.50364,0.25759,6.17449,-21.1593,16.55151,13.65831,1.78772,-1.1508,77.99972,-6.138361,-0.292818,0.441982,,,,,,,,,,,,-7.91745,9.61394,-0.05569,50,5.33292,5.46747,-124.91907,-5.1994,-12.35809,28.02885,-17.16792,GEO_PAT,NIA_COM,SpuhlerFieldMain,TeamExclusive,Team,20251018-SpuhlerFieldMain-Private-2,c44c5e30-ac6c-11f0-ae3b-9b4a908d198a,85.28054,,,8.18384,,,,,,,072e60c5-9c43-4700-b7fc-b13f476f682d,2025-10-18,21:52:39.09,2025-10-18T17:52:39.0912512-04:00,2025-10-18T21:52:39.0912512Z,,v3,471300,,,"Harper, Dalton",1000115726,Right,NIA_COM,d133eae3-05e2-4fe5-9991-bfedb4c964ef,54.32567,-125.8859,14.01442,5.50205,-4.6072,-8.58396,-0.25163,5.89375,-6.17905,,,,,,,,,,,,,,,,,,,,,,,,,,,,,,,,,,,,,,,,,,,,,,,,,,,High,High,High,,,,,
263,2025-10-18,17:52:55.06,8,2,"Mashanic, Bryce",10298193,Right,NIA_COM,"Morse, Jackson",1000469270,Right,GEO_PAT,Undefined,8,Bottom,2,0,1,Fastball,Sinker,FoulBallNotFieldable,Undefined,Undefined,Undefined,0,0,,86.67681,-0.705529,-2.158233,2388.286964,226.978593,1:30,5.49296,0.2942,6.11955,-21.42548,15.91489,15.62548,3.0547,-0.40004,78.22842,-4.790181,0.656857,0.439806,72.34375,8.597165,173.840938,2097.217475,,,,98.33545,49.47763,175.830134,1.041093,-8.7743,8.82922,-0.13686,50,5.42777,4.11378,-125.75118,-2.1611,-13.85108,28.86922,-18.23626,GEO_PAT,NIA_COM,SpuhlerFieldMain,TeamExclusive,Team,20251018-SpuhlerFieldMain-Private-2,cdd59f20-ac6c-11f0-ae3b-9b4a908d198a,85.70247,6.33527,,8.44839,,,,1.35931,2.98226,0.38908,072e60c5-9c43-4700-b7fc-b13f476f682d,2025-10-18,21:52:55.06,2025-10-18T17:52:55.0690304-04:00,2025-10-18T21:52:55.0690304Z,GroundBall,v3,471300,,,"Harper, Dalton",1000115726,Right,NIA_COM,8c4e2252-bf6a-4c72-a25f-fb02f0ee2222,54.38131,-126.75302,14.43461,5.49178,-1.52825,-9.11813,-0.28796,4.59445,-6.92554,294.198745,1.35931,-104.30622,9.26862,-0.98746,0.2237,-0.03463,0.00552,-0.00104,0.0001,2.98226,15.86111,-19.37369,1.54652,-0.25782,0.0579,-0.00865,0.00127,-0.00016,0.38908,11.25588,-5.17332,0.69656,-0.13711,0.02383,-0.00382,0.00073,-9E-05,,,,,,,,,,,,,,,,,,,,,,,High,High,High,High,Medium,,,
264,2025-10-18,17:53:15.05,8,3,"Mashanic, Bryce",10298193,Right,NIA_COM,"Morse, Jackson",1000469270,Right,GEO_PAT,Undefined,8,Bottom,2,0,2,Curveball,Slider,FoulBallNotFieldable,Undefined,Undefined,Undefined,0,0,,74.31243,2.06586,1.141179,2320.001022,86.931742,9:00,5.3832,0.35544,5.36677,-51.71365,0.86941,-19.85643,3.01211,-0.22904,66.98022,-7.430603,-2.388935,0.521909,60.21953,57.435994,160.927683,4432.507231,-105.01315,51.44798,32.74472,150.40733,66.64458,162.663747,3.677686,10.39808,0.23843,-0.44294,50,5.53206,-1.39741,-107.64563,2.23576,11.9551,22.19411,-31.89992,GEO_PAT,NIA_COM,SpuhlerFieldMain,TeamExclusive,Team,20251018-SpuhlerFieldMain-Private-2,d9c24b80-ac6c-11f0-ae3b-9b4a908d198a,72.22039,62.5011,,7.33221,,,,2.3945,3.24655,0.18253,072e60c5-9c43-4700-b7fc-b13f476f682d,2025-10-18,21:53:15.05,2025-10-18T17:53:15.0556160-04:00,2025-10-18T21:53:15.0556160Z,Popup,v3,471300,,,"Harper, Dalton",1000115726,Right,NIA_COM,f8d5120b-61bc-4444-be78-730cb1c8601a,55.13544,-108.69929,11.09705,5.38997,3.7502,-15.94996,-0.36312,-1.96497,5.97755,351.863585,2.39316,-44.88899,-1.85923,2.36794,-1.06123,0.36134,-0.06909,0.00562,-8E-05,3.24736,74.40756,-27.48185,2.99459,-0.04341,-0.32372,0.13755,-0.02465,0.00166,0.18289,15.52233,-1.4106,0.09461,0.13796,-0.09665,0.02891,-0.00411,0.00023,,,,,,,,,,,,,,,,,,,,,,,High,High,High,High,Medium,,,
265,2025-10-18,17:53:43.10,8,4,"Mashanic, Bryce",10298193,Right,NIA_COM,"Morse, Jackson",1000469270,Right,GEO_PAT,Undefined,8,Bottom,2,0,2,Curveball,Curveball,BallCalled,Undefined,Undefined,Undefined,0,0,,72.01388,4.453499,-0.145232,2379.441678,57.148722,8:00,5.55316,-0.02937,5.49063,-64.64799,-9.54693,-17.48753,4.34068,-1.62254,65.75581,-7.333552,-3.25628,0.534258,,,,,,,,,,,,8.69343,-5.48111,0.05406,50,5.90049,0.90906,-104.32835,6.07349,9.53912,18.27759,-38.18835,GEO_PAT,NIA_COM,SpuhlerFieldMain,TeamExclusive,Team,20251018-SpuhlerFieldMain-Private-2,ea6999c0-ac6c-11f0-ae3b-9b4a908d198a,70.55095,,,6.25808,,,,,,,072e60c5-9c43-4700-b7fc-b13f476f682d,2025-10-18,21:53:43.10,2025-10-18T17:53:43.1091712-04:00,2025-10-18T21:53:43.1091712Z,,v3,471300,,,"Harper, Dalton",1000115726,Right,NIA_COM,a21e2717-2d41-40c9-ae8e-4d3ba1fd2bb8,55.01496,-105.20326,9.13879,5.566,7.9015,-19.09418,0.02147,0.45244,4.76956,,,,,,,,,,,,,,,,,,,,,,,,,,,,,,,,,,,,,,,,,,,,,,,,,,,High,High,High,,,,,
266,2025-10-18,17:54:02.62,8,5,"Mashanic, Bryce",10298193,Right,NIA_COM,"Morse, Jackson",1000469270,Right,GEO_PAT,Undefined,8,Bottom,2,1,2,Fastball,Four-Seam,BallCalled,Undefined,Undefined,Undefined,0,0,,87.72887,-0.040573,-1.680091,2338.946737,207.716016,1:00,5.57633,0.18195,5.98962,-15.57997,20.75997,10.27398,4.24037,-0.51949,79.61935,-3.051273,0.16599,0.433874,,,,,,,,,,,,-5.72559,10.99615,-0.05477,50,5.56436,3.30157,-127.34411,-0.48701,-9.3531,27.41963,-14.21123,GEO_PAT,NIA_COM,SpuhlerFieldMain,TeamExclusive,Team,20251018-SpuhlerFieldMain-Private-2,f6016f60-ac6c-11f0-ae3b-9b4a908d198a,86.87416,,,8.10952,,,,,,,072e60c5-9c43-4700-b7fc-b13f476f682d,2025-10-18,21:54:02.62,2025-10-18T17:54:02.6219520-04:00,2025-10-18T21:54:02.6219520Z,,v3,471300,,,"Harper, Dalton",1000115726,Right,NIA_COM,ba5522a0-aee7-4590-9e17-057989aa6c72,54.50959,-128.31144,13.70982,5.5727,0.01434,-7.10561,-0.17706,3.63153,-4.67655,,,,,,,,,,,,,,,,,,,,,,,,,,,,,,,,,,,,,,,,,,,,,,,,,,,High,High,High,,,,,
267,2025-10-18,17:54:23.32,8,6,"Mashanic, Bryce",10298193,Right,NIA_COM,"Morse, Jackson",1000469270,Right,GEO_PAT,Undefined,8,Bottom,2,2,2,Curveball,Curveball,BallCalled,Undefined,Undefined,Undefined,0,0,,73.06546,3.435578,-0.015227,2211.116563,72.766035,8:30,5.38089,0.38128,5.2674,-56.96271,-3.0298,-15.36454,3.86538,-0.9134,66.65494,-6.944459,-2.738916,0.528565,,,,,,,,,,,,7.61894,-1.93461,-0.36827,50,5.6538,0.61511,-105.87636,4.49783,8.6073,18.87721,-34.35964,GEO_PAT,NIA_COM,SpuhlerFieldMain,TeamExclusive,Team,20251018-SpuhlerFieldMain-Private-2,0267dfa0-ac6d-11f0-ae3b-9b4a908d198a,71.3109,,,6.41052,,,,,,,072e60c5-9c43-4700-b7fc-b13f476f682d,2025-10-18,21:54:23.32,2025-10-18T17:54:23.3255936-04:00,2025-10-18T21:54:23.3255936Z,,v3,471300,,,"Harper, Dalton",1000115726,Right,NIA_COM,6bbae1cd-8038-46f2-bd98-83114d3c3349,55.23545,-106.80573,9.43861,5.39071,6.18945,-17.17982,-0.38812,0.19135,4.30365,,,,,,,,,,,,,,,,,,,,,,,,,,,,,,,,,,,,,,,,,,,,,,,,,,,High,High,High,,,,,
268,2025-10-18,17:54:43.06,8,7,"Mashanic, Bryce",10298193,Right,NIA_COM,"Morse, Jackson",1000469270,Right,GEO_PAT,Undefined,8,Bottom,2,3,2,Fastball,Sinker,StrikeCalled,Strikeout,Undefined,Undefined,0,0,,86.61195,-0.078514,-2.087279,2294.482968,226.64119,1:30,5.49709,0.31364,6.07084,-22.51926,14.56217,14.14997,3.54778,-0.43965,78.90833,-4.335943,0.459337,0.438278,,,,,,,,,,,,-7.85044,7.88071,-0.15909,50,5.47896,4.0068,-125.76668,-0.84062,-12.53864,26.17182,-19.58706,GEO_PAT,NIA_COM,SpuhlerFieldMain,TeamExclusive,Team,20251018-SpuhlerFieldMain-Private-2,0e162370-ac6d-11f0-ae3b-9b4a908d198a,86.00121,,,7.70362,,,,,,,072e60c5-9c43-4700-b7fc-b13f476f682d,2025-10-18,21:54:43.06,2025-10-18T17:54:43.0650000-04:00,2025-10-18T21:54:43.0650000Z,,v3,471300,,,"Harper, Dalton",1000115726,Right,NIA_COM,42f91cf0-92c0-42bd-bef4-f0285c4ed780,54.42985,-126.68517,13.08591,5.4964,-0.15322,-9.79353,-0.30743,4.44684,-6.26932,,,,,,,,,,,,,,,,,,,,,,,,,,,,,51.07819,,,1.480664,,,,-0.88381,4.43018,3.52669,73.25371,4.70677,-51.52896,-0.8139,55.58375,-3.77836,4.56099,23.36364,-15.76245,3.45083,-42.2078,3.45342,High,High,High,,,High,High,High
269,2025-10-18,17:57:04.78,1,1,"Thomas, Parker",814826,Right,GEO_PAT,"Farber, Ian",10961307,Right,NIA_COM,Undefined,9,Top,0,0,0,Fastball,Changeup,InPlay,Undefined,LineDrive,Out,1,0,,86.80692,-0.990129,-3.432923,1772.356507,243.983523,2:15,5.61633,2.6874,6.4998,-27.76789,8.21685,14.69355,2.39175,0.75692,80.13643,-6.188545,-0.769134,0.431749,64.96711,18.650454,-12.726743,1392.926801,107.62687,16.64331,-22.72432,165.135,151.85255,-11.123615,2.24472,-8.64741,4.86874,-2.45323,50,5.53454,7.03451,-126.15893,-3.00539,-14.04884,23.73323,-24.26412,GEO_PAT,NIA_COM,SpuhlerFieldMain,TeamExclusive,Team,20251018-SpuhlerFieldMain-Private-2,62a700d0-ac6d-11f0-ae3b-9b4a908d198a,87.30184,18.11081,,6.67048,,,,0.85534,2.36672,-0.74583,072e60c5-9c43-4700-b7fc-b13f476f682d,2025-10-18,21:57:04.78,2025-10-18T17:57:04.7850496-04:00,2025-10-18T21:57:04.7850496Z,LineDrive,v3,471300,,,"Cowdrey, Vincent",1000469295,Right,GEO_PAT,e0dc518e-a3b9-48d4-9bd1-03701d1fe82c,54.00495,-126.91012,11.86662,5.61751,-2.23741,-12.13206,-2.68291,7.47917,-7.02442,195.287772,0.85533,88.06331,-10.07188,1.86155,-0.34079,0.00377,0.03593,-0.01596,0.00251,2.36671,30.47196,-15.42918,0.75198,-0.15787,0.11244,-0.06595,0.02314,-0.00331,-0.74583,-19.88913,3.40901,-0.38604,0.01133,0.03448,-0.02659,0.00976,-0.00144,,,,,,,,,,,,,,,,,,,,,,,High,High,High,High,High,,,
270,2025-10-18,17:57:27.79,2,1,"Thomas, Parker",814826,Right,GEO_PAT,"Gravelle, Cameron",10005014,Left,NIA_COM,Undefined,9,Top,1,0,0,Fastball,Changeup,BallCalled,Undefined,Undefined,Undefined,0,0,,87.31617,-2.734924,-4.139671,1778.374158,234.540347,1:45,5.60536,2.44353,6.6768,-24.79391,10.67819,13.51296,1.02874,-0.22412,80.66096,-7.392481,-1.684284,0.428662,,,,,,,,,,,,-8.31229,6.66122,-2.17157,50,5.41161,8.70116,-126.70233,-6.76099,-13.60602,24.20658,-21.2706,GEO_PAT,NIA_COM,SpuhlerFieldMain,TeamExclusive,Team,20251018-SpuhlerFieldMain-Private-2,7060f320-ac6d-11f0-ae3b-9b4a908d198a,87.93047,,,6.65521,,,,,,,072e60c5-9c43-4700-b7fc-b13f476f682d,2025-10-18,21:57:27.79,2025-10-18T17:57:27.7978112-04:00,2025-10-18T21:57:27.7978112Z,,v3,471300,,,"Cowdrey, Vincent",1000469295,Right,GEO_PAT,ee76c08c-d6ed-48a2-a1bb-79cb560cc1a0,53.82843,-127.43166,12.10329,5.60566,-6.12012,-10.6353,-2.4399,9.1111,-6.80301,,,,,,,,,,,,,,,,,,,,,,,,,,,,,,,,,,,,,,,,,,,,,,,,,,,High,High,High,,,,,
271,2025-10-18,17:57:41.53,2,2,"Thomas, Parker",814826,Right,GEO_PAT,"Gravelle, Cameron",10005014,Left,NIA_COM,Undefined,9,Top,1,1,0,Fastball,Changeup,BallCalled,Undefined,Undefined,Undefined,0,0,,87.19506,-0.090779,-2.147997,1848.900171,241.390797,2:00,5.56498,2.54723,6.27034,-26.2149,9.79603,15.99914,3.29666,1.89926,80.15964,-5.004497,0.743121,0.431905,,,,,,,,,,,,-8.83969,5.44969,-2.39552,50,5.54542,4.12281,-126.7706,-1.00669,-14.46415,24.58291,-23.25686,GEO_PAT,NIA_COM,SpuhlerFieldMain,TeamExclusive,Team,20251018-SpuhlerFieldMain-Private-2,787e4800-ac6d-11f0-ae3b-9b4a908d198a,87.27013,,,7.03542,,,,,,,072e60c5-9c43-4700-b7fc-b13f476f682d,2025-10-18,21:57:41.53,2025-10-18T17:57:41.5313408-04:00,2025-10-18T21:57:41.5313408Z,,v3,471300,,,"Cowdrey, Vincent",1000469295,Right,GEO_PAT,e7c34332-0356-4f5b-b2ab-fdfd329c564d,54.23224,-127.58867,12.29146,5.56605,-0.23275,-11.62843,-2.54073,4.60414,-7.23208,,,,,,,,,,,,,,,,,,,,,,,,,,,,,,,,,,,,,,,,,,,,,,,,,,,High,High,High,,,,,
272,2025-10-18,17:57:59.48,2,3,"Thomas, Parker",814826,Right,GEO_PAT,"Gravelle, Cameron",10005014,Left,NIA_COM,Undefined,9,Top,1,2,0,Sweeper,Changeup,FoulBallNotFieldable,Undefined,Undefined,Undefined,0,0,,80.15829,-1.600143,-4.245442,1392.613167,246.066614,2:15,5.61857,2.47781,6.41637,-35.10569,7.64682,14.18146,1.21752,-0.25075,73.71296,-8.139965,-1.680523,0.4706,58.01664,-23.664584,166.720431,,,,,1.77417,4.86439,35.487561,0.053414,-8.68241,4.80811,-2.1805,50,5.48771,8.15094,-116.26807,-4.23959,-11.88458,21.80637,-25.59264,GEO_PAT,NIA_COM,SpuhlerFieldMain,TeamExclusive,Team,20251018-SpuhlerFieldMain-Private-2,834ade60-ac6d-11f0-ae3b-9b4a908d198a,80.09439,1.83133,,6.44532,,,,,,,072e60c5-9c43-4700-b7fc-b13f476f682d,2025-10-18,21:57:59.48,2025-10-18T17:57:59.4870784-04:00,2025-10-18T21:57:59.4870784Z,GroundBall,v3,471300,,,"Cowdrey, Vincent",1000469295,Right,GEO_PAT,687d8c71-764c-47b8-90d0-722884065f12,54.08792,-117.03226,10.90319,5.62056,-3.34271,-12.79632,-2.47344,8.56743,-5.94229,,5.51427,-76.14458,,,,,,,,1.83246,-34.28578,,,,,,,,0.06946,17.97115,,,,,,,,,,,,,,,,,,,,,,,,,,,,,,High,High,High,Low,Low,,,
273,2025-10-18,17:58:35.52,2,4,"Thomas, Parker",814826,Right,GEO_PAT,"Gravelle, Cameron",10005014,Left,NIA_COM,Undefined,9,Top,1,2,1,Cutter,Changeup,BallCalled,Undefined,Undefined,Undefined,0,0,,81.38528,-1.459716,-3.107865,1403.086474,256.710208,2:30,5.48821,2.54934,6.39449,-36.95876,4.71886,14.10532,1.06345,0.86348,74.43901,-8.343151,-0.551699,0.464647,,,,,,,,,,,,-8.28867,3.31421,-2.33203,50,5.36638,5.90574,-118.11137,-4.09626,-11.63066,23.89594,-27.52357,GEO_PAT,NIA_COM,SpuhlerFieldMain,TeamExclusive,Team,20251018-SpuhlerFieldMain-Private-2,98cc3d60-ac6d-11f0-ae3b-9b4a908d198a,81.12062,,,6.94628,,,,,,,072e60c5-9c43-4700-b7fc-b13f476f682d,2025-10-18,21:58:35.52,2025-10-18T17:58:35.5246080-04:00,2025-10-18T21:58:35.5246080Z,,v3,471300,,,"Cowdrey, Vincent",1000469295,Right,GEO_PAT,e0a2615c-91bb-4b33-b516-064b498e83b9,54.1078,-118.93954,11.94797,5.49182,-3.14236,-13.76179,-2.54369,6.30883,-5.81533,,,,,,,,,,,,,,,,,,,,,,,,,,,,,,,,,,,,,,,,,,,,,,,,,,,High,High,High,,,,,
274,2025-10-18,17:58:53.96,2,5,"Thomas, Parker",814826,Right,GEO_PAT,"Gravelle, Cameron",10005014,Left,NIA_COM,Undefined,9,Top,1,3,1,Fastball,Changeup,InPlay,Undefined,FlyBall,Out,1,0,,86.84683,-1.054743,-4.175488,1784.245312,237.019968,2:00,5.45553,2.6066,6.35889,-25.41466,11.04241,15.24698,2.36418,0.02731,79.53594,-5.83351,-1.423293,0.434572,93.64925,46.805726,-15.198794,4306.058175,100.94593,110.11444,-43.70248,263.39545,127.19637,-31.347465,5.84028,-9.14119,6.38827,-2.31062,50,5.36689,8.62169,-125.98892,-3.07654,-14.70906,25.332,-21.89467,GEO_PAT,NIA_COM,SpuhlerFieldMain,TeamExclusive,Team,20251018-SpuhlerFieldMain-Private-2,a3c40270-ac6d-11f0-ae3b-9b4a908d198a,86.73454,127.78819,,7.31089,,,,1.32476,2.51148,-0.27901,072e60c5-9c43-4700-b7fc-b13f476f682d,2025-10-18,21:58:53.96,2025-10-18T17:58:53.9667456-04:00,2025-10-18T21:58:53.9667456Z,FlyBall,v3,471300,,,"Cowdrey, Vincent",1000469295,Right,GEO_PAT,0427d113-eb09-4f3e-ac2a-18dcd4c83fae,54.14458,-126.81951,12.666,5.45599,-2.35865,-10.94734,-2.60122,9.10398,-7.35453,155.54706,1.33174,90.56234,-27.52069,7.23509,-1.03766,-0.04152,0.04488,-0.00664,0.00032,2.49825,100.35708,-24.37003,2.47685,-0.52383,0.09897,-0.00716,-0.00056,7E-05,-0.27398,-24.74712,-2.68157,1.47347,-0.23778,-0.03078,0.01843,-0.00267,0.00013,,,,,,,,,,,,,,,,,,,,,,,High,High,High,High,Low,,,
275,2025-10-18,17:59:26.48,3,1,"Thomas, Parker",814826,Right,GEO_PAT,"Rossano, Cooper",10108170,Right,NIA_COM,Undefined,9,Top,2,0,0,Cutter,Slider,BallCalled,Undefined,Undefined,Undefined,0,0,,81.74872,-1.380412,-3.716098,2062.603297,156.061228,11:15,5.60265,2.49413,6.29928,-34.86939,6.7137,-2.36693,1.42199,-1.13203,74.72584,-7.865655,-4.143019,0.464119,,,,,,,,,,,,0.11083,4.33544,-2.2196,50,5.48443,7.78333,-118.49573,-3.89154,0.15634,24.27915,-26.05753,GEO_PAT,NIA_COM,SpuhlerFieldMain,TeamExclusive,Team,20251018-SpuhlerFieldMain-Private-2,b72abed0-ac6d-11f0-ae3b-9b4a908d198a,81.21282,,,7.02288,,,,,,,072e60c5-9c43-4700-b7fc-b13f476f682d,2025-10-18,21:59:26.48,2025-10-18T17:59:26.4815104-04:00,2025-10-18T21:59:26.4815104Z,,v3,471300,,,"Cowdrey, Vincent",1000469295,Right,GEO_PAT,12204053-5069-451b-8122-95eacd8b5f5a,54.20122,-119.35344,12.13958,5.60564,-2.97101,-13.02877,-2.49446,7.77781,0.07817,,,,,,,,,,,,,,,,,,,,,,,,,,,,,,,,,,,,,,,,,,,,,,,,,,,High,High,High,,,,,
276,2025-10-18,17:59:41.30,3,2,"Thomas, Parker",814826,Right,GEO_PAT,"Rossano, Cooper",10108170,Right,NIA_COM,Undefined,9,Top,2,1,0,Fastball,Sinker,BallCalled,Undefined,Undefined,Undefined,0,0,,88.2012,-2.358048,-5.235405,1937.388977,242.837769,2:00,5.59429,2.50098,6.65973,-25.46639,9.83859,16.84469,1.30389,-0.89977,80.36738,-7.166369,-2.182774,0.427651,,,,,,,,,,,,-10.41453,6.23776,-2.1543,50,5.42479,11.06427,-127.65647,-6.0031,-17.09065,27.63461,-21.93765,GEO_PAT,NIA_COM,SpuhlerFieldMain,TeamExclusive,Team,20251018-SpuhlerFieldMain-Private-2,bffae8f0-ac6d-11f0-ae3b-9b4a908d198a,88.13835,,,7.83382,,,,,,,072e60c5-9c43-4700-b7fc-b13f476f682d,2025-10-18,21:59:41.30,2025-10-18T17:59:41.3072384-04:00,2025-10-18T21:59:41.3072384Z,,v3,471300,,,"Cowdrey, Vincent",1000469295,Right,GEO_PAT,f32c285a-02f5-45d5-ada1-3291d8fd9956,53.84263,-128.48561,13.81731,5.59504,-5.34489,-10.96883,-2.49397,11.57706,-8.54533,,,,,,,,,,,,,,,,,,,,,,,,,,,,,,,,,,,,,,,,,,,,,,,,,,,High,High,High,,,,,
277,2025-10-18,18:00:01.79,3,3,"Thomas, Parker",814826,Right,GEO_PAT,"Rossano, Cooper",10108170,Right,NIA_COM,Undefined,9,Top,2,2,0,Fastball,Changeup,BallCalled,Undefined,Undefined,Undefined,0,0,,88.61679,-2.12468,-4.754625,1745.427888,246.890728,2:15,5.49843,2.55733,6.25956,-27.32616,7.90973,15.92048,1.25437,-0.51038,81.288,-7.217667,-1.887645,0.427232,,,,,,,,,,,,-9.6178,5.01941,-2.2116,50,5.32671,10.05577,-128.37974,-5.64296,-16.07142,26.26434,-23.78661,GEO_PAT,NIA_COM,SpuhlerFieldMain,TeamExclusive,Team,20251018-SpuhlerFieldMain-Private-2,cc298050-ac6d-11f0-ae3b-9b4a908d198a,88.22469,,,7.32879,,,,,,,072e60c5-9c43-4700-b7fc-b13f476f682d,2025-10-18,22:00:01.79,2025-10-18T18:00:01.7964032-04:00,2025-10-18T22:00:01.7964032Z,,v3,471300,,,"Cowdrey, Vincent",1000469295,Right,GEO_PAT,5ad2a659-9706-4bd4-ae48-c8bffe66d986,54.24417,-129.24512,13.13217,5.49973,-4.85923,-11.8933,-2.55164,10.5853,-8.03571,,,,,,,,,,,,,,,,,,,,,,,,,,,,,,,,,,,,,,,,,,,,,,,,,,,High,High,High,,,,,
278,2025-10-18,18:00:18.35,3,4,"Thomas, Parker",814826,Right,GEO_PAT,"Rossano, Cooper",10108170,Right,NIA_COM,Undefined,9,Top,2,3,0,Cutter,Slider,StrikeCalled,Undefined,Undefined,Undefined,0,0,,81.02872,-0.500369,-3.301275,2148.283241,139.489469,10:45,5.62714,2.58589,5.96811,-37.78778,4.85748,-2.98606,2.01343,-0.7273,74.27927,-7.477356,-3.836822,0.47001,,,,,,,,,,,,0.57902,3.06792,-2.32229,50,5.56652,6.89263,-117.51935,-2.21679,0.807,22.97849,-27.89822,GEO_PAT,NIA_COM,SpuhlerFieldMain,TeamExclusive,Team,20251018-SpuhlerFieldMain-Private-2,d5f632e0-ac6d-11f0-ae3b-9b4a908d198a,80.19502,,,6.74944,,,,,,,072e60c5-9c43-4700-b7fc-b13f476f682d,2025-10-18,22:00:18.35,2025-10-18T18:00:18.3517696-04:00,2025-10-18T22:00:18.3517696Z,,v3,471300,,,"Cowdrey, Vincent",1000469295,Right,GEO_PAT,ff0670f4-8917-4683-9ca4-46538521bd02,54.53289,-118.40235,11.48925,5.6311,-1.14475,-13.94911,-2.58656,6.86162,0.4035,,,,,,,,,,,,,,,,,,,,,,,,,,,,,,,,,,,,,,,,,,,,,,,,,,,High,High,High,,,,,
279,2025-10-18,18:00:34.56,3,5,"Thomas, Parker",814826,Right,GEO_PAT,"Rossano, Cooper",10108170,Right,NIA_COM,Undefined,9,Top,2,3,1,Cutter,Slider,StrikeCalled,Undefined,Undefined,Undefined,0,0,,79.63489,0.010286,-2.952387,2039.762762,166.498387,11:30,5.50805,2.50799,6.16249,-35.84132,7.87178,-1.55929,2.53079,-0.35182,73.00399,-6.658371,-3.233124,0.475858,,,,,,,,,,,,-0.02953,4.5011,-2.28302,50,5.49061,6.01825,-115.58488,-1.03314,-0.0399,21.84454,-26.09394,GEO_PAT,NIA_COM,SpuhlerFieldMain,TeamExclusive,Team,20251018-SpuhlerFieldMain-Private-2,dfa17ac0-ac6d-11f0-ae3b-9b4a908d198a,79.20946,,,6.6309,,,,,,,072e60c5-9c43-4700-b7fc-b13f476f682d,2025-10-18,22:00:34.56,2025-10-18T18:00:34.5617408-04:00,2025-10-18T22:00:34.5617408Z,,v3,471300,,,"Cowdrey, Vincent",1000469295,Right,GEO_PAT,afbec040-38d2-44bb-8e24-2aaf6f408b7c,54.33828,-116.40189,10.92227,5.511,-0.0572,-13.04697,-2.50813,6.01974,-0.01995,,,,,,,,,,,,,,,,,,,,,,,,,,,,,,,,,,,,,,,,,,,,,,,,,,,High,High,High,,,,,
280,2025-10-18,18:00:53.16,3,6,"Thomas, Parker",814826,Right,GEO_PAT,"Rossano, Cooper",10108170,Right,NIA_COM,Undefined,9,Top,2,3,2,Cutter,Slider,StrikeSwinging,Strikeout,Undefined,Undefined,0,0,,80.72846,-1.534109,-3.945049,2085.477998,144.691516,10:45,5.79591,2.51742,6.13846,-37.53187,5.40024,-2.81638,1.24667,-1.36919,73.89962,-8.472079,-4.451397,0.471588,,,,,,,,,,,,0.27323,3.65851,-2.2145,50,5.65915,8.16884,-116.97084,-4.26928,0.37548,23.74692,-27.14672,GEO_PAT,NIA_COM,SpuhlerFieldMain,TeamExclusive,Team,20251018-SpuhlerFieldMain-Private-2,eacf9210-ac6d-11f0-ae3b-9b4a908d198a,79.92667,,,6.82884,,,,,,,072e60c5-9c43-4700-b7fc-b13f476f682d,2025-10-18,22:00:53.16,2025-10-18T18:00:53.1640320-04:00,2025-10-18T22:00:53.1640320Z,,v3,471300,,,"Cowdrey, Vincent",1000469295,Right,GEO_PAT,bc83cc89-008e-4da3-9285-881ec083e6a8,54.36348,-117.85337,11.87346,5.79907,-3.26041,-13.57336,-2.51783,8.15488,0.18774,,,,,,,,,,,,,,,,,,,,,,,,,,,,,,,,,,,,,,,,,,,,,,,,,,,High,High,High,,,,,
281,2025-10-18,18:03:30.81,1,1,"Vogel, Tyler",10150431,Right,NIA_COM,"Clyne , Owen",1000230336,Left,GEO_PAT,Undefined,9,Bottom,0,0,0,Fastball,Changeup,InPlay,Undefined,LineDrive,Single,0,0,,85.87009,-2.395809,-1.833028,1747.92976,211.599875,1:00,6.56929,0.87701,5.90538,-19.23178,18.75281,10.77087,2.74018,0.0724,78.46083,-6.037009,0.100232,0.443583,102.17061,7.071245,-12.397537,2254.687798,105.69432,7.98632,-30.47425,175.87021,175.237,-18.341319,1.434131,-6.05807,10.67209,-0.73594,50,6.36563,3.55453,-124.58926,-5.76716,-9.50265,25.50923,-15.43382,GEO_PAT,NIA_COM,SpuhlerFieldMain,TeamExclusive,Team,20251018-SpuhlerFieldMain-Private-2,48c27950-ac6e-11f0-ae3b-9b4a908d198a,84.97267,8.49136,,7.40926,,,,1.48078,2.74275,-0.06219,072e60c5-9c43-4700-b7fc-b13f476f682d,2025-10-18,22:03:30.81,2025-10-18T18:03:30.8129792-04:00,2025-10-18T22:03:30.8129792Z,GroundBall,v3,471300,,,"Harper, Dalton",1000115726,Right,NIA_COM,58e33926-8769-4633-8138-a5dcaf1e2ecc,54.59633,-125.52681,12.75461,6.56717,-5.19991,-7.71691,-0.873,3.90378,-4.75133,106.259582,1.48078,145.2425,-27.14596,5.75058,-1.17291,0.20051,-0.03107,0.00388,-0.00027,2.74275,18.44705,-15.26683,0.73511,0.04249,-0.04063,0.01535,-0.00312,0.0003,-0.06219,-31.9271,-8.6728,4.30577,-1.46217,0.41438,-0.10194,0.01893,-0.00186,,,,,,,,,,,,,,,,,,,,,,,High,High,High,High,High,,,
282,2025-10-18,18:04:04.21,2,1,"Vogel, Tyler",10150431,Right,NIA_COM,"Bagnerise , Julius",1000469309,Right,GEO_PAT,Undefined,9,Bottom,0,0,0,Fastball,Changeup,BallCalled,Undefined,Undefined,Undefined,0,0,,84.85159,-0.07495,-1.100683,1523.120324,219.426278,1:15,6.59483,0.97407,5.57916,-24.53411,14.97812,11.2193,4.4803,0.88086,77.02252,-4.673932,0.901077,0.452415,,,,,,,,,,,,-5.97445,7.98689,-0.88675,50,6.5726,1.88749,-123.10006,-0.94369,-9.10451,26.00602,-20.00275,GEO_PAT,NIA_COM,SpuhlerFieldMain,TeamExclusive,Team,20251018-SpuhlerFieldMain-Private-2,5c911f40-ac6e-11f0-ae3b-9b4a908d198a,83.31384,,,7.82907,,,,,,,072e60c5-9c43-4700-b7fc-b13f476f682d,2025-10-18,22:04:04.21,2025-10-18T18:04:04.2105856-04:00,2025-10-18T22:04:04.2105856Z,,v3,471300,,,"Harper, Dalton",1000115726,Right,NIA_COM,f155c707-b4ab-413f-91b0-dfb68f1122b2,54.92023,-124.13515,13.00301,6.59432,-0.14754,-10.00138,-0.96908,2.24987,-4.55225,,,,,,,,,,,,,,,,,,,,,,,,,,,,,,,,,,,,,,,,,,,,,,,,,,,High,High,High,,,,,
283,2025-10-18,18:04:18.70,2,2,"Vogel, Tyler",10150431,Right,NIA_COM,"Bagnerise , Julius",1000469309,Right,GEO_PAT,Undefined,9,Bottom,0,1,0,Fastball,Changeup,BallCalled,Undefined,Undefined,Undefined,0,0,,85.45837,-2.301693,0.023848,1548.743007,210.551158,1:00,6.49899,0.95077,5.83703,-22.4023,15.98418,8.70504,2.49157,1.69835,78.2687,-6.497759,1.585497,0.445924,,,,,,,,,,,,-4.4326,9.18875,-0.95782,50,6.29803,-0.40769,-124.03923,-5.66768,-6.89966,25.01666,-17.87105,GEO_PAT,NIA_COM,SpuhlerFieldMain,TeamExclusive,Team,20251018-SpuhlerFieldMain-Private-2,654d2520-ac6e-11f0-ae3b-9b4a908d198a,84.52668,,,7.18967,,,,,,,072e60c5-9c43-4700-b7fc-b13f476f682d,2025-10-18,22:04:18.70,2025-10-18T18:04:18.7088896-04:00,2025-10-18T22:04:18.7088896Z,,v3,471300,,,"Harper, Dalton",1000115726,Right,NIA_COM,c31952a8-1fb8-4d18-a688-31341c9e1029,54.66357,-124.97625,12.50833,6.49778,-4.9983,-8.93553,-0.94739,-0.14926,-3.44983,,,,,,,,,,,,,,,,,,,,,,,,,,,,,,,,,,,,,,,,,,,,,,,,,,,High,High,High,,,,,
284,2025-10-18,18:04:48.43,2,3,"Vogel, Tyler",10150431,Right,NIA_COM,"Bagnerise , Julius",1000469309,Right,GEO_PAT,Undefined,9,Bottom,0,2,0,Fastball,Changeup,FoulBallNotFieldable,Undefined,Undefined,Undefined,0,0,,86.69009,-1.949738,-2.789149,1588.044467,210.479765,1:00,6.51913,0.9864,5.79939,-23.53875,13.82304,7.43626,2.74117,-0.99028,79.42938,-6.342176,-1.458273,0.439932,61.88113,39.582986,-143.392348,3119.696265,-94.07059,37.28904,-57.01491,171.71702,64.97768,-151.954156,2.870727,-4.58362,7.95689,-0.76151,50,6.34455,5.82172,-125.74114,-5.0362,-7.34234,25.36894,-19.42821,GEO_PAT,NIA_COM,SpuhlerFieldMain,TeamExclusive,Team,20251018-SpuhlerFieldMain-Private-2,77056e30-ac6e-11f0-ae3b-9b4a908d198a,85.67795,39.91474,,7.2607,,,,0.60229,2.79269,0.96314,072e60c5-9c43-4700-b7fc-b13f476f682d,2025-10-18,22:04:48.43,2025-10-18T18:04:48.4349952-04:00,2025-10-18T22:04:48.4349952Z,Popup,v3,471300,,,"Harper, Dalton",1000115726,Right,NIA_COM,f2bca493-8696-4ae8-9c69-2e194bdaf8d4,54.70261,-126.68636,12.68447,6.51871,-4.31232,-9.71411,-0.98351,6.09529,-3.67117,29.684249,0.60233,-56.15213,0.37304,0.30528,0.04008,-0.09987,0.06151,-0.01637,0.0016,2.79272,57.83076,-25.21366,2.63424,-0.57905,0.12929,-0.02788,0.00576,-0.00062,0.96323,-41.71855,5.31577,-0.63203,0.44333,-0.34609,0.17418,-0.04376,0.00421,,,,,,,,,,,,,,,,,,,,,,,High,High,High,High,Low,,,
285,2025-10-18,18:05:11.10,2,4,"Vogel, Tyler",10150431,Right,NIA_COM,"Bagnerise , Julius",1000469309,Right,GEO_PAT,Undefined,9,Bottom,0,2,1,Fastball,Changeup,FoulBallNotFieldable,Undefined,Undefined,Undefined,0,0,,85.38834,-0.617907,-2.051676,1358.659959,220.597929,1:15,6.59437,0.95731,5.55996,-29.11069,9.58193,7.19473,3.59076,-0.36089,78.4047,-5.992179,-0.768663,0.447698,77.65111,43.014605,-68.912261,4122.865851,22.16994,72.0062,-107.74272,233.87642,86.29661,-88.22992,4.179448,-4.20142,5.36985,-0.7849,50,6.52178,4.14126,-123.97017,-2.33366,-6.55935,24.03785,-23.79052,GEO_PAT,NIA_COM,SpuhlerFieldMain,TeamExclusive,Team,20251018-SpuhlerFieldMain-Private-2,84819430-ac6e-11f0-ae3b-9b4a908d198a,84.19162,73.49674,,6.98364,,,,0.10369,3.28969,0.13238,072e60c5-9c43-4700-b7fc-b13f476f682d,2025-10-18,22:05:11.10,2025-10-18T18:05:11.1015424-04:00,2025-10-18T22:05:11.1015424Z,FlyBall,v3,471300,,,"Harper, Dalton",1000115726,Right,NIA_COM,cd338319-14b3-4dfa-a34a-32577fb73131,54.94216,-124.92478,12.01893,6.5957,-1.38887,-11.89526,-0.95454,4.40176,-3.27968,,0.10425,29.9479,-14.10815,3.31456,-0.72975,0.17637,-0.03656,0.00449,-0.00023,3.28874,77.71344,-26.29333,3.72729,-0.84032,0.13778,-0.01552,0.00129,-7E-05,0.13187,-77.68405,10.889,-2.56128,0.56594,-0.13971,0.02973,-0.00375,0.00019,,,,,,,,,,,,,,,,,,,,,,,High,High,High,High,Low,,,
286,2025-10-18,18:05:34.67,2,5,"Vogel, Tyler",10150431,Right,NIA_COM,"Bagnerise , Julius",1000469309,Right,GEO_PAT,Undefined,9,Bottom,0,2,2,Fastball,Changeup,InPlay,Undefined,GroundBall,Out,2,0,,85.77987,-2.42229,-1.932222,1354.130789,223.07877,1:30,6.50155,0.73173,5.91484,-25.92324,12.03209,10.12772,2.09045,-0.21834,78.76255,-7.243674,-0.112857,0.443412,97.09108,-9.029382,17.132235,,,,,16.58616,15.12376,16.103117,0.103321,-5.7802,7.20166,-0.58273,50,6.29223,3.80306,-124.50513,-6.08936,-9.07543,24.93719,-20.86677,GEO_PAT,NIA_COM,SpuhlerFieldMain,TeamExclusive,Team,20251018-SpuhlerFieldMain-Private-2,928fe810-ac6e-11f0-ae3b-9b4a908d198a,85.00539,2.31242,,7.01731,,,,2.02931,2.31242,0.31382,072e60c5-9c43-4700-b7fc-b13f476f682d,2025-10-18,22:05:34.67,2025-10-18T18:05:34.6729472-04:00,2025-10-18T22:05:34.6729472Z,GroundBall,v3,471300,,,"Harper, Dalton",1000115726,Right,NIA_COM,04938783-9aa1-4cf2-9534-6d0c4af66a46,54.58834,-125.42077,12.4686,6.50176,-5.32318,-10.43338,-0.72848,4.13628,-4.53772,180,2.02606,134.59115,,,,,,,,2.31297,-22.381,,,,,,,,0.31281,41.48855,,,,,,,,,,,,,,,,,,,,,,,,,,,,,,High,High,High,Low,High,,,
287,2025-10-18,18:06:06.88,3,1,"Vogel, Tyler",10150431,Right,NIA_COM,"Cowdrey, Vincent",1000469295,Right,GEO_PAT,Undefined,9,Bottom,2,0,0,Fastball,Changeup,StrikeCalled,Undefined,Undefined,Undefined,0,0,,87.72204,-1.297096,-1.61037,1491.499734,235.777894,1:45,6.54145,0.49125,6.00536,-26.06714,10.24461,13.29851,3.16668,0.10697,79.98943,-6.17084,0.782779,0.433706,,,,,,,,,,,,-7.29241,6.01028,-0.37176,50,6.42519,3.03119,-127.35399,-3.72298,-11.91508,27.40971,-22.35381,GEO_PAT,NIA_COM,SpuhlerFieldMain,TeamExclusive,Team,20251018-SpuhlerFieldMain-Private-2,a5bfdd00-ac6e-11f0-ae3b-9b4a908d198a,86.9079,,,7.73261,,,,,,,072e60c5-9c43-4700-b7fc-b13f476f682d,2025-10-18,22:06:06.88,2025-10-18T18:06:06.8835328-04:00,2025-10-18T22:06:06.8835328Z,,v3,471300,,,"Harper, Dalton",1000115726,Right,NIA_COM,bbcab05e-1dc6-448b-9bd0-56f9a96fabf1,54.49571,-128.31793,13.70486,6.5423,-2.93684,-11.17691,-0.48572,3.45022,-5.95754,,,,,,,,,,,,,,,,,,,,,,,,,,,,,,,,,,,,,,,,,,,,,,,,,,,High,High,High,,,,,
288,2025-10-18,18:06:16.98,3,2,"Vogel, Tyler",10150431,Right,NIA_COM,"Cowdrey, Vincent",1000469295,Right,GEO_PAT,Undefined,9,Bottom,2,0,1,Slider,Slider,StrikeSwinging,Undefined,Undefined,Undefined,0,0,,78.93706,-1.275526,-0.775083,1590.148677,94.546675,9:15,6.37182,0.93063,5.2998,-43.88353,2.03378,-7.28823,1.517,-0.40447,72.69739,-9.239376,-2.071822,0.487708,,,,,,,,,,,,3.44492,1.80453,-0.85461,50,6.22378,1.83895,-114.56186,-4.05679,4.5682,21.59686,-29.78113,GEO_PAT,NIA_COM,SpuhlerFieldMain,TeamExclusive,Team,20251018-SpuhlerFieldMain-Private-2,abd2bbe0-ac6e-11f0-ae3b-9b4a908d198a,77.28488,,,6.23967,,,,,,,072e60c5-9c43-4700-b7fc-b13f476f682d,2025-10-18,22:06:16.98,2025-10-18T18:06:16.9854464-04:00,2025-10-18T22:06:16.9854464Z,,v3,471300,,,"Harper, Dalton",1000115726,Right,NIA_COM,3061b471-8728-483b-81b0-47aa6cd7048c,55.20266,-115.53848,10.79843,6.37678,-2.71007,-14.89056,-0.9331,1.63238,2.2841,,,,,,,,,,,,,,,,,,,,,,,,,,,,,,,,,,,,,,,,,,,,,,,,,,,High,High,High,,,,,
289,2025-10-18,18:06:26.78,3,3,"Vogel, Tyler",10150431,Right,NIA_COM,"Cowdrey, Vincent",1000469295,Right,GEO_PAT,Undefined,9,Bottom,2,0,2,Slider,Curveball,InPlay,Undefined,GroundBall,Out,1,0,,78.96139,-0.117617,0.0628,1620.56261,41.944207,7:30,6.41147,0.77361,4.97635,-48.00672,-1.77933,-2.86079,2.29982,0.59453,72.87613,-8.772743,-0.443166,0.489352,39.13301,-36.347773,-20.027523,,,,,6.6067,3.33567,-15.427041,0.07335,1.44595,-0.49472,-0.77718,50,6.36037,-0.00937,-114.65381,-1.96996,1.92862,20.79732,-32.83389,GEO_PAT,NIA_COM,SpuhlerFieldMain,TeamExclusive,Team,20251018-SpuhlerFieldMain-Private-2,b1aa8d90-ac6e-11f0-ae3b-9b4a908d198a,77.02526,2.52487,,6.08526,,,,3.14494,2.52487,-0.58237,072e60c5-9c43-4700-b7fc-b13f476f682d,2025-10-18,22:06:26.78,2025-10-18T18:06:26.7826688-04:00,2025-10-18T22:06:26.7826688Z,GroundBall,v3,471300,,,"Harper, Dalton",1000115726,Right,NIA_COM,33521159-7a62-4a6e-993e-4576c129cbb2,55.52773,-115.65215,10.39866,6.41711,-0.39382,-16.41695,-0.77451,-0.10195,0.96431,,3.13883,43.95003,,,,,,,,2.52966,-34.42255,,,,,,,,-0.58014,-16.02042,,,,,,,,,,,,,,,,,,,,,,,,,,,,,,High,High,High,Low,Low,,,