PitchNo,Date,Time,PAofInning,PitchofPA,Pitcher,PitcherId,PitcherThrows,PitcherTeam,Batter,BatterId,BatterSide,BatterTeam,PitcherSet,Inning,Top/Bottom,Outs,Balls,Strikes,TaggedPitchType,AutoPitchType,PitchCall,KorBB,TaggedHitType,PlayResult,OutsOnPlay,RunsScored,Notes,RelSpeed,VertRelAngle,HorzRelAngle,SpinRate,SpinAxis,Tilt,RelHeight,RelSide,Extension,VertBreak,InducedVertBreak,HorzBreak,PlateLocHeight,PlateLocSide,ZoneSpeed,VertApprAngle,HorzApprAngle,ZoneTime,ExitSpeed,Angle,Direction,HitSpinRate,PositionAt110X,PositionAt110Y,PositionAt110Z,Distance,LastTrackedDistance,Bearing,HangTime,pfxx,pfxz,x0,y0,z0,vx0,vy0,vz0,ax0,ay0,az0,HomeTeam,AwayTeam,Stadium,Level,League,GameID,PitchUID,EffectiveVelo,MaxHeight,MeasuredDuration,SpeedDrop,PitchLastMeasuredX,PitchLastMeasuredY,PitchLastMeasuredZ,ContactPositionX,ContactPositionY,ContactPositionZ,GameUID,UTCDate,UTCTime,LocalDateTime,UTCDateTime,AutoHitType,System,HomeTeamForeignID,AwayTeamForeignID,GameForeignID,Catcher,CatcherId,CatcherThrows,CatcherTeam,PlayID,PitchTrajectoryXc0,PitchTrajectoryXc1,PitchTrajectoryXc2,PitchTrajectoryYc0,PitchTrajectoryYc1,PitchTrajectoryYc2,PitchTrajectoryZc0,PitchTrajectoryZc1,PitchTrajectoryZc2,HitSpinAxis,HitTrajectoryXc0,HitTrajectoryXc1,HitTrajectoryXc2,HitTrajectoryXc3,HitTrajectoryXc4,HitTrajectoryXc5,HitTrajectoryXc6,HitTrajectoryXc7,HitTrajectoryXc8,HitTrajectoryYc0,HitTrajectoryYc1,HitTrajectoryYc2,HitTrajectoryYc3,HitTrajectoryYc4,HitTrajectoryYc5,HitTrajectoryYc6,HitTrajectoryYc7,HitTrajectoryYc8,HitTrajectoryZc0,HitTrajectoryZc1,HitTrajectoryZc2,HitTrajectoryZc3,HitTrajectoryZc4,HitTrajectoryZc5,HitTrajectoryZc6,HitTrajectoryZc7,HitTrajectoryZc8,ThrowSpeed,PopTime,ExchangeTime,TimeToBase,CatchPositionX,CatchPositionY,CatchPositionZ,ThrowPositionX,ThrowPositionY,ThrowPositionZ,BasePositionX,BasePositionY,BasePositionZ,ThrowTrajectoryXc0,ThrowTrajectoryXc1,ThrowTrajectoryXc2,ThrowTrajectoryYc0,ThrowTrajectoryYc1,ThrowTrajectoryYc2,ThrowTrajectoryZc0,ThrowTrajectoryZc1,ThrowTrajectoryZc2,PitchReleaseConfidence,PitchLocationConfidence,PitchMovementConfidence,HitLaunchConfidence,HitLandingConfidence,CatcherThrowCatchConfidence,CatcherThrowReleaseConfidence,CatcherThrowLocationConfidence
1,2025-03-04,14:02:30.12,1,1,"Uchman, Ty",1000091702,Left,GEO_PAT,"Egrie, CJ",1000095959,Right,HOL_CRU,Undefined,1,Top,0,0,0,Fastball,Changeup,BallCalled,Undefined,Undefined,Undefined,0,0,,84.28589,-3.677211,0.31118,1969.551964,141.314253,10:45,6.39506,-0.57888,5.9973,-24.39982,15.01237,-10.97292,0.94933,-1.20491,77.22383,-8.227836,-1.664615,0.451842,,,,,,,,,,,,5.71985,9.17989,0.56028,50,6.09163,-0.23037,-122.18983,-8.57866,8.61611,24.89389,-18.34585,GEO_PAT,HOL_CRU,SpuhlerFieldMain,D1,A10,20250304-SpuhlerFieldMain-1,39271fb0-f92b-11ef-9e84-f3ebf856d060,83.41949,,,7.06206,,,,,,,677a001a-4aeb-4bee-826e-3fb235647512,2025-03-04,19:02:30.12,2025-03-04T14:02:30.1290496-05:00,2025-03-04T19:02:30.1290496Z,,v3,471300,471313,,"Raymond, Andrew",10148052,Right,GEO_PAT,0f47d782-46f9-456f-925c-467cfa84c7e4,54.50353,-123.10392,12.44695,6.39427,-7.90502,-9.17293,0.57454,-0.54675,4.30805,,,,,,,,,,,,,,,,,,,,,,,,,,,,,,,,,,,,,,,,,,,,,,,,,,,High,High,High,,,,,
2,2025-03-04,14:02:43.49,1,2,"Uchman, Ty",1000091702,Left,GEO_PAT,"Egrie, CJ",1000095959,Right,HOL_CRU,Undefined,1,Top,0,1,0,ChangeUp,Changeup,FoulBallNotFieldable,Undefined,Undefined,Undefined,0,0,,76.55994,-1.346357,1.615873,1607.098992,116.981858,10:00,6.18447,-0.85064,6.68262,-37.80435,7.85721,-12.96115,1.80182,-0.45224,71.37205,-8.391213,-0.749038,0.486348,,,,,,,,,,,,7.34768,4.82677,0.74789,50,6.07901,-2.75329,-111.47618,-3.58424,9.35162,17.89475,-26.03087,GEO_PAT,HOL_CRU,SpuhlerFieldMain,D1,A10,20250304-SpuhlerFieldMain-1,411bddf0-f92b-11ef-9e84-f3ebf856d060,77.50101,,,5.18789,,,,,,,677a001a-4aeb-4bee-826e-3fb235647512,2025-03-04,19:02:43.49,2025-03-04T14:02:43.4972672-05:00,2025-03-04T19:02:43.4972672Z,,v3,471300,471313,,"Raymond, Andrew",10148052,Right,GEO_PAT,691799ce-fa4e-4381-8a52-928015ff5072,53.82317,-112.08822,8.94738,6.18637,-2.69393,-13.01544,0.84753,-3.07313,4.67581,,,,,,,,,,,,,,,,,,,,,,,,,,,,,,,,,,,,,,,,,,,,,,,,,,,High,High,High,,,,,
3,2025-03-04,14:03:00.60,1,3,"Uchman, Ty",1000091702,Left,GEO_PAT,"Egrie, CJ",1000095959,Right,HOL_CRU,Undefined,1,Top,0,1,1,Fastball,Changeup,BallCalled,Undefined,Undefined,Undefined,0,0,,84.47891,-2.612851,0.081897,1941.274702,139.668831,10:45,6.37823,-0.80593,5.97436,-22.56064,16.85946,-13.14851,2.07412,-1.82571,76.80993,-6.865446,-2.283029,0.451888,,,,,,,,,,,,6.74197,9.85843,0.80651,50,6.15878,0.35522,-122.51125,-6.24042,10.14662,26.40708,-17.33714,GEO_PAT,HOL_CRU,SpuhlerFieldMain,D1,A10,20250304-SpuhlerFieldMain-1,4b558320-f92b-11ef-9e84-f3ebf856d060,83.41109,,,7.66898,,,,,,,677a001a-4aeb-4bee-826e-3fb235647512,2025-03-04,19:03:00.60,2025-03-04T14:03:00.6026240-05:00,2025-03-04T19:03:00.6026240Z,,v3,471300,471313,,"Raymond, Andrew",10148052,Right,GEO_PAT,50c0cd3a-7710-4508-a1c5-b2f8347d2cd6,54.52528,-123.48281,13.20354,6.37665,-5.60256,-8.66857,0.80031,-0.01809,5.07331,,,,,,,,,,,,,,,,,,,,,,,,,,,,,,,,,,,,,,,,,,,,,,,,,,,High,High,High,,,,,
4,2025-03-04,14:03:14.99,1,4,"Uchman, Ty",1000091702,Left,GEO_PAT,"Egrie, CJ",1000095959,Right,HOL_CRU,Undefined,1,Top,0,2,1,ChangeUp,Changeup,InPlay,Undefined,FlyBall,Out,1,0,,77.48716,-1.147517,2.139768,1831.49042,124.484459,10:15,6.27453,-0.90676,6.54344,-32.53061,12.97674,-16.73387,2.51031,-0.33781,70.98063,-7.27504,-0.901923,0.485526,95.68421,34.614644,-8.75261,3533.634786,109.28997,73.99088,-12.47759,300.37927,294.32225,-3.24638,5.595899,9.45441,7.58445,0.76543,50,6.181,-3.65685,-112.60641,-3.08912,12.09096,21.21084,-22.47451,GEO_PAT,HOL_CRU,SpuhlerFieldMain,D1,A10,20250304-SpuhlerFieldMain-1,53f04560-f92b-11ef-9e84-f3ebf856d060,77.63224,102.93128,,6.50653,,,,2.53211,2.68788,0.31037,677a001a-4aeb-4bee-826e-3fb235647512,2025-03-04,19:03:14.99,2025-03-04T14:03:14.9924352-05:00,2025-03-04T19:03:14.9924352Z,FlyBall,v3,471300,471313,,"Raymond, Andrew",10148052,Right,GEO_PAT,b177b5b5-b978-4c21-8b8b-170b30fde845,53.95956,-113.34979,10.60542,6.27546,-2.30146,-11.23725,0.90102,-4.0806,6.04548,192.582949,2.53488,114.10619,-26.76825,6.26712,-1.22296,0.19497,-0.02515,0.00234,-0.0001,2.69012,79.66126,-17.6379,0.70698,0.12077,-0.09658,0.0267,-0.00342,0.00017,0.31024,-17.57567,7.94194,-2.34252,0.51075,-0.0778,0.00756,-0.00044,1E-05,,,,,,,,,,,,,,,,,,,,,,,High,High,High,High,Medium,,,
5,2025-03-04,14:03:44.10,2,1,"Uchman, Ty",1000091702,Left,GEO_PAT,"Scanlon, Sean",809071,Left,HOL_CRU,Undefined,1,Top,1,0,0,Fastball,Changeup,BallCalled,Undefined,Undefined,Undefined,0,0,,85.48013,-1.387221,0.633028,2020.794491,130.351414,10:15,6.44286,-0.49999,5.91941,-24.74753,13.51217,-14.45091,3.09282,-1.11673,78.15633,-6.019838,-1.963516,0.445187,,,,,,,,,,,,7.5637,7.69595,0.45736,50,6.31765,-0.78357,-124.14125,-3.77184,11.77336,25.44165,-20.19485,GEO_PAT,HOL_CRU,SpuhlerFieldMain,D1,A10,20250304-SpuhlerFieldMain-1,654279a0-f92b-11ef-9e84-f3ebf856d060,84.66658,,,7.3238,,,,,,,677a001a-4aeb-4bee-826e-3fb235647512,2025-03-04,19:03:44.10,2025-03-04T14:03:44.1052160-05:00,2025-03-04T19:03:44.1052160Z,,v3,471300,471313,,"Raymond, Andrew",10148052,Right,GEO_PAT,0df02839-6200-4004-a523-457ed909a2a1,54.58182,-125.07673,12.72083,6.44269,-3.02928,-10.09742,0.49412,-1.21647,5.88668,,,,,,,,,,,,,,,,,,,,,,,,,,,,,,,,,,,,,,,,,,,,,,,,,,,High,High,High,,,,,
6,2025-03-04,14:03:59.81,2,2,"Uchman, Ty",1000091702,Left,GEO_PAT,"Scanlon, Sean",809071,Left,HOL_CRU,Undefined,1,Top,1,1,0,Fastball,Changeup,BallCalled,Undefined,Undefined,Undefined,0,0,,84.82324,-4.024023,1.565254,2050.054751,135.001342,10:30,6.38387,-0.50554,5.86397,-24.10462,14.37761,-13.3017,0.62917,-0.15949,79.04042,-8.465704,-0.823404,0.446479,,,,,,,,,,,,7.27977,8.67174,0.38679,50,6.0427,-2.85848,-123.11584,-9.42038,11.33457,21.13869,-18.67217,GEO_PAT,HOL_CRU,SpuhlerFieldMain,D1,A10,20250304-SpuhlerFieldMain-1,6e94a500-f92b-11ef-9e84-f3ebf856d060,84.42147,,,5.78282,,,,,,,677a001a-4aeb-4bee-826e-3fb235647512,2025-03-04,19:03:59.81,2025-03-04T14:03:59.8113792-05:00,2025-03-04T19:03:59.8113792Z,,v3,471300,471313,,"Raymond, Andrew",10148052,Right,GEO_PAT,a9f528e8-6496-441a-be69-fae2a02af175,54.64144,-123.9102,10.56934,6.38352,-8.71871,-9.33608,0.50221,-3.28442,5.66728,,,,,,,,,,,,,,,,,,,,,,,,,,,,,,,,,,,,,,,,,,,,,,,,,,,High,High,High,,,,,
7,2025-03-04,14:04:17.91,2,3,"Uchman, Ty",1000091702,Left,GEO_PAT,"Scanlon, Sean",809071,Left,HOL_CRU,Undefined,1,Top,1,2,0,ChangeUp,Changeup,StrikeCalled,Undefined,Undefined,Undefined,0,0,,75.43312,-0.398714,2.068374,1557.491014,103.393106,9:30,6.22245,-0.74088,6.44829,-42.6888,4.80587,-14.66143,2.29846,-0.06135,70.23386,-8.314072,-0.593823,0.496014,,,,,,,,,,,,8.24119,2.99311,0.60068,50,6.17477,-3.49955,-109.79292,-1.9118,10.17166,17.40952,-28.47982,GEO_PAT,HOL_CRU,SpuhlerFieldMain,D1,A10,20250304-SpuhlerFieldMain-1,7967cb10-f92b-11ef-9e84-f3ebf856d060,75.9907,,,5.19926,,,,,,,677a001a-4aeb-4bee-826e-3fb235647512,2025-03-04,19:04:17.91,2025-03-04T14:04:17.9155968-05:00,2025-03-04T19:04:17.9155968Z,,v3,471300,471313,,"Raymond, Andrew",10148052,Right,GEO_PAT,62d91ec1-4569-4500-a6df-bad807c0a655,54.05705,-110.43436,8.70476,6.22588,-0.86249,-14.23991,0.73652,-3.87431,5.08583,,,,,,,,,,,,,,,,,,,,,,,,,,,,,,,,,,,,,,,,,,,,,,,,,,,High,High,High,,,,,
8,2025-03-04,14:04:32.09,2,4,"Uchman, Ty",1000091702,Left,GEO_PAT,"Scanlon, Sean",809071,Left,HOL_CRU,Undefined,1,Top,1,2,1,ChangeUp,Changeup,StrikeSwinging,Undefined,Undefined,Undefined,0,0,,76.34714,-0.90675,2.360389,1594.780265,115.432949,9:45,6.26223,-0.91626,6.6329,-38.57841,7.91067,-13.62501,2.21637,0.11074,70.40591,-8.123969,-0.121176,0.490735,,,,,,,,,,,,7.853,4.84551,0.76165,50,6.18504,-4.14061,-111.0073,-2.75468,9.81233,19.61641,-26.11956,GEO_PAT,HOL_CRU,SpuhlerFieldMain,D1,A10,20250304-SpuhlerFieldMain-1,81e08660-f92b-11ef-9e84-f3ebf856d060,76.80816,,,5.94122,,,,,,,677a001a-4aeb-4bee-826e-3fb235647512,2025-03-04,19:04:32.09,2025-03-04T14:04:32.0926208-05:00,2025-03-04T19:04:32.0926208Z,,v3,471300,471313,,"Raymond, Andrew",10148052,Right,GEO_PAT,8052174c-d0f4-49b6-af89-ef921f753efb,53.87055,-111.68918,9.80821,6.26501,-1.84674,-13.05978,0.91151,-4.4817,4.90616,,,,,,,,,,,,,,,,,,,,,,,,,,,,,,,,,,,,,,,,,,,,,,,,,,,High,High,High,,,,,
9,2025-03-04,14:04:45.95,2,5,"Uchman, Ty",1000091702,Left,GEO_PAT,"Scanlon, Sean",809071,Left,HOL_CRU,Undefined,1,Top,1,2,2,ChangeUp,Changeup,StrikeSwinging,Strikeout,Undefined,Undefined,0,0,,76.88788,-2.06425,2.666398,1630.812074,121.506868,10:00,6.28897,-0.72114,6.51993,-34.68573,11.41804,-16.27666,1.50151,0.37088,70.93213,-8.546677,-0.291487,0.488697,,,,,,,,,,,,9.37501,6.97493,0.54237,50,6.12976,-4.68301,-111.70502,-4.9285,11.8584,19.91719,-23.35148,GEO_PAT,HOL_CRU,SpuhlerFieldMain,D1,A10,20250304-SpuhlerFieldMain-1,8a184110-f92b-11ef-9e84-f3ebf856d060,77.12847,,,5.95576,,,,,,,677a001a-4aeb-4bee-826e-3fb235647512,2025-03-04,19:04:45.95,2025-03-04T14:04:45.9540000-05:00,2025-03-04T19:04:45.9540000Z,,v3,471300,471313,,"Raymond, Andrew",10148052,Right,GEO_PAT,1532d7f4-7225-413b-9c6f-5a45809ed849,53.9845,-112.41322,9.95859,6.29025,-4.0982,-11.67574,0.71638,-5.10466,5.9292,,,,,,,,,,,,,,,,,,,,,,,,,,,,,74.09072,,1.819238,,4.55842,1.96177,-0.38199,0.08561,5.29732,-2.69544,,,,0.26491,97.22797,-8.59439,5.34495,17.66426,-12.52675,-2.9461,-38.4529,8.16644,High,High,High,,,High,High,Low
10,2025-03-04,14:05:11.61,3,1,"Uchman, Ty",1000091702,Left,GEO_PAT,"Baillargeon, Chris",809051,Right,HOL_CRU,Undefined,1,Top,2,0,0,Fastball,Changeup,StrikeCalled,Undefined,Undefined,Undefined,0,0,,84.37116,-2.049065,0.398438,2063.848314,141.60409,10:45,6.45903,-0.74664,5.99451,-23.46785,15.84611,-11.51233,2.60355,-1.33675,76.93742,-6.465202,-1.67306,0.451279,,,,,,,,,,,,6.00489,9.13941,0.72137,50,6.28457,-0.39037,-122.4492,-5.06698,9.06423,25.48799,-18.37831,GEO_PAT,HOL_CRU,SpuhlerFieldMain,D1,A10,20250304-SpuhlerFieldMain-1,994f3670-f92b-11ef-9e84-f3ebf856d060,83.52367,,,7.43375,,,,,,,677a001a-4aeb-4bee-826e-3fb235647512,2025-03-04,19:05:11.61,2025-03-04T14:05:11.6122112-05:00,2025-03-04T19:05:11.6122112Z,,v3,471300,471313,,"Raymond, Andrew",10148052,Right,GEO_PAT,5e7a03d9-117f-4a4b-9c96-c1a94c5dee50,54.50552,-123.38347,12.744,6.45796,-4.39332,-9.18916,0.74177,-0.72262,4.53212,,,,,,,,,,,,,,,,,,,,,,,,,,,,,,,,,,,,,,,,,,,,,,,,,,,High,High,High,,,,,
11,2025-03-04,14:05:24.73,3,2,"Uchman, Ty",1000091702,Left,GEO_PAT,"Baillargeon, Chris",809051,Right,HOL_CRU,Undefined,1,Top,2,0,1,ChangeUp,Changeup,StrikeCalled,Undefined,Undefined,Undefined,0,0,,77.50908,-1.424653,2.454747,1659.160891,120.486198,10:00,6.27132,-0.81261,6.73947,-36.40411,8.70693,-12.33469,1.93441,0.40388,71.23071,-8.259163,0.203702,0.483407,,,,,,,,,,,,7.25032,5.44425,0.65532,50,6.16342,-4.43426,-112.64419,-3.73034,9.29044,20.97851,-25.19784,GEO_PAT,HOL_CRU,SpuhlerFieldMain,D1,A10,20250304-SpuhlerFieldMain-1,a1421ff0-f92b-11ef-9e84-f3ebf856d060,77.97251,,,6.27837,,,,,,,677a001a-4aeb-4bee-826e-3fb235647512,2025-03-04,19:05:24.73,2025-03-04T14:05:24.7372800-05:00,2025-03-04T19:05:24.7372800Z,,v3,471300,471313,,"Raymond, Andrew",10148052,Right,GEO_PAT,02a7bfd1-73f8-4ba0-971a-4d7872bff642,53.76338,-113.34291,10.48926,6.27368,-2.8911,-12.59892,0.80817,-4.74368,4.64522,,,,,,,,,,,,,,,,,,,,,,,,,,,,,,,,,,,,,,,,,,,,,,,,,,,High,High,High,,,,,
12,2025-03-04,14:05:39.52,3,3,"Uchman, Ty",1000091702,Left,GEO_PAT,"Baillargeon, Chris",809051,Right,HOL_CRU,Undefined,1,Top,2,0,2,ChangeUp,Changeup,StrikeSwinging,Strikeout,Undefined,Undefined,0,0,,77.71642,-1.177572,2.18223,1726.249312,123.680826,10:00,6.26865,-0.80199,6.47014,-34.58707,11.34056,-14.51497,2.30392,-0.00634,70.39959,-7.698669,-0.453025,0.487762,,,,,,,,,,,,8.27835,6.81166,0.65389,50,6.17045,-3.79324,-112.76676,-3.23138,10.48743,23.59827,-23.54471,GEO_PAT,HOL_CRU,SpuhlerFieldMain,D1,A10,20250304-SpuhlerFieldMain-1,aa0eeeb0-f92b-11ef-9e84-f3ebf856d060,77.27623,,,7.31684,,,,,,,677a001a-4aeb-4bee-826e-3fb235647512,2025-03-04,19:05:39.52,2025-03-04T14:05:39.5250000-05:00,2025-03-04T19:05:39.5250000Z,,v3,471300,471313,,"Raymond, Andrew",10148052,Right,GEO_PAT,78b76b0c-665a-4dd4-9476-2503e90fbd32,54.02976,-113.60692,11.79913,6.27057,-2.39312,-11.77236,0.79559,-4.16662,5.24371,,,,,,,,,,,,,,,,,,,,,,,,,,,,,58.60268,,,1.217334,,,,2.10406,5.08136,0.51264,81.94347,0.29029,42.83993,2.18089,76.49591,-9.23608,5.11682,13.19421,-14.21171,0.49454,34.71254,0.11048,High,High,High,,,High,High,Medium
13,2025-03-04,14:08:53.79,1,1,"Mateffy, Dan",1000307709,Right,HOL_CRU,"Alberti, Lucas",1000145512,Right,GEO_PAT,Undefined,1,Bottom,0,0,0,Fastball,Sinker,BallCalled,Undefined,Undefined,Undefined,0,0,,87.55618,-1.37196,-4.710225,2117.929514,229.589067,1:45,5.87815,1.7785,6.1774,-21.53068,14.90442,16.04788,2.8123,-1.24416,79.5279,-5.453433,-1.827453,0.434442,,,,,,,,,,,,-9.633,8.47044,-1.42922,50,5.76302,9.78924,-126.75609,-3.66979,-15.58902,27.1981,-18.46636,GEO_PAT,HOL_CRU,SpuhlerFieldMain,D1,A10,20250304-SpuhlerFieldMain-1,1db91200-f92c-11ef-9e84-f3ebf856d060,86.76066,,,8.02828,,,,,,,677a001a-4aeb-4bee-826e-3fb235647512,2025-03-04,19:08:53.79,2025-03-04T14:08:53.7907200-05:00,2025-03-04T19:08:53.7907200Z,,v3,471300,471313,,"Coughlin, Van",1000265863,Right,HOL_CRU,1d60aea2-a0cd-4984-b715-1bc8ad2813c5,54.3235,-127.68042,13.59905,5.87707,-3.04221,-9.23318,-1.7709,10.31903,-7.79451,,,,,,,,,,,,,,,,,,,,,,,,,,,,,,,,,,,,,,,,,,,,,,,,,,,High,High,High,,,,,
14,2025-03-04,14:09:11.10,1,2,"Mateffy, Dan",1000307709,Right,HOL_CRU,"Alberti, Lucas",1000145512,Right,GEO_PAT,Undefined,1,Bottom,0,1,0,Fastball,Sinker,StrikeCalled,Undefined,Undefined,Undefined,0,0,,87.38783,-1.835282,-4.354582,2156.895523,222.248855,1:30,5.93866,1.82048,6.18457,-21.00147,15.28509,12.83753,2.48829,-1.13865,80.02495,-5.800862,-2.046806,0.433555,,,,,,,,,,,,-7.80185,8.75556,-1.4973,50,5.78887,9.12804,-126.63258,-4.67798,-12.69791,25.29867,-17.92392,GEO_PAT,HOL_CRU,SpuhlerFieldMain,D1,A10,20250304-SpuhlerFieldMain-1,28216850-f92c-11ef-9e84-f3ebf856d060,86.93809,,,7.36289,,,,,,,677a001a-4aeb-4bee-826e-3fb235647512,2025-03-04,19:09:11.10,2025-03-04T14:09:11.1002624-05:00,2025-03-04T19:09:11.1002624Z,,v3,471300,471313,,"Coughlin, Van",1000265863,Right,HOL_CRU,e70ed920-b161-486f-a6e5-b334500c3e98,54.31714,-127.49215,12.64933,5.93746,-4.06899,-8.96196,-1.81477,9.55947,-6.34896,,,,,,,,,,,,,,,,,,,,,,,,,,,,,,,,,,,,,,,,,,,,,,,,,,,High,High,High,,,,,
15,2025-03-04,14:09:29.11,1,3,"Mateffy, Dan",1000307709,Right,HOL_CRU,"Alberti, Lucas",1000145512,Right,GEO_PAT,Undefined,1,Bottom,0,1,1,Cutter,Slider,BallCalled,Undefined,Undefined,Undefined,0,0,,80.48729,-1.274115,-3.197897,2417.062089,124.952054,10:15,5.70061,2.04773,5.76378,-40.69569,2.81654,-2.06343,1.12135,-1.10384,74.05598,-8.724052,-3.566994,0.474763,,,,,,,,,,,,0.1452,2.19213,-1.78126,50,5.57007,6.60003,-116.72395,-3.92033,0.19985,22.46696,-29.15707,GEO_PAT,HOL_CRU,SpuhlerFieldMain,D1,A10,20250304-SpuhlerFieldMain-1,32e461c0-f92c-11ef-9e84-f3ebf856d060,79.39207,,,6.43131,,,,,,,677a001a-4aeb-4bee-826e-3fb235647512,2025-03-04,19:09:29.11,2025-03-04T14:09:29.1113984-05:00,2025-03-04T19:09:29.1113984Z,,v3,471300,471313,,"Coughlin, Van",1000265863,Right,HOL_CRU,5ca859ae-c45a-409d-a214-0aca46bd0a90,54.73901,-117.63258,11.23348,5.70477,-2.74114,-14.57854,-2.04802,6.59195,0.09992,,,,,,,,,,,,,,,,,,,,,,,,,,,,,,,,,,,,,,,,,,,,,,,,,,,High,High,High,,,,,
16,2025-03-04,14:09:47.90,1,4,"Mateffy, Dan",1000307709,Right,HOL_CRU,"Alberti, Lucas",1000145512,Right,GEO_PAT,Undefined,1,Bottom,0,2,1,Fastball,Sinker,InPlay,Undefined,GroundBall,Out,1,0,,87.70496,-1.468222,-2.968445,2026.204568,234.735681,1:45,5.75914,1.98536,6.18001,-24.20942,11.63249,14.89481,2.38365,0.48275,80.56082,-6.005062,-0.283153,0.430891,62.17724,-35.620718,-29.502179,,,,,5.61096,5.52883,-20.385686,0.045546,-8.54957,6.75229,-1.76843,50,5.6356,6.02205,-127.36765,-4.01291,-14.09266,25.31733,-21.04389,GEO_PAT,HOL_CRU,SpuhlerFieldMain,D1,A10,20250304-SpuhlerFieldMain-1,3e10a450-f92c-11ef-9e84-f3ebf856d060,87.47566,2.42996,,7.14414,,,,2.30775,2.42996,-0.28432,677a001a-4aeb-4bee-826e-3fb235647512,2025-03-04,19:09:47.90,2025-03-04T14:09:47.9055360-05:00,2025-03-04T19:09:47.9055360Z,GroundBall,v3,471300,471313,,"Coughlin, Van",1000265863,Right,HOL_CRU,329aa32c-eb2b-4831-815c-944862663447,54.32372,-128.22422,12.65867,5.75932,-3.30093,-10.52195,-1.98024,6.49885,-7.04633,180,2.30561,64.80936,,,,,,,,2.43172,-53.35221,,,,,,,,-0.28311,-36.67062,,,,,,,,,,,,,,,,,,,,,,,,,,,,,,High,High,High,Low,Low,,,
17,2025-03-04,14:10:31.93,2,1,"Mateffy, Dan",1000307709,Right,HOL_CRU,"Hull, Owen",10054797,Left,GEO_PAT,Undefined,1,Bottom,1,0,0,Fastball,Four-Seam,BallCalled,Undefined,Undefined,Undefined,0,0,,88.75931,-3.389964,-4.258721,2230.176023,212.212265,1:00,5.84592,2.07263,6.34752,-17.32225,17.9769,10.55942,1.26934,-0.97518,80.75459,-6.704849,-2.354593,0.427616,,,,,,,,,,,,-6.83796,10.77237,-1.76772,50,5.59051,9.16124,-128.45076,-8.09174,-11.34361,28.36716,-14.30358,GEO_PAT,HOL_CRU,SpuhlerFieldMain,D1,A10,20250304-SpuhlerFieldMain-1,584ad070-f92c-11ef-9e84-f3ebf856d060,88.14562,,,8.00472,,,,,,,677a001a-4aeb-4bee-826e-3fb235647512,2025-03-04,19:10:31.93,2025-03-04T14:10:31.9330304-05:00,2025-03-04T19:10:31.9330304Z,,v3,471300,471313,,"Coughlin, Van",1000265863,Right,HOL_CRU,1ee2a660-0448-43ca-aefc-b3988f7fff19,54.15562,-129.36523,14.18358,5.84393,-7.63063,-7.15179,-2.06895,9.52693,-5.6718,,,,,,,,,,,,,,,,,,,,,,,,,,,,,,,,,,,,,,,,,,,,,,,,,,,High,High,High,,,,,
18,2025-03-04,14:10:52.47,2,2,"Mateffy, Dan",1000307709,Right,HOL_CRU,"Hull, Owen",10054797,Left,GEO_PAT,Undefined,1,Bottom,1,1,0,Fastball,Sinker,BallCalled,Undefined,Undefined,Undefined,0,0,,87.48615,-1.1566,-2.333271,2157.26217,234.720846,1:45,5.78079,2.04249,6.15806,-23.86907,12.7528,16.17186,2.7221,1.23326,79.03197,-5.67368,0.582982,0.435554,,,,,,,,,,,,-9.02512,7.33965,-1.87285,50,5.68072,4.49912,-126.8771,-3.27983,-14.51127,29.25761,-20.37281,GEO_PAT,HOL_CRU,SpuhlerFieldMain,D1,A10,20250304-SpuhlerFieldMain-1,64779310-f92c-11ef-9e84-f3ebf856d060,86.53916,,,8.45419,,,,,,,677a001a-4aeb-4bee-826e-3fb235647512,2025-03-04,19:10:52.47,2025-03-04T14:10:52.4740096-05:00,2025-03-04T19:10:52.4740096Z,,v3,471300,471313,,"Coughlin, Van",1000265863,Right,HOL_CRU,41ed5969-a75a-496b-b8eb-933049c22f8d,54.34134,-127.87428,14.62881,5.78067,-2.58547,-10.1864,-2.03462,4.99371,-7.25564,,,,,,,,,,,,,,,,,,,,,,,,,,,,,,,,,,,,,,,,,,,,,,,,,,,High,High,High,,,,,
19,2025-03-04,14:11:12.18,2,3,"Mateffy, Dan",1000307709,Right,HOL_CRU,"Hull, Owen",10054797,Left,GEO_PAT,Undefined,1,Bottom,1,2,0,Fastball,Four-Seam,FoulBallNotFieldable,Undefined,Undefined,Undefined,0,0,,86.75457,-1.7443,-2.768114,2193.125985,214.746079,1:15,6.02263,1.88648,5.9389,-19.81048,17.4395,11.23705,2.75115,0.25286,79.04421,-5.49803,-0.752138,0.439273,,,,,,,,,,,,-6.58524,9.82603,-1.67192,50,5.87217,5.62857,-125.82819,-4.41476,-10.51544,26.48469,-16.48367,GEO_PAT,HOL_CRU,SpuhlerFieldMain,D1,A10,20250304-SpuhlerFieldMain-1,70501b30-f92c-11ef-9e84-f3ebf856d060,85.80644,,,7.71037,,,,,,,677a001a-4aeb-4bee-826e-3fb235647512,2025-03-04,19:11:12.18,2025-03-04T14:11:12.1890304-05:00,2025-03-04T19:11:12.1890304Z,,v3,471300,471313,,"Coughlin, Van",1000265863,Right,HOL_CRU,99efcb9d-2584-40f1-90a0-197f56d5a214,54.56295,-126.78498,13.24234,6.0209,-3.81927,-8.24184,-1.88212,6.00845,-5.25772,,,,,,,,,,,,,,,,,,,,,,,,,,,,,,,,,,,,,,,,,,,,,,,,,,,High,High,High,,,,,
20,2025-03-04,14:11:36.48,2,4,"Mateffy, Dan",1000307709,Right,HOL_CRU,"Hull, Owen",10054797,Left,GEO_PAT,Undefined,1,Bottom,1,2,1,Fastball,Sinker,BallCalled,Undefined,Undefined,Undefined,0,0,,87.73821,-3.076829,-5.192484,2153.685922,227.481364,1:30,5.75766,2.03648,6.46564,-21.94426,13.67564,13.71485,1.08845,-1.60315,80.76257,-7.207719,-2.717641,0.429554,,,,,,,,,,,,-8.66516,8.32166,-1.67525,50,5.52943,11.04649,-127.02013,-7.47751,-14.22681,24.81025,-18.51122,GEO_PAT,HOL_CRU,SpuhlerFieldMain,D1,A10,20250304-SpuhlerFieldMain-1,7ec06530-f92c-11ef-9e84-f3ebf856d060,87.74785,,,6.97564,,,,,,,677a001a-4aeb-4bee-826e-3fb235647512,2025-03-04,19:11:36.48,2025-03-04T14:11:36.4800000-05:00,2025-03-04T19:11:36.4800000Z,,v3,471300,471313,,"Coughlin, Van",1000265863,Right,HOL_CRU,bcdbe792-fef1-4589-8553-1b9757a7f4be,54.03953,-127.80671,12.40513,5.75719,-6.89063,-9.25561,-2.03262,11.49754,-7.11341,,,,,,,,,,,,,,,,,,,,,,,,,,,,,,,,,,,,,,,,,,,,,,,,,,,High,High,High,,,,,
21,2025-03-04,14:11:57.77,2,5,"Mateffy, Dan",1000307709,Right,HOL_CRU,"Hull, Owen",10054797,Left,GEO_PAT,Undefined,1,Bottom,1,3,1,Fastball,Four-Seam,InPlay,Undefined,GroundBall,Out,1,0,,88.10183,-1.558382,-3.308423,2094.253558,215.028188,1:15,5.77774,2.08585,6.19822,-20.72139,14.58359,9.50949,2.60951,-0.1794,81.35901,-5.454497,-1.595392,0.427651,98.09436,-4.398988,-7.69883,,,,,24.6155,23.55791,-7.462407,0.167975,-5.78154,8.27374,-1.84143,50,5.64962,7.02764,-127.9606,-4.10296,-9.68449,23.86272,-18.31493,GEO_PAT,HOL_CRU,SpuhlerFieldMain,D1,A10,20250304-SpuhlerFieldMain-1,8b78c600-f92c-11ef-9e84-f3ebf856d060,88.13833,2.58646,,6.74282,,,,1.28385,2.58646,0.19166,677a001a-4aeb-4bee-826e-3fb235647512,2025-03-04,19:11:57.77,2025-03-04T14:11:57.7737728-05:00,2025-03-04T19:11:57.7737728Z,GroundBall,v3,471300,471313,,"Coughlin, Van",1000265863,Right,HOL_CRU,af3e8765-8fb9-4433-b7d8-bdc1851d1de8,54.30562,-128.76103,11.93136,5.77694,-3.48863,-9.15746,-2.08261,7.35249,-4.84224,37.163473,1.28474,142.08456,-26.41083,,,,,,,2.58763,-11.12784,-25.50299,,,,,,,0.19219,-19.25937,-5.4787,,,,,,,,,,,,,,,,,,,,,,,,,,,,,High,High,High,High,High,,,
22,2025-03-04,14:12:37.67,3,1,"Mateffy, Dan",1000307709,Right,HOL_CRU,"Quinn-Irons, Jaime",1000216379,Right,GEO_PAT,Undefined,1,Bottom,2,0,0,Fastball,Four-Seam,BallCalled,Undefined,Undefined,Undefined,0,0,,88.94589,-1.40823,-4.355401,2123.711326,218.379061,1:15,5.86189,1.73591,6.23672,-20.76056,13.64548,10.08386,2.8287,-1.44948,82.68416,-5.294641,-2.541421,0.422171,,,,,,,,,,,,-6.22217,7.69981,-1.41532,50,5.74598,9.43902,-129.12918,-3.81072,-10.70283,22.16212,-18.92954,GEO_PAT,HOL_CRU,SpuhlerFieldMain,D1,A10,20250304-SpuhlerFieldMain-1,a3477060-f92c-11ef-9e84-f3ebf856d060,89.28231,,,6.26174,,,,,,,677a001a-4aeb-4bee-826e-3fb235647512,2025-03-04,19:12:37.67,2025-03-04T14:12:37.6729600-05:00,2025-03-04T19:12:37.6729600Z,,v3,471300,471313,,"Coughlin, Van",1000265863,Right,HOL_CRU,5da4c6cd-4956-4c72-8f34-714b62f12061,54.26731,-129.8595,11.08106,5.86128,-3.18692,-9.46477,-1.73218,9.79172,-5.35142,,,,,,,,,,,,,,,,,,,,,,,,,,,,,,,,,,,,,,,,,,,,,,,,,,,High,High,High,,,,,
23,2025-03-04,14:12:56.05,3,2,"Mateffy, Dan",1000307709,Right,HOL_CRU,"Quinn-Irons, Jaime",1000216379,Right,GEO_PAT,Undefined,1,Bottom,2,1,0,Cutter,Slider,FoulBallNotFieldable,Undefined,Undefined,Undefined,0,0,,81.39848,-1.363181,-3.456071,2385.863647,224.498029,1:30,5.60324,2.12874,5.89772,-37.09093,4.98162,3.65768,1.24416,-0.77909,75.21727,-8.176809,-2.800403,0.466843,,,,,,,,,,,,-2.81492,3.25606,-1.85239,50,5.47167,6.99832,-118.12021,-3.99121,-3.99382,21.60809,-27.55434,GEO_PAT,HOL_CRU,SpuhlerFieldMain,D1,A10,20250304-SpuhlerFieldMain-1,ae37bb60-f92c-11ef-9e84-f3ebf856d060,80.73902,,,6.18121,,,,,,,677a001a-4aeb-4bee-826e-3fb235647512,2025-03-04,19:12:56.05,2025-03-04T14:12:56.0564224-05:00,2025-03-04T19:12:56.0564224Z,,v3,471300,471313,,"Coughlin, Van",1000265863,Right,HOL_CRU,af698b5c-7b4d-4f40-bcfa-8864ce5aad68,54.60642,-118.95989,10.80405,5.60596,-2.92046,-13.77717,-2.12736,7.15352,-1.99691,,,,,,,,,,,,,,,,,,,,,,,,,,,,,,,,,,,,,,,,,,,,,,,,,,,High,High,High,,,,,
24,2025-03-04,14:13:18.12,3,3,"Mateffy, Dan",1000307709,Right,HOL_CRU,"Quinn-Irons, Jaime",1000216379,Right,GEO_PAT,Undefined,1,Bottom,2,1,1,Fastball,Sinker,BallCalled,Undefined,Undefined,Undefined,0,0,,88.09161,-3.280579,-2.852992,2139.864411,231.179924,1:45,5.68315,2.00805,6.12312,-20.84359,14.65363,16.90902,0.90619,0.77735,81.43906,-7.18017,0.193577,0.428814,,,,,,,,,,,,-9.59599,8.75119,-1.79871,50,5.42041,5.72524,-127.85611,-7.96969,-16.02347,24.20035,-17.56123,GEO_PAT,HOL_CRU,SpuhlerFieldMain,D1,A10,20250304-SpuhlerFieldMain-1,bb58c910-f92c-11ef-9e84-f3ebf856d060,87.89934,,,6.65255,,,,,,,677a001a-4aeb-4bee-826e-3fb235647512,2025-03-04,19:13:18.12,2025-03-04T14:13:18.1296640-05:00,2025-03-04T19:13:18.1296640Z,,v3,471300,471313,,"Coughlin, Van",1000265863,Right,HOL_CRU,71b31524-d872-4ca8-8b6b-bf8a43bd5ead,54.38249,-128.68295,12.10017,5.68245,-7.36969,-8.78062,-2.00367,6.2727,-8.01174,,,,,,,,,,,,,,,,,,,,,,,,,,,,,,,,,,,,,,,,,,,,,,,,,,,High,High,High,,,,,
25,2025-03-04,14:13:39.08,3,4,"Mateffy, Dan",1000307709,Right,HOL_CRU,"Quinn-Irons, Jaime",1000216379,Right,GEO_PAT,Undefined,1,Bottom,2,2,1,Cutter,Slider,FoulBallNotFieldable,Undefined,Undefined,Undefined,0,0,,80.30443,-1.306914,-2.224746,2389.221242,228.824961,1:45,5.66773,2.00109,5.88661,-39.88439,3.71044,2.59984,1.12926,0.15073,73.57055,-8.650199,-1.757763,0.475214,,,,,,,,,,,,-2.01646,2.63343,-1.82306,50,5.53886,4.43283,-116.54958,-3.90984,-2.75393,23.35781,-28.5775,GEO_PAT,HOL_CRU,SpuhlerFieldMain,D1,A10,20250304-SpuhlerFieldMain-1,c7dab090-f92c-11ef-9e84-f3ebf856d060,79.31683,,,6.73389,,,,,,,677a001a-4aeb-4bee-826e-3fb235647512,2025-03-04,19:13:39.08,2025-03-04T14:13:39.0801408-05:00,2025-03-04T19:13:39.0801408Z,,v3,471300,471313,,"Coughlin, Van",1000265863,Right,HOL_CRU,67718d04-4b67-41c2-8d6f-51dcc688124a,54.61717,-117.47126,11.6789,5.67089,-2.78219,-14.28875,-2.00012,4.5415,-1.37697,,,,,,,,,,,,,,,,,,,,,,,,,,,,,,,,,,,,,,,,,,,,,,,,,,,High,High,High,,,,,
26,2025-03-04,14:14:06.03,3,5,"Mateffy, Dan",1000307709,Right,HOL_CRU,"Quinn-Irons, Jaime",1000216379,Right,GEO_PAT,Undefined,1,Bottom,2,2,2,Cutter,Slider,InPlay,Undefined,LineDrive,Out,1,0,,81.31406,0.162153,-3.038173,2229.957378,225.146938,1:30,5.62247,2.02151,5.8395,-37.4412,4.2163,3.16095,2.6533,-0.54157,75.87233,-6.700447,-2.472301,0.464535,101.32938,12.336858,12.005524,4039.500949,105.12147,21.4114,32.39303,255.69525,248.43442,24.697062,2.790445,-2.31866,2.42681,-1.77556,50,5.61319,6.15726,-118.21883,-0.87195,-3.34145,18.66575,-28.67671,GEO_PAT,HOL_CRU,SpuhlerFieldMain,D1,A10,20250304-SpuhlerFieldMain-1,d7eebf80-f92c-11ef-9e84-f3ebf856d060,81.14021,23.60556,,5.44173,,,,1.85118,2.71089,0.54396,677a001a-4aeb-4bee-826e-3fb235647512,2025-03-04,19:14:06.03,2025-03-04T14:14:06.0311552-05:00,2025-03-04T19:14:06.0311552Z,LineDrive,v3,471300,471313,,"Coughlin, Van",1000265863,Right,HOL_CRU,0130641a-3ff0-4e0f-8c86-4153e97b9697,54.66566,-118.95322,9.33288,5.6253,0.25632,-14.33835,-2.0204,6.28873,-1.67073,234.982357,1.85118,142.00862,-35.20562,8.17817,-1.76751,0.33085,-0.05279,0.00607,-0.00034,2.71088,31.75365,-11.75197,-0.70147,0.51836,-0.16831,0.03871,-0.00531,0.00032,0.54393,30.20058,9.93205,-5.4412,1.92349,-0.5308,0.11077,-0.01493,0.00094,,,,,,,,,,,,,,,,,,,,,,,High,High,High,High,High,,,
27,2025-03-04,14:16:16.39,1,1,"Uchman, Ty",1000091702,Left,GEO_PAT,"Royer, Gianni",10102058,Right,HOL_CRU,Undefined,2,Top,0,0,0,Fastball,Changeup,BallCalled,Undefined,Undefined,Undefined,0,0,,83.38059,-0.544487,0.055624,1956.000279,133.943899,10:30,6.50831,-0.7804,5.73286,-23.70206,17.55788,-16.59099,4.02604,-2.11118,74.75331,-5.04402,-2.913007,0.462312,,,,,,,,,,,,8.34402,9.53776,0.78556,50,6.44869,0.58576,-120.81245,-1.83709,12.06542,28.28251,-18.38248,GEO_PAT,HOL_CRU,SpuhlerFieldMain,D1,A10,20250304-SpuhlerFieldMain-1,258b1090-f92d-11ef-9e84-f3ebf856d060,81.53024,,,8.62729,,,,,,,677a001a-4aeb-4bee-826e-3fb235647512,2025-03-04,19:16:16.39,2025-03-04T14:16:16.3970560-05:00,2025-03-04T19:16:16.3970560Z,,v3,471300,471313,,"Raymond, Andrew",10148052,Right,GEO_PAT,21cc1147-78ec-4e8e-b79d-1c2b3c3aa0cc,54.7636,-121.92252,14.14126,6.50664,-1.11559,-9.19124,0.77186,0.1122,6.03271,,,,,,,,,,,,,,,,,,,,,,,,,,,,,,,,,,,,,,,,,,,,,,,,,,,High,High,High,,,,,
28,2025-03-04,14:16:28.91,1,2,"Uchman, Ty",1000091702,Left,GEO_PAT,"Royer, Gianni",10102058,Right,HOL_CRU,Undefined,2,Top,0,1,0,ChangeUp,Changeup,BallCalled,Undefined,Undefined,Undefined,0,0,,76.02211,-0.117333,1.045764,1688.335254,123.094312,10:00,6.48721,-0.76802,6.60716,-35.23793,11.70741,-15.72607,3.44322,-1.12044,69.85827,-6.750643,-1.816803,0.493137,,,,,,,,,,,,8.51697,6.65752,0.70238,50,6.4647,-1.49846,-110.57348,-1.11762,10.5463,19.68441,-23.93025,GEO_PAT,HOL_CRU,SpuhlerFieldMain,D1,A10,20250304-SpuhlerFieldMain-1,2d0a9ed0-f92d-11ef-9e84-f3ebf856d060,76.434,,,6.16384,,,,,,,677a001a-4aeb-4bee-826e-3fb235647512,2025-03-04,19:16:28.91,2025-03-04T14:16:28.9103360-05:00,2025-03-04T19:16:28.9103360Z,,v3,471300,471313,,"Raymond, Andrew",10148052,Right,GEO_PAT,657acfce-3fed-471f-a1af-7897e1fffaa0,53.89431,-111.26459,9.8422,6.48919,-0.27744,-11.96513,0.76149,-1.86874,5.27315,,,,,,,,,,,,,,,,,,,,,,,,,,,,,,,,,,,,,,,,,,,,,,,,,,,High,High,High,,,,,
29,2025-03-04,14:16:43.68,1,3,"Uchman, Ty",1000091702,Left,GEO_PAT,"Royer, Gianni",10102058,Right,HOL_CRU,Undefined,2,Top,0,2,0,Fastball,Changeup,StrikeCalled,Undefined,Undefined,Undefined,0,0,,82.01072,-2.121429,1.580759,1995.264325,135.771696,10:30,6.49109,-0.74404,5.86587,-26.31836,15.48355,-13.70875,2.32545,-0.41755,74.89371,-7.044301,-0.879804,0.465339,,,,,,,,,,,,7.44473,8.95693,0.62375,50,6.30378,-2.74255,-118.97042,-5.19015,10.62083,23.80813,-19.39589,GEO_PAT,HOL_CRU,SpuhlerFieldMain,D1,A10,20250304-SpuhlerFieldMain-1,35f04cc0-f92d-11ef-9e84-f3ebf856d060,80.99994,,,7.11701,,,,,,,677a001a-4aeb-4bee-826e-3fb235647512,2025-03-04,19:16:43.68,2025-03-04T14:16:43.6873728-05:00,2025-03-04T19:16:43.6873728Z,,v3,471300,471313,,"Raymond, Andrew",10148052,Right,GEO_PAT,9f691158-a35b-4809-87a5-e570e7f43915,54.6346,-119.8943,11.90407,6.49058,-4.43749,-9.69795,0.73817,-3.1547,5.31041,,,,,,,,,,,,,,,,,,,,,,,,,,,,,,,,,,,,,,,,,,,,,,,,,,,High,High,High,,,,,
30,2025-03-04,14:16:57.00,1,4,"Uchman, Ty",1000091702,Left,GEO_PAT,"Royer, Gianni",10102058,Right,HOL_CRU,Undefined,2,Top,0,2,1,ChangeUp,Changeup,StrikeSwinging,Undefined,Undefined,Undefined,0,0,,75.15167,-1.192542,2.463478,1610.779419,120.069982,10:00,6.34932,-0.77346,6.53972,-38.10195,10.5965,-15.40572,2.07915,0.20371,68.59006,-8.347616,-0.337371,0.50226,,,,,,,,,,,,8.86733,6.41709,0.60886,50,6.25036,-4.19614,-109.11924,-3.24219,10.58281,21.0218,-24.5155,GEO_PAT,HOL_CRU,SpuhlerFieldMain,D1,A10,20250304-SpuhlerFieldMain-1,3de1afa0-f92d-11ef-9e84-f3ebf856d060,75.04561,,,6.56161,,,,,,,677a001a-4aeb-4bee-826e-3fb235647512,2025-03-04,19:16:57.00,2025-03-04T14:16:57.0064896-05:00,2025-03-04T19:16:57.0064896Z,,v3,471300,471313,,"Raymond, Andrew",10148052,Right,GEO_PAT,cf037c85-b998-4026-baa6-442392fb33da,53.96219,-109.8799,10.5109,6.35163,-2.35511,-12.25775,0.76762,-4.57908,5.29141,,,,,,,,,,,,,,,,,,,,,,,,,,,,,,,,,,,,,,,,,,,,,,,,,,,High,High,High,,,,,
31,2025-03-04,14:17:10.59,1,5,"Uchman, Ty",1000091702,Left,GEO_PAT,"Royer, Gianni",10102058,Right,HOL_CRU,Undefined,2,Top,0,2,2,ChangeUp,Changeup,FoulBallNotFieldable,Undefined,Undefined,Undefined,0,0,,75.10786,-1.306953,2.217363,1683.159005,113.755464,9:45,6.38932,-0.66861,6.62499,-39.22254,9.32741,-17.42883,1.92284,-0.08946,68.65939,-8.668279,-0.958115,0.501494,,,,,,,,,,,,9.89784,5.79063,0.52488,50,6.28461,-3.67118,-109.10559,-3.4784,11.81335,20.96195,-25.26276,GEO_PAT,HOL_CRU,SpuhlerFieldMain,D1,A10,20250304-SpuhlerFieldMain-1,45f5b5b0-f92d-11ef-9e84-f3ebf856d060,75.16028,,,6.44848,,,,,,,677a001a-4aeb-4bee-826e-3fb235647512,2025-03-04,19:17:10.59,2025-03-04T14:17:10.5930752-05:00,2025-03-04T19:17:10.5930752Z,,v3,471300,471313,,"Raymond, Andrew",10148052,Right,GEO_PAT,5e03c968-5676-4d55-aa4b-8b3501f249a8,53.87766,-109.84806,10.48097,6.39197,-2.5836,-12.63138,0.66232,-4.08961,5.90668,,,,,,,,,,,,,,,,,,,,,,,,,,,,,,,,,,,,,,,,,,,,,,,,,,,High,High,High,,,,,
32,2025-03-04,14:17:36.54,1,6,"Uchman, Ty",1000091702,Left,GEO_PAT,"Royer, Gianni",10102058,Right,HOL_CRU,Undefined,2,Top,0,2,2,Fastball,Changeup,InPlay,Undefined,FlyBall,Out,1,0,,84.24546,-2.475383,0.968311,2023.823546,145.96815,10:45,6.55329,-0.64737,5.79832,-20.80655,19.29328,-12.03823,2.51512,-0.74977,76.12416,-6.425034,-1.189333,0.455767,88.48165,42.121756,27.376368,3902.10973,91.13032,91.15511,61.60572,269.65324,145.45518,41.052757,5.432184,6.44839,11.05914,0.57502,50,6.33741,-1.57216,-122.07788,-5.86877,9.58693,27.3585,-15.7322,GEO_PAT,HOL_CRU,SpuhlerFieldMain,D1,A10,20250304-SpuhlerFieldMain-1,5568a2a0-f92d-11ef-9e84-f3ebf856d060,82.70117,105.88725,,8.12129,,,,0.68213,2.45548,0.40835,677a001a-4aeb-4bee-826e-3fb235647512,2025-03-04,19:17:36.54,2025-03-04T14:17:36.5401088-05:00,2025-03-04T19:17:36.5401088Z,FlyBall,v3,471300,471313,,"Raymond, Andrew",10148052,Right,GEO_PAT,d83b30f1-abfd-4930-a307-69a83cdc588d,54.70132,-123.12697,13.67925,6.55089,-5.2655,-7.8661,0.64235,-1.93978,4.79346,205.237492,0.69063,85.29622,-25.11848,6.32753,-0.78279,-0.09898,0.05497,-0.00779,0.00038,2.44771,87.17668,-21.24089,1.585,-0.24996,0.0301,0.00482,-0.0018,0.00013,0.40803,44.26843,-3.20949,-0.0464,0.17299,-0.05264,0.00872,-0.0008,3E-05,,,,,,,,,,,,,,,,,,,,,,,High,High,High,High,Low,,,
33,2025-03-04,14:18:08.16,2,1,"Uchman, Ty",1000091702,Left,GEO_PAT,"King, Jimmy",1000119823,Right,HOL_CRU,Undefined,2,Top,1,0,0,Fastball,Changeup,StrikeCalled,Undefined,Undefined,Undefined,0,0,,84.09744,-2.192663,0.664705,2047.995414,145.011573,10:45,6.59088,-0.55472,5.8346,-19.84753,20.61222,-13.32965,2.89762,-1.04762,75.42049,-5.996418,-1.725696,0.457808,,,,,,,,,,,,6.96961,11.68768,0.50809,50,6.4004,-0.85636,-121.78627,-5.19398,10.23886,28.78877,-15.00399,GEO_PAT,HOL_CRU,SpuhlerFieldMain,D1,A10,20250304-SpuhlerFieldMain-1,68278640-f92d-11ef-9e84-f3ebf856d060,82.33249,,,8.67696,,,,,,,677a001a-4aeb-4bee-826e-3fb235647512,2025-03-04,19:18:08.16,2025-03-04T14:18:08.1647616-05:00,2025-03-04T19:18:08.1647616Z,,v3,471300,471313,,"Raymond, Andrew",10148052,Right,GEO_PAT,4e2f56af-7fcb-4770-97ca-63d76a312c65,54.6624,-122.88346,14.39438,6.58746,-4.62216,-7.50199,0.54817,-1.24657,5.11943,,,,,,,,,,,,,,,,,,,,,,,,,,,,,,,,,,,,,,,,,,,,,,,,,,,High,High,High,,,,,
34,2025-03-04,14:18:23.27,2,2,"Uchman, Ty",1000091702,Left,GEO_PAT,"King, Jimmy",1000119823,Right,HOL_CRU,Undefined,2,Top,1,0,1,Fastball,Changeup,StrikeSwinging,Undefined,Undefined,Undefined,0,0,,84.77234,-2.818257,1.32625,2019.26753,150.477421,11:00,6.50067,-0.56438,5.92661,-21.12493,18.27922,-9.53941,2.12229,-0.12844,76.69816,-6.824145,-0.387615,0.451796,,,,,,,,,,,,5.32488,10.6919,0.46374,50,6.2632,-2.46188,-122.83619,-6.64781,8.02047,27.55179,-16.06968,GEO_PAT,HOL_CRU,SpuhlerFieldMain,D1,A10,20250304-SpuhlerFieldMain-1,7140ee60-f92d-11ef-9e84-f3ebf856d060,83.42799,,,8.07418,,,,,,,677a001a-4aeb-4bee-826e-3fb235647512,2025-03-04,19:18:23.27,2025-03-04T14:18:23.2713216-05:00,2025-03-04T19:18:23.2713216Z,,v3,471300,471313,,"Raymond, Andrew",10148052,Right,GEO_PAT,5a9dc82d-7e44-4c29-82bd-a10ed68a6cf3,54.57359,-123.85779,13.77589,6.49865,-6.05196,-8.03484,0.56054,-2.75928,4.01023,,,,,,,,,,,,,,,,,,,,,,,,,,,,,,,,,,,,,,,,,,,,,,,,,,,High,High,High,,,,,
35,2025-03-04,14:18:38.08,2,3,"Uchman, Ty",1000091702,Left,GEO_PAT,"King, Jimmy",1000119823,Right,HOL_CRU,Undefined,2,Top,1,0,2,ChangeUp,Changeup,StrikeSwinging,Strikeout,Undefined,Undefined,0,0,,77.55497,-2.519101,0.843449,1713.994976,111.953333,9:45,6.25511,-0.83499,6.23692,-40.48797,5.32748,-9.69934,0.55545,-0.86512,71.77533,-9.980898,-0.914147,0.487167,,,,,,,,,,,,5.325,3.85418,0.77697,50,6.04685,-1.33284,-112.68419,-6.11268,6.8464,20.48541,-27.2187,GEO_PAT,HOL_CRU,SpuhlerFieldMain,D1,A10,20250304-SpuhlerFieldMain-1,7a18e0b0-f92d-11ef-9e84-f3ebf856d060,77.37073,,,5.77964,,,,,,,677a001a-4aeb-4bee-826e-3fb235647512,2025-03-04,19:18:38.08,2025-03-04T14:18:38.0802048-05:00,2025-03-04T19:18:38.0802048Z,,v3,471300,471313,,"Raymond, Andrew",10148052,Right,GEO_PAT,695833cf-08ce-417d-b89d-79b5ac6e9eed,54.26718,-113.45729,10.2427,6.25815,-5.08548,-13.60935,0.83214,-1.59121,3.4232,,,,,,,,,,,,,,,,,,,,,,,,,,,,,,,,,,,,,,,,,,,,,,,,,,,High,High,High,,,,,
36,2025-03-04,14:19:05.71,3,1,"Uchman, Ty",1000091702,Left,GEO_PAT,"Lafleur, John",10148726,Left,HOL_CRU,Undefined,2,Top,2,0,0,Fastball,Four-Seam,StrikeSwinging,Undefined,Undefined,Undefined,0,0,,84.41604,-1.688631,1.998791,2060.492394,158.503528,11:15,6.508,-0.48141,5.92407,-19.30422,20.42277,-7.47422,3.3309,0.75133,76.17832,-5.387283,0.657474,0.453643,,,,,,,,,,,,4.44744,11.40245,0.32552,50,6.36188,-3.96481,-122.33919,-4.12371,6.64594,27.29007,-15.13508,GEO_PAT,HOL_CRU,SpuhlerFieldMain,D1,A10,20250304-SpuhlerFieldMain-1,8a75df80-f92d-11ef-9e84-f3ebf856d060,83.08834,,,8.23773,,,,,,,677a001a-4aeb-4bee-826e-3fb235647512,2025-03-04,19:19:05.71,2025-03-04T14:19:05.7153024-05:00,2025-03-04T19:19:05.7153024Z,,v3,471300,471313,,"Raymond, Andrew",10148052,Right,GEO_PAT,5a169e65-5657-4f78-b8d1-f7aadba96bdc,54.57445,-123.35539,13.64504,6.50494,-3.56012,-7.56754,0.47776,-4.21229,3.32297,,,,,,,,,,,,,,,,,,,,,,,,,,,,,,,,,,,,,,,,,,,,,,,,,,,High,High,High,,,,,
37,2025-03-04,14:19:19.39,3,2,"Uchman, Ty",1000091702,Left,GEO_PAT,"Lafleur, John",10148726,Left,HOL_CRU,Undefined,2,Top,2,0,1,Fastball,Changeup,BallCalled,Undefined,Undefined,Undefined,0,0,,83.88499,-0.604556,1.305487,1957.132686,142.57279,10:45,6.5862,-0.38993,5.89675,-23.92155,16.08328,-11.25977,4.03127,-0.11595,76.10139,-5.122547,-0.715555,0.455227,,,,,,,,,,,,6.12067,8.81158,0.29109,50,6.52387,-2.31577,-121.72342,-1.98788,9.10502,25.78817,-19.06606,GEO_PAT,HOL_CRU,SpuhlerFieldMain,D1,A10,20250304-SpuhlerFieldMain-1,929f9070-f92d-11ef-9e84-f3ebf856d060,82.79929,,,7.78361,,,,,,,677a001a-4aeb-4bee-826e-3fb235647512,2025-03-04,19:19:19.39,2025-03-04T14:19:19.3901568-05:00,2025-03-04T19:19:19.3901568Z,,v3,471300,471313,,"Raymond, Andrew",10148052,Right,GEO_PAT,5e53b5a4-9135-4b87-b06c-4803c1fc7274,54.6025,-122.69462,12.89409,6.58522,-1.26984,-9.53303,0.38476,-2.65868,4.55251,,,,,,,,,,,,,,,,,,,,,,,,,,,,,,,,,,,,,,,,,,,,,,,,,,,High,High,High,,,,,
38,2025-03-04,14:19:34.35,3,3,"Uchman, Ty",1000091702,Left,GEO_PAT,"Lafleur, John",10148726,Left,HOL_CRU,Undefined,2,Top,2,1,1,ChangeUp,Changeup,BallCalled,Undefined,Undefined,Undefined,0,0,,76.59597,-2.659259,2.900966,1647.388857,114.493251,9:45,6.27755,-0.67594,6.32647,-37.92293,9.57142,-17.30678,0.66334,0.55578,69.90162,-9.721403,-0.234383,0.496012,,,,,,,,,,,,10.00331,6.29181,0.47214,50,6.065,-5.04706,-111.037,-6.18915,12.32671,22.28949,-24.4209,GEO_PAT,HOL_CRU,SpuhlerFieldMain,D1,A10,20250304-SpuhlerFieldMain-1,9ba82fb0-f92d-11ef-9e84-f3ebf856d060,75.99093,,,6.69434,,,,,,,677a001a-4aeb-4bee-826e-3fb235647512,2025-03-04,19:19:34.35,2025-03-04T14:19:34.3541760-05:00,2025-03-04T19:19:34.3541760Z,,v3,471300,471313,,"Raymond, Andrew",10148052,Right,GEO_PAT,a6dc8c75-50ab-4b3a-8166-511c2c6bed73,54.17628,-111.8722,11.14475,6.27977,-5.27408,-12.21045,0.66991,-5.50895,6.16335,,,,,,,,,,,,,,,,,,,,,,,,,,,,,,,,,,,,,,,,,,,,,,,,,,,High,High,High,,,,,
39,2025-03-04,14:19:51.79,3,4,"Uchman, Ty",1000091702,Left,GEO_PAT,"Lafleur, John",10148726,Left,HOL_CRU,Undefined,2,Top,2,2,1,ChangeUp,Changeup,BallCalled,Undefined,Undefined,Undefined,0,0,,75.94466,-1.391599,3.661485,1618.098168,122.533371,10:00,6.38048,-0.64811,6.69047,-36.72317,9.75056,-13.27024,2.04461,1.59941,70.78022,-8.241867,1.24652,0.490654,,,,,,,,,,,,7.89489,5.89752,0.4085,50,6.2728,-6.64892,-110.38256,-3.6151,9.87718,17.06743,-24.79574,GEO_PAT,HOL_CRU,SpuhlerFieldMain,D1,A10,20250304-SpuhlerFieldMain-1,a60f4d80-f92d-11ef-9e84-f3ebf856d060,76.82085,,,5.16444,,,,,,,677a001a-4aeb-4bee-826e-3fb235647512,2025-03-04,19:19:51.79,2025-03-04T14:19:51.7943296-05:00,2025-03-04T19:19:51.7943296Z,,v3,471300,471313,,"Raymond, Andrew",10148052,Right,GEO_PAT,58e7f3dc-b0b7-461a-86da-494babc80ac9,53.8136,-110.97066,8.53372,6.38264,-2.76071,-12.39787,0.64347,-6.98926,4.93859,,,,,,,,,,,,,,,,,,,,,,,,,,,,,,,,,,,,,,,,,,,,,,,,,,,High,High,High,,,,,
40,2025-03-04,14:20:06.57,3,5,"Uchman, Ty",1000091702,Left,GEO_PAT,"Lafleur, John",10148726,Left,HOL_CRU,Undefined,2,Top,2,3,1,Fastball,Changeup,StrikeSwinging,Undefined,Undefined,Undefined,0,0,,83.63759,-1.804945,0.893031,2041.366596,127.538832,10:15,6.49798,-0.45296,5.98501,-28.4123,11.75264,-13.4895,2.4565,-0.74925,76.07943,-7.115502,-1.534942,0.456137,,,,,,,,,,,,7.23433,7.00248,0.38997,50,6.33974,-1.3673,-121.3761,-4.69235,10.67832,26.09434,-21.83795,GEO_PAT,HOL_CRU,SpuhlerFieldMain,D1,A10,20250304-SpuhlerFieldMain-1,aed23130-f92d-11ef-9e84-f3ebf856d060,82.63408,,,7.55815,,,,,,,677a001a-4aeb-4bee-826e-3fb235647512,2025-03-04,19:20:06.57,2025-03-04T14:20:06.5785856-05:00,2025-03-04T19:20:06.5785856Z,,v3,471300,471313,,"Raymond, Andrew",10148052,Right,GEO_PAT,70820989-e0e8-475d-85bf-01b4995bbe1a,54.51654,-122.34324,13.04717,6.49866,-3.88296,-10.91898,0.44798,-1.76307,5.33916,,,,,,,,,,,,,,,,,,,,,,,,,,,,,,,,,,,,,,,,,,,,,,,,,,,High,High,High,,,,,
41,2025-03-04,14:20:23.17,3,6,"Uchman, Ty",1000091702,Left,GEO_PAT,"Lafleur, John",10148726,Left,HOL_CRU,Undefined,2,Top,3,3,2,Fastball,Changeup,InPlay,Undefined,GroundBall,Error,0,0," 1-4 PO",84.43882,-1.067979,1.840356,2015.589469,128.545374,10:15,6.46065,-0.64547,6.02063,-26.71907,12.27627,-13.85442,3.24418,-0.0947,77.32371,-6.066223,-0.652621,0.449446,62.94329,4.504234,-10.502842,2607.565209,,,,56.67117,55.93674,-12.955739,0.638251,7.68615,6.98863,0.5089,50,6.36231,-3.40581,-122.65665,-3.10284,11.69914,24.4564,-21.53659,GEO_PAT,HOL_CRU,SpuhlerFieldMain,D1,A10,20250304-SpuhlerFieldMain-1,b8bca4f0-f92d-11ef-9e84-f3ebf856d060,83.8642,3.91642,,7.11511,,,,2.02614,3.26822,0.09797,677a001a-4aeb-4bee-826e-3fb235647512,2025-03-04,19:20:23.17,2025-03-04T14:20:23.1702016-05:00,2025-03-04T19:20:23.1702016Z,GroundBall,v3,471300,471313,,"Raymond, Andrew",10148052,Right,GEO_PAT,466a0b86-4c0a-42dd-b87b-50140f5ece3a,54.48232,-123.54714,12.2282,6.46102,-2.31866,-10.7683,0.64067,-3.83179,5.84957,66.560797,2.03571,90.28672,-10.90326,,,,,,,3.28938,6.80391,-18.78406,,,,,,,0.11506,-17.13861,-4.65862,,,,,,,,,,,,,,,,,,,,,,,,,,,,,High,High,High,High,High,,,
42,2025-03-04,14:26:09.36,1,1,"Mateffy, Dan",1000307709,Right,HOL_CRU,"Butler, Jake",1000176047,Right,GEO_PAT,Undefined,2,Bottom,0,0,0,Cutter,Slider,FoulBallNotFieldable,Undefined,Undefined,Undefined,0,0,,79.93934,-0.011715,-1.307002,2223.695452,216.326039,1:15,5.75072,2.31284,5.69415,-40.07203,3.87957,1.85866,2.40047,1.2494,73.52517,-7.374247,-0.974372,0.477154,,,,,,,,,,,,-1.32402,2.28827,-2.20421,50,5.72424,2.58135,-116.1543,-1.31174,-1.80935,21.70068,-29.047,GEO_PAT,HOL_CRU,SpuhlerFieldMain,D1,A10,20250304-SpuhlerFieldMain-1,86faf420-f92e-11ef-9e84-f3ebf856d060,78.99426,,,6.41416,,,,,,,677a001a-4aeb-4bee-826e-3fb235647512,2025-03-04,19:26:09.36,2025-03-04T14:26:09.3655040-05:00,2025-03-04T19:26:09.3655040Z,,v3,471300,471313,,"Coughlin, Van",1000265863,Right,HOL_CRU,1544c864-5f59-4626-83a9-208dbde7f6a7,54.81049,-117.04958,10.85034,5.75364,-0.11338,-14.5235,-2.31225,2.65599,-0.90468,,,,,,,,,,,,,,,,,,,,,,,,,,,,,,,,,,,,,,,,,,,,,,,,,,,High,High,High,,,,,
43,2025-03-04,14:26:31.76,1,2,"Mateffy, Dan",1000307709,Right,HOL_CRU,"Butler, Jake",1000176047,Right,GEO_PAT,Undefined,2,Bottom,0,0,1,Fastball,Four-Seam,InPlay,Undefined,Bunt,Out,1,0,,86.55472,-1.575623,-2.051309,2022.461631,210.630234,1:00,5.73244,2.17328,5.97473,-21.2193,15.49509,8.57071,2.50211,0.98494,80.21285,-5.544609,-0.511337,0.436104,37.08634,-25.416602,-38.129826,,,,,8.94043,8.94042,-30.125229,0.11329,-4.95768,8.68886,-2.01586,50,5.59571,4.17745,-125.84878,-4.11338,-8.05553,22.39115,-18.05587,GEO_PAT,HOL_CRU,SpuhlerFieldMain,D1,A10,20250304-SpuhlerFieldMain-1,9463b930-f92e-11ef-9e84-f3ebf856d060,86.43001,2.68172,,6.34187,,,,3.29361,2.68172,-1.00258,677a001a-4aeb-4bee-826e-3fb235647512,2025-03-04,19:26:31.76,2025-03-04T14:26:31.7612544-05:00,2025-03-04T19:26:31.7612544Z,GroundBall,v3,471300,471313,,"Coughlin, Van",1000265863,Right,HOL_CRU,01784cb9-07e8-4b15-9663-27976caf8d1f,54.53012,-126.65222,11.19557,5.73168,-3.4655,-9.02794,-2.17094,4.4665,-4.02777,,3.28377,39.18494,,,,,,,,2.68767,-23.67146,,,,,,,,-0.99486,-30.75787,,,,,,,,,,,,,,,,,,,,,,,,,,,,,,High,High,High,Estimated,Estimated,,,
44,2025-03-04,14:27:10.86,2,1,"Mateffy, Dan",1000307709,Right,HOL_CRU,"Raymond, Andrew",10148052,Left,GEO_PAT,Undefined,2,Bottom,1,0,0,Fastball,Sinker,BallCalled,Undefined,Undefined,Undefined,0,0,,87.06808,-2.738137,-1.907928,2095.51956,228.214543,1:30,5.74476,2.32253,5.99618,-23.42049,12.63284,13.09572,1.25223,1.64507,81.40327,-7.069826,0.448191,0.432159,,,,,,,,,,,,-7.16867,7.4117,-2.17936,50,5.51562,3.69896,-126.58896,-6.80317,-11.87828,20.7197,-19.89308,GEO_PAT,HOL_CRU,SpuhlerFieldMain,D1,A10,20250304-SpuhlerFieldMain-1,abbb10b0-f92e-11ef-9e84-f3ebf856d060,87.21885,,,5.6648,,,,,,,677a001a-4aeb-4bee-826e-3fb235647512,2025-03-04,19:27:10.86,2025-03-04T14:27:10.8658176-05:00,2025-03-04T19:27:10.8658176Z,,v3,471300,471313,,"Coughlin, Van",1000265863,Right,HOL_CRU,97d86811-7b9b-44fe-bf9c-1bfb186f3fef,54.50834,-127.32474,10.35985,5.74466,-6.09675,-9.94654,-2.31821,4.12077,-5.93914,,,,,,,,,,,,,,,,,,,,,,,,,,,,,,,,,,,,,,,,,,,,,,,,,,,High,High,High,,,,,
45,2025-03-04,14:27:27.10,2,2,"Mateffy, Dan",1000307709,Right,HOL_CRU,"Raymond, Andrew",10148052,Left,GEO_PAT,Undefined,2,Bottom,1,1,0,Fastball,Sinker,BallCalled,Undefined,Undefined,Undefined,0,0,,86.97933,-2.147094,-2.613766,2138.30619,230.398502,1:45,5.68473,2.24992,5.92226,-24.43887,12.18505,13.43556,1.65262,0.94226,80.38726,-6.687557,-0.201746,0.435566,,,,,,,,,,,,-7.55217,7.12548,-2.04814,50,5.49855,5.22198,-126.30465,-5.52428,-12.31627,23.4232,-20.55361,GEO_PAT,HOL_CRU,SpuhlerFieldMain,D1,A10,20250304-SpuhlerFieldMain-1,b5659540-f92e-11ef-9e84-f3ebf856d060,86.53672,,,6.59207,,,,,,,677a001a-4aeb-4bee-826e-3fb235647512,2025-03-04,19:27:27.10,2025-03-04T14:27:27.1041536-05:00,2025-03-04T19:27:27.1041536Z,,v3,471300,471313,,"Coughlin, Van",1000265863,Right,HOL_CRU,76a15ea6-5703-40c5-be25-3840e550fca8,54.58104,-127.15137,11.7116,5.68482,-4.7813,-10.2768,-2.24496,5.66719,-6.15814,,,,,,,,,,,,,,,,,,,,,,,,,,,,,,,,,,,,,,,,,,,,,,,,,,,High,High,High,,,,,
46,2025-03-04,14:27:45.25,2,3,"Mateffy, Dan",1000307709,Right,HOL_CRU,"Raymond, Andrew",10148052,Left,GEO_PAT,Undefined,2,Bottom,1,2,0,Fastball,Sinker,StrikeCalled,Undefined,Undefined,Undefined,0,0,,86.24866,-2.482713,-3.445848,2090.838218,221.455195,1:30,5.83117,2.0132,6.04565,-21.1956,16.11217,13.21068,1.76063,-0.08012,79.28443,-6.466564,-1.072438,0.439613,,,,,,,,,,,,-7.77024,9.32619,-1.75169,50,5.62577,7.01813,-125.09485,-6.05994,-12.36699,24.19293,-17.33066,GEO_PAT,HOL_CRU,SpuhlerFieldMain,D1,A10,20250304-SpuhlerFieldMain-1,c0381f10-f92e-11ef-9e84-f3ebf856d060,85.73996,,,6.96423,,,,,,,677a001a-4aeb-4bee-826e-3fb235647512,2025-03-04,19:27:45.25,2025-03-04T14:27:45.2538368-05:00,2025-03-04T19:27:45.2538368Z,,v3,471300,471313,,"Coughlin, Van",1000265863,Right,HOL_CRU,2f7f3e31-1d64-4d0f-870d-1c9cfe831f45,54.45797,-125.95406,12.09646,5.83006,-5.44445,-8.66533,-2.00873,7.45734,-6.18349,,,,,,,,,,,,,,,,,,,,,,,,,,,,,,,,,,,,,,,,,,,,,,,,,,,High,High,High,,,,,
47,2025-03-04,14:28:07.44,2,4,"Mateffy, Dan",1000307709,Right,HOL_CRU,"Raymond, Andrew",10148052,Left,GEO_PAT,Undefined,2,Bottom,1,2,1,Fastball,Four-Seam,StrikeCalled,Undefined,Undefined,Undefined,0,0,,87.1172,-1.677316,-2.873787,2064.410178,214.580542,1:15,5.60764,2.42397,6.13459,-20.66359,15.7608,10.08536,2.33293,0.60593,79.92203,-5.578177,-1.057934,0.434378,,,,,,,,,,,,-5.96465,8.9365,-2.20935,50,5.4685,5.94282,-126.4522,-4.30793,-9.6911,24.95199,-17.65439,GEO_PAT,HOL_CRU,SpuhlerFieldMain,D1,A10,20250304-SpuhlerFieldMain-1,cd6dc630-f92e-11ef-9e84-f3ebf856d060,86.77342,,,7.19517,,,,,,,677a001a-4aeb-4bee-826e-3fb235647512,2025-03-04,19:28:07.44,2025-03-04T14:28:07.4436096-05:00,2025-03-04T19:28:07.4436096Z,,v3,471300,471313,,"Coughlin, Van",1000265863,Right,HOL_CRU,052b95da-c2ba-4754-9e47-ed3cae517981,54.36693,-127.31098,12.476,5.60631,-3.70032,-8.82719,-2.41962,6.27636,-4.84555,,,,,,,,,,,,,,,,,,,,,,,,,,,,,,,,,,,,,,,,,,,,,,,,,,,High,High,High,,,,,
48,2025-03-04,14:28:26.58,2,5,"Mateffy, Dan",1000307709,Right,HOL_CRU,"Raymond, Andrew",10148052,Left,GEO_PAT,Undefined,2,Bottom,1,2,2,Cutter,Slider,BallCalled,Undefined,Undefined,Undefined,0,0,,80.95662,-0.56429,-1.343454,2251.82884,203.087996,12:45,5.53259,2.49949,5.72899,-36.48258,7.45548,2.44697,1.96665,1.4519,72.57211,-7.354666,-0.905262,0.477081,,,,,,,,,,,,-1.69748,4.53071,-2.38881,50,5.46375,2.6479,-117.21534,-2.33028,-2.30344,27.24629,-26.02601,GEO_PAT,HOL_CRU,SpuhlerFieldMain,D1,A10,20250304-SpuhlerFieldMain-1,d8c6e520-f92e-11ef-9e84-f3ebf856d060,79.00643,,,8.38451,,,,,,,677a001a-4aeb-4bee-826e-3fb235647512,2025-03-04,19:28:26.58,2025-03-04T14:28:26.5874432-05:00,2025-03-04T19:28:26.5874432Z,,v3,471300,471313,,"Coughlin, Van",1000265863,Right,HOL_CRU,5b501529-1ff6-481b-aaa5-bbf69fe58440,54.76646,-118.31809,13.62315,5.53675,-1.27691,-13.01301,-2.49786,2.74113,-1.15172,,,,,,,,,,,,,,,,,,,,,,,,,,,,,,,,,,,,,,,,,,,,,,,,,,,High,High,High,,,,,
49,2025-03-04,14:28:46.85,2,6,"Mateffy, Dan",1000307709,Right,HOL_CRU,"Raymond, Andrew",10148052,Left,GEO_PAT,Undefined,2,Bottom,1,3,2,Cutter,Slider,FoulBallNotFieldable,Undefined,Undefined,Undefined,0,0,,80.02417,-0.762006,-1.754623,2350.068694,178.278733,12:00,5.6677,2.32143,5.78816,-41.48333,2.36654,-0.02953,1.50145,0.68604,73.57523,-8.376603,-1.759925,0.476602,,,,,,,,,,,,-0.48287,1.82091,-2.17677,50,5.57983,3.56091,-116.20571,-2.88436,-0.65894,22.18532,-29.68917,GEO_PAT,HOL_CRU,SpuhlerFieldMain,D1,A10,20250304-SpuhlerFieldMain-1,e4f46b10-f92e-11ef-9e84-f3ebf856d060,79.08584,,,6.44894,,,,,,,677a001a-4aeb-4bee-826e-3fb235647512,2025-03-04,19:28:46.85,2025-03-04T14:28:46.8586496-05:00,2025-03-04T19:28:46.8586496Z,,v3,471300,471313,,"Coughlin, Van",1000265863,Right,HOL_CRU,1ebf03b6-eeca-42fa-88a8-a14c6b28a1a7,54.71462,-117.10234,11.09266,5.67215,-1.68446,-14.84459,-2.32122,3.58754,-0.32947,,,,,,,,,,,,,,,,,,,,,,,,,,,,,,,,,,,,,,,,,,,,,,,,,,,High,High,High,,,,,
50,2025-03-04,14:29:13.07,2,7,"Mateffy, Dan",1000307709,Right,HOL_CRU,"Raymond, Andrew",10148052,Left,GEO_PAT,Undefined,2,Bottom,1,3,2,Fastball,Sinker,BallCalled,Walk,Undefined,Undefined,0,0,,87.31254,-2.443136,-2.400414,2086.467319,223.658741,1:30,5.66705,2.32962,6.01862,-22.06757,14.62997,12.78938,1.56158,1.17053,79.63959,-6.595097,-0.100111,0.436003,,,,,,,,,,,,-7.26595,8.60347,-2.1482,50,5.46323,4.78467,-126.61962,-6.07441,-11.74317,26.9345,-18.26917,GEO_PAT,HOL_CRU,SpuhlerFieldMain,D1,A10,20250304-SpuhlerFieldMain-1,f48edd30-f92e-11ef-9e84-f3ebf856d060,86.4499,,,7.67295,,,,,,,677a001a-4aeb-4bee-826e-3fb235647512,2025-03-04,19:29:13.07,2025-03-04T14:29:13.0756608-05:00,2025-03-04T19:29:13.0756608Z,,v3,471300,471313,,"Coughlin, Van",1000265863,Right,HOL_CRU,6f4687e7-2ad7-43ad-92fa-3463598e5106,54.48258,-127.56959,13.46725,5.66611,-5.43007,-9.13458,-2.32426,5.19884,-5.87158,,,,,,,,,,,,,,,,,,,,,,,,,,,,,,,,,,,,,,,,,,,,,,,,,,,High,High,High,,,,,
51,2025-03-04,14:29:48.82,3,1,"Mateffy, Dan",1000307709,Right,HOL_CRU,"Clyne, Owen",1000230336,Left,GEO_PAT,Undefined,2,Bottom,1,0,0,Cutter,Slider,StrikeCalled,Undefined,Undefined,Undefined,0,0,,79.4394,0.681196,-1.545261,2185.971539,169.518618,11:45,5.66934,2.20425,5.5696,-42.12951,2.24898,-0.18492,2.79516,0.74496,73.57699,-7.0183,-1.578257,0.479466,,,,,,,,,,,,-0.29248,1.34583,-2.07085,50,5.70018,3.12181,-115.45952,-0.02818,-0.39868,19.52013,-30.33948,GEO_PAT,HOL_CRU,SpuhlerFieldMain,D1,A10,20250304-SpuhlerFieldMain-1,09ecd5b0-f92f-11ef-9e84-f3ebf856d060,78.61339,,,5.86241,,,,,,,677a001a-4aeb-4bee-826e-3fb235647512,2025-03-04,19:29:48.82,2025-03-04T14:29:48.8211968-05:00,2025-03-04T19:29:48.8211968Z,,v3,471300,471313,,"Coughlin, Van",1000265863,Right,HOL_CRU,f4a3ac80-f5cf-4c59-812e-fd7d564902dd,54.93409,-116.29071,9.76007,5.67387,1.26371,-15.16974,-2.20414,3.13879,-0.19934,,,,,,,,,,,,,,,,,,,,,,,,,,,,,,,,,,,,,,,,,,,,,,,,,,,High,High,High,,,,,
52,2025-03-04,14:30:09.33,3,2,"Mateffy, Dan",1000307709,Right,HOL_CRU,"Clyne, Owen",1000230336,Left,GEO_PAT,Undefined,2,Bottom,1,0,1,Fastball,Changeup,BallCalled,Undefined,Undefined,Undefined,0,0,,86.48032,-2.586528,-3.065719,2073.917467,232.35821,1:45,5.69333,2.22518,6.12772,-25.10832,11.80257,13.85682,1.20487,0.54319,79.76224,-7.265237,-0.569281,0.437269,,,,,,,,,,,,-8.00607,7.12008,-1.99777,50,5.48189,6.18712,-125.50778,-6.4505,-12.84696,23.97319,-20.74877,GEO_PAT,HOL_CRU,SpuhlerFieldMain,D1,A10,20250304-SpuhlerFieldMain-1,161ccca0-f92f-11ef-9e84-f3ebf856d060,86.19967,,,6.71808,,,,,,,677a001a-4aeb-4bee-826e-3fb235647512,2025-03-04,19:30:09.33,2025-03-04T14:30:09.3392896-05:00,2025-03-04T19:30:09.3392896Z,,v3,471300,471313,,"Coughlin, Van",1000265863,Right,HOL_CRU,03ac287b-e361-49f0-935a-40136d5c2362,54.37619,-126.3409,11.98659,5.69353,-5.72942,-10.37438,-2.22054,6.63358,-6.42348,,,,,,,,,,,,,,,,,,,,,,,,,,,,,,,,,,,,,,,,,,,,,,,,,,,High,High,High,,,,,
53,2025-03-04,14:31:08.32,3,3,"Mateffy, Dan",1000307709,Right,HOL_CRU,"Clyne, Owen",1000230336,Left,GEO_PAT,Undefined,2,Bottom,1,1,1,Fastball,Changeup,BallCalled,Undefined,Undefined,Undefined,0,0,,85.86714,-3.261334,-4.038565,2119.505536,215.678177,1:15,5.73896,2.16937,6.04517,-22.7693,14.85005,9.84949,0.81117,-0.75521,79.31409,-7.50581,-2.270903,0.441446,,,,,,,,,,,,-6.18126,8.85445,-1.85972,50,5.47153,8.41158,-124.4204,-7.7942,-9.76351,23.17649,-18.18811,GEO_PAT,HOL_CRU,SpuhlerFieldMain,D1,A10,20250304-SpuhlerFieldMain-1,393a5cc0-f92f-11ef-9e84-f3ebf856d060,85.38412,,,6.55305,,,,,,,677a001a-4aeb-4bee-826e-3fb235647512,2025-03-04,19:31:08.32,2025-03-04T14:31:08.3266048-05:00,2025-03-04T19:31:08.3266048Z,,v3,471300,471313,,"Coughlin, Van",1000265863,Right,HOL_CRU,113a3967-a31f-4a71-80f6-e2c5dc96dfff,54.4594,-125.24832,11.58824,5.73835,-7.14447,-9.09406,-2.16644,8.76036,-4.88176,,,,,,,,,,,,,,,,,,,,,,,,,,,,,,,,,,,,,,,,,,,,,,,,,,,High,High,High,,,,,
54,2025-03-04,14:31:32.20,3,4,"Mateffy, Dan",1000307709,Right,HOL_CRU,"Clyne, Owen",1000230336,Left,GEO_PAT,Undefined,2,Bottom,1,2,1,Fastball,Changeup,BallCalled,Undefined,Undefined,Undefined,0,0,,85.93771,-2.826723,-2.850359,2141.141229,236.226252,1:45,5.74387,1.97397,6.05963,-26.07442,10.80241,14.76784,0.94918,0.56412,80.58949,-7.632476,-0.19169,0.437067,,,,,,,,,,,,-8.29815,6.47646,-1.76057,50,5.50953,5.66325,-124.91482,-7.00038,-13.41855,19.63349,-21.70125,GEO_PAT,HOL_CRU,SpuhlerFieldMain,D1,A10,20250304-SpuhlerFieldMain-1,478125c0-f92f-11ef-9e84-f3ebf856d060,86.23949,,,5.34822,,,,,,,677a001a-4aeb-4bee-826e-3fb235647512,2025-03-04,19:31:32.20,2025-03-04T14:31:32.2040832-05:00,2025-03-04T19:31:32.2040832Z,,v3,471300,471313,,"Coughlin, Van",1000265863,Right,HOL_CRU,5b8b316e-9e1b-46cd-9cc5-b15937df785f,54.4464,-125.61174,9.81674,5.74434,-6.23006,-10.85062,-1.97005,6.13957,-6.70928,,,,,,,,,,,,,,,,,,,,,,,,,,,,,,,,,,,,,,,,,,,,,,,,,,,High,High,High,,,,,
55,2025-03-04,14:32:22.14,3,5,"Mateffy, Dan",1000307709,Right,HOL_CRU,"Clyne, Owen",1000230336,Left,GEO_PAT,Undefined,2,Bottom,1,3,1,Fastball,Sinker,BallCalled,Walk,Undefined,Undefined,0,0,,86.80183,-3.365522,-4.016941,2093.841923,231.216878,1:45,5.68927,2.17736,5.98413,-24.10474,12.65245,14.42371,0.54966,-0.3502,80.49166,-7.831645,-1.429385,0.436358,,,,,,,,,,,,-8.50626,7.66433,-1.86798,50,5.40892,8.28176,-125.81832,-8.17781,-13.79671,22.6973,-19.7429,GEO_PAT,HOL_CRU,SpuhlerFieldMain,D1,A10,20250304-SpuhlerFieldMain-1,653e3710-f92f-11ef-9e84-f3ebf856d060,86.37971,,,6.31017,,,,,,,677a001a-4aeb-4bee-826e-3fb235647512,2025-03-04,19:32:22.14,2025-03-04T14:32:22.1440000-05:00,2025-03-04T19:32:22.1440000Z,,v3,471300,471313,,"Coughlin, Van",1000265863,Right,HOL_CRU,b83b0958-cc78-4acd-825b-bda0622427e2,54.52137,-126.63134,11.34865,5.68919,-7.47062,-9.87145,-2.17348,8.77596,-6.89836,,,,,,,,,,,,,,,,,,,,,,,,,,,,,75.53894,,,,,,,-0.261,5.89705,-0.25109,,,,-0.17389,109.35732,-10.96788,5.92442,7.20185,-12.91052,-0.28847,-0.5317,3.14452,High,High,High,,,High,High,Medium
56,2025-03-04,14:33:02.19,4,1,"Mateffy, Dan",1000307709,Right,HOL_CRU,"Wall, Jonny",1000119703,Right,GEO_PAT,Undefined,2,Bottom,1,0,0,Cutter,Slider,BallCalled,Undefined,Undefined,Undefined,0,0,,81.27124,-1.377322,-1.582162,2218.719527,233.976075,1:45,5.61913,2.25196,5.85266,-38.78845,3.68185,3.19067,1.10618,1.04729,74.63578,-8.511362,-1.009008,0.469045,,,,,,,,,,,,-2.1091,2.6289,-2.12528,50,5.48414,3.14046,-118.01377,-4.07941,-2.96302,23.26162,-28.48074,GEO_PAT,HOL_CRU,SpuhlerFieldMain,D1,A10,20250304-SpuhlerFieldMain-1,7d294310-f92f-11ef-9e84-f3ebf856d060,80.36005,,,6.63546,,,,,,,677a001a-4aeb-4bee-826e-3fb235647512,2025-03-04,19:33:02.19,2025-03-04T14:33:02.1902848-05:00,2025-03-04T19:33:02.1902848Z,,v3,471300,471313,,"Coughlin, Van",1000265863,Right,HOL_CRU,25987d97-225e-41d0-908e-e33b06970693,54.65097,-118.92699,11.63081,5.62235,-2.9613,-14.24037,-2.25085,3.25678,-1.48151,,,,,,,,,,,,,,,,,,,,,,,,,,,,,,,,,,,,,,,,,,,,,,,,,,,High,High,High,,,,,
57,2025-03-04,14:34:24.59,4,2,"Mateffy, Dan",1000307709,Right,HOL_CRU,"Wall, Jonny",1000119703,Right,GEO_PAT,Undefined,2,Bottom,1,1,0,Cutter,Slider,BallCalled,Undefined,Undefined,Undefined,0,0,,80.61732,-0.758592,-1.152467,2237.504944,234.622085,1:45,5.74725,2.06307,5.86309,-37.07742,5.62859,6.17229,1.95252,1.5066,74.58385,-7.582704,-0.043876,0.470344,,,,,,,,,,,,-3.46024,3.46374,-1.97322,50,5.66399,2.12426,-117.19685,-2.73114,-4.84672,20.67762,-27.32243,GEO_PAT,HOL_CRU,SpuhlerFieldMain,D1,A10,20250304-SpuhlerFieldMain-1,ae456fa0-f92f-11ef-9e84-f3ebf856d060,80.13794,,,6.03347,,,,,,,677a001a-4aeb-4bee-826e-3fb235647512,2025-03-04,19:34:24.59,2025-03-04T14:34:24.5962752-05:00,2025-03-04T19:34:24.5962752Z,,v3,471300,471313,,"Coughlin, Van",1000265863,Right,HOL_CRU,9059df36-658c-4482-a847-f00aa2f3c67b,54.63988,-118.01265,10.33881,5.75048,-1.65319,-13.66122,-2.0608,2.31548,-2.42336,,,,,,,,,,,,,,,,,,,,,,,,,,,,,,,,,,,,,,,,,,,,,,,,,,,High,High,High,,,,,
58,2025-03-04,14:34:54.88,4,3,"Mateffy, Dan",1000307709,Right,HOL_CRU,"Wall, Jonny",1000119703,Right,GEO_PAT,Undefined,2,Bottom,1,2,0,Fastball,Changeup,BallCalled,Undefined,Undefined,Undefined,0,0,,85.96487,-3.003493,-3.387573,2079.960024,230.240862,1:45,5.75159,2.11842,6.01137,-24.40304,13.21981,14.49119,0.92798,0.18392,79.17848,-7.548329,-0.78385,0.441466,,,,,,,,,,,,-8.46138,7.96134,-1.86047,50,5.50168,6.82431,-124.65315,-7.30406,-13.36913,24.07427,-19.595,GEO_PAT,HOL_CRU,SpuhlerFieldMain,D1,A10,20250304-SpuhlerFieldMain-1,c04a2b00-f92f-11ef-9e84-f3ebf856d060,85.38019,,,6.7864,,,,,,,677a001a-4aeb-4bee-826e-3fb235647512,2025-03-04,19:34:54.88,2025-03-04T14:34:54.8838912-05:00,2025-03-04T19:34:54.8838912Z,,v3,471300,471313,,"Coughlin, Van",1000265863,Right,HOL_CRU,1670e78a-cd3c-48b4-8053-c8966a54b441,54.49333,-125.51795,12.03714,5.75142,-6.60016,-9.7975,-2.11424,7.30456,-6.68456,,,,,,,,,,,,,,,,,,,,,,,,,,,,,,,,,,,,,,,,,,,,,,,,,,,High,High,High,,,,,
59,2025-03-04,14:35:13.25,4,4,"Mateffy, Dan",1000307709,Right,HOL_CRU,"Wall, Jonny",1000119703,Right,GEO_PAT,Undefined,2,Bottom,1,3,0,Fastball,Changeup,StrikeCalled,Undefined,Undefined,Undefined,0,0,,86.52197,-1.614932,-3.816434,1998.284085,223.856967,1:30,5.82031,2.0007,6.0539,-22.27674,15.0219,13.25524,2.46524,-0.43285,78.94007,-5.814819,-1.436564,0.43956,,,,,,,,,,,,-7.88713,8.55902,-1.71036,50,5.6824,7.82816,-125.40012,-4.20406,-12.5337,25.83405,-18.57261,GEO_PAT,HOL_CRU,SpuhlerFieldMain,D1,A10,20250304-SpuhlerFieldMain-1,cb269fe0-f92f-11ef-9e84-f3ebf856d060,85.75046,,,7.5819,,,,,,,677a001a-4aeb-4bee-826e-3fb235647512,2025-03-04,19:35:13.25,2025-03-04T14:35:13.2580352-05:00,2025-03-04T19:35:13.2580352Z,,v3,471300,471313,,"Coughlin, Van",1000265863,Right,HOL_CRU,8883da95-2193-4424-a673-64a827fa46d2,54.44733,-126.31301,12.91702,5.81936,-3.54777,-9.28631,-1.99481,8.27105,-6.26685,,,,,,,,,,,,,,,,,,,,,,,,,,,,,,,,,,,,,,,,,,,,,,,,,,,High,High,High,,,,,
60,2025-03-04,14:35:32.30,4,5,"Mateffy, Dan",1000307709,Right,HOL_CRU,"Wall, Jonny",1000119703,Right,GEO_PAT,Undefined,2,Bottom,1,3,1,Fastball,Changeup,StrikeCalled,Undefined,Undefined,Undefined,0,0,,86.45336,-1.98789,-4.014374,1978.147451,215.366257,1:15,5.84631,1.98361,6.09655,-21.65682,15.4028,10.1267,2.19757,-0.89176,79.4884,-6.057449,-2.195919,0.438149,,,,,,,,,,,,-6.27477,8.81993,-1.67912,50,5.6812,8.39538,-125.34396,-4.99968,-10.03922,23.98958,-18.0627,GEO_PAT,HOL_CRU,SpuhlerFieldMain,D1,A10,20250304-SpuhlerFieldMain-1,d69d8000-f92f-11ef-9e84-f3ebf856d060,86.0265,,,6.96496,,,,,,,677a001a-4aeb-4bee-826e-3fb235647512,2025-03-04,19:35:32.30,2025-03-04T14:35:32.3043328-05:00,2025-03-04T19:35:32.3043328Z,,v3,471300,471313,,"Coughlin, Van",1000265863,Right,HOL_CRU,d17a714d-19be-4825-93d6-dfddd37fc930,54.40568,-126.18435,11.99479,5.84526,-4.36692,-9.03135,-1.97938,8.74707,-5.01961,,,,,,,,,,,,,,,,,,,,,,,,,,,,,,,,,,,,,,,,,,,,,,,,,,,High,High,High,,,,,
61,2025-03-04,14:35:50.68,4,6,"Mateffy, Dan",1000307709,Right,HOL_CRU,"Wall, Jonny",1000119703,Right,GEO_PAT,Undefined,2,Bottom,1,3,2,Fastball,Sinker,InPlay,Undefined,GroundBall,Single,0,1,,87.11754,-0.897802,-3.8603,2070.628832,224.347564,1:30,5.81223,2.07175,6.04831,-23.73663,12.98883,11.54339,3.00102,-0.54563,79.57471,-5.355948,-1.788575,0.436169,65.06909,-72.726371,-9.603615,,,,,2.97034,2.12034,7.252966,0.033739,-7.05335,7.29619,-1.77697,50,5.72934,8.06351,-126.32691,-2.71361,-11.38811,25.94184,-20.39392,GEO_PAT,HOL_CRU,SpuhlerFieldMain,D1,A10,20250304-SpuhlerFieldMain-1,e189fa70-f92f-11ef-9e84-f3ebf856d060,86.41699,3.09097,,7.54283,,,,1.99887,3.09097,0.53536,677a001a-4aeb-4bee-826e-3fb235647512,2025-03-04,19:35:50.68,2025-03-04T14:35:50.6853376-05:00,2025-03-04T19:35:50.6853376Z,GroundBall,v3,471300,471313,,"Coughlin, Van",1000265863,Right,HOL_CRU,33befae8-bde6-4eac-b812-1da74332fa71,54.45424,-127.23833,12.97092,5.81209,-1.99711,-10.19696,-2.06729,8.46361,-5.69406,,1.99807,28.08907,,,,,,,,3.0936,-91.61396,,,,,,,,0.5355,-4.75273,,,,,,,,,,,,,,,,,,,,,,,,,,,,,,High,High,High,Low,Low,,,
62,2025-03-04,14:36:35.40,5,1,"Mateffy, Dan",1000307709,Right,HOL_CRU,"Blanchard, Evan",10073877,Right,GEO_PAT,Undefined,2,Bottom,1,0,0,Fastball,Changeup,BallCalled,Undefined,Undefined,Undefined,0,0,,86.11171,-3.122554,-5.057067,2004.954735,229.500398,1:45,5.76825,2.05519,6.02037,-23.45178,14.82583,15.71666,0.90735,-1.33164,77.91147,-7.539796,-2.242764,0.445291,,,,,,,,,,,,-9.63863,9.00918,-1.66626,50,5.50971,10.36195,-124.33864,-7.50591,-14.90476,27.77566,-18.24263,GEO_PAT,HOL_CRU,SpuhlerFieldMain,D1,A10,20250304-SpuhlerFieldMain-1,fc375ac0-f92f-11ef-9e84-f3ebf856d060,84.64678,,,8.20025,,,,,,,677a001a-4aeb-4bee-826e-3fb235647512,2025-03-04,19:36:35.40,2025-03-04T14:36:35.4002944-05:00,2025-03-04T19:36:35.4002944Z,,v3,471300,471313,,"Coughlin, Van",1000265863,Right,HOL_CRU,05a4cbef-6eb0-4fda-bf82-edb97c99e5e5,54.47989,-125.33539,13.88783,5.76732,-6.85126,-9.12132,-2.0477,10.89682,-7.45238,,,,,,,,,,,,,,,,,,,,,,,,,,,,,,,,,,,,,,,,,,,,,,,,,,,High,High,High,,,,,
63,2025-03-04,14:36:54.76,5,2,"Mateffy, Dan",1000307709,Right,HOL_CRU,"Blanchard, Evan",10073877,Right,GEO_PAT,Undefined,2,Bottom,1,1,0,Fastball,Changeup,InPlay,Undefined,GroundBall,Single,0,1,,86.27696,-2.425735,-3.342128,2082.20542,225.205113,1:30,5.77995,1.88733,6.03385,-22.22005,14.83363,13.86016,1.67673,-0.05619,79.82668,-6.576627,-0.851723,0.438114,98.04683,-2.194661,-0.337337,,,,,26.83518,24.5352,0.117722,0.180486,-8.04918,8.58945,-1.63379,50,5.57784,6.78342,-125.24305,-5.9896,-12.92491,22.70055,-18.38159,GEO_PAT,HOL_CRU,SpuhlerFieldMain,D1,A10,20250304-SpuhlerFieldMain-1,07bf03c0-f930-11ef-9e84-f3ebf856d060,86.0334,1.69821,,6.45027,,,,1.67479,1.69821,0.06908,677a001a-4aeb-4bee-826e-3fb235647512,2025-03-04,19:36:54.76,2025-03-04T14:36:54.7637760-05:00,2025-03-04T19:36:54.7637760Z,GroundBall,v3,471300,471313,,"Coughlin, Van",1000265863,Right,HOL_CRU,33389da7-fa83-4b50-b2c6-6ba5fc1e3720,54.47109,-126.05084,11.35028,5.77934,-5.3355,-9.1908,-1.88336,7.24334,-6.46245,328.683753,1.67592,143.61061,-23.38137,,,,,,,1.69918,-5.57836,-21.28349,,,,,,,0.06873,-0.81998,4.13643,,,,,,,,,,,,,,,,,,,,,,,,,,,,,High,High,High,High,High,,,
64,2025-03-04,14:38:34.61,6,1,"Mateffy, Dan",1000307709,Right,HOL_CRU,"Canody, Andrew",10032066,Right,GEO_PAT,Undefined,2,Bottom,1,0,0,Fastball,Sinker,HitByPitch,Undefined,Undefined,Undefined,0,0,,86.91703,0.115488,-2.22447,2125.69197,222.428738,1:30,5.83745,1.99855,6.03975,-21.06033,15.54253,13.20083,4.18945,1.03781,79.70638,-3.861024,0.149236,0.435441,,,,,,,,,,,,-7.40575,8.31394,-1.83208,50,5.83501,4.37964,-126.30204,-0.37112,-12.01767,24.62091,-18.68257,GEO_PAT,HOL_CRU,SpuhlerFieldMain,D1,A10,20250304-SpuhlerFieldMain-1,43420000-f930-11ef-9e84-f3ebf856d060,86.56163,,,7.21065,,,,,,,677a001a-4aeb-4bee-826e-3fb235647512,2025-03-04,19:38:34.61,2025-03-04T14:38:34.6115584-05:00,2025-03-04T19:38:34.6115584Z,,v3,471300,471313,,"Coughlin, Van",1000265863,Right,HOL_CRU,a48bae51-9046-421d-9b4c-cc7ea662f9ab,54.46318,-127.1691,12.31045,5.83649,0.28681,-9.34128,-1.99377,4.80285,-6.00884,,,,,,,,,,,,,,,,,,,,,,,,,,,,,,,,,,,,,,,,,,,,,,,,,,,High,High,High,,,,,
65,2025-03-04,14:41:52.87,7,1,"Hunt, Devin",10277363,Right,HOL_CRU,"Alberti, Lucas",1000145512,Right,GEO_PAT,Undefined,2,Bottom,1,0,0,Sinker,Sinker,BallCalled,Undefined,Undefined,Undefined,0,0,,90.00689,-0.72576,-1.947846,1946.220536,240.71515,2:00,5.6903,2.06084,5.44263,-24.03257,10.74422,17.3595,3.00757,1.68284,82.9693,-5.162177,1.141622,0.42444,,,,,,,,,,,,-9.21721,5.90835,-1.90078,50,5.60953,3.66621,-130.75669,-2.52752,-16.10488,25.18759,-21.8506,GEO_PAT,HOL_CRU,SpuhlerFieldMain,D1,A10,20250304-SpuhlerFieldMain-1,b9505210-f930-11ef-9e84-f3ebf856d060,88.80512,,,7.03759,,,,,,,677a001a-4aeb-4bee-826e-3fb235647512,2025-03-04,19:41:52.87,2025-03-04T14:41:52.8714240-05:00,2025-03-04T19:41:52.8714240Z,,v3,471300,471313,,"Coughlin, Van",1000265863,Right,HOL_CRU,6c943074-7281-42b8-9fd9-71d15fd9759e,55.06073,-131.72793,12.59379,5.69075,-1.68496,-10.9253,-2.05412,4.28722,-8.05244,,,,,,,,,,,,,,,,,,,,,,,,,,,,,,,,,,,,,,,,,,,,,,,,,,,High,High,High,,,,,
66,2025-03-04,14:42:09.04,7,2,"Hunt, Devin",10277363,Right,HOL_CRU,"Alberti, Lucas",1000145512,Right,GEO_PAT,Undefined,2,Bottom,1,1,0,Sinker,Sinker,StrikeCalled,Undefined,Undefined,Undefined,0,0,,91.7625,-0.727582,-4.448679,1952.857516,243.943569,2:15,5.60508,1.83547,5.66831,-23.71395,9.62162,17.65529,2.94841,-0.84975,84.39003,-5.120032,-1.304712,0.415552,,,,,,,,,,,,-10.0693,5.37429,-1.47009,50,5.5284,9.56107,-133.0287,-2.54272,-18.20508,26.14936,-22.45743,GEO_PAT,HOL_CRU,SpuhlerFieldMain,D1,A10,20250304-SpuhlerFieldMain-1,c2f55860-f930-11ef-9e84-f3ebf856d060,90.7045,,,7.37247,,,,,,,677a001a-4aeb-4bee-826e-3fb235647512,2025-03-04,19:42:09.04,2025-03-04T14:42:09.0463232-05:00,2025-03-04T19:42:09.0463232Z,,v3,471300,471313,,"Coughlin, Van",1000265863,Right,HOL_CRU,1e047e56-3569-49ad-a2cb-273539f56199,54.83531,-133.9758,13.07468,5.60577,-1.72934,-11.22872,-1.82832,10.22044,-9.10254,,,,,,,,,,,,,,,,,,,,,,,,,,,,,,,,,,,,,,,,,,,,,,,,,,,High,High,High,,,,,
67,2025-03-04,14:42:27.30,7,3,"Hunt, Devin",10277363,Right,HOL_CRU,"Alberti, Lucas",1000145512,Right,GEO_PAT,Undefined,2,Bottom,1,1,1,Sinker,Sinker,StrikeSwinging,Undefined,Undefined,Undefined,0,0,,90.53242,-1.575014,-4.194186,1971.020711,248.085292,2:15,5.71597,1.47175,5.36814,-24.47092,10.9715,23.99604,2.19553,-0.46844,81.47403,-6.130432,0.060881,0.428483,,,,,,,,,,,,-13.30946,6.38776,-1.11216,50,5.55726,8.4704,-130.87102,-4.49242,-22.73517,31.4991,-21.26248,GEO_PAT,HOL_CRU,SpuhlerFieldMain,D1,A10,20250304-SpuhlerFieldMain-1,cdda0aa0-f930-11ef-9e84-f3ebf856d060,87.96727,,,9.05839,,,,,,,677a001a-4aeb-4bee-826e-3fb235647512,2025-03-04,19:42:27.30,2025-03-04T14:42:27.3007616-05:00,2025-03-04T19:42:27.3007616Z,,v3,471300,471313,,"Coughlin, Van",1000265863,Right,HOL_CRU,1dd9f789-c0ca-40d6-a4c5-4e934e9364dd,55.13264,-132.10061,15.74955,5.71642,-3.66243,-10.63124,-1.46012,9.35789,-11.36759,,,,,,,,,,,,,,,,,,,,,,,,,,,,,,,,,,,,,,,,,,,,,,,,,,,High,High,High,,,,,
68,2025-03-04,14:42:46.73,7,4,"Hunt, Devin",10277363,Right,HOL_CRU,"Alberti, Lucas",1000145512,Right,GEO_PAT,Undefined,2,Bottom,1,1,2,Slider,Curveball,BallCalled,Undefined,Undefined,Undefined,0,0,,78.69545,1.285248,-4.467523,1763.904132,27.132399,7:00,5.45737,1.69074,5.12269,-51.10019,-4.45181,-3.00965,2.41357,-2.77686,72.41297,-7.933511,-4.997328,0.491575,,,,,,,,,,,,0.26496,-2.15599,-1.26737,50,5.53858,9.0212,-113.90197,0.74029,0.3483,20.78451,-35.00838,GEO_PAT,HOL_CRU,SpuhlerFieldMain,D1,A10,20250304-SpuhlerFieldMain-1,d9747850-f930-11ef-9e84-f3ebf856d060,76.67691,,,6.28249,,,,,,,677a001a-4aeb-4bee-826e-3fb235647512,2025-03-04,19:42:46.73,2025-03-04T14:42:46.7324928-05:00,2025-03-04T19:42:46.7324928Z,,v3,471300,471313,,"Coughlin, Van",1000265863,Right,HOL_CRU,7458ba85-3b6d-4f64-a19e-efb23ee4fa7c,55.38123,-114.87972,10.39226,5.46501,2.38717,-17.50419,-1.69136,9.00482,0.17415,,,,,,,,,,,,,,,,,,,,,,,,,,,,,,,,,,,,,,,,,,,,,,,,,,,High,High,High,,,,,
69,2025-03-04,14:43:08.44,7,5,"Hunt, Devin",10277363,Right,HOL_CRU,"Alberti, Lucas",1000145512,Right,GEO_PAT,Undefined,2,Bottom,1,2,2,Sinker,Sinker,InPlay,Undefined,LineDrive,Double,0,3,,89.7972,-1.212253,-3.062491,2017.046556,247.329085,2:15,5.61877,1.81985,5.33627,-25.88179,9.48579,20.05229,2.32278,0.61479,82.27272,-5.978668,0.49681,0.42803,107.19348,14.787715,-33.642899,2294.024069,87.21907,21.15274,-67.02847,240.74355,235.08198,-42.651204,2.150634,-11.02213,5.40437,-1.55852,50,5.49059,6.08542,-130.25463,-3.71419,-18.96891,26.91574,-22.87324,GEO_PAT,HOL_CRU,SpuhlerFieldMain,D1,A10,20250304-SpuhlerFieldMain-1,e673f440-f930-11ef-9e84-f3ebf856d060,88.06028,21.78894,,7.52448,,,,2.27725,2.35651,-0.41598,677a001a-4aeb-4bee-826e-3fb235647512,2025-03-04,19:43:08.44,2025-03-04T14:43:08.4460544-05:00,2025-03-04T19:43:08.4460544Z,LineDrive,v3,471300,471313,,"Coughlin, Van",1000265863,Right,HOL_CRU,65f3b2b9-edf7-4225-99f1-083d7801c02c,55.16865,-131.31833,13.45787,5.61951,-2.81025,-11.43662,-1.81383,6.83506,-9.48446,,2.27726,126.54874,-34.21406,9.68403,-2.50964,0.58439,-0.11855,0.0171,-0.00123,2.35651,40.12789,-22.25509,1.63108,-0.01061,-0.07956,0.02878,-0.00516,0.00042,-0.41598,-84.2158,2.12466,2.22678,-1.16547,0.39973,-0.10079,0.01678,-0.00134,,,,,,,,,,,,,,,,,,,,,,,High,High,High,High,High,,,
70,2025-03-04,14:44:04.90,8,1,"Hunt, Devin",10277363,Right,HOL_CRU,"Hull, Owen",10054797,Left,GEO_PAT,Undefined,2,Bottom,1,0,0,Sinker,Sinker,BallCalled,Undefined,Undefined,Undefined,0,0,,89.77574,-0.076102,-1.315969,1934.728845,247.815253,2:15,5.6559,2.26392,5.25098,-26.93875,8.72788,18.51895,3.33947,2.5703,81.67933,-5.045163,1.969223,0.429836,,,,,,,,,,,,-9.5902,4.74048,-2.15722,50,5.62924,2.12641,-130.23418,-1.18672,-16.39029,28.60074,-24.07223,GEO_PAT,HOL_CRU,SpuhlerFieldMain,D1,A10,20250304-SpuhlerFieldMain-1,08047bc0-f931-11ef-9e84-f3ebf856d060,87.69032,,,8.09641,,,,,,,677a001a-4aeb-4bee-826e-3fb235647512,2025-03-04,19:44:04.90,2025-03-04T14:44:04.9038336-05:00,2025-03-04T19:44:04.9038336Z,,v3,471300,471313,,"Coughlin, Van",1000265863,Right,HOL_CRU,27057bc8-970c-42e1-a4f4-4c60e35b986c,55.25032,-131.38215,14.30037,5.65748,-0.22052,-12.03611,-2.25577,2.78427,-8.19514,,,,,,,,,,,,,,,,,,,,,,,,,,,,,,,,,,,,,,,,,,,,,,,,,,,High,High,High,,,,,
71,2025-03-04,14:44:30.82,8,2,"Hunt, Devin",10277363,Right,HOL_CRU,"Hull, Owen",10054797,Left,GEO_PAT,Undefined,2,Bottom,1,1,0,Fastball,Sinker,FoulBallNotFieldable,Undefined,Undefined,Undefined,0,0,,90.27334,-1.789043,-4.317605,2054.192798,240.953129,2:00,5.73754,2.02777,5.45799,-23.24844,11.93788,19.33926,2.12011,-0.41006,82.0706,-6.110595,-0.884778,0.426932,,,,,,,,,,,,-11.10508,6.88516,-1.66051,50,5.56356,9.00963,-130.64366,-4.91389,-19.09167,28.87719,-20.33722,GEO_PAT,HOL_CRU,SpuhlerFieldMain,D1,A10,20250304-SpuhlerFieldMain-1,17921ca0-f931-11ef-9e84-f3ebf856d060,88.28683,,,8.20274,,,,,,,677a001a-4aeb-4bee-826e-3fb235647512,2025-03-04,19:44:30.82,2025-03-04T14:44:30.8264960-05:00,2025-03-04T19:44:30.8264960Z,,v3,471300,471313,,"Coughlin, Van",1000265863,Right,HOL_CRU,9375793b-4999-4ef5-a13a-95831880d12c,55.04569,-131.75423,14.4386,5.7375,-4.13176,-10.16861,-2.02113,9.74387,-9.54584,,,,,,,,,,,,,,,,,,,,,,,,,,,,,,,,,,,,,,,,,,,,,,,,,,,High,High,High,,,,,
72,2025-03-04,14:45:00.55,8,3,"Hunt, Devin",10277363,Right,HOL_CRU,"Hull, Owen",10054797,Left,GEO_PAT,Undefined,2,Bottom,1,1,1,Sinker,Sinker,InPlay,Undefined,Bunt,Single,0,0,,91.07746,-0.816868,-2.484606,2082.530965,244.020317,2:15,5.71686,2.28137,5.26516,-25.41332,9.02249,16.31591,2.83088,1.30533,83.42495,-5.492889,0.40868,0.422354,16.90012,7.19435,-31.199332,1209.184089,,,,15.54969,14.85605,-31.381019,0.550861,-8.90394,5.0465,-2.0666,50,5.62336,4.99117,-132.15509,-2.84928,-15.78,27.6064,-23.23045,GEO_PAT,HOL_CRU,SpuhlerFieldMain,D1,A10,20250304-SpuhlerFieldMain-1,29455ca0-f931-11ef-9e84-f3ebf856d060,89.2437,3.15963,,7.65251,,,,1.81653,3.00617,-1.31892,677a001a-4aeb-4bee-826e-3fb235647512,2025-03-04,19:45:00.55,2025-03-04T14:45:00.5520384-05:00,2025-03-04T19:45:00.5520384Z,GroundBall,v3,471300,471313,,"Coughlin, Van",1000265863,Right,HOL_CRU,a5f18e9b-a0c8-4fdb-9d85-886560783469,55.23874,-133.24494,13.8032,5.71774,-1.93219,-11.61522,-2.27594,5.61414,-7.89,232.513219,1.81653,21.035,-0.49469,0.15745,-0.09343,-0.05328,0.6291,-1.02765,0.55076,3.00617,3.10416,-15.69851,0.28407,-0.03445,0.38662,-1.21918,1.55103,-0.74615,-1.31892,-12.73895,0.90391,-0.26145,0.16136,0.10331,-1.13045,1.83413,-0.9806,,,,,,,,,,,,,,,,,,,,,,,High,High,High,High,High,,,
73,2025-03-04,14:45:49.14,9,1,"Hunt, Devin",10277363,Right,HOL_CRU,"Quinn-Irons, Jaime",1000216379,Right,GEO_PAT,Undefined,2,Bottom,1,0,0,Slider,Curveball,StrikeSwinging,Undefined,Undefined,Undefined,0,1,,76.08323,1.124819,-1.520047,1691.789301,59.46916,8:00,5.47206,2.1064,4.92034,-50.49652,-0.03996,-2.93685,2.32804,0.42412,69.40209,-8.021725,-2.03792,0.511246,,,,,,,,,,,,0.99453,0.1248,-1.95548,50,5.53973,3.04444,-110.25547,0.39823,1.21449,21.05439,-32.02164,GEO_PAT,HOL_CRU,SpuhlerFieldMain,D1,A10,20250304-SpuhlerFieldMain-1,464a4180-f931-11ef-9e84-f3ebf856d060,73.72655,,,6.68115,,,,,,,677a001a-4aeb-4bee-826e-3fb235647512,2025-03-04,19:45:49.14,2025-03-04T14:45:49.1430000-05:00,2025-03-04T19:45:49.1430000Z,,v3,471300,471313,,"Coughlin, Van",1000265863,Right,HOL_CRU,650c1787-a835-4302-a63f-dc694c519e89,55.58145,-111.3162,10.5272,5.47903,2.01149,-16.01082,-2.10731,2.98325,0.60724,,,,,,,,,,,,,,,,,,,,,,,,,,,,,78.89865,2.070712,0.74327,1.327441,0.69659,2.22565,-0.39845,-0.57493,6.16624,0.52066,127.289,2.69716,-0.10384,-0.31716,112.34577,-12.39182,6.15697,11.15907,-10.36933,0.46576,-2.96922,1.94982,High,High,High,,,High,High,High
74,2025-03-04,14:46:26.20,9,2,"Hunt, Devin",10277363,Right,HOL_CRU,"Quinn-Irons, Jaime",1000216379,Right,GEO_PAT,Undefined,2,Bottom,1,0,1,Sinker,Sinker,BallCalled,Undefined,Undefined,Undefined,0,0,,89.13135,-2.308603,-3.834332,1939.500109,231.393705,1:45,5.67545,1.77898,5.47575,-24.55474,11.10489,12.55461,1.46281,-0.76835,82.09306,-6.831431,-1.603521,0.429793,,,,,,,,,,,,-7.30721,6.52851,-1.45034,50,5.45538,8.09919,-129.13733,-6.09218,-12.43026,25.03774,-21.06842,GEO_PAT,HOL_CRU,SpuhlerFieldMain,D1,A10,20250304-SpuhlerFieldMain-1,5c40f790-f931-11ef-9e84-f3ebf856d060,87.69897,,,7.03829,,,,,,,677a001a-4aeb-4bee-826e-3fb235647512,2025-03-04,19:46:26.20,2025-03-04T14:46:26.2033920-05:00,2025-03-04T19:46:26.2033920Z,,v3,471300,471313,,"Coughlin, Van",1000265863,Right,HOL_CRU,36c60f8f-cc5d-470c-860f-298dc12041da,55.02677,-130.10829,12.51887,5.67579,-5.27515,-10.53421,-1.77378,8.58124,-6.21513,,,,,,,,,,,,,,,,,,,,,,,,,,,,,,,,,,,,,,,,,,,,,,,,,,,High,High,High,,,,,
75,2025-03-04,14:46:46.80,9,3,"Hunt, Devin",10277363,Right,HOL_CRU,"Quinn-Irons, Jaime",1000216379,Right,GEO_PAT,Undefined,2,Bottom,1,1,1,Sinker,Changeup,HitByPitch,Undefined,Undefined,Undefined,0,0,,87.38765,0.168805,-1.243969,1964.56114,251.561163,2:30,5.73647,2.48378,5.0897,-29.72907,7.37028,19.16029,3.4182,2.9078,81.15835,-5.241377,2.14484,0.438384,,,,,,,,,,,,-9.99465,3.89091,-2.38239,50,5.72884,1.93278,-127.0861,-0.75433,-16.6029,22.20449,-25.71056,GEO_PAT,HOL_CRU,SpuhlerFieldMain,D1,A10,20250304-SpuhlerFieldMain-1,689f9fa0-f931-11ef-9e84-f3ebf856d060,85.98045,,,6.22929,,,,,,,677a001a-4aeb-4bee-826e-3fb235647512,2025-03-04,19:46:46.80,2025-03-04T14:46:46.8040704-05:00,2025-03-04T19:46:46.8040704Z,,v3,471300,471313,,"Coughlin, Van",1000265863,Right,HOL_CRU,d7451468-1da2-4d0a-b79a-bb1f1883e6d4,55.417,-128.02906,11.10224,5.73769,0.33752,-12.85528,-2.47944,2.63786,-8.30145,,,,,,,,,,,,,,,,,,,,,,,,,,,,,,,,,,,,,,,,,,,,,,,,,,,High,High,High,,,,,
76,2025-03-04,14:47:25.74,10,1,"Hunt, Devin",10277363,Right,HOL_CRU,"Butler, Jake",1000176047,Right,GEO_PAT,Undefined,2,Bottom,1,0,0,Sinker,Sinker,BallCalled,Undefined,Undefined,Undefined,0,0,,90.74681,-1.768801,-4.971428,2072.737281,231.809778,1:45,5.74331,1.60203,5.45482,-21.65021,12.73737,14.90182,2.27645,-1.82196,83.63699,-5.772255,-2.332101,0.422058,,,,,,,,,,,,-8.70937,7.16528,-1.17277,50,5.57179,10.75204,-131.37053,-4.84238,-15.39048,24.9152,-19.51215,GEO_PAT,HOL_CRU,SpuhlerFieldMain,D1,A10,20250304-SpuhlerFieldMain-1,7fbe33e0-f931-11ef-9e84-f3ebf856d060,89.30628,,,7.10982,,,,,,,677a001a-4aeb-4bee-826e-3fb235647512,2025-03-04,19:47:25.74,2025-03-04T14:47:25.7414656-05:00,2025-03-04T19:47:25.7414656Z,,v3,471300,471313,,"Coughlin, Van",1000265863,Right,HOL_CRU,d8323a6f-747e-4691-b4d9-bd1fc87a6281,55.04814,-132.32448,12.4576,5.7429,-4.09531,-9.75608,-1.59572,11.3413,-7.69524,,,,,,,,,,,,,,,,,,,,,,,,,,,,,,,,,,,,,,,,,,,,,,,,,,,High,High,High,,,,,
77,2025-03-04,14:48:16.36,10,2,"Hunt, Devin",10277363,Right,HOL_CRU,"Butler, Jake",1000176047,Right,GEO_PAT,Undefined,2,Bottom,1,1,0,Sinker,Sinker,FoulBallNotFieldable,Undefined,Undefined,Undefined,0,0,,88.46098,-1.333399,-3.568241,2020.410671,245.655688,2:15,5.64262,2.03438,5.41591,-25.15993,11.12875,22.11753,2.29412,0.53029,81.19009,-5.979425,0.360653,0.433568,90.64245,24.137609,-32.831607,2084.11619,88.15812,40.13778,-65.78858,292.78863,262.35189,-45.121904,3.535955,-12.22446,6.28209,-1.73329,50,5.50633,7.05251,-128.29892,-3.88596,-20.45889,25.53073,-21.66031,GEO_PAT,HOL_CRU,SpuhlerFieldMain,D1,A10,20250304-SpuhlerFieldMain-1,9df8d9a0-f931-11ef-9e84-f3ebf856d060,86.93554,46.19138,,7.27089,,,,2.27285,2.31347,-0.35295,677a001a-4aeb-4bee-826e-3fb235647512,2025-03-04,19:48:16.36,2025-03-04T14:48:16.3637760-05:00,2025-03-04T19:48:16.3637760Z,LineDrive,v3,471300,471313,,"Coughlin, Van",1000265863,Right,HOL_CRU,1ecc6041-8d35-4836-a612-26c11cd480d9,55.08952,-129.30774,12.76537,5.64297,-3.03008,-10.83015,-2.02794,7.86092,-10.22945,,2.27285,101.93902,-23.86737,5.82902,-1.29732,0.25642,-0.03786,0.00318,-0.0001,2.31355,54.36324,-18.62705,1.39402,-0.27349,0.09025,-0.0324,0.00658,-0.00052,-0.35295,-65.77521,3.82861,-0.90866,0.19881,-0.03992,0.00634,-0.00062,3E-05,,,,,,,,,,,,,,,,,,,,,,,High,High,High,High,Medium,,,
78,2025-03-04,14:49:00.18,10,3,"Hunt, Devin",10277363,Right,HOL_CRU,"Butler, Jake",1000176047,Right,GEO_PAT,Undefined,2,Bottom,1,1,1,Slider,Curveball,BallCalled,Undefined,Undefined,Undefined,0,0,,76.18443,-0.559845,-2.623435,1784.427468,87.798444,9:00,5.59211,2.07,4.79159,-49.02148,1.4511,-4.9874,0.97582,-0.83369,69.9934,-9.373323,-3.500585,0.511328,,,,,,,,,,,,1.70764,1.29532,-1.80334,50,5.49333,5.25674,-110.3686,-2.80803,2.09552,20.58338,-30.58449,GEO_PAT,HOL_CRU,SpuhlerFieldMain,D1,A10,20250304-SpuhlerFieldMain-1,b83046a0-f931-11ef-9e84-f3ebf856d060,73.71486,,,6.19104,,,,,,,677a001a-4aeb-4bee-826e-3fb235647512,2025-03-04,19:49:00.18,2025-03-04T14:49:00.1897984-05:00,2025-03-04T19:49:00.1897984Z,,v3,471300,471313,,"Coughlin, Van",1000265863,Right,HOL_CRU,5d72e39a-d643-4c20-b567-6f1e39526b9b,55.71147,-111.42868,10.29169,5.59739,-1.23287,-15.29224,-2.07129,5.14881,1.04776,,,,,,,,,,,,,,,,,,,,,,,,,,,,,,,,,,,,,,,,,,,,,,,,,,,High,High,High,,,,,
79,2025-03-04,14:49:43.81,10,4,"Hunt, Devin",10277363,Right,HOL_CRU,"Butler, Jake",1000176047,Right,GEO_PAT,Undefined,2,Bottom,1,2,1,Sinker,Sinker,HitByPitch,Undefined,Undefined,Undefined,0,0,,88.75167,0.27523,-1.914243,2073.588792,240.641665,2:00,5.72143,2.04843,5.2539,-24.86206,11.4015,18.27032,3.90836,1.77152,81.16928,-4.321001,1.324873,0.433418,,,,,,,,,,,,-9.75008,5.95662,-1.88724,50,5.72848,3.49606,-128.83612,-0.28469,-16.41188,26.39926,-22.14755,GEO_PAT,HOL_CRU,SpuhlerFieldMain,D1,A10,20250304-SpuhlerFieldMain-1,d21e2780-f931-11ef-9e84-f3ebf856d060,86.96562,,,7.58238,,,,,,,677a001a-4aeb-4bee-826e-3fb235647512,2025-03-04,19:49:43.81,2025-03-04T14:49:43.8177280-05:00,2025-03-04T19:49:43.8177280Z,,v3,471300,471313,,"Coughlin, Van",1000265863,Right,HOL_CRU,abb059e4-ccc4-4580-ad6f-aa182f9008f4,55.2502,-129.90746,13.19963,5.72179,0.6141,-11.07378,-2.04263,4.16209,-8.20594,,,,,,,,,,,,,,,,,,,,,,,,,,,,,,,,,,,,,,,,,,,,,,,,,,,High,High,High,,,,,
80,2025-03-04,14:50:26.06,11,1,"Hunt, Devin",10277363,Right,HOL_CRU,"Raymond, Andrew",10148052,Left,GEO_PAT,Undefined,2,Bottom,1,0,0,Sinker,Sinker,BallCalled,Undefined,Undefined,Undefined,0,0,,90.93278,-0.392218,-2.717535,2067.814849,248.495986,2:15,5.61054,2.20019,5.40627,-25.32088,8.90815,20.016,3.13253,1.3199,83.55744,-5.059141,0.840138,0.421084,,,,,,,,,,,,-10.74068,4.89697,-1.97231,50,5.55791,5.34802,-132.01079,-1.84892,-19.07981,26.34872,-23.47503,GEO_PAT,HOL_CRU,SpuhlerFieldMain,D1,A10,20250304-SpuhlerFieldMain-1,eb3641d0-f931-11ef-9e84-f3ebf856d060,89.51288,,,7.37534,,,,,,,677a001a-4aeb-4bee-826e-3fb235647512,2025-03-04,19:50:26.06,2025-03-04T14:50:26.0646912-05:00,2025-03-04T19:50:26.0646912Z,,v3,471300,471313,,"Coughlin, Van",1000265863,Right,HOL_CRU,509c8f08-facb-43cc-a0ec-4da803dc968f,55.09731,-133.0243,13.17436,5.61166,-0.94595,-11.73751,-2.19214,6.08192,-9.53991,,,,,,,,,,,,,,,,,,,,,,,,,,,,,,,,,,,,,,,,,,,,,,,,,,,High,High,High,,,,,
81,2025-03-04,14:50:44.24,11,2,"Hunt, Devin",10277363,Right,HOL_CRU,"Raymond, Andrew",10148052,Left,GEO_PAT,Undefined,2,Bottom,1,1,0,Sinker,Sinker,BallCalled,Undefined,Undefined,Undefined,0,0,,91.04325,-0.05462,-3.665488,2066.67669,240.815103,2:00,5.64831,2.00465,5.70571,-22.23556,11.56016,18.89099,3.74435,0.15877,83.56354,-4.197531,-0.294757,0.41841,,,,,,,,,,,,-10.49701,6.19839,-1.70861,50,5.62989,7.62109,-132.10577,-0.8932,-18.68827,26.18189,-21.1388,GEO_PAT,HOL_CRU,SpuhlerFieldMain,D1,A10,20250304-SpuhlerFieldMain-1,f609dd10-f931-11ef-9e84-f3ebf856d060,90.0849,,,7.47971,,,,,,,677a001a-4aeb-4bee-826e-3fb235647512,2025-03-04,19:50:44.24,2025-03-04T14:50:44.2415104-05:00,2025-03-04T19:50:44.2415104Z,,v3,471300,471313,,"Coughlin, Van",1000265863,Right,HOL_CRU,2bc558a8-26f2-4ce8-bd1e-cc9550f33fc8,54.7974,-133.05316,13.09095,5.64837,-0.12829,-10.5694,-1.99662,8.29732,-9.34413,,,,,,,,,,,,,,,,,,,,,,,,,,,,,,,,,,,,,,,,,,,,,,,,,,,High,High,High,,,,,
82,2025-03-04,14:51:05.70,11,3,"Hunt, Devin",10277363,Right,HOL_CRU,"Raymond, Andrew",10148052,Left,GEO_PAT,Undefined,2,Bottom,1,2,0,Sinker,Sinker,FoulBallNotFieldable,Undefined,Undefined,Undefined,0,0,,90.57968,-0.562196,-3.365819,2057.174177,249.078504,2:15,5.50529,2.29313,5.43743,-26.13868,8.1293,18.7597,2.79966,0.70081,83.77174,-5.361914,-0.032164,0.421324,92.49164,43.626496,-26.954103,5227.584141,88.43647,92.85804,-65.41349,275.32898,129.4748,-47.318178,5.376159,-10.32414,4.5152,-2.00851,50,5.43721,6.90841,-131.53332,-2.26543,-18.32859,24.40722,-24.15815,GEO_PAT,HOL_CRU,SpuhlerFieldMain,D1,A10,20250304-SpuhlerFieldMain-1,02eecc20-f932-11ef-9e84-f3ebf856d060,89.46199,108.13009,,6.80794,,,,1.12365,2.76535,-0.69312,677a001a-4aeb-4bee-826e-3fb235647512,2025-03-04,19:51:05.70,2025-03-04T14:51:05.7005056-05:00,2025-03-04T19:51:05.7005056Z,FlyBall,v3,471300,471313,,"Coughlin, Van",1000265863,Right,HOL_CRU,2ff2596b-2117-4a07-baa3-34ec2fac5534,55.06799,-132.47039,12.20361,5.50638,-1.33792,-12.07908,-2.28725,7.6121,-9.16429,143.615166,1.16695,86.69295,-24.88483,3.25098,1.85726,-1.1949,0.29265,-0.03354,0.00148,2.76386,93.57893,-24.55958,1.3666,0.68794,-0.48821,0.14232,-0.01964,0.00104,-0.68467,-44.64833,-0.99118,1.63267,-0.55067,0.1481,-0.03488,0.00509,-0.0003,,,,,,,,,,,,,,,,,,,,,,,High,High,High,High,Low,,,
83,2025-03-04,14:51:39.85,11,4,"Hunt, Devin",10277363,Right,HOL_CRU,"Raymond, Andrew",10148052,Left,GEO_PAT,Undefined,2,Bottom,1,2,1,Sinker,Sinker,InPlay,Undefined,Bunt,Error,0,3,,89.88784,-0.438599,-2.575212,2068.077373,241.078492,2:00,5.66071,1.96272,5.30472,-24.7884,10.10213,16.54997,3.18284,0.92268,83.22704,-4.989862,0.360717,0.425133,89.31104,-72.576388,-14.798413,,,,,1.73821,1.09807,-42.919762,0.024625,-8.95894,5.46225,-1.74134,50,5.60277,5.13734,-130.60071,-1.92355,-15.70043,23.72489,-22.60155,GEO_PAT,HOL_CRU,SpuhlerFieldMain,D1,A10,20250304-SpuhlerFieldMain-1,174b8140-f932-11ef-9e84-f3ebf856d060,88.66027,3.08628,,6.6608,,,,0.33645,3.08628,-0.93628,677a001a-4aeb-4bee-826e-3fb235647512,2025-03-04,19:51:39.85,2025-03-04T14:51:39.8509056-05:00,2025-03-04T19:51:39.8509056Z,GroundBall,v3,471300,471313,,"Coughlin, Van",1000265863,Right,HOL_CRU,2475c38c-4eb1-4543-90fa-5345d78477b7,55.20024,-131.542,11.86245,5.66129,-1.02684,-11.30077,-1.95752,5.76025,-7.85022,,0.33603,38.02771,,,,,,,,3.08766,-125.32865,,,,,,,,-0.93617,-10.04623,,,,,,,,,,,,,,,,,,,,,,,,,,,,,,High,High,High,Estimated,Estimated,,,
84,2025-03-04,14:52:34.93,12,1,"Hunt, Devin",10277363,Right,HOL_CRU,"Clyne, Owen",1000230336,Left,GEO_PAT,Undefined,2,Bottom,1,0,0,Sinker,Sinker,InPlay,Undefined,GroundBall,Single,0,1,,89.34985,-1.79349,-3.614236,2072.622152,227.807663,1:30,5.62292,2.01683,5.36869,-21.91714,13.99237,14.12229,2.11089,-0.19978,81.444,-5.870786,-1.109774,0.431297,103.23951,3.011554,1.031337,655.971915,,,,75.98508,55.35405,0.687628,0.541278,-8.17654,7.89441,-1.70273,50,5.44638,7.54727,-129.40066,-4.82399,-13.82692,27.67263,-18.8242,GEO_PAT,HOL_CRU,SpuhlerFieldMain,D1,A10,20250304-SpuhlerFieldMain-1,381eac30-f932-11ef-9e84-f3ebf856d060,87.39328,2.76602,,7.90585,,,,1.05448,2.08385,0.21072,677a001a-4aeb-4bee-826e-3fb235647512,2025-03-04,19:52:34.93,2025-03-04T14:52:34.9317120-05:00,2025-03-04T19:52:34.9317120Z,GroundBall,v3,471300,471313,,"Coughlin, Van",1000265863,Right,HOL_CRU,3cc37a71-4ee0-448c-8afa-de404137ba51,55.13411,-130.49398,13.83632,5.62228,-4.08026,-9.4121,-2.01171,8.09356,-6.91346,22.313867,1.08532,150.41415,-22.35734,,,,,,,2.10837,7.34155,-20.83795,,,,,,,0.21631,2.58134,-2.41231,,,,,,,,,,,,,,,,,,,,,,,,,,,,,High,High,High,High,Medium,,,
85,2025-03-04,14:53:28.52,13,1,"Hunt, Devin",10277363,Right,HOL_CRU,"Wall, Jonny",1000119703,Right,GEO_PAT,Undefined,2,Bottom,1,0,0,Slider,Curveball,BallCalled,Undefined,Undefined,Undefined,0,0,,77.19094,-1.177181,-4.084365,1607.022199,36.712033,7:15,5.4796,1.84159,4.92713,-50.25235,-0.71299,-1.83945,0.17603,-2.17952,70.39971,-10.218607,-4.408057,0.506578,,,,,,,,,,,,-0.40114,0.51323,-1.44132,50,5.32286,8.03946,-111.53918,-4.07562,-0.49789,22.82318,-31.537,GEO_PAT,HOL_CRU,SpuhlerFieldMain,D1,A10,20250304-SpuhlerFieldMain-1,581e8190-f932-11ef-9e84-f3ebf856d060,74.40593,,,6.79123,,,,,,,677a001a-4aeb-4bee-826e-3fb235647512,2025-03-04,19:53:28.52,2025-03-04T14:53:28.5226496-05:00,2025-03-04T19:53:28.5226496Z,,v3,471300,471313,,"Coughlin, Van",1000265863,Right,HOL_CRU,f7a4f6d5-d05a-440d-8d42-42366e39e7ec,55.5742,-112.674,11.41159,5.48653,-2.50752,-15.7685,-1.84167,8.06422,-0.24895,,,,,,,,,,,,,,,,,,,,,,,,,,,,,,,,,,,,,,,,,,,,,,,,,,,High,High,High,,,,,
86,2025-03-04,14:53:50.87,13,2,"Hunt, Devin",10277363,Right,HOL_CRU,"Wall, Jonny",1000119703,Right,GEO_PAT,Undefined,2,Bottom,1,1,0,Slider,Curveball,BallCalled,Undefined,Undefined,Undefined,0,0,,76.53076,0.040203,-3.180568,1594.720699,129.131647,10:15,5.43103,1.97857,4.91543,-47.01384,2.95146,-1.56551,1.55129,-1.16247,69.9335,-8.465337,-3.4561,0.508752,,,,,,,,,,,,-0.17909,1.93339,-1.66631,50,5.39585,6.2195,-110.78206,-1.56247,-0.22094,21.15541,-29.7891,GEO_PAT,HOL_CRU,SpuhlerFieldMain,D1,A10,20250304-SpuhlerFieldMain-1,655476d0-f932-11ef-9e84-f3ebf856d060,74.08811,,,6.59726,,,,,,,677a001a-4aeb-4bee-826e-3fb235647512,2025-03-04,19:53:50.87,2025-03-04T14:53:50.8735488-05:00,2025-03-04T19:53:50.8735488Z,,v3,471300,471313,,"Coughlin, Van",1000265863,Right,HOL_CRU,605ffcf8-e4d4-4c27-b7fc-d15816b74edc,55.58569,-111.84364,10.57771,5.43675,-0.06765,-14.89455,-1.97868,6.23059,-0.11047,,,,,,,,,,,,,,,,,,,,,,,,,,,,,,,,,,,,,,,,,,,,,,,,,,,High,High,High,,,,,
87,2025-03-04,14:54:14.73,13,3,"Hunt, Devin",10277363,Right,HOL_CRU,"Wall, Jonny",1000119703,Right,GEO_PAT,Undefined,2,Bottom,1,2,0,Sinker,Sinker,BallCalled,Undefined,Undefined,Undefined,0,0,,88.58084,-1.587963,-1.666751,1950.836177,237.488939,2:00,5.75255,1.64696,5.20642,-26.69761,10.02292,13.81142,2.03325,1.22989,80.77002,-6.500328,0.78205,0.43614,,,,,,,,,,,,-7.40107,5.82201,-1.5036,50,5.58561,3.11163,-128.43049,-4.54966,-12.30448,27.7451,-22.49483,GEO_PAT,HOL_CRU,SpuhlerFieldMain,D1,A10,20250304-SpuhlerFieldMain-1,739b8df0-f932-11ef-9e84-f3ebf856d060,86.42282,,,7.81083,,,,,,,677a001a-4aeb-4bee-826e-3fb235647512,2025-03-04,19:54:14.73,2025-03-04T14:54:14.7384832-05:00,2025-03-04T19:54:14.7384832Z,,v3,471300,471313,,"Coughlin, Van",1000265863,Right,HOL_CRU,d53adb8f-0d6d-45ff-8970-056011c4e7d7,55.29553,-129.56944,13.87255,5.75343,-3.62623,-11.24742,-1.64171,3.61673,-6.15224,,,,,,,,,,,,,,,,,,,,,,,,,,,,,,,,,,,,,,,,,,,,,,,,,,,High,High,High,,,,,
88,2025-03-04,14:54:38.38,13,4,"Hunt, Devin",10277363,Right,HOL_CRU,"Wall, Jonny",1000119703,Right,GEO_PAT,Undefined,2,Bottom,1,3,0,Sinker,Changeup,BallCalled,Walk,Undefined,Undefined,0,0,,86.95653,-0.004733,-2.004073,1874.701208,253.800114,2:30,5.71399,1.68822,5.32993,-31.70687,6.19315,17.02788,3.06731,1.22592,79.22149,-5.833827,1.020697,0.443089,,,,,,,,,,,,-9.07733,3.48969,-1.51954,50,5.69094,3.65147,-126.12988,-1.17979,-14.56128,26.66345,-26.57613,GEO_PAT,HOL_CRU,SpuhlerFieldMain,D1,A10,20250304-SpuhlerFieldMain-1,819d37a0-f932-11ef-9e84-f3ebf856d060,85.0674,,,7.73504,,,,,,,677a001a-4aeb-4bee-826e-3fb235647512,2025-03-04,19:54:38.38,2025-03-04T14:54:38.3885824-05:00,2025-03-04T19:54:38.3885824Z,,v3,471300,471313,,"Coughlin, Van",1000265863,Right,HOL_CRU,cf50349d-4dab-4668-88f0-80cae793920c,55.17165,-127.21845,13.33173,5.71696,-0.09478,-13.28806,-1.68075,4.24595,-7.28064,,,,,,,,,,,,,,,,,,,,,,,,,,,,,,,,,,,,,,,,,,,,,,,,,,,High,High,High,,,,,
89,2025-03-04,14:57:33.59,14,1,"Nesson, Andrew",1000153811,Right,HOL_CRU,"Blanchard, Evan",10073877,Right,GEO_PAT,Undefined,2,Bottom,1,0,0,Fastball,Four-Seam,BallCalled,Undefined,Undefined,Undefined,0,0,,85.60722,-4.100589,-3.915774,2065.510531,210.914584,1:00,6.08045,1.42397,5.09093,-18.50903,21.32993,11.93422,0.65747,-1.27796,77.91795,-7.564343,-1.811938,0.454282,,,,,,,,,,,,-7.10174,12.2239,-1.06301,50,5.67733,7.93099,-123.56553,-9.46993,-10.92502,25.77134,-13.36934,GEO_PAT,HOL_CRU,SpuhlerFieldMain,D1,A10,20250304-SpuhlerFieldMain-1,ea1ee8f0-f932-11ef-9e84-f3ebf856d060,82.9715,,,7.68926,,,,,,,677a001a-4aeb-4bee-826e-3fb235647512,2025-03-04,19:57:33.59,2025-03-04T14:57:33.5988736-05:00,2025-03-04T19:57:33.5988736Z,,v3,471300,471313,,"Coughlin, Van",1000265863,Right,HOL_CRU,dab55379-d82f-4e57-b239-99b5c5ba3e44,55.41043,-124.68885,12.88567,6.07741,-8.88719,-6.68467,-1.41908,8.40719,-5.46251,,,,,,,,,,,,,,,,,,,,,,,,,,,,,,,,,,,,,,,,,,,,,,,,,,,High,High,High,,,,,
90,2025-03-04,14:57:57.91,14,2,"Nesson, Andrew",1000153811,Right,HOL_CRU,"Blanchard, Evan",10073877,Right,GEO_PAT,Undefined,2,Bottom,1,1,0,Fastball,Four-Seam,StrikeCalled,Undefined,Undefined,Undefined,0,0,,85.91575,-2.97679,-2.937884,2137.615695,207.373806,1:00,5.99662,1.54527,5.04789,-18.65643,20.2667,9.88127,1.62777,-0.40494,79.18882,-6.43976,-1.194892,0.44903,,,,,,,,,,,,-5.67111,11.1902,-1.27332,50,5.69791,5.9519,-124.46639,-7.10435,-8.97679,22.86761,-14.46101,GEO_PAT,HOL_CRU,SpuhlerFieldMain,D1,A10,20250304-SpuhlerFieldMain-1,f8ab1f60-f932-11ef-9e84-f3ebf856d060,83.94197,,,6.72693,,,,,,,677a001a-4aeb-4bee-826e-3fb235647512,2025-03-04,19:57:57.91,2025-03-04T14:57:57.9197952-05:00,2025-03-04T19:57:57.9197952Z,,v3,471300,471313,,"Coughlin, Van",1000265863,Right,HOL_CRU,fdc34d22-0312-4593-af37-e0a25e6f126c,55.45495,-125.46459,11.4338,5.99425,-6.4731,-7.23051,-1.54168,6.34376,-4.4884,,,,,,,,,,,,,,,,,,,,,,,,,,,,,,,,,,,,,,,,,,,,,,,,,,,High,High,High,,,,,
91,2025-03-04,14:58:17.97,14,3,"Nesson, Andrew",1000153811,Right,HOL_CRU,"Blanchard, Evan",10073877,Right,GEO_PAT,Undefined,2,Bottom,1,1,1,Fastball,Four-Seam,FoulBallNotFieldable,Undefined,Undefined,Undefined,0,0,,85.94158,-3.118068,-2.293399,2155.358399,211.976877,1:00,6.05267,1.51938,4.91194,-18.89316,20.30281,11.90717,1.52439,0.34175,78.99005,-6.620707,-0.196196,0.450601,,,,,,,,,,,,-6.55548,11.25816,-1.30591,50,5.73249,4.45958,-124.49997,-7.43483,-10.34249,23.78419,-14.41226,GEO_PAT,HOL_CRU,SpuhlerFieldMain,D1,A10,20250304-SpuhlerFieldMain-1,0497a4b0-f933-11ef-9e84-f3ebf856d060,83.64929,,,6.95153,,,,,,,677a001a-4aeb-4bee-826e-3fb235647512,2025-03-04,19:58:17.97,2025-03-04T14:58:17.9715584-05:00,2025-03-04T19:58:17.9715584Z,,v3,471300,471313,,"Coughlin, Van",1000265863,Right,HOL_CRU,33bc5de1-b00f-4cd5-817f-33ed90b606a1,55.59168,-125.56366,11.8921,6.05057,-6.79028,-7.20613,-1.5157,4.92212,-5.17124,,,,,,,,,,,,,,,,,,,,,,,,,,,,,,,,,,,,,,,,,,,,,,,,,,,High,High,High,,,,,
92,2025-03-04,14:58:46.98,14,4,"Nesson, Andrew",1000153811,Right,HOL_CRU,"Blanchard, Evan",10073877,Right,GEO_PAT,Undefined,2,Bottom,1,1,2,Fastball,Four-Seam,BallCalled,Undefined,Undefined,Undefined,0,0,,86.05586,-3.784005,-3.674247,2192.071049,205.525979,12:45,6.1176,1.3531,5.17029,-16.66635,22.28198,10.03508,1.15494,-1.27335,78.88339,-6.911799,-1.902526,0.449175,,,,,,,,,,,,-6.03012,12.53926,-1.01839,50,5.75169,7.55394,-124.4262,-8.76738,-9.48194,24.26092,-12.45696,GEO_PAT,HOL_CRU,SpuhlerFieldMain,D1,A10,20250304-SpuhlerFieldMain-1,15e98ad0-f933-11ef-9e84-f3ebf856d060,83.91477,,,7.17248,,,,,,,677a001a-4aeb-4bee-826e-3fb235647512,2025-03-04,19:58:46.98,2025-03-04T14:58:46.9821440-05:00,2025-03-04T19:58:46.9821440Z,,v3,471300,471313,,"Coughlin, Van",1000265863,Right,HOL_CRU,96c5ce8e-3c69-48f3-a2bb-06b0fe4f01bf,55.33242,-125.46162,12.13046,6.11452,-8.23573,-6.22848,-1.34941,7.95862,-4.74097,,,,,,,,,,,,,,,,,,,,,,,,,,,,,,,,,,,,,,,,,,,,,,,,,,,High,High,High,,,,,
93,2025-03-04,14:59:06.82,14,5,"Nesson, Andrew",1000153811,Right,HOL_CRU,"Blanchard, Evan",10073877,Right,GEO_PAT,Undefined,2,Bottom,1,2,2,ChangeUp,Changeup,HitByPitch,Undefined,Undefined,Undefined,0,0,,80.62701,0.901185,-1.743116,2044.041248,236.63993,2:00,6.02626,1.5013,5.20037,-30.07915,13.98678,19.15753,4.36779,1.45766,73.73205,-4.655355,1.649635,0.477774,,,,,,,,,,,,-10.12052,7.13532,-1.35518,50,6.08741,2.78144,-117.00957,0.8417,-14.04352,21.89189,-22.2729,GEO_PAT,HOL_CRU,SpuhlerFieldMain,D1,A10,20250304-SpuhlerFieldMain-1,21bb3520-f933-11ef-9e84-f3ebf856d060,78.89171,,,6.89496,,,,,,,677a001a-4aeb-4bee-826e-3fb235647512,2025-03-04,19:59:06.82,2025-03-04T14:59:06.8296192-05:00,2025-03-04T19:59:06.8296192Z,,v3,471300,471313,,"Coughlin, Van",1000265863,Right,HOL_CRU,39beeae9-43fb-4e7d-9f77-d2e4900d4312,55.30313,-117.99759,10.94594,6.02674,1.84691,-11.13645,-1.49501,3.41525,-7.02176,,,,,,,,,,,,,,,,,,,,,,,,,,,,,,,,,,,,,,,,,,,,,,,,,,,High,High,High,,,,,
94,2025-03-04,14:59:39.88,15,1,"Nesson, Andrew",1000153811,Right,HOL_CRU,"Canody, Andrew",10032066,Right,GEO_PAT,Undefined,2,Bottom,1,0,0,Fastball,Four-Seam,StrikeCalled,Undefined,Undefined,Undefined,0,0,,85.77425,-3.249548,-2.363848,2086.610918,209.061508,1:00,6.09206,1.42145,5.06598,-17.48477,22.02714,11.4839,1.56491,0.14817,78.08052,-6.538222,-0.33589,0.452413,,,,,,,,,,,,-6.43815,12.31579,-1.20647,50,5.76978,4.61767,-124.11808,-7.60704,-9.99487,25.95863,-13.0545,GEO_PAT,HOL_CRU,SpuhlerFieldMain,D1,A10,20250304-SpuhlerFieldMain-1,3570adc0-f933-11ef-9e84-f3ebf856d060,83.31416,,,7.69373,,,,,,,677a001a-4aeb-4bee-826e-3fb235647512,2025-03-04,19:59:39.88,2025-03-04T14:59:39.8841856-05:00,2025-03-04T19:59:39.8841856Z,,v3,471300,471313,,"Coughlin, Van",1000265863,Right,HOL_CRU,ac7094c2-e247-4695-a9b6-da9fb7e61a4c,55.43599,-125.24983,12.97931,6.08903,-7.03789,-6.52725,-1.41729,5.05343,-4.99743,,,,,,,,,,,,,,,,,,,,,,,,,,,,,,,,,,,,,,,,,,,,,,,,,,,High,High,High,,,,,
95,2025-03-04,14:59:57.03,15,2,"Nesson, Andrew",1000153811,Right,HOL_CRU,"Canody, Andrew",10032066,Right,GEO_PAT,Undefined,2,Bottom,1,0,1,Fastball,Four-Seam,BallCalled,Undefined,Undefined,Undefined,0,0,,86.13743,-0.08434,-0.814377,2114.192132,204.834541,12:45,6.09343,1.23562,5.0379,-14.69343,24.7186,10.7828,4.7894,1.36582,77.46895,-2.924404,1.089679,0.451841,,,,,,,,,,,,-5.55528,12.63186,-1.16676,50,6.07462,1.27138,-124.7449,-0.58456,-8.63654,28.22842,-12.53592,GEO_PAT,HOL_CRU,SpuhlerFieldMain,D1,A10,20250304-SpuhlerFieldMain-1,3f8d2e00-f933-11ef-9e84-f3ebf856d060,83.41965,,,8.66849,,,,,,,677a001a-4aeb-4bee-826e-3fb235647512,2025-03-04,19:59:57.03,2025-03-04T14:59:57.0343936-05:00,2025-03-04T19:59:57.0343936Z,,v3,471300,471313,,"Coughlin, Van",1000265863,Right,HOL_CRU,f78b8954-6bfa-4554-ac8f-530d90f26331,55.45956,-125.97428,14.11421,6.08819,-0.03861,-6.26796,-1.23032,1.64752,-4.31827,,,,,,,,,,,,,,,,,,,,,,,,,,,,,,,,,,,,,,,,,,,,,,,,,,,High,High,High,,,,,
96,2025-03-04,15:00:16.14,15,3,"Nesson, Andrew",1000153811,Right,HOL_CRU,"Canody, Andrew",10032066,Right,GEO_PAT,Undefined,2,Bottom,1,1,1,ChangeUp,Changeup,BallCalled,Undefined,Undefined,Undefined,0,0,,78.58569,-4.003537,-2.075601,1966.597695,222.929261,1:30,6.01577,1.42316,5.4594,-30.37529,16.12328,13.49453,-0.27174,0.6039,71.94992,-9.589987,0.329799,0.490785,,,,,,,,,,,,-7.57036,9.80438,-1.25015,50,5.64151,3.61858,-113.72699,-8.90028,-9.83877,22.34978,-19.43183,GEO_PAT,HOL_CRU,SpuhlerFieldMain,D1,A10,20250304-SpuhlerFieldMain-1,4b0ce7c0-f933-11ef-9e84-f3ebf856d060,76.80034,,,6.63578,,,,,,,677a001a-4aeb-4bee-826e-3fb235647512,2025-03-04,20:00:16.14,2025-03-04T15:00:16.1423360-05:00,2025-03-04T20:00:16.1423360Z,,v3,471300,471313,,"Coughlin, Van",1000265863,Right,HOL_CRU,40d7acc1-c730-4be1-9c15-eb8ff39d7f3c,55.04446,-114.71405,11.17489,6.01563,-8.04209,-9.71592,-1.41955,4.0531,-4.91939,,,,,,,,,,,,,,,,,,,,,,,,,,,,,,,,,,,,,,,,,,,,,,,,,,,High,High,High,,,,,
97,2025-03-04,15:00:39.93,15,4,"Nesson, Andrew",1000153811,Right,HOL_CRU,"Canody, Andrew",10032066,Right,GEO_PAT,Undefined,2,Bottom,1,2,1,Fastball,Four-Seam,BallCalled,Undefined,Undefined,Undefined,0,0,,86.07363,-2.944221,-3.961897,2129.467491,205.856752,12:45,6.04358,1.45308,5.14075,-19.1484,20.39233,9.17493,1.66636,-1.51902,77.716,-6.548313,-2.343749,0.452578,,,,,,,,,,,,-5.78611,11.47288,-1.08858,50,5.75279,8.18945,-124.25717,-7.01004,-8.93614,27.72659,-14.45519,GEO_PAT,HOL_CRU,SpuhlerFieldMain,D1,A10,20250304-SpuhlerFieldMain-1,591e21d0-f933-11ef-9e84-f3ebf856d060,83.28378,,,8.35763,,,,,,,677a001a-4aeb-4bee-826e-3fb235647512,2025-03-04,20:00:39.93,2025-03-04T15:00:39.9308288-05:00,2025-03-04T20:00:39.9308288Z,,v3,471300,471313,,"Coughlin, Van",1000265863,Right,HOL_CRU,868f2435-ed37-42d9-b6c1-dbf150694971,55.35772,-125.44699,13.86329,6.0403,-6.38973,-7.22759,-1.44824,8.57292,-4.46807,,,,,,,,,,,,,,,,,,,,,,,,,,,,,,,,,,,,,,,,,,,,,,,,,,,High,High,High,,,,,
98,2025-03-04,15:01:00.39,15,5,"Nesson, Andrew",1000153811,Right,HOL_CRU,"Canody, Andrew",10032066,Right,GEO_PAT,Undefined,2,Bottom,1,3,1,Fastball,Four-Seam,BallCalled,Walk,Undefined,Undefined,0,1,,85.18375,-4.370518,-2.041324,2096.941532,217.12137,1:15,6.06825,1.37664,4.99701,-20.54166,20.06989,14.03883,0.21934,0.6184,77.06237,-8.196214,0.437054,0.458666,,,,,,,,,,,,-7.73512,11.82989,-1.19256,50,5.63104,3.77593,-123.01786,-10.09011,-11.67721,27.78864,-14.31523,GEO_PAT,HOL_CRU,SpuhlerFieldMain,D1,A10,20250304-SpuhlerFieldMain-1,65654a40-f933-11ef-9e84-f3ebf856d060,82.17848,,,8.12138,,,,,,,677a001a-4aeb-4bee-826e-3fb235647512,2025-03-04,20:01:00.39,2025-03-04T15:01:00.3928064-05:00,2025-03-04T20:01:00.3928064Z,,v3,471300,471313,,"Coughlin, Van",1000265863,Right,HOL_CRU,a5baf706-78e2-44b8-bc8f-58f17be22c44,55.50557,-124.2553,13.89432,6.06616,-9.45264,-7.15761,-1.37228,4.29592,-5.8386,,,,,,,,,,,,,,,,,,,,,,,,,,,,,,,,,,,,,,,,,,,,,,,,,,,High,High,High,,,,,
99,2025-03-04,15:01:34.27,16,1,"Nesson, Andrew",1000153811,Right,HOL_CRU,"Alberti, Lucas",1000145512,Right,GEO_PAT,Undefined,2,Bottom,1,0,0,Fastball,Four-Seam,BallCalled,Undefined,Undefined,Undefined,0,0,,84.48626,-3.613523,-3.302628,2152.516142,210.895104,1:00,6.04222,1.60288,5.13968,-18.27158,22.40198,12.56327,1.10666,-0.46361,76.98065,-7.045901,-1.08364,0.459016,,,,,,,,,,,,-7.25977,12.64178,-1.30336,50,5.68927,6.50751,-122.13551,-8.29316,-10.92259,24.94315,-13.15402,GEO_PAT,HOL_CRU,SpuhlerFieldMain,D1,A10,20250304-SpuhlerFieldMain-1,79985750-f933-11ef-9e84-f3ebf856d060,82.11579,,,7.50561,,,,,,,677a001a-4aeb-4bee-826e-3fb235647512,2025-03-04,20:01:34.27,2025-03-04T15:01:34.2743552-05:00,2025-03-04T20:01:34.2743552Z,,v3,471300,471313,,"Coughlin, Van",1000265863,Right,HOL_CRU,b8804de1-a056-4798-8fce-192d4f2cbf10,55.36242,-123.22578,12.47158,6.0392,-7.71819,-6.57701,-1.59824,6.98494,-5.4613,,,,,,,,,,,,,,,,,,,,,,,,,,,,,,,,,,,,,,,,,,,,,,,,,,,High,High,High,,,,,
100,2025-03-04,15:02:24.07,16,2,"Nesson, Andrew",1000153811,Right,HOL_CRU,"Alberti, Lucas",1000145512,Right,GEO_PAT,Undefined,2,Bottom,1,1,0,Fastball,Four-Seam,BallCalled,Undefined,Undefined,Undefined,0,0,,85.2624,-1.081917,-2.258494,2081.016355,209.92689,1:00,6.16531,1.70694,5.0376,-18.1604,21.71092,11.73142,3.6303,0.55268,77.54017,-4.505745,-0.188304,0.454466,,,,,,,,,,,,-6.44618,11.45249,-1.50095,50,6.04815,4.34287,-123.54217,-2.90596,-9.93378,25.27716,-14.52538,GEO_PAT,HOL_CRU,SpuhlerFieldMain,D1,A10,20250304-SpuhlerFieldMain-1,972f1bf0-f933-11ef-9e84-f3ebf856d060,82.9378,,,7.72223,,,,,,,677a001a-4aeb-4bee-826e-3fb235647512,2025-03-04,20:02:24.07,2025-03-04T15:02:24.0741376-05:00,2025-03-04T20:02:24.0741376Z,,v3,471300,471313,,"Coughlin, Van",1000265863,Right,HOL_CRU,3f2da51a-91aa-4ec7-8832-7f058819c808,55.46251,-124.65481,12.63858,6.16199,-2.26659,-7.26269,-1.70174,4.78013,-4.96689,,,,,,,,,,,,,,,,,,,,,,,,,,,,,,,,,,,,,,,,,,,,,,,,,,,High,High,High,,,,,
101,2025-03-04,15:02:40.57,16,3,"Nesson, Andrew",1000153811,Right,HOL_CRU,"Alberti, Lucas",1000145512,Right,GEO_PAT,Undefined,2,Bottom,1,2,0,Fastball,Four-Seam,BallCalled,Undefined,Undefined,Undefined,0,0,,84.36265,-3.46248,-2.641565,2047.328347,218.90131,1:15,6.02939,1.38211,5.07502,-20.23253,20.57312,15.4765,1.07148,0.17959,76.97582,-7.23244,0.09236,0.45976,,,,,,,,,,,,-8.5428,11.66485,-1.14454,50,5.68505,4.96838,-122.06192,-8.05345,-12.84117,24.84905,-14.63999,GEO_PAT,HOL_CRU,SpuhlerFieldMain,D1,A10,20250304-SpuhlerFieldMain-1,a120e2b0-f933-11ef-9e84-f3ebf856d060,81.98279,,,7.38683,,,,,,,677a001a-4aeb-4bee-826e-3fb235647512,2025-03-04,20:02:40.57,2025-03-04T15:02:40.5770752-05:00,2025-03-04T20:02:40.5770752Z,,v3,471300,471313,,"Coughlin, Van",1000265863,Right,HOL_CRU,14461637-a551-4bb7-b35b-62f7f61d902c,55.42802,-123.16199,12.42452,6.02722,-7.40534,-7.32,-1.37708,5.53685,-6.42058,,,,,,,,,,,,,,,,,,,,,,,,,,,,,,,,,,,,,,,,,,,,,,,,,,,High,High,High,,,,,
102,2025-03-04,15:02:56.59,16,4,"Nesson, Andrew",1000153811,Right,HOL_CRU,"Alberti, Lucas",1000145512,Right,GEO_PAT,Undefined,2,Bottom,1,3,0,ChangeUp,Changeup,BallCalled,Walk,Undefined,Undefined,0,1,,80.67996,-0.533904,-3.626683,1961.626617,214.338281,1:15,5.87252,1.58171,5.54702,-25.3934,18.02088,11.39678,3.25642,-0.86244,74.03607,-5.270017,-1.600183,0.474228,,,,,,,,,,,,-6.68552,9.64737,-1.27479,50,5.80949,6.95524,-116.96493,-1.86152,-9.3129,20.91777,-18.73531,GEO_PAT,HOL_CRU,SpuhlerFieldMain,D1,A10,20250304-SpuhlerFieldMain-1,aa9ae160-f933-11ef-9e84-f3ebf856d060,79.4816,,,6.64388,,,,,,,677a001a-4aeb-4bee-826e-3fb235647512,2025-03-04,20:02:56.59,2025-03-04T15:02:56.5946880-05:00,2025-03-04T20:02:56.5946880Z,,v3,471300,471313,,"Coughlin, Van",1000265863,Right,HOL_CRU,e08cf4de-2ed8-4876-8fc8-572471d304dd,54.95381,-117.84753,10.45888,5.87136,-1.071,-9.36766,-1.57655,7.34819,-4.65645,,,,,,,,,,,,,,,,,,,,,,,,,,,,,,,,,,,,,,,,,,,,,,,,,,,High,High,High,,,,,
103,,,17,1,"Russotti, Will",10114471,Right,HOL_CRU,"Hull, Owen",10054797,Left,GEO_PAT,Undefined,2,Bottom,1,0,0,Other,,StrikeSwinging,Undefined,Undefined,Undefined,0,0,,,,,,,,,,,,,,,,,,,,,,,,,,,,,,,,,,,,,,,,,,GEO_PAT,HOL_CRU,SpuhlerFieldMain,D1,A10,20250304-SpuhlerFieldMain-1,2362ae20-f934-11ef-9e84-f3ebf856d060,,,,,,,,,,,677a001a-4aeb-4bee-826e-3fb235647512,,,,,,v3,471300,471313,,"Coughlin, Van",1000265863,Right,HOL_CRU,,,,,,,,,,,,,,,,,,,,,,,,,,,,,,,,,,,,,,,,,,,,,,,,,,,,,,,,,,,,,,,,,,,,
104,2025-03-04,15:06:32.08,17,2,"Russotti, Will",10114471,Right,HOL_CRU,"Hull, Owen",10054797,Left,GEO_PAT,Undefined,2,Bottom,1,0,1,ChangeUp,Changeup,InPlay,Undefined,LineDrive,Double,0,3,,79.00287,-0.277561,-1.310948,1665.068533,233.10442,1:45,5.84233,1.01014,5.27377,-34.12809,10.70138,12.76453,2.73753,0.84222,73.94701,-6.491781,0.954752,0.481896,99.83149,13.694478,-24.567095,3033.84739,94.53233,21.6402,-56.24611,256.44186,256.44186,-38.229275,2.428497,-6.73071,5.76926,-0.90026,50,5.79157,2.13553,-114.94429,-1.69949,-9.20905,16.77431,-24.28051,GEO_PAT,HOL_CRU,SpuhlerFieldMain,D1,A10,20250304-SpuhlerFieldMain-1,2b236410-f934-11ef-9e84-f3ebf856d060,78.21697,22.75457,,5.05587,,,,1.02022,2.66979,-0.72911,677a001a-4aeb-4bee-826e-3fb235647512,2025-03-04,20:06:32.08,2025-03-04T15:06:32.0829952-05:00,2025-03-04T20:06:32.0829952Z,LineDrive,v3,471300,471313,,"Coughlin, Van",1000265863,Right,HOL_CRU,082ec7e7-e8f3-42d0-8dd2-ea19da063cf0,55.23134,-115.7052,8.38716,5.84368,-0.59809,-12.14025,-1.0066,2.55327,-4.60452,116.331634,1.02023,129.37852,-33.13448,9.12871,-2.16861,0.45781,-0.08134,0.01024,-0.00063,2.66979,34.66448,-14.30904,-1.32255,0.96146,-0.34167,0.08293,-0.01237,0.00087,-0.72911,-59.14484,-6.39469,3.13874,-1.07887,0.30225,-0.06593,0.0095,-0.00065,,,,,,,,,,,,,,,,,,,,,,,High,High,High,High,High,,,
105,2025-03-04,15:07:13.49,18,1,"Russotti, Will",10114471,Right,HOL_CRU,"Quinn-Irons, Jaime",1000216379,Right,GEO_PAT,Undefined,2,Bottom,1,0,0,Slider,Curveball,StrikeSwinging,Undefined,Undefined,Undefined,0,0,,71.1352,1.614695,-1.145479,1918.702116,54.478103,7:45,5.63451,1.3003,4.97533,-61.00803,-3.74339,-7.76496,2.07636,-0.42887,65.49453,-9.388815,-2.517049,0.544646,,,,,,,,,,,,3.52662,-1.80374,-1.18291,50,5.7403,2.35285,-103.18986,0.90923,3.79333,17.55903,-34.11418,GEO_PAT,HOL_CRU,SpuhlerFieldMain,D1,A10,20250304-SpuhlerFieldMain-1,43df54a0-f934-11ef-9e84-f3ebf856d060,69.20534,,,5.64067,,,,,,,677a001a-4aeb-4bee-826e-3fb235647512,2025-03-04,20:07:13.49,2025-03-04T15:07:13.4970368-05:00,2025-03-04T20:07:13.4970368Z,,v3,471300,471313,,"Coughlin, Van",1000265863,Right,HOL_CRU,dde42f02-b000-4e84-94b6-8fada053c3fb,55.52876,-104.1264,8.77951,5.64328,2.72876,-17.05709,-1.30301,2.15053,1.89667,,,,,,,,,,,,,,,,,,,,,,,,,,,,,,,,,,,,,,,,,,,,,,,,,,,High,High,High,,,,,
106,2025-03-04,15:07:32.02,18,2,"Russotti, Will",10114471,Right,HOL_CRU,"Quinn-Irons, Jaime",1000216379,Right,GEO_PAT,Undefined,2,Bottom,1,0,1,Curveball,Curveball,BallCalled,Undefined,Undefined,Undefined,0,0,,70.50628,2.273631,0.709078,1786.202126,51.356125,7:45,5.49606,1.24873,5.22971,-60.08523,-2.99028,-5.74181,2.62768,1.43688,65.46859,-8.601613,-0.309653,0.543839,,,,,,,,,,,,3.04142,-1.54665,-1.30963,50,5.66046,-1.06034,-102.41319,2.16857,3.26243,15.33217,-33.83308,GEO_PAT,HOL_CRU,SpuhlerFieldMain,D1,A10,20250304-SpuhlerFieldMain-1,4eccb970-f934-11ef-9e84-f3ebf856d060,69.3081,,,5.03768,,,,,,,677a001a-4aeb-4bee-826e-3fb235647512,2025-03-04,20:07:32.02,2025-03-04T15:07:32.0220000-05:00,2025-03-04T20:07:32.0220000Z,,v3,471300,471313,,"Coughlin, Van",1000265863,Right,HOL_CRU,73ee5874-6703-4cf0-af03-45bdf4829c0c,55.27512,-103.1999,7.66609,5.50465,3.90459,-16.91654,-1.25093,-1.22774,1.63122,,,,,,,,,,,,,,,,,,,,,,,,,,,,,74.44881,,0.71895,,-1.53243,2.16483,-1.4195,-1.8298,5.63089,-4.04393,,,,-1.81165,83.34723,-8.0367,5.63744,0.35311,-12.22108,-4.06784,-69.62028,9.27108,High,High,High,,,High,High,Medium
107,2025-03-04,15:07:55.83,18,3,"Russotti, Will",10114471,Right,HOL_CRU,"Quinn-Irons, Jaime",1000216379,Right,GEO_PAT,Undefined,2,Bottom,1,1,1,Curveball,Curveball,BallCalled,Undefined,Undefined,Undefined,0,0,,69.34724,0.595666,-0.480377,1928.121279,46.503997,7:30,5.5479,1.20218,5.20904,-61.99995,-2.85193,-4.79835,0.94148,0.35053,64.64086,-10.580554,-1.333101,0.55353,,,,,,,,,,,,2.30669,-1.21354,-1.15386,50,5.55537,1.00892,-100.79284,-0.85157,2.3875,15.44221,-33.43009,GEO_PAT,HOL_CRU,SpuhlerFieldMain,D1,A10,20250304-SpuhlerFieldMain-1,5d183d60-f934-11ef-9e84-f3ebf856d060,68.09461,,,4.70639,,,,,,,677a001a-4aeb-4bee-826e-3fb235647512,2025-03-04,20:07:55.83,2025-03-04T15:07:55.8306816-05:00,2025-03-04T20:07:55.8306816Z,,v3,471300,471313,,"Coughlin, Van",1000265863,Right,HOL_CRU,5b027230-5ccc-4666-b422-0527dd731d3f,55.29709,-101.60115,7.72111,5.55415,0.89831,-16.71504,-1.2034,0.88395,1.19375,,,,,,,,,,,,,,,,,,,,,,,,,,,,,,,,,,,,,,,,,,,,,,,,,,,High,High,High,,,,,
108,2025-03-04,15:08:18.50,18,4,"Russotti, Will",10114471,Right,HOL_CRU,"Quinn-Irons, Jaime",1000216379,Right,GEO_PAT,Undefined,2,Bottom,1,2,1,ChangeUp,Changeup,FoulBallNotFieldable,Undefined,Undefined,Undefined,0,0,,81.20125,-0.004676,-1.314041,1738.938417,218.151441,1:15,5.82414,0.93704,5.53425,-25.78623,17.04056,12.3456,3.67092,0.73728,74.3971,-4.817731,0.886465,0.471009,,,,,,,,,,,,-6.60615,9.0141,-0.83143,50,5.80677,2.21195,-117.91868,-0.8045,-9.32488,21.89463,-19.4502,GEO_PAT,HOL_CRU,SpuhlerFieldMain,D1,A10,20250304-SpuhlerFieldMain-1,6a791330-f934-11ef-9e84-f3ebf856d060,80.02489,,,6.80415,,,,,,,677a001a-4aeb-4bee-826e-3fb235647512,2025-03-04,20:08:18.50,2025-03-04T15:08:18.5025024-05:00,2025-03-04T20:08:18.5025024Z,,v3,471300,471313,,"Coughlin, Van",1000265863,Right,HOL_CRU,37572e3c-0f0d-4ac8-867b-180f918055a7,54.96758,-118.83746,10.94731,5.82341,0.0117,-9.7251,-0.93246,2.60325,-4.66244,,,,,,,,,,,,,,,,,,,,,,,,,,,,,,,,,,,,,,,,,,,,,,,,,,,High,High,High,,,,,
109,2025-03-04,15:08:39.63,18,5,"Russotti, Will",10114471,Right,HOL_CRU,"Quinn-Irons, Jaime",1000216379,Right,GEO_PAT,Undefined,2,Bottom,1,2,2,Curveball,Curveball,BallCalled,Undefined,Undefined,Undefined,0,0,,70.59407,0.599746,-1.280063,2098.716911,33.098691,7:00,5.62249,1.03229,5.13529,-64.30381,-6.29095,-5.33445,0.82881,-0.61794,65.03686,-10.995185,-2.226923,0.548193,,,,,,,,,,,,2.30504,-2.91067,-0.90777,50,5.62829,2.47853,-102.43714,-0.96464,2.42995,18.16621,-35.24243,GEO_PAT,HOL_CRU,SpuhlerFieldMain,D1,A10,20250304-SpuhlerFieldMain-1,77301470-f934-11ef-9e84-f3ebf856d060,68.75759,,,5.55721,,,,,,,677a001a-4aeb-4bee-826e-3fb235647512,2025-03-04,20:08:39.63,2025-03-04T15:08:39.6333056-05:00,2025-03-04T20:08:39.6333056Z,,v3,471300,471313,,"Coughlin, Van",1000265863,Right,HOL_CRU,c6e9f4a7-a6ea-4f1e-a0ff-3445b765de42,55.37,-103.38507,9.0831,5.63065,0.87434,-17.62122,-1.03379,2.35173,1.21497,,,,,,,,,,,,,,,,,,,,,,,,,,,,,,,,,,,,,,,,,,,,,,,,,,,High,High,High,,,,,
110,2025-03-04,15:08:57.96,18,6,"Russotti, Will",10114471,Right,HOL_CRU,"Quinn-Irons, Jaime",1000216379,Right,GEO_PAT,Undefined,2,Bottom,1,3,2,Curveball,Curveball,FoulBallNotFieldable,Undefined,Undefined,Undefined,0,0,,70.61535,1.824202,-0.543448,2031.046593,30.453761,7:00,5.68932,1.01015,4.99999,-64.79303,-7.11839,-5.1837,2.0128,0.06509,65.46126,-9.830867,-1.460342,0.546593,,,,,,,,,,,,2.45866,-3.68012,-0.95335,50,5.81111,1.15852,-102.5502,1.17196,2.62768,16.38664,-36.10718,GEO_PAT,HOL_CRU,SpuhlerFieldMain,D1,A10,20250304-SpuhlerFieldMain-1,821d7940-f934-11ef-9e84-f3ebf856d060,68.95893,,,5.15409,,,,,,,677a001a-4aeb-4bee-826e-3fb235647512,2025-03-04,20:08:57.96,2025-03-04T15:08:57.9634688-05:00,2025-03-04T20:08:57.9634688Z,,v3,471300,471313,,"Coughlin, Van",1000265863,Right,HOL_CRU,5f99bcd1-17df-4742-8d37-52889c34c9da,55.50671,-103.42638,8.19332,5.69683,3.10258,-18.05359,-1.01154,1.01802,1.31384,,,,,,,,,,,,,,,,,,,,,,,,,,,,,,,,,,,,,,,,,,,,,,,,,,,High,High,High,,,,,
111,2025-03-04,15:09:17.39,18,7,"Russotti, Will",10114471,Right,HOL_CRU,"Quinn-Irons, Jaime",1000216379,Right,GEO_PAT,Undefined,2,Bottom,1,3,2,Curveball,Curveball,InPlay,Undefined,GroundBall,Single,0,1,,70.54667,1.582914,-1.362865,1753.917524,27.639927,7:00,5.57391,1.0837,5.23063,-65.41437,-7.22103,-4.82048,1.61158,-0.59945,64.51888,-10.271315,-2.218983,0.549045,97.25865,-9.522158,-28.269884,,,,,14.85655,10.14632,-19.835617,0.083892,2.00347,-3.67087,-0.95424,50,5.67032,2.60487,-102.2954,0.77715,2.09565,18.8976,-36.01383,GEO_PAT,HOL_CRU,SpuhlerFieldMain,D1,A10,20250304-SpuhlerFieldMain-1,8db54ee0-f934-11ef-9e84-f3ebf856d060,68.65089,1.98217,,6.02779,,,,3.56764,1.98217,0.55563,677a001a-4aeb-4bee-826e-3fb235647512,2025-03-04,20:09:17.39,2025-03-04T15:09:17.3964288-05:00,2025-03-04T20:09:17.3964288Z,GroundBall,v3,471300,471313,,"Coughlin, Van",1000265863,Right,HOL_CRU,b388ab15-75b5-45d5-92d7-565b16f5c04c,55.27412,-103.26512,9.4488,5.58302,2.62518,-18.00691,-1.08515,2.49733,1.04782,180,3.56553,124.05738,,,,,,,,1.98258,-23.62755,,,,,,,,0.55677,-66.71393,,,,,,,,,,,,,,,,,,,,,,,,,,,,,,High,High,High,High,High,,,
112,2025-03-04,15:09:51.52,19,1,"Russotti, Will",10114471,Right,HOL_CRU,"Butler, Jake",1000176047,Right,GEO_PAT,Undefined,2,Bottom,1,0,0,ChangeUp,Changeup,BallCalled,Undefined,Undefined,Undefined,0,0,,79.5818,-0.307212,-0.890741,1626.367907,251.225598,2:15,5.75268,1.18887,5.56027,-36.80707,8.04682,19.33387,2.39835,1.96772,72.72101,-7.091078,2.561288,0.482027,,,,,,,,,,,,-10.00552,4.61406,-1.12483,50,5.70209,1.02833,-115.52329,-1.81479,-13.44687,22.62754,-25.97302,GEO_PAT,HOL_CRU,SpuhlerFieldMain,D1,A10,20250304-SpuhlerFieldMain-1,a1ed3df0-f934-11ef-9e84-f3ebf856d060,78.19568,,,6.8608,,,,,,,677a001a-4aeb-4bee-826e-3fb235647512,2025-03-04,20:09:51.52,2025-03-04T15:09:51.5233792-05:00,2025-03-04T20:09:51.5233792Z,,v3,471300,471313,,"Coughlin, Van",1000265863,Right,HOL_CRU,07ab913a-4326-460f-8f0c-2e4243d62673,54.94149,-116.48716,11.31377,5.75584,-0.70841,-12.98651,-1.18083,1.60113,-6.72343,,,,,,,,,,,,,,,,,,,,,,,,,,,,,,,,,,,,,,,,,,,,,,,,,,,High,High,High,,,,,
113,2025-03-04,15:10:09.12,19,2,"Russotti, Will",10114471,Right,HOL_CRU,"Butler, Jake",1000176047,Right,GEO_PAT,Undefined,2,Bottom,1,1,0,Curveball,Curveball,HitByPitch,Undefined,Undefined,Undefined,0,0,,70.73001,2.908473,0.795988,1694.403673,27.336652,7:00,5.63925,1.17318,4.93441,-59.38696,-1.14567,-1.57158,3.4422,1.79467,64.6211,-7.848758,0.51896,0.549271,,,,,,,,,,,,1.02272,-1.04512,-1.24922,50,5.87259,-1.36683,-102.48759,3.30002,1.08202,17.77573,-33.27975,GEO_PAT,HOL_CRU,SpuhlerFieldMain,D1,A10,20250304-SpuhlerFieldMain-1,ac841e50-f934-11ef-9e84-f3ebf856d060,68.62263,,,6.10891,,,,,,,677a001a-4aeb-4bee-826e-3fb235647512,2025-03-04,20:10:09.12,2025-03-04T15:10:09.1297792-05:00,2025-03-04T20:10:09.1297792Z,,v3,471300,471313,,"Coughlin, Van",1000265863,Right,HOL_CRU,6e0ba614-f000-4e91-a5ba-f5b06e2ffc51,55.57019,-103.44919,8.88786,5.64537,5.10033,-16.63988,-1.17369,-1.42537,0.54101,,,,,,,,,,,,,,,,,,,,,,,,,,,,,,,,,,,,,,,,,,,,,,,,,,,High,High,High,,,,,
114,2025-03-04,15:10:43.23,20,1,"Russotti, Will",10114471,Right,HOL_CRU,"Raymond, Andrew",10148052,Left,GEO_PAT,Undefined,2,Bottom,1,0,0,ChangeUp,Changeup,BallCalled,Undefined,Undefined,Undefined,0,0,,79.07044,-1.915013,-3.0048,1732.61914,230.80324,1:45,5.85946,0.96302,5.57696,-32.89462,12.02745,13.13024,1.32642,-0.75196,73.26644,-7.95235,-0.662872,0.482393,,,,,,,,,,,,-7.47571,6.96579,-0.71319,50,5.6726,5.53174,-114.75417,-4.87873,-10.06193,19.37163,-22.79846,GEO_PAT,HOL_CRU,SpuhlerFieldMain,D1,A10,20250304-SpuhlerFieldMain-1,c0cd4b70-f934-11ef-9e84-f3ebf856d060,78.13632,,,5.804,,,,,,,677a001a-4aeb-4bee-826e-3fb235647512,2025-03-04,20:10:43.23,2025-03-04T15:10:43.2347648-05:00,2025-03-04T20:10:43.2347648Z,,v3,471300,471313,,"Coughlin, Van",1000265863,Right,HOL_CRU,c763d676-e078-4474-8ac7-f7bba4c7a342,54.92732,-115.58295,9.68581,5.86046,-3.90333,-11.39923,-0.95906,5.96223,-5.03096,,,,,,,,,,,,,,,,,,,,,,,,,,,,,,,,,,,,,,,,,,,,,,,,,,,High,High,High,,,,,
115,2025-03-04,15:11:01.13,20,2,"Russotti, Will",10114471,Right,HOL_CRU,"Raymond, Andrew",10148052,Left,GEO_PAT,Undefined,2,Bottom,1,1,0,Fastball,Changeup,StrikeCalled,Undefined,Undefined,Undefined,0,0,,79.77241,-0.818503,-1.190404,1755.47446,233.21743,1:45,5.76656,1.05467,5.40604,-32.82336,11.21134,13.40394,2.2641,1.05607,74.25193,-6.823439,1.19534,0.477605,,,,,,,,,,,,-7.05304,6.20803,-0.95841,50,5.67052,1.88588,-115.99116,-2.73927,-9.76107,18.47241,-23.58242,GEO_PAT,HOL_CRU,SpuhlerFieldMain,D1,A10,20250304-SpuhlerFieldMain-1,cb6479f0-f934-11ef-9e84-f3ebf856d060,78.91968,,,5.52048,,,,,,,677a001a-4aeb-4bee-826e-3fb235647512,2025-03-04,20:11:01.13,2025-03-04T15:11:01.1364352-05:00,2025-03-04T20:11:01.1364352Z,,v3,471300,471313,,"Coughlin, Van",1000265863,Right,HOL_CRU,1f62d7e8-6e35-49be-a554-af7983939f52,55.09795,-116.80022,9.23621,5.76787,-1.70639,-11.79121,-1.05037,2.3134,-4.88053,,,,,,,,,,,,,,,,,,,,,,,,,,,,,,,,,,,,,,,,,,,,,,,,,,,High,High,High,,,,,
116,2025-03-04,15:11:18.71,20,3,"Russotti, Will",10114471,Right,HOL_CRU,"Raymond, Andrew",10148052,Left,GEO_PAT,Undefined,2,Bottom,1,1,1,ChangeUp,Changeup,BallCalled,Undefined,Undefined,Undefined,0,0,,74.43058,-3.154579,-2.531268,1403.393212,249.193462,2:15,5.59235,1.13021,6.13189,-42.75408,8.21146,16.63469,-0.89223,0.17513,67.83085,-11.055415,0.475793,0.513819,,,,,,,,,,,,-9.66843,5.72677,-0.94592,50,5.3284,4.2319,-107.82322,-7.10834,-11.15752,22.19633,-25.56527,GEO_PAT,HOL_CRU,SpuhlerFieldMain,D1,A10,20250304-SpuhlerFieldMain-1,d5f9d3b0-f934-11ef-9e84-f3ebf856d060,73.35749,,,6.59973,,,,,,,677a001a-4aeb-4bee-826e-3fb235647512,2025-03-04,20:11:18.71,2025-03-04T15:11:18.7194880-05:00,2025-03-04T20:11:18.7194880Z,,v3,471300,471313,,"Coughlin, Van",1000265863,Right,HOL_CRU,ab118fd9-ce97-436e-ad55-e2767bf923b9,54.37241,-108.71959,11.09816,5.59462,-6.07592,-12.78263,-1.12592,4.68248,-5.57876,,,,,,,,,,,,,,,,,,,,,,,,,,,,,,,,,,,,,,,,,,,,,,,,,,,High,High,High,,,,,
117,2025-03-04,15:11:41.36,20,4,"Russotti, Will",10114471,Right,HOL_CRU,"Raymond, Andrew",10148052,Left,GEO_PAT,Undefined,2,Bottom,1,2,1,Fastball,Changeup,InPlay,Undefined,LineDrive,Double,0,3,,77.71758,-0.5618,-1.996228,1561.389126,211.073915,1:00,5.8964,0.97464,5.45888,-31.61943,15.95796,8.59823,2.73521,-0.17826,70.41318,-6.451556,-0.465918,0.496446,104.06573,-0.530911,40.205927,4133.719786,,,,42.92947,40.58379,39.78655,0.288057,-4.97406,8.70024,-0.80477,50,5.82561,3.59271,-112.62722,-2.06492,-6.31228,22.74973,-21.13307,GEO_PAT,HOL_CRU,SpuhlerFieldMain,D1,A10,20250304-SpuhlerFieldMain-1,e37fe4c0-f934-11ef-9e84-f3ebf856d060,75.9246,2.66514,,7.30441,,,,1.94262,2.66514,0.29182,677a001a-4aeb-4bee-826e-3fb235647512,2025-03-04,20:11:41.36,2025-03-04T15:11:41.3602816-05:00,2025-03-04T20:11:41.3602816Z,GroundBall,v3,471300,471313,,"Coughlin, Van",1000265863,Right,HOL_CRU,3061d6f9-bbbb-4364-95f6-ecdae4a7c142,55.04123,-113.64095,11.37487,5.89664,-1.12324,-10.56654,-0.97113,3.87398,-3.15614,,1.95106,116.17049,-29.33752,,,,,,,2.67276,-1.76906,-26.15647,,,,,,,0.29384,98.43076,-14.19224,,,,,,,,,,,,,,,,,,,,,,,,,,,,,High,High,High,Medium,High,,,
118,2025-03-04,15:12:38.20,21,1,"Russotti, Will",10114471,Right,HOL_CRU,"Clyne, Owen",1000230336,Left,GEO_PAT,Undefined,2,Bottom,1,0,0,Fastball,Changeup,StrikeCalled,Undefined,Undefined,Undefined,0,0,,79.03635,-1.044569,-1.46873,1792.386005,245.470042,2:15,5.90342,0.86065,5.24819,-33.79738,12.64138,24.0434,2.10488,1.48369,71.62236,-7.281707,2.798549,0.490469,,,,,,,,,,,,-12.41138,7.14221,-0.74409,50,5.78294,1.94186,-114.5231,-3.19462,-16.25446,23.89062,-22.82033,GEO_PAT,HOL_CRU,SpuhlerFieldMain,D1,A10,20250304-SpuhlerFieldMain-1,05447490-f935-11ef-9e84-f3ebf856d060,76.84975,,,7.414,,,,,,,677a001a-4aeb-4bee-826e-3fb235647512,2025-03-04,20:12:38.20,2025-03-04T15:12:38.2011904-05:00,2025-03-04T20:12:38.2011904Z,,v3,471300,471313,,"Coughlin, Van",1000265863,Right,HOL_CRU,d9dc91ce-4060-4c1f-90df-cddf17284899,55.25218,-115.61357,11.94531,5.90499,-2.15301,-11.41016,-0.84965,2.68378,-8.12723,,,,,,,,,,,,,,,,,,,,,,,,,,,,,,,,,,,,,,,,,,,,,,,,,,,High,High,High,,,,,
119,2025-03-04,15:12:54.04,21,2,"Russotti, Will",10114471,Right,HOL_CRU,"Clyne, Owen",1000230336,Left,GEO_PAT,Undefined,2,Bottom,1,0,1,Curveball,Curveball,BallCalled,Undefined,Undefined,Undefined,0,0,,71.26701,1.600522,-2.446398,2012.540577,49.964018,7:45,5.55466,1.30189,5.08964,-61.80877,-4.52729,-7.665,1.91426,-1.64409,65.2391,-9.575324,-3.801294,0.544727,,,,,,,,,,,,3.06673,-2.20083,-1.06397,50,5.65748,4.69519,-103.24809,0.88716,3.27797,18.76207,-34.52648,GEO_PAT,HOL_CRU,SpuhlerFieldMain,D1,A10,20250304-SpuhlerFieldMain-1,0edcd0b0-f935-11ef-9e84-f3ebf856d060,69.19514,,,6.0279,,,,,,,677a001a-4aeb-4bee-826e-3fb235647512,2025-03-04,20:12:54.04,2025-03-04T15:12:54.0483072-05:00,2025-03-04T20:12:54.0483072Z,,v3,471300,471313,,"Coughlin, Van",1000265863,Right,HOL_CRU,f55a6db7-0e1b-4e90-9877-c8920f562214,55.41371,-104.22722,9.38104,5.56417,2.68898,-17.26324,-1.30453,4.52412,1.63899,,,,,,,,,,,,,,,,,,,,,,,,,,,,,,,,,,,,,,,,,,,,,,,,,,,High,High,High,,,,,
120,2025-03-04,15:13:10.29,21,3,"Russotti, Will",10114471,Right,HOL_CRU,"Clyne, Owen",1000230336,Left,GEO_PAT,Undefined,2,Bottom,1,1,1,Fastball,Changeup,BallCalled,Undefined,Undefined,Undefined,0,0,,79.47642,-2.831187,-1.922249,1733.696606,213.912895,1:15,5.92152,0.73012,5.42617,-28.69832,16.15958,9.94004,0.87446,-0.24272,73.44109,-8.108056,-0.152694,0.482049,,,,,,,,,,,,-5.59347,9.30626,-0.56694,50,5.65016,3.49262,-115.29451,-6.60941,-7.5715,20.30249,-19.57675,GEO_PAT,HOL_CRU,SpuhlerFieldMain,D1,A10,20250304-SpuhlerFieldMain-1,18768c60-f935-11ef-9e84-f3ebf856d060,78.1922,,,6.03533,,,,,,,677a001a-4aeb-4bee-826e-3fb235647512,2025-03-04,20:13:10.29,2025-03-04T15:13:10.2989824-05:00,2025-03-04T20:13:10.2989824Z,,v3,471300,471313,,"Coughlin, Van",1000265863,Right,HOL_CRU,ef715e41-cf54-4a7e-a12a-e30dc3a37cb7,55.07808,-116.18528,10.15125,5.92131,-5.75048,-9.78838,-0.72746,3.82482,-3.78575,,,,,,,,,,,,,,,,,,,,,,,,,,,,,,,,,,,,,,,,,,,,,,,,,,,High,High,High,,,,,
121,2025-03-04,15:13:28.76,21,4,"Russotti, Will",10114471,Right,HOL_CRU,"Clyne, Owen",1000230336,Left,GEO_PAT,Undefined,2,Bottom,1,3,0,Fastball,Changeup,StrikeCalled,Undefined,Undefined,Undefined,0,0,,79.12799,-0.339168,-1.358991,1708.24972,226.160574,1:30,5.88228,0.79206,5.32236,-30.88521,14.48666,13.64985,2.99012,0.65393,72.77966,-6.034703,1.06549,0.484802,,,,,,,,,,,,-7.19666,7.77453,-0.67921,50,5.82947,2.17846,-114.89176,-1.67581,-9.66836,20.27172,-21.72931,GEO_PAT,HOL_CRU,SpuhlerFieldMain,D1,A10,20250304-SpuhlerFieldMain-1,23646660-f935-11ef-9e84-f3ebf856d060,77.74804,,,6.34833,,,,,,,677a001a-4aeb-4bee-826e-3fb235647512,2025-03-04,20:13:28.76,2025-03-04T15:13:28.7680512-05:00,2025-03-04T20:13:28.7680512Z,,v3,471300,471313,,"Coughlin, Van",1000265863,Right,HOL_CRU,0bb8a467-1763-433d-b942-d07f49825b76,55.17935,-115.80201,10.13586,5.88282,-0.70012,-10.86466,-0.78677,2.61259,-4.83418,,,,,,,,,,,,,,,,,,,,,,,,,,,,,,,,,,,,,,,,,,,,,,,,,,,High,High,High,,,,,
122,2025-03-04,15:13:44.84,21,5,"Russotti, Will",10114471,Right,HOL_CRU,"Clyne, Owen",1000230336,Left,GEO_PAT,Undefined,2,Bottom,1,3,1,Fastball,Changeup,StrikeCalled,Undefined,Undefined,Undefined,0,0,,79.89496,-2.691639,-2.911293,1613.580001,219.630376,1:15,5.79579,0.82216,5.46786,-27.11017,18.28001,13.71005,1.01229,-0.76248,72.09257,-7.761443,-0.471763,0.4849,,,,,,,,,,,,-7.95434,10.60568,-0.57576,50,5.54053,5.3393,-115.54853,-6.25626,-10.55877,25.17692,-18.0958,GEO_PAT,HOL_CRU,SpuhlerFieldMain,D1,A10,20250304-SpuhlerFieldMain-1,2d149040-f935-11ef-9e84-f3ebf856d060,77.73237,,,7.80239,,,,,,,677a001a-4aeb-4bee-826e-3fb235647512,2025-03-04,20:13:44.84,2025-03-04T15:13:44.8404992-05:00,2025-03-04T20:13:44.8404992Z,,v3,471300,471313,,"Coughlin, Van",1000265863,Right,HOL_CRU,9d6170ff-002b-4d9e-83db-b2f730f05a7c,55.03335,-116.6401,12.58846,5.79477,-5.4717,-9.0479,-0.81718,5.79708,-5.27938,,,,,,,,,,,,,,,,,,,,,,,,,,,,,,,,,,,,,,,,,,,,,,,,,,,High,High,High,,,,,
123,2025-03-04,15:14:03.14,21,6,"Russotti, Will",10114471,Right,HOL_CRU,"Clyne, Owen",1000230336,Left,GEO_PAT,Undefined,2,Bottom,1,3,2,Fastball,Changeup,InPlay,Undefined,Popup,Out,1,0,,78.90156,0.032291,-1.454072,1543.298074,218.883466,1:15,5.86235,0.95359,5.49047,-32.60518,12.43485,9.00571,3.17547,0.34342,73.04875,-5.969428,0.150219,0.483026,86.72681,59.998882,-8.865124,,99.51152,138.0231,-46.87693,173.17283,83.0253,-28.824895,5.858196,-4.94236,6.65248,-0.83263,50,5.84298,2.5689,-114.687,-0.97248,-6.65907,18.90534,-23.2109,GEO_PAT,HOL_CRU,SpuhlerFieldMain,D1,A10,20250304-SpuhlerFieldMain-1,37f80a00-f935-11ef-9e84-f3ebf856d060,78.03392,139.68914,,5.85281,,,,1.90839,2.67655,-0.20656,677a001a-4aeb-4bee-826e-3fb235647512,2025-03-04,20:14:03.14,2025-03-04T15:14:03.1462400-05:00,2025-03-04T20:14:03.1462400Z,FlyBall,v3,471300,471313,,"Coughlin, Van",1000265863,Right,HOL_CRU,f9722e26-7c79-4e70-baf8-a83c21cfb82f,55.01331,-115.51045,9.45267,5.86332,0.0385,-11.60545,-0.95084,2.85895,-3.32953,161.3215,1.90823,62.7925,-21.46739,6.16856,-0.9504,-0.03863,0.04712,-0.0076,0.0004,2.64997,110.60787,-29.17591,4.94816,-1.71355,0.48876,-0.08314,0.00709,-0.00023,-0.21246,-9.73273,-5.7728,2.69225,-0.69379,0.08309,0.00366,-0.00195,0.00014,,,,,,,,,,,,,,,,,,,,,,,High,High,High,Medium,Low,,,
124,2025-03-04,15:14:38.39,22,1,"Russotti, Will",10114471,Right,HOL_CRU,"Wall, Jonny",1000119703,Right,GEO_PAT,Undefined,2,Bottom,2,0,0,Fastball,Changeup,BallCalled,Undefined,Undefined,Undefined,0,0,,79.80985,-3.178818,-1.179016,1890.121224,218.450214,1:15,5.90899,0.80735,5.53417,-30.84793,13.06013,9.40851,0.36314,0.48911,74.53485,-8.806844,0.501067,0.476918,,,,,,,,,,,,-5.13268,7.72473,-0.7117,50,5.6118,2.03855,-115.91797,-7.42293,-7.08761,18.64616,-21.50711,GEO_PAT,HOL_CRU,SpuhlerFieldMain,D1,A10,20250304-SpuhlerFieldMain-1,4cfcbef0-f935-11ef-9e84-f3ebf856d060,79.03341,,,5.275,,,,,,,677a001a-4aeb-4bee-826e-3fb235647512,2025-03-04,20:14:38.39,2025-03-04T15:14:38.3922688-05:00,2025-03-04T20:14:38.3922688Z,,v3,471300,471313,,"Coughlin, Van",1000265863,Right,HOL_CRU,fe6c970d-5b50-4fca-95ed-2b4e7968f587,54.97146,-116.71492,9.32308,5.90942,-6.5037,-10.75355,-0.80531,2.34148,-3.54381,,,,,,,,,,,,,,,,,,,,,,,,,,,,,,,,,,,,,,,,,,,,,,,,,,,High,High,High,,,,,
125,2025-03-04,15:14:59.15,22,2,"Russotti, Will",10114471,Right,HOL_CRU,"Wall, Jonny",1000119703,Right,GEO_PAT,Undefined,2,Bottom,2,1,0,Fastball,Changeup,BallCalled,Undefined,Undefined,Undefined,0,0,,78.61425,0.548921,-0.959689,1585.758137,214.488572,1:15,5.90047,0.78099,5.38293,-30.31529,15.78296,9.83556,3.88886,0.7009,71.82948,-5.079828,0.788587,0.488668,,,,,,,,,,,,-5.19315,8.21276,-0.70224,50,5.92852,1.518,-114.08342,0.14621,-6.8423,21.03771,-21.35318,GEO_PAT,HOL_CRU,SpuhlerFieldMain,D1,A10,20250304-SpuhlerFieldMain-1,59482d20-f935-11ef-9e84-f3ebf856d060,77.13306,,,6.78477,,,,,,,677a001a-4aeb-4bee-826e-3fb235647512,2025-03-04,20:14:59.15,2025-03-04T15:14:59.1539200-05:00,2025-03-04T20:14:59.1539200Z,,v3,471300,471313,,"Coughlin, Van",1000265863,Right,HOL_CRU,4001d693-78fb-4929-95b8-e77a062c105d,55.11721,-115.02319,10.51885,5.90069,1.10008,-10.67659,-0.77688,1.82365,-3.42115,,,,,,,,,,,,,,,,,,,,,,,,,,,,,,,,,,,,,,,,,,,,,,,,,,,High,High,High,,,,,
126,2025-03-04,15:15:15.00,22,3,"Russotti, Will",10114471,Right,HOL_CRU,"Wall, Jonny",1000119703,Right,GEO_PAT,Undefined,2,Bottom,2,2,0,Fastball,Changeup,StrikeCalled,Undefined,Undefined,Undefined,0,0,,78.05435,-0.559948,-2.063577,1749.775571,219.192608,1:15,5.91663,0.61947,5.37247,-30.241,16.32292,12.14847,2.87118,-0.30382,71.79965,-6.150048,0.09493,0.49113,,,,,,,,,,,,-6.65681,8.78032,-0.44334,50,5.84517,3.60815,-113.29818,-2.05119,-8.69859,19.67232,-20.70064,GEO_PAT,HOL_CRU,SpuhlerFieldMain,D1,A10,20250304-SpuhlerFieldMain-1,62c53910-f935-11ef-9e84-f3ebf856d060,76.7464,,,6.2547,,,,,,,677a001a-4aeb-4bee-826e-3fb235647512,2025-03-04,20:15:15.00,2025-03-04T15:15:15.0055424-05:00,2025-03-04T20:15:15.0055424Z,,v3,471300,471313,,"Coughlin, Van",1000265863,Right,HOL_CRU,a9bc10c3-225a-4f2c-a22c-0fc13f15cde8,55.12941,-114.18534,9.83616,5.91662,-1.11765,-10.35032,-0.6149,4.00043,-4.3493,,,,,,,,,,,,,,,,,,,,,,,,,,,,,,,,,,,,,,,,,,,,,,,,,,,High,High,High,,,,,
127,2025-03-04,15:15:30.90,22,4,"Russotti, Will",10114471,Right,HOL_CRU,"Wall, Jonny",1000119703,Right,GEO_PAT,Undefined,2,Bottom,2,2,1,Fastball,Changeup,StrikeCalled,Undefined,Undefined,Undefined,0,0,,79.43991,-1.554053,-3.610946,1758.912742,238.020118,2:00,5.87541,0.55298,5.51878,-31.82356,13.34859,18.96316,1.76708,-1.24765,72.61324,-7.438519,-0.235625,0.483734,,,,,,,,,,,,-10.57213,7.63489,-0.25097,50,5.71863,6.50755,-115.07129,-4.13085,-14.13918,21.86228,-21.96315,GEO_PAT,HOL_CRU,SpuhlerFieldMain,D1,A10,20250304-SpuhlerFieldMain-1,6c339f00-f935-11ef-9e84-f3ebf856d060,77.91975,,,6.82667,,,,,,,677a001a-4aeb-4bee-826e-3fb235647512,2025-03-04,20:15:30.90,2025-03-04T15:15:30.9006336-05:00,2025-03-04T20:15:30.9006336Z,,v3,471300,471313,,"Coughlin, Van",1000265863,Right,HOL_CRU,7cffdf2d-52d5-4a64-9403-6246e4ab1b91,54.98271,-116.01409,10.93114,5.87635,-3.1837,-10.98158,-0.54475,7.11729,-7.06959,,,,,,,,,,,,,,,,,,,,,,,,,,,,,,,,,,,,,,,,,,,,,,,,,,,High,High,High,,,,,
128,2025-03-04,15:15:46.77,22,5,"Russotti, Will",10114471,Right,HOL_CRU,"Wall, Jonny",1000119703,Right,GEO_PAT,Undefined,2,Bottom,2,2,2,Slider,Curveball,BallCalled,Undefined,Undefined,Undefined,0,0,,71.84401,0.552564,-2.430429,1851.060641,0.911143,6:00,5.63372,0.90805,5.15721,-59.21739,-3.71355,-0.08543,1.21959,-1.38836,66.6242,-10.120989,-2.445573,0.536208,,,,,,,,,,,,-0.61382,-1.58701,-0.68078,50,5.63929,4.42906,-104.27678,-0.89852,-0.67772,17.08507,-33.92625,GEO_PAT,HOL_CRU,SpuhlerFieldMain,D1,A10,20250304-SpuhlerFieldMain-1,75c9b130-f935-11ef-9e84-f3ebf856d060,70.29448,,,5.21981,,,,,,,677a001a-4aeb-4bee-826e-3fb235647512,2025-03-04,20:15:46.77,2025-03-04T15:15:46.7707392-05:00,2025-03-04T20:15:46.7707392Z,,v3,471300,471313,,"Coughlin, Van",1000265863,Right,HOL_CRU,c5da593a-2c0a-46ea-8d2e-257e886e7335,55.34797,-105.14936,8.54254,5.64093,0.83418,-16.96313,-0.90787,4.46367,-0.33886,,,,,,,,,,,,,,,,,,,,,,,,,,,,,,,,,,,,,,,,,,,,,,,,,,,High,High,High,,,,,
129,2025-03-04,15:16:02.92,22,6,"Russotti, Will",10114471,Right,HOL_CRU,"Wall, Jonny",1000119703,Right,GEO_PAT,Undefined,2,Bottom,2,3,2,Fastball,Changeup,BallCalled,Walk,Undefined,Undefined,0,0,,80.40819,-3.16338,-2.44725,1815.731343,226.991004,1:30,5.79895,0.72115,5.56479,-28.6321,14.90064,14.57709,0.45186,-0.35183,74.50176,-8.425261,0.154132,0.474875,,,,,,,,,,,,-8.09091,8.7504,-0.52,50,5.50654,4.43091,-116.63059,-7.35195,-11.23971,20.18097,-20.01818,GEO_PAT,HOL_CRU,SpuhlerFieldMain,D1,A10,20250304-SpuhlerFieldMain-1,7f587060-f935-11ef-9e84-f3ebf856d060,79.37339,,,5.90643,,,,,,,677a001a-4aeb-4bee-826e-3fb235647512,2025-03-04,20:16:02.92,2025-03-04T15:16:02.9200896-05:00,2025-03-04T20:16:02.9200896Z,,v3,471300,471313,,"Coughlin, Van",1000265863,Right,HOL_CRU,ab61b603-6770-48c1-b163-9486f7199acf,54.93964,-117.4822,10.09048,5.79895,-6.5072,-10.00909,-0.71698,4.90521,-5.61986,,,,,,,,,,,,,,,,,,,,,,,,,,,,,,,,,,,,,,,,,,,,,,,,,,,High,High,High,,,,,
130,2025-03-04,15:16:38.11,23,1,"Russotti, Will",10114471,Right,HOL_CRU,"Blanchard, Evan",10073877,Right,GEO_PAT,Undefined,2,Bottom,2,0,0,Fastball,Changeup,FoulBallNotFieldable,Undefined,Undefined,Undefined,0,0,,79.40332,-0.135655,-1.488186,1716.834256,231.786015,1:45,5.84946,0.95605,5.47619,-32.1736,12.03512,13.8193,3.04134,0.71471,73.99154,-6.037652,0.973331,0.478548,89.18943,34.555222,-37.11761,3250.900419,82.22981,69.69509,-73.063,305.4664,167.31929,-49.688312,5.065581,-7.39374,6.45851,-0.83531,50,5.81537,2.47832,-115.50869,-1.31086,-10.17201,17.82566,-23.28869,GEO_PAT,HOL_CRU,SpuhlerFieldMain,D1,A10,20250304-SpuhlerFieldMain-1,9460ced0-f935-11ef-9e84-f3ebf856d060,78.76418,87.34103,,5.41177,,,,2.52383,3.32211,-0.67357,677a001a-4aeb-4bee-826e-3fb235647512,2025-03-04,20:16:38.11,2025-03-04T15:16:38.1194240-05:00,2025-03-04T20:16:38.1194240Z,FlyBall,v3,471300,471313,,"Coughlin, Van",1000265863,Right,HOL_CRU,ef301fa3-7937-4492-a768-a78a314bc423,55.02905,-116.2822,8.91283,5.85033,-0.3003,-11.64435,-0.95242,2.91971,-5.08601,149.476373,2.52904,85.79756,-24.04264,6.0866,-0.99519,0.04935,0.01368,-0.00232,0.0001,3.32073,74.21531,-17.70006,0.28358,0.34865,-0.18412,0.05223,-0.00743,0.00041,-0.67496,-64.98455,6.88165,-0.71181,-0.13081,0.08779,-0.02036,0.00224,-0.0001,,,,,,,,,,,,,,,,,,,,,,,High,High,High,High,Low,,,
131,2025-03-04,15:17:08.34,23,2,"Russotti, Will",10114471,Right,HOL_CRU,"Blanchard, Evan",10073877,Right,GEO_PAT,Undefined,2,Bottom,2,0,1,Slider,Curveball,StrikeCalled,Undefined,Undefined,Undefined,0,0,,71.41746,2.58957,-0.67476,1713.752219,42.397678,7:30,5.61118,0.9572,4.93168,-60.61373,-2.63024,-4.37016,3.00979,-0.04486,64.38175,-8.42377,-1.445488,0.548054,,,,,,,,,,,,1.92488,-1.54921,-0.88765,50,5.81334,1.38508,-103.30509,2.67253,2.03793,20.46511,-33.81422,GEO_PAT,HOL_CRU,SpuhlerFieldMain,D1,A10,20250304-SpuhlerFieldMain-1,a6500660-f935-11ef-9e84-f3ebf856d060,68.77499,,,7.03571,,,,,,,677a001a-4aeb-4bee-826e-3fb235647512,2025-03-04,20:17:08.34,2025-03-04T15:17:08.3415552-05:00,2025-03-04T20:17:08.3415552Z,,v3,471300,471313,,"Coughlin, Van",1000265863,Right,HOL_CRU,f31cb9fe-6c7b-4c6a-ac2c-f4b875a9a1ca,55.56886,-104.40247,10.23256,5.62142,4.48572,-16.90711,-0.95899,1.2758,1.01896,,,,,,,,,,,,,,,,,,,,,,,,,,,,,,,,,,,,,,,,,,,,,,,,,,,High,High,High,,,,,
132,2025-03-04,15:17:24.77,23,3,"Russotti, Will",10114471,Right,HOL_CRU,"Blanchard, Evan",10073877,Right,GEO_PAT,Undefined,2,Bottom,2,0,2,Slider,Curveball,BallCalled,Undefined,Undefined,Undefined,0,0,,70.2087,0.379237,-0.737017,1643.575818,28.63921,7:00,5.57919,0.84539,4.98951,-60.78145,-2.57,-2.32477,0.87221,-0.04433,65.39644,-10.53439,-1.148518,0.549131,,,,,,,,,,,,0.97646,-1.00764,-0.77234,50,5.56535,1.39465,-102.0027,-1.26632,1.03488,15.84379,-33.24196,GEO_PAT,HOL_CRU,SpuhlerFieldMain,D1,A10,20250304-SpuhlerFieldMain-1,b034adc0-f935-11ef-9e84-f3ebf856d060,68.6402,,,4.81226,,,,,,,677a001a-4aeb-4bee-826e-3fb235647512,2025-03-04,20:17:24.77,2025-03-04T15:17:24.7799808-05:00,2025-03-04T20:17:24.7799808Z,,v3,471300,471313,,"Coughlin, Van",1000265863,Right,HOL_CRU,8cdcd363-b39f-4635-9940-0bff36a59f0f,55.51637,-102.85597,7.92189,5.58534,0.52394,-16.62098,-0.84595,1.33891,0.51744,,,,,,,,,,,,,,,,,,,,,,,,,,,,,,,,,,,,,,,,,,,,,,,,,,,High,High,High,,,,,
133,2025-03-04,15:17:41.25,23,4,"Russotti, Will",10114471,Right,HOL_CRU,"Blanchard, Evan",10073877,Right,GEO_PAT,Undefined,2,Bottom,2,1,2,Slider,Curveball,BallCalled,Undefined,Undefined,Undefined,0,0,,72.03929,1.076374,-2.258648,1649.750655,39.633843,7:15,5.65446,0.89477,4.91175,-59.51354,-2.93008,-4.0517,1.71378,-1.57986,65.72519,-9.666767,-2.973088,0.541397,,,,,,,,,,,,1.29598,-1.26268,-0.67036,50,5.70981,4.26889,-104.32253,-0.01886,1.40984,19.65724,-33.54765,GEO_PAT,HOL_CRU,SpuhlerFieldMain,D1,A10,20250304-SpuhlerFieldMain-1,ba07a1e0-f935-11ef-9e84-f3ebf856d060,69.62066,,,6.3141,,,,,,,677a001a-4aeb-4bee-826e-3fb235647512,2025-03-04,20:17:41.25,2025-03-04T15:17:41.2500992-05:00,2025-03-04T20:17:41.2500992Z,,v3,471300,471313,,"Coughlin, Van",1000265863,Right,HOL_CRU,93b34b0f-27d9-4af9-ac10-c34bfdfe071c,55.59077,-105.37072,9.82862,5.66312,1.77001,-16.77383,-0.89599,4.19372,0.70492,,,,,,,,,,,,,,,,,,,,,,,,,,,,,,,,,,,,,,,,,,,,,,,,,,,High,High,High,,,,,
134,2025-03-04,15:17:58.25,23,5,"Russotti, Will",10114471,Right,HOL_CRU,"Blanchard, Evan",10073877,Right,GEO_PAT,Undefined,2,Bottom,2,2,2,Fastball,Changeup,BallCalled,Undefined,Undefined,Undefined,0,0,,78.78561,-2.26793,-2.170962,1529.297893,216.331526,1:15,5.85222,0.64937,5.55155,-31.8923,13.32036,8.83099,1.07257,-0.6444,73.13802,-8.117103,-0.595363,0.483951,,,,,,,,,,,,-5.0324,7.70906,-0.46751,50,5.63453,4.00183,-114.37645,-5.53449,-6.73877,18.95111,-21.85109,GEO_PAT,HOL_CRU,SpuhlerFieldMain,D1,A10,20250304-SpuhlerFieldMain-1,c4295240-f935-11ef-9e84-f3ebf856d060,77.88481,,,5.64759,,,,,,,677a001a-4aeb-4bee-826e-3fb235647512,2025-03-04,20:17:58.25,2025-03-04T15:17:58.2566400-05:00,2025-03-04T20:17:58.2566400Z,,v3,471300,471313,,"Coughlin, Van",1000265863,Right,HOL_CRU,764b1297-b5d6-4cc8-a0c5-0f9c8f6d2fb0,54.95167,-115.19398,9.47555,5.85295,-4.59187,-10.92554,-0.64641,4.29253,-3.36938,,,,,,,,,,,,,,,,,,,,,,,,,,,,,,,,,,,,,,,,,,,,,,,,,,,High,High,High,,,,,
135,2025-03-04,15:18:16.13,23,6,"Russotti, Will",10114471,Right,HOL_CRU,"Blanchard, Evan",10073877,Right,GEO_PAT,Undefined,2,Bottom,2,3,2,Fastball,Changeup,InPlay,Undefined,GroundBall,Double,0,0,,79.93111,-1.268503,-1.858907,1546.663929,226.683816,1:30,5.88064,0.6666,5.46181,-30.12045,13.98713,13.45375,2.18241,0.04711,73.86152,-6.816528,0.537066,0.478,95.59586,2.733415,-34.734828,3965.00465,,,,58.88384,55.35232,-35.777131,0.433859,-7.32996,7.77182,-0.51256,50,5.74818,3.24965,-116.10068,-3.53468,-10.08595,20.08676,-21.48009,GEO_PAT,HOL_CRU,SpuhlerFieldMain,D1,A10,20250304-SpuhlerFieldMain-1,cec67430-f935-11ef-9e84-f3ebf856d060,78.85446,2.41808,,6.06959,,,,2.81352,2.01454,0.00741,677a001a-4aeb-4bee-826e-3fb235647512,2025-03-04,20:18:16.13,2025-03-04T15:18:16.1320448-05:00,2025-03-04T20:18:16.1320448Z,GroundBall,v3,471300,471313,,"Coughlin, Van",1000265863,Right,HOL_CRU,e1875ae8-2f3e-4cd0-98de-f566b2464cea,55.04221,-116.96979,10.04338,5.88101,-2.60528,-10.74005,-0.66261,3.68605,-5.04298,,2.83025,114.57421,-25.40932,,,,,,,2.03202,6.1446,-25.04535,,,,,,,0.01619,-80.07135,1.54006,,,,,,,,,,,,,,,,,,,,,,,,,,,,,High,High,High,High,High,,,
136,2025-03-04,15:18:54.47,24,1,"Russotti, Will",10114471,Right,HOL_CRU,"Canody, Andrew",10032066,Right,GEO_PAT,Undefined,2,Bottom,2,0,0,Fastball,Changeup,StrikeSwinging,Undefined,Undefined,Undefined,0,0,,80.07416,-1.350942,-2.895083,1537.894304,242.083896,2:00,5.77797,0.86014,5.40573,-34.74148,10.19355,16.23485,1.61512,-0.50203,72.72776,-7.755401,-0.007808,0.482463,,,,,,,,,,,,-9.0413,6.01048,-0.61374,50,5.63347,5.20404,-115.96067,-3.88064,-12.17782,23.87351,-24.07849,GEO_PAT,HOL_CRU,SpuhlerFieldMain,D1,A10,20250304-SpuhlerFieldMain-1,e5a455f0-f935-11ef-9e84-f3ebf856d060,78.12505,,,7.34641,,,,,,,677a001a-4aeb-4bee-826e-3fb235647512,2025-03-04,20:18:54.47,2025-03-04T15:18:54.4760320-05:00,2025-03-04T20:18:54.4760320Z,,v3,471300,471313,,"Coughlin, Van",1000265863,Right,HOL_CRU,2835b470-a648-45cd-a7ff-d9cfa5252296,55.09481,-117.00486,11.93676,5.78017,-2.82747,-12.03925,-0.853,5.73668,-6.08891,,,,,,,,,,,,,,,,,,,,,,,,,,,,,,,,,,,,,,,,,,,,,,,,,,,High,High,High,,,,,
137,2025-03-04,15:19:09.89,24,2,"Russotti, Will",10114471,Right,HOL_CRU,"Canody, Andrew",10032066,Right,GEO_PAT,Undefined,2,Bottom,2,0,1,Slider,Curveball,StrikeCalled,Undefined,Undefined,Undefined,0,0,,71.27279,1.250324,-2.053379,1907.137786,80.705636,8:45,5.60177,1.05142,5.09403,-55.96231,0.81602,-5.86622,2.11758,-1.3735,65.6295,-8.881203,-3.090494,0.542329,,,,,,,,,,,,2.33398,0.61,-0.85244,50,5.67617,3.92408,-103.35469,0.45909,2.52232,17.37184,-31.51483,GEO_PAT,HOL_CRU,SpuhlerFieldMain,D1,A10,20250304-SpuhlerFieldMain-1,eebfb9e0-f935-11ef-9e84-f3ebf856d060,69.50106,,,5.6433,,,,,,,677a001a-4aeb-4bee-826e-3fb235647512,2025-03-04,20:19:09.89,2025-03-04T15:19:09.8956800-05:00,2025-03-04T20:19:09.8956800Z,,v3,471300,471313,,"Coughlin, Van",1000265863,Right,HOL_CRU,2e5b7cad-0dcc-4fa2-8dc3-b6c9b7aef31a,55.40824,-104.25974,8.68592,5.60948,2.10098,-15.75742,-1.05346,3.79267,1.26116,,,,,,,,,,,,,,,,,,,,,,,,,,,,,,,,,,,,,,,,,,,,,,,,,,,High,High,High,,,,,
138,2025-03-04,15:19:25.59,24,3,"Russotti, Will",10114471,Right,HOL_CRU,"Canody, Andrew",10032066,Right,GEO_PAT,Undefined,2,Bottom,2,0,2,Slider,Curveball,InPlay,Undefined,GroundBall,Single,0,1,,72.13457,1.979879,-1.166852,1674.175748,36.878294,7:15,5.51542,1.05204,4.96097,-57.00105,-1.64055,-2.45705,2.63704,-0.25529,66.64295,-8.306182,-1.600434,0.535515,104.21525,7.536854,-22.272686,6645.150859,99.86935,5.45869,-46.10938,148.39597,145.74039,-26.06282,1.1379,0.91697,-0.91654,-0.93686,50,5.65981,2.22402,-104.68873,1.7362,1.02267,16.85843,-33.19621,GEO_PAT,HOL_CRU,SpuhlerFieldMain,D1,A10,20250304-SpuhlerFieldMain-1,f83795b0-f935-11ef-9e84-f3ebf856d060,70.38545,7.17407,,5.49163,,,,2.17807,2.39817,0.39749,677a001a-4aeb-4bee-826e-3fb235647512,2025-03-04,20:19:25.59,2025-03-04T15:19:25.5906304-05:00,2025-03-04T20:19:25.5906304Z,LineDrive,v3,471300,471313,,"Coughlin, Van",1000265863,Right,HOL_CRU,e30044bb-aac4-4f1c-924c-08d2d257d11d,55.54372,-105.57769,8.42921,5.52211,3.48665,-16.59811,-1.05271,2.17009,0.51134,78.825501,2.42323,137.23274,-19.68549,,,,,,,2.54217,18.29243,-18.13686,,,,,,,0.46728,-58.30788,0.48285,,,,,,,,,,,,,,,,,,,,,,,,,,,,,High,High,High,High,High,,,
139,2025-03-04,15:20:02.56,25,1,"Russotti, Will",10114471,Right,HOL_CRU,"Alberti, Lucas",1000145512,Right,GEO_PAT,Undefined,2,Bottom,2,0,0,Fastball,Changeup,BallCalled,Undefined,Undefined,Undefined,0,0,,79.8111,-2.77061,-3.277973,1534.190977,224.227383,1:30,5.87002,0.79167,5.54417,-29.93151,14.17087,12.55473,0.78003,-1.22907,74.15797,-8.258928,-1.041114,0.477972,,,,,,,,,,,,-7.15721,8.24083,-0.51587,50,5.6094,6.14337,-115.73557,-6.55758,-9.83391,18.96969,-20.85124,GEO_PAT,HOL_CRU,SpuhlerFieldMain,D1,A10,20250304-SpuhlerFieldMain-1,0e3e5150-f936-11ef-9e84-f3ebf856d060,78.8591,,,5.65312,,,,,,,677a001a-4aeb-4bee-826e-3fb235647512,2025-03-04,20:20:02.56,2025-03-04T15:20:02.5655296-05:00,2025-03-04T20:20:02.5655296Z,,v3,471300,471313,,"Coughlin, Van",1000265863,Right,HOL_CRU,250251de-2fc4-43ea-ab9a-5428a007966a,54.95901,-116.54554,9.48484,5.87039,-5.66726,-10.42562,-0.78714,6.56326,-4.91696,,,,,,,,,,,,,,,,,,,,,,,,,,,,,,,,,,,,,,,,,,,,,,,,,,,High,High,High,,,,,
140,2025-03-04,15:20:19.83,25,2,"Russotti, Will",10114471,Right,HOL_CRU,"Alberti, Lucas",1000145512,Right,GEO_PAT,Undefined,2,Bottom,2,1,0,Fastball,Changeup,BallCalled,Undefined,Undefined,Undefined,0,0,,77.89498,-1.575144,-2.965881,1618.869827,247.291746,2:15,5.7624,0.75854,5.46705,-38.50093,7.25827,14.68324,1.07738,-0.79627,73.36988,-8.551974,-0.350614,0.486867,,,,,,,,,,,,-8.08784,4.32622,-0.50784,50,5.59667,5.32344,-113.24965,-4.37417,-10.77524,15.66837,-26.41032,GEO_PAT,HOL_CRU,SpuhlerFieldMain,D1,A10,20250304-SpuhlerFieldMain-1,1889d0d0-f936-11ef-9e84-f3ebf856d060,77.4183,,,4.5251,,,,,,,677a001a-4aeb-4bee-826e-3fb235647512,2025-03-04,20:20:19.83,2025-03-04T15:20:19.8303232-05:00,2025-03-04T20:20:19.8303232Z,,v3,471300,471313,,"Coughlin, Van",1000265863,Right,HOL_CRU,791c7efb-ec3d-4844-ace9-4b001feba998,55.03905,-113.94469,7.83418,5.76472,-3.20263,-13.20516,-0.75458,5.80142,-5.38762,,,,,,,,,,,,,,,,,,,,,,,,,,,,,,,,,,,,,,,,,,,,,,,,,,,High,High,High,,,,,
141,2025-03-04,15:20:39.68,25,3,"Russotti, Will",10114471,Right,HOL_CRU,"Alberti, Lucas",1000145512,Right,GEO_PAT,Undefined,2,Bottom,2,2,0,Fastball,Changeup,BallCalled,Undefined,Undefined,Undefined,0,0,,79.94034,-2.554689,-2.717904,1763.750303,236.014337,1:45,5.8314,0.70693,5.54692,-31.83817,12.09564,16.05796,0.78643,-0.49686,74.2581,-8.383631,0.146758,0.477058,,,,,,,,,,,,-8.88052,7.13193,-0.4826,50,5.58845,4.89886,-116.02187,-6.20158,-12.24111,19.4171,-22.34321,GEO_PAT,HOL_CRU,SpuhlerFieldMain,D1,A10,20250304-SpuhlerFieldMain-1,245894f0-f936-11ef-9e84-f3ebf856d060,79.01025,,,5.68224,,,,,,,677a001a-4aeb-4bee-826e-3fb235647512,2025-03-04,20:20:39.68,2025-03-04T15:20:39.6844032-05:00,2025-03-04T20:20:39.6844032Z,,v3,471300,471313,,"Coughlin, Van",1000265863,Right,HOL_CRU,8a8c4e2b-610a-4c41-84cd-24ccb2a8ac3f,54.95789,-116.84866,9.70855,5.83226,-5.25019,-11.1716,-0.70229,5.4201,-6.12055,,,,,,,,,,,,,,,,,,,,,,,,,,,,,,,,,,,,,,,,,,,,,,,,,,,High,High,High,,,,,
142,2025-03-04,15:20:58.48,25,4,"Russotti, Will",10114471,Right,HOL_CRU,"Alberti, Lucas",1000145512,Right,GEO_PAT,Undefined,2,Bottom,2,3,0,Fastball,Changeup,BallCalled,Walk,Undefined,Undefined,0,0,,78.19964,0.083153,-1.104343,1568.699898,244.920975,2:15,5.81714,0.77323,5.484,-36.73955,9.48516,17.25403,2.83332,1.17764,71.93596,-6.673132,1.970617,0.489338,,,,,,,,,,,,-8.99485,5.195,-0.68839,50,5.79955,1.51863,-113.58904,-1.01553,-11.7874,20.21707,-25.36622,GEO_PAT,HOL_CRU,SpuhlerFieldMain,D1,A10,20250304-SpuhlerFieldMain-1,2f78c990-f936-11ef-9e84-f3ebf856d060,77.02746,,,6.26368,,,,,,,677a001a-4aeb-4bee-826e-3fb235647512,2025-03-04,20:20:58.48,2025-03-04T15:20:58.4872960-05:00,2025-03-04T20:20:58.4872960Z,,v3,471300,471313,,"Coughlin, Van",1000265863,Right,HOL_CRU,9c16d854-ac84-4043-ae0d-5b214e36ab39,55.01862,-114.47879,10.10854,5.81968,0.10083,-12.68311,-0.76663,2.03739,-5.8937,,,,,,,,,,,,,,,,,,,,,,,,,,,,,,,,,,,,,,,,,,,,,,,,,,,High,High,High,,,,,
143,2025-03-04,15:23:24.51,26,1,"Walters, Augie",1000119802,Right,HOL_CRU,"Hull, Owen",10054797,Left,GEO_PAT,Undefined,2,Bottom,2,0,0,Fastball,Changeup,BallCalled,Undefined,Undefined,Undefined,0,0,,79.97445,-0.172693,-1.922996,1876.928114,194.841938,12:30,6.21734,2.24623,5.5867,-25.49757,18.93879,4.62496,3.93117,0.83515,72.73135,-4.964347,-1.098387,0.479778,,,,,,,,,,,,-2.89315,10.06508,-2.08399,50,6.18616,3.70939,-115.98042,-1.09666,-3.92097,22.70977,-18.53333,GEO_PAT,HOL_CRU,SpuhlerFieldMain,D1,A10,20250304-SpuhlerFieldMain-1,86802530-f936-11ef-9e84-f3ebf856d060,78.5622,,,7.2431,,,,,,,677a001a-4aeb-4bee-826e-3fb235647512,2025-03-04,20:23:24.51,2025-03-04T15:23:24.5150720-05:00,2025-03-04T20:23:24.5150720Z,,v3,471300,471313,,"Coughlin, Van",1000265863,Right,HOL_CRU,25253f97-5b99-4790-b912-49471886c0d7,54.91233,-116.93833,11.35489,6.21593,-0.31491,-9.26667,-2.24394,3.87478,-1.96049,,,,,,,,,,,,,,,,,,,,,,,,,,,,,,,,,,,,,,,,,,,,,,,,,,,High,High,High,,,,,
144,2025-03-04,15:23:42.39,26,2,"Walters, Augie",1000119802,Right,HOL_CRU,"Hull, Owen",10054797,Left,GEO_PAT,Undefined,2,Bottom,2,1,0,Fastball,Changeup,BallCalled,Undefined,Undefined,Undefined,0,0,,80.37227,-0.676428,0.117684,1910.006849,190.747976,12:15,6.19449,2.29865,5.37113,-23.22887,21.72277,3.79969,3.62448,2.72563,72.11074,-5.084401,0.793015,0.482552,,,,,,,,,,,,-1.84788,11.57568,-2.31193,50,6.11806,-0.39916,-116.36753,-2.0391,-2.48553,25.71906,-16.60396,GEO_PAT,HOL_CRU,SpuhlerFieldMain,D1,A10,20250304-SpuhlerFieldMain-1,912620c0-f936-11ef-9e84-f3ebf856d060,78.11063,,,8.26152,,,,,,,677a001a-4aeb-4bee-826e-3fb235647512,2025-03-04,20:23:42.39,2025-03-04T15:23:42.3916544-05:00,2025-03-04T20:23:42.3916544Z,,v3,471300,471313,,"Coughlin, Van",1000265863,Right,HOL_CRU,57147029-f214-404b-a3b6-54431cd3a356,55.12447,-117.49466,12.85953,6.19148,-1.31143,-8.30198,-2.29682,-0.29023,-1.24277,,,,,,,,,,,,,,,,,,,,,,,,,,,,,,,,,,,,,,,,,,,,,,,,,,,High,High,High,,,,,
145,2025-03-04,15:24:00.42,26,3,"Walters, Augie",1000119802,Right,HOL_CRU,"Hull, Owen",10054797,Left,GEO_PAT,Undefined,2,Bottom,2,2,0,Fastball,Changeup,BallCalled,Undefined,Undefined,Undefined,0,0,,79.51842,0.174647,-1.574675,1979.631775,223.669916,1:30,6.12238,2.24198,5.46524,-31.82754,13.07087,11.11882,3.63361,1.6943,72.76034,-5.71806,0.404857,0.482266,,,,,,,,,,,,-6.00929,6.9715,-2.11102,50,6.11622,2.72514,-115.40166,-0.66286,-8.10738,21.38624,-22.76857,GEO_PAT,HOL_CRU,SpuhlerFieldMain,D1,A10,20250304-SpuhlerFieldMain-1,9be103e0-f936-11ef-9e84-f3ebf856d060,78.1569,,,6.75808,,,,,,,677a001a-4aeb-4bee-826e-3fb235647512,2025-03-04,20:24:00.42,2025-03-04T15:24:00.4207616-05:00,2025-03-04T20:24:00.4207616Z,,v3,471300,471313,,"Coughlin, Van",1000265863,Right,HOL_CRU,d2858c16-4e67-42e2-9ebf-1753302777af,55.03506,-116.33101,10.69312,6.12353,0.32657,-11.38429,-2.23709,3.07745,-4.05369,,,,,,,,,,,,,,,,,,,,,,,,,,,,,,,,,,,,,,,,,,,,,,,,,,,High,High,High,,,,,
146,2025-03-04,15:24:17.56,26,4,"Walters, Augie",1000119802,Right,HOL_CRU,"Hull, Owen",10054797,Left,GEO_PAT,Undefined,2,Bottom,2,3,0,Fastball,Changeup,StrikeCalled,Undefined,Undefined,Undefined,0,0,,81.34659,-1.479309,-3.274418,1948.069733,236.703521,2:00,6.16858,2.15671,5.67715,-32.14533,10.26477,13.67934,2.1081,0.24063,75.05482,-7.400374,-0.831423,0.468712,,,,,,,,,,,,-7.80851,5.99355,-1.88903,50,6.02329,6.21671,-118.02126,-4.08658,-11.08591,21.07998,-23.66486,GEO_PAT,HOL_CRU,SpuhlerFieldMain,D1,A10,20250304-SpuhlerFieldMain-1,a63b7780-f936-11ef-9e84-f3ebf856d060,80.41708,,,6.29177,,,,,,,677a001a-4aeb-4bee-826e-3fb235647512,2025-03-04,20:24:17.56,2025-03-04T15:24:17.5699968-05:00,2025-03-04T20:24:17.5699968Z,,v3,471300,471313,,"Coughlin, Van",1000265863,Right,HOL_CRU,7e1757e9-07f5-48cf-814a-1f62c9cc8a94,54.82579,-118.88008,10.53999,6.17014,-3.12245,-11.83243,-2.1515,6.66836,-5.54296,,,,,,,,,,,,,,,,,,,,,,,,,,,,,,,,,,,,,,,,,,,,,,,,,,,High,High,High,,,,,
147,2025-03-04,15:24:34.40,26,5,"Walters, Augie",1000119802,Right,HOL_CRU,"Hull, Owen",10054797,Left,GEO_PAT,Undefined,2,Bottom,2,3,1,Fastball,Changeup,BallCalled,Walk,Undefined,Undefined,0,1,,79.78069,-1.033757,-0.770406,1898.734295,193.28731,12:30,6.17017,2.21236,5.49241,-25.01356,19.6319,4.29162,3.11843,1.84923,72.87186,-5.716368,-0.005801,0.480906,,,,,,,,,,,,-2.37087,10.6204,-2.14783,50,6.06301,1.38372,-115.75399,-2.83047,-3.21184,21.91556,-17.78651,GEO_PAT,HOL_CRU,SpuhlerFieldMain,D1,A10,20250304-SpuhlerFieldMain-1,b0261250-f936-11ef-9e84-f3ebf856d060,78.37798,,,6.90883,,,,,,,677a001a-4aeb-4bee-826e-3fb235647512,2025-03-04,20:24:34.40,2025-03-04T15:24:34.4051712-05:00,2025-03-04T20:24:34.4051712Z,,v3,471300,471313,,"Coughlin, Van",1000265863,Right,HOL_CRU,b06860ce-d362-47be-bff2-e73ccbfd176e,55.00668,-116.69805,10.95778,6.16843,-2.06428,-8.89325,-2.21042,1.52208,-1.60592,,,,,,,,,,,,,,,,,,,,,,,,,,,,,,,,,,,,,,,,,,,,,,,,,,,High,High,High,,,,,
148,2025-03-04,15:25:06.46,27,1,"Walters, Augie",1000119802,Right,HOL_CRU,"Quinn-Irons, Jaime",1000216379,Right,GEO_PAT,Undefined,2,Bottom,2,0,0,Slider,Slider,InPlay,Undefined,GroundBall,Single,0,2,,74.06229,-0.555429,-2.134431,2044.14421,125.844845,10:15,6.30597,2.01007,4.98074,-48.56778,3.88059,-3.22669,1.73371,-0.27561,68.72131,-9.304254,-2.704253,0.52124,106.73481,6.676915,-1.594453,1265.893119,,,,135.68523,135.68523,1.79067,1.012573,1.05614,2.47878,-1.80118,50,6.21234,4.12791,-107.48306,-2.66287,1.24256,17.63645,-29.25782,GEO_PAT,HOL_CRU,SpuhlerFieldMain,D1,A10,20250304-SpuhlerFieldMain-1,c35e44a0-f936-11ef-9e84-f3ebf856d060,72.31309,5.64989,,5.34098,,,,1.5403,1.75543,0.25812,677a001a-4aeb-4bee-826e-3fb235647512,2025-03-04,20:25:06.46,2025-03-04T15:25:06.4631296-05:00,2025-03-04T20:25:06.4631296Z,GroundBall,v3,471300,471313,,"Coughlin, Van",1000265863,Right,HOL_CRU,02e28042-173c-4280-920d-1e93c44f93eb,55.52319,-108.38555,8.81823,6.3103,-1.1657,-14.62891,-2.01078,4.06433,0.62128,288.347407,1.72454,152.90639,-20.57657,,,,,,,1.87199,16.6046,-18.32426,,,,,,,0.14504,-2.76051,6.81457,,,,,,,,,,,,,,,,,,,,,,,,,,,,,High,High,High,High,High,,,
149,2025-03-04,15:25:45.41,28,1,"Walters, Augie",1000119802,Right,HOL_CRU,"Butler, Jake",1000176047,Right,GEO_PAT,Undefined,2,Bottom,2,0,0,Fastball,Changeup,InPlay,Undefined,GroundBall,FieldersChoice,1,0,,80.01225,-0.895662,-3.074442,1880.427817,240.131406,2:00,6.33152,2.04097,5.51806,-31.68817,13.38615,20.3771,2.85206,0.8615,72.10718,-6.801197,0.554692,0.48321,81.84042,3.307191,-36.493748,3118.830494,,,,60.4696,57.36451,-37.42253,0.519967,-11.30902,7.52422,-1.78708,50,6.23256,5.40574,-115.83242,-2.80567,-15.09769,25.14437,-22.12912,GEO_PAT,HOL_CRU,SpuhlerFieldMain,D1,A10,20250304-SpuhlerFieldMain-1,da9bd290-f936-11ef-9e84-f3ebf856d060,78.00425,3.21138,,7.90507,,,,1.65953,2.72227,-0.81413,677a001a-4aeb-4bee-826e-3fb235647512,2025-03-04,20:25:45.41,2025-03-04T15:25:45.4159360-05:00,2025-03-04T20:25:45.4159360Z,GroundBall,v3,471300,471313,,"Coughlin, Van",1000265863,Right,HOL_CRU,d8d04949-8f50-4b46-bc30-a73f36b6fdb7,54.98262,-116.90902,12.57218,6.33241,-1.85817,-11.06456,-2.03237,6.05217,-7.54885,41.039587,1.66835,96.10836,-13.41296,,,,,,,2.7401,6.46456,-22.62995,,,,,,,-0.8118,-71.32907,4.26009,,,,,,,,,,,,,,,,,,,,,,,,,,,,,High,High,High,High,High,,,
150,2025-03-04,15:28:41.93,1,1,"Madigan III, Michael",10289060,Left,GEO_PAT,"Sandell, Alexander",10317026,Right,HOL_CRU,Undefined,3,Top,0,0,0,Fastball,Four-Seam,StrikeCalled,Undefined,Undefined,Undefined,0,0,,87.72818,-2.559474,1.886337,2102.655469,183.206566,12:00,6.01702,-0.87134,6.13804,-14.2728,21.83706,1.15685,2.45919,0.96914,80.05904,-5.317319,2.094694,0.432498,,,,,,,,,,,,-0.05894,12.39095,0.72675,50,5.81404,-4.23846,-127.29247,-6.04304,-0.0964,26.85448,-11.90388,GEO_PAT,HOL_CRU,SpuhlerFieldMain,D1,A10,20250304-SpuhlerFieldMain-1,43bd9470-f937-11ef-9e84-f3ebf856d060,87.15051,,,7.66915,,,,,,,677a001a-4aeb-4bee-826e-3fb235647512,2025-03-04,20:28:41.93,2025-03-04T15:28:41.9358720-05:00,2025-03-04T20:28:41.9358720Z,,v3,471300,471313,,"Raymond, Andrew",10148052,Right,GEO_PAT,42d19882-e0d5-48aa-9311-b9990b391411,54.36347,-128.20971,13.42724,6.0135,-5.63645,-5.95194,0.87146,-4.23516,-0.0482,,,,,,,,,,,,,,,,,,,,,,,,,,,,,,,,,,,,,,,,,,,,,,,,,,,High,High,High,,,,,
151,2025-03-04,15:28:53.72,1,2,"Madigan III, Michael",10289060,Left,GEO_PAT,"Sandell, Alexander",10317026,Right,HOL_CRU,Undefined,3,Top,0,0,1,Fastball,Four-Seam,FoulBallNotFieldable,Undefined,Undefined,Undefined,0,0,,86.92487,-1.744435,2.251318,2124.963819,174.836706,11:45,6.0774,-0.911,6.19631,-17.17403,19.28036,-1.64102,3.03398,1.03179,79.78564,-5.020518,1.955483,0.434556,94.97358,65.979552,-69.058759,3956.826686,,,,,58.43046,,,1.46118,10.82654,0.74225,50,5.93718,-4.90045,-126.25985,-4.30911,2.36631,24.93289,-14.64115,GEO_PAT,HOL_CRU,SpuhlerFieldMain,D1,A10,20250304-SpuhlerFieldMain-1,4ac70850-f937-11ef-9e84-f3ebf856d060,86.73772,125.74968,,7.13923,,,,2.30896,1.68947,-0.9289,677a001a-4aeb-4bee-826e-3fb235647512,2025-03-04,20:28:53.72,2025-03-04T15:28:53.7206784-05:00,2025-03-04T20:28:53.7206784Z,,v3,471300,471313,,"Raymond, Andrew",10148052,Right,GEO_PAT,73931d40-1c80-44a3-9834-1dfd34f3a4e7,54.30645,-127.10741,12.46645,6.0752,-3.8114,-7.32057,0.91021,-4.9809,1.18316,,2.30896,20.26563,-13.89844,4.65195,-1.22812,0.19307,0.09762,-0.09131,0.02285,1.68947,127.23149,-30.58006,4.10482,-0.80862,0.16931,-0.05742,0.02328,-0.00493,-0.9289,-52.95621,11.67753,-3.14389,0.72522,-0.11716,-0.03642,0.03824,-0.00964,,,,,,,,,,,,,,,,,,,,,,,High,High,High,Medium,Undefined,,,
152,2025-03-04,15:29:18.11,1,3,"Madigan III, Michael",10289060,Left,GEO_PAT,"Sandell, Alexander",10317026,Right,HOL_CRU,Undefined,3,Top,0,0,2,Fastball,Four-Seam,BallCalled,Undefined,Undefined,Undefined,0,0,,88.56205,0.278366,1.818631,2154.321891,166.012963,11:30,5.96642,-1.02008,6.08693,-18.76599,16.41776,-3.82799,4.66025,0.34396,81.20145,-3.282142,1.129731,0.426916,,,,,,,,,,,,2.44118,8.70536,0.88156,50,5.97779,-3.92761,-128.68927,0.0824,4.11511,25.40314,-17.49943,GEO_PAT,HOL_CRU,SpuhlerFieldMain,D1,A10,20250304-SpuhlerFieldMain-1,59383cb0-f937-11ef-9e84-f3ebf856d060,88.29007,,,7.3606,,,,,,,677a001a-4aeb-4bee-826e-3fb235647512,2025-03-04,20:29:18.11,2025-03-04T15:29:18.1150208-05:00,2025-03-04T20:29:18.1150208Z,,v3,471300,471313,,"Raymond, Andrew",10148052,Right,GEO_PAT,1710109f-7272-472b-958b-b93c2d7e06b9,54.41385,-129.55763,12.70157,5.96475,0.68058,-8.74971,1.01823,-4.06828,2.05756,,,,,,,,,,,,,,,,,,,,,,,,,,,,,,,,,,,,,,,,,,,,,,,,,,,High,High,High,,,,,
153,2025-03-04,15:29:32.47,1,4,"Madigan III, Michael",10289060,Left,GEO_PAT,"Sandell, Alexander",10317026,Right,HOL_CRU,Undefined,3,Top,0,1,2,Fastball,Four-Seam,FoulBallNotFieldable,Undefined,Undefined,Undefined,0,0,,88.05937,-0.923115,1.67753,2151.393281,174.8501,11:45,5.97528,-1.03088,6.14156,-18.99981,16.71572,-1.40398,3.53839,0.40291,80.42361,-4.535953,1.424523,0.43013,73.86127,52.524694,177.921833,3669.968563,-109.76582,76.16379,7.16884,212.56593,67.24299,174.979793,3.968305,1.20173,9.25249,0.90366,50,5.89498,-3.69015,-127.91613,-2.60382,1.98809,26.7643,-16.8674,GEO_PAT,HOL_CRU,SpuhlerFieldMain,D1,A10,20250304-SpuhlerFieldMain-1,61e1cc00-f937-11ef-9e84-f3ebf856d060,87.63029,76.19647,,7.63576,,,,1.17936,3.5933,-0.40249,677a001a-4aeb-4bee-826e-3fb235647512,2025-03-04,20:29:32.47,2025-03-04T15:29:32.4714496-05:00,2025-03-04T20:29:32.4714496Z,Popup,v3,471300,471313,,"Raymond, Andrew",10148052,Right,GEO_PAT,de02ee72-902a-451c-b7c6-1cc372269b20,54.36012,-128.82518,13.38215,5.97369,-2.03092,-8.4337,1.03014,-3.75768,0.99405,7.308025,1.17763,-65.82242,0.80854,1.4813,-0.62405,0.18978,-0.0268,0.00037,0.00016,3.59454,85.93453,-30.44624,3.5634,-0.28492,-0.16212,0.07212,-0.01178,0.00071,-0.40259,2.39337,1.64099,-0.45353,0.04952,0.01411,-0.00749,0.0013,-8E-05,,,,,,,,,,,,,,,,,,,,,,,High,High,High,High,Low,,,
154,2025-03-04,15:29:50.27,1,5,"Madigan III, Michael",10289060,Left,GEO_PAT,"Sandell, Alexander",10317026,Right,HOL_CRU,Undefined,3,Top,0,1,2,Cutter,Slider,InPlay,Undefined,LineDrive,Single,0,0,,80.62522,-0.678672,0.879911,2359.103147,239.034985,2:00,5.92107,-1.12595,5.82533,-37.24163,6.11394,7.78197,2.18653,0.34067,73.62277,-7.561734,2.276228,0.473908,90.15437,13.790454,-30.090965,1592.107605,91.85853,15.8325,-60.51423,204.64789,203.82494,-36.229996,1.91566,-3.73481,3.73232,1.04925,50,5.84351,-2.09319,-117.05531,-2.5639,-5.13935,23.78976,-27.0381,GEO_PAT,HOL_CRU,SpuhlerFieldMain,D1,A10,20250304-SpuhlerFieldMain-1,6c7f1500-f937-11ef-9e84-f3ebf856d060,79.53537,15.8646,,7.00245,,,,1.83554,2.25282,-0.27277,677a001a-4aeb-4bee-826e-3fb235647512,2025-03-04,20:29:50.27,2025-03-04T15:29:50.2708224-05:00,2025-03-04T20:29:50.2708224Z,LineDrive,v3,471300,471313,,"Raymond, Andrew",10148052,Right,GEO_PAT,ff197a7f-b666-4c6d-8aa7-430abc62da3a,54.67679,-118.00197,11.89488,5.92413,-1.48798,-13.51905,1.12847,-1.88868,-2.56968,100.393284,1.83554,111.10825,-19.82912,4.82956,-1.09019,0.19772,-0.02821,0.00174,0.00013,2.25282,31.519,-19.42862,1.46879,-0.1366,-0.002,0.00632,-0.00095,5E-05,-0.27277,-64.38383,-0.9717,1.69139,-0.6685,0.1939,-0.0461,0.00772,-0.00066,,,,,,,,,,,,,,,,,,,,,,,High,High,High,High,High,,,
155,2025-03-04,15:30:20.96,2,1,"Madigan III, Michael",10289060,Left,GEO_PAT,"Coughlin, Van",1000265863,Right,HOL_CRU,Undefined,3,Top,0,0,0,Fastball,Four-Seam,BallCalled,Undefined,Undefined,Undefined,0,0,,87.0301,-0.958738,1.605257,2231.421975,165.274091,11:30,6.06158,-0.91632,6.14651,-16.5517,20.40867,-5.01973,3.79587,0.14917,78.57527,-4.164838,0.700582,0.437562,,,,,,,,,,,,3.07244,11.18894,0.79643,50,5.97979,-3.33055,-126.25015,-2.52296,4.89829,28.63708,-14.33593,GEO_PAT,HOL_CRU,SpuhlerFieldMain,D1,A10,20250304-SpuhlerFieldMain-1,7eadc690-f937-11ef-9e84-f3ebf856d060,86.14195,,,8.45483,,,,,,,677a001a-4aeb-4bee-826e-3fb235647512,2025-03-04,20:30:20.96,2025-03-04T15:30:20.9601024-05:00,2025-03-04T20:30:20.9601024Z,,v3,471300,471313,,"Raymond, Andrew",10148052,Right,GEO_PAT,90e5ee36-e585-418f-a19d-ca830f803131,54.35152,-127.23337,14.31854,6.05797,-2.03075,-7.16797,0.91367,-3.49873,2.44915,,,,,,,,,,,,,,,,,,,,,,,,,,,,,,,,,,,,,,,,,,,,,,,,,,,High,High,High,,,,,
156,2025-03-04,15:30:37.40,2,2,"Madigan III, Michael",10289060,Left,GEO_PAT,"Coughlin, Van",1000265863,Right,HOL_CRU,Undefined,3,Top,0,1,0,Fastball,Four-Seam,FoulBallNotFieldable,Undefined,Undefined,Undefined,0,0,,87.74393,-2.46655,1.654685,2326.476217,179.493415,12:00,5.97262,-0.93351,6.19972,-16.88532,18.73603,-0.15638,2.28611,0.58143,80.95162,-5.671586,1.62647,0.429563,99.92459,6.646093,-61.008697,5475.046143,,,,105.09011,105.09011,-64.57629,0.800115,0.50504,10.70461,0.80908,50,5.77828,-3.67719,-127.50004,-5.95999,0.83782,24.30228,-14.41573,GEO_PAT,HOL_CRU,SpuhlerFieldMain,D1,A10,20250304-SpuhlerFieldMain-1,88930a30-f937-11ef-9e84-f3ebf856d060,87.74605,5.06062,,6.79231,,,,2.60444,2.4059,-0.67879,677a001a-4aeb-4bee-826e-3fb235647512,2025-03-04,20:30:37.40,2025-03-04T15:30:37.4082048-05:00,2025-03-04T20:30:37.4082048Z,GroundBall,v3,471300,471313,,"Raymond, Andrew",10148052,Right,GEO_PAT,4ac4cb69-ad5a-43fb-8c39-f383271f9149,54.304,-128.31779,12.15114,5.97066,-5.47491,-7.20786,0.93329,-3.70539,0.41891,,2.60444,70.55488,-26.00971,6.36495,-1.58426,0.35599,-0.07582,0.01497,-0.00182,2.4059,16.96182,-28.76541,5.75065,-1.50267,0.39391,-0.09514,0.02085,-0.00285,-0.67879,-127.32995,11.62094,0.84869,-0.77948,0.34669,-0.11159,0.02863,-0.00432,,,,,,,,,,,,,,,,,,,,,,,High,High,High,Medium,High,,,
157,2025-03-04,15:30:57.21,2,3,"Madigan III, Michael",10289060,Left,GEO_PAT,"Coughlin, Van",1000265863,Right,HOL_CRU,Undefined,3,Top,0,1,1,Fastball,Changeup,StrikeCalled,Undefined,Undefined,Undefined,0,0,,81.34126,-0.706131,-0.303309,1473.448867,186.659809,12:15,6.01681,-0.82096,5.90468,-27.95974,13.61331,1.45772,3.03128,-0.98106,75.56236,-5.895579,-0.041501,0.464064,,,,,,,,,,,,-0.82016,7.51032,0.8445,50,5.94386,0.57155,-118.34107,-2.30497,-1.18062,19.3953,-21.36309,GEO_PAT,HOL_CRU,SpuhlerFieldMain,D1,A10,20250304-SpuhlerFieldMain-1,94501b10-f937-11ef-9e84-f3ebf856d060,81.22257,,,5.7789,,,,,,,677a001a-4aeb-4bee-826e-3fb235647512,2025-03-04,20:30:57.21,2025-03-04T15:30:57.2156416-05:00,2025-03-04T20:30:57.2156416Z,,v3,471300,471313,,"Raymond, Andrew",10148052,Right,GEO_PAT,8e4a78ed-355d-4e87-b27b-ac66b69ccb75,54.59813,-119.09229,9.69765,6.01711,-1.47754,-10.68154,0.82148,0.61727,-0.59031,,,,,,,,,,,,,,,,,,,,,,,,,,,,,,,,,,,,,,,,,,,,,,,,,,,High,High,High,,,,,
158,2025-03-04,15:31:14.11,2,4,"Madigan III, Michael",10289060,Left,GEO_PAT,"Coughlin, Van",1000265863,Right,HOL_CRU,Undefined,3,Top,0,1,2,Fastball,Four-Seam,HitByPitch,Undefined,Undefined,Undefined,0,0,,87.75631,-1.634173,2.171447,2405.433682,171.739623,11:45,5.99756,-0.6636,6.22798,-16.24028,19.54788,-2.67508,3.1349,1.11797,80.35168,-4.747501,1.688863,0.430567,,,,,,,,,,,,2.00988,10.98993,0.50262,50,5.86728,-4.7323,-127.48438,-4.07272,3.30882,26.12351,-14.08163,GEO_PAT,HOL_CRU,SpuhlerFieldMain,D1,A10,20250304-SpuhlerFieldMain-1,9e71a460-f937-11ef-9e84-f3ebf856d060,87.54131,,,7.40463,,,,,,,677a001a-4aeb-4bee-826e-3fb235647512,2025-03-04,20:31:14.11,2025-03-04T15:31:14.1179904-05:00,2025-03-04T20:31:14.1179904Z,,v3,471300,471313,,"Raymond, Andrew",10148052,Right,GEO_PAT,c414e820-c165-4377-8ef0-a56809b90a60,54.27583,-128.35758,13.06175,5.99554,-3.60203,-7.04082,0.66265,-4.8429,1.65441,,,,,,,,,,,,,,,,,,,,,,,,,,,,,,,,,,,,,,,,,,,,,,,,,,,High,High,High,,,,,
159,2025-03-04,15:31:48.53,3,1,"Madigan III, Michael",10289060,Left,GEO_PAT,"Grundy, Ryan",10032351,Left,HOL_CRU,Undefined,3,Top,0,0,0,Fastball,Four-Seam,BallCalled,Undefined,Undefined,Undefined,0,0,,87.40767,-1.175799,2.362593,2336.94831,171.505735,11:45,6.10887,-0.71642,6.18716,-16.62497,19.6104,-2.7548,3.63667,1.23684,79.76501,-4.367381,1.866163,0.433249,,,,,,,,,,,,2.08437,10.81638,0.53938,50,6.01141,-5.12382,-126.88635,-3.03546,3.39377,26.27708,-14.56295,GEO_PAT,HOL_CRU,SpuhlerFieldMain,D1,A10,20250304-SpuhlerFieldMain-1,b2e34110-f937-11ef-9e84-f3ebf856d060,86.99943,,,7.64266,,,,,,,677a001a-4aeb-4bee-826e-3fb235647512,2025-03-04,20:31:48.53,2025-03-04T15:31:48.5351424-05:00,2025-03-04T20:31:48.5351424Z,,v3,471300,471313,,"Raymond, Andrew",10148052,Right,GEO_PAT,5630a75d-5b0d-4f94-9afa-54848d177fb6,54.31298,-127.77641,13.13854,6.10587,-2.54218,-7.28147,0.71488,-5.23877,1.69689,,,,,,,,,,,,,,,,,,,,,,,,,,,,,,,,,,,,,,,,,,,,,,,,,,,High,High,High,,,,,
160,2025-03-04,15:32:06.05,3,2,"Madigan III, Michael",10289060,Left,GEO_PAT,"Grundy, Ryan",10032351,Left,HOL_CRU,Undefined,3,Top,0,1,0,Fastball,Four-Seam,BallCalled,Undefined,Undefined,Undefined,0,0,,86.52244,-1.31558,3.138501,2202.318595,176.466968,12:00,6.03022,-0.99578,6.20237,-19.20907,17.53796,-1.015,3.21299,1.81975,79.59161,-4.95388,2.955767,0.436297,,,,,,,,,,,,1.33984,9.76256,0.76007,50,5.92123,-6.84712,-125.6054,-3.41877,2.15407,23.93197,-16.479,GEO_PAT,HOL_CRU,SpuhlerFieldMain,D1,A10,20250304-SpuhlerFieldMain-1,bd55d090-f937-11ef-9e84-f3ebf856d060,86.39161,,,6.93083,,,,,,,677a001a-4aeb-4bee-826e-3fb235647512,2025-03-04,20:32:06.05,2025-03-04T15:32:06.0545536-05:00,2025-03-04T20:32:06.0545536Z,,v3,471300,471313,,"Raymond, Andrew",10148052,Right,GEO_PAT,d9514221-6838-4b7e-95d8-5cecfb2b32cf,54.2987,-126.42179,11.96599,6.02826,-2.85662,-8.2395,0.9949,-6.9206,1.07703,,,,,,,,,,,,,,,,,,,,,,,,,,,,,,,,,,,,,,,,,,,,,,,,,,,High,High,High,,,,,
161,2025-03-04,15:32:25.05,3,3,"Madigan III, Michael",10289060,Left,GEO_PAT,"Grundy, Ryan",10032351,Left,HOL_CRU,Undefined,3,Top,0,2,0,Fastball,Four-Seam,InPlay,Undefined,FlyBall,Out,1,0,,86.64358,-1.317032,2.03283,2322.169687,171.332946,11:45,5.91953,-1.22756,6.16318,-17.09824,19.58887,-2.81599,3.27701,0.41651,79.53958,-4.581434,1.525375,0.435942,93.40181,48.217068,33.727642,4030.628287,87.01352,120.87249,67.29496,243.5525,124.6875,42.363722,6.007822,2.01016,10.85831,1.07473,50,5.81071,-4.36029,-125.8984,-3.35545,3.23912,24.61262,-14.67727,GEO_PAT,HOL_CRU,SpuhlerFieldMain,D1,A10,20250304-SpuhlerFieldMain-1,c8bd6e70-f937-11ef-9e84-f3ebf856d060,86.46213,136.74223,,7.104,,,,2.19853,2.39209,-0.73409,677a001a-4aeb-4bee-826e-3fb235647512,2025-03-04,20:32:25.05,2025-03-04T15:32:25.0544128-05:00,2025-03-04T20:32:25.0544128Z,FlyBall,v3,471300,471313,,"Raymond, Andrew",10148052,Right,GEO_PAT,cb0397b4-e790-4bf5-8750-79dba24ff3dc,54.33976,-126.74396,12.30631,5.91733,-2.85121,-7.33864,1.22644,-4.47157,1.61956,192.706946,2.20553,75.77709,-25.74795,7.44682,-1.44109,0.16394,-0.00619,-0.00052,4E-05,2.38979,102.17835,-22.59178,1.03606,0.31977,-0.19632,0.04984,-0.00625,0.00031,-0.73046,50.6173,-10.79715,2.51573,-0.37224,0.0238,0.00121,-0.0002,0,,,,,,,,,,,,,,,,,,,,,,,High,High,High,Medium,Low,,,
162,2025-03-04,15:33:14.90,4,1,"Madigan III, Michael",10289060,Left,GEO_PAT,"Egrie, CJ",1000095959,Right,HOL_CRU,Undefined,3,Top,1,0,0,Fastball,Four-Seam,BallCalled,Undefined,Undefined,Undefined,0,0,,87.06255,-0.166459,0.819782,2318.693013,171.615675,11:45,6.12551,-0.95871,5.90309,-17.448,19.04784,-2.65264,4.51696,-0.41867,80.15255,-3.476245,0.34373,0.434804,,,,,,,,,,,,1.56358,10.12552,0.8943,50,6.10201,-1.70246,-126.58469,-0.8665,2.56029,23.6173,-15.59385,GEO_PAT,HOL_CRU,SpuhlerFieldMain,D1,A10,20250304-SpuhlerFieldMain-1,e6589fe0-f937-11ef-9e84-f3ebf856d060,86.68841,,,6.91001,,,,,,,677a001a-4aeb-4bee-826e-3fb235647512,2025-03-04,20:33:14.90,2025-03-04T15:33:14.9064192-05:00,2025-03-04T20:33:14.9064192Z,,v3,471300,471313,,"Raymond, Andrew",10148052,Right,GEO_PAT,c4100743-7511-4a90-ae5c-9b494d442e16,54.59867,-127.43979,11.80865,6.12316,-0.3019,-7.79692,0.95762,-1.79516,1.28014,,,,,,,,,,,,,,,,,,,,,,,,,,,,,,,,,,,,,,,,,,,,,,,,,,,High,High,High,,,,,
163,2025-03-04,15:33:31.16,4,2,"Madigan III, Michael",10289060,Left,GEO_PAT,"Egrie, CJ",1000095959,Right,HOL_CRU,Undefined,3,Top,1,1,0,Fastball,Four-Seam,BallCalled,Undefined,Undefined,Undefined,0,0,,86.37732,-0.312913,-0.282619,2286.649725,175.643633,11:45,6.07477,-0.86014,5.90275,-16.53076,21.07938,-1.51039,4.40671,-1.24838,78.4131,-3.494967,-0.553702,0.441391,,,,,,,,,,,,0.6835,11.22008,0.8837,50,6.04006,0.68202,-125.38918,-1.11468,1.08206,26.68157,-14.41115,GEO_PAT,HOL_CRU,SpuhlerFieldMain,D1,A10,20250304-SpuhlerFieldMain-1,f00f0b50-f937-11ef-9e84-f3ebf856d060,85.39461,,,7.96421,,,,,,,677a001a-4aeb-4bee-826e-3fb235647512,2025-03-04,20:33:31.16,2025-03-04T15:33:31.1643136-05:00,2025-03-04T20:33:31.1643136Z,,v3,471300,471313,,"Raymond, Andrew",10148052,Right,GEO_PAT,82996f97-0687-450a-a1e9-0d8b30b66498,54.59584,-126.36334,13.34078,6.07115,-0.58851,-7.20558,0.85952,0.64251,0.54103,,,,,,,,,,,,,,,,,,,,,,,,,,,,,,,,,,,,,,,,,,,,,,,,,,,High,High,High,,,,,
164,2025-03-04,15:33:53.76,4,3,"Madigan III, Michael",10289060,Left,GEO_PAT,"Egrie, CJ",1000095959,Right,HOL_CRU,Undefined,3,Top,1,2,0,Fastball,Four-Seam,BallCalled,Undefined,Undefined,Undefined,0,0,,86.12722,-0.733966,0.421898,2304.738814,168.984977,11:45,6.08609,-0.89903,6.1184,-15.7454,21.98017,-4.02075,4.0953,-0.844,77.80069,-3.798229,-0.302702,0.442068,,,,,,,,,,,,2.18288,11.90666,0.86861,50,6.02132,-0.7544,-124.98624,-1.96881,3.41378,27.86174,-13.55346,GEO_PAT,HOL_CRU,SpuhlerFieldMain,D1,A10,20250304-SpuhlerFieldMain-1,fd88c050-f937-11ef-9e84-f3ebf856d060,85.26383,,,8.32653,,,,,,,677a001a-4aeb-4bee-826e-3fb235647512,2025-03-04,20:33:53.76,2025-03-04T15:33:53.7695232-05:00,2025-03-04T20:33:53.7695232Z,,v3,471300,471313,,"Raymond, Andrew",10148052,Right,GEO_PAT,a530c8ab-d04b-4b20-9b35-39963eb2a5da,54.37918,-125.95866,13.93087,6.08178,-1.49578,-6.77673,0.89702,-0.87354,1.70689,,,,,,,,,,,,,,,,,,,,,,,,,,,,,,,,,,,,,,,,,,,,,,,,,,,High,High,High,,,,,
165,2025-03-04,15:34:13.86,4,4,"Madigan III, Michael",10289060,Left,GEO_PAT,"Egrie, CJ",1000095959,Right,HOL_CRU,Undefined,3,Top,1,3,0,Cutter,Slider,StrikeCalled,Undefined,Undefined,Undefined,0,0,,77.17588,-0.616122,1.647403,2357.739871,261.212029,2:45,5.88219,-1.309,5.79009,-44.05345,3.06181,10.34363,1.63762,1.08599,71.13828,-8.691391,3.501781,0.494029,,,,,,,,,,,,-4.81591,2.18976,1.16701,50,5.805,-3.60422,-112.08434,-2.57815,-6.11745,20.53538,-29.3925,GEO_PAT,HOL_CRU,SpuhlerFieldMain,D1,A10,20250304-SpuhlerFieldMain-1,09885870-f938-11ef-9e84-f3ebf856d060,76.29605,,,6.03759,,,,,,,677a001a-4aeb-4bee-826e-3fb235647512,2025-03-04,20:34:13.86,2025-03-04T15:34:13.8610688-05:00,2025-03-04T20:34:13.8610688Z,,v3,471300,471313,,"Raymond, Andrew",10148052,Right,GEO_PAT,af075cba-0592-4dfd-82a7-5ecd45bb02ec,54.71248,-112.94443,10.26769,5.8872,-1.34709,-14.69625,1.3126,-3.348,-3.05873,,,,,,,,,,,,,,,,,,,,,,,,,,,,,,,,,,,,,,,,,,,,,,,,,,,High,High,High,,,,,
166,2025-03-04,15:34:33.16,4,5,"Madigan III, Michael",10289060,Left,GEO_PAT,"Egrie, CJ",1000095959,Right,HOL_CRU,Undefined,3,Top,1,3,1,Cutter,Slider,BallCalled,Walk,Undefined,Undefined,0,0,,78.02464,-1.637955,-0.115099,2325.327221,266.590318,3:00,5.85589,-1.20681,5.83939,-44.16813,2.08114,9.31831,0.65239,-0.53727,71.64987,-9.735937,1.560719,0.489468,,,,,,,,,,,,-4.85862,1.93177,1.21045,50,5.69606,-0.1074,-113.29739,-4.60764,-6.26463,22.25048,-29.68324,GEO_PAT,HOL_CRU,SpuhlerFieldMain,D1,A10,20250304-SpuhlerFieldMain-1,1520f160-f938-11ef-9e84-f3ebf856d060,77.00702,,,6.37476,,,,,,,677a001a-4aeb-4bee-826e-3fb235647512,2025-03-04,20:34:33.16,2025-03-04T15:34:33.1616768-05:00,2025-03-04T20:34:33.1616768Z,,v3,471300,471313,,"Raymond, Andrew",10148052,Right,GEO_PAT,effd56cc-d34f-4d1c-b360-3905c01ec848,54.66439,-114.20976,11.12524,5.86004,-3.3905,-14.84162,1.20958,0.14948,-3.13231,,,,,,,,,,,,,,,,,,,,,,,,,,,,,,,,,,,,,,,,,,,,,,,,,,,High,High,High,,,,,
167,2025-03-04,15:35:00.95,5,1,"Madigan III, Michael",10289060,Left,GEO_PAT,"Scanlon, Sean",809071,Left,HOL_CRU,Undefined,3,Top,1,0,0,Fastball,Four-Seam,StrikeCalled,Undefined,Undefined,Undefined,0,0,,85.88904,-0.844764,1.784487,2259.271057,167.912036,11:30,5.94977,-0.9292,6.15276,-16.89934,20.686,-4.16898,3.76051,0.37276,78.2723,-4.096613,1.033203,0.441246,,,,,,,,,,,,2.65894,11.29103,0.79551,50,5.87663,-3.72047,-124.72465,-2.26763,4.1774,25.7041,-14.43503,GEO_PAT,HOL_CRU,SpuhlerFieldMain,D1,A10,20250304-SpuhlerFieldMain-1,25968140-f938-11ef-9e84-f3ebf856d060,85.42274,,,7.61674,,,,,,,677a001a-4aeb-4bee-826e-3fb235647512,2025-03-04,20:35:00.95,2025-03-04T15:35:00.9581568-05:00,2025-03-04T20:35:00.9581568Z,,v3,471300,471313,,"Raymond, Andrew",10148052,Right,GEO_PAT,22eb2289-dc25-421d-9fab-0a6693ad7f22,54.34764,-125.61744,12.85205,5.94669,-1.76625,-7.21751,0.92726,-3.86556,2.0887,,,,,,,,,,,,,,,,,,,,,,,,,,,,,,,,,,,,,,,,,,,,,,,,,,,High,High,High,,,,,
168,2025-03-04,15:35:16.26,5,2,"Madigan III, Michael",10289060,Left,GEO_PAT,"Scanlon, Sean",809071,Left,HOL_CRU,Undefined,3,Top,1,0,1,Cutter,Slider,StrikeSwinging,Undefined,Undefined,Undefined,0,0,,78.42793,-2.051459,1.324416,2326.25016,235.468031,1:45,5.82721,-1.06403,5.84998,-40.51227,5.77914,5.94583,0.5435,0.66241,71.249,-9.521729,2.392781,0.489691,,,,,,,,,,,,-2.625,4.08898,0.9527,50,5.6366,-2.847,-113.67744,-5.3128,-3.3708,24.46621,-26.92329,GEO_PAT,HOL_CRU,SpuhlerFieldMain,D1,A10,20250304-SpuhlerFieldMain-1,2ed46150-f938-11ef-9e84-f3ebf856d060,76.97196,,,7.17893,,,,,,,677a001a-4aeb-4bee-826e-3fb235647512,2025-03-04,20:35:16.26,2025-03-04T15:35:16.2605056-05:00,2025-03-04T20:35:16.2605056Z,,v3,471300,471313,,"Raymond, Andrew",10148052,Right,GEO_PAT,a08ccd69-3e1f-48aa-94f5-04f46e3ec3b7,54.65126,-114.67414,12.23311,5.8307,-4.21601,-13.46165,1.06588,-2.70969,-1.6854,,,,,,,,,,,,,,,,,,,,,,,,,,,,,,,,,,,,,,,,,,,,,,,,,,,High,High,High,,,,,
169,2025-03-04,15:35:35.46,5,3,"Madigan III, Michael",10289060,Left,GEO_PAT,"Scanlon, Sean",809071,Left,HOL_CRU,Undefined,3,Top,1,0,2,Fastball,Four-Seam,StrikeCalled,Strikeout,Undefined,Undefined,0,0,,86.85229,-1.324347,1.915342,2078.871297,165.672181,11:30,5.92482,-0.918,6.12575,-19.58442,16.77225,-4.01795,3.06758,0.51848,80.20851,-5.018276,1.191526,0.433974,,,,,,,,,,,,2.54906,9.3243,0.77342,50,5.813,-4.06316,-126.2516,-3.48398,4.15781,23.15437,-16.96495,GEO_PAT,HOL_CRU,SpuhlerFieldMain,D1,A10,20250304-SpuhlerFieldMain-1,3a3bd820-f938-11ef-9e84-f3ebf856d060,86.8542,,,6.64378,,,,,,,677a001a-4aeb-4bee-826e-3fb235647512,2025-03-04,20:35:35.46,2025-03-04T15:35:35.4632192-05:00,2025-03-04T20:35:35.4632192Z,,v3,471300,471313,,"Raymond, Andrew",10148052,Right,GEO_PAT,79527aea-6e73-42d9-89e0-b638a32777fb,54.37644,-127.05169,11.57718,5.92325,-2.89776,-8.48248,0.9163,-4.20683,2.07891,,,,,,,,,,,,,,,,,,,,,,,,,,,,,,,,,,,,,,,,,,,,,,,,,,,High,High,High,,,,,
170,2025-03-04,15:36:03.25,6,1,"Madigan III, Michael",10289060,Left,GEO_PAT,"Baillargeon, Chris",809051,Right,HOL_CRU,Undefined,3,Top,2,0,0,Fastball,Four-Seam,StrikeSwinging,Undefined,Undefined,Undefined,0,0,,85.6086,-1.333357,0.718928,2216.070549,166.727648,11:30,6.02699,-0.73482,6.1538,-19.54568,18.14741,-4.00047,3.16588,-0.40389,78.36818,-5.049232,-0.002684,0.441878,,,,,,,,,,,,2.25654,10.10209,0.6821,50,5.91534,-1.40223,-124.38113,-3.42845,3.5382,24.7382,-16.33427,GEO_PAT,HOL_CRU,SpuhlerFieldMain,D1,A10,20250304-SpuhlerFieldMain-1,4ab3d900-f938-11ef-9e84-f3ebf856d060,85.30057,,,7.24042,,,,,,,677a001a-4aeb-4bee-826e-3fb235647512,2025-03-04,20:36:03.25,2025-03-04T15:36:03.2512000-05:00,2025-03-04T20:36:03.2512000Z,,v3,471300,471313,,"Raymond, Andrew",10148052,Right,GEO_PAT,9f1c1834-48a6-4d0a-ac00-94ed65fbed29,54.34657,-125.24264,12.3691,6.02484,-2.85961,-8.16714,0.73308,-1.52545,1.7691,,,,,,,,,,,,,,,,,,,,,,,,,,,,,,,,,,,,,,,,,,,,,,,,,,,High,High,High,,,,,
171,2025-03-04,15:36:19.21,6,2,"Madigan III, Michael",10289060,Left,GEO_PAT,"Baillargeon, Chris",809051,Right,HOL_CRU,Undefined,3,Top,2,0,1,Fastball,Four-Seam,BallCalled,Undefined,Undefined,Undefined,0,0,,87.2048,0.112362,0.904803,2309.657633,161.366114,11:30,5.993,-0.90605,6.01545,-16.94765,19.73596,-6.25118,4.6848,-0.58872,79.262,-3.144539,-0.219403,0.435921,,,,,,,,,,,,3.45398,10.44678,0.83833,50,5.99242,-1.73982,-126.63465,-0.2007,5.58567,26.85345,-15.2799,GEO_PAT,HOL_CRU,SpuhlerFieldMain,D1,A10,20250304-SpuhlerFieldMain-1,54368a40-f938-11ef-9e84-f3ebf856d060,86.46627,,,7.94279,,,,,,,677a001a-4aeb-4bee-826e-3fb235647512,2025-03-04,20:36:19.21,2025-03-04T15:36:19.2101888-05:00,2025-03-04T20:36:19.2101888Z,,v3,471300,471313,,"Raymond, Andrew",10148052,Right,GEO_PAT,85a2a172-4131-41e6-8f8f-12ddcc0d88cc,54.48399,-127.58196,13.42672,5.99,0.33833,-7.63995,0.90318,-1.93687,2.79284,,,,,,,,,,,,,,,,,,,,,,,,,,,,,,,,,,,,,,,,,,,,,,,,,,,High,High,High,,,,,
172,2025-03-04,15:36:37.85,6,3,"Madigan III, Michael",10289060,Left,GEO_PAT,"Baillargeon, Chris",809051,Right,HOL_CRU,Undefined,3,Top,2,1,1,ChangeUp,Changeup,FoulBallNotFieldable,Undefined,Undefined,Undefined,0,0,,81.82438,-2.509897,1.424658,1483.031934,176.191892,11:45,5.88152,-0.95802,5.94919,-24.37568,17.21414,-1.05898,1.51997,0.27543,75.25653,-7.069901,1.23435,0.464157,,,,,,,,,,,,0.93571,9.93355,0.84521,50,5.66784,-2.91463,-118.78516,-5.91156,1.33968,22.31244,-17.95187,GEO_PAT,HOL_CRU,SpuhlerFieldMain,D1,A10,20250304-SpuhlerFieldMain-1,5f6d7b30-f938-11ef-9e84-f3ebf856d060,81.20622,,,6.56785,,,,,,,677a001a-4aeb-4bee-826e-3fb235647512,2025-03-04,20:36:37.85,2025-03-04T15:36:37.8528768-05:00,2025-03-04T20:36:37.8528768Z,,v3,471300,471313,,"Raymond, Andrew",10148052,Right,GEO_PAT,f5363895-187e-4f9d-a356-1ffd773b0e71,54.55333,-119.6374,11.15622,5.88054,-5.22588,-8.97594,0.95751,-2.9658,0.66984,,,,,,,,,,,,,,,,,,,,,,,,,,,,,,,,,,,,,,,,,,,,,,,,,,,High,High,High,,,,,
173,2025-03-04,15:36:59.44,6,4,"Madigan III, Michael",10289060,Left,GEO_PAT,"Baillargeon, Chris",809051,Right,HOL_CRU,Undefined,3,Top,2,1,2,Fastball,Four-Seam,BallCalled,Undefined,Undefined,Undefined,0,0,,86.45,-0.803583,0.05884,2086.624912,179.915758,12:00,6.02542,-0.96588,5.97415,-21.12375,16.08107,-0.02193,3.52005,-0.91315,79.10773,-4.790859,0.054897,0.439007,,,,,,,,,,,,0.0274,8.82855,0.96123,50,5.94999,-0.12808,-125.59866,-2.38751,0.04382,25.21377,-18.05815,GEO_PAT,HOL_CRU,SpuhlerFieldMain,D1,A10,20250304-SpuhlerFieldMain-1,6c345af0-f938-11ef-9e84-f3ebf856d060,85.85848,,,7.34227,,,,,,,677a001a-4aeb-4bee-826e-3fb235647512,2025-03-04,20:36:59.44,2025-03-04T15:36:59.4495488-05:00,2025-03-04T20:36:59.4495488Z,,v3,471300,471313,,"Raymond, Andrew",10148052,Right,GEO_PAT,c62fd09a-c91d-4556-8b73-e804107d8568,54.52614,-126.50401,12.60688,6.02408,-1.7391,-9.02908,0.96586,-0.12966,0.02191,,,,,,,,,,,,,,,,,,,,,,,,,,,,,,,,,,,,,,,,,,,,,,,,,,,High,High,High,,,,,
174,2025-03-04,15:37:18.87,6,5,"Madigan III, Michael",10289060,Left,GEO_PAT,"Baillargeon, Chris",809051,Right,HOL_CRU,Undefined,3,Top,2,2,2,Fastball,Cutter,InPlay,Undefined,GroundBall,FieldersChoice,1,0,,86.01308,-2.14256,0.704505,2364.976932,183.543616,12:00,6.12087,-0.73286,5.93738,-18.60442,19.00647,1.10437,2.58168,0.01281,78.9319,-5.663117,0.902899,0.441396,86.57629,-37.618566,-63.039078,,,,,4.38306,3.7254,-43.428738,0.035329,-0.38028,10.72178,0.67599,50,5.93937,-1.57968,-124.93425,-5.20808,-0.6023,24.67077,-15.19211,GEO_PAT,HOL_CRU,SpuhlerFieldMain,D1,A10,20250304-SpuhlerFieldMain-1,77e2c5d0-f938-11ef-9e84-f3ebf856d060,85.39373,2.74537,,7.08118,,,,1.56791,2.74537,0.16221,677a001a-4aeb-4bee-826e-3fb235647512,2025-03-04,20:37:18.87,2025-03-04T15:37:18.8761600-05:00,2025-03-04T20:37:18.8761600Z,GroundBall,v3,471300,471313,,"Raymond, Andrew",10148052,Right,GEO_PAT,8d3556b6-1c00-483e-9892-221848828bb3,54.56548,-125.83256,12.33539,6.11893,-4.65491,-7.59605,0.73311,-1.55775,-0.30115,180,1.56724,45.71933,,,,,,,,2.74652,-77.70969,,,,,,,,0.16354,-89.88072,,,,,,,,,,,,,,,,,,,,,,,,,,,,,,High,High,High,Low,Low,,,
175,2025-03-04,15:39:56.59,1,1,"Walters, Augie",1000119802,Right,HOL_CRU,"Pancione, Garrett",1000048493,Right,GEO_PAT,Undefined,3,Bottom,0,0,0,Slider,Slider,InPlay,Undefined,FlyBall,Out,1,0,,71.49315,0.650218,-0.61683,2024.437263,146.199149,10:45,6.38733,1.71734,4.86938,-49.21278,6.55091,-3.42134,2.90169,0.84844,66.94278,-8.203,-1.219859,0.537461,79.67491,41.167654,-32.426812,3483.998621,87.0848,80.86191,-67.20265,252.1175,252.1175,-42.505318,4.990461,1.57079,3.47666,-1.65349,50,6.40908,1.24423,-103.94108,-0.42449,1.7511,14.3171,-28.29831,GEO_PAT,HOL_CRU,SpuhlerFieldMain,D1,A10,20250304-SpuhlerFieldMain-1,d5f14b60-f938-11ef-9e84-f3ebf856d060,70.13055,88.52303,,4.55037,,,,1.82215,2.5442,-0.99725,677a001a-4aeb-4bee-826e-3fb235647512,2025-03-04,20:39:56.59,2025-03-04T15:39:56.5989376-05:00,2025-03-04T20:39:56.5989376Z,FlyBall,v3,471300,471313,,"Coughlin, Van",1000265863,Right,HOL_CRU,bbd70046-b64e-443b-a492-60a6cd62fc80,55.63555,-104.71446,7.15855,6.39072,1.10412,-14.14916,-1.71815,1.14964,0.87555,156.772716,1.82658,74.15234,-19.66794,4.89855,-0.62693,-0.06607,0.04141,-0.00611,0.00031,2.54105,76.98147,-19.3012,1.10388,-0.08385,-0.02661,0.01759,-0.00346,0.00022,-0.99824,-47.14963,5.03376,-0.62867,-0.06277,0.05862,-0.01433,0.00162,-7E-05,,,,,,,,,,,,,,,,,,,,,,,High,High,High,Medium,Low,,,
176,2025-03-04,15:40:30.79,2,1,"Walters, Augie",1000119802,Right,HOL_CRU,"Clyne, Owen",1000230336,Left,GEO_PAT,Undefined,3,Bottom,1,0,0,Slider,Slider,BallCalled,Undefined,Undefined,Undefined,0,0,,70.25777,1.895441,0.994228,2016.458048,107.938216,9:30,6.29186,1.94977,4.81687,-55.01405,2.98142,-4.5213,3.50384,2.51492,65.59766,-7.993238,0.198511,0.548111,,,,,,,,,,,,2.45248,1.51685,-2.04446,50,6.43241,-1.60266,-102.06023,1.57434,2.63345,13.95562,-30.54528,GEO_PAT,HOL_CRU,SpuhlerFieldMain,D1,A10,20250304-SpuhlerFieldMain-1,ea3cc270-f938-11ef-9e84-f3ebf856d060,68.76792,,,4.66011,,,,,,,677a001a-4aeb-4bee-826e-3fb235647512,2025-03-04,20:40:30.79,2025-03-04T15:40:30.7955200-05:00,2025-03-04T20:40:30.7955200Z,,v3,471300,471313,,"Coughlin, Van",1000265863,Right,HOL_CRU,1d0213d2-1bd2-45e7-a7f9-febe4e349fa0,55.68711,-102.83494,6.97781,6.29795,3.26998,-15.27264,-1.95143,-1.74885,1.31673,,,,,,,,,,,,,,,,,,,,,,,,,,,,,,,,,,,,,,,,,,,,,,,,,,,High,High,High,,,,,
177,2025-03-04,15:40:46.09,2,2,"Walters, Augie",1000119802,Right,HOL_CRU,"Clyne, Owen",1000230336,Left,GEO_PAT,Undefined,3,Bottom,1,1,0,Slider,Curveball,StrikeCalled,Undefined,Undefined,Undefined,0,0,,71.58336,0.731967,0.457657,2032.855304,83.517404,8:45,6.33525,1.78246,4.90863,-55.0092,0.32748,-9.03331,2.44344,1.4625,67.39357,-9.12252,-1.137218,0.535399,,,,,,,,,,,,4.57819,0.42728,-1.81926,50,6.36012,-0.49648,-104.14099,-0.49697,5.142,13.76272,-31.69415,GEO_PAT,HOL_CRU,SpuhlerFieldMain,D1,A10,20250304-SpuhlerFieldMain-1,f35c9330-f938-11ef-9e84-f3ebf856d060,70.40059,,,4.18979,,,,,,,677a001a-4aeb-4bee-826e-3fb235647512,2025-03-04,20:40:46.09,2025-03-04T15:40:46.0932608-05:00,2025-03-04T20:40:46.0932608Z,,v3,471300,471313,,"Coughlin, Van",1000265863,Right,HOL_CRU,8e47bea9-18c2-4e80-ad45-24dc9baf687f,55.59716,-104.87807,6.88136,6.34129,1.20046,-15.84707,-1.78529,-0.77186,2.571,,,,,,,,,,,,,,,,,,,,,,,,,,,,,,,,,,,,,,,,,,,,,,,,,,,High,High,High,,,,,
178,2025-03-04,15:41:01.94,2,3,"Walters, Augie",1000119802,Right,HOL_CRU,"Clyne, Owen",1000230336,Left,GEO_PAT,Undefined,3,Bottom,1,1,1,Fastball,Changeup,InPlay,Undefined,LineDrive,Out,1,0,,80.32335,-2.48418,-2.836412,2021.86563,222.096133,1:30,6.11684,1.75603,5.48471,-29.2062,14.33528,11.83461,1.35436,0.0862,74.66979,-7.839738,-0.729241,0.474923,98.22804,17.14594,1.286718,1656.284462,109.92166,29.08365,-4.14491,300.333,299.74856,-8.507122,3.423714,-6.70902,8.2193,-1.51555,50,5.87866,5.32001,-116.56866,-5.99982,-9.35755,19.1043,-20.71004,GEO_PAT,HOL_CRU,SpuhlerFieldMain,D1,A10,20250304-SpuhlerFieldMain-1,fcd72e20-f938-11ef-9e84-f3ebf856d060,79.3654,35.56584,,5.65356,,,,1.63706,1.41467,-0.1311,677a001a-4aeb-4bee-826e-3fb235647512,2025-03-04,20:41:01.94,2025-03-04T15:41:01.9416576-05:00,2025-03-04T20:41:01.9416576Z,LineDrive,v3,471300,471313,,"Coughlin, Van",1000265863,Right,HOL_CRU,e0a40bea-f8dd-48b9-8971-9b8863a58b9f,55.01951,-117.38842,9.55215,6.11704,-5.11116,-10.35502,-1.75245,5.72154,-4.67878,135.257466,1.63708,137.62877,-25.331,5.08656,-0.90231,0.09484,0.00601,-0.00379,0.0004,1.41482,42.46708,-13.62561,0.20526,-0.00057,0.05283,-0.029,0.00693,-0.00062,-0.13156,3.1066,-10.82107,3.6527,-0.97351,0.195,-0.02471,0.00109,6E-05,,,,,,,,,,,,,,,,,,,,,,,High,High,High,High,High,,,
179,2025-03-04,15:41:33.72,3,1,"Walters, Augie",1000119802,Right,HOL_CRU,"Wall, Jonny",1000119703,Right,GEO_PAT,Undefined,3,Bottom,2,0,0,Slider,Curveball,StrikeCalled,Undefined,Undefined,Undefined,0,0,,73.35058,0.796674,-0.23035,1912.325687,104.507314,9:30,6.39446,1.59495,4.97983,-50.1755,2.82925,-5.37083,2.96565,0.92983,68.35206,-8.250345,-1.179249,0.523997,,,,,,,,,,,,2.61866,1.63228,-1.56808,50,6.42996,0.63182,-106.605,-0.19177,3.05547,15.93546,-30.26949,GEO_PAT,HOL_CRU,SpuhlerFieldMain,D1,A10,20250304-SpuhlerFieldMain-1,0fbbe940-f939-11ef-9e84-f3ebf856d060,71.93254,,,4.99851,,,,,,,677a001a-4aeb-4bee-826e-3fb235647512,2025-03-04,20:41:33.72,2025-03-04T15:41:33.7237504-05:00,2025-03-04T20:41:33.7237504Z,,v3,471300,471313,,"Coughlin, Van",1000265863,Right,HOL_CRU,aa76713c-cdfe-43fb-992b-13538a62e4cb,55.52445,-107.42763,7.96773,6.39953,1.37082,-15.13474,-1.59662,0.47409,1.52773,,,,,,,,,,,,,,,,,,,,,,,,,,,,,,,,,,,,,,,,,,,,,,,,,,,High,High,High,,,,,
180,2025-03-04,15:41:47.48,3,2,"Walters, Augie",1000119802,Right,HOL_CRU,"Wall, Jonny",1000119703,Right,GEO_PAT,Undefined,3,Bottom,2,0,1,Slider,Curveball,BallCalled,Undefined,Undefined,Undefined,0,0,,75.31179,-2.133416,-1.947997,2028.223072,134.463439,10:30,6.41258,1.416,5.08886,-44.32621,4.99292,-3.99355,0.70577,-0.7536,71.76034,-10.03879,-2.655282,0.505451,,,,,,,,,,,,1.66102,3.16173,-1.22825,50,6.17471,3.87191,-109.5689,-5.56655,2.08454,13.48025,-28.20614,GEO_PAT,HOL_CRU,SpuhlerFieldMain,D1,A10,20250304-SpuhlerFieldMain-1,1800c350-f939-11ef-9e84-f3ebf856d060,74.57189,,,3.55144,,,,,,,677a001a-4aeb-4bee-826e-3fb235647512,2025-03-04,20:41:47.48,2025-03-04T15:41:47.4860544-05:00,2025-03-04T20:41:47.4860544Z,,v3,471300,471313,,"Coughlin, Van",1000265863,Right,HOL_CRU,1fbf9889-19c6-4b7d-8d27-0a71d824a428,55.41816,-110.23348,6.74012,6.41487,-4.17598,-14.10307,-1.4166,3.76914,1.04227,,,,,,,,,,,,,,,,,,,,,,,,,,,,,,,,,,,,,,,,,,,,,,,,,,,High,High,High,,,,,
181,2025-03-04,15:42:03.61,3,3,"Walters, Augie",1000119802,Right,HOL_CRU,"Wall, Jonny",1000119703,Right,GEO_PAT,Undefined,3,Bottom,2,1,1,Slider,Curveball,StrikeCalled,Undefined,Undefined,Undefined,0,0,,74.28734,-0.909781,-2.155486,1842.600274,98.910501,9:15,6.41125,1.37181,4.9507,-49.25731,1.76154,-4.01492,1.44609,-1.00059,70.5788,-9.690412,-2.864372,0.514087,,,,,,,,,,,,1.5978,1.34843,-1.15904,50,6.28131,4.21714,-108.08716,-3.38991,1.94709,13.51808,-30.53083,GEO_PAT,HOL_CRU,SpuhlerFieldMain,D1,A10,20250304-SpuhlerFieldMain-1,219e0170-f939-11ef-9e84-f3ebf856d060,73.31917,,,3.70854,,,,,,,677a001a-4aeb-4bee-826e-3fb235647512,2025-03-04,20:42:03.61,2025-03-04T15:42:03.6131840-05:00,2025-03-04T20:42:03.6131840Z,,v3,471300,471313,,"Coughlin, Van",1000265863,Right,HOL_CRU,3477806f-0046-47e4-af47-dc771a342cea,55.55607,-108.77982,6.75904,6.41493,-1.82553,-15.26541,-1.37257,4.11737,0.97355,,,,,,,,,,,,,,,,,,,,,,,,,,,,,,,,,,,,,,,,,,,,,,,,,,,High,High,High,,,,,
182,2025-03-04,15:42:19.80,3,4,"Walters, Augie",1000119802,Right,HOL_CRU,"Wall, Jonny",1000119703,Right,GEO_PAT,Undefined,3,Bottom,2,1,2,Slider,Curveball,BallCalled,Undefined,Undefined,Undefined,0,0,,76.26133,-2.310926,-2.99475,2009.348038,195.992094,12:30,6.47056,1.30659,5.03399,-42.26955,6.66296,1.54012,0.76355,-1.39323,71.6249,-9.885224,-2.72264,0.503466,,,,,,,,,,,,-1.45228,4.19595,-1.02143,50,6.21494,5.73091,-110.66452,-5.90612,-1.83394,16.36031,-26.87542,GEO_PAT,HOL_CRU,SpuhlerFieldMain,D1,A10,20250304-SpuhlerFieldMain-1,2b46b140-f939-11ef-9e84-f3ebf856d060,74.86592,,,4.63644,,,,,,,677a001a-4aeb-4bee-826e-3fb235647512,2025-03-04,20:42:19.80,2025-03-04T15:42:19.8023680-05:00,2025-03-04T20:42:19.8023680Z,,v3,471300,471313,,"Coughlin, Van",1000265863,Right,HOL_CRU,f6dc1317-819f-4baf-b100-9da5b398cc96,55.47097,-111.47039,8.18015,6.47326,-4.58229,-13.43771,-1.30594,5.82124,-0.91697,,,,,,,,,,,,,,,,,,,,,,,,,,,,,,,,,,,,,,,,,,,,,,,,,,,High,High,High,,,,,
183,2025-03-04,15:42:39.14,3,5,"Walters, Augie",1000119802,Right,HOL_CRU,"Wall, Jonny",1000119703,Right,GEO_PAT,Undefined,3,Bottom,2,2,2,Slider,Curveball,InPlay,Undefined,FlyBall,Out,1,0,,75.19819,-1.280428,-0.832728,1951.534236,170.948349,11:45,6.40799,1.36161,5.03857,-45.78467,4.1526,-0.46445,1.38428,0.53722,70.86685,-9.490834,-0.914972,0.508609,87.65513,28.005259,-31.655485,2953.067158,89.07325,51.41675,-64.54415,308.45643,275.04016,-44.15521,4.519774,0.05516,2.65327,-1.28168,50,6.2483,1.60713,-109.38192,-3.98614,0.0683,15.27163,-28.88811,GEO_PAT,HOL_CRU,SpuhlerFieldMain,D1,A10,20250304-SpuhlerFieldMain-1,36ccd3a0-f939-11ef-9e84-f3ebf856d060,74.10893,63.73474,,4.33133,,,,3.31427,1.67898,-0.50511,677a001a-4aeb-4bee-826e-3fb235647512,2025-03-04,20:42:39.14,2025-03-04T15:42:39.1463936-05:00,2025-03-04T20:42:39.1463936Z,FlyBall,v3,471300,471313,,"Coughlin, Van",1000265863,Right,HOL_CRU,59d42bc1-0b28-4da6-8345-262d3ccd1e31,55.46746,-110.14263,7.63582,6.41101,-2.54717,-14.44406,-1.36165,1.60373,0.03415,144.872544,3.31677,96.55953,-25.67274,6.6467,-1.20951,0.10784,0.00571,-0.00181,9E-05,1.67827,60.37661,-15.07887,-0.39684,0.58364,-0.25434,0.07237,-0.01108,0.00067,-0.50534,-59.56541,3.85454,0.01964,-0.22814,0.08184,-0.01606,0.00167,-7E-05,,,,,,,,,,,,,,,,,,,,,,,High,High,High,High,Medium,,,
184,2025-03-04,15:44:41.52,1,1,"Madigan III, Michael",10289060,Left,GEO_PAT,"Cooney, Connor",809061,Left,HOL_CRU,Undefined,4,Top,0,0,0,Fastball,Cutter,BallCalled,Undefined,Undefined,Undefined,0,0,,85.80928,-3.192514,1.58073,2287.523155,189.39708,12:15,6.12957,-1.04067,6.04342,-21.92001,15.17493,2.35209,1.34279,0.6193,80.25967,-7.25476,2.004109,0.438358,,,,,,,,,,,,-0.87374,8.86075,0.91611,50,5.86827,-3.53114,-124.71867,-7.62588,-1.40428,20.28744,-17.93297,GEO_PAT,HOL_CRU,SpuhlerFieldMain,D1,A10,20250304-SpuhlerFieldMain-1,7fba42a0-f939-11ef-9e84-f3ebf856d060,85.98558,,,5.54961,,,,,,,677a001a-4aeb-4bee-826e-3fb235647512,2025-03-04,20:44:41.52,2025-03-04T15:44:41.5293952-05:00,2025-03-04T20:44:41.5293952Z,,v3,471300,471313,,"Pancione, Garrett",1000048493,Right,GEO_PAT,f41e12db-e45b-41eb-81a2-d5211ac3b482,54.46097,-125.44222,10.14372,6.12885,-6.98631,-8.96648,1.04115,-3.48105,-0.70214,,,,,,,,,,,,,,,,,,,,,,,,,,,,,,,,,,,,,,,,,,,,,,,,,,,High,High,High,,,,,
185,2025-03-04,15:44:57.21,1,2,"Madigan III, Michael",10289060,Left,GEO_PAT,"Cooney, Connor",809061,Left,HOL_CRU,Undefined,4,Top,0,1,0,Fastball,Four-Seam,InPlay,Undefined,GroundBall,Single,0,0,,86.2438,-2.378183,1.198142,2194.713684,183.26182,12:00,6.03642,-1.1318,6.25722,-21.95828,14.86859,0.785,2.01175,0.03866,79.58218,-6.502781,1.340043,0.436771,98.08731,9.795041,7.799618,913.158007,109.12152,16.84123,13.87243,244.92578,244.92578,7.209714,2.48809,-0.09984,8.70209,1.04246,50,5.84885,-2.65081,-125.35043,-5.84199,-0.15983,23.93199,-18.24629,GEO_PAT,HOL_CRU,SpuhlerFieldMain,D1,A10,20250304-SpuhlerFieldMain-1,890a4b20-f939-11ef-9e84-f3ebf856d060,86.29792,18.11475,,6.66162,,,,3.13298,2.2023,-0.01438,677a001a-4aeb-4bee-826e-3fb235647512,2025-03-04,20:44:57.21,2025-03-04T15:44:57.2163072-05:00,2025-03-04T20:44:57.2163072Z,LineDrive,v3,471300,471313,,"Pancione, Garrett",1000048493,Right,GEO_PAT,f9cc9845-c5a7-4964-9e04-279dda837bef,54.24665,-126.1586,11.96599,6.03573,-5.22582,-9.12315,1.13189,-2.64542,-0.07991,174.501552,3.13295,140.45524,-28.90995,6.88526,-1.38311,0.22599,-0.0246,0.00072,0.00012,2.20241,24.46579,-7.39736,-2.40378,0.8149,-0.1406,-0.00181,0.00596,-0.0008,-0.01441,19.24077,-5.29012,1.71959,-0.4339,0.07854,-0.00666,-0.00059,0.00014,,,,,,,,,,,,,,,,,,,,,,,High,High,High,High,High,,,
186,2025-03-04,15:45:31.34,2,1,"Madigan III, Michael",10289060,Left,GEO_PAT,"Peek, Connor",809063,Right,HOL_CRU,Undefined,4,Top,0,0,0,ChangeUp,Changeup,StrikeSwinging,Undefined,Undefined,Undefined,0,0,,80.93268,-2.409363,0.750763,1374.155155,190.641801,12:15,6.18519,-0.84535,5.94321,-26.84269,15.41887,2.66311,1.71176,0.07305,74.91621,-7.39598,1.229561,0.467891,,,,,,,,,,,,-1.1889,8.92937,0.78395,50,5.97779,-1.63847,-117.59467,-5.73739,-1.67798,20.64763,-19.57148,GEO_PAT,HOL_CRU,SpuhlerFieldMain,D1,A10,20250304-SpuhlerFieldMain-1,9d6a5ba0-f939-11ef-9e84-f3ebf856d060,80.55824,,,6.01647,,,,,,,677a001a-4aeb-4bee-826e-3fb235647512,2025-03-04,20:45:31.34,2025-03-04T15:45:31.3454080-05:00,2025-03-04T20:45:31.3454080Z,,v3,471300,471313,,"Pancione, Garrett",1000048493,Right,GEO_PAT,103c8cf1-15a6-40e5-af74-d36518777af2,54.56015,-118.39265,10.32382,6.18491,-4.981,-9.78574,0.84602,-1.57363,-0.83899,,,,,,,,,,,,,,,,,,,,,,,,,,,,,,,,,,,,,,,,,,,,,,,,,,,High,High,High,,,,,
187,2025-03-04,15:45:46.90,2,2,"Madigan III, Michael",10289060,Left,GEO_PAT,"Peek, Connor",809063,Right,HOL_CRU,Undefined,4,Top,0,0,1,Fastball,Four-Seam,InPlay,Undefined,GroundBall,Single,0,0,,86.10366,-2.690696,1.571786,2309.723647,177.305014,12:00,6.12041,-0.78137,5.91566,-18.33926,19.25493,-0.85106,2.09205,0.60689,79.08755,-6.155397,1.419026,0.441298,99.60985,10.243213,-21.038957,1660.029465,99.53027,10.50059,-46.83561,185.09102,150.0005,-28.407392,1.531124,0.86575,10.99225,0.65581,50,5.89406,-3.39608,-124.98409,-6.40384,1.3731,24.56056,-14.74018,GEO_PAT,HOL_CRU,SpuhlerFieldMain,D1,A10,20250304-SpuhlerFieldMain-1,a6ac3350-f939-11ef-9e84-f3ebf856d060,85.41266,10.80327,,7.01611,,,,2.56305,2.16429,-0.52309,677a001a-4aeb-4bee-826e-3fb235647512,2025-03-04,20:45:46.90,2025-03-04T15:45:46.9070336-05:00,2025-03-04T20:45:46.9070336Z,LineDrive,v3,471300,471313,,"Pancione, Garrett",1000048493,Right,GEO_PAT,8c5226f7-9390-4b76-8a85-dcd16ab111f2,54.58744,-125.88233,12.28028,6.11841,-5.86475,-7.37009,0.78093,-3.4463,0.68655,88.192274,2.56305,134.18181,-23.87583,3.91751,-0.72274,0.09286,-0.00913,0.00054,2E-05,2.16429,25.97949,-21.23252,2.9097,-0.65244,0.15223,-0.03015,0.0049,-0.00045,-0.52309,-51.61229,-7.3236,3.63522,-1.14902,0.31288,-0.07118,0.01258,-0.00117,,,,,,,,,,,,,,,,,,,,,,,High,High,High,High,High,,,
188,2025-03-04,15:46:19.42,3,1,"Madigan III, Michael",10289060,Left,GEO_PAT,"Lafleur, John",10148726,Left,HOL_CRU,Undefined,4,Top,0,0,0,Fastball,Four-Seam,StrikeSwinging,Undefined,Undefined,Undefined,0,0,,86.14236,-0.902775,1.109016,2231.64768,180.923737,12:00,6.12779,-0.80102,6.2449,-20.05682,16.50997,0.25039,3.62346,0.24291,79.95886,-4.682444,1.154246,0.435226,,,,,,,,,,,,0.12807,9.10402,0.71834,50,6.05037,-2.43646,-125.36653,-2.54274,0.20706,21.56046,-17.45431,GEO_PAT,HOL_CRU,SpuhlerFieldMain,D1,A10,20250304-SpuhlerFieldMain-1,b9f8b0f0-f939-11ef-9e84-f3ebf856d060,86.60426,,,6.1835,,,,,,,677a001a-4aeb-4bee-826e-3fb235647512,2025-03-04,20:46:19.42,2025-03-04T15:46:19.4292736-05:00,2025-03-04T20:46:19.4292736Z,,v3,471300,471313,,"Pancione, Garrett",1000048493,Right,GEO_PAT,d53eb8a5-a297-4311-866c-d0b89bedb9f9,54.25796,-126.09668,10.78023,6.12647,-1.95164,-8.72716,0.80097,-2.44347,0.10353,,,,,,,,,,,,,,,,,,,,,,,,,,,,,,,,,,,,,,,,,,,,,,,,,,,High,High,High,,,,,
189,2025-03-04,15:46:34.57,3,2,"Madigan III, Michael",10289060,Left,GEO_PAT,"Lafleur, John",10148726,Left,HOL_CRU,Undefined,4,Top,0,0,1,Cutter,Slider,BallCalled,Undefined,Undefined,Undefined,0,0,,77.36444,-1.889714,0.266908,2290.30292,259.078586,2:45,6.02869,-0.90376,5.7165,-43.51384,3.03079,8.91209,0.64142,0.08757,72.16389,-9.805909,1.865796,0.491028,,,,,,,,,,,,-4.53469,2.35323,0.87559,50,5.84304,-0.84072,-112.47941,-5.07361,-5.86082,18.71218,-29.13264,GEO_PAT,HOL_CRU,SpuhlerFieldMain,D1,A10,20250304-SpuhlerFieldMain-1,c31e7520-f939-11ef-9e84-f3ebf856d060,76.76229,,,5.20054,,,,,,,677a001a-4aeb-4bee-826e-3fb235647512,2025-03-04,20:46:34.57,2025-03-04T15:46:34.5750528-05:00,2025-03-04T20:46:34.5750528Z,,v3,471300,471313,,"Pancione, Garrett",1000048493,Right,GEO_PAT,691f2ef7-9a7c-4bc6-8d67-d91231f6cda1,54.78888,-113.27329,9.35609,6.03207,-3.83763,-14.56632,0.90599,-0.59207,-2.93041,,,,,,,,,,,,,,,,,,,,,,,,,,,,,,,,,,,,,,,,,,,,,,,,,,,High,High,High,,,,,
190,2025-03-04,15:46:52.38,3,3,"Madigan III, Michael",10289060,Left,GEO_PAT,"Lafleur, John",10148726,Left,HOL_CRU,Undefined,4,Top,0,1,1,Cutter,Slider,StrikeCalled,Undefined,Undefined,Undefined,0,0,,76.19285,1.081061,0.747109,2211.166239,245.910592,2:15,6.01114,-1.03636,5.56107,-44.5577,5.39744,7.72248,3.30825,0.30525,68.24481,-7.17501,2.12495,0.5087,,,,,,,,,,,,-3.5954,2.95319,0.96677,50,6.07595,-1.74201,-110.30019,0.67641,-4.31534,24.32322,-28.62951,GEO_PAT,HOL_CRU,SpuhlerFieldMain,D1,A10,20250304-SpuhlerFieldMain-1,cda6fda0-f939-11ef-9e84-f3ebf856d060,74.09564,,,7.94804,,,,,,,677a001a-4aeb-4bee-826e-3fb235647512,2025-03-04,20:46:52.38,2025-03-04T15:46:52.3835392-05:00,2025-03-04T20:46:52.3835392Z,,v3,471300,471313,,"Pancione, Garrett",1000048493,Right,GEO_PAT,81272952-023c-4205-9617-d781071dd4dc,54.93547,-111.38323,12.16161,6.01745,1.9512,-14.31475,1.04006,-1.54986,-2.15767,,,,,,,,,,,,,,,,,,,,,,,,,,,,,,,,,,,,,,,,,,,,,,,,,,,High,High,High,,,,,
191,2025-03-04,15:47:09.62,3,4,"Madigan III, Michael",10289060,Left,GEO_PAT,"Lafleur, John",10148726,Left,HOL_CRU,Undefined,4,Top,0,1,2,Fastball,Four-Seam,BallCalled,Undefined,Undefined,Undefined,0,0,,87.69654,-2.965294,2.842891,2305.3373,185.400482,12:15,6.18849,-0.66355,6.10682,-17.70245,18.51103,1.63878,1.96518,2.10425,80.24303,-6.323313,3.137561,0.433118,,,,,,,,,,,,-0.04185,10.73508,0.44408,50,5.95067,-6.3785,-127.10026,-7.07776,-0.06835,26.31879,-14.63291,GEO_PAT,HOL_CRU,SpuhlerFieldMain,D1,A10,20250304-SpuhlerFieldMain-1,d7e42540-f939-11ef-9e84-f3ebf856d060,87.02573,,,7.45351,,,,,,,677a001a-4aeb-4bee-826e-3fb235647512,2025-03-04,20:47:09.62,2025-03-04T15:47:09.6202240-05:00,2025-03-04T20:47:09.6202240Z,,v3,471300,471313,,"Pancione, Garrett",1000048493,Right,GEO_PAT,7b5a209a-90de-4dd1-ba1f-8ec121fe2d11,54.39333,-128.00676,13.1594,6.18576,-6.57375,-7.31646,0.66373,-6.37615,-0.03418,,,,,,,,,,,,,,,,,,,,,,,,,,,,,,,,,,,,,,,,,,,,,,,,,,,High,High,High,,,,,
192,2025-03-04,15:47:26.79,3,5,"Madigan III, Michael",10289060,Left,GEO_PAT,"Lafleur, John",10148726,Left,HOL_CRU,Undefined,4,Top,0,2,2,Cutter,Slider,FoulBallNotFieldable,Undefined,Undefined,Undefined,0,0,,78.06862,0.208873,1.038556,2240.980736,254.515891,2:30,5.93584,-1.25489,5.67839,-42.34341,4.19469,9.53193,2.60198,0.50776,71.24378,-7.588054,2.743548,0.490993,71.96969,-24.49797,55.314965,,,,,8.10701,7.96585,35.335859,0.065078,-4.56693,2.47823,1.16102,50,5.92673,-2.40982,-113.32067,-0.92411,-5.88386,22.48916,-28.9812,GEO_PAT,HOL_CRU,SpuhlerFieldMain,D1,A10,20250304-SpuhlerFieldMain-1,e2450180-f939-11ef-9e84-f3ebf856d060,76.76771,2.85947,,6.82484,,,,3.04256,2.85947,-0.47115,677a001a-4aeb-4bee-826e-3fb235647512,2025-03-04,20:47:26.79,2025-03-04T15:47:26.7996160-05:00,2025-03-04T20:47:26.7996160Z,GroundBall,v3,471300,471313,,"Pancione, Garrett",1000048493,Right,GEO_PAT,69d392d1-5da9-4c1d-8273-c9eb0c71e453,54.82426,-114.27407,11.24458,5.93986,0.3045,-14.4906,1.25789,-2.16038,-2.94193,180,3.04033,54.87225,,,,,,,,2.86125,-43.93942,,,,,,,,-0.47436,79.28984,,,,,,,,,,,,,,,,,,,,,,,,,,,,,,High,High,High,Low,Low,,,
193,2025-03-04,15:47:50.40,3,6,"Madigan III, Michael",10289060,Left,GEO_PAT,"Lafleur, John",10148726,Left,HOL_CRU,Undefined,4,Top,0,2,2,Fastball,Four-Seam,StrikeSwinging,Strikeout,Undefined,Undefined,0,0,,86.64351,-0.300358,1.076006,2216.691046,174.909848,11:45,6.147,-0.98556,6.31793,-20.53249,16.04418,-1.32709,4.15925,-0.10492,79.20329,-4.207911,0.835966,0.435285,,,,,,,,,,,,0.98571,8.77134,0.9074,50,6.11501,-2.31306,-125.9294,-1.22446,1.58299,25.55231,-18.08781,GEO_PAT,HOL_CRU,SpuhlerFieldMain,D1,A10,20250304-SpuhlerFieldMain-1,f0345bb0-f939-11ef-9e84-f3ebf856d060,86.59261,,,7.44021,,,,,,,677a001a-4aeb-4bee-826e-3fb235647512,2025-03-04,20:47:50.40,2025-03-04T15:47:50.4056832-05:00,2025-03-04T20:47:50.4056832Z,,v3,471300,471313,,"Pancione, Garrett",1000048493,Right,GEO_PAT,b5835696-ae9f-47b3-85c5-202525357539,54.18242,-126.77521,12.77616,6.14563,-0.62573,-9.04391,0.98484,-2.36546,0.7915,,,,,,,,,,,,,,,,,,,,,,,,,,,,,,,,,,,,,,,,,,,,,,,,,,,High,High,High,,,,,
194,2025-03-04,15:48:19.86,4,1,"Madigan III, Michael",10289060,Left,GEO_PAT,"Sandell, Alexander",10317026,Right,HOL_CRU,Undefined,4,Top,1,0,0,Fastball,Four-Seam,StrikeCalled,Undefined,Undefined,Undefined,0,0,,84.6649,-1.427202,1.432449,2261.399115,182.938948,12:00,6.22444,-0.69636,6.19952,-18.42469,20.07218,0.96807,3.37082,0.70699,77.49729,-4.947286,1.607102,0.446564,,,,,,,,,,,,-0.10409,11.15016,0.58811,50,6.10749,-3.11291,-122.98254,-3.53909,-0.15956,24.23254,-15.08549,GEO_PAT,HOL_CRU,SpuhlerFieldMain,D1,A10,20250304-SpuhlerFieldMain-1,01c3c000-f93a-11ef-9e84-f3ebf856d060,84.40538,,,7.16761,,,,,,,677a001a-4aeb-4bee-826e-3fb235647512,2025-03-04,20:48:19.86,2025-03-04T15:48:19.8611456-05:00,2025-03-04T20:48:19.8611456Z,,v3,471300,471313,,"Pancione, Garrett",1000048493,Right,GEO_PAT,61d400ae-2ab6-475a-9f92-5e1690879f37,54.30088,-123.82709,12.11627,6.22168,-3.01334,-7.54275,0.6965,-3.10735,-0.07978,,,,,,,,,,,,,,,,,,,,,,,,,,,,,,,,,,,,,,,,,,,,,,,,,,,High,High,High,,,,,
195,2025-03-04,15:48:35.47,4,2,"Madigan III, Michael",10289060,Left,GEO_PAT,"Sandell, Alexander",10317026,Right,HOL_CRU,Undefined,4,Top,1,0,1,ChangeUp,Slider,BallCalled,Undefined,Undefined,Undefined,0,0,,79.7035,1.796325,-0.436189,1271.530858,203.507767,12:45,6.17484,-0.86666,5.83052,-34.50242,9.54808,3.56071,4.97011,-0.97543,72.86996,-4.620066,0.201871,0.477691,,,,,,,,,,,,-1.93165,4.80185,0.9002,50,6.30129,0.74413,-115.72946,2.56698,-2.62195,21.4263,-25.6562,GEO_PAT,HOL_CRU,SpuhlerFieldMain,D1,A10,20250304-SpuhlerFieldMain-1,0b161270-f93a-11ef-9e84-f3ebf856d060,78.90551,,,6.83354,,,,,,,677a001a-4aeb-4bee-826e-3fb235647512,2025-03-04,20:48:35.47,2025-03-04T15:48:35.4766848-05:00,2025-03-04T20:48:35.4766848Z,,v3,471300,471313,,"Pancione, Garrett",1000048493,Right,GEO_PAT,62f90a0a-1fe8-49fe-a66f-3a69fc86a550,54.67018,-116.5909,10.71315,6.17735,3.59848,-12.8281,0.86816,0.84954,-1.31097,,,,,,,,,,,,,,,,,,,,,,,,,,,,,,,,,,,,,,,,,,,,,,,,,,,High,High,High,,,,,
196,2025-03-04,15:48:52.31,4,3,"Madigan III, Michael",10289060,Left,GEO_PAT,"Sandell, Alexander",10317026,Right,HOL_CRU,Undefined,4,Top,1,1,1,Fastball,Cutter,BallCalled,Undefined,Undefined,Undefined,0,0,,85.78518,-0.849016,1.800903,2373.016894,191.744253,12:30,6.22996,-0.63339,6.08953,-18.84871,18.728,3.65433,3.87337,1.33768,78.66004,-4.430934,2.458461,0.441195,,,,,,,,,,,,-1.39008,10.22867,0.49257,50,6.15424,-4.06454,-124.6148,-2.36225,-2.19266,24.30792,-16.03956,GEO_PAT,HOL_CRU,SpuhlerFieldMain,D1,A10,20250304-SpuhlerFieldMain-1,151a28b0-f93a-11ef-9e84-f3ebf856d060,85.43257,,,7.12514,,,,,,,677a001a-4aeb-4bee-826e-3fb235647512,2025-03-04,20:48:52.31,2025-03-04T15:48:52.3112960-05:00,2025-03-04T20:48:52.3112960Z,,v3,471300,471313,,"Pancione, Garrett",1000048493,Right,GEO_PAT,0ffef81d-c974-4054-891f-1dc091d3ea66,54.41084,-125.47224,12.15396,6.22759,-1.79647,-8.01978,0.63458,-3.9872,-1.09633,,,,,,,,,,,,,,,,,,,,,,,,,,,,,,,,,,,,,,,,,,,,,,,,,,,High,High,High,,,,,
197,2025-03-04,15:49:13.01,4,4,"Madigan III, Michael",10289060,Left,GEO_PAT,"Sandell, Alexander",10317026,Right,HOL_CRU,Undefined,4,Top,1,2,1,Fastball,Four-Seam,BallCalled,Undefined,Undefined,Undefined,0,0,,85.27102,-0.804899,1.902951,2271.946115,183.710407,12:00,6.09774,-0.89914,6.2078,-16.80686,21.3658,1.30331,3.95377,0.96658,77.51313,-4.051238,2.137967,0.44468,,,,,,,,,,,,-0.11008,11.64359,0.75561,50,6.02849,-4.16434,-123.77156,-2.14282,-0.16985,25.94798,-14.20933,GEO_PAT,HOL_CRU,SpuhlerFieldMain,D1,A10,20250304-SpuhlerFieldMain-1,21743ce0-f93a-11ef-9e84-f3ebf856d060,84.76303,,,7.75789,,,,,,,677a001a-4aeb-4bee-826e-3fb235647512,2025-03-04,20:49:13.01,2025-03-04T15:49:13.0129408-05:00,2025-03-04T20:49:13.0129408Z,,v3,471300,471313,,"Pancione, Garrett",1000048493,Right,GEO_PAT,487721ed-3945-4651-b5d3-898ca8bf5a25,54.29086,-124.66787,12.97399,6.09403,-1.65199,-7.10467,0.89935,-4.15847,-0.08492,,,,,,,,,,,,,,,,,,,,,,,,,,,,,,,,,,,,,,,,,,,,,,,,,,,High,High,High,,,,,
198,2025-03-04,15:49:32.73,4,5,"Madigan III, Michael",10289060,Left,GEO_PAT,"Sandell, Alexander",10317026,Right,HOL_CRU,Undefined,4,Top,1,3,1,Fastball,Four-Seam,StrikeCalled,Undefined,Undefined,Undefined,0,0,,84.70642,-2.844892,0.583732,2201.084096,184.109304,12:15,6.09032,-0.98684,6.16877,-20.4121,17.73284,1.19559,1.75917,-0.34799,78.51916,-6.677877,0.799526,0.444518,,,,,,,,,,,,-0.47823,10.23607,0.942,50,5.86394,-1.29935,-123.10492,-6.6904,-0.7425,21.7511,-16.28153,GEO_PAT,HOL_CRU,SpuhlerFieldMain,D1,A10,20250304-SpuhlerFieldMain-1,2d524340-f93a-11ef-9e84-f3ebf856d060,84.79386,,,6.18726,,,,,,,677a001a-4aeb-4bee-826e-3fb235647512,2025-03-04,20:49:32.73,2025-03-04T15:49:32.7368192-05:00,2025-03-04T20:49:32.7368192Z,,v3,471300,471313,,"Pancione, Garrett",1000048493,Right,GEO_PAT,856eb180-a447-4910-b5de-094addc071bb,54.33407,-123.86832,10.87555,6.08873,-6.11896,-8.14076,0.98715,-1.27329,-0.37125,,,,,,,,,,,,,,,,,,,,,,,,,,,,,,,,,,,,,,,,,,,,,,,,,,,High,High,High,,,,,
199,2025-03-04,15:49:51.64,4,6,"Madigan III, Michael",10289060,Left,GEO_PAT,"Sandell, Alexander",10317026,Right,HOL_CRU,Undefined,4,Top,1,3,2,Fastball,Four-Seam,InPlay,Undefined,LineDrive,Double,0,2,,86.02923,-2.659061,1.444755,2137.762864,174.792763,11:45,6.11161,-0.94806,6.14402,-18.00273,19.75796,-1.68075,2.15149,0.24732,78.12345,-6.105657,1.141751,0.442274,97.12976,-3.114523,-43.881934,,,,,42.88204,31.2767,-42.285852,0.290258,1.31492,11.43099,0.83882,50,5.89953,-3.08129,-124.77363,-6.27145,2.053,27.35749,-14.32663,GEO_PAT,HOL_CRU,SpuhlerFieldMain,D1,A10,20250304-SpuhlerFieldMain-1,388cddb0-f93a-11ef-9e84-f3ebf856d060,85.22423,2.24823,,7.90578,,,,1.9429,2.24823,-0.21139,677a001a-4aeb-4bee-826e-3fb235647512,2025-03-04,20:49:51.64,2025-03-04T15:49:51.6468736-05:00,2025-03-04T20:49:51.6468736Z,GroundBall,v3,471300,471313,,"Pancione, Garrett",1000048493,Right,GEO_PAT,be9c2b79-1b84-4e40-9d28-7ff638e81ab8,54.35703,-125.7253,13.67875,6.10903,-5.77307,-7.16332,0.94725,-3.1527,1.0265,180,1.93938,102.60224,,,,,,,,2.2485,-7.74564,,,,,,,,-0.20801,-98.67405,,,,,,,,,,,,,,,,,,,,,,,,,,,,,,High,High,High,High,Medium,,,
200,2025-03-04,15:51:00.73,5,1,"Madigan III, Michael",10289060,Left,GEO_PAT,"Brown, Colin",1000242461,Right,HOL_CRU,Undefined,4,Top,1,0,0,Fastball,Four-Seam,BallCalled,Undefined,Undefined,Undefined,0,0,,84.00653,-0.022466,1.179755,2117.311638,158.553245,11:15,6.26105,-0.80805,5.99995,-22.66253,16.36969,-5.99272,4.35169,-0.21407,77.46725,-4.282697,0.102323,0.449659,,,,,,,,,,,,3.36662,8.77028,0.71839,50,6.24665,-2.28046,-122.15107,-0.70901,5.13772,21.79742,-18.78996,GEO_PAT,HOL_CRU,SpuhlerFieldMain,D1,A10,20250304-SpuhlerFieldMain-1,61a7c8e0-f93a-11ef-9e84-f3ebf856d060,83.82456,,,6.53927,,,,,,,677a001a-4aeb-4bee-826e-3fb235647512,2025-03-04,20:51:00.73,2025-03-04T15:51:00.7323648-05:00,2025-03-04T20:51:00.7323648Z,,v3,471300,471313,,"Pancione, Garrett",1000048493,Right,GEO_PAT,c988d453-5de6-4943-b28d-594654073ef5,54.50167,-122.95176,10.89871,6.26002,-0.0188,-9.39498,0.80563,-2.46918,2.56886,,,,,,,,,,,,,,,,,,,,,,,,,,,,,,,,,,,,,,,,,,,,,,,,,,,High,High,High,,,,,
201,2025-03-04,15:51:20.90,5,2,"Madigan III, Michael",10289060,Left,GEO_PAT,"Brown, Colin",1000242461,Right,HOL_CRU,Undefined,4,Top,1,1,0,ChangeUp,Slider,StrikeCalled,Undefined,Undefined,Undefined,0,0,,79.59084,-0.583189,0.215759,1129.562564,198.048634,12:30,6.22738,-0.80396,5.8189,-35.30659,8.51745,2.36327,2.74289,-0.4064,73.66246,-7.09283,0.639782,0.476461,,,,,,,,,,,,-1.15264,4.9015,0.78489,50,6.1586,-0.52485,-115.71941,-2.28001,-1.57635,19.85722,-25.47065,GEO_PAT,HOL_CRU,SpuhlerFieldMain,D1,A10,20250304-SpuhlerFieldMain-1,6db850f0-f93a-11ef-9e84-f3ebf856d060,79.10913,,,5.92838,,,,,,,677a001a-4aeb-4bee-826e-3fb235647512,2025-03-04,20:51:20.90,2025-03-04T15:51:20.9062400-05:00,2025-03-04T20:51:20.9062400Z,,v3,471300,471313,,"Pancione, Garrett",1000048493,Right,GEO_PAT,ff4118af-d844-442d-8e6a-f904cd9f9d0a,54.68334,-116.52029,9.92861,6.22984,-1.25273,-12.73533,0.80477,-0.46127,-0.78818,,,,,,,,,,,,,,,,,,,,,,,,,,,,,,,,,,,,,,,,,,,,,,,,,,,High,High,High,,,,,
202,2025-03-04,15:51:38.77,5,3,"Madigan III, Michael",10289060,Left,GEO_PAT,"Brown, Colin",1000242461,Right,HOL_CRU,Undefined,4,Top,1,1,1,ChangeUp,Changeup,StrikeCalled,Undefined,Undefined,Undefined,0,0,,78.97735,0.478168,0.782529,1154.285159,147.122482,11:00,6.13907,-1.05956,5.74252,-36.08671,8.83276,-4.81733,3.57715,-0.73231,72.50821,-6.197297,-0.08003,0.482379,,,,,,,,,,,,2.6537,4.80595,0.99737,50,6.15686,-1.38143,-114.72218,-0.17132,3.54502,20.75081,-25.75392,GEO_PAT,HOL_CRU,SpuhlerFieldMain,D1,A10,20250304-SpuhlerFieldMain-1,7856ab60-f93a-11ef-9e84-f3ebf856d060,78.13857,,,6.46915,,,,,,,677a001a-4aeb-4bee-826e-3fb235647512,2025-03-04,20:51:38.77,2025-03-04T15:51:38.7725824-05:00,2025-03-04T20:51:38.7725824Z,,v3,471300,471313,,"Pancione, Garrett",1000048493,Right,GEO_PAT,aeec4c47-f8c9-4800-9980-af5b127cdc51,54.75825,-115.57964,10.3754,6.14196,0.89288,-12.87696,1.05748,-1.52792,1.77251,,,,,,,,,,,,,,,,,,,,,,,,,,,,,,,,,,,,,,,,,,,,,,,,,,,High,High,High,,,,,
203,2025-03-04,15:51:55.29,5,4,"Madigan III, Michael",10289060,Left,GEO_PAT,"Brown, Colin",1000242461,Right,HOL_CRU,Undefined,4,Top,1,1,2,Fastball,Four-Seam,FoulBallNotFieldable,Undefined,Undefined,Undefined,0,0,,84.28982,-1.515092,1.604684,2091.251329,164.040773,11:30,6.20801,-0.86778,5.97396,-23.07871,16.1621,-4.2617,2.87925,0.26518,77.11891,-5.857362,0.838746,0.450859,,,,,,,,,,,,2.65878,9.12146,0.74314,50,6.07518,-3.26426,-122.39688,-3.91709,4.02733,24.49156,-18.35744,GEO_PAT,HOL_CRU,SpuhlerFieldMain,D1,A10,20250304-SpuhlerFieldMain-1,824cb7e0-f93a-11ef-9e84-f3ebf856d060,83.60143,,,7.1709,,,,,,,677a001a-4aeb-4bee-826e-3fb235647512,2025-03-04,20:51:55.29,2025-03-04T15:51:55.2918528-05:00,2025-03-04T20:51:55.2918528Z,,v3,471300,471313,,"Pancione, Garrett",1000048493,Right,GEO_PAT,0fbefaa7-20e4-45a6-bca4-5006ecc041a8,54.52833,-123.29967,12.24578,6.2071,-3.24041,-9.17872,0.8662,-3.41271,2.01367,,,,,,,,,,,,,,,,,,,,,,,,,,,,,,,,,,,,,,,,,,,,,,,,,,,High,High,High,,,,,
204,2025-03-04,15:52:20.46,5,5,"Madigan III, Michael",10289060,Left,GEO_PAT,"Brown, Colin",1000242461,Right,HOL_CRU,Undefined,4,Top,1,1,2,Fastball,Four-Seam,InPlay,Undefined,GroundBall,Out,1,0,,85.11288,-1.945637,0.319074,2254.719022,169.707904,11:45,6.18074,-0.75046,5.98482,-17.50564,21.52395,-3.64717,2.91777,-0.75863,76.68865,-5.324609,-0.336707,0.449644,71.33954,-48.856627,-32.892035,,,,,4.19884,2.65358,-8.623945,0.038198,1.98071,12.11142,0.72728,50,6.01754,-0.54094,-123.40984,-4.64063,3.00376,28.37671,-13.80707,GEO_PAT,HOL_CRU,SpuhlerFieldMain,D1,A10,20250304-SpuhlerFieldMain-1,9141c240-f93a-11ef-9e84-f3ebf856d060,83.82735,3.02269,,8.42423,,,,1.93382,3.02269,0.80455,677a001a-4aeb-4bee-826e-3fb235647512,2025-03-04,20:52:20.46,2025-03-04T15:52:20.4639744-05:00,2025-03-04T20:52:20.4639744Z,GroundBall,v3,471300,471313,,"Pancione, Garrett",1000048493,Right,GEO_PAT,9e0ac921-5acc-4909-8588-4a198f68c623,54.51466,-124.44361,14.18835,6.17743,-4.13764,-6.90353,0.74898,-0.65037,1.50188,,1.93229,58.05365,,,,,,,,3.02477,-79.13172,,,,,,,,0.80553,-37.54514,,,,,,,,,,,,,,,,,,,,,,,,,,,,,,High,High,High,Low,Low,,,
205,2025-03-04,15:52:57.36,6,1,"Madigan III, Michael",10289060,Left,GEO_PAT,"Jones, Brendan",1000119807,Right,HOL_CRU,Undefined,4,Top,2,0,0,Cutter,Slider,BallCalled,Undefined,Undefined,Undefined,0,0,,78.23103,1.257786,1.638154,2273.31592,244.441542,2:15,6.03041,-1.13713,5.77525,-39.91734,6.01418,9.5704,3.8751,1.18524,71.63237,-6.116661,3.350333,0.487783,,,,,,,,,,,,-4.3861,3.17595,0.99603,50,6.1105,-3.61327,-113.55525,1.24517,-5.71797,21.10238,-28.03371,GEO_PAT,HOL_CRU,SpuhlerFieldMain,D1,A10,20250304-SpuhlerFieldMain-1,a72e8d40-f93a-11ef-9e84-f3ebf856d060,77.27295,,,6.59866,,,,,,,677a001a-4aeb-4bee-826e-3fb235647512,2025-03-04,20:52:57.36,2025-03-04T15:52:57.3636608-05:00,2025-03-04T20:52:57.3636608Z,,v3,471300,471313,,"Pancione, Garrett",1000048493,Right,GEO_PAT,6aba3844-cc85-4f09-b631-f1e90d7fcbfa,54.72557,-114.43005,10.55119,6.03479,2.40731,-14.01686,1.14091,-3.37623,-2.85898,,,,,,,,,,,,,,,,,,,,,,,,,,,,,,,,,,,,,,,,,,,,,,,,,,,High,High,High,,,,,
206,2025-03-04,15:53:12.62,6,2,"Madigan III, Michael",10289060,Left,GEO_PAT,"Jones, Brendan",1000119807,Right,HOL_CRU,Undefined,4,Top,2,1,0,Cutter,Slider,StrikeCalled,Undefined,Undefined,Undefined,0,0,,77.31979,0.135649,0.725155,2277.761317,263.21982,2:45,6.05644,-0.92532,5.61193,-45.45987,2.93732,8.88796,2.39474,0.49226,69.43912,-8.25918,2.31408,0.500704,,,,,,,,,,,,-4.20268,2.03449,0.85763,50,6.03941,-1.76776,-111.98089,-1.19584,-5.19685,25.15128,-29.65827,GEO_PAT,HOL_CRU,SpuhlerFieldMain,D1,A10,20250304-SpuhlerFieldMain-1,b0484380-f93a-11ef-9e84-f3ebf856d060,75.27882,,,7.88067,,,,,,,677a001a-4aeb-4bee-826e-3fb235647512,2025-03-04,20:53:12.62,2025-03-04T15:53:12.6245888-05:00,2025-03-04T20:53:12.6245888Z,,v3,471300,471313,,"Pancione, Garrett",1000048493,Right,GEO_PAT,ec964dc0-3d30-4748-aa6c-5b6fe57c2582,54.88555,-113.07287,12.57564,6.06338,0.09182,-14.82913,0.92948,-1.54213,-2.59843,,,,,,,,,,,,,,,,,,,,,,,,,,,,,,,,,,,,,,,,,,,,,,,,,,,High,High,High,,,,,
207,2025-03-04,15:53:27.02,6,3,"Madigan III, Michael",10289060,Left,GEO_PAT,"Jones, Brendan",1000119807,Right,HOL_CRU,Undefined,4,Top,2,1,1,Fastball,Four-Seam,BallCalled,Undefined,Undefined,Undefined,0,0,,84.62001,-0.458673,1.053338,2270.565377,173.345753,11:45,6.15008,-0.80727,6.00252,-19.98033,19.17832,-2.08095,4.05996,-0.00454,76.68006,-4.277643,0.679206,0.450386,,,,,,,,,,,,1.37957,10.36552,0.72548,50,6.10297,-2.17317,-122.80175,-1.523,2.0886,26.26663,-16.48139,GEO_PAT,HOL_CRU,SpuhlerFieldMain,D1,A10,20250304-SpuhlerFieldMain-1,b8dc00e0-f93a-11ef-9e84-f3ebf856d060,83.68913,,,7.93996,,,,,,,677a001a-4aeb-4bee-826e-3fb235647512,2025-03-04,20:53:27.02,2025-03-04T15:53:27.0263296-05:00,2025-03-04T20:53:27.0263296Z,,v3,471300,471313,,"Pancione, Garrett",1000048493,Right,GEO_PAT,dd660684-5088-46d7-bcf7-d25cae26e5d1,54.49579,-123.75964,13.13331,6.14756,-0.92196,-8.2407,0.80612,-2.24933,1.0443,,,,,,,,,,,,,,,,,,,,,,,,,,,,,,,,,,,,,,,,,,,,,,,,,,,High,High,High,,,,,
208,2025-03-04,15:53:46.63,6,4,"Madigan III, Michael",10289060,Left,GEO_PAT,"Jones, Brendan",1000119807,Right,HOL_CRU,Undefined,4,Top,2,2,1,Cutter,Slider,FoulBallNotFieldable,Undefined,Undefined,Undefined,0,0,,78.60973,-1.071703,1.287383,2345.282298,165.224877,11:30,5.94264,-1.14047,5.67437,-40.73085,5.25193,-0.97106,1.54885,-0.02092,71.75613,-8.563546,1.113523,0.488055,49.19108,-42.396405,94.097674,,,,,3.75384,3.75384,33.134012,0.037325,0.8948,3.40965,1.03244,50,5.82642,-2.52683,-114.05543,-3.42349,1.16651,23.0025,-27.72911,GEO_PAT,HOL_CRU,SpuhlerFieldMain,D1,A10,20250304-SpuhlerFieldMain-1,c4a34af0-f93a-11ef-9e84-f3ebf856d060,77.22985,1.82565,,6.8536,,,,3.28633,1.82565,0.05736,677a001a-4aeb-4bee-826e-3fb235647512,2025-03-04,20:53:46.63,2025-03-04T15:53:46.6373120-05:00,2025-03-04T20:53:46.6373120Z,GroundBall,v3,471300,471313,,"Pancione, Garrett",1000048493,Right,GEO_PAT,b47e4ea1-b6de-4ed4-82cb-1e89225a97a4,54.82795,-115.025,11.50125,5.94609,-2.25469,-13.86456,1.13999,-2.576,0.58325,,3.28645,-3.82809,,,,,,,,1.82725,-48.91182,,,,,,,,0.05561,53.43508,,,,,,,,,,,,,,,,,,,,,,,,,,,,,,High,High,High,Estimated,Estimated,,,
209,2025-03-04,15:54:09.52,6,5,"Madigan III, Michael",10289060,Left,GEO_PAT,"Jones, Brendan",1000119807,Right,HOL_CRU,Undefined,4,Top,2,2,2,Cutter,Slider,InPlay,Undefined,LineDrive,Single,0,1,,79.1435,-1.384033,1.191212,2309.746429,233.782221,1:45,5.97904,-0.98699,5.75348,-37.40904,7.39469,8.19756,1.57261,0.80527,72.9359,-8.258626,2.66021,0.481757,73.95459,14.524147,-15.426079,2418.296804,103.03341,15.43722,-38.5235,182.87446,182.10711,-23.57762,2.16232,-3.88626,4.54571,0.88286,50,5.84111,-2.69335,-114.94877,-3.94771,-5.19882,21.34131,-26.09304,GEO_PAT,HOL_CRU,SpuhlerFieldMain,D1,A10,20250304-SpuhlerFieldMain-1,d24659e0-f93a-11ef-9e84-f3ebf856d060,78.23946,15.71892,,6.2076,,,,1.6722,1.63846,-0.78515,677a001a-4aeb-4bee-826e-3fb235647512,2025-03-04,20:54:09.52,2025-03-04T15:54:09.5258112-05:00,2025-03-04T20:54:09.5258112Z,LineDrive,v3,471300,471313,,"Pancione, Garrett",1000048493,Right,GEO_PAT,65561f0d-51df-49bd-9756-0080fc9a6618,54.74981,-115.82726,10.67066,5.98151,-2.87362,-13.04652,0.98933,-2.47935,-2.59941,129.269941,1.6722,101.2174,-17.07354,3.83072,-0.74507,0.12436,-0.01767,0.002,-0.00011,1.63846,27.20217,-13.10866,-0.20215,0.22704,-0.07154,0.01689,-0.00222,0.00012,-0.78515,-27.92954,-4.54635,1.47943,-0.39197,0.0884,-0.01685,0.00235,-0.00016,,,,,,,,,,,,,,,,,,,,,,,High,High,High,High,High,,,
210,2025-03-04,15:54:42.87,7,1,"Madigan III, Michael",10289060,Left,GEO_PAT,"Connors, Braden",10070579,Left,HOL_CRU,Undefined,4,Top,2,0,0,Fastball,Four-Seam,BallCalled,Undefined,Undefined,Undefined,0,0,,84.71147,-0.665153,1.018279,2114.914032,155.371553,11:15,6.20255,-0.90695,5.96331,-22.09399,16.6593,-7.08185,3.74447,-0.55276,77.54915,-4.833214,-0.254445,0.448049,,,,,,,,,,,,3.90008,9.09776,0.82999,50,6.13737,-1.90323,-123.06667,-2.07325,5.98965,24.10354,-18.20198,GEO_PAT,HOL_CRU,SpuhlerFieldMain,D1,A10,20250304-SpuhlerFieldMain-1,e6110830-f93a-11ef-9e84-f3ebf856d060,84.1257,,,7.16232,,,,,,,677a001a-4aeb-4bee-826e-3fb235647512,2025-03-04,20:54:42.87,2025-03-04T15:54:42.8733440-05:00,2025-03-04T20:54:42.8733440Z,,v3,471300,471313,,"Pancione, Garrett",1000048493,Right,GEO_PAT,62b3551c-0a41-4a8a-ad09-5dfe004e4e76,54.5373,-123.95215,12.05177,6.20125,-1.40457,-9.10099,0.90395,-2.12327,2.99483,,,,,,,,,,,,,,,,,,,,,,,,,,,,,,,,,,,,,,,,,,,,,,,,,,,High,High,High,,,,,
211,2025-03-04,15:55:00.75,7,2,"Madigan III, Michael",10289060,Left,GEO_PAT,"Connors, Braden",10070579,Left,HOL_CRU,Undefined,4,Top,2,1,0,Cutter,Slider,StrikeCalled,Undefined,Undefined,Undefined,0,0,,76.75696,0.184289,0.899261,2321.69586,265.165546,2:45,6.02382,-1.07698,5.60282,-44.9701,1.80973,8.40178,2.44838,0.46278,72.29977,-7.981314,2.400678,0.492267,,,,,,,,,,,,-4.09792,1.22043,0.99432,50,6.00988,-2.05939,-111.77946,-1.08399,-5.3132,15.46511,-30.59166,GEO_PAT,HOL_CRU,SpuhlerFieldMain,D1,A10,20250304-SpuhlerFieldMain-1,f0bca910-f93a-11ef-9e84-f3ebf856d060,76.56908,,,4.45718,,,,,,,677a001a-4aeb-4bee-826e-3fb235647512,2025-03-04,20:55:00.75,2025-03-04T15:55:00.7521792-05:00,2025-03-04T20:55:00.7521792Z,,v3,471300,471313,,"Pancione, Garrett",1000048493,Right,GEO_PAT,96a8f4db-d811-4011-bfec-e4f44a39012f,54.90305,-112.45576,7.73255,6.02803,0.25383,-15.29583,1.0793,-1.82704,-2.6566,,,,,,,,,,,,,,,,,,,,,,,,,,,,,,,,,,,,,,,,,,,,,,,,,,,High,High,High,,,,,
212,2025-03-04,15:55:16.01,7,3,"Madigan III, Michael",10289060,Left,GEO_PAT,"Connors, Braden",10070579,Left,HOL_CRU,Undefined,4,Top,2,1,1,Cutter,Slider,StrikeCalled,Undefined,Undefined,Undefined,0,0,,77.83379,0.709915,0.417145,2308.431255,212.759137,1:00,5.99055,-0.89387,5.605,-38.70982,6.88792,3.71248,3.42752,-0.19507,72.86513,-6.366485,1.080161,0.486008,,,,,,,,,,,,-1.80165,3.69551,0.85567,50,6.02585,-0.96242,-113.29532,0.16715,-2.39489,16.28912,-27.26164,GEO_PAT,HOL_CRU,SpuhlerFieldMain,D1,A10,20250304-SpuhlerFieldMain-1,f9d96c90-f93a-11ef-9e84-f3ebf856d060,77.55524,,,4.96866,,,,,,,677a001a-4aeb-4bee-826e-3fb235647512,2025-03-04,20:55:16.01,2025-03-04T15:55:16.0115712-05:00,2025-03-04T20:55:16.0115712Z,,v3,471300,471313,,"Pancione, Garrett",1000048493,Right,GEO_PAT,8f714503-545c-48ba-85bf-c71823ec0def,54.8994,-113.99755,8.14456,5.99331,1.34242,-13.63082,0.89494,-0.85918,-1.19744,,,,,,,,,,,,,,,,,,,,,,,,,,,,,,,,,,,,,,,,,,,,,,,,,,,High,High,High,,,,,
213,2025-03-04,15:55:31.29,7,4,"Madigan III, Michael",10289060,Left,GEO_PAT,"Connors, Braden",10070579,Left,HOL_CRU,Undefined,4,Top,2,1,2,Fastball,Four-Seam,BallCalled,Undefined,Undefined,Undefined,0,0,,85.40143,-1.802746,3.080216,2079.271069,163.03604,11:30,6.21002,-0.67182,6.02671,-22.2595,15.53355,-4.4091,2.68241,1.81636,79.02264,-5.964652,2.288475,0.442464,,,,,,,,,,,,3.02099,8.78252,0.43292,50,6.05643,-6.49901,-123.99783,-4.57234,4.75881,22.06184,-18.33945,GEO_PAT,HOL_CRU,SpuhlerFieldMain,D1,A10,20250304-SpuhlerFieldMain-1,02ec1df0-f93b-11ef-9e84-f3ebf856d060,85.18767,,,6.3788,,,,,,,677a001a-4aeb-4bee-826e-3fb235647512,2025-03-04,20:55:31.29,2025-03-04T15:55:31.2901120-05:00,2025-03-04T20:55:31.2901120Z,,v3,471300,471313,,"Pancione, Garrett",1000048493,Right,GEO_PAT,a9e6e731-84c3-40e0-a62f-3dc337dac55b,54.47548,-124.79157,11.03092,6.20907,-3.91252,-9.16973,0.66982,-6.67022,2.37941,,,,,,,,,,,,,,,,,,,,,,,,,,,,,,,,,,,,,,,,,,,,,,,,,,,High,High,High,,,,,
214,2025-03-04,15:55:48.26,7,5,"Madigan III, Michael",10289060,Left,GEO_PAT,"Connors, Braden",10070579,Left,HOL_CRU,Undefined,4,Top,2,2,2,Cutter,Slider,StrikeSwinging,Strikeout,Undefined,Undefined,0,0,,77.71892,-0.990238,1.914052,2380.342051,194.558092,12:30,6.10883,-0.91645,5.7383,-36.39112,9.41709,2.1302,2.1535,1.04413,72.57784,-7.657396,2.295309,0.487128,,,,,,,,,,,,-0.64913,5.41496,0.75565,50,6.0037,-3.85417,-113.00678,-3.07721,-0.8535,17.35572,-25.0542,GEO_PAT,HOL_CRU,SpuhlerFieldMain,D1,A10,20250304-SpuhlerFieldMain-1,0d27bef0-f93b-11ef-9e84-f3ebf856d060,77.37686,,,5.14108,,,,,,,677a001a-4aeb-4bee-826e-3fb235647512,2025-03-04,20:55:48.26,2025-03-04T15:55:48.2673664-05:00,2025-03-04T20:55:48.2673664Z,,v3,471300,471313,,"Pancione, Garrett",1000048493,Right,GEO_PAT,f3f55515-3b46-4cdc-95d2-37d2dad274cb,54.76522,-113.73627,8.67786,6.11091,-2.02413,-12.5271,0.91689,-3.8183,-0.42675,,,,,,,,,,,,,,,,,,,,,,,,,,,,,,,,,,,,,,,,,,,,,,,,,,,High,High,High,,,,,
215,2025-03-04,15:57:26.72,1,1,"Walters, Augie",1000119802,Right,HOL_CRU,"Blanchard, Evan",10073877,Right,GEO_PAT,Undefined,4,Bottom,0,0,0,Slider,Curveball,BallCalled,Undefined,Undefined,Undefined,0,0,,73.55924,-3.932034,-2.790503,1953.859111,93.411207,9:00,6.24432,1.95858,5.28604,-50.96719,1.63524,-2.80827,-1.70577,-0.89812,69.29088,-12.999747,-3.290501,0.522005,,,,,,,,,,,,0.74898,2.02835,-1.70172,50,5.8465,5.29154,-106.59919,-8.93546,0.86969,16.75437,-29.81875,GEO_PAT,HOL_CRU,SpuhlerFieldMain,D1,A10,20250304-SpuhlerFieldMain-1,47d45860-f93b-11ef-9e84-f3ebf856d060,72.20709,,,4.26836,,,,,,,677a001a-4aeb-4bee-826e-3fb235647512,2025-03-04,20:57:26.72,2025-03-04T15:57:26.7229696-05:00,2025-03-04T20:57:26.7229696Z,,v3,471300,471313,,"Brown, Colin",1000242461,Right,HOL_CRU,32465a1b-01d3-4734-9579-380d88582b02,55.22109,-107.41666,8.37719,6.24699,-7.48055,-14.90938,-1.95886,5.2491,0.43485,,,,,,,,,,,,,,,,,,,,,,,,,,,,,,,,,,,,,,,,,,,,,,,,,,,High,High,High,,,,,
216,2025-03-04,15:57:46.59,1,2,"Walters, Augie",1000119802,Right,HOL_CRU,"Blanchard, Evan",10073877,Right,GEO_PAT,Undefined,4,Bottom,0,1,0,Fastball,Changeup,InPlay,Undefined,GroundBall,Single,0,0,,78.74293,-2.175097,-2.955963,1877.272313,214.428383,1:15,6.23567,1.87876,5.62663,-28.89545,16.36265,10.29067,1.7943,-0.02455,72.85078,-7.512899,-1.119847,0.484194,76.52073,-8.923471,-29.850361,,,,,11.87244,6.6992,-21.327239,0.087654,-6.02339,9.27516,-1.63358,50,6.03139,5.51744,-114.25015,-5.21903,-8.03086,19.33157,-19.80768,GEO_PAT,HOL_CRU,SpuhlerFieldMain,D1,A10,20250304-SpuhlerFieldMain-1,53aa2160-f93b-11ef-9e84-f3ebf856d060,77.84571,1.52843,,5.89216,,,,2.61662,1.52843,0.52715,677a001a-4aeb-4bee-826e-3fb235647512,2025-03-04,20:57:46.59,2025-03-04T15:57:46.5939456-05:00,2025-03-04T20:57:46.5939456Z,GroundBall,v3,471300,471313,,"Brown, Colin",1000242461,Right,HOL_CRU,42cc0a8a-ed06-4f06-b8c5-dcccafdde7db,54.877,-115.0724,9.66579,6.23546,-4.37653,-9.90384,-1.87553,5.85903,-4.01543,180,2.61441,96.3193,,,,,,,,1.52883,-17.43703,,,,,,,,0.52842,-55.27507,,,,,,,,,,,,,,,,,,,,,,,,,,,,,,High,High,High,Low,Low,,,
217,2025-03-04,15:58:21.66,2,1,"Walters, Augie",1000119802,Right,HOL_CRU,"Canody, Andrew",10032066,Right,GEO_PAT,Undefined,4,Bottom,0,0,0,Slider,Curveball,InPlay,Undefined,GroundBall,Out,2,0,,73.76994,-0.647518,-1.6731,1996.434914,76.369899,8:30,6.39332,1.74665,5.07184,-52.96412,-0.3048,-7.59075,1.36885,-0.46385,68.63346,-10.168196,-3.017518,0.522287,86.89997,-13.162983,-18.298642,,,,,8.37428,8.37428,-10.912989,0.051548,3.3676,0.42248,-1.58143,50,6.28945,3.41219,-107.11905,-2.96994,3.93328,17.59905,-31.68062,GEO_PAT,HOL_CRU,SpuhlerFieldMain,D1,A10,20250304-SpuhlerFieldMain-1,68995280-f93b-11ef-9e84-f3ebf856d060,72.16808,1.49806,,5.13648,,,,2.1411,1.49806,0.42578,677a001a-4aeb-4bee-826e-3fb235647512,2025-03-04,20:58:21.66,2025-03-04T15:58:21.6638464-05:00,2025-03-04T20:58:21.6638464Z,GroundBall,v3,471300,471313,,"Brown, Colin",1000242461,Right,HOL_CRU,247d8e81-4c13-4c55-8134-d9e3cda90ba6,55.43293,-108.00796,8.79953,6.39905,-1.36979,-15.84031,-1.74876,3.21352,1.96664,,2.13984,117.9815,,,,,,,,1.49838,-29.06146,,,,,,,,0.4262,-39.01555,,,,,,,,,,,,,,,,,,,,,,,,,,,,,,High,High,High,Estimated,Estimated,,,
218,2025-03-04,15:58:54.11,3,1,"Walters, Augie",1000119802,Right,HOL_CRU,"Alberti, Lucas",1000145512,Right,GEO_PAT,Undefined,4,Bottom,2,0,0,Slider,Curveball,BallCalled,Undefined,Undefined,Undefined,0,0,,73.65617,-2.11035,-0.840717,1918.888134,110.179968,9:45,6.34391,1.85679,4.9236,-49.13129,3.04315,-4.9026,0.25332,0.65334,69.87887,-10.849559,-1.707927,0.519877,,,,,,,,,,,,2.30063,2.22429,-1.77043,50,6.09616,1.75036,-107.12342,-5.59367,2.74025,14.16072,-29.52471,GEO_PAT,HOL_CRU,SpuhlerFieldMain,D1,A10,20250304-SpuhlerFieldMain-1,7bf2ef80-f93b-11ef-9e84-f3ebf856d060,72.50267,,,3.77729,,,,,,,677a001a-4aeb-4bee-826e-3fb235647512,2025-03-04,20:58:54.11,2025-03-04T15:58:54.1153280-05:00,2025-03-04T20:58:54.1153280Z,,v3,471300,471313,,"Brown, Colin",1000242461,Right,HOL_CRU,efcde7f6-f523-4eca-ac7b-21d76b5176f7,55.58333,-107.85896,7.08036,6.34688,-4.06009,-14.76235,-1.85765,1.60802,1.37012,,,,,,,,,,,,,,,,,,,,,,,,,,,,,,,,,,,,,,,,,,,,,,,,,,,High,High,High,,,,,
219,2025-03-04,15:59:11.92,3,2,"Walters, Augie",1000119802,Right,HOL_CRU,"Alberti, Lucas",1000145512,Right,GEO_PAT,Undefined,4,Bottom,2,1,0,Slider,Curveball,BallCalled,Undefined,Undefined,Undefined,0,0,,73.84729,-1.656128,-1.918061,1922.226699,120.806986,10:00,6.37023,1.76542,4.99087,-48.2616,3.48855,-3.81232,0.7833,-0.36411,70.01952,-10.262801,-2.592169,0.517758,,,,,,,,,,,,1.53252,2.36378,-1.57726,50,6.17038,3.73514,-107.39392,-4.71392,1.83643,14.05293,-29.3415,GEO_PAT,HOL_CRU,SpuhlerFieldMain,D1,A10,20250304-SpuhlerFieldMain-1,868da070-f93b-11ef-9e84-f3ebf856d060,72.79928,,,3.82777,,,,,,,677a001a-4aeb-4bee-826e-3fb235647512,2025-03-04,20:59:11.92,2025-03-04T15:59:11.9209984-05:00,2025-03-04T20:59:11.9209984Z,,v3,471300,471313,,"Brown, Colin",1000242461,Right,HOL_CRU,0ee1327b-3d77-4fa9-a460-56a001e44d1c,55.51583,-108.11328,7.02647,6.37324,-3.21195,-14.67075,-1.76606,3.64114,0.91821,,,,,,,,,,,,,,,,,,,,,,,,,,,,,,,,,,,,,,,,,,,,,,,,,,,High,High,High,,,,,
220,2025-03-04,15:59:27.98,3,3,"Walters, Augie",1000119802,Right,HOL_CRU,"Alberti, Lucas",1000145512,Right,GEO_PAT,Undefined,4,Bottom,2,2,0,Slider,Curveball,StrikeCalled,Undefined,Undefined,Undefined,0,0,,74.15424,-0.271439,-1.122713,1998.707499,96.982346,9:15,6.39721,1.70987,4.79235,-49.85125,1.94445,-5.55099,1.98565,0.18312,69.86806,-9.174153,-2.100565,0.517986,,,,,,,,,,,,2.52768,1.34063,-1.59265,50,6.32594,2.32488,-107.85761,-2.23265,3.04533,14.75723,-30.55889,GEO_PAT,HOL_CRU,SpuhlerFieldMain,D1,A10,20250304-SpuhlerFieldMain-1,901ed0a0-f93b-11ef-9e84-f3ebf856d060,72.76726,,,4.28618,,,,,,,677a001a-4aeb-4bee-826e-3fb235647512,2025-03-04,20:59:27.98,2025-03-04T15:59:27.9877632-05:00,2025-03-04T20:59:27.9877632Z,,v3,471300,471313,,"Brown, Colin",1000242461,Right,HOL_CRU,aed4eba1-d648-44a1-93af-10592e7b0cad,55.7138,-108.63657,7.37862,6.40122,-0.61961,-15.27945,-1.71113,2.16413,1.52267,,,,,,,,,,,,,,,,,,,,,,,,,,,,,,,,,,,,,,,,,,,,,,,,,,,High,High,High,,,,,
221,2025-03-04,15:59:44.44,3,4,"Walters, Augie",1000119802,Right,HOL_CRU,"Alberti, Lucas",1000145512,Right,GEO_PAT,Undefined,4,Bottom,2,2,1,Slider,Curveball,InPlay,Undefined,FlyBall,Out,1,0,,75.08755,0.563671,-1.275335,2002.082521,111.082085,9:45,6.3964,1.66071,4.89827,-47.35554,3.32288,-5.11914,2.98343,0.0276,70.0472,-7.958901,-2.177863,0.512369,103.75793,33.597361,-22.629883,3206.024648,99.74749,76.34541,-46.37235,351.58781,350.88147,-30.511085,5.941592,2.26095,1.8541,-1.53116,50,6.41127,2.62572,-109.12538,-0.54905,2.76794,16.4598,-29.9042,GEO_PAT,HOL_CRU,SpuhlerFieldMain,D1,A10,20250304-SpuhlerFieldMain-1,99f3c090-f93b-11ef-9e84-f3ebf856d060,73.56504,118.21681,,5.04034,,,,2.19969,3.0695,-0.21753,677a001a-4aeb-4bee-826e-3fb235647512,2025-03-04,20:59:44.44,2025-03-04T15:59:44.4486144-05:00,2025-03-04T20:59:44.4486144Z,FlyBall,v3,471300,471313,,"Brown, Colin",1000242461,Right,HOL_CRU,1a40fa52-b126-4fad-b383-77effdfc927d,55.60697,-109.96785,8.2299,6.40021,0.98155,-14.9521,-1.66193,2.48405,1.38397,164.888144,2.20829,116.84125,-33.06082,8.7824,-1.68263,0.21302,-0.01525,0.00049,-0,3.06357,84.30461,-15.34589,-0.87916,0.61968,-0.18567,0.03532,-0.00376,0.00016,-0.21941,-48.74301,7.10199,-1.15413,0.0696,0.01905,-0.00505,0.00046,-1E-05,,,,,,,,,,,,,,,,,,,,,,,High,High,High,High,Low,,,
222,2025-03-04,16:03:17.53,1,1,"Ament, Ryan",1000126783,Left,GEO_PAT,"Connors, Braden",10070579,Left,HOL_CRU,Undefined,5,Top,0,0,0,Sinker,Changeup,StrikeCalled,Undefined,Undefined,Undefined,0,0,,83.67492,0.105111,3.519127,1465.950216,127.599202,10:15,5.95414,-2.3405,6.7127,-33.60242,5.46847,-5.38611,3.25022,0.43195,76.05354,-6.225694,2.539694,0.449881,,,,,,,,,,,,3.89437,3.28406,2.10869,50,5.94844,-7.27014,-121.40928,-0.72559,5.75882,25.82793,-27.31774,GEO_PAT,HOL_CRU,SpuhlerFieldMain,D1,A10,20250304-SpuhlerFieldMain-1,18d4adc0-f93c-11ef-9e84-f3ebf856d060,83.78306,,,7.62138,,,,,,,677a001a-4aeb-4bee-826e-3fb235647512,2025-03-04,21:03:17.53,2025-03-04T16:03:17.5334400-05:00,2025-03-04T21:03:17.5334400Z,,v3,471300,471313,,"Pancione, Garrett",1000048493,Right,GEO_PAT,81e28505-1b30-43ed-8349-a61d2a3010cf,53.7873,-122.21231,12.91396,5.95779,0.12376,-13.65887,2.33752,-7.44919,2.87941,,,,,,,,,,,,,,,,,,,,,,,,,,,,,,,,,,,,,,,,,,,,,,,,,,,High,High,High,,,,,
223,2025-03-04,16:03:34.26,1,2,"Ament, Ryan",1000126783,Left,GEO_PAT,"Scanlon, Sean",809071,Left,HOL_CRU,Undefined,5,Top,0,0,1,Sinker,Changeup,BallCalled,Undefined,Undefined,Undefined,0,0,,83.35939,-1.384671,8.634107,1467.754408,149.724532,11:00,5.94889,-2.15209,6.89985,-31.31671,8.56339,-4.19492,2.06309,5.42363,75.80481,-7.261016,7.882244,0.454516,,,,,,,,,,,,4.81744,5.46107,1.60475,50,5.85029,-18.02823,-119.7473,-3.7566,6.93352,25.02166,-24.31423,GEO_PAT,HOL_CRU,SpuhlerFieldMain,D1,A10,20250304-SpuhlerFieldMain-1,22d393e0-f93c-11ef-9e84-f3ebf856d060,82.92868,,,7.55458,,,,,,,677a001a-4aeb-4bee-826e-3fb235647512,2025-03-04,21:03:34.26,2025-03-04T16:03:34.2648320-05:00,2025-03-04T21:03:34.2648320Z,,v3,471300,471313,,"Pancione, Garrett",1000048493,Right,GEO_PAT,47227f14-c5e8-41db-9ccb-bfe34da46874,53.59658,-120.49647,12.51083,5.95187,-3.02861,-12.15711,2.14764,-18.23583,3.46676,,,,,,,,,,,,,,,,,,,,,,,,,,,,,,,,,,,,,,,,,,,,,,,,,,,High,High,High,,,,,
224,2025-03-04,16:03:53.46,1,3,"Ament, Ryan",1000126783,Left,GEO_PAT,"Scanlon, Sean",809071,Left,HOL_CRU,Undefined,5,Top,0,1,1,ChangeUp,Changeup,BallCalled,Undefined,Undefined,Undefined,0,0,,78.66082,-0.667152,7.577849,1524.687259,156.390058,11:15,5.99073,-2.29263,6.47745,-32.90474,11.7552,-4.54429,2.63058,4.32843,72.43906,-6.794581,6.766087,0.480984,,,,,,,,,,,,4.32315,6.79217,1.75771,50,5.92907,-14.92121,-113.3881,-2.21378,5.6621,19.56631,-23.27826,GEO_PAT,HOL_CRU,SpuhlerFieldMain,D1,A10,20250304-SpuhlerFieldMain-1,2e443270-f93c-11ef-9e84-f3ebf856d060,78.36527,,,6.22176,,,,,,,677a001a-4aeb-4bee-826e-3fb235647512,2025-03-04,21:03:53.46,2025-03-04T16:03:53.4699008-05:00,2025-03-04T21:03:53.4699008Z,,v3,471300,471313,,"Pancione, Garrett",1000048493,Right,GEO_PAT,f8922c49-39c6-4123-8545-d96edc1b483d,54.02099,-114.07986,9.78315,5.99278,-1.39079,-11.63913,2.28878,-15.12139,2.83105,,,,,,,,,,,,,,,,,,,,,,,,,,,,,,,,,,,,,,,,,,,,,,,,,,,High,High,High,,,,,
225,2025-03-04,16:04:16.46,1,4,"Ament, Ryan",1000126783,Left,GEO_PAT,"Scanlon, Sean",809071,Left,HOL_CRU,Undefined,5,Top,0,2,1,Fastball,Changeup,BallCalled,Undefined,Undefined,Undefined,0,0,,81.20733,0.048998,4.838699,1544.114649,125.687277,10:15,6.04835,-2.29204,6.67886,-37.11297,4.04303,-3.91685,3.00059,1.81857,74.81634,-6.878892,4.12908,0.46173,,,,,,,,,,,,3.34823,2.53532,1.96906,50,6.03722,-9.8338,-117.77074,-0.93513,4.7212,21.53384,-28.59911,GEO_PAT,HOL_CRU,SpuhlerFieldMain,D1,A10,20250304-SpuhlerFieldMain-1,3bf3eb90-f93c-11ef-9e84-f3ebf856d060,81.63307,,,6.39099,,,,,,,677a001a-4aeb-4bee-826e-3fb235647512,2025-03-04,21:04:16.46,2025-03-04T16:04:16.4613120-05:00,2025-03-04T21:04:16.4613120Z,,v3,471300,471313,,"Pancione, Garrett",1000048493,Right,GEO_PAT,8bb6dd89-deff-4d6d-a49b-4d7612f9429b,53.82327,-118.46774,10.76692,6.05251,-0.00944,-14.29955,2.28983,-9.98661,2.3606,,,,,,,,,,,,,,,,,,,,,,,,,,,,,,,,,,,,,,,,,,,,,,,,,,,High,High,High,,,,,
226,2025-03-04,16:04:31.32,1,5,"Ament, Ryan",1000126783,Left,GEO_PAT,"Scanlon, Sean",809071,Left,HOL_CRU,Undefined,5,Top,0,3,1,Slider,Curveball,StrikeCalled,Undefined,Undefined,Undefined,0,0,,70.10438,2.740143,1.347708,1823.242131,295.900964,3:45,5.69285,-2.83215,5.53998,-60.43106,-3.07654,9.7393,3.22076,-0.76063,64.86149,-8.270418,3.083258,0.545074,,,,,,,,,,,,-4.5665,-1.76039,2.70857,50,5.89036,-2.73113,-101.78351,3.06232,-4.81696,15.84168,-34.03098,GEO_PAT,HOL_CRU,SpuhlerFieldMain,D1,A10,20250304-SpuhlerFieldMain-1,44dbe370-f93c-11ef-9e84-f3ebf856d060,69.15111,,,5.24289,,,,,,,677a001a-4aeb-4bee-826e-3fb235647512,2025-03-04,21:04:31.32,2025-03-04T16:04:31.3274368-05:00,2025-03-04T21:04:31.3274368Z,,v3,471300,471313,,"Pancione, Garrett",1000048493,Right,GEO_PAT,924fc151-8743-4d91-be18-20480f5b71a1,54.9649,-102.55334,7.92084,5.70137,4.71606,-17.01549,2.8356,-2.49705,-2.40848,,,,,,,,,,,,,,,,,,,,,,,,,,,,,,,,,,,,,,,,,,,,,,,,,,,High,High,High,,,,,
227,2025-03-04,16:04:46.13,1,6,"Ament, Ryan",1000126783,Left,GEO_PAT,"Scanlon, Sean",809071,Left,HOL_CRU,Undefined,5,Top,0,3,2,Slider,Curveball,HitByPitch,Walk,Undefined,Undefined,0,0,,70.70882,2.694593,-0.489742,1700.944542,294.262469,3:45,5.64342,-2.61588,5.48748,-58.17401,-1.87839,7.69792,3.3186,-2.4326,65.49215,-7.90266,0.881865,0.540019,,,,,,,,,,,,-4.06973,-1.31224,2.65317,50,5.83931,0.61909,-102.72345,3.09589,-4.38398,15.71748,-33.58763,GEO_PAT,HOL_CRU,SpuhlerFieldMain,D1,A10,20250304-SpuhlerFieldMain-1,4dbd2490-f93c-11ef-9e84-f3ebf856d060,69.79842,,,5.21668,,,,,,,677a001a-4aeb-4bee-826e-3fb235647512,2025-03-04,21:04:46.13,2025-03-04T16:04:46.1322240-05:00,2025-03-04T21:04:46.1322240Z,,v3,471300,471313,,"Pancione, Garrett",1000048493,Right,GEO_PAT,fcc2af05-18bc-4e85-8ec1-1e339c5792e7,55.01882,-103.48852,7.85874,5.64883,4.73081,-16.79382,2.61784,0.83249,-2.19199,,,,,,,,,,,,,,,,,,,,,,,,,,,,,,,,,,,,,,,,,,,,,,,,,,,High,High,High,,,,,
228,2025-03-04,16:05:23.67,2,1,"Ament, Ryan",1000126783,Left,GEO_PAT,"Baillargeon, Chris",809051,Right,HOL_CRU,Undefined,5,Top,0,0,0,Sinker,Changeup,BallCalled,Undefined,Undefined,Undefined,0,0,,84.7036,-1.82573,3.404205,1672.994688,102.545781,9:30,5.89636,-2.2718,6.69209,-34.12888,3.7628,-11.5128,1.37901,-0.11414,77.80852,-8.201919,1.307282,0.44304,,,,,,,,,,,,7.04626,2.87414,2.04878,50,5.76115,-6.90594,-122.97952,-4.91332,10.77103,24.81125,-27.78061,GEO_PAT,HOL_CRU,SpuhlerFieldMain,D1,A10,20250304-SpuhlerFieldMain-1,64188fe0-f93c-11ef-9e84-f3ebf856d060,85.07675,,,6.89507,,,,,,,677a001a-4aeb-4bee-826e-3fb235647512,2025-03-04,21:05:23.67,2025-03-04T16:05:23.6723712-05:00,2025-03-04T21:05:23.6723712Z,,v3,471300,471313,,"Pancione, Garrett",1000048493,Right,GEO_PAT,4bf383ce-de4a-4d28-9555-0a6d9328301d,53.81098,-123.74601,12.40563,5.89967,-4.05511,-13.89031,2.26726,-7.23868,5.38551,,,,,,,,,,,,,,,,,,,,,,,,,,,,,,,,,,,,,,,,,,,,,,,,,,,High,High,High,,,,,
229,2025-03-04,16:05:39.50,2,2,"Ament, Ryan",1000126783,Left,GEO_PAT,"Baillargeon, Chris",809051,Right,HOL_CRU,Undefined,5,Top,0,1,0,Fastball,Changeup,StrikeCalled,Undefined,Undefined,Undefined,0,0,,84.75543,0.409134,2.695057,1637.530241,101.571709,9:30,6.00147,-2.23467,6.33278,-34.48844,3.66114,-12.21898,3.5046,-0.76935,77.8185,-6.015441,0.485135,0.444546,,,,,,,,,,,,7.05741,2.17748,2.04336,50,6.01522,-5.32994,-123.15564,-0.1947,10.86872,23.83205,-28.82062,GEO_PAT,HOL_CRU,SpuhlerFieldMain,D1,A10,20250304-SpuhlerFieldMain-1,6d6fc450-f93c-11ef-9e84-f3ebf856d060,84.78869,,,6.93693,,,,,,,677a001a-4aeb-4bee-826e-3fb235647512,2025-03-04,21:05:39.50,2025-03-04T16:05:39.5060736-05:00,2025-03-04T21:05:39.5060736Z,,v3,471300,471313,,"Pancione, Garrett",1000048493,Right,GEO_PAT,1ab417dd-bc93-4c00-9454-82f489b6b524,54.16983,-123.95993,11.91602,6.00538,0.77794,-14.41031,2.22942,-5.69674,5.43436,,,,,,,,,,,,,,,,,,,,,,,,,,,,,,,,,,,,,,,,,,,,,,,,,,,High,High,High,,,,,
230,2025-03-04,16:05:55.48,2,3,"Ament, Ryan",1000126783,Left,GEO_PAT,"Baillargeon, Chris",809051,Right,HOL_CRU,Undefined,5,Top,0,1,1,Sinker,Changeup,BallCalled,Undefined,Undefined,Undefined,0,0,,84.3558,-0.923592,5.710197,1666.724525,118.517404,10:00,5.82273,-2.08261,6.90453,-31.32273,6.00075,-9.29418,2.36697,2.36138,78.81411,-6.771298,4.022151,0.439706,,,,,,,,,,,,6.34319,3.6326,1.72555,50,5.75269,-11.95428,-122.41563,-2.81526,9.81401,19.72773,-26.55381,GEO_PAT,HOL_CRU,SpuhlerFieldMain,D1,A10,20250304-SpuhlerFieldMain-1,7708e3c0-f93c-11ef-9e84-f3ebf856d060,85.72192,,,5.54169,,,,,,,677a001a-4aeb-4bee-826e-3fb235647512,2025-03-04,21:05:55.48,2025-03-04T16:05:55.4869248-05:00,2025-03-04T21:05:55.4869248Z,,v3,471300,471313,,"Pancione, Garrett",1000048493,Right,GEO_PAT,4207074b-f480-4c6d-8bbf-7b490618caa5,53.60271,-122.99485,9.86387,5.8239,-2.03562,-13.2769,2.08076,-12.24242,4.90701,,,,,,,,,,,,,,,,,,,,,,,,,,,,,,,,,,,,,,,,,,,,,,,,,,,High,High,High,,,,,
231,2025-03-04,16:06:13.45,2,4,"Ament, Ryan",1000126783,Left,GEO_PAT,"Baillargeon, Chris",809051,Right,HOL_CRU,Undefined,5,Top,0,2,1,Sinker,Changeup,FoulBallNotFieldable,Undefined,Undefined,Undefined,0,0,,83.67587,-0.495006,4.07213,1587.520052,112.915875,9:45,5.86836,-2.34627,6.74141,-33.00655,5.35,-10.08512,2.66436,0.54033,77.45663,-6.66983,2.238066,0.44575,84.49004,3.317746,76.842051,2133.921911,,,,86.68757,75.2846,79.288021,0.784975,6.37343,3.2863,2.08157,50,5.82291,-8.31101,-121.57635,-1.97435,9.63361,21.62956,-27.20673,GEO_PAT,HOL_CRU,SpuhlerFieldMain,D1,A10,20250304-SpuhlerFieldMain-1,81c610d0-f93c-11ef-9e84-f3ebf856d060,84.55964,3.33969,,6.21924,,,,-0.17267,2.39939,-0.67293,677a001a-4aeb-4bee-826e-3fb235647512,2025-03-04,21:06:13.45,2025-03-04T16:06:13.4535680-05:00,2025-03-04T21:06:13.4535680Z,GroundBall,v3,471300,471313,,"Pancione, Garrett",1000048493,Right,GEO_PAT,268dfef2-5637-41c3-af60-81d10d1ca8a0,53.76295,-122.24398,10.81478,5.87089,-1.13457,-13.60336,2.34269,-8.60837,4.8168,,-0.17267,28.16107,-10.76268,1.95225,-0.40594,0.08195,-0.01477,0.00252,-0.0003,2.39939,7.17157,-14.03097,1.42558,-0.23107,0.05848,-0.01186,0.00198,-0.00023,-0.67293,120.46296,-15.09331,1.38017,-0.22566,0.0285,-0.00312,0.00073,-0.00017,,,,,,,,,,,,,,,,,,,,,,,High,High,High,Medium,Medium,,,
232,2025-03-04,16:06:36.03,2,5,"Ament, Ryan",1000126783,Left,GEO_PAT,"Baillargeon, Chris",809051,Right,HOL_CRU,Undefined,5,Top,0,2,2,Sinker,Changeup,StrikeSwinging,Strikeout,Undefined,Undefined,0,0,,83.75917,-0.254238,3.338566,1658.708783,155.843265,11:15,5.89899,-2.28215,6.79469,-29.31009,9.4056,-3.65047,3.22403,0.46449,76.38088,-5.804153,2.673721,0.447832,,,,,,,,,,,,2.90185,5.4552,2.06652,50,5.87161,-6.96321,-121.60024,-1.32378,4.32144,25.04855,-24.05015,GEO_PAT,HOL_CRU,SpuhlerFieldMain,D1,A10,20250304-SpuhlerFieldMain-1,8f3edb70-f93c-11ef-9e84-f3ebf856d060,84.1665,,,7.37829,,,,,,,677a001a-4aeb-4bee-826e-3fb235647512,2025-03-04,21:06:36.03,2025-03-04T16:06:36.0373760-05:00,2025-03-04T21:06:36.0373760Z,,v3,471300,471313,,"Pancione, Garrett",1000048493,Right,GEO_PAT,7bab909f-f14b-4063-bcf1-767d1fb8d811,53.70549,-122.36116,12.52428,5.90073,-0.59319,-12.02507,2.28004,-7.09449,2.16072,,,,,,,,,,,,,,,,,,,,,,,,,,,,,,,,,,,,,,,,,,,,,,,,,,,High,High,High,,,,,
233,2025-03-04,16:07:03.90,3,1,"Ament, Ryan",1000126783,Left,GEO_PAT,"Cooney, Connor",809061,Left,HOL_CRU,Undefined,5,Top,1,0,0,Slider,Curveball,InPlay,Undefined,FlyBall,Out,1,0,,69.79503,1.569382,2.503796,1674.398612,308.15218,4:15,5.64882,-2.68951,6.14863,-60.16972,-3.59437,6.65622,2.08663,0.1803,64.8011,-9.484426,3.70373,0.541359,90.61887,36.45228,20.117372,4097.586095,102.9908,79.73962,38.63775,268.18103,223.25004,21.994728,5.42081,-2.82051,-1.93874,2.49522,50,5.73671,-4.63791,-101.44438,1.17863,-2.94883,16.08348,-34.20099,GEO_PAT,HOL_CRU,SpuhlerFieldMain,D1,A10,20250304-SpuhlerFieldMain-1,9fd9cda0-f93c-11ef-9e84-f3ebf856d060,69.62564,99.06773,,4.99393,,,,2.37084,1.01497,-0.10423,677a001a-4aeb-4bee-826e-3fb235647512,2025-03-04,21:07:03.90,2025-03-04T16:07:03.9060992-05:00,2025-03-04T21:07:03.9060992Z,FlyBall,v3,471300,471313,,"Pancione, Garrett",1000048493,Right,GEO_PAT,95f03843-a1b7-4030-b3d5-c29d25b2a1f9,54.35771,-102.13294,8.04174,5.65491,2.64282,-17.1005,2.69108,-4.51167,-1.47442,183.943415,2.37674,100.2653,-28.93257,7.82532,-1.48015,0.17558,-0.0097,-1E-05,1E-05,1.01152,79.02644,-16.35617,-0.55615,0.61006,-0.21343,0.04618,-0.00549,0.00026,-0.10223,36.73042,-9.0276,2.24545,-0.37674,0.03356,4E-05,-0.00023,1E-05,,,,,,,,,,,,,,,,,,,,,,,High,High,High,Medium,Medium,,,
234,2025-03-04,16:07:38.48,4,1,"Ament, Ryan",1000126783,Left,GEO_PAT,"Peek, Connor",809063,Right,HOL_CRU,Undefined,5,Top,2,0,0,Sinker,Changeup,StrikeCalled,Undefined,Undefined,Undefined,0,0,,83.92421,-0.296076,3.194519,1513.085783,142.337134,10:45,5.94672,-2.20109,6.81785,-29.58824,8.44091,-5.67008,3.21047,0.24404,77.48751,-5.867949,2.160905,0.443843,,,,,,,,,,,,3.81898,4.90685,1.99681,50,5.91661,-6.61426,-122.01818,-1.42951,5.80324,22.22264,-24.71763,GEO_PAT,HOL_CRU,SpuhlerFieldMain,D1,A10,20250304-SpuhlerFieldMain-1,b45ad3a0-f93c-11ef-9e84-f3ebf856d060,84.92284,,,6.4367,,,,,,,677a001a-4aeb-4bee-826e-3fb235647512,2025-03-04,21:07:38.48,2025-03-04T16:07:38.4875520-05:00,2025-03-04T21:07:38.4875520Z,,v3,471300,471313,,"Pancione, Garrett",1000048493,Right,GEO_PAT,671c45c9-dfbc-400b-9248-25ce84460d8d,53.68484,-122.68744,11.11132,5.94845,-0.6851,-12.35882,2.19865,-6.78904,2.90162,,,,,,,,,,,,,,,,,,,,,,,,,,,,,,,,,,,,,,,,,,,,,,,,,,,High,High,High,,,,,
235,2025-03-04,16:07:53.04,4,2,"Ament, Ryan",1000126783,Left,GEO_PAT,"Peek, Connor",809063,Right,HOL_CRU,Undefined,5,Top,2,0,1,ChangeUp,Slider,FoulBallNotFieldable,Undefined,Undefined,Undefined,0,0,,78.04474,-1.005167,3.975513,1095.109123,161.007627,11:15,5.67088,-2.4504,6.19656,-33.36041,11.97827,-3.64555,1.96052,0.92199,71.91681,-7.214316,3.319693,0.484625,100.48188,30.878261,-29.520384,2648.212017,91.41092,59.94779,-61.18803,359.8525,234.85338,-46.160328,5.018863,2.97988,6.8878,2.15251,50,5.578,-7.74385,-113.2184,-2.91881,3.87974,20.07676,-23.20626,GEO_PAT,HOL_CRU,SpuhlerFieldMain,D1,A10,20250304-SpuhlerFieldMain-1,bd21fd10-f93c-11ef-9e84-f3ebf856d060,77.77649,85.60093,,6.12793,,,,3.24625,1.80364,-0.00592,677a001a-4aeb-4bee-826e-3fb235647512,2025-03-04,21:07:53.04,2025-03-04T16:07:53.0454016-05:00,2025-03-04T21:07:53.0454016Z,FlyBall,v3,471300,471313,,"Pancione, Garrett",1000048493,Right,GEO_PAT,1ec1e5a2-1d91-4c26-ac3e-6a726c977601,54.30669,-113.97954,10.03838,5.67198,-2.03903,-11.60313,2.44887,-7.89094,1.93987,138.508093,3.24811,110.03105,-28.91779,7.27717,-1.58815,0.32239,-0.06098,0.00794,-0.00045,1.80536,75.59205,-18.90078,0.66008,0.3013,-0.19334,0.05439,-0.00723,0.00036,-0.00638,-62.31635,1.44512,0.91306,-0.38173,0.0861,-0.01142,0.00065,0,,,,,,,,,,,,,,,,,,,,,,,High,High,High,Medium,Medium,,,
236,2025-03-04,16:08:35.12,4,3,"Ament, Ryan",1000126783,Left,GEO_PAT,"Peek, Connor",809063,Right,HOL_CRU,Undefined,5,Top,2,0,2,Sinker,Changeup,BallCalled,Undefined,Undefined,Undefined,0,0,,84.10001,0.842548,1.120236,1598.059448,138.247396,10:30,5.97692,-2.20992,6.59348,-27.1421,11.55217,-9.16174,4.48731,-1.9468,76.33861,-4.316983,-0.545657,0.447708,,,,,,,,,,,,5.11611,6.20713,2.13659,50,6.02323,-2.04845,-122.19756,1.05942,7.6745,25.86073,-22.86293,GEO_PAT,HOL_CRU,SpuhlerFieldMain,D1,A10,20250304-SpuhlerFieldMain-1,d61ddcd0-f93c-11ef-9e84-f3ebf856d060,84.18981,,,7.76139,,,,,,,677a001a-4aeb-4bee-826e-3fb235647512,2025-03-04,21:08:35.12,2025-03-04T16:08:35.1267328-05:00,2025-03-04T21:08:35.1267328Z,,v3,471300,471313,,"Pancione, Garrett",1000048493,Right,GEO_PAT,5f608e89-e0a3-474f-a3a3-63b6e011a9d4,53.90628,-123.02147,12.93036,5.97787,1.78782,-11.43146,2.20575,-2.29296,3.83725,,,,,,,,,,,,,,,,,,,,,,,,,,,,,,,,,,,,,,,,,,,,,,,,,,,High,High,High,,,,,
237,2025-03-04,16:08:58.14,4,4,"Ament, Ryan",1000126783,Left,GEO_PAT,"Peek, Connor",809063,Right,HOL_CRU,Undefined,5,Top,2,1,2,Fastball,Changeup,BallCalled,Undefined,Undefined,Undefined,0,0,,85.33847,-0.178401,2.518581,1504.661756,149.167172,11:00,6.01744,-2.15767,6.75592,-27.08293,9.6591,-5.1513,3.59741,-0.28484,78.90931,-5.282842,1.579851,0.436268,,,,,,,,,,,,3.34756,5.49028,1.99426,50,5.99523,-5.27894,-124.15903,-1.12919,5.28023,22.41852,-23.51402,GEO_PAT,HOL_CRU,SpuhlerFieldMain,D1,A10,20250304-SpuhlerFieldMain-1,e3d29f00-f93c-11ef-9e84-f3ebf856d060,86.39753,,,6.42916,,,,,,,677a001a-4aeb-4bee-826e-3fb235647512,2025-03-04,21:08:58.14,2025-03-04T16:08:58.1458944-05:00,2025-03-04T21:08:58.1458944Z,,v3,471300,471313,,"Pancione, Garrett",1000048493,Right,GEO_PAT,afebe8cc-5d06-4030-9df3-38d24c0c46f9,53.74688,-124.83375,11.20926,6.01856,-0.42151,-11.75701,2.15553,-5.43786,2.64012,,,,,,,,,,,,,,,,,,,,,,,,,,,,,,,,,,,,,,,,,,,,,,,,,,,High,High,High,,,,,
238,2025-03-04,16:09:18.59,4,5,"Ament, Ryan",1000126783,Left,GEO_PAT,"Peek, Connor",809063,Right,HOL_CRU,Undefined,5,Top,2,2,2,Slider,Curveball,StrikeCalled,Strikeout,Undefined,Undefined,0,0,,72.22372,1.686905,0.813785,1698.907903,291.207333,3:45,5.64823,-2.62126,5.88609,-54.93137,-1.11685,7.35756,2.63776,-1.25236,66.17958,-8.424886,2.135196,0.527985,,,,,,,,,,,,-3.52024,-0.53386,2.55134,50,5.75289,-1.74312,-104.87202,1.48698,-3.89722,18.71403,-32.76507,GEO_PAT,HOL_CRU,SpuhlerFieldMain,D1,A10,20250304-SpuhlerFieldMain-1,f0105190-f93c-11ef-9e84-f3ebf856d060,71.38928,,,6.04414,,,,,,,677a001a-4aeb-4bee-826e-3fb235647512,2025-03-04,21:09:18.59,2025-03-04T16:09:18.5920000-05:00,2025-03-04T21:09:18.5920000Z,,v3,471300,471313,,"Pancione, Garrett",1000048493,Right,GEO_PAT,0b924479-9121-450b-9b55-d25e239f8520,54.61663,-105.69263,9.35701,5.65618,2.92372,-16.38253,2.62403,-1.57223,-1.94861,,,,,,,,,,,,,,,,,,,,,,,,,,,,,,,,,,,,,,,,,,,,,,,,,,,High,High,High,,,,,
239,2025-03-04,16:11:57.68,1,1,"Dowdle, Colin",824039,Right,HOL_CRU,"Hull, Owen",10054797,Left,GEO_PAT,Undefined,5,Bottom,0,0,0,Fastball,Changeup,StrikeSwinging,Undefined,Undefined,Undefined,0,0,,84.78222,-1.789322,-3.947993,1977.20405,253.009387,2:30,5.73901,2.41977,5.19139,-33.00096,7.12272,19.01781,1.30105,0.28456,77.62174,-7.811884,-0.583549,0.455902,,,,,,,,,,,,-10.69886,4.41382,-2.06816,50,5.54743,7.66163,-122.75385,-5.04161,-16.30029,24.63953,-25.44939,GEO_PAT,HOL_CRU,SpuhlerFieldMain,D1,A10,20250304-SpuhlerFieldMain-1,4ef33e20-f93d-11ef-9e84-f3ebf856d060,82.6766,,,7.16048,,,,,,,677a001a-4aeb-4bee-826e-3fb235647512,2025-03-04,21:11:57.68,2025-03-04T16:11:57.6824832-05:00,2025-03-04T21:11:57.6824832Z,,v3,471300,471313,,"Brown, Colin",1000242461,Right,HOL_CRU,ee847af9-1219-456e-9ba9-9ead84a245eb,55.31281,-123.81565,12.31977,5.74107,-3.9449,-12.72469,-2.41346,8.36407,-8.15014,,,,,,,,,,,,,,,,,,,,,,,,,,,,,,,,,,,,,,,,,,,,,,,,,,,High,High,High,,,,,
240,2025-03-04,16:12:16.20,1,2,"Dowdle, Colin",824039,Right,HOL_CRU,"Hull, Owen",10054797,Left,GEO_PAT,Undefined,5,Bottom,0,0,1,Sinker,Changeup,StrikeCalled,Undefined,Undefined,Undefined,0,0,,86.00943,-2.046755,-4.640255,2029.969128,233.943112,1:45,5.86736,2.41917,5.24978,-26.88844,11.79111,14.57296,1.69608,-0.73664,79.20484,-6.9761,-2.065859,0.447623,,,,,,,,,,,,-8.54634,6.77603,-2.00375,50,5.6589,9.48095,-124.49311,-5.41964,-13.50942,23.30197,-21.46299,GEO_PAT,HOL_CRU,SpuhlerFieldMain,D1,A10,20250304-SpuhlerFieldMain-1,59fae1b0-f93d-11ef-9e84-f3ebf856d060,84.2058,,,6.8046,,,,,,,677a001a-4aeb-4bee-826e-3fb235647512,2025-03-04,21:12:16.20,2025-03-04T16:12:16.2080768-05:00,2025-03-04T21:12:16.2080768Z,,v3,471300,471313,,"Brown, Colin",1000242461,Right,HOL_CRU,a26374d1-8811-4f9b-af82-c1b8301a8c44,55.25426,-125.47273,11.65098,5.86778,-4.51734,-10.73149,-2.41427,10.04888,-6.75471,,,,,,,,,,,,,,,,,,,,,,,,,,,,,,,,,,,,,,,,,,,,,,,,,,,High,High,High,,,,,
241,2025-03-04,16:12:33.01,1,3,"Dowdle, Colin",824039,Right,HOL_CRU,"Hull, Owen",10054797,Left,GEO_PAT,Undefined,5,Bottom,0,0,2,Slider,Curveball,BallCalled,Undefined,Undefined,Undefined,0,0,,77.47688,-1.836874,-2.988401,1985.025423,47.907631,7:30,5.68884,2.59515,4.82083,-51.03373,-3.74701,-5.30174,-0.30689,-0.67994,73.75823,-10.858903,-3.922298,0.494927,,,,,,,,,,,,2.08126,-1.34476,-2.29323,50,5.46079,6.08186,-112.6135,-5.44962,2.74771,15.06095,-33.94939,GEO_PAT,HOL_CRU,SpuhlerFieldMain,D1,A10,20250304-SpuhlerFieldMain-1,6403b2e0-f93d-11ef-9e84-f3ebf856d060,76.15758,,,3.71865,,,,,,,677a001a-4aeb-4bee-826e-3fb235647512,2025-03-04,21:12:33.01,2025-03-04T16:12:33.0109952-05:00,2025-03-04T21:12:33.0109952Z,,v3,471300,471313,,"Brown, Colin",1000242461,Right,HOL_CRU,06eaeebc-0b98-45c4-8b81-de1375c63f86,55.68757,-113.3716,7.53048,5.6921,-3.74075,-16.9747,-2.59589,5.94356,1.37386,,,,,,,,,,,,,,,,,,,,,,,,,,,,,,,,,,,,,,,,,,,,,,,,,,,High,High,High,,,,,
242,2025-03-04,16:12:51.95,1,4,"Dowdle, Colin",824039,Right,HOL_CRU,"Hull, Owen",10054797,Left,GEO_PAT,Undefined,5,Bottom,0,1,2,Slider,Curveball,BallCalled,Undefined,Undefined,Undefined,0,0,,78.31328,3.387793,-1.689442,2025.403064,95.763417,9:15,5.66449,2.50836,4.98689,-44.2629,2.39004,-11.45068,5.18025,-0.04173,72.47952,-4.622917,-3.705077,0.491599,,,,,,,,,,,,5.27449,0.76098,-2.33563,50,5.95523,3.81809,-113.59114,5.15313,6.99204,17.9606,-31.16524,GEO_PAT,HOL_CRU,SpuhlerFieldMain,D1,A10,20250304-SpuhlerFieldMain-1,6f36fa50-f93d-11ef-9e84-f3ebf856d060,76.67314,,,5.83376,,,,,,,677a001a-4aeb-4bee-826e-3fb235647512,2025-03-04,21:12:51.95,2025-03-04T16:12:51.9511040-05:00,2025-03-04T21:12:51.9511040Z,,v3,471300,471313,,"Brown, Colin",1000242461,Right,HOL_CRU,9f04604c-7b09-499c-836c-ed106e8a8cb5,55.51734,-114.46019,8.9803,5.6694,6.66112,-15.58262,-2.51219,3.47977,3.49602,,,,,,,,,,,,,,,,,,,,,,,,,,,,,,,,,,,,,,,,,,,,,,,,,,,High,High,High,,,,,
243,2025-03-04,16:13:13.93,1,5,"Dowdle, Colin",824039,Right,HOL_CRU,"Hull, Owen",10054797,Left,GEO_PAT,Undefined,5,Bottom,0,2,2,Fastball,Changeup,BallCalled,Undefined,Undefined,Undefined,0,0,,86.4038,0.517217,-3.42353,2083.054487,245.276236,2:15,5.77743,2.31538,5.02204,-29.95513,7.99603,15.28154,3.77016,0.35413,80.49593,-4.920252,-0.730618,0.443388,,,,,,,,,,,,-8.33642,4.15681,-2.00006,50,5.80277,6.82869,-125.48712,-0.00867,-13.59701,19.94404,-25.39413,GEO_PAT,HOL_CRU,SpuhlerFieldMain,D1,A10,20250304-SpuhlerFieldMain-1,7c4df5e0-f93d-11ef-9e84-f3ebf856d060,85.01004,,,5.90787,,,,,,,677a001a-4aeb-4bee-826e-3fb235647512,2025-03-04,21:13:13.93,2025-03-04T16:13:13.9307008-05:00,2025-03-04T21:13:13.9307008Z,,v3,471300,471313,,"Brown, Colin",1000242461,Right,HOL_CRU,5b319f5f-1530-4917-9060-8380ac73ba52,55.4831,-126.35556,9.97202,5.77907,1.09709,-12.69706,-2.31029,7.42075,-6.7985,,,,,,,,,,,,,,,,,,,,,,,,,,,,,,,,,,,,,,,,,,,,,,,,,,,High,High,High,,,,,
244,2025-03-04,16:13:35.06,1,6,"Dowdle, Colin",824039,Right,HOL_CRU,"Hull, Owen",10054797,Left,GEO_PAT,Undefined,5,Bottom,0,3,2,Fastball,Changeup,BallCalled,Walk,Undefined,Undefined,0,0,,84.85331,0.846314,-2.608226,2041.573696,244.357271,2:15,5.5733,2.42493,5.24588,-32.10809,7.16107,12.67764,3.69389,1.02846,78.52818,-5.018178,-0.362651,0.451022,,,,,,,,,,,,-6.95689,3.71701,-2.19494,50,5.62719,5.06821,-123.23581,0.65218,-10.85569,21.12153,-26.37393,GEO_PAT,HOL_CRU,SpuhlerFieldMain,D1,A10,20250304-SpuhlerFieldMain-1,88e699b0-f93d-11ef-9e84-f3ebf856d060,83.57125,,,6.32513,,,,,,,677a001a-4aeb-4bee-826e-3fb235647512,2025-03-04,21:13:35.06,2025-03-04T16:13:35.0691840-05:00,2025-03-04T21:13:35.0691840Z,,v3,471300,471313,,"Brown, Colin",1000242461,Right,HOL_CRU,5515cc3b-a12f-4e9d-8a68-1ec1ee6c9fd5,55.25784,-124.13369,10.56077,5.57564,1.77334,-13.18696,-2.4202,5.52968,-5.42784,,,,,,,,,,,,,,,,,,,,,,,,,,,,,,,,,,,,,,,,,,,,,,,,,,,High,High,High,,,,,
245,2025-03-04,16:14:07.37,2,1,"Dowdle, Colin",824039,Right,HOL_CRU,"Quinn-Irons, Jaime",1000216379,Right,GEO_PAT,Undefined,5,Bottom,0,0,0,Slider,Curveball,BallCalled,Undefined,Undefined,Undefined,0,0,,76.54085,-0.163983,-3.573588,1979.951989,122.605596,10:00,5.63808,2.40483,4.73343,-42.96628,6.37902,-7.88126,1.90168,-1.64682,71.33102,-7.866774,-4.953387,0.505585,,,,,,,,,,,,3.03126,3.57925,-2.03667,50,5.58329,7.2499,-110.97922,-1.8435,3.83226,17.31327,-27.649,GEO_PAT,HOL_CRU,SpuhlerFieldMain,D1,A10,20250304-SpuhlerFieldMain-1,9c31b7c0-f93d-11ef-9e84-f3ebf856d060,74.55211,,,5.20983,,,,,,,677a001a-4aeb-4bee-826e-3fb235647512,2025-03-04,21:14:07.37,2025-03-04T16:14:07.3755648-05:00,2025-03-04T21:14:07.3755648Z,,v3,471300,471313,,"Brown, Colin",1000242461,Right,HOL_CRU,1855ee10-6257-477f-aabb-c589edaabefe,55.77005,-111.87575,8.65663,5.64168,-0.41176,-13.8245,-2.40696,7.05145,1.91613,,,,,,,,,,,,,,,,,,,,,,,,,,,,,,,,,,,,,,,,,,,,,,,,,,,High,High,High,,,,,
246,2025-03-04,16:14:22.95,2,2,"Dowdle, Colin",824039,Right,HOL_CRU,"Quinn-Irons, Jaime",1000216379,Right,GEO_PAT,Undefined,5,Bottom,0,1,0,Fastball,Changeup,InPlay,Undefined,LineDrive,Double,0,1,,84.55749,-0.593498,-3.953463,2035.889764,239.114238,2:00,5.68949,2.39657,5.07013,-28.86076,11.3441,16.91725,2.72347,0.07277,77.69758,-5.87871,-0.971216,0.456363,98.5487,5.724973,31.664536,5180.024187,86.46042,4.20333,68.00419,140.26959,140.26959,40.018944,1.199551,-9.46745,6.15012,-2.03486,50,5.61033,7.73261,-122.52846,-2.31435,-14.48855,22.70277,-22.76218,GEO_PAT,HOL_CRU,SpuhlerFieldMain,D1,A10,20250304-SpuhlerFieldMain-1,a5898870-f93d-11ef-9e84-f3ebf856d060,82.59307,6.18651,,6.85991,,,,0.30996,2.57543,0.02881,677a001a-4aeb-4bee-826e-3fb235647512,2025-03-04,21:14:22.95,2025-03-04T16:14:22.9582336-05:00,2025-03-04T21:14:22.9582336Z,GroundBall,v3,471300,471313,,"Brown, Colin",1000242461,Right,HOL_CRU,91464358-2fae-418e-8a8e-847ca6139fcc,55.4335,-123.53111,11.35138,5.69035,-1.30908,-11.38109,-2.3905,8.37248,-7.24428,257.874884,0.77233,117.00234,-23.69518,,,,,,,2.63609,13.73079,-13.31759,,,,,,,-0.11253,77.23864,-1.55178,,,,,,,,,,,,,,,,,,,,,,,,,,,,,High,High,High,High,High,,,
247,2025-03-04,16:15:22.27,3,1,"Dowdle, Colin",824039,Right,HOL_CRU,"Butler, Jake",1000176047,Right,GEO_PAT,Undefined,5,Bottom,0,0,0,Fastball,Changeup,BallCalled,Undefined,Undefined,Undefined,0,0,,84.87806,-1.868608,-2.579078,1941.554338,241.559677,2:00,5.74014,2.41975,5.28296,-30.44856,9.53363,15.10438,1.44543,1.25463,77.40322,-7.461632,0.101892,0.455098,,,,,,,,,,,,-8.37193,5.70985,-2.19604,50,5.54732,4.89467,-122.98114,-5.09254,-12.74279,25.78892,-23.48314,GEO_PAT,HOL_CRU,SpuhlerFieldMain,D1,A10,20250304-SpuhlerFieldMain-1,c8e2e910-f93d-11ef-9e84-f3ebf856d060,82.82272,,,7.47484,,,,,,,677a001a-4aeb-4bee-826e-3fb235647512,2025-03-04,21:15:22.27,2025-03-04T16:15:22.2721024-05:00,2025-03-04T21:15:22.2721024Z,,v3,471300,471313,,"Brown, Colin",1000242461,Right,HOL_CRU,b46eb8cc-b70f-42a6-85c0-60e8b9d0de2e,55.2195,-124.07083,12.89446,5.74154,-4.10027,-11.74157,-2.41423,5.4331,-6.37139,,,,,,,,,,,,,,,,,,,,,,,,,,,,,,,,,,,,,,,,,,,,,,,,,,,High,High,High,,,,,
248,2025-03-04,16:15:39.21,3,2,"Dowdle, Colin",824039,Right,HOL_CRU,"Butler, Jake",1000176047,Right,GEO_PAT,Undefined,5,Bottom,0,1,0,Sinker,Changeup,FoulBallNotFieldable,Undefined,Undefined,Undefined,0,0,,84.73862,-0.930059,-3.080848,2032.417142,241.852612,2:00,5.63615,2.45453,5.08815,-29.42112,11.0756,18.08084,2.30639,1.05455,76.92005,-6.345941,0.113183,0.458017,90.78995,3.919974,-68.318583,3572.761018,,,,61.79617,61.79617,-68.272692,0.492008,-9.99997,6.17414,-2.178,50,5.52524,5.81937,-122.71792,-3.04838,-15.12119,26.19218,-22.83797,GEO_PAT,HOL_CRU,SpuhlerFieldMain,D1,A10,20250304-SpuhlerFieldMain-1,d2fa8750-f93d-11ef-9e84-f3ebf856d060,82.29488,3.36053,,7.81856,,,,2.73166,2.70956,-1.05882,677a001a-4aeb-4bee-826e-3fb235647512,2025-03-04,21:15:39.21,2025-03-04T16:15:39.2106496-05:00,2025-03-04T21:15:39.2106496Z,GroundBall,v3,471300,471313,,"Brown, Colin",1000242461,Right,HOL_CRU,06d4bae6-1533-485e-8c55-c7f0c9155a69,55.41463,-123.86819,13.09609,5.63709,-2.04541,-11.41898,-2.44815,6.48345,-7.56059,,2.73166,49.07966,-18.9871,5.66287,-1.56096,0.40211,-0.10101,0.02678,-0.00558,2.70956,9.10312,-32.71491,6.9358,-1.83522,0.48537,-0.12201,0.03124,-0.00602,-1.05882,-123.44826,18.60205,-0.81998,-0.36309,0.25935,-0.09806,0.02889,-0.00531,,,,,,,,,,,,,,,,,,,,,,,High,High,High,Medium,High,,,
249,2025-03-04,16:16:01.75,3,3,"Dowdle, Colin",824039,Right,HOL_CRU,"Butler, Jake",1000176047,Right,GEO_PAT,Undefined,5,Bottom,0,1,1,Slider,Curveball,BallCalled,Undefined,Undefined,Undefined,0,0,,76.37739,-0.028007,-3.371521,2013.844416,92.958434,9:00,5.64113,2.44437,4.95553,-47.40188,1.67705,-7.138,1.66447,-1.33984,71.33193,-8.533252,-4.627779,0.504219,,,,,,,,,,,,2.76236,1.19012,-2.11089,50,5.59885,6.80732,-110.83705,-1.70141,3.48389,17.24071,-30.67306,GEO_PAT,HOL_CRU,SpuhlerFieldMain,D1,A10,20250304-SpuhlerFieldMain-1,e07526b0-f93d-11ef-9e84-f3ebf856d060,74.75415,,,5.04546,,,,,,,677a001a-4aeb-4bee-826e-3fb235647512,2025-03-04,21:16:01.75,2025-03-04T16:16:01.7543680-05:00,2025-03-04T21:16:01.7543680Z,,v3,471300,471313,,"Brown, Colin",1000242461,Right,HOL_CRU,801d59a2-4997-4945-b29a-16b9a06a5a73,55.54959,-111.69695,8.62036,5.64555,-0.17155,-15.33653,-2.44608,6.63356,1.74194,,,,,,,,,,,,,,,,,,,,,,,,,,,,,,,,,,,,,,,,,,,,,,,,,,,High,High,High,,,,,
250,2025-03-04,16:16:18.81,3,4,"Dowdle, Colin",824039,Right,HOL_CRU,"Butler, Jake",1000176047,Right,GEO_PAT,Undefined,5,Bottom,0,2,1,Slider,Curveball,BallCalled,Undefined,Undefined,Undefined,0,0,,76.78146,2.336114,-2.931912,2070.024093,97.984164,9:15,5.59729,2.44,4.95507,-46.4555,1.90051,-4.86862,3.93749,-0.73848,71.57723,-6.034494,-3.787907,0.500491,,,,,,,,,,,,1.76945,0.77331,-2.15124,50,5.78539,5.89964,-111.43102,2.92427,2.26849,16.33621,-31.18267,GEO_PAT,HOL_CRU,SpuhlerFieldMain,D1,A10,20250304-SpuhlerFieldMain-1,ea883110-f93d-11ef-9e84-f3ebf856d060,75.31085,,,5.20423,,,,,,,677a001a-4aeb-4bee-826e-3fb235647512,2025-03-04,21:16:18.81,2025-03-04T16:16:18.8198912-05:00,2025-03-04T21:16:18.8198912Z,,v3,471300,471313,,"Brown, Colin",1000242461,Right,HOL_CRU,e31bb15d-4f30-4524-8bf5-394085d69c82,55.54991,-112.24171,8.16811,5.60188,4.47171,-15.59133,-2.44122,5.78706,1.13425,,,,,,,,,,,,,,,,,,,,,,,,,,,,,,,,,,,,,,,,,,,,,,,,,,,High,High,High,,,,,
251,2025-03-04,16:16:38.06,3,5,"Dowdle, Colin",824039,Right,HOL_CRU,"Butler, Jake",1000176047,Right,GEO_PAT,Undefined,5,Bottom,0,3,1,Fastball,Curveball,BallCalled,Walk,Undefined,Undefined,0,0,,76.17221,-0.494061,-3.630198,1941.936099,88.985155,9:00,5.53611,2.5299,4.98106,-48.09148,1.24831,-4.40154,1.06093,-1.26998,71.19169,-9.114266,-4.405321,0.505557,,,,,,,,,,,,1.33402,1.08358,-2.1753,50,5.44849,7.18066,-110.50686,-2.61585,1.67185,17.20326,-30.81607,GEO_PAT,HOL_CRU,SpuhlerFieldMain,D1,A10,20250304-SpuhlerFieldMain-1,f615a670-f93d-11ef-9e84-f3ebf856d060,74.55629,,,4.98052,,,,,,,677a001a-4aeb-4bee-826e-3fb235647512,2025-03-04,21:16:38.06,2025-03-04T16:16:38.0640768-05:00,2025-03-04T21:16:38.0640768Z,,v3,471300,471313,,"Brown, Colin",1000242461,Right,HOL_CRU,fa90ef2e-c9c8-4f51-9fc8-6341c80c17b5,55.52417,-111.36351,8.60163,5.54054,-1.08133,-15.40804,-2.5308,7.09741,0.83593,,,,,,,,,,,,,,,,,,,,,,,,,,,,,,,,,,,,,,,,,,,,,,,,,,,High,High,High,,,,,
252,2025-03-04,16:17:10.96,4,1,"Dowdle, Colin",824039,Right,HOL_CRU,"Pancione, Garrett",1000048493,Right,GEO_PAT,Undefined,5,Bottom,0,0,0,Fastball,Changeup,BallCalled,Undefined,Undefined,Undefined,0,0,,85.2517,-2.054177,-4.407517,1940.557574,247.041368,2:15,5.65471,2.32147,5.22448,-30.74049,8.58804,17.48615,1.15513,-0.37344,78.70669,-7.656086,-1.315855,0.451362,,,,,,,,,,,,-9.98174,5.14126,-1.92817,50,5.44142,8.78296,-123.47328,-5.55201,-15.53582,22.69924,-24.17209,GEO_PAT,HOL_CRU,SpuhlerFieldMain,D1,A10,20250304-SpuhlerFieldMain-1,09af32a0-f93e-11ef-9e84-f3ebf856d060,83.5082,,,6.54501,,,,,,,677a001a-4aeb-4bee-826e-3fb235647512,2025-03-04,21:17:10.96,2025-03-04T16:17:10.9694976-05:00,2025-03-04T21:17:10.9694976Z,,v3,471300,471313,,"Brown, Colin",1000242461,Right,HOL_CRU,325efce3-bbca-470f-8428-dbef7ffc71dc,55.28085,-124.44032,11.34962,5.65601,-4.52222,-12.08605,-2.31644,9.44482,-7.76791,,,,,,,,,,,,,,,,,,,,,,,,,,,,,,,,,,,,,,,,,,,,,,,,,,,High,High,High,,,,,
253,2025-03-04,16:17:26.64,4,2,"Dowdle, Colin",824039,Right,HOL_CRU,"Pancione, Garrett",1000048493,Right,GEO_PAT,Undefined,5,Bottom,0,1,0,Fastball,Changeup,StrikeCalled,Undefined,Undefined,Undefined,0,0,,85.53772,-1.650221,-4.958645,1987.24887,239.862021,2:00,5.58992,2.3194,5.30878,-27.71706,11.61012,17.76359,1.72483,-0.86673,78.12686,-6.756597,-1.818785,0.451354,,,,,,,,,,,,-10.27524,6.65973,-1.88158,50,5.41962,9.95764,-123.67987,-4.5466,-15.91211,24.7202,-21.86086,GEO_PAT,HOL_CRU,SpuhlerFieldMain,D1,A10,20250304-SpuhlerFieldMain-1,130a37a0-f93e-11ef-9e84-f3ebf856d060,83.50962,,,7.41086,,,,,,,677a001a-4aeb-4bee-826e-3fb235647512,2025-03-04,21:17:26.64,2025-03-04T16:17:26.6416640-05:00,2025-03-04T21:17:26.6416640Z,,v3,471300,471313,,"Brown, Colin",1000242461,Right,HOL_CRU,32ecc075-ba35-4879-894b-f5734b1af016,55.19352,-124.71359,12.3601,5.59063,-3.63245,-10.93043,-2.31189,10.62304,-7.95606,,,,,,,,,,,,,,,,,,,,,,,,,,,,,,,,,,,,,,,,,,,,,,,,,,,High,High,High,,,,,
254,2025-03-04,16:17:45.32,4,3,"Dowdle, Colin",824039,Right,HOL_CRU,"Pancione, Garrett",1000048493,Right,GEO_PAT,Undefined,5,Bottom,0,1,1,Fastball,Changeup,FoulBallNotFieldable,Undefined,Undefined,Undefined,0,0,,85.2425,-0.47528,-4.168583,2013.63048,246.217379,2:15,5.57119,2.36843,5.29177,-29.11187,10.53658,20.87568,2.69772,0.18678,77.51221,-5.849331,-0.4736,0.453194,76.50202,-10.166927,-65.713405,,,,,19.67586,19.67586,-57.797791,0.160087,-11.74883,5.78693,-2.0044,50,5.50672,8.10209,-123.41361,-2.04805,-18.03466,25.64229,-23.291,GEO_PAT,HOL_CRU,SpuhlerFieldMain,D1,A10,20250304-SpuhlerFieldMain-1,1e2c8f20-f93e-11ef-9e84-f3ebf856d060,83.17059,3.18163,,7.73029,,,,3.18833,3.18163,-0.47778,677a001a-4aeb-4bee-826e-3fb235647512,2025-03-04,21:17:45.32,2025-03-04T16:17:45.3208576-05:00,2025-03-04T21:17:45.3208576Z,GroundBall,v3,471300,471313,,"Brown, Colin",1000242461,Right,HOL_CRU,7af50276-a7b6-43d5-9614-0915cf00e1be,55.21179,-124.49178,12.82115,5.57225,-1.06874,-11.6455,-2.361,8.86038,-9.01733,180,3.18427,45.58229,,,,,,,,3.18341,-19.87446,,,,,,,,-0.46877,-101.01659,,,,,,,,,,,,,,,,,,,,,,,,,,,,,,High,High,High,Medium,Low,,,
255,2025-03-04,16:18:07.01,4,4,"Dowdle, Colin",824039,Right,HOL_CRU,"Pancione, Garrett",1000048493,Right,GEO_PAT,Undefined,5,Bottom,0,1,2,Slider,Curveball,BallCalled,Undefined,Undefined,Undefined,0,0,,77.13067,3.058463,-1.697033,2030.196556,139.44292,10:45,5.68818,2.41865,4.92288,-40.75479,7.66004,-5.38689,5.18761,0.36481,70.99891,-4.350159,-2.644484,0.500796,,,,,,,,,,,,2.23681,3.43685,-2.24839,50,5.95295,3.53216,-111.80769,4.56539,2.86021,18.24429,-27.77941,GEO_PAT,HOL_CRU,SpuhlerFieldMain,D1,A10,20250304-SpuhlerFieldMain-1,2b034d60-f93e-11ef-9e84-f3ebf856d060,75.26511,,,6.13176,,,,,,,677a001a-4aeb-4bee-826e-3fb235647512,2025-03-04,21:18:07.01,2025-03-04T16:18:07.0119424-05:00,2025-03-04T21:18:07.0119424Z,,v3,471300,471313,,"Brown, Colin",1000242461,Right,HOL_CRU,9fced1dc-fad5-4f8e-9ab2-4c84cc4f7831,55.57925,-112.71442,9.12214,5.69175,5.946,-13.8897,-2.4204,3.39001,1.43011,,,,,,,,,,,,,,,,,,,,,,,,,,,,,,,,,,,,,,,,,,,,,,,,,,,High,High,High,,,,,
256,2025-03-04,16:18:24.53,4,5,"Dowdle, Colin",824039,Right,HOL_CRU,"Pancione, Garrett",1000048493,Right,GEO_PAT,Undefined,5,Bottom,0,2,2,Slider,Curveball,StrikeCalled,Strikeout,Undefined,Undefined,0,0,,76.23643,-0.054179,-2.252255,2036.500143,90.539462,9:00,5.47691,2.51014,4.80135,-47.91302,1.35228,-10.57316,1.43278,-0.50624,71.48652,-8.620478,-4.111354,0.505175,,,,,,,,,,,,4.75803,0.9963,-2.27581,50,5.42927,4.771,-110.77477,-1.80125,6.01712,16.49695,-30.91411,GEO_PAT,HOL_CRU,SpuhlerFieldMain,D1,A10,20250304-SpuhlerFieldMain-1,35923e80-f93e-11ef-9e84-f3ebf856d060,74.61262,,,4.74991,,,,,,,677a001a-4aeb-4bee-826e-3fb235647512,2025-03-04,21:18:24.53,2025-03-04T16:18:24.5366784-05:00,2025-03-04T21:18:24.5366784Z,,v3,471300,471313,,"Brown, Colin",1000242461,Right,HOL_CRU,0949964a-9eb4-4dbe-91f8-c592e3c819e1,55.70471,-111.6211,8.24847,5.48099,-0.21529,-15.45705,-2.51266,4.46231,3.00856,,,,,,,,,,,,,,,,,,,,,,,,,,,,,,,,,,,,,,,,,,,,,,,,,,,High,High,High,,,,,
257,2025-03-04,16:18:54.04,5,1,"Dowdle, Colin",824039,Right,HOL_CRU,"Clyne, Owen",1000230336,Left,GEO_PAT,Undefined,5,Bottom,1,0,0,Fastball,Changeup,FoulBallNotFieldable,Undefined,Undefined,Undefined,0,0,,86.48011,-1.724309,-4.592963,2076.3121,244.721719,2:15,5.77952,2.40074,5.20929,-28.82754,9.47245,17.58438,1.74988,-0.46264,79.61415,-6.993746,-1.487202,0.445421,,,,,,,,,,,,-10.05701,5.51012,-1.9891,50,5.59772,9.30098,-125.21432,-4.83336,-16.07713,23.64616,-23.36555,GEO_PAT,HOL_CRU,SpuhlerFieldMain,D1,A10,20250304-SpuhlerFieldMain-1,471baf60-f93e-11ef-9e84-f3ebf856d060,84.62205,,,6.86597,,,,,,,677a001a-4aeb-4bee-826e-3fb235647512,2025-03-04,21:18:54.04,2025-03-04T16:18:54.0455936-05:00,2025-03-04T21:18:54.0455936Z,,v3,471300,471313,,"Brown, Colin",1000242461,Right,HOL_CRU,226a48c9-1393-4148-a110-baf9e0a1a57a,55.29544,-126.21037,11.82308,5.78058,-3.84912,-11.68278,-2.39515,9.9782,-8.03857,,,,,,,,,,,,,,,,,,,,,,,,,,,,,,,,,,,,,,,,,,,,,,,,,,,High,High,High,,,,,
258,2025-03-04,16:19:14.92,5,2,"Dowdle, Colin",824039,Right,HOL_CRU,"Clyne, Owen",1000230336,Left,GEO_PAT,Undefined,5,Bottom,1,0,1,Fastball,Changeup,BallCalled,Undefined,Undefined,Undefined,0,0,,87.16229,-3.382635,-3.954618,2081.41012,251.685535,2:30,5.72946,2.42241,5.25367,-30.83754,6.61095,16.75603,-0.03022,0.09677,81.04899,-8.963171,-0.985263,0.440442,,,,,,,,,,,,-9.48973,4.40622,-2.07244,50,5.39486,8.02271,-126.25337,-8.62396,-15.51426,22.60604,-24.97052,GEO_PAT,HOL_CRU,SpuhlerFieldMain,D1,A10,20250304-SpuhlerFieldMain-1,53888840-f93e-11ef-9e84-f3ebf856d060,85.57871,,,6.1133,,,,,,,677a001a-4aeb-4bee-826e-3fb235647512,2025-03-04,21:19:14.92,2025-03-04T16:19:14.9263872-05:00,2025-03-04T21:19:14.9263872Z,,v3,471300,471313,,"Brown, Colin",1000242461,Right,HOL_CRU,5041430f-c6a4-41fe-acc6-3b071da23b1d,55.25262,-127.19039,11.30302,5.73087,-7.58893,-12.48526,-2.41831,8.66578,-7.75713,,,,,,,,,,,,,,,,,,,,,,,,,,,,,,,,,,,,,,,,,,,,,,,,,,,High,High,High,,,,,
259,2025-03-04,16:19:39.87,5,3,"Dowdle, Colin",824039,Right,HOL_CRU,"Clyne, Owen",1000230336,Left,GEO_PAT,Undefined,5,Bottom,1,1,1,Fastball,Sinker,StrikeSwinging,Undefined,Undefined,Undefined,0,0,,86.57397,0.487886,-4.137366,2005.802412,233.10836,1:45,5.63418,2.38387,5.2497,-26.8273,11.47457,13.6695,3.85827,-0.37186,79.01221,-4.464346,-1.722415,0.445432,,,,,,,,,,,,-7.91713,5.96453,-2.01379,50,5.65946,8.45286,-125.35239,0.11279,-12.6229,24.85436,-22.66438,GEO_PAT,HOL_CRU,SpuhlerFieldMain,D1,A10,20250304-SpuhlerFieldMain-1,6251eec0-f93e-11ef-9e84-f3ebf856d060,84.61995,,,7.56176,,,,,,,677a001a-4aeb-4bee-826e-3fb235647512,2025-03-04,21:19:39.87,2025-03-04T16:19:39.8768128-05:00,2025-03-04T21:19:39.8768128Z,,v3,471300,471313,,"Brown, Colin",1000242461,Right,HOL_CRU,a4ae6909-db27-45a9-918e-ce502fce96c0,55.25134,-126.38931,12.42718,5.63503,1.05835,-11.33219,-2.37743,8.9795,-6.31145,,,,,,,,,,,,,,,,,,,,,,,,,,,,,,,,,,,,,,,,,,,,,,,,,,,High,High,High,,,,,
260,2025-03-04,16:19:58.04,5,4,"Dowdle, Colin",824039,Right,HOL_CRU,"Clyne, Owen",1000230336,Left,GEO_PAT,Undefined,5,Bottom,1,1,2,Slider,Curveball,BallCalled,Undefined,Undefined,Undefined,0,1,,76.65901,-2.316128,-4.730402,1814.249167,94.588855,9:15,5.62342,2.57951,4.92333,-47.08762,1.44347,-3.6826,-0.499,-2.2099,72.66635,-10.657436,-5.377259,0.501396,,,,,,,,,,,,0.86736,1.43469,-2.11392,50,5.3565,9.33242,-111.10634,-6.14575,1.11044,15.39385,-30.33732,GEO_PAT,HOL_CRU,SpuhlerFieldMain,D1,A10,20250304-SpuhlerFieldMain-1,6d4260d0-f93e-11ef-9e84-f3ebf856d060,75.17492,,,3.99266,,,,,,,677a001a-4aeb-4bee-826e-3fb235647512,2025-03-04,21:19:58.04,2025-03-04T16:19:58.0416512-05:00,2025-03-04T21:19:58.0416512Z,,v3,471300,471313,,"Brown, Colin",1000242461,Right,HOL_CRU,3becdef9-4968-47be-9c18-f7fa8fcbf15a,55.58389,-111.87731,7.69693,5.62625,-4.62636,-15.16866,-2.57993,9.27681,0.55522,,,,,,,,,,,,,,,,,,,,,,,,,,,,,,,,,,,,,,,,,,,,,,,,,,,High,High,High,,,,,
261,2025-03-04,16:20:29.09,5,5,"Dowdle, Colin",824039,Right,HOL_CRU,"Clyne, Owen",1000230336,Left,GEO_PAT,Undefined,5,Bottom,1,2,2,Fastball,Changeup,FoulBallNotFieldable,Undefined,Undefined,Undefined,0,0,,86.2329,-1.944196,-4.705743,1964.036097,244.661661,2:15,5.7123,2.42534,5.33701,-29.51647,8.95374,16.35792,1.42163,-0.6365,79.216,-7.349645,-1.810181,0.44641,,,,,,,,,,,,-9.55028,5.3539,-2.01208,50,5.51487,9.57964,-124.80087,-5.30625,-15.11748,24.25455,-23.69915,GEO_PAT,HOL_CRU,SpuhlerFieldMain,D1,A10,20250304-SpuhlerFieldMain-1,7fc21890-f93e-11ef-9e84-f3ebf856d060,84.4346,,,7.0169,,,,,,,677a001a-4aeb-4bee-826e-3fb235647512,2025-03-04,21:20:29.09,2025-03-04T16:20:29.0978304-05:00,2025-03-04T21:20:29.0978304Z,,v3,471300,471313,,"Brown, Colin",1000242461,Right,HOL_CRU,6ff32252-9eda-4689-879d-e79bda68be85,55.16733,-125.80111,12.12727,5.71354,-4.32891,-11.84957,-2.41999,10.20307,-7.55874,,,,,,,,,,,,,,,,,,,,,,,,,,,,,,,,,,,,,,,,,,,,,,,,,,,High,High,High,,,,,
262,2025-03-04,16:20:50.15,5,6,"Dowdle, Colin",824039,Right,HOL_CRU,"Clyne, Owen",1000230336,Left,GEO_PAT,Undefined,5,Bottom,1,2,2,Fastball,Sinker,InPlay,Undefined,GroundBall,Out,1,1,,87.07258,-1.212882,-3.507431,2086.563321,232.354954,1:45,5.76292,2.52733,5.23527,-25.79139,12.17064,14.16017,2.47122,0.40623,79.42934,-5.975326,-1.001653,0.443452,100.80932,1.700066,2.51831,756.409046,,,,60.07063,54.06503,2.032828,0.420972,-8.12075,6.78992,-2.21527,50,5.63209,7.10852,-126.12781,-3.59467,-13.05374,26.16126,-21.25955,GEO_PAT,HOL_CRU,SpuhlerFieldMain,D1,A10,20250304-SpuhlerFieldMain-1,8c503510-f93e-11ef-9e84-f3ebf856d060,84.99788,2.73439,,7.64323,,,,1.77497,2.55189,-0.41724,677a001a-4aeb-4bee-826e-3fb235647512,2025-03-04,21:20:50.15,2025-03-04T16:20:50.1548544-05:00,2025-03-04T21:20:50.1548544Z,GroundBall,v3,471300,471313,,"Brown, Colin",1000242461,Right,HOL_CRU,ce4c9d11-5318-4ae5-9b4e-a27d1dac815f,55.26745,-127.21568,13.08063,5.76319,-2.71062,-10.62978,-2.52215,7.65135,-6.52687,0.523662,1.78599,147.29499,-21.27701,,,,,,,2.56592,3.93876,-23.9115,,,,,,,-0.41667,6.47563,-1.01055,,,,,,,,,,,,,,,,,,,,,,,,,,,,,High,High,High,High,High,,,
263,2025-03-04,16:21:24.72,6,1,"Dowdle, Colin",824039,Right,HOL_CRU,"Tomlinson, Ty",1000364327,Right,GEO_PAT,Undefined,5,Bottom,2,0,0,Slider,Curveball,BallCalled,Undefined,Undefined,Undefined,0,0,,75.77197,2.276566,-0.775275,1861.348637,79.487422,8:45,5.60412,2.38222,4.83496,-50.5042,-0.74095,-10.77241,3.55265,0.7503,70.7055,-6.79773,-2.670576,0.507722,,,,,,,,,,,,5.14937,-0.49606,-2.29565,50,5.78581,1.91909,-110.10225,2.58522,6.44211,16.03683,-32.79464,GEO_PAT,HOL_CRU,SpuhlerFieldMain,D1,A10,20250304-SpuhlerFieldMain-1,a0dc1080-f93e-11ef-9e84-f3ebf856d060,74.2384,,,5.06646,,,,,,,677a001a-4aeb-4bee-826e-3fb235647512,2025-03-04,21:21:24.72,2025-03-04T16:21:24.7280640-05:00,2025-03-04T21:21:24.7280640Z,,v3,471300,471313,,"Brown, Colin",1000242461,Right,HOL_CRU,a6a27dad-dae7-46f2-905f-e9a7c631d45e,55.67068,-110.92513,8.01842,5.60999,4.26798,-16.39732,-2.38564,1.58853,3.22106,,,,,,,,,,,,,,,,,,,,,,,,,,,,,,,,,,,,,,,,,,,,,,,,,,,High,High,High,,,,,
264,2025-03-04,16:21:38.90,6,2,"Dowdle, Colin",824039,Right,HOL_CRU,"Tomlinson, Ty",1000364327,Right,GEO_PAT,Undefined,5,Bottom,2,1,0,Fastball,Changeup,StrikeCalled,Undefined,Undefined,Undefined,0,0,,85.38368,-0.35425,-3.777438,2049.696232,237.812308,2:00,5.84982,2.44951,5.17525,-26.15194,13.75721,19.59816,3.3364,0.52279,77.11223,-5.214348,-0.314857,0.454682,,,,,,,,,,,,-10.87426,7.36634,-2.11283,50,5.79738,7.27387,-123.52416,-1.67171,-16.62908,26.9596,-20.90933,GEO_PAT,HOL_CRU,SpuhlerFieldMain,D1,A10,20250304-SpuhlerFieldMain-1,a948e4f0-f93e-11ef-9e84-f3ebf856d060,82.89848,,,8.27145,,,,,,,677a001a-4aeb-4bee-826e-3fb235647512,2025-03-04,21:21:38.90,2025-03-04T16:21:38.9038592-05:00,2025-03-04T21:21:38.9038592Z,,v3,471300,471313,,"Brown, Colin",1000242461,Right,HOL_CRU,a839d483-7523-4763-ab7a-b5463db69d89,55.325,-124.68094,13.4798,5.84986,-0.77453,-10.45467,-2.44024,7.98739,-8.31454,,,,,,,,,,,,,,,,,,,,,,,,,,,,,,,,,,,,,,,,,,,,,,,,,,,High,High,High,,,,,
265,2025-03-04,16:21:54.25,6,3,"Dowdle, Colin",824039,Right,HOL_CRU,"Tomlinson, Ty",1000364327,Right,GEO_PAT,Undefined,5,Bottom,2,1,1,Fastball,Changeup,FoulBallNotFieldable,Undefined,Undefined,Undefined,0,0,,84.89729,-1.747433,-4.740134,2046.954742,237.403078,2:00,5.75531,2.30303,5.18106,-26.37486,13.70398,19.36194,1.90701,-0.55389,77.54257,-6.611091,-1.324109,0.455647,74.72625,50.360532,36.384291,,,,,,47.18348,,,-11.00508,7.70666,-1.87676,50,5.57245,9.34042,-122.77875,-4.6769,-16.79896,24.307,-20.41009,GEO_PAT,HOL_CRU,SpuhlerFieldMain,D1,A10,20250304-SpuhlerFieldMain-1,b2884ba0-f93e-11ef-9e84-f3ebf856d060,82.72281,53.58956,,7.35472,,,,0.96148,1.87665,0.55455,677a001a-4aeb-4bee-826e-3fb235647512,2025-03-04,21:21:54.25,2025-03-04T16:21:54.2576128-05:00,2025-03-04T21:21:54.2576128Z,,v3,471300,471313,,"Brown, Colin",1000242461,Right,HOL_CRU,fffa353f-6e28-4d9b-bcaf-cc7c2216fbec,55.32191,-123.82786,12.1535,5.7553,-3.79598,-10.20504,-2.29555,10.06548,-8.39948,213.041564,0.96148,56.28855,-20.29635,5.75581,-1.45525,0.32532,-0.07276,0.01382,-0.00165,1.87665,84.39882,-25.56687,2.9206,-0.46189,0.04806,0.00069,-0.00168,0.00035,0.55455,41.47568,-1.32567,-1.60043,0.76001,-0.25571,0.07292,-0.01732,0.0024,,,,,,,,,,,,,,,,,,,,,,,High,High,High,High,Undefined,,,
266,2025-03-04,16:22:24.93,6,4,"Dowdle, Colin",824039,Right,HOL_CRU,"Tomlinson, Ty",1000364327,Right,GEO_PAT,Undefined,5,Bottom,2,1,2,Slider,Curveball,FoulBallNotFieldable,Undefined,Undefined,Undefined,0,0,,76.15011,0.274421,-1.751512,1934.870026,69.680084,8:15,5.66561,2.41302,4.79497,-49.95448,-0.85972,-5.49681,1.76293,0.29455,71.70662,-8.645773,-2.718975,0.5043,,,,,,,,,,,,2.37441,-0.21291,-2.23313,50,5.64858,3.60054,-110.7544,-1.246,3.01835,15.43602,-32.44472,GEO_PAT,HOL_CRU,SpuhlerFieldMain,D1,A10,20250304-SpuhlerFieldMain-1,c4db2700-f93e-11ef-9e84-f3ebf856d060,74.74212,,,4.44349,,,,,,,677a001a-4aeb-4bee-826e-3fb235647512,2025-03-04,21:22:24.93,2025-03-04T16:22:24.9385472-05:00,2025-03-04T21:22:24.9385472Z,,v3,471300,471313,,"Brown, Colin",1000242461,Right,HOL_CRU,ec82ca30-588f-42b4-a020-6e936203805f,55.7119,-111.54763,7.71801,5.66977,0.42129,-16.22236,-2.41417,3.44544,1.50918,,,,,,,,,,,,,,,,,,,,,,,,,,,,,,,,,,,,,,,,,,,,,,,,,,,High,High,High,,,,,
267,2025-03-04,16:22:46.67,6,5,"Dowdle, Colin",824039,Right,HOL_CRU,"Tomlinson, Ty",1000364327,Right,GEO_PAT,Undefined,5,Bottom,2,1,2,Slider,Curveball,FoulBallNotFieldable,Undefined,Undefined,Undefined,0,0,,77.41254,0.296347,-2.069391,1881.567226,86.383385,9:00,5.58008,2.37011,4.81549,-46.63936,0.69784,-6.13898,1.97439,-0.10271,73.03653,-8.036542,-3.149307,0.495191,,,,,,,,,,,,2.64965,0.54689,-2.15867,50,5.56836,4.31063,-112.60633,-1.09558,3.49399,15.26944,-31.4529,GEO_PAT,HOL_CRU,SpuhlerFieldMain,D1,A10,20250304-SpuhlerFieldMain-1,d1cbfcf0-f93e-11ef-9e84-f3ebf856d060,76.11702,,,4.37602,,,,,,,677a001a-4aeb-4bee-826e-3fb235647512,2025-03-04,21:22:46.67,2025-03-04T16:22:46.6708480-05:00,2025-03-04T21:22:46.6708480Z,,v3,471300,471313,,"Brown, Colin",1000242461,Right,HOL_CRU,ab087707-68ea-47fa-b0d4-d1d97442ad9b,55.69135,-113.37545,7.63472,5.58364,0.4887,-15.72645,-2.37136,4.13463,1.74699,,,,,,,,,,,,,,,,,,,,,,,,,,,,,,,,,,,,,,,,,,,,,,,,,,,High,High,High,,,,,
268,2025-03-04,16:23:08.84,6,6,"Dowdle, Colin",824039,Right,HOL_CRU,"Tomlinson, Ty",1000364327,Right,GEO_PAT,Undefined,5,Bottom,2,1,2,Slider,Curveball,BallCalled,Undefined,Undefined,Undefined,0,0,,77.55381,-0.117339,-1.308447,1962.959645,55.321495,7:45,5.63428,2.3806,4.79402,-53.21176,-5.44658,-9.70603,1.08873,0.33154,72.53821,-9.611841,-3.018889,0.497425,,,,,,,,,,,,4.53496,-2.40835,-2.24098,50,5.57524,2.96057,-112.72378,-2.16825,5.90918,18.05179,-35.31218,GEO_PAT,HOL_CRU,SpuhlerFieldMain,D1,A10,20250304-SpuhlerFieldMain-1,deec4750-f93e-11ef-9e84-f3ebf856d060,75.77518,,,5.0156,,,,,,,677a001a-4aeb-4bee-826e-3fb235647512,2025-03-04,21:23:08.84,2025-03-04T16:23:08.8467456-05:00,2025-03-04T21:23:08.8467456Z,,v3,471300,471313,,"Brown, Colin",1000242461,Right,HOL_CRU,2c50e125-7f06-4f20-aec6-e1f5a89e62c1,55.71312,-113.635,9.0259,5.6397,-0.38575,-17.65609,-2.38289,2.66229,2.95459,,,,,,,,,,,,,,,,,,,,,,,,,,,,,,,,,,,,,,,,,,,,,,,,,,,High,High,High,,,,,
269,2025-03-04,16:23:32.97,6,7,"Dowdle, Colin",824039,Right,HOL_CRU,"Tomlinson, Ty",1000364327,Right,GEO_PAT,Undefined,5,Bottom,2,2,2,Fastball,Changeup,InPlay,Undefined,GroundBall,Out,1,0,,85.52418,-0.706708,-3.983973,1974.412334,244.579834,2:15,5.5977,2.31566,5.29014,-31.35391,6.9854,12.68741,2.3196,-0.37422,79.99472,-6.401138,-1.738181,0.44565,,,,,,,,,,,,-7.24752,3.93886,-1.96195,50,5.50987,8.11806,-124.19189,-2.68093,-11.59292,19.23177,-25.87357,GEO_PAT,HOL_CRU,SpuhlerFieldMain,D1,A10,20250304-SpuhlerFieldMain-1,ed5edb40-f93e-11ef-9e84-f3ebf856d060,84.57861,,,5.52946,,,,,,,677a001a-4aeb-4bee-826e-3fb235647512,2025-03-04,21:23:32.97,2025-03-04T16:23:32.9785344-05:00,2025-03-04T21:23:32.9785344Z,,v3,471300,471313,,"Brown, Colin",1000242461,Right,HOL_CRU,cc6ccb62-07fd-4ff6-828e-90c95f4a6fd1,55.21559,-124.99695,9.61589,5.59942,-1.59785,-12.93679,-2.31193,8.60335,-5.79646,,,,,,,,,,,,,,,,,,,,,,,,,,,,,,,,,,,,,,,,,,,,,,,,,,,High,High,High,,,,,
270,2025-03-04,16:26:26.80,1,1,"McCarthy, Dylan",10061232,Right,GEO_PAT,"Lafleur, John",10148726,Left,HOL_CRU,Undefined,6,Top,0,0,0,Slider,Slider,BallCalled,Undefined,Undefined,Undefined,0,0,,80.118,1.348207,-0.928817,2314.12427,83.049545,8:45,6.00682,2.13297,6.11587,-42.1938,0.34587,-6.40162,3.73766,0.74062,74.47288,-6.43034,-2.082855,0.469427,,,,,,,,,,,,3.07839,0.24264,-2.05851,50,6.08824,2.12441,-116.59192,1.43009,4.29719,19.02347,-31.83536,GEO_PAT,HOL_CRU,SpuhlerFieldMain,D1,A10,20250304-SpuhlerFieldMain-1,54e3dd10-f93f-11ef-9e84-f3ebf856d060,80.2945,,,5.64512,,,,,,,677a001a-4aeb-4bee-826e-3fb235647512,2025-03-04,21:26:26.80,2025-03-04T16:26:26.8073472-05:00,2025-03-04T21:26:26.8073472Z,,v3,471300,471313,,"Pancione, Garrett",1000048493,Right,GEO_PAT,98ef88a6-3e4b-453a-95cd-09adf0cf8076,54.38832,-117.30575,9.51174,6.01217,2.62466,-15.91768,-2.1352,1.96316,2.1486,,,,,,,,,,,,,,,,,,,,,,,,,,,,,,,,,,,,,,,,,,,,,,,,,,,High,High,High,,,,,
271,2025-03-04,16:26:41.13,1,2,"McCarthy, Dylan",10061232,Right,GEO_PAT,"Lafleur, John",10148726,Left,HOL_CRU,Undefined,6,Top,0,1,0,Slider,Curveball,FoulBallNotFieldable,Undefined,Undefined,Undefined,0,0,,81.23773,-0.642299,-1.147851,2333.565485,56.996424,8:00,5.96536,1.98074,6.10127,-45.93436,-4.40217,-8.51733,1.5433,0.20919,75.7255,-9.05068,-2.68587,0.463835,,,,,,,,,,,,4.15933,-1.84665,-1.8878,50,5.89128,2.67288,-118.24494,-2.77845,5.94271,20.6147,-34.81251,GEO_PAT,HOL_CRU,SpuhlerFieldMain,D1,A10,20250304-SpuhlerFieldMain-1,5d8025f0-f93f-11ef-9e84-f3ebf856d060,81.26256,,,5.51223,,,,,,,677a001a-4aeb-4bee-826e-3fb235647512,2025-03-04,21:26:41.13,2025-03-04T16:26:41.1306496-05:00,2025-03-04T21:26:41.1306496Z,,v3,471300,471313,,"Pancione, Garrett",1000048493,Right,GEO_PAT,a6997449-94e7-47ba-85b3-a1ff5c18ef58,54.4051,-119.01044,10.30735,5.97045,-1.48573,-17.40626,-1.98296,2.4522,2.97136,,,,,,,,,,,,,,,,,,,,,,,,,,,,,,,,,,,,,,,,,,,,,,,,,,,High,High,High,,,,,
272,2025-03-04,16:27:00.69,1,3,"McCarthy, Dylan",10061232,Right,GEO_PAT,"Lafleur, John",10148726,Left,HOL_CRU,Undefined,6,Top,0,1,1,Fastball,Cutter,BallCalled,Undefined,Undefined,Undefined,0,0,,89.41254,-2.29788,-3.088029,2330.945463,159.584186,11:15,6.19057,2.01861,6.47334,-21.5219,12.46768,-4.27796,2.28252,-1.17665,82.71282,-6.335069,-3.862376,0.419609,,,,,,,,,,,,1.45551,7.42685,-1.7991,50,6.01862,7.17013,-129.84224,-5.84512,2.50654,24.95792,-19.38431,GEO_PAT,HOL_CRU,SpuhlerFieldMain,D1,A10,20250304-SpuhlerFieldMain-1,69122f30-f93f-11ef-9e84-f3ebf856d060,89.82763,,,6.69972,,,,,,,677a001a-4aeb-4bee-826e-3fb235647512,2025-03-04,21:27:00.69,2025-03-04T16:27:00.6979072-05:00,2025-03-04T21:27:00.6979072Z,,v3,471300,471313,,"Pancione, Garrett",1000048493,Right,GEO_PAT,95c9ef0c-ed36-481e-b641-e32ae1d9d2e7,54.02901,-130.61438,12.47896,6.19017,-5.2454,-9.69216,-2.01973,7.09259,1.25327,,,,,,,,,,,,,,,,,,,,,,,,,,,,,,,,,,,,,,,,,,,,,,,,,,,High,High,High,,,,,
273,2025-03-04,16:27:18.71,1,4,"McCarthy, Dylan",10061232,Right,GEO_PAT,"Lafleur, John",10148726,Left,HOL_CRU,Undefined,6,Top,0,2,1,Slider,Slider,InPlay,Undefined,GroundBall,Out,1,0,,82.7303,-0.389224,-1.790364,2303.184052,62.047712,8:00,6.05779,2.09123,6.02418,-41.49951,-1.11413,-4.31315,2.2388,0.07297,76.53211,-8.012518,-2.567112,0.457387,98.47676,4.140373,34.787088,3176.53277,,,,84.88747,80.93788,37.5127,0.638615,1.76378,-0.16032,-1.94861,50,6.00442,3.92063,-120.28889,-2.16234,2.59558,22.37658,-32.40995,GEO_PAT,HOL_CRU,SpuhlerFieldMain,D1,A10,20250304-SpuhlerFieldMain-1,73eafa90-f93f-11ef-9e84-f3ebf856d060,82.40828,3.36874,,6.1982,,,,1.95225,2.1942,0.14584,677a001a-4aeb-4bee-826e-3fb235647512,2025-03-04,21:27:18.71,2025-03-04T16:27:18.7166208-05:00,2025-03-04T21:27:18.7166208Z,GroundBall,v3,471300,471313,,"Pancione, Garrett",1000048493,Right,GEO_PAT,080bab22-7f6c-47e8-a701-eb68e713db16,54.48053,-121.11951,11.18829,6.06236,-0.95928,-16.20498,-2.09236,3.82428,1.29779,,2.00707,117.14576,-23.37866,,,,,,,2.23149,9.6347,-20.64279,,,,,,,0.12971,82.53821,-2.78204,,,,,,,,,,,,,,,,,,,,,,,,,,,,,High,High,High,High,High,,,
274,2025-03-04,16:27:53.83,2,1,"McCarthy, Dylan",10061232,Right,GEO_PAT,"Sandell, Alexander",10317026,Right,HOL_CRU,Undefined,6,Top,1,0,0,Slider,Slider,StrikeCalled,Undefined,Undefined,Undefined,0,0,,82.16769,-0.298383,-2.036031,2335.220845,106.046295,9:30,6.16398,2.19812,5.97616,-37.58943,4.36992,-9.93792,2.75473,-0.51837,74.31354,-7.277686,-3.821502,0.466214,,,,,,,,,,,,4.38563,2.82973,-2.03171,50,6.12003,4.63033,-119.1194,-1.82264,6.18798,26.72253,-28.18139,GEO_PAT,HOL_CRU,SpuhlerFieldMain,D1,A10,20250304-SpuhlerFieldMain-1,88c36f60-f93f-11ef-9e84-f3ebf856d060,80.84785,,,7.85414,,,,,,,677a001a-4aeb-4bee-826e-3fb235647512,2025-03-04,21:27:53.83,2025-03-04T16:27:53.8316288-05:00,2025-03-04T21:27:53.8316288Z,,v3,471300,471313,,"Pancione, Garrett",1000048493,Right,GEO_PAT,2650bde9-0653-4b63-bcc8-59628606c6f9,54.52255,-120.12968,13.36127,6.1688,-0.75721,-14.0907,-2.20235,4.39638,3.09399,,,,,,,,,,,,,,,,,,,,,,,,,,,,,,,,,,,,,,,,,,,,,,,,,,,High,High,High,,,,,
275,2025-03-04,16:28:09.53,2,2,"McCarthy, Dylan",10061232,Right,GEO_PAT,"Sandell, Alexander",10317026,Right,HOL_CRU,Undefined,6,Top,1,0,1,Slider,Slider,BallCalled,Undefined,Undefined,Undefined,0,0,,82.51515,1.363283,-1.269478,2382.068427,16.805728,6:30,6.06132,2.07526,6.00476,-44.08522,-3.39583,-1.39047,3.65128,0.78294,75.94304,-6.754014,-1.519677,0.459105,,,,,,,,,,,,0.37158,-1.70906,-1.97469,50,6.14456,2.71168,-119.93902,1.39331,0.543,22.49558,-34.67164,GEO_PAT,HOL_CRU,SpuhlerFieldMain,D1,A10,20250304-SpuhlerFieldMain-1,921e4d50-f93f-11ef-9e84-f3ebf856d060,82.09981,,,6.57211,,,,,,,677a001a-4aeb-4bee-826e-3fb235647512,2025-03-04,21:28:09.53,2025-03-04T16:28:09.5305216-05:00,2025-03-04T21:28:09.5305216Z,,v3,471300,471313,,"Pancione, Garrett",1000048493,Right,GEO_PAT,6db6db05-5d61-4cff-a775-ec9a204272ba,54.49873,-120.77985,11.24779,6.06827,2.68925,-17.33582,-2.07566,2.69139,0.2715,,,,,,,,,,,,,,,,,,,,,,,,,,,,,,,,,,,,,,,,,,,,,,,,,,,High,High,High,,,,,
276,2025-03-04,16:28:26.68,2,3,"McCarthy, Dylan",10061232,Right,GEO_PAT,"Sandell, Alexander",10317026,Right,HOL_CRU,Undefined,6,Top,1,1,1,Slider,Slider,StrikeSwinging,Undefined,Undefined,Undefined,0,0,,82.53568,-0.216279,-1.76723,2358.868359,111.165429,9:45,6.10794,2.01892,6.10203,-36.55628,4.01484,-7.21835,2.86146,-0.21758,76.01354,-6.979619,-3.067712,0.458437,,,,,,,,,,,,3.23217,2.53378,-1.8793,50,6.07225,3.9766,-119.94585,-1.60693,4.71917,22.71856,-28.47458,GEO_PAT,HOL_CRU,SpuhlerFieldMain,D1,A10,20250304-SpuhlerFieldMain-1,9c575640-f93f-11ef-9e84-f3ebf856d060,82.2194,,,6.52214,,,,,,,677a001a-4aeb-4bee-826e-3fb235647512,2025-03-04,21:28:26.68,2025-03-04T16:28:26.6888704-05:00,2025-03-04T21:28:26.6888704Z,,v3,471300,471313,,"Pancione, Garrett",1000048493,Right,GEO_PAT,a6f153f0-6544-4bf1-aa08-a74410ddde0e,54.39998,-120.77636,11.35928,6.11197,-0.56599,-14.23729,-2.02152,3.80408,2.35959,,,,,,,,,,,,,,,,,,,,,,,,,,,,,,,,,,,,,,,,,,,,,,,,,,,High,High,High,,,,,
277,2025-03-04,16:28:47.24,2,4,"McCarthy, Dylan",10061232,Right,GEO_PAT,"Sandell, Alexander",10317026,Right,HOL_CRU,Undefined,6,Top,1,1,2,Fastball,Slider,BallCalled,Undefined,Undefined,Undefined,0,0,,89.82659,-1.337016,-3.86233,2333.350679,136.441101,10:30,6.19854,1.8224,6.45721,-22.52828,11.48304,-9.92859,3.08989,-2.55859,82.44891,-5.569763,-5.654332,0.419743,,,,,,,,,,,,4.0854,6.71134,-1.54488,50,6.0936,9.19124,-130.29511,-3.71251,7.01977,27.49761,-20.64224,GEO_PAT,HOL_CRU,SpuhlerFieldMain,D1,A10,20250304-SpuhlerFieldMain-1,a895cc20-f93f-11ef-9e84-f3ebf856d060,89.79892,,,7.37768,,,,,,,677a001a-4aeb-4bee-826e-3fb235647512,2025-03-04,21:28:47.24,2025-03-04T16:28:47.2490496-05:00,2025-03-04T21:28:47.2490496Z,,v3,471300,471313,,"Pancione, Garrett",1000048493,Right,GEO_PAT,3051c49c-9ee2-4435-acdb-31bd9a628aca,54.04379,-131.14574,13.74881,6.19857,-3.07395,-10.32112,-1.82585,8.97409,3.50989,,,,,,,,,,,,,,,,,,,,,,,,,,,,,,,,,,,,,,,,,,,,,,,,,,,High,High,High,,,,,
278,2025-03-04,16:29:06.47,2,5,"McCarthy, Dylan",10061232,Right,GEO_PAT,"Sandell, Alexander",10317026,Right,HOL_CRU,Undefined,6,Top,1,2,2,Slider,Slider,InPlay,Undefined,GroundBall,Out,1,0,,80.90183,-1.445265,-2.553833,2308.239884,93.021264,9:00,5.93275,1.93632,6.24721,-40.43148,1.50335,-5.41803,1.22883,-0.87225,75.04407,-8.886754,-3.53304,0.466078,38.39546,-53.1996,5.004229,,,,,2.86825,2.86825,19.024083,0.028249,2.15465,1.51539,-1.74354,50,5.80507,5.43514,-117.56459,-4.19235,3.0292,21.3447,-30.04357,GEO_PAT,HOL_CRU,SpuhlerFieldMain,D1,A10,20250304-SpuhlerFieldMain-1,b42a4660-f93f-11ef-9e84-f3ebf856d060,80.87149,1.28187,,5.85777,,,,1.75627,1.28187,0.8513,677a001a-4aeb-4bee-826e-3fb235647512,2025-03-04,21:29:06.47,2025-03-04T16:29:06.4740352-05:00,2025-03-04T21:29:06.4740352Z,GroundBall,v3,471300,471313,,"Pancione, Garrett",1000048493,Right,GEO_PAT,f0c6c74f-a050-4bee-8afe-842028e38c6e,54.25697,-118.33495,10.67235,5.93681,-3.10803,-15.02179,-1.93773,5.32582,1.5146,,1.7553,33.81841,,,,,,,,1.28318,-45.37831,,,,,,,,0.85121,2.96124,,,,,,,,,,,,,,,,,,,,,,,,,,,,,,High,High,High,Estimated,Estimated,,,
279,2025-03-04,16:29:39.91,3,1,"McCarthy, Dylan",10061232,Right,GEO_PAT,"Brown, Colin",1000242461,Right,HOL_CRU,Undefined,6,Top,2,0,0,Slider,Slider,InPlay,Undefined,GroundBall,Single,0,0,,81.89469,-0.93002,-2.229126,2443.805273,95.774215,9:15,6.12507,2.20287,5.95359,-38.86073,1.80036,-8.29075,2.02339,-0.5565,77.10301,-8.019238,-3.718817,0.458945,95.91991,6.788097,-6.85183,6739.948902,109.18951,7.39182,-13.32804,173.38792,173.38792,-7.433628,1.544873,3.83756,1.38425,-2.02066,50,6.02863,4.93991,-119.2164,-3.1836,5.64905,18.0079,-30.13636,GEO_PAT,HOL_CRU,SpuhlerFieldMain,D1,A10,20250304-SpuhlerFieldMain-1,c8154df0-f93f-11ef-9e84-f3ebf856d060,82.12838,7.79491,,4.79168,,,,1.18128,1.99091,0.5807,677a001a-4aeb-4bee-826e-3fb235647512,2025-03-04,21:29:39.91,2025-03-04T16:29:39.9108608-05:00,2025-03-04T21:29:39.9108608Z,GroundBall,v3,471300,471313,,"Pancione, Garrett",1000048493,Right,GEO_PAT,c4720570-cb9b-4dcd-90e7-d19edb2afe4b,54.55289,-119.90215,9.00395,6.12801,-2.03598,-15.06818,-2.20468,4.72479,2.82452,168.595512,1.18128,138.69843,-24.22517,5.18912,-1.14955,0.26785,-0.06437,0.01325,-0.00155,1.99091,16.62842,-12.24072,0.55793,-0.16781,0.12621,-0.10481,0.05186,-0.01054,0.5807,-16.66604,1.54818,-0.34947,0.07408,-0.00856,-0.00583,0.00436,-0.00097,,,,,,,,,,,,,,,,,,,,,,,High,High,High,High,High,,,
280,2025-03-04,16:30:16.13,4,1,"McCarthy, Dylan",10061232,Right,GEO_PAT,"Jones, Brendan",1000119807,Right,HOL_CRU,Undefined,6,Top,2,0,0,Fastball,Cutter,BallCalled,Undefined,Undefined,Undefined,0,0,,87.42567,-2.136394,-2.775162,2239.896144,151.793581,11:00,6.10824,2.11399,6.57151,-20.95265,14.74394,-7.30882,2.40059,-1.041,80.21369,-6.104477,-4.100805,0.430016,,,,,,,,,,,,3.07327,8.7013,-1.9202,50,5.9521,6.42371,-126.9358,-5.305,5.00908,26.23483,-17.99186,GEO_PAT,HOL_CRU,SpuhlerFieldMain,D1,A10,20250304-SpuhlerFieldMain-1,ddb139d0-f93f-11ef-9e84-f3ebf856d060,87.65352,,,7.21198,,,,,,,677a001a-4aeb-4bee-826e-3fb235647512,2025-03-04,21:30:16.13,2025-03-04T16:30:16.1352704-05:00,2025-03-04T21:30:16.1352704Z,,v3,471300,471313,,"Pancione, Garrett",1000048493,Right,GEO_PAT,9a123eb6-6d8b-4f2e-9f7e-acdb86cd84b3,53.9307,-127.74561,13.11742,6.10728,-4.74964,-8.99593,-2.1161,6.26909,2.50454,,,,,,,,,,,,,,,,,,,,,,,,,,,,,,,,,,,,,,,,,,,,,,,,,,,High,High,High,,,,,
281,2025-03-04,16:30:31.73,4,2,"McCarthy, Dylan",10061232,Right,GEO_PAT,"Jones, Brendan",1000119807,Right,HOL_CRU,Undefined,6,Top,2,1,0,Slider,Slider,BallCalled,Undefined,Undefined,Undefined,0,0,,80.63934,-2.415011,-2.703988,2362.090145,57.829913,8:00,6.05437,2.25582,5.95143,-44.54475,-1.75,-4.76796,0.09856,-0.65133,75.00125,-10.517979,-3.561931,0.470833,,,,,,,,,,,,1.76039,0.01488,-2.03771,50,5.8363,5.69902,-117.07043,-6.35368,2.45004,21.51309,-32.15335,GEO_PAT,HOL_CRU,SpuhlerFieldMain,D1,A10,20250304-SpuhlerFieldMain-1,e6f8dde0-f93f-11ef-9e84-f3ebf856d060,80.05486,,,5.63809,,,,,,,677a001a-4aeb-4bee-826e-3fb235647512,2025-03-04,21:30:31.73,2025-03-04T16:30:31.7370368-05:00,2025-03-04T21:30:31.7370368Z,,v3,471300,471313,,"Pancione, Garrett",1000048493,Right,GEO_PAT,ee632682-98d9-445d-a866-752000f69d10,54.55429,-117.90436,10.75655,6.05844,-5.10729,-16.07667,-2.25678,5.60405,1.22502,,,,,,,,,,,,,,,,,,,,,,,,,,,,,,,,,,,,,,,,,,,,,,,,,,,High,High,High,,,,,
282,2025-03-04,16:30:51.06,4,3,"McCarthy, Dylan",10061232,Right,GEO_PAT,"Jones, Brendan",1000119807,Right,HOL_CRU,Undefined,6,Top,2,2,0,Slider,Slider,StrikeCalled,Undefined,Undefined,Undefined,0,0,,80.70351,-0.365313,-1.528042,2329.942999,49.802059,7:45,6.02601,2.21861,5.95758,-45.02439,-2.30839,-4.26666,1.93506,0.44562,74.4454,-8.625465,-2.295914,0.4704,,,,,,,,,,,,1.76776,-0.67933,-2.0948,50,5.97184,3.2894,-117.28847,-2.20644,2.4631,22.1319,-33.12057,GEO_PAT,HOL_CRU,SpuhlerFieldMain,D1,A10,20250304-SpuhlerFieldMain-1,f2690740-f93f-11ef-9e84-f3ebf856d060,80.12856,,,6.25811,,,,,,,677a001a-4aeb-4bee-826e-3fb235647512,2025-03-04,21:30:51.06,2025-03-04T16:30:51.0620672-05:00,2025-03-04T21:30:51.0620672Z,,v3,471300,471313,,"Pancione, Garrett",1000048493,Right,GEO_PAT,03018235-95f3-4da5-9ea2-a822a289be9b,54.54591,-118.14315,11.06595,6.03235,-0.9274,-16.56029,-2.21999,3.19428,1.23155,,,,,,,,,,,,,,,,,,,,,,,,,,,,,,,,,,,,,,,,,,,,,,,,,,,High,High,High,,,,,
283,2025-03-04,16:31:10.36,4,4,"McCarthy, Dylan",10061232,Right,GEO_PAT,"Jones, Brendan",1000119807,Right,HOL_CRU,Undefined,6,Top,2,2,1,Slider,Slider,InPlay,Undefined,LineDrive,Double,0,1,,80.8586,-0.243084,-1.573296,2251.693262,78.881866,8:45,6.00411,2.18411,6.14738,-42.38908,0.20504,-6.09949,2.24698,0.22161,73.92446,-8.084693,-2.674321,0.469728,95.60099,16.497035,-8.623943,1944.867125,107.90685,28.54682,-21.35579,310.87144,296.97214,-17.239627,3.408552,2.69362,0.56217,-2.06115,50,5.96377,3.44855,-117.45226,-1.80804,3.72925,24.09321,-31.39573,GEO_PAT,HOL_CRU,SpuhlerFieldMain,D1,A10,20250304-SpuhlerFieldMain-1,fe0326d0-f93f-11ef-9e84-f3ebf856d060,80.24318,34.52636,,6.93413,,,,1.45887,2.30345,-0.25953,677a001a-4aeb-4bee-826e-3fb235647512,2025-03-04,21:31:10.36,2025-03-04T16:31:10.3625216-05:00,2025-03-04T21:31:10.3625216Z,LineDrive,v3,471300,471313,,"Pancione, Garrett",1000048493,Right,GEO_PAT,d7335fed-0aed-4510-b1f2-db4ee512dee5,54.35554,-118.34235,12.0466,6.00914,-0.64818,-15.69786,-2.186,3.31078,1.86462,147.051006,1.45889,132.92228,-23.78955,5.25569,-1.13182,0.22466,-0.03692,0.00408,-0.00021,2.30346,39.81302,-12.61135,0.13834,0.06005,-0.02366,0.0054,-0.00058,3E-05,-0.25952,-20.16004,-3.21028,0.58324,-0.10461,0.01779,-0.00278,0.00031,-2E-05,,,,,,,,,,,,,,,,,,,,,,,High,High,High,High,Medium,,,
284,2025-03-04,16:31:52.35,5,1,"McCarthy, Dylan",10061232,Right,GEO_PAT,"Connors, Braden",10070579,Left,HOL_CRU,Undefined,6,Top,2,0,0,Fastball,Cutter,BallCalled,Undefined,Undefined,Undefined,0,0,,87.45582,-1.709169,-2.346676,2276.075365,145.51997,10:45,6.14848,2.03088,6.46706,-21.2169,14.45875,-9.18812,2.80875,-0.89143,80.43315,-5.716554,-4.010683,0.42989,,,,,,,,,,,,4.2017,8.38304,-1.86123,50,6.01813,5.54907,-127.07789,-4.3851,6.88286,25.61073,-18.44163,GEO_PAT,HOL_CRU,SpuhlerFieldMain,D1,A10,20250304-SpuhlerFieldMain-1,17010260-f940-11ef-9e84-f3ebf856d060,87.67928,,,7.02267,,,,,,,677a001a-4aeb-4bee-826e-3fb235647512,2025-03-04,21:31:52.35,2025-03-04T16:31:52.3514880-05:00,2025-03-04T21:31:52.3514880Z,,v3,471300,471313,,"Pancione, Garrett",1000048493,Right,GEO_PAT,80243bd9-8523-45de-896d-40a1d3c22d13,54.03606,-127.88871,12.80537,6.14772,-3.80124,-9.22082,-2.03346,5.33116,3.44143,,,,,,,,,,,,,,,,,,,,,,,,,,,,,,,,,,,,,,,,,,,,,,,,,,,High,High,High,,,,,
285,2025-03-04,16:32:09.01,5,2,"McCarthy, Dylan",10061232,Right,GEO_PAT,"Connors, Braden",10070579,Left,HOL_CRU,Undefined,6,Top,2,1,0,Fastball,Cutter,BallCalled,Undefined,Undefined,Undefined,0,0,,88.09314,-3.013121,-2.977601,2363.540591,155.067921,11:15,6.10459,2.13959,6.42827,-20.41993,14.75753,-6.37851,1.62702,-1.13136,81.4079,-6.847384,-4.131198,0.426878,,,,,,,,,,,,2.59559,8.85201,-1.92437,50,5.88002,6.88606,-127.8666,-7.3169,4.32212,24.93825,-17.43398,GEO_PAT,HOL_CRU,SpuhlerFieldMain,D1,A10,20250304-SpuhlerFieldMain-1,20ea1690-f940-11ef-9e84-f3ebf856d060,88.29793,,,6.68523,,,,,,,677a001a-4aeb-4bee-826e-3fb235647512,2025-03-04,21:32:09.01,2025-03-04T16:32:09.0117632-05:00,2025-03-04T21:32:09.0117632Z,,v3,471300,471313,,"Pancione, Garrett",1000048493,Right,GEO_PAT,e0a49616-5416-4ca4-8743-c5a424abcd57,54.07585,-128.65907,12.46913,6.10373,-6.76289,-8.71699,-2.14101,6.74871,2.16106,,,,,,,,,,,,,,,,,,,,,,,,,,,,,,,,,,,,,,,,,,,,,,,,,,,High,High,High,,,,,
286,2025-03-04,16:32:28.54,5,3,"McCarthy, Dylan",10061232,Right,GEO_PAT,"Connors, Braden",10070579,Left,HOL_CRU,Undefined,6,Top,2,2,0,Slider,Slider,FoulBallNotFieldable,Undefined,Undefined,Undefined,0,0,,80.92548,-0.624579,-1.936948,2281.976263,35.664666,7:15,5.93759,2.05368,6.12572,-45.09676,-2.66669,-2.88213,1.60177,0.02219,74.35973,-8.926557,-2.457267,0.468822,,,,,,,,,,,,0.92772,-0.81492,-1.90391,50,5.86635,4.08148,-117.56512,-2.70105,1.29168,23.37158,-33.30866,GEO_PAT,HOL_CRU,SpuhlerFieldMain,D1,A10,20250304-SpuhlerFieldMain-1,2c9c03e0-f940-11ef-9e84-f3ebf856d060,80.39811,,,6.56575,,,,,,,677a001a-4aeb-4bee-826e-3fb235647512,2025-03-04,21:32:28.54,2025-03-04T16:32:28.5470720-05:00,2025-03-04T21:32:28.5470720Z,,v3,471300,471313,,"Pancione, Garrett",1000048493,Right,GEO_PAT,cd0c2fe2-1084-444d-9cd9-ba397eee6305,54.37781,-118.43221,11.68579,5.94364,-1.46528,-16.65433,-2.05445,4.03356,0.64584,,,,,,,,,,,,,,,,,,,,,,,,,,,,,,,,,,,,,,,,,,,,,,,,,,,High,High,High,,,,,
287,2025-03-04,16:32:48.64,5,4,"McCarthy, Dylan",10061232,Right,GEO_PAT,"Connors, Braden",10070579,Left,HOL_CRU,Undefined,6,Top,2,2,1,Slider,Curveball,FoulBallNotFieldable,Undefined,Undefined,Undefined,0,0,,80.00219,0.995829,-1.66374,2364.332122,51.918064,7:45,6.03748,2.07599,6.12591,-47.46105,-4.28953,-7.12552,3.00347,-0.05629,73.71048,-7.746964,-2.948747,0.472901,60.80043,26.858233,-126.397719,5048.550381,-72.17181,16.37501,-83.01315,143.1548,44.50169,-132.256498,2.125412,3.23362,-2.12146,-1.94497,50,6.089,3.6361,-116.30434,0.53747,4.4313,21.71364,-35.08126,GEO_PAT,HOL_CRU,SpuhlerFieldMain,D1,A10,20250304-SpuhlerFieldMain-1,389a6380-f940-11ef-9e84-f3ebf856d060,79.70476,22.03284,,6.29171,,,,-0.10084,2.78623,0.03753,677a001a-4aeb-4bee-826e-3fb235647512,2025-03-04,21:32:48.64,2025-03-04T16:32:48.6403584-05:00,2025-03-04T21:32:48.6403584Z,LineDrive,v3,471300,471313,,"Pancione, Garrett",1000048493,Right,GEO_PAT,b0c90202-6918-4eb6-8516-4b0154a37e36,54.37869,-117.11898,10.85682,6.04415,1.85362,-17.54063,-2.07827,3.46985,2.21565,50.392777,-0.10081,-47.20915,-0.52718,0.97415,-0.0521,-0.23237,0.1841,-0.05912,0.0071,2.78624,40.28715,-22.89865,2.26003,-0.48527,0.12016,-0.04517,0.01654,-0.00254,0.03759,-64.0402,8.11478,-1.31042,0.84044,-0.77597,0.49483,-0.1606,0.02017,,,,,,,,,,,,,,,,,,,,,,,High,High,High,High,Low,,,
288,2025-03-04,16:33:14.22,5,5,"McCarthy, Dylan",10061232,Right,GEO_PAT,"Connors, Braden",10070579,Left,HOL_CRU,Undefined,6,Top,2,2,2,Slider,Curveball,FoulBallNotFieldable,Undefined,Undefined,Undefined,0,0,,81.16718,-0.175126,-1.906709,2418.697402,52.396615,7:45,5.95941,2.22181,5.96088,-45.55373,-3.96142,-6.5113,2.00077,-0.08961,76.01958,-8.48704,-3.078011,0.464171,59.211,29.620784,-48.882704,5791.359693,56.03708,20.17724,-94.65645,146.07338,132.63327,-62.431298,2.466846,2.93169,-1.71453,-2.06663,50,5.91951,4.17051,-118.14748,-1.83886,4.21152,19.06945,-34.63706,GEO_PAT,HOL_CRU,SpuhlerFieldMain,D1,A10,20250304-SpuhlerFieldMain-1,47d5c5b0-f940-11ef-9e84-f3ebf856d060,81.2038,25.77407,,5.14761,,,,-0.13318,1.79111,0.19009,677a001a-4aeb-4bee-826e-3fb235647512,2025-03-04,21:33:14.22,2025-03-04T16:33:14.2275072-05:00,2025-03-04T21:33:14.2275072Z,LineDrive,v3,471300,471313,,"Pancione, Garrett",1000048493,Right,GEO_PAT,fbedb723-5f28-406f-849b-8d38aeea464d,54.54561,-118.87889,9.53472,5.96457,-0.51034,-17.31853,-2.22349,4.00897,2.10576,116.510055,-0.13315,49.64302,-14.73301,3.76538,-0.76879,0.04615,0.03987,-0.01726,0.00239,1.79108,42.92406,-20.93699,1.8052,-0.33735,0.12225,-0.05599,0.01674,-0.00199,0.19008,-56.87379,1.0169,0.82137,-0.40686,0.14666,-0.04674,0.01057,-0.00115,,,,,,,,,,,,,,,,,,,,,,,High,High,High,High,Medium,,,
289,2025-03-04,16:33:40.05,5,6,"McCarthy, Dylan",10061232,Right,GEO_PAT,"Connors, Braden",10070579,Left,HOL_CRU,Undefined,6,Top,2,2,2,Fastball,Cutter,BallCalled,Undefined,Undefined,Undefined,0,0,,89.01681,0.381661,-2.330787,2257.468256,174.667716,11:45,6.13833,2.039,6.58628,-20.28052,13.61394,-1.18563,4.79834,-0.19697,82.3821,-3.459886,-2.546008,0.419021,,,,,,,,,,,,0.06413,7.3591,-1.87886,50,6.15563,5.31671,-129.50871,0.3017,0.11044,23.53186,-19.50204,GEO_PAT,HOL_CRU,SpuhlerFieldMain,D1,A10,20250304-SpuhlerFieldMain-1,57179080-f940-11ef-9e84-f3ebf856d060,89.9536,,,6.6347,,,,,,,677a001a-4aeb-4bee-826e-3fb235647512,2025-03-04,21:33:40.05,2025-03-04T16:33:40.0573440-05:00,2025-03-04T21:33:40.0573440Z,,v3,471300,471313,,"Pancione, Garrett",1000048493,Right,GEO_PAT,029f32b6-bd08-45fb-a75e-873aaaa6a18b,53.91583,-130.21828,11.76593,6.13766,0.88975,-9.75102,-2.03913,5.31338,0.05522,,,,,,,,,,,,,,,,,,,,,,,,,,,,,,,,,,,,,,,,,,,,,,,,,,,High,High,High,,,,,
290,2025-03-04,16:34:03.11,5,7,"McCarthy, Dylan",10061232,Right,GEO_PAT,"Connors, Braden",10070579,Left,HOL_CRU,Undefined,6,Top,2,3,2,Slider,Slider,BallCalled,Walk,Undefined,Undefined,0,0,,80.54475,-2.507886,-2.33212,2297.214564,82.796103,8:45,5.90741,2.0363,6.13125,-41.87345,0.48772,-5.42721,0.09636,-0.57288,75.23076,-10.152582,-3.312136,0.468441,,,,,,,,,,,,2.26748,1.13984,-1.855,50,5.69311,4.95283,-117.04363,-6.40544,3.17162,20.36696,-30.57967,GEO_PAT,HOL_CRU,SpuhlerFieldMain,D1,A10,20250304-SpuhlerFieldMain-1,64e4bcb0-f940-11ef-9e84-f3ebf856d060,80.46351,,,5.31399,,,,,,,677a001a-4aeb-4bee-826e-3fb235647512,2025-03-04,21:34:03.11,2025-03-04T16:34:03.1169024-05:00,2025-03-04T21:34:03.1169024Z,,v3,471300,471313,,"Pancione, Garrett",1000048493,Right,GEO_PAT,ce164268-be04-41dc-a48e-b45c751ce5ba,54.37492,-117.80246,10.18348,5.91054,-5.26611,-15.28984,-2.03733,4.83467,1.58581,,,,,,,,,,,,,,,,,,,,,,,,,,,,,,,,,,,,,,,,,,,,,,,,,,,High,High,High,,,,,
291,2025-03-04,16:37:34.53,6,1,"Okeeffe, Shaun",1000297082,Left,GEO_PAT,"Scanlon, Sean",809071,Left,HOL_CRU,Undefined,6,Top,2,0,0,Slider,Curveball,StrikeCalled,Undefined,Undefined,Undefined,0,0,,76.12438,0.814678,2.073212,2240.355513,321.965499,4:45,5.85056,-1.96005,4.78961,-56.52066,-6.83713,6.39555,1.9132,0.53872,71.03353,-9.281085,3.198688,0.507315,,,,,,,,,,,,-2.65658,-3.19437,1.74707,50,5.88192,-4.25877,-110.57097,-0.47264,-3.32802,17.51538,-36.17578,GEO_PAT,HOL_CRU,SpuhlerFieldMain,D1,A10,20250304-SpuhlerFieldMain-1,e2e953a0-f940-11ef-9e84-f3ebf856d060,74.2979,,,5.09085,,,,,,,677a001a-4aeb-4bee-826e-3fb235647512,2025-03-04,21:37:34.53,2025-03-04T16:37:34.5374208-05:00,2025-03-04T21:37:34.5374208Z,,v3,471300,471313,,"Pancione, Garrett",1000048493,Right,GEO_PAT,7fb369ff-83da-4a41-b639-06fb28dd4972,55.7168,-111.47288,8.75769,5.8583,1.39014,-18.08789,1.96195,-4.0874,-1.66401,,,,,,,,,,,,,,,,,,,,,,,,,,,,,,,,,,,,,,,,,,,,,,,,,,,High,High,High,,,,,
292,2025-03-04,16:37:49.92,6,2,"Okeeffe, Shaun",1000297082,Left,GEO_PAT,"Scanlon, Sean",809071,Left,HOL_CRU,Undefined,6,Top,2,0,1,Slider,Curveball,StrikeCalled,Undefined,Undefined,Undefined,0,0,,76.42572,1.547961,1.476541,2316.163767,308.362686,4:15,5.80121,-1.8153,4.90922,-55.31153,-6.18981,9.51823,2.65666,0.37454,71.06914,-8.378961,3.154804,0.504439,,,,,,,,,,,,-4.33673,-3.01449,1.66259,50,5.90582,-3.24476,-111.01224,1.01169,-5.47031,17.86255,-35.97647,GEO_PAT,HOL_CRU,SpuhlerFieldMain,D1,A10,20250304-SpuhlerFieldMain-1,ec188db0-f940-11ef-9e84-f3ebf856d060,74.72157,,,5.35659,,,,,,,677a001a-4aeb-4bee-826e-3fb235647512,2025-03-04,21:37:49.92,2025-03-04T16:37:49.9201024-05:00,2025-03-04T21:37:49.9201024Z,,v3,471300,471313,,"Pancione, Garrett",1000048493,Right,GEO_PAT,fc854aca-6c8b-4905-8253-dfef11ab8c84,55.59661,-111.90914,8.93127,5.80968,2.81812,-17.98824,1.81862,-2.97009,-2.73515,,,,,,,,,,,,,,,,,,,,,,,,,,,,,,,,,,,,,,,,,,,,,,,,,,,High,High,High,,,,,
293,2025-03-04,16:38:07.44,6,3,"Okeeffe, Shaun",1000297082,Left,GEO_PAT,"Scanlon, Sean",809071,Left,HOL_CRU,Undefined,6,Top,2,0,2,Slider,Curveball,BallCalled,Undefined,Undefined,Undefined,0,0,,76.50723,-0.650887,3.405475,2220.786471,330.736389,5:00,5.67146,-1.80663,4.98475,-56.84605,-8.01174,5.20036,0.3185,1.84657,71.87862,-10.774986,4.323512,0.502961,,,,,,,,,,,,-1.80083,-3.58225,1.47331,50,5.56105,-6.80856,-111.07916,-3.26097,-2.2803,17.38491,-36.71005,GEO_PAT,HOL_CRU,SpuhlerFieldMain,D1,A10,20250304-SpuhlerFieldMain-1,f69d1e90-f940-11ef-9e84-f3ebf856d060,74.94114,,,4.62862,,,,,,,677a001a-4aeb-4bee-826e-3fb235647512,2025-03-04,21:38:07.44,2025-03-04T16:38:07.4429440-05:00,2025-03-04T21:38:07.4429440Z,,v3,471300,471313,,"Pancione, Garrett",1000048493,Right,GEO_PAT,8f85780c-a778-4abd-8e88-56eb7c9c02e6,55.5229,-111.9402,8.69246,5.67754,-1.44279,-18.35502,1.80773,-6.69562,-1.14015,,,,,,,,,,,,,,,,,,,,,,,,,,,,,,,,,,,,,,,,,,,,,,,,,,,High,High,High,,,,,
294,2025-03-04,16:38:26.96,6,4,"Okeeffe, Shaun",1000297082,Left,GEO_PAT,"Scanlon, Sean",809071,Left,HOL_CRU,Undefined,6,Top,2,1,2,Slider,Curveball,BallCalled,Undefined,Undefined,Undefined,0,0,,75.55069,0.079456,2.774367,2290.042754,296.80207,4:00,5.82479,-1.7636,4.90202,-54.832,-4.2265,11.24012,1.3307,1.79917,70.24248,-9.732997,4.754276,0.512,,,,,,,,,,,,-4.8539,-1.7137,1.48186,50,5.78606,-5.75295,-109.61971,-1.77357,-5.93497,18.49307,-34.26943,GEO_PAT,HOL_CRU,SpuhlerFieldMain,D1,A10,20250304-SpuhlerFieldMain-1,02482e10-f941-11ef-9e84-f3ebf856d060,73.61799,,,5.30821,,,,,,,677a001a-4aeb-4bee-826e-3fb235647512,2025-03-04,21:38:26.96,2025-03-04T16:38:26.9617664-05:00,2025-03-04T21:38:26.9617664Z,,v3,471300,471313,,"Pancione, Garrett",1000048493,Right,GEO_PAT,07ecfb57-b3f9-464e-bd29-a7a67de5d5b8,55.60343,-110.56098,9.24654,5.83195,-0.02931,-17.13472,1.76699,-5.45087,-2.96749,,,,,,,,,,,,,,,,,,,,,,,,,,,,,,,,,,,,,,,,,,,,,,,,,,,High,High,High,,,,,
295,2025-03-04,16:38:46.26,6,5,"Okeeffe, Shaun",1000297082,Left,GEO_PAT,"Scanlon, Sean",809071,Left,HOL_CRU,Undefined,6,Top,2,2,2,Sinker,Changeup,StrikeSwinging,Strikeout,Undefined,Undefined,0,0,,82.66468,-0.948962,1.410086,2216.982342,118.996234,10:00,5.90192,-1.71248,5.35115,-33.61805,7.46536,-11.4839,2.20996,-1.34658,76.9873,-7.073357,-0.632345,0.461323,,,,,,,,,,,,6.10677,4.31925,1.59401,50,5.79225,-2.48725,-120.18152,-3.17007,9.07814,19.70914,-25.75317,GEO_PAT,HOL_CRU,SpuhlerFieldMain,D1,A10,20250304-SpuhlerFieldMain-1,0da544a0-f941-11ef-9e84-f3ebf856d060,81.70518,,,5.67738,,,,,,,677a001a-4aeb-4bee-826e-3fb235647512,2025-03-04,21:38:46.26,2025-03-04T16:38:46.2617088-05:00,2025-03-04T21:38:46.2617088Z,,v3,471300,471313,,"Pancione, Garrett",1000048493,Right,GEO_PAT,c7eab927-8018-497a-9805-7bebd412d6ac,55.15284,-121.02361,9.85457,5.90419,-2.06974,-12.87658,1.70856,-2.87511,4.53907,,,,,,,,,,,,,,,,,,,,,,,,,,,,,,,,,,,,,,,,,,,,,,,,,,,High,High,High,,,,,
296,2025-03-04,16:41:09.36,1,1,"Needham, Jake",809062,Right,HOL_CRU,"Blanchard, Evan",10073877,Right,GEO_PAT,Undefined,6,Bottom,0,0,0,ChangeUp,Changeup,InPlay,Undefined,Popup,Out,1,0,,79.27033,-0.93938,-3.037993,1750.317572,239.695555,2:00,6.29917,1.30847,5.14125,-32.50293,13.58083,20.5456,2.70471,0.15722,72.19897,-6.923998,0.595875,0.488591,76.75025,85.632215,4.226729,,,,,,3.05213,,,-11.19473,7.48756,-1.04046,50,6.18635,5.26074,-114.83506,-2.96211,-14.85778,22.47282,-22.23648,GEO_PAT,HOL_CRU,SpuhlerFieldMain,D1,A10,20250304-SpuhlerFieldMain-1,63099ea0-f941-11ef-9e84-f3ebf856d060,77.14516,103.93292,,7.07135,,,,2.41155,2.97149,-0.35609,677a001a-4aeb-4bee-826e-3fb235647512,2025-03-04,21:41:09.36,2025-03-04T16:41:09.3624320-05:00,2025-03-04T21:41:09.3624320Z,,v3,471300,471313,,"Brown, Colin",1000242461,Right,HOL_CRU,234ba85a-6588-4f95-adf2-2c5a8de23369,55.36141,-115.87952,11.23641,6.3,-1.92864,-11.11824,-1.30101,5.95128,-7.42889,181.295586,2.41155,8.54957,-12.87487,5.21083,-1.50621,0.37922,-0.08058,0.01205,-0.00093,2.97149,112.23988,-31.27586,4.14448,-0.66776,0.05609,0.01443,-0.00809,0.00122,-0.35609,0.63186,2.52765,-1.1029,0.33047,-0.0855,0.01881,-0.00295,0.00024,,,,,,,,,,,,,,,,,,,,,,,High,High,High,High,Undefined,,,
297,2025-03-04,16:41:47.22,2,1,"Needham, Jake",809062,Right,HOL_CRU,"Tignor, Laken",1000091229,Right,GEO_PAT,Undefined,6,Bottom,1,0,0,Fastball,Changeup,BallCalled,Undefined,Undefined,Undefined,0,0,,80.4692,0.092609,-4.250546,1711.619261,217.53359,1:15,6.25512,1.27841,5.09545,-25.29301,19.45934,13.81398,4.23489,-1.58368,73.22379,-4.61606,-1.818054,0.481481,,,,,,,,,,,,-8.01784,10.05969,-0.88724,50,6.2447,8.06381,-116.41057,-0.61551,-10.99149,22.05176,-18.38342,GEO_PAT,HOL_CRU,SpuhlerFieldMain,D1,A10,20250304-SpuhlerFieldMain-1,79834050-f941-11ef-9e84-f3ebf856d060,78.28436,,,7.2454,,,,,,,677a001a-4aeb-4bee-826e-3fb235647512,2025-03-04,21:41:47.22,2025-03-04T16:41:47.2290304-05:00,2025-03-04T21:41:47.2290304Z,,v3,471300,471313,,"Brown, Colin",1000242461,Right,HOL_CRU,bc5513a2-e42b-446c-9b39-86fdcf5918be,55.40431,-117.42985,11.02588,6.25351,0.23421,-9.19171,-1.27171,8.57186,-5.49574,,,,,,,,,,,,,,,,,,,,,,,,,,,,,,,,,,,,,,,,,,,,,,,,,,,High,High,High,,,,,
298,2025-03-04,16:42:01.19,2,2,"Needham, Jake",809062,Right,HOL_CRU,"Tignor, Laken",1000091229,Right,GEO_PAT,Undefined,6,Bottom,1,1,0,Curveball,Curveball,BallCalled,Undefined,Undefined,Undefined,0,0,,67.63538,2.403646,0.661604,1785.005333,8.484908,6:15,6.06606,1.37199,4.34641,-74.22,-8.94768,-1.66083,2.17928,1.86579,62.04507,-10.818106,0.37125,0.581482,,,,,,,,,,,,1.02205,-4.76048,-1.44134,50,6.24914,-1.07038,-97.9607,1.64327,0.984,16.8038,-36.75738,GEO_PAT,HOL_CRU,SpuhlerFieldMain,D1,A10,20250304-SpuhlerFieldMain-1,81fff340-f941-11ef-9e84-f3ebf856d060,64.82138,,,5.59031,,,,,,,677a001a-4aeb-4bee-826e-3fb235647512,2025-03-04,21:42:01.19,2025-03-04T16:42:01.1994112-05:00,2025-03-04T21:42:01.1994112Z,,v3,471300,471313,,"Brown, Colin",1000242461,Right,HOL_CRU,e0b9df06-f4b6-4c60-b207-4d58087eed02,56.16003,-99.01173,8.4019,6.07446,3.94234,-18.37869,-1.37247,-1.13193,0.492,,,,,,,,,,,,,,,,,,,,,,,,,,,,,,,,,,,,,,,,,,,,,,,,,,,High,High,High,,,,,
299,2025-03-04,16:42:16.69,2,3,"Needham, Jake",809062,Right,HOL_CRU,"Tignor, Laken",1000091229,Right,GEO_PAT,Undefined,6,Bottom,1,2,0,ChangeUp,Changeup,BallCalled,Undefined,Undefined,Undefined,0,0,,80.61696,0.723634,-2.951467,1774.465662,243.281494,2:00,6.2193,1.27564,5.01646,-33.32592,11.39166,19.65851,4.12607,0.12573,73.27858,-5.401362,0.51531,0.481294,,,,,,,,,,,,-10.53312,5.87776,-1.00892,50,6.2624,5.17142,-116.763,0.31701,-14.47983,22.85497,-24.09394,GEO_PAT,HOL_CRU,SpuhlerFieldMain,D1,A10,20250304-SpuhlerFieldMain-1,8b125680-f941-11ef-9e84-f3ebf856d060,78.31478,,,7.33838,,,,,,,677a001a-4aeb-4bee-826e-3fb235647512,2025-03-04,21:42:16.69,2025-03-04T16:42:16.6975488-05:00,2025-03-04T21:42:16.6975488Z,,v3,471300,471313,,"Brown, Colin",1000242461,Right,HOL_CRU,41ea8d7a-d987-4515-8a20-6884f30e9849,55.48432,-117.8316,11.42749,6.22124,1.44354,-12.04697,-1.26654,5.84844,-7.23991,,,,,,,,,,,,,,,,,,,,,,,,,,,,,,,,,,,,,,,,,,,,,,,,,,,High,High,High,,,,,
300,2025-03-04,16:42:31.17,2,4,"Needham, Jake",809062,Right,HOL_CRU,"Tignor, Laken",1000091229,Right,GEO_PAT,Undefined,6,Bottom,1,3,0,ChangeUp,Changeup,StrikeCalled,Undefined,Undefined,Undefined,0,0,,80.18497,-0.817888,-4.447878,1789.443656,238.617061,2:00,6.31416,1.28947,4.99625,-31.63238,13.45178,19.67225,2.90352,-1.2792,73.42277,-6.611894,-0.986807,0.483263,,,,,,,,,,,,-10.92666,7.31296,-0.87738,50,6.20991,8.19296,-116.0328,-2.7494,-14.93614,21.17228,-22.17765,GEO_PAT,HOL_CRU,SpuhlerFieldMain,D1,A10,20250304-SpuhlerFieldMain-1,93b57d30-f941-11ef-9e84-f3ebf856d060,77.99573,,,6.7622,,,,,,,677a001a-4aeb-4bee-826e-3fb235647512,2025-03-04,21:42:31.17,2025-03-04T16:42:31.1721984-05:00,2025-03-04T21:42:31.1721984Z,,v3,471300,471313,,"Brown, Colin",1000242461,Right,HOL_CRU,0346cda8-5fb5-4337-bf90-209f6f42b124,55.50596,-117.03315,10.58614,6.31506,-1.70155,-11.08883,-1.28115,8.89866,-7.46807,,,,,,,,,,,,,,,,,,,,,,,,,,,,,,,,,,,,,,,,,,,,,,,,,,,High,High,High,,,,,
301,2025-03-04,16:42:46.66,2,5,"Needham, Jake",809062,Right,HOL_CRU,"Tignor, Laken",1000091229,Right,GEO_PAT,Undefined,6,Bottom,1,3,1,ChangeUp,Changeup,BallCalled,Walk,Undefined,Undefined,0,0,,79.47646,-3.042882,-3.696379,1711.290272,223.529033,1:30,6.30361,1.16431,5.08992,-28.17379,16.92934,14.88457,1.07908,-1.08412,74.08951,-8.170855,-1.068824,0.483365,,,,,,,,,,,,-8.27276,9.51749,-0.82649,50,5.99289,6.83899,-115.16283,-7.07421,-11.31134,17.75369,-19.16079,GEO_PAT,HOL_CRU,SpuhlerFieldMain,D1,A10,20250304-SpuhlerFieldMain-1,9d0e5f50-f941-11ef-9e84-f3ebf856d060,77.97932,,,5.38695,,,,,,,677a001a-4aeb-4bee-826e-3fb235647512,2025-03-04,21:42:46.66,2025-03-04T16:42:46.6644480-05:00,2025-03-04T21:42:46.6644480Z,,v3,471300,471313,,"Brown, Colin",1000242461,Right,HOL_CRU,f70514e0-a9a2-43ef-8a19-399a387c6998,55.41387,-115.99443,8.87684,6.30323,-6.17669,-9.58039,-1.15925,7.36883,-5.65567,,,,,,,,,,,,,,,,,,,,,,,,,,,,,,,,,,,,,,,,,,,,,,,,,,,High,High,High,,,,,
302,2025-03-04,16:43:09.81,3,1,"Needham, Jake",809062,Right,HOL_CRU,"Alberti, Lucas",1000145512,Right,GEO_PAT,Undefined,6,Bottom,1,0,0,ChangeUp,Changeup,StrikeCalled,Undefined,Undefined,Undefined,0,0,,78.79218,-1.526149,-2.896798,1764.652385,216.943382,1:15,6.16979,1.36685,4.9843,-30.51423,15.0704,10.47619,2.18349,-0.49815,73.90802,-7.056319,-1.049896,0.485938,,,,,,,,,,,,-5.81469,8.15965,-1.09627,50,5.99747,5.3696,-114.45072,-4.09742,-7.91189,16.00375,-21.07145,GEO_PAT,HOL_CRU,SpuhlerFieldMain,D1,A10,20250304-SpuhlerFieldMain-1,aabda340-f941-11ef-9e84-f3ebf856d060,77.5664,,,4.88416,,,,,,,677a001a-4aeb-4bee-826e-3fb235647512,2025-03-04,21:43:09.81,2025-03-04T16:43:09.8150912-05:00,2025-03-04T21:43:09.8150912Z,,v3,471300,471313,,"Brown, Colin",1000242461,Right,HOL_CRU,ddcb1f7f-9c2c-4e99-a93d-ea25b99141da,55.51985,-115.21998,8.00187,6.17009,-3.08457,-10.53573,-1.36351,5.74991,-3.95595,,,,,,,,,,,,,,,,,,,,,,,,,,,,,,,,,,,,,,,,,,,,,,,,,,,High,High,High,,,,,
303,2025-03-04,16:43:25.38,3,2,"Needham, Jake",809062,Right,HOL_CRU,"Alberti, Lucas",1000145512,Right,GEO_PAT,Undefined,6,Bottom,1,0,1,Curveball,Curveball,StrikeCalled,Undefined,Undefined,Undefined,0,0,,68.52996,3.333176,-1.137241,1916.074036,17.139645,6:30,6.14559,1.36205,4.75533,-69.6098,-8.32418,-3.0615,3.51008,0.02826,63.99731,-9.110056,-1.675299,0.563444,,,,,,,,,,,,1.24008,-4.38319,-1.24496,50,6.41844,2.08683,-99.48049,3.50814,1.26232,13.59807,-36.63582,GEO_PAT,HOL_CRU,SpuhlerFieldMain,D1,A10,20250304-SpuhlerFieldMain-1,b412b4d0-f941-11ef-9e84-f3ebf856d060,66.89651,,,4.53265,,,,,,,677a001a-4aeb-4bee-826e-3fb235647512,2025-03-04,21:43:25.38,2025-03-04T16:43:25.3891072-05:00,2025-03-04T21:43:25.3891072Z,,v3,471300,471313,,"Brown, Colin",1000242461,Right,HOL_CRU,eb614121-fbfa-46ea-a9ba-1051ef85a620,55.75217,-100.26367,6.79904,6.15562,5.61819,-18.31791,-1.36305,2.01412,0.63116,,,,,,,,,,,,,,,,,,,,,,,,,,,,,,,,,,,,,,,,,,,,,,,,,,,High,High,High,,,,,
304,2025-03-04,16:43:40.45,3,3,"Needham, Jake",809062,Right,HOL_CRU,"Alberti, Lucas",1000145512,Right,GEO_PAT,Undefined,6,Bottom,1,0,2,Curveball,Curveball,BallCalled,Undefined,Undefined,Undefined,0,0,,70.24405,3.371824,-1.006147,1910.945714,10.490895,6:15,6.11056,1.30857,4.13864,-69.54878,-9.20898,-2.03803,3.55312,0.1736,64.82928,-8.960492,-1.360385,0.559079,,,,,,,,,,,,0.71134,-4.7639,-1.19434,50,6.41092,1.86911,-101.74468,3.47601,0.74932,15.92576,-37.1923,GEO_PAT,HOL_CRU,SpuhlerFieldMain,D1,A10,20250304-SpuhlerFieldMain-1,bd0c38e0-f941-11ef-9e84-f3ebf856d060,67.41878,,,5.41477,,,,,,,677a001a-4aeb-4bee-826e-3fb235647512,2025-03-04,21:43:40.45,2025-03-04T16:43:40.4572672-05:00,2025-03-04T21:43:40.4572672Z,,v3,471300,471313,,"Brown, Colin",1000242461,Right,HOL_CRU,35d137e6-0682-4e9d-86ec-3acaf15a3544,56.36727,-102.7365,7.96288,6.12231,5.79225,-18.59615,-1.30929,1.82245,0.37466,,,,,,,,,,,,,,,,,,,,,,,,,,,,,,,,,,,,,,,,,,,,,,,,,,,High,High,High,,,,,
305,2025-03-04,16:43:54.53,3,4,"Needham, Jake",809062,Right,HOL_CRU,"Alberti, Lucas",1000145512,Right,GEO_PAT,Undefined,6,Bottom,1,1,2,Curveball,Curveball,BallCalled,Undefined,Undefined,Undefined,0,0,,67.93607,0.979085,-2.715188,1856.926741,25.495543,6:45,6.14935,1.33242,4.5919,-70.75055,-7.10142,-4.31729,1.18594,-1.61205,63.09045,-11.605212,-3.47265,0.574206,,,,,,,,,,,,1.36417,-3.24992,-1.04747,50,6.18411,4.82774,-98.47603,-0.63876,1.33881,15.7213,-35.36357,GEO_PAT,HOL_CRU,SpuhlerFieldMain,D1,A10,20250304-SpuhlerFieldMain-1,c58e9120-f941-11ef-9e84-f3ebf856d060,65.64273,,,4.84562,,,,,,,677a001a-4aeb-4bee-826e-3fb235647512,2025-03-04,21:43:54.53,2025-03-04T16:43:54.5321472-05:00,2025-03-04T21:43:54.5321472Z,,v3,471300,471313,,"Brown, Colin",1000242461,Right,HOL_CRU,6a066347-a5e6-46a3-8635-66994dea36b6,55.91396,-99.41569,7.86065,6.15912,1.47491,-17.68179,-1.33363,4.74772,0.6694,,,,,,,,,,,,,,,,,,,,,,,,,,,,,,,,,,,,,,,,,,,,,,,,,,,High,High,High,,,,,
306,2025-03-04,16:44:10.90,3,5,"Needham, Jake",809062,Right,HOL_CRU,"Alberti, Lucas",1000145512,Right,GEO_PAT,Undefined,6,Bottom,1,2,2,Curveball,Curveball,BallCalled,Undefined,Undefined,Undefined,0,0,,69.12775,3.394395,-1.1003,2001.672603,7.727459,6:15,6.12189,1.25477,4.50201,-69.2422,-8.55615,-1.37209,3.59027,0.09194,64.62893,-8.92227,-1.340327,0.560681,,,,,,,,,,,,0.42039,-4.49536,-1.13798,50,6.41085,1.97877,-100.33568,3.58988,0.43632,13.48118,-36.83956,GEO_PAT,HOL_CRU,SpuhlerFieldMain,D1,A10,20250304-SpuhlerFieldMain-1,cf334950-f941-11ef-9e84-f3ebf856d060,67.22617,,,4.49882,,,,,,,677a001a-4aeb-4bee-826e-3fb235647512,2025-03-04,21:44:10.90,2025-03-04T16:44:10.9011456-05:00,2025-03-04T21:44:10.9011456Z,,v3,471300,471313,,"Brown, Colin",1000242461,Right,HOL_CRU,b4892394-936e-4119-9d0e-68f5bb79788f,56.00577,-101.1394,6.74059,6.13136,5.78618,-18.41978,-1.25518,1.95276,0.21816,,,,,,,,,,,,,,,,,,,,,,,,,,,,,,,,,,,,,,,,,,,,,,,,,,,High,High,High,,,,,
307,2025-03-04,16:44:28.18,3,6,"Needham, Jake",809062,Right,HOL_CRU,"Alberti, Lucas",1000145512,Right,GEO_PAT,Undefined,6,Bottom,1,3,2,Curveball,Curveball,FoulBallNotFieldable,Undefined,Undefined,Undefined,0,0,,69.57106,1.962779,-1.925185,1853.262813,8.618884,6:15,6.14435,1.31393,4.15568,-70.54209,-9.10394,-1.65736,2.14965,-0.67083,64.52261,-10.51231,-2.213682,0.564145,,,,,,,,,,,,0.29362,-4.60992,-1.09843,50,6.286,3.45356,-100.85302,0.97663,0.30343,15.89042,-36.93785,GEO_PAT,HOL_CRU,SpuhlerFieldMain,D1,A10,20250304-SpuhlerFieldMain-1,d9984440-f941-11ef-9e84-f3ebf856d060,66.81343,,,5.04844,,,,,,,677a001a-4aeb-4bee-826e-3fb235647512,2025-03-04,21:44:28.18,2025-03-04T16:44:28.1886720-05:00,2025-03-04T21:44:28.1886720Z,,v3,471300,471313,,"Brown, Colin",1000242461,Right,HOL_CRU,518c6a39-096a-4478-9a5a-4673127c8f53,56.35156,-101.84886,7.94521,6.15226,3.29149,-18.46893,-1.31426,3.43455,0.15172,,,,,,,,,,,,,,,,,,,,,,,,,,,,,,,,,,,,,,,,,,,,,,,,,,,High,High,High,,,,,
308,2025-03-04,16:44:46.34,3,7,"Needham, Jake",809062,Right,HOL_CRU,"Alberti, Lucas",1000145512,Right,GEO_PAT,Undefined,6,Bottom,1,3,2,Curveball,Curveball,BallCalled,Walk,Undefined,Undefined,0,0,,69.84834,3.994912,-0.478604,1881.985184,25.24001,6:45,6.21263,1.20857,4.69357,-66.66882,-6.50741,-3.95677,4.45618,0.42441,63.97229,-7.988933,-1.172601,0.558252,,,,,,,,,,,,1.79299,-3.69512,-1.1562,50,6.55854,0.99698,-101.10935,4.81359,1.85508,16.56971,-35.99713,GEO_PAT,HOL_CRU,SpuhlerFieldMain,D1,A10,20250304-SpuhlerFieldMain-1,e452d940-f941-11ef-9e84-f3ebf856d060,67.51865,,,5.87604,,,,,,,677a001a-4aeb-4bee-826e-3fb235647512,2025-03-04,21:44:46.34,2025-03-04T16:44:46.3483392-05:00,2025-03-04T21:44:46.3483392Z,,v3,471300,471313,,"Brown, Colin",1000242461,Right,HOL_CRU,05aefcab-385e-4b3d-bdf1-b0266c57ef32,55.81053,-102.05714,8.28485,6.22431,6.87262,-17.99856,-1.2102,0.89087,0.92754,,,,,,,,,,,,,,,,,,,,,,,,,,,,,,,,,,,,,,,,,,,,,,,,,,,High,High,High,,,,,
309,2025-03-04,16:45:14.30,4,1,"Needham, Jake",809062,Right,HOL_CRU,"Lavin, Sam",1000364332,Left,GEO_PAT,Undefined,6,Bottom,1,0,0,ChangeUp,Changeup,BallCalled,Undefined,Undefined,Undefined,0,0,,79.6229,-1.458896,-0.868222,1744.061373,216.443021,1:15,6.06222,1.39511,4.98411,-30.59576,15.00666,10.00186,2.13436,1.40861,73.04054,-7.06507,0.898249,0.486032,,,,,,,,,,,,-5.2,8.27241,-1.31998,50,5.89701,1.33253,-115.47352,-3.97876,-7.02593,21.36412,-20.99686,GEO_PAT,HOL_CRU,SpuhlerFieldMain,D1,A10,20250304-SpuhlerFieldMain-1,f4f608d0-f941-11ef-9e84-f3ebf856d060,77.55127,,,6.58236,,,,,,,677a001a-4aeb-4bee-826e-3fb235647512,2025-03-04,21:45:14.30,2025-03-04T16:45:14.3063040-05:00,2025-03-04T21:45:14.3063040Z,,v3,471300,471313,,"Brown, Colin",1000242461,Right,HOL_CRU,3e32391c-0d8a-4684-8465-17c2caa4e695,55.51693,-116.48975,10.68206,6.06252,-2.98,-10.49843,-1.39131,1.66673,-3.51296,,,,,,,,,,,,,,,,,,,,,,,,,,,,,,,,,,,,,,,,,,,,,,,,,,,High,High,High,,,,,
310,2025-03-04,16:45:29.15,4,2,"Needham, Jake",809062,Right,HOL_CRU,"Lavin, Sam",1000364332,Left,GEO_PAT,Undefined,6,Bottom,1,1,0,ChangeUp,Changeup,InPlay,Undefined,GroundBall,FieldersChoice,1,0,,79.83927,-1.130476,-2.493281,1709.95209,221.601305,1:30,6.20948,1.37531,5.12271,-29.69151,15.45213,12.43603,2.66917,0.06157,73.17299,-6.595555,-0.294251,0.483582,94.12778,-17.974637,18.89506,,,,,11.68136,10.93226,13.798306,0.066746,-6.93552,8.43209,-1.15107,50,6.0804,4.5373,-115.76428,-3.26995,-9.41892,21.45483,-20.72265,GEO_PAT,HOL_CRU,SpuhlerFieldMain,D1,A10,20250304-SpuhlerFieldMain-1,fde5c8e0-f941-11ef-9e84-f3ebf856d060,77.9443,2.8497,,6.66628,,,,3.03387,2.8497,-0.05842,677a001a-4aeb-4bee-826e-3fb235647512,2025-03-04,21:45:29.15,2025-03-04T16:45:29.1584000-05:00,2025-03-04T21:45:29.1584000Z,GroundBall,v3,471300,471313,,"Brown, Colin",1000242461,Right,HOL_CRU,782b0de3-0b7d-4ae8-9ac9-2901d5ba3e09,55.38001,-116.75711,10.72742,6.20953,-2.311,-10.36133,-1.37112,4.97317,-4.70946,180,3.03099,124.508,,,,,,,,2.85069,-42.69486,,,,,,,,-0.05941,42.61662,,,,,,,,,,,,,,,,,,,,,,,,,,,,,,High,High,High,High,High,,,
311,2025-03-04,16:46:00.14,5,1,"Needham, Jake",809062,Right,HOL_CRU,"Capers, Tripp",10118940,Right,GEO_PAT,Undefined,6,Bottom,2,0,0,ChangeUp,Changeup,FoulBallNotFieldable,Undefined,Undefined,Undefined,0,0,,81.09867,-0.361249,-2.97718,1778.389474,236.942067,2:00,6.18304,1.40438,5.07002,-29.15265,15.80312,21.53611,3.41258,0.38939,72.38964,-5.802,0.825427,0.482574,83.96791,27.377606,-40.16675,2188.905805,79.54583,45.14827,-75.97665,278.86455,225.05976,-50.109013,3.709303,-11.8076,8.45878,-1.1398,50,6.1266,5.18336,-117.23849,-1.70042,-16.01974,27.37065,-20.69773,GEO_PAT,HOL_CRU,SpuhlerFieldMain,D1,A10,20250304-SpuhlerFieldMain-1,1059e7e0-f942-11ef-9e84-f3ebf856d060,78.10703,50.09197,,8.70903,,,,2.38702,3.50622,-0.32347,677a001a-4aeb-4bee-826e-3fb235647512,2025-03-04,21:46:00.14,2025-03-04T16:46:00.1422848-05:00,2025-03-04T21:46:00.1422848Z,LineDrive,v3,471300,471313,,"Brown, Colin",1000242461,Right,HOL_CRU,5ad3d467-fd2d-417b-8328-426e5f2d6e3c,55.43022,-118.49946,13.68533,6.18297,-0.74688,-10.34887,-1.3956,5.92139,-8.00987,129.577287,2.38698,83.57276,-18.42807,4.72302,-1.24415,0.34293,-0.09091,0.0155,-0.0011,3.5066,56.61821,-18.96201,1.04935,0.17434,-0.20323,0.0795,-0.01446,0.00101,-0.32338,-70.54266,4.06832,0.11726,-0.122,-0.01392,0.02209,-0.00582,0.00049,,,,,,,,,,,,,,,,,,,,,,,High,High,High,High,Medium,,,
312,2025-03-04,16:46:23.83,5,2,"Needham, Jake",809062,Right,HOL_CRU,"Capers, Tripp",10118940,Right,GEO_PAT,Undefined,6,Bottom,2,0,1,Curveball,Curveball,StrikeCalled,Undefined,Undefined,Undefined,0,0,,69.28761,2.355002,-1.730063,1928.926217,39.644941,7:15,6.2346,1.29162,5.08585,-68.40023,-8.2591,-8.38524,2.75669,-1.03842,63.919,-9.975876,-3.213362,0.558158,,,,,,,,,,,,3.67662,-4.22236,-1.12085,50,6.4035,3.33768,-100.49439,1.95958,3.75151,16.62351,-36.48242,GEO_PAT,HOL_CRU,SpuhlerFieldMain,D1,A10,20250304-SpuhlerFieldMain-1,1e6d1dc0-f942-11ef-9e84-f3ebf856d060,67.53004,,,5.36861,,,,,,,677a001a-4aeb-4bee-826e-3fb235647512,2025-03-04,21:46:23.83,2025-03-04T16:46:23.8391808-05:00,2025-03-04T21:46:23.8391808Z,,v3,471300,471313,,"Brown, Colin",1000242461,Right,HOL_CRU,444a8ca9-81b8-4cfe-920c-0f1dbabfdba9,55.41976,-101.38694,8.31176,6.2457,3.91841,-18.24121,-1.29466,3.13626,1.87575,,,,,,,,,,,,,,,,,,,,,,,,,,,,,,,,,,,,,,,,,,,,,,,,,,,High,High,High,,,,,
313,2025-03-04,16:46:38.37,5,3,"Needham, Jake",809062,Right,HOL_CRU,"Capers, Tripp",10118940,Right,GEO_PAT,Undefined,6,Bottom,2,0,2,Curveball,Curveball,FoulBallNotFieldable,Undefined,Undefined,Undefined,0,0,,70.77582,2.269125,0.210927,2000.750016,41.759201,7:30,6.12547,1.28577,4.16397,-67.13913,-8.32044,-8.86371,2.7071,0.74934,65.98752,-9.605633,-1.332767,0.551987,55.81253,16.636196,129.672892,3501.410038,,,,108.2636,44.62028,136.10997,1.55922,4.34862,-4.17201,-1.29903,50,6.30457,-0.02778,-102.73516,1.64598,4.70458,15.06616,-36.68756,GEO_PAT,HOL_CRU,SpuhlerFieldMain,D1,A10,20250304-SpuhlerFieldMain-1,2734bc60-f942-11ef-9e84-f3ebf856d060,68.28498,10.56908,,4.7883,,,,0.72327,2.44918,-0.86327,677a001a-4aeb-4bee-826e-3fb235647512,2025-03-04,21:46:38.37,2025-03-04T16:46:38.3709696-05:00,2025-03-04T21:46:38.3709696Z,GroundBall,v3,471300,471313,,"Brown, Colin",1000242461,Right,HOL_CRU,4b86bd1e-a9b7-48cb-8aca-4546103b13bb,56.34353,-103.66127,7.53308,6.13408,3.90114,-18.34378,-1.28843,-0.31697,2.35229,282.993747,0.72327,-50.07134,-0.7714,0.40702,-0.11438,0.10163,-0.07919,0.03194,-0.00513,2.44918,23.43496,-17.72406,1.24449,-0.11205,0.05136,-0.06396,0.0301,-0.0052,-0.86325,60.37016,-7.7963,0.55484,-1.50507,2.26689,-1.68939,0.6395,-0.09779,,,,,,,,,,,,,,,,,,,,,,,High,High,High,High,Medium,,,
314,2025-03-04,16:46:57.10,5,4,"Needham, Jake",809062,Right,HOL_CRU,"Capers, Tripp",10118940,Right,GEO_PAT,Undefined,6,Bottom,2,0,2,Curveball,Curveball,StrikeSwinging,Strikeout,Undefined,Undefined,0,0,,68.43934,1.444127,-1.660936,1926.486367,20.131365,6:45,6.28405,1.2757,4.35203,-71.94768,-7.82741,-3.6976,1.66902,-0.61976,62.5711,-11.37132,-2.30749,0.576327,,,,,,,,,,,,1.26606,-3.70571,-1.09314,50,6.36682,3.01296,-99.04733,0.05367,1.23868,18.05211,-35.79965,GEO_PAT,HOL_CRU,SpuhlerFieldMain,D1,A10,20250304-SpuhlerFieldMain-1,325a6f40-f942-11ef-9e84-f3ebf856d060,65.40113,,,5.86825,,,,,,,677a001a-4aeb-4bee-826e-3fb235647512,2025-03-04,21:46:57.10,2025-03-04T16:46:57.1025408-05:00,2025-03-04T21:46:57.1025408Z,,v3,471300,471313,,"Brown, Colin",1000242461,Right,HOL_CRU,4a9f5bdc-03e6-4149-b510-fc6a4ff05938,56.15204,-100.16231,9.02605,6.29522,2.26482,-17.89983,-1.27687,2.93645,0.61934,,,,,,,,,,,,,,,,,,,,,,,,,,,,,,,,,,,,,,,,,,,,,,,,,,,High,High,High,,,,,
315,2025-03-04,16:49:36.20,1,1,"Meeks, Gardner",1000324679,Right,GEO_PAT,"Baillargeon, Chris",809051,Right,HOL_CRU,Undefined,7,Top,0,0,0,Sinker,Changeup,StrikeCalled,Undefined,Undefined,Undefined,0,0,,79.31423,0.225851,-5.0373,1882.643198,241.713835,2:00,4.804,3.26205,5.83989,-35.19774,9.56319,15.09576,2.08159,-0.17398,72.51963,-6.296991,-2.344858,0.481527,,,,,,,,,,,,-9.12989,5.24382,-2.85949,50,4.80172,9.55366,-114.81744,-0.62021,-12.18917,21.23458,-25.1731,GEO_PAT,HOL_CRU,SpuhlerFieldMain,D1,A10,20250304-SpuhlerFieldMain-1,912714b0-f942-11ef-9e84-f3ebf856d060,78.27684,,,6.7946,,,,,,,677a001a-4aeb-4bee-826e-3fb235647512,2025-03-04,21:49:36.20,2025-03-04T16:49:36.2066432-05:00,2025-03-04T21:49:36.2066432Z,,v3,471300,471313,,"Pancione, Garrett",1000048493,Right,GEO_PAT,78f73e3d-b7d2-49ac-834a-4b5b56451ca5,54.66281,-115.67658,10.61729,4.80621,0.39828,-12.58655,-3.256,10.04683,-6.09459,,,,,,,,,,,,,,,,,,,,,,,,,,,,,,,,,,,,,,,,,,,,,,,,,,,High,High,High,,,,,
316,2025-03-04,16:49:50.55,1,2,"Meeks, Gardner",1000324679,Right,GEO_PAT,"Baillargeon, Chris",809051,Right,HOL_CRU,Undefined,7,Top,0,0,1,Curveball,Curveball,StrikeCalled,Undefined,Undefined,Undefined,0,0,,65.73018,3.34721,-1.595693,1954.694329,78.171346,8:30,4.39483,3.36595,4.89463,-68.93437,-1.4211,-16.85611,1.82142,0.45144,60.46052,-9.085064,-4.560504,0.591379,,,,,,,,,,,,7.90843,-1.11929,-3.19431,50,4.66497,3.23391,-95.20131,3.48619,7.23391,15.06772,-33.19787,GEO_PAT,HOL_CRU,SpuhlerFieldMain,D1,A10,20250304-SpuhlerFieldMain-1,99c27330-f942-11ef-9e84-f3ebf856d060,63.73651,,,5.26967,,,,,,,677a001a-4aeb-4bee-826e-3fb235647512,2025-03-04,21:49:50.55,2025-03-04T16:49:50.5509888-05:00,2025-03-04T21:49:50.5509888Z,,v3,471300,471313,,"Pancione, Garrett",1000048493,Right,GEO_PAT,1f0ce4d4-cfdf-40fb-87c1-7ba6e2bc3b83,55.61028,-96.08516,7.53386,4.40336,5.43352,-16.59893,-3.37157,2.80958,3.61696,,,,,,,,,,,,,,,,,,,,,,,,,,,,,,,,,,,,,,,,,,,,,,,,,,,High,High,High,,,,,
317,2025-03-04,16:50:04.49,1,3,"Meeks, Gardner",1000324679,Right,GEO_PAT,"Baillargeon, Chris",809051,Right,HOL_CRU,Undefined,7,Top,0,0,2,Curveball,Curveball,BallCalled,Undefined,Undefined,Undefined,0,0,,66.72977,1.848351,-2.605916,1900.834243,100.02532,9:15,4.67491,3.02276,4.76841,-61.84405,4.93319,-14.25737,1.27618,-0.63786,60.61035,-9.340902,-5.106382,0.588147,,,,,,,,,,,,6.18378,2.43091,-2.74798,50,4.80656,4.8995,-96.46887,1.22432,5.71891,17.61071,-29.92588,GEO_PAT,HOL_CRU,SpuhlerFieldMain,D1,A10,20250304-SpuhlerFieldMain-1,a20ec750-f942-11ef-9e84-f3ebf856d060,64.08681,,,6.11942,,,,,,,677a001a-4aeb-4bee-826e-3fb235647512,2025-03-04,21:50:04.49,2025-03-04T16:50:04.4915712-05:00,2025-03-04T21:50:04.4915712Z,,v3,471300,471313,,"Pancione, Garrett",1000048493,Right,GEO_PAT,11b8cf93-a7c3-4bba-8dca-205292c8707a,55.73273,-97.50979,8.80535,4.68192,2.99314,-14.96294,-3.02759,4.56147,2.85945,,,,,,,,,,,,,,,,,,,,,,,,,,,,,,,,,,,,,,,,,,,,,,,,,,,High,High,High,,,,,
318,2025-03-04,16:50:22.49,1,4,"Meeks, Gardner",1000324679,Right,GEO_PAT,"Baillargeon, Chris",809051,Right,HOL_CRU,Undefined,7,Top,0,1,2,Sinker,Changeup,StrikeCalled,Strikeout,Undefined,Undefined,0,0,,80.58473,-0.669846,-5.949097,1962.660255,230.252676,1:45,4.85161,3.16374,6.00239,-28.29773,14.55194,15.95591,1.86939,-1.039,74.22175,-5.942915,-3.102073,0.471135,,,,,,,,,,,,-9.68638,8.04359,-2.70273,50,4.78293,11.55325,-116.59091,-2.19259,-13.46313,19.91805,-20.99425,GEO_PAT,HOL_CRU,SpuhlerFieldMain,D1,A10,20250304-SpuhlerFieldMain-1,aca4bd50-f942-11ef-9e84-f3ebf856d060,80.00353,,,6.36298,,,,,,,677a001a-4aeb-4bee-826e-3fb235647512,2025-03-04,21:50:22.49,2025-03-04T16:50:22.4970000-05:00,2025-03-04T21:50:22.4970000Z,,v3,471300,471313,,"Pancione, Garrett",1000048493,Right,GEO_PAT,8eec8e6a-a9e3-4810-9d0c-4db0b35b7b39,54.50062,-117.35726,9.95903,4.85175,-1.38483,-10.49712,-3.15721,12.07125,-6.73157,,,,,,,,,,,,,,,,,,,,,,,,,,,,,72.25185,,,0.894702,,,,5.57186,5.58286,0.70634,74.64666,3.79276,-50.13368,5.61965,83.11887,-6.67472,5.59198,8.35926,-11.59124,0.64543,-63.48321,7.52525,High,High,High,,,High,Medium,High
319,2025-03-04,16:50:50.00,2,1,"Meeks, Gardner",1000324679,Right,GEO_PAT,"Cooney, Connor",809061,Left,HOL_CRU,Undefined,7,Top,1,0,0,Sinker,Changeup,InPlay,Undefined,LineDrive,Double,0,0,,82.14608,-0.786246,-1.408229,1960.729123,225.951352,1:30,5.16696,1.15041,5.83977,-28.59722,12.12572,11.44127,2.05282,0.7947,76.59915,-6.069633,0.643882,0.459294,78.60911,16.922912,-18.082176,3065.312538,100.27843,25.52564,-45.213,229.06502,227.94565,-31.775701,2.992363,-6.25429,6.71327,-1.04275,50,5.08571,2.51594,-119.55562,-2.53399,-9.21927,19.06371,-22.27825,GEO_PAT,HOL_CRU,SpuhlerFieldMain,D1,A10,20250304-SpuhlerFieldMain-1,bd18c690-f942-11ef-9e84-f3ebf856d060,82.066,26.37644,,5.54693,,,,2.214,2.12699,-0.78674,677a001a-4aeb-4bee-826e-3fb235647512,2025-03-04,21:50:50.00,2025-03-04T16:50:50.0026368-05:00,2025-03-04T21:50:50.0026368Z,LineDrive,v3,471300,471313,,"Pancione, Garrett",1000048493,Right,GEO_PAT,e23a0254-a990-4fd5-ac10-1cf9b4e96e36,54.66578,-120.29729,9.53185,5.16743,-1.66725,-11.13912,-1.14761,2.87462,-4.60964,134.500178,2.214,104.85358,-22.50322,4.83562,-0.93779,0.15328,-0.02027,0.00198,-9E-05,2.12699,33.55871,-11.15913,-0.67386,0.34761,-0.0852,0.01437,-0.00107,-0,-0.78675,-34.23364,-4.99567,2.0717,-0.6224,0.14638,-0.02652,0.00315,-0.00017,,,,,,,,,,,,,,,,,,,,,,,High,High,High,High,High,,,
320,2025-03-04,16:51:28.05,3,1,"Meeks, Gardner",1000324679,Right,GEO_PAT,"Peek, Connor",809063,Right,HOL_CRU,Undefined,7,Top,1,0,0,Curveball,Curveball,StrikeCalled,Undefined,Undefined,Undefined,0,0,,65.38066,3.729215,-1.417405,1869.251789,86.314029,9:00,4.49076,3.35082,4.67986,-66.9183,1.02571,-13.0556,2.46195,0.91648,60.72293,-8.272407,-3.704065,0.593263,,,,,,,,,,,,6.07835,0.09146,-3.1939,50,4.80983,2.80065,-94.75704,4.11154,5.588,12.96965,-32.08997,GEO_PAT,HOL_CRU,SpuhlerFieldMain,D1,A10,20250304-SpuhlerFieldMain-1,d3c7f730-f942-11ef-9e84-f3ebf856d060,63.53416,,,4.65773,,,,,,,677a001a-4aeb-4bee-826e-3fb235647512,2025-03-04,21:51:28.05,2025-03-04T16:51:28.0574976-05:00,2025-03-04T21:51:28.0574976Z,,v3,471300,471313,,"Pancione, Garrett",1000048493,Right,GEO_PAT,80762e11-a412-4595-bdad-083898665190,55.82532,-95.55104,6.48482,4.49798,6.07609,-16.04498,-3.35489,2.45856,2.794,,,,,,,,,,,,,,,,,,,,,,,,,,,,,,,,,,,,,,,,,,,,,,,,,,,High,High,High,,,,,
321,2025-03-04,16:51:42.50,3,2,"Meeks, Gardner",1000324679,Right,GEO_PAT,"Peek, Connor",809063,Right,HOL_CRU,Undefined,7,Top,1,0,1,Curveball,Curveball,BallCalled,Undefined,Undefined,Undefined,0,0,,64.59589,4.213798,-0.387322,1832.8261,91.179128,9:00,4.56439,3.14123,4.93899,-67.07976,2.30626,-12.53666,2.96446,1.73042,59.52813,-7.916478,-2.594168,0.599525,,,,,,,,,,,,6.08461,0.64079,-3.09256,50,4.91907,1.06195,-93.54451,4.91133,5.41891,13.43949,-31.60338,GEO_PAT,HOL_CRU,SpuhlerFieldMain,D1,A10,20250304-SpuhlerFieldMain-1,dc646720-f942-11ef-9e84-f3ebf856d060,62.87048,,,5.06776,,,,,,,677a001a-4aeb-4bee-826e-3fb235647512,2025-03-04,21:51:42.50,2025-03-04T16:51:42.5037824-05:00,2025-03-04T21:51:42.5037824Z,,v3,471300,471313,,"Pancione, Garrett",1000048493,Right,GEO_PAT,e784f6a1-8f84-413a-9cd0-0f4f3066186f,55.56445,-94.34057,6.71975,4.57271,6.78328,-15.80169,-3.14595,0.74097,2.70945,,,,,,,,,,,,,,,,,,,,,,,,,,,,,,,,,,,,,,,,,,,,,,,,,,,High,High,High,,,,,
322,2025-03-04,16:51:58.56,3,3,"Meeks, Gardner",1000324679,Right,GEO_PAT,"Peek, Connor",809063,Right,HOL_CRU,Undefined,7,Top,1,1,1,Curveball,Curveball,BallCalled,Undefined,Undefined,Undefined,0,0,,65.1141,2.890233,-3.603508,1929.958806,98.451529,9:15,4.51183,3.13622,5.3097,-63.92224,4.975,-17.15103,1.90573,-1.68011,59.17106,-8.783297,-6.630506,0.59741,,,,,,,,,,,,7.40469,2.21788,-2.7957,50,4.72896,6.49415,-94.06887,2.97994,6.51405,16.69509,-30.22293,GEO_PAT,HOL_CRU,SpuhlerFieldMain,D1,A10,20250304-SpuhlerFieldMain-1,e61a8470-f942-11ef-9e84-f3ebf856d060,63.09312,,,5.94304,,,,,,,677a001a-4aeb-4bee-826e-3fb235647512,2025-03-04,21:51:58.56,2025-03-04T16:51:58.5652224-05:00,2025-03-04T21:51:58.5652224Z,,v3,471300,471313,,"Pancione, Garrett",1000048493,Right,GEO_PAT,21679c2f-5bcb-4f14-a9bb-7ceea91fe563,55.19117,-94.98572,8.34755,4.51973,4.6397,-15.11147,-3.14252,6.13641,3.25702,,,,,,,,,,,,,,,,,,,,,,,,,,,,,,,,,,,,,,,,,,,,,,,,,,,High,High,High,,,,,
323,2025-03-04,16:52:15.31,3,4,"Meeks, Gardner",1000324679,Right,GEO_PAT,"Peek, Connor",809063,Right,HOL_CRU,Undefined,7,Top,1,2,1,Sinker,Changeup,StrikeCalled,Undefined,Undefined,Undefined,0,0,,80.14039,0.73526,-4.71469,1941.365036,239.598347,2:00,4.77704,3.22665,5.48775,-33.00699,11.37823,16.96556,2.71674,0.21943,73.1598,-5.364527,-1.707067,0.479502,,,,,,,,,,,,-9.86253,5.94922,-2.82445,50,4.81943,8.89143,-115.99965,0.42987,-13.44982,21.52282,-24.06091,GEO_PAT,HOL_CRU,SpuhlerFieldMain,D1,A10,20250304-SpuhlerFieldMain-1,f0001630-f942-11ef-9e84-f3ebf856d060,78.60745,,,6.98059,,,,,,,677a001a-4aeb-4bee-826e-3fb235647512,2025-03-04,21:52:15.31,2025-03-04T16:52:15.3166336-05:00,2025-03-04T21:52:15.3166336Z,,v3,471300,471313,,"Pancione, Garrett",1000048493,Right,GEO_PAT,7e79707f-c459-4eab-ad15-7e4e173a7cba,55.01474,-116.92639,10.76141,4.77862,1.4659,-12.03046,-3.21976,9.47056,-6.72491,,,,,,,,,,,,,,,,,,,,,,,,,,,,,,,,,,,,,,,,,,,,,,,,,,,High,High,High,,,,,
324,2025-03-04,16:52:30.37,3,5,"Meeks, Gardner",1000324679,Right,GEO_PAT,"Peek, Connor",809063,Right,HOL_CRU,Undefined,7,Top,1,2,2,Curveball,Curveball,InPlay,Undefined,GroundBall,Error,0,0,,66.28657,2.508806,-2.290442,1941.663687,104.821215,9:30,4.45857,3.24691,5.16412,-59.84708,5.4739,-13.3728,1.8361,-0.0245,61.26893,-8.350355,-4.652267,0.581698,77.63323,-5.099611,-38.352189,,,,,24.91876,23.22477,-34.115456,0.192537,6.12721,2.53571,-3.02208,50,4.64677,4.28722,-96.10658,2.48549,5.74555,14.53324,-29.79628,GEO_PAT,HOL_CRU,SpuhlerFieldMain,D1,A10,20250304-SpuhlerFieldMain-1,f8fa0f70-f942-11ef-9e84-f3ebf856d060,64.79722,2.29188,,5.01763,,,,4.13617,2.29188,-0.20599,677a001a-4aeb-4bee-826e-3fb235647512,2025-03-04,21:52:30.37,2025-03-04T16:52:30.3716864-05:00,2025-03-04T21:52:30.3716864Z,GroundBall,v3,471300,471313,,"Pancione, Garrett",1000048493,Right,GEO_PAT,7327cd4b-3b73-4a3d-a7e4-407652d8c7df,55.34014,-96.91076,7.26662,4.46363,4.13422,-14.89814,-3.25051,3.9693,2.87278,103.619591,4.13665,88.90565,-16.84047,,,,,,,2.29189,-10.12138,-9.25688,,,,,,,-0.20539,-70.41253,-5.77774,,,,,,,,,,,,,,,,,,,,,,,,,,,,,High,High,High,High,High,,,
325,2025-03-04,16:53:04.30,4,1,"Meeks, Gardner",1000324679,Right,GEO_PAT,"Lafleur, John",10148726,Left,HOL_CRU,Undefined,7,Top,1,0,0,ChangeUp,Changeup,StrikeSwinging,Undefined,Undefined,Undefined,0,0,,72.51832,1.506643,-2.116852,1239.887774,211.979169,1:00,4.84011,1.77367,5.43253,-42.02317,11.67603,6.31465,2.75053,0.31644,66.90823,-6.212307,-0.994517,0.527418,,,,,,,,,,,,-3.75193,5.93815,-1.59066,50,4.94447,3.66899,-105.28036,1.51939,-4.24444,16.5452,-25.45636,GEO_PAT,HOL_CRU,SpuhlerFieldMain,D1,A10,20250304-SpuhlerFieldMain-1,0d3559e0-f943-11ef-9e84-f3ebf856d060,71.4659,,,5.61008,,,,,,,677a001a-4aeb-4bee-826e-3fb235647512,2025-03-04,21:53:04.30,2025-03-04T16:53:04.3080192-05:00,2025-03-04T21:53:04.3080192Z,,v3,471300,471313,,"Pancione, Garrett",1000048493,Right,GEO_PAT,7ca196ca-0c5e-4d0e-b695-438831e18365,55.07073,-106.07426,8.2726,4.84226,2.74087,-12.72818,-1.77159,3.87265,-2.12222,,,,,,,,,,,,,,,,,,,,,,,,,,,,,,,,,,,,,,,,,,,,,,,,,,,High,High,High,,,,,
326,2025-03-04,16:53:27.11,4,2,"Meeks, Gardner",1000324679,Right,GEO_PAT,"Lafleur, John",10148726,Left,HOL_CRU,Undefined,7,Top,1,0,1,ChangeUp,Changeup,BallCalled,Undefined,Undefined,Undefined,0,0,,71.12289,-0.881895,-2.422094,1255.614495,265.89012,2:45,4.78862,1.7558,5.42692,-53.23113,2.57547,13.25371,-0.47415,0.59026,66.31143,-10.517782,-0.058622,0.537668,,,,,,,,,,,,-7.41174,1.89225,-1.55068,50,4.67257,3.92201,-103.31401,-3.19285,-8.06953,16.03137,-30.11384,GEO_PAT,HOL_CRU,SpuhlerFieldMain,D1,A10,20250304-SpuhlerFieldMain-1,1acc33d0-f943-11ef-9e84-f3ebf856d060,70.10357,,,4.81146,,,,,,,677a001a-4aeb-4bee-826e-3fb235647512,2025-03-04,21:53:27.11,2025-03-04T16:53:27.1110144-05:00,2025-03-04T21:53:27.1110144Z,,v3,471300,471313,,"Pancione, Garrett",1000048493,Right,GEO_PAT,bcd29df6-92ce-4b37-8fbb-866a47ed85c9,55.07901,-104.09914,8.01569,4.79283,-1.71803,-15.05692,-1.75244,4.31721,-4.03477,,,,,,,,,,,,,,,,,,,,,,,,,,,,,,,,,,,,,,,,,,,,,,,,,,,High,High,High,,,,,
327,2025-03-04,16:53:47.82,4,3,"Meeks, Gardner",1000324679,Right,GEO_PAT,"Lafleur, John",10148726,Left,HOL_CRU,Undefined,7,Top,1,1,1,Sinker,Changeup,InPlay,Undefined,FlyBall,Double,0,2,,80.5798,0.530832,-2.39299,2042.503041,238.4772,2:00,5.07597,1.33224,5.74613,-31.34573,11.62426,16.8958,2.95853,0.51085,74.19648,-5.28226,0.628917,0.471796,97.26188,17.561748,1.763491,1419.691548,109.89051,29.1611,-4.89171,283.78158,247.88687,-9.932963,3.001837,-9.30871,6.15599,-1.14406,50,5.10083,4.2566,-117.07844,0.11199,-13.01147,20.64843,-23.56936,GEO_PAT,HOL_CRU,SpuhlerFieldMain,D1,A10,20250304-SpuhlerFieldMain-1,271509f0-f943-11ef-9e84-f3ebf856d060,79.89143,32.6948,,6.38332,,,,1.87073,2.99473,-0.48992,677a001a-4aeb-4bee-826e-3fb235647512,2025-03-04,21:53:47.82,2025-03-04T16:53:47.8281216-05:00,2025-03-04T21:53:47.8281216Z,LineDrive,v3,471300,471313,,"Pancione, Garrett",1000048493,Right,GEO_PAT,29c46dcb-d1f0-4859-9617-9ef869a5d13d,54.75835,-117.91465,10.32422,5.07697,1.0665,-11.78468,-1.32711,4.78354,-6.50574,123.568278,1.87074,135.93653,-25.29579,6.1824,-1.45284,0.3209,-0.05874,0.00718,-0.00041,2.99473,43.04253,-16.70539,0.91177,-0.08547,-0.00309,0.00275,-0.00036,2E-05,-0.48991,4.18483,-11.91742,2.95265,-0.7011,0.15594,-0.02864,0.00351,-0.0002,,,,,,,,,,,,,,,,,,,,,,,High,High,High,High,Medium,,,
328,2025-03-04,16:54:36.33,5,1,"Meeks, Gardner",1000324679,Right,GEO_PAT,"Sandell, Alexander",10317026,Right,HOL_CRU,Undefined,7,Top,1,0,0,Curveball,Curveball,BallCalled,Undefined,Undefined,Undefined,0,0,,66.56857,3.662281,-5.70713,1998.571898,97.878724,9:15,4.56741,3.13271,5.50478,-61.77976,4.49673,-15.05198,2.86617,-3.4772,60.03494,-7.662032,-8.353393,0.585937,,,,,,,,,,,,5.54481,1.75264,-2.6223,50,4.84867,10.08312,-95.76328,4.44673,5.02989,17.97762,-30.58419,GEO_PAT,HOL_CRU,SpuhlerFieldMain,D1,A10,20250304-SpuhlerFieldMain-1,4402e460-f943-11ef-9e84-f3ebf856d060,64.32844,,,6.53363,,,,,,,677a001a-4aeb-4bee-826e-3fb235647512,2025-03-04,21:54:36.33,2025-03-04T16:54:36.3353600-05:00,2025-03-04T21:54:36.3353600Z,,v3,471300,471313,,"Pancione, Garrett",1000048493,Right,GEO_PAT,180227bb-5709-486c-9a14-0bd7e11451a1,54.99355,-96.69617,8.98881,4.57675,6.03381,-15.29209,-3.13876,9.82211,2.51494,,,,,,,,,,,,,,,,,,,,,,,,,,,,,,,,,,,,,,,,,,,,,,,,,,,High,High,High,,,,,
329,2025-03-04,16:54:52.47,5,2,"Meeks, Gardner",1000324679,Right,GEO_PAT,"Sandell, Alexander",10317026,Right,HOL_CRU,Undefined,7,Top,1,1,0,Sinker,Changeup,StrikeCalled,Undefined,Undefined,Undefined,0,0,,78.58408,1.029594,-5.681577,1989.479993,259.948168,2:45,4.84575,3.09339,5.89123,-40.25034,5.14433,21.0819,2.45241,-0.44279,72.0688,-6.395486,-1.922064,0.484924,,,,,,,,,,,,-12.27764,2.78693,-2.6461,50,4.90588,10.52823,-113.71658,0.81062,-16.15442,19.9116,-28.50711,GEO_PAT,HOL_CRU,SpuhlerFieldMain,D1,A10,20250304-SpuhlerFieldMain-1,4d915570-f943-11ef-9e84-f3ebf856d060,77.72854,,,6.51529,,,,,,,677a001a-4aeb-4bee-826e-3fb235647512,2025-03-04,21:54:52.47,2025-03-04T16:54:52.4764160-05:00,2025-03-04T21:54:52.4764160Z,,v3,471300,471313,,"Pancione, Garrett",1000048493,Right,GEO_PAT,c2ebc7a8-89d9-4527-8642-112cadd2994a,54.6131,-114.52147,9.9558,4.84982,1.96298,-14.25356,-3.08489,11.18125,-8.07721,,,,,,,,,,,,,,,,,,,,,,,,,,,,,,,,,,,,,,,,,,,,,,,,,,,High,High,High,,,,,
330,2025-03-04,16:55:07.20,5,3,"Meeks, Gardner",1000324679,Right,GEO_PAT,"Sandell, Alexander",10317026,Right,HOL_CRU,Undefined,7,Top,1,1,1,Sinker,Changeup,BallCalled,Undefined,Undefined,Undefined,0,0,,80.3687,0.487441,-6.829862,1948.042713,260.401681,2:45,4.90183,3.06602,5.93874,-38.79175,4.43811,18.76115,2.12464,-1.73695,74.15244,-6.642696,-3.493751,0.47322,,,,,,,,,,,,-11.30103,2.54331,-2.5292,50,4.91889,13.20795,-116.13722,-0.22325,-15.61331,19.39332,-28.66025,GEO_PAT,HOL_CRU,SpuhlerFieldMain,D1,A10,20250304-SpuhlerFieldMain-1,56552380-f943-11ef-9e84-f3ebf856d060,79.65092,,,6.21625,,,,,,,677a001a-4aeb-4bee-826e-3fb235647512,2025-03-04,21:55:07.20,2025-03-04T16:55:07.2030720-05:00,2025-03-04T21:55:07.2030720Z,,v3,471300,471313,,"Pancione, Garrett",1000048493,Right,GEO_PAT,790367a4-cb07-411b-b077-050df1303efb,54.56624,-116.89722,9.69666,4.90563,0.89992,-14.33013,-3.0588,13.81983,-7.80665,,,,,,,,,,,,,,,,,,,,,,,,,,,,,,,,,,,,,,,,,,,,,,,,,,,High,High,High,,,,,
331,2025-03-04,16:55:23.53,5,4,"Meeks, Gardner",1000324679,Right,GEO_PAT,"Sandell, Alexander",10317026,Right,HOL_CRU,Undefined,7,Top,1,2,1,Curveball,Curveball,StrikeSwinging,Undefined,Undefined,Undefined,0,0,,65.59903,3.23211,-2.862199,2053.243798,93.378424,9:00,4.5174,3.12311,5.01299,-64.82275,3.03705,-14.2452,2.17328,-0.76781,60.07541,-8.514435,-5.367093,0.592895,,,,,,,,,,,,6.1937,1.20063,-2.83618,50,4.77609,5.23726,-94.87361,3.449,5.60791,15.41062,-31.08697,GEO_PAT,HOL_CRU,SpuhlerFieldMain,D1,A10,20250304-SpuhlerFieldMain-1,6023f8f0-f943-11ef-9e84-f3ebf856d060,63.57357,,,5.52362,,,,,,,677a001a-4aeb-4bee-826e-3fb235647512,2025-03-04,21:55:23.53,2025-03-04T16:55:23.5373568-05:00,2025-03-04T21:55:23.5373568Z,,v3,471300,471313,,"Pancione, Garrett",1000048493,Right,GEO_PAT,b8aaf07e-fe08-49c0-8634-6312ec573048,55.48889,-95.76104,7.70531,4.52594,5.23916,-15.54348,-3.12847,4.91433,2.80395,,,,,,,,,,,,,,,,,,,,,,,,,,,,,,,,,,,,,,,,,,,,,,,,,,,High,High,High,,,,,
332,2025-03-04,16:55:42.80,5,5,"Meeks, Gardner",1000324679,Right,GEO_PAT,"Sandell, Alexander",10317026,Right,HOL_CRU,Undefined,7,Top,1,2,2,Curveball,Curveball,BallCalled,Undefined,Undefined,Undefined,0,0,,66.74043,3.926142,-4.774671,2079.374709,84.664804,8:45,4.53111,3.23293,5.53449,-64.57476,0.53618,-17.65938,2.8385,-2.7123,60.73182,-7.874022,-7.890462,0.580762,,,,,,,,,,,,7.34292,-0.31386,-2.80539,50,4.83124,8.63265,-96.26226,4.81914,6.7886,16.99513,-32.46421,GEO_PAT,HOL_CRU,SpuhlerFieldMain,D1,A10,20250304-SpuhlerFieldMain-1,6b9cadd0-f943-11ef-9e84-f3ebf856d060,64.90167,,,6.00861,,,,,,,677a001a-4aeb-4bee-826e-3fb235647512,2025-03-04,21:55:42.80,2025-03-04T16:55:42.8071936-05:00,2025-03-04T21:55:42.8071936Z,,v3,471300,471313,,"Pancione, Garrett",1000048493,Right,GEO_PAT,91e2b0cb-f1e3-4a72-95f5-200dc9704660,54.96734,-97.13528,8.49757,4.54085,6.4868,-16.2321,-3.23989,8.28392,3.3943,,,,,,,,,,,,,,,,,,,,,,,,,,,,,,,,,,,,,,,,,,,,,,,,,,,High,High,High,,,,,
333,2025-03-04,16:56:00.81,5,6,"Meeks, Gardner",1000324679,Right,GEO_PAT,"Sandell, Alexander",10317026,Right,HOL_CRU,Undefined,7,Top,1,3,2,Sinker,Changeup,FoulBallNotFieldable,Undefined,Undefined,Undefined,0,0,,79.53291,-0.397771,-6.063588,1961.413343,230.964169,1:45,4.7902,3.38588,5.80288,-32.64167,12.15729,13.17623,1.69801,-1.17696,72.61694,-6.452843,-3.722749,0.481732,67.40833,50.516793,49.736264,,,,,,46.75289,,,-8.46028,6.74327,-2.89399,50,4.73784,11.70935,-114.90081,-1.78733,-11.29591,21.54097,-23.17067,GEO_PAT,HOL_CRU,SpuhlerFieldMain,D1,A10,20250304-SpuhlerFieldMain-1,76674860-f943-11ef-9e84-f3ebf856d060,78.24361,50.54284,,6.91597,,,,0.7326,1.59114,1.17255,677a001a-4aeb-4bee-826e-3fb235647512,2025-03-04,21:56:00.81,2025-03-04T16:56:00.8192512-05:00,2025-03-04T21:56:00.8192512Z,,v3,471300,471313,,"Pancione, Garrett",1000048493,Right,GEO_PAT,2555e08c-7cfa-40ac-bc0d-1ad018b63cff,54.69941,-115.77848,10.77048,4.79143,-0.84326,-11.58534,-3.38046,12.1696,-5.64796,210.478365,0.7326,40.62928,-15.57333,4.75772,-1.14165,0.25011,-0.044,-0.0001,0.00251,1.59114,76.3054,-22.89872,1.80833,-0.14486,-0.03716,0.02425,-0.01043,0.00262,1.17255,47.96993,-5.18127,1.79882,-0.47315,0.11223,-0.02277,0.00205,0.00048,,,,,,,,,,,,,,,,,,,,,,,High,High,High,High,Undefined,,,
334,2025-03-04,16:56:26.48,5,7,"Meeks, Gardner",1000324679,Right,GEO_PAT,"Sandell, Alexander",10317026,Right,HOL_CRU,Undefined,7,Top,1,3,2,Curveball,Curveball,BallCalled,Walk,Undefined,Undefined,0,0,,65.82941,3.54764,-1.783351,1954.1027,89.181526,9:00,4.3706,3.4584,5.16956,-64.80685,2.07327,-7.815,2.31478,1.12822,60.15999,-8.248143,-3.164525,0.588599,,,,,,,,,,,,3.35654,0.64429,-3.28587,50,4.65247,3.23493,-95.27285,4.01901,3.06719,15.43065,-31.58528,GEO_PAT,HOL_CRU,SpuhlerFieldMain,D1,A10,20250304-SpuhlerFieldMain-1,85a5b7d0-f943-11ef-9e84-f3ebf856d060,64.0375,,,5.66943,,,,,,,677a001a-4aeb-4bee-826e-3fb235647512,2025-03-04,21:56:26.48,2025-03-04T16:56:26.4863232-05:00,2025-03-04T21:56:26.4863232Z,,v3,471300,471313,,"Pancione, Garrett",1000048493,Right,GEO_PAT,0fb48b6f-fce2-40b8-a2a1-0ae9f0c2b300,55.33204,-96.13257,7.71532,4.37953,5.77877,-15.79264,-3.46135,3.06405,1.53359,,,,,,,,,,,,,,,,,,,,,,,,,,,,,,,,,,,,,,,,,,,,,,,,,,,High,High,High,,,,,
335,2025-03-04,16:56:57.29,6,1,"Meeks, Gardner",1000324679,Right,GEO_PAT,"Brown, Colin",1000242461,Right,HOL_CRU,Undefined,7,Top,1,0,0,Sinker,Changeup,BallCalled,Undefined,Undefined,Undefined,0,0,,78.37761,1.382866,-6.319941,1881.227713,226.646128,1:30,4.83884,3.11017,5.83744,-32.93951,13.61481,12.67698,3.38736,-1.73168,70.71651,-4.773366,-4.070666,0.491079,,,,,,,,,,,,-8.36871,6.99863,-2.60005,50,4.93317,12.03004,-113.01359,1.78605,-10.71631,22.49668,-23.21218,GEO_PAT,HOL_CRU,SpuhlerFieldMain,D1,A10,20250304-SpuhlerFieldMain-1,97f92f70-f943-11ef-9e84-f3ebf856d060,76.75433,,,7.6611,,,,,,,677a001a-4aeb-4bee-826e-3fb235647512,2025-03-04,21:56:57.29,2025-03-04T16:56:57.2956672-05:00,2025-03-04T21:56:57.2956672Z,,v3,471300,471313,,"Pancione, Garrett",1000048493,Right,GEO_PAT,ad0852ea-fa11-4cd7-9ca7-5fc26719f2e2,54.66164,-113.93777,11.24834,4.84021,2.73962,-11.60609,-3.10329,12.47027,-5.35815,,,,,,,,,,,,,,,,,,,,,,,,,,,,,,,,,,,,,,,,,,,,,,,,,,,High,High,High,,,,,
336,2025-03-04,16:57:11.87,6,2,"Meeks, Gardner",1000324679,Right,GEO_PAT,"Brown, Colin",1000242461,Right,HOL_CRU,Undefined,7,Top,1,1,0,Curveball,Curveball,FoulBallNotFieldable,Undefined,Undefined,Undefined,0,0,,64.4651,3.686062,-1.617439,2009.736447,79.2781,8:45,4.42,3.32372,4.84864,-71.94693,-0.96079,-17.8021,1.92041,0.3085,58.80996,-9.312807,-4.744851,0.606399,52.53142,46.985925,66.806346,3772.048776,19.03298,33.98886,108.34071,141.7793,77.41852,82.227596,3.454963,8.29638,-1.00402,-3.14752,50,4.72329,3.24397,-93.2293,3.86863,7.2113,15.63831,-33.04676,GEO_PAT,HOL_CRU,SpuhlerFieldMain,D1,A10,20250304-SpuhlerFieldMain-1,a0d62ad0-f943-11ef-9e84-f3ebf856d060,62.15785,47.18622,,5.65514,,,,0.77584,2.47687,0.09122,677a001a-4aeb-4bee-826e-3fb235647512,2025-03-04,21:57:11.87,2025-03-04T16:57:11.8731264-05:00,2025-03-04T21:57:11.8731264Z,Popup,v3,471300,471313,,"Pancione, Garrett",1000048493,Right,GEO_PAT,b9d8e39b-18d9-4210-a884-d74adfb9bcf4,55.65504,-94.1731,7.81915,4.42962,5.86306,-16.52338,-3.33016,2.80875,3.60565,218.691316,0.77607,20.6941,-9.87626,2.85265,-0.61193,0.12732,-0.03578,0.00819,-0.00077,2.47744,56.3133,-19.20462,0.82782,0.3577,-0.35045,0.13599,-0.02528,0.00181,0.09121,48.31218,-4.15775,0.95101,-0.21466,0.0756,-0.02817,0.00601,-0.0005,,,,,,,,,,,,,,,,,,,,,,,High,High,High,High,Medium,,,
337,2025-03-04,16:57:29.10,6,3,"Meeks, Gardner",1000324679,Right,GEO_PAT,"Brown, Colin",1000242461,Right,HOL_CRU,Undefined,7,Top,1,1,1,Sinker,Changeup,InPlay,Undefined,FlyBall,Out,1,0,,78.17443,0.579447,-5.434336,1958.677009,242.419303,2:00,4.82384,3.18381,5.84237,-36.94919,9.28331,14.86312,2.28573,-0.64349,71.30122,-6.267898,-2.786462,0.489379,92.27563,25.296157,-5.408927,2475.955193,109.81646,49.61523,-6.34995,329.93877,328.67834,-0.245675,4.679637,-9.18729,5.00398,-2.74884,50,4.84946,10.21085,-113.07222,0.03795,-11.86603,21.07445,-25.71103,GEO_PAT,HOL_CRU,SpuhlerFieldMain,D1,A10,20250304-SpuhlerFieldMain-1,ab039b00-f943-11ef-9e84-f3ebf856d060,77.02099,67.53855,,6.87321,,,,1.91043,2.36937,0.64069,677a001a-4aeb-4bee-826e-3fb235647512,2025-03-04,21:57:29.10,2025-03-04T16:57:29.1098112-05:00,2025-03-04T21:57:29.1098112Z,LineDrive,v3,471300,471313,,"Pancione, Garrett",1000048493,Right,GEO_PAT,7c0eabb4-5162-4570-97a7-261a47bc302c,54.66055,-113.93754,10.53722,4.82623,1.09365,-12.85552,-3.1781,10.69807,-5.93302,194.017594,1.9103,121.82167,-24.76627,5.92859,-1.27584,0.27169,-0.05134,0.00638,-0.00034,2.37052,57.79564,-12.27892,-0.87315,0.60919,-0.25242,0.06482,-0.00869,0.00046,0.64038,-11.52874,6.15855,-1.73197,0.38409,-0.07271,0.0115,-0.00127,7E-05,,,,,,,,,,,,,,,,,,,,,,,High,High,High,High,Medium,,,
338,2025-03-04,16:58:05.71,7,1,"Meeks, Gardner",1000324679,Right,GEO_PAT,"Jones, Brendan",1000119807,Right,HOL_CRU,Undefined,7,Top,2,0,0,Sinker,Changeup,BallCalled,Undefined,Undefined,Undefined,0,0,,81.29185,0.667899,-2.633302,2050.564836,213.443671,1:00,5.16347,1.30364,5.68186,-25.08053,17.72336,10.78178,3.69673,-0.25438,73.94196,-4.05127,-0.709036,0.470883,,,,,,,,,,,,-6.21162,9.21524,-1.08842,50,5.20426,4.99028,-117.88663,0.63625,-8.71429,23.05628,-19.24603,GEO_PAT,HOL_CRU,SpuhlerFieldMain,D1,A10,20250304-SpuhlerFieldMain-1,c0b8b430-f943-11ef-9e84-f3ebf856d060,80.04633,,,7.34988,,,,,,,677a001a-4aeb-4bee-826e-3fb235647512,2025-03-04,21:58:05.71,2025-03-04T16:58:05.7178112-05:00,2025-03-04T21:58:05.7178112Z,,v3,471300,471313,,"Pancione, Garrett",1000048493,Right,GEO_PAT,2fe688bc-020f-4712-8612-cfed20906365,54.81823,-118.82524,11.52814,5.16241,1.41974,-9.62302,-1.2988,5.34504,-4.35715,,,,,,,,,,,,,,,,,,,,,,,,,,,,,,,,,,,,,,,,,,,,,,,,,,,High,High,High,,,,,
339,2025-03-04,16:58:19.15,7,2,"Meeks, Gardner",1000324679,Right,GEO_PAT,"Jones, Brendan",1000119807,Right,HOL_CRU,Undefined,7,Top,2,1,0,ChangeUp,Changeup,StrikeCalled,Undefined,Undefined,Undefined,0,0,,69.89459,3.050104,-1.856347,1079.367763,258.206464,2:30,4.86006,1.58637,5.29879,-53.83562,4.07233,11.90493,3.24169,0.83493,64.76879,-6.747806,0.254125,0.547697,,,,,,,,,,,,-6.42185,1.7765,-1.42659,50,5.09823,2.86953,-101.43491,3.7766,-6.78019,14.51405,-30.29841,GEO_PAT,HOL_CRU,SpuhlerFieldMain,D1,A10,20250304-SpuhlerFieldMain-1,c8c678b0-f943-11ef-9e84-f3ebf856d060,68.81986,,,5.1258,,,,,,,677a001a-4aeb-4bee-826e-3fb235647512,2025-03-04,21:58:19.15,2025-03-04T16:58:19.1543808-05:00,2025-03-04T21:58:19.1543808Z,,v3,471300,471313,,"Pancione, Garrett",1000048493,Right,GEO_PAT,c55ac53c-61d1-4802-b350-72160d2b3194,55.20548,-102.17703,7.25703,4.86552,5.3258,-15.1492,-1.58218,3.21621,-3.3901,,,,,,,,,,,,,,,,,,,,,,,,,,,,,,,,,,,,,,,,,,,,,,,,,,,High,High,High,,,,,
340,2025-03-04,16:58:32.56,7,3,"Meeks, Gardner",1000324679,Right,GEO_PAT,"Jones, Brendan",1000119807,Right,HOL_CRU,Undefined,7,Top,2,1,1,ChangeUp,Changeup,FoulBallNotFieldable,Undefined,Undefined,Undefined,0,0,,71.09018,1.382692,-2.427486,1167.371731,254.846305,2:30,4.87616,1.55573,5.35431,-50.94944,4.9067,12.3265,1.92865,0.30478,66.00249,-7.889488,-0.238175,0.537907,,,,,,,,,,,,-6.86477,2.51992,-1.34661,50,4.96373,3.95133,-103.25358,0.95133,-7.49416,15.38495,-29.42309,GEO_PAT,HOL_CRU,SpuhlerFieldMain,D1,A10,20250304-SpuhlerFieldMain-1,d0dacce0-f943-11ef-9e84-f3ebf856d060,70.07246,,,5.0877,,,,,,,677a001a-4aeb-4bee-826e-3fb235647512,2025-03-04,21:58:32.56,2025-03-04T16:58:32.5678080-05:00,2025-03-04T21:58:32.5678080Z,,v3,471300,471313,,"Pancione, Garrett",1000048493,Right,GEO_PAT,6227fc5a-29ad-477e-ac35-71dd2a2de24d,55.15095,-104.01824,7.69247,4.88011,2.41373,-14.71155,-1.55225,4.32381,-3.74708,,,,,,,,,,,,,,,,,,,,,,,,,,,,,,,,,,,,,,,,,,,,,,,,,,,High,High,High,,,,,
341,2025-03-04,16:58:48.33,7,4,"Meeks, Gardner",1000324679,Right,GEO_PAT,"Jones, Brendan",1000119807,Right,HOL_CRU,Undefined,7,Top,2,1,2,Sinker,Changeup,FoulBallNotFieldable,Undefined,Undefined,Undefined,0,0,,80.69795,-0.510994,-3.02771,2006.368287,210.40328,1:00,5.17336,1.29823,5.70837,-28.29234,14.80438,7.91256,2.33888,-0.86607,74.136,-5.773237,-1.614992,0.472491,40.23677,-23.127286,48.214568,,,,,6.61529,5.83448,40.635274,0.08249,-4.8813,8.06894,-1.04947,50,5.11292,5.89595,-117.12049,-1.90981,-6.80554,21.34512,-20.92428,GEO_PAT,HOL_CRU,SpuhlerFieldMain,D1,A10,20250304-SpuhlerFieldMain-1,da3b2910-f943-11ef-9e84-f3ebf856d060,79.77391,1.92837,,6.56195,,,,2.01157,1.92837,0.94152,677a001a-4aeb-4bee-826e-3fb235647512,2025-03-04,21:58:48.33,2025-03-04T16:58:48.3317760-05:00,2025-03-04T21:58:48.3317760Z,GroundBall,v3,471300,471313,,"Pancione, Garrett",1000048493,Right,GEO_PAT,23a12ab1-2011-459e-a761-9aa363cb6cb7,54.79501,-117.99114,10.67256,5.17341,-1.05633,-10.46214,-1.29562,6.17354,-3.40277,180,2.00748,36.47177,,,,,,,,1.931,-23.37695,,,,,,,,0.93694,40.81233,,,,,,,,,,,,,,,,,,,,,,,,,,,,,,High,High,High,Low,Medium,,,
342,2025-03-04,16:59:18.80,7,5,"Meeks, Gardner",1000324679,Right,GEO_PAT,"Jones, Brendan",1000119807,Right,HOL_CRU,Undefined,7,Top,2,1,2,Curveball,Changeup,FoulBallNotFieldable,Undefined,Undefined,Undefined,0,0,,68.76452,2.562197,-1.925233,1136.881262,258.119166,2:30,4.86372,1.49887,5.39665,-55.62562,4.31268,12.11753,2.63246,0.70369,63.46881,-7.591135,0.228094,0.557216,68.94801,61.228566,-83.684454,4074.043224,-10.8676,89.29854,-109.46177,168.77441,72.76509,-98.141809,4.639354,-6.63835,1.97142,-1.33605,50,5.05312,2.94422,-99.78539,2.84258,-6.73476,15.12292,-30.17401,GEO_PAT,HOL_CRU,SpuhlerFieldMain,D1,A10,20250304-SpuhlerFieldMain-1,ec710690-f943-11ef-9e84-f3ebf856d060,67.64421,93.8037,,5.29571,,,,3.21308,2.66553,-0.41628,677a001a-4aeb-4bee-826e-3fb235647512,2025-03-04,21:59:18.80,2025-03-04T16:59:18.8051456-05:00,2025-03-04T21:59:18.8051456Z,Popup,v3,471300,471313,,"Pancione, Garrett",1000048493,Right,GEO_PAT,c4ad3075-16f1-48fd-aa68-8856c25d70bb,55.10761,-100.55649,7.56146,4.86895,4.38112,-15.08701,-1.49492,3.28762,-3.36738,,3.22341,5.08257,-6.77081,-0.19706,2.20471,-1.33627,0.38173,-0.0534,0.00293,2.67727,88.38015,-24.68881,0.90492,1.11091,-0.64603,0.15901,-0.01876,0.00086,-0.42247,-48.24858,3.82821,0.19115,-0.49745,0.17298,-0.01798,-0.00131,0.00025,,,,,,,,,,,,,,,,,,,,,,,High,High,High,Low,Low,,,
343,2025-03-04,16:59:36.41,7,6,"Meeks, Gardner",1000324679,Right,GEO_PAT,"Jones, Brendan",1000119807,Right,HOL_CRU,Undefined,7,Top,2,1,2,Curveball,Changeup,FoulBallNotFieldable,Undefined,Undefined,Undefined,0,0,,68.83614,1.023343,-2.522154,1138.254615,242.308328,2:00,4.84405,1.66175,5.47679,-52.39042,6.75422,9.7893,1.43684,0.11581,64.1963,-8.517245,-0.779283,0.553514,68.63784,-29.311237,73.247046,,,,,5.82209,4.22978,29.138922,0.036928,-5.6028,3.58839,-1.44718,50,4.89768,4.08444,-100.01837,0.28358,-5.75506,14.01316,-28.48815,GEO_PAT,HOL_CRU,SpuhlerFieldMain,D1,A10,20250304-SpuhlerFieldMain-1,f6eeb9a0-f943-11ef-9e84-f3ebf856d060,68.09657,1.82494,,4.63985,,,,4.14831,1.82494,-0.2776,677a001a-4aeb-4bee-826e-3fb235647512,2025-03-04,21:59:36.41,2025-03-04T16:59:36.4163072-05:00,2025-03-04T21:59:36.4163072Z,GroundBall,v3,471300,471313,,"Pancione, Garrett",1000048493,Right,GEO_PAT,08884434-5397-4713-9c91-c14b40ca3ae0,55.02825,-100.7204,7.00658,4.84773,1.71076,-14.24408,-1.65902,4.37276,-2.87753,,4.14789,25.37203,,,,,,,,1.82575,-49.4185,,,,,,,,-0.27898,84.2863,,,,,,,,,,,,,,,,,,,,,,,,,,,,,,High,High,High,Low,Low,,,
344,2025-03-04,16:59:53.45,7,7,"Meeks, Gardner",1000324679,Right,GEO_PAT,"Jones, Brendan",1000119807,Right,HOL_CRU,Undefined,7,Top,2,1,2,Curveball,Curveball,StrikeSwinging,Strikeout,Undefined,Undefined,0,0,,67.37471,2.095687,-0.357209,2057.387511,77.523563,8:30,4.68464,1.75733,5.12941,-66.07996,-1.67925,-18.0021,1.15271,-0.07928,61.28879,-9.910738,-3.546314,0.577586,,,,,,,,,,,,8.88079,-0.92673,-1.70895,50,4.83029,1.23679,-97.60407,1.5838,8.41248,17.9464,-33.0519,GEO_PAT,HOL_CRU,SpuhlerFieldMain,D1,A10,20250304-SpuhlerFieldMain-1,0115c130-f944-11ef-9e84-f3ebf856d060,65.25857,,,6.08592,,,,,,,677a001a-4aeb-4bee-826e-3fb235647512,2025-03-04,21:59:53.45,2025-03-04T16:59:53.4542336-05:00,2025-03-04T21:59:53.4542336Z,,v3,471300,471313,,"Pancione, Garrett",1000048493,Right,GEO_PAT,c35c2c90-950c-4c62-9886-cf76d8fd601d,55.37379,-98.58719,8.9732,4.69393,3.39443,-16.52595,-1.76407,0.77595,4.20624,,,,,,,,,,,,,,,,,,,,,,,,,,,,,,,,,,,,,,,,,,,,,,,,,,,High,High,High,,,,,