PitchNo,Date,Time,PAofInning,PitchofPA,Pitcher,PitcherId,PitcherThrows,PitcherTeam,Batter,BatterId,BatterSide,BatterTeam,PitcherSet,Inning,Top/Bottom,Outs,Balls,Strikes,TaggedPitchType,AutoPitchType,PitchCall,KorBB,TaggedHitType,PlayResult,OutsOnPlay,RunsScored,Notes,RelSpeed,VertRelAngle,HorzRelAngle,SpinRate,SpinAxis,Tilt,RelHeight,RelSide,Extension,VertBreak,InducedVertBreak,HorzBreak,PlateLocHeight,PlateLocSide,ZoneSpeed,VertApprAngle,HorzApprAngle,ZoneTime,ExitSpeed,Angle,Direction,HitSpinRate,PositionAt110X,PositionAt110Y,PositionAt110Z,Distance,LastTrackedDistance,Bearing,HangTime,pfxx,pfxz,x0,y0,z0,vx0,vy0,vz0,ax0,ay0,az0,HomeTeam,AwayTeam,Stadium,Level,League,GameID,PitchUID,EffectiveVelo,MaxHeight,MeasuredDuration,SpeedDrop,PitchLastMeasuredX,PitchLastMeasuredY,PitchLastMeasuredZ,ContactPositionX,ContactPositionY,ContactPositionZ,GameUID,UTCDate,UTCTime,LocalDateTime,UTCDateTime,AutoHitType,System,HomeTeamForeignID,AwayTeamForeignID,GameForeignID,Catcher,CatcherId,CatcherThrows,CatcherTeam,PlayID,PitchTrajectoryXc0,PitchTrajectoryXc1,PitchTrajectoryXc2,PitchTrajectoryYc0,PitchTrajectoryYc1,PitchTrajectoryYc2,PitchTrajectoryZc0,PitchTrajectoryZc1,PitchTrajectoryZc2,HitSpinAxis,HitTrajectoryXc0,HitTrajectoryXc1,HitTrajectoryXc2,HitTrajectoryXc3,HitTrajectoryXc4,HitTrajectoryXc5,HitTrajectoryXc6,HitTrajectoryXc7,HitTrajectoryXc8,HitTrajectoryYc0,HitTrajectoryYc1,HitTrajectoryYc2,HitTrajectoryYc3,HitTrajectoryYc4,HitTrajectoryYc5,HitTrajectoryYc6,HitTrajectoryYc7,HitTrajectoryYc8,HitTrajectoryZc0,HitTrajectoryZc1,HitTrajectoryZc2,HitTrajectoryZc3,HitTrajectoryZc4,HitTrajectoryZc5,HitTrajectoryZc6,HitTrajectoryZc7,HitTrajectoryZc8,ThrowSpeed,PopTime,ExchangeTime,TimeToBase,CatchPositionX,CatchPositionY,CatchPositionZ,ThrowPositionX,ThrowPositionY,ThrowPositionZ,BasePositionX,BasePositionY,BasePositionZ,ThrowTrajectoryXc0,ThrowTrajectoryXc1,ThrowTrajectoryXc2,ThrowTrajectoryYc0,ThrowTrajectoryYc1,ThrowTrajectoryYc2,ThrowTrajectoryZc0,ThrowTrajectoryZc1,ThrowTrajectoryZc2,PitchReleaseConfidence,PitchLocationConfidence,PitchMovementConfidence,HitLaunchConfidence,HitLandingConfidence,CatcherThrowCatchConfidence,CatcherThrowReleaseConfidence,CatcherThrowLocationConfidence
1,2025-05-16,13:04:59.26,1,1,"O'Hara, Connor",1000036031,Right,GEO_PAT,"Kirk, Taylor",1000367095,Right,FOR_RAM,Undefined,1,Top,0,0,0,Cutter,Sinker,StrikeCalled,Undefined,Undefined,Undefined,0,0,,88.32191,-1.236434,-1.702877,2252.391638,225.431802,1:30,6.00624,1.20415,4.81782,-22.28214,15.18958,14.14843,2.97744,0.76961,80.36611,-5.353166,0.786234,0.440578,,,,,,,,,,,,-7.49111,8.20292,-1.048,50,5.86484,3.14055,-127.98909,-3.59101,-12.37324,27.46276,-18.62504,GEO_PAT,FOR_RAM,SpuhlerFieldMain,D1,A10,20250516-SpuhlerFieldMain-1,e6c36ef0-3277-11f0-91e7-fb5a2aac2a77,85.55219,,,7.9558,,,,,,,02d18158-196c-4e82-8889-159833404470,2025-05-16,17:04:59.26,2025-05-16T13:04:59.2606720-04:00,2025-05-16T17:04:59.2606720Z,,v3,471300,471298,16 May 2025 14:00-fordham@georgemas,"Barenz, Nick",1000218914,Right,GEO_PAT,1254a2be-5a43-4e91-806e-a0fd731b62e8,55.68401,-129.20295,13.73138,6.00537,-2.76777,-9.31252,-1.1989,3.68746,-6.18662,,,,,,,,,,,,,,,,,,,,,,,,,,,,,,,,,,,,,,,,,,,,,,,,,,,High,High,High,,,,,
2,2025-05-16,13:05:12.68,1,2,"O'Hara, Connor",1000036031,Right,GEO_PAT,"Kirk, Taylor",1000367095,Right,FOR_RAM,Undefined,1,Top,0,0,1,Slider,Slider,BallCalled,Undefined,Undefined,Undefined,0,0,,82.26015,-0.520027,-2.821114,2103.592706,30.112827,7:00,5.79869,1.41851,4.59306,-46.02695,-2.87847,-2.39599,1.46785,-1.4668,76.20974,-8.730589,-3.240874,0.472775,,,,,,,,,,,,0.4476,-0.94961,-1.12456,50,5.70165,5.9835,-119.28413,-2.90817,0.64915,21.53807,-33.55119,GEO_PAT,FOR_RAM,SpuhlerFieldMain,D1,A10,20250516-SpuhlerFieldMain-1,eec59ab0-3277-11f0-91e7-fb5a2aac2a77,79.72603,,,6.05041,,,,,,,02d18158-196c-4e82-8889-159833404470,2025-05-16,17:05:12.68,2025-05-16T13:05:12.6839808-04:00,2025-05-16T17:05:12.6839808Z,,v3,471300,471298,16 May 2025 14:00-fordham@georgemas,"Barenz, Nick",1000218914,Right,GEO_PAT,d7f56fc3-acea-419d-94ac-eaa991c1c9fd,55.91161,-120.3468,10.76904,5.8043,-1.25278,-16.7756,-1.41899,5.95147,0.32457,,,,,,,,,,,,,,,,,,,,,,,,,,,,,,,,,,,,,,,,,,,,,,,,,,,High,High,High,,,,,
3,2025-05-16,13:05:27.01,1,3,"O'Hara, Connor",1000036031,Right,GEO_PAT,"Kirk, Taylor",1000367095,Right,FOR_RAM,Undefined,1,Top,0,1,1,Slider,Curveball,StrikeCalled,Undefined,Undefined,Undefined,0,0,,82.16288,-0.648463,-2.455086,2120.791362,359.419541,6:00,5.81303,1.41542,4.66881,-46.79125,-3.37811,0.04799,1.29721,-0.91406,75.61515,-9.022791,-2.446654,0.474222,,,,,,,,,,,,-0.71406,-1.13394,-1.16503,50,5.70399,5.10392,-119.08932,-3.18365,-1.02435,23.09827,-33.80076,GEO_PAT,FOR_RAM,SpuhlerFieldMain,D1,A10,20250516-SpuhlerFieldMain-1,f756e710-3277-11f0-91e7-fb5a2aac2a77,79.48263,,,6.54772,,,,,,,02d18158-196c-4e82-8889-159833404470,2025-05-16,17:05:27.01,2025-05-16T13:05:27.0159360-04:00,2025-05-16T17:05:27.0159360Z,,v3,471300,471298,16 May 2025 14:00-fordham@georgemas,"Barenz, Nick",1000218914,Right,GEO_PAT,fe97ea7b-eafc-4afa-9b36-ca20301550a9,55.83518,-120.21577,11.54914,5.81906,-1.53526,-16.90038,-1.41515,5.15387,-0.51218,,,,,,,,,,,,,,,,,,,,,,,,,,,,,,,,,,,,,,,,,,,,,,,,,,,High,High,High,,,,,
4,2025-05-16,13:05:40.16,1,4,"O'Hara, Connor",1000036031,Right,GEO_PAT,"Kirk, Taylor",1000367095,Right,FOR_RAM,Undefined,1,Top,0,1,2,Slider,Curveball,BallCalled,Undefined,Undefined,Undefined,0,0,,80.45824,-1.743936,-2.772546,2194.185682,22.609823,6:45,5.86791,1.51907,4.2985,-49.01546,-3.41331,-1.96811,0.11301,-1.29854,74.89926,-10.397654,-3.116032,0.486031,,,,,,,,,,,,0.25374,-0.97059,-1.2161,50,5.62793,5.73219,-116.60964,-5.50274,0.35182,20.50823,-33.51971,GEO_PAT,FOR_RAM,SpuhlerFieldMain,D1,A10,20250516-SpuhlerFieldMain-1,ff10e640-3277-11f0-91e7-fb5a2aac2a77,77.55147,,,5.55899,,,,,,,02d18158-196c-4e82-8889-159833404470,2025-05-16,17:05:40.16,2025-05-16T13:05:40.1668608-04:00,2025-05-16T17:05:40.1668608Z,,v3,471300,471298,16 May 2025 14:00-fordham@georgemas,"Barenz, Nick",1000218914,Right,GEO_PAT,da9a21f2-6683-47e8-a96d-c8e224aba98b,56.2076,-117.69631,10.25411,5.87245,-3.72663,-16.75986,-1.51934,5.71355,0.17591,,,,,,,,,,,,,,,,,,,,,,,,,,,,,,,,,,,,,,,,,,,,,,,,,,,High,High,High,,,,,
5,2025-05-16,13:05:55.58,1,5,"O'Hara, Connor",1000036031,Right,GEO_PAT,"Kirk, Taylor",1000367095,Right,FOR_RAM,Undefined,1,Top,0,2,2,Slider,Curveball,FoulBallNotFieldable,Undefined,Undefined,Undefined,0,0,,81.35785,1.617857,-1.44527,2139.218531,38.508123,7:15,5.85074,1.5965,4.45905,-52.92314,-8.31276,-7.72193,2.98408,-0.42542,74.62127,-7.832808,-2.795493,0.480717,78.22183,28.081051,108.845984,4370.306613,,,,,62.43665,,,3.35508,-4.11933,-1.43582,50,5.96973,3.32247,-117.93428,1.19331,4.71858,22.72169,-37.96748,GEO_PAT,FOR_RAM,SpuhlerFieldMain,D1,A10,20250516-SpuhlerFieldMain-1,085c81f0-3278-11f0-91e7-fb5a2aac2a77,78.40881,29.97026,,6.73658,,,,0.36899,2.68559,0.48433,02d18158-196c-4e82-8889-159833404470,2025-05-16,17:05:55.58,2025-05-16T13:05:55.5841024-04:00,2025-05-16T17:05:55.5841024Z,,v3,471300,471298,16 May 2025 14:00-fordham@georgemas,"Barenz, Nick",1000218914,Right,GEO_PAT,70a6cd2e-2738-46bc-8344-5f7c58327537,56.04562,-119.09336,11.36084,5.85946,3.13011,-18.98374,-1.59917,3.08177,2.35929,,0.369,-32.69706,-5.14072,2.04574,0.26264,-2.48877,3.83205,-2.57565,0.59012,2.68559,54.00359,-21.61821,2.03963,-0.66761,1.00028,-1.4061,0.96139,-0.23281,0.48433,95.79337,-19.47669,4.1355,-0.34001,-1.42161,2.24708,-1.45713,0.30547,,,,,,,,,,,,,,,,,,,,,,,High,High,High,Medium,Undefined,,,
6,2025-05-16,13:06:11.43,1,6,"O'Hara, Connor",1000036031,Right,GEO_PAT,"Kirk, Taylor",1000367095,Right,FOR_RAM,Undefined,1,Top,0,2,2,ChangeUp,Changeup,InPlay,Undefined,GroundBall,Single,0,0,,80.257,-0.496304,-2.710916,1886.933224,269.420812,3:00,5.6671,1.58533,4.73807,-43.79813,1.63421,16.40414,1.54588,0.37864,73.60299,-8.3867,0.173283,0.485125,93.91717,-0.833004,-36.501642,2815.619058,,,,68.35117,59.74203,-37.114311,0.501487,-8.90193,1.30752,-1.32769,50,5.57799,4.81136,-116.31402,-2.6468,-12.16925,22.24968,-30.38661,GEO_PAT,FOR_RAM,SpuhlerFieldMain,D1,A10,20250516-SpuhlerFieldMain-1,11cdce10-3278-11f0-91e7-fb5a2aac2a77,77.69627,2.60114,,6.65401,,,,3.43007,2.60114,-0.36083,02d18158-196c-4e82-8889-159833404470,2025-05-16,17:06:11.43,2025-05-16T13:06:11.4317312-04:00,2025-05-16T17:06:11.4317312Z,GroundBall,v3,471300,471298,16 May 2025 14:00-fordham@georgemas,"Barenz, Nick",1000218914,Right,GEO_PAT,5ca6745d-b37b-446a-849f-2560246e652e,55.76623,-117.41186,11.12484,5.67159,-1.14747,-15.1933,-1.5799,5.41181,-6.08462,,3.44566,110.29844,-16.97254,,,,,,,2.59632,-1.87296,-6.57105,,,,,,,-0.35764,-82.01501,0.95698,,,,,,,,,,,,,,,,,,,,,,,,,,,,,High,High,High,Medium,High,,,
7,2025-05-16,13:06:50.00,2,1,"O'Hara, Connor",1000036031,Right,GEO_PAT,"Bucciero, Daniel",827759,Right,FOR_RAM,Undefined,1,Top,0,0,0,Fastball,Sinker,StrikeCalled,Undefined,Undefined,Undefined,0,0,,90.59256,-1.671726,-2.36245,2127.715719,232.748365,1:45,5.80406,1.24073,4.6177,-22.97871,12.67646,15.20343,2.29792,0.26024,83.0484,-5.866654,0.301736,0.429767,,,,,,,,,,,,-8.13473,6.97485,-1.01275,50,5.61132,4.68029,-131.2983,-4.75968,-14.25038,26.88413,-19.95556,GEO_PAT,FOR_RAM,SpuhlerFieldMain,D1,A10,20250516-SpuhlerFieldMain-1,28c133a0-3278-11f0-91e7-fb5a2aac2a77,87.70446,,,7.54416,,,,,,,02d18158-196c-4e82-8889-159833404470,2025-05-16,17:06:50.00,2025-05-16T13:06:50.0035072-04:00,2025-05-16T17:06:50.0035072Z,,v3,471300,471298,16 May 2025 14:00-fordham@georgemas,"Barenz, Nick",1000218914,Right,GEO_PAT,6e242bbc-c56b-4505-8541-213a227d3d29,55.88597,-132.49801,13.44206,5.80385,-3.86916,-9.97778,-1.2358,5.31621,-7.12519,,,,,,,,,,,,,,,,,,,,,,,,,,,,,,,,,,,,,,,,,,,,,,,,,,,High,High,High,,,,,
8,2025-05-16,13:07:08.65,2,2,"O'Hara, Connor",1000036031,Right,GEO_PAT,"Bucciero, Daniel",827759,Right,FOR_RAM,Undefined,1,Top,0,0,1,ChangeUp,Changeup,FoulBallNotFieldable,Undefined,Undefined,Undefined,0,0,,80.21534,-0.147579,-2.634867,1855.985146,275.150289,3:15,5.59076,1.58217,4.577,-45.7081,-0.10709,17.01225,1.64118,0.49104,73.77587,-8.344378,0.347692,0.486025,92.64207,-6.337586,-64.611335,,,,,19.95224,19.03885,-56.214777,0.131749,-9.14894,0.29795,-1.32635,50,5.53231,4.62613,-116.29489,-2.04645,-12.54168,21.60974,-31.7656,GEO_PAT,FOR_RAM,SpuhlerFieldMain,D1,A10,20250516-SpuhlerFieldMain-1,33e2eee0-3278-11f0-91e7-fb5a2aac2a77,77.55245,1.97852,,6.43947,,,,3.45716,1.97852,-0.48926,02d18158-196c-4e82-8889-159833404470,2025-05-16,17:07:08.65,2025-05-16T13:07:08.6590976-04:00,2025-05-16T17:07:08.6590976Z,GroundBall,v3,471300,471298,16 May 2025 14:00-fordham@georgemas,"Barenz, Nick",1000218914,Right,GEO_PAT,f2060692-59b4-48b7-9989-2ba955946411,55.92844,-117.39133,10.80487,5.59525,-0.43471,-15.8828,-1.57722,5.26247,-6.27084,180,3.45563,57.97338,,,,,,,,1.97892,-15.01743,,,,,,,,-0.48603,-122.15402,,,,,,,,,,,,,,,,,,,,,,,,,,,,,,High,High,High,High,Medium,,,
9,2025-05-16,13:07:41.75,2,3,"O'Hara, Connor",1000036031,Right,GEO_PAT,"Bucciero, Daniel",827759,Right,FOR_RAM,Undefined,1,Top,0,0,2,Fastball,Sinker,BallCalled,Undefined,Undefined,Undefined,0,0,,90.13471,-0.144494,-3.200571,2138.774905,223.459278,1:30,6.03437,1.15437,4.3652,-21.00001,15.8017,13.76001,4.14613,-0.75928,81.45345,-4.019038,-0.804867,0.436622,,,,,,,,,,,,-7.59056,8.04276,-0.82546,50,5.99907,6.58257,-130.3195,-1.15761,-12.95991,29.22339,-18.44206,GEO_PAT,FOR_RAM,SpuhlerFieldMain,D1,A10,20250516-SpuhlerFieldMain-1,4788fe30-3278-11f0-91e7-fb5a2aac2a77,86.32743,,,8.68127,,,,,,,02d18158-196c-4e82-8889-159833404470,2025-05-16,17:07:41.75,2025-05-16T13:07:41.7598464-04:00,2025-05-16T17:07:41.7598464Z,,v3,471300,471298,16 May 2025 14:00-fordham@georgemas,"Barenz, Nick",1000218914,Right,GEO_PAT,e9982425-56d6-47cb-b372-587b3695062b,56.13448,-131.68793,14.6117,6.03306,-0.29403,-9.22103,-1.1479,7.18944,-6.47995,,,,,,,,,,,,,,,,,,,,,,,,,,,,,,,,,,,,,,,,,,,,,,,,,,,High,High,High,,,,,
10,2025-05-16,13:07:58.76,2,4,"O'Hara, Connor",1000036031,Right,GEO_PAT,"Bucciero, Daniel",827759,Right,FOR_RAM,Undefined,1,Top,0,1,2,ChangeUp,Changeup,BallCalled,Undefined,Undefined,Undefined,0,0,,79.14422,-0.77417,-3.439463,1829.651201,301.062501,4:00,5.49377,1.46029,4.5148,-53.47668,-6.23524,12.89123,0.29855,-0.74573,72.79635,-10.296709,-1.181108,0.49469,,,,,,,,,,,,-7.33993,-2.47843,-1.1132,50,5.36096,6.3369,-114.58751,-3.61232,-9.72206,21.92238,-35.45684,GEO_PAT,FOR_RAM,SpuhlerFieldMain,D1,A10,20250516-SpuhlerFieldMain-1,51c86fc0-3278-11f0-91e7-fb5a2aac2a77,76.19408,,,6.34787,,,,,,,02d18158-196c-4e82-8889-159833404470,2025-05-16,17:07:58.76,2025-05-16T13:07:58.7636736-04:00,2025-05-16T17:07:58.7636736Z,,v3,471300,471298,16 May 2025 14:00-fordham@georgemas,"Barenz, Nick",1000218914,Right,GEO_PAT,96712edd-9d6a-436b-bf43-034ebbec8ba4,55.99053,-115.72792,10.96119,5.5009,-1.76784,-17.72842,-1.456,6.84264,-4.86103,,,,,,,,,,,,,,,,,,,,,,,,,,,,,,,,,,,,,,,,,,,,,,,,,,,High,High,High,,,,,
11,2025-05-16,13:08:15.79,2,5,"O'Hara, Connor",1000036031,Right,GEO_PAT,"Bucciero, Daniel",827759,Right,FOR_RAM,Undefined,1,Top,0,2,2,Cutter,Slider,InPlay,Undefined,LineDrive,Double,0,0,,83.76451,-0.786061,-1.903043,2084.3038,341.158,5:15,5.68231,1.43849,4.94307,-44.7301,-3.26855,1.57425,1.21144,-0.22954,76.78298,-8.845292,-1.624969,0.463441,97.61932,17.788376,-32.677535,2229.400769,90.77628,27.29616,-62.12614,278.99727,278.99727,-39.521989,2.878095,-1.34752,-1.09823,-1.25493,50,5.56837,3.96799,-121.4604,-3.38609,-2.00217,24.98627,-33.80584,GEO_PAT,FOR_RAM,SpuhlerFieldMain,D1,A10,20250516-SpuhlerFieldMain-1,5be9d200-3278-11f0-91e7-fb5a2aac2a77,81.33172,30.60206,,6.98153,,,,3.55635,1.46497,0.34433,02d18158-196c-4e82-8889-159833404470,2025-05-16,17:08:15.79,2025-05-16T13:08:15.7948928-04:00,2025-05-16T17:08:15.7948928Z,LineDrive,v3,471300,471298,16 May 2025 14:00-fordham@georgemas,"Barenz, Nick",1000218914,Right,GEO_PAT,ce5c0a70-178d-4ab4-83a1-65dd4f68bd60,55.56114,-122.59908,12.49314,5.68757,-1.84549,-16.90292,-1.43783,4.05923,-1.00108,,3.55634,114.75162,-24.69019,6.04434,-1.32372,0.21598,-0.01257,-0.00338,0.00056,1.46499,43.74016,-17.56027,0.95677,-0.1222,0.05978,-0.03188,0.00851,-0.00083,0.34432,-73.60595,5.34331,-0.43141,-0.01546,-0.0142,0.01738,-0.00519,0.00052,,,,,,,,,,,,,,,,,,,,,,,High,High,High,High,High,,,
12,2025-05-16,13:09:01.70,3,1,"O'Hara, Connor",1000036031,Right,GEO_PAT,"Kanellis, Andrew",1000287028,Right,FOR_RAM,Undefined,1,Top,0,0,0,Cutter,Slider,InPlay,Undefined,GroundBall,Double,0,2,,84.39477,0.013535,-1.515165,2048.241288,354.68222,5:45,5.85089,1.3046,4.40033,-47.47581,-5.91752,0.67346,1.9075,-0.08594,77.43494,-8.452448,-1.397379,0.463981,74.86147,-29.176627,-52.443849,,,,,7.60459,4.75288,-29.887305,0.047867,-0.7648,-2.645,-1.14372,50,5.8047,3.2057,-122.35607,-1.94205,-1.15634,24.74278,-36.17308,GEO_PAT,FOR_RAM,SpuhlerFieldMain,D1,A10,20250516-SpuhlerFieldMain-1,7746fa50-3278-11f0-91e7-fb5a2aac2a77,81.237,2.57046,,6.95983,,,,3.7871,2.57046,-0.13971,02d18158-196c-4e82-8889-159833404470,2025-05-16,17:09:01.70,2025-05-16T13:09:01.7053184-04:00,2025-05-16T17:09:01.7053184Z,GroundBall,v3,471300,471298,16 May 2025 14:00-fordham@georgemas,"Barenz, Nick",1000218914,Right,GEO_PAT,e4a62ca5-f823-4781-9699-281f123c5ed2,56.10479,-123.58441,12.37139,5.85654,-0.14626,-18.08654,-1.30429,3.2631,-0.57817,,3.78564,58.62357,,,,,,,,2.5718,-53.7,,,,,,,,-0.13781,-76.24489,,,,,,,,,,,,,,,,,,,,,,,,,,,,,,High,High,High,Low,Low,,,
13,2025-05-16,13:09:42.58,4,1,"O'Hara, Connor",1000036031,Right,GEO_PAT,"Grabau, Anthony",1000407420,Left,FOR_RAM,Undefined,1,Top,0,0,0,ChangeUp,Changeup,BallCalled,Undefined,Undefined,Undefined,0,0,,81.23455,1.400876,-1.63368,1865.203537,277.687687,3:15,5.62753,1.86713,4.85746,-45.05306,-1.01535,17.77044,3.19997,1.80114,74.38112,-6.745012,1.496461,0.477621,,,,,,,,,,,,-9.21331,-0.48437,-1.72194,50,5.72726,2.58901,-117.82519,1.17469,-12.94753,22.45642,-32.85473,GEO_PAT,FOR_RAM,SpuhlerFieldMain,D1,A10,20250516-SpuhlerFieldMain-1,8f8d6cc0-3278-11f0-91e7-fb5a2aac2a77,78.91698,,,6.85343,,,,,,,02d18158-196c-4e82-8889-159833404470,2025-05-16,17:09:42.58,2025-05-16T13:09:42.5875456-04:00,2025-05-16T17:09:42.5875456Z,,v3,471300,471298,16 May 2025 14:00-fordham@georgemas,"Barenz, Nick",1000218914,Right,GEO_PAT,6b6c91ed-6076-4172-a501-0972a0334a7b,55.64649,-118.89649,11.22821,5.63383,2.74205,-16.42737,-1.86019,3.20668,-6.47376,,,,,,,,,,,,,,,,,,,,,,,,,,,,,,,,,,,,,,,,,,,,,,,,,,,High,High,High,,,,,
14,2025-05-16,13:09:57.66,4,2,"O'Hara, Connor",1000036031,Right,GEO_PAT,"Grabau, Anthony",1000407420,Left,FOR_RAM,Undefined,1,Top,0,1,0,ChangeUp,Curveball,StrikeSwinging,Undefined,Undefined,Undefined,0,0,,82.24372,-0.161024,-1.62386,1902.327597,345.09005,5:30,5.79764,1.37756,4.89487,-47.71463,-4.56607,1.59504,1.66904,-0.02601,75.22642,-8.758003,-1.342317,0.472775,,,,,,,,,,,,-1.27291,-1.80878,-1.21979,50,5.74146,3.31081,-119.23586,-2.17093,-1.82001,24.38945,-34.76027,GEO_PAT,FOR_RAM,SpuhlerFieldMain,D1,A10,20250516-SpuhlerFieldMain-1,98aacc80-3278-11f0-91e7-fb5a2aac2a77,79.72596,,,7.0173,,,,,,,02d18158-196c-4e82-8889-159833404470,2025-05-16,17:09:57.66,2025-05-16T13:09:57.6628736-04:00,2025-05-16T17:09:57.6628736Z,,v3,471300,471298,16 May 2025 14:00-fordham@georgemas,"Barenz, Nick",1000218914,Right,GEO_PAT,a94f4d79-089b-47d2-a808-ccd1af11fde5,55.60803,-120.3775,12.19472,5.80499,-0.54383,-17.38013,-1.37676,3.396,-0.91001,,,,,,,,,,,,,,,,,,,,,,,,,,,,,,,,,,,,,,,,,,,,,,,,,,,High,High,High,,,,,
15,2025-05-16,13:10:14.27,4,3,"O'Hara, Connor",1000036031,Right,GEO_PAT,"Grabau, Anthony",1000407420,Left,FOR_RAM,Undefined,1,Top,0,1,1,ChangeUp,Slider,FoulBallNotFieldable,Undefined,Undefined,Undefined,0,0,,82.41216,0.239928,-1.19831,1970.913732,23.796153,6:45,5.80195,1.50907,5.01325,-44.51235,-2.37646,-1.57547,2.3191,0.24656,76.346,-7.784893,-1.476843,0.467194,74.46266,-33.783104,66.384052,,,,,5.63144,5.63144,34.599695,0.0418,0.48709,-0.9765,-1.39273,50,5.78833,2.57021,-119.73559,-1.1666,0.71298,21.31794,-33.60347,GEO_PAT,FOR_RAM,SpuhlerFieldMain,D1,A10,20250516-SpuhlerFieldMain-1,a287f9d0-3278-11f0-91e7-fb5a2aac2a77,80.67828,2.54671,,6.06616,,,,3.1105,2.54671,-0.2901,02d18158-196c-4e82-8889-159833404470,2025-05-16,17:10:14.27,2025-05-16T13:10:14.2792704-04:00,2025-05-16T17:10:14.2792704Z,GroundBall,v3,471300,471298,16 May 2025 14:00-fordham@georgemas,"Barenz, Nick",1000218914,Right,GEO_PAT,3a26ea9d-bf6c-488a-8724-0d0eeccb6092,55.49226,-120.70948,10.65897,5.80656,0.36855,-16.80174,-1.5094,2.53764,0.35649,,3.1097,36.4823,,,,,,,,2.54804,-60.92599,,,,,,,,-0.29193,83.44138,,,,,,,,,,,,,,,,,,,,,,,,,,,,,,High,High,High,Estimated,Estimated,,,
16,2025-05-16,13:10:42.07,4,4,"O'Hara, Connor",1000036031,Right,GEO_PAT,"Grabau, Anthony",1000407420,Left,FOR_RAM,Undefined,1,Top,0,1,2,Fastball,Sinker,FoulBallNotFieldable,Undefined,Undefined,Undefined,0,0,,91.36451,-1.03923,-1.726348,2051.999138,237.808937,2:00,5.84498,1.1816,4.66263,-23.00588,12.22292,17.54591,2.94,1.00324,83.08605,-5.260857,1.352116,0.427189,78.42556,28.29259,-128.095121,3345.191617,,,,,51.96475,,,-9.11268,6.62382,-1.02242,50,5.71863,3.11942,-132.37925,-3.32566,-16.09726,29.45704,-20.47325,GEO_PAT,FOR_RAM,SpuhlerFieldMain,D1,A10,20250516-SpuhlerFieldMain-1,b314bb30-3278-11f0-91e7-fb5a2aac2a77,88.23356,24.57565,,8.27846,,,,1.47481,2.84901,-0.93078,02d18158-196c-4e82-8889-159833404470,2025-05-16,17:10:42.07,2025-05-16T13:10:42.0778496-04:00,2025-05-16T17:10:42.0778496Z,,v3,471300,471298,16 May 2025 14:00-fordham@georgemas,"Barenz, Nick",1000218914,Right,GEO_PAT,dc38a969-d20f-4dbe-85c9-6e746662dbda,55.83942,-133.67232,14.72852,5.84489,-2.42695,-10.23662,-1.17486,3.82604,-8.04863,,1.47481,-62.48849,-2.71486,3.64782,-1.39168,0.44734,-0.12778,0.03515,-0.00657,2.84901,54.51841,-30.48136,5.0949,-1.17847,0.256,-0.05429,0.012,-0.00196,-0.93078,-79.7085,21.21493,-4.3659,0.91213,-0.14507,0.02257,-0.00369,0.0007,,,,,,,,,,,,,,,,,,,,,,,High,High,High,High,Undefined,,,
17,2025-05-16,13:11:01.13,4,5,"O'Hara, Connor",1000036031,Right,GEO_PAT,"Grabau, Anthony",1000407420,Left,FOR_RAM,Undefined,1,Top,0,1,2,Slider,Curveball,FoulBallNotFieldable,Undefined,Undefined,Undefined,0,0,,82.75657,-0.788124,-1.371364,2142.755992,6.766923,6:15,5.80977,1.47501,4.86089,-47.78133,-5.63638,-0.81378,1.08175,0.1089,76.74545,-9.34236,-1.515029,0.467244,,,,,,,,,,,,0.04819,-2.36799,-1.33903,50,5.69045,2.91127,-120.17805,-3.49165,0.07085,22.13229,-35.65559,GEO_PAT,FOR_RAM,SpuhlerFieldMain,D1,A10,20250516-SpuhlerFieldMain-1,be7701e0-3278-11f0-91e7-fb5a2aac2a77,80.66964,,,6.01112,,,,,,,02d18158-196c-4e82-8889-159833404470,2025-05-16,17:11:01.13,2025-05-16T13:11:01.1372544-04:00,2025-05-16T17:11:01.1372544Z,,v3,471300,471298,16 May 2025 14:00-fordham@georgemas,"Barenz, Nick",1000218914,Right,GEO_PAT,0713d616-4bea-40de-90f9-62ee469a87ea,55.64532,-121.21325,11.06615,5.81477,-1.82393,-17.8278,-1.47512,2.90796,0.03543,,,,,,,,,,,,,,,,,,,,,,,,,,,,,,,,,,,,,,,,,,,,,,,,,,,High,High,High,,,,,
18,2025-05-16,13:11:23.87,4,6,"O'Hara, Connor",1000036031,Right,GEO_PAT,"Grabau, Anthony",1000407420,Left,FOR_RAM,Undefined,1,Top,0,1,2,Fastball,Sinker,FoulBallNotFieldable,Undefined,Undefined,Undefined,0,0,,91.77787,-1.869774,-2.996055,2075.265753,241.983887,2:00,5.83461,1.10986,4.84152,-24.64045,10.21268,16.9291,2.00775,-0.31885,83.30599,-6.386975,-0.018312,0.424905,,,,,,,,,,,,-9.3193,5.9291,-0.82882,50,5.62867,6.13511,-132.82429,-5.32574,-16.51932,30.5123,-21.66418,GEO_PAT,FOR_RAM,SpuhlerFieldMain,D1,A10,20250516-SpuhlerFieldMain-1,cbf9b790-3278-11f0-91e7-fb5a2aac2a77,88.70784,,,8.47188,,,,,,,02d18158-196c-4e82-8889-159833404470,2025-05-16,17:11:23.87,2025-05-16T13:11:23.8753280-04:00,2025-05-16T17:11:23.8753280Z,,v3,471300,471298,16 May 2025 14:00-fordham@georgemas,"Barenz, Nick",1000218914,Right,GEO_PAT,357c44d5-f3cf-438e-8cfc-42745babbcf9,55.66135,-134.11851,15.25615,5.83508,-4.40682,-10.83209,-1.10391,6.8358,-8.25966,,,,,,,,,,,,,,,,,,,,,,,,,,,,,,,,,,,,,,,,,,,,,,,,,,,High,High,High,,,,,
19,2025-05-16,13:11:51.95,4,7,"O'Hara, Connor",1000036031,Right,GEO_PAT,"Grabau, Anthony",1000407420,Left,FOR_RAM,Undefined,1,Top,0,1,2,Cutter,Curveball,StrikeSwinging,Strikeout,Undefined,Undefined,0,0,,84.14178,-1.388191,-1.267893,2144.94977,5.382046,6:15,5.71689,1.13669,5.06509,-47.0464,-6.55028,-0.72791,0.48676,-0.11975,78.07877,-9.826723,-1.396964,0.458013,,,,,,,,,,,,0.03197,-2.71559,-1.01556,50,5.54663,2.73498,-122.20386,-4.75369,0.04857,23.1158,-36.29817,GEO_PAT,FOR_RAM,SpuhlerFieldMain,D1,A10,20250516-SpuhlerFieldMain-1,dcb8faa0-3278-11f0-91e7-fb5a2aac2a77,82.29552,,,6.06301,,,,,,,02d18158-196c-4e82-8889-159833404470,2025-05-16,17:11:51.95,2025-05-16T13:11:51.9523840-04:00,2025-05-16T17:11:51.9523840Z,,v3,471300,471298,16 May 2025 14:00-fordham@georgemas,"Barenz, Nick",1000218914,Right,GEO_PAT,67218e36-0853-44fc-a1ea-db89c83c4814,55.44138,-123.22884,11.5579,5.72173,-3.14419,-18.14909,-1.13678,2.73283,0.02428,,,,,,,,,,,,,,,,,,,,,,,,,,,,,,,,,,,,,,,,,,,,,,,,,,,High,High,High,,,,,
20,2025-05-16,13:12:20.28,5,1,"O'Hara, Connor",1000036031,Right,GEO_PAT,"Dieguez, Matthew",10131275,Right,FOR_RAM,Undefined,1,Top,1,0,0,Fastball,Sinker,StrikeCalled,Undefined,Undefined,Undefined,0,0,,91.63433,-2.052811,-4.065982,2125.93405,239.515046,2:00,5.95957,1.12932,4.72328,-24.59651,10.26973,15.55808,1.95613,-1.43902,83.91643,-6.531628,-1.340619,0.424985,,,,,,,,,,,,-8.76776,5.91465,-0.73282,50,5.7301,8.66217,-132.5637,-5.76711,-15.64716,27.56883,-21.61866,GEO_PAT,FOR_RAM,SpuhlerFieldMain,D1,A10,20250516-SpuhlerFieldMain-1,eda17090-3278-11f0-91e7-fb5a2aac2a77,88.69112,,,7.71791,,,,,,,02d18158-196c-4e82-8889-159833404470,2025-05-16,17:12:20.28,2025-05-16T13:12:20.2839552-04:00,2025-05-16T17:12:20.2839552Z,,v3,471300,471298,16 May 2025 14:00-fordham@georgemas,"Barenz, Nick",1000218914,Right,GEO_PAT,f0cb1e69-f534-486c-817f-4dcd32a8786c,55.77993,-133.76033,13.78441,5.96005,-4.82874,-10.80933,-1.12355,9.34134,-7.82358,,,,,,,,,,,,,,,,,,,,,,,,,,,,,,,,,,,,,,,,,,,,,,,,,,,High,High,High,,,,,
21,2025-05-16,13:12:35.87,5,2,"O'Hara, Connor",1000036031,Right,GEO_PAT,"Dieguez, Matthew",10131275,Right,FOR_RAM,Undefined,1,Top,1,0,1,Fastball,Sinker,StrikeCalled,Undefined,Undefined,Undefined,0,0,,91.08493,-2.225048,-3.144298,2002.80131,246.664291,2:15,5.78618,1.05056,4.69074,-25.7286,9.53075,19.50777,1.52519,-0.31232,83.52595,-6.897755,0.277916,0.427375,,,,,,,,,,,,-10.48453,5.59083,-0.74977,50,5.53689,6.30023,-131.90553,-6.18784,-18.52306,27.33163,-22.29673,GEO_PAT,FOR_RAM,SpuhlerFieldMain,D1,A10,20250516-SpuhlerFieldMain-1,f6e962c0-3278-11f0-91e7-fb5a2aac2a77,88.19532,,,7.55898,,,,,,,02d18158-196c-4e82-8889-159833404470,2025-05-16,17:12:35.87,2025-05-16T13:12:35.8774272-04:00,2025-05-16T17:12:35.8774272Z,,v3,471300,471298,16 May 2025 14:00-fordham@georgemas,"Barenz, Nick",1000218914,Right,GEO_PAT,e46012e5-7ebb-4892-8826-5b2f690c047f,55.81342,-133.10465,13.66581,5.78692,-5.20961,-11.14837,-1.04401,7.11289,-9.26153,,,,,,,,,,,,,,,,,,,,,,,,,,,,,,,,,,,,,,,,,,,,,,,,,,,High,High,High,,,,,
22,2025-05-16,13:12:54.35,5,3,"O'Hara, Connor",1000036031,Right,GEO_PAT,"Dieguez, Matthew",10131275,Right,FOR_RAM,Undefined,1,Top,1,0,2,Fastball,Four-Seam,StrikeSwinging,Strikeout,Undefined,Undefined,0,0,,91.33797,-1.123272,-3.093411,2132.01706,222.197441,1:30,5.94112,1.09887,4.65382,-18.11284,17.53757,14.7156,3.36275,-0.61689,82.16074,-4.514055,-0.516818,0.429738,,,,,,,,,,,,-8.14997,9.28516,-0.79667,50,5.81079,6.39107,-132.02866,-3.2577,-14.19719,31.54839,-15.99935,GEO_PAT,FOR_RAM,SpuhlerFieldMain,D1,A10,20250516-SpuhlerFieldMain-1,01d233b0-3279-11f0-91e7-fb5a2aac2a77,87.71029,,,9.17723,,,,,,,02d18158-196c-4e82-8889-159833404470,2025-05-16,17:12:54.35,2025-05-16T13:12:54.3579648-04:00,2025-05-16T17:12:54.3579648Z,,v3,471300,471298,16 May 2025 14:00-fordham@georgemas,"Barenz, Nick",1000218914,Right,GEO_PAT,3deda47c-8810-428c-a1e5-f9eebe565db1,55.84548,-133.41813,15.7742,5.93875,-2.55305,-7.99968,-1.09192,7.01635,-7.0986,,,,,,,,,,,,,,,,,,,,,,,,,,,,,,,,,,,,,,,,,,,,,,,,,,,High,High,High,,,,,
23,2025-05-16,13:13:18.56,6,1,"O'Hara, Connor",1000036031,Right,GEO_PAT,"Sahler, Cian",1000133997,Left,FOR_RAM,Undefined,1,Top,2,0,0,Fastball,Sinker,BallCalled,Undefined,Undefined,Undefined,0,0,,91.40984,-0.23615,-1.825481,2018.21334,220.89962,1:15,5.90174,1.03763,4.87512,-19.05281,16.00769,12.81442,4.09043,0.37749,82.62797,-3.795875,0.430159,0.426168,,,,,,,,,,,,-6.85933,8.30532,-0.86953,50,5.8632,3.58907,-132.40412,-1.24494,-12.07082,30.56169,-17.55862,GEO_PAT,FOR_RAM,SpuhlerFieldMain,D1,A10,20250516-SpuhlerFieldMain-1,10400cb0-3279-11f0-91e7-fb5a2aac2a77,88.44509,,,8.78188,,,,,,,02d18158-196c-4e82-8889-159833404470,2025-05-16,17:13:18.56,2025-05-16T13:13:18.5654784-04:00,2025-05-16T17:13:18.5654784Z,,v3,471300,471298,16 May 2025 14:00-fordham@georgemas,"Barenz, Nick",1000218914,Right,GEO_PAT,ee03ab00-91e8-4c45-aac2-93ec749441b2,55.62495,-133.69618,15.28085,5.90013,-0.50262,-8.77931,-1.03205,4.09939,-6.03541,,,,,,,,,,,,,,,,,,,,,,,,,,,,,,,,,,,,,,,,,,,,,,,,,,,High,High,High,,,,,
24,2025-05-16,13:13:34.49,6,2,"O'Hara, Connor",1000036031,Right,GEO_PAT,"Sahler, Cian",1000133997,Left,FOR_RAM,Undefined,1,Top,2,1,0,ChangeUp,Changeup,StrikeCalled,Undefined,Undefined,Undefined,0,0,,80.44997,-0.672528,-2.653305,1682.529487,278.471449,3:15,5.52627,1.5345,4.77012,-46.32432,-1.1574,17.54273,1.02756,0.47895,73.87099,-9.000043,0.435,0.483706,,,,,,,,,,,,-9.47115,-0.03343,-1.28507,50,5.41777,4.66213,-116.61459,-3.11264,-13.00771,22.46958,-32.21995,GEO_PAT,FOR_RAM,SpuhlerFieldMain,D1,A10,20250516-SpuhlerFieldMain-1,19e0cd40-3279-11f0-91e7-fb5a2aac2a77,77.92425,,,6.57898,,,,,,,02d18158-196c-4e82-8889-159833404470,2025-05-16,17:13:34.49,2025-05-16T13:13:34.4921088-04:00,2025-05-16T17:13:34.4921088Z,,v3,471300,471298,16 May 2025 14:00-fordham@georgemas,"Barenz, Nick",1000218914,Right,GEO_PAT,a3fef17a-f685-41a9-b66a-51d967c4ae6e,55.73484,-117.71441,11.23479,5.53153,-1.53557,-16.10998,-1.52885,5.29882,-6.50386,,,,,,,,,,,,,,,,,,,,,,,,,,,,,,,,,,,,,,,,,,,,,,,,,,,High,High,High,,,,,
25,2025-05-16,13:13:52.77,6,3,"O'Hara, Connor",1000036031,Right,GEO_PAT,"Sahler, Cian",1000133997,Left,FOR_RAM,Undefined,1,Top,2,1,1,ChangeUp,Changeup,FoulBallNotFieldable,Undefined,Undefined,Undefined,0,0,,80.51223,-0.053665,-2.774476,1901.12198,253.395064,2:30,5.50623,1.61183,4.68182,-38.36167,6.76485,17.88229,2.2584,0.46515,73.79848,-6.995108,0.362935,0.48349,,,,,,,,,,,,-9.62394,3.69937,-1.34685,50,5.46619,4.89178,-116.6965,-1.53316,-13.28091,21.80837,-27.06894,GEO_PAT,FOR_RAM,SpuhlerFieldMain,D1,A10,20250516-SpuhlerFieldMain-1,24c22420-3279-11f0-91e7-fb5a2aac2a77,77.95912,,,6.71375,,,,,,,02d18158-196c-4e82-8889-159833404470,2025-05-16,17:13:52.77,2025-05-16T13:13:52.7706112-04:00,2025-05-16T17:13:52.7706112Z,,v3,471300,471298,16 May 2025 14:00-fordham@georgemas,"Barenz, Nick",1000218914,Right,GEO_PAT,176aca36-cb41-4415-9d34-5dee51f460f3,55.8224,-117.77957,10.90419,5.50895,-0.18883,-13.53447,-1.60617,5.55136,-6.64046,,,,,,,,,,,,,,,,,,,,,,,,,,,,,,,,,,,,,,,,,,,,,,,,,,,High,High,High,,,,,
26,2025-05-16,13:14:14.62,6,4,"O'Hara, Connor",1000036031,Right,GEO_PAT,"Sahler, Cian",1000133997,Left,FOR_RAM,Undefined,1,Top,2,1,2,Slider,Curveball,BallCalled,Undefined,Undefined,Undefined,0,0,,82.38791,1.216012,0.353408,1918.102818,5.393836,6:15,5.80264,1.44227,4.91402,-47.38636,-4.65091,-0.56626,3.00384,1.72927,75.46943,-7.339712,0.253483,0.470506,,,,,,,,,,,,0.37858,-2.21917,-1.47629,50,5.88162,-0.71238,-119.52955,0.70366,0.54701,23.31773,-35.38044,GEO_PAT,FOR_RAM,SpuhlerFieldMain,D1,A10,20250516-SpuhlerFieldMain-1,31b4ced0-3279-11f0-91e7-fb5a2aac2a77,80.11036,,,6.91848,,,,,,,02d18158-196c-4e82-8889-159833404470,2025-05-16,17:14:14.62,2025-05-16T13:14:14.6281984-04:00,2025-05-16T17:14:14.6281984Z,,v3,471300,471298,16 May 2025 14:00-fordham@georgemas,"Barenz, Nick",1000218914,Right,GEO_PAT,3755a9a9-4a32-4e5f-8dc6-8a766c1c6c5a,55.58892,-120.61491,11.65887,5.81054,2.35049,-17.69022,-1.44254,-0.73784,0.27351,,,,,,,,,,,,,,,,,,,,,,,,,,,,,,,,,,,,,,,,,,,,,,,,,,,High,High,High,,,,,
27,2025-05-16,13:14:30.90,6,5,"O'Hara, Connor",1000036031,Right,GEO_PAT,"Sahler, Cian",1000133997,Left,FOR_RAM,Undefined,1,Top,2,2,2,Slider,Curveball,InPlay,Undefined,GroundBall,Single,0,1,,81.39841,0.590947,-1.416603,2039.154235,351.496527,5:45,5.75312,1.37486,4.6818,-55.96389,-11.69367,1.95953,1.65086,0.19258,74.73351,-9.414298,-1.071819,0.478881,90.56633,3.63315,15.242098,3728.905203,,,,95.90294,94.85594,14.717883,0.770621,-1.38252,-5.61343,-1.23263,50,5.76171,2.8349,-118.06749,-0.98467,-1.94235,23.46426,-40.0606,GEO_PAT,FOR_RAM,SpuhlerFieldMain,D1,A10,20250516-SpuhlerFieldMain-1,3b7d3ba0-3279-11f0-91e7-fb5a2aac2a77,78.70947,3.14431,,6.6649,,,,3.03184,1.92853,-0.26779,02d18158-196c-4e82-8889-159833404470,2025-05-16,17:14:30.90,2025-05-16T13:14:30.9035008-04:00,2025-05-16T17:14:30.9035008Z,GroundBall,v3,471300,471298,16 May 2025 14:00-fordham@georgemas,"Barenz, Nick",1000218914,Right,GEO_PAT,5b2783ed-fbb8-4150-bafd-eeeae689b9b4,55.82396,-119.2193,11.73213,5.76178,0.98182,-20.0303,-1.37413,2.93024,-0.97118,189.070614,3.08188,127.01834,-13.90011,,,,,,,1.9449,8.13187,-13.85353,,,,,,,-0.25567,34.6372,-3.50684,,,,,,,,,,,,,,,,,,,,,,,,,,,,,High,High,High,High,High,,,
28,2025-05-16,13:15:10.49,7,1,"O'Hara, Connor",1000036031,Right,GEO_PAT,"Ocko, Madden",10300306,Right,FOR_RAM,Undefined,1,Top,2,0,0,Fastball,Sinker,StrikeCalled,Undefined,Undefined,Undefined,0,0,,90.56259,-1.294304,-3.53187,1967.202584,251.292023,2:30,5.87552,1.09446,4.70585,-28.34336,7.69784,19.00481,2.28242,-0.67865,82.07023,-6.459897,-0.199311,0.432087,,,,,,,,,,,,-10.41264,4.51595,-0.75448,50,5.71916,7.1526,-130.97941,-4.12719,-17.93169,29.90688,-24.3971,GEO_PAT,FOR_RAM,SpuhlerFieldMain,D1,A10,20250516-SpuhlerFieldMain-1,531df830-3279-11f0-91e7-fb5a2aac2a77,87.23347,,,8.49236,,,,,,,02d18158-196c-4e82-8889-159833404470,2025-05-16,17:15:10.49,2025-05-16T13:15:10.4913408-04:00,2025-05-16T17:15:10.4913408Z,,v3,471300,471298,16 May 2025 14:00-fordham@georgemas,"Barenz, Nick",1000218914,Right,GEO_PAT,7c56473b-bc8e-45ee-a784-5096c6eb95ca,55.79629,-132.29627,14.95344,5.87723,-3.05293,-12.19855,-1.08681,7.94217,-8.96585,,,,,,,,,,,,,,,,,,,,,,,,,,,,,,,,,,,,,,,,,,,,,,,,,,,High,High,High,,,,,
29,2025-05-16,13:15:26.56,7,2,"O'Hara, Connor",1000036031,Right,GEO_PAT,"Ocko, Madden",10300306,Right,FOR_RAM,Undefined,1,Top,2,0,1,Fastball,Sinker,BallCalled,Undefined,Undefined,Undefined,0,0,,91.22771,-1.234229,-4.263846,2105.951061,253.585546,2:30,5.77114,1.12082,4.78779,-28.64269,6.60327,18.44198,2.211,-1.39114,83.13145,-6.442589,-1.029506,0.427293,,,,,,,,,,,,-10.28075,3.93429,-0.71131,50,5.62278,8.93252,-131.94238,-4.03373,-18.08561,28.61516,-25.25292,GEO_PAT,FOR_RAM,SpuhlerFieldMain,D1,A10,20250516-SpuhlerFieldMain-1,5caeda40-3279-11f0-91e7-fb5a2aac2a77,88.21209,,,8.09626,,,,,,,02d18158-196c-4e82-8889-159833404470,2025-05-16,17:15:26.56,2025-05-16T13:15:26.5652224-04:00,2025-05-16T17:15:26.5652224Z,,v3,471300,471298,16 May 2025 14:00-fordham@georgemas,"Barenz, Nick",1000218914,Right,GEO_PAT,d8b5bcb6-b4c5-4dab-81b7-a8de08cff4d9,55.71488,-133.17603,14.30758,5.77321,-2.94502,-12.62646,-1.11322,9.71222,-9.04281,,,,,,,,,,,,,,,,,,,,,,,,,,,,,,,,,,,,,,,,,,,,,,,,,,,High,High,High,,,,,
30,2025-05-16,13:15:41.54,7,3,"O'Hara, Connor",1000036031,Right,GEO_PAT,"Ocko, Madden",10300306,Right,FOR_RAM,Undefined,1,Top,2,1,1,Slider,Curveball,InPlay,Undefined,GroundBall,Out,1,0,,81.48015,1.119787,-1.22074,2017.47689,18.492883,6:30,5.74463,1.481,5.06251,-50.93869,-7.2417,-2.90382,2.55609,0.08767,74.38425,-8.092994,-1.734588,0.47577,87.64903,-9.993686,34.843835,,,,,13.65024,13.51978,33.711078,0.105649,1.08016,-3.54366,-1.36248,50,5.81029,2.64123,-118.17167,0.39865,1.51576,24.11877,-37.14689,GEO_PAT,FOR_RAM,SpuhlerFieldMain,D1,A10,20250516-SpuhlerFieldMain-1,659b8d10-3279-11f0-91e7-fb5a2aac2a77,79.22405,2.45338,,7.0959,,,,0.55833,2.45338,-0.0327,02d18158-196c-4e82-8889-159833404470,2025-05-16,17:15:41.54,2025-05-16T13:15:41.5441408-04:00,2025-05-16T17:15:41.5441408Z,GroundBall,v3,471300,471298,16 May 2025 14:00-fordham@georgemas,"Barenz, Nick",1000218914,Right,GEO_PAT,c339d7a1-3d08-4777-ad3c-a8f70fe994b1,55.44115,-119.27703,12.05939,5.75301,2.1011,-18.57345,-1.48194,2.57177,0.75788,245.377981,0.55847,103.88534,-16.04223,,,,,,,2.45337,-22.30815,-8.66369,,,,,,,-0.0327,72.33221,-2.97049,,,,,,,,,,,,,,,,,,,,,,,,,,,,,High,High,High,High,High,,,
31,2025-05-16,13:18:30.26,1,1,"Hasan, Ameer",1000367089,Left,FOR_RAM,"Clyne, Owen",1000230336,Left,GEO_PAT,Undefined,1,Bottom,0,0,0,Fastball,Changeup,StrikeCalled,Undefined,Undefined,Undefined,0,0,,78.0011,-0.189839,3.245884,1637.697223,107.015697,9:30,5.5112,-1.86249,4.82517,-41.14522,7.39323,-18.40749,1.90234,-0.31879,70.60087,-7.684961,0.008948,0.501435,,,,,,,,,,,,10.07725,4.19831,1.55695,50,5.45739,-5.62177,-112.82048,-1.82659,12.8166,23.06035,-26.83449,GEO_PAT,FOR_RAM,SpuhlerFieldMain,D1,A10,20250516-SpuhlerFieldMain-1,ca31ac50-3279-11f0-91e7-fb5a2aac2a77,75.1692,,,7.40022,,,,,,,02d18158-196c-4e82-8889-159833404470,2025-05-16,17:18:30.26,2025-05-16T13:18:30.2623232-04:00,2025-05-16T17:18:30.2623232Z,,v3,471300,471298,16 May 2025 14:00-fordham@georgemas,"McAndrews, Thomas",1000092049,Right,FOR_RAM,7bd68a55-b87d-4ed5-82b0-803a08363fad,55.67557,-113.97466,11.53018,5.5152,-0.48352,-13.41725,1.85438,-6.26324,6.4083,,,,,,,,,,,,,,,,,,,,,,,,,,,,,,,,,,,,,,,,,,,,,,,,,,,High,High,High,,,,,
32,2025-05-16,13:18:44.53,1,2,"Hasan, Ameer",1000367089,Left,FOR_RAM,"Clyne, Owen",1000230336,Left,GEO_PAT,Undefined,1,Bottom,0,0,1,Slider,Curveball,InPlay,Undefined,LineDrive,Out,1,0,,69.7622,1.772659,2.282034,2044.193606,275.144191,3:15,5.1808,-2.15088,4.77783,-59.34224,1.70095,5.92296,1.91794,0.50718,63.17175,-8.971943,3.322493,0.562328,73.11269,15.436101,12.871646,5463.444661,106.71594,13.77079,26.67773,169.1896,149.15268,15.126125,1.918444,-2.17902,0.77232,1.91684,50,5.3065,-4.24011,-100.88957,1.21777,-2.20342,19.31,-31.39306,GEO_PAT,FOR_RAM,SpuhlerFieldMain,D1,A10,20250516-SpuhlerFieldMain-1,d2b452b0-3279-11f0-91e7-fb5a2aac2a77,67.02923,14.77577,,6.59045,,,,3.23575,2.20771,-0.39031,02d18158-196c-4e82-8889-159833404470,2025-05-16,17:18:44.53,2025-05-16T13:18:44.5338112-04:00,2025-05-16T17:18:44.5338112Z,LineDrive,v3,471300,471298,16 May 2025 14:00-fordham@georgemas,"McAndrews, Thomas",1000092049,Right,FOR_RAM,570b042b-8984-4fec-9f98-7e058ed9f509,55.7239,-101.97923,9.655,5.1878,2.98926,-15.69653,2.1526,-4.11578,-1.10171,232.040252,3.23575,100.76631,-12.51304,2.54463,-0.50724,0.08974,-0.01648,0.00281,-0.00024,2.20771,28.54119,-16.96155,0.9646,-0.13647,0.02038,-0.00075,0.00017,-4E-05,-0.39031,23.0261,0.56499,-0.42881,0.14444,-0.03516,0.00726,-0.00113,9E-05,,,,,,,,,,,,,,,,,,,,,,,High,High,High,High,High,,,
33,2025-05-16,13:19:43.80,2,1,"Hasan, Ameer",1000367089,Left,FOR_RAM,"Quinn-Irons, Jaime",1000216379,Right,GEO_PAT,Undefined,1,Bottom,1,0,0,Slider,Curveball,StrikeCalled,Undefined,Undefined,Undefined,0,0,,69.80057,1.355706,0.247603,2106.98914,274.669278,3:15,5.24074,-2.05589,4.85383,-58.32763,1.45347,5.72882,1.66375,-1.34409,64.15599,-9.173498,1.257663,0.556485,,,,,,,,,,,,-2.75173,0.90032,2.02628,50,5.32487,-0.65124,-101.2197,0.50776,-2.84694,16.94626,-31.24259,GEO_PAT,FOR_RAM,SpuhlerFieldMain,D1,A10,20250516-SpuhlerFieldMain-1,f5ff3460-3279-11f0-91e7-fb5a2aac2a77,67.73309,,,5.64458,,,,,,,02d18158-196c-4e82-8889-159833404470,2025-05-16,17:19:43.80,2025-05-16T13:19:43.8089728-04:00,2025-05-16T17:19:43.8089728Z,,v3,471300,471298,16 May 2025 14:00-fordham@georgemas,"McAndrews, Thomas",1000092049,Right,FOR_RAM,c3d72e74-98d1-4d47-abf8-891fe1dea611,55.64829,-102.16097,8.47313,5.24847,2.2431,-15.62129,2.05806,-0.49311,-1.42347,,,,,,,,,,,,,,,,,,,,,,,,,,,,,,,,,,,,,,,,,,,,,,,,,,,High,High,High,,,,,
34,2025-05-16,13:19:57.70,2,2,"Hasan, Ameer",1000367089,Left,FOR_RAM,"Quinn-Irons, Jaime",1000216379,Right,GEO_PAT,Undefined,1,Bottom,1,0,1,ChangeUp,Changeup,StrikeSwinging,Undefined,Undefined,Undefined,0,0,,73.6448,-0.575859,2.787519,1529.521043,122.826388,10:00,5.20324,-2.0606,5.25321,-42.82711,11.03764,-13.93249,1.09253,-0.60018,66.46283,-8.459932,0.31652,0.528231,,,,,,,,,,,,7.89556,6.28945,1.81547,50,5.11921,-4.65629,-106.54138,-2.39761,8.89789,21.64119,-25.08617,GEO_PAT,FOR_RAM,SpuhlerFieldMain,D1,A10,20250516-SpuhlerFieldMain-1,fe557390-3279-11f0-91e7-fb5a2aac2a77,71.356,,,7.18197,,,,,,,02d18158-196c-4e82-8889-159833404470,2025-05-16,17:19:57.70,2025-05-16T13:19:57.7060352-04:00,2025-05-16T17:19:57.7060352Z,,v3,471300,471298,16 May 2025 14:00-fordham@georgemas,"McAndrews, Thomas",1000092049,Right,FOR_RAM,579857b8-b713-4bef-ad2a-96a7f63b9814,55.24579,-107.60165,10.82059,5.20657,-1.16856,-12.54309,2.05428,-5.09222,4.44894,,,,,,,,,,,,,,,,,,,,,,,,,,,,,,,,,,,,,,,,,,,,,,,,,,,High,High,High,,,,,
35,2025-05-16,13:20:12.21,2,3,"Hasan, Ameer",1000367089,Left,FOR_RAM,"Quinn-Irons, Jaime",1000216379,Right,GEO_PAT,Undefined,1,Bottom,1,0,2,ChangeUp,Changeup,BallCalled,Undefined,Undefined,Undefined,0,0,,70.95156,-1.228239,1.574694,1416.896293,102.163132,9:30,5.41241,-2.04775,5.21514,-52.33597,5.49087,-15.69505,-0.10451,-1.87453,64.71829,-10.744312,-1.215147,0.547314,,,,,,,,,,,,8.47245,3.64516,1.91489,50,5.25951,-2.26967,-102.79902,-3.80257,8.91035,19.77401,-28.34049,GEO_PAT,FOR_RAM,SpuhlerFieldMain,D1,A10,20250516-SpuhlerFieldMain-1,06fa9610-327a-11f0-91e7-fb5a2aac2a77,68.86809,,,6.23327,,,,,,,02d18158-196c-4e82-8889-159833404470,2025-05-16,17:20:12.21,2025-05-16T13:20:12.2101760-04:00,2025-05-16T17:20:12.2101760Z,,v3,471300,471298,16 May 2025 14:00-fordham@georgemas,"McAndrews, Thomas",1000092049,Right,FOR_RAM,2c9e9d85-4da4-4778-84d7-63f9856e932b,55.28775,-103.81116,9.887,5.41702,-2.35194,-14.17024,2.04274,-2.72575,4.45518,,,,,,,,,,,,,,,,,,,,,,,,,,,,,,,,,,,,,,,,,,,,,,,,,,,High,High,High,,,,,
36,2025-05-16,13:20:30.49,2,4,"Hasan, Ameer",1000367089,Left,FOR_RAM,"Quinn-Irons, Jaime",1000216379,Right,GEO_PAT,Undefined,1,Bottom,1,1,2,ChangeUp,Changeup,StrikeSwinging,Strikeout,Undefined,Undefined,0,0,,73.23244,1.901782,2.834498,1500.379782,93.323482,9:00,5.28413,-2.17244,5.12906,-51.47007,3.18067,-19.98387,2.78901,-1.1659,66.01126,-7.516394,-0.698844,0.532071,,,,,,,,,,,,10.79351,1.57658,1.92213,50,5.42364,-4.46234,-105.9243,1.84559,12.05134,21.00475,-30.41376,GEO_PAT,FOR_RAM,SpuhlerFieldMain,D1,A10,20250516-SpuhlerFieldMain-1,11c64210-327a-11f0-91e7-fb5a2aac2a77,70.84102,,,7.22118,,,,,,,02d18158-196c-4e82-8889-159833404470,2025-05-16,17:20:30.49,2025-05-16T13:20:30.4943104-04:00,2025-05-16T17:20:30.4943104Z,,v3,471300,471298,16 May 2025 14:00-fordham@georgemas,"McAndrews, Thomas",1000092049,Right,FOR_RAM,c8e80868-8e64-4079-8f48-649242c66ba3,55.37128,-106.98412,10.50238,5.2918,3.38016,-15.20688,2.16262,-5.0704,6.02567,,,,,,,,,,,,,,,,,,,,,,,,,,,,,,,,,,,,,,,,,,,,,,,,,,,High,High,High,,,,,
37,2025-05-16,13:21:08.79,3,1,"Hasan, Ameer",1000367089,Left,FOR_RAM,"Hull, Owen",10054797,Left,GEO_PAT,Undefined,1,Bottom,2,0,0,Fastball,Changeup,InPlay,Undefined,FlyBall,Out,1,0,,79.66839,0.20903,3.241646,1852.289294,134.322513,10:30,5.44985,-1.93787,4.84303,-35.01081,11.20847,-9.85918,2.73052,0.31315,72.37543,-6.194794,1.509648,0.489309,83.30812,48.477378,-20.030618,5106.842029,100.18553,106.77234,-45.41811,238.46617,231.84233,-26.367126,5.599299,5.87595,5.88618,1.62604,50,5.44106,-6.11848,-115.31102,-0.80719,7.85401,22.89648,-24.30632,GEO_PAT,FOR_RAM,SpuhlerFieldMain,D1,A10,20250516-SpuhlerFieldMain-1,28a3d5b0-327a-11f0-91e7-fb5a2aac2a77,77.03201,114.87662,,7.29296,,,,2.6038,2.97397,-0.29468,02d18158-196c-4e82-8889-159833404470,2025-05-16,17:21:08.79,2025-05-16T13:21:08.7923200-04:00,2025-05-16T17:21:08.7923200Z,FlyBall,v3,471300,471298,16 May 2025 14:00-fordham@georgemas,"McAndrews, Thomas",1000092049,Right,FOR_RAM,35b55620-30fb-47a5-86f1-37cc282dd3f7,55.65894,-116.42926,11.44824,5.45149,0.37989,-12.15316,1.93422,-6.50206,3.927,163.925739,2.6053,76.03622,-20.40672,5.3195,-0.71022,-0.07919,0.0502,-0.00746,0.00038,2.96349,91.67256,-22.53642,2.51422,-0.76846,0.21059,-0.03163,0.00203,-3E-05,-0.29219,-27.79109,2.21554,-0.03707,0.01909,-0.03502,0.01157,-0.00158,8E-05,,,,,,,,,,,,,,,,,,,,,,,High,High,High,High,Medium,,,
38,,,1,1,"O'Hara, Connor",1000036031,Right,GEO_PAT,"McAndrews, Thomas",1000092049,Right,FOR_RAM,Undefined,2,Top,0,0,0,Fastball,,FoulBallNotFieldable,Undefined,Undefined,Undefined,0,0,,,,,,,,,,,,,,,,,,,,,,,,,,,,,,,,,,,,,,,,,,GEO_PAT,FOR_RAM,SpuhlerFieldMain,D1,A10,20250516-SpuhlerFieldMain-1,77270450-327a-11f0-91e7-fb5a2aac2a77,,,,,,,,,,,02d18158-196c-4e82-8889-159833404470,,,,,,v3,471300,471298,16 May 2025 14:00-fordham@georgemas,"Barenz, Nick",1000218914,Right,GEO_PAT,,,,,,,,,,,,,,,,,,,,,,,,,,,,,,,,,,,,,,,,,,,,,,,,,,,,,,,,,,,,,,,,,,,,
39,2025-05-16,13:24:21.36,1,2,"O'Hara, Connor",1000036031,Right,GEO_PAT,"McAndrews, Thomas",1000092049,Right,FOR_RAM,Undefined,2,Top,0,0,1,Fastball,Sinker,FoulBallNotFieldable,Undefined,Undefined,Undefined,0,0,,88.77228,-0.575391,-1.354219,2164.440061,223.509752,1:30,5.87905,1.11875,4.80141,-22.82407,14.03611,12.23135,3.43165,0.85457,81.23062,-4.774292,0.797011,0.436968,,,,,,,,,,,,-6.32831,7.39512,-0.99481,50,5.80245,2.44905,-128.74092,-2.15959,-10.65572,25.9071,-19.72205,GEO_PAT,FOR_RAM,SpuhlerFieldMain,D1,A10,20250516-SpuhlerFieldMain-1,9b54a4e0-327a-11f0-91e7-fb5a2aac2a77,86.25894,,,7.54166,,,,,,,02d18158-196c-4e82-8889-159833404470,2025-05-16,17:24:21.36,2025-05-16T13:24:21.3662208-04:00,2025-05-16T17:24:21.3662208Z,,v3,471300,471298,16 May 2025 14:00-fordham@georgemas,"Barenz, Nick",1000218914,Right,GEO_PAT,97027744-1323-4271-a067-1a84a17583fb,55.69873,-129.88264,12.95355,5.87847,-1.29045,-9.86103,-1.11309,2.91864,-5.32786,,,,,,,,,,,,,,,,,,,,,,,,,,,,,,,,,,,,,,,,,,,,,,,,,,,High,High,High,,,,,
40,2025-05-16,13:24:50.61,1,3,"O'Hara, Connor",1000036031,Right,GEO_PAT,"McAndrews, Thomas",1000092049,Right,FOR_RAM,Undefined,2,Top,0,0,2,Fastball,Sinker,BallCalled,Undefined,Undefined,Undefined,0,0,,90.80834,-0.309521,-2.768012,2041.653762,231.729314,1:45,5.81691,1.114,4.596,-21.81552,13.90524,16.13178,3.7042,-0.17655,82.56597,-4.324556,0.054987,0.430162,,,,,,,,,,,,-8.6665,7.21406,-0.84408,50,5.76547,5.55385,-131.5044,-1.5748,-15.14334,28.45113,-19.56865,GEO_PAT,FOR_RAM,SpuhlerFieldMain,D1,A10,20250516-SpuhlerFieldMain-1,acbecdf0-327a-11f0-91e7-fb5a2aac2a77,87.62387,,,8.24238,,,,,,,02d18158-196c-4e82-8889-159833404470,2025-05-16,17:24:50.61,2025-05-16T13:24:50.6182656-04:00,2025-05-16T17:24:50.6182656Z,,v3,471300,471298,16 May 2025 14:00-fordham@georgemas,"Barenz, Nick",1000218914,Right,GEO_PAT,6fcd9f5f-2cbf-49b5-8a68-2514f45eecaf,55.90568,-132.77595,14.22556,5.8163,-0.70023,-9.78433,-1.10742,6.23065,-7.57167,,,,,,,,,,,,,,,,,,,,,,,,,,,,,,,,,,,,,,,,,,,,,,,,,,,High,High,High,,,,,
41,2025-05-16,13:25:01.59,1,4,"O'Hara, Connor",1000036031,Right,GEO_PAT,"McAndrews, Thomas",1000092049,Right,FOR_RAM,Undefined,2,Top,0,1,2,Slider,Slider,BallCalled,Undefined,Undefined,Undefined,0,0,,84.61892,-0.688341,-3.085533,2049.460074,341.521812,5:30,5.7179,1.26497,5.07981,-43.22278,-2.85654,1.37949,1.46612,-1.53166,77.73632,-8.488665,-2.841736,0.457278,,,,,,,,,,,,-1.56417,-0.88772,-0.97341,50,5.61813,6.55135,-122.64569,-3.13402,-2.37815,24.66687,-33.52371,GEO_PAT,FOR_RAM,SpuhlerFieldMain,D1,A10,20250516-SpuhlerFieldMain-1,b3638c90-327a-11f0-91e7-fb5a2aac2a77,82.42776,,,6.8826,,,,,,,02d18158-196c-4e82-8889-159833404470,2025-05-16,17:25:01.59,2025-05-16T13:25:01.5932416-04:00,2025-05-16T17:25:01.5932416Z,,v3,471300,471298,16 May 2025 14:00-fordham@georgemas,"Barenz, Nick",1000218914,Right,GEO_PAT,e32bfe77-7812-493a-be87-ce31a55cd773,55.42378,-123.73173,12.33344,5.72362,-1.65803,-16.76186,-1.26416,6.65605,-1.18907,,,,,,,,,,,,,,,,,,,,,,,,,,,,,,,,,,,,,,,,,,,,,,,,,,,High,High,High,,,,,
42,2025-05-16,13:25:15.40,1,5,"O'Hara, Connor",1000036031,Right,GEO_PAT,"McAndrews, Thomas",1000092049,Right,FOR_RAM,Undefined,2,Top,0,2,2,Slider,Slider,BallCalled,Undefined,Undefined,Undefined,0,0,,82.80531,0.021579,-3.061255,2057.338569,53.471149,7:45,5.67346,1.30679,5.22059,-41.74022,-0.25201,-1.91878,2.21543,-1.73422,76.74683,-7.529922,-3.400862,0.46359,,,,,,,,,,,,0.19386,0.19839,-1.0224,50,5.64377,6.50707,-120.18326,-1.48378,0.28621,21.26101,-31.88118,GEO_PAT,FOR_RAM,SpuhlerFieldMain,D1,A10,20250516-SpuhlerFieldMain-1,bba8b4c0-327a-11f0-91e7-fb5a2aac2a77,81.30562,,,6.05849,,,,,,,02d18158-196c-4e82-8889-159833404470,2025-05-16,17:25:15.40,2025-05-16T13:25:15.4088960-04:00,2025-05-16T17:25:15.4088960Z,,v3,471300,471298,16 May 2025 14:00-fordham@georgemas,"Barenz, Nick",1000218914,Right,GEO_PAT,8736d01a-6dc3-4335-aa95-3a84d9b29f8b,55.28375,-121.11437,10.63051,5.67818,-0.08756,-15.94059,-1.3071,6.49454,0.1431,,,,,,,,,,,,,,,,,,,,,,,,,,,,,,,,,,,,,,,,,,,,,,,,,,,High,High,High,,,,,
43,2025-05-16,13:25:31.99,1,6,"O'Hara, Connor",1000036031,Right,GEO_PAT,"McAndrews, Thomas",1000092049,Right,FOR_RAM,Undefined,2,Top,0,3,2,Fastball,Sinker,BallCalled,Walk,Undefined,Undefined,0,0,,90.94143,-1.947185,-3.783311,2142.86759,258.444909,2:30,5.70782,1.20812,4.57273,-30.37817,5.24969,20.06891,1.31868,-0.72478,83.27594,-7.423601,-0.27199,0.429602,,,,,,,,,,,,-10.82843,3.4337,-0.83548,50,5.47731,7.69937,-131.5755,-5.78293,-19.00549,27.60097,-26.14742,GEO_PAT,FOR_RAM,SpuhlerFieldMain,D1,A10,20250516-SpuhlerFieldMain-1,c56d5100-327a-11f0-91e7-fb5a2aac2a77,87.73804,,,7.66549,,,,,,,02d18158-196c-4e82-8889-159833404470,2025-05-16,17:25:31.99,2025-05-16T13:25:31.9976960-04:00,2025-05-16T17:25:31.9976960Z,,v3,471300,471298,16 May 2025 14:00-fordham@georgemas,"Barenz, Nick",1000218914,Right,GEO_PAT,c6c588f9-3cc0-4389-b61d-ec8b48c865fa,55.93059,-132.81375,13.80049,5.71043,-4.60989,-13.07371,-1.20002,8.552,-9.50275,,,,,,,,,,,,,,,,,,,,,,,,,,,,,,,,,,,,,,,,,,,,,,,,,,,High,High,High,,,,,
44,2025-05-16,13:26:02.05,2,1,"O'Hara, Connor",1000036031,Right,GEO_PAT,"Markey, Tommy",10084492,Left,FOR_RAM,Undefined,2,Top,0,0,0,Fastball,Sinker,InPlay,Undefined,Bunt,Out,1,0,,90.78478,-1.066294,-2.443461,2050.100262,231.347516,1:45,5.76227,1.2464,4.76016,-21.9247,13.42186,15.38725,2.92302,0.21015,83.03846,-5.095045,0.258991,0.427903,29.84796,23.13158,-14.524176,1535.125605,,,,49.83589,49.78128,-15.153676,1.28971,-8.2606,7.21355,-1.01554,50,5.63643,4.87169,-131.60067,-3.30924,-14.52031,27.31944,-19.49422,GEO_PAT,FOR_RAM,SpuhlerFieldMain,D1,A10,20250516-SpuhlerFieldMain-1,d772f6c0-327a-11f0-91e7-fb5a2aac2a77,88.0865,7.73985,,7.74632,,,,1.27201,2.93319,-0.20688,02d18158-196c-4e82-8889-159833404470,2025-05-16,17:26:02.05,2025-05-16T13:26:02.0555776-04:00,2025-05-16T17:26:02.0555776Z,GroundBall,v3,471300,471298,16 May 2025 14:00-fordham@georgemas,"Barenz, Nick",1000218914,Right,GEO_PAT,2ab50c00-4729-4efc-ab2e-f8318a2d966b,55.7428,-132.78749,13.65972,5.76179,-2.46237,-9.74711,-1.24088,5.50248,-7.26015,162.502172,1.27201,38.96964,-2.66174,0.48165,0.30994,-0.69476,0.57294,-0.21618,0.03054,2.93318,17.19822,-15.61238,0.50529,-0.26254,0.29489,-0.15775,0.02532,0.00272,-0.20688,-10.096,0.16604,-0.03429,-0.02964,0.06037,-0.04865,0.01807,-0.0025,,,,,,,,,,,,,,,,,,,,,,,High,High,High,High,High,,,
45,2025-05-16,13:26:38.08,3,1,"O'Hara, Connor",1000036031,Right,GEO_PAT,"Kirk, Taylor",1000367095,Right,FOR_RAM,Undefined,2,Top,1,0,0,Slider,Curveball,BallCalled,Undefined,Undefined,Undefined,0,0,,82.99932,-1.103396,-2.331395,1861.628467,342.050498,5:30,5.69167,1.47315,5.16251,-46.92786,-4.47599,1.94894,0.74144,-0.56013,75.27727,-9.602979,-1.985678,0.468943,,,,,,,,,,,,-1.75114,-1.46488,-1.25701,50,5.55253,4.80913,-120.16546,-4.06792,-2.51292,27.31818,-34.27618,GEO_PAT,FOR_RAM,SpuhlerFieldMain,D1,A10,20250516-SpuhlerFieldMain-1,eceb5510-327a-11f0-91e7-fb5a2aac2a77,80.37749,,,7.72204,,,,,,,02d18158-196c-4e82-8889-159833404470,2025-05-16,17:26:38.08,2025-05-16T13:26:38.0819968-04:00,2025-05-16T17:26:38.0819968Z,,v3,471300,471298,16 May 2025 14:00-fordham@georgemas,"Barenz, Nick",1000218914,Right,GEO_PAT,f41c622c-17b2-4ab9-b597-c8d665aec9d2,55.33934,-121.37323,13.65909,5.69887,-2.55253,-17.13809,-1.47208,4.92023,-1.25646,,,,,,,,,,,,,,,,,,,,,,,,,,,,,,,,,,,,,,,,,,,,,,,,,,,High,High,High,,,,,
46,2025-05-16,13:26:52.38,3,2,"O'Hara, Connor",1000036031,Right,GEO_PAT,"Kirk, Taylor",1000367095,Right,FOR_RAM,Undefined,2,Top,1,1,0,Slider,Slider,BallCalled,Undefined,Undefined,Undefined,0,0,,81.98374,-0.17942,-2.160005,1835.870957,348.008984,5:30,5.6471,1.60154,5.19676,-45.19278,-2.00079,0.74354,1.71214,-0.36932,74.55174,-8.393644,-2.028169,0.473013,,,,,,,,,,,,-1.05299,-0.53854,-1.40173,50,5.59616,4.44946,-118.79769,-2.02127,-1.48567,25.45569,-32.9339,GEO_PAT,FOR_RAM,SpuhlerFieldMain,D1,A10,20250516-SpuhlerFieldMain-1,f5774a40-327a-11f0-91e7-fb5a2aac2a77,79.68586,,,7.43201,,,,,,,02d18158-196c-4e82-8889-159833404470,2025-05-16,17:26:52.38,2025-05-16T13:26:52.3849728-04:00,2025-05-16T17:26:52.3849728Z,,v3,471300,471298,16 May 2025 14:00-fordham@georgemas,"Barenz, Nick",1000218914,Right,GEO_PAT,5166de36-3f0b-4a8a-8241-fb6bff99090e,55.30524,-119.9291,12.72784,5.65346,-0.55749,-16.46695,-1.60096,4.51549,-0.74283,,,,,,,,,,,,,,,,,,,,,,,,,,,,,,,,,,,,,,,,,,,,,,,,,,,High,High,High,,,,,
47,2025-05-16,13:27:08.60,3,3,"O'Hara, Connor",1000036031,Right,GEO_PAT,"Kirk, Taylor",1000367095,Right,FOR_RAM,Undefined,2,Top,1,2,0,ChangeUp,Slider,InPlay,Undefined,GroundBall,Error,0,0,,82.71161,0.230746,-1.776039,1868.403605,48.660703,7:30,5.64043,1.45054,5.21856,-42.10605,-0.60866,-2.01913,2.34867,-0.38824,76.64311,-7.395313,-2.134061,0.463641,35.67663,-23.334015,-57.017538,,,,,7.20068,5.99068,-23.849091,0.075808,0.57532,-0.09894,-1.28485,50,5.62951,3.80866,-120.17885,-1.04746,0.84902,21.31183,-32.32006,GEO_PAT,FOR_RAM,SpuhlerFieldMain,D1,A10,20250516-SpuhlerFieldMain-1,ff20bd60-327a-11f0-91e7-fb5a2aac2a77,81.29663,1.58524,,6.0685,,,,4.5853,1.58524,0.17119,02d18158-196c-4e82-8889-159833404470,2025-05-16,17:27:08.60,2025-05-16T13:27:08.6093312-04:00,2025-05-16T17:27:08.6093312Z,GroundBall,v3,471300,471298,16 May 2025 14:00-fordham@georgemas,"Barenz, Nick",1000218914,Right,GEO_PAT,fd848c60-0e24-4358-b7ee-6b1f8bd56377,55.28687,-121.11277,10.65592,5.64438,0.36885,-16.16003,-1.45093,3.77146,0.42451,180,4.58244,26.38966,,,,,,,,1.58751,-20.91134,,,,,,,,0.17559,-40.66375,,,,,,,,,,,,,,,,,,,,,,,,,,,,,,High,High,High,Low,Low,,,
48,2025-05-16,13:27:44.59,4,1,"O'Hara, Connor",1000036031,Right,GEO_PAT,"Bucciero, Daniel",827759,Right,FOR_RAM,Undefined,2,Top,1,0,0,Fastball,Sinker,StrikeCalled,Undefined,Undefined,Undefined,0,0,,92.00965,-1.706706,-3.52984,2038.945906,245.347869,2:15,5.79063,1.15139,4.81421,-25.76769,8.50099,16.25914,2.02292,-0.8419,84.62393,-6.389585,-0.673675,0.421328,,,,,,,,,,,,-8.91831,4.93548,-0.81493,50,5.59852,7.42562,-133.29485,-5.04021,-16.16179,26.70438,-23.22998,GEO_PAT,FOR_RAM,SpuhlerFieldMain,D1,A10,20250516-SpuhlerFieldMain-1,146efe70-327b-11f0-91e7-fb5a2aac2a77,89.46107,,,7.38572,,,,,,,02d18158-196c-4e82-8889-159833404470,2025-05-16,17:27:44.59,2025-05-16T13:27:44.5908992-04:00,2025-05-16T17:27:44.5908992Z,,v3,471300,471298,16 May 2025 14:00-fordham@georgemas,"Barenz, Nick",1000218914,Right,GEO_PAT,6c713b58-715f-4cd6-adc9-e44b0343be48,55.68914,-134.42979,13.35219,5.79175,-4.05293,-11.61499,-1.14511,8.1125,-8.0809,,,,,,,,,,,,,,,,,,,,,,,,,,,,,,,,,,,,,,,,,,,,,,,,,,,High,High,High,,,,,
49,2025-05-16,13:28:00.15,4,2,"O'Hara, Connor",1000036031,Right,GEO_PAT,"Bucciero, Daniel",827759,Right,FOR_RAM,Undefined,2,Top,1,0,1,Fastball,Sinker,StrikeCalled,Undefined,Undefined,Undefined,0,0,,90.85622,-2.105395,-2.53247,2030.042218,245.524278,2:15,5.61516,1.4647,4.57046,-26.79383,8.60158,16.56517,1.37598,0.43365,83.74735,-6.943526,0.369194,0.428198,,,,,,,,,,,,-8.83193,5.03666,-1.21873,50,5.37173,5.02331,-131.70117,-5.96913,-15.62848,26.00822,-23.26149,GEO_PAT,FOR_RAM,SpuhlerFieldMain,D1,A10,20250516-SpuhlerFieldMain-1,1dcee570-327b-11f0-91e7-fb5a2aac2a77,88.0257,,,7.10887,,,,,,,02d18158-196c-4e82-8889-159833404470,2025-05-16,17:28:00.15,2025-05-16T13:28:00.1520640-04:00,2025-05-16T17:28:00.1520640Z,,v3,471300,471298,16 May 2025 14:00-fordham@georgemas,"Barenz, Nick",1000218914,Right,GEO_PAT,d5dd5b61-72e7-4a83-a857-d2d4c0509c5d,55.93435,-132.86791,13.00411,5.6161,-4.92561,-11.63075,-1.4598,5.72442,-7.81424,,,,,,,,,,,,,,,,,,,,,,,,,,,,,,,,,,,,,,,,,,,,,,,,,,,High,High,High,,,,,
50,2025-05-16,13:28:19.55,4,3,"O'Hara, Connor",1000036031,Right,GEO_PAT,"Bucciero, Daniel",827759,Right,FOR_RAM,Undefined,2,Top,1,0,2,Fastball,Sinker,BallCalled,Undefined,Undefined,Undefined,0,0,,91.32006,1.287009,-2.749577,1997.868343,229.611407,1:45,5.80978,1.11149,4.98197,-21.23292,13.36721,14.47394,5.25745,-0.2811,83.43383,-2.639904,-0.199929,0.423361,,,,,,,,,,,,-7.88973,6.58654,-0.85847,50,5.91721,5.66139,-132.39047,2.17342,-14.06631,27.06342,-20.43113,GEO_PAT,FOR_RAM,SpuhlerFieldMain,D1,A10,20250516-SpuhlerFieldMain-1,29479a50-327b-11f0-91e7-fb5a2aac2a77,89.03153,,,7.88623,,,,,,,02d18158-196c-4e82-8889-159833404470,2025-05-16,17:28:19.55,2025-05-16T13:28:19.5511808-04:00,2025-05-16T17:28:19.5511808Z,,v3,471300,471298,16 May 2025 14:00-fordham@georgemas,"Barenz, Nick",1000218914,Right,GEO_PAT,c4a5b459-6333-4edd-a07d-7620e836ff83,55.52031,-133.51416,13.53171,5.80936,3.02174,-10.21556,-1.10566,6.24544,-7.03316,,,,,,,,,,,,,,,,,,,,,,,,,,,,,,,,,,,,,,,,,,,,,,,,,,,High,High,High,,,,,
51,2025-05-16,13:28:36.03,4,4,"O'Hara, Connor",1000036031,Right,GEO_PAT,"Bucciero, Daniel",827759,Right,FOR_RAM,Undefined,2,Top,1,1,2,Fastball,Sinker,InPlay,Undefined,GroundBall,Single,0,0,,90.4202,-1.906118,-3.242045,2093.097057,243.372747,2:00,5.62071,1.27268,4.66706,-26.40372,9.27815,16.33686,1.60618,-0.44888,83.18354,-6.691897,-0.378401,0.429927,86.31279,-16.322472,-6.651267,,,,,7.85814,7.23221,-0.329513,0.044757,-8.90536,5.35122,-0.95764,50,5.40224,6.63406,-130.99518,-5.45005,-15.57548,25.97203,-22.81478,GEO_PAT,FOR_RAM,SpuhlerFieldMain,D1,A10,20250516-SpuhlerFieldMain-1,333c2030-327b-11f0-91e7-fb5a2aac2a77,87.67166,1.59464,,7.23666,,,,2.44935,1.59464,0.58552,02d18158-196c-4e82-8889-159833404470,2025-05-16,17:28:36.03,2025-05-16T13:28:36.0355840-04:00,2025-05-16T17:28:36.0355840Z,GroundBall,v3,471300,471298,16 May 2025 14:00-fordham@georgemas,"Barenz, Nick",1000218914,Right,GEO_PAT,a9fd89cc-a284-4fe2-8431-ef8c05a06457,55.83709,-132.14742,12.98602,5.62158,-4.43788,-11.40739,-1.26728,7.32506,-7.78774,180,2.44811,120.84535,,,,,,,,1.59501,-35.62891,,,,,,,,0.58566,-14.09187,,,,,,,,,,,,,,,,,,,,,,,,,,,,,,High,High,High,Low,Low,,,
52,2025-05-16,13:29:10.81,5,1,"O'Hara, Connor",1000036031,Right,GEO_PAT,"Kanellis, Andrew",1000287028,Right,FOR_RAM,Undefined,2,Top,1,0,0,Fastball,Sinker,BallCalled,Undefined,Undefined,Undefined,0,0,,91.877,-3.144345,-3.763619,2089.28615,249.609304,2:15,5.70527,1.33816,4.64963,-26.84222,7.7902,18.13749,0.47113,-0.73181,84.7583,-7.981304,-0.585652,0.423558,,,,,,,,,,,,-9.86402,4.92461,-0.97028,50,5.35831,7.84929,-132.92767,-8.45186,-17.79594,26.27494,-23.28944,GEO_PAT,FOR_RAM,SpuhlerFieldMain,D1,A10,20250516-SpuhlerFieldMain-1,47f6fae0-327b-11f0-91e7-fb5a2aac2a77,88.99004,,,7.11869,,,,,,,02d18158-196c-4e82-8889-159833404470,2025-05-16,17:29:10.81,2025-05-16T13:29:10.8164608-04:00,2025-05-16T17:29:10.8164608Z,,v3,471300,471298,16 May 2025 14:00-fordham@georgemas,"Barenz, Nick",1000218914,Right,GEO_PAT,40494b4b-ad8a-4d8c-8c47-8261a4af066f,55.85449,-134.07989,13.13747,5.70656,-7.43056,-11.64472,-1.3316,8.62969,-8.89797,,,,,,,,,,,,,,,,,,,,,,,,,,,,,,,,,,,,,,,,,,,,,,,,,,,High,High,High,,,,,
53,2025-05-16,13:29:27.21,5,2,"O'Hara, Connor",1000036031,Right,GEO_PAT,"Kanellis, Andrew",1000287028,Right,FOR_RAM,Undefined,2,Top,1,1,0,Fastball,Sinker,StrikeCalled,Undefined,Undefined,Undefined,0,0,,91.10095,-0.871897,-2.917097,2053.462789,247.355948,2:15,5.78791,1.12697,4.6978,-26.51572,8.57571,17.98875,2.74937,-0.1458,83.62694,-5.690086,0.238405,0.426356,,,,,,,,,,,,-9.58186,4.74945,-0.84795,50,5.6758,5.84334,-132.06154,-3.11013,-17.02064,26.58305,-23.73739,GEO_PAT,FOR_RAM,SpuhlerFieldMain,D1,A10,20250516-SpuhlerFieldMain-1,519dfd00-327b-11f0-91e7-fb5a2aac2a77,88.4061,,,7.47402,,,,,,,02d18158-196c-4e82-8889-159833404470,2025-05-16,17:29:27.21,2025-05-16T13:29:27.2154112-04:00,2025-05-16T17:29:27.2154112Z,,v3,471300,471298,16 May 2025 14:00-fordham@georgemas,"Barenz, Nick",1000218914,Right,GEO_PAT,1664df37-e852-4894-8a64-0aee619869af,55.8055,-133.22502,13.29153,5.78919,-2.0712,-11.86869,-1.12,6.5883,-8.51032,,,,,,,,,,,,,,,,,,,,,,,,,,,,,,,,,,,,,,,,,,,,,,,,,,,High,High,High,,,,,
54,2025-05-16,13:29:43.44,5,3,"O'Hara, Connor",1000036031,Right,GEO_PAT,"Kanellis, Andrew",1000287028,Right,FOR_RAM,Undefined,2,Top,1,1,1,ChangeUp,Changeup,StrikeSwinging,Undefined,Undefined,Undefined,0,0,,82.46307,-1.797633,-3.546617,1904.809528,268.260891,3:00,5.40384,1.39965,4.67459,-41.14364,1.83756,17.06536,0.264,-0.55107,76.14625,-9.167509,-0.551162,0.471857,,,,,,,,,,,,-9.42438,1.68559,-1.05466,50,5.18273,6.66535,-119.44521,-5.3456,-13.67146,22.11976,-29.72885,GEO_PAT,FOR_RAM,SpuhlerFieldMain,D1,A10,20250516-SpuhlerFieldMain-1,5b69ec40-327b-11f0-91e7-fb5a2aac2a77,79.88101,,,6.31682,,,,,,,02d18158-196c-4e82-8889-159833404470,2025-05-16,17:29:43.44,2025-05-16T13:29:43.4427392-04:00,2025-05-16T17:29:43.4427392Z,,v3,471300,471298,16 May 2025 14:00-fordham@georgemas,"Barenz, Nick",1000218914,Right,GEO_PAT,40c6625e-9b08-46d1-bb28-0e325864c70d,55.83091,-120.52018,11.05988,5.40741,-3.90085,-14.86442,-1.39472,7.32975,-6.83573,,,,,,,,,,,,,,,,,,,,,,,,,,,,,,,,,,,,,,,,,,,,,,,,,,,High,High,High,,,,,
55,2025-05-16,13:30:00.97,5,4,"O'Hara, Connor",1000036031,Right,GEO_PAT,"Kanellis, Andrew",1000287028,Right,FOR_RAM,Undefined,2,Top,1,1,2,Fastball,Four-Seam,BallCalled,Undefined,Undefined,Undefined,0,0,,92.21005,0.306984,-3.104449,2094.826433,218.528396,1:15,5.81931,1.16211,4.70905,-16.2595,18.0317,13.51745,4.75617,-0.66102,84.24123,-2.726037,-0.736152,0.421466,,,,,,,,,,,,-7.45268,9.06985,-0.86037,50,5.83674,6.57295,-133.61505,0.117,-13.53698,27.5086,-15.6997,GEO_PAT,FOR_RAM,SpuhlerFieldMain,D1,A10,20250516-SpuhlerFieldMain-1,65bee1a0-327b-11f0-91e7-fb5a2aac2a77,89.43174,,,7.96882,,,,,,,02d18158-196c-4e82-8889-159833404470,2025-05-16,17:30:00.97,2025-05-16T13:30:00.9799680-04:00,2025-05-16T17:30:00.9799680Z,,v3,471300,471298,16 May 2025 14:00-fordham@georgemas,"Barenz, Nick",1000218914,Right,GEO_PAT,abcd8980-5d59-4174-b26b-ad60fb2d9a41,55.79316,-134.80247,13.7543,5.81706,0.79469,-7.84985,-1.15671,7.15728,-6.76849,,,,,,,,,,,,,,,,,,,,,,,,,,,,,,,,,,,,,,,,,,,,,,,,,,,High,High,High,,,,,
56,2025-05-16,13:30:17.98,5,5,"O'Hara, Connor",1000036031,Right,GEO_PAT,"Kanellis, Andrew",1000287028,Right,FOR_RAM,Undefined,2,Top,1,2,2,ChangeUp,Changeup,BallCalled,Undefined,Undefined,Undefined,0,0,,81.15008,-1.552296,-4.781249,1905.944841,278.863669,3:15,5.47004,1.55829,4.89472,-45.45479,-1.25878,16.9032,0.20827,-1.56643,74.88623,-9.705486,-1.808201,0.478479,,,,,,,,,,,,-9.7543,0.10472,-1.10394,50,5.27849,9.11698,-117.40644,-4.88624,-13.64982,21.69642,-32.02751,GEO_PAT,FOR_RAM,SpuhlerFieldMain,D1,A10,20250516-SpuhlerFieldMain-1,6ff7ea90-327b-11f0-91e7-fb5a2aac2a77,78.77551,,,6.26385,,,,,,,02d18158-196c-4e82-8889-159833404470,2025-05-16,17:30:17.98,2025-05-16T13:30:17.9884032-04:00,2025-05-16T17:30:17.9884032Z,,v3,471300,471298,16 May 2025 14:00-fordham@georgemas,"Barenz, Nick",1000218914,Right,GEO_PAT,2732d67a-cc4f-4925-8cfa-b73764ce8ed0,55.61107,-118.43882,10.84821,5.47473,-3.36229,-16.01375,-1.55321,9.76647,-6.82491,,,,,,,,,,,,,,,,,,,,,,,,,,,,,,,,,,,,,,,,,,,,,,,,,,,High,High,High,,,,,
57,2025-05-16,13:30:37.36,5,6,"O'Hara, Connor",1000036031,Right,GEO_PAT,"Kanellis, Andrew",1000287028,Right,FOR_RAM,Undefined,2,Top,1,3,2,Fastball,Sinker,InPlay,Undefined,GroundBall,Single,0,2,,92.01003,-0.740094,-2.758653,2136.683246,250.970559,2:15,5.77059,1.17535,4.98839,-26.58895,7.36949,18.43021,2.85511,0.10417,84.61607,-5.588816,0.492293,0.419416,87.6027,-4.135962,-29.026143,,,,,27.39028,27.12586,-27.576435,0.203504,-9.92898,4.12776,-0.9254,50,5.67755,5.56304,-133.50733,-2.79966,-18.0429,26.9071,-24.67311,GEO_PAT,FOR_RAM,SpuhlerFieldMain,D1,A10,20250516-SpuhlerFieldMain-1,7b816850-327b-11f0-91e7-fb5a2aac2a77,89.86879,2.9289,,7.39396,,,,2.34189,2.9289,-0.07494,02d18158-196c-4e82-8889-159833404470,2025-05-16,17:30:37.36,2025-05-16T13:30:37.3634048-04:00,2025-05-16T17:30:37.3634048Z,GroundBall,v3,471300,471298,16 May 2025 14:00-fordham@georgemas,"Barenz, Nick",1000218914,Right,GEO_PAT,a9236d23-e50f-49e4-bcf4-e7cad102f9b0,55.51651,-134.61453,13.45355,5.77186,-1.78438,-12.33656,-1.16959,6.30549,-9.02145,43.105535,2.34281,111.9933,-20.67518,,,,,,,2.93049,-9.36995,-24.75526,,,,,,,-0.07442,-62.21349,1.32292,,,,,,,,,,,,,,,,,,,,,,,,,,,,,High,High,High,High,High,,,
58,2025-05-16,13:34:01.51,6,1,"Okeeffe, Shaun",1000297082,Left,GEO_PAT,"Grabau, Anthony",1000407420,Left,FOR_RAM,Undefined,2,Top,1,0,0,Slider,Curveball,BallCalled,Undefined,Undefined,Undefined,0,0,,77.70231,-0.278541,1.102249,2381.847957,338.886161,5:15,5.64317,-1.8196,4.5244,-56.96495,-8.34922,3.79217,0.63076,-0.45366,71.94161,-10.407419,1.768091,0.501834,,,,,,,,,,,,-1.5787,-3.78158,1.70054,50,5.55887,-2.32513,-112.76278,-2.69361,-2.03349,20.42936,-37.045,GEO_PAT,FOR_RAM,SpuhlerFieldMain,D1,A10,20250516-SpuhlerFieldMain-1,f52a6d50-327b-11f0-91e7-fb5a2aac2a77,75.10941,,,5.7607,,,,,,,02d18158-196c-4e82-8889-159833404470,2025-05-16,17:34:01.51,2025-05-16T13:34:01.5112192-04:00,2025-05-16T17:34:01.5112192Z,,v3,471300,471298,16 May 2025 14:00-fordham@georgemas,"Barenz, Nick",1000218914,Right,GEO_PAT,f1512453-483e-4950-8c43-d034800f6a7f,55.98219,-113.84142,10.21468,5.64946,-0.73768,-18.5225,1.82047,-2.21777,-1.01675,,,,,,,,,,,,,,,,,,,,,,,,,,,,,,,,,,,,,,,,,,,,,,,,,,,High,High,High,,,,,
59,2025-05-16,13:34:18.31,6,2,"Okeeffe, Shaun",1000297082,Left,GEO_PAT,"Grabau, Anthony",1000407420,Left,FOR_RAM,Undefined,2,Top,1,1,0,Fastball,Changeup,BallCalled,Undefined,Undefined,Undefined,0,0,,82.50638,-2.476049,2.324507,2218.243328,110.50586,9:45,5.69918,-1.56194,4.75095,-35.8247,7.12933,-15.37052,0.36198,-0.63692,75.87358,-8.93382,-0.380229,0.471708,,,,,,,,,,,,8.37599,4.52067,1.34294,50,5.41831,-4.20164,-119.52979,-6.51241,12.10585,23.25342,-25.64031,GEO_PAT,FOR_RAM,SpuhlerFieldMain,D1,A10,20250516-SpuhlerFieldMain-1,ff439230-327b-11f0-91e7-fb5a2aac2a77,79.90625,,,6.6328,,,,,,,02d18158-196c-4e82-8889-159833404470,2025-05-16,17:34:18.31,2025-05-16T13:34:18.3185408-04:00,2025-05-16T17:34:18.3185408Z,,v3,471300,471298,16 May 2025 14:00-fordham@georgemas,"Barenz, Nick",1000218914,Right,GEO_PAT,97faa06d-393b-41d4-98cb-7aef59eab687,55.75428,-120.64404,11.62671,5.70094,-5.28378,-12.82015,1.55817,-4.78172,6.05292,,,,,,,,,,,,,,,,,,,,,,,,,,,,,,,,,,,,,,,,,,,,,,,,,,,High,High,High,,,,,
60,2025-05-16,13:34:56.33,6,3,"Okeeffe, Shaun",1000297082,Left,GEO_PAT,"Grabau, Anthony",1000407420,Left,FOR_RAM,Undefined,2,Top,1,2,0,Slider,Curveball,BallCalled,Undefined,Undefined,Undefined,0,0,,79.19725,1.605024,0.340228,2509.106106,312.163528,4:30,5.61256,-1.77999,3.9431,-53.44432,-5.75402,7.92248,2.70422,-0.79229,73.00453,-7.852231,1.713571,0.497034,,,,,,,,,,,,-3.72059,-2.83579,1.73134,50,5.73548,-1.04116,-114.82668,1.01311,-4.99178,20.28777,-35.97873,GEO_PAT,FOR_RAM,SpuhlerFieldMain,D1,A10,20250516-SpuhlerFieldMain-1,15f1b160-327c-11f0-91e7-fb5a2aac2a77,75.83468,,,6.19272,,,,,,,02d18158-196c-4e82-8889-159833404470,2025-05-16,17:34:56.33,2025-05-16T13:34:56.3328000-04:00,2025-05-16T17:34:56.3328000Z,,v3,471300,471298,16 May 2025 14:00-fordham@georgemas,"Barenz, Nick",1000218914,Right,GEO_PAT,8f065844-b316-4f73-ba3c-fbad6e19f57d,56.56219,-115.9803,10.14389,5.61971,3.05897,-17.98937,1.78247,-0.75732,-2.49589,,,,,,,,,,,,,,,,,,,,,,,,,,,,,,,,,,,,,,,,,,,,,,,,,,,High,High,High,,,,,
61,2025-05-16,13:35:14.07,6,4,"Okeeffe, Shaun",1000297082,Left,GEO_PAT,"Grabau, Anthony",1000407420,Left,FOR_RAM,Undefined,2,Top,1,3,0,Fastball,Changeup,StrikeCalled,Undefined,Undefined,Undefined,0,0,,82.48507,-1.145055,1.951373,2197.603855,120.230906,10:00,5.73356,-1.59537,4.63714,-33.52372,9.68461,-14.17308,1.85084,-0.92108,75.39098,-7.226253,-0.535444,0.473102,,,,,,,,,,,,7.5615,5.45465,1.40929,50,5.58579,-3.44684,-119.51791,-3.65295,10.90292,23.71246,-24.30898,GEO_PAT,FOR_RAM,SpuhlerFieldMain,D1,A10,20250516-SpuhlerFieldMain-1,207509c0-327c-11f0-91e7-fb5a2aac2a77,79.6708,,,7.09409,,,,,,,02d18158-196c-4e82-8889-159833404470,2025-05-16,17:35:14.07,2025-05-16T13:35:14.0747264-04:00,2025-05-16T17:35:14.0747264Z,,v3,471300,471298,16 May 2025 14:00-fordham@georgemas,"Barenz, Nick",1000218914,Right,GEO_PAT,98bf2bf6-cf81-4a4e-90cb-60c4ab80fbc1,55.86576,-120.67607,11.85623,5.73522,-2.46565,-12.15449,1.59064,-3.97936,5.45146,,,,,,,,,,,,,,,,,,,,,,,,,,,,,,,,,,,,,,,,,,,,,,,,,,,High,High,High,,,,,
62,2025-05-16,13:35:32.01,6,5,"Okeeffe, Shaun",1000297082,Left,GEO_PAT,"Grabau, Anthony",1000407420,Left,FOR_RAM,Undefined,2,Top,1,3,1,Fastball,Changeup,FoulBallNotFieldable,Undefined,Undefined,Undefined,0,0,,82.73522,-0.095329,1.71706,2194.507359,108.016003,9:30,5.74778,-1.65779,4.71846,-36.70053,6.45209,-15.15426,2.59889,-1.29063,74.94047,-6.772994,-0.945671,0.472797,,,,,,,,,,,,8.12634,3.54071,1.49896,50,5.70562,-2.93655,-119.8436,-1.57756,11.6652,25.96552,-27.09143,GEO_PAT,FOR_RAM,SpuhlerFieldMain,D1,A10,20250516-SpuhlerFieldMain-1,2b2f2990-327c-11f0-91e7-fb5a2aac2a77,79.72219,,,7.79475,,,,,,,02d18158-196c-4e82-8889-159833404470,2025-05-16,17:35:32.01,2025-05-16T13:35:32.0124928-04:00,2025-05-16T17:35:32.0124928Z,,v3,471300,471298,16 May 2025 14:00-fordham@georgemas,"Barenz, Nick",1000218914,Right,GEO_PAT,9699df8e-c23f-4ca5-afd4-621cf19e8f14,55.78524,-121.09056,12.98276,5.75014,-0.27654,-13.54572,1.65343,-3.49675,5.8326,,,,,,,,,,,,,,,,,,,,,,,,,,,,,,,,,,,,,,,,,,,,,,,,,,,High,High,High,,,,,
63,2025-05-16,13:36:03.20,6,6,"Okeeffe, Shaun",1000297082,Left,GEO_PAT,"Grabau, Anthony",1000407420,Left,FOR_RAM,Undefined,2,Top,1,3,2,Slider,Curveball,StrikeCalled,Strikeout,Undefined,Undefined,0,0,,79.06115,1.448146,0.678121,2426.857244,338.769897,5:15,5.60014,-1.68886,3.97001,-58.80771,-10.41839,4.67583,2.09313,-0.64677,72.1782,-8.963892,1.489772,0.500664,,,,,,,,,,,,-2.05,-5.08024,1.60577,50,5.69863,-1.56658,-114.47971,0.47155,-2.69816,22.7534,-38.86058,GEO_PAT,FOR_RAM,SpuhlerFieldMain,D1,A10,20250516-SpuhlerFieldMain-1,3dc8f900-327c-11f0-91e7-fb5a2aac2a77,75.28494,,,6.88295,,,,,,,02d18158-196c-4e82-8889-159833404470,2025-05-16,17:36:03.20,2025-05-16T13:36:03.2043008-04:00,2025-05-16T17:36:03.2043008Z,,v3,471300,471298,16 May 2025 14:00-fordham@georgemas,"Barenz, Nick",1000218914,Right,GEO_PAT,537d5d97-7a69-4525-9798-c8ed78b6e361,56.53494,-115.77128,11.3767,5.60925,2.67742,-19.43029,1.69035,-1.41343,-1.34908,,,,,,,,,,,,,,,,,,,,,,,,,,,,,,,,,,,,,,,,,,,,,,,,,,,High,High,High,,,,,
64,2025-05-16,13:36:32.81,7,1,"Okeeffe, Shaun",1000297082,Left,GEO_PAT,"Dieguez, Matthew",10131275,Right,FOR_RAM,Undefined,2,Top,2,0,0,Slider,Curveball,BallCalled,Undefined,Undefined,Undefined,0,0,,78.20614,0.072768,1.034016,2452.212279,337.961287,5:15,5.56247,-1.703,4.1594,-60.95196,-11.55327,5.37559,0.55293,-0.26354,71.35445,-10.724884,1.971898,0.505858,,,,,,,,,,,,-2.27681,-5.21945,1.58222,50,5.50504,-2.28006,-113.22082,-2.29086,-2.91074,23.58738,-38.84675,GEO_PAT,FOR_RAM,SpuhlerFieldMain,D1,A10,20250516-SpuhlerFieldMain-1,4f702b10-327c-11f0-91e7-fb5a2aac2a77,74.51183,,,6.8517,,,,,,,02d18158-196c-4e82-8889-159833404470,2025-05-16,17:36:32.81,2025-05-16T13:36:32.8195584-04:00,2025-05-16T17:36:32.8195584Z,,v3,471300,471298,16 May 2025 14:00-fordham@georgemas,"Barenz, Nick",1000218914,Right,GEO_PAT,7b4731e4-0d01-4bca-a2c4-a84c10d523b4,56.34519,-114.53509,11.79369,5.57239,-0.12635,-19.42337,1.70474,-2.11787,-1.45537,,,,,,,,,,,,,,,,,,,,,,,,,,,,,,,,,,,,,,,,,,,,,,,,,,,High,High,High,,,,,
65,2025-05-16,13:36:49.62,7,2,"Okeeffe, Shaun",1000297082,Left,GEO_PAT,"Dieguez, Matthew",10131275,Right,FOR_RAM,Undefined,2,Top,2,1,0,Fastball,Changeup,BallCalled,Undefined,Undefined,Undefined,0,0,,82.60279,1.486513,0.873122,2217.060936,123.217446,10:00,5.7375,-1.64544,4.56667,-33.0521,10.50442,-13.70532,4.39831,-1.95657,74.53466,-4.558361,-1.526164,0.475005,,,,,,,,,,,,6.92528,5.09504,1.56855,50,5.86161,-1.1892,-119.54693,1.85476,9.90941,25.46321,-24.88356,GEO_PAT,FOR_RAM,SpuhlerFieldMain,D1,A10,20250516-SpuhlerFieldMain-1,595c2570-327c-11f0-91e7-fb5a2aac2a77,79.3517,,,8.06813,,,,,,,02d18158-196c-4e82-8889-159833404470,2025-05-16,17:36:49.62,2025-05-16T13:36:49.6259584-04:00,2025-05-16T17:36:49.6259584Z,,v3,471300,471298,16 May 2025 14:00-fordham@georgemas,"Barenz, Nick",1000218914,Right,GEO_PAT,5bf9f06f-dd45-4df1-a182-f70e6e51962d,55.93258,-120.80394,12.73161,5.73973,3.08317,-12.44178,1.63932,-1.67839,4.9547,,,,,,,,,,,,,,,,,,,,,,,,,,,,,,,,,,,,,,,,,,,,,,,,,,,High,High,High,,,,,
66,2025-05-16,13:37:07.87,7,3,"Okeeffe, Shaun",1000297082,Left,GEO_PAT,"Dieguez, Matthew",10131275,Right,FOR_RAM,Undefined,2,Top,2,2,0,Slider,Curveball,StrikeCalled,Undefined,Undefined,Undefined,0,0,,78.21185,1.717702,0.827069,2564.47938,318.94018,4:45,5.62032,-1.71797,4.2229,-59.09444,-9.92221,10.11335,2.34144,-0.08308,71.16899,-8.805539,2.589541,0.504698,,,,,,,,,,,,-4.60457,-4.81473,1.61592,50,5.74687,-2.08776,-113.21691,1.02879,-5.90709,22.91324,-38.35073,GEO_PAT,FOR_RAM,SpuhlerFieldMain,D1,A10,20250516-SpuhlerFieldMain-1,643b0b50-327c-11f0-91e7-fb5a2aac2a77,74.68319,,,7.04285,,,,,,,02d18158-196c-4e82-8889-159833404470,2025-05-16,17:37:07.87,2025-05-16T13:37:07.8719488-04:00,2025-05-16T17:37:07.8719488Z,,v3,471300,471298,16 May 2025 14:00-fordham@georgemas,"Barenz, Nick",1000218914,Right,GEO_PAT,a9623dc7-91be-4197-8c1d-190c677227e8,56.28064,-114.48095,11.45662,5.63176,3.14446,-19.17536,1.72211,-1.76189,-2.95355,,,,,,,,,,,,,,,,,,,,,,,,,,,,,,,,,,,,,,,,,,,,,,,,,,,High,High,High,,,,,
67,2025-05-16,13:37:23.22,7,4,"Okeeffe, Shaun",1000297082,Left,GEO_PAT,"Dieguez, Matthew",10131275,Right,FOR_RAM,Undefined,2,Top,2,2,1,Fastball,Changeup,StrikeSwinging,Undefined,Undefined,Undefined,0,0,,80.68951,-0.875565,2.177564,2453.395734,105.544144,9:30,5.61646,-1.70692,5.06712,-39.75699,4.80457,-11.89304,1.47711,-0.64372,73.69659,-8.108208,0.073477,0.480454,,,,,,,,,,,,6.59615,3.04835,1.51001,50,5.50174,-3.95328,-116.9526,-3.20566,9.07628,23.40072,-27.97955,GEO_PAT,FOR_RAM,SpuhlerFieldMain,D1,A10,20250516-SpuhlerFieldMain-1,6d760530-327c-11f0-91e7-fb5a2aac2a77,78.45175,,,6.99292,,,,,,,02d18158-196c-4e82-8889-159833404470,2025-05-16,17:37:23.22,2025-05-16T13:37:23.2233984-04:00,2025-05-16T17:37:23.2233984Z,,v3,471300,471298,16 May 2025 14:00-fordham@georgemas,"Barenz, Nick",1000218914,Right,GEO_PAT,c2f0966a-19ee-41e2-bc2e-4284ac308287,55.43547,-118.03516,11.70036,5.6201,-1.91128,-13.98978,1.70261,-4.37316,4.53814,,,,,,,,,,,,,,,,,,,,,,,,,,,,,,,,,,,,,,,,,,,,,,,,,,,High,High,High,,,,,
68,2025-05-16,13:37:40.63,7,5,"Okeeffe, Shaun",1000297082,Left,GEO_PAT,"Dieguez, Matthew",10131275,Right,FOR_RAM,Undefined,2,Top,2,2,2,Fastball,Slider,BallCalled,Undefined,Undefined,Undefined,0,0,,81.59736,-0.82257,0.349381,2504.169259,74.768137,8:30,5.64563,-1.73984,4.92752,-44.60026,-0.78961,-8.28949,1.15125,-2.10033,74.59811,-8.877197,-1.115785,0.476388,,,,,,,,,,,,4.23445,0.23035,1.71317,50,5.52818,-0.36871,-118.3207,-3.3673,5.95313,24.32195,-31.85019,GEO_PAT,FOR_RAM,SpuhlerFieldMain,D1,A10,20250516-SpuhlerFieldMain-1,77d70880-327c-11f0-91e7-fb5a2aac2a77,79.12122,,,6.99925,,,,,,,02d18158-196c-4e82-8889-159833404470,2025-05-16,17:37:40.63,2025-05-16T13:37:40.6318592-04:00,2025-05-16T17:37:40.6318592Z,,v3,471300,471298,16 May 2025 14:00-fordham@georgemas,"Barenz, Nick",1000218914,Right,GEO_PAT,39d83e2c-bab8-4a23-83aa-b50428577fd6,55.57549,-119.4613,12.16097,5.65107,-1.87366,-15.9251,1.737,-0.64788,2.97657,,,,,,,,,,,,,,,,,,,,,,,,,,,,,,,,,,,,,,,,,,,,,,,,,,,High,High,High,,,,,
69,2025-05-16,13:37:56.56,7,6,"Okeeffe, Shaun",1000297082,Left,GEO_PAT,"Dieguez, Matthew",10131275,Right,FOR_RAM,Undefined,2,Top,2,3,2,Slider,Curveball,BallCalled,Walk,Undefined,Undefined,0,0,,79.09415,-0.282448,-0.078922,2570.411101,305.36003,4:15,5.59757,-1.67501,3.98661,-53.93794,-6.06922,10.62119,0.83109,-0.86582,73.05912,-9.800368,1.767496,0.497963,,,,,,,,,,,,-5.16689,-2.53079,1.67122,50,5.50453,-0.31575,-114.69224,-2.76668,-6.88799,21.0501,-35.54785,GEO_PAT,FOR_RAM,SpuhlerFieldMain,D1,A10,20250516-SpuhlerFieldMain-1,815c2ac0-327c-11f0-91e7-fb5a2aac2a77,75.69322,,,6.03503,,,,,,,02d18158-196c-4e82-8889-159833404470,2025-05-16,17:37:56.56,2025-05-16T13:37:56.5662208-04:00,2025-05-16T17:37:56.5662208Z,,v3,471300,471298,16 May 2025 14:00-fordham@georgemas,"Barenz, Nick",1000218914,Right,GEO_PAT,b80bea0e-b95e-4d20-b4c5-a600f753e5ea,56.51909,-115.88255,10.52505,5.60414,-0.75658,-17.77392,1.67806,0.07374,-3.44399,,,,,,,,,,,,,,,,,,,,,,,,,,,,,,,,,,,,,,,,,,,,,,,,,,,High,High,High,,,,,
70,2025-05-16,13:38:24.58,8,1,"Okeeffe, Shaun",1000297082,Left,GEO_PAT,"Sahler, Cian",1000133997,Left,FOR_RAM,Undefined,2,Top,2,0,0,Fastball,Changeup,StrikeCalled,Undefined,Undefined,Undefined,0,0,,83.1597,-0.919684,3.053716,2293.032561,116.760534,10:00,5.69033,-1.5901,4.6473,-35.53116,6.45874,-10.41268,1.85414,0.44676,76.99487,-7.313078,1.228804,0.466384,,,,,,,,,,,,5.88414,3.73063,1.28752,50,5.56359,-5.97218,-120.59361,-3.31615,8.76247,20.98097,-26.6185,GEO_PAT,FOR_RAM,SpuhlerFieldMain,D1,A10,20250516-SpuhlerFieldMain-1,920b8f50-327c-11f0-91e7-fb5a2aac2a77,80.81846,,,6.16482,,,,,,,02d18158-196c-4e82-8889-159833404470,2025-05-16,17:38:24.58,2025-05-16T13:38:24.5864448-04:00,2025-05-16T17:38:24.5864448Z,,v3,471300,471298,16 May 2025 14:00-fordham@georgemas,"Barenz, Nick",1000218914,Right,GEO_PAT,ae23ee48-24e2-4956-913f-04f360bfeb4f,55.85672,-121.6083,10.49049,5.69284,-2.02882,-13.30925,1.58659,-6.39595,4.38124,,,,,,,,,,,,,,,,,,,,,,,,,,,,,,,,,,,,,,,,,,,,,,,,,,,High,High,High,,,,,
71,2025-05-16,13:38:39.88,8,2,"Okeeffe, Shaun",1000297082,Left,GEO_PAT,"Sahler, Cian",1000133997,Left,FOR_RAM,Undefined,2,Top,2,0,1,Fastball,Changeup,InPlay,Undefined,Popup,Out,1,0,,83.1924,-0.939481,2.810798,2258.501715,128.480364,10:15,5.6881,-1.53291,4.6157,-32.28388,9.84579,-10.80012,2.10335,0.24177,76.70012,-6.776318,0.91914,0.46716,70.92143,65.122603,-6.522927,,,,,107.63952,56.74478,-7.420027,5.232042,6.05402,5.40929,1.25425,50,5.56177,-5.44337,-120.6114,-3.21461,8.98601,21.77913,-24.14501,GEO_PAT,FOR_RAM,SpuhlerFieldMain,D1,A10,20250516-SpuhlerFieldMain-1,9b2aeae0-327c-11f0-91e7-fb5a2aac2a77,80.68424,112.27364,,6.49228,,,,2.79044,2.7103,0.02413,02d18158-196c-4e82-8889-159833404470,2025-05-16,17:38:39.88,2025-05-16T13:38:39.8860288-04:00,2025-05-16T17:38:39.8860288Z,Popup,v3,471300,471298,16 May 2025 14:00-fordham@georgemas,"Barenz, Nick",1000218914,Right,GEO_PAT,93877263-80a4-4d30-b784-f400928c6eb5,55.88809,-121.66998,10.88957,5.68949,-2.04103,-12.07251,1.52944,-5.88013,4.493,179.19935,2.79233,43.41719,-14.81538,4.34439,-0.62666,-0.04344,0.03838,-0.00654,0.00038,2.69267,94.7017,-25.65204,4.23646,-1.7557,0.60307,-0.12612,0.01361,-0.00058,0.02361,-4.9587,1.32964,-0.3271,0.01195,0.02113,-0.00721,0.00101,-5E-05,,,,,,,,,,,,,,,,,,,,,,,High,High,High,High,Low,,,
72,2025-05-16,13:40:48.90,1,1,"Hasan, Ameer",1000367089,Left,FOR_RAM,"Butler, Jake",1000176047,Right,GEO_PAT,Undefined,2,Bottom,0,0,0,Sinker,Changeup,StrikeSwinging,Undefined,Undefined,Undefined,0,0,,78.13082,-0.84456,2.887914,1750.991119,125.045683,10:15,5.46428,-2.17858,4.89216,-35.76978,11.58001,-14.44749,1.68344,-0.64829,72.01303,-7.346348,0.343919,0.495257,,,,,,,,,,,,7.91768,6.36252,1.90813,50,5.35147,-5.12342,-113.28272,-2.90975,10.35175,19.51011,-23.85554,GEO_PAT,FOR_RAM,SpuhlerFieldMain,D1,A10,20250516-SpuhlerFieldMain-1,e811a790-327c-11f0-91e7-fb5a2aac2a77,76.10685,,,6.1178,,,,,,,02d18158-196c-4e82-8889-159833404470,2025-05-16,17:40:48.90,2025-05-16T13:40:48.9049600-04:00,2025-05-16T17:40:48.9049600Z,,v3,471300,471298,16 May 2025 14:00-fordham@georgemas,"McAndrews, Thomas",1000092049,Right,FOR_RAM,931461c7-dd59-4b1d-b053-db7ad63f9d18,55.61075,-114.24494,9.75506,5.46596,-1.73322,-11.92777,2.17341,-5.63396,5.17588,,,,,,,,,,,,,,,,,,,,,,,,,,,,,,,,,,,,,,,,,,,,,,,,,,,High,High,High,,,,,
73,2025-05-16,13:41:04.58,1,2,"Hasan, Ameer",1000367089,Left,FOR_RAM,"Butler, Jake",1000176047,Right,GEO_PAT,Undefined,2,Bottom,0,0,1,ChangeUp,Changeup,FoulBallNotFieldable,Undefined,Undefined,Undefined,0,0,,72.91482,-2.192464,4.545039,1492.864546,87.546037,9:00,5.19923,-2.24859,5.06762,-53.42259,1.0461,-15.73875,-1.32752,0.73449,67.66174,-11.76489,1.762949,0.531184,,,,,,,,,,,,9.3065,1.395,1.82958,50,4.94702,-7.82926,-105.51123,-5.76939,10.49388,17.90822,-30.60105,GEO_PAT,FOR_RAM,SpuhlerFieldMain,D1,A10,20250516-SpuhlerFieldMain-1,f1579df0-327c-11f0-91e7-fb5a2aac2a77,70.95931,,,5.25307,,,,,,,02d18158-196c-4e82-8889-159833404470,2025-05-16,17:41:04.58,2025-05-16T13:41:04.5874176-04:00,2025-05-16T17:41:04.5874176Z,,v3,471300,471298,16 May 2025 14:00-fordham@georgemas,"McAndrews, Thomas",1000092049,Right,FOR_RAM,86e35ed4-1bc5-4580-a8fc-4dfd89cf38e6,55.43912,-106.43039,8.95411,5.20284,-4.19874,-15.30053,2.24525,-8.36788,5.24694,,,,,,,,,,,,,,,,,,,,,,,,,,,,,,,,,,,,,,,,,,,,,,,,,,,High,High,High,,,,,
74,2025-05-16,13:41:23.09,1,3,"Hasan, Ameer",1000367089,Left,FOR_RAM,"Butler, Jake",1000176047,Right,GEO_PAT,Undefined,2,Bottom,0,0,2,Sinker,Changeup,InPlay,Undefined,FlyBall,Out,1,0,,80.66912,-0.452192,3.375531,1806.95226,127.748717,10:15,5.50794,-2.19161,5.0106,-33.46876,11.1693,-12.51351,2.29129,-0.04448,73.5968,-6.581018,1.169925,0.480866,91.95099,34.163676,-10.03201,3698.971573,108.97829,70.55756,-14.95753,323.05867,322.40261,-5.097032,5.336321,7.23284,6.07725,1.87812,50,5.43772,-6.37098,-116.82942,-2.08769,9.96226,22.71643,-23.80344,GEO_PAT,FOR_RAM,SpuhlerFieldMain,D1,A10,20250516-SpuhlerFieldMain-1,fc6de780-327c-11f0-91e7-fb5a2aac2a77,78.38448,95.91318,,7.07232,,,,3.45274,2.57179,0.08297,02d18158-196c-4e82-8889-159833404470,2025-05-16,17:41:23.09,2025-05-16T13:41:23.0965248-04:00,2025-05-16T17:41:23.0965248Z,FlyBall,v3,471300,471298,16 May 2025 14:00-fordham@georgemas,"McAndrews, Thomas",1000092049,Right,FOR_RAM,bdf1bf72-4db0-4328-bf54-4fa5f0c3b8c1,55.492,-117.89245,11.35821,5.50935,-0.97379,-11.90172,2.18717,-6.83718,4.98113,192.822494,3.45677,109.80542,-23.63664,5.45138,-0.84876,0.07088,-0.00094,-0.00014,-0,2.57056,75.74887,-16.36359,0.31607,0.12962,-0.08132,0.02459,-0.00351,0.00019,0.08156,-19.40955,7.81501,-2.13848,0.37153,-0.03174,-0.00093,0.00039,-2E-05,,,,,,,,,,,,,,,,,,,,,,,High,High,High,High,High,,,
75,2025-05-16,13:41:53.52,2,1,"Hasan, Ameer",1000367089,Left,FOR_RAM,"Alberti, Lucas",1000145512,Right,GEO_PAT,Undefined,2,Bottom,1,0,0,Slider,Curveball,StrikeCalled,Undefined,Undefined,Undefined,0,0,,70.09479,2.056867,0.450961,2057.49549,305.722242,4:15,5.28975,-2.08782,4.79519,-63.09248,-4.22579,8.23489,1.98219,-0.9742,65.03297,-9.262955,1.90095,0.552213,,,,,,,,,,,,-3.94362,-2.1191,2.03523,50,5.43953,-1.108,-101.75417,1.56325,-4.16321,15.61668,-34.41112,GEO_PAT,FOR_RAM,SpuhlerFieldMain,D1,A10,20250516-SpuhlerFieldMain-1,0e84a440-327d-11f0-91e7-fb5a2aac2a77,68.25711,,,5.06182,,,,,,,02d18158-196c-4e82-8889-159833404470,2025-05-16,17:41:53.52,2025-05-16T13:41:53.5215104-04:00,2025-05-16T17:41:53.5215104Z,,v3,471300,471298,16 May 2025 14:00-fordham@georgemas,"McAndrews, Thomas",1000092049,Right,FOR_RAM,462ccc35-ae73-4e02-b911-b0ff35d1ba18,55.71016,-102.62679,7.80834,5.29846,3.48606,-17.20556,2.09065,-0.87537,-2.08161,,,,,,,,,,,,,,,,,,,,,,,,,,,,,,,,,,,,,,,,,,,,,,,,,,,High,High,High,,,,,
76,2025-05-16,13:42:11.27,2,2,"Hasan, Ameer",1000367089,Left,FOR_RAM,"Alberti, Lucas",1000145512,Right,GEO_PAT,Undefined,2,Bottom,1,0,1,ChangeUp,Changeup,FoulBallNotFieldable,Undefined,Undefined,Undefined,0,0,,73.52018,1.141938,2.333022,1493.322048,113.472432,9:45,5.30002,-2.23776,5.15865,-44.82774,8.05252,-14.90438,2.64036,-1.28241,67.77273,-7.029248,-0.304475,0.523381,,,,,,,,,,,,8.10209,4.14835,2.03197,50,5.37223,-3.79417,-106.69604,0.6992,9.3951,17.33794,-27.36367,GEO_PAT,FOR_RAM,SpuhlerFieldMain,D1,A10,20250516-SpuhlerFieldMain-1,19306c30-327d-11f0-91e7-fb5a2aac2a77,72.01718,,,5.74745,,,,,,,02d18158-196c-4e82-8889-159833404470,2025-05-16,17:42:11.27,2025-05-16T13:42:11.2790016-04:00,2025-05-16T17:42:11.2790016Z,,v3,471300,471298,16 May 2025 14:00-fordham@georgemas,"McAndrews, Thomas",1000092049,Right,FOR_RAM,b7601b59-c556-4b7c-843c-1520a5565a6d,55.34531,-107.56114,8.66897,5.30328,2.06455,-13.68183,2.23298,-4.26295,4.69755,,,,,,,,,,,,,,,,,,,,,,,,,,,,,,,,,,,,,,,,,,,,,,,,,,,High,High,High,,,,,
77,2025-05-16,13:42:29.41,2,3,"Hasan, Ameer",1000367089,Left,FOR_RAM,"Alberti, Lucas",1000145512,Right,GEO_PAT,Undefined,2,Bottom,1,0,2,ChangeUp,Changeup,BallCalled,Undefined,Undefined,Undefined,0,0,,75.00792,-1.114901,2.839407,1553.37235,102.029115,9:30,5.29315,-2.17207,5.31882,-46.82046,3.88819,-10.87225,0.34365,-0.411,69.33957,-9.609275,0.906868,0.512522,,,,,,,,,,,,6.30205,2.64307,1.92302,50,5.15772,-4.99866,-108.81392,-3.62367,7.56902,18.78445,-28.99958,GEO_PAT,FOR_RAM,SpuhlerFieldMain,D1,A10,20250516-SpuhlerFieldMain-1,23f8e3e0-327d-11f0-91e7-fb5a2aac2a77,73.54308,,,5.66836,,,,,,,02d18158-196c-4e82-8889-159833404470,2025-05-16,17:42:29.41,2025-05-16T13:42:29.4196224-04:00,2025-05-16T17:42:29.4196224Z,,v3,471300,471298,16 May 2025 14:00-fordham@georgemas,"McAndrews, Thomas",1000092049,Right,FOR_RAM,db3982d0-34a9-4b74-93a8-5cf51b8962f1,55.18572,-109.70547,9.39223,5.29704,-2.24728,-14.49979,2.16879,-5.3579,3.78451,,,,,,,,,,,,,,,,,,,,,,,,,,,,,,,,,,,,,,,,,,,,,,,,,,,High,High,High,,,,,
78,2025-05-16,13:42:45.15,2,4,"Hasan, Ameer",1000367089,Left,FOR_RAM,"Alberti, Lucas",1000145512,Right,GEO_PAT,Undefined,2,Bottom,1,1,2,Sinker,Changeup,InPlay,Undefined,GroundBall,Out,1,0,,81.10196,-1.311218,3.677316,1926.389555,137.877401,10:30,5.65865,-1.94516,4.92098,-31.04041,13.27824,-10.67993,1.82943,0.64647,74.10946,-6.989787,1.799047,0.479142,75.56659,-18.216336,-44.621359,,,,,10.19992,9.61312,-32.794823,0.063919,6.38811,7.35063,1.59558,50,5.50502,-7.09703,-117.38617,-3.7775,8.89215,22.71608,-21.94207,GEO_PAT,FOR_RAM,SpuhlerFieldMain,D1,A10,20250516-SpuhlerFieldMain-1,2d4fca30-327d-11f0-91e7-fb5a2aac2a77,78.66645,2.22048,,6.9925,,,,3.77184,2.22048,-0.7853,02d18158-196c-4e82-8889-159833404470,2025-05-16,17:42:45.15,2025-05-16T13:42:45.1539968-04:00,2025-05-16T17:42:45.1539968Z,GroundBall,v3,471300,471298,16 May 2025 14:00-fordham@georgemas,"McAndrews, Thomas",1000092049,Right,FOR_RAM,8e04b838-8c97-4990-903d-828f5815795e,55.58179,-118.46141,11.35804,5.65925,-2.7389,-10.97103,1.94147,-7.51793,4.44608,180,3.76979,75.13194,,,,,,,,2.22143,-34.73884,,,,,,,,-0.78327,-74.14543,,,,,,,,,,,,,,,,,,,,,,,,,,,,,,High,High,High,Low,Low,,,
79,2025-05-16,13:43:21.25,3,1,"Hasan, Ameer",1000367089,Left,FOR_RAM,"Barenz, Nick",1000218914,Right,GEO_PAT,Undefined,2,Bottom,2,0,0,ChangeUp,Changeup,BallCalled,Undefined,Undefined,Undefined,0,0,,73.1708,2.562622,1.115198,1462.863965,128.117404,10:15,5.25669,-2.1038,5.24129,-44.59924,8.94796,-9.27351,3.95075,-1.82829,66.89881,-5.618733,-0.527646,0.526671,,,,,,,,,,,,4.91925,4.27689,2.00839,50,5.45959,-1.71296,-106.07426,3.3497,5.60986,17.98993,-27.29673,GEO_PAT,FOR_RAM,SpuhlerFieldMain,D1,A10,20250516-SpuhlerFieldMain-1,42ceb830-327d-11f0-91e7-fb5a2aac2a77,71.56727,,,6.27198,,,,,,,02d18158-196c-4e82-8889-159833404470,2025-05-16,17:43:21.25,2025-05-16T13:43:21.2548608-04:00,2025-05-16T17:43:21.2548608Z,,v3,471300,471298,16 May 2025 14:00-fordham@georgemas,"McAndrews, Thomas",1000092049,Right,FOR_RAM,168c3a8c-c44f-486e-a2a3-e4d289dbccf2,55.25927,-106.9625,8.99496,5.26093,4.69745,-13.64837,2.0998,-1.98994,2.80493,,,,,,,,,,,,,,,,,,,,,,,,,,,,,,,,,,,,,,,,,,,,,,,,,,,High,High,High,,,,,
80,2025-05-16,13:43:33.62,3,2,"Hasan, Ameer",1000367089,Left,FOR_RAM,"Barenz, Nick",1000218914,Right,GEO_PAT,Undefined,2,Bottom,2,1,0,Sinker,Changeup,BallCalled,Undefined,Undefined,Undefined,0,0,,81.70499,0.090015,2.861369,1873.082758,163.490937,11:30,5.58372,-2.0739,4.93607,-28.54309,14.98709,-4.02496,3.29032,0.29757,74.55151,-5.163772,2.15318,0.474861,,,,,,,,,,,,2.78803,7.79481,1.79882,50,5.56941,-5.74059,-118.35117,-0.80284,3.95159,22.73901,-21.12621,GEO_PAT,FOR_RAM,SpuhlerFieldMain,D1,A10,20250516-SpuhlerFieldMain-1,4a264c10-327d-11f0-91e7-fb5a2aac2a77,79.37571,,,7.15348,,,,,,,02d18158-196c-4e82-8889-159833404470,2025-05-16,17:43:33.62,2025-05-16T13:43:33.6279040-04:00,2025-05-16T17:43:33.6279040Z,,v3,471300,471298,16 May 2025 14:00-fordham@georgemas,"McAndrews, Thomas",1000092049,Right,FOR_RAM,b13fba40-c899-4e75-97bb-9c6fb7952b46,55.56397,-119.4154,11.3695,5.58385,0.18591,-10.56311,2.07182,-5.92553,1.9758,,,,,,,,,,,,,,,,,,,,,,,,,,,,,,,,,,,,,,,,,,,,,,,,,,,High,High,High,,,,,
81,2025-05-16,13:43:48.52,3,3,"Hasan, Ameer",1000367089,Left,FOR_RAM,"Barenz, Nick",1000218914,Right,GEO_PAT,Undefined,2,Bottom,2,2,0,Sinker,Changeup,StrikeCalled,Undefined,Undefined,Undefined,0,0,,79.23454,0.820802,2.956045,1794.216602,127.254986,10:15,5.40844,-2.2141,4.87045,-35.3475,11.21961,-12.7019,3.24068,-0.47261,72.04454,-5.650364,0.722958,0.491147,,,,,,,,,,,,7.10784,5.74394,1.93429,50,5.45989,-5.38261,-114.71367,0.4095,9.43004,22.08255,-24.55348,GEO_PAT,FOR_RAM,SpuhlerFieldMain,D1,A10,20250516-SpuhlerFieldMain-1,53093ae0-327d-11f0-91e7-fb5a2aac2a77,76.74376,,,7.19,,,,,,,02d18158-196c-4e82-8889-159833404470,2025-05-16,17:43:48.52,2025-05-16T13:43:48.5258752-04:00,2025-05-16T17:43:48.5258752Z,,v3,471300,471298,16 May 2025 14:00-fordham@georgemas,"McAndrews, Thomas",1000092049,Right,FOR_RAM,b17da2cb-c97b-41b3-8795-dc495b1e1ab7,55.62999,-115.79238,11.04127,5.41059,1.60892,-12.27674,2.20847,-5.84325,4.71502,,,,,,,,,,,,,,,,,,,,,,,,,,,,,,,,,,,,,,,,,,,,,,,,,,,High,High,High,,,,,
82,2025-05-16,13:44:02.44,3,4,"Hasan, Ameer",1000367089,Left,FOR_RAM,"Barenz, Nick",1000218914,Right,GEO_PAT,Undefined,2,Bottom,2,2,1,Slider,Curveball,InPlay,Undefined,GroundBall,Out,1,0,,72.33022,1.509325,1.426465,2207.863861,301.889225,4:00,5.21576,-2.15322,4.98465,-56.6083,-0.5435,4.06957,1.92454,-0.46669,65.67983,-8.765327,2.145026,0.538911,93.80786,-8.312622,7.766366,,,,,15.3208,14.34228,8.576894,0.103509,-1.55925,-0.20283,2.0121,50,5.3153,-2.76406,-104.74402,0.89504,-1.70661,20.13854,-32.39607,GEO_PAT,FOR_RAM,SpuhlerFieldMain,D1,A10,20250516-SpuhlerFieldMain-1,5b7991c0-327d-11f0-91e7-fb5a2aac2a77,69.94193,1.92465,,6.65039,,,,1.32034,1.92465,0.42943,02d18158-196c-4e82-8889-159833404470,2025-05-16,17:44:02.44,2025-05-16T13:44:02.4423424-04:00,2025-05-16T17:44:02.4423424Z,GroundBall,v3,471300,471298,16 May 2025 14:00-fordham@georgemas,"McAndrews, Thomas",1000092049,Right,FOR_RAM,44cf2349-93c2-4602-9756-df710e842bca,55.51669,-105.79936,10.06927,5.22391,2.59273,-16.19804,2.15461,-2.67462,-0.85331,173.876288,1.32036,134.88892,-12.42254,,,,,,,1.92441,-19.8614,12.28744,,,,,,,0.42946,18.39277,-4.519,,,,,,,,,,,,,,,,,,,,,,,,,,,,,High,High,High,High,High,,,
83,2025-05-16,13:47:41.94,1,1,"Cassedy, Brandon",1000183671,Right,GEO_PAT,"Ocko, Madden",10300306,Right,FOR_RAM,Undefined,3,Top,0,0,0,Fastball,Four-Seam,BallCalled,Undefined,Undefined,Undefined,0,0,,87.94786,0.069986,0.119386,2176.369385,178.208881,12:00,5.66087,0.32641,5.93553,-17.2771,18.94387,-0.55496,4.28604,0.39093,79.83854,-3.241075,0.01972,0.433163,,,,,,,,,,,,0.31835,10.03095,-0.33563,50,5.65669,-0.24269,-127.69724,-0.32287,0.52264,27.69466,-15.70517,GEO_PAT,FOR_RAM,SpuhlerFieldMain,D1,A10,20250516-SpuhlerFieldMain-1,de21e730-327d-11f0-91e7-fb5a2aac2a77,87.01672,,,8.10932,,,,,,,02d18158-196c-4e82-8889-159833404470,2025-05-16,17:47:41.94,2025-05-16T13:47:41.9466752-04:00,2025-05-16T17:47:41.9466752Z,,v3,471300,471298,16 May 2025 14:00-fordham@georgemas,"Barenz, Nick",1000218914,Right,GEO_PAT,4835672f-c312-4bb0-8c48-28990e5c2312,54.56402,-128.68327,13.84733,5.65823,0.23629,-7.85259,-0.32666,-0.2613,0.26132,,,,,,,,,,,,,,,,,,,,,,,,,,,,,,,,,,,,,,,,,,,,,,,,,,,High,High,High,,,,,
84,2025-05-16,13:48:01.77,1,2,"Cassedy, Brandon",1000183671,Right,GEO_PAT,"Ocko, Madden",10300306,Right,FOR_RAM,Undefined,3,Top,0,1,0,Fastball,Four-Seam,BallCalled,Undefined,Undefined,Undefined,0,0,,87.25659,-0.415984,-1.002711,2211.008814,190.041904,12:15,5.61924,0.27667,6.02982,-18.6308,17.98009,2.97205,3.68135,-0.40439,79.40871,-3.970892,-0.468052,0.435488,,,,,,,,,,,,-1.81571,9.7228,-0.19984,50,5.57655,2.09604,-126.7209,-1.44269,-2.94047,26.87477,-16.42826,GEO_PAT,FOR_RAM,SpuhlerFieldMain,D1,A10,20250516-SpuhlerFieldMain-1,ea0bfb80-327d-11f0-91e7-fb5a2aac2a77,86.55212,,,7.84787,,,,,,,02d18158-196c-4e82-8889-159833404470,2025-05-16,17:48:01.77,2025-05-16T13:48:01.7758208-04:00,2025-05-16T17:48:01.7758208Z,,v3,471300,471298,16 May 2025 14:00-fordham@georgemas,"Barenz, Nick",1000218914,Right,GEO_PAT,3b93d3ca-8ccc-4ea1-9471-a03660332d34,54.47041,-127.66546,13.43739,5.61711,-0.86529,-8.21413,-0.27532,2.19939,-1.47023,,,,,,,,,,,,,,,,,,,,,,,,,,,,,,,,,,,,,,,,,,,,,,,,,,,High,High,High,,,,,
85,2025-05-16,13:48:20.91,1,3,"Cassedy, Brandon",1000183671,Right,GEO_PAT,"Ocko, Madden",10300306,Right,FOR_RAM,Undefined,3,Top,0,2,0,Fastball,Four-Seam,BallCalled,Undefined,Undefined,Undefined,0,0,,87.17873,0.122172,0.269743,2127.643452,203.620759,12:45,5.58897,0.29112,5.72334,-18.34218,18.96296,7.73504,4.17426,1.18696,78.87132,-3.379475,1.653209,0.439598,,,,,,,,,,,,-3.83595,9.96705,-0.31844,50,5.58808,-0.92761,-126.49075,-0.2614,-6.1552,28.11165,-16.18075,GEO_PAT,FOR_RAM,SpuhlerFieldMain,D1,A10,20250516-SpuhlerFieldMain-1,f5752000-327d-11f0-91e7-fb5a2aac2a77,85.74297,,,8.3074,,,,,,,02d18158-196c-4e82-8889-159833404470,2025-05-16,17:48:20.91,2025-05-16T13:48:20.9160704-04:00,2025-05-16T17:48:20.9160704Z,,v3,471300,471298,16 May 2025 14:00-fordham@georgemas,"Barenz, Nick",1000218914,Right,GEO_PAT,bc3f369d-5545-476b-bb30-8311237d8d7c,54.77595,-127.54775,14.05582,5.58647,0.347,-8.09038,-0.28791,-0.69617,-3.0776,,,,,,,,,,,,,,,,,,,,,,,,,,,,,,,,,,,,,,,,,,,,,,,,,,,High,High,High,,,,,
86,2025-05-16,13:49:11.08,1,4,"Cassedy, Brandon",1000183671,Right,GEO_PAT,"Ocko, Madden",10300306,Right,FOR_RAM,Undefined,3,Top,0,3,0,Fastball,Four-Seam,BallCalled,Walk,Undefined,Undefined,0,0,,88.19389,-0.983125,0.041867,2164.155296,195.438371,12:30,5.58956,0.44885,5.57662,-16.29946,20.35257,5.27138,3.3129,0.92723,79.84606,-4.102413,0.982335,0.435733,,,,,,,,,,,,-2.64819,10.95544,-0.45597,50,5.4946,-0.32526,-127.92384,-2.66576,-4.34808,28.64541,-14.18626,GEO_PAT,FOR_RAM,SpuhlerFieldMain,D1,A10,20250516-SpuhlerFieldMain-1,1346a3b0-327e-11f0-91e7-fb5a2aac2a77,86.50355,,,8.34783,,,,,,,02d18158-196c-4e82-8889-159833404470,2025-05-16,17:49:11.08,2025-05-16T13:49:11.0882304-04:00,2025-05-16T17:49:11.0882304Z,,v3,471300,471298,16 May 2025 14:00-fordham@georgemas,"Barenz, Nick",1000218914,Right,GEO_PAT,95280e3e-3097-4429-9426-197937dab413,54.92293,-129.02151,14.32271,5.58634,-2.12216,-7.09313,-0.4467,-0.15865,-2.17404,,,,,,,,,,,,,,,,,,,,,,,,,,,,,,,,,,,,,,,,,,,,,,,,,,,High,High,High,,,,,
87,2025-05-16,13:49:42.08,2,1,"Cassedy, Brandon",1000183671,Right,GEO_PAT,"McAndrews, Thomas",1000092049,Right,FOR_RAM,Undefined,3,Top,0,0,0,Curveball,Curveball,StrikeCalled,Undefined,Undefined,Undefined,0,0,,76.31285,2.487818,-0.016343,2563.807251,34.238296,7:15,5.51151,0.60881,5.10219,-64.08755,-14.25394,-10.82375,2.51668,-0.30857,69.68678,-9.084977,-1.933941,0.508081,,,,,,,,,,,,5.36083,-7.32544,-0.59841,50,5.69591,0.46638,-110.67024,2.52398,6.58544,21.50436,-41.17285,GEO_PAT,FOR_RAM,SpuhlerFieldMain,D1,A10,20250516-SpuhlerFieldMain-1,25c87e50-327e-11f0-91e7-fb5a2aac2a77,74.18593,,,6.62606,,,,,,,02d18158-196c-4e82-8889-159833404470,2025-05-16,17:49:42.08,2025-05-16T13:49:42.0850176-04:00,2025-05-16T17:49:42.0850176Z,,v3,471300,471298,16 May 2025 14:00-fordham@georgemas,"Barenz, Nick",1000218914,Right,GEO_PAT,032e3822-f630-41f3-8d4a-ea8ff0f4fff7,55.40369,-111.7153,10.75218,5.52463,4.52488,-20.58643,-0.6133,0.14635,3.29272,,,,,,,,,,,,,,,,,,,,,,,,,,,,,,,,,,,,,,,,,,,,,,,,,,,High,High,High,,,,,
88,2025-05-16,13:50:02.97,2,2,"Cassedy, Brandon",1000183671,Right,GEO_PAT,"McAndrews, Thomas",1000092049,Right,FOR_RAM,Undefined,3,Top,0,0,1,Slider,Curveball,BallCalled,Undefined,Undefined,Undefined,0,0,,78.11245,0.259262,-1.067345,2519.431563,35.298832,7:15,5.51342,0.60975,5.33887,-58.23176,-11.21945,-9.01729,0.90406,-1.14318,71.79839,-10.265906,-2.674251,0.493489,,,,,,,,,,,,4.26217,-5.4341,-0.5065,50,5.49414,2.45856,-113.41946,-1.49521,5.50415,22.41177,-39.19165,GEO_PAT,FOR_RAM,SpuhlerFieldMain,D1,A10,20250516-SpuhlerFieldMain-1,325143a0-327e-11f0-91e7-fb5a2aac2a77,76.37955,,,6.31405,,,,,,,02d18158-196c-4e82-8889-159833404470,2025-05-16,17:50:02.97,2025-05-16T13:50:02.9709312-04:00,2025-05-16T17:50:02.9709312Z,,v3,471300,471298,16 May 2025 14:00-fordham@georgemas,"Barenz, Nick",1000218914,Right,GEO_PAT,6008eb07-e909-486b-ae23-f028cc35ac68,55.16736,-114.43598,11.20589,5.52164,0.28239,-19.59582,-0.61235,2.20891,2.75207,,,,,,,,,,,,,,,,,,,,,,,,,,,,,,,,,,,,,,,,,,,,,,,,,,,High,High,High,,,,,
89,2025-05-16,13:50:22.52,2,3,"Cassedy, Brandon",1000183671,Right,GEO_PAT,"McAndrews, Thomas",1000092049,Right,FOR_RAM,Undefined,3,Top,0,1,1,Cutter,Slider,StrikeCalled,Undefined,Undefined,Undefined,0,0,,84.47858,-0.523929,-0.836702,2460.998496,109.007949,9:45,5.59234,0.71105,5.31923,-35.55931,4.14768,-8.69536,2.13727,-0.79889,78.06648,-7.001477,-2.382002,0.453529,,,,,,,,,,,,4.16992,2.5489,-0.62864,50,5.51897,2.15741,-122.74412,-2.41183,6.40489,22.7508,-28.25903,GEO_PAT,FOR_RAM,SpuhlerFieldMain,D1,A10,20250516-SpuhlerFieldMain-1,3df61190-327e-11f0-91e7-fb5a2aac2a77,83.10926,,,6.4121,,,,,,,02d18158-196c-4e82-8889-159833404470,2025-05-16,17:50:22.52,2025-05-16T13:50:22.5220096-04:00,2025-05-16T17:50:22.5220096Z,,v3,471300,471298,16 May 2025 14:00-fordham@georgemas,"Barenz, Nick",1000218914,Right,GEO_PAT,03dbef4c-05fd-4f56-9fbb-7f36778f3a59,55.18451,-123.70135,11.3754,5.59543,-1.22286,-14.12951,-0.71374,1.88794,3.20244,,,,,,,,,,,,,,,,,,,,,,,,,,,,,,,,,,,,,,,,,,,,,,,,,,,High,High,High,,,,,
90,2025-05-16,13:51:01.10,2,4,"Cassedy, Brandon",1000183671,Right,GEO_PAT,"McAndrews, Thomas",1000092049,Right,FOR_RAM,Undefined,3,Top,0,1,2,Fastball,Four-Seam,BallCalled,Undefined,Undefined,Undefined,0,0,,88.79956,0.572103,-0.393398,2206.532601,194.339879,12:30,5.66653,0.26097,5.74588,-17.80867,18.13615,4.32138,4.71518,0.25479,80.22967,-2.831904,0.379881,0.431509,,,,,,,,,,,,-2.30772,9.39666,-0.23089,50,5.70339,0.69509,-128.82635,0.76397,-3.83981,29.23855,-16.53908,GEO_PAT,FOR_RAM,SpuhlerFieldMain,D1,A10,20250516-SpuhlerFieldMain-1,54d6d980-327e-11f0-91e7-fb5a2aac2a77,87.35033,,,8.5699,,,,,,,02d18158-196c-4e82-8889-159833404470,2025-05-16,17:51:01.10,2025-05-16T13:51:01.1001856-04:00,2025-05-16T17:51:01.1001856Z,,v3,471300,471298,16 May 2025 14:00-fordham@georgemas,"Barenz, Nick",1000218914,Right,GEO_PAT,1814ba05-5088-4fa3-81ca-b8378d0ac9e9,54.75296,-129.9006,14.61927,5.66416,1.37163,-8.26954,-0.25902,0.83617,-1.9199,,,,,,,,,,,,,,,,,,,,,,,,,,,,,,,,,,,,,,,,,,,,,,,,,,,High,High,High,,,,,
91,2025-05-16,13:51:22.07,2,5,"Cassedy, Brandon",1000183671,Right,GEO_PAT,"McAndrews, Thomas",1000092049,Right,FOR_RAM,Undefined,3,Top,0,2,2,Fastball,Four-Seam,StrikeSwinging,Strikeout,Undefined,Undefined,0,0,,88.6577,-1.211014,-0.839288,2248.350937,190.186672,12:15,5.60885,0.42765,6.02364,-16.46025,19.30662,3.24173,3.11519,-0.07964,80.07694,-4.384347,-0.256087,0.430439,,,,,,,,,,,,-1.92595,10.66792,-0.36365,50,5.50508,1.74812,-128.63071,-3.15927,-3.18643,29.79686,-14.5242,GEO_PAT,FOR_RAM,SpuhlerFieldMain,D1,A10,20250516-SpuhlerFieldMain-1,61741130-327e-11f0-91e7-fb5a2aac2a77,87.56739,,,8.58076,,,,,,,02d18158-196c-4e82-8889-159833404470,2025-05-16,17:51:22.07,2025-05-16T13:51:22.0706816-04:00,2025-05-16T17:51:22.0706816Z,,v3,471300,471298,16 May 2025 14:00-fordham@georgemas,"Barenz, Nick",1000218914,Right,GEO_PAT,69721413-8446-4a5c-b1fe-d5bce937c25f,54.47558,-129.66331,14.89843,5.60584,-2.65593,-7.2621,-0.42615,1.85855,-1.59322,,,,,,,,,,,,,,,,,,,,,,,,,,,,,,,,,,,,,,,,,,,,,,,,,,,High,High,High,,,,,
92,2025-05-16,13:51:53.37,3,1,"Cassedy, Brandon",1000183671,Right,GEO_PAT,"Markey, Tommy",10084492,Left,FOR_RAM,Undefined,3,Top,1,0,0,Fastball,Four-Seam,BallCalled,Undefined,Undefined,Undefined,0,0,,88.42034,-0.115735,-0.214668,2166.206074,196.065806,12:30,5.63589,0.39826,5.86037,-17.75997,18.66056,4.98331,4.04837,0.61409,79.24513,-3.537053,0.679088,0.434355,,,,,,,,,,,,-2.60854,9.94776,-0.38372,50,5.61639,0.26521,-128.19152,-0.75574,-4.2552,31.36722,-15.94686,GEO_PAT,FOR_RAM,SpuhlerFieldMain,D1,A10,20250516-SpuhlerFieldMain-1,741ab1e0-327e-11f0-91e7-fb5a2aac2a77,86.77801,,,9.17521,,,,,,,02d18158-196c-4e82-8889-159833404470,2025-05-16,17:51:53.37,2025-05-16T13:51:53.3787136-04:00,2025-05-16T17:51:53.3787136Z,,v3,471300,471298,16 May 2025 14:00-fordham@georgemas,"Barenz, Nick",1000218914,Right,GEO_PAT,cab01326-c4c4-40af-b519-8d62cf1fcf39,54.63765,-129.32133,15.68361,5.63326,-0.18136,-7.97343,-0.39604,0.41848,-2.1276,,,,,,,,,,,,,,,,,,,,,,,,,,,,,,,,,,,,,,,,,,,,,,,,,,,High,High,High,,,,,
93,2025-05-16,13:52:14.75,3,2,"Cassedy, Brandon",1000183671,Right,GEO_PAT,"Markey, Tommy",10084492,Left,FOR_RAM,Undefined,3,Top,1,1,0,Fastball,Four-Seam,FoulBallNotFieldable,Undefined,Undefined,Undefined,0,0,,87.63786,-1.592254,-1.090395,2165.479954,196.791174,12:30,5.59275,0.37465,5.86245,-17.89993,18.97001,5.32618,2.62115,-0.19466,79.15335,-5.017812,-0.135062,0.437026,75.88257,84.440792,145.105236,,,,,,12.73839,,,-3.08158,10.60083,-0.28937,50,5.45338,2.1977,-127.09985,-4.04233,-4.97249,29.34636,-15.06837,GEO_PAT,FOR_RAM,SpuhlerFieldMain,D1,A10,20250516-SpuhlerFieldMain-1,80d27670-327e-11f0-91e7-fb5a2aac2a77,86.24754,89.12778,,8.48451,,,,2.68285,2.79486,0.04883,02d18158-196c-4e82-8889-159833404470,2025-05-16,17:52:14.75,2025-05-16T13:52:14.7536896-04:00,2025-05-16T17:52:14.7536896Z,,v3,471300,471298,16 May 2025 14:00-fordham@georgemas,"Barenz, Nick",1000218914,Right,GEO_PAT,a73e4838-9d39-4723-b238-3560dc06786e,54.63803,-128.16626,14.67318,5.59032,-3.49476,-7.53418,-0.37252,2.37839,-2.48625,353.993687,2.68285,-8.84307,-8.31789,3.78393,-1.14615,0.3093,-0.08238,0.02022,-0.00311,2.79486,110.7708,-31.49878,4.28975,-0.76302,0.12537,-0.03943,0.01906,-0.00472,0.04883,6.16782,-6.7825,2.64719,-0.7495,0.19658,-0.05406,0.01472,-0.00252,,,,,,,,,,,,,,,,,,,,,,,High,High,High,High,Undefined,,,
94,2025-05-16,13:52:53.47,3,3,"Cassedy, Brandon",1000183671,Right,GEO_PAT,"Markey, Tommy",10084492,Left,FOR_RAM,Undefined,3,Top,1,1,1,Fastball,Four-Seam,StrikeCalled,Undefined,Undefined,Undefined,0,0,,89.03664,-3.148359,-0.893659,2202.260836,187.608127,12:15,5.55334,0.49508,5.982,-14.77206,20.66265,2.5965,1.40062,-0.11701,80.91293,-5.990466,-0.426878,0.428436,,,,,,,,,,,,-1.60996,11.94725,-0.42592,50,5.29622,1.9067,-129.09594,-7.49336,-2.69547,28.85558,-12.1712,GEO_PAT,FOR_RAM,SpuhlerFieldMain,D1,A10,20250516-SpuhlerFieldMain-1,97e41260-327e-11f0-91e7-fb5a2aac2a77,87.9769,,,8.12371,,,,,,,02d18158-196c-4e82-8889-159833404470,2025-05-16,17:52:53.47,2025-05-16T13:52:53.4789120-04:00,2025-05-16T17:52:53.4789120Z,,v3,471300,471298,16 May 2025 14:00-fordham@georgemas,"Barenz, Nick",1000218914,Right,GEO_PAT,3d8b8f89-c076-4a02-8444-ed0faf4725d1,54.51942,-130.1022,14.42779,5.55013,-7.06892,-6.0856,-0.49405,2.0007,-1.34774,,,,,,,,,,,,,,,,,,,,,,,,,,,,,,,,,,,,,,,,,,,,,,,,,,,High,High,High,,,,,
95,2025-05-16,13:53:24.69,3,4,"Cassedy, Brandon",1000183671,Right,GEO_PAT,"Markey, Tommy",10084492,Left,FOR_RAM,Undefined,3,Top,1,1,2,Fastball,Four-Seam,StrikeSwinging,Strikeout,Undefined,Undefined,0,0,,90.238,-0.865693,-0.826336,2272.104203,192.281558,12:30,5.59162,0.33246,5.78292,-17.17572,17.29186,3.52441,3.35469,-0.14275,82.32811,-4.125596,-0.195135,0.422549,,,,,,,,,,,,-2.03197,9.39579,-0.26644,50,5.50996,1.73775,-131.04515,-2.50416,-3.52876,28.03327,-15.85701,GEO_PAT,FOR_RAM,SpuhlerFieldMain,D1,A10,20250516-SpuhlerFieldMain-1,aa86e280-327e-11f0-91e7-fb5a2aac2a77,89.20257,,,7.90989,,,,,,,02d18158-196c-4e82-8889-159833404470,2025-05-16,17:53:24.69,2025-05-16T13:53:24.6963712-04:00,2025-05-16T17:53:24.6963712Z,,v3,471300,471298,16 May 2025 14:00-fordham@georgemas,"Barenz, Nick",1000218914,Right,GEO_PAT,75368246-d21f-4120-8593-2e48e7117045,54.71835,-132.05064,14.01664,5.58958,-1.9354,-7.9285,-0.33104,1.86432,-1.76438,,,,,,,,,,,,,,,,,,,,,,,,,,,,,,,,,,,,,,,,,,,,,,,,,,,High,High,High,,,,,
96,2025-05-16,13:53:55.51,4,1,"Cassedy, Brandon",1000183671,Right,GEO_PAT,"Kirk, Taylor",1000367095,Right,FOR_RAM,Undefined,3,Top,2,0,0,Fastball,Four-Seam,FoulBallNotFieldable,Undefined,Undefined,Undefined,0,0,,89.58189,-0.740926,0.389023,2251.266673,188.875974,12:15,5.62187,0.41161,5.86768,-17.30316,17.54304,2.5665,3.4916,0.98688,81.76054,-4.030371,0.849419,0.424863,57.47276,53.133821,143.895645,3500.184249,-95.6818,51.52671,54.26777,162.4473,48.12003,150.584644,3.648913,-1.2087,9.52941,-0.44466,50,5.55188,-0.99162,-130.13383,-2.19935,-2.06982,27.66284,-15.85547,GEO_PAT,FOR_RAM,SpuhlerFieldMain,D1,A10,20250516-SpuhlerFieldMain-1,bce2e5a0-327e-11f0-91e7-fb5a2aac2a77,88.71669,59.02255,,7.82135,,,,1.36238,3.56522,-0.96267,02d18158-196c-4e82-8889-159833404470,2025-05-16,17:53:55.51,2025-05-16T13:53:55.5154432-04:00,2025-05-16T17:53:55.5154432Z,Popup,v3,471300,471298,16 May 2025 14:00-fordham@georgemas,"Barenz, Nick",1000218914,Right,GEO_PAT,c75e80b6-10ca-4aa2-8022-b1dbee411e40,54.63411,-131.11521,13.83142,5.61993,-1.63685,-7.92773,-0.41078,-0.91819,-1.03491,323.163221,1.3635,-40.90375,-0.43394,-0.0571,0.90334,-0.76467,0.29872,-0.05631,0.00411,3.56819,67.35249,-22.96575,1.33373,0.55348,-0.43229,0.11439,-0.01267,0.00039,-0.95932,29.69148,-5.23181,0.4816,1.35972,-1.05125,0.36294,-0.06104,0.00403,,,,,,,,,,,,,,,,,,,,,,,High,High,High,High,Low,,,
97,2025-05-16,13:59:02.37,4,2,"Cassedy, Brandon",1000183671,Right,GEO_PAT,"Kirk, Taylor",1000367095,Right,FOR_RAM,Undefined,3,Top,2,0,1,Fastball,Four-Seam,FoulBallNotFieldable,Undefined,Undefined,Undefined,0,0,,88.21513,-2.404441,0.388702,2305.289447,185.050477,12:15,5.725,0.21049,5.78085,-12.743,23.3182,1.95843,2.42444,0.73537,80.64454,-4.870102,0.739393,0.432207,71.85449,67.219097,68.675231,4146.384588,1.17518,78.00815,109.99359,137.88928,52.02508,90.170357,5.100778,-0.89721,12.94524,-0.2438,50,5.51903,-0.95019,-128.0541,-5.70219,-1.48973,26.44595,-10.67944,GEO_PAT,FOR_RAM,SpuhlerFieldMain,D1,A10,20250516-SpuhlerFieldMain-1,73cac7b0-327f-11f0-91e7-fb5a2aac2a77,87.20931,111.10849,,7.57059,,,,1.68857,2.65743,-0.88952,02d18158-196c-4e82-8889-159833404470,2025-05-16,17:59:02.37,2025-05-16T13:59:02.3796736-04:00,2025-05-16T17:59:02.3796736Z,Popup,v3,471300,471298,16 May 2025 14:00-fordham@georgemas,"Barenz, Nick",1000218914,Right,GEO_PAT,3659a02d-8bf8-4cd6-8885-0306d976cdb3,54.72148,-129.0255,13.22298,5.72128,-5.30991,-5.33972,-0.2099,-0.89547,-0.74487,201.365079,1.68285,14.88531,-11.05924,3.18024,0.11597,-0.4881,0.17697,-0.02695,0.00153,2.67189,96.84517,-25.23073,0.55884,1.55569,-0.86253,0.21851,-0.02751,0.00138,-0.87798,37.77673,-3.1604,-0.89285,1.15058,-0.49537,0.10816,-0.01179,0.00051,,,,,,,,,,,,,,,,,,,,,,,High,High,High,Medium,Low,,,
98,2025-05-16,13:59:46.58,4,3,"Cassedy, Brandon",1000183671,Right,GEO_PAT,"Kirk, Taylor",1000367095,Right,FOR_RAM,Undefined,3,Top,2,0,2,Fastball,Four-Seam,BallCalled,Undefined,Undefined,Undefined,0,0,,90.54474,-0.591413,-0.40735,2358.666933,189.91203,12:15,5.72062,0.29469,5.76741,-13.75973,20.86005,3.43173,4.0235,0.20154,81.66073,-3.265952,0.207037,0.423481,,,,,,,,,,,,-1.87126,11.15209,-0.26306,50,5.66355,0.78172,-131.3435,-1.71769,-3.22796,31.0643,-12.93645,GEO_PAT,FOR_RAM,SpuhlerFieldMain,D1,A10,20250516-SpuhlerFieldMain-1,8e26d3b0-327f-11f0-91e7-fb5a2aac2a77,89.00629,,,8.88401,,,,,,,02d18158-196c-4e82-8889-159833404470,2025-05-16,17:59:46.58,2025-05-16T13:59:46.5896960-04:00,2025-05-16T17:59:46.5896960Z,,v3,471300,471298,16 May 2025 14:00-fordham@georgemas,"Barenz, Nick",1000218914,Right,GEO_PAT,ab4b4ce2-723d-4033-87f8-5223a85d7725,54.73181,-132.4579,15.53215,5.71685,-1.25361,-6.46823,-0.29318,0.89752,-1.61398,,,,,,,,,,,,,,,,,,,,,,,,,,,,,,,,,,,,,,,,,,,,,,,,,,,High,High,High,,,,,
99,2025-05-16,14:00:07.78,4,4,"Cassedy, Brandon",1000183671,Right,GEO_PAT,"Kirk, Taylor",1000367095,Right,FOR_RAM,Undefined,3,Top,2,1,2,Fastball,Four-Seam,InPlay,Undefined,LineDrive,Single,0,0,,90.38348,-2.089954,-0.625526,2387.751741,202.513749,12:45,5.63559,0.16436,5.5502,-14.93977,20.06871,7.80709,2.43656,0.23037,81.78069,-4.952519,0.766765,0.425852,92.27316,19.074602,-9.925661,1728.838152,108.30919,32.20981,-19.21113,301.21435,301.21435,-9.747784,3.425113,-4.15815,11.16658,-0.11562,50,5.44521,1.08352,-131.03074,-5.22236,-7.15063,30.49301,-12.97129,GEO_PAT,FOR_RAM,SpuhlerFieldMain,D1,A10,20250516-SpuhlerFieldMain-1,9ac36f20-327f-11f0-91e7-fb5a2aac2a77,88.51076,37.85565,,8.60279,,,,1.93987,2.4924,-0.23207,02d18158-196c-4e82-8889-159833404470,2025-05-16,18:00:07.78,2025-05-16T14:00:07.7898240-04:00,2025-05-16T18:00:07.7898240Z,LineDrive,v3,471300,471298,16 May 2025 14:00-fordham@georgemas,"Barenz, Nick",1000218914,Right,GEO_PAT,aefff1fa-f00b-435c-baef-e5b621f6e7cc,54.95073,-132.17783,15.24651,5.63249,-4.7344,-6.48564,-0.16144,1.35252,-3.57532,174.456289,1.93999,125.98396,-20.9227,4.66152,-0.8948,0.12065,-0.00424,-0.00181,0.00025,2.49224,44.23288,-14.44506,0.41955,-0.07887,0.06722,-0.02985,0.00673,-0.00059,-0.23211,-22.04532,2.78117,-0.11889,-0.09352,0.0488,-0.01502,0.00272,-0.00021,,,,,,,,,,,,,,,,,,,,,,,High,High,High,High,High,,,
100,2025-05-16,14:00:52.23,5,1,"Cassedy, Brandon",1000183671,Right,GEO_PAT,"Bucciero, Daniel",827759,Right,FOR_RAM,Undefined,3,Top,2,0,0,Fastball,Four-Seam,BallCalled,Undefined,Undefined,Undefined,0,0,,89.84651,-0.06214,-0.480401,2314.2703,191.212918,12:15,5.69886,0.1735,5.56274,-14.49493,20.54678,3.85292,4.43289,0.04574,81.88031,-2.839567,0.20671,0.426053,,,,,,,,,,,,-2.0778,10.72922,-0.13461,50,5.68421,0.92165,-130.44711,-0.55837,-3.57817,27.58943,-13.69744,GEO_PAT,FOR_RAM,SpuhlerFieldMain,D1,A10,20250516-SpuhlerFieldMain-1,b528f100-327f-11f0-91e7-fb5a2aac2a77,88.46882,,,7.9662,,,,,,,02d18158-196c-4e82-8889-159833404470,2025-05-16,18:00:52.23,2025-05-16T14:00:52.2309632-04:00,2025-05-16T18:00:52.2309632Z,,v3,471300,471298,16 May 2025 14:00-fordham@georgemas,"Barenz, Nick",1000218914,Right,GEO_PAT,02ce4fad-8fa8-4497-9bc7-c3d63b86fea6,54.93779,-131.4873,13.79472,5.69552,-0.04195,-6.84872,-0.1719,1.05656,-1.78909,,,,,,,,,,,,,,,,,,,,,,,,,,,,,,,,,,,,,,,,,,,,,,,,,,,High,High,High,,,,,
101,2025-05-16,14:01:10.72,5,2,"Cassedy, Brandon",1000183671,Right,GEO_PAT,"Bucciero, Daniel",827759,Right,FOR_RAM,Undefined,3,Top,2,1,0,Fastball,Four-Seam,FoulBallNotFieldable,Undefined,Undefined,Undefined,0,0,,90.13969,-0.715612,-0.936292,2310.507772,186.005057,12:15,5.60615,0.27028,5.77405,-14.86528,20.01084,1.97717,3.70131,-0.43635,81.44565,-3.585139,-0.582335,0.425046,72.92981,30.659133,161.216338,2965.918474,-106.47015,39.57401,27.64041,209.79117,83.2516,170.499362,2.969988,-1.30146,10.78489,-0.1941,50,5.53831,2.05153,-130.7776,-2.04719,-2.2285,30.47956,-13.70679,GEO_PAT,FOR_RAM,SpuhlerFieldMain,D1,A10,20250516-SpuhlerFieldMain-1,c048d780-327f-11f0-91e7-fb5a2aac2a77,88.67857,39.57796,,8.69404,,,,2.0458,3.78968,0.41785,02d18158-196c-4e82-8889-159833404470,2025-05-16,18:01:10.72,2025-05-16T14:01:10.7280384-04:00,2025-05-16T18:01:10.7280384Z,FlyBall,v3,471300,471298,16 May 2025 14:00-fordham@georgemas,"Barenz, Nick",1000218914,Right,GEO_PAT,30f9dd0e-7995-4f1c-a116-ec518cf58600,54.72638,-131.87455,15.23978,5.60312,-1.55389,-6.8534,-0.26938,2.13173,-1.11425,297.914915,2.04534,-87.09469,5.77592,0.02717,-0.22397,0.13863,-0.02247,-0.00297,0.00082,3.78975,54.5392,-23.20043,2.15183,-0.21727,-0.10043,0.07,-0.01685,0.00148,0.41828,29.60949,-8.42887,1.02038,0.1632,-0.2323,0.07866,-0.01061,0.00041,,,,,,,,,,,,,,,,,,,,,,,High,High,High,High,Medium,,,
102,2025-05-16,14:01:35.08,5,3,"Cassedy, Brandon",1000183671,Right,GEO_PAT,"Bucciero, Daniel",827759,Right,FOR_RAM,Undefined,3,Top,2,1,1,Fastball,Four-Seam,FoulBallNotFieldable,Undefined,Undefined,Undefined,0,0,,88.57056,-0.810515,-1.087066,2267.731449,193.101005,12:30,5.66422,0.18802,5.88491,-16.90733,18.55257,4.06677,3.5024,-0.48273,81.21096,-4.023609,-0.35747,0.428588,92.9587,19.769591,68.736786,3918.299026,33.93675,33.09582,104.63374,280.6201,114.7262,77.552361,3.038645,-2.38591,10.0667,-0.10267,50,5.58909,2.27527,-128.71639,-2.3161,-4.01764,25.78758,-15.22269,GEO_PAT,FOR_RAM,SpuhlerFieldMain,D1,A10,20250516-SpuhlerFieldMain-1,cece7e40-327f-11f0-91e7-fb5a2aac2a77,87.94559,36.24129,,7.3596,,,,0.93567,3.42641,0.24849,02d18158-196c-4e82-8889-159833404470,2025-05-16,18:01:35.08,2025-05-16T14:01:35.0868480-04:00,2025-05-16T18:01:35.0868480Z,LineDrive,v3,471300,471298,16 May 2025 14:00-fordham@georgemas,"Barenz, Nick",1000218914,Right,GEO_PAT,6c6bca14-1ad6-4a0c-9fe0-62f049f05541,54.61778,-129.63823,12.89379,5.66216,-1.77192,-7.61135,-0.18658,2.41889,-2.00882,,0.93568,46.52913,-17.22243,4.78906,-1.10835,0.22515,-0.03705,0.004,-0.0002,3.42639,46.11623,-16.41875,-0.22017,0.42278,-0.15137,0.03142,-0.0037,0.00021,0.2485,119.56863,-18.50479,4.97805,-1.11679,0.22026,-0.0353,0.00369,-0.00017,,,,,,,,,,,,,,,,,,,,,,,High,High,High,High,Low,,,
103,2025-05-16,14:01:59.27,5,4,"Cassedy, Brandon",1000183671,Right,GEO_PAT,"Bucciero, Daniel",827759,Right,FOR_RAM,Undefined,3,Top,2,1,2,Fastball,Four-Seam,BallCalled,Undefined,Undefined,Undefined,0,0,,90.21429,0.291016,-0.591547,2347.152122,193.435896,12:30,5.6742,0.22026,5.72609,-13.35784,21.38241,4.83154,4.83213,0.07188,81.72698,-2.303014,0.272665,0.424217,,,,,,,,,,,,-2.62819,11.11898,-0.17387,50,5.69048,1.13857,-130.93394,0.3151,-4.53129,29.40975,-13.00368,GEO_PAT,FOR_RAM,SpuhlerFieldMain,D1,A10,20250516-SpuhlerFieldMain-1,dd42bfe0-327f-11f0-91e7-fb5a2aac2a77,88.85181,,,8.48731,,,,,,,02d18158-196c-4e82-8889-159833404470,2025-05-16,18:01:59.27,2025-05-16T14:01:59.2768000-04:00,2025-05-16T18:01:59.2768000Z,,v3,471300,471298,16 May 2025 14:00-fordham@georgemas,"Barenz, Nick",1000218914,Right,GEO_PAT,8a17bff5-998d-43d3-88fc-39e5ff7f8628,54.77393,-132.00188,14.70488,5.67046,0.78729,-6.50184,-0.2182,1.30311,-2.26564,,,,,,,,,,,,,,,,,,,,,,,,,,,,,,,,,,,,,,,,,,,,,,,,,,,High,High,High,,,,,
104,2025-05-16,14:02:24.74,5,5,"Cassedy, Brandon",1000183671,Right,GEO_PAT,"Bucciero, Daniel",827759,Right,FOR_RAM,Undefined,3,Top,2,2,2,Slider,Curveball,InPlay,Undefined,FlyBall,Out,1,0,,78.43354,2.375696,-0.248621,2594.648798,37.863915,7:15,5.568,0.60377,5.17022,-58.18413,-11.45339,-10.03402,2.95648,-0.46639,71.97044,-8.143483,-2.027511,0.492009,98.48351,43.557127,-12.08631,5052.246503,108.23994,104.65087,-19.59875,319.64593,318.49705,-9.955612,6.297084,4.9963,-6.13449,-0.57234,50,5.74393,0.88859,-113.84525,2.65801,6.54033,21.40159,-40.20435,GEO_PAT,FOR_RAM,SpuhlerFieldMain,D1,A10,20250516-SpuhlerFieldMain-1,ec6bab80-327f-11f0-91e7-fb5a2aac2a77,76.60928,143.7075,,6.4631,,,,3.01454,3.29846,0.40691,02d18158-196c-4e82-8889-159833404470,2025-05-16,18:02:24.74,2025-05-16T14:02:24.7422976-04:00,2025-05-16T18:02:24.7422976Z,FlyBall,v3,471300,471298,16 May 2025 14:00-fordham@georgemas,"Barenz, Nick",1000218914,Right,GEO_PAT,457f8985-27ad-4fac-ae90-2f7d47bd006c,55.33659,-114.84409,10.7008,5.5761,4.53439,-20.10218,-0.60668,0.58335,3.27017,186.178085,3.01907,102.27397,-26.01989,6.68891,-1.16395,0.11957,-0.0047,-0.00014,1E-05,3.29827,99.51832,-19.82207,0.6099,0.23956,-0.12829,0.03093,-0.00371,0.00017,0.40638,-21.90632,7.94032,-2.47437,0.51402,-0.06678,0.00418,-1E-05,-1E-05,,,,,,,,,,,,,,,,,,,,,,,High,High,High,High,Medium,,,
105,2025-05-16,14:04:30.35,1,1,"Hasan, Ameer",1000367089,Left,FOR_RAM,"Blanchard, Evan",10073877,Right,GEO_PAT,Undefined,3,Bottom,0,0,0,Fastball,Changeup,StrikeCalled,Undefined,Undefined,Undefined,0,0,,79.71092,0.250238,2.853964,1893.453949,120.300998,10:00,5.41177,-2.2208,5.05114,-35.96498,9.33926,-13.58631,2.65101,-0.65886,73.17252,-6.316057,0.455784,0.484441,,,,,,,,,,,,7.51044,4.98536,1.96007,50,5.40715,-5.19787,-115.58316,-0.74683,10.19961,20.75746,-25.40368,GEO_PAT,FOR_RAM,SpuhlerFieldMain,D1,A10,20250516-SpuhlerFieldMain-1,3738d700-3280-11f0-91e7-fb5a2aac2a77,77.80604,,,6.5384,,,,,,,02d18158-196c-4e82-8889-159833404470,2025-05-16,18:04:30.35,2025-05-16T14:04:30.3572992-04:00,2025-05-16T18:04:30.3572992Z,,v3,471300,471298,16 May 2025 14:00-fordham@georgemas,"McAndrews, Thomas",1000092049,Right,FOR_RAM,40eb304d-101a-428b-8f03-434c7aaaed65,55.45117,-116.55802,10.37873,5.41421,0.44623,-12.70184,2.21543,-5.67689,5.0998,,,,,,,,,,,,,,,,,,,,,,,,,,,,,,,,,,,,,,,,,,,,,,,,,,,High,High,High,,,,,
106,2025-05-16,14:04:43.07,1,2,"Hasan, Ameer",1000367089,Left,FOR_RAM,"Blanchard, Evan",10073877,Right,GEO_PAT,Undefined,3,Bottom,0,0,1,ChangeUp,Changeup,FoulBallNotFieldable,Undefined,Undefined,Undefined,0,0,,73.25993,0.059963,2.784629,1544.706064,96.014682,9:15,5.26544,-2.40373,5.14257,-50.25235,3.11012,-14.18761,1.13427,-0.96191,67.75866,-9.03826,0.272195,0.525762,,,,,,,,,,,,7.85477,1.97406,2.1543,50,5.23195,-4.64375,-106.30109,-1.51812,9.02888,17.43984,-29.90493,GEO_PAT,FOR_RAM,SpuhlerFieldMain,D1,A10,20250516-SpuhlerFieldMain-1,3eec4680-3280-11f0-91e7-fb5a2aac2a77,71.69104,,,5.50128,,,,,,,02d18158-196c-4e82-8889-159833404470,2025-05-16,18:04:43.07,2025-05-16T14:04:43.0769664-04:00,2025-05-16T18:04:43.0769664Z,,v3,471300,471298,16 May 2025 14:00-fordham@georgemas,"McAndrews, Thomas",1000092049,Right,FOR_RAM,81f4fcd2-1600-4555-b2ed-767179374004,55.3618,-107.17714,8.71992,5.27048,-0.01592,-14.95247,2.39896,-5.09729,4.51444,,,,,,,,,,,,,,,,,,,,,,,,,,,,,,,,,,,,,,,,,,,,,,,,,,,High,High,High,,,,,
107,2025-05-16,14:05:02.72,1,3,"Hasan, Ameer",1000367089,Left,FOR_RAM,"Blanchard, Evan",10073877,Right,GEO_PAT,Undefined,3,Bottom,0,0,2,ChangeUp,Changeup,FoulBallNotFieldable,Undefined,Undefined,Undefined,0,0,,73.11945,0.748994,1.696436,1461.57793,144.671951,10:45,5.31437,-2.19084,5.48782,-40.6814,12.54099,-7.66162,2.62535,-1.24167,66.85367,-6.76309,0.331982,0.525072,79.8861,16.747056,49.107979,3392.785502,65.6242,21.68246,88.28015,213.34184,209.6857,56.884651,2.437029,4.3539,6.62071,2.04749,50,5.35266,-2.86306,-106.07408,0.18241,4.94647,18.62743,-24.65225,GEO_PAT,FOR_RAM,SpuhlerFieldMain,D1,A10,20250516-SpuhlerFieldMain-1,4aa42740-3280-11f0-91e7-fb5a2aac2a77,71.78534,21.70843,,6.26578,,,,0.72736,2.58432,1.40808,02d18158-196c-4e82-8889-159833404470,2025-05-16,18:05:02.72,2025-05-16T14:05:02.7239936-04:00,2025-05-16T18:05:02.7239936Z,LineDrive,v3,471300,471298,16 May 2025 14:00-fordham@georgemas,"McAndrews, Thomas",1000092049,Right,FOR_RAM,3a55056f-b4ac-43dc-b2d4-07cb215aceae,55.01279,-106.95074,9.31372,5.31678,1.34262,-12.32613,2.18771,-3.09586,2.47323,,0.72745,73.44173,-17.05822,3.90279,-0.60629,-0.00419,0.02896,-0.00645,0.00052,2.58424,33.76662,-15.49927,0.65404,-0.22351,0.1387,-0.0489,0.00955,-0.00077,1.40804,84.81664,-6.80135,1.02915,-0.18874,0.06324,-0.021,0.00415,-0.00033,,,,,,,,,,,,,,,,,,,,,,,High,High,High,High,Medium,,,
108,2025-05-16,14:05:20.81,1,4,"Hasan, Ameer",1000367089,Left,FOR_RAM,"Blanchard, Evan",10073877,Right,GEO_PAT,Undefined,3,Bottom,0,0,2,Fastball,Changeup,StrikeCalled,Strikeout,Undefined,Undefined,0,0,,81.38228,-1.476007,1.368821,1837.583061,138.057379,10:30,5.8247,-1.8536,4.98123,-29.67663,13.71229,-11.15071,1.95695,-1.48982,75.08148,-6.895859,-0.60015,0.47409,,,,,,,,,,,,5.89532,7.56886,1.73112,50,5.65827,-2.35078,-118.10403,-4.08244,8.38743,20.95898,-21.40562,GEO_PAT,FOR_RAM,SpuhlerFieldMain,D1,A10,20250516-SpuhlerFieldMain-1,5561a270-3280-11f0-91e7-fb5a2aac2a77,79.5048,,,6.30081,,,,,,,02d18158-196c-4e82-8889-159833404470,2025-05-16,18:05:20.81,2025-05-16T14:05:20.8169472-04:00,2025-05-16T18:05:20.8169472Z,,v3,471300,471298,16 May 2025 14:00-fordham@georgemas,"McAndrews, Thomas",1000092049,Right,FOR_RAM,5e9eeba1-9bbb-4293-867c-39bcacf1bb5a,55.52123,-119.07981,10.47949,5.82514,-3.08586,-10.70281,1.84966,-2.74127,4.19371,,,,,,,,,,,,,,,,,,,,,,,,,,,,,,,,,,,,,,,,,,,,,,,,,,,High,High,High,,,,,
109,2025-05-16,14:05:47.30,2,1,"Hasan, Ameer",1000367089,Left,FOR_RAM,"Lavin, Sam",1000364332,Left,GEO_PAT,Undefined,3,Bottom,1,0,0,Slider,Curveball,BallCalled,Undefined,Undefined,Undefined,0,0,,71.6575,0.75678,3.449156,2001.8375,331.166739,5:00,5.24315,-2.13591,4.88389,-60.2459,-1.89378,2.32819,0.94002,1.32541,64.37503,-10.152738,3.858794,0.549794,,,,,,,,,,,,0.12087,-0.51461,1.79474,50,5.26737,-6.32494,-103.43214,-0.63242,0.12704,22.03493,-32.71494,GEO_PAT,FOR_RAM,SpuhlerFieldMain,D1,A10,20250516-SpuhlerFieldMain-1,6537e510-3280-11f0-91e7-fb5a2aac2a77,68.55743,,,7.28247,,,,,,,02d18158-196c-4e82-8889-159833404470,2025-05-16,18:05:47.30,2025-05-16T14:05:47.3093632-04:00,2025-05-16T18:05:47.3093632Z,,v3,471300,471298,16 May 2025 14:00-fordham@georgemas,"McAndrews, Thomas",1000092049,Right,FOR_RAM,c7b745db-8427-4e68-ace1-c8e76e63a5f6,55.61455,-104.62141,11.01747,5.25385,1.13327,-16.35747,2.1363,-6.3318,0.06352,,,,,,,,,,,,,,,,,,,,,,,,,,,,,,,,,,,,,,,,,,,,,,,,,,,High,High,High,,,,,
110,2025-05-16,14:06:01.28,2,2,"Hasan, Ameer",1000367089,Left,FOR_RAM,"Lavin, Sam",1000364332,Left,GEO_PAT,Undefined,3,Bottom,1,1,0,Fastball,Changeup,InPlay,Undefined,GroundBall,Out,1,0,,80.03529,-0.458501,3.018682,1833.648931,137.345179,10:30,5.35904,-2.11244,4.96077,-34.85502,10.6256,-8.38461,2.02065,0.04351,72.97257,-6.830269,1.541648,0.485383,103.14745,-0.644465,11.929226,1917.898085,,,,41.72601,39.86302,11.361051,0.265047,5.07063,5.81087,1.82722,50,5.28623,-5.76476,-115.9126,-2.14413,6.8636,22.69449,-24.3085,GEO_PAT,FOR_RAM,SpuhlerFieldMain,D1,A10,20250516-SpuhlerFieldMain-1,6d804190-3280-11f0-91e7-fb5a2aac2a77,77.65506,2.26338,,7.06272,,,,3.09033,2.26338,0.0156,02d18158-196c-4e82-8889-159833404470,2025-05-16,18:06:01.28,2025-05-16T14:06:01.2836352-04:00,2025-05-16T18:06:01.2836352Z,GroundBall,v3,471300,471298,16 May 2025 14:00-fordham@georgemas,"McAndrews, Thomas",1000092049,Right,FOR_RAM,ea0b4dea-6c85-459b-aa90-9a6cd833a6ed,55.54131,-116.9925,11.34725,5.36074,-0.98742,-12.15425,2.1093,-6.09136,3.4318,343.523513,3.09219,147.91292,-19.77855,,,,,,,2.26667,-1.86649,-25.26911,,,,,,,0.01534,31.28169,-1.23217,,,,,,,,,,,,,,,,,,,,,,,,,,,,,High,High,High,High,High,,,
111,2025-05-16,14:06:32.82,3,1,"Hasan, Ameer",1000367089,Left,FOR_RAM,"Wall, Jonny",1000119703,Right,GEO_PAT,Undefined,3,Bottom,2,0,0,Slider,Curveball,StrikeSwinging,Undefined,Undefined,Undefined,0,0,,69.11418,1.626363,1.825231,2215.305585,329.158691,5:00,5.3124,-2.20748,4.6846,-66.17787,-4.21559,3.79555,1.34319,-0.15734,63.15811,-10.26127,2.492105,0.566546,,,,,,,,,,,,-1.29457,-2.01929,2.01817,50,5.41791,-3.33074,-100.06978,0.66673,-1.29653,18.00509,-34.19643,GEO_PAT,FOR_RAM,SpuhlerFieldMain,D1,A10,20250516-SpuhlerFieldMain-1,805e6d00-3280-11f0-91e7-fb5a2aac2a77,66.53025,,,5.95607,,,,,,,02d18158-196c-4e82-8889-159833404470,2025-05-16,18:06:32.82,2025-05-16T14:06:32.8274432-04:00,2025-05-16T18:06:32.8274432Z,,v3,471300,471298,16 May 2025 14:00-fordham@georgemas,"McAndrews, Thomas",1000092049,Right,FOR_RAM,74e67255-ed5a-4c74-950b-7f83c1198bd9,55.81856,-101.11126,9.00255,5.32214,2.64478,-17.09822,2.20866,-3.25574,-0.64827,,,,,,,,,,,,,,,,,,,,,,,,,,,,,,,,,,,,,,,,,,,,,,,,,,,High,High,High,,,,,
112,2025-05-16,14:06:45.70,3,2,"Hasan, Ameer",1000367089,Left,FOR_RAM,"Wall, Jonny",1000119703,Right,GEO_PAT,Undefined,3,Bottom,2,0,1,ChangeUp,Changeup,BallCalled,Undefined,Undefined,Undefined,0,0,,74.39792,-0.641012,4.197834,1595.23166,92.90448,9:00,5.40053,-2.13814,5.03741,-49.95908,2.48614,-15.23576,0.63086,0.55977,68.40517,-9.665344,1.509436,0.521224,,,,,,,,,,,,8.80973,1.86835,1.74949,50,5.29889,-7.3219,-107.69357,-2.87446,10.3235,19.08634,-29.98465,GEO_PAT,FOR_RAM,SpuhlerFieldMain,D1,A10,20250516-SpuhlerFieldMain-1,87fe2d70-3280-11f0-91e7-fb5a2aac2a77,72.31523,,,5.99275,,,,,,,02d18158-196c-4e82-8889-159833404470,2025-05-16,18:06:45.70,2025-05-16T14:06:45.7014272-04:00,2025-05-16T18:06:45.7014272Z,,v3,471300,471298,16 May 2025 14:00-fordham@georgemas,"McAndrews, Thomas",1000092049,Right,FOR_RAM,baa46cb1-b5e0-4caa-b6ee-70d211f11017,55.46648,-108.65807,9.54317,5.40586,-1.35924,-14.99232,2.13267,-7.84358,5.16175,,,,,,,,,,,,,,,,,,,,,,,,,,,,,,,,,,,,,,,,,,,,,,,,,,,High,High,High,,,,,
113,2025-05-16,14:06:58.65,3,3,"Hasan, Ameer",1000367089,Left,FOR_RAM,"Wall, Jonny",1000119703,Right,GEO_PAT,Undefined,3,Bottom,2,1,1,ChangeUp,Changeup,BallCalled,Undefined,Undefined,Undefined,0,0,,75.45411,-0.130464,4.835508,1595.328188,96.454425,9:15,5.24804,-2.21422,5.17909,-47.53337,3.62185,-16.16769,1.16373,0.99943,68.70037,-8.781002,1.981366,0.514774,,,,,,,,,,,,9.61756,2.29602,1.77645,50,5.19954,-8.60834,-109.07098,-1.81274,11.47248,20.9345,-29.43519,GEO_PAT,FOR_RAM,SpuhlerFieldMain,D1,A10,20250516-SpuhlerFieldMain-1,8fbd0ea0-3280-11f0-91e7-fb5a2aac2a77,73.22138,,,6.75374,,,,,,,02d18158-196c-4e82-8889-159833404470,2025-05-16,18:06:58.65,2025-05-16T14:06:58.6513920-04:00,2025-05-16T18:06:58.6513920Z,,v3,471300,471298,16 May 2025 14:00-fordham@georgemas,"McAndrews, Thomas",1000092049,Right,FOR_RAM,0281fb4f-13af-47aa-88c0-8b77bfffb5dd,55.32414,-110.08813,10.46725,5.25287,-0.38258,-14.7176,2.20824,-9.16575,5.73624,,,,,,,,,,,,,,,,,,,,,,,,,,,,,,,,,,,,,,,,,,,,,,,,,,,High,High,High,,,,,
114,2025-05-16,14:07:12.77,3,4,"Hasan, Ameer",1000367089,Left,FOR_RAM,"Wall, Jonny",1000119703,Right,GEO_PAT,Undefined,3,Bottom,2,2,1,Fastball,Changeup,BallCalled,Undefined,Undefined,Undefined,0,0,,81.12756,-2.144876,3.990203,1831.095904,128.405942,10:15,5.51026,-2.10596,4.9223,-33.30647,10.98418,-12.02386,0.70094,0.67074,74.38758,-8.199153,1.874977,0.478991,,,,,,,,,,,,7.11024,6.43989,1.72694,50,5.273,-7.68001,-117.35078,-5.5894,9.90888,22.33578,-23.19934,GEO_PAT,FOR_RAM,SpuhlerFieldMain,D1,A10,20250516-SpuhlerFieldMain-1,9818a500-3280-11f0-91e7-fb5a2aac2a77,78.69133,,,6.73998,,,,,,,02d18158-196c-4e82-8889-159833404470,2025-05-16,18:07:12.77,2025-05-16T14:07:12.7718400-04:00,2025-05-16T18:07:12.7718400Z,,v3,471300,471298,16 May 2025 14:00-fordham@georgemas,"McAndrews, Thomas",1000092049,Right,FOR_RAM,068fb53e-c586-481d-91b4-59bb247a60b0,55.58043,-118.40816,11.16789,5.5116,-4.49114,-11.59967,2.10162,-8.14909,4.95444,,,,,,,,,,,,,,,,,,,,,,,,,,,,,,,,,,,,,,,,,,,,,,,,,,,High,High,High,,,,,
115,2025-05-16,14:07:29.98,3,5,"Hasan, Ameer",1000367089,Left,FOR_RAM,"Wall, Jonny",1000119703,Right,GEO_PAT,Undefined,3,Bottom,2,3,1,Fastball,Changeup,InPlay,Undefined,GroundBall,Single,0,0,,79.54749,-0.947278,3.322534,1788.616098,136.277938,10:30,5.52506,-2.11472,4.87321,-32.26691,13.72859,-11.70792,1.93813,0.05733,72.85224,-6.842829,1.263995,0.488123,99.96713,-6.056399,-44.475507,,,,,20.47049,20.28724,-37.294196,0.125149,6.7589,7.45965,1.79818,50,5.4048,-6.20454,-115.21447,-3.02487,9.0873,21.35744,-22.14464,GEO_PAT,FOR_RAM,SpuhlerFieldMain,D1,A10,20250516-SpuhlerFieldMain-1,a25fb7b0-3280-11f0-91e7-fb5a2aac2a77,77.21918,2.1967,,6.69525,,,,3.57326,2.1967,0.08468,02d18158-196c-4e82-8889-159833404470,2025-05-16,18:07:29.98,2025-05-16T14:07:29.9870208-04:00,2025-05-16T18:07:29.9870208Z,GroundBall,v3,471300,471298,16 May 2025 14:00-fordham@georgemas,"McAndrews, Thomas",1000092049,Right,FOR_RAM,fa8f58d3-b978-4419-b77d-ece5051d147e,55.62963,-116.25336,10.67872,5.52574,-1.94769,-11.07232,2.11073,-6.64657,4.54365,6.629166,3.57366,103.99373,-19.39396,,,,,,,2.19692,-15.49324,-16.48464,,,,,,,0.08431,-102.10843,18.61671,,,,,,,,,,,,,,,,,,,,,,,,,,,,,High,High,High,High,High,,,
116,2025-05-16,14:08:11.05,4,1,"Hasan, Ameer",1000367089,Left,FOR_RAM,"Clyne, Owen",1000230336,Left,GEO_PAT,Undefined,3,Bottom,2,0,0,Slider,Curveball,StrikeCalled,Undefined,Undefined,Undefined,0,0,,70.97419,3.094663,1.543217,2037.48852,328.019861,5:00,5.17146,-2.3276,4.89816,-63.19618,-4.14146,3.99173,2.83622,-0.5349,63.74855,-8.381682,2.246098,0.553094,,,,,,,,,,,,-1.4176,-2.4026,2.17289,50,5.42232,-2.91817,-102.54201,3.44862,-1.47425,20.63312,-34.67266,GEO_PAT,FOR_RAM,SpuhlerFieldMain,D1,A10,20250516-SpuhlerFieldMain-1,bad17fe0-3280-11f0-91e7-fb5a2aac2a77,68.14838,,,7.22564,,,,,,,02d18158-196c-4e82-8889-159833404470,2025-05-16,18:08:11.05,2025-05-16T14:08:11.0572544-04:00,2025-05-16T18:08:11.0572544Z,,v3,471300,471298,16 May 2025 14:00-fordham@georgemas,"McAndrews, Thomas",1000092049,Right,FOR_RAM,1aef8ec5-c0c2-4819-91bd-6b704f7dc3e9,55.60146,-103.66299,10.31656,5.18379,5.33236,-17.33633,2.32926,-2.83807,-0.73713,,,,,,,,,,,,,,,,,,,,,,,,,,,,,,,,,,,,,,,,,,,,,,,,,,,High,High,High,,,,,
117,2025-05-16,14:08:26.89,4,2,"Hasan, Ameer",1000367089,Left,FOR_RAM,"Clyne, Owen",1000230336,Left,GEO_PAT,Undefined,3,Bottom,2,0,1,ChangeUp,Changeup,InPlay,Undefined,LineDrive,Out,1,0,,73.63576,0.314428,3.370771,1542.34561,101.851292,9:30,5.41918,-2.07313,5.14256,-48.24219,4.44051,-13.81072,1.69559,-0.04638,68.22413,-8.423892,0.928259,0.522403,92.62363,22.093926,2.321656,2426.803864,109.99883,37.84439,0.42152,338.13552,336.65312,-3.104199,3.888488,7.81532,2.52866,1.76843,50,5.41099,-5.78335,-106.83071,-0.97449,9.10802,16.9518,-29.22715,GEO_PAT,FOR_RAM,SpuhlerFieldMain,D1,A10,20250516-SpuhlerFieldMain-1,c44eb2e0-3280-11f0-91e7-fb5a2aac2a77,72.15207,47.73505,,5.41163,,,,2.76851,1.93325,0.07279,02d18158-196c-4e82-8889-159833404470,2025-05-16,18:08:26.89,2025-05-16T14:08:26.8924928-04:00,2025-05-16T18:08:26.8924928Z,LineDrive,v3,471300,471298,16 May 2025 14:00-fordham@georgemas,"McAndrews, Thomas",1000092049,Right,FOR_RAM,87eb9578-4b2e-4585-896e-3f3640201f62,55.36245,-107.67825,8.4759,5.42319,0.48679,-14.61358,2.06897,-6.23873,4.55401,147.230681,2.76818,125.78046,-19.55789,4.52809,-1.09264,0.29837,-0.07656,0.01271,-0.00089,1.93416,51.06801,-14.6536,-0.25869,0.62036,-0.33615,0.1066,-0.01734,0.00111,0.07277,5.09952,-6.70758,2.43521,-0.70344,0.1705,-0.03398,0.00454,-0.00027,,,,,,,,,,,,,,,,,,,,,,,High,High,High,High,High,,,
118,2025-05-16,14:10:50.96,1,1,"Cassedy, Brandon",1000183671,Right,GEO_PAT,"Kanellis, Andrew",1000287028,Right,FOR_RAM,Undefined,4,Top,0,0,0,Slider,Slider,BallCalled,Undefined,Undefined,Undefined,0,0,,78.51087,-0.602398,0.222576,2496.057873,91.85236,9:00,5.55553,0.41242,5.09714,-44.57908,1.67032,-11.04501,1.27288,-0.29824,72.94564,-8.64964,-1.734848,0.489468,,,,,,,,,,,,5.61536,1.3163,-0.4242,50,5.46318,-0.00824,-114.0983,-2.76008,7.4675,19.26532,-30.42358,GEO_PAT,FOR_RAM,SpuhlerFieldMain,D1,A10,20250516-SpuhlerFieldMain-1,1a2aade0-3281-11f0-91e7-fb5a2aac2a77,77.00695,,,5.56523,,,,,,,02d18158-196c-4e82-8889-159833404470,2025-05-16,18:10:50.96,2025-05-16T14:10:50.9602816-04:00,2025-05-16T18:10:50.9602816Z,,v3,471300,471298,16 May 2025 14:00-fordham@georgemas,"Barenz, Nick",1000218914,Right,GEO_PAT,892d123b-ffd6-4ccb-a304-251d57d2cf98,55.40807,-115.00782,9.63266,5.55958,-1.32377,-15.21179,-0.41549,-0.36078,3.73375,,,,,,,,,,,,,,,,,,,,,,,,,,,,,,,,,,,,,,,,,,,,,,,,,,,High,High,High,,,,,
119,2025-05-16,14:11:09.24,1,2,"Cassedy, Brandon",1000183671,Right,GEO_PAT,"Kanellis, Andrew",1000287028,Right,FOR_RAM,Undefined,4,Top,0,1,0,Cutter,Slider,StrikeCalled,Undefined,Undefined,Undefined,0,0,,84.39011,-1.304346,0.484525,2438.986771,117.741663,10:00,5.57093,0.4229,5.39644,-32.82356,6.77929,-10.72918,1.61296,-0.01709,78.15097,-7.296161,-1.426114,0.452934,,,,,,,,,,,,5.54288,4.08311,-0.45828,50,5.43132,-0.59086,-122.63279,-3.95628,8.5178,22.18204,-25.89947,GEO_PAT,FOR_RAM,SpuhlerFieldMain,D1,A10,20250516-SpuhlerFieldMain-1,250e0090-3281-11f0-91e7-fb5a2aac2a77,83.21845,,,6.23914,,,,,,,02d18158-196c-4e82-8889-159833404470,2025-05-16,18:11:09.24,2025-05-16T14:11:09.2477440-04:00,2025-05-16T18:11:09.2477440Z,,v3,471300,471298,16 May 2025 14:00-fordham@georgemas,"Barenz, Nick",1000218914,Right,GEO_PAT,33ff42dc-137a-49d8-b234-310d3fd1c7e0,55.1072,-123.55314,11.09102,5.57318,-2.88169,-12.94973,-0.42644,-0.94427,4.2589,,,,,,,,,,,,,,,,,,,,,,,,,,,,,,,,,,,,,,,,,,,,,,,,,,,High,High,High,,,,,
120,2025-05-16,14:11:30.08,1,3,"Cassedy, Brandon",1000183671,Right,GEO_PAT,"Kanellis, Andrew",1000287028,Right,FOR_RAM,Undefined,4,Top,0,1,1,Curveball,Curveball,StrikeCalled,Undefined,Undefined,Undefined,0,0,,76.75622,1.595045,0.070691,2412.630776,36.720535,7:15,5.55424,0.33269,5.29133,-61.57708,-12.9143,-10.78556,1.92099,-0.49973,70.51266,-9.543745,-1.84861,0.502077,,,,,,,,,,,,5.44571,-6.53941,-0.33083,50,5.6539,0.2801,-111.45756,0.97265,6.81164,21.09028,-40.35371,GEO_PAT,FOR_RAM,SpuhlerFieldMain,D1,A10,20250516-SpuhlerFieldMain-1,317bc3d0-3281-11f0-91e7-fb5a2aac2a77,75.07309,,,6.24356,,,,,,,02d18158-196c-4e82-8889-159833404470,2025-05-16,18:11:30.08,2025-05-16T14:11:30.0897280-04:00,2025-05-16T18:11:30.0897280Z,,v3,471300,471298,16 May 2025 14:00-fordham@georgemas,"Barenz, Nick",1000218914,Right,GEO_PAT,c1e9d081-b995-4338-bbac-9c55db5a58bb,55.21521,-112.44006,10.54514,5.5648,2.85256,-20.17685,-0.33649,-0.03723,3.40582,,,,,,,,,,,,,,,,,,,,,,,,,,,,,,,,,,,,,,,,,,,,,,,,,,,High,High,High,,,,,
121,2025-05-16,14:11:50.00,1,4,"Cassedy, Brandon",1000183671,Right,GEO_PAT,"Kanellis, Andrew",1000287028,Right,FOR_RAM,Undefined,4,Top,0,1,2,Curveball,Curveball,FoulBallNotFieldable,Undefined,Undefined,Undefined,0,0,,77.67108,0.394163,0.177763,2512.159075,28.13091,7:00,5.51035,0.45836,5.31076,-63.2948,-15.55461,-9.16229,0.60579,-0.1383,71.25363,-11.029191,-1.45642,0.497294,48.05057,-24.817208,-51.996454,,,,,7.11367,4.69705,-24.884149,0.046148,4.70756,-7.65496,-0.4674,50,5.49917,0.00176,-112.77755,-1.42059,5.98714,22.90247,-41.90972,GEO_PAT,FOR_RAM,SpuhlerFieldMain,D1,A10,20250516-SpuhlerFieldMain-1,3d584390-3281-11f0-91e7-fb5a2aac2a77,75.79505,1.37085,,6.41744,,,,4.62799,1.37085,-0.65741,02d18158-196c-4e82-8889-159833404470,2025-05-16,18:11:50.00,2025-05-16T14:11:50.0095488-04:00,2025-05-16T18:11:50.0095488Z,GroundBall,v3,471300,471298,16 May 2025 14:00-fordham@georgemas,"Barenz, Nick",1000218914,Right,GEO_PAT,670e3a32-8517-424a-b90f-001f2bb6b0ca,55.19619,-113.82788,11.45123,5.52026,0.50144,-20.95486,-0.46118,-0.27282,2.99357,,4.62675,39.55201,,,,,,,,1.37179,-29.70555,,,,,,,,-0.65582,-50.6178,,,,,,,,,,,,,,,,,,,,,,,,,,,,,,High,High,High,Low,Low,,,
122,2025-05-16,14:12:21.39,1,5,"Cassedy, Brandon",1000183671,Right,GEO_PAT,"Kanellis, Andrew",1000287028,Right,FOR_RAM,Undefined,4,Top,0,1,2,Fastball,Four-Seam,FoulBallNotFieldable,Undefined,Undefined,Undefined,0,0,,88.89247,-1.682796,0.021371,2299.528148,184.236052,12:15,5.61116,0.31141,5.90105,-14.04938,21.45371,1.50122,2.87766,0.45636,80.83145,-4.399624,0.290843,0.428849,75.95344,33.161821,172.459457,2365.315346,-109.73817,46.40014,7.58131,228.72517,69.63576,179.845139,3.236915,-0.7689,11.87465,-0.31403,50,5.46796,-0.11011,-129.05683,-4.16206,-1.2892,28.32662,-12.26394,GEO_PAT,FOR_RAM,SpuhlerFieldMain,D1,A10,20250516-SpuhlerFieldMain-1,500d8a40-3281-11f0-91e7-fb5a2aac2a77,87.89209,46.82082,,8.06103,,,,3.64604,3.0845,-0.46328,02d18158-196c-4e82-8889-159833404470,2025-05-16,18:12:21.39,2025-05-16T14:12:21.3988864-04:00,2025-05-16T18:12:21.3988864Z,FlyBall,v3,471300,471298,16 May 2025 14:00-fordham@georgemas,"Barenz, Nick",1000218914,Right,GEO_PAT,5d562cce-2d68-4224-a67e-356998ff6ca6,54.60096,-130.06278,14.16331,5.60803,-3.72654,-6.13197,-0.31093,-0.06433,-0.6446,301.636628,3.64532,-92.42363,7.32767,-0.29786,-0.27303,0.20308,-0.04928,0.00344,0.00015,3.08455,60.93258,-24.00179,2.40218,-0.38436,-0.01397,0.03712,-0.00957,0.00081,-0.46301,12.22793,-5.81182,1.02632,-0.07784,-0.06265,0.02672,-0.00387,0.00017,,,,,,,,,,,,,,,,,,,,,,,High,High,High,High,Low,,,
123,2025-05-16,14:12:43.92,1,6,"Cassedy, Brandon",1000183671,Right,GEO_PAT,"Kanellis, Andrew",1000287028,Right,FOR_RAM,Undefined,4,Top,0,1,2,Slider,Curveball,FoulBallNotFieldable,Undefined,Undefined,Undefined,0,0,,78.81636,0.017196,-0.840319,2552.058409,65.219985,8:15,5.47838,0.48099,5.23635,-50.28125,-3.92658,-11.7832,1.30444,-1.29089,72.25301,-9.09419,-2.933814,0.490025,,,,,,,,,,,,5.71111,-1.63933,-0.39424,50,5.44194,2.14028,-114.39311,-1.71541,7.50719,22.67521,-34.32895,GEO_PAT,FOR_RAM,SpuhlerFieldMain,D1,A10,20250516-SpuhlerFieldMain-1,5d806170-3281-11f0-91e7-fb5a2aac2a77,76.91945,,,6.56334,,,,,,,02d18158-196c-4e82-8889-159833404470,2025-05-16,18:12:43.92,2025-05-16T14:12:43.9253504-04:00,2025-05-16T18:12:43.9253504Z,,v3,471300,471298,16 May 2025 14:00-fordham@georgemas,"Barenz, Nick",1000218914,Right,GEO_PAT,6250e935-eee8-4d67-ac12-857b8f71cc1c,55.26835,-115.43269,11.33761,5.48451,-0.14155,-17.16448,-0.48448,1.7961,3.75359,,,,,,,,,,,,,,,,,,,,,,,,,,,,,,,,,,,,,,,,,,,,,,,,,,,High,High,High,,,,,
124,2025-05-16,14:13:09.67,1,7,"Cassedy, Brandon",1000183671,Right,GEO_PAT,"Kanellis, Andrew",1000287028,Right,FOR_RAM,Undefined,4,Top,0,1,2,Fastball,Four-Seam,BallCalled,Undefined,Undefined,Undefined,0,0,,90.28297,-1.222816,-2.146448,2374.254325,188.843046,12:15,5.58052,0.15204,6.06883,-13.50839,20.91363,3.06618,3.32219,-1.57981,81.58967,-3.858835,-1.595034,0.422269,,,,,,,,,,,,-2.24421,11.49942,0.01281,50,5.47843,4.77823,-130.948,-3.12694,-3.85301,30.54737,-12.43106,GEO_PAT,FOR_RAM,SpuhlerFieldMain,D1,A10,20250516-SpuhlerFieldMain-1,6cd6ecc0-3281-11f0-91e7-fb5a2aac2a77,89.26158,,,8.6933,,,,,,,02d18158-196c-4e82-8889-159833404470,2025-05-16,18:13:09.67,2025-05-16T14:13:09.6748032-04:00,2025-05-16T18:13:09.6748032Z,,v3,471300,471298,16 May 2025 14:00-fordham@georgemas,"Barenz, Nick",1000218914,Right,GEO_PAT,7183fbdf-8695-4ef3-a308-d1657fbe4969,54.43103,-131.97762,15.27368,5.57677,-2.70794,-6.21553,-0.15043,4.9081,-1.92651,,,,,,,,,,,,,,,,,,,,,,,,,,,,,,,,,,,,,,,,,,,,,,,,,,,High,High,High,,,,,
125,2025-05-16,14:13:29.61,1,8,"Cassedy, Brandon",1000183671,Right,GEO_PAT,"Kanellis, Andrew",1000287028,Right,FOR_RAM,Undefined,4,Top,0,2,2,Curveball,Curveball,InPlay,Undefined,GroundBall,Single,0,0,,78.24313,1.394182,-0.057731,2509.739006,38.710567,7:15,5.54699,0.43363,5.3914,-59.83295,-12.69737,-11.49335,1.8679,-0.57826,71.15103,-9.475825,-2.106708,0.494135,102.33707,8.164108,-16.789066,1220.452765,,,,131.86632,131.86632,-16.704745,0.97882,5.81166,-6.49945,-0.41987,50,5.62874,0.56084,-113.51642,0.69386,7.45565,24.04156,-40.51207,GEO_PAT,FOR_RAM,SpuhlerFieldMain,D1,A10,20250516-SpuhlerFieldMain-1,78bce260-3281-11f0-91e7-fb5a2aac2a77,76.2796,6.61657,,7.0921,,,,3.42777,2.22734,0.49962,02d18158-196c-4e82-8889-159833404470,2025-05-16,18:13:29.61,2025-05-16T14:13:29.6180736-04:00,2025-05-16T18:13:29.6180736Z,LineDrive,v3,471300,471298,16 May 2025 14:00-fordham@georgemas,"Barenz, Nick",1000218914,Right,GEO_PAT,81026466-0ab3-4796-aba5-f11348ad364d,55.11407,-114.59441,12.02078,5.5569,2.51036,-20.25604,-0.43753,0.22654,3.72782,12.199492,3.42777,142.24,-19.19218,2.63969,-0.57379,0.11383,-0.02351,0.00479,-0.00059,2.22734,21.3147,-27.4363,4.15261,-0.95347,0.24094,-0.05503,0.01112,-0.00137,0.49962,-42.91517,3.95895,-0.23803,0.03593,0.00145,-0.00152,0.00031,-4E-05,,,,,,,,,,,,,,,,,,,,,,,High,High,High,High,High,,,
126,2025-05-16,14:14:07.48,2,1,"Cassedy, Brandon",1000183671,Right,GEO_PAT,"Grabau, Anthony",1000407420,Left,FOR_RAM,Undefined,4,Top,0,0,0,Curveball,Curveball,StrikeCalled,Undefined,Undefined,Undefined,0,0,,76.64055,2.379653,0.789425,2485.505926,27.488226,7:00,5.55202,0.62344,5.21641,-69.69193,-19.46958,-11.15737,1.98352,0.43602,68.74119,-10.256228,-1.193842,0.510058,,,,,,,,,,,,5.83339,-9.96973,-0.68765,50,5.71963,-1.07607,-110.93651,2.12182,7.04094,25.6579,-44.2076,GEO_PAT,FOR_RAM,SpuhlerFieldMain,D1,A10,20250516-SpuhlerFieldMain-1,8f524970-3281-11f0-91e7-fb5a2aac2a77,73.89827,,,7.89936,,,,,,,02d18158-196c-4e82-8889-159833404470,2025-05-16,18:14:07.48,2025-05-16T14:14:07.4881536-04:00,2025-05-16T18:14:07.4881536Z,,v3,471300,471298,16 May 2025 14:00-fordham@georgemas,"Barenz, Nick",1000218914,Right,GEO_PAT,e83dd561-c77b-462a-852b-7776b8337d16,55.28795,-112.15286,12.82895,5.56937,4.21755,-22.1038,-0.62872,-1.40986,3.52047,,,,,,,,,,,,,,,,,,,,,,,,,,,,,,,,,,,,,,,,,,,,,,,,,,,High,High,High,,,,,
127,2025-05-16,14:14:23.96,2,2,"Cassedy, Brandon",1000183671,Right,GEO_PAT,"Grabau, Anthony",1000407420,Left,FOR_RAM,Undefined,4,Top,0,0,1,Slider,Changeup,InPlay,Undefined,GroundBall,Out,1,0,,81.46876,-0.284077,-0.030813,1292.35219,224.063068,1:30,5.52567,0.44774,5.15764,-38.3262,5.38024,3.73725,2.0644,0.73017,73.99549,-7.296205,0.631684,0.475821,73.44026,-18.520961,29.008009,,,,,9.69967,8.42674,16.985343,0.068051,-1.89504,3.14965,-0.44795,50,5.46977,-0.09042,-118.12923,-1.93608,-2.64586,25.00743,-27.77654,GEO_PAT,FOR_RAM,SpuhlerFieldMain,D1,A10,20250516-SpuhlerFieldMain-1,991ed4f0-3281-11f0-91e7-fb5a2aac2a77,79.21551,2.33531,,7.47327,,,,3.18005,2.33531,-0.54693,02d18158-196c-4e82-8889-159833404470,2025-05-16,18:14:23.96,2025-05-16T14:14:23.9695360-04:00,2025-05-16T18:14:23.9695360Z,GroundBall,v3,471300,471298,16 May 2025 14:00-fordham@georgemas,"Barenz, Nick",1000218914,Right,GEO_PAT,73f31662-e04a-4bb6-8eda-ec7369520333,55.34464,-119.2553,12.50371,5.52879,-0.68532,-13.88827,-0.44656,0.02872,-1.32293,180,3.17714,89.5875,,,,,,,,2.33642,-34.31701,,,,,,,,-0.54855,49.67554,,,,,,,,,,,,,,,,,,,,,,,,,,,,,,High,High,High,Medium,Medium,,,
128,2025-05-16,14:15:00.68,3,1,"Cassedy, Brandon",1000183671,Right,GEO_PAT,"Dieguez, Matthew",10131275,Right,FOR_RAM,Undefined,4,Top,1,0,0,Fastball,Four-Seam,BallCalled,Undefined,Undefined,Undefined,0,0,,88.37594,-0.356957,-0.575539,2251.925987,200.418761,12:45,5.67151,0.2843,5.96264,-15.94847,20.09922,7.01256,4.01144,0.33497,79.78018,-3.441271,0.684551,0.432126,,,,,,,,,,,,-3.75996,10.77154,-0.24244,50,5.6343,0.99049,-128.24385,-1.21703,-6.18691,29.47988,-14.44974,GEO_PAT,FOR_RAM,SpuhlerFieldMain,D1,A10,20250516-SpuhlerFieldMain-1,aee10d80-3281-11f0-91e7-fb5a2aac2a77,87.22563,,,8.59576,,,,,,,02d18158-196c-4e82-8889-159833404470,2025-05-16,18:15:00.68,2025-05-16T14:15:00.6853632-04:00,2025-05-16T18:15:00.6853632Z,,v3,471300,471298,16 May 2025 14:00-fordham@georgemas,"Barenz, Nick",1000218914,Right,GEO_PAT,e2f75ed6-6a91-461a-b713-ac0d108b051a,54.53635,-129.28243,14.73994,5.66821,-0.70796,-7.22487,-0.28117,1.20846,-3.09346,,,,,,,,,,,,,,,,,,,,,,,,,,,,,,,,,,,,,,,,,,,,,,,,,,,High,High,High,,,,,
129,2025-05-16,14:15:21.08,3,2,"Cassedy, Brandon",1000183671,Right,GEO_PAT,"Dieguez, Matthew",10131275,Right,FOR_RAM,Undefined,4,Top,1,1,0,Slider,Slider,InPlay,Undefined,GroundBall,Single,0,0,,79.15621,-0.205709,0.219452,2482.71125,127.162796,10:15,5.57874,0.56309,5.22004,-36.99345,8.81662,-9.68178,2.30253,-0.03738,72.45968,-6.982085,-1.498153,0.487138,72.70962,-34.282312,-38.436307,,,,,6.47075,3.69412,-20.045459,0.041605,4.95524,4.86335,-0.57557,50,5.53205,-0.0569,-114.88866,-1.65574,6.60185,21.9214,-25.69463,GEO_PAT,FOR_RAM,SpuhlerFieldMain,D1,A10,20250516-SpuhlerFieldMain-1,bb299580-3281-11f0-91e7-fb5a2aac2a77,77.3753,2.50757,,6.69654,,,,3.19747,2.50757,0.06871,02d18158-196c-4e82-8889-159833404470,2025-05-16,18:15:21.08,2025-05-16T14:15:21.0824704-04:00,2025-05-16T18:15:21.0824704Z,GroundBall,v3,471300,471298,16 May 2025 14:00-fordham@georgemas,"Barenz, Nick",1000218914,Right,GEO_PAT,9a92c6e5-b746-4536-8a15-e3f8f6c600d9,55.28294,-115.89229,10.9607,5.58093,-0.47936,-12.84732,-0.56604,-0.35915,3.30092,,3.1959,69.25343,,,,,,,,2.50893,-60.27088,,,,,,,,0.06995,-54.96108,,,,,,,,,,,,,,,,,,,,,,,,,,,,,,High,High,High,Low,Low,,,
130,2025-05-16,14:15:57.33,4,1,"Cassedy, Brandon",1000183671,Right,GEO_PAT,"Sahler, Cian",1000133997,Left,FOR_RAM,Undefined,4,Top,1,0,0,Curveball,Curveball,StrikeCalled,Undefined,Undefined,Undefined,0,0,,78.15299,0.848759,-0.31322,2567.634809,47.570732,7:30,5.56111,0.63452,5.21674,-58.05893,-10.81068,-13.52721,1.52105,-0.78728,71.58516,-9.645543,-2.717402,0.494726,,,,,,,,,,,,6.72233,-5.32284,-0.59477,50,5.59519,1.15284,-113.44271,-0.36531,8.67232,22.69529,-39.04094,GEO_PAT,FOR_RAM,SpuhlerFieldMain,D1,A10,20250516-SpuhlerFieldMain-1,d0c4be10-3281-11f0-91e7-fb5a2aac2a77,76.18859,,,6.56783,,,,,,,02d18158-196c-4e82-8889-159833404470,2025-05-16,18:15:57.33,2025-05-16T14:15:57.3352448-04:00,2025-05-16T18:15:57.3352448Z,,v3,471300,471298,16 May 2025 14:00-fordham@georgemas,"Barenz, Nick",1000218914,Right,GEO_PAT,88699867-d58d-43b4-a9f0-5d342491e767,55.28917,-114.49597,11.34764,5.57011,1.44653,-19.52047,-0.63893,0.75037,4.33616,,,,,,,,,,,,,,,,,,,,,,,,,,,,,,,,,,,,,,,,,,,,,,,,,,,High,High,High,,,,,
131,2025-05-16,14:16:15.99,4,2,"Cassedy, Brandon",1000183671,Right,GEO_PAT,"Sahler, Cian",1000133997,Left,FOR_RAM,Undefined,4,Top,1,0,1,Cutter,Changeup,InPlay,Undefined,LineDrive,Out,1,0,,81.80504,-0.429033,-0.548904,1269.069028,209.87021,1:00,5.51744,0.47062,5.12653,-34.66439,7.85933,3.81792,2.22461,0.27175,75.72699,-6.738423,0.127238,0.469339,99.71164,13.489036,14.916227,964.336136,106.12268,22.60432,28.94659,307.58556,298.60103,17.094597,2.95664,-2.06768,4.34819,-0.42223,50,5.45004,0.98381,-118.87601,-2.11819,-2.9877,20.70278,-25.89113,GEO_PAT,FOR_RAM,SpuhlerFieldMain,D1,A10,20250516-SpuhlerFieldMain-1,dbe71590-3281-11f0-91e7-fb5a2aac2a77,80.30954,26.49865,,6.07806,,,,3.31739,2.49371,-0.25807,02d18158-196c-4e82-8889-159833404470,2025-05-16,18:16:15.99,2025-05-16T14:16:15.9987712-04:00,2025-05-16T18:16:15.9987712Z,LineDrive,v3,471300,471298,16 May 2025 14:00-fordham@georgemas,"Barenz, Nick",1000218914,Right,GEO_PAT,5b31b4e4-d688-4a1a-ad1d-48ca6016fa34,55.37808,-119.80897,10.35139,5.5192,-0.95143,-12.94556,-0.4696,1.11844,-1.49385,199.835204,3.31739,137.41697,-21.81969,4.74461,-0.9902,0.19162,-0.03212,0.00388,-0.00023,2.49371,34.11278,-12.16909,-0.1072,0.14817,-0.0456,0.0104,-0.0013,7E-05,-0.25807,36.6057,-2.44563,0.06599,0.07498,-0.02816,0.006,-0.00077,5E-05,,,,,,,,,,,,,,,,,,,,,,,High,High,High,High,High,,,
132,2025-05-16,14:16:57.83,5,1,"Cassedy, Brandon",1000183671,Right,GEO_PAT,"Ocko, Madden",10300306,Right,FOR_RAM,Undefined,4,Top,2,0,0,Fastball,Four-Seam,FoulBallNotFieldable,Undefined,Undefined,Undefined,0,0,,89.38743,-1.531396,-1.521028,2218.784109,193.761625,12:30,5.62471,0.22231,6.0484,-13.94371,20.8308,4.82925,3.04411,-0.78376,81.6128,-4.224981,-0.652237,0.424426,75.2083,62.552568,139.504777,4830.262897,,,,,30.05041,,,-2.92402,11.51268,-0.10647,50,5.49789,3.24925,-129.8217,-3.83227,-4.98565,27.40511,-12.54403,GEO_PAT,FOR_RAM,SpuhlerFieldMain,D1,A10,20250516-SpuhlerFieldMain-1,f4d14210-3281-11f0-91e7-fb5a2aac2a77,88.80804,51.9998,,7.77463,,,,1.72741,3.18946,0.78987,02d18158-196c-4e82-8889-159833404470,2025-05-16,18:16:57.83,2025-05-16T14:16:57.8328064-04:00,2025-05-16T18:16:57.8328064Z,,v3,471300,471298,16 May 2025 14:00-fordham@georgemas,"Barenz, Nick",1000218914,Right,GEO_PAT,a8ccf7cd-7483-42fa-a228-844da5065b33,54.45363,-130.75847,13.70256,5.62156,-3.40349,-6.27201,-0.22045,3.41967,-2.49283,341.175867,1.72741,-38.6644,-4.42494,2.28005,0.99276,-5.18214,9.31697,-8.75151,3.41062,3.18946,97.88871,-31.8929,4.35775,-0.32462,-1.59981,3.0952,-2.97904,1.18456,0.78987,33.01705,-5.42743,1.52988,0.351,-2.19481,3.96897,-3.7426,1.46412,,,,,,,,,,,,,,,,,,,,,,,High,High,High,High,Undefined,,,
133,2025-05-16,14:17:19.68,5,2,"Cassedy, Brandon",1000183671,Right,GEO_PAT,"Ocko, Madden",10300306,Right,FOR_RAM,Undefined,4,Top,2,0,1,Fastball,Four-Seam,InPlay,Undefined,LineDrive,Single,0,1,,88.6151,-1.639342,-0.66308,2323.456052,191.523651,12:30,5.63184,0.08507,5.95376,-16.68465,19.01442,3.6313,2.72051,-0.22734,80.53206,-4.832957,-0.010556,0.430031,103.90559,14.008745,-4.945089,952.126783,109.56987,21.40469,-9.71644,265.37744,265.37744,-5.375285,2.429678,-2.06839,10.61607,-0.0344,50,5.4922,1.33859,-128.63301,-4.14939,-3.44187,28.388,-14.50858,GEO_PAT,FOR_RAM,SpuhlerFieldMain,D1,A10,20250516-SpuhlerFieldMain-1,01d44070-3282-11f0-91e7-fb5a2aac2a77,87.65051,22.79775,,8.08305,,,,1.74778,2.71334,0.23067,02d18158-196c-4e82-8889-159833404470,2025-05-16,18:17:19.68,2025-05-16T14:17:19.6827648-04:00,2025-05-16T18:17:19.6827648Z,LineDrive,v3,471300,471298,16 May 2025 14:00-fordham@georgemas,"Barenz, Nick",1000218914,Right,GEO_PAT,70890539-9b3a-4696-86e0-91f35886ec11,54.54747,-129.6327,14.194,5.62933,-3.63846,-7.25429,-0.08367,1.45979,-1.72094,160.424356,1.74789,147.30676,-24.19989,5.06149,-1.16947,0.36104,-0.12901,0.0306,-0.00309,2.71322,36.89559,-18.65764,1.97959,-0.43608,-0.00227,0.06043,-0.02139,0.0025,0.23085,-12.75459,0.89969,-0.03801,-0.03222,0.17101,-0.12759,0.03851,-0.0043,,,,,,,,,,,,,,,,,,,,,,,High,High,High,High,High,,,
134,2025-05-16,14:18:03.01,6,1,"Cassedy, Brandon",1000183671,Right,GEO_PAT,"McAndrews, Thomas",1000092049,Right,FOR_RAM,Undefined,4,Top,2,0,0,Slider,Curveball,StrikeCalled,Undefined,Undefined,Undefined,0,0,,78.88053,1.130167,0.100947,2539.228813,24.829947,6:45,5.59561,0.51239,5.32747,-57.23346,-10.94741,-5.78843,1.88684,0.12475,71.975,-9.253823,-0.92983,0.489662,,,,,,,,,,,,2.93984,-5.4115,-0.51716,50,5.65624,0.02993,-114.46305,0.23227,3.85464,23.43479,-39.26951,GEO_PAT,FOR_RAM,SpuhlerFieldMain,D1,A10,20250516-SpuhlerFieldMain-1,1bb61360-3282-11f0-91e7-fb5a2aac2a77,76.97643,,,6.90553,,,,,,,02d18158-196c-4e82-8889-159833404470,2025-05-16,18:18:03.01,2025-05-16T14:18:03.0195712-04:00,2025-05-16T18:18:03.0195712Z,,v3,471300,471298,16 May 2025 14:00-fordham@georgemas,"Barenz, Nick",1000218914,Right,GEO_PAT,71a27e8b-82fe-4892-bdaf-2340b9c693e3,55.17697,-115.5181,11.71739,5.60599,2.00022,-19.63475,-0.5146,-0.14361,1.92732,,,,,,,,,,,,,,,,,,,,,,,,,,,,,,,,,,,,,,,,,,,,,,,,,,,High,High,High,,,,,
135,2025-05-16,14:18:21.98,6,2,"Cassedy, Brandon",1000183671,Right,GEO_PAT,"McAndrews, Thomas",1000092049,Right,FOR_RAM,Undefined,4,Top,2,0,1,Slider,Slider,StrikeCalled,Undefined,Undefined,Undefined,0,0,,80.8756,-0.841828,-1.315735,2541.678049,132.229007,10:30,5.55631,0.51002,5.29374,-36.42955,7.09717,-6.36977,1.72979,-1.25646,74.57882,-7.487059,-2.446951,0.474842,,,,,,,,,,,,2.86902,4.14981,-0.38528,50,5.45294,2.95191,-117.43182,-2.97672,4.01958,21.54743,-26.36005,GEO_PAT,FOR_RAM,SpuhlerFieldMain,D1,A10,20250516-SpuhlerFieldMain-1,26fcbbc0-3282-11f0-91e7-fb5a2aac2a77,79.37887,,,6.29678,,,,,,,02d18158-196c-4e82-8889-159833404470,2025-05-16,18:18:21.98,2025-05-16T14:18:21.9813888-04:00,2025-05-16T18:18:21.9813888Z,,v3,471300,471298,16 May 2025 14:00-fordham@georgemas,"Barenz, Nick",1000218914,Right,GEO_PAT,723d78e9-8c35-4fd9-9f24-c163dd65d06b,55.20967,-118.38388,10.77371,5.55873,-1.81202,-13.18003,-0.51178,2.77431,2.00979,,,,,,,,,,,,,,,,,,,,,,,,,,,,,,,,,,,,,,,,,,,,,,,,,,,High,High,High,,,,,
136,2025-05-16,14:18:42.57,6,3,"Cassedy, Brandon",1000183671,Right,GEO_PAT,"McAndrews, Thomas",1000092049,Right,FOR_RAM,Undefined,4,Top,2,0,2,Fastball,Four-Seam,BallCalled,Undefined,Undefined,Undefined,0,0,,90.10736,0.273605,-0.336285,2387.151151,184.7155,12:15,5.69956,0.22123,5.7041,-17.49977,17.34257,1.33488,4.4962,0.01911,81.70082,-3.057946,-0.097592,0.42484,,,,,,,,,,,,-0.77575,9.06469,-0.19386,50,5.71181,0.70836,-130.77463,0.09094,-1.33479,29.23517,-16.5772,GEO_PAT,FOR_RAM,SpuhlerFieldMain,D1,A10,20250516-SpuhlerFieldMain-1,3320f2e0-3282-11f0-91e7-fb5a2aac2a77,88.72157,,,8.40654,,,,,,,02d18158-196c-4e82-8889-159833404470,2025-05-16,18:18:42.57,2025-05-16T14:18:42.5708032-04:00,2025-05-16T18:18:42.5708032Z,,v3,471300,471298,16 May 2025 14:00-fordham@georgemas,"Barenz, Nick",1000218914,Right,GEO_PAT,63f9c7fe-a4a4-4a38-9bde-2e8001967989,54.79557,-131.84234,14.61759,5.69743,0.69636,-8.2886,-0.22062,0.75711,-0.6674,,,,,,,,,,,,,,,,,,,,,,,,,,,,,,,,,,,,,,,,,,,,,,,,,,,High,High,High,,,,,
137,2025-05-16,14:19:01.73,6,4,"Cassedy, Brandon",1000183671,Right,GEO_PAT,"McAndrews, Thomas",1000092049,Right,FOR_RAM,Undefined,4,Top,2,1,2,Fastball,Four-Seam,BallCalled,Undefined,Undefined,Undefined,0,0,,88.73577,-0.343503,-1.062798,2285.84345,185.350996,12:15,5.68172,0.20269,6.00559,-15.64828,19.98312,1.75705,4.05937,-0.63574,80.26223,-3.369364,-0.746909,0.429623,,,,,,,,,,,,-1.22673,10.72438,-0.12008,50,5.64615,2.31538,-128.79057,-1.18224,-2.04,29.22724,-14.34015,GEO_PAT,FOR_RAM,SpuhlerFieldMain,D1,A10,20250516-SpuhlerFieldMain-1,3ea98640-3282-11f0-91e7-fb5a2aac2a77,87.73367,,,8.47355,,,,,,,02d18158-196c-4e82-8889-159833404470,2025-05-16,18:19:01.73,2025-05-16T14:19:01.7310000-04:00,2025-05-16T18:19:01.7310000Z,,v3,471300,471298,16 May 2025 14:00-fordham@georgemas,"Barenz, Nick",1000218914,Right,GEO_PAT,1b872155-8fe1-46c9-a7be-728e1b880710,54.49398,-129.80641,14.61362,5.67858,-0.68383,-7.17008,-0.20178,2.38628,-1.02,,,,,,,,,,,,,,,,,,,,,,,,,,,,,78.47118,,0.789299,,0.34135,3.99535,0.6497,-0.90845,6.40718,2.08462,,,,-0.8019,113.55371,-10.07126,6.41688,6.61665,-11.164,2.04118,-2.9149,3.07189,High,High,High,,,High,High,Medium
138,2025-05-16,14:19:32.12,6,5,"Cassedy, Brandon",1000183671,Right,GEO_PAT,"McAndrews, Thomas",1000092049,Right,FOR_RAM,Undefined,4,Top,2,2,2,Cutter,Slider,InPlay,Undefined,FlyBall,Out,1,0,,85.16781,-1.133615,-0.816159,2538.021564,137.245667,10:30,5.62034,0.33418,5.28871,-33.42151,6.12717,-4.47114,1.77043,-0.8049,77.8761,-7.249138,-1.610514,0.452624,93.33481,34.123501,8.433123,4965.373578,107.24138,66.63318,24.47931,321.05119,319.82933,20.901554,5.045966,2.01717,3.75835,-0.25634,50,5.49261,1.95108,-123.56528,-3.65428,3.10456,25.66385,-26.38965,GEO_PAT,FOR_RAM,SpuhlerFieldMain,D1,A10,20250516-SpuhlerFieldMain-1,50c23ed0-3282-11f0-91e7-fb5a2aac2a77,83.2754,87.66773,,7.29171,,,,2.45684,1.99724,0.77526,02d18158-196c-4e82-8889-159833404470,2025-05-16,18:19:32.12,2025-05-16T14:19:32.1230848-04:00,2025-05-16T18:19:32.1230848Z,FlyBall,v3,471300,471298,16 May 2025 14:00-fordham@georgemas,"Barenz, Nick",1000218914,Right,GEO_PAT,1e9fc2a8-fa53-46da-9110-d95345ff890e,55.21353,-124.6434,12.83192,5.62284,-2.54567,-13.19482,-0.33556,1.82066,1.55228,213.147606,2.46049,112.02484,-24.0774,5.47482,-1.00455,0.15531,-0.02487,0.00343,-0.00022,1.99862,76.75812,-19.43388,0.95899,0.23878,-0.20037,0.06006,-0.00829,0.00043,0.77484,16.63001,4.93949,-1.98781,0.56779,-0.13367,0.02433,-0.00276,0.00013,,,,,,,,,,,,,,,,,,,,,,,High,High,High,High,High,,,
139,2025-05-16,14:22:05.72,1,1,"Hasan, Ameer",1000367089,Left,FOR_RAM,"Quinn-Irons, Jaime",1000216379,Right,GEO_PAT,Undefined,4,Bottom,0,0,0,ChangeUp,Changeup,BallCalled,Undefined,Undefined,Undefined,0,0,,72.3744,2.524527,2.087472,1551.261103,111.230482,9:45,5.24122,-2.36755,5.21286,-47.63802,7.80481,-15.11213,3.64854,-1.66298,65.48486,-6.230488,-0.587392,0.535913,,,,,,,,,,,,8.15,3.68236,2.18632,50,5.43953,-3.24461,-104.75406,3.13627,8.95752,19.49262,-28.1268,GEO_PAT,FOR_RAM,SpuhlerFieldMain,D1,A10,20250516-SpuhlerFieldMain-1,ac4a8eb0-3282-11f0-91e7-fb5a2aac2a77,70.33314,,,6.88954,,,,,,,02d18158-196c-4e82-8889-159833404470,2025-05-16,18:22:05.72,2025-05-16T14:22:05.7289728-04:00,2025-05-16T18:22:05.7289728Z,,v3,471300,471298,16 May 2025 14:00-fordham@georgemas,"McAndrews, Thomas",1000092049,Right,FOR_RAM,9dd3437f-26df-4137-9511-7037896b00f7,55.2871,-105.7333,9.74631,5.24649,4.54927,-14.0634,2.36062,-3.69461,4.47876,,,,,,,,,,,,,,,,,,,,,,,,,,,,,,,,,,,,,,,,,,,,,,,,,,,High,High,High,,,,,
140,2025-05-16,14:22:18.46,1,2,"Hasan, Ameer",1000367089,Left,FOR_RAM,"Quinn-Irons, Jaime",1000216379,Right,GEO_PAT,Undefined,4,Bottom,0,1,0,Slider,Curveball,FoulBallNotFieldable,Undefined,Undefined,Undefined,0,0,,70.54707,2.049904,2.718905,2179.385478,331.63681,5:00,5.26296,-2.21305,4.76197,-66.24508,-6.86985,4.80788,1.6894,0.76777,64.40803,-9.854645,3.563444,0.554593,96.99242,24.343924,-49.520312,3287.426828,68.78279,38.621,-85.84209,291.78,179.93098,-58.954164,3.278548,-1.53354,-3.59819,1.9355,50,5.40994,-5.02764,-102.09788,1.46132,-1.59829,18.78906,-35.92415,GEO_PAT,FOR_RAM,SpuhlerFieldMain,D1,A10,20250516-SpuhlerFieldMain-1,b3fb3f10-3282-11f0-91e7-fb5a2aac2a77,67.96418,44.19045,,6.13904,,,,4.2662,2.00779,-0.30741,02d18158-196c-4e82-8889-159833404470,2025-05-16,18:22:18.46,2025-05-16T14:22:18.4604672-04:00,2025-05-16T18:22:18.4604672Z,FlyBall,v3,471300,471298,16 May 2025 14:00-fordham@georgemas,"McAndrews, Thomas",1000092049,Right,FOR_RAM,cfdc1c1d-d0b7-4634-a66a-e266da7af622,55.7427,-103.1493,9.39453,5.27192,3.47159,-17.96208,2.21434,-4.9382,-0.79914,,4.26594,84.14752,-22.04254,5.51747,-1.45277,0.39711,-0.08639,0.01132,-0.00064,2.00854,58.61282,-23.80874,2.90634,-0.36118,-0.0643,0.03384,-0.00476,0.00021,-0.30723,-98.59035,12.54145,-3.16494,0.84969,-0.23799,0.05244,-0.00688,0.00039,,,,,,,,,,,,,,,,,,,,,,,High,High,High,High,Medium,,,
141,2025-05-16,14:22:35.43,1,3,"Hasan, Ameer",1000367089,Left,FOR_RAM,"Quinn-Irons, Jaime",1000216379,Right,GEO_PAT,Undefined,4,Bottom,0,1,1,Slider,Curveball,BallCalled,Undefined,Undefined,Undefined,0,0,,69.81377,3.096281,-0.347133,2098.090714,258.724333,2:30,5.22534,-1.98151,4.65683,-57.27645,3.76347,7.92796,3.39699,-1.65066,63.07529,-7.293567,1.042713,0.562313,,,,,,,,,,,,-3.95532,1.52287,2.00933,50,5.49047,0.30162,-100.92172,3.5737,-4.02342,18.5254,-30.62495,GEO_PAT,FOR_RAM,SpuhlerFieldMain,D1,A10,20250516-SpuhlerFieldMain-1,be026290-3282-11f0-91e7-fb5a2aac2a77,67.03102,,,6.73848,,,,,,,02d18158-196c-4e82-8889-159833404470,2025-05-16,18:22:35.43,2025-05-16T14:22:35.4303488-04:00,2025-05-16T18:22:35.4303488Z,,v3,471300,471298,16 May 2025 14:00-fordham@georgemas,"McAndrews, Thomas",1000092049,Right,FOR_RAM,80d36b1a-35b1-42fc-8652-356d5b481c1d,55.84201,-101.98846,9.2627,5.23392,5.33715,-15.31247,1.98529,0.5333,-2.01171,,,,,,,,,,,,,,,,,,,,,,,,,,,,,,,,,,,,,,,,,,,,,,,,,,,High,High,High,,,,,
142,2025-05-16,14:22:49.14,1,4,"Hasan, Ameer",1000367089,Left,FOR_RAM,"Quinn-Irons, Jaime",1000216379,Right,GEO_PAT,Undefined,4,Bottom,0,2,1,ChangeUp,Changeup,BallCalled,Undefined,Undefined,Undefined,0,0,,72.75295,1.004588,1.833174,1515.745954,91.604822,9:00,5.1806,-2.40427,5.43422,-52.11267,2.31457,-13.64146,1.77928,-1.82365,66.06939,-8.549816,-0.596542,0.530982,,,,,,,,,,,,7.43607,1.41516,2.25157,50,5.23382,-2.87092,-105.44407,0.23227,8.25387,20.2894,-30.60326,GEO_PAT,FOR_RAM,SpuhlerFieldMain,D1,A10,20250516-SpuhlerFieldMain-1,c627a6b0-3282-11f0-91e7-fb5a2aac2a77,70.98632,,,6.68356,,,,,,,02d18158-196c-4e82-8889-159833404470,2025-05-16,18:22:49.14,2025-05-16T14:22:49.1408384-04:00,2025-05-16T18:22:49.1408384Z,,v3,471300,471298,16 May 2025 14:00-fordham@georgemas,"McAndrews, Thomas",1000092049,Right,FOR_RAM,15973240-aab3-4f38-985b-bafbf91227c0,55.06692,-106.41457,10.1447,5.1877,1.69612,-15.30163,2.39834,-3.26573,4.12694,,,,,,,,,,,,,,,,,,,,,,,,,,,,,,,,,,,,,,,,,,,,,,,,,,,High,High,High,,,,,
143,2025-05-16,14:23:04.70,1,5,"Hasan, Ameer",1000367089,Left,FOR_RAM,"Quinn-Irons, Jaime",1000216379,Right,GEO_PAT,Undefined,4,Bottom,0,3,1,Fastball,Changeup,InPlay,Undefined,FlyBall,Double,0,0,,80.13793,-0.859819,3.762021,1826.918434,133.127467,10:30,5.45611,-2.20624,5.10845,-33.46427,11.9354,-11.03308,1.85548,0.42406,72.7143,-7.011362,1.815117,0.484951,81.97874,60.294862,26.862971,,80.93037,125.32768,74.50014,196.37639,86.02288,47.545549,5.490453,6.69504,6.64138,1.86032,50,5.34915,-7.17051,-115.93027,-2.87525,9.01892,23.72712,-23.22741,GEO_PAT,FOR_RAM,SpuhlerFieldMain,D1,A10,20250516-SpuhlerFieldMain-1,cf856ad0-3282-11f0-91e7-fb5a2aac2a77,77.72422,125.32144,,7.42363,,,,2.79939,2.4367,-0.37601,02d18158-196c-4e82-8889-159833404470,2025-05-16,18:23:04.70,2025-05-16T14:23:04.7010304-04:00,2025-05-16T18:23:04.7010304Z,Popup,v3,471300,471298,16 May 2025 14:00-fordham@georgemas,"McAndrews, Thomas",1000092049,Right,FOR_RAM,871d604f-064b-4c7b-9655-9b12a70d8b15,55.3932,-117.02888,11.86356,5.45738,-1.79978,-11.61371,2.202,-7.5881,4.50946,209.464895,2.81041,52.84346,-15.07722,1.94806,1.58475,-1.06076,0.28228,-0.03544,0.00172,2.43289,104.48099,-27.65409,3.10413,-0.35109,-0.06161,0.03569,-0.00592,0.00034,-0.381,27.07398,2.74808,-0.43097,-0.89863,0.59992,-0.16621,0.02168,-0.00109,,,,,,,,,,,,,,,,,,,,,,,High,High,High,High,Low,,,
144,2025-05-16,14:25:08.90,2,1,"Hasan, Ameer",1000367089,Left,FOR_RAM,"Hull, Owen",10054797,Left,GEO_PAT,Undefined,4,Bottom,0,0,0,Slider,Curveball,StrikeCalled,Undefined,Undefined,Undefined,0,0,,70.74807,2.606222,2.101771,1976.466256,245.970984,2:15,5.30267,-2.13094,4.58309,-55.80117,4.69449,5.09449,3.13547,0.29408,63.11998,-7.543635,2.992536,0.559801,,,,,,,,,,,,-1.70016,2.07772,1.90839,50,5.52178,-3.95009,-102.0395,2.78381,-1.74251,21.15558,-30.04458,GEO_PAT,FOR_RAM,SpuhlerFieldMain,D1,A10,20250516-SpuhlerFieldMain-1,19827510-3283-11f0-91e7-fb5a2aac2a77,67.33187,,,7.62809,,,,,,,02d18158-196c-4e82-8889-159833404470,2025-05-16,18:25:08.90,2025-05-16T14:25:08.9072128-04:00,2025-05-16T18:25:08.9072128Z,,v3,471300,471298,16 May 2025 14:00-fordham@georgemas,"McAndrews, Thomas",1000092049,Right,FOR_RAM,c80e5842-2cf5-4eb3-9745-b571a6a7b6a0,55.91264,-103.25807,10.57779,5.31158,4.5144,-15.02229,2.13303,-3.84972,-0.87125,,,,,,,,,,,,,,,,,,,,,,,,,,,,,,,,,,,,,,,,,,,,,,,,,,,High,High,High,,,,,
145,2025-05-16,14:25:27.78,2,2,"Hasan, Ameer",1000367089,Left,FOR_RAM,"Hull, Owen",10054797,Left,GEO_PAT,Undefined,4,Bottom,0,0,1,Slider,Curveball,InPlay,Undefined,GroundBall,Out,1,0,,71.52983,1.421578,2.722303,2141.620125,311.872639,4:30,5.13055,-2.22918,4.82755,-56.99487,0.92409,1.3252,1.72918,0.46153,64.78975,-8.900307,2.955252,0.547749,47.38003,-45.859401,53.654999,,,,,6.27575,6.27575,13.496723,0.044604,0.24154,0.47374,1.95775,50,5.22265,-4.96904,-103.45131,0.70052,0.25701,20.16363,-31.66991,GEO_PAT,FOR_RAM,SpuhlerFieldMain,D1,A10,20250516-SpuhlerFieldMain-1,24d3a4c0-3283-11f0-91e7-fb5a2aac2a77,68.81332,2.24048,,6.74008,,,,4.81386,2.24048,-0.28659,02d18158-196c-4e82-8889-159833404470,2025-05-16,18:25:27.78,2025-05-16T14:25:27.7831680-04:00,2025-05-16T18:25:27.7831680Z,GroundBall,v3,471300,471298,16 May 2025 14:00-fordham@georgemas,"McAndrews, Thomas",1000092049,Right,FOR_RAM,20cbded2-6ba8-43af-b701-67e2f95795c0,55.67444,-104.55146,10.08181,5.13729,2.42847,-15.83496,2.22925,-4.98306,0.1285,,4.81237,28.88884,,,,,,,,2.24307,-50.23021,,,,,,,,-0.28862,39.26272,,,,,,,,,,,,,,,,,,,,,,,,,,,,,,High,High,High,Estimated,Estimated,,,
146,2025-05-16,14:26:03.50,3,1,"Hasan, Ameer",1000367089,Left,FOR_RAM,"Butler, Jake",1000176047,Right,GEO_PAT,Undefined,4,Bottom,1,0,0,Slider,Curveball,InPlay,Undefined,Popup,Out,1,0,,70.45796,1.92356,2.191064,2034.891012,297.8752,4:00,5.22996,-2.06432,4.74762,-59.4757,0.20244,3.61799,2.10019,0.31644,63.98646,-8.824618,2.826329,0.556006,66.02977,73.955245,-54.550697,,,,,55.47811,25.35516,-71.314171,4.977929,-1.09433,-0.06307,1.84038,50,5.37086,-4.03523,-101.94633,1.48461,-1.13426,19.12623,-32.23941,GEO_PAT,FOR_RAM,SpuhlerFieldMain,D1,A10,20250516-SpuhlerFieldMain-1,3a1fc2f0-3283-11f0-91e7-fb5a2aac2a77,67.79148,104.84905,,6.47149,,,,,,,02d18158-196c-4e82-8889-159833404470,2025-05-16,18:26:03.50,2025-05-16T14:26:03.5021824-04:00,2025-05-16T18:26:03.5021824Z,Popup,v3,471300,471298,16 May 2025 14:00-fordham@georgemas,"McAndrews, Thomas",1000092049,Right,FOR_RAM,c30061e9-4410-4b90-a0d7-0a25e50b3b79,55.7553,-103.02042,9.56311,5.23665,3.29512,-16.11971,2.0652,-3.97153,-0.56713,172.634689,4.95731,15.66993,-10.38862,4.65087,-1.78599,0.57154,-0.12147,0.01414,-0.00068,2.9497,93.27401,-26.7731,4.53403,-2.0181,0.81817,-0.2063,0.02695,-0.0014,0.02581,-21.87368,7.66842,-2.83357,0.86,-0.21613,0.03676,-0.00342,0.00013,,,,,,,,,,,,,,,,,,,,,,,High,High,High,High,Low,,,
147,2025-05-16,14:26:36.24,4,1,"Hasan, Ameer",1000367089,Left,FOR_RAM,"Alberti, Lucas",1000145512,Right,GEO_PAT,Undefined,4,Bottom,2,0,0,ChangeUp,Changeup,BallCalled,Undefined,Undefined,Undefined,0,0,,71.95223,3.512521,1.99881,1528.668692,90.197726,9:00,5.30808,-2.09875,5.27576,-54.28282,2.14067,-17.87229,4.08995,-1.70987,64.63592,-6.457096,-1.167615,0.540632,,,,,,,,,,,,9.503,0.56295,1.92957,50,5.59025,-2.94773,-104.00841,4.67902,10.22215,20.376,-31.56849,GEO_PAT,FOR_RAM,SpuhlerFieldMain,D1,A10,20250516-SpuhlerFieldMain-1,4d8790c0-3283-11f0-91e7-fb5a2aac2a77,69.71925,,,7.31631,,,,,,,02d18158-196c-4e82-8889-159833404470,2025-05-16,18:26:36.24,2025-05-16T14:26:36.2480128-04:00,2025-05-16T18:26:36.2480128Z,,v3,471300,471298,16 May 2025 14:00-fordham@georgemas,"McAndrews, Thomas",1000092049,Right,FOR_RAM,1a677cb2-d5ff-42d5-a964-10f6ef9a7760,55.22404,-105.02685,10.188,5.31695,6.25689,-15.78424,2.08968,-3.45866,5.11107,,,,,,,,,,,,,,,,,,,,,,,,,,,,,,,,,,,,,,,,,,,,,,,,,,,High,High,High,,,,,
148,2025-05-16,14:26:50.41,4,2,"Hasan, Ameer",1000367089,Left,FOR_RAM,"Alberti, Lucas",1000145512,Right,GEO_PAT,Undefined,4,Bottom,2,1,0,ChangeUp,Curveball,InPlay,Undefined,GroundBall,Out,1,0,,70.22776,2.229993,2.094981,1973.284569,244.959134,2:15,5.25928,-2.24655,5.03289,-54.94578,4.88768,5.67256,2.78701,0.20372,63.25353,-7.813627,3.095404,0.556729,68.31637,-25.191977,-55.478597,,,,,9.56263,9.56263,-34.058688,0.072883,-2.1263,2.1998,2.04128,50,5.42888,-3.92146,-101.54987,2.25586,-2.17227,19.98804,-29.92671,GEO_PAT,FOR_RAM,SpuhlerFieldMain,D1,A10,20250516-SpuhlerFieldMain-1,5614be70-3283-11f0-91e7-fb5a2aac2a77,67.70344,3.12306,,6.97423,,,,4.15974,3.12306,0.1147,02d18158-196c-4e82-8889-159833404470,2025-05-16,18:26:50.41,2025-05-16T14:26:50.4132608-04:00,2025-05-16T18:26:50.4132608Z,GroundBall,v3,471300,471298,16 May 2025 14:00-fordham@georgemas,"McAndrews, Thomas",1000092049,Right,FOR_RAM,77219a74-429a-43d6-9b62-4c4095ba2284,55.46803,-102.6205,9.99402,5.26511,3.85884,-14.96335,2.24821,-3.80511,-1.08614,180,4.1569,51.62469,,,,,,,,3.12542,-42.85037,,,,,,,,0.11883,-75.05431,,,,,,,,,,,,,,,,,,,,,,,,,,,,,,High,High,High,Low,Low,,,
149,2025-05-16,14:29:27.54,1,1,"Elliot, Daniel",1000023402,Right,GEO_PAT,"Markey, Tommy",10084492,Left,FOR_RAM,Undefined,5,Top,0,0,0,Fastball,Four-Seam,BallCalled,Undefined,Undefined,Undefined,0,0,,85.98347,-0.635671,-0.951608,2028.151586,216.270344,1:15,5.823,0.74719,4.22779,-20.0808,20.53497,14.02009,3.54078,1.0042,77.71265,-4.362748,1.488077,0.458689,,,,,,,,,,,,-7.02949,10.47823,-0.65849,50,5.7341,1.37537,-124.42662,-2.11718,-10.92084,27.06804,-15.89534,GEO_PAT,FOR_RAM,SpuhlerFieldMain,D1,A10,20250516-SpuhlerFieldMain-1,b396e280-3283-11f0-91e7-fb5a2aac2a77,82.17419,,,8.27081,,,,,,,02d18158-196c-4e82-8889-159833404470,2025-05-16,18:29:27.54,2025-05-16T14:29:27.5496448-04:00,2025-05-16T18:29:27.5496448Z,,v3,471300,471298,16 May 2025 14:00-fordham@georgemas,"Barenz, Nick",1000218914,Right,GEO_PAT,3e07b188-b157-4b6b-97d8-53fc836348a6,56.27157,-125.78355,13.53402,5.82027,-1.32034,-7.94767,-0.74116,1.92284,-5.46042,,,,,,,,,,,,,,,,,,,,,,,,,,,,,,,,,,,,,,,,,,,,,,,,,,,High,High,High,,,,,
150,2025-05-16,14:29:41.54,1,2,"Elliot, Daniel",1000023402,Right,GEO_PAT,"Markey, Tommy",10084492,Left,FOR_RAM,Undefined,5,Top,0,1,0,Fastball,Four-Seam,FoulBallNotFieldable,Undefined,Undefined,Undefined,0,0,,86.26032,-1.004875,-1.469645,2026.458245,213.335008,1:00,5.91719,0.72214,4.19868,-19.73718,20.60076,12.62792,3.30925,0.3661,78.11515,-4.662652,0.726285,0.457118,,,,,,,,,,,,-6.56555,10.63434,-0.57459,50,5.78748,2.5889,-124.84039,-2.92547,-10.28334,26.9013,-15.51791,GEO_PAT,FOR_RAM,SpuhlerFieldMain,D1,A10,20250516-SpuhlerFieldMain-1,bc0d7af0-3283-11f0-91e7-fb5a2aac2a77,82.45672,,,8.14518,,,,,,,02d18158-196c-4e82-8889-159833404470,2025-05-16,18:29:41.54,2025-05-16T14:29:41.5440896-04:00,2025-05-16T18:29:41.5440896Z,,v3,471300,471298,16 May 2025 14:00-fordham@georgemas,"Barenz, Nick",1000218914,Right,GEO_PAT,d5f4b467-b817-40b3-a26c-ad7414103db4,56.30257,-126.19119,13.45065,5.91482,-2.14626,-7.75896,-0.71755,3.10526,-5.14167,,,,,,,,,,,,,,,,,,,,,,,,,,,,,,,,,,,,,,,,,,,,,,,,,,,High,High,High,,,,,
151,2025-05-16,14:30:08.16,1,3,"Elliot, Daniel",1000023402,Right,GEO_PAT,"Markey, Tommy",10084492,Left,FOR_RAM,Undefined,5,Top,0,1,1,ChangeUp,Changeup,FoulBallNotFieldable,Undefined,Undefined,Undefined,0,0,,78.57581,-0.287942,-1.236599,1485.234709,234.283567,1:45,5.56254,0.90887,4.84486,-35.05923,12.41198,14.97997,2.36824,0.98619,71.40336,-6.707555,1.401486,0.495891,,,,,,,,,,,,-7.81575,6.65717,-0.80037,50,5.50467,1.83637,-113.86254,-1.78088,-10.16604,22.70574,-23.51502,GEO_PAT,FOR_RAM,SpuhlerFieldMain,D1,A10,20250516-SpuhlerFieldMain-1,cbedcfb0-3283-11f0-91e7-fb5a2aac2a77,76.00947,,,7.17245,,,,,,,02d18158-196c-4e82-8889-159833404470,2025-05-16,18:30:08.16,2025-05-16T14:30:08.1674240-04:00,2025-05-16T18:30:08.1674240Z,,v3,471300,471298,16 May 2025 14:00-fordham@georgemas,"Barenz, Nick",1000218914,Right,GEO_PAT,aeb22576-7193-466e-9c0a-bc298d8fb43a,55.65683,-114.98506,11.35287,5.56397,-0.61836,-11.75751,-0.90358,2.33896,-5.08302,,,,,,,,,,,,,,,,,,,,,,,,,,,,,,,,,,,,,,,,,,,,,,,,,,,High,High,High,,,,,
152,2025-05-16,14:30:35.73,1,4,"Elliot, Daniel",1000023402,Right,GEO_PAT,"Markey, Tommy",10084492,Left,FOR_RAM,Undefined,5,Top,0,1,2,Fastball,Four-Seam,FoulBallNotFieldable,Undefined,Undefined,Undefined,0,0,,87.49483,-1.261118,-1.391842,2080.158637,197.23861,12:30,6.0091,0.46293,4.3445,-18.05001,21.30403,6.15213,3.29933,-0.35463,78.54167,-4.648247,-0.319268,0.451509,65.76092,76.892883,179.367166,3763.545998,,,,,9.96216,,,-3.44945,11.14611,-0.31983,50,5.85708,2.77192,-126.49309,-3.42874,-5.49529,29.83213,-14.41726,GEO_PAT,FOR_RAM,SpuhlerFieldMain,D1,A10,20250516-SpuhlerFieldMain-1,dc518540-3283-11f0-91e7-fb5a2aac2a77,83.4811,44.09436,,8.95316,,,,2.04524,3.36649,0.36499,02d18158-196c-4e82-8889-159833404470,2025-05-16,18:30:35.73,2025-05-16T14:30:35.7300224-04:00,2025-05-16T18:30:35.7300224Z,,v3,471300,471298,16 May 2025 14:00-fordham@georgemas,"Barenz, Nick",1000218914,Right,GEO_PAT,b2a4037d-792c-493f-9909-382540a8f935,56.155,-127.93645,14.91606,6.0061,-2.7312,-7.20863,-0.46037,3.0378,-2.74764,355.63068,2.04524,-21.87064,-4.6973,2.2596,-2.72002,11.55521,-28.07412,33.83547,-16.25188,3.36649,93.9365,-27.97856,3.4955,-1.41586,4.00671,-9.31874,11.02603,-5.23362,0.36499,0.24159,-2.40011,1.44901,-1.89069,8.09431,-19.68973,23.74721,-11.41169,,,,,,,,,,,,,,,,,,,,,,,High,High,High,High,Undefined,,,
153,2025-05-16,14:30:54.70,1,5,"Elliot, Daniel",1000023402,Right,GEO_PAT,"Markey, Tommy",10084492,Left,FOR_RAM,Undefined,5,Top,0,1,2,ChangeUp,Changeup,FoulBallNotFieldable,Undefined,Undefined,Undefined,0,0,,79.6721,-1.267038,-2.184759,1583.744125,243.522447,2:00,5.64291,0.74739,4.96434,-36.68226,8.91678,14.98556,1.38798,-0.06882,73.19898,-7.933395,0.460958,0.486015,94.0311,19.60735,51.075787,3933.794237,62.724,29.71629,90.36411,285.66984,170.85474,64.555331,3.033986,-8.11075,5.15859,-0.54907,50,5.49012,3.79526,-115.53426,-3.84528,-10.9651,21.4829,-25.20006,GEO_PAT,FOR_RAM,SpuhlerFieldMain,D1,A10,20250516-SpuhlerFieldMain-1,e7a4b0c0-3283-11f0-91e7-fb5a2aac2a77,77.55412,33.13417,,6.47312,,,,3.58541,1.74987,0.40551,02d18158-196c-4e82-8889-159833404470,2025-05-16,18:30:54.70,2025-05-16T14:30:54.7078144-04:00,2025-05-16T18:30:54.7078144Z,LineDrive,v3,471300,471298,16 May 2025 14:00-fordham@georgemas,"Barenz, Nick",1000218914,Right,GEO_PAT,c9dc997f-c250-4a40-9ebf-cc6d0cf5b8b6,55.53942,-116.55973,10.74145,5.64496,-2.64238,-12.60003,-0.74272,4.31867,-5.48255,,3.58534,81.62671,-24.83194,6.52532,-1.60498,0.3262,-0.05097,0.00408,1E-05,1.7499,46.27885,-18.79674,1.41513,-0.13366,0.01723,-0.00874,0.00371,-0.00052,0.40545,101.07324,-5.37758,-0.67394,0.52606,-0.18088,0.04334,-0.00712,0.00058,,,,,,,,,,,,,,,,,,,,,,,High,High,High,High,Medium,,,
154,2025-05-16,14:31:14.77,1,6,"Elliot, Daniel",1000023402,Right,GEO_PAT,"Markey, Tommy",10084492,Left,FOR_RAM,Undefined,5,Top,0,1,2,Fastball,Four-Seam,InPlay,Undefined,LineDrive,Single,0,0,,88.1253,-2.094611,-0.945032,2055.595993,212.554669,1:00,5.90462,0.38392,4.28599,-23.05737,15.79438,9.15981,1.97837,0.24317,79.39004,-6.328326,0.651625,0.448618,91.62291,15.744202,11.224421,1901.161112,108.27897,25.02255,19.38108,276.71391,276.71391,9.788317,2.958475,-4.75689,8.71063,-0.2914,50,5.65478,1.64788,-127.38571,-5.56717,-7.69453,29.97265,-18.08409,GEO_PAT,FOR_RAM,SpuhlerFieldMain,D1,A10,20250516-SpuhlerFieldMain-1,f39f8df0-3283-11f0-91e7-fb5a2aac2a77,84.01899,27.75197,,8.73526,,,,2.18384,2.08373,-0.19882,02d18158-196c-4e82-8889-159833404470,2025-05-16,18:31:14.77,2025-05-16T14:31:14.7776000-04:00,2025-05-16T18:31:14.7776000Z,LineDrive,v3,471300,471298,16 May 2025 14:00-fordham@georgemas,"Barenz, Nick",1000218914,Right,GEO_PAT,8f911e90-f470-44d5-8214-b451b7219d36,56.21399,-128.83951,14.98633,5.90354,-4.69002,-9.04204,-0.38038,2.0211,-3.84727,163.945681,2.18396,126.85929,-19.73704,4.10671,-0.71503,0.09215,-0.00815,0.00051,-1E-05,2.08348,36.47387,-13.12782,0.09692,-0.01894,0.0391,-0.01236,0.00214,-0.00017,-0.19864,25.16809,-6.37735,1.92484,-0.41386,0.06867,-0.01273,0.00236,-0.00021,,,,,,,,,,,,,,,,,,,,,,,High,High,High,High,High,,,
155,2025-05-16,14:32:03.31,2,1,"Elliot, Daniel",1000023402,Right,GEO_PAT,"Kirk, Taylor",1000367095,Right,FOR_RAM,Undefined,5,Top,0,0,0,Slider,Slider,StrikeCalled,Undefined,Undefined,Undefined,0,0,,79.18396,0.788941,-0.778816,2230.829654,79.871275,8:45,6.14471,0.42703,4.1543,-46.93042,1.05319,-3.3189,2.99046,-0.59637,72.00661,-7.61071,-1.356239,0.49856,,,,,,,,,,,,1.35606,0.7463,-0.33685,50,6.18265,1.70939,-114.60923,-0.29059,1.78818,22.88213,-31.18993,GEO_PAT,FOR_RAM,SpuhlerFieldMain,D1,A10,20250516-SpuhlerFieldMain-1,10796b30-3284-11f0-91e7-fb5a2aac2a77,75.60254,,,7.17735,,,,,,,02d18158-196c-4e82-8889-159833404470,2025-05-16,18:32:03.31,2025-05-16T14:32:03.3140000-04:00,2025-05-16T18:32:03.3140000Z,,v3,471300,471298,16 May 2025 14:00-fordham@georgemas,"Barenz, Nick",1000218914,Right,GEO_PAT,88058948-6252-457d-845f-f4237c579187,56.34626,-115.86935,11.44107,6.15136,1.42705,-15.59496,-0.42827,1.61091,0.89409,,,,,,,,,,,,,,,,,,,,,,,,,,,,,77.17704,2.219227,1.372621,0.846606,-0.48462,2.73095,0.64172,-2.49531,5.82131,4.07408,63.71601,5.92001,61.066,-2.44612,87.18925,-10.74637,5.8333,11.11244,-13.02289,4.08182,70.18751,-3.41145,High,High,High,,,High,High,High
156,2025-05-16,14:32:39.27,2,2,"Elliot, Daniel",1000023402,Right,GEO_PAT,"Kirk, Taylor",1000367095,Right,FOR_RAM,Undefined,5,Top,0,0,1,Slider,Slider,BallinDirt,Undefined,Undefined,Undefined,0,0,,79.26925,-2.441521,-1.461014,2259.397844,129.282232,10:15,5.96055,0.68377,4.26594,-42.09998,5.09855,-4.46063,0.11371,-1.08633,73.39425,-9.915477,-2.239589,0.494465,,,,,,,,,,,,1.7989,3.46217,-0.51956,50,5.65095,3.12073,-114.8372,-6.52414,2.40951,20.66216,-27.53675,GEO_PAT,FOR_RAM,SpuhlerFieldMain,D1,A10,20250516-SpuhlerFieldMain-1,25f8ce60-3284-11f0-91e7-fb5a2aac2a77,76.22871,,,5.875,,,,,,,02d18158-196c-4e82-8889-159833404470,2025-05-16,18:32:39.27,2025-05-16T14:32:39.2733184-04:00,2025-05-16T18:32:39.2733184Z,,v3,471300,471298,16 May 2025 14:00-fordham@georgemas,"Barenz, Nick",1000218914,Right,GEO_PAT,ded60545-7daa-4d46-867b-34cb8ab945f5,56.23843,-115.95422,10.33108,5.96341,-5.03548,-13.76837,-0.68475,2.99046,1.20476,,,,,,,,,,,,,,,,,,,,,,,,,,,,,,,,,,,,,,,,,,,,,,,,,,,High,High,High,,,,,
157,2025-05-16,14:33:04.94,2,3,"Elliot, Daniel",1000023402,Right,GEO_PAT,"Kirk, Taylor",1000367095,Right,FOR_RAM,Undefined,5,Top,0,1,1,Slider,Slider,FoulBallNotFieldable,Undefined,Undefined,Undefined,0,0,,78.67378,-0.316571,-1.635582,2332.296431,70.749448,8:15,6.0887,0.58338,4.19287,-49.23975,-0.89953,-7.08941,1.68193,-1.57503,72.17016,-9.076982,-2.870327,0.50041,,,,,,,,,,,,2.96606,0.04496,-0.39498,50,6.0019,3.56571,-113.95091,-2.56709,3.88106,21.88546,-32.11523,GEO_PAT,FOR_RAM,SpuhlerFieldMain,D1,A10,20250516-SpuhlerFieldMain-1,354c4c70-3284-11f0-91e7-fb5a2aac2a77,75.32316,,,6.50362,,,,,,,02d18158-196c-4e82-8889-159833404470,2025-05-16,18:33:04.94,2025-05-16T14:33:04.9424384-04:00,2025-05-16T18:33:04.9424384Z,,v3,471300,471298,16 May 2025 14:00-fordham@georgemas,"Barenz, Nick",1000218914,Right,GEO_PAT,4169ff7b-9639-4a40-98ea-a6cf4534c547,56.31044,-115.15652,10.94273,6.09458,-0.79795,-16.05762,-0.58551,3.35191,1.94053,,,,,,,,,,,,,,,,,,,,,,,,,,,,,,,,,,,,,,,,,,,,,,,,,,,High,High,High,,,,,
158,2025-05-16,14:33:26.59,2,4,"Elliot, Daniel",1000023402,Right,GEO_PAT,"Kirk, Taylor",1000367095,Right,FOR_RAM,Undefined,5,Top,0,1,2,Fastball,Sinker,BallCalled,Undefined,Undefined,Undefined,0,0,,86.35935,0.269327,-0.94999,2054.698986,222.237068,1:30,6.11267,0.55065,4.23544,-23.38218,16.50521,13.82438,4.42206,0.79303,78.71063,-4.011495,1.455925,0.454558,,,,,,,,,,,,-6.92729,8.24819,-0.46199,50,6.11909,1.39642,-125.12937,-0.32713,-10.98381,25.23141,-19.09587,GEO_PAT,FOR_RAM,SpuhlerFieldMain,D1,A10,20250516-SpuhlerFieldMain-1,42135340-3284-11f0-91e7-fb5a2aac2a77,82.92108,,,7.64872,,,,,,,02d18158-196c-4e82-8889-159833404470,2025-05-16,18:33:26.59,2025-05-16T14:33:26.5949184-04:00,2025-05-16T18:33:26.5949184Z,,v3,471300,471298,16 May 2025 14:00-fordham@georgemas,"Barenz, Nick",1000218914,Right,GEO_PAT,6dfdb2fa-4595-48df-b356-19c65828334a,56.26558,-126.38646,12.61571,6.11169,0.62427,-9.54794,-0.54519,1.94366,-5.4919,,,,,,,,,,,,,,,,,,,,,,,,,,,,,,,,,,,,,,,,,,,,,,,,,,,High,High,High,,,,,
159,2025-05-16,14:34:03.27,2,5,"Elliot, Daniel",1000023402,Right,GEO_PAT,"Kirk, Taylor",1000367095,Right,FOR_RAM,Undefined,5,Top,0,2,2,Slider,Slider,InPlay,Undefined,LineDrive,Single,0,1,,78.99258,-0.086952,-0.374832,2279.725312,97.22043,9:15,6.05213,0.58069,4.22378,-45.21632,2.11484,-5.68756,2.20083,-0.25224,73.05945,-8.141438,-1.366206,0.495159,85.8109,7.028444,-2.596897,1213.75727,,,,112.52465,112.52465,-0.279346,0.985416,2.66953,1.40185,-0.5332,50,5.99533,0.99925,-114.60949,-1.94886,3.57536,19.80643,-30.29652,GEO_PAT,FOR_RAM,SpuhlerFieldMain,D1,A10,20250516-SpuhlerFieldMain-1,581246b0-3284-11f0-91e7-fb5a2aac2a77,76.12183,5.39846,,5.93314,,,,2.02827,2.26505,0.23974,02d18158-196c-4e82-8889-159833404470,2025-05-16,18:34:03.27,2025-05-16T14:34:03.2744960-04:00,2025-05-16T18:34:03.2744960Z,GroundBall,v3,471300,471298,16 May 2025 14:00-fordham@georgemas,"Barenz, Nick",1000218914,Right,GEO_PAT,579d3dba-68a6-4fa1-a695-d86c42d06370,56.28024,-115.68972,9.90322,6.05656,-0.29649,-15.14826,-0.58238,0.80425,1.78768,292.331813,2.02827,124.78166,-14.02999,1.42485,-0.13648,-0.36609,0.56736,-0.38362,0.10012,2.26505,15.39981,-19.67919,1.92504,-0.02148,-0.64479,0.97443,-0.66862,0.17713,0.23975,-5.65957,5.17363,-0.33615,0.16285,-0.20256,0.26364,-0.18124,0.04868,,,,,,,,,,,,,,,,,,,,,,,High,High,High,High,High,,,
160,2025-05-16,14:34:43.78,3,1,"Elliot, Daniel",1000023402,Right,GEO_PAT,"Bucciero, Daniel",827759,Right,FOR_RAM,Undefined,5,Top,0,0,0,Slider,Curveball,BallCalled,Undefined,Undefined,Undefined,0,0,,79.48914,-1.260753,-0.960546,2336.623091,63.061778,8:00,6.19188,0.21814,4.33383,-47.90676,-1.09878,-4.99244,0.99434,-1.11601,73.47512,-9.772507,-1.833599,0.492415,,,,,,,,,,,,2.1791,0.16083,-0.10918,50,6.00734,2.1496,-115.25388,-4.41455,2.93548,21.12008,-31.95739,GEO_PAT,FOR_RAM,SpuhlerFieldMain,D1,A10,20250516-SpuhlerFieldMain-1,703308b0-3284-11f0-91e7-fb5a2aac2a77,76.54607,,,6.01402,,,,,,,02d18158-196c-4e82-8889-159833404470,2025-05-16,18:34:43.78,2025-05-16T14:34:43.7836288-04:00,2025-05-16T18:34:43.7836288Z,,v3,471300,471298,16 May 2025 14:00-fordham@georgemas,"Barenz, Nick",1000218914,Right,GEO_PAT,98d1b2a2-1857-475a-a521-bf2299c96e82,56.17039,-116.3791,10.56004,6.19718,-2.71195,-15.97869,-0.21954,1.99321,1.46774,,,,,,,,,,,,,,,,,,,,,,,,,,,,,,,,,,,,,,,,,,,,,,,,,,,High,High,High,,,,,
161,2025-05-16,14:35:00.10,3,2,"Elliot, Daniel",1000023402,Right,GEO_PAT,"Bucciero, Daniel",827759,Right,FOR_RAM,Undefined,5,Top,0,1,0,Slider,Slider,BallCalled,Undefined,Undefined,Undefined,0,0,,78.45976,-0.479086,-0.192335,2345.21615,81.127793,8:45,6.14528,0.26502,4.14198,-48.0303,0.29319,-7.61741,1.68326,-0.55423,72.42003,-9.00942,-1.519047,0.500323,,,,,,,,,,,,3.64654,0.63264,-0.23489,50,6.04057,0.71604,-113.77326,-2.84526,4.79125,20.40219,-31.34281,GEO_PAT,FOR_RAM,SpuhlerFieldMain,D1,A10,20250516-SpuhlerFieldMain-1,79f38640-3284-11f0-91e7-fb5a2aac2a77,75.3362,,,6.03972,,,,,,,02d18158-196c-4e82-8889-159833404470,2025-05-16,18:35:00.10,2025-05-16T14:35:00.1050000-04:00,2025-05-16T18:35:00.1050000Z,,v3,471300,471298,16 May 2025 14:00-fordham@georgemas,"Barenz, Nick",1000218914,Right,GEO_PAT,53a97c47-b997-4a66-8ff0-6eb75f5cdcc6,56.36213,-114.90848,10.2011,6.15037,-1.10129,-15.6714,-0.26731,0.44945,2.39563,,,,,,,,,,,,,,,,,,,,,,,,,,,,,76.9193,2.115029,0.810854,1.304175,2.2384,1.81258,0.53259,-0.45942,6.43442,1.87606,127.29839,5.35244,1.26776,-0.29218,110.10643,-9.49832,6.45139,14.28135,-11.60817,1.86494,-1.10864,0.50464,High,High,High,,,High,Medium,High
162,2025-05-16,14:35:33.44,3,3,"Elliot, Daniel",1000023402,Right,GEO_PAT,"Bucciero, Daniel",827759,Right,FOR_RAM,Undefined,5,Top,0,1,1,Fastball,Four-Seam,BallCalled,Undefined,Undefined,Undefined,0,0,,88.01171,-0.535652,-0.536917,2068.886124,205.75632,12:45,6.10198,0.24909,4.45864,-20.37072,17.27135,7.81426,3.89361,0.38828,81.1778,-4.267701,0.82879,0.441579,,,,,,,,,,,,-3.93894,8.85784,-0.20046,50,6.02646,0.81924,-127.75329,-1.98101,-6.58824,23.34468,-17.35848,GEO_PAT,FOR_RAM,SpuhlerFieldMain,D1,A10,20250516-SpuhlerFieldMain-1,8da862a0-3284-11f0-91e7-fb5a2aac2a77,85.35839,,,6.83391,,,,,,,02d18158-196c-4e82-8889-159833404470,2025-05-16,18:35:33.44,2025-05-16T14:35:33.4401536-04:00,2025-05-16T18:35:33.4401536Z,,v3,471300,471298,16 May 2025 14:00-fordham@georgemas,"Barenz, Nick",1000218914,Right,GEO_PAT,fe970512-968b-46bc-9609-efd7c45671bc,56.04381,-128.85296,11.67234,6.10052,-1.16333,-8.67924,-0.24636,1.12958,-3.29412,,,,,,,,,,,,,,,,,,,,,,,,,,,,,,,,,,,,,,,,,,,,,,,,,,,High,High,High,,,,,
163,2025-05-16,14:36:07.87,3,4,"Elliot, Daniel",1000023402,Right,GEO_PAT,"Bucciero, Daniel",827759,Right,FOR_RAM,Undefined,5,Top,0,2,1,Fastball,Four-Seam,InPlay,Undefined,FlyBall,Out,1,0,,87.19352,-1.23583,-0.942455,2037.481094,214.619187,1:15,6.14385,0.16486,4.14345,-21.8806,16.93135,10.91784,3.1349,0.17073,80.51688,-5.206717,0.955055,0.448388,98.40557,47.565528,-10.114687,4538.468458,108.97322,119.65438,-14.99462,294.37829,294.37829,-4.923353,6.499898,-5.54276,8.79741,-0.07269,50,5.98416,1.55229,-126.5072,-3.61459,-9.08978,22.91923,-17.74682,GEO_PAT,FOR_RAM,SpuhlerFieldMain,D1,A10,20250516-SpuhlerFieldMain-1,a24be4c0-3284-11f0-91e7-fb5a2aac2a77,84.06207,156.78289,,6.67664,,,,2.67171,3.33573,-0.14276,02d18158-196c-4e82-8889-159833404470,2025-05-16,18:36:07.87,2025-05-16T14:36:07.8726144-04:00,2025-05-16T18:36:07.8726144Z,FlyBall,v3,471300,471298,16 May 2025 14:00-fordham@georgemas,"Barenz, Nick",1000218914,Right,GEO_PAT,55fab19b-591c-4664-8b59-6923e955cb56,56.36063,-127.65435,11.45961,6.14284,-2.72633,-8.87341,-0.16177,2.00725,-4.54489,187.379079,2.68535,95.64036,-24.03631,5.63359,-0.81555,0.05509,0.0013,-0.00035,1E-05,3.33136,106.57678,-22.33149,1.80178,-0.11954,-0.06472,0.02356,-0.00314,0.00015,-0.14668,-17.03338,6.96387,-1.81035,0.29334,-0.02509,6E-05,0.00016,-1E-05,,,,,,,,,,,,,,,,,,,,,,,High,High,High,High,Medium,,,
164,2025-05-16,14:36:47.59,4,1,"Elliot, Daniel",1000023402,Right,GEO_PAT,"Kanellis, Andrew",1000287028,Right,FOR_RAM,Undefined,5,Top,1,0,0,Fastball,Changeup,StrikeCalled,Undefined,Undefined,Undefined,0,0,,87.18857,-1.891823,-2.463058,1971.861815,216.36552,1:15,6.09726,0.37942,4.48205,-21.24084,17.25017,11.85729,2.52168,-0.98157,80.35035,-5.774716,-0.3915,0.446531,,,,,,,,,,,,-6.40512,9.21552,-0.13234,50,5.87834,4.87084,-126.37355,-4.99171,-10.46255,23.31994,-17.12077,GEO_PAT,FOR_RAM,SpuhlerFieldMain,D1,A10,20250516-SpuhlerFieldMain-1,b9f44270-3284-11f0-91e7-fb5a2aac2a77,84.41179,,,6.83822,,,,,,,02d18158-196c-4e82-8889-159833404470,2025-05-16,18:36:47.59,2025-05-16T14:36:47.5930000-04:00,2025-05-16T18:36:47.5930000Z,,v3,471300,471298,16 May 2025 14:00-fordham@georgemas,"Barenz, Nick",1000218914,Right,GEO_PAT,e1e83aa0-fe7c-4d71-aba8-5b789c48309b,56.02079,-127.47973,11.65997,6.09586,-4.17958,-8.56039,-0.37516,5.36714,-5.23128,,,,,,,,,,,,,,,,,,,,,,,,,,,,,79.20247,1.599627,0.776141,0.823486,0.81244,2.46032,0.98558,-1.12274,6.36901,-2.26689,65.56154,-1.12553,-59.21624,-1.10994,85.62835,-5.72922,6.36861,-0.74681,-10.14591,-2.29815,-77.64589,10.50596,High,High,High,,,High,High,High
165,2025-05-16,14:37:21.64,4,2,"Elliot, Daniel",1000023402,Right,GEO_PAT,"Kanellis, Andrew",1000287028,Right,FOR_RAM,Undefined,5,Top,1,0,1,Fastball,Four-Seam,BallCalled,Undefined,Undefined,Undefined,0,0,,87.27656,-0.301259,-1.653626,2085.825248,215.426689,1:15,6.1486,0.27147,4.23026,-17.60851,21.88092,14.56461,4.39263,-0.09867,78.66518,-3.600879,0.879855,0.452285,,,,,,,,,,,,-7.49615,11.00564,-0.10641,50,6.09909,2.91181,-126.24492,-1.29024,-11.97282,28.17902,-14.59588,GEO_PAT,FOR_RAM,SpuhlerFieldMain,D1,A10,20250516-SpuhlerFieldMain-1,ce2f65d0-3284-11f0-91e7-fb5a2aac2a77,83.33787,,,8.61138,,,,,,,02d18158-196c-4e82-8889-159833404470,2025-05-16,18:37:21.64,2025-05-16T14:37:21.6474624-04:00,2025-05-16T18:37:21.6474624Z,,v3,471300,471298,16 May 2025 14:00-fordham@georgemas,"Barenz, Nick",1000218914,Right,GEO_PAT,ac674523-73d3-472d-b8a6-12812316a76d,56.26867,-127.63647,14.08951,6.14501,-0.56946,-7.29794,-0.2648,3.50306,-5.98641,,,,,,,,,,,,,,,,,,,,,,,,,,,,,,,,,,,,,,,,,,,,,,,,,,,High,High,High,,,,,
166,2025-05-16,14:37:39.85,4,3,"Elliot, Daniel",1000023402,Right,GEO_PAT,"Kanellis, Andrew",1000287028,Right,FOR_RAM,Undefined,5,Top,1,1,1,Slider,Curveball,BallCalled,Undefined,Undefined,Undefined,0,0,,77.95843,-1.182127,-1.343375,2326.70729,64.697667,8:15,6.20374,0.17914,4.50328,-49.61278,-1.21496,-5.72382,0.94258,-1.57802,72.09133,-10.019187,-2.347144,0.500708,,,,,,,,,,,,2.4554,0.06362,-0.03239,50,6.03188,2.88947,-113.05089,-4.19692,3.17908,20.52382,-32.09169,GEO_PAT,FOR_RAM,SpuhlerFieldMain,D1,A10,20250516-SpuhlerFieldMain-1,d9294dc0-3284-11f0-91e7-fb5a2aac2a77,75.27832,,,5.86709,,,,,,,02d18158-196c-4e82-8889-159833404470,2025-05-16,18:37:39.85,2025-05-16T14:37:39.8574592-04:00,2025-05-16T18:37:39.8574592Z,,v3,471300,471298,16 May 2025 14:00-fordham@georgemas,"Barenz, Nick",1000218914,Right,GEO_PAT,a9fcbd80-88f9-4643-a14b-bdd02a8aef5b,56.00146,-114.13522,10.26191,6.20882,-2.50142,-16.04585,-0.18061,2.7215,1.58954,,,,,,,,,,,,,,,,,,,,,,,,,,,,,,,,,,,,,,,,,,,,,,,,,,,High,High,High,,,,,
167,2025-05-16,14:37:59.12,4,4,"Elliot, Daniel",1000023402,Right,GEO_PAT,"Kanellis, Andrew",1000287028,Right,FOR_RAM,Undefined,5,Top,1,2,1,Slider,Slider,StrikeSwinging,Undefined,Undefined,Undefined,0,0,,78.98555,-0.456572,-0.529914,2441.257286,86.695661,9:00,6.21792,0.22476,4.43993,-45.94254,0.95709,-6.88855,1.95383,-0.85478,73.26092,-8.652543,-1.735839,0.492897,,,,,,,,,,,,3.23914,0.93929,-0.16142,50,6.12443,1.3561,-114.65289,-2.67975,4.34681,19.57596,-30.91355,GEO_PAT,FOR_RAM,SpuhlerFieldMain,D1,A10,20250516-SpuhlerFieldMain-1,e4a3d760-3284-11f0-91e7-fb5a2aac2a77,76.47125,,,5.72463,,,,,,,02d18158-196c-4e82-8889-159833404470,2025-05-16,18:37:59.12,2025-05-16T14:37:59.1274496-04:00,2025-05-16T18:37:59.1274496Z,,v3,471300,471298,16 May 2025 14:00-fordham@georgemas,"Barenz, Nick",1000218914,Right,GEO_PAT,1ccc85a0-b9d5-4999-83fa-76d4e7e9e89e,56.06442,-115.6837,9.78798,6.22268,-1.05193,-15.45678,-0.22681,1.12721,2.17341,,,,,,,,,,,,,,,,,,,,,,,,,,,,,,,,,,,,,,,,,,,,,,,,,,,High,High,High,,,,,
168,2025-05-16,14:38:16.48,4,5,"Elliot, Daniel",1000023402,Right,GEO_PAT,"Kanellis, Andrew",1000287028,Right,FOR_RAM,Undefined,5,Top,1,2,2,Slider,Curveball,BallCalled,Undefined,Undefined,Undefined,0,0,,77.32987,-1.541017,-0.948458,2435.562714,78.031601,8:30,6.22196,0.15649,4.39925,-49.26385,-0.14571,-7.45953,0.64504,-1.37061,71.93794,-10.280123,-2.25477,0.50442,,,,,,,,,,,,3.4289,0.64787,-0.0474,50,6.00841,2.16685,-112.19317,-4.87445,4.39722,19.13427,-31.34323,GEO_PAT,FOR_RAM,SpuhlerFieldMain,D1,A10,20250516-SpuhlerFieldMain-1,eef74620-3284-11f0-91e7-fb5a2aac2a77,74.72432,,,5.39193,,,,,,,02d18158-196c-4e82-8889-159833404470,2025-05-16,18:38:16.48,2025-05-16T14:38:16.4860416-04:00,2025-05-16T18:38:16.4860416Z,,v3,471300,471298,16 May 2025 14:00-fordham@georgemas,"Barenz, Nick",1000218914,Right,GEO_PAT,603adc75-7b26-42fd-a124-9f52e3d33123,56.10607,-113.22976,9.56713,6.22649,-3.17645,-15.67162,-0.15834,1.92863,2.19861,,,,,,,,,,,,,,,,,,,,,,,,,,,,,,,,,,,,,,,,,,,,,,,,,,,High,High,High,,,,,
169,2025-05-16,14:38:36.58,4,6,"Elliot, Daniel",1000023402,Right,GEO_PAT,"Kanellis, Andrew",1000287028,Right,FOR_RAM,Undefined,5,Top,1,3,2,Slider,Curveball,BallCalled,Walk,Undefined,Undefined,0,0,,77.30903,-1.255548,-1.645441,2318.784011,61.123976,8:00,6.16811,0.11341,4.56593,-50.92259,-2.25358,-6.53969,0.729,-1.99793,72.21011,-10.297674,-2.793534,0.502109,,,,,,,,,,,,2.82831,-0.48984,0.06391,50,5.98934,3.49028,-112.22978,-4.35146,3.64316,18.41932,-32.805,GEO_PAT,FOR_RAM,SpuhlerFieldMain,D1,A10,20250516-SpuhlerFieldMain-1,fafbe750-3284-11f0-91e7-fb5a2aac2a77,75.0683,,,5.09892,,,,,,,02d18158-196c-4e82-8889-159833404470,2025-05-16,18:38:36.58,2025-05-16T14:38:36.5818368-04:00,2025-05-16T18:38:36.5818368Z,,v3,471300,471298,16 May 2025 14:00-fordham@georgemas,"Barenz, Nick",1000218914,Right,GEO_PAT,b1af5075-4df6-4a0d-8550-97a8f44435b0,55.94002,-113.20047,9.20966,6.17311,-2.62265,-16.4025,-0.11497,3.29829,1.82158,,,,,,,,,,,,,,,,,,,,,,,,,,,,,,,,,,,,,,,,,,,,,,,,,,,High,High,High,,,,,
170,2025-05-16,14:41:39.20,5,1,"Bilo, Michael",10091065,Right,GEO_PAT,"Grabau, Anthony",1000407420,Left,FOR_RAM,Undefined,5,Top,1,0,0,Fastball,Sinker,StrikeCalled,Undefined,Undefined,Undefined,0,0,,88.16099,-2.919158,-1.801634,2158.759971,223.701732,1:30,6.09305,1.20168,4.61684,-20.14013,17.8454,15.81572,1.63542,0.80611,80.29059,-6.635158,0.970911,0.443589,,,,,,,,,,,,-8.29465,9.95489,-1.03199,50,5.77487,3.25802,-127.57452,-7.25425,-13.61027,27.31456,-15.83962,GEO_PAT,FOR_RAM,SpuhlerFieldMain,D1,A10,20250516-SpuhlerFieldMain-1,67cb6ef0-3285-11f0-91e7-fb5a2aac2a77,84.97159,,,7.8704,,,,,,,02d18158-196c-4e82-8889-159833404470,2025-05-16,18:41:39.20,2025-05-16T14:41:39.2082432-04:00,2025-05-16T18:41:39.2082432Z,,v3,471300,471298,16 May 2025 14:00-fordham@georgemas,"Barenz, Nick",1000218914,Right,GEO_PAT,d5a9486d-ae8a-4444-8d2e-56ab51540519,55.88516,-128.82841,13.65728,6.09118,-6.52712,-7.91981,-1.19589,3.88281,-6.80513,,,,,,,,,,,,,,,,,,,,,,,,,,,,,,,,,,,,,,,,,,,,,,,,,,,High,High,High,,,,,
171,2025-05-16,14:42:18.13,5,2,"Bilo, Michael",10091065,Right,GEO_PAT,"Grabau, Anthony",1000407420,Left,FOR_RAM,Undefined,5,Top,1,0,1,Splitter,Splitter,FoulBallNotFieldable,Undefined,Undefined,Undefined,0,0,,78.28721,-1.454683,-2.627909,958.784244,235.173346,1:45,6.18864,0.97938,4.44395,-39.12144,8.93402,10.69213,1.53927,-0.6379,72.19369,-8.476338,-0.758945,0.498934,,,,,,,,,,,,-5.9915,5.10819,-0.71225,50,5.99652,4.759,-113.43208,-4.32816,-7.83392,20.06255,-25.49508,GEO_PAT,FOR_RAM,SpuhlerFieldMain,D1,A10,20250516-SpuhlerFieldMain-1,7f02bb50-3285-11f0-91e7-fb5a2aac2a77,75.54601,,,6.09353,,,,,,,02d18158-196c-4e82-8889-159833404470,2025-05-16,18:42:18.13,2025-05-16T14:42:18.1345792-04:00,2025-05-16T18:42:18.1345792Z,,v3,471300,471298,16 May 2025 14:00-fordham@georgemas,"Barenz, Nick",1000218914,Right,GEO_PAT,9500b136-ffb8-48d0-876c-c7c6ab39c0ba,56.0604,-114.49895,10.03127,6.19063,-2.9724,-12.74754,-0.9764,5.17558,-3.91696,,,,,,,,,,,,,,,,,,,,,,,,,,,,,,,,,,,,,,,,,,,,,,,,,,,High,High,High,,,,,
172,2025-05-16,14:42:43.82,5,3,"Bilo, Michael",10091065,Right,GEO_PAT,"Grabau, Anthony",1000407420,Left,FOR_RAM,Undefined,5,Top,1,0,2,Fastball,Four-Seam,InPlay,Undefined,FlyBall,Out,1,0,,87.39117,-2.033654,-2.098771,2134.809575,217.922187,1:15,6.11242,1.1223,4.63292,-21.21966,17.46607,12.56434,2.40899,0.17353,79.34737,-5.956976,0.103466,0.447658,80.37184,27.299785,-31.816027,3426.716478,88.7842,44.06215,-64.94121,263.58987,251.81918,-42.766764,3.654075,-6.8,9.53654,-0.91933,50,5.88518,4.04036,-126.48051,-5.27555,-10.94241,27.39141,-16.8281,GEO_PAT,FOR_RAM,SpuhlerFieldMain,D1,A10,20250516-SpuhlerFieldMain-1,8e4c2740-3285-11f0-91e7-fb5a2aac2a77,84.19911,47.76642,,8.04381,,,,2.27342,2.51643,-0.15221,02d18158-196c-4e82-8889-159833404470,2025-05-16,18:42:43.82,2025-05-16T14:42:43.8237184-04:00,2025-05-16T18:42:43.8237184Z,LineDrive,v3,471300,471298,16 May 2025 14:00-fordham@georgemas,"Barenz, Nick",1000218914,Right,GEO_PAT,58df8011-9e23-4a0f-8591-7e0d54725589,55.86841,-127.74509,13.69571,6.11081,-4.49865,-8.41405,-1.11752,4.54554,-5.47121,135.93256,2.27332,89.01136,-19.71455,4.86195,-1.11932,0.28478,-0.07238,0.01206,-0.00084,2.5166,54.06151,-17.33589,0.72718,0.05879,-0.08609,0.03206,-0.00492,0.00025,-0.15185,-55.2355,1.93452,0.0385,0.00188,-0.03484,0.0145,-0.00258,0.00018,,,,,,,,,,,,,,,,,,,,,,,High,High,High,High,Medium,,,
173,2025-05-16,14:43:28.52,6,1,"Bilo, Michael",10091065,Right,GEO_PAT,"Dieguez, Matthew",10131275,Right,FOR_RAM,Undefined,5,Top,2,0,0,Fastball,Four-Seam,StrikeCalled,Undefined,Undefined,Undefined,0,0,,86.43972,-2.080236,-3.477613,2072.853405,213.688037,1:00,6.19199,0.87818,4.68887,-20.59635,18.94147,11.70886,2.49585,-1.45227,78.44725,-5.903232,-1.427418,0.452562,,,,,,,,,,,,-6.76213,10.28406,-0.53569,50,5.96268,7.04256,-124.95425,-5.27698,-10.62921,26.54143,-16.00886,GEO_PAT,FOR_RAM,SpuhlerFieldMain,D1,A10,20250516-SpuhlerFieldMain-1,a8d90740-3285-11f0-91e7-fb5a2aac2a77,83.28686,,,7.99247,,,,,,,02d18158-196c-4e82-8889-159833404470,2025-05-16,18:43:28.52,2025-05-16T14:43:28.5278720-04:00,2025-05-16T18:43:28.5278720Z,,v3,471300,471298,16 May 2025 14:00-fordham@georgemas,"Barenz, Nick",1000218914,Right,GEO_PAT,d73cc535-c0ae-484f-ab61-51b44e84f633,55.81149,-126.18263,13.27072,6.18976,-4.53607,-8.00443,-0.87301,7.5345,-5.3146,,,,,,,,,,,,,,,,,,,,,,,,,,,,,,,,,,,,,,,,,,,,,,,,,,,High,High,High,,,,,
174,2025-05-16,14:43:47.38,6,2,"Bilo, Michael",10091065,Right,GEO_PAT,"Dieguez, Matthew",10131275,Right,FOR_RAM,Undefined,5,Top,2,0,1,Fastball,Four-Seam,InPlay,Undefined,FlyBall,Out,1,0,,87.24045,-1.796006,-2.534583,2161.311979,218.033802,1:15,6.10778,0.98051,4.58716,-20.43836,18.27568,13.28997,2.69379,-0.32475,79.51349,-5.573484,-0.20846,0.447822,97.06815,26.413672,11.74878,3854.957056,106.33656,51.14587,28.15142,341.89202,339.54451,22.102274,4.646054,-7.26036,9.82071,-0.73169,50,5.90392,4.96574,-126.31292,-4.71801,-11.7084,26.16757,-16.33667,GEO_PAT,FOR_RAM,SpuhlerFieldMain,D1,A10,20250516-SpuhlerFieldMain-1,b4331090-3285-11f0-91e7-fb5a2aac2a77,84.16832,70.29604,,7.72696,,,,2.12561,2.81774,0.329,02d18158-196c-4e82-8889-159833404470,2025-05-16,18:43:47.38,2025-05-16T14:43:47.3836544-04:00,2025-05-16T18:43:47.3836544Z,FlyBall,v3,471300,471298,16 May 2025 14:00-fordham@georgemas,"Barenz, Nick",1000218914,Right,GEO_PAT,7d3b2884-ff49-48b0-a659-dcf57282f991,55.91526,-127.53247,13.08379,6.10606,-3.95663,-8.16834,-0.97583,5.51141,-5.8542,210.007454,2.12458,124.85715,-27.15707,6.7807,-1.66431,0.39695,-0.07625,0.00912,-0.00047,2.82014,63.27552,-15.5877,-0.10941,0.53829,-0.25695,0.06471,-0.00821,0.00041,0.32899,25.96282,2.43602,-1.24561,0.39485,-0.0913,0.01441,-0.00137,6E-05,,,,,,,,,,,,,,,,,,,,,,,High,High,High,High,High,,,
175,2025-05-16,14:45:46.60,1,1,"Hasan, Ameer",1000367089,Left,FOR_RAM,"Barenz, Nick",1000218914,Right,GEO_PAT,Undefined,5,Bottom,0,0,0,Fastball,Changeup,FoulBallNotFieldable,Undefined,Undefined,Undefined,0,0,,78.87528,-0.499268,3.151691,1779.932823,128.933942,10:15,5.52902,-2.32612,4.72675,-35.98691,11.10973,-11.84548,2.05564,-0.31966,72.1444,-7.041007,1.073786,0.493931,80.16396,1.488467,-51.684865,5556.128593,,,,53.01415,49.81783,-50.708657,0.46994,6.75914,6.01477,2.01906,50,5.44692,-5.79467,-114.2254,-2.27473,8.91708,21.32658,-24.23903,GEO_PAT,FOR_RAM,SpuhlerFieldMain,D1,A10,20250516-SpuhlerFieldMain-1,fb435b20-3285-11f0-91e7-fb5a2aac2a77,76.31112,2.36764,,6.73088,,,,3.28463,2.23409,0.45088,02d18158-196c-4e82-8889-159833404470,2025-05-16,18:45:46.60,2025-05-16T14:45:46.6091008-04:00,2025-05-16T18:45:46.6091008Z,GroundBall,v3,471300,471298,16 May 2025 14:00-fordham@georgemas,"McAndrews, Thomas",1000092049,Right,FOR_RAM,a67dfe0a-930a-4901-b135-19d72a25f7fd,55.77592,-115.29875,10.66329,5.53071,-1.05479,-12.11951,2.32199,-6.24346,4.45854,,3.30285,72.34695,-16.96554,,,,,,,2.24238,2.81743,-16.1845,,,,,,,0.44783,-92.13304,8.25292,,,,,,,,,,,,,,,,,,,,,,,,,,,,,High,High,High,High,High,,,
176,2025-05-16,14:46:03.66,1,2,"Hasan, Ameer",1000367089,Left,FOR_RAM,"Barenz, Nick",1000218914,Right,GEO_PAT,Undefined,5,Bottom,0,0,1,ChangeUp,Changeup,FoulBallNotFieldable,Undefined,Undefined,Undefined,0,0,,73.6184,-0.321771,3.50693,1542.317385,104.078599,9:30,5.29424,-2.30645,5.27951,-48.40345,5.11579,-12.80253,0.95783,-0.07541,67.0037,-9.15938,1.236569,0.526534,41.95976,28.030018,149.969409,2738.531623,,,,78.96762,52.44003,150.783777,1.623217,7.55394,3.16658,1.99589,50,5.22934,-6.05445,-106.56062,-2.12792,8.57562,20.47797,-28.57917,GEO_PAT,FOR_RAM,SpuhlerFieldMain,D1,A10,20250516-SpuhlerFieldMain-1,0572c720-3286-11f0-91e7-fb5a2aac2a77,71.58596,12.18202,,6.6147,,,,3.01067,1.18558,0.11167,02d18158-196c-4e82-8889-159833404470,2025-05-16,18:46:03.66,2025-05-16T14:46:03.6696576-04:00,2025-05-16T18:46:03.6696576Z,GroundBall,v3,471300,471298,16 May 2025 14:00-fordham@georgemas,"McAndrews, Thomas",1000092049,Right,FOR_RAM,294362ba-6073-4d2b-9e7b-65de66b0a942,55.22244,-107.55954,10.23898,5.29914,-0.73382,-14.28959,2.30143,-6.47277,4.28781,336.862288,3.01065,-47.02763,1.15693,0.55207,-0.60701,0.77285,-0.52678,0.17875,-0.02439,1.18559,28.91871,-19.8392,1.13781,0.16242,-0.60845,0.52888,-0.2081,0.03143,0.11169,27.18357,-1.94743,-0.33111,0.65017,-0.91739,0.6501,-0.22665,0.03156,,,,,,,,,,,,,,,,,,,,,,,High,High,High,High,High,,,
177,2025-05-16,14:46:22.22,1,3,"Hasan, Ameer",1000367089,Left,FOR_RAM,"Barenz, Nick",1000218914,Right,GEO_PAT,Undefined,5,Bottom,0,0,2,ChangeUp,Changeup,BallCalled,Undefined,Undefined,Undefined,0,0,,75.31806,-0.675371,1.721703,1608.896084,98.763538,9:15,5.46614,-2.25595,5.34174,-46.37558,3.75331,-14.40162,0.9676,-1.8404,69.61781,-9.104643,-0.841602,0.509583,,,,,,,,,,,,7.73481,2.50087,2.11145,50,5.37171,-2.74881,-109.36696,-2.79124,9.39315,18.80951,-29.13698,GEO_PAT,FOR_RAM,SpuhlerFieldMain,D1,A10,20250516-SpuhlerFieldMain-1,10801000-3286-11f0-91e7-fb5a2aac2a77,73.96717,,,5.70024,,,,,,,02d18158-196c-4e82-8889-159833404470,2025-05-16,18:46:22.22,2025-05-16T14:46:22.2242304-04:00,2025-05-16T18:46:22.2242304Z,,v3,471300,471298,16 May 2025 14:00-fordham@georgemas,"McAndrews, Thomas",1000092049,Right,FOR_RAM,3e1ec2f2-323e-4659-acce-92046cef61e6,55.16221,-110.25121,9.40475,5.47073,-1.42149,-14.56849,2.25106,-3.19038,4.69657,,,,,,,,,,,,,,,,,,,,,,,,,,,,,,,,,,,,,,,,,,,,,,,,,,,High,High,High,,,,,
178,2025-05-16,14:46:34.52,1,4,"Hasan, Ameer",1000367089,Left,FOR_RAM,"Barenz, Nick",1000218914,Right,GEO_PAT,Undefined,5,Bottom,0,1,2,ChangeUp,Changeup,StrikeCalled,Strikeout,Undefined,Undefined,0,0,,74.54153,0.193978,4.070118,1622.502737,104.514669,9:30,5.31938,-2.28661,5.02123,-46.38538,5.36658,-14.7941,1.63746,0.32814,68.94641,-8.195931,1.46328,0.517767,,,,,,,,,,,,8.44103,3.02303,1.90882,50,5.30032,-7.12419,-108.03088,-1.17587,10.05681,17.38208,-28.57234,GEO_PAT,FOR_RAM,SpuhlerFieldMain,D1,A10,20250516-SpuhlerFieldMain-1,17d6e090-3286-11f0-91e7-fb5a2aac2a77,72.798,,,5.59512,,,,,,,02d18158-196c-4e82-8889-159833404470,2025-05-16,18:46:34.52,2025-05-16T14:46:34.5230848-04:00,2025-05-16T18:46:34.5230848Z,,v3,471300,471298,16 May 2025 14:00-fordham@georgemas,"McAndrews, Thomas",1000092049,Right,FOR_RAM,87a5dd6b-8098-4d6d-9656-4e5beaf46941,55.48339,-108.90958,8.69104,5.32326,0.26852,-14.28617,2.28181,-7.63258,5.0284,,,,,,,,,,,,,,,,,,,,,,,,,,,,,,,,,,,,,,,,,,,,,,,,,,,High,High,High,,,,,
179,2025-05-16,14:47:00.62,2,1,"Hasan, Ameer",1000367089,Left,FOR_RAM,"Blanchard, Evan",10073877,Right,GEO_PAT,Undefined,5,Bottom,1,0,0,Fastball,Changeup,StrikeCalled,Undefined,Undefined,Undefined,0,0,,79.64127,-0.667266,4.618608,1834.491501,127.747776,10:15,5.53411,-2.13294,4.87397,-34.74356,11.02977,-12.42768,2.0053,1.21153,73.28253,-6.978204,2.438982,0.486942,,,,,,,,,,,,7.3841,6.0167,1.68893,50,5.43901,-8.79517,-115.25155,-2.57187,9.99239,20.19806,-24.0321,GEO_PAT,FOR_RAM,SpuhlerFieldMain,D1,A10,20250516-SpuhlerFieldMain-1,27625e90-3286-11f0-91e7-fb5a2aac2a77,77.40635,,,6.35875,,,,,,,02d18158-196c-4e82-8889-159833404470,2025-05-16,18:47:00.62,2025-05-16T14:47:00.6235136-04:00,2025-05-16T18:47:00.6235136Z,,v3,471300,471298,16 May 2025 14:00-fordham@georgemas,"McAndrews, Thomas",1000092049,Right,FOR_RAM,1f659934-6ba4-4b79-9149-69869605f994,55.62935,-116.23391,10.09903,5.53567,-1.40302,-12.01605,2.12852,-9.28117,4.99619,,,,,,,,,,,,,,,,,,,,,,,,,,,,,,,,,,,,,,,,,,,,,,,,,,,High,High,High,,,,,
180,2025-05-16,14:47:13.92,2,2,"Hasan, Ameer",1000367089,Left,FOR_RAM,"Blanchard, Evan",10073877,Right,GEO_PAT,Undefined,5,Bottom,1,0,1,Slider,Curveball,BallCalled,Undefined,Undefined,Undefined,0,0,,70.22701,1.838769,1.0725,2106.116659,291.783792,3:45,5.29021,-2.14584,4.82171,-58.28365,0.16528,3.71244,2.17586,-0.82046,65.22853,-8.6388,1.726012,0.550249,,,,,,,,,,,,-1.56287,0.12063,2.03597,50,5.42223,-2.04702,-101.94716,1.35829,-1.66142,15.17291,-32.04581,GEO_PAT,FOR_RAM,SpuhlerFieldMain,D1,A10,20250516-SpuhlerFieldMain-1,2f456990-3286-11f0-91e7-fb5a2aac2a77,68.50064,,,4.99848,,,,,,,02d18158-196c-4e82-8889-159833404470,2025-05-16,18:47:13.92,2025-05-16T14:47:13.9296768-04:00,2025-05-16T18:47:13.9296768Z,,v3,471300,471298,16 May 2025 14:00-fordham@georgemas,"McAndrews, Thomas",1000092049,Right,FOR_RAM,4561e8fa-de07-4bc9-8e28-aff39f860a68,55.68232,-102.78939,7.58645,5.29746,3.13711,-16.02291,2.14704,-1.9548,-0.83071,,,,,,,,,,,,,,,,,,,,,,,,,,,,,,,,,,,,,,,,,,,,,,,,,,,High,High,High,,,,,
181,2025-05-16,14:47:27.82,2,3,"Hasan, Ameer",1000367089,Left,FOR_RAM,"Blanchard, Evan",10073877,Right,GEO_PAT,Undefined,5,Bottom,1,1,1,Slider,Curveball,FoulBallNotFieldable,Undefined,Undefined,Undefined,0,0,,68.99409,1.834828,2.491777,2173.557811,311.862232,4:30,5.39028,-2.11893,4.6087,-64.50126,-3.32414,5.63327,1.76223,0.72152,64.22855,-9.673234,3.478445,0.562945,76.66473,-15.430194,-69.783518,,,,,9.53631,4.04578,-50.572205,0.068404,-2.15728,-1.71709,1.85651,50,5.51892,-4.56046,-100.07761,1.08288,-2.20657,14.85709,-33.93039,GEO_PAT,FOR_RAM,SpuhlerFieldMain,D1,A10,20250516-SpuhlerFieldMain-1,379fee80-3286-11f0-91e7-fb5a2aac2a77,66.95583,2.05123,,4.76554,,,,3.48843,2.05123,-0.39229,02d18158-196c-4e82-8889-159833404470,2025-05-16,18:47:27.82,2025-05-16T14:47:27.8235136-04:00,2025-05-16T18:47:27.8235136Z,GroundBall,v3,471300,471298,16 May 2025 14:00-fordham@georgemas,"McAndrews, Thomas",1000092049,Right,FOR_RAM,277fd743-27e8-4264-b026-525d4b32dc0a,55.89752,-100.94934,7.42855,5.39698,3.07371,-16.96519,2.12029,-4.43099,-1.10329,,3.48745,37.5439,,,,,,,,2.052,-29.98714,,,,,,,,-0.38965,-101.95082,,,,,,,,,,,,,,,,,,,,,,,,,,,,,,High,High,High,Low,Low,,,
182,2025-05-16,14:47:45.61,2,4,"Hasan, Ameer",1000367089,Left,FOR_RAM,"Blanchard, Evan",10073877,Right,GEO_PAT,Undefined,5,Bottom,1,1,2,ChangeUp,Changeup,FoulBallNotFieldable,Undefined,Undefined,Undefined,0,0,,73.26364,-0.787183,4.2273,1504.496857,96.660841,9:15,5.32584,-2.13472,5.2723,-50.167,3.09185,-12.57493,0.40375,0.79552,67.87715,-9.862245,1.999342,0.525252,,,,,,,,,,,,7.51906,2.13398,1.75755,50,5.21616,-7.39776,-106.16588,-3.04774,8.61823,17.45079,-29.72812,GEO_PAT,FOR_RAM,SpuhlerFieldMain,D1,A10,20250516-SpuhlerFieldMain-1,4232fe50-3286-11f0-91e7-fb5a2aac2a77,71.76074,,,5.38649,,,,,,,02d18158-196c-4e82-8889-159833404470,2025-05-16,18:47:45.61,2025-05-16T14:47:45.6124928-04:00,2025-05-16T18:47:45.6124928Z,,v3,471300,471298,16 May 2025 14:00-fordham@georgemas,"McAndrews, Thomas",1000092049,Right,FOR_RAM,1a225890-9e4b-47d3-91a1-e51ecab83502,55.233,-107.02259,8.72539,5.32996,-1.5883,-14.86406,2.13112,-7.82085,4.30912,,,,,,,,,,,,,,,,,,,,,,,,,,,,,,,,,,,,,,,,,,,,,,,,,,,High,High,High,,,,,
183,2025-05-16,14:48:13.29,2,5,"Hasan, Ameer",1000367089,Left,FOR_RAM,"Blanchard, Evan",10073877,Right,GEO_PAT,Undefined,5,Bottom,1,1,2,Fastball,Changeup,FoulBallNotFieldable,Undefined,Undefined,Undefined,0,0,,82.81937,-1.267102,3.333501,1935.689016,142.667566,10:45,5.60793,-1.99341,5.18174,-29.58383,12.14276,-8.29363,1.94814,0.45561,76.25727,-6.686,1.867177,0.46492,,,,,,,,,,,,5.0474,6.76548,1.68979,50,5.46751,-6.6489,-120.06495,-3.68711,7.41069,21.98064,-22.24089,GEO_PAT,FOR_RAM,SpuhlerFieldMain,D1,A10,20250516-SpuhlerFieldMain-1,52b0cb90-3286-11f0-91e7-fb5a2aac2a77,81.07304,,,6.56209,,,,,,,02d18158-196c-4e82-8889-159833404470,2025-05-16,18:48:13.29,2025-05-16T14:48:13.2907520-04:00,2025-05-16T18:48:13.2907520Z,,v3,471300,471298,16 May 2025 14:00-fordham@georgemas,"McAndrews, Thomas",1000092049,Right,FOR_RAM,1fba7181-adbf-46aa-8e06-893e28b719f3,55.32151,-121.03526,10.99032,5.60861,-2.70532,-11.12044,1.99052,-6.97604,3.70534,,,,,,,,,,,,,,,,,,,,,,,,,,,,,,,,,,,,,,,,,,,,,,,,,,,High,High,High,,,,,
184,2025-05-16,14:48:30.80,2,6,"Hasan, Ameer",1000367089,Left,FOR_RAM,"Blanchard, Evan",10073877,Right,GEO_PAT,Undefined,5,Bottom,1,1,2,ChangeUp,Changeup,InPlay,Undefined,FlyBall,Out,1,0,,74.3044,1.317702,2.929707,1553.188616,104.740588,9:30,5.36678,-2.19161,5.51305,-46.69302,5.22485,-13.03351,2.70978,-0.53563,67.48803,-7.276657,0.609602,0.518597,85.29773,32.493433,24.514292,3929.588992,95.62908,59.22662,54.36056,293.80598,289.45961,37.130407,4.467033,7.51252,2.71536,1.94509,50,5.45052,-5.03098,-107.6536,1.0416,8.72463,20.50116,-29.02059,GEO_PAT,FOR_RAM,SpuhlerFieldMain,D1,A10,20250516-SpuhlerFieldMain-1,5d261a30-3286-11f0-91e7-fb5a2aac2a77,72.6816,69.37563,,6.81638,,,,2.04799,2.80613,0.55319,02d18158-196c-4e82-8889-159833404470,2025-05-16,18:48:30.80,2025-05-16T14:48:30.8089344-04:00,2025-05-16T18:48:30.8089344Z,FlyBall,v3,471300,471298,16 May 2025 14:00-fordham@georgemas,"McAndrews, Thomas",1000092049,Right,FOR_RAM,18930ef9-1840-4749-a196-3503210ad62d,54.98901,-108.59953,10.25058,5.37157,2.38063,-14.5103,2.18651,-5.43354,4.36231,219.200057,2.05022,95.95739,-22.22233,5.517,-1.05252,0.15035,-0.0237,0.00418,-0.00033,2.80715,67.17482,-18.46815,0.40839,0.52292,-0.32,0.09782,-0.01473,0.00086,0.55371,43.77002,0.5471,-1.33425,0.58908,-0.1799,0.03788,-0.00461,0.00024,,,,,,,,,,,,,,,,,,,,,,,High,High,High,High,High,,,
185,2025-05-16,14:49:00.81,3,1,"Hasan, Ameer",1000367089,Left,FOR_RAM,"Lavin, Sam",1000364332,Left,GEO_PAT,Undefined,5,Bottom,2,0,0,Slider,Curveball,InPlay,Undefined,LineDrive,Out,1,0,,72.42019,1.761269,1.831428,2118.161327,345.379201,5:30,5.20111,-2.2304,4.79622,-62.85078,-6.71752,2.25209,1.63402,-0.30656,66.09954,-9.550517,2.227838,0.539239,92.81534,24.112422,-12.345379,4276.144544,105.89993,42.79568,-29.75228,310.83159,306.18621,-24.365146,4.062481,-0.54701,-3.41752,2.04558,50,5.32161,-3.44056,-104.8991,1.08662,-0.60248,19.6475,-35.93826,GEO_PAT,FOR_RAM,SpuhlerFieldMain,D1,A10,20250516-SpuhlerFieldMain-1,6f0e4ce0-3286-11f0-91e7-fb5a2aac2a77,69.8993,53.94732,,6.32065,,,,3.12452,1.92514,0.37331,02d18158-196c-4e82-8889-159833404470,2025-05-16,18:49:00.81,2025-05-16T14:49:00.8152576-04:00,2025-05-16T18:49:00.8152576Z,LineDrive,v3,471300,471298,16 May 2025 14:00-fordham@georgemas,"McAndrews, Thomas",1000092049,Right,FOR_RAM,50915014-2317-475d-b72a-306c19f31917,55.70802,-105.96282,9.82375,5.21011,3.03231,-17.96913,2.23097,-3.40794,-0.30124,140.859011,3.12435,121.38143,-25.45018,5.94435,-1.31699,0.26527,-0.0429,0.00442,-0.00019,1.92527,55.61,-15.87093,0.51091,0.0449,-0.02436,0.00238,0.00069,-0.00012,0.37338,-26.56737,-4.07806,1.65669,-0.49159,0.11564,-0.02058,0.00238,-0.00013,,,,,,,,,,,,,,,,,,,,,,,High,High,High,High,High,,,
186,2025-05-16,14:51:05.00,1,1,"Bilo, Michael",10091065,Right,GEO_PAT,"Sahler, Cian",1000133997,Left,FOR_RAM,Undefined,6,Top,0,0,0,Fastball,Sinker,InPlay,Undefined,LineDrive,Single,0,0,,88.51173,-0.788675,-2.64161,2091.963586,235.014604,1:45,6.10762,1.09818,4.54467,-25.41608,12.80288,16.24284,3.23791,-0.06499,79.47262,-5.466892,0.199644,0.44495,88.74817,20.228253,-11.101301,2995.247363,106.64991,33.83342,-26.93839,287.68946,287.68946,-19.027056,3.389049,-8.79847,6.89,-0.83948,50,6.00246,5.10688,-127.94537,-2.75924,-14.3337,30.63547,-20.9495,GEO_PAT,FOR_RAM,SpuhlerFieldMain,D1,A10,20250516-SpuhlerFieldMain-1,b90feb00-3286-11f0-91e7-fb5a2aac2a77,84.7117,38.0071,,9.03912,,,,1.82265,3.31945,0.04988,02d18158-196c-4e82-8889-159833404470,2025-05-16,18:51:05.00,2025-05-16T14:51:05.0081792-04:00,2025-05-16T18:51:05.0081792Z,LineDrive,v3,471300,471298,16 May 2025 14:00-fordham@georgemas,"Barenz, Nick",1000218914,Right,GEO_PAT,65b747e2-44dd-4136-9a8c-c7450abfd8df,55.95531,-129.36346,15.31774,6.10774,-1.7895,-10.47475,-1.09122,5.77038,-7.16685,135.802654,1.82223,119.86469,-21.321,5.08173,-1.29456,0.36963,-0.09731,0.01633,-0.00115,3.31985,44.99232,-15.19603,0.09432,0.39311,-0.21137,0.06608,-0.01027,0.00059,0.0499,-23.51732,-4.36929,2.13797,-0.67731,0.16178,-0.02938,0.00338,-0.00017,,,,,,,,,,,,,,,,,,,,,,,High,High,High,High,High,,,
187,2025-05-16,14:51:41.34,2,1,"Bilo, Michael",10091065,Right,GEO_PAT,"Ocko, Madden",10300306,Right,FOR_RAM,Undefined,6,Top,0,0,0,Slider,Curveball,StrikeCalled,Undefined,Undefined,Undefined,0,0,,77.3726,1.02284,-1.898925,1878.144811,346.864375,5:30,6.03522,0.89109,4.48643,-50.94822,-0.31776,0.54724,2.76502,-0.87377,69.15698,-8.188468,-1.803191,0.512127,,,,,,,,,,,,-0.94787,0.08555,-0.69195,50,6.0945,3.67997,-111.7219,0.08297,-1.16473,25.34096,-32.06892,GEO_PAT,FOR_RAM,SpuhlerFieldMain,D1,A10,20250516-SpuhlerFieldMain-1,ce9eb780-3286-11f0-91e7-fb5a2aac2a77,73.59985,,,8.21562,,,,,,,02d18158-196c-4e82-8889-159833404470,2025-05-16,18:51:41.34,2025-05-16T14:51:41.3408768-04:00,2025-05-16T18:51:41.3408768Z,,v3,471300,471298,16 May 2025 14:00-fordham@georgemas,"Barenz, Nick",1000218914,Right,GEO_PAT,6fa7cb9a-110a-4b3d-88ab-d913857a06a5,56.01089,-113.07708,12.67048,6.04421,1.79795,-16.03446,-0.89041,3.74226,-0.58237,,,,,,,,,,,,,,,,,,,,,,,,,,,,,,,,,,,,,,,,,,,,,,,,,,,High,High,High,,,,,
188,2025-05-16,14:52:12.49,2,2,"Bilo, Michael",10091065,Right,GEO_PAT,"Ocko, Madden",10300306,Right,FOR_RAM,Undefined,6,Top,0,0,1,Fastball,Four-Seam,BallCalled,Undefined,Undefined,Undefined,0,0,,87.03332,-2.550275,-3.147037,2143.512416,196.110107,12:30,6.09643,0.95644,4.75831,-17.45552,21.82631,5.87508,2.21806,-1.54138,78.26524,-5.844707,-2.117029,0.451094,,,,,,,,,,,,-3.88933,11.93595,-0.64569,50,5.82582,6.62822,-125.65565,-6.17271,-6.12219,29.13735,-13.38572,GEO_PAT,FOR_RAM,SpuhlerFieldMain,D1,A10,20250516-SpuhlerFieldMain-1,e127be10-3286-11f0-91e7-fb5a2aac2a77,83.55779,,,8.76808,,,,,,,02d18158-196c-4e82-8889-159833404470,2025-05-16,18:52:12.49,2025-05-16T14:52:12.4973056-04:00,2025-05-16T18:52:12.4973056Z,,v3,471300,471298,16 May 2025 14:00-fordham@georgemas,"Barenz, Nick",1000218914,Right,GEO_PAT,172cf8f1-5c81-40fd-9ce3-4748b730d1d5,55.73948,-126.97956,14.56868,6.09247,-5.5645,-6.69286,-0.95318,6.90639,-3.06109,,,,,,,,,,,,,,,,,,,,,,,,,,,,,,,,,,,,,,,,,,,,,,,,,,,High,High,High,,,,,
189,2025-05-16,14:52:31.99,2,3,"Bilo, Michael",10091065,Right,GEO_PAT,"Ocko, Madden",10300306,Right,FOR_RAM,Undefined,6,Top,0,1,1,Slider,Curveball,BallCalled,Undefined,Undefined,Undefined,0,0,,76.96745,1.465414,0.145353,1838.832114,37.915685,7:15,6.00256,0.99201,4.16227,-52.78385,-1.02543,-2.41728,3.00915,0.92993,68.72482,-8.028062,-0.275328,0.5178,,,,,,,,,,,,1.21067,-0.44303,-1.00534,50,6.10952,-0.17359,-111.12072,0.80227,1.47135,25.10847,-32.71247,GEO_PAT,FOR_RAM,SpuhlerFieldMain,D1,A10,20250516-SpuhlerFieldMain-1,ecee1dc0-3286-11f0-91e7-fb5a2aac2a77,72.79347,,,8.24264,,,,,,,02d18158-196c-4e82-8889-159833404470,2025-05-16,18:52:31.99,2025-05-16T14:52:31.9970000-04:00,2025-05-16T18:52:31.9970000Z,,v3,471300,471298,16 May 2025 14:00-fordham@georgemas,"Barenz, Nick",1000218914,Right,GEO_PAT,3befa80a-4147-44a9-aaac-d936d9c4512f,56.33589,-112.54325,12.55424,6.01157,2.65561,-16.35623,-0.99315,-0.25695,0.73567,,,,,,,,,,,,,,,,,,,,,,,,,,,,,77.68841,2.14854,0.875469,1.273071,1.45398,3.0144,-0.93011,-0.08027,6.48617,1.34609,127.27979,-0.07689,-1.49351,0.0704,111.88253,-9.46767,6.50505,9.40335,-11.45899,1.33776,-2.79937,0.45601,High,High,High,,,High,High,Medium
190,2025-05-16,14:53:15.20,2,4,"Bilo, Michael",10091065,Right,GEO_PAT,"Ocko, Madden",10300306,Right,FOR_RAM,Undefined,6,Top,0,2,1,Fastball,Sinker,FoulBallNotFieldable,Undefined,Undefined,Undefined,0,0,,86.79734,-2.21434,-2.958341,2193.834121,222.761079,1:30,6.12302,0.94794,4.64137,-23.93635,15.60332,13.07788,2.02003,-0.77624,78.31381,-6.628264,-0.667416,0.452572,72.92876,39.215506,110.684042,5166.45107,,,,,26.56475,,,-7.34237,8.74189,-0.65749,50,5.87495,5.85927,-125.41035,-5.74597,-11.53491,28.57177,-18.44053,GEO_PAT,FOR_RAM,SpuhlerFieldMain,D1,A10,20250516-SpuhlerFieldMain-1,069cd2c0-3287-11f0-91e7-fb5a2aac2a77,83.28494,23.73697,,8.48353,,,,1.07929,1.95285,0.85437,02d18158-196c-4e82-8889-159833404470,2025-05-16,18:53:15.20,2025-05-16T14:53:15.2002560-04:00,2025-05-16T18:53:15.2002560Z,,v3,471300,471298,16 May 2025 14:00-fordham@georgemas,"Barenz, Nick",1000218914,Right,GEO_PAT,97621157-5dbc-46e1-a3fa-e317389211f8,55.85843,-126.73802,14.28588,6.12205,-4.88907,-9.22027,-0.94221,6.39528,-5.76745,,1.07797,-29.22219,3.5052,,,,,,,1.95218,67.65539,-16.5777,,,,,,,0.87302,76.81795,-23.3048,,,,,,,,,,,,,,,,,,,,,,,,,,,,,High,High,High,Medium,Undefined,,,
191,2025-05-16,14:53:37.33,2,5,"Bilo, Michael",10091065,Right,GEO_PAT,"Ocko, Madden",10300306,Right,FOR_RAM,Undefined,6,Top,0,2,2,Fastball,Sinker,InPlay,Undefined,Popup,Single,0,0,,87.47455,-1.429487,-1.803805,2148.627031,222.41719,1:30,6.11207,1.04025,4.73224,-19.99796,18.79777,15.85111,3.08835,0.64919,78.62971,-5.174308,0.979788,0.448294,71.31378,24.726358,28.196763,4402.410213,92.37706,31.78434,59.71988,201.03667,179.41962,37.646241,2.887908,-8.36485,10.08827,-0.87335,50,5.95131,3.22847,-126.53433,-3.85897,-13.34105,29.73844,-16.08433,GEO_PAT,FOR_RAM,SpuhlerFieldMain,D1,A10,20250516-SpuhlerFieldMain-1,13d0f340-3287-11f0-91e7-fb5a2aac2a77,84.07966,31.78536,,8.84485,,,,1.01565,3.0802,-0.63939,02d18158-196c-4e82-8889-159833404470,2025-05-16,18:53:37.33,2025-05-16T14:53:37.3381120-04:00,2025-05-16T18:53:37.3381120Z,LineDrive,v3,471300,471298,16 May 2025 14:00-fordham@georgemas,"Barenz, Nick",1000218914,Right,GEO_PAT,3c436f07-cdf1-4891-80b2-c8a4c2036b11,55.76731,-127.8826,14.86922,6.10973,-3.12975,-8.04217,-1.03343,3.83332,-6.67053,231.932392,1.01565,83.72982,-16.15935,3.33856,-0.51627,-0.01828,0.04029,-0.01092,0.00108,3.08021,43.7493,-18.05437,1.34647,-0.37457,0.16729,-0.0606,0.01323,-0.00121,-0.63929,44.88492,-0.36166,-0.32588,0.08644,0.00173,-0.00579,0.00124,-8E-05,,,,,,,,,,,,,,,,,,,,,,,High,High,High,High,High,,,
192,2025-05-16,14:54:20.62,3,1,"Bilo, Michael",10091065,Right,GEO_PAT,"McAndrews, Thomas",1000092049,Right,FOR_RAM,Undefined,6,Top,0,0,0,Fastball,Sinker,FoulBallNotFieldable,Undefined,Undefined,Undefined,0,0,,87.57116,-1.75734,-1.310741,2166.359515,227.587504,1:30,6.11194,1.07778,4.64678,-23.71824,15.15261,14.9891,2.4645,1.0811,78.77157,-6.140544,1.319196,0.448728,,,,,,,,,,,,-7.80693,8.4004,-0.9584,50,5.91145,2.18454,-126.66216,-4.77599,-12.45811,30.14604,-18.76889,GEO_PAT,FOR_RAM,SpuhlerFieldMain,D1,A10,20250516-SpuhlerFieldMain-1,2da076b0-3287-11f0-91e7-fb5a2aac2a77,83.99833,,,8.79959,,,,,,,02d18158-196c-4e82-8889-159833404470,2025-05-16,18:54:20.62,2025-05-16T14:54:20.6269952-04:00,2025-05-16T18:54:20.6269952Z,,v3,471300,471298,16 May 2025 14:00-fordham@georgemas,"Barenz, Nick",1000218914,Right,GEO_PAT,16814a0e-91eb-4b12-836b-2fbab13e7b59,55.85356,-128.04774,15.07302,6.11114,-3.91333,-9.38445,-1.07197,2.75715,-6.22905,,,,,,,,,,,,,,,,,,,,,,,,,,,,,,,,,,,,,,,,,,,,,,,,,,,High,High,High,,,,,
193,2025-05-16,14:55:00.43,3,2,"Bilo, Michael",10091065,Right,GEO_PAT,"McAndrews, Thomas",1000092049,Right,FOR_RAM,Undefined,6,Top,0,0,1,Fastball,Four-Seam,FoulBallNotFieldable,Undefined,Undefined,Undefined,0,0,,87.17658,-1.398612,-2.054945,2170.898883,223.035506,1:30,6.10208,0.81528,4.56952,-19.06659,20.06194,17.41442,3.18113,0.31011,78.67097,-4.963514,0.993316,0.450213,66.12894,76.572535,142.478104,4373.091962,,,,,8.3039,,,-9.23461,10.6528,-0.61985,50,5.94056,3.70511,-126.15257,-3.7603,-14.70028,28.58212,-15.21616,GEO_PAT,FOR_RAM,SpuhlerFieldMain,D1,A10,20250516-SpuhlerFieldMain-1,455b4af0-3287-11f0-91e7-fb5a2aac2a77,83.72133,38.99428,,8.50561,,,,2.42348,3.29636,-0.28551,02d18158-196c-4e82-8889-159833404470,2025-05-16,18:55:00.43,2025-05-16T14:55:00.4399616-04:00,2025-05-16T18:55:00.4399616Z,,v3,471300,471298,16 May 2025 14:00-fordham@georgemas,"Barenz, Nick",1000218914,Right,GEO_PAT,e6e6083a-5e8a-46a5-a6d3-746b3fcb47dd,55.93254,-127.48961,14.29106,6.09981,-3.0485,-7.60808,-0.80926,4.39277,-7.35014,351.878524,2.43403,-18.19266,-4.87319,,,,,,,3.31009,93.91357,-26.67377,,,,,,,-0.28422,13.678,-1.5447,,,,,,,,,,,,,,,,,,,,,,,,,,,,,High,High,High,High,Undefined,,,
194,2025-05-16,14:55:39.98,3,3,"Bilo, Michael",10091065,Right,GEO_PAT,"McAndrews, Thomas",1000092049,Right,FOR_RAM,Undefined,6,Top,0,0,2,Fastball,Four-Seam,BallCalled,Undefined,Undefined,Undefined,0,0,,86.97791,-0.463627,-2.76787,2134.992319,203.071668,12:45,6.19394,0.85351,4.56443,-17.76229,21.54714,8.5826,4.27199,-1.06753,78.43803,-3.805522,-1.26783,0.451253,,,,,,,,,,,,-5.02945,11.03194,-0.57468,50,6.13059,5.66688,-125.78818,-1.62382,-7.9765,27.9312,-14.67786,GEO_PAT,FOR_RAM,SpuhlerFieldMain,D1,A10,20250516-SpuhlerFieldMain-1,5cd01580-3287-11f0-91e7-fb5a2aac2a77,83.52843,,,8.53987,,,,,,,02d18158-196c-4e82-8889-159833404470,2025-05-16,18:55:39.98,2025-05-16T14:55:39.9852032-04:00,2025-05-16T18:55:39.9852032Z,,v3,471300,471298,16 May 2025 14:00-fordham@georgemas,"Barenz, Nick",1000218914,Right,GEO_PAT,1cf03324-abc7-4994-b475-a216f682c054,55.93468,-127.09914,13.9656,6.19064,-0.9349,-7.33893,-0.84944,6.04126,-3.98825,,,,,,,,,,,,,,,,,,,,,,,,,,,,,,,,,,,,,,,,,,,,,,,,,,,High,High,High,,,,,
195,2025-05-16,14:55:58.74,3,4,"Bilo, Michael",10091065,Right,GEO_PAT,"McAndrews, Thomas",1000092049,Right,FOR_RAM,Undefined,6,Top,0,1,2,Fastball,Four-Seam,InPlay,Undefined,FlyBall,Double,0,1,,88.05448,-1.842575,-1.777778,2214.081262,215.663259,1:15,6.11884,0.87347,4.58604,-19.47544,18.85584,12.53981,2.74154,0.22665,79.53199,-5.470049,0.418414,0.445603,100.47137,28.911101,-19.723613,2444.969665,104.01163,57.3912,-35.79795,382.02553,381.47805,-17.995398,5.089007,-6.71563,10.18221,-0.70222,50,5.91135,3.35289,-127.39798,-4.80659,-10.90873,29.01224,-15.63426,GEO_PAT,FOR_RAM,SpuhlerFieldMain,D1,A10,20250516-SpuhlerFieldMain-1,681bee00-3287-11f0-91e7-fb5a2aac2a77,84.58748,86.11147,,8.52249,,,,2.86703,2.91253,-0.23949,02d18158-196c-4e82-8889-159833404470,2025-05-16,18:55:58.74,2025-05-16T14:55:58.7467776-04:00,2025-05-16T18:55:58.7467776Z,FlyBall,v3,471300,471298,16 May 2025 14:00-fordham@georgemas,"Barenz, Nick",1000218914,Right,GEO_PAT,442c1b11-5a57-4532-9363-9d152037f582,55.91488,-128.73792,14.50612,6.11667,-4.08451,-7.81713,-0.86871,3.85671,-5.45437,183.811428,2.86684,121.42609,-23.36742,5.63142,-1.20218,0.23885,-0.04031,0.00447,-0.00022,2.91489,71.19724,-16.72468,0.72527,0.03104,-0.06762,0.02199,-0.00306,0.00016,-0.23938,-43.53475,9.24867,-2.19699,0.47759,-0.09972,0.01765,-0.00201,0.0001,,,,,,,,,,,,,,,,,,,,,,,High,High,High,High,High,,,
196,2025-05-16,14:56:44.20,4,1,"Bilo, Michael",10091065,Right,GEO_PAT,"Markey, Tommy",10084492,Left,FOR_RAM,Undefined,6,Top,0,0,0,Splitter,Splitter,FoulBallNotFieldable,Undefined,Undefined,Undefined,0,0,,79.20136,-0.631202,-0.880063,1195.202028,255.756014,2:30,6.1278,1.14246,4.2475,-44.30235,4.2324,9.1615,1.83163,1.06342,71.11585,-8.611866,0.718128,0.501416,,,,,,,,,,,,-4.73508,2.76831,-1.05649,50,6.01374,1.3441,-114.43166,-2.97422,-6.12447,25.94558,-28.59344,GEO_PAT,FOR_RAM,SpuhlerFieldMain,D1,A10,20250516-SpuhlerFieldMain-1,833f8fc0-3287-11f0-91e7-fb5a2aac2a77,75.17206,,,8.08551,,,,,,,02d18158-196c-4e82-8889-159833404470,2025-05-16,18:56:44.20,2025-05-16T14:56:44.2053632-04:00,2025-05-16T18:56:44.2053632Z,,v3,471300,471298,16 May 2025 14:00-fordham@georgemas,"Barenz, Nick",1000218914,Right,GEO_PAT,47d92711-2706-4a3d-af3e-ed8d6916eb93,56.25137,-115.84038,12.97279,6.13308,-1.42172,-14.29672,-1.1385,1.67664,-3.06223,,,,,,,,,,,,,,,,,,,,,,,,,,,,,,,,,,,,,,,,,,,,,,,,,,,High,High,High,,,,,
197,2025-05-16,14:57:01.15,4,2,"Bilo, Michael",10091065,Right,GEO_PAT,"Markey, Tommy",10084492,Left,FOR_RAM,Undefined,6,Top,0,0,1,Splitter,Changeup,InPlay,Undefined,GroundBall,Out,1,1,,78.59195,-1.71462,-1.673437,1367.814983,202.404391,12:45,6.07958,0.92424,4.32284,-39.86364,8.7604,2.89252,1.11737,-0.43485,71.46404,-8.88598,-1.168476,0.501877,36.21118,-66.666621,167.78153,,,,,4.27368,4.89505,6.810751,0.033917,-1.94358,5.21957,-0.74665,50,5.85466,3.19564,-113.66758,-4.89542,-2.51073,23.28816,-25.43136,GEO_PAT,FOR_RAM,SpuhlerFieldMain,D1,A10,20250516-SpuhlerFieldMain-1,8d410df0-3287-11f0-91e7-fb5a2aac2a77,75.10299,1.66939,,7.12791,,,,4.94732,1.66939,0.35441,02d18158-196c-4e82-8889-159833404470,2025-05-16,18:57:01.15,2025-05-16T14:57:01.1576320-04:00,2025-05-16T18:57:01.1576320Z,GroundBall,v3,471300,471298,16 May 2025 14:00-fordham@georgemas,"Barenz, Nick",1000218914,Right,GEO_PAT,7049ed2b-9ab2-406b-bc27-84d82a9b0485,56.17865,-114.92649,11.64408,6.08213,-3.52066,-12.71568,-0.92307,3.33136,-1.25537,,4.94836,-20.7506,,,,,,,,1.67187,-49.22013,,,,,,,,0.35419,4.49344,,,,,,,,,,,,,,,,,,,,,,,,,,,,,,High,High,High,Low,Low,,,
198,2025-05-16,14:58:44.40,5,1,"Bilo, Michael",10091065,Right,GEO_PAT,"Kirk, Taylor",1000367095,Right,FOR_RAM,Undefined,6,Top,1,0,0,Slider,Slider,FoulBallNotFieldable,Undefined,Undefined,Undefined,0,0,,78.2842,-0.056195,-1.574609,1860.000439,76.630146,8:30,5.94172,1.10564,4.1975,-49.42223,1.36287,-3.88429,1.76934,-0.72708,69.03184,-8.981591,-2.25116,0.512908,62.50491,49.304403,101.693681,5231.584821,,,,,14.63851,,,1.22106,1.28512,-0.9277,50,5.88472,3.27698,-112.77969,-2.01873,1.50336,28.9144,-30.59182,GEO_PAT,FOR_RAM,SpuhlerFieldMain,D1,A10,20250516-SpuhlerFieldMain-1,cadc89f0-3287-11f0-91e7-fb5a2aac2a77,73.48772,17.93216,,9.25236,,,,1.89267,1.74284,0.63424,02d18158-196c-4e82-8889-159833404470,2025-05-16,18:58:44.40,2025-05-16T14:58:44.4052480-04:00,2025-05-16T18:58:44.4052480Z,,v3,471300,471298,16 May 2025 14:00-fordham@georgemas,"Barenz, Nick",1000218914,Right,GEO_PAT,900461ab-6268-4c27-a267-9495788138f6,56.29782,-114.38292,14.4572,5.94963,-0.32249,-15.29591,-1.10709,3.19362,0.75168,311.979248,1.89412,-12.19263,-4.69843,,,,,,,1.74355,69.46814,-18.96034,,,,,,,0.63652,58.41365,-10.88961,,,,,,,,,,,,,,,,,,,,,,,,,,,,,High,High,High,High,Undefined,,,
199,2025-05-16,14:59:03.47,5,2,"Bilo, Michael",10091065,Right,GEO_PAT,"Kirk, Taylor",1000367095,Right,FOR_RAM,Undefined,6,Top,1,0,1,Slider,Curveball,BallCalled,Undefined,Undefined,Undefined,0,0,,77.17486,-1.665246,-0.383002,1861.943217,16.560176,6:30,6.0423,0.8756,3.94068,-53.19156,-1.42516,-1.02669,0.00623,0.42136,69.70388,-11.09894,-0.561503,0.51784,,,,,,,,,,,,0.36276,0.29642,-0.83043,50,5.79144,0.79001,-111.45113,-5.32343,0.44424,24.95439,-31.81107,GEO_PAT,FOR_RAM,SpuhlerFieldMain,D1,A10,20250516-SpuhlerFieldMain-1,d63de640-3287-11f0-91e7-fb5a2aac2a77,72.78784,,,7.47098,,,,,,,02d18158-196c-4e82-8889-159833404470,2025-05-16,18:59:03.47,2025-05-16T14:59:03.4782208-04:00,2025-05-16T18:59:03.4782208Z,,v3,471300,471298,16 May 2025 14:00-fordham@georgemas,"Barenz, Nick",1000218914,Right,GEO_PAT,92eeb867-153b-4e9b-b500-7d40927adccf,56.56131,-112.91068,12.4772,6.04839,-3.46284,-15.90554,-0.87587,0.76403,0.22212,,,,,,,,,,,,,,,,,,,,,,,,,,,,,,,,,,,,,,,,,,,,,,,,,,,High,High,High,,,,,
200,2025-05-16,14:59:29.68,5,3,"Bilo, Michael",10091065,Right,GEO_PAT,"Kirk, Taylor",1000367095,Right,FOR_RAM,Undefined,6,Top,1,1,1,Slider,Curveball,StrikeCalled,Undefined,Undefined,Undefined,0,0,,78.41242,-0.185604,-1.713893,1799.855362,49.146878,7:45,5.94163,1.0753,4.07672,-50.18215,-0.32205,-2.6198,1.58148,-0.78922,70.50918,-9.157618,-2.169267,0.508216,,,,,,,,,,,,0.65874,0.41461,-0.87972,50,5.86667,3.50693,-113.23826,-2.3518,0.83428,25.42557,-31.64895,GEO_PAT,FOR_RAM,SpuhlerFieldMain,D1,A10,20250516-SpuhlerFieldMain-1,e5e06eb0-3287-11f0-91e7-fb5a2aac2a77,74.16623,,,7.90323,,,,,,,02d18158-196c-4e82-8889-159833404470,2025-05-16,18:59:29.68,2025-05-16T14:59:29.6892416-04:00,2025-05-16T18:59:29.6892416Z,,v3,471300,471298,16 May 2025 14:00-fordham@georgemas,"Barenz, Nick",1000218914,Right,GEO_PAT,3aeeea3c-5e79-4d2b-976f-5149f0e9e733,56.42275,-114.6713,12.71278,5.94895,-0.56799,-15.82447,-1.07606,3.45991,0.41714,,,,,,,,,,,,,,,,,,,,,,,,,,,,,,,,,,,,,,,,,,,,,,,,,,,High,High,High,,,,,
201,2025-05-16,14:59:47.04,5,4,"Bilo, Michael",10091065,Right,GEO_PAT,"Kirk, Taylor",1000367095,Right,FOR_RAM,Undefined,6,Top,1,1,2,Fastball,Four-Seam,InPlay,Undefined,FlyBall,Sacrifice,1,1,,88.56112,-1.510851,-1.664053,2198.759172,211.249445,1:00,6.07688,0.99838,4.55921,-15.77162,22.14568,12.60957,3.32361,0.46489,79.884,-4.493801,0.542753,0.44319,95.75598,25.898941,-14.198703,2323.658579,107.16253,49.2532,-24.8229,352.27958,347.84329,-9.885583,4.448783,-6.69599,11.66981,-0.83828,50,5.90663,3.11039,-128.14936,-3.91531,-11.00642,29.33523,-12.99199,GEO_PAT,FOR_RAM,SpuhlerFieldMain,D1,A10,20250516-SpuhlerFieldMain-1,f032f310-3287-11f0-91e7-fb5a2aac2a77,85.04799,66.38519,,8.67711,,,,1.95517,3.43289,-0.46428,02d18158-196c-4e82-8889-159833404470,2025-05-16,18:59:47.04,2025-05-16T14:59:47.0429696-04:00,2025-05-16T18:59:47.0429696Z,LineDrive,v3,471300,471298,16 May 2025 14:00-fordham@georgemas,"Barenz, Nick",1000218914,Right,GEO_PAT,d638863f-0874-48af-8be9-f7ed04a84f29,55.9414,-129.50229,14.66762,6.07339,-3.31612,-6.496,-0.99344,3.618,-5.50321,194.550853,1.95462,122.48687,-21.55618,5.13803,-1.14556,0.25513,-0.04896,0.00599,-0.00031,3.43347,61.33603,-16.28336,0.84645,-0.09929,-0.01305,0.0095,-0.0015,7E-05,-0.46395,-30.99586,8.22481,-1.93248,0.44777,-0.10716,0.02161,-0.00269,0.00014,,,,,,,,,,,,,,,,,,,,,,,High,High,High,High,High,,,
202,2025-05-16,15:00:25.79,6,1,"Bilo, Michael",10091065,Right,GEO_PAT,"Bucciero, Daniel",827759,Right,FOR_RAM,Undefined,6,Top,2,0,0,Slider,Slider,BallCalled,Undefined,Undefined,Undefined,0,0,,78.39789,-0.534901,-2.301676,1749.730147,24.859651,6:45,5.89054,1.04964,4.51013,-48.94255,-0.1111,-0.8913,1.302,-1.21852,70.95008,-9.330507,-2.457754,0.502946,,,,,,,,,,,,-0.33417,0.57823,-0.80757,50,5.78794,4.59441,-113.35313,-2.90007,-0.42633,24.47208,-31.43635,GEO_PAT,FOR_RAM,SpuhlerFieldMain,D1,A10,20250516-SpuhlerFieldMain-1,0755a600-3288-11f0-91e7-fb5a2aac2a77,74.94334,,,7.44781,,,,,,,02d18158-196c-4e82-8889-159833404470,2025-05-16,19:00:25.79,2025-05-16T15:00:25.7929216-04:00,2025-05-16T19:00:25.7929216Z,,v3,471300,471298,16 May 2025 14:00-fordham@georgemas,"Barenz, Nick",1000218914,Right,GEO_PAT,dc114656-239e-488b-8c03-79a94814f1ae,55.99087,-114.63922,12.23604,5.89693,-1.24799,-15.71818,-1.04961,4.61681,-0.21316,,,,,,,,,,,,,,,,,,,,,,,,,,,,,,,,,,,,,,,,,,,,,,,,,,,High,High,High,,,,,
203,2025-05-16,15:00:42.24,6,2,"Bilo, Michael",10091065,Right,GEO_PAT,"Bucciero, Daniel",827759,Right,FOR_RAM,Undefined,6,Top,2,1,0,Fastball,Sinker,BallCalled,Undefined,Undefined,Undefined,0,0,,89.17531,-0.430668,-2.387623,2212.501023,223.900502,1:30,6.02942,0.79903,4.49895,-19.77958,17.87052,15.853,3.97039,-0.15625,80.03759,-4.122579,0.382534,0.441626,,,,,,,,,,,,-8.45252,9.20449,-0.56464,50,5.96664,4.57992,-128.9269,-1.70144,-14.0087,30.6418,-16.91907,GEO_PAT,FOR_RAM,SpuhlerFieldMain,D1,A10,20250516-SpuhlerFieldMain-1,10f68da0-3288-11f0-91e7-fb5a2aac2a77,85.34927,,,9.13771,,,,,,,02d18158-196c-4e82-8889-159833404470,2025-05-16,19:00:42.24,2025-05-16T15:00:42.2441984-04:00,2025-05-16T19:00:42.2441984Z,,v3,471300,471298,16 May 2025 14:00-fordham@georgemas,"Barenz, Nick",1000218914,Right,GEO_PAT,d4f37153-a1ff-4cd5-9b27-1c18b3e069fb,55.99991,-130.34509,15.3209,6.02726,-0.91838,-8.45954,-0.79161,5.22828,-7.00435,,,,,,,,,,,,,,,,,,,,,,,,,,,,,,,,,,,,,,,,,,,,,,,,,,,High,High,High,,,,,
204,2025-05-16,15:00:58.65,6,3,"Bilo, Michael",10091065,Right,GEO_PAT,"Bucciero, Daniel",827759,Right,FOR_RAM,Undefined,6,Top,2,2,0,Slider,Curveball,BallCalled,Undefined,Undefined,Undefined,0,0,,78.37838,2.156979,-1.398149,1829.055631,322.88711,4:45,5.92522,1.04146,4.49471,-48.55306,0.32811,1.12441,3.93615,-0.19743,70.44088,-6.623858,-1.201571,0.503202,,,,,,,,,,,,-1.00445,0.00394,-0.89579,50,6.10577,2.71455,-113.27324,2.42128,-1.28159,24.15492,-32.16901,GEO_PAT,FOR_RAM,SpuhlerFieldMain,D1,A10,20250516-SpuhlerFieldMain-1,1ad1e630-3288-11f0-91e7-fb5a2aac2a77,74.90522,,,7.9375,,,,,,,02d18158-196c-4e82-8889-159833404470,2025-05-16,19:00:58.65,2025-05-16T15:00:58.6594304-04:00,2025-05-16T19:00:58.6594304Z,,v3,471300,471298,16 May 2025 14:00-fordham@georgemas,"Barenz, Nick",1000218914,Right,GEO_PAT,5b868580-1884-4f5b-935b-165e6538c564,56.00379,-114.54636,12.07746,5.93347,4.11679,-16.08451,-1.04065,2.7821,-0.64079,,,,,,,,,,,,,,,,,,,,,,,,,,,,,,,,,,,,,,,,,,,,,,,,,,,High,High,High,,,,,
205,2025-05-16,15:01:16.37,6,4,"Bilo, Michael",10091065,Right,GEO_PAT,"Bucciero, Daniel",827759,Right,FOR_RAM,Undefined,6,Top,2,3,0,Fastball,Four-Seam,StrikeCalled,Undefined,Undefined,Undefined,0,0,,88.37809,-1.672157,-1.673587,2186.567935,211.81224,1:00,6.03364,0.88236,4.57069,-16.38139,21.80773,12.64997,3.07617,0.34348,79.48848,-4.769216,0.540926,0.444776,,,,,,,,,,,,-6.69221,11.55339,-0.72149,50,5.84639,3.11213,-127.80658,-4.28335,-10.90995,29.8763,-13.33914,GEO_PAT,FOR_RAM,SpuhlerFieldMain,D1,A10,20250516-SpuhlerFieldMain-1,2552cd90-3288-11f0-91e7-fb5a2aac2a77,84.74477,,,8.88961,,,,,,,02d18158-196c-4e82-8889-159833404470,2025-05-16,19:01:16.37,2025-05-16T15:01:16.3770880-04:00,2025-05-16T19:01:16.3770880Z,,v3,471300,471298,16 May 2025 14:00-fordham@georgemas,"Barenz, Nick",1000218914,Right,GEO_PAT,1ba6a155-2d33-4d14-9429-7ba9e4833424,55.92825,-129.18495,14.93815,6.02981,-3.66794,-6.66957,-0.87668,3.61547,-5.45497,,,,,,,,,,,,,,,,,,,,,,,,,,,,,,,,,,,,,,,,,,,,,,,,,,,High,High,High,,,,,
206,2025-05-16,15:01:33.59,6,5,"Bilo, Michael",10091065,Right,GEO_PAT,"Bucciero, Daniel",827759,Right,FOR_RAM,Undefined,6,Top,2,3,1,Fastball,Four-Seam,StrikeCalled,Undefined,Undefined,Undefined,0,0,,88.75284,-1.398267,-3.182771,2209.418232,211.570095,1:00,5.99163,0.93196,4.90283,-15.94402,21.51415,12.36674,3.33817,-1.05085,79.76801,-4.435545,-1.008489,0.440499,,,,,,,,,,,,-7.08323,11.4241,-0.63109,50,5.8423,6.53784,-128.29126,-3.63944,-11.63859,30.03122,-13.40285,GEO_PAT,FOR_RAM,SpuhlerFieldMain,D1,A10,20250516-SpuhlerFieldMain-1,2f91f100-3288-11f0-91e7-fb5a2aac2a77,85.56765,,,8.98483,,,,,,,02d18158-196c-4e82-8889-159833404470,2025-05-16,19:01:33.59,2025-05-16T15:01:33.5970816-04:00,2025-05-16T19:01:33.5970816Z,,v3,471300,471298,16 May 2025 14:00-fordham@georgemas,"Barenz, Nick",1000218914,Right,GEO_PAT,613dbdf3-9707-4db3-bcbc-6696a1faa3bd,55.59562,-129.5945,15.01561,5.98762,-3.05781,-6.70142,-0.92576,7.04291,-5.81929,,,,,,,,,,,,,,,,,,,,,,,,,,,,,,,,,,,,,,,,,,,,,,,,,,,High,High,High,,,,,
207,2025-05-16,15:01:52.64,6,6,"Bilo, Michael",10091065,Right,GEO_PAT,"Bucciero, Daniel",827759,Right,FOR_RAM,Undefined,6,Top,2,3,2,Fastball,Four-Seam,StrikeSwinging,Strikeout,Undefined,Undefined,0,0,,88.69369,-2.544536,-2.92926,2202.335814,216.263337,1:15,6.03909,0.87342,4.78556,-16.37465,21.28792,14.59123,2.25795,-0.68956,79.89469,-5.641981,-0.367607,0.441699,,,,,,,,,,,,-8.095,11.65536,-0.59409,50,5.77135,5.8561,-128.16117,-6.24284,-13.28567,29.7612,-13.04511,GEO_PAT,FOR_RAM,SpuhlerFieldMain,D1,A10,20250516-SpuhlerFieldMain-1,3af744f0-3288-11f0-91e7-fb5a2aac2a77,85.33509,,,8.799,,,,,,,02d18158-196c-4e82-8889-159833404470,2025-05-16,19:01:52.64,2025-05-16T15:01:52.6480896-04:00,2025-05-16T19:01:52.6480896Z,,v3,471300,471298,16 May 2025 14:00-fordham@georgemas,"Barenz, Nick",1000218914,Right,GEO_PAT,7e6da5db-2958-4bb1-9e06-76eb0b6f828b,55.71425,-129.48131,14.8806,6.03543,-5.66419,-6.52255,-0.86693,6.44543,-6.64283,,,,,,,,,,,,,,,,,,,,,,,,,,,,,,,,,,,,,,,,,,,,,,,,,,,High,High,High,,,,,
208,2025-05-16,15:03:54.33,1,1,"Hasan, Ameer",1000367089,Left,FOR_RAM,"Wall, Jonny",1000119703,Right,GEO_PAT,Undefined,6,Bottom,0,0,0,Slider,Curveball,InPlay,Undefined,LineDrive,Out,1,0,,69.61372,1.418023,1.946809,2078.390234,265.32196,2:45,5.2543,-2.32228,4.72405,-58.84921,2.71524,4.85902,1.69685,-0.06928,62.89595,-9.23957,2.800198,0.564724,77.93945,10.292771,-37.422419,2402.453072,,,,133.55146,95.38379,-39.685227,1.331935,-1.74126,1.39504,2.12091,50,5.34545,-3.6028,-100.66367,0.59912,-1.74763,19.67114,-30.77392,GEO_PAT,FOR_RAM,SpuhlerFieldMain,D1,A10,20250516-SpuhlerFieldMain-1,83a36530-3288-11f0-91e7-fb5a2aac2a77,66.74488,8.12624,,6.71778,,,,4.41535,2.09017,0.29685,02d18158-196c-4e82-8889-159833404470,2025-05-16,19:03:54.33,2025-05-16T15:03:54.3357440-04:00,2025-05-16T19:03:54.3357440Z,GroundBall,v3,471300,471298,16 May 2025 14:00-fordham@georgemas,"McAndrews, Thomas",1000092049,Right,FOR_RAM,caf44d78-235c-4a3b-bc1b-b6e03a7a29ee,55.77708,-101.78633,9.83557,5.26114,2.35544,-15.38696,2.32368,-3.50306,-0.87382,,4.41535,89.32224,-14.24049,2.56287,-0.5463,0.09348,-0.01676,0.00278,-0.00026,2.09017,20.42487,-18.02535,1.37981,-0.23716,0.04792,-0.00691,0.00108,-0.00013,0.29685,-68.34741,2.97638,0.18729,-0.12936,0.04377,-0.00974,0.00166,-0.00015,,,,,,,,,,,,,,,,,,,,,,,High,High,High,High,Medium,,,
209,2025-05-16,15:04:22.46,2,1,"Hasan, Ameer",1000367089,Left,FOR_RAM,"Clyne, Owen",1000230336,Left,GEO_PAT,Undefined,6,Bottom,1,0,0,Fastball,Changeup,StrikeCalled,Undefined,Undefined,Undefined,0,0,,80.40568,-1.223475,4.435978,1961.756656,130.973621,10:15,5.34708,-2.09462,4.95183,-32.42955,13.07371,-13.16859,1.48485,1.00815,72.83546,-7.175847,2.121693,0.485504,,,,,,,,,,,,7.86374,7.30918,1.6749,50,5.20193,-8.44431,-116.13619,-3.6068,10.62899,23.84868,-22.29464,GEO_PAT,FOR_RAM,SpuhlerFieldMain,D1,A10,20250516-SpuhlerFieldMain-1,94636b90-3288-11f0-91e7-fb5a2aac2a77,77.63572,,,7.57021,,,,,,,02d18158-196c-4e82-8889-159833404470,2025-05-16,19:04:22.46,2025-05-16T15:04:22.4699392-04:00,2025-05-16T19:04:22.4699392Z,,v3,471300,471298,16 May 2025 14:00-fordham@georgemas,"McAndrews, Thomas",1000092049,Right,FOR_RAM,6ee49e94-18a5-42c6-b4bb-fb0f89c23784,55.54778,-117.2699,11.92434,5.3482,-2.54697,-11.14732,2.08834,-8.94958,5.31449,,,,,,,,,,,,,,,,,,,,,,,,,,,,,,,,,,,,,,,,,,,,,,,,,,,High,High,High,,,,,
210,2025-05-16,15:04:34.91,2,2,"Hasan, Ameer",1000367089,Left,FOR_RAM,"Clyne, Owen",1000230336,Left,GEO_PAT,Undefined,6,Bottom,1,0,1,Fastball,Changeup,BallCalled,Undefined,Undefined,Undefined,0,0,,79.87434,-3.239764,4.440605,1847.326711,133.000941,10:30,5.6222,-1.88091,4.8619,-32.27104,14.40969,-13.52894,-0.14605,1.20322,72.16462,-9.141454,2.064754,0.491745,,,,,,,,,,,,8.2493,8.66213,1.45483,50,5.27488,-8.38192,-115.15034,-7.64168,10.87622,24.98148,-20.75356,GEO_PAT,FOR_RAM,SpuhlerFieldMain,D1,A10,20250516-SpuhlerFieldMain-1,9bc67120-3288-11f0-91e7-fb5a2aac2a77,76.65034,,,7.70972,,,,,,,02d18158-196c-4e82-8889-159833404470,2025-05-16,19:04:34.91,2025-05-16T15:04:34.9164032-04:00,2025-05-16T19:04:34.9164032Z,,v3,471300,471298,16 May 2025 14:00-fordham@georgemas,"McAndrews, Thomas",1000092049,Right,FOR_RAM,b2348867-eeb5-4462-a92d-ee3bb8fe9cf9,55.63994,-116.36748,12.49074,5.62257,-6.63053,-10.37678,1.87612,-8.91183,5.43811,,,,,,,,,,,,,,,,,,,,,,,,,,,,,,,,,,,,,,,,,,,,,,,,,,,High,High,High,,,,,
211,2025-05-16,15:04:48.58,2,3,"Hasan, Ameer",1000367089,Left,FOR_RAM,"Clyne, Owen",1000230336,Left,GEO_PAT,Undefined,6,Bottom,1,1,1,Slider,Curveball,BallCalled,Undefined,Undefined,Undefined,0,0,,69.60761,4.395399,-0.106834,2013.038376,311.280556,4:30,5.3086,-2.00076,4.69137,-64.13078,-2.68232,5.54201,4.14598,-1.64036,62.80216,-7.204466,0.86457,0.564192,,,,,,,,,,,,-2.72099,-2.01142,2.00631,50,5.69839,-0.02855,-100.52138,5.59227,-2.74655,18.34545,-34.20436,GEO_PAT,FOR_RAM,SpuhlerFieldMain,D1,A10,20250516-SpuhlerFieldMain-1,a3e65e10-3288-11f0-91e7-fb5a2aac2a77,66.80782,,,6.80545,,,,,,,02d18158-196c-4e82-8889-159833404470,2025-05-16,19:04:48.58,2025-05-16T15:04:48.5830144-04:00,2025-05-16T19:04:48.5830144Z,,v3,471300,471298,16 May 2025 14:00-fordham@georgemas,"McAndrews, Thomas",1000092049,Right,FOR_RAM,bb1c6ed3-6c76-4e99-8d2d-f4db8dc0928b,55.80916,-101.57604,9.17273,5.32037,7.55864,-17.10218,2.00342,0.12934,-1.37327,,,,,,,,,,,,,,,,,,,,,,,,,,,,,,,,,,,,,,,,,,,,,,,,,,,High,High,High,,,,,
212,2025-05-16,15:05:05.12,2,4,"Hasan, Ameer",1000367089,Left,FOR_RAM,"Clyne, Owen",1000230336,Left,GEO_PAT,Undefined,6,Bottom,1,2,1,Fastball,Changeup,BallCalled,Undefined,Undefined,Undefined,0,0,,80.87683,0.832742,3.145689,1953.549503,152.065926,11:00,5.31281,-2.18877,5.34198,-29.11789,15.203,-7.21481,3.66878,0.16406,72.83315,-4.603709,1.867355,0.479154,,,,,,,,,,,,4.59658,7.80804,1.91007,50,5.36774,-6.12827,-117.01305,0.77518,6.28599,24.89268,-21.49631,GEO_PAT,FOR_RAM,SpuhlerFieldMain,D1,A10,20250516-SpuhlerFieldMain-1,adb162f0-3288-11f0-91e7-fb5a2aac2a77,78.66448,,,8.04368,,,,,,,02d18158-196c-4e82-8889-159833404470,2025-05-16,19:05:05.12,2025-05-16T15:05:05.1235328-04:00,2025-05-16T19:05:05.1235328Z,,v3,471300,471298,16 May 2025 14:00-fordham@georgemas,"McAndrews, Thomas",1000092049,Right,FOR_RAM,0ad31648-1424-4a46-89a6-25d381ffe591,55.15598,-118.10481,12.44634,5.31307,1.71798,-10.74816,2.18489,-6.40397,3.143,,,,,,,,,,,,,,,,,,,,,,,,,,,,,,,,,,,,,,,,,,,,,,,,,,,High,High,High,,,,,
213,2025-05-16,15:05:20.87,2,5,"Hasan, Ameer",1000367089,Left,FOR_RAM,"Clyne, Owen",1000230336,Left,GEO_PAT,Undefined,6,Bottom,1,3,1,Fastball,Changeup,StrikeCalled,Undefined,Undefined,Undefined,0,0,,80.05111,-1.222528,3.154349,1941.171122,162.835877,11:30,5.46458,-1.96541,5.16162,-27.31013,18.32828,-5.1378,2.03607,0.57858,72.18079,-6.313913,2.246691,0.486224,,,,,,,,,,,,3.56406,9.99788,1.67476,50,5.33017,-6.16172,-115.74084,-3.33629,4.76147,24.6503,-18.81722,GEO_PAT,FOR_RAM,SpuhlerFieldMain,D1,A10,20250516-SpuhlerFieldMain-1,b714cc60-3288-11f0-91e7-fb5a2aac2a77,77.5207,,,7.87032,,,,,,,02d18158-196c-4e82-8889-159833404470,2025-05-16,19:05:20.87,2025-05-16T15:05:20.8754176-04:00,2025-05-16T19:05:20.8754176Z,,v3,471300,471298,16 May 2025 14:00-fordham@georgemas,"McAndrews, Thomas",1000092049,Right,FOR_RAM,0ceea7f4-a9d8-4c87-bc38-220f59a0ec2e,55.33588,-116.87174,12.32515,5.46343,-2.473,-9.40861,1.96246,-6.38017,2.38073,,,,,,,,,,,,,,,,,,,,,,,,,,,,,,,,,,,,,,,,,,,,,,,,,,,High,High,High,,,,,
214,2025-05-16,15:05:35.94,2,6,"Hasan, Ameer",1000367089,Left,FOR_RAM,"Clyne, Owen",1000230336,Left,GEO_PAT,Undefined,6,Bottom,1,3,2,Slider,Curveball,BallCalled,Walk,Undefined,Undefined,0,0,,71.62283,1.84198,3.642828,2093.022672,260.280161,2:45,5.16191,-1.99937,5.014,-54.79129,2.6152,3.25083,2.33866,1.7145,64.87397,-8.121318,4.214755,0.545321,,,,,,,,,,,,-0.4252,1.31614,1.64672,50,5.29523,-6.71278,-103.48712,1.56628,-0.45395,19.77023,-30.7689,GEO_PAT,FOR_RAM,SpuhlerFieldMain,D1,A10,20250516-SpuhlerFieldMain-1,c01b6fd0-3288-11f0-91e7-fb5a2aac2a77,69.11979,,,6.74886,,,,,,,02d18158-196c-4e82-8889-159833404470,2025-05-16,19:05:35.94,2025-05-16T15:05:35.9414272-04:00,2025-05-16T19:05:35.9414272Z,,v3,471300,471298,16 May 2025 14:00-fordham@georgemas,"McAndrews, Thomas",1000092049,Right,FOR_RAM,161b48b1-a725-4492-b1bc-d67f2de159da,55.48549,-104.52981,9.88512,5.16983,3.18905,-15.38445,2.00012,-6.68884,-0.22698,,,,,,,,,,,,,,,,,,,,,,,,,,,,,,,,,,,,,,,,,,,,,,,,,,,High,High,High,,,,,
215,2025-05-16,15:06:07.46,3,1,"Hasan, Ameer",1000367089,Left,FOR_RAM,"Quinn-Irons, Jaime",1000216379,Right,GEO_PAT,Undefined,6,Bottom,1,0,0,Slider,Curveball,StrikeCalled,Undefined,Undefined,Undefined,0,0,,71.02524,1.693,1.080924,2175.284468,308.957881,4:15,5.32798,-2.2576,4.59539,-60.28003,-1.34803,4.23508,1.91573,-0.87641,64.59786,-9.159758,1.823734,0.552519,,,,,,,,,,,,-1.72252,-0.59343,2.14181,50,5.44701,-2.1061,-102.8031,0.98242,-1.81904,19.1435,-32.80073,GEO_PAT,FOR_RAM,SpuhlerFieldMain,D1,A10,20250516-SpuhlerFieldMain-1,d3038650-3288-11f0-91e7-fb5a2aac2a77,68.21929,,,6.42738,,,,,,,02d18158-196c-4e82-8889-159833404470,2025-05-16,19:06:07.46,2025-05-16T15:06:07.4661376-04:00,2025-05-16T19:06:07.4661376Z,,v3,471300,471298,16 May 2025 14:00-fordham@georgemas,"McAndrews, Thomas",1000092049,Right,FOR_RAM,f00a4659-4cff-4934-b948-1567d24f106e,55.90582,-103.89703,9.57175,5.33731,2.85678,-16.40036,2.25919,-2.00215,-0.90952,,,,,,,,,,,,,,,,,,,,,,,,,,,,,,,,,,,,,,,,,,,,,,,,,,,High,High,High,,,,,
216,2025-05-16,15:06:22.17,3,2,"Hasan, Ameer",1000367089,Left,FOR_RAM,"Quinn-Irons, Jaime",1000216379,Right,GEO_PAT,Undefined,6,Bottom,1,0,1,ChangeUp,Changeup,StrikeSwinging,Undefined,Undefined,Undefined,0,0,,74.12729,-0.22171,4.060451,1645.312461,121.314764,10:00,5.4593,-2.25753,5.17943,-40.58644,12.39705,-17.26414,1.86795,0.13098,67.26632,-7.680322,1.010048,0.523892,,,,,,,,,,,,9.84973,6.79075,1.89294,50,5.40822,-6.94414,-107.19916,-1.6877,11.34235,20.33171,-24.35425,GEO_PAT,FOR_RAM,SpuhlerFieldMain,D1,A10,20250516-SpuhlerFieldMain-1,dbbd6950-3288-11f0-91e7-fb5a2aac2a77,71.94698,,,6.86096,,,,,,,02d18158-196c-4e82-8889-159833404470,2025-05-16,19:06:22.17,2025-05-16T15:06:22.1719552-04:00,2025-05-16T19:06:22.1719552Z,,v3,471300,471298,16 May 2025 14:00-fordham@georgemas,"McAndrews, Thomas",1000092049,Right,FOR_RAM,10952553-34ad-460b-b8cb-707bcb5572a9,55.32089,-108.20363,10.16585,5.46188,-0.4845,-12.17713,2.24985,-7.5045,5.67117,,,,,,,,,,,,,,,,,,,,,,,,,,,,,,,,,,,,,,,,,,,,,,,,,,,High,High,High,,,,,
217,2025-05-16,15:06:38.53,3,3,"Hasan, Ameer",1000367089,Left,FOR_RAM,"Quinn-Irons, Jaime",1000216379,Right,GEO_PAT,Undefined,6,Bottom,1,0,2,ChangeUp,Changeup,StrikeSwinging,Strikeout,Undefined,Undefined,0,0,,72.66757,-0.114024,3.344362,1471.866972,91.429229,9:00,5.50648,-2.36808,5.28501,-52.63747,2.41969,-16.56253,1.01275,-0.60393,66.02638,-9.713715,0.403868,0.534046,,,,,,,,,,,,9.41217,1.78563,2.07558,50,5.45757,-5.5349,-105.18596,-1.8665,10.37662,20.49887,-30.20543,GEO_PAT,FOR_RAM,SpuhlerFieldMain,D1,A10,20250516-SpuhlerFieldMain-1,e5827ac0-3288-11f0-91e7-fb5a2aac2a77,70.57906,,,6.64118,,,,,,,02d18158-196c-4e82-8889-159833404470,2025-05-16,19:06:38.53,2025-05-16T15:06:38.5323008-04:00,2025-05-16T19:06:38.5323008Z,,v3,471300,471298,16 May 2025 14:00-fordham@georgemas,"McAndrews, Thomas",1000092049,Right,FOR_RAM,2c41605c-3d1b-4f75-a9d7-efe6dab025b5,55.21716,-106.19782,10.24944,5.51291,-0.3755,-15.10272,2.36144,-6.04711,5.18831,,,,,,,,,,,,,,,,,,,,,,,,,,,,,,,,,,,,,,,,,,,,,,,,,,,High,High,High,,,,,
218,2025-05-16,15:07:13.60,4,1,"Hasan, Ameer",1000367089,Left,FOR_RAM,"Hull, Owen",10054797,Left,GEO_PAT,Undefined,6,Bottom,2,0,0,Slider,Curveball,BallCalled,Undefined,Undefined,Undefined,0,0,,71.70052,0.353016,4.023308,2288.212957,311.377336,4:30,5.17697,-2.56269,4.53192,-60.57165,-2.65992,5.21583,0.46633,1.70957,65.83769,-10.448861,4.933941,0.547715,,,,,,,,,,,,-1.34284,-0.96315,2.13689,50,5.15616,-7.4924,-103.66324,-1.44379,-1.44771,18.82143,-33.21244,GEO_PAT,FOR_RAM,SpuhlerFieldMain,D1,A10,20250516-SpuhlerFieldMain-1,fa66d670-3288-11f0-91e7-fb5a2aac2a77,68.81761,,,5.86283,,,,,,,02d18158-196c-4e82-8889-159833404470,2025-05-16,19:07:13.60,2025-05-16T15:07:13.6093696-04:00,2025-05-16T19:07:13.6093696Z,,v3,471300,471298,16 May 2025 14:00-fordham@georgemas,"McAndrews, Thomas",1000092049,Right,FOR_RAM,668a189e-5425-4037-8030-b432833d2021,55.97191,-104.74191,9.41072,5.18436,0.45964,-16.60622,2.56391,-7.40943,-0.72386,,,,,,,,,,,,,,,,,,,,,,,,,,,,,,,,,,,,,,,,,,,,,,,,,,,High,High,High,,,,,
219,2025-05-16,15:07:37.60,4,2,"Hasan, Ameer",1000367089,Left,FOR_RAM,"Hull, Owen",10054797,Left,GEO_PAT,Undefined,6,Bottom,2,1,0,Fastball,Changeup,BallCalled,Undefined,Undefined,Undefined,0,0,,81.6946,-1.730789,5.17614,1934.45858,146.306777,11:00,5.4962,-2.13362,5.01394,-27.17982,16.67843,-10.11008,1.5904,1.92277,74.32191,-6.741608,3.40203,0.476647,,,,,,,,,,,,6.49744,9.20512,1.64429,50,5.30817,-10.24293,-117.91195,-4.49157,9.10618,23.36354,-19.27303,GEO_PAT,FOR_RAM,SpuhlerFieldMain,D1,A10,20250516-SpuhlerFieldMain-1,0896bc10-3289-11f0-91e7-fb5a2aac2a77,79.07826,,,7.37269,,,,,,,02d18158-196c-4e82-8889-159833404470,2025-05-16,19:07:37.60,2025-05-16T15:07:37.6074752-04:00,2025-05-16T19:07:37.6074752Z,,v3,471300,471298,16 May 2025 14:00-fordham@georgemas,"McAndrews, Thomas",1000092049,Right,FOR_RAM,35f9f4de-11fc-4636-b955-dcb1cb619832,55.48551,-118.9939,11.68177,5.4955,-3.59905,-9.63652,2.1284,-10.66464,4.55309,,,,,,,,,,,,,,,,,,,,,,,,,,,,,,,,,,,,,,,,,,,,,,,,,,,High,High,High,,,,,
220,2025-05-16,15:07:57.37,4,3,"Hasan, Ameer",1000367089,Left,FOR_RAM,"Hull, Owen",10054797,Left,GEO_PAT,Undefined,6,Bottom,2,2,0,Fastball,Changeup,BallCalled,Undefined,Undefined,Undefined,0,0,,79.82114,-1.16203,4.702396,1837.758307,123.468605,10:00,5.50802,-2.10093,4.83967,-38.78545,7.32449,-8.73461,1.1717,1.63394,72.94645,-8.183673,3.171151,0.48873,,,,,,,,,,,,5.67449,4.39158,1.64245,50,5.35964,-9.11569,-115.33064,-3.74618,7.61178,22.26348,-26.28316,GEO_PAT,FOR_RAM,SpuhlerFieldMain,D1,A10,20250516-SpuhlerFieldMain-1,147ed490-3289-11f0-91e7-fb5a2aac2a77,77.12328,,,6.8747,,,,,,,02d18158-196c-4e82-8889-159833404470,2025-05-16,19:07:57.37,2025-05-16T15:07:57.3747712-04:00,2025-05-16T19:07:57.3747712Z,,v3,471300,471298,16 May 2025 14:00-fordham@georgemas,"McAndrews, Thomas",1000092049,Right,FOR_RAM,fee542c8-4258-40f2-95e5-8501dbc0c1e9,55.66161,-116.41843,11.13174,5.51131,-2.46199,-13.14158,2.09693,-9.4876,3.80589,,,,,,,,,,,,,,,,,,,,,,,,,,,,,,,,,,,,,,,,,,,,,,,,,,,High,High,High,,,,,
221,2025-05-16,15:08:17.18,4,4,"Hasan, Ameer",1000367089,Left,FOR_RAM,"Hull, Owen",10054797,Left,GEO_PAT,Undefined,6,Bottom,2,3,0,Fastball,Changeup,BallCalled,Walk,Undefined,Undefined,0,0,,78.48499,0.726129,4.27663,1879.658837,146.845368,11:00,5.52787,-2.15185,4.71664,-31.44714,16.64099,-9.76804,3.59838,1.10044,70.96029,-5.061085,2.569397,0.499103,,,,,,,,,,,,6.05355,8.40902,1.72786,50,5.57445,-8.05382,-113.34952,0.37252,7.81091,22.31048,-21.32391,GEO_PAT,FOR_RAM,SpuhlerFieldMain,D1,A10,20250516-SpuhlerFieldMain-1,202e02c0-3289-11f0-91e7-fb5a2aac2a77,75.52034,,,7.5247,,,,,,,02d18158-196c-4e82-8889-159833404470,2025-05-16,19:08:17.18,2025-05-16T15:08:17.1868672-04:00,2025-05-16T19:08:17.1868672Z,,v3,471300,471298,16 May 2025 14:00-fordham@georgemas,"McAndrews, Thomas",1000092049,Right,FOR_RAM,bce28970-92eb-4599-8cc4-3f2399515176,55.78166,-114.48186,11.15524,5.52808,1.45479,-10.66195,2.14668,-8.45025,3.90545,,,,,,,,,,,,,,,,,,,,,,,,,,,,,,,,,,,,,,,,,,,,,,,,,,,High,High,High,,,,,
222,2025-05-16,15:08:59.89,5,1,"Hasan, Ameer",1000367089,Left,FOR_RAM,"Butler, Jake",1000176047,Right,GEO_PAT,Undefined,6,Bottom,2,0,0,Slider,Curveball,BallCalled,Undefined,Undefined,Undefined,0,0,,67.69899,4.000163,0.641629,1957.462422,315.251777,4:30,5.30582,-2.2136,4.75794,-69.79035,-5.23949,7.39666,3.28985,-0.98871,61.49616,-8.594515,1.940436,0.578259,,,,,,,,,,,,-3.40843,-3.11984,2.14226,50,5.6466,-1.37219,-97.88121,4.59528,-3.26973,17.06173,-35.16693,GEO_PAT,FOR_RAM,SpuhlerFieldMain,D1,A10,20250516-SpuhlerFieldMain-1,39b02980-3289-11f0-91e7-fb5a2aac2a77,65.18262,,,6.20282,,,,,,,02d18158-196c-4e82-8889-159833404470,2025-05-16,19:08:59.89,2025-05-16T15:08:59.8901760-04:00,2025-05-16T19:08:59.8901760Z,,v3,471300,471298,16 May 2025 14:00-fordham@georgemas,"McAndrews, Thomas",1000092049,Right,FOR_RAM,a5b7f669-3ca0-468d-a1b4-f938fc3b0b75,55.74463,-98.87749,8.53086,5.31832,6.64877,-17.58347,2.21681,-1.18126,-1.63487,,,,,,,,,,,,,,,,,,,,,,,,,,,,,,,,,,,,,,,,,,,,,,,,,,,High,High,High,,,,,
223,2025-05-16,15:09:16.45,5,2,"Hasan, Ameer",1000367089,Left,FOR_RAM,"Butler, Jake",1000176047,Right,GEO_PAT,Undefined,6,Bottom,2,1,0,ChangeUp,Changeup,BallCalled,Undefined,Undefined,Undefined,0,0,,72.84662,2.698048,3.447807,1600.014501,93.123369,9:00,5.3381,-2.41182,5.16829,-52.0953,2.94567,-17.90643,3.54263,-0.65513,65.77263,-6.832274,0.28489,0.533967,,,,,,,,,,,,9.95111,1.2085,2.10428,50,5.5508,-5.65369,-105.30161,3.29371,11.02931,20.03143,-30.83462,GEO_PAT,FOR_RAM,SpuhlerFieldMain,D1,A10,20250516-SpuhlerFieldMain-1,438a97b0-3289-11f0-91e7-fb5a2aac2a77,70.58946,,,7.07399,,,,,,,02d18158-196c-4e82-8889-159833404470,2025-05-16,19:09:16.45,2025-05-16T15:09:16.4577280-04:00,2025-05-16T19:09:16.4577280Z,,v3,471300,471298,16 May 2025 14:00-fordham@georgemas,"McAndrews, Thomas",1000092049,Right,FOR_RAM,4538d595-d5cd-4b5f-9d39-3ca33b6f2095,55.33266,-106.31119,10.01572,5.34563,4.84778,-15.41731,2.40324,-6.20957,5.51466,,,,,,,,,,,,,,,,,,,,,,,,,,,,,,,,,,,,,,,,,,,,,,,,,,,High,High,High,,,,,
224,2025-05-16,15:09:37.06,5,3,"Hasan, Ameer",1000367089,Left,FOR_RAM,"Butler, Jake",1000176047,Right,GEO_PAT,Undefined,6,Bottom,2,2,0,Fastball,Changeup,StrikeCalled,Undefined,Undefined,Undefined,0,0,,79.08922,-0.852623,4.6764,1854.197628,116.207502,9:45,5.4804,-2.20532,4.73979,-37.84498,9.78989,-16.26902,1.51505,0.88506,71.37213,-7.750063,1.828271,0.496745,,,,,,,,,,,,9.56256,5.54658,1.74893,50,5.36129,-8.64843,-114.14619,-3.04729,12.41886,24.08122,-24.97077,GEO_PAT,FOR_RAM,SpuhlerFieldMain,D1,A10,20250516-SpuhlerFieldMain-1,4fe08d30-3289-11f0-91e7-fb5a2aac2a77,75.87879,,,7.71709,,,,,,,02d18158-196c-4e82-8889-159833404470,2025-05-16,19:09:37.06,2025-05-16T15:09:37.0679808-04:00,2025-05-16T19:09:37.0679808Z,,v3,471300,471298,16 May 2025 14:00-fordham@georgemas,"McAndrews, Thomas",1000092049,Right,FOR_RAM,63c1c10c-4aef-4264-a8df-a05c61abb297,55.76155,-115.3553,12.04061,5.48282,-1.79353,-12.48538,2.19881,-9.27197,6.20943,,,,,,,,,,,,,,,,,,,,,,,,,,,,,,,,,,,,,,,,,,,,,,,,,,,High,High,High,,,,,
225,2025-05-16,15:09:53.48,5,4,"Hasan, Ameer",1000367089,Left,FOR_RAM,"Butler, Jake",1000176047,Right,GEO_PAT,Undefined,6,Bottom,2,2,1,ChangeUp,Changeup,BallCalled,Undefined,Undefined,Undefined,0,0,,73.4739,3.006928,2.013417,1595.792387,135.894366,10:30,5.32055,-2.40388,5.31702,-39.2549,14.59127,-12.26922,4.87587,-1.53579,66.01664,-4.294168,-0.160833,0.52814,,,,,,,,,,,,6.72359,6.8989,2.23038,50,5.56582,-3.25977,-106.23403,4.41141,7.57393,20.62444,-24.40266,GEO_PAT,FOR_RAM,SpuhlerFieldMain,D1,A10,20250516-SpuhlerFieldMain-1,599d8850-3289-11f0-91e7-fb5a2aac2a77,71.36832,,,7.45726,,,,,,,02d18158-196c-4e82-8889-159833404470,2025-05-16,19:09:53.48,2025-05-16T15:09:53.4816256-04:00,2025-05-16T19:09:53.4816256Z,,v3,471300,471298,16 May 2025 14:00-fordham@georgemas,"McAndrews, Thomas",1000092049,Right,FOR_RAM,1b4de177-10a1-46d8-93ca-dac860e0b628,55.17995,-107.23496,10.31222,5.32299,5.59571,-12.20133,2.3975,-3.62734,3.78697,,,,,,,,,,,,,,,,,,,,,,,,,,,,,,,,,,,,,,,,,,,,,,,,,,,High,High,High,,,,,
226,2025-05-16,15:10:13.55,5,5,"Hasan, Ameer",1000367089,Left,FOR_RAM,"Butler, Jake",1000176047,Right,GEO_PAT,Undefined,6,Bottom,2,3,1,Fastball,Changeup,StrikeCalled,Undefined,Undefined,Undefined,0,0,,78.90416,0.955853,3.150089,1807.330004,105.670739,9:30,5.45779,-2.23653,4.88341,-40.4029,7.15185,-19.13159,2.99671,-0.84739,70.90066,-6.442222,-0.21555,0.496327,,,,,,,,,,,,10.42205,3.72477,1.94395,50,5.51832,-5.45461,-114.06285,0.47538,13.48512,24.47507,-27.35457,GEO_PAT,FOR_RAM,SpuhlerFieldMain,D1,A10,20250516-SpuhlerFieldMain-1,6585c7e0-3289-11f0-91e7-fb5a2aac2a77,75.94268,,,8.0035,,,,,,,02d18158-196c-4e82-8889-159833404470,2025-05-16,19:10:13.55,2025-05-16T15:10:13.5565824-04:00,2025-05-16T19:10:13.5565824Z,,v3,471300,471298,16 May 2025 14:00-fordham@georgemas,"McAndrews, Thomas",1000092049,Right,FOR_RAM,f7984143-1fc9-4e07-b8cf-234bd13fdc23,55.61614,-115.26163,12.23753,5.46222,1.8152,-13.67729,2.22729,-6.11511,6.74256,,,,,,,,,,,,,,,,,,,,,,,,,,,,,,,,,,,,,,,,,,,,,,,,,,,High,High,High,,,,,
227,2025-05-16,15:10:31.84,5,6,"Hasan, Ameer",1000367089,Left,FOR_RAM,"Butler, Jake",1000176047,Right,GEO_PAT,Undefined,6,Bottom,2,3,2,Slider,Curveball,BallCalled,Walk,Undefined,Undefined,0,0,,70.03318,3.511141,1.876846,2160.003421,293.57594,3:45,5.20095,-2.26354,4.70511,-60.79074,-0.19197,5.33544,3.47399,-0.03668,63.35425,-7.48824,2.811757,0.560278,,,,,,,,,,,,-2.00413,-0.55803,2.06824,50,5.50316,-3.52267,-101.18638,4.19799,-2.05038,18.54783,-32.74495,GEO_PAT,FOR_RAM,SpuhlerFieldMain,D1,A10,20250516-SpuhlerFieldMain-1,707bb830-3289-11f0-91e7-fb5a2aac2a77,67.27457,,,6.67893,,,,,,,02d18158-196c-4e82-8889-159833404470,2025-05-16,19:10:31.84,2025-05-16T15:10:31.8429696-04:00,2025-05-16T19:10:31.8429696Z,,v3,471300,471298,16 May 2025 14:00-fordham@georgemas,"McAndrews, Thomas",1000092049,Right,FOR_RAM,0fc69706-c3ae-4caa-84cc-8cabaecd8aae,55.79518,-102.24314,9.27392,5.21083,6.06363,-16.37247,2.26561,-3.40585,-1.02519,,,,,,,,,,,,,,,,,,,,,,,,,,,,,,,,,,,,,,,,,,,,,,,,,,,High,High,High,,,,,
228,2025-05-16,15:11:44.69,6,1,"Hasan, Ameer",1000367089,Left,FOR_RAM,"Alberti, Lucas",1000145512,Right,GEO_PAT,Undefined,6,Bottom,2,0,0,Slider,Curveball,BallCalled,Undefined,Undefined,Undefined,0,0,,69.19775,0.969801,2.674224,2081.455685,316.36406,4:30,5.21927,-2.1185,4.87273,-65.64685,-3.47713,5.57394,0.66754,0.87852,62.66172,-10.87842,3.656322,0.567493,,,,,,,,,,,,-1.84016,-1.55988,1.85008,50,5.25895,-4.87545,-100.05833,-0.38885,-1.81779,19.99342,-33.71499,GEO_PAT,FOR_RAM,SpuhlerFieldMain,D1,A10,20250516-SpuhlerFieldMain-1,9bff17e0-3289-11f0-91e7-fb5a2aac2a77,66.41917,,,6.53603,,,,,,,02d18158-196c-4e82-8889-159833404470,2025-05-16,19:11:44.69,2025-05-16T15:11:44.6995456-04:00,2025-05-16T19:11:44.6995456Z,,v3,471300,471298,16 May 2025 14:00-fordham@georgemas,"McAndrews, Thomas",1000092049,Right,FOR_RAM,ad1aaa80-3f05-4ed5-9048-f1dbe67fa0e0,55.6299,-101.17703,9.99671,5.22793,1.49762,-16.85749,2.12003,-4.77373,-0.90889,,,,,,,,,,,,,,,,,,,,,,,,,,,,,,,,,,,,,,,,,,,,,,,,,,,High,High,High,,,,,
229,2025-05-16,15:12:00.40,6,2,"Hasan, Ameer",1000367089,Left,FOR_RAM,"Alberti, Lucas",1000145512,Right,GEO_PAT,Undefined,6,Bottom,2,1,0,Fastball,Changeup,InPlay,Undefined,GroundBall,Out,1,0,,78.94348,0.159978,2.936388,1781.912349,103.862026,9:30,5.40542,-2.22712,4.94915,-41.63388,5.30075,-14.89422,2.08731,-0.69101,71.74781,-7.421398,0.310832,0.493081,94.67024,2.799279,9.42233,2104.972708,,,,63.43941,61.74581,10.762436,0.466595,8.29355,3.01201,1.95503,50,5.38675,-5.24502,-114.30811,-1.15312,10.87233,22.87886,-28.22547,GEO_PAT,FOR_RAM,SpuhlerFieldMain,D1,A10,20250516-SpuhlerFieldMain-1,a5516a50-3289-11f0-91e7-fb5a2aac2a77,76.44271,2.61029,,7.19568,,,,2.33824,2.16239,0.67365,02d18158-196c-4e82-8889-159833404470,2025-05-16,19:12:00.40,2025-05-16T15:12:00.4097024-04:00,2025-05-16T19:12:00.4097024Z,GroundBall,v3,471300,471298,16 May 2025 14:00-fordham@georgemas,"McAndrews, Thomas",1000092049,Right,FOR_RAM,16fa47c1-0acc-46b8-b2b5-cba95c48d813,55.55294,-115.41418,11.43943,5.40951,0.21143,-14.11273,2.22131,-5.77064,5.43616,325.415542,2.34652,136.57566,-17.25416,,,,,,,2.17761,6.34361,-23.66429,,,,,,,0.66863,22.84887,2.39512,,,,,,,,,,,,,,,,,,,,,,,,,,,,,High,High,High,High,High,,,
230,2025-05-16,15:14:08.61,1,1,"Bilo, Michael",10091065,Right,GEO_PAT,"Kanellis, Andrew",1000287028,Right,FOR_RAM,Undefined,7,Top,0,0,0,Slider,Curveball,BallCalled,Undefined,Undefined,Undefined,0,0,,78.46999,-0.46799,-2.632589,1836.096368,313.257394,4:30,5.97126,0.93589,4.47386,-48.1777,0.06657,1.64724,1.50984,-1.43823,71.7957,-9.092839,-2.34445,0.499913,,,,,,,,,,,,-1.58807,0.60681,-0.66006,50,5.87538,5.15166,-113.58743,-2.76034,-2.0608,22.11351,-31.38659,GEO_PAT,FOR_RAM,SpuhlerFieldMain,D1,A10,20250516-SpuhlerFieldMain-1,f1c1e590-3289-11f0-91e7-fb5a2aac2a77,75.39801,,,6.67428,,,,,,,02d18158-196c-4e82-8889-159833404470,2025-05-16,19:14:08.61,2025-05-16T15:14:08.6192128-04:00,2025-05-16T19:14:08.6192128Z,,v3,471300,471298,16 May 2025 14:00-fordham@georgemas,"Barenz, Nick",1000218914,Right,GEO_PAT,c47a14a5-c7a6-4153-9067-991e2eaa31d7,56.02833,-114.75504,11.05675,5.97738,-1.1031,-15.6933,-0.93494,5.26047,-1.0304,,,,,,,,,,,,,,,,,,,,,,,,,,,,,,,,,,,,,,,,,,,,,,,,,,,High,High,High,,,,,
231,2025-05-16,15:14:25.67,1,2,"Bilo, Michael",10091065,Right,GEO_PAT,"Kanellis, Andrew",1000287028,Right,FOR_RAM,Undefined,7,Top,0,1,0,Slider,Curveball,StrikeSwinging,Undefined,Undefined,Undefined,0,0,,78.6152,-0.831504,-2.1554,1893.863165,4.963693,6:15,5.88332,1.00307,4.56389,-48.28975,-0.08811,-0.15618,1.06721,-1.06224,71.55,-9.499448,-2.182787,0.499692,,,,,,,,,,,,-0.61217,0.61508,-0.77913,50,5.75159,4.28843,-113.76727,-3.45821,-0.79084,23.65852,-31.37943,GEO_PAT,FOR_RAM,SpuhlerFieldMain,D1,A10,20250516-SpuhlerFieldMain-1,fbebd350-3289-11f0-91e7-fb5a2aac2a77,75.43136,,,7.0652,,,,,,,02d18158-196c-4e82-8889-159833404470,2025-05-16,19:14:25.67,2025-05-16T15:14:25.6773632-04:00,2025-05-16T19:14:25.6773632Z,,v3,471300,471298,16 May 2025 14:00-fordham@georgemas,"Barenz, Nick",1000218914,Right,GEO_PAT,497cbe61-edf4-4d56-8b1b-e0ecc0dc03e8,55.93858,-114.9956,11.82926,5.88885,-1.82902,-15.68972,-1.00284,4.32949,-0.39542,,,,,,,,,,,,,,,,,,,,,,,,,,,,,,,,,,,,,,,,,,,,,,,,,,,High,High,High,,,,,
232,2025-05-16,15:14:43.55,1,3,"Bilo, Michael",10091065,Right,GEO_PAT,"Kanellis, Andrew",1000287028,Right,FOR_RAM,Undefined,7,Top,0,1,1,Fastball,Sinker,StrikeCalled,Undefined,Undefined,Undefined,0,0,,88.31414,-1.947695,-3.25889,2185.99325,228.333437,1:30,6.01488,0.91503,4.6269,-21.77891,16.1256,16.65245,2.34474,-0.79858,80.21014,-5.964113,-0.343871,0.443115,,,,,,,,,,,,-9.11158,8.82709,-0.59646,50,5.79541,6.47066,-127.72793,-5.17155,-14.97478,27.57534,-17.6668,GEO_PAT,FOR_RAM,SpuhlerFieldMain,D1,A10,20250516-SpuhlerFieldMain-1,068af110-328a-11f0-91e7-fb5a2aac2a77,85.06237,,,8.104,,,,,,,02d18158-196c-4e82-8889-159833404470,2025-05-16,19:14:43.55,2025-05-16T15:14:43.5599360-04:00,2025-05-16T19:14:43.5599360Z,,v3,471300,471298,16 May 2025 14:00-fordham@georgemas,"Barenz, Nick",1000218914,Right,GEO_PAT,6e822f4b-b49f-4970-9c0d-6d9ee7bb53f8,55.87462,-128.98997,13.78767,6.01359,-4.36299,-8.8334,-0.90828,7.15601,-7.48739,,,,,,,,,,,,,,,,,,,,,,,,,,,,,,,,,,,,,,,,,,,,,,,,,,,High,High,High,,,,,
233,2025-05-16,15:15:00.56,1,4,"Bilo, Michael",10091065,Right,GEO_PAT,"Kanellis, Andrew",1000287028,Right,FOR_RAM,Undefined,7,Top,0,1,2,Slider,Slider,FoulBallNotFieldable,Undefined,Undefined,Undefined,0,0,,79.21774,0.188831,-1.14283,1846.639069,37.53408,7:15,5.88097,1.00393,4.49795,-48.96156,-0.97465,-2.1639,1.98081,-0.26551,71.26245,-8.637336,-1.521926,0.498578,,,,,,,,,,,,0.66559,-0.12457,-0.88175,50,5.85396,2.37924,-114.56114,-1.4828,0.86328,25.90843,-32.33561,GEO_PAT,FOR_RAM,SpuhlerFieldMain,D1,A10,20250516-SpuhlerFieldMain-1,10b37f40-328a-11f0-91e7-fb5a2aac2a77,75.59994,,,7.95529,,,,,,,02d18158-196c-4e82-8889-159833404470,2025-05-16,19:15:00.56,2025-05-16T15:15:00.5694464-04:00,2025-05-16T19:15:00.5694464Z,,v3,471300,471298,16 May 2025 14:00-fordham@georgemas,"Barenz, Nick",1000218914,Right,GEO_PAT,87ca3ff7-9f41-46d7-9463-090373ddfbc0,56.00323,-115.91084,12.95421,5.88733,0.20173,-16.16781,-1.00452,2.33427,0.43164,,,,,,,,,,,,,,,,,,,,,,,,,,,,,,,,,,,,,,,,,,,,,,,,,,,High,High,High,,,,,
234,2025-05-16,15:15:20.75,1,5,"Bilo, Michael",10091065,Right,GEO_PAT,"Kanellis, Andrew",1000287028,Right,FOR_RAM,Undefined,7,Top,0,1,2,Fastball,Four-Seam,BallCalled,Undefined,Undefined,Undefined,0,0,,87.5981,-0.460513,-2.757527,2089.591604,197.295923,12:30,6.05026,0.87261,4.67774,-17.21674,21.48332,6.25193,4.17765,-1.22732,78.79214,-3.715636,-1.662683,0.447741,,,,,,,,,,,,-3.9137,11.03032,-0.59769,50,5.98912,5.79658,-126.6527,-1.589,-6.27545,28.96665,-14.48742,GEO_PAT,FOR_RAM,SpuhlerFieldMain,D1,A10,20250516-SpuhlerFieldMain-1,1ca079c0-328a-11f0-91e7-fb5a2aac2a77,84.1835,,,8.80596,,,,,,,02d18158-196c-4e82-8889-159833404470,2025-05-16,19:15:20.75,2025-05-16T15:15:20.7582720-04:00,2025-05-16T19:15:20.7582720Z,,v3,471300,471298,16 May 2025 14:00-fordham@georgemas,"Barenz, Nick",1000218914,Right,GEO_PAT,c10f46f7-23d8-466c-a478-cc7fa682c434,55.82013,-127.97689,14.48332,6.04662,-0.92671,-7.24371,-0.86924,6.08345,-3.13773,,,,,,,,,,,,,,,,,,,,,,,,,,,,,,,,,,,,,,,,,,,,,,,,,,,High,High,High,,,,,
235,2025-05-16,15:15:39.01,1,6,"Bilo, Michael",10091065,Right,GEO_PAT,"Kanellis, Andrew",1000287028,Right,FOR_RAM,Undefined,7,Top,0,2,2,Slider,Curveball,StrikeSwinging,Strikeout,Undefined,Undefined,0,0,,78.10608,-0.082158,-1.248272,1798.920768,355.424232,5:45,5.88177,1.01556,4.40016,-51.1531,-1.10654,0.25484,1.54056,-0.15496,69.67969,-9.303268,-1.203681,0.509165,,,,,,,,,,,,-0.59201,0.09228,-0.8827,50,5.82315,2.44553,-112.75447,-2.1183,-0.737,26.79538,-32.05916,GEO_PAT,FOR_RAM,SpuhlerFieldMain,D1,A10,20250516-SpuhlerFieldMain-1,27a55e30-328a-11f0-91e7-fb5a2aac2a77,74.02794,,,8.42639,,,,,,,02d18158-196c-4e82-8889-159833404470,2025-05-16,19:15:39.01,2025-05-16T15:15:39.0150000-04:00,2025-05-16T19:15:39.0150000Z,,v3,471300,471298,16 May 2025 14:00-fordham@georgemas,"Barenz, Nick",1000218914,Right,GEO_PAT,86e9e708-b608-4ac6-ba64-b92df15bf667,56.09699,-114.19419,13.39769,5.89069,-0.39575,-16.02958,-1.01516,2.48513,-0.3685,,,,,,,,,,,,,,,,,,,,,,,,,,,,,70.27938,2.586637,1.65673,0.929907,1.25475,1.51399,0.15836,0.82508,4.56679,-1.03998,61.64251,4.0378,-63.13763,0.8506,69.36388,-4.29521,4.59201,11.96226,-13.50945,-1.10117,-74.09781,7.95338,High,High,High,,,High,High,High
236,2025-05-16,15:16:08.04,2,1,"Bilo, Michael",10091065,Right,GEO_PAT,"Grabau, Anthony",1000407420,Left,FOR_RAM,Undefined,7,Top,1,0,0,Splitter,Changeup,InPlay,Undefined,GroundBall,Out,1,0,,79.38459,-0.88054,-0.985099,1224.456122,223.454159,1:30,5.98906,0.82832,4.34997,-39.01478,8.6691,6.56067,1.89633,0.43373,71.83954,-7.932527,0.16081,0.497001,75.30273,-18.48562,40.294705,,,,,10.00453,10.00453,27.606768,0.06647,-3.52213,4.93256,-0.72953,50,5.85601,1.68573,-114.84358,-3.23421,-4.63208,24.29938,-25.68709,GEO_PAT,FOR_RAM,SpuhlerFieldMain,D1,A10,20250516-SpuhlerFieldMain-1,38eeb8d0-328a-11f0-91e7-fb5a2aac2a77,75.83978,2.33423,,7.54505,,,,3.54007,2.33423,0.12065,02d18158-196c-4e82-8889-159833404470,2025-05-16,19:16:08.04,2025-05-16T15:16:08.0416768-04:00,2025-05-16T19:16:08.0416768Z,GroundBall,v3,471300,471298,16 May 2025 14:00-fordham@georgemas,"Barenz, Nick",1000218914,Right,GEO_PAT,e7e5fecd-6078-4b1f-9a2e-7734827db5fa,56.1507,-116.1377,12.14969,5.99182,-1.86619,-12.84355,-0.82587,1.93242,-2.31604,180,3.53765,80.11823,,,,,,,,2.33529,-35.11714,,,,,,,,0.11861,67.93248,,,,,,,,,,,,,,,,,,,,,,,,,,,,,,High,High,High,Low,High,,,
237,2025-05-16,15:16:40.26,3,1,"Bilo, Michael",10091065,Right,GEO_PAT,"Dieguez, Matthew",10131275,Right,FOR_RAM,Undefined,7,Top,2,0,0,Slider,Slider,StrikeCalled,Undefined,Undefined,Undefined,0,0,,78.74253,1.238409,-1.722089,1764.028959,346.405592,5:30,5.87946,1.05751,4.43739,-49.34416,-0.17339,0.53299,2.94952,-0.54132,70.0131,-7.695456,-1.628951,0.50469,,,,,,,,,,,,-0.89504,0.08697,-0.87549,50,5.96346,3.39179,-113.62153,0.55927,-1.13322,26.92181,-32.06395,GEO_PAT,FOR_RAM,SpuhlerFieldMain,D1,A10,20250516-SpuhlerFieldMain-1,4c0cfa80-328a-11f0-91e7-fb5a2aac2a77,74.6843,,,8.72943,,,,,,,02d18158-196c-4e82-8889-159833404470,2025-05-16,19:16:40.26,2025-05-16T15:16:40.2652160-04:00,2025-05-16T19:16:40.2652160Z,,v3,471300,471298,16 May 2025 14:00-fordham@georgemas,"Barenz, Nick",1000218914,Right,GEO_PAT,4fb047c3-dcd2-4613-b630-9937470bbedb,56.05842,-115.04807,13.4609,5.88882,2.25829,-16.03198,-1.0568,3.45183,-0.56661,,,,,,,,,,,,,,,,,,,,,,,,,,,,,,,,,,,,,,,,,,,,,,,,,,,High,High,High,,,,,
238,2025-05-16,15:16:55.16,3,2,"Bilo, Michael",10091065,Right,GEO_PAT,"Dieguez, Matthew",10131275,Right,FOR_RAM,Undefined,7,Top,2,0,1,Fastball,Sinker,BallCalled,Undefined,Undefined,Undefined,0,0,,89.34369,0.232503,-3.160811,2184.266019,238.018561,2:00,6.02807,0.83361,4.60058,-24.72478,12.68902,18.09623,4.18914,-0.6676,80.14746,-4.330676,0.004736,0.440238,,,,,,,,,,,,-9.81552,6.49784,-0.52519,50,6.03014,6.22704,-129.12158,-0.44398,-16.312,30.80732,-21.37558,GEO_PAT,FOR_RAM,SpuhlerFieldMain,D1,A10,20250516-SpuhlerFieldMain-1,54e00ad0-328a-11f0-91e7-fb5a2aac2a77,85.61837,,,9.19623,,,,,,,02d18158-196c-4e82-8889-159833404470,2025-05-16,19:16:55.16,2025-05-16T15:16:55.1607296-04:00,2025-05-16T19:16:55.1607296Z,,v3,471300,471298,16 May 2025 14:00-fordham@georgemas,"Barenz, Nick",1000218914,Right,GEO_PAT,928594ee-9a8f-46f8-bb55-a8209b43145a,55.89872,-130.52137,15.40366,6.02825,0.52727,-10.68779,-0.82496,6.96821,-8.156,,,,,,,,,,,,,,,,,,,,,,,,,,,,,,,,,,,,,,,,,,,,,,,,,,,High,High,High,,,,,
239,2025-05-16,15:17:10.52,3,3,"Bilo, Michael",10091065,Right,GEO_PAT,"Dieguez, Matthew",10131275,Right,FOR_RAM,Undefined,7,Top,2,1,1,Slider,Slider,InPlay,Undefined,GroundBall,Out,1,0,,78.91007,0.849704,-0.518157,1772.804544,24.954305,6:45,5.85896,1.05753,4.35493,-48.75038,0.25165,-0.81634,2.60829,0.49446,70.29996,-7.960723,-0.660746,0.503824,84.12478,-0.635789,-45.08314,3661.789614,,,,40.36814,39.45847,-43.422817,0.322067,0.20587,0.26976,-1.00097,50,5.90184,1.0668,-113.96805,-0.17616,0.2622,27.12746,-31.83047,GEO_PAT,FOR_RAM,SpuhlerFieldMain,D1,A10,20250516-SpuhlerFieldMain-1,5e2983a0-328a-11f0-91e7-fb5a2aac2a77,74.81277,2.76791,,8.61011,,,,2.71232,2.76791,-0.57267,02d18158-196c-4e82-8889-159833404470,2025-05-16,19:17:10.52,2025-05-16T15:17:10.5202688-04:00,2025-05-16T19:17:10.5202688Z,GroundBall,v3,471300,471298,16 May 2025 14:00-fordham@georgemas,"Barenz, Nick",1000218914,Right,GEO_PAT,e5d620b0-19f9-4049-9b02-a2415604ebfb,56.14458,-115.42136,13.56373,5.8656,1.5291,-15.91523,-1.05775,1.05276,0.1311,,2.71519,86.99424,-13.65631,,,,,,,2.77256,-1.56167,-21.9238,,,,,,,-0.57372,-87.32261,9.16228,,,,,,,,,,,,,,,,,,,,,,,,,,,,,High,High,High,High,High,,,
240,2025-05-16,15:19:15.72,1,1,"Hasan, Ameer",1000367089,Left,FOR_RAM,"Barenz, Nick",1000218914,Right,GEO_PAT,Undefined,7,Bottom,0,0,0,Fastball,Changeup,InPlay,Undefined,LineDrive,Single,0,0,,78.78537,0.284809,3.577238,1809.819247,117.531636,10:00,5.44497,-2.17281,4.84164,-38.06502,8.97182,-14.26603,2.54309,0.02994,71.96986,-6.642619,1.071282,0.493617,95.87486,15.32446,-12.960291,1310.545813,107.13104,24.49648,-24.95699,277.04701,276.53917,-13.426925,2.809533,8.07402,4.76536,1.83155,50,5.44085,-6.5368,-114.07023,-0.7765,10.62361,21.25437,-25.9039,GEO_PAT,FOR_RAM,SpuhlerFieldMain,D1,A10,20250516-SpuhlerFieldMain-1,a8d32190-328a-11f0-91e7-fb5a2aac2a77,76.35962,26.9554,,6.81551,,,,2.04249,2.59057,0.00096,02d18158-196c-4e82-8889-159833404470,2025-05-16,19:19:15.72,2025-05-16T15:19:15.7292544-04:00,2025-05-16T19:19:15.7292544Z,LineDrive,v3,471300,471298,16 May 2025 14:00-fordham@georgemas,"McAndrews, Thomas",1000092049,Right,FOR_RAM,9e500ee5-ebb6-418e-b521-8dc4a57792fe,55.66084,-115.12016,10.62719,5.4476,0.50312,-12.95195,2.16742,-7.06159,5.3118,168.312426,2.0425,132.16157,-21.71662,4.9461,-1.07031,0.21531,-0.03796,0.00483,-0.0003,2.59057,37.16278,-14.71834,0.38861,0.04482,-0.02832,0.00807,-0.00106,6E-05,0.00096,-30.41556,3.45193,-0.25765,-0.04401,0.02452,-0.00593,0.00085,-6E-05,,,,,,,,,,,,,,,,,,,,,,,High,High,High,High,High,,,
241,2025-05-16,15:19:45.79,2,1,"Hasan, Ameer",1000367089,Left,FOR_RAM,"Blanchard, Evan",10073877,Right,GEO_PAT,Undefined,7,Bottom,0,0,0,Slider,Curveball,InPlay,Undefined,FlyBall,Double,0,1,,71.13316,1.896869,2.041229,2106.711821,231.074228,1:45,5.34013,-2.36579,4.70296,-54.76594,4.19256,2.46827,2.57879,-0.22156,64.13518,-8.044989,2.47416,0.552643,96.7236,24.297057,-11.419925,1760.683126,107.45647,44.61916,-23.51744,361.29833,361.29833,-14.208824,4.347716,-0.52957,1.98142,2.15643,50,5.48388,-3.76006,-102.82555,1.60366,-0.55575,20.19868,-30.0947,GEO_PAT,FOR_RAM,SpuhlerFieldMain,D1,A10,20250516-SpuhlerFieldMain-1,bac2ce50-328a-11f0-91e7-fb5a2aac2a77,68.20396,60.28316,,6.99798,,,,2.68693,2.74172,0.26407,02d18158-196c-4e82-8889-159833404470,2025-05-16,19:19:45.79,2025-05-16T15:19:45.7975296-04:00,2025-05-16T19:19:45.7975296Z,LineDrive,v3,471300,471298,16 May 2025 14:00-fordham@georgemas,"McAndrews, Thomas",1000092049,Right,FOR_RAM,57e47a2a-8a20-4c64-9301-ec083a862d17,55.79716,-103.95808,10.09934,5.34666,3.29107,-15.04735,2.36639,-3.7289,-0.27787,157.994411,2.68715,126.73622,-22.32554,5.24927,-1.09884,0.21274,-0.04216,0.00646,-0.00043,2.7427,58.33957,-15.56627,0.07793,0.39105,-0.21478,0.0667,-0.01038,0.00062,0.26356,-25.58639,0.14872,0.9674,-0.36965,0.08218,-0.01108,0.00065,0,,,,,,,,,,,,,,,,,,,,,,,High,High,High,High,High,,,
242,2025-05-16,15:20:47.90,3,1,"Hasan, Ameer",1000367089,Left,FOR_RAM,"Canody, Andrew",1000415298,Right,GEO_PAT,Undefined,7,Bottom,0,0,0,Slider,Changeup,BallCalled,Undefined,Undefined,Undefined,0,0,,72.5336,2.375645,4.16453,1548.110071,156.149048,11:15,5.4121,-2.4883,5.17008,-39.22841,16.19741,-6.31496,4.38608,0.91177,65.57772,-4.876357,3.052529,0.535831,,,,,,,,,,,,4.40134,7.88996,2.10455,50,5.60495,-7.3881,-104.75848,3.18253,4.84824,19.14296,-23.48292,GEO_PAT,FOR_RAM,SpuhlerFieldMain,D1,A10,20250516-SpuhlerFieldMain-1,dfa8e970-328a-11f0-91e7-fb5a2aac2a77,70.34395,,,6.95587,,,,,,,02d18158-196c-4e82-8889-159833404470,2025-05-16,19:20:47.90,2025-05-16T15:20:47.9077376-04:00,2025-05-16T19:20:47.9077376Z,,v3,471300,471298,16 May 2025 14:00-fordham@georgemas,"McAndrews, Thomas",1000092049,Right,FOR_RAM,7b4232f7-b8a6-4dc9-bde7-eb5835b1e5ff,55.3283,-105.72766,9.57148,5.41373,4.37143,-11.74146,2.48481,-7.63356,2.42412,,,,,,,,,,,,,,,,,,,,,,,,,,,,,,,,,,,,,,,,,,,,,,,,,,,High,High,High,,,,,
243,2025-05-16,15:21:04.80,3,2,"Hasan, Ameer",1000367089,Left,FOR_RAM,"Canody, Andrew",1000415298,Right,GEO_PAT,Undefined,7,Bottom,0,1,0,Slider,Curveball,BallCalled,Undefined,Undefined,Undefined,0,0,,69.9825,3.223536,0.75553,2055.842655,268.424444,3:00,5.29204,-2.43504,4.62575,-58.44724,2.27087,5.14937,3.48936,-1.28765,63.35867,-7.354302,1.657452,0.560829,,,,,,,,,,,,-2.26276,0.74835,2.35241,50,5.5702,-1.53561,-101.17315,3.75539,-2.31763,18.32692,-31.40754,GEO_PAT,FOR_RAM,SpuhlerFieldMain,D1,A10,20250516-SpuhlerFieldMain-1,e9c3e310-328a-11f0-91e7-fb5a2aac2a77,67.20844,,,6.62383,,,,,,,02d18158-196c-4e82-8889-159833404470,2025-05-16,19:21:04.80,2025-05-16T15:21:04.8000512-04:00,2025-05-16T19:21:04.8000512Z,,v3,471300,471298,16 May 2025 14:00-fordham@georgemas,"McAndrews, Thomas",1000092049,Right,FOR_RAM,b44d170e-a966-4cef-841c-aad3540963c6,55.87386,-102.23163,9.16346,5.30092,5.56934,-15.70377,2.43723,-1.40175,-1.15882,,,,,,,,,,,,,,,,,,,,,,,,,,,,,,,,,,,,,,,,,,,,,,,,,,,High,High,High,,,,,
244,2025-05-16,15:21:23.31,3,3,"Hasan, Ameer",1000367089,Left,FOR_RAM,"Canody, Andrew",1000415298,Right,GEO_PAT,Undefined,7,Bottom,0,2,0,Fastball,Changeup,FoulBallNotFieldable,Undefined,Undefined,Undefined,0,0,,80.33026,-0.296378,4.459164,1887.984164,139.5334,10:45,5.5122,-2.19707,4.98963,-31.09273,14.31414,-10.85477,2.64042,1.11762,72.80487,-6.023114,2.551917,0.484989,69.52814,20.94384,-46.700549,2399.435635,72.99359,22.20281,-82.29108,187.41587,187.41587,-50.447231,2.422612,6.78811,7.62213,1.77612,50,5.45885,-8.60393,-116.10759,-1.65601,9.1837,23.54994,-21.86197,GEO_PAT,FOR_RAM,SpuhlerFieldMain,D1,A10,20250516-SpuhlerFieldMain-1,f4d21650-328a-11f0-91e7-fb5a2aac2a77,77.71806,22.58927,,7.52539,,,,3.68777,2.79052,-0.88084,02d18158-196c-4e82-8889-159833404470,2025-05-16,19:21:23.31,2025-05-16T15:21:23.3181184-04:00,2025-05-16T19:21:23.3181184Z,LineDrive,v3,471300,471298,16 May 2025 14:00-fordham@georgemas,"McAndrews, Thomas",1000092049,Right,FOR_RAM,e5069e74-2f5d-4713-ac70-9cf50b434bfc,55.51213,-117.22028,11.77497,5.51269,-0.62308,-10.93098,2.19288,-9.03784,4.59185,,3.68768,65.31973,-12.27518,3.54081,-1.09639,0.42207,-0.16486,0.0398,-0.0038,2.79059,36.44714,-17.93067,1.05639,0.09265,-0.15685,0.07406,-0.01375,0.00066,-0.88078,-69.31506,5.65073,-0.825,0.22202,-0.16397,0.08847,-0.02468,0.00261,,,,,,,,,,,,,,,,,,,,,,,High,High,High,High,High,,,
245,2025-05-16,15:21:49.58,3,4,"Hasan, Ameer",1000367089,Left,FOR_RAM,"Canody, Andrew",1000415298,Right,GEO_PAT,Undefined,7,Bottom,0,2,1,ChangeUp,Changeup,FoulBallNotFieldable,Undefined,Undefined,Undefined,0,0,,72.82531,-0.342254,4.03026,1468.066651,133.199688,10:30,5.20406,-2.37395,5.30541,-42.05046,12.49012,-11.26788,1.37775,0.47683,66.31201,-8.068567,2.03528,0.531534,82.18892,-10.669567,-63.639413,,,,,13.17417,13.17417,-43.894297,0.082162,6.96,6.86611,2.01609,50,5.14253,-7.01918,-105.37802,-1.89678,7.7505,19.52328,-24.52811,GEO_PAT,FOR_RAM,SpuhlerFieldMain,D1,A10,20250516-SpuhlerFieldMain-1,0483e100-328b-11f0-91e7-fb5a2aac2a77,70.91254,1.83688,,6.5133,,,,,,,02d18158-196c-4e82-8889-159833404470,2025-05-16,19:21:49.58,2025-05-16T15:21:49.5873024-04:00,2025-05-16T19:21:49.5873024Z,GroundBall,v3,471300,471298,16 May 2025 14:00-fordham@georgemas,"McAndrews, Thomas",1000092049,Right,FOR_RAM,d6498122-9812-4524-af94-f4be08450541,55.19694,-106.33649,9.76164,5.20609,-0.6926,-12.26406,2.37003,-7.39969,3.87525,180,5.16328,52.68945,,,,,,,,1.83739,-22.35668,,,,,,,,-0.39564,-106.32579,,,,,,,,,,,,,,,,,,,,,,,,,,,,,,High,High,High,Low,Low,,,
246,2025-05-16,15:22:13.39,3,5,"Hasan, Ameer",1000367089,Left,FOR_RAM,"Canody, Andrew",1000415298,Right,GEO_PAT,Undefined,7,Bottom,0,2,2,ChangeUp,Changeup,FoulBallNotFieldable,Undefined,Undefined,Undefined,0,0,,71.65357,1.832749,4.208343,1444.115885,133.808959,10:30,5.26692,-2.27655,5.2362,-43.86943,12.08225,-10.77367,3.33913,0.78855,65.65298,-6.206012,2.307097,0.538366,72.2787,64.991299,-73.005684,4508.093881,-1.18159,85.73456,-109.99352,142.54946,63.73484,-91.937807,5.192524,6.59953,6.00489,1.89719,50,5.40341,-7.24843,-103.71754,2.00689,7.20412,17.0013,-25.61905,GEO_PAT,FOR_RAM,SpuhlerFieldMain,D1,A10,20250516-SpuhlerFieldMain-1,12b6acd0-328b-11f0-91e7-fb5a2aac2a77,70.01261,111.73919,,6.00059,,,,4.0274,3.095,-0.68817,02d18158-196c-4e82-8889-159833404470,2025-05-16,19:22:13.39,2025-05-16T15:22:13.3910016-04:00,2025-05-16T19:22:13.3910016Z,Popup,v3,471300,471298,16 May 2025 14:00-fordham@georgemas,"McAndrews, Thomas",1000092049,Right,FOR_RAM,42685460-3a74-40e7-9066-8dfee19db68e,55.2671,-104.57736,8.50065,5.26915,3.30254,-12.80952,2.27298,-7.61277,3.60206,158.310576,4.02282,13.11281,-10.77208,3.13402,0.06842,-0.43835,0.15783,-0.02369,0.00132,3.07835,96.39012,-27.05391,4.57925,-1.75112,0.53987,-0.09927,0.00918,-0.00032,-0.68697,-42.86104,7.69789,-1.70056,0.06025,0.12358,-0.04431,0.00636,-0.00034,,,,,,,,,,,,,,,,,,,,,,,High,High,High,Medium,Low,,,
247,2025-05-16,15:22:40.77,3,6,"Hasan, Ameer",1000367089,Left,FOR_RAM,"Canody, Andrew",1000415298,Right,GEO_PAT,Undefined,7,Bottom,0,2,2,Fastball,Changeup,FoulBallNotFieldable,Undefined,Undefined,Undefined,0,0,,82.09814,-0.551499,4.562123,1906.485044,144.618152,10:45,5.41573,-2.28494,5.05249,-30.09076,12.76682,-8.12154,2.38633,1.35033,75.34047,-6.059697,3.134064,0.471178,62.98403,15.750588,-49.701401,2423.448352,,,,125.14706,125.14706,-53.193382,1.613899,5.2963,6.87197,1.85643,50,5.33932,-9.1427,-118.82181,-2.19603,7.60136,21.93761,-22.31122,GEO_PAT,FOR_RAM,SpuhlerFieldMain,D1,A10,20250516-SpuhlerFieldMain-1,22fe00c0-328b-11f0-91e7-fb5a2aac2a77,79.99611,11.53559,,6.75767,,,,3.55191,2.44452,-1.12198,02d18158-196c-4e82-8889-159833404470,2025-05-16,19:22:40.77,2025-05-16T15:22:40.7748096-04:00,2025-05-16T19:22:40.7748096Z,LineDrive,v3,471300,471298,16 May 2025 14:00-fordham@georgemas,"McAndrews, Thomas",1000092049,Right,FOR_RAM,b6431297-ee9f-45d4-8cee-912dadeacb7c,55.45075,-119.82393,10.96881,5.41636,-1.17684,-11.15561,2.28201,-9.48994,3.80068,,3.55191,57.5031,-11.15121,2.58811,-0.61331,0.1163,-0.02496,0.00481,-0.00047,2.44452,25.07561,-18.09134,1.20649,-0.16678,0.02605,-0.00172,0.0007,-0.00015,-1.12198,-67.80867,4.43421,-0.2448,-0.06114,0.03249,-0.00684,0.00065,-3E-05,,,,,,,,,,,,,,,,,,,,,,,High,High,High,High,High,,,
248,2025-05-16,15:23:03.48,3,7,"Hasan, Ameer",1000367089,Left,FOR_RAM,"Canody, Andrew",1000415298,Right,GEO_PAT,Undefined,7,Bottom,0,2,2,ChangeUp,Changeup,FoulBallNotFieldable,Undefined,Undefined,Undefined,0,0,,73.1926,-0.109688,4.371012,1518.92002,96.581822,9:15,5.17555,-2.41369,5.31612,-50.35121,3.25016,-13.13556,0.87637,0.60224,67.29415,-9.260581,2.04393,0.526938,,,,,,,,,,,,7.93437,2.05185,2.02697,50,5.12862,-7.63242,-105.99157,-1.77792,9.00652,18.48116,-29.84493,GEO_PAT,FOR_RAM,SpuhlerFieldMain,D1,A10,20250516-SpuhlerFieldMain-1,308e4b00-328b-11f0-91e7-fb5a2aac2a77,71.53112,,,5.89844,,,,,,,02d18158-196c-4e82-8889-159833404470,2025-05-16,19:23:03.48,2025-05-16T15:23:03.4873344-04:00,2025-05-16T19:23:03.4873344Z,,v3,471300,471298,16 May 2025 14:00-fordham@georgemas,"McAndrews, Thomas",1000092049,Right,FOR_RAM,c20ffb8b-f4f8-4726-90eb-f0de285b259a,55.18865,-106.89246,9.24058,5.17983,-0.3231,-14.92246,2.40972,-8.07146,4.50326,,,,,,,,,,,,,,,,,,,,,,,,,,,,,,,,,,,,,,,,,,,,,,,,,,,High,High,High,,,,,
249,2025-05-16,15:23:32.85,3,8,"Hasan, Ameer",1000367089,Left,FOR_RAM,"Canody, Andrew",1000415298,Right,GEO_PAT,Undefined,7,Bottom,0,2,2,ChangeUp,Changeup,InPlay,Undefined,GroundBall,Double,0,1,,71.68334,1.108896,4.070022,1400.088723,95.630412,9:15,5.21847,-2.30111,5.49808,-52.80054,3.36036,-13.55209,1.85845,0.38312,65.00013,-8.580595,1.661496,0.539372,89.65522,-14.292835,-50.649281,,,,,13.2093,5.0013,-34.42984,0.072939,8.22851,1.81457,1.95431,50,5.27985,-6.90558,-103.71269,0.43948,8.82708,19.78918,-30.22747,GEO_PAT,FOR_RAM,SpuhlerFieldMain,D1,A10,20250516-SpuhlerFieldMain-1,42132800-328b-11f0-91e7-fb5a2aac2a77,69.88207,2.37242,,6.68321,,,,,,,02d18158-196c-4e82-8889-159833404470,2025-05-16,19:23:32.85,2025-05-16T15:23:32.8572416-04:00,2025-05-16T19:23:32.8572416Z,GroundBall,v3,471300,471298,16 May 2025 14:00-fordham@georgemas,"McAndrews, Thomas",1000092049,Right,FOR_RAM,7b374a54-ea67-4252-8ce3-e5b5bd91ef1e,55.00488,-104.6633,9.89459,5.22386,1.89151,-15.11374,2.29621,-7.32961,4.41354,,4.98887,80.95186,,,,,,,,2.37316,-32.52596,,,,,,,,-0.26529,-98.72542,,,,,,,,,,,,,,,,,,,,,,,,,,,,,,High,High,High,Low,Low,,,
250,2025-05-16,15:29:29.64,4,1,"Hasan, Ameer",1000367089,Left,FOR_RAM,"Wall, Jonny",1000119703,Right,GEO_PAT,Undefined,7,Bottom,0,0,0,Slider,Curveball,StrikeCalled,Undefined,Undefined,Undefined,0,0,,69.88473,2.895865,1.791154,1932.697145,341.878937,5:30,5.21714,-2.5517,4.72213,-64.85531,-4.31386,2.09146,2.56427,-0.67713,63.61108,-8.792621,2.158289,0.560013,,,,,,,,,,,,-0.46969,-2.39268,2.36872,50,5.45218,-3.24189,-101.10775,2.95663,-0.48106,18.10984,-34.6247,GEO_PAT,FOR_RAM,SpuhlerFieldMain,D1,A10,20250516-SpuhlerFieldMain-1,16aa11a0-328c-11f0-91e7-fb5a2aac2a77,67.30642,,,6.27364,,,,,,,02d18158-196c-4e82-8889-159833404470,2025-05-16,19:29:29.64,2025-05-16T15:29:29.6414720-04:00,2025-05-16T19:29:29.6414720Z,,v3,471300,471298,16 May 2025 14:00-fordham@georgemas,"McAndrews, Thomas",1000092049,Right,FOR_RAM,5f0999b2-c7b6-4671-b3b8-7ad6e074c400,55.78021,-102.13782,9.05492,5.228,4.92605,-17.31235,2.55234,-3.21453,-0.24053,,,,,,,,,,,,,,,,,,,,,,,,,,,,,,,,,,,,,,,,,,,,,,,,,,,High,High,High,,,,,
251,2025-05-16,15:29:44.95,4,2,"Hasan, Ameer",1000367089,Left,FOR_RAM,"Wall, Jonny",1000119703,Right,GEO_PAT,Undefined,7,Bottom,0,0,1,ChangeUp,Changeup,FoulBallNotFieldable,Undefined,Undefined,Undefined,0,0,,70.80216,0.18234,3.865308,1473.456226,103.897299,9:30,5.22393,-2.50416,5.20541,-52.20141,5.52776,-14.42517,1.0457,-0.06533,64.81546,-9.316401,1.312559,0.546851,,,,,,,,,,,,8.45516,3.17252,2.15751,50,5.20124,-6.41657,-102.5131,-1.26864,8.93481,18.0484,-28.82154,GEO_PAT,FOR_RAM,SpuhlerFieldMain,D1,A10,20250516-SpuhlerFieldMain-1,1fca0970-328c-11f0-91e7-fb5a2aac2a77,68.92634,,,5.98669,,,,,,,02d18158-196c-4e82-8889-159833404470,2025-05-16,19:29:44.95,2025-05-16T15:29:44.9534464-04:00,2025-05-16T19:29:44.9534464Z,,v3,471300,471298,16 May 2025 14:00-fordham@georgemas,"McAndrews, Thomas",1000092049,Right,FOR_RAM,e8775fd2-dcc8-4d11-9ce2-a419551a9e19,55.29833,-103.44171,9.0242,5.22837,0.21427,-14.41077,2.49948,-6.87628,4.4674,,,,,,,,,,,,,,,,,,,,,,,,,,,,,,,,,,,,,,,,,,,,,,,,,,,High,High,High,,,,,
252,2025-05-16,15:30:12.78,4,3,"Hasan, Ameer",1000367089,Left,FOR_RAM,"Wall, Jonny",1000119703,Right,GEO_PAT,Undefined,7,Bottom,0,0,2,ChangeUp,Changeup,InPlay,Undefined,LineDrive,Out,2,0,,72.02311,-0.252965,2.119986,1486.068665,143.806761,10:45,5.4341,-2.36215,5.16661,-44.09353,11.67131,-7.14977,1.52138,-0.96172,65.80919,-8.321919,0.853689,0.537467,81.84949,20.034708,-19.379439,2015.697597,104.32197,30.02732,-34.88383,266.74461,262.72784,-19.97703,3.206645,4.2528,6.39339,2.17026,50,5.37697,-3.60636,-104.39609,-1.81021,4.65702,18.84549,-25.17298,GEO_PAT,FOR_RAM,SpuhlerFieldMain,D1,A10,20250516-SpuhlerFieldMain-1,30791fe0-328c-11f0-91e7-fb5a2aac2a77,70.1298,32.64734,,6.21392,,,,3.73508,1.81476,1.00304,02d18158-196c-4e82-8889-159833404470,2025-05-16,19:30:12.78,2025-05-16T15:30:12.7897600-04:00,2025-05-16T19:30:12.7897600Z,LineDrive,v3,471300,471298,16 May 2025 14:00-fordham@georgemas,"McAndrews, Thomas",1000092049,Right,FOR_RAM,755bdf3d-b89b-4cc6-b595-1e8ff8b23075,55.33571,-105.35488,9.42275,5.43649,-0.52949,-12.58649,2.35976,-3.84329,2.32851,177.940562,3.73492,106.39683,-15.014,3.03634,-0.64633,0.14563,-0.02957,0.00369,-0.00015,1.8149,41.12072,-14.36736,0.43202,0.01951,-0.01806,0.00269,0.00109,-0.00026,1.00308,-37.42577,5.02635,-1.31312,0.32031,-0.0703,0.01321,-0.00174,0.0001,,,,,,,,,,,,,,,,,,,,,,,High,High,High,High,High,,,
253,2025-05-16,15:30:56.30,5,1,"Hasan, Ameer",1000367089,Left,FOR_RAM,"Clyne, Owen",1000230336,Left,GEO_PAT,Undefined,7,Bottom,2,0,0,Slider,Curveball,BallCalled,Undefined,Undefined,Undefined,0,0,,70.69248,0.273476,2.804592,2093.417376,355.488125,5:45,5.06134,-2.27007,4.8153,-60.30169,-0.99126,0.24894,0.29559,0.40968,64.33466,-10.591984,2.848417,0.55429,,,,,,,,,,,,0.80701,-0.07264,1.99086,50,5.03634,-5.01928,-102.26871,-1.48103,0.839,19.75359,-32.24956,GEO_PAT,FOR_RAM,SpuhlerFieldMain,D1,A10,20250516-SpuhlerFieldMain-1,4a663d70-328c-11f0-91e7-fb5a2aac2a77,68.00133,,,6.35783,,,,,,,02d18158-196c-4e82-8889-159833404470,2025-05-16,19:30:56.30,2025-05-16T15:30:56.3091968-04:00,2025-05-16T19:30:56.3091968Z,,v3,471300,471298,16 May 2025 14:00-fordham@georgemas,"McAndrews, Thomas",1000092049,Right,FOR_RAM,96a90acf-8d84-4015-92dd-fb3b567bee70,55.68702,-103.36134,9.87679,5.06892,0.30279,-16.12478,2.26978,-5.06569,0.4195,,,,,,,,,,,,,,,,,,,,,,,,,,,,,,,,,,,,,,,,,,,,,,,,,,,High,High,High,,,,,
254,2025-05-16,15:31:12.17,5,2,"Hasan, Ameer",1000367089,Left,FOR_RAM,"Clyne, Owen",1000230336,Left,GEO_PAT,Undefined,7,Bottom,2,1,0,Fastball,Changeup,BallCalled,Undefined,Undefined,Undefined,0,0,,80.0435,-1.196399,4.044452,1808.508205,129.819098,10:15,5.11055,-2.30033,5.19804,-35.54148,9.87174,-9.91508,1.0204,0.68415,72.70103,-7.714114,2.292264,0.485023,,,,,,,,,,,,6.21118,5.74768,1.93268,50,4.9728,-7.77711,-115.74411,-3.62636,8.33884,23.68474,-24.45747,GEO_PAT,FOR_RAM,SpuhlerFieldMain,D1,A10,20250516-SpuhlerFieldMain-1,53d4a360-328c-11f0-91e7-fb5a2aac2a77,77.71264,,,7.34248,,,,,,,02d18158-196c-4e82-8889-159833404470,2025-05-16,19:31:12.17,2025-05-16T15:31:12.1765376-04:00,2025-05-16T19:31:12.1765376Z,,v3,471300,471298,16 May 2025 14:00-fordham@georgemas,"McAndrews, Thomas",1000092049,Right,FOR_RAM,c9a0aa85-8f17-47a4-b214-3c32e084264e,55.30276,-116.82418,11.84237,5.11274,-2.51106,-12.22874,2.29599,-8.15737,4.16942,,,,,,,,,,,,,,,,,,,,,,,,,,,,,,,,,,,,,,,,,,,,,,,,,,,High,High,High,,,,,
255,2025-05-16,15:31:28.02,5,3,"Hasan, Ameer",1000367089,Left,FOR_RAM,"Clyne, Owen",1000230336,Left,GEO_PAT,Undefined,7,Bottom,2,2,0,Fastball,Changeup,FoulBallNotFieldable,Undefined,Undefined,Undefined,0,0,,78.94262,-0.107571,2.873454,1750.581329,131.976341,10:30,5.27686,-2.22278,4.97649,-36.82203,10.1591,-9.44953,2.10663,-0.29393,71.56407,-6.853486,1.207846,0.493325,,,,,,,,,,,,5.59863,5.51437,1.95332,50,5.23678,-5.34548,-114.26883,-1.48058,7.32048,23.23346,-24.96376,GEO_PAT,FOR_RAM,SpuhlerFieldMain,D1,A10,20250516-SpuhlerFieldMain-1,5d474f10-328c-11f0-91e7-fb5a2aac2a77,76.40487,,,7.37855,,,,,,,02d18158-196c-4e82-8889-159833404470,2025-05-16,19:31:28.02,2025-05-16T15:31:28.0230400-04:00,2025-05-16T19:31:28.0230400Z,,v3,471300,471298,16 May 2025 14:00-fordham@georgemas,"McAndrews, Thomas",1000092049,Right,FOR_RAM,c386226e-eca7-4666-b507-529420c209ca,55.52452,-115.38662,11.61673,5.27912,-0.27954,-12.48188,2.21897,-5.69768,3.66024,,,,,,,,,,,,,,,,,,,,,,,,,,,,,,,,,,,,,,,,,,,,,,,,,,,High,High,High,,,,,
256,2025-05-16,15:31:49.88,5,4,"Hasan, Ameer",1000367089,Left,FOR_RAM,"Clyne, Owen",1000230336,Left,GEO_PAT,Undefined,7,Bottom,2,2,1,Fastball,Changeup,InPlay,Undefined,LineDrive,Out,1,0,,78.98993,0.043996,3.881616,1802.638138,117.935808,10:00,5.26808,-2.05035,5.11834,-39.18104,7.09347,-10.58028,2.04454,0.7302,72.34919,-7.098372,2.014676,0.489601,80.2671,21.711661,-16.706331,3905.674233,102.855,33.33793,-38.99763,255.15516,245.62948,-26.14157,3.332785,6.39382,3.91799,1.69334,50,5.24172,-7.33725,-114.4,-1.25749,8.47039,21.17177,-26.98359,GEO_PAT,FOR_RAM,SpuhlerFieldMain,D1,A10,20250516-SpuhlerFieldMain-1,6a4b37d0-328c-11f0-91e7-fb5a2aac2a77,76.98602,35.69176,,6.64074,,,,2.07522,2.12036,-0.70288,02d18158-196c-4e82-8889-159833404470,2025-05-16,19:31:49.88,2025-05-16T15:31:49.8851328-04:00,2025-05-16T19:31:49.8851328Z,LineDrive,v3,471300,471298,16 May 2025 14:00-fordham@georgemas,"McAndrews, Thomas",1000092049,Right,FOR_RAM,53196c75-88e3-48dd-8cc7-f02a479783ed,55.38475,-115.39224,10.58589,5.27102,0.00713,-13.4918,2.04652,-7.73423,4.2352,137.739516,2.07477,104.77354,-19.00308,4.28597,-1.07279,0.30813,-0.08243,0.01392,-0.00097,2.12081,43.53364,-14.65398,0.12491,0.30369,-0.1701,0.05513,-0.00868,0.00049,-0.70295,-31.43688,-2.70197,1.43974,-0.43962,0.09229,-0.01364,0.00116,-4E-05,,,,,,,,,,,,,,,,,,,,,,,High,High,High,High,High,,,
257,2025-05-16,15:33:49.04,1,1,"Bilo, Michael",10091065,Right,GEO_PAT,"Sahler, Cian",1000133997,Left,FOR_RAM,Undefined,8,Top,0,0,0,Splitter,Changeup,BallCalled,Undefined,Undefined,Undefined,0,0,,78.50837,-3.197384,-2.467951,1284.452944,252.413139,2:30,6.04795,0.93153,4.45632,-43.91073,4.40488,8.74658,-0.6663,-0.69447,72.18733,-11.016337,-0.935391,0.500282,,,,,,,,,,,,-5.08772,3.4291,-0.67984,50,5.66682,4.52996,-113.52196,-7.98028,-6.59416,22.10184,-27.72962,GEO_PAT,FOR_RAM,SpuhlerFieldMain,D1,A10,20250516-SpuhlerFieldMain-1,b14eb120-328c-11f0-91e7-fb5a2aac2a77,75.34231,,,6.32104,,,,,,,02d18158-196c-4e82-8889-159833404470,2025-05-16,19:33:49.04,2025-05-16T15:33:49.0413056-04:00,2025-05-16T19:33:49.0413056Z,,v3,471300,471298,16 May 2025 14:00-fordham@georgemas,"Barenz, Nick",1000218914,Right,GEO_PAT,2faebae6-e17c-43c0-bff7-c7a033c0f144,56.0482,-114.69345,11.05092,6.05086,-6.51049,-13.86481,-0.92921,4.87948,-3.29708,,,,,,,,,,,,,,,,,,,,,,,,,,,,,,,,,,,,,,,,,,,,,,,,,,,High,High,High,,,,,
258,2025-05-16,15:34:05.63,1,2,"Bilo, Michael",10091065,Right,GEO_PAT,"Sahler, Cian",1000133997,Left,FOR_RAM,Undefined,8,Top,0,1,0,Splitter,Changeup,BallCalled,Undefined,Undefined,Undefined,0,0,,79.10698,-1.996431,-1.84742,1335.381719,264.389535,2:45,6.08064,0.90818,4.29089,-45.74947,2.25067,5.77575,0.35687,-0.37815,72.24667,-10.154249,-0.838419,0.498646,,,,,,,,,,,,-3.4128,2.07764,-0.71397,50,5.81712,3.44083,-114.42882,-5.75363,-4.47249,23.4026,-29.45131,GEO_PAT,FOR_RAM,SpuhlerFieldMain,D1,A10,20250516-SpuhlerFieldMain-1,bb3442e0-328c-11f0-91e7-fb5a2aac2a77,75.58952,,,6.86031,,,,,,,02d18158-196c-4e82-8889-159833404470,2025-05-16,19:34:05.63,2025-05-16T15:34:05.6308224-04:00,2025-05-16T19:34:05.6308224Z,,v3,471300,471298,16 May 2025 14:00-fordham@georgemas,"Barenz, Nick",1000218914,Right,GEO_PAT,a709121f-7bf0-4a9a-9691-819fbb1fee49,56.21221,-115.69235,11.7013,6.08484,-4.16353,-14.72565,-0.90626,3.6823,-2.23625,,,,,,,,,,,,,,,,,,,,,,,,,,,,,,,,,,,,,,,,,,,,,,,,,,,High,High,High,,,,,
259,2025-05-16,15:34:20.77,1,3,"Bilo, Michael",10091065,Right,GEO_PAT,"Sahler, Cian",1000133997,Left,FOR_RAM,Undefined,8,Top,0,2,0,Fastball,Sinker,BallCalled,Undefined,Undefined,Undefined,0,0,,87.05622,-0.818794,-1.260473,2041.532442,222.884824,1:30,5.95536,1.12541,4.53519,-22.51485,16.58131,14.14831,3.29921,1.10399,78.909,-4.974877,1.215782,0.450027,,,,,,,,,,,,-7.23981,8.6978,-1.00817,50,5.84972,2.08532,-126.0585,-2.64565,-11.56755,27.31099,-18.27697,GEO_PAT,FOR_RAM,SpuhlerFieldMain,D1,A10,20250516-SpuhlerFieldMain-1,c41fe440-328c-11f0-91e7-fb5a2aac2a77,83.75595,,,8.14722,,,,,,,02d18158-196c-4e82-8889-159833404470,2025-05-16,19:34:20.77,2025-05-16T15:34:20.7789568-04:00,2025-05-16T19:34:20.7789568Z,,v3,471300,471298,16 May 2025 14:00-fordham@georgemas,"Barenz, Nick",1000218914,Right,GEO_PAT,fd3a6157-a054-418d-a670-5f9aab67cfb5,55.96442,-127.34416,13.6555,5.95402,-1.78527,-9.13848,-1.11915,2.62986,-5.78377,,,,,,,,,,,,,,,,,,,,,,,,,,,,,,,,,,,,,,,,,,,,,,,,,,,High,High,High,,,,,
260,2025-05-16,15:34:36.69,1,4,"Bilo, Michael",10091065,Right,GEO_PAT,"Sahler, Cian",1000133997,Left,FOR_RAM,Undefined,8,Top,0,3,0,Fastball,Sinker,StrikeCalled,Undefined,Undefined,Undefined,0,0,,87.21268,-1.973518,-3.199481,2105.799305,220.284096,1:15,6.02232,1.00195,4.53767,-21.04245,18.12017,14.16887,2.38597,-0.86695,78.87867,-5.871103,-0.723795,0.450409,,,,,,,,,,,,-7.91004,9.83296,-0.68256,50,5.79756,6.36749,-126.05044,-5.12468,-12.6055,27.89583,-16.5042,GEO_PAT,FOR_RAM,SpuhlerFieldMain,D1,A10,20250516-SpuhlerFieldMain-1,cdb5f670-328c-11f0-91e7-fb5a2aac2a77,83.68486,,,8.334,,,,,,,02d18158-196c-4e82-8889-159833404470,2025-05-16,19:34:36.69,2025-05-16T15:34:36.6925824-04:00,2025-05-16T19:34:36.6925824Z,,v3,471300,471298,16 May 2025 14:00-fordham@georgemas,"Barenz, Nick",1000218914,Right,GEO_PAT,f4480d1b-4a02-4eb5-84a7-fda6e3dcefff,55.96321,-127.3633,13.94791,6.02046,-4.34794,-8.2521,-0.99619,6.96074,-6.30275,,,,,,,,,,,,,,,,,,,,,,,,,,,,,,,,,,,,,,,,,,,,,,,,,,,High,High,High,,,,,
261,2025-05-16,15:34:52.86,1,5,"Bilo, Michael",10091065,Right,GEO_PAT,"Sahler, Cian",1000133997,Left,FOR_RAM,Undefined,8,Top,0,3,1,Fastball,Sinker,BallCalled,Walk,Undefined,Undefined,0,0,,87.79903,-1.241203,-1.182269,2089.748326,228.143055,1:30,5.95172,0.99843,4.57866,-22.0043,16.48843,16.88324,2.93663,1.28032,79.40287,-5.310107,1.775482,0.44654,,,,,,,,,,,,-8.56186,8.80315,-0.89274,50,5.80373,1.79593,-127.09336,-3.57641,-13.86157,28.52085,-17.9218,GEO_PAT,FOR_RAM,SpuhlerFieldMain,D1,A10,20250516-SpuhlerFieldMain-1,d7406fe0-328c-11f0-91e7-fb5a2aac2a77,84.40994,,,8.39615,,,,,,,02d18158-196c-4e82-8889-159833404470,2025-05-16,19:34:52.86,2025-05-16T15:34:52.8655360-04:00,2025-05-16T19:34:52.8655360Z,,v3,471300,471298,16 May 2025 14:00-fordham@georgemas,"Barenz, Nick",1000218914,Right,GEO_PAT,05f59ba4-da4a-4411-88c9-6d08075e7197,55.92087,-128.41518,14.26042,5.95023,-2.74581,-8.9609,-0.99086,2.43836,-6.93079,,,,,,,,,,,,,,,,,,,,,,,,,,,,,,,,,,,,,,,,,,,,,,,,,,,High,High,High,,,,,
262,2025-05-16,15:35:24.31,2,1,"Bilo, Michael",10091065,Right,GEO_PAT,"Ocko, Madden",10300306,Right,FOR_RAM,Undefined,8,Top,0,0,0,Fastball,Four-Seam,InPlay,Undefined,FlyBall,HomeRun,0,2,,86.72807,-1.865098,-2.111528,2171.862038,227.385621,1:30,5.96706,0.94294,4.57913,-22.12379,17.46989,17.41619,2.34703,0.38436,78.27066,-5.962284,0.938515,0.452881,102.70812,21.884237,-30.244943,2322.230264,91.68928,37.93571,-60.76987,344.71825,313.1972,-41.827061,3.701032,-9.22044,9.52894,-0.74184,50,5.7544,3.80076,-125.44139,-4.90007,-14.49764,28.50377,-17.19139,GEO_PAT,FOR_RAM,SpuhlerFieldMain,D1,A10,20250516-SpuhlerFieldMain-1,ea1c2a50-328c-11f0-91e7-fb5a2aac2a77,83.22809,48.87477,,8.45741,,,,2.34622,2.42438,-0.32847,02d18158-196c-4e82-8889-159833404470,2025-05-16,19:35:24.31,2025-05-16T15:35:24.3188224-04:00,2025-05-16T19:35:24.3188224Z,LineDrive,v3,471300,471298,16 May 2025 14:00-fordham@georgemas,"Barenz, Nick",1000218914,Right,GEO_PAT,de77bea3-e0eb-4fdf-b728-54be879263c6,55.92204,-126.7799,14.25188,5.96554,-4.09278,-8.5957,-0.93631,4.48156,-7.24882,122.676721,2.34572,120.77477,-25.8062,6.25474,-1.68808,0.49047,-0.12182,0.01816,-0.00112,2.42475,56.13511,-18.79388,1.1911,0.02933,-0.10669,0.04021,-0.0064,0.00037,-0.32797,-70.41966,0.74521,1.25857,-0.46808,0.11453,-0.02053,0.00245,-0.00015,,,,,,,,,,,,,,,,,,,,,,,High,High,High,High,Medium,,,
263,2025-05-16,15:36:13.36,3,1,"Bilo, Michael",10091065,Right,GEO_PAT,"McAndrews, Thomas",1000092049,Right,FOR_RAM,Undefined,8,Top,0,0,0,Slider,Slider,StrikeCalled,Undefined,Undefined,Undefined,0,0,,79.12968,-0.294213,-1.51496,1774.730518,28.255702,7:00,5.87822,0.98784,4.57066,-47.69298,0.98705,-0.59228,1.62373,-0.50348,70.2391,-8.945246,-1.618855,0.502166,,,,,,,,,,,,-0.3026,1.19587,-0.83017,50,5.80392,3.0462,-114.17911,-2.3845,-0.3845,28.34104,-30.65444,GEO_PAT,FOR_RAM,SpuhlerFieldMain,D1,A10,20250516-SpuhlerFieldMain-1,076bd3d0-328d-11f0-91e7-fb5a2aac2a77,75.05979,,,8.89058,,,,,,,02d18158-196c-4e82-8889-159833404470,2025-05-16,19:36:13.36,2025-05-16T15:36:13.3636096-04:00,2025-05-16T19:36:13.3636096Z,,v3,471300,471298,16 May 2025 14:00-fordham@georgemas,"Barenz, Nick",1000218914,Right,GEO_PAT,a8fee45b-20f1-4fec-b024-26dcc927207f,55.92517,-115.64048,14.17052,5.88612,-0.80385,-15.32722,-0.98776,3.06603,-0.19225,,,,,,,,,,,,,,,,,,,,,,,,,,,,,,,,,,,,,,,,,,,,,,,,,,,High,High,High,,,,,
264,2025-05-16,15:36:28.99,3,2,"Bilo, Michael",10091065,Right,GEO_PAT,"McAndrews, Thomas",1000092049,Right,FOR_RAM,Undefined,8,Top,0,0,1,Slider,Curveball,FoulBallNotFieldable,Undefined,Undefined,Undefined,0,0,,77.8606,0.811813,-0.825991,1817.170755,19.459157,6:45,5.95139,0.92021,4.47926,-52.95932,-3.25323,-1.8226,2.31206,-0.01906,70.03531,-8.724035,-1.145237,0.50743,64.33932,-49.098414,-70.466822,,,,,4.79818,3.87294,-26.215151,0.036719,0.60571,-1.42559,-0.83136,50,5.98577,1.70165,-112.60128,-0.40187,0.759,25.01872,-33.96044,GEO_PAT,FOR_RAM,SpuhlerFieldMain,D1,A10,20250516-SpuhlerFieldMain-1,10ace830-328d-11f0-91e7-fb5a2aac2a77,74.28106,2.63098,,7.82529,,,,3.54261,2.63098,0.02842,02d18158-196c-4e82-8889-159833404470,2025-05-16,19:36:28.99,2025-05-16T15:36:28.9988096-04:00,2025-05-16T19:36:28.9988096Z,GroundBall,v3,471300,471298,16 May 2025 14:00-fordham@georgemas,"Barenz, Nick",1000218914,Right,GEO_PAT,f0e0e81a-9bca-484e-99ee-7933c2a0f500,56.02205,-113.93145,12.50936,5.95914,1.40371,-16.98022,-0.92076,1.66129,0.3795,,3.54204,20.75333,,,,,,,,2.63292,-71.65177,,,,,,,,0.03001,-58.49792,,,,,,,,,,,,,,,,,,,,,,,,,,,,,,High,High,High,Low,Low,,,
265,2025-05-16,15:36:51.77,3,3,"Bilo, Michael",10091065,Right,GEO_PAT,"McAndrews, Thomas",1000092049,Right,FOR_RAM,Undefined,8,Top,0,0,2,Slider,Slider,BallCalled,Undefined,Undefined,Undefined,0,0,,78.83036,-1.456943,-2.387633,1698.704947,1.499858,6:00,5.94169,0.70768,3.99706,-52.0953,-2.05599,-0.10874,0.19789,-1.59869,70.48448,-10.730675,-2.406526,0.509128,,,,,,,,,,,,-0.85933,0.05602,-0.43598,50,5.71841,4.74224,-113.61471,-4.97411,-1.08398,27.58373,-32.1034,GEO_PAT,FOR_RAM,SpuhlerFieldMain,D1,A10,20250516-SpuhlerFieldMain-1,1e4289a0-328d-11f0-91e7-fb5a2aac2a77,74.03331,,,8.34588,,,,,,,02d18158-196c-4e82-8889-159833404470,2025-05-16,19:36:51.77,2025-05-16T15:36:51.7781504-04:00,2025-05-16T19:36:51.7781504Z,,v3,471300,471298,16 May 2025 14:00-fordham@georgemas,"Barenz, Nick",1000218914,Right,GEO_PAT,bf5a57f8-7430-41de-ab05-1a2ddecda966,56.5022,-115.18251,13.79186,5.94928,-3.14941,-16.0517,-0.70727,4.80386,-0.54199,,,,,,,,,,,,,,,,,,,,,,,,,,,,,,,,,,,,,,,,,,,,,,,,,,,High,High,High,,,,,
266,2025-05-16,15:37:12.61,3,4,"Bilo, Michael",10091065,Right,GEO_PAT,"McAndrews, Thomas",1000092049,Right,FOR_RAM,Undefined,8,Top,0,1,2,Slider,Curveball,HitByPitch,Undefined,Undefined,Undefined,0,0,,77.7816,1.972251,0.907334,1713.41059,14.391505,6:30,5.85871,1.14884,4.27221,-53.45975,-2.44173,-1.19185,3.29179,1.91773,68.69753,-7.687736,0.699608,0.514083,,,,,,,,,,,,0.94146,-1.51205,-1.24628,50,6.01893,-1.72426,-112.17095,1.82367,1.15215,27.73969,-34.02448,GEO_PAT,FOR_RAM,SpuhlerFieldMain,D1,A10,20250516-SpuhlerFieldMain-1,2aabe010-328d-11f0-91e7-fb5a2aac2a77,73.31977,,,9.08407,,,,,,,02d18158-196c-4e82-8889-159833404470,2025-05-16,19:37:12.61,2025-05-16T15:37:12.6164992-04:00,2025-05-16T19:37:12.6164992Z,,v3,471300,471298,16 May 2025 14:00-fordham@georgemas,"Barenz, Nick",1000218914,Right,GEO_PAT,ed5b068c-a654-4bb1-b170-3efa64ea23b5,56.22738,-113.70054,13.86985,5.86664,3.69981,-17.01224,-1.14945,-1.78779,0.57607,,,,,,,,,,,,,,,,,,,,,,,,,,,,,,,,,,,,,,,,,,,,,,,,,,,High,High,High,,,,,
267,2025-05-16,15:37:48.53,4,1,"Bilo, Michael",10091065,Right,GEO_PAT,"Markey, Tommy",10084492,Left,FOR_RAM,Undefined,8,Top,0,0,0,Fastball,Four-Seam,BallCalled,Undefined,Undefined,Undefined,0,0,,87.21184,-2.046409,-0.268902,2080.610153,218.276366,1:15,6.06441,0.92511,4.58836,-18.51595,20.43029,15.04517,2.57384,1.92307,79.05565,-5.498138,2.367026,0.449163,,,,,,,,,,,,-7.38552,10.96005,-0.91212,50,5.83683,-0.13863,-126.23767,-5.1566,-11.82035,27.66108,-14.63276,GEO_PAT,FOR_RAM,SpuhlerFieldMain,D1,A10,20250516-SpuhlerFieldMain-1,3ff89a80-328d-11f0-91e7-fb5a2aac2a77,83.91701,,,8.15619,,,,,,,02d18158-196c-4e82-8889-159833404470,2025-05-16,19:37:48.53,2025-05-16T15:37:48.5302784-04:00,2025-05-16T19:37:48.5302784Z,,v3,471300,471298,16 May 2025 14:00-fordham@georgemas,"Barenz, Nick",1000218914,Right,GEO_PAT,1750f93e-bab1-4d9d-8b92-301d13c62363,55.91093,-127.52629,13.83054,6.06118,-4.47492,-7.31638,-0.91849,0.41203,-5.91017,,,,,,,,,,,,,,,,,,,,,,,,,,,,,,,,,,,,,,,,,,,,,,,,,,,High,High,High,,,,,
268,2025-05-16,15:38:07.94,4,2,"Bilo, Michael",10091065,Right,GEO_PAT,"Markey, Tommy",10084492,Left,FOR_RAM,Undefined,8,Top,0,1,0,Splitter,Changeup,InPlay,Undefined,GroundBall,Out,2,0,,79.00928,-0.143299,-1.163878,1433.197155,259.467781,2:45,6.04598,0.84224,4.46714,-44.5068,3.16288,8.12288,2.20043,0.40934,71.89701,-8.156483,0.258206,0.496927,104.15755,2.551346,21.461021,1633.421105,,,,68.80932,68.80932,20.482936,0.466123,-4.33981,1.99756,-0.72795,50,5.98799,1.97304,-114.42219,-1.96928,-5.69468,23.12629,-29.55283,GEO_PAT,FOR_RAM,SpuhlerFieldMain,D1,A10,20250516-SpuhlerFieldMain-1,4ba27180-328d-11f0-91e7-fb5a2aac2a77,75.85107,2.77422,,7.11227,,,,2.84259,2.34419,-0.578,02d18158-196c-4e82-8889-159833404470,2025-05-16,19:38:07.94,2025-05-16T15:38:07.9456768-04:00,2025-05-16T19:38:07.9456768Z,GroundBall,v3,471300,471298,16 May 2025 14:00-fordham@georgemas,"Barenz, Nick",1000218914,Right,GEO_PAT,bfe0873e-d7b3-44bf-90b4-29419f13bb47,56.03493,-115.6355,11.56314,6.05063,-0.41881,-14.77641,-0.83931,2.27181,-2.84734,347.503094,2.85675,141.62426,-20.36894,,,,,,,2.36327,6.24912,-24.36634,,,,,,,-0.57509,55.75302,-6.15424,,,,,,,,,,,,,,,,,,,,,,,,,,,,,High,High,High,High,High,,,
269,2025-05-16,15:38:43.94,5,1,"Bilo, Michael",10091065,Right,GEO_PAT,"Kirk, Taylor",1000367095,Right,FOR_RAM,Undefined,8,Top,2,0,0,Fastball,Sinker,BallCalled,Undefined,Undefined,Undefined,0,0,,88.28519,-2.676985,-3.60247,2139.297566,228.307466,1:30,6.00576,0.81104,4.66531,-21.19895,16.78871,17.34843,1.6893,-1.16993,80.11576,-6.592255,-0.564627,0.443601,,,,,,,,,,,,-9.55339,9.38875,-0.45988,50,5.71366,7.19381,-127.5592,-6.7622,-15.64105,27.78775,-16.80251,GEO_PAT,FOR_RAM,SpuhlerFieldMain,D1,A10,20250516-SpuhlerFieldMain-1,61141910-328d-11f0-91e7-fb5a2aac2a77,84.96921,,,8.16943,,,,,,,02d18158-196c-4e82-8889-159833404470,2025-05-16,19:38:43.94,2025-05-16T15:38:43.9486464-04:00,2025-05-16T19:38:43.9486464Z,,v3,471300,471298,16 May 2025 14:00-fordham@georgemas,"Barenz, Nick",1000218914,Right,GEO_PAT,e0227b69-3790-4785-b170-2a98a401bbd3,55.83571,-128.82419,13.89388,6.00409,-5.9973,-8.40125,-0.80358,7.90584,-7.82053,,,,,,,,,,,,,,,,,,,,,,,,,,,,,,,,,,,,,,,,,,,,,,,,,,,High,High,High,,,,,
270,2025-05-16,15:39:01.85,5,2,"Bilo, Michael",10091065,Right,GEO_PAT,"Kirk, Taylor",1000367095,Right,FOR_RAM,Undefined,8,Top,2,1,0,Slider,Slider,BallCalled,Undefined,Undefined,Undefined,0,0,,79.67704,-1.037751,-2.225824,1836.362995,314.631691,4:30,5.89253,0.97963,4.61046,-46.1818,0.84362,0.8937,1.05639,-1.06351,72.21902,-9.349851,-2.069,0.493558,,,,,,,,,,,,-1.16823,1.23839,-0.75121,50,5.7432,4.43927,-115.22179,-3.83842,-1.54338,24.85936,-30.53798,GEO_PAT,FOR_RAM,SpuhlerFieldMain,D1,A10,20250516-SpuhlerFieldMain-1,6bcd0060-328d-11f0-91e7-fb5a2aac2a77,76.36888,,,7.45802,,,,,,,02d18158-196c-4e82-8889-159833404470,2025-05-16,19:39:01.85,2025-05-16T15:39:01.8566656-04:00,2025-05-16T19:39:01.8566656Z,,v3,471300,471298,16 May 2025 14:00-fordham@georgemas,"Barenz, Nick",1000218914,Right,GEO_PAT,4c0096fb-f4da-4b00-85b1-10b23f6375be,55.8896,-116.48555,12.42968,5.89887,-2.28597,-15.26899,-0.97888,4.51772,-0.77169,,,,,,,,,,,,,,,,,,,,,,,,,,,,,,,,,,,,,,,,,,,,,,,,,,,High,High,High,,,,,
271,2025-05-16,15:39:18.40,5,3,"Bilo, Michael",10091065,Right,GEO_PAT,"Kirk, Taylor",1000367095,Right,FOR_RAM,Undefined,8,Top,2,2,1,Slider,Slider,StrikeCalled,Undefined,Undefined,Undefined,0,0,,78.49821,1.002993,-1.225803,1830.140571,57.515929,8:00,5.8743,1.08553,4.46845,-48.14388,0.8674,-1.63268,2.81887,-0.21936,70.35128,-7.703212,-1.511394,0.503871,,,,,,,,,,,,0.35969,0.65602,-0.95458,50,5.93424,2.50022,-113.4234,0.15158,0.45735,25.36551,-31.33986,GEO_PAT,FOR_RAM,SpuhlerFieldMain,D1,A10,20250516-SpuhlerFieldMain-1,758d56e0-328d-11f0-91e7-fb5a2aac2a77,74.80572,,,8.14693,,,,,,,02d18158-196c-4e82-8889-159833404470,2025-05-16,19:39:18.40,2025-05-16T15:39:18.4051200-04:00,2025-05-16T19:39:18.4051200Z,,v3,471300,471298,16 May 2025 14:00-fordham@georgemas,"Barenz, Nick",1000218914,Right,GEO_PAT,be0149c1-f098-44d8-9c63-20a8f847a685,56.02889,-114.76375,12.68276,5.88248,1.80762,-15.66993,-1.08606,2.47605,0.22867,,,,,,,,,,,,,,,,,,,,,,,,,,,,,,,,,,,,,,,,,,,,,,,,,,,High,High,High,,,,,
272,2025-05-16,15:39:35.80,5,4,"Bilo, Michael",10091065,Right,GEO_PAT,"Kirk, Taylor",1000367095,Right,FOR_RAM,Undefined,8,Top,2,1,2,Fastball,Sinker,BallCalled,Undefined,Undefined,Undefined,0,0,,89.73725,-2.14348,-4.126678,2183.128181,239.70639,2:00,6.04863,0.8165,4.71543,-25.47745,11.18658,16.98619,1.88495,-1.69129,81.56906,-6.799456,-1.151414,0.435804,,,,,,,,,,,,-9.50099,6.47575,-0.41448,50,5.80903,8.52063,-129.65931,-5.87699,-16.09639,28.32396,-21.20296,GEO_PAT,FOR_RAM,SpuhlerFieldMain,D1,A10,20250516-SpuhlerFieldMain-1,7fdfb430-328d-11f0-91e7-fb5a2aac2a77,86.48936,,,8.16819,,,,,,,02d18158-196c-4e82-8889-159833404470,2025-05-16,19:39:35.80,2025-05-16T15:39:35.8038016-04:00,2025-05-16T19:39:35.8038016Z,,v3,471300,471298,16 May 2025 14:00-fordham@georgemas,"Barenz, Nick",1000218914,Right,GEO_PAT,07a88e01-92c2-4516-9004-c77ec7e5f5c6,55.78553,-130.91705,14.16198,6.04909,-4.93547,-10.60148,-0.80872,9.2354,-8.0482,,,,,,,,,,,,,,,,,,,,,,,,,,,,,,,,,,,,,,,,,,,,,,,,,,,High,High,High,,,,,
273,2025-05-16,15:39:53.11,5,5,"Bilo, Michael",10091065,Right,GEO_PAT,"Kirk, Taylor",1000367095,Right,FOR_RAM,Undefined,8,Top,2,2,2,Slider,Slider,InPlay,Undefined,GroundBall,Out,1,0,,78.76462,0.165135,-1.719413,1826.30458,34.999144,7:15,5.80933,1.06763,4.43694,-48.31239,0.50988,-0.98976,1.94091,-0.65554,70.63114,-8.550346,-1.892512,0.502898,90.48832,-12.651622,1.653888,,,,,10.61547,10.47956,5.845525,0.067121,-0.1298,0.70232,-0.88429,50,5.78014,3.45974,-113.79544,-1.51308,-0.16575,25.98525,-31.27726,GEO_PAT,FOR_RAM,SpuhlerFieldMain,D1,A10,20250516-SpuhlerFieldMain-1,8a58d360-328d-11f0-91e7-fb5a2aac2a77,74.9504,1.95405,,8.13348,,,,1.85883,1.95405,0.82991,02d18158-196c-4e82-8889-159833404470,2025-05-16,19:39:53.11,2025-05-16T15:39:53.1197952-04:00,2025-05-16T19:39:53.1197952Z,GroundBall,v3,471300,471298,16 May 2025 14:00-fordham@georgemas,"Barenz, Nick",1000218914,Right,GEO_PAT,53825e78-8626-405b-a4e8-e3b61e36a95b,56.062,-115.17138,12.99263,5.81641,0.14308,-15.63863,-1.06772,3.46852,-0.08287,180,1.85668,129.639,,,,,,,,1.95453,-29.11254,,,,,,,,0.82985,3.74317,,,,,,,,,,,,,,,,,,,,,,,,,,,,,,High,High,High,Medium,High,,,
274,2025-05-16,15:42:01.78,1,1,"Hasan, Ameer",1000367089,Left,FOR_RAM,"Quinn-Irons, Jaime",1000216379,Right,GEO_PAT,Undefined,8,Bottom,0,0,0,ChangeUp,Changeup,StrikeCalled,Undefined,Undefined,Undefined,0,0,,70.76222,1.812176,2.211992,1406.465666,135.800021,10:30,5.26663,-2.12118,5.26736,-44.57892,13.51957,-11.09194,3.25599,-0.96644,63.8225,-6.434172,0.246744,0.548598,,,,,,,,,,,,6.20284,6.79922,1.92706,50,5.40055,-3.53998,-102.3769,1.92671,6.48655,19.21545,-25.06384,GEO_PAT,FOR_RAM,SpuhlerFieldMain,D1,A10,20250516-SpuhlerFieldMain-1,d6fb0d00-328d-11f0-91e7-fb5a2aac2a77,68.70691,,,6.93972,,,,,,,02d18158-196c-4e82-8889-159833404470,2025-05-16,19:42:01.78,2025-05-16T15:42:01.7859584-04:00,2025-05-16T19:42:01.7859584Z,,v3,471300,471298,16 May 2025 14:00-fordham@georgemas,"McAndrews, Thomas",1000092049,Right,FOR_RAM,ba6ff911-b352-47d7-95a3-f2b6634084e5,55.22959,-103.3538,9.60773,5.27021,3.20093,-12.53192,2.11541,-3.86975,3.24327,,,,,,,,,,,,,,,,,,,,,,,,,,,,,,,,,,,,,,,,,,,,,,,,,,,High,High,High,,,,,
275,2025-05-16,15:42:13.49,1,2,"Hasan, Ameer",1000367089,Left,FOR_RAM,"Quinn-Irons, Jaime",1000216379,Right,GEO_PAT,Undefined,8,Bottom,0,0,1,ChangeUp,Changeup,BallCalled,Undefined,Undefined,Undefined,0,0,,72.68584,-0.575917,3.528892,1544.672042,100.602232,9:15,5.29788,-2.3001,5.2818,-49.89845,4.90902,-15.92769,0.59774,-0.30891,66.34077,-9.670355,0.70273,0.532833,,,,,,,,,,,,9.12284,3.14563,1.9901,50,5.20864,-5.90661,-105.23469,-2.61776,10.11721,19.70056,-28.68552,GEO_PAT,FOR_RAM,SpuhlerFieldMain,D1,A10,20250516-SpuhlerFieldMain-1,de08edb0-328d-11f0-91e7-fb5a2aac2a77,70.73966,,,6.34507,,,,,,,02d18158-196c-4e82-8889-159833404470,2025-05-16,19:42:13.49,2025-05-16T15:42:13.4938624-04:00,2025-05-16T19:42:13.4938624Z,,v3,471300,471298,16 May 2025 14:00-fordham@georgemas,"McAndrews, Thomas",1000092049,Right,FOR_RAM,ae4f7a70-85ec-46cb-8261-304af27ca4ab,55.22081,-106.20756,9.85028,5.30293,-1.20118,-14.34276,2.29411,-6.40623,5.05861,,,,,,,,,,,,,,,,,,,,,,,,,,,,,,,,,,,,,,,,,,,,,,,,,,,High,High,High,,,,,
276,2025-05-16,15:42:25.73,1,3,"Hasan, Ameer",1000367089,Left,FOR_RAM,"Quinn-Irons, Jaime",1000216379,Right,GEO_PAT,Undefined,8,Bottom,0,1,1,ChangeUp,Changeup,InPlay,Undefined,LineDrive,Double,0,0,,73.79922,0.152548,3.352492,1548.221189,144.095426,10:45,5.25138,-2.30224,5.303,-37.13132,15.85292,-10.15363,2.30056,0.0026,67.10173,-6.713173,1.554094,0.523896,115.25583,14.698814,-17.687682,1088.510213,105.08597,27.31883,-32.51001,355.62064,355.62064,-15.392858,3.349835,6.1204,8.415,2.00505,50,5.23871,-5.88109,-106.8526,-0.82834,7.02071,19.75602,-22.52121,GEO_PAT,FOR_RAM,SpuhlerFieldMain,D1,A10,20250516-SpuhlerFieldMain-1,e5555e00-328d-11f0-91e7-fb5a2aac2a77,71.94645,37.15848,,6.69749,,,,2.54123,2.39776,0.03528,02d18158-196c-4e82-8889-159833404470,2025-05-16,19:42:25.73,2025-05-16T15:42:25.7306112-04:00,2025-05-16T19:42:25.7306112Z,LineDrive,v3,471300,471298,16 May 2025 14:00-fordham@georgemas,"McAndrews, Thomas",1000092049,Right,FOR_RAM,e6ba2201-f59f-4e5f-ba3e-9c8e5b312361,55.19761,-107.8093,9.87801,5.25242,0.26227,-11.26061,2.29808,-6.22107,3.51035,177.099421,2.54133,155.77055,-31.47103,8.06958,-1.59441,0.19796,-0.00533,-0.00232,0.00026,2.3977,42.89971,-12.66229,-0.67226,0.1632,0.06573,-0.03948,0.00815,-0.00062,0.03529,-49.68131,9.48035,-1.19789,0.14107,-0.04936,0.01886,-0.00364,0.00027,,,,,,,,,,,,,,,,,,,,,,,High,High,High,High,High,,,
277,2025-05-16,15:45:55.36,2,1,"Egan, Ryan",10070151,Right,FOR_RAM,"Hull, Owen",10054797,Left,GEO_PAT,Undefined,8,Bottom,0,0,0,Fastball,Changeup,BallCalled,Undefined,Undefined,Undefined,0,0,,86.2253,-1.450268,-1.562782,2162.358627,235.655914,1:45,5.51733,1.74704,5.63395,-24.691,13.46402,17.83438,2.10579,1.77473,78.53748,-6.056767,1.623893,0.444577,,,,,,,,,,,,-9.48611,7.633,-1.62561,50,5.37823,2.65476,-125.09868,-3.97514,-14.94586,26.59612,-20.1479,GEO_PAT,FOR_RAM,SpuhlerFieldMain,D1,A10,20250516-SpuhlerFieldMain-1,6224a940-328e-11f0-91e7-fb5a2aac2a77,84.78265,,,7.68781,,,,,,,02d18158-196c-4e82-8889-159833404470,2025-05-16,19:45:55.36,2025-05-16T15:45:55.3689600-04:00,2025-05-16T19:45:55.3689600Z,,v3,471300,471298,16 May 2025 14:00-fordham@georgemas,"McAndrews, Thomas",1000092049,Right,FOR_RAM,fd271979-3235-477b-b5cd-751839e73e41,54.86752,-126.12927,13.29806,5.51714,-3.19442,-10.07395,-1.7397,3.23391,-7.47293,,,,,,,,,,,,,,,,,,,,,,,,,,,,,,,,,,,,,,,,,,,,,,,,,,,High,High,High,,,,,
278,2025-05-16,15:46:14.31,2,2,"Egan, Ryan",10070151,Right,FOR_RAM,"Hull, Owen",10054797,Left,GEO_PAT,Undefined,8,Bottom,0,1,0,Fastball,Changeup,FoulBallNotFieldable,Undefined,Undefined,Undefined,0,0,,85.42017,-1.007312,-2.07751,2121.166765,219.929673,1:15,5.66504,1.75598,5.41676,-22.48521,16.80855,12.9395,2.84687,0.88715,77.5045,-5.223811,0.22319,0.451163,70.41937,35.511123,-142.438619,3252.700989,-92.02349,42.9895,-60.2634,203.3785,67.36483,-150.955388,3.004964,-7.16744,9.15752,-1.58074,50,5.56022,3.9415,-123.83919,-2.904,-11.04214,26.56673,-18.06599,GEO_PAT,FOR_RAM,SpuhlerFieldMain,D1,A10,20250516-SpuhlerFieldMain-1,6d836d80-328e-11f0-91e7-fb5a2aac2a77,83.54512,43.03556,,7.91566,,,,1.80864,2.81534,-0.81719,02d18158-196c-4e82-8889-159833404470,2025-05-16,19:46:14.31,2025-05-16T15:46:14.3100928-04:00,2025-05-16T19:46:14.3100928Z,FlyBall,v3,471300,471298,16 May 2025 14:00-fordham@georgemas,"McAndrews, Thomas",1000092049,Right,FOR_RAM,dd74e762-098f-4c4a-ac3d-442a7b29ce5f,55.08472,-124.92524,13.28336,5.66385,-2.16547,-9.033,-1.75109,4.39289,-5.52107,45.758251,1.80889,-66.65481,1.32861,0.4042,0.14856,-0.23942,0.12011,-0.02669,0.00224,2.81538,59.99052,-25.32787,2.7791,-0.56291,0.09121,-0.01448,0.003,-0.00033,-0.81693,-51.26278,9.39934,-2.0706,0.80565,-0.4153,0.16884,-0.03716,0.00322,,,,,,,,,,,,,,,,,,,,,,,High,High,High,High,Low,,,
279,2025-05-16,15:46:38.80,2,3,"Egan, Ryan",10070151,Right,FOR_RAM,"Hull, Owen",10054797,Left,GEO_PAT,Undefined,8,Bottom,0,1,1,Slider,Changeup,StrikeCalled,Undefined,Undefined,Undefined,0,0,,77.88147,-0.018689,-4.599945,2072.232775,252.686428,2:30,5.07647,2.00519,5.28067,-39.86734,7.37827,18.8832,1.73658,-0.75082,71.48237,-7.301237,-1.260302,0.494712,,,,,,,,,,,,-10.77319,4.10484,-1.59924,50,5.04537,8.33984,-112.77666,-1.35741,-13.91031,20.01623,-26.8739,GEO_PAT,FOR_RAM,SpuhlerFieldMain,D1,A10,20250516-SpuhlerFieldMain-1,7c288320-328e-11f0-91e7-fb5a2aac2a77,76.19071,,,6.39911,,,,,,,02d18158-196c-4e82-8889-159833404470,2025-05-16,19:46:38.80,2025-05-16T15:46:38.8080128-04:00,2025-05-16T19:46:38.8080128Z,,v3,471300,471298,16 May 2025 14:00-fordham@georgemas,"McAndrews, Thomas",1000092049,Right,FOR_RAM,5236870f-77ac-41c3-94a3-2291c56c09f7,55.22361,-113.7,10.00811,5.07939,-0.11774,-13.43695,-1.99875,8.98152,-6.95515,,,,,,,,,,,,,,,,,,,,,,,,,,,,,,,,,,,,,,,,,,,,,,,,,,,High,High,High,,,,,
280,2025-05-16,15:46:59.41,2,4,"Egan, Ryan",10070151,Right,FOR_RAM,"Hull, Owen",10054797,Left,GEO_PAT,Undefined,8,Bottom,0,1,2,Slider,Changeup,FoulBallNotFieldable,Undefined,Undefined,Undefined,0,0,,78.33713,0.556647,-2.519505,2055.071376,274.477963,3:15,5.14951,2.05621,5.13906,-47.01101,-0.05906,19.99481,1.75664,1.34835,71.79676,-7.97857,1.021632,0.493172,,,,,,,,,,,,-10.72481,0.21697,-1.83628,50,5.16515,4.19754,-113.63176,-0.53892,-13.98802,21.30105,-31.89105,GEO_PAT,FOR_RAM,SpuhlerFieldMain,D1,A10,20250516-SpuhlerFieldMain-1,886ee840-328e-11f0-91e7-fb5a2aac2a77,76.42862,,,6.54037,,,,,,,02d18158-196c-4e82-8889-159833404470,2025-05-16,19:46:59.41,2025-05-16T15:46:59.4167296-04:00,2025-05-16T19:46:59.4167296Z,,v3,471300,471298,16 May 2025 14:00-fordham@georgemas,"McAndrews, Thomas",1000092049,Right,FOR_RAM,8d565f51-59f1-4453-8f4b-49da97c86550,55.36561,-114.63317,10.65053,5.15525,0.96034,-15.94553,-2.04907,4.85514,-6.99401,,,,,,,,,,,,,,,,,,,,,,,,,,,,,,,,,,,,,,,,,,,,,,,,,,,High,High,High,,,,,
281,2025-05-16,15:47:23.93,2,5,"Egan, Ryan",10070151,Right,FOR_RAM,"Hull, Owen",10054797,Left,GEO_PAT,Undefined,8,Bottom,0,1,2,Fastball,Four-Seam,FoulBallNotFieldable,Undefined,Undefined,Undefined,0,0,,86.11343,-1.659859,-2.479006,2153.99825,216.337432,1:15,5.61582,1.70009,5.49662,-17.67021,21.04722,14.46387,2.58872,0.58501,77.81224,-5.031793,0.095256,0.447842,71.09464,44.932988,-150.931969,3000.236225,-98.15947,55.95504,-49.64579,196.75609,65.66581,-156.735756,3.367242,-8.11811,11.55623,-1.49338,50,5.4591,4.78667,-124.75477,-4.13625,-12.64394,27.84718,-14.17529,GEO_PAT,FOR_RAM,SpuhlerFieldMain,D1,A10,20250516-SpuhlerFieldMain-1,97033500-328e-11f0-91e7-fb5a2aac2a77,84.16462,56.1635,,8.30118,,,,3.16093,2.61601,-0.52147,02d18158-196c-4e82-8889-159833404470,2025-05-16,19:47:23.93,2025-05-16T15:47:23.9374848-04:00,2025-05-16T19:47:23.9374848Z,FlyBall,v3,471300,471298,16 May 2025 14:00-fordham@georgemas,"McAndrews, Thomas",1000092049,Right,FOR_RAM,a1fa1029-a19f-4940-8939-bcfeec7c7950,55.00487,-125.86698,13.92359,5.61299,-3.57009,-7.08764,-1.69464,5.29166,-6.32197,14.92276,3.16043,-64.50629,1.30702,0.93955,-0.27721,0.0351,0.02165,-0.00902,0.00095,2.61655,73.62309,-29.51012,3.36598,-0.23669,-0.21273,0.10324,-0.01919,0.00132,-0.52202,-35.84747,3.87315,0.15538,-0.2055,0.08024,-0.00343,-0.00386,0.00056,,,,,,,,,,,,,,,,,,,,,,,High,High,High,High,Low,,,
282,2025-05-16,15:47:46.68,2,6,"Egan, Ryan",10070151,Right,FOR_RAM,"Hull, Owen",10054797,Left,GEO_PAT,Undefined,8,Bottom,0,1,2,Slider,Changeup,FoulBallNotFieldable,Undefined,Undefined,Undefined,0,0,,79.96271,-0.294824,-2.368947,2223.706997,258.326275,2:30,5.22727,1.94775,5.25465,-39.74734,5.30461,18.34926,1.63772,1.24957,72.94364,-7.564253,0.887301,0.48309,66.37178,46.132292,-121.704447,3657.061269,,,,,38.12976,,,-9.97284,3.13272,-1.74488,50,5.17071,4.06116,-115.95266,-1.95922,-13.4818,23.10805,-27.93909,GEO_PAT,FOR_RAM,SpuhlerFieldMain,D1,A10,20250516-SpuhlerFieldMain-1,a4992490-328e-11f0-91e7-fb5a2aac2a77,78.0236,34.10071,,7.01907,,,,2.45917,1.79041,-1.13105,02d18158-196c-4e82-8889-159833404470,2025-05-16,19:47:46.68,2025-05-16T15:47:46.6874368-04:00,2025-05-16T19:47:46.6874368Z,,v3,471300,471298,16 May 2025 14:00-fordham@georgemas,"McAndrews, Thomas",1000092049,Right,FOR_RAM,5313654a-dca3-4df9-8eb2-9b377f012326,55.24901,-116.99405,11.55402,5.23063,-0.70011,-13.96955,-1.94158,4.66874,-6.7409,,2.45917,-35.45264,-4.19671,3.12007,-1.0728,0.30599,-0.07844,0.01728,-0.00203,1.79041,70.18017,-30.27441,4.22578,-0.82863,0.13159,-0.01615,-0.00288,0.00232,-1.13105,-57.39275,11.19754,-2.84069,0.63843,-0.12283,0.02203,-0.0004,-0.00131,,,,,,,,,,,,,,,,,,,,,,,High,High,High,High,Undefined,,,
283,2025-05-16,15:48:10.47,2,7,"Egan, Ryan",10070151,Right,FOR_RAM,"Hull, Owen",10054797,Left,GEO_PAT,Undefined,8,Bottom,0,1,2,Slider,Changeup,InPlay,Undefined,LineDrive,Out,1,0,,79.19801,-0.308027,-4.624415,2140.196438,259.551485,2:45,5.10416,2.11928,5.42527,-40.58805,5.00264,19.09029,1.43236,-0.63091,72.52012,-7.732795,-1.237879,0.48597,97.73115,21.40897,10.389753,2039.163541,108.43005,38.05163,18.51741,342.5252,340.07812,7.407318,3.969579,-10.99942,2.99071,-1.72214,50,5.0483,8.53487,-114.67298,-1.96617,-14.6279,21.45515,-28.19674,GEO_PAT,FOR_RAM,SpuhlerFieldMain,D1,A10,20250516-SpuhlerFieldMain-1,b2c44f40-328e-11f0-91e7-fb5a2aac2a77,77.56125,50.85694,,6.67789,,,,2.90903,1.63368,0.58588,02d18158-196c-4e82-8889-159833404470,2025-05-16,19:48:10.47,2025-05-16T15:48:10.4773120-04:00,2025-05-16T19:48:10.4773120Z,LineDrive,v3,471300,471298,16 May 2025 14:00-fordham@georgemas,"McAndrews, Thomas",1000092049,Right,FOR_RAM,bec96257-afe0-452f-aa35-2246c0848ca4,55.07919,-115.61938,10.72757,5.1076,-0.72239,-14.09837,-2.11285,9.18012,-7.31395,170.589231,2.90909,131.25725,-23.54912,5.62788,-1.18897,0.21439,-0.0283,0.00204,-4E-05,1.63356,52.32627,-14.3614,0.14276,0.07207,-0.00298,-0.00834,0.00261,-0.00024,0.5859,24.0658,-6.16495,1.27268,-0.22697,0.03233,-0.0026,-0.0001,3E-05,,,,,,,,,,,,,,,,,,,,,,,High,High,High,High,High,,,
284,2025-05-16,15:48:55.07,3,1,"Egan, Ryan",10070151,Right,FOR_RAM,"Butler, Jake",1000176047,Right,GEO_PAT,Undefined,8,Bottom,1,0,0,Fastball,Sinker,BallCalled,Undefined,Undefined,Undefined,0,0,,86.88165,-3.478688,-3.514478,2136.56547,226.705432,1:30,5.43676,1.65946,5.58295,-21.55115,16.20194,15.85044,0.38185,-0.30608,79.38286,-7.498411,-0.690449,0.44223,,,,,,,,,,,,-9.11,9.58898,-1.36784,50,5.12287,7.0616,-125.72463,-8.35137,-14.54096,26.1491,-16.86858,GEO_PAT,FOR_RAM,SpuhlerFieldMain,D1,A10,20250516-SpuhlerFieldMain-1,cd53ee60-328e-11f0-91e7-fb5a2aac2a77,85.23276,,,7.49878,,,,,,,02d18158-196c-4e82-8889-159833404470,2025-05-16,19:48:55.07,2025-05-16T15:48:55.0790144-04:00,2025-05-16T19:48:55.0790144Z,,v3,471300,471298,16 May 2025 14:00-fordham@georgemas,"McAndrews, Thomas",1000092049,Right,FOR_RAM,548504bc-67f0-4d88-babc-2ea5ac427aba,54.92041,-126.74388,13.07455,5.43558,-7.69386,-8.43429,-1.65414,7.62839,-7.27048,,,,,,,,,,,,,,,,,,,,,,,,,,,,,,,,,,,,,,,,,,,,,,,,,,,High,High,High,,,,,
285,2025-05-16,15:49:16.30,3,2,"Egan, Ryan",10070151,Right,FOR_RAM,"Butler, Jake",1000176047,Right,GEO_PAT,Undefined,8,Bottom,1,1,0,Fastball,Changeup,InPlay,Undefined,LineDrive,Sacrifice,1,1,,85.06597,-0.757212,-2.164224,2138.572503,224.646707,1:30,5.68006,1.75107,5.59339,-24.6421,14.48509,13.0554,2.91897,0.81722,77.64983,-5.357175,0.164798,0.450205,93.96189,18.756586,-24.528154,1444.723085,98.11763,30.90011,-49.72854,297.85846,289.85622,-30.542231,3.15377,-7.27197,7.93052,-1.5742,50,5.5992,4.12831,-123.44704,-2.42852,-11.19744,25.06745,-19.96261,GEO_PAT,FOR_RAM,SpuhlerFieldMain,D1,A10,20250516-SpuhlerFieldMain-1,d9fe9390-328e-11f0-91e7-fb5a2aac2a77,83.72279,35.1923,,7.41613,,,,2.42728,3.03781,-0.81208,02d18158-196c-4e82-8889-159833404470,2025-05-16,19:49:16.30,2025-05-16T15:49:16.3034112-04:00,2025-05-16T19:49:16.3034112Z,LineDrive,v3,471300,471298,16 May 2025 14:00-fordham@georgemas,"McAndrews, Thomas",1000092049,Right,FOR_RAM,13b3f2db-1b14-46a5-9893-d15aa8eca43c,54.90921,-124.43993,12.53373,5.67972,-1.63783,-9.9813,-1.7465,4.57183,-5.59872,135.043947,2.42731,118.71673,-21.63859,5.1978,-1.04247,0.13199,0.00073,-0.00376,0.00049,3.03773,44.31389,-15.9747,0.46265,-0.02929,0.06712,-0.03884,0.01013,-0.00099,-0.81215,-54.16837,1.659,0.63659,-0.35233,0.11162,-0.02587,0.00385,-0.00027,,,,,,,,,,,,,,,,,,,,,,,High,High,High,High,High,,,
286,2025-05-16,15:50:04.83,4,1,"Egan, Ryan",10070151,Right,FOR_RAM,"Alberti, Lucas",1000145512,Right,GEO_PAT,Undefined,8,Bottom,2,0,0,Fastball,Four-Seam,BallCalled,Undefined,Undefined,Undefined,0,0,,85.42954,0.038764,-0.788079,2030.871585,221.548828,1:30,5.82483,1.58637,5.64988,-20.90525,18.0395,14.80753,4.11889,2.08519,77.35355,-3.922802,1.857157,0.449154,,,,,,,,,,,,-7.68867,9.50674,-1.52885,50,5.81506,1.06947,-123.93733,-0.54041,-11.85195,26.84019,-17.51957,GEO_PAT,FOR_RAM,SpuhlerFieldMain,D1,A10,20250516-SpuhlerFieldMain-1,f6d340b0-328e-11f0-91e7-fb5a2aac2a77,83.91866,,,8.07599,,,,,,,02d18158-196c-4e82-8889-159833404470,2025-05-16,19:50:04.83,2025-05-16T15:50:04.8395264-04:00,2025-05-16T19:50:04.8395264Z,,v3,471300,471298,16 May 2025 14:00-fordham@georgemas,"McAndrews, Thomas",1000092049,Right,FOR_RAM,65b3f5cc-b363-4108-8062-854063705364,54.84927,-124.98308,13.4201,5.82282,0.14219,-8.75978,-1.57951,1.53125,-5.92597,,,,,,,,,,,,,,,,,,,,,,,,,,,,,,,,,,,,,,,,,,,,,,,,,,,High,High,High,,,,,
287,2025-05-16,15:50:24.56,4,2,"Egan, Ryan",10070151,Right,FOR_RAM,"Alberti, Lucas",1000145512,Right,GEO_PAT,Undefined,8,Bottom,2,1,0,Fastball,Four-Seam,BallCalled,Undefined,Undefined,Undefined,0,0,,86.21737,-2.540759,-5.267997,2179.365972,216.060308,1:15,5.69379,1.44146,5.64154,-17.99603,20.50052,13.94808,1.8122,-2.32466,78.253,-5.960255,-2.792217,0.446563,,,,,,,,,,,,-8.60465,11.52367,-1.00165,50,5.46564,10.88703,-124.50548,-6.06516,-13.43344,26.26426,-14.18352,GEO_PAT,FOR_RAM,SpuhlerFieldMain,D1,A10,20250516-SpuhlerFieldMain-1,02b40630-328f-11f0-91e7-fb5a2aac2a77,84.40573,,,7.96437,,,,,,,02d18158-196c-4e82-8889-159833404470,2025-05-16,19:50:24.56,2025-05-16T15:50:24.5604864-04:00,2025-05-16T19:50:24.5604864Z,,v3,471300,471298,16 May 2025 14:00-fordham@georgemas,"McAndrews, Thomas",1000092049,Right,FOR_RAM,c2e7923f-8f3c-4bcc-b5c5-eea769ff2bcd,54.85922,-125.52634,13.13213,5.69067,-5.51387,-7.09176,-1.43496,11.40917,-6.71672,,,,,,,,,,,,,,,,,,,,,,,,,,,,,,,,,,,,,,,,,,,,,,,,,,,High,High,High,,,,,
288,2025-05-16,15:50:45.90,4,3,"Egan, Ryan",10070151,Right,FOR_RAM,"Alberti, Lucas",1000145512,Right,GEO_PAT,Undefined,8,Bottom,2,2,0,Fastball,Four-Seam,InPlay,Undefined,FlyBall,Out,1,0,,85.08759,-1.506948,-2.80637,2078.883002,210.442533,1:00,5.62236,1.64906,5.54173,-18.63678,20.73702,11.40237,2.65881,-0.02582,77.33447,-5.04351,-0.776463,0.451622,88.60682,35.750606,-22.250207,3404.605832,101.84183,71.86185,-41.57181,336.19577,323.40767,-25.60455,5.266552,-6.63323,11.34068,-1.41353,50,5.47963,5.57315,-123.32682,-3.79866,-10.15886,25.80676,-14.80568,GEO_PAT,FOR_RAM,SpuhlerFieldMain,D1,A10,20250516-SpuhlerFieldMain-1,0f69cef0-328f-11f0-91e7-fb5a2aac2a77,83.46016,94.14926,,7.75311,,,,3.38141,2.87742,-0.01238,02d18158-196c-4e82-8889-159833404470,2025-05-16,19:50:45.90,2025-05-16T15:50:45.9012096-04:00,2025-05-16T19:50:45.9012096Z,FlyBall,v3,471300,471298,16 May 2025 14:00-fordham@georgemas,"McAndrews, Thomas",1000092049,Right,FOR_RAM,74e00573-0449-4ac6-9387-04483d1dcc5a,54.96034,-124.36047,12.90338,5.61991,-3.20565,-7.40284,-1.6449,5.98005,-5.07943,177.609407,3.38502,97.54352,-19.23453,4.28858,-0.50584,-0.04512,0.02712,-0.00372,0.00018,2.87447,75.97476,-17.23975,0.73749,-0.10589,0.01579,0.00303,-0.00117,9E-05,-0.01307,-39.92304,7.34396,-2.16421,0.39758,-0.02849,-0.00442,0.00103,-6E-05,,,,,,,,,,,,,,,,,,,,,,,High,High,High,High,Medium,,,
289,2025-05-16,15:54:14.35,1,1,"Ament, Ryan",1000126783,Left,GEO_PAT,"Bucciero, Daniel",827759,Right,FOR_RAM,Undefined,9,Top,0,0,0,ChangeUp,Changeup,InPlay,Undefined,GroundBall,Out,1,0,,83.84877,-1.146599,2.876411,1541.844935,90.720633,9:00,5.97673,-2.2056,6.16248,-37.74486,1.16496,-7.69433,1.7706,-0.18728,78.00614,-8.089753,1.488157,0.448953,90.30835,-17.148893,-50.744588,,,,,9.11308,7.91733,-27.92978,0.05161,4.74744,1.1385,1.99127,50,5.86977,-5.84782,-121.91222,-3.63638,7.22718,21.3803,-30.44089,GEO_PAT,FOR_RAM,SpuhlerFieldMain,D1,A10,20250516-SpuhlerFieldMain-1,8b9fe770-328f-11f0-91e7-fb5a2aac2a77,83.95628,2.01893,,5.84263,,,,3.9115,2.01893,0.79781,02d18158-196c-4e82-8889-159833404470,2025-05-16,19:54:14.35,2025-05-16T15:54:14.3524352-04:00,2025-05-16T19:54:14.3524352Z,GroundBall,v3,471300,471298,16 May 2025 14:00-fordham@georgemas,"Barenz, Nick",1000218914,Right,GEO_PAT,b708f11e-67b6-4e53-8108-2ab83bc94fca,54.34348,-122.67159,10.69015,5.97972,-2.5552,-15.22045,2.20353,-6.10451,3.61359,180,3.91039,80.21974,,,,,,,,2.01947,-39.11917,,,,,,,,0.79916,-98.16513,,,,,,,,,,,,,,,,,,,,,,,,,,,,,,High,High,High,Low,Low,,,
290,2025-05-16,15:54:45.85,2,1,"Ament, Ryan",1000126783,Left,GEO_PAT,"Kanellis, Andrew",1000287028,Right,FOR_RAM,Undefined,9,Top,1,0,0,Fastball,Changeup,StrikeCalled,Undefined,Undefined,Undefined,0,0,,86.58022,-1.582403,2.879254,1648.1862,103.281046,9:30,5.93633,-2.14796,6.23767,-31.86238,4.77382,-15.58662,1.81914,-0.78848,79.87864,-7.48893,0.062895,0.435639,,,,,,,,,,,,8.83878,3.24221,1.94048,50,5.80242,-5.71946,-125.77328,-4.50077,14.23197,24.26556,-26.95351,GEO_PAT,FOR_RAM,SpuhlerFieldMain,D1,A10,20250516-SpuhlerFieldMain-1,9e5247f0-328f-11f0-91e7-fb5a2aac2a77,86.52222,,,6.70158,,,,,,,02d18158-196c-4e82-8889-159833404470,2025-05-16,19:54:45.85,2025-05-16T15:54:45.8506752-04:00,2025-05-16T19:54:45.8506752Z,,v3,471300,471298,16 May 2025 14:00-fordham@georgemas,"Barenz, Nick",1000218914,Right,GEO_PAT,5d311f61-8ade-48b4-8ae1-06e796d310bd,54.26608,-126.59367,12.13278,5.93918,-3.58951,-13.47676,2.14198,-6.20062,7.11598,,,,,,,,,,,,,,,,,,,,,,,,,,,,,,,,,,,,,,,,,,,,,,,,,,,High,High,High,,,,,
291,2025-05-16,15:55:04.22,2,2,"Ament, Ryan",1000126783,Left,GEO_PAT,"Kanellis, Andrew",1000287028,Right,FOR_RAM,Undefined,9,Top,1,0,1,ChangeUp,Changeup,BallCalled,Undefined,Undefined,Undefined,0,0,,83.22254,-2.095633,4.586439,1615.766683,98.95385,9:15,5.87498,-1.97148,6.47284,-35.99695,3.35591,-13.99666,0.94356,1.08334,77.13808,-8.758576,2.052434,0.451502,,,,,,,,,,,,8.63918,2.57043,1.65405,50,5.71042,-9.20969,-120.73415,-5.48492,12.84367,21.92072,-28.35267,GEO_PAT,FOR_RAM,SpuhlerFieldMain,D1,A10,20250516-SpuhlerFieldMain-1,a94a3410-328f-11f0-91e7-fb5a2aac2a77,83.48234,,,6.08446,,,,,,,02d18158-196c-4e82-8889-159833404470,2025-05-16,19:55:04.22,2025-05-16T15:55:04.2255872-04:00,2025-05-16T19:55:04.2255872Z,,v3,471300,471298,16 May 2025 14:00-fordham@georgemas,"Barenz, Nick",1000218914,Right,GEO_PAT,6bfd4f09-3453-4f66-9d90-9b3f3a55817c,54.03334,-121.46425,10.96036,5.87737,-4.54061,-14.17634,1.96791,-9.63746,6.42183,,,,,,,,,,,,,,,,,,,,,,,,,,,,,,,,,,,,,,,,,,,,,,,,,,,High,High,High,,,,,
292,2025-05-16,15:55:23.04,2,3,"Ament, Ryan",1000126783,Left,GEO_PAT,"Kanellis, Andrew",1000287028,Right,FOR_RAM,Undefined,9,Top,1,1,1,ChangeUp,Changeup,FoulBallNotFieldable,Undefined,Undefined,Undefined,0,0,,79.81323,-0.990314,3.121654,1370.857452,98.850737,9:15,5.74804,-2.36085,5.9922,-39.7738,3.57437,-14.97623,1.51429,-0.71289,74.05637,-8.300994,0.42826,0.473867,,,,,,,,,,,,8.60315,2.39736,2.12318,50,5.64737,-5.79498,-115.97508,-3.23065,11.82098,19.89188,-28.88002,GEO_PAT,FOR_RAM,SpuhlerFieldMain,D1,A10,20250516-SpuhlerFieldMain-1,b49a5250-328f-11f0-91e7-fb5a2aac2a77,79.54217,,,5.75686,,,,,,,02d18158-196c-4e82-8889-159833404470,2025-05-16,19:55:23.04,2025-05-16T15:55:23.0406144-04:00,2025-05-16T19:55:23.0406144Z,,v3,471300,471298,16 May 2025 14:00-fordham@georgemas,"Barenz, Nick",1000218914,Right,GEO_PAT,95c0df4b-6261-4b76-881e-0de0634ec3e2,54.51373,-116.7467,9.94594,5.75096,-2.11037,-14.44001,2.35687,-6.25353,5.91049,,,,,,,,,,,,,,,,,,,,,,,,,,,,,,,,,,,,,,,,,,,,,,,,,,,High,High,High,,,,,
293,2025-05-16,15:55:46.47,2,4,"Ament, Ryan",1000126783,Left,GEO_PAT,"Kanellis, Andrew",1000287028,Right,FOR_RAM,Undefined,9,Top,1,1,2,ChangeUp,Changeup,FoulBallNotFieldable,Undefined,Undefined,Undefined,0,0,,79.72132,-1.374631,3.573354,1229.381343,105.833434,9:30,5.67452,-2.49036,6.2577,-40.71766,2.74197,-4.89197,1.01105,0.40145,73.47755,-8.894534,2.690072,0.474476,93.66096,1.669998,-59.622141,5394.339204,,,,57.10439,54.82404,-60.066038,0.419729,3.57843,2.15142,2.22727,50,5.55205,-7.05678,-115.69744,-3.97799,4.84514,21.80434,-29.26103,GEO_PAT,FOR_RAM,SpuhlerFieldMain,D1,A10,20250516-SpuhlerFieldMain-1,c28f03b0-328f-11f0-91e7-fb5a2aac2a77,79.44013,1.55302,,6.24377,,,,3.25682,1.32372,-0.60703,02d18158-196c-4e82-8889-159833404470,2025-05-16,19:55:46.47,2025-05-16T15:55:46.4738304-04:00,2025-05-16T19:55:46.4738304Z,GroundBall,v3,471300,471298,16 May 2025 14:00-fordham@georgemas,"Barenz, Nick",1000218914,Right,GEO_PAT,b5a9b4ba-1757-4253-8a16-f6f8b0c34d8b,54.24663,-116.49501,10.90217,5.67798,-2.90767,-14.63052,2.48864,-7.23401,2.42257,,3.26862,69.0638,-21.41591,,,,,,,1.32816,3.86263,-16.76669,,,,,,,-0.60292,-118.59136,5.04403,,,,,,,,,,,,,,,,,,,,,,,,,,,,,High,High,High,Medium,High,,,
294,2025-05-16,15:56:12.24,2,5,"Ament, Ryan",1000126783,Left,GEO_PAT,"Kanellis, Andrew",1000287028,Right,FOR_RAM,Undefined,9,Top,1,1,2,Fastball,Changeup,BallCalled,Undefined,Undefined,Undefined,0,0,,86.73725,0.135869,1.122355,1630.285826,101.040749,9:15,5.99313,-2.1626,6.08973,-33.66537,3.45051,-11.28705,3.3134,-2.06477,78.84308,-6.129884,-0.912553,0.438482,,,,,,,,,,,,6.12461,2.13914,2.08165,50,5.98614,-2.00505,-125.95766,-0.82093,9.75218,27.70106,-28.76795,GEO_PAT,FOR_RAM,SpuhlerFieldMain,D1,A10,20250516-SpuhlerFieldMain-1,d1d08060-328f-11f0-91e7-fb5a2aac2a77,85.96126,,,7.89416,,,,,,,02d18158-196c-4e82-8889-159833404470,2025-05-16,19:56:12.24,2025-05-16T15:56:12.2480640-04:00,2025-05-16T19:56:12.2480640Z,,v3,471300,471298,16 May 2025 14:00-fordham@georgemas,"Barenz, Nick",1000218914,Right,GEO_PAT,60e4980e-cd59-48d0-a700-fcf9534a9d4d,54.41104,-126.92405,13.85053,5.99728,0.18267,-14.38397,2.15754,-2.34527,4.87609,,,,,,,,,,,,,,,,,,,,,,,,,,,,,,,,,,,,,,,,,,,,,,,,,,,High,High,High,,,,,
295,2025-05-16,15:56:31.72,2,6,"Ament, Ryan",1000126783,Left,GEO_PAT,"Kanellis, Andrew",1000287028,Right,FOR_RAM,Undefined,9,Top,1,2,2,Fastball,Changeup,BallCalled,Undefined,Undefined,Undefined,0,0,,86.84005,-0.706374,5.028918,1583.368219,98.311977,9:15,5.96686,-2.01473,6.2964,-33.62427,2.97417,-12.6019,2.51138,1.5811,79.73256,-6.944012,2.76042,0.435414,,,,,,,,,,,,8.07276,1.98402,1.65039,50,5.89808,-10.61684,-125.87839,-2.61385,12.96701,25.2888,-28.9872,GEO_PAT,FOR_RAM,SpuhlerFieldMain,D1,A10,20250516-SpuhlerFieldMain-1,dd6ee5b0-328f-11f0-91e7-fb5a2aac2a77,86.56682,,,7.10749,,,,,,,02d18158-196c-4e82-8889-159833404470,2025-05-16,19:56:31.72,2025-05-16T15:56:31.7237760-04:00,2025-05-16T19:56:31.7237760Z,,v3,471300,471298,16 May 2025 14:00-fordham@georgemas,"Barenz, Nick",1000218914,Right,GEO_PAT,8111ff73-eac9-44fa-b338-9a8dcd5093b0,54.20943,-126.72123,12.6444,5.9691,-1.64774,-14.4936,2.01143,-11.04902,6.4835,,,,,,,,,,,,,,,,,,,,,,,,,,,,,,,,,,,,,,,,,,,,,,,,,,,High,High,High,,,,,
296,2025-05-16,15:56:51.48,2,7,"Ament, Ryan",1000126783,Left,GEO_PAT,"Kanellis, Andrew",1000287028,Right,FOR_RAM,Undefined,9,Top,1,3,2,Fastball,Changeup,InPlay,Undefined,LineDrive,Out,1,0,,85.93646,-0.67472,3.18972,1585.15654,89.868524,9:00,5.90045,-2.17259,6.24109,-35.99049,1.01343,-12.63327,2.27785,-0.27998,79.63507,-7.321353,0.908287,0.43782,80.71042,12.828803,-19.282438,798.151941,102.69027,12.93112,-39.42916,177.64468,144.6137,-22.578816,1.877476,7.4113,0.97701,1.94101,50,5.83203,-6.4897,-124.92045,-2.63133,11.82584,22.85765,-30.61511,GEO_PAT,FOR_RAM,SpuhlerFieldMain,D1,A10,20250516-SpuhlerFieldMain-1,e94c9df0-328f-11f0-91e7-fb5a2aac2a77,86.09126,13.44325,,6.30139,,,,2.27601,2.41504,0.28627,02d18158-196c-4e82-8889-159833404470,2025-05-16,19:56:51.48,2025-05-16T15:56:51.4826752-04:00,2025-05-16T19:56:51.4826752Z,LineDrive,v3,471300,471298,16 May 2025 14:00-fordham@georgemas,"Barenz, Nick",1000218914,Right,GEO_PAT,d0bb0e6a-7fb3-4f21-b50f-832782c86f77,54.26444,-125.69832,11.42883,5.90385,-1.58946,-15.30755,2.16871,-6.89215,5.91292,119.227933,2.27602,108.94402,-15.33399,2.3766,-0.33201,-0.14229,0.13836,-0.05166,0.00757,2.41504,26.28452,-16.66355,1.35453,-0.29554,0.15258,-0.07965,0.02681,-0.00385,0.28627,-38.11438,-0.23921,1.03311,-0.38836,0.13644,-0.04845,0.01345,-0.00175,,,,,,,,,,,,,,,,,,,,,,,High,High,High,High,High,,,
297,2025-05-16,15:57:20.89,3,1,"Ament, Ryan",1000126783,Left,GEO_PAT,"Grabau, Anthony",1000407420,Left,FOR_RAM,Undefined,9,Top,2,0,0,Fastball,Changeup,StrikeCalled,Undefined,Undefined,Undefined,0,0,,87.18424,-1.744583,3.492581,1623.092868,98.145232,9:15,5.86465,-2.26499,6.24689,-33.40671,2.77181,-11.80524,1.46815,-0.0234,80.4645,-7.92092,1.360993,0.432909,,,,,,,,,,,,7.08174,2.21929,2.01055,50,5.71801,-7.27094,-126.56914,-4.94539,11.54075,24.71792,-28.5574,GEO_PAT,FOR_RAM,SpuhlerFieldMain,D1,A10,20250516-SpuhlerFieldMain-1,fad65cf0-328f-11f0-91e7-fb5a2aac2a77,87.06773,,,6.71974,,,,,,,02d18158-196c-4e82-8889-159833404470,2025-05-16,19:57:20.89,2025-05-16T15:57:20.8965120-04:00,2025-05-16T19:57:20.8965120Z,,v3,471300,471298,16 May 2025 14:00-fordham@georgemas,"Barenz, Nick",1000218914,Right,GEO_PAT,4ed6b6c2-e3b4-4e37-b051-bbc0183480da,54.25735,-127.39786,12.35896,5.86776,-3.98795,-14.2787,2.26081,-7.65786,5.77038,,,,,,,,,,,,,,,,,,,,,,,,,,,,,,,,,,,,,,,,,,,,,,,,,,,High,High,High,,,,,
298,2025-05-16,15:57:36.45,3,2,"Ament, Ryan",1000126783,Left,GEO_PAT,"Grabau, Anthony",1000407420,Left,FOR_RAM,Undefined,9,Top,2,0,1,ChangeUp,Curveball,InPlay,Undefined,GroundBall,Single,0,0,,76.35866,1.862487,1.945322,1899.617963,297.155051,4:00,5.65374,-2.63635,5.3871,-50.69633,-1.29284,5.80599,3.17648,-0.32837,69.39568,-7.407053,2.976811,0.505883,80.52841,-10.217261,7.344077,,,,,17.06254,15.99026,6.742809,0.134794,-2.32181,-0.7776,2.45804,50,5.78457,-3.98122,-110.65817,1.92873,-2.84569,21.87465,-33.12709,GEO_PAT,FOR_RAM,SpuhlerFieldMain,D1,A10,20250516-SpuhlerFieldMain-1,042246c0-3290-11f0-91e7-fb5a2aac2a77,74.50818,3.20663,,6.96299,,,,1.70887,3.20663,0.41366,02d18158-196c-4e82-8889-159833404470,2025-05-16,19:57:36.45,2025-05-16T15:57:36.4508160-04:00,2025-05-16T19:57:36.4508160Z,GroundBall,v3,471300,471298,16 May 2025 14:00-fordham@georgemas,"Barenz, Nick",1000218914,Right,GEO_PAT,85d32f28-f7c3-45df-bf15-5cd09a0f5fdc,55.11526,-111.66476,10.93733,5.66074,3.45312,-16.56355,2.63823,-3.85027,-1.42284,68.180512,1.70881,115.28714,-16.74265,,,,,,,3.20706,-20.99226,-20.79663,,,,,,,0.41427,14.79863,-22.36009,,,,,,,,,,,,,,,,,,,,,,,,,,,,,High,High,High,High,High,,,
299,2025-05-16,15:58:09.55,4,1,"Ament, Ryan",1000126783,Left,GEO_PAT,"Dieguez, Matthew",10131275,Right,FOR_RAM,Undefined,9,Top,2,0,0,Fastball,Changeup,StrikeCalled,Undefined,Undefined,Undefined,0,0,,86.33668,-0.113896,3.856328,1595.668993,97.729515,9:15,5.82438,-2.3492,6.45089,-34.17821,2.56106,-10.47465,2.87132,0.3264,79.17645,-6.483361,1.960945,0.436251,,,,,,,,,,,,6.53099,1.73158,2.07991,50,5.80121,-8.04994,-125.32125,-1.314,10.39405,25.15315,-29.41828,GEO_PAT,FOR_RAM,SpuhlerFieldMain,D1,A10,20250516-SpuhlerFieldMain-1,17d43cf0-3290-11f0-91e7-fb5a2aac2a77,86.40076,,,7.16023,,,,,,,02d18158-196c-4e82-8889-159833404470,2025-05-16,19:58:09.55,2025-05-16T15:58:09.5581184-04:00,2025-05-16T19:58:09.5581184Z,,v3,471300,471298,16 May 2025 14:00-fordham@georgemas,"Barenz, Nick",1000218914,Right,GEO_PAT,e9ea17b0-fba5-418f-b437-4003be3c6749,54.052,-126.13191,12.57657,5.82828,-0.36589,-14.70914,2.34475,-8.38493,5.19702,,,,,,,,,,,,,,,,,,,,,,,,,,,,,,,,,,,,,,,,,,,,,,,,,,,High,High,High,,,,,
300,2025-05-16,15:58:25.20,4,2,"Ament, Ryan",1000126783,Left,GEO_PAT,"Dieguez, Matthew",10131275,Right,FOR_RAM,Undefined,9,Top,2,0,1,Fastball,Changeup,InPlay,Undefined,FlyBall,Out,1,0,,85.75705,-0.655383,2.766946,1507.21773,114.180471,9:45,5.83858,-2.13774,6.56655,-32.91655,4.12343,-6.61426,2.49397,-0.15031,78.68612,-6.810332,1.565301,0.438033,89.16565,37.46363,8.626989,4466.133688,107.50569,78.26704,23.29207,293.96711,293.76871,19.005955,5.374731,4.28898,2.66173,1.9499,50,5.77939,-5.78726,-124.63215,-2.40164,6.73753,25.34526,-27.99272,GEO_PAT,FOR_RAM,SpuhlerFieldMain,D1,A10,20250516-SpuhlerFieldMain-1,2125a500-3290-11f0-91e7-fb5a2aac2a77,86.04933,99.24824,,7.07092,,,,2.22634,2.62097,0.17529,02d18158-196c-4e82-8889-159833404470,2025-05-16,19:58:25.20,2025-05-16T15:58:25.2048384-04:00,2025-05-16T19:58:25.2048384Z,FlyBall,v3,471300,471298,16 May 2025 14:00-fordham@georgemas,"Barenz, Nick",1000218914,Right,GEO_PAT,9be7ba67-59d3-4760-9273-7aecbdd1a412,53.93741,-125.43031,12.67263,5.84114,-1.52011,-13.99636,2.13549,-5.99944,3.36876,199.373397,2.22992,102.56211,-23.87921,5.72146,-1.09667,0.17281,-0.02281,0.00225,-0.00011,2.62123,79.52963,-18.26372,0.71701,0.20894,-0.14877,0.04025,-0.00515,0.00025,0.17494,15.57745,2.084,-0.8404,0.22349,-0.04169,0.00484,-0.00031,1E-05,,,,,,,,,,,,,,,,,,,,,,,High,High,High,High,High,,,
301,2025-05-16,16:00:50.56,1,1,"Egan, Ryan",10070151,Right,FOR_RAM,"Pancione, Garrett",1000048493,Right,GEO_PAT,Undefined,9,Bottom,0,0,0,Fastball,Four-Seam,StrikeCalled,Undefined,Undefined,Undefined,0,0,,84.78412,-2.677346,-3.645925,2124.704682,212.891623,1:00,5.601,1.65875,5.4589,-20.55088,19.32836,11.61741,1.37526,-0.79069,77.20923,-6.536011,-1.58296,0.454511,,,,,,,,,,,,-6.9289,10.92382,-1.34522,50,5.35066,7.32747,-122.67477,-6.38127,-10.51237,25.26428,-15.60068,GEO_PAT,FOR_RAM,SpuhlerFieldMain,D1,A10,20250516-SpuhlerFieldMain-1,77ccdf40-3290-11f0-91e7-fb5a2aac2a77,82.92957,,,7.57489,,,,,,,02d18158-196c-4e82-8889-159833404470,2025-05-16,20:00:50.56,2025-05-16T16:00:50.5605632-04:00,2025-05-16T20:00:50.5605632Z,,v3,471300,471298,16 May 2025 14:00-fordham@georgemas,"McAndrews, Thomas",1000092049,Right,FOR_RAM,5fa4f795-44f4-4831-9a00-3311f00627fc,55.0424,-123.70887,12.63214,5.59879,-5.74272,-7.80034,-1.65395,7.75775,-5.25618,,,,,,,,,,,,,,,,,,,,,,,,,,,,,,,,,,,,,,,,,,,,,,,,,,,High,High,High,,,,,
302,2025-05-16,16:01:06.32,1,2,"Egan, Ryan",10070151,Right,FOR_RAM,"Pancione, Garrett",1000048493,Right,GEO_PAT,Undefined,9,Bottom,0,0,1,Slider,Curveball,BallCalled,Undefined,Undefined,Undefined,0,0,,77.46732,-1.452886,-3.250856,1900.632021,123.916564,10:15,5.31826,1.92421,4.98024,-38.57439,10.24052,-12.75367,0.72905,-2.21217,70.78292,-8.454697,-5.495276,0.502861,,,,,,,,,,,,5.31925,6.01351,-1.59921,50,5.14682,6.88467,-112.05911,-4.15492,6.6962,22.13605,-24.60387,GEO_PAT,FOR_RAM,SpuhlerFieldMain,D1,A10,20250516-SpuhlerFieldMain-1,813fb200-3290-11f0-91e7-fb5a2aac2a77,74.95605,,,6.6844,,,,,,,02d18158-196c-4e82-8889-159833404470,2025-05-16,20:01:06.32,2025-05-16T16:01:06.3264256-04:00,2025-05-16T20:01:06.3264256Z,,v3,471300,471298,16 May 2025 14:00-fordham@georgemas,"McAndrews, Thomas",1000092049,Right,FOR_RAM,c8354dba-a160-4275-bd62-715682e78df2,55.51987,-113.14425,11.06803,5.32093,-2.94881,-12.30194,-1.92865,6.55641,3.3481,,,,,,,,,,,,,,,,,,,,,,,,,,,,,,,,,,,,,,,,,,,,,,,,,,,High,High,High,,,,,
303,2025-05-16,16:01:23.96,1,3,"Egan, Ryan",10070151,Right,FOR_RAM,"Pancione, Garrett",1000048493,Right,GEO_PAT,Undefined,9,Bottom,0,1,1,Fastball,Four-Seam,BallCalled,Undefined,Undefined,Undefined,0,0,,85.68169,-2.997071,-2.753517,2230.944458,222.838182,1:30,5.51379,1.84404,5.6726,-20.32411,17.99371,15.57891,1.01996,0.57301,78.81733,-6.798493,0.02899,0.445525,,,,,,,,,,,,-8.72308,10.32162,-1.62177,50,5.2476,5.34693,-124.2457,-7.14092,-13.70132,23.76925,-15.96194,GEO_PAT,FOR_RAM,SpuhlerFieldMain,D1,A10,20250516-SpuhlerFieldMain-1,8bb99480-3290-11f0-91e7-fb5a2aac2a77,84.60239,,,6.86436,,,,,,,02d18158-196c-4e82-8889-159833404470,2025-05-16,20:01:23.96,2025-05-16T16:01:23.9606272-04:00,2025-05-16T20:01:23.9606272Z,,v3,471300,471298,16 May 2025 14:00-fordham@georgemas,"McAndrews, Thomas",1000092049,Right,FOR_RAM,e416ab4d-1bde-44d7-914e-8692a4173e65,54.83148,-125.16659,11.88463,5.51227,-6.52251,-7.98097,-1.8392,5.87776,-6.85066,,,,,,,,,,,,,,,,,,,,,,,,,,,,,,,,,,,,,,,,,,,,,,,,,,,High,High,High,,,,,
304,2025-05-16,16:01:41.73,1,4,"Egan, Ryan",10070151,Right,FOR_RAM,"Pancione, Garrett",1000048493,Right,GEO_PAT,Undefined,9,Bottom,0,2,1,Fastball,Four-Seam,BallCalled,Undefined,Undefined,Undefined,0,0,,86.04459,-1.562597,-5.27201,2146.351949,215.495778,1:15,5.57545,1.76801,5.50724,-19.86407,18.69198,12.43654,2.45212,-2.14024,78.56229,-5.293653,-3.070574,0.446908,,,,,,,,,,,,-7.71496,10.22914,-1.31501,50,5.42531,10.94608,-124.38906,-4.02302,-12.10507,24.61143,-16.12412,GEO_PAT,FOR_RAM,SpuhlerFieldMain,D1,A10,20250516-SpuhlerFieldMain-1,965508c0-3290-11f0-91e7-fb5a2aac2a77,84.34058,,,7.4823,,,,,,,02d18158-196c-4e82-8889-159833404470,2025-05-16,20:01:41.73,2025-05-16T16:01:41.7390080-04:00,2025-05-16T20:01:41.7390080Z,,v3,471300,471298,16 May 2025 14:00-fordham@georgemas,"McAndrews, Thomas",1000092049,Right,FOR_RAM,911a7549-119a-4baa-86cc-5097aca30612,54.99426,-125.37332,12.30572,5.5733,-3.37818,-8.06206,-1.76245,11.43019,-6.05253,,,,,,,,,,,,,,,,,,,,,,,,,,,,,,,,,,,,,,,,,,,,,,,,,,,High,High,High,,,,,
305,2025-05-16,16:02:04.22,1,5,"Egan, Ryan",10070151,Right,FOR_RAM,"Pancione, Garrett",1000048493,Right,GEO_PAT,Undefined,9,Bottom,0,3,1,Fastball,Four-Seam,FoulBallNotFieldable,Undefined,Undefined,Undefined,0,0,,85.31372,-1.86234,-2.8038,2228.910012,217.479015,1:15,5.67061,1.63153,5.78342,-19.14552,19.30816,13.88969,2.33968,0.17817,78.30457,-5.476436,-0.319126,0.446314,18.94847,-25.487948,168.147589,,,,,2.09446,2.09388,154.739038,0.200462,-7.90363,10.73827,-1.40885,50,5.50538,5.51236,-123.81522,-4.5942,-12.31835,23.79317,-15.4377,GEO_PAT,FOR_RAM,SpuhlerFieldMain,D1,A10,20250516-SpuhlerFieldMain-1,a3b2aa40-3290-11f0-91e7-fb5a2aac2a77,84.45278,2.51495,,7.00915,,,,3.26949,2.51495,-0.18989,02d18158-196c-4e82-8889-159833404470,2025-05-16,20:02:04.22,2025-05-16T16:02:04.2240000-04:00,2025-05-16T20:02:04.2240000Z,GroundBall,v3,471300,471298,16 May 2025 14:00-fordham@georgemas,"McAndrews, Thomas",1000092049,Right,FOR_RAM,e4ca59b1-668d-4c5c-8b81-b4fa32efaf63,54.72037,-124.71903,11.89659,5.66875,-4.00779,-7.71885,-1.62713,5.98028,-6.15917,,3.30844,-25.75883,,,,,,,,2.53392,-12.54719,,,,,,,,-0.19806,5.4059,,,,,,,,,,,,,,,,,,,,,,,,,,,,,,High,High,High,Estimated,Estimated,,,
306,2025-05-16,16:02:32.00,1,6,"Egan, Ryan",10070151,Right,FOR_RAM,"Pancione, Garrett",1000048493,Right,GEO_PAT,Undefined,9,Bottom,0,3,2,Fastball,Four-Seam,InPlay,Undefined,GroundBall,Out,1,0,,86.23238,-2.896508,-3.500906,2178.36676,210.813869,1:00,5.57029,1.71394,5.61023,-18.52308,20.19785,11.18414,1.31557,-0.62607,77.73678,-6.422664,-1.508988,0.447862,82.00196,0.316032,10.551159,1779.71107,,,,38.93307,37.12583,12.015933,0.319185,-6.81473,11.58851,-1.42172,50,5.31046,7.15353,-124.66466,-6.85798,-10.56058,28.63471,-14.21568,GEO_PAT,FOR_RAM,SpuhlerFieldMain,D1,A10,20250516-SpuhlerFieldMain-1,b44203b0-3290-11f0-91e7-fb5a2aac2a77,84.1608,1.38874,,8.49561,,,,1.90936,1.38189,0.61602,02d18158-196c-4e82-8889-159833404470,2025-05-16,20:02:32.00,2025-05-16T16:02:32.0026112-04:00,2025-05-16T20:02:32.0026112Z,GroundBall,v3,471300,471298,16 May 2025 14:00-fordham@georgemas,"McAndrews, Thomas",1000092049,Right,FOR_RAM,d5b6ba1f-2dc2-4c9f-986d-df7b6740793b,54.89008,-125.78287,14.31736,5.56742,-6.30284,-7.10784,-1.70912,7.56593,-5.28029,269.099106,1.9126,118.09922,-15.02905,,,,,,,1.38364,0.5909,-15.45056,,,,,,,0.61409,22.10344,4.29846,,,,,,,,,,,,,,,,,,,,,,,,,,,,,High,High,High,High,High,,,
307,2025-05-16,16:03:06.41,2,1,"Egan, Ryan",10070151,Right,FOR_RAM,"Blanchard, Evan",10073877,Right,GEO_PAT,Undefined,9,Bottom,1,0,0,Fastball,Four-Seam,FoulBallNotFieldable,Undefined,Undefined,Undefined,0,0,,86.38566,-1.435537,-3.082856,2163.251855,218.058223,1:15,5.68227,1.65231,5.51123,-19.82501,18.76769,13.58745,2.68547,-0.10122,77.8382,-5.196641,-0.665653,0.44712,75.32476,73.282206,86.060796,,,,,122.21177,41.05607,116.143161,5.205266,-7.87347,10.34268,-1.39268,50,5.54406,6.1527,-125.0548,-3.74428,-12.28744,28.63177,-16.03311,GEO_PAT,FOR_RAM,SpuhlerFieldMain,D1,A10,20250516-SpuhlerFieldMain-1,c8c49050-3290-11f0-91e7-fb5a2aac2a77,84.30053,120.3912,,8.54746,,,,1.22436,4.2298,0.44828,02d18158-196c-4e82-8889-159833404470,2025-05-16,20:03:06.41,2025-05-16T16:03:06.4139264-04:00,2025-05-16T20:03:06.4139264Z,Popup,v3,471300,471298,16 May 2025 14:00-fordham@georgemas,"McAndrews, Thomas",1000092049,Right,FOR_RAM,994924ca-b4a9-4e10-8025-048a5edd178e,54.98945,-126.19198,14.31588,5.68012,-3.10748,-8.01656,-1.64674,6.64073,-6.14372,196.705445,1.21496,2.33448,-12.11714,5.22405,-1.43598,0.20972,0.00329,-0.00493,0.00041,4.2323,105.71599,-30.05001,2.96161,0.33492,-0.42075,0.12376,-0.01673,0.00088,0.45722,31.52203,-3.3274,-0.55332,0.88983,-0.3935,0.08691,-0.00954,0.00041,,,,,,,,,,,,,,,,,,,,,,,High,High,High,Medium,Low,,,
308,2025-05-16,16:03:31.54,2,2,"Egan, Ryan",10070151,Right,FOR_RAM,"Blanchard, Evan",10073877,Right,GEO_PAT,Undefined,9,Bottom,1,0,1,Slider,Curveball,BallCalled,Undefined,Undefined,Undefined,0,0,,78.09776,2.256592,-1.972417,1880.529626,80.571167,8:45,5.22551,1.89054,5.13648,-48.12302,0.33949,-9.30871,3.34271,-0.74339,69.77598,-6.56193,-3.617051,0.501042,,,,,,,,,,,,3.87732,-0.0278,-1.69809,50,5.40091,4.27929,-112.85502,2.76468,4.86858,25.5879,-32.20896,GEO_PAT,FOR_RAM,SpuhlerFieldMain,D1,A10,20250516-SpuhlerFieldMain-1,d7b1d280-3290-11f0-91e7-fb5a2aac2a77,75.22807,,,8.32179,,,,,,,02d18158-196c-4e82-8889-159833404470,2025-05-16,20:03:31.54,2025-05-16T16:03:31.5447808-04:00,2025-05-16T20:03:31.5447808Z,,v3,471300,471298,16 May 2025 14:00-fordham@georgemas,"McAndrews, Thomas",1000092049,Right,FOR_RAM,9853212b-6a72-40fd-84da-ead733e47b5f,55.36083,-114.06402,12.79395,5.23433,4.28651,-16.10448,-1.89485,4.04926,2.43429,,,,,,,,,,,,,,,,,,,,,,,,,,,,,,,,,,,,,,,,,,,,,,,,,,,High,High,High,,,,,
309,2025-05-16,16:03:47.30,2,3,"Egan, Ryan",10070151,Right,FOR_RAM,"Blanchard, Evan",10073877,Right,GEO_PAT,Undefined,9,Bottom,1,1,1,Fastball,Four-Seam,StrikeCalled,Undefined,Undefined,Undefined,0,0,,85.95317,-2.40581,-3.638164,2210.395513,223.677246,1:30,5.48373,1.80174,5.64764,-21.06824,17.13812,15.20918,1.47805,-0.32908,78.84346,-6.347999,-0.926845,0.444876,,,,,,,,,,,,-8.69945,9.70859,-1.50254,50,5.26575,7.28509,-124.54449,-5.901,-13.71361,24.16414,-16.86962,GEO_PAT,FOR_RAM,SpuhlerFieldMain,D1,A10,20250516-SpuhlerFieldMain-1,e123bae0-3290-11f0-91e7-fb5a2aac2a77,84.72565,,,7.10971,,,,,,,02d18158-196c-4e82-8889-159833404470,2025-05-16,20:03:47.30,2025-05-16T16:03:47.3057792-04:00,2025-05-16T20:03:47.3057792Z,,v3,471300,471298,16 May 2025 14:00-fordham@georgemas,"McAndrews, Thomas",1000092049,Right,FOR_RAM,7b4893bf-27e3-4e94-b365-203ab0a21fa1,54.85492,-125.4829,12.08207,5.4822,-5.24586,-8.43481,-1.79579,7.81766,-6.85681,,,,,,,,,,,,,,,,,,,,,,,,,,,,,,,,,,,,,,,,,,,,,,,,,,,High,High,High,,,,,
310,2025-05-16,16:04:05.58,2,4,"Egan, Ryan",10070151,Right,FOR_RAM,"Blanchard, Evan",10073877,Right,GEO_PAT,Undefined,9,Bottom,1,1,2,Slider,Slider,HitByPitch,Undefined,Undefined,Undefined,0,0,,79.29112,2.009031,-0.614792,1841.67062,175.71666,11:45,5.26226,1.98823,5.17798,-38.3173,7.92552,-0.47209,3.96054,1.37035,71.56823,-5.050155,-0.698365,0.489433,,,,,,,,,,,,0.04169,3.78701,-1.93064,50,5.42055,1.25181,-114.83306,2.72519,0.05499,23.72622,-27.18005,GEO_PAT,FOR_RAM,SpuhlerFieldMain,D1,A10,20250516-SpuhlerFieldMain-1,ec1899c0-3290-11f0-91e7-fb5a2aac2a77,77.01239,,,7.72289,,,,,,,02d18158-196c-4e82-8889-159833404470,2025-05-16,20:04:05.58,2025-05-16T16:04:05.5862272-04:00,2025-05-16T20:04:05.5862272Z,,v3,471300,471298,16 May 2025 14:00-fordham@georgemas,"McAndrews, Thomas",1000092049,Right,FOR_RAM,de9661a0-b0d8-4393-b9d8-3724eeb8a73e,55.32125,-115.9273,11.86311,5.26596,3.97871,-13.59003,-1.98831,1.24927,0.02749,,,,,,,,,,,,,,,,,,,,,,,,,,,,,,,,,,,,,,,,,,,,,,,,,,,High,High,High,,,,,
311,2025-05-16,16:04:42.29,3,1,"Egan, Ryan",10070151,Right,FOR_RAM,"Canody, Andrew",1000415298,Right,GEO_PAT,Undefined,9,Bottom,1,0,0,Fastball,Changeup,BallCalled,Undefined,Undefined,Undefined,0,0,,85.55317,-3.291657,-4.360677,2177.259719,214.620069,1:15,5.42064,1.94809,5.60515,-22.82871,16.41202,10.36347,0.43303,-1.26705,77.66747,-7.558314,-2.517402,0.450858,,,,,,,,,,,,-6.59024,9.72938,-1.58101,50,5.12327,8.98891,-123.57613,-7.845,-10.09554,26.7761,-17.26972,GEO_PAT,FOR_RAM,SpuhlerFieldMain,D1,A10,20250516-SpuhlerFieldMain-1,01e9c670-3291-11f0-91e7-fb5a2aac2a77,83.60154,,,7.8857,,,,,,,02d18158-196c-4e82-8889-159833404470,2025-05-16,20:04:42.29,2025-05-16T16:04:42.2904320-04:00,2025-05-16T20:04:42.2904320Z,,v3,471300,471298,16 May 2025 14:00-fordham@georgemas,"McAndrews, Thomas",1000092049,Right,FOR_RAM,03adddbd-4cca-4c03-b4b0-5b04e9f2ba7d,54.89549,-124.63235,13.38805,5.41929,-7.16377,-8.63486,-1.94345,9.38714,-5.04777,,,,,,,,,,,,,,,,,,,,,,,,,,,,,,,,,,,,,,,,,,,,,,,,,,,High,High,High,,,,,
312,2025-05-16,16:05:01.82,3,2,"Egan, Ryan",10070151,Right,FOR_RAM,"Canody, Andrew",1000415298,Right,GEO_PAT,Undefined,9,Bottom,1,1,0,Fastball,Four-Seam,StrikeSwinging,Undefined,Undefined,Undefined,0,0,,86.55528,-0.713394,-2.422408,2162.195215,211.832355,1:00,5.63428,1.66727,5.65992,-17.89548,19.92355,11.5852,3.47706,0.37224,78.64333,-4.121812,-0.354604,0.442615,,,,,,,,,,,,-6.55914,10.67418,-1.46949,50,5.56271,4.81427,-125.52781,-2.08095,-10.41963,26.45364,-15.21746,GEO_PAT,FOR_RAM,SpuhlerFieldMain,D1,A10,20250516-SpuhlerFieldMain-1,0d7bcfb0-3291-11f0-91e7-fb5a2aac2a77,85.15843,,,7.91195,,,,,,,02d18158-196c-4e82-8889-159833404470,2025-05-16,20:05:01.82,2025-05-16T16:05:01.8230784-04:00,2025-05-16T20:05:01.8230784Z,,v3,471300,471298,16 May 2025 14:00-fordham@georgemas,"McAndrews, Thomas",1000092049,Right,FOR_RAM,95f5ff1f-ae37-4b45-9b8d-93e8159713a1,54.84032,-126.54374,13.22682,5.63141,-1.49654,-7.60873,-1.66207,5.21443,-5.20981,,,,,,,,,,,,,,,,,,,,,,,,,,,,,,,,,,,,,,,,,,,,,,,,,,,High,High,High,,,,,
313,2025-05-16,16:05:22.45,3,3,"Egan, Ryan",10070151,Right,FOR_RAM,"Canody, Andrew",1000415298,Right,GEO_PAT,Undefined,9,Bottom,1,1,1,Fastball,Sinker,BallCalled,Undefined,Undefined,Undefined,0,0,,86.83352,-4.098258,-3.881494,2167.931213,236.645912,2:00,5.58342,1.70311,5.59051,-24.13052,13.55245,18.74599,-0.26976,-0.36482,79.82318,-8.552468,-0.540649,0.441818,,,,,,,,,,,,-10.6791,8.35,-1.38238,50,5.21449,7.75343,-125.59939,-9.82433,-17.09441,24.94143,-18.80786,GEO_PAT,FOR_RAM,SpuhlerFieldMain,D1,A10,20250516-SpuhlerFieldMain-1,19da77c0-3291-11f0-91e7-fb5a2aac2a77,85.31205,,,7.01034,,,,,,,02d18158-196c-4e82-8889-159833404470,2025-05-16,20:05:22.45,2025-05-16T16:05:22.4548864-04:00,2025-05-16T20:05:22.4548864Z,,v3,471300,471298,16 May 2025 14:00-fordham@georgemas,"McAndrews, Thomas",1000092049,Right,FOR_RAM,f80bf195-e640-434f-ab7f-e1500495ad71,54.91427,-126.5715,12.47072,5.58311,-9.09128,-9.40393,-1.69756,8.41969,-8.5472,,,,,,,,,,,,,,,,,,,,,,,,,,,,,,,,,,,,,,,,,,,,,,,,,,,High,High,High,,,,,
314,2025-05-16,16:05:49.84,3,4,"Egan, Ryan",10070151,Right,FOR_RAM,"Canody, Andrew",1000415298,Right,GEO_PAT,Undefined,9,Bottom,1,2,1,Fastball,Four-Seam,StrikeCalled,Undefined,Undefined,Undefined,0,0,,85.84559,-1.960077,-4.215366,2223.336696,216.841958,1:15,5.56504,1.76331,5.46485,-19.01773,20.47643,14.19107,2.13992,-1.00678,76.87748,-5.590729,-1.698084,0.452312,,,,,,,,,,,,-8.50335,11.36867,-1.40134,50,5.3795,8.50857,-123.96117,-4.80664,-12.97394,29.27357,-14.82835,GEO_PAT,FOR_RAM,SpuhlerFieldMain,D1,A10,20250516-SpuhlerFieldMain-1,2a196740-3291-11f0-91e7-fb5a2aac2a77,83.33291,,,8.96811,,,,,,,02d18158-196c-4e82-8889-159833404470,2025-05-16,20:05:49.84,2025-05-16T16:05:49.8455040-04:00,2025-05-16T20:05:49.8455040Z,,v3,471300,471298,16 May 2025 14:00-fordham@georgemas,"McAndrews, Thomas",1000092049,Right,FOR_RAM,1d2026d3-9931-4d9f-9298-c7177b7b85c4,55.03287,-125.14404,14.63679,5.56162,-4.20746,-7.41417,-1.75574,9.03281,-6.48697,,,,,,,,,,,,,,,,,,,,,,,,,,,,,,,,,,,,,,,,,,,,,,,,,,,High,High,High,,,,,
315,2025-05-16,16:06:09.62,3,5,"Egan, Ryan",10070151,Right,FOR_RAM,"Canody, Andrew",1000415298,Right,GEO_PAT,Undefined,9,Bottom,1,2,2,Fastball,Four-Seam,InPlay,Undefined,GroundBall,Single,0,0,,86.10295,-1.701388,-3.712782,2263.223729,216.792716,1:15,5.49021,1.74645,5.62199,-19.18013,19.50422,13.53493,2.30024,-0.59545,77.68075,-5.351275,-1.302559,0.44765,103.1086,-11.881738,-5.228744,,,,,15.04408,14.52798,-1.847725,0.088465,-8.05473,10.83131,-1.43834,50,5.33284,7.51375,-124.59076,-4.27342,-12.49659,28.0626,-15.36974,GEO_PAT,FOR_RAM,SpuhlerFieldMain,D1,A10,20250516-SpuhlerFieldMain-1,35f8cd30-3291-11f0-91e7-fb5a2aac2a77,84.20062,2.54027,,8.4222,,,,2.26417,2.54027,0.62598,02d18158-196c-4e82-8889-159833404470,2025-05-16,20:06:09.62,2025-05-16T16:06:09.6291840-04:00,2025-05-16T20:06:09.6291840Z,GroundBall,v3,471300,471298,16 May 2025 14:00-fordham@georgemas,"McAndrews, Thomas",1000092049,Right,FOR_RAM,1c3667d7-cfc9-47dd-9abf-22b9d3c23a84,54.87879,-125.68484,14.0313,5.48777,-3.67419,-7.68487,-1.74078,8.00096,-6.2483,191.577333,2.26441,147.33432,-33.52053,,,,,,,2.5397,-31.05207,26.56094,,,,,,,0.62584,-13.46451,10.2697,,,,,,,,,,,,,,,,,,,,,,,,,,,,,High,High,High,High,High,,,
316,2025-05-16,16:06:47.96,4,1,"Egan, Ryan",10070151,Right,FOR_RAM,"Wall, Jonny",1000119703,Right,GEO_PAT,Undefined,9,Bottom,1,0,0,Fastball,Four-Seam,InPlay,Undefined,FlyBall,Out,1,0,,85.98134,-1.697324,-3.808045,2257.023291,223.551333,1:30,5.52572,1.71716,5.48262,-20.99911,18.14194,15.85119,2.18366,-0.53029,77.32178,-5.670389,-0.992317,0.450285,83.22583,35.838154,27.111978,5057.123165,92.40235,65.6305,59.68056,266.09766,244.41911,41.394188,4.529311,-9.25682,10.11733,-1.39385,50,5.36273,7.59421,-124.33054,-4.34279,-14.25143,28.75034,-16.59781,GEO_PAT,FOR_RAM,SpuhlerFieldMain,D1,A10,20250516-SpuhlerFieldMain-1,4cd17ed0-3291-11f0-91e7-fb5a2aac2a77,83.70796,74.17845,,8.65956,,,,2.15144,2.26931,0.53045,02d18158-196c-4e82-8889-159833404470,2025-05-16,20:06:47.96,2025-05-16T16:06:47.9647744-04:00,2025-05-16T20:06:47.9647744Z,FlyBall,v3,471300,471298,16 May 2025 14:00-fordham@georgemas,"McAndrews, Thomas",1000092049,Right,FOR_RAM,a522ed7e-80fc-453e-921c-a181e8975dae,55.01787,-125.48552,14.37517,5.5238,-3.67601,-8.29891,-1.71043,8.16672,-7.12572,216.486537,2.15194,88.07443,-21.9537,5.46768,-1.24202,0.2989,-0.06976,0.0106,-0.00067,2.27123,71.41844,-19.85721,0.98081,0.28786,-0.24576,0.07744,-0.01129,0.00062,0.53082,45.08855,-1.00616,-0.53872,0.25186,-0.07171,0.01374,-0.00144,6E-05,,,,,,,,,,,,,,,,,,,,,,,High,High,High,High,Medium,,,
317,2025-05-16,16:07:26.73,5,1,"Egan, Ryan",10070151,Right,FOR_RAM,"Clyne, Owen",1000230336,Left,GEO_PAT,Undefined,9,Bottom,2,0,0,Slider,Changeup,StrikeCalled,Undefined,Undefined,Undefined,0,0,,78.33954,0.252101,-4.270235,2143.621154,227.043302,1:30,5.25493,1.83971,5.45129,-30.03435,16.98603,16.42918,2.98875,-0.79653,70.71447,-5.36351,-1.357101,0.493531,,,,,,,,,,,,-9.55654,8.9465,-1.4736,50,5.25709,7.80154,-113.28386,-0.40587,-12.27921,22.86456,-20.67866,GEO_PAT,FOR_RAM,SpuhlerFieldMain,D1,A10,20250516-SpuhlerFieldMain-1,63e14600-3291-11f0-91e7-fb5a2aac2a77,76.37299,,,7.62507,,,,,,,02d18158-196c-4e82-8889-159833404470,2025-05-16,20:07:26.73,2025-05-16T16:07:26.7357696-04:00,2025-05-16T20:07:26.7357696Z,,v3,471300,471298,16 May 2025 14:00-fordham@georgemas,"McAndrews, Thomas",1000092049,Right,FOR_RAM,86507e54-fbd4-4893-af88-968c43e772b1,55.04802,-114.29818,11.43228,5.25475,0.51148,-10.33933,-1.83177,8.34627,-6.13961,,,,,,,,,,,,,,,,,,,,,,,,,,,,,,,,,,,,,,,,,,,,,,,,,,,High,High,High,,,,,
318,2025-05-16,16:07:45.29,5,2,"Egan, Ryan",10070151,Right,FOR_RAM,"Clyne, Owen",1000230336,Left,GEO_PAT,Undefined,9,Bottom,2,0,1,Fastball,Changeup,StrikeCalled,Undefined,Undefined,Undefined,0,0,,86.01054,-1.733863,-3.974261,2192.635783,228.345035,1:30,5.43339,1.78843,5.49862,-23.47863,15.41954,15.76835,1.85057,-0.62105,77.80692,-6.130802,-1.172521,0.448886,,,,,,,,,,,,-9.21693,8.71784,-1.45145,50,5.26587,7.97227,-124.42691,-4.5372,-14.29166,27.51311,-18.65631,GEO_PAT,FOR_RAM,SpuhlerFieldMain,D1,A10,20250516-SpuhlerFieldMain-1,6f034f60-3291-11f0-91e7-fb5a2aac2a77,83.96885,,,8.20362,,,,,,,02d18158-196c-4e82-8889-159833404470,2025-05-16,20:07:45.29,2025-05-16T16:07:45.2986368-04:00,2025-05-16T20:07:45.2986368Z,,v3,471300,471298,16 May 2025 14:00-fordham@georgemas,"McAndrews, Thomas",1000092049,Right,FOR_RAM,a15dda19-6cdd-4043-b368-984abf1d5b2b,55.00277,-125.52824,13.75656,5.43254,-3.7904,-9.32815,-1.78202,8.54436,-7.14583,,,,,,,,,,,,,,,,,,,,,,,,,,,,,,,,,,,,,,,,,,,,,,,,,,,High,High,High,,,,,
319,2025-05-16,16:08:03.77,5,3,"Egan, Ryan",10070151,Right,FOR_RAM,"Clyne, Owen",1000230336,Left,GEO_PAT,Undefined,9,Bottom,2,0,2,Fastball,Four-Seam,FoulBallNotFieldable,Undefined,Undefined,Undefined,0,0,,86.76284,-0.497695,-2.971293,2219.061812,217.855349,1:15,5.58487,1.77645,5.47004,-18.8567,19.19285,13.90072,3.54705,0.15151,78.56131,-4.074086,-0.500412,0.443962,73.65352,58.955319,-109.014712,4400.260238,,,,,16.80606,,,-7.90591,10.20134,-1.52475,50,5.52864,5.92219,-125.71945,-1.67103,-12.55599,27.31438,-15.97253,GEO_PAT,FOR_RAM,SpuhlerFieldMain,D1,A10,20250516-SpuhlerFieldMain-1,7a065f10-3291-11f0-91e7-fb5a2aac2a77,84.90008,30.03337,,8.20153,,,,1.03554,3.58871,-0.15712,02d18158-196c-4e82-8889-159833404470,2025-05-16,20:08:03.77,2025-05-16T16:08:03.7778944-04:00,2025-05-16T20:08:03.7778944Z,,v3,471300,471298,16 May 2025 14:00-fordham@georgemas,"McAndrews, Thomas",1000092049,Right,FOR_RAM,6a786f05-2b4d-4f20-9686-7ba0daafd2fc,55.03097,-126.80779,13.65719,5.58255,-1.03461,-7.98626,-1.77069,6.42248,-6.278,31.259309,1.0405,-18.36248,-8.33997,,,,,,,3.59192,92.41584,-24.97864,,,,,,,-0.15927,-52.57855,7.29541,,,,,,,,,,,,,,,,,,,,,,,,,,,,,High,High,High,High,Undefined,,,
320,2025-05-16,16:08:24.98,5,4,"Egan, Ryan",10070151,Right,FOR_RAM,"Clyne, Owen",1000230336,Left,GEO_PAT,Undefined,9,Bottom,2,0,2,Fastball,Sinker,InPlay,Undefined,FlyBall,Out,1,0,,88.23768,-1.309828,-4.068855,2160.846057,224.231173,1:30,5.38194,1.94733,5.38037,-20.13568,16.88906,15.18221,2.47273,-0.60833,79.89004,-5.096256,-1.378823,0.437943,77.46056,41.719223,-32.475611,3778.232525,85.60277,76.73275,-69.08072,256.13387,154.79661,-45.535303,4.727491,-8.88847,9.2576,-1.59378,50,5.25063,8.41029,-127.67047,-3.58824,-14.55105,28.28403,-17.01868,GEO_PAT,FOR_RAM,SpuhlerFieldMain,D1,A10,20250516-SpuhlerFieldMain-1,86a43300-3291-11f0-91e7-fb5a2aac2a77,86.06704,82.26037,,8.34765,,,,1.70789,3.39664,-0.36208,02d18158-196c-4e82-8889-159833404470,2025-05-16,20:08:24.98,2025-05-16T16:08:24.9878528-04:00,2025-05-16T20:08:24.9878528Z,FlyBall,v3,471300,471298,16 May 2025 14:00-fordham@georgemas,"McAndrews, Thomas",1000092049,Right,FOR_RAM,8daa56b8-f04f-4f90-adbf-829bb528bfde,55.12138,-128.80006,14.14201,5.38036,-2.90856,-8.50934,-1.94127,8.99142,-7.27553,145.277112,1.714,71.39894,-16.66866,3.28213,0.1205,-0.32511,0.0933,-0.0112,0.00049,3.39702,75.58633,-20.53023,1.26062,0.12107,-0.19246,0.07158,-0.01165,0.0007,-0.36343,-45.50069,1.35826,0.55002,-0.38347,0.15225,-0.03825,0.00521,-0.00029,,,,,,,,,,,,,,,,,,,,,,,High,High,High,High,Medium,,,