PitchNo,Date,Time,PAofInning,PitchofPA,Pitcher,PitcherId,PitcherThrows,PitcherTeam,Batter,BatterId,BatterSide,BatterTeam,PitcherSet,Inning,Top/Bottom,Outs,Balls,Strikes,TaggedPitchType,AutoPitchType,PitchCall,KorBB,TaggedHitType,PlayResult,OutsOnPlay,RunsScored,Notes,RelSpeed,VertRelAngle,HorzRelAngle,SpinRate,SpinAxis,Tilt,RelHeight,RelSide,Extension,VertBreak,InducedVertBreak,HorzBreak,PlateLocHeight,PlateLocSide,ZoneSpeed,VertApprAngle,HorzApprAngle,ZoneTime,ExitSpeed,Angle,Direction,HitSpinRate,PositionAt110X,PositionAt110Y,PositionAt110Z,Distance,LastTrackedDistance,Bearing,HangTime,pfxx,pfxz,x0,y0,z0,vx0,vy0,vz0,ax0,ay0,az0,HomeTeam,AwayTeam,Stadium,Level,League,GameID,PitchUID,EffectiveVelo,MaxHeight,MeasuredDuration,SpeedDrop,PitchLastMeasuredX,PitchLastMeasuredY,PitchLastMeasuredZ,ContactPositionX,ContactPositionY,ContactPositionZ,GameUID,UTCDate,UTCTime,LocalDateTime,UTCDateTime,AutoHitType,System,HomeTeamForeignID,AwayTeamForeignID,GameForeignID,Catcher,CatcherId,CatcherThrows,CatcherTeam,PlayID,PitchTrajectoryXc0,PitchTrajectoryXc1,PitchTrajectoryXc2,PitchTrajectoryYc0,PitchTrajectoryYc1,PitchTrajectoryYc2,PitchTrajectoryZc0,PitchTrajectoryZc1,PitchTrajectoryZc2,HitSpinAxis,HitTrajectoryXc0,HitTrajectoryXc1,HitTrajectoryXc2,HitTrajectoryXc3,HitTrajectoryXc4,HitTrajectoryXc5,HitTrajectoryXc6,HitTrajectoryXc7,HitTrajectoryXc8,HitTrajectoryYc0,HitTrajectoryYc1,HitTrajectoryYc2,HitTrajectoryYc3,HitTrajectoryYc4,HitTrajectoryYc5,HitTrajectoryYc6,HitTrajectoryYc7,HitTrajectoryYc8,HitTrajectoryZc0,HitTrajectoryZc1,HitTrajectoryZc2,HitTrajectoryZc3,HitTrajectoryZc4,HitTrajectoryZc5,HitTrajectoryZc6,HitTrajectoryZc7,HitTrajectoryZc8,ThrowSpeed,PopTime,ExchangeTime,TimeToBase,CatchPositionX,CatchPositionY,CatchPositionZ,ThrowPositionX,ThrowPositionY,ThrowPositionZ,BasePositionX,BasePositionY,BasePositionZ,ThrowTrajectoryXc0,ThrowTrajectoryXc1,ThrowTrajectoryXc2,ThrowTrajectoryYc0,ThrowTrajectoryYc1,ThrowTrajectoryYc2,ThrowTrajectoryZc0,ThrowTrajectoryZc1,ThrowTrajectoryZc2,PitchReleaseConfidence,PitchLocationConfidence,PitchMovementConfidence,HitLaunchConfidence,HitLandingConfidence,CatcherThrowCatchConfidence,CatcherThrowReleaseConfidence,CatcherThrowLocationConfidence
1,2025-03-15,11:01:37.49,1,1,"O'Hara, Connor",1000036031,Right,GEO_PAT,"DiMartini, Michael",1000136501,Right,DAY_FLY,Undefined,1,Top,0,0,0,Fastball,Sinker,FoulBallNotFieldable,Undefined,Undefined,Undefined,0,0,,90.40683,-1.441987,-2.242489,2353.417668,238.164147,2:00,5.97869,1.39732,5.09697,-22.80804,12.58552,18.37355,2.71775,0.81402,82.32468,-5.658336,1.006333,0.428187,68.39641,33.735087,139.16605,4612.151579,-91.12898,38.49676,61.60751,196.99891,63.06803,149.038838,2.91172,-9.8113,7.01914,-1.20061,50,5.82488,4.27106,-131.04073,-4.15117,-16.99187,28.72376,-20.01782,GEO_PAT,DAY_FLY,SpuhlerFieldMain,D1,A10,20250315-SpuhlerFieldMain-1,66479570-01ae-11f0-9838-553521291aba,88.02797,38.89867,,8.08215,,,,0.97074,2.58885,-0.71516,597f71cc-5c49-418c-8ea9-73822ae81711,2025-03-15,15:01:37.49,2025-03-15T11:01:37.4957568-04:00,2025-03-15T15:01:37.4957568Z,FlyBall,v3,471300,471281,15 March 2025 14:00-dayton@georgemas,"Raymond, Andrew",10148052,Right,GEO_PAT,44df7729-e027-4edf-bb49-618aaca59b32,55.40549,-132.22029,14.36188,5.97847,-3.32913,-10.00891,-1.39033,4.96885,-8.49594,,0.97077,-63.12074,1.81675,0.01135,0.01828,-0.05345,0.0233,-0.00427,0.00028,2.58871,55.71691,-23.94789,2.51947,-0.67456,0.26975,-0.09613,0.01952,-0.00155,-0.71493,54.53409,-13.26127,3.46725,-0.20993,-0.32145,0.173,-0.04144,0.00398,,,,,,,,,,,,,,,,,,,,,,,High,High,High,High,Medium,,,
2,2025-03-15,11:01:50.55,1,2,"O'Hara, Connor",1000036031,Right,GEO_PAT,"DiMartini, Michael",1000136501,Right,DAY_FLY,Undefined,1,Top,0,0,1,Fastball,Sinker,InPlay,Undefined,GroundBall,Single,0,0,,91.48602,-2.03714,-2.996712,2293.349756,237.815697,2:00,5.95015,1.114,5.22544,-22.41509,11.73634,16.98111,2.16354,-0.2909,84.04531,-6.165705,0.010938,0.420606,108.23136,-5.227999,21.97863,,,,,24.96427,23.5801,21.572126,0.153175,-9.31237,6.71721,-0.85079,50,5.74534,6.15973,-132.64592,-5.56466,-16.67943,26.96729,-20.14282,GEO_PAT,DAY_FLY,SpuhlerFieldMain,D1,A10,20250315-SpuhlerFieldMain-1,6e0c4300-01ae-11f0-9838-553521291aba,89.6145,2.23929,,7.44071,,,,1.19838,2.23929,0.22677,597f71cc-5c49-418c-8ea9-73822ae81711,2025-03-15,15:01:50.55,2025-03-15T11:01:50.5599488-04:00,2025-03-15T15:01:50.5599488Z,GroundBall,v3,471300,471281,15 March 2025 14:00-dayton@georgemas,"Raymond, Andrew",10148052,Right,GEO_PAT,44b14ab1-5bf2-4614-b921-6f0f420acc24,55.2783,-133.71471,13.48365,5.95007,-4.76634,-10.07141,-1.10802,6.82078,-8.33971,192.17448,1.19889,146.546,-18.3659,,,,,,,2.23894,-14.43415,-1.17875,,,,,,,0.22686,59.15441,-4.65681,,,,,,,,,,,,,,,,,,,,,,,,,,,,,High,High,High,High,High,,,
3,2025-03-15,11:02:27.77,2,1,"O'Hara, Connor",1000036031,Right,GEO_PAT,"Lujo, Rylan",1000102832,Right,DAY_FLY,Undefined,1,Top,0,0,0,Slider,Slider,BallCalled,Undefined,Undefined,Undefined,0,0,,84.99066,-0.518748,-4.461909,2073.910113,37.514353,7:15,5.85695,1.51827,5.17289,-43.38762,-4.25575,-3.99343,1.75162,-3.02208,79.84235,-8.289352,-5.166207,0.450232,,,,,,,,,,,,1.02874,-1.72099,-1.09863,50,5.77483,9.79263,-123.31813,-2.78551,1.61807,19.60268,-34.88093,GEO_PAT,DAY_FLY,SpuhlerFieldMain,D1,A10,20250315-SpuhlerFieldMain-1,842c5300-01ae-11f0-9838-553521291aba,83.71775,,,5.14831,,,,,,,597f71cc-5c49-418c-8ea9-73822ae81711,2025-03-15,15:02:27.77,2025-03-15T11:02:27.7740544-04:00,2025-03-15T15:02:27.7740544Z,,v3,471300,471281,15 March 2025 14:00-dayton@georgemas,"Raymond, Andrew",10148052,Right,GEO_PAT,af5a6377-6502-4acd-8ade-6a4cd9b2cbea,55.33324,-124.16301,9.80134,5.86248,-1.28214,-17.44046,-1.51919,9.72289,0.80904,,,,,,,,,,,,,,,,,,,,,,,,,,,,,,,,,,,,,,,,,,,,,,,,,,,High,High,High,,,,,
4,2025-03-15,11:03:10.12,2,2,"O'Hara, Connor",1000036031,Right,GEO_PAT,"Lujo, Rylan",1000102832,Right,DAY_FLY,Undefined,1,Top,0,1,0,ChangeUp,Slider,StrikeCalled,Undefined,Undefined,Undefined,0,0,,83.58644,-0.100313,-3.086165,2010.424808,231.88239,1:45,5.78899,1.43001,5.53039,-36.57018,3.97264,3.46772,2.64756,-1.16891,76.7542,-6.800821,-2.468926,0.458277,,,,,,,,,,,,-2.5965,2.41343,-1.16391,50,5.75583,6.39417,-121.24465,-1.48752,-3.8716,23.3289,-28.57545,GEO_PAT,DAY_FLY,SpuhlerFieldMain,D1,A10,20250315-SpuhlerFieldMain-1,9d84d1b0-01ae-11f0-9838-553521291aba,82.24813,,,6.83224,,,,,,,597f71cc-5c49-418c-8ea9-73822ae81711,2025-03-15,15:03:10.12,2025-03-15T11:03:10.1213184-04:00,2025-03-15T15:03:10.1213184Z,,v3,471300,471281,15 March 2025 14:00-dayton@georgemas,"Raymond, Andrew",10148052,Right,GEO_PAT,41068b63-7257-40c7-a452-f60d7e97e67a,54.97188,-122.19755,11.66445,5.79275,-0.32031,-14.28773,-1.42832,6.55231,-1.9358,,,,,,,,,,,,,,,,,,,,,,,,,,,,,,,,,,,,,,,,,,,,,,,,,,,High,High,High,,,,,
5,2025-03-15,11:03:47.76,2,3,"O'Hara, Connor",1000036031,Right,GEO_PAT,"Lujo, Rylan",1000102832,Right,DAY_FLY,Undefined,1,Top,0,1,1,Slider,Slider,FoulBallNotFieldable,Undefined,Undefined,Undefined,0,0,,84.51586,-0.274319,-2.189324,2029.336817,34.012475,7:15,5.79776,1.61519,5.3128,-42.46628,-2.88862,-2.6865,2.00123,-0.66468,78.50843,-7.954789,-2.666527,0.45279,68.5526,33.331209,137.923206,4688.215209,-88.11455,31.83509,65.8466,184.5516,60.14256,145.380279,2.545716,0.81323,-1.08953,-1.41446,50,5.74156,4.80658,-122.79927,-2.16747,1.25473,21.94353,-33.85508,GEO_PAT,DAY_FLY,SpuhlerFieldMain,D1,A10,20250315-SpuhlerFieldMain-1,b3edf8a0-01ae-11f0-9838-553521291aba,83.2449,33.07239,,6.00743,,,,1.00838,1.85915,0.80211,597f71cc-5c49-418c-8ea9-73822ae81711,2025-03-15,15:03:47.76,2025-03-15T11:03:47.7686272-04:00,2025-03-15T15:03:47.7686272Z,FlyBall,v3,471300,471281,15 March 2025 14:00-dayton@georgemas,"Raymond, Andrew",10148052,Right,GEO_PAT,071bbbc4-5d35-467b-9a50-64aa2017b38d,55.19237,-123.72364,10.97177,5.80282,-0.74133,-16.92754,-1.61582,4.75373,0.62736,,1.0084,-62.35368,-0.14766,0.93843,-0.32982,0.05038,0.00753,-0.00531,0.0008,1.85913,55.24763,-27.55454,3.24915,-0.59465,0.12513,-0.03886,0.0093,-0.00102,0.80215,56.29221,-12.29297,4.15118,-0.99893,0.16058,-0.00314,-0.00593,0.00095,,,,,,,,,,,,,,,,,,,,,,,High,High,High,High,Medium,,,
6,2025-03-15,11:04:33.43,2,4,"O'Hara, Connor",1000036031,Right,GEO_PAT,"Lujo, Rylan",1000102832,Right,DAY_FLY,Undefined,1,Top,0,1,2,Fastball,Sinker,InPlay,Undefined,FlyBall,Out,1,0,,91.32389,-0.914113,-2.247889,2279.606168,240.241035,2:00,5.98444,1.06518,5.23058,-22.00706,12.34898,19.68631,3.29044,0.59142,83.43204,-4.990814,1.241011,0.421865,95.78164,48.883689,-18.980077,3832.587376,104.60349,127.7312,-34.03101,243.9876,134.81265,-16.867358,6.196622,-10.50229,6.74926,-0.8735,50,5.88399,4.28815,-132.49386,-2.92878,-18.6697,28.29381,-20.17602,GEO_PAT,DAY_FLY,SpuhlerFieldMain,D1,A10,20250315-SpuhlerFieldMain-1,cf24ad30-01ae-11f0-9838-553521291aba,89.34723,146.82153,,7.89186,,,,1.31496,2.39869,-0.90762,597f71cc-5c49-418c-8ea9-73822ae81711,2025-03-15,15:04:33.43,2025-03-15T11:04:33.4377472-04:00,2025-03-15T15:04:33.4377472Z,FlyBall,v3,471300,471281,15 March 2025 14:00-dayton@georgemas,"Raymond, Andrew",10148052,Right,GEO_PAT,843998c4-b847-4238-a343-58104af67e08,55.27285,-133.61512,14.1469,5.98422,-2.12922,-10.08801,-1.0581,5.02801,-9.33485,182.935455,1.33089,87.08487,-26.28646,6.99118,-1.11253,0.06333,0.00988,-0.00182,8E-05,2.39445,105.88265,-22.54138,0.9169,0.38544,-0.21777,0.05286,-0.00638,0.0003,-0.9133,-29.94673,10.38317,-2.92637,0.51316,-0.04307,-0.00146,0.00056,-3E-05,,,,,,,,,,,,,,,,,,,,,,,High,High,High,Medium,Low,,,
7,2025-03-15,11:05:47.97,3,1,"O'Hara, Connor",1000036031,Right,GEO_PAT,"MacDougall, Ryan",1000268563,Left,DAY_FLY,Undefined,1,Top,1,0,0,Fastball,Sinker,BallCalled,Undefined,Undefined,Undefined,0,0,,92.17222,-0.523251,-2.600511,2283.792976,238.033932,2:00,5.96113,1.28262,5.41863,-21.83777,11.59166,16.90737,3.65061,0.25374,84.31909,-4.578284,0.404774,0.416137,,,,,,,,,,,,-9.18827,6.28465,-1.06349,50,5.89954,5.28855,-133.74636,-2.01859,-16.68684,28.13771,-20.76045,GEO_PAT,DAY_FLY,SpuhlerFieldMain,D1,A10,20250315-SpuhlerFieldMain-1,fb782e20-01ae-11f0-9838-553521291aba,90.57706,,,7.85313,,,,,,,597f71cc-5c49-418c-8ea9-73822ae81711,2025-03-15,15:05:47.97,2025-03-15T11:05:47.9719936-04:00,2025-03-15T15:05:47.9719936Z,,v3,471300,471281,15 March 2025 14:00-dayton@georgemas,"Raymond, Andrew",10148052,Right,GEO_PAT,c1abb701-41eb-4f32-9c19-4f867ac0039b,55.08383,-134.81165,14.06886,5.96109,-1.23259,-10.38022,-1.27568,5.92032,-8.34342,,,,,,,,,,,,,,,,,,,,,,,,,,,,,,,,,,,,,,,,,,,,,,,,,,,High,High,High,,,,,
8,2025-03-15,11:06:02.57,3,2,"O'Hara, Connor",1000036031,Right,GEO_PAT,"MacDougall, Ryan",1000268563,Left,DAY_FLY,Undefined,1,Top,1,1,0,ChangeUp,Changeup,BallCalled,Undefined,Undefined,Undefined,0,0,,83.41267,1.473347,-1.750203,1876.796788,250.789266,2:15,5.77388,1.4479,5.39212,-34.34628,6.4987,15.05493,4.29355,1.06157,76.34921,-4.841761,0.925542,0.459982,,,,,,,,,,,,-8.01682,3.25256,-1.30241,50,5.88149,3.06252,-121.06009,1.90953,-11.92707,23.07734,-27.33505,GEO_PAT,DAY_FLY,SpuhlerFieldMain,D1,A10,20250315-SpuhlerFieldMain-1,04345b10-01af-11f0-9838-553521291aba,81.9433,,,7.06346,,,,,,,597f71cc-5c49-418c-8ea9-73822ae81711,2025-03-15,15:06:02.57,2025-03-15T11:06:02.5701888-04:00,2025-03-15T15:06:02.5701888Z,,v3,471300,471281,15 March 2025 14:00-dayton@georgemas,"Raymond, Andrew",10148052,Right,GEO_PAT,6cd3ad3f-1aa0-4d70-bbb6-ca6fdb24001e,55.11022,-122.03035,11.53867,5.77705,3.0588,-13.66752,-1.44172,3.56398,-5.96353,,,,,,,,,,,,,,,,,,,,,,,,,,,,,,,,,,,,,,,,,,,,,,,,,,,High,High,High,,,,,
9,2025-03-15,11:06:18.83,3,3,"O'Hara, Connor",1000036031,Right,GEO_PAT,"MacDougall, Ryan",1000268563,Left,DAY_FLY,Undefined,1,Top,1,2,0,Slider,Slider,StrikeCalled,Undefined,Undefined,Undefined,0,0,,82.77769,0.24345,-2.227,2061.49298,143.762136,10:45,5.8009,1.59956,5.39889,-37.74738,3.79744,-1.83756,2.88361,-0.64164,75.93877,-6.661077,-2.553573,0.463906,,,,,,,,,,,,0.30606,2.24921,-1.39948,50,5.79623,4.7475,-120.10381,-0.82329,0.44733,23.12169,-28.88658,GEO_PAT,DAY_FLY,SpuhlerFieldMain,D1,A10,20250315-SpuhlerFieldMain-1,0de3e8b0-01af-11f0-9838-553521291aba,81.2502,,,6.83892,,,,,,,597f71cc-5c49-418c-8ea9-73822ae81711,2025-03-15,15:06:18.83,2025-03-15T11:06:18.8325888-04:00,2025-03-15T15:06:18.8325888Z,,v3,471300,471281,15 March 2025 14:00-dayton@georgemas,"Raymond, Andrew",10148052,Right,GEO_PAT,2b45fb10-b086-4215-af2e-c8b43b6befaf,55.10257,-121.08215,11.56085,5.80521,0.39897,-14.44329,-1.59996,4.72857,0.22366,,,,,,,,,,,,,,,,,,,,,,,,,,,,,,,,,,,,,,,,,,,,,,,,,,,High,High,High,,,,,
10,2025-03-15,11:07:01.04,3,4,"O'Hara, Connor",1000036031,Right,GEO_PAT,"MacDougall, Ryan",1000268563,Left,DAY_FLY,Undefined,1,Top,1,2,1,Slider,Slider,BallCalled,Undefined,Undefined,Undefined,0,0,,86.09358,-0.687011,-2.994927,1934.551171,14.615719,6:30,5.84011,1.5159,5.42711,-40.41404,-2.39539,-0.89803,1.82787,-1.3667,79.99439,-8.005572,-3.154624,0.443782,,,,,,,,,,,,-0.28654,-0.7124,-1.24933,50,5.75074,6.57874,-125.01496,-3.01423,-0.4584,22.61862,-33.31381,GEO_PAT,DAY_FLY,SpuhlerFieldMain,D1,A10,20250315-SpuhlerFieldMain-1,270db640-01af-11f0-9838-553521291aba,84.93459,,,6.09919,,,,,,,597f71cc-5c49-418c-8ea9-73822ae81711,2025-03-15,15:07:01.04,2025-03-15T11:07:01.0475520-04:00,2025-03-15T15:07:01.0475520Z,,v3,471300,471281,15 March 2025 14:00-dayton@georgemas,"Raymond, Andrew",10148052,Right,GEO_PAT,f0c1632e-b131-4aef-bcd4-958196d38b8d,55.07732,-125.93023,11.30931,5.84544,-1.66617,-16.65691,-1.51592,6.59729,-0.2292,,,,,,,,,,,,,,,,,,,,,,,,,,,,,,,,,,,,,,,,,,,,,,,,,,,High,High,High,,,,,
11,2025-03-15,11:07:14.24,3,5,"O'Hara, Connor",1000036031,Right,GEO_PAT,"MacDougall, Ryan",1000268563,Left,DAY_FLY,Undefined,1,Top,1,3,1,Fastball,Sinker,FoulBallNotFieldable,Undefined,Undefined,Undefined,0,0,,90.94158,-1.280114,-2.801581,2290.295923,243.660931,2:00,5.92071,1.41569,5.31173,-23.7845,10.65843,19.38592,2.73544,0.39933,83.43643,-5.666454,0.63834,0.422397,92.50194,31.483998,-47.906291,3344.351097,67.51611,56.09117,-86.84219,296.96183,208.22261,-62.265511,4.135847,-10.51386,5.99981,-1.17615,50,5.7873,5.57535,-131.94386,-3.83523,-18.60894,27.0175,-21.55471,GEO_PAT,DAY_FLY,SpuhlerFieldMain,D1,A10,20250315-SpuhlerFieldMain-1,2efcf640-01af-11f0-9838-553521291aba,89.23453,66.15701,,7.50514,,,,1.27876,2.71731,-0.22536,597f71cc-5c49-418c-8ea9-73822ae81711,2025-03-15,15:07:14.24,2025-03-15T11:07:14.2471168-04:00,2025-03-15T15:07:14.2471168Z,FlyBall,v3,471300,471281,15 March 2025 14:00-dayton@georgemas,"Raymond, Andrew",10148052,Right,GEO_PAT,51845a7e-27ea-4108-a5ca-3ceddd1cf0d8,55.19238,-133.00282,13.50875,5.92106,-2.99037,-10.77736,-1.40898,6.30474,-9.30447,,1.27877,77.55524,-21.69681,5.18869,-1.16438,0.22717,-0.03112,0.00213,-3E-05,2.71801,70.83816,-23.90799,3.17985,-0.73202,0.17082,-0.03958,0.00633,-0.00043,-0.22533,-85.85291,10.94483,-2.63094,0.59573,-0.11767,0.01628,-0.00113,2E-05,,,,,,,,,,,,,,,,,,,,,,,High,High,High,High,Medium,,,
12,2025-03-15,11:07:32.09,3,6,"O'Hara, Connor",1000036031,Right,GEO_PAT,"MacDougall, Ryan",1000268563,Left,DAY_FLY,Undefined,1,Top,2,3,2,Fastball,Sinker,StrikeSwinging,Strikeout,Undefined,Undefined,0,0,,92.56711,-2.560571,-3.330075,2341.353225,231.219542,1:45,5.94637,1.24905,5.4054,-19.99277,13.36316,15.27922,1.87532,-0.60159,84.57394,-6.278189,-0.616675,0.415679,,,,,,,,,,,,-8.6226,7.75874,-0.96318,50,5.70396,7.09325,-134.06354,-6.72088,-15.6887,29.05286,-18.05717,GEO_PAT,DAY_FLY,SpuhlerFieldMain,D1,A10,20250315-SpuhlerFieldMain-1,39a16b30-01af-11f0-9838-553521291aba,90.67681,,,7.99317,,,,,,,597f71cc-5c49-418c-8ea9-73822ae81711,2025-03-15,15:07:32.09,2025-03-15T11:07:32.0990000-04:00,2025-03-15T15:07:32.0990000Z,,v3,471300,471281,15 March 2025 14:00-dayton@georgemas,"Raymond, Andrew",10148052,Right,GEO_PAT,b9bcbf37-1746-4bd2-b763-89ab4dfd04b9,55.09706,-135.16361,14.52643,5.9455,-6.03716,-9.02858,-1.24301,7.6873,-7.84435,,,,,,,,,,,,,,,,,,,,,,,,,,,,,55.72674,,,1.301904,,,,-0.31769,5.8868,-3.47336,76.9253,2.41231,47.85699,-0.24094,68.94786,-7.63739,5.9088,14.27387,-13.10079,-3.48152,39.83413,-0.28821,High,High,High,,,High,High,Medium
13,2025-03-15,11:09:52.99,1,1,"Malecha, Peyton",1000232746,Right,DAY_FLY,"Hueber, Toby",1000091691,Right,GEO_PAT,Undefined,1,Bottom,0,0,0,Fastball,Four-Seam,StrikeCalled,Undefined,Undefined,Undefined,0,0,,88.3594,-2.499937,-3.738468,2292.773452,217.721596,1:15,5.74225,1.28083,6.15968,-20.10631,15.31528,10.99784,1.75073,-1.26144,81.18758,-6.287855,-1.759838,0.428357,,,,,,,,,,,,-6.72508,8.93741,-1.00229,50,5.54151,7.94018,-128.12974,-6.20014,-11.22636,25.44351,-17.25459,GEO_PAT,DAY_FLY,SpuhlerFieldMain,D1,A10,20250315-SpuhlerFieldMain-1,8d9ee230-01af-11f0-9838-553521291aba,87.9931,,,7.17182,,,,,,,597f71cc-5c49-418c-8ea9-73822ae81711,2025-03-15,15:09:52.99,2025-03-15T11:09:52.9913856-04:00,2025-03-15T15:09:52.9913856Z,,v3,471300,471281,15 March 2025 14:00-dayton@georgemas,"Howell, Martin",1000115741,Right,DAY_FLY,c8379b00-4991-41d2-9053-cb727923f33d,54.34381,-128.98944,12.72176,5.74116,-5.61714,-8.62729,-1.27698,8.3195,-5.61318,,,,,,,,,,,,,,,,,,,,,,,,,,,,,,,,,,,,,,,,,,,,,,,,,,,High,High,High,,,,,
14,2025-03-15,11:10:12.68,1,2,"Malecha, Peyton",1000232746,Right,DAY_FLY,"Hueber, Toby",1000091691,Right,GEO_PAT,Undefined,1,Bottom,0,0,1,Slider,Slider,BallCalled,Undefined,Undefined,Undefined,0,0,,78.67813,-0.522645,-2.655733,2165.85925,94.459172,9:15,5.57274,1.463,5.66822,-42.85199,2.12917,-12.05922,1.51386,-2.02003,73.50091,-8.314498,-4.808733,0.48271,,,,,,,,,,,,5.53646,1.55154,-1.23051,50,5.50104,5.74879,-114.3556,-2.42915,7.42542,18.55665,-30.09314,GEO_PAT,DAY_FLY,SpuhlerFieldMain,D1,A10,20250315-SpuhlerFieldMain-1,99647e90-01af-11f0-9838-553521291aba,78.08498,,,5.17722,,,,,,,597f71cc-5c49-418c-8ea9-73822ae81711,2025-03-15,15:10:12.68,2025-03-15T11:10:12.6862336-04:00,2025-03-15T15:10:12.6862336Z,,v3,471300,471281,15 March 2025 14:00-dayton@georgemas,"Howell, Martin",1000115741,Right,DAY_FLY,1d0946cb-fe64-4faf-a675-83001b03eea2,54.83709,-115.13784,9.27833,5.57671,-1.16059,-15.04657,-1.46625,5.43577,3.71271,,,,,,,,,,,,,,,,,,,,,,,,,,,,,,,,,,,,,,,,,,,,,,,,,,,High,High,High,,,,,
15,2025-03-15,11:10:30.71,1,3,"Malecha, Peyton",1000232746,Right,DAY_FLY,"Hueber, Toby",1000091691,Right,GEO_PAT,Undefined,1,Bottom,0,1,1,Slider,Slider,BallCalled,Undefined,Undefined,Undefined,0,0,,79.44109,-1.687009,-1.984472,2125.761683,101.357878,9:30,5.66137,1.29261,5.61451,-40.85648,3.27677,-10.54449,0.68064,-1.4391,74.40724,-9.094499,-3.868595,0.478139,,,,,,,,,,,,4.95925,2.36047,-1.11577,50,5.49014,4.38877,-115.48966,-4.73611,6.79417,18.61332,-28.94022,GEO_PAT,DAY_FLY,SpuhlerFieldMain,D1,A10,20250315-SpuhlerFieldMain-1,a4207320-01af-11f0-9838-553521291aba,78.83152,,,5.03386,,,,,,,597f71cc-5c49-418c-8ea9-73822ae81711,2025-03-15,15:10:30.71,2025-03-15T11:10:30.7189248-04:00,2025-03-15T15:10:30.7189248Z,,v3,471300,471281,15 March 2025 14:00-dayton@georgemas,"Howell, Martin",1000115741,Right,DAY_FLY,5cb1950d-813e-4cb4-92e6-86377e3dcf84,54.89144,-116.27533,9.30666,5.66428,-3.51453,-14.47011,-1.29497,4.10199,3.39709,,,,,,,,,,,,,,,,,,,,,,,,,,,,,,,,,,,,,,,,,,,,,,,,,,,High,High,High,,,,,
16,2025-03-15,11:10:48.00,1,4,"Malecha, Peyton",1000232746,Right,DAY_FLY,"Hueber, Toby",1000091691,Right,GEO_PAT,Undefined,1,Bottom,0,2,1,Fastball,Four-Seam,InPlay,Undefined,FlyBall,Out,1,0,,87.521,-1.820978,-1.815202,2275.624589,213.73103,1:00,5.73176,1.34987,6.07767,-21.20454,14.70457,9.12245,2.27835,0.4299,80.82385,-5.7974,-0.17233,0.431294,99.77187,28.928548,-17.247633,2426.941609,105.03756,59.18679,-32.66652,363.4617,362.91324,-18.443678,5.432379,-5.21799,8.38831,-1.21443,50,5.57939,3.6784,-127.22188,-4.69048,-8.62732,23.94672,-18.30498,GEO_PAT,DAY_FLY,SpuhlerFieldMain,D1,A10,20250315-SpuhlerFieldMain-1,ae640360-01af-11f0-9838-553521291aba,87.39377,92.00156,,6.69715,,,,2.96345,2.46753,-0.43063,597f71cc-5c49-418c-8ea9-73822ae81711,2025-03-15,15:10:48.00,2025-03-15T11:10:48.0079360-04:00,2025-03-15T15:10:48.0079360Z,FlyBall,v3,471300,471281,15 March 2025 14:00-dayton@georgemas,"Howell, Martin",1000115741,Right,DAY_FLY,2bf87bbd-61d6-4f2a-ab52-47ed51be19c2,54.42664,-128.05239,11.97336,5.73105,-4.05564,-9.15249,-1.34719,3.97761,-4.31366,177.703157,2.9644,122.29381,-26.32578,6.21031,-1.27656,0.23381,-0.03569,0.00364,-0.00017,2.4699,70.74238,-14.86095,0.29077,0.11832,-0.07756,0.02195,-0.00289,0.00014,-0.4309,-37.96805,7.51685,-1.77995,0.36509,-0.06627,0.01,-0.00101,5E-05,,,,,,,,,,,,,,,,,,,,,,,High,High,High,High,Medium,,,
17,2025-03-15,11:11:33.38,2,1,"Malecha, Peyton",1000232746,Right,DAY_FLY,"Hull, Owen",10054797,Left,GEO_PAT,Undefined,1,Bottom,1,0,0,Slider,Slider,StrikeSwinging,Undefined,Undefined,Undefined,0,0,,79.3635,-0.649519,-0.957557,2139.026847,117.180599,10:00,5.66641,1.37837,5.57401,-38.3436,5.90607,-9.19067,1.86429,-0.28205,73.98556,-7.645439,-2.598748,0.478769,,,,,,,,,,,,4.46862,3.49134,-1.28954,50,5.58492,2.27516,-115.43486,-2.56086,6.1144,18.65638,-27.39688,GEO_PAT,DAY_FLY,SpuhlerFieldMain,D1,A10,20250315-SpuhlerFieldMain-1,c980ee60-01af-11f0-9838-553521291aba,78.72776,,,5.37793,,,,,,,597f71cc-5c49-418c-8ea9-73822ae81711,2025-03-15,15:11:33.38,2025-03-15T11:11:33.3803520-04:00,2025-03-15T15:11:33.3803520Z,,v3,471300,471281,15 March 2025 14:00-dayton@georgemas,"Howell, Martin",1000115741,Right,DAY_FLY,1e2ec374-1c60-422e-b26b-761f751d445a,54.93072,-116.22903,9.32819,5.66911,-1.39463,-13.69844,-1.38085,2.01489,3.0572,,,,,,,,,,,,,,,,,,,,,,,,,,,,,,,,,,,,,,,,,,,,,,,,,,,High,High,High,,,,,
18,2025-03-15,11:11:52.15,2,2,"Malecha, Peyton",1000232746,Right,DAY_FLY,"Hull, Owen",10054797,Left,GEO_PAT,Undefined,1,Bottom,1,0,1,ChangeUp,Changeup,BallCalled,Undefined,Undefined,Undefined,0,0,,82.40444,0.732148,-0.841637,1644.954317,256.275868,2:30,5.69787,1.35766,6.21275,-35.37848,4.99071,15.60576,3.4255,1.8813,75.9207,-5.845502,1.97746,0.457295,,,,,,,,,,,,-8.28485,2.77784,-1.30194,50,5.73517,1.17563,-119.86847,0.44517,-12.11776,22.02463,-28.1111,GEO_PAT,DAY_FLY,SpuhlerFieldMain,D1,A10,20250315-SpuhlerFieldMain-1,d49207d0-01af-11f0-9838-553521291aba,82.42477,,,6.48374,,,,,,,597f71cc-5c49-418c-8ea9-73822ae81711,2025-03-15,15:11:52.15,2025-03-15T11:11:52.1585664-04:00,2025-03-15T15:11:52.1585664Z,,v3,471300,471281,15 March 2025 14:00-dayton@georgemas,"Howell, Martin",1000115741,Right,DAY_FLY,af8d2179-72d2-4b4f-857e-15731703377d,54.29058,-120.65425,11.01232,5.70139,1.4481,-14.05555,-1.35159,1.60795,-6.05888,,,,,,,,,,,,,,,,,,,,,,,,,,,,,,,,,,,,,,,,,,,,,,,,,,,High,High,High,,,,,
19,2025-03-15,11:12:11.78,2,3,"Malecha, Peyton",1000232746,Right,DAY_FLY,"Hull, Owen",10054797,Left,GEO_PAT,Undefined,1,Bottom,1,1,1,Slider,Curveball,StrikeSwinging,Undefined,Undefined,Undefined,0,0,,79.53429,-0.885174,-1.719968,2204.660673,76.917289,8:30,5.71429,1.41409,5.53537,-45.73191,-1.38158,-11.21713,1.07543,-1.12892,74.12138,-9.170892,-3.722502,0.479314,,,,,,,,,,,,5.30441,-0.17382,-1.25683,50,5.60636,3.89414,-115.61773,-3.32131,7.24216,19.80869,-32.41136,GEO_PAT,DAY_FLY,SpuhlerFieldMain,D1,A10,20250315-SpuhlerFieldMain-1,e05d97a0-01af-11f0-9838-553521291aba,78.63834,,,5.41291,,,,,,,597f71cc-5c49-418c-8ea9-73822ae81711,2025-03-15,15:12:11.78,2025-03-15T11:12:11.7890560-04:00,2025-03-15T15:12:11.7890560Z,,v3,471300,471281,15 March 2025 14:00-dayton@georgemas,"Howell, Martin",1000115741,Right,DAY_FLY,039a9ca6-b4f9-400c-9d97-8cfe4efb1299,54.9705,-116.46621,9.90434,5.71889,-1.93301,-16.20568,-1.41699,3.58393,3.62108,,,,,,,,,,,,,,,,,,,,,,,,,,,,,,,,,,,,,,,,,,,,,,,,,,,High,High,High,,,,,
20,2025-03-15,11:12:31.87,2,4,"Malecha, Peyton",1000232746,Right,DAY_FLY,"Hull, Owen",10054797,Left,GEO_PAT,Undefined,1,Bottom,1,1,2,Slider,Slider,BallCalled,Undefined,Undefined,Undefined,0,0,,79.74315,-0.114599,0.936067,2195.443531,94.182287,9:15,5.66911,1.5085,5.65773,-41.73774,2.00106,-11.03851,2.08407,1.4617,74.18629,-7.73692,-1.039566,0.475998,,,,,,,,,,,,5.83803,1.42547,-1.58066,50,5.63273,-1.47226,-115.99628,-1.61355,8.05542,19.10955,-30.20716,GEO_PAT,DAY_FLY,SpuhlerFieldMain,D1,A10,20250315-SpuhlerFieldMain-1,ec3e0f00-01af-11f0-9838-553521291aba,79.18615,,,5.55686,,,,,,,597f71cc-5c49-418c-8ea9-73822ae81711,2025-03-15,15:12:31.87,2025-03-15T11:12:31.8791168-04:00,2025-03-15T15:12:31.8791168Z,,v3,471300,471281,15 March 2025 14:00-dayton@georgemas,"Howell, Martin",1000115741,Right,DAY_FLY,903a085c-a802-4568-8ad5-579f81423edd,54.84665,-116.792,9.55478,5.67372,-0.35572,-15.10358,-1.51237,-1.80768,4.02771,,,,,,,,,,,,,,,,,,,,,,,,,,,,,,,,,,,,,,,,,,,,,,,,,,,High,High,High,,,,,
21,2025-03-15,11:12:53.97,2,5,"Malecha, Peyton",1000232746,Right,DAY_FLY,"Hull, Owen",10054797,Left,GEO_PAT,Undefined,1,Bottom,1,2,2,Slider,Slider,FoulBallNotFieldable,Undefined,Undefined,Undefined,0,0,,80.68928,-0.056908,-0.417936,2252.811886,104.561295,9:30,5.64652,1.43282,5.548,-38.56872,4.4265,-12.42532,2.37928,0.0068,74.85237,-7.104998,-2.635739,0.471934,90.84167,9.064227,-54.366102,4406.042814,,,,127.98859,127.98859,-59.383392,1.168576,6.2254,2.59953,-1.38802,50,5.61574,1.3373,-117.3412,-1.40824,8.76602,20.13666,-28.51365,GEO_PAT,DAY_FLY,SpuhlerFieldMain,D1,A10,20250315-SpuhlerFieldMain-1,f984a610-01af-11f0-9838-553521291aba,79.86797,7.48398,,5.83691,,,,1.03623,2.22063,0.26888,597f71cc-5c49-418c-8ea9-73822ae81711,2025-03-15,15:12:53.97,2025-03-15T11:12:53.9718656-04:00,2025-03-15T15:12:53.9718656Z,LineDrive,v3,471300,471281,15 March 2025 14:00-dayton@georgemas,"Howell, Martin",1000115741,Right,DAY_FLY,b281e025-2303-4a35-830d-d65c1ec1bd03,54.95658,-118.18873,10.06833,5.64976,-0.20814,-14.25683,-1.43654,0.96835,4.38301,,1.03623,76.65346,-23.81038,5.71143,-1.41476,0.36629,-0.09303,0.01914,-0.00219,2.22063,20.98993,-22.25607,2.95712,-0.75208,0.19572,-0.04963,0.01034,-0.00118,0.26888,-106.9347,13.72136,-3.38665,0.84703,-0.21945,0.05537,-0.01135,0.00129,,,,,,,,,,,,,,,,,,,,,,,High,High,High,High,High,,,
22,2025-03-15,11:13:20.04,2,6,"Malecha, Peyton",1000232746,Right,DAY_FLY,"Hull, Owen",10054797,Left,GEO_PAT,Undefined,1,Bottom,1,2,2,Fastball,Four-Seam,InPlay,Undefined,GroundBall,Out,1,0,,89.18425,-1.476695,-2.491798,2286.336012,208.144374,1:00,5.86626,1.18557,6.13778,-21.28729,13.38202,6.5978,2.72589,-0.56911,81.97161,-5.477658,-1.303296,0.423783,101.83796,-43.749957,56.956807,,,,,5.36223,5.36223,31.539407,0.033174,-4.09933,7.64059,-0.99878,50,5.74232,5.37593,-129.55244,-3.99638,-6.99737,25.96004,-19.13194,GEO_PAT,DAY_FLY,SpuhlerFieldMain,D1,A10,20250315-SpuhlerFieldMain-1,090093b0-01b0-11f0-9838-553521291aba,88.9427,3.43442,,7.21264,,,,2.61388,3.43442,-0.20248,597f71cc-5c49-418c-8ea9-73822ae81711,2025-03-15,15:13:20.04,2025-03-15T11:13:20.0468992-04:00,2025-03-15T15:13:20.0468992Z,GroundBall,v3,471300,471281,15 March 2025 14:00-dayton@georgemas,"Howell, Martin",1000115741,Right,DAY_FLY,4be3298a-2b5a-46e4-9044-722a839011de,54.3656,-130.42429,12.98002,5.86574,-3.35384,-9.56597,-1.18327,5.61094,-3.49868,180,2.61315,58.96972,,,,,,,,3.43572,-103.52857,,,,,,,,-0.20361,90.65571,,,,,,,,,,,,,,,,,,,,,,,,,,,,,,High,High,High,Low,Low,,,
23,2025-03-15,11:13:58.28,3,1,"Malecha, Peyton",1000232746,Right,DAY_FLY,"Quinn-Irons, Jaime",1000216379,Right,GEO_PAT,Undefined,1,Bottom,2,0,0,Slider,Slider,StrikeCalled,Undefined,Undefined,Undefined,0,0,,80.23162,0.29621,-0.295735,2223.900692,71.762203,8:30,5.67877,1.27325,5.44058,-45.03294,-1.3052,-7.71461,2.20341,0.35343,74.38503,-7.890326,-1.670927,0.475937,,,,,,,,,,,,3.8215,-0.36165,-1.24157,50,5.67357,0.90721,-116.64654,-0.95809,5.30976,20.20332,-32.67656,GEO_PAT,DAY_FLY,SpuhlerFieldMain,D1,A10,20250315-SpuhlerFieldMain-1,1fbc6e80-01b0-11f0-9838-553521291aba,79.19621,,,5.84659,,,,,,,597f71cc-5c49-418c-8ea9-73822ae81711,2025-03-15,15:13:58.28,2025-03-15T11:13:58.2850560-04:00,2025-03-15T15:13:58.2850560Z,,v3,471300,471281,15 March 2025 14:00-dayton@georgemas,"Howell, Martin",1000115741,Right,DAY_FLY,e85ed5a3-5864-4188-b1c4-e0f2b86aaff8,55.06388,-117.52034,10.10166,5.68444,0.45517,-16.33828,-1.27584,0.67756,2.65488,,,,,,,,,,,,,,,,,,,,,,,,,,,,,,,,,,,,,,,,,,,,,,,,,,,High,High,High,,,,,
24,2025-03-15,11:14:13.28,3,2,"Malecha, Peyton",1000232746,Right,DAY_FLY,"Quinn-Irons, Jaime",1000216379,Right,GEO_PAT,Undefined,1,Bottom,2,0,1,Slider,Slider,BallCalled,Undefined,Undefined,Undefined,0,0,,79.65625,-0.442121,-2.608173,2243.624161,67.011435,8:15,5.72091,1.31295,5.70358,-44.669,-0.42677,-4.11272,1.58608,-1.46183,73.6397,-8.593699,-3.343705,0.478729,,,,,,,,,,,,1.4015,0.25681,-1.09134,50,5.65564,5.42357,-115.67173,-2.35682,1.90355,21.07203,-31.82526,GEO_PAT,DAY_FLY,SpuhlerFieldMain,D1,A10,20250315-SpuhlerFieldMain-1,28ccaee0-01b0-11f0-9838-553521291aba,78.73437,,,6.01655,,,,,,,597f71cc-5c49-418c-8ea9-73822ae81711,2025-03-15,15:14:13.28,2025-03-15T11:14:13.2888576-04:00,2025-03-15T15:14:13.2888576Z,,v3,471300,471281,15 March 2025 14:00-dayton@georgemas,"Howell, Martin",1000115741,Right,DAY_FLY,0ac6402e-972e-4bf1-87a1-272ca2d4803a,54.80066,-116.54299,10.53601,5.72588,-1.04095,-15.91263,-1.31396,5.34487,0.95177,,,,,,,,,,,,,,,,,,,,,,,,,,,,,,,,,,,,,,,,,,,,,,,,,,,High,High,High,,,,,
25,2025-03-15,11:14:30.82,3,3,"Malecha, Peyton",1000232746,Right,DAY_FLY,"Quinn-Irons, Jaime",1000216379,Right,GEO_PAT,Undefined,1,Bottom,2,1,1,ChangeUp,Changeup,FoulBallNotFieldable,Undefined,Undefined,Undefined,0,0,,82.14244,0.121322,-1.874313,1674.601579,271.109588,3:00,5.72951,1.25384,5.98618,-39.8829,0.86354,13.09859,2.51844,0.60748,76.27971,-7.210986,0.482786,0.459427,103.9969,-10.253414,-62.530259,,,,,18.0683,17.68633,-53.584711,0.103742,-7.27556,0.69169,-1.11338,50,5.7165,3.43096,-119.51785,-1.02551,-10.64508,20.54741,-31.16201,GEO_PAT,DAY_FLY,SpuhlerFieldMain,D1,A10,20250315-SpuhlerFieldMain-1,333be300-01b0-11f0-9838-553521291aba,82.0423,2.82108,,5.86273,,,,3.53206,2.82108,-0.70303,597f71cc-5c49-418c-8ea9-73822ae81711,2025-03-15,15:14:30.82,2025-03-15T11:14:30.8252672-04:00,2025-03-15T15:14:30.8252672Z,GroundBall,v3,471300,471281,15 March 2025 14:00-dayton@georgemas,"Howell, Martin",1000115741,Right,DAY_FLY,d1714e4a-2a89-42f0-9830-63a04e0c140d,54.51989,-120.29239,10.27371,5.73302,0.14916,-15.581,-1.25028,3.83223,-5.32254,180,3.53024,69.34371,,,,,,,,2.8218,-27.19314,,,,,,,,-0.69953,-133.37997,,,,,,,,,,,,,,,,,,,,,,,,,,,,,,High,High,High,Low,Low,,,
26,2025-03-15,11:14:53.31,3,4,"Malecha, Peyton",1000232746,Right,DAY_FLY,"Quinn-Irons, Jaime",1000216379,Right,GEO_PAT,Undefined,1,Bottom,2,1,2,Fastball,Four-Seam,BallCalled,Undefined,Undefined,Undefined,0,0,,89.69944,-0.647419,-2.726764,2314.568391,212.43312,1:00,5.86345,0.84349,6.00322,-18.87316,15.90607,9.37189,3.69009,-0.90404,81.50285,-4.235093,-1.043808,0.424455,,,,,,,,,,,,-5.5928,8.69823,-0.63385,50,5.80209,5.79861,-130.12731,-2.0327,-9.54161,28.58484,-17.33435,GEO_PAT,DAY_FLY,SpuhlerFieldMain,D1,A10,20250315-SpuhlerFieldMain-1,40a40bd0-01b0-11f0-9838-553521291aba,88.80204,,,8.1966,,,,,,,597f71cc-5c49-418c-8ea9-73822ae81711,2025-03-15,15:14:53.31,2025-03-15T11:14:53.3191680-04:00,2025-03-15T15:14:53.3191680Z,,v3,471300,471281,15 March 2025 14:00-dayton@georgemas,"Howell, Martin",1000115741,Right,DAY_FLY,07e9487b-2c31-4d05-835f-d4ebaccdbd9d,54.49709,-131.11146,14.29242,5.8618,-1.4359,-8.66718,-0.83914,6.12712,-4.7708,,,,,,,,,,,,,,,,,,,,,,,,,,,,,,,,,,,,,,,,,,,,,,,,,,,High,High,High,,,,,
27,2025-03-15,11:15:10.03,3,5,"Malecha, Peyton",1000232746,Right,DAY_FLY,"Quinn-Irons, Jaime",1000216379,Right,GEO_PAT,Undefined,1,Bottom,2,2,2,Fastball,Four-Seam,BallCalled,Undefined,Undefined,Undefined,0,0,,87.89501,-0.295702,-1.264237,2256.311981,209.609394,1:00,5.81675,1.31696,6.13317,-19.96159,16.02469,8.43134,3.87988,0.85081,79.89569,-4.096532,0.25558,0.431758,,,,,,,,,,,,-4.69528,8.70481,-1.22448,50,5.7837,2.4686,-127.64108,-1.22922,-7.70532,27.56307,-17.88875,GEO_PAT,DAY_FLY,SpuhlerFieldMain,D1,A10,20250315-SpuhlerFieldMain-1,4a799800-01b0-11f0-9838-553521291aba,87.30001,,,7.99932,,,,,,,597f71cc-5c49-418c-8ea9-73822ae81711,2025-03-15,15:15:10.03,2025-03-15T11:15:10.0347904-04:00,2025-03-15T15:15:10.0347904Z,,v3,471300,471281,15 March 2025 14:00-dayton@georgemas,"Howell, Martin",1000115741,Right,DAY_FLY,1ffd3dd1-6830-41b8-9e97-0995ead58ffb,54.36653,-128.58054,13.78154,5.8152,-0.6195,-8.94438,-1.31309,2.73123,-3.85266,,,,,,,,,,,,,,,,,,,,,,,,,,,,,,,,,,,,,,,,,,,,,,,,,,,High,High,High,,,,,
28,2025-03-15,11:15:32.52,3,6,"Malecha, Peyton",1000232746,Right,DAY_FLY,"Quinn-Irons, Jaime",1000216379,Right,GEO_PAT,Undefined,1,Bottom,2,3,2,Fastball,Four-Seam,FoulBallNotFieldable,Undefined,Undefined,Undefined,0,0,,89.70904,-1.792584,-3.135397,2346.635522,216.813314,1:15,5.76163,1.1919,6.17204,-18.90639,15.76501,10.91036,2.52735,-0.79781,81.43159,-5.393524,-1.170352,0.423796,68.55065,39.693043,156.986344,4043.091801,-104.89504,44.80768,33.12133,186.06631,74.86192,165.157589,3.035102,-6.618,9.05623,-0.95984,50,5.61603,6.6828,-130.0787,-4.62427,-11.24687,29.35731,-16.78356,GEO_PAT,DAY_FLY,SpuhlerFieldMain,D1,A10,20250315-SpuhlerFieldMain-1,57fc26a0-01b0-11f0-9838-553521291aba,88.93999,45.66809,,8.27745,,,,2.37978,2.63764,0.78349,597f71cc-5c49-418c-8ea9-73822ae81711,2025-03-15,15:15:32.52,2025-03-15T11:15:32.5264896-04:00,2025-03-15T15:15:32.5264896Z,FlyBall,v3,471300,471281,15 March 2025 14:00-dayton@georgemas,"Howell, Martin",1000115741,Right,DAY_FLY,ae435df0-f570-4884-9eb8-e1688921fe14,54.32986,-131.05226,14.67865,5.76016,-4.06769,-8.39178,-1.18764,7.05577,-5.62344,315.036011,2.38023,-71.22515,3.54336,-0.00676,0.23443,-0.23554,0.09446,-0.01626,0.00097,2.63761,64.21389,-27.54669,3.38662,-0.775,0.22277,-0.07176,0.01452,-0.00117,0.78352,30.24334,-9.80002,2.89677,-0.7708,0.26974,-0.10215,0.02307,-0.00202,,,,,,,,,,,,,,,,,,,,,,,High,High,High,High,Medium,,,
29,2025-03-15,11:15:50.29,3,7,"Malecha, Peyton",1000232746,Right,DAY_FLY,"Quinn-Irons, Jaime",1000216379,Right,GEO_PAT,Undefined,1,Bottom,2,3,2,Slider,Slider,StrikeSwinging,Strikeout,Undefined,Undefined,0,0,,80.66584,-1.020899,-1.934023,2069.804785,77.778513,8:30,5.75863,1.41107,5.78104,-43.90459,-0.3148,-8.29079,1.14935,-1.08008,73.67419,-9.06856,-3.42057,0.475186,,,,,,,,,,,,3.6528,0.54532,-1.24621,50,5.64774,4.26737,-117.02582,-3.52144,5.00226,24.66013,-31.42729,GEO_PAT,DAY_FLY,SpuhlerFieldMain,D1,A10,20250315-SpuhlerFieldMain-1,629b6b70-01b0-11f0-9838-553521291aba,79.32142,,,6.99165,,,,,,,597f71cc-5c49-418c-8ea9-73822ae81711,2025-03-15,15:15:50.29,2025-03-15T11:15:50.2943232-04:00,2025-03-15T15:15:50.2943232Z,,v3,471300,471281,15 March 2025 14:00-dayton@georgemas,"Howell, Martin",1000115741,Right,DAY_FLY,50b98f70-9aee-4bfc-b402-2af8d5e06cc3,54.72178,-118.01662,12.33007,5.76386,-2.25875,-15.71364,-1.41363,4.06639,2.50113,,,,,,,,,,,,,,,,,,,,,,,,,,,,,,,,,,,,,,,,,,,,,,,,,,,High,High,High,,,,,
30,2025-03-15,11:17:55.37,1,1,"O'Hara, Connor",1000036031,Right,GEO_PAT,"Dobie, Mason",692154,Left,DAY_FLY,Undefined,2,Top,0,0,0,Fastball,Sinker,FoulBallNotFieldable,Undefined,Undefined,Undefined,0,0,,91.68874,-2.004917,-2.308284,2346.291982,233.404935,1:45,5.98528,1.16484,5.3032,-20.55462,13.4617,16.66367,2.38785,0.38525,83.8625,-5.819626,0.649107,0.419773,81.635,39.401406,-56.207015,4275.339212,46.17749,67.44843,-99.83762,241.2303,119.76297,-74.505042,4.177816,-9.01666,7.62693,-0.96771,50,5.7882,4.59011,-132.95885,-5.40187,-16.14875,28.37224,-18.51427,GEO_PAT,DAY_FLY,SpuhlerFieldMain,D1,A10,20250315-SpuhlerFieldMain-1,ad221810-01b0-11f0-9838-553521291aba,89.79234,71.65478,,7.82624,,,,0.20463,2.37994,-0.65135,597f71cc-5c49-418c-8ea9-73822ae81711,2025-03-15,15:17:55.37,2025-03-15T11:17:55.3776128-04:00,2025-03-15T15:17:55.3776128Z,FlyBall,v3,471300,471281,15 March 2025 14:00-dayton@georgemas,"Raymond, Andrew",10148052,Right,GEO_PAT,bb6c93c9-4749-4c33-aeaf-30e5059ac593,55.19976,-134.06384,14.18612,5.98454,-4.68081,-9.25713,-1.15872,5.21904,-8.07438,,0.18952,51.83303,-21.72176,9.53555,-4.99683,2.14213,-0.5768,0.08199,-0.0046,2.38719,75.79738,-23.37841,0.12881,2.16836,-1.44304,0.47495,-0.07899,0.00522,-0.66153,-76.61801,5.19863,2.72664,-3.22509,1.77156,-0.53921,0.08581,-0.00552,,,,,,,,,,,,,,,,,,,,,,,High,High,High,High,Low,,,
31,2025-03-15,11:18:09.37,1,2,"O'Hara, Connor",1000036031,Right,GEO_PAT,"Dobie, Mason",692154,Left,DAY_FLY,Undefined,2,Top,0,0,1,Slider,Slider,BallCalled,Undefined,Undefined,Undefined,0,0,,83.61797,-1.321676,-3.084402,2153.305404,33.335609,7:00,5.82643,1.42489,5.38976,-44.56825,-3.74536,-3.28807,0.87158,-1.74294,77.15115,-9.379622,-3.669069,0.459857,,,,,,,,,,,,0.79268,-1.14303,-1.14659,50,5.67657,6.67003,-121.24695,-4.43149,1.17911,23.87268,-33.8743,GEO_PAT,DAY_FLY,SpuhlerFieldMain,D1,A10,20250315-SpuhlerFieldMain-1,b58353c0-01b0-11f0-9838-553521291aba,81.96549,,,6.46682,,,,,,,597f71cc-5c49-418c-8ea9-73822ae81711,2025-03-15,15:18:09.37,2025-03-15T11:18:09.3721088-04:00,2025-03-15T15:18:09.3721088Z,,v3,471300,471281,15 March 2025 14:00-dayton@georgemas,"Raymond, Andrew",10148052,Right,GEO_PAT,aad01812-b256-4b78-af3a-6bc2f1c3659f,55.11385,-122.24969,11.93634,5.83283,-3.00865,-16.93715,-1.42572,6.62051,0.58956,,,,,,,,,,,,,,,,,,,,,,,,,,,,,,,,,,,,,,,,,,,,,,,,,,,High,High,High,,,,,
32,2025-03-15,11:18:34.62,1,3,"O'Hara, Connor",1000036031,Right,GEO_PAT,"Dobie, Mason",692154,Left,DAY_FLY,Undefined,2,Top,0,1,1,Fastball,Sinker,FoulBallNotFieldable,Undefined,Undefined,Undefined,0,0,,92.41911,-2.179775,-3.27174,2318.655905,228.095281,1:30,5.98794,1.22757,5.18458,-20.04615,14.02619,14.27253,2.26217,-0.66473,83.55014,-5.918791,-0.747676,0.420119,,,,,,,,,,,,-8.14871,8.01993,-0.93462,50,5.77023,6.96227,-133.68809,-5.82576,-14.58652,31.75424,-17.81802,GEO_PAT,DAY_FLY,SpuhlerFieldMain,D1,A10,20250315-SpuhlerFieldMain-1,c4846c10-01b0-11f0-9838-553521291aba,89.7185,,,8.86897,,,,,,,597f71cc-5c49-418c-8ea9-73822ae81711,2025-03-15,15:18:34.62,2025-03-15T11:18:34.6224640-04:00,2025-03-15T15:18:34.6224640Z,,v3,471300,471281,15 March 2025 14:00-dayton@georgemas,"Raymond, Andrew",10148052,Right,GEO_PAT,fcf09189-e12f-4c63-b57e-c94a35ebfb68,55.3165,-134.94498,15.87712,5.98686,-5.1205,-8.90901,-1.22163,7.53963,-7.29326,,,,,,,,,,,,,,,,,,,,,,,,,,,,,,,,,,,,,,,,,,,,,,,,,,,High,High,High,,,,,
33,2025-03-15,11:18:51.30,1,4,"O'Hara, Connor",1000036031,Right,GEO_PAT,"Dobie, Mason",692154,Left,DAY_FLY,Undefined,2,Top,0,1,2,ChangeUp,Changeup,StrikeSwinging,Strikeout,Undefined,Undefined,0,0,,84.68546,-1.688684,-2.980993,2024.545453,267.132379,3:00,5.7219,1.24472,5.25532,-37.83317,2.33532,20.02513,0.97976,0.10987,77.47971,-8.570558,0.57413,0.456157,,,,,,,,,,,,-10.96319,2.01681,-0.98682,50,5.53862,5.53859,-122.72494,-5.01429,-16.63157,25.49034,-29.11446,GEO_PAT,DAY_FLY,SpuhlerFieldMain,D1,A10,20250315-SpuhlerFieldMain-1,ce779260-01b0-11f0-9838-553521291aba,82.63046,,,7.20575,,,,,,,597f71cc-5c49-418c-8ea9-73822ae81711,2025-03-15,15:18:51.30,2025-03-15T11:18:51.3036800-04:00,2025-03-15T15:18:51.3036800Z,,v3,471300,471281,15 March 2025 14:00-dayton@georgemas,"Raymond, Andrew",10148052,Right,GEO_PAT,843d2810-d298-44c2-81f7-65f6e6ba69a7,55.24886,-123.81035,12.74517,5.72574,-3.77457,-14.55723,-1.23774,6.24678,-8.31578,,,,,,,,,,,,,,,,,,,,,,,,,,,,,,,,,,,,,,,,,,,,,,,,,,,High,High,High,,,,,
34,2025-03-15,11:19:15.81,2,1,"O'Hara, Connor",1000036031,Right,GEO_PAT,"Zorn, Adin",10148886,Right,DAY_FLY,Undefined,2,Top,1,0,0,Slider,Slider,StrikeSwinging,Undefined,Undefined,Undefined,0,0,,84.2184,-0.100863,-2.501909,2004.560263,19.284401,6:45,5.81785,1.42499,5.49119,-44.12187,-4.73878,-2.0128,2.04658,-1.08486,78.68963,-8.085504,-2.860551,0.451675,,,,,,,,,,,,0.44126,-2.07823,-1.20428,50,5.7786,5.43227,-122.45076,-1.82294,0.68089,20.48781,-35.38087,GEO_PAT,DAY_FLY,SpuhlerFieldMain,D1,A10,20250315-SpuhlerFieldMain-1,dd186240-01b0-11f0-9838-553521291aba,83.45029,,,5.52877,,,,,,,597f71cc-5c49-418c-8ea9-73822ae81711,2025-03-15,15:19:15.81,2025-03-15T11:19:15.8174208-04:00,2025-03-15T15:19:15.8174208Z,,v3,471300,471281,15 March 2025 14:00-dayton@georgemas,"Raymond, Andrew",10148052,Right,GEO_PAT,5ab07b71-cf6a-4c7a-a852-e8449c231d2d,55.01474,-123.28695,10.24391,5.82353,-0.37891,-17.69044,-1.42543,5.40449,0.34045,,,,,,,,,,,,,,,,,,,,,,,,,,,,,,,,,,,,,,,,,,,,,,,,,,,High,High,High,,,,,
35,2025-03-15,11:19:26.03,2,2,"O'Hara, Connor",1000036031,Right,GEO_PAT,"Zorn, Adin",10148886,Right,DAY_FLY,Undefined,2,Top,1,0,1,ChangeUp,Slider,InPlay,Undefined,GroundBall,Out,1,0,,83.47998,-0.06906,-1.885479,2011.281741,31.550572,7:00,5.77152,1.42612,4.79857,-44.26758,-2.79177,-2.4465,2.01707,-0.56512,77.28041,-8.011601,-2.316095,0.46352,79.72728,-31.693522,-9.339729,,,,,5.73754,5.73754,-0.341386,0.034789,0.72992,-1.05847,-1.23583,50,5.7256,4.09632,-121.18877,-1.88227,1.09351,22.04803,-33.75978,GEO_PAT,DAY_FLY,SpuhlerFieldMain,D1,A10,20250315-SpuhlerFieldMain-1,e32f5fd0-01b0-11f0-9838-553521291aba,81.31775,2.14233,,6.19957,,,,2.31383,2.14233,0.52889,597f71cc-5c49-418c-8ea9-73822ae81711,2025-03-15,15:19:26.03,2025-03-15T11:19:26.0386816-04:00,2025-03-15T15:19:26.0386816Z,GroundBall,v3,471300,471281,15 March 2025 14:00-dayton@georgemas,"Raymond, Andrew",10148052,Right,GEO_PAT,25e2908b-968c-4ce5-8038-da38250f3ace,55.70631,-122.22252,11.02401,5.77675,-0.2994,-16.87989,-1.42669,4.04505,0.54675,,2.31252,98.41054,,,,,,,,2.14315,-61.58057,,,,,,,,0.5291,-16.18542,,,,,,,,,,,,,,,,,,,,,,,,,,,,,,High,High,High,Estimated,Estimated,,,
36,2025-03-15,11:19:54.84,3,1,"O'Hara, Connor",1000036031,Right,GEO_PAT,"Cazorla, Alejandro",1000268561,Right,DAY_FLY,Undefined,2,Top,2,0,0,Fastball,Four-Seam,BallCalled,Undefined,Undefined,Undefined,0,0,,93.09352,-3.405944,-0.479343,2198.804206,225.739816,1:30,5.96394,1.38046,5.07162,-18.16324,15.17627,14.47076,1.23512,2.13439,85.24662,-6.763447,2.080044,0.415577,,,,,,,,,,,,-7.30115,8.80099,-1.34686,50,5.62635,0.42238,-134.86151,-8.69693,-13.45242,29.20506,-15.95815,GEO_PAT,DAY_FLY,SpuhlerFieldMain,D1,A10,20250315-SpuhlerFieldMain-1,f4421a10-01b0-11f0-9838-553521291aba,90.69915,,,7.84689,,,,,,,597f71cc-5c49-418c-8ea9-73822ae81711,2025-03-15,15:19:54.84,2025-03-15T11:19:54.8442624-04:00,2025-03-15T15:19:54.8442624Z,,v3,471300,471281,15 March 2025 14:00-dayton@georgemas,"Raymond, Andrew",10148052,Right,GEO_PAT,1441a913-1e1f-4e09-9fed-30983582ce3c,55.42982,-136.03228,14.60253,5.96217,-8.0572,-7.97908,-1.37461,0.96166,-6.72621,,,,,,,,,,,,,,,,,,,,,,,,,,,,,,,,,,,,,,,,,,,,,,,,,,,High,High,High,,,,,
37,2025-03-15,11:20:08.21,3,2,"O'Hara, Connor",1000036031,Right,GEO_PAT,"Cazorla, Alejandro",1000268561,Right,DAY_FLY,Undefined,2,Top,2,1,0,Slider,Curveball,StrikeCalled,Undefined,Undefined,Undefined,0,0,,83.44431,0.242915,-1.631005,2133.019703,24.632543,6:45,5.85426,1.45262,5.09776,-45.58471,-4.63162,-2.64961,2.28455,-0.30565,77.3979,-7.9726,-2.100086,0.46059,,,,,,,,,,,,0.91209,-2.02744,-1.29634,50,5.84103,3.56527,-121.23146,-1.22553,1.37013,21.61302,-35.21972,GEO_PAT,DAY_FLY,SpuhlerFieldMain,D1,A10,20250315-SpuhlerFieldMain-1,fc54c090-01b0-11f0-9838-553521291aba,81.83507,,,6.04641,,,,,,,597f71cc-5c49-418c-8ea9-73822ae81711,2025-03-15,15:20:08.21,2025-03-15T11:20:08.2181632-04:00,2025-03-15T15:20:08.2181632Z,,v3,471300,471281,15 March 2025 14:00-dayton@georgemas,"Raymond, Andrew",10148052,Right,GEO_PAT,7d158329-2a19-4251-a7db-2c2791439488,55.40711,-122.19163,10.80651,5.86072,0.33912,-17.60986,-1.45338,3.5044,0.68507,,,,,,,,,,,,,,,,,,,,,,,,,,,,,,,,,,,,,,,,,,,,,,,,,,,High,High,High,,,,,
38,2025-03-15,11:20:19.13,3,3,"O'Hara, Connor",1000036031,Right,GEO_PAT,"Cazorla, Alejandro",1000268561,Right,DAY_FLY,Undefined,2,Top,2,1,1,Fastball,Four-Seam,BallCalled,Undefined,Undefined,Undefined,0,0,,92.08403,-2.988203,-0.796101,2143.740935,223.558817,1:30,5.8916,1.45106,5.35528,-18.92403,14.7456,12.99788,1.50913,1.7875,84.34813,-6.503915,1.514874,0.417629,,,,,,,,,,,,-6.72225,8.54701,-1.38893,50,5.60927,1.24655,-133.5053,-7.63674,-12.14283,28.51248,-16.73503,GEO_PAT,DAY_FLY,SpuhlerFieldMain,D1,A10,20250315-SpuhlerFieldMain-1,02b87e90-01b1-11f0-9838-553521291aba,90.25343,,,7.7359,,,,,,,597f71cc-5c49-418c-8ea9-73822ae81711,2025-03-15,15:20:19.13,2025-03-15T11:20:19.1378944-04:00,2025-03-15T15:20:19.1378944Z,,v3,471300,471281,15 March 2025 14:00-dayton@georgemas,"Raymond, Andrew",10148052,Right,GEO_PAT,bce064c2-1184-43b1-ba58-0524a576265f,55.14607,-134.59985,14.25624,5.8901,-6.99431,-8.36751,-1.44573,1.71269,-6.07142,,,,,,,,,,,,,,,,,,,,,,,,,,,,,,,,,,,,,,,,,,,,,,,,,,,High,High,High,,,,,
39,2025-03-15,11:20:30.93,3,4,"O'Hara, Connor",1000036031,Right,GEO_PAT,"Cazorla, Alejandro",1000268561,Right,DAY_FLY,Undefined,2,Top,2,2,1,Fastball,Sinker,HitByPitch,Undefined,Undefined,Undefined,0,0,,91.78868,-0.89601,0.67763,2145.829013,237.197389,2:00,5.9209,1.57624,5.14198,-23.93387,10.13938,14.09072,3.08257,3.38857,84.08163,-5.294655,3.171421,0.420125,,,,,,,,,,,,-6.91075,5.61067,-1.65137,50,5.81869,-2.22698,-133.24432,-3.00409,-12.42441,28.61995,-22.08692,GEO_PAT,DAY_FLY,SpuhlerFieldMain,D1,A10,20250315-SpuhlerFieldMain-1,09d7c460-01b1-11f0-9838-553521291aba,89.71731,,,7.70706,,,,,,,597f71cc-5c49-418c-8ea9-73822ae81711,2025-03-15,15:20:30.93,2025-03-15T11:20:30.9337088-04:00,2025-03-15T15:20:30.9337088Z,,v3,471300,471281,15 March 2025 14:00-dayton@georgemas,"Raymond, Andrew",10148052,Right,GEO_PAT,24158793-9c6d-4f29-91bb-ce7c95230ff9,55.36176,-134.39106,14.30997,5.92133,-2.11912,-11.04346,-1.57211,-1.72916,-6.2122,,,,,,,,,,,,,,,,,,,,,,,,,,,,,,,,,,,,,,,,,,,,,,,,,,,High,High,High,,,,,
40,2025-03-15,11:21:20.24,4,1,"O'Hara, Connor",1000036031,Right,GEO_PAT,"Howell, Martin",1000115741,Right,DAY_FLY,Undefined,2,Top,2,0,0,Slider,Curveball,StrikeSwinging,Undefined,Undefined,Undefined,0,0,,82.55758,-0.773612,-1.986747,1950.807458,23.513571,6:45,5.74694,1.78292,5.29354,-47.42258,-5.75402,-3.02292,1.06817,-0.33526,76.63808,-9.324882,-2.524268,0.464596,,,,,,,,,,,,1.0135,-2.42516,-1.59962,50,5.64109,4.28226,-119.92806,-3.34801,1.48443,21.9602,-35.7261,GEO_PAT,DAY_FLY,SpuhlerFieldMain,D1,A10,20250315-SpuhlerFieldMain-1,274221d0-01b1-11f0-9838-553521291aba,81.12946,,,5.9195,,,,,,,597f71cc-5c49-418c-8ea9-73822ae81711,2025-03-15,15:21:20.24,2025-03-15T11:21:20.2400256-04:00,2025-03-15T15:21:20.2400256Z,,v3,471300,471281,15 March 2025 14:00-dayton@georgemas,"Raymond, Andrew",10148052,Right,GEO_PAT,89bd976d-29a5-4bb2-8fd9-1c2b8fa6d7e9,55.21235,-120.87873,10.9801,5.75255,-1.8014,-17.86305,-1.78361,4.218,0.74221,,,,,,,,,,,,,,,,,,,,,,,,,,,,,,,,,,,,,,,,,,,,,,,,,,,High,High,High,,,,,
41,2025-03-15,11:22:13.43,4,2,"O'Hara, Connor",1000036031,Right,GEO_PAT,"Howell, Martin",1000115741,Right,DAY_FLY,Undefined,2,Top,2,0,1,Slider,Slider,StrikeSwinging,Undefined,Undefined,Undefined,0,0,,84.38642,0.655845,-1.175435,2025.981426,21.663914,6:45,5.83304,1.50427,5.23329,-44.76428,-4.75075,-2.35595,2.71936,0.20284,77.81523,-7.452125,-1.593598,0.455276,,,,,,,,,,,,0.87465,-2.26437,-1.39414,50,5.85944,2.61458,-122.58578,-0.2817,1.33636,23.30947,-35.63369,GEO_PAT,DAY_FLY,SpuhlerFieldMain,D1,A10,20250315-SpuhlerFieldMain-1,46f84400-01b1-11f0-9838-553521291aba,82.79029,,,6.57119,,,,,,,597f71cc-5c49-418c-8ea9-73822ae81711,2025-03-15,15:22:13.43,2025-03-15T11:22:13.4324736-04:00,2025-03-15T15:22:13.4324736Z,,v3,471300,471281,15 March 2025 14:00-dayton@georgemas,"Raymond, Andrew",10148052,Right,GEO_PAT,2c2bdc36-2e8d-4703-898b-2c66dd38dff1,55.27172,-123.58412,11.65473,5.83882,1.24449,-17.81685,-1.5049,2.55735,0.66818,,,,,,,,,,,,,,,,,,,,,,,,,,,,,,,,,,,,,,,,,,,,,,,,,,,High,High,High,,,,,
42,2025-03-15,11:22:53.56,4,3,"O'Hara, Connor",1000036031,Right,GEO_PAT,"Howell, Martin",1000115741,Right,DAY_FLY,Undefined,2,Top,2,0,2,ChangeUp,Slider,BallCalled,Undefined,Undefined,Undefined,0,0,,86.23342,2.340931,-0.015771,1982.870325,3.110824,6:00,5.8002,1.06436,5.24461,-43.01046,-4.67835,-0.31595,4.41732,1.02321,79.16663,-5.472382,-0.0718,0.445608,,,,,,,,,,,,0.15323,-2.58351,-1.06267,50,5.98328,0.04849,-125.18067,3.4427,0.24437,24.07519,-36.29417,GEO_PAT,DAY_FLY,SpuhlerFieldMain,D1,A10,20250315-SpuhlerFieldMain-1,5ecd5700-01b1-11f0-9838-553521291aba,84.58659,,,7.06679,,,,,,,597f71cc-5c49-418c-8ea9-73822ae81711,2025-03-15,15:22:53.56,2025-03-15T11:22:53.5660000-04:00,2025-03-15T15:22:53.5660000Z,,v3,471300,471281,15 March 2025 14:00-dayton@georgemas,"Raymond, Andrew",10148052,Right,GEO_PAT,c85bef14-8148-441e-9051-5cf6d730aa40,55.25893,-126.18803,12.0376,5.80746,4.96133,-18.14708,-1.06448,0.03827,0.12218,,,,,,,,,,,,,,,,,,,,,,,,,,,,,80.79644,,0.903987,,-1.42134,4.13434,-1.01958,-0.02943,5.79623,2.40066,,,,0.06876,116.81141,-12.32141,5.80371,4.88107,-11.10394,2.34746,-6.78047,4.7026,High,High,High,,,High,Medium,Medium
43,2025-03-15,11:23:20.57,4,4,"O'Hara, Connor",1000036031,Right,GEO_PAT,"Howell, Martin",1000115741,Right,DAY_FLY,Undefined,2,Top,2,1,2,Fastball,Sinker,FoulBallNotFieldable,Undefined,Undefined,Undefined,0,0,,93.86082,-1.539361,-2.688981,2218.101407,226.00304,1:30,5.99725,1.08465,5.2059,-17.34383,15.55465,14.91524,3.10219,-0.20329,84.89201,-4.800156,-0.048818,0.412819,,,,,,,,,,,,-8.25142,8.55788,-0.84731,50,5.84204,5.65675,-135.91484,-4.2709,-15.29427,32.32207,-16.31173,GEO_PAT,DAY_FLY,SpuhlerFieldMain,D1,A10,20250315-SpuhlerFieldMain-1,6ef7d420-01b1-11f0-9838-553521291aba,91.30506,,,8.96881,,,,,,,597f71cc-5c49-418c-8ea9-73822ae81711,2025-03-15,15:23:20.57,2025-03-15T11:23:20.5718016-04:00,2025-03-15T15:23:20.5718016Z,,v3,471300,471281,15 March 2025 14:00-dayton@georgemas,"Raymond, Andrew",10148052,Right,GEO_PAT,755b0cb5-f010-406c-9f10-552d4058ae51,55.29482,-137.16823,16.16103,5.99539,-3.63836,-8.15586,-1.07817,6.24983,-7.64714,,,,,,,,,,,,,,,,,,,,,,,,,,,,,,,,,,,,,,,,,,,,,,,,,,,High,High,High,,,,,
44,2025-03-15,11:23:38.70,4,5,"O'Hara, Connor",1000036031,Right,GEO_PAT,"Howell, Martin",1000115741,Right,DAY_FLY,Undefined,2,Top,2,1,2,Slider,Slider,InPlay,Undefined,GroundBall,Out,1,0,,86.37533,-0.085487,-1.863788,2050.797614,359.831949,6:00,5.77898,1.34418,5.24201,-45.4977,-7.29804,0.02469,1.90712,-0.40612,79.78567,-8.301281,-1.859403,0.444837,83.51029,-40.243994,-6.732732,,,,,3.90798,3.90798,1.915803,0.024448,-0.51016,-3.36764,-1.17278,50,5.73658,4.08138,-125.45632,-1.94985,-0.81617,24.46889,-37.56186,GEO_PAT,DAY_FLY,SpuhlerFieldMain,D1,A10,20250315-SpuhlerFieldMain-1,79c729a0-01b1-11f0-9838-553521291aba,84.73309,1.9384,,6.58966,,,,1.63138,1.9384,0.39915,597f71cc-5c49-418c-8ea9-73822ae81711,2025-03-15,15:23:38.70,2025-03-15T11:23:38.7083264-04:00,2025-03-15T15:23:38.7083264Z,GroundBall,v3,471300,471281,15 March 2025 14:00-dayton@georgemas,"Raymond, Andrew",10148052,Right,GEO_PAT,5259b70e-bc90-4337-8c6b-52c206cb9ec6,55.26345,-126.47873,12.23445,5.78527,-0.38035,-18.78093,-1.34403,4.11548,-0.40808,,1.63065,93.02989,,,,,,,,1.93901,-79.28565,,,,,,,,0.39923,-10.98239,,,,,,,,,,,,,,,,,,,,,,,,,,,,,,High,High,High,Estimated,Estimated,,,
45,2025-03-15,11:26:06.21,1,1,"Malecha, Peyton",1000232746,Right,DAY_FLY,"Butler, Jake",1000176047,Right,GEO_PAT,Undefined,2,Bottom,0,0,0,Fastball,Four-Seam,BallCalled,Undefined,Undefined,Undefined,0,0,,86.44665,-2.483958,-3.84046,2375.849468,205.734545,12:45,5.8089,1.03182,6.3943,-20.64155,15.93387,7.15331,1.79753,-1.90971,79.72732,-6.37977,-2.548476,0.435277,,,,,,,,,,,,-4.73189,9.30528,-0.75872,50,5.62023,8.15056,-125.40215,-6.02091,-7.59161,23.57623,-17.24514,GEO_PAT,DAY_FLY,SpuhlerFieldMain,D1,A10,20250315-SpuhlerFieldMain-1,d1b9f6b0-01b1-11f0-9838-553521291aba,86.59409,,,6.71932,,,,,,,597f71cc-5c49-418c-8ea9-73822ae81711,2025-03-15,15:26:06.21,2025-03-15T11:26:06.2127616-04:00,2025-03-15T15:26:06.2127616Z,,v3,471300,471281,15 March 2025 14:00-dayton@georgemas,"Howell, Martin",1000115741,Right,DAY_FLY,ed1b1e93-fa18-4296-a131-b2221a9fef6a,54.10862,-126.17223,11.78811,5.80769,-5.45762,-8.62257,-1.02899,8.39852,-3.7958,,,,,,,,,,,,,,,,,,,,,,,,,,,,,,,,,,,,,,,,,,,,,,,,,,,High,High,High,,,,,
46,2025-03-15,11:26:21.08,1,2,"Malecha, Peyton",1000232746,Right,DAY_FLY,"Butler, Jake",1000176047,Right,GEO_PAT,Undefined,2,Bottom,0,1,0,Fastball,Four-Seam,InPlay,Undefined,GroundBall,Error,0,0,,85.58967,-1.316317,-0.967839,2216.524512,211.8549,1:00,5.69596,1.35334,5.93536,-22.60706,15.42414,8.83926,2.5904,1.19191,78.39497,-5.564696,0.620395,0.443855,67.2235,7.075957,-12.725707,3735.112025,,,,70.48429,69.67051,-9.823951,0.757827,-4.84296,8.653,-1.28123,50,5.57808,1.75355,-124.348,-3.54084,-7.58251,24.94121,-18.6262,GEO_PAT,DAY_FLY,SpuhlerFieldMain,D1,A10,20250315-SpuhlerFieldMain-1,da91c1f0-01b1-11f0-9838-553521291aba,84.92055,4.43489,,7.1947,,,,3.3153,2.77033,-1.17313,597f71cc-5c49-418c-8ea9-73822ae81711,2025-03-15,15:26:21.08,2025-03-15T11:26:21.0843136-04:00,2025-03-15T15:26:21.0843136Z,GroundBall,v3,471300,471281,15 March 2025 14:00-dayton@georgemas,"Howell, Martin",1000115741,Right,DAY_FLY,8752ed3c-9a77-4327-a90b-ddadfb97b6ef,54.56753,-125.26078,12.4706,5.6952,-2.85917,-9.3131,-1.35049,2.03105,-3.79125,301.893099,3.3292,95.19199,-10.50023,,,,,,,2.81933,11.26516,-19.8526,,,,,,,-1.2143,-20.80911,8.69759,,,,,,,,,,,,,,,,,,,,,,,,,,,,,High,High,High,High,High,,,
47,2025-03-15,11:27:29.64,2,1,"Malecha, Peyton",1000232746,Right,DAY_FLY,"Raymond, Andrew",10148052,Left,GEO_PAT,Undefined,2,Bottom,0,0,0,ChangeUp,Changeup,BallCalled,Undefined,Undefined,Undefined,0,0,,82.16909,-2.621049,-3.514813,1611.05451,260.309556,2:45,5.66368,1.53531,6.21354,-37.23833,3.48095,13.41839,0.1352,-0.59448,76.29657,-9.46891,-1.091096,0.459273,,,,,,,,,,,,-7.97323,2.77851,-1.2784,50,5.44757,6.85424,-119.26323,-6.60187,-11.56418,21.43448,-28.14416,GEO_PAT,DAY_FLY,SpuhlerFieldMain,D1,A10,20250315-SpuhlerFieldMain-1,036df670-01b2-11f0-9838-553521291aba,82.0697,,,5.87252,,,,,,,597f71cc-5c49-418c-8ea9-73822ae81711,2025-03-15,15:27:29.64,2025-03-15T11:27:29.6463360-04:00,2025-03-15T15:27:29.6463360Z,,v3,471300,471281,15 March 2025 14:00-dayton@georgemas,"Howell, Martin",1000115741,Right,DAY_FLY,e40b620c-d265-491c-874d-7af9c8bdbb2c,54.29227,-120.03217,10.71724,5.6663,-5.59222,-14.07208,-1.53174,7.26909,-5.78209,,,,,,,,,,,,,,,,,,,,,,,,,,,,,,,,,,,,,,,,,,,,,,,,,,,High,High,High,,,,,
48,2025-03-15,11:28:41.41,2,2,"Malecha, Peyton",1000232746,Right,DAY_FLY,"Raymond, Andrew",10148052,Left,GEO_PAT,Undefined,2,Bottom,0,1,0,Slider,Slider,FoulBallNotFieldable,Undefined,Undefined,Undefined,0,0,,79.83101,-0.636704,-2.234825,2310.433196,114.865025,9:45,5.7146,1.58408,5.55031,-41.03443,2.88319,-3.62319,1.69959,-0.80736,74.31556,-8.104208,-2.881062,0.47697,77.94846,73.663334,71.199117,5139.74223,,,,66.34682,31.39302,102.565638,5.581717,1.31051,1.91803,-1.38798,50,5.63173,4.66387,-116.0267,-2.65006,1.80697,19.37629,-29.52942,GEO_PAT,DAY_FLY,SpuhlerFieldMain,D1,A10,20250315-SpuhlerFieldMain-1,2e364380-01b2-11f0-9838-553521291aba,79.02482,132.32056,,5.51545,,,,3.36321,1.04867,1.15945,597f71cc-5c49-418c-8ea9-73822ae81711,2025-03-15,15:28:41.41,2025-03-15T11:28:41.4128128-04:00,2025-03-15T15:28:41.4128128Z,Popup,v3,471300,471281,15 March 2025 14:00-dayton@georgemas,"Howell, Martin",1000115741,Right,DAY_FLY,d8d138eb-bb99-400e-a7b0-95242146154c,54.95498,-116.85124,9.68815,5.71776,-1.39346,-14.76471,-1.58481,4.58698,0.90348,190.688697,3.35221,10.56733,-11.30043,5.23921,-1.96245,0.57331,-0.109,0.01137,-0.00049,1.03792,109.9383,-30.00484,5.04967,-1.81835,0.62045,-0.13747,0.01601,-0.00074,1.15021,30.59798,-12.87484,4.9267,-1.54541,0.3859,-0.06421,0.00594,-0.00023,,,,,,,,,,,,,,,,,,,,,,,High,High,High,Low,Low,,,
49,2025-03-15,11:29:39.44,2,3,"Malecha, Peyton",1000232746,Right,DAY_FLY,"Raymond, Andrew",10148052,Left,GEO_PAT,Undefined,2,Bottom,0,1,1,Slider,Slider,FoulBallNotFieldable,Undefined,Undefined,Undefined,0,0,,79.51363,0.406299,-2.000396,2233.882759,70.060635,8:15,5.65707,1.48108,5.45744,-45.47676,-0.94894,-6.05426,2.24792,-0.89682,73.7795,-7.857165,-3.078263,0.480272,78.73147,-16.180878,63.998239,,,,,10.12132,10.04346,54.427814,0.074455,2.58638,-0.29961,-1.30017,50,5.66102,4.26597,-115.55515,-0.71725,3.52638,19.84491,-32.58257,GEO_PAT,DAY_FLY,SpuhlerFieldMain,D1,A10,20250315-SpuhlerFieldMain-1,50c946e0-01b2-11f0-9838-553521291aba,78.48148,2.40217,,5.73412,,,,2.25852,2.40217,0.79186,597f71cc-5c49-418c-8ea9-73822ae81711,2025-03-15,15:29:39.44,2025-03-15T11:29:39.4469376-04:00,2025-03-15T15:29:39.4469376Z,GroundBall,v3,471300,471281,15 March 2025 14:00-dayton@georgemas,"Howell, Martin",1000115741,Right,DAY_FLY,49e21e1b-743b-4f0d-83db-cad5ef30a394,55.04821,-116.41888,9.92246,5.66138,0.70087,-16.29129,-1.4825,4.11249,1.76319,180,2.257,48.74517,,,,,,,,2.40318,-32.26318,,,,,,,,0.78873,99.93461,,,,,,,,,,,,,,,,,,,,,,,,,,,,,,High,High,High,High,High,,,
50,2025-03-15,11:30:04.29,2,4,"Malecha, Peyton",1000232746,Right,DAY_FLY,"Raymond, Andrew",10148052,Left,GEO_PAT,Undefined,2,Bottom,0,1,2,Fastball,Four-Seam,InPlay,Undefined,FlyBall,Out,1,0,,87.92358,-1.543562,-2.533187,2428.981127,215.45517,1:15,5.80723,1.30981,6.18073,-18.79903,16.98367,11.27985,2.81343,-0.09112,80.37058,-5.119311,-0.499734,0.430533,95.12061,33.199117,2.20413,3504.615874,109.98475,70.10436,-1.82886,321.5092,318.45224,-7.374275,5.522591,-6.59929,9.59067,-1.12412,50,5.68088,5.20773,-127.66971,-3.97564,-10.88291,26.49224,-16.35812,GEO_PAT,DAY_FLY,SpuhlerFieldMain,D1,A10,20250315-SpuhlerFieldMain-1,5f9879c0-01b2-11f0-9838-553521291aba,87.54805,97.86439,,7.553,,,,1.5534,2.8892,0.1071,597f71cc-5c49-418c-8ea9-73822ae81711,2025-03-15,15:30:04.29,2025-03-15T11:30:04.2963968-04:00,2025-03-15T15:30:04.2963968Z,FlyBall,v3,471300,471281,15 March 2025 14:00-dayton@georgemas,"Howell, Martin",1000115741,Right,DAY_FLY,d1ee71b2-bb82-49b2-942b-5f28ac4746a7,54.32244,-128.56351,13.24612,5.8057,-3.42374,-8.17906,-1.30601,5.57491,-5.44145,158.329662,1.55992,116.52818,-25.74503,5.55633,-0.82927,0.05585,0.00308,-0.0006,2E-05,2.88718,76.41916,-16.92039,0.62445,0.09883,-0.09295,0.02955,-0.00418,0.00022,0.10902,4.44918,-7.3647,2.33025,-0.51306,0.08072,-0.00913,0.00073,-3E-05,,,,,,,,,,,,,,,,,,,,,,,High,High,High,High,High,,,
51,2025-03-15,11:30:59.52,3,1,"Malecha, Peyton",1000232746,Right,DAY_FLY,"Alberti, Lucas",1000145512,Right,GEO_PAT,Undefined,2,Bottom,1,0,0,Slider,Slider,StrikeCalled,Undefined,Undefined,Undefined,0,0,,79.26986,-0.374342,-1.113363,2167.49118,127.783433,10:15,5.6452,1.3287,5.49239,-38.5662,5.7854,-5.98209,2.08108,-0.2115,74.0675,-7.397796,-2.17981,0.47932,,,,,,,,,,,,2.78402,3.36067,-1.22698,50,5.58596,2.46982,-115.31294,-2.03307,3.81555,17.85138,-27.56815,GEO_PAT,DAY_FLY,SpuhlerFieldMain,D1,A10,20250315-SpuhlerFieldMain-1,8093ed30-01b2-11f0-9838-553521291aba,78.63724,,,5.20236,,,,,,,597f71cc-5c49-418c-8ea9-73822ae81711,2025-03-15,15:30:59.52,2025-03-15T11:30:59.5250688-04:00,2025-03-15T15:30:59.5250688Z,,v3,471300,471281,15 March 2025 14:00-dayton@georgemas,"Howell, Martin",1000115741,Right,DAY_FLY,fa0cf2dc-5226-42da-b97b-7678054b4a22,55.01197,-116.08624,8.92569,5.64816,-0.83885,-13.78408,-1.33038,2.30453,1.90777,,,,,,,,,,,,,,,,,,,,,,,,,,,,,,,,,,,,,,,,,,,,,,,,,,,High,High,High,,,,,
52,2025-03-15,11:31:17.53,3,2,"Malecha, Peyton",1000232746,Right,DAY_FLY,"Alberti, Lucas",1000145512,Right,GEO_PAT,Undefined,2,Bottom,1,0,1,Slider,Slider,FoulBallNotFieldable,Undefined,Undefined,Undefined,0,0,,77.88008,1.303619,-0.283335,2123.489882,89.774445,9:00,5.67774,1.39631,5.46599,-45.29924,1.38862,-7.77827,3.12319,0.48292,71.59502,-6.97989,-1.669175,0.491783,,,,,,,,,,,,3.87244,0.71906,-1.36574,50,5.7612,0.85547,-113.12186,1.07983,5.02513,20.35515,-31.24095,GEO_PAT,DAY_FLY,SpuhlerFieldMain,D1,A10,20250315-SpuhlerFieldMain-1,8b497920-01b2-11f0-9838-553521291aba,76.64447,,,6.28506,,,,,,,597f71cc-5c49-418c-8ea9-73822ae81711,2025-03-15,15:31:17.53,2025-03-15T11:31:17.5327232-04:00,2025-03-15T15:31:17.5327232Z,,v3,471300,471281,15 March 2025 14:00-dayton@georgemas,"Howell, Martin",1000115741,Right,DAY_FLY,fa70938c-34a1-4005-9d3e-c52edf883fde,55.03792,-114.02478,10.17757,5.68257,2.46563,-15.62048,-1.39875,0.63257,2.51257,,,,,,,,,,,,,,,,,,,,,,,,,,,,,,,,,,,,,,,,,,,,,,,,,,,High,High,High,,,,,
53,2025-03-15,11:31:44.93,3,3,"Malecha, Peyton",1000232746,Right,DAY_FLY,"Alberti, Lucas",1000145512,Right,GEO_PAT,Undefined,2,Bottom,1,0,2,Fastball,Four-Seam,BallCalled,Undefined,Undefined,Undefined,0,0,,88.2573,-1.397696,-3.753901,2313.596784,208.28339,1:00,5.83096,1.00458,5.94355,-18.32245,17.65115,8.86658,3.00449,-1.74379,80.48056,-4.876574,-2.16619,0.431681,,,,,,,,,,,,-5.58949,9.78851,-0.70988,50,5.70895,8.02035,-127.90735,-3.65846,-9.24769,26.70418,-15.97916,GEO_PAT,DAY_FLY,SpuhlerFieldMain,D1,A10,20250315-SpuhlerFieldMain-1,9b8a3d60-01b2-11f0-9838-553521291aba,87.3154,,,7.77673,,,,,,,597f71cc-5c49-418c-8ea9-73822ae81711,2025-03-15,15:31:44.93,2025-03-15T11:31:44.9366528-04:00,2025-03-15T15:31:44.9366528Z,,v3,471300,471281,15 March 2025 14:00-dayton@georgemas,"Howell, Martin",1000115741,Right,DAY_FLY,8ddf3ad9-abae-4e09-bb71-4a711856f24e,54.55718,-128.85528,13.35209,5.82875,-3.09125,-7.98958,-1.0004,8.34862,-4.62385,,,,,,,,,,,,,,,,,,,,,,,,,,,,,,,,,,,,,,,,,,,,,,,,,,,High,High,High,,,,,
54,2025-03-15,11:32:03.04,3,4,"Malecha, Peyton",1000232746,Right,DAY_FLY,"Alberti, Lucas",1000145512,Right,GEO_PAT,Undefined,2,Bottom,1,1,2,Fastball,Four-Seam,StrikeSwinging,Strikeout,Undefined,Undefined,0,0,,87.69577,-0.778025,-1.103595,2380.329087,213.519064,1:00,5.75303,1.24232,5.90039,-21.10694,15.30328,9.34941,3.27162,0.99674,79.91344,-4.76196,0.574738,0.434293,,,,,,,,,,,,-5.08843,8.41134,-1.15881,50,5.67835,2.06048,-127.3363,-2.37469,-8.32635,26.97455,-18.41032,GEO_PAT,DAY_FLY,SpuhlerFieldMain,D1,A10,20250315-SpuhlerFieldMain-1,a6674e80-01b2-11f0-9838-553521291aba,86.79031,,,7.78234,,,,,,,597f71cc-5c49-418c-8ea9-73822ae81711,2025-03-15,15:32:03.04,2025-03-15T11:32:03.0400512-04:00,2025-03-15T15:32:03.0400512Z,,v3,471300,471281,15 March 2025 14:00-dayton@georgemas,"Howell, Martin",1000115741,Right,DAY_FLY,a2b72e81-5298-4e10-b9e8-f92c7e95b579,54.60014,-128.30707,13.48727,5.75189,-1.71213,-9.20516,-1.23836,2.36013,-4.16317,,,,,,,,,,,,,,,,,,,,,,,,,,,,,,,,,,,,,,,,,,,,,,,,,,,High,High,High,,,,,
55,2025-03-15,11:32:33.74,4,1,"Malecha, Peyton",1000232746,Right,DAY_FLY,"Clyne, Owen",1000230336,Left,GEO_PAT,Undefined,2,Bottom,2,0,0,Slider,Curveball,BallCalled,Undefined,Undefined,Undefined,0,0,,78.4808,1.309041,0.854841,2116.622784,54.266242,7:45,5.72445,1.37787,5.50847,-49.45648,-3.49949,-6.82674,2.82768,1.60851,72.13275,-7.715061,-0.363086,0.487919,,,,,,,,,,,,3.6676,-1.65882,-1.44784,50,5.80552,-1.43197,-113.97935,0.92353,4.82748,20.83806,-34.35747,GEO_PAT,DAY_FLY,SpuhlerFieldMain,D1,A10,20250315-SpuhlerFieldMain-1,b8a2aa40-01b2-11f0-9838-553521291aba,77.2515,,,6.34806,,,,,,,597f71cc-5c49-418c-8ea9-73822ae81711,2025-03-15,15:32:33.74,2025-03-15T11:32:33.7436160-04:00,2025-03-15T15:32:33.7436160Z,,v3,471300,471281,15 March 2025 14:00-dayton@georgemas,"Howell, Martin",1000115741,Right,DAY_FLY,a47b74c0-59c0-420c-8873-d3d41c50847b,54.99479,-114.88888,10.41903,5.73248,2.42315,-17.17874,-1.38074,-1.64268,2.41374,,,,,,,,,,,,,,,,,,,,,,,,,,,,,,,,,,,,,,,,,,,,,,,,,,,High,High,High,,,,,
56,2025-03-15,11:32:48.98,4,2,"Malecha, Peyton",1000232746,Right,DAY_FLY,"Clyne, Owen",1000230336,Left,GEO_PAT,Undefined,2,Bottom,2,1,0,Slider,Curveball,BallCalled,Undefined,Undefined,Undefined,0,0,,78.73133,1.266041,1.158769,2159.469191,66.875207,8:15,5.6381,1.48493,5.58132,-47.49341,-2.13536,-8.13323,2.86318,1.88955,72.61208,-7.409369,-0.293776,0.484728,,,,,,,,,,,,4.41855,-0.99311,-1.5792,50,5.71586,-1.99911,-114.39793,0.93748,5.8836,20.15099,-33.49643,GEO_PAT,DAY_FLY,SpuhlerFieldMain,D1,A10,20250315-SpuhlerFieldMain-1,c1b27570-01b2-11f0-9838-553521291aba,77.75992,,,6.11925,,,,,,,597f71cc-5c49-418c-8ea9-73822ae81711,2025-03-15,15:32:48.98,2025-03-15T11:32:48.9897984-04:00,2025-03-15T15:32:48.9897984Z,,v3,471300,471281,15 March 2025 14:00-dayton@georgemas,"Howell, Martin",1000115741,Right,DAY_FLY,c024ea4f-5107-42d5-b9e8-09f2a0568845,54.92262,-115.26178,10.0755,5.64489,2.37343,-16.74822,-1.48809,-2.25134,2.9418,,,,,,,,,,,,,,,,,,,,,,,,,,,,,,,,,,,,,,,,,,,,,,,,,,,High,High,High,,,,,
57,2025-03-15,11:33:04.63,4,3,"Malecha, Peyton",1000232746,Right,DAY_FLY,"Clyne, Owen",1000230336,Left,GEO_PAT,Undefined,2,Bottom,2,2,0,ChangeUp,Changeup,BallCalled,Undefined,Undefined,Undefined,0,0,,83.44281,-2.052687,-2.739987,1713.623597,252.225591,2:30,5.64936,1.40703,6.32673,-33.98628,5.86359,14.05371,0.92377,0.05285,76.14057,-8.383919,-0.195111,0.454344,,,,,,,,,,,,-8.21296,4.05429,-1.21347,50,5.4831,5.28124,-121.06913,-5.36058,-12.07216,25.77156,-26.2147,GEO_PAT,DAY_FLY,SpuhlerFieldMain,D1,A10,20250315-SpuhlerFieldMain-1,cb1e4350-01b2-11f0-9838-553521291aba,82.96013,,,7.30224,,,,,,,597f71cc-5c49-418c-8ea9-73822ae81711,2025-03-15,15:33:04.63,2025-03-15T11:33:04.6315520-04:00,2025-03-15T15:33:04.6315520Z,,v3,471300,471281,15 March 2025 14:00-dayton@georgemas,"Howell, Martin",1000115741,Right,DAY_FLY,43b8813c-364a-42a7-bbbf-2b2165c43375,54.17639,-121.9549,12.88578,5.65186,-4.45958,-13.10735,-1.40212,5.69616,-6.03608,,,,,,,,,,,,,,,,,,,,,,,,,,,,,,,,,,,,,,,,,,,,,,,,,,,High,High,High,,,,,
58,2025-03-15,11:33:23.72,4,4,"Malecha, Peyton",1000232746,Right,DAY_FLY,"Clyne, Owen",1000230336,Left,GEO_PAT,Undefined,2,Bottom,2,3,0,Fastball,Four-Seam,StrikeCalled,Undefined,Undefined,Undefined,0,0,,88.02298,-1.409542,-2.773792,2347.022055,211.266516,1:00,5.70906,1.28407,6.15385,-20.04489,15.59485,8.79997,2.73449,-0.5475,80.72052,-5.199202,-1.188863,0.429674,,,,,,,,,,,,-5.28488,8.77776,-1.07738,50,5.5913,5.83664,-127.79787,-3.73236,-8.76918,25.52082,-17.60919,GEO_PAT,DAY_FLY,SpuhlerFieldMain,D1,A10,20250315-SpuhlerFieldMain-1,d660f410-01b2-11f0-9838-553521291aba,87.72343,,,7.30246,,,,,,,597f71cc-5c49-418c-8ea9-73822ae81711,2025-03-15,15:33:23.72,2025-03-15T11:33:23.7267968-04:00,2025-03-15T15:33:23.7267968Z,,v3,471300,471281,15 March 2025 14:00-dayton@georgemas,"Howell, Martin",1000115741,Right,DAY_FLY,aadd5632-03e3-4eb0-8bb1-5b5fd47f1890,54.34778,-128.66318,12.76041,5.70772,-3.1353,-8.8046,-1.28031,6.13397,-4.38459,,,,,,,,,,,,,,,,,,,,,,,,,,,,,,,,,,,,,,,,,,,,,,,,,,,High,High,High,,,,,
59,2025-03-15,11:33:39.56,4,5,"Malecha, Peyton",1000232746,Right,DAY_FLY,"Clyne, Owen",1000230336,Left,GEO_PAT,Undefined,2,Bottom,2,3,1,Slider,Slider,InPlay,Undefined,GroundBall,Single,0,1,,79.53543,0.42555,-1.529869,2156.971725,78.833312,8:45,5.62056,1.60755,5.8006,-44.47628,-0.05157,-7.38689,2.31017,-0.43135,72.94824,-7.74536,-2.853987,0.479715,94.40416,-3.976162,26.465806,,,,,25.36127,24.20672,25.976831,0.173234,3.36583,0.19358,-1.47714,50,5.6286,3.35893,-115.52584,-0.56639,4.52871,22.40591,-31.91358,GEO_PAT,DAY_FLY,SpuhlerFieldMain,D1,A10,20250315-SpuhlerFieldMain-1,dfeca600-01b2-11f0-9838-553521291aba,78.5725,2.40992,,6.5872,,,,2.25484,2.40992,0.41045,597f71cc-5c49-418c-8ea9-73822ae81711,2025-03-15,15:33:39.56,2025-03-15T11:33:39.5681280-04:00,2025-03-15T15:33:39.5681280Z,GroundBall,v3,471300,471281,15 March 2025 14:00-dayton@georgemas,"Howell, Martin",1000115741,Right,DAY_FLY,703c2fd7-4e50-4f5e-af0f-e0a754c836c7,54.70347,-116.43449,11.20296,5.62532,0.72784,-15.95679,-1.60963,3.17527,2.26435,306.045103,2.2561,123.55445,-28.72739,,,,,,,2.41117,-9.69681,-24.41086,,,,,,,0.40981,61.60642,0.89648,,,,,,,,,,,,,,,,,,,,,,,,,,,,,High,High,High,High,High,,,
60,2025-03-15,11:34:10.98,5,1,"Malecha, Peyton",1000232746,Right,DAY_FLY,"Lavin, Sam",1000364332,Left,GEO_PAT,Undefined,2,Bottom,2,0,0,Fastball,Four-Seam,StrikeCalled,Undefined,Undefined,Undefined,0,0,,85.86944,-2.028613,-2.815132,2362.565071,222.529971,1:30,5.85786,1.31653,5.80859,-23.03186,15.26115,12.80938,2.04887,-0.23619,78.19349,-6.351468,-0.521786,0.44538,,,,,,,,,,,,-7.37646,8.77138,-1.09313,50,5.67754,5.5951,-124.47013,-5.12537,-11.50747,26.29182,-18.49049,GEO_PAT,DAY_FLY,SpuhlerFieldMain,D1,A10,20250315-SpuhlerFieldMain-1,f2a45db0-01b2-11f0-9838-553521291aba,84.62976,,,7.67595,,,,,,,597f71cc-5c49-418c-8ea9-73822ae81711,2025-03-15,15:34:10.98,2025-03-15T11:34:10.9816320-04:00,2025-03-15T15:34:10.9816320Z,,v3,471300,471281,15 March 2025 14:00-dayton@georgemas,"Howell, Martin",1000115741,Right,DAY_FLY,9e627df0-fd6b-40ed-aac5-56db62bf23d3,54.69286,-125.45749,13.14591,5.85698,-4.43099,-9.24524,-1.31136,6.02724,-5.75373,,,,,,,,,,,,,,,,,,,,,,,,,,,,,,,,,,,,,,,,,,,,,,,,,,,High,High,High,,,,,
61,2025-03-15,11:34:31.74,5,2,"Malecha, Peyton",1000232746,Right,DAY_FLY,"Lavin, Sam",1000364332,Left,GEO_PAT,Undefined,2,Bottom,2,0,1,Fastball,Four-Seam,BallCalled,Undefined,Undefined,Undefined,0,0,,85.89956,-3.665659,-4.021665,2377.604193,228.258221,1:30,5.74542,1.40409,5.91473,-23.4669,14.63335,14.99914,0.37453,-1.0848,78.75279,-8.041247,-1.334525,0.444258,,,,,,,,,,,,-8.8406,8.90288,-1.08976,50,5.43692,8.14022,-124.28907,-8.70423,-13.82819,24.92115,-18.24838,GEO_PAT,DAY_FLY,SpuhlerFieldMain,D1,A10,20250315-SpuhlerFieldMain-1,ff088400-01b2-11f0-9838-553521291aba,84.84356,,,7.14677,,,,,,,597f71cc-5c49-418c-8ea9-73822ae81711,2025-03-15,15:34:31.74,2025-03-15T11:34:31.7488128-04:00,2025-03-15T15:34:31.7488128Z,,v3,471300,471281,15 March 2025 14:00-dayton@georgemas,"Howell, Martin",1000115741,Right,DAY_FLY,31f89a58-cb40-4c13-a5e5-66e9ef21f502,54.58817,-125.20566,12.46058,5.74472,-8.03306,-9.12419,-1.3985,8.64881,-6.91409,,,,,,,,,,,,,,,,,,,,,,,,,,,,,,,,,,,,,,,,,,,,,,,,,,,High,High,High,,,,,
62,2025-03-15,11:35:09.80,5,3,"Malecha, Peyton",1000232746,Right,DAY_FLY,"Lavin, Sam",1000364332,Left,GEO_PAT,Undefined,2,Bottom,2,1,1,Fastball,Four-Seam,InPlay,Undefined,LineDrive,Out,1,0,,87.0869,-1.429592,-2.200121,2394.258755,220.397817,1:15,5.76164,1.39613,5.88648,-21.84068,15.25036,11.91158,2.61276,0.34465,79.18801,-5.547871,-0.063398,0.438335,105.1527,3.539174,2.872534,1224.962196,,,,79.84027,54.55056,1.915196,0.545629,-6.81902,8.61654,-1.2257,50,5.63371,4.37437,-126.36031,-3.82595,-10.94585,27.47653,-18.34281,GEO_PAT,DAY_FLY,SpuhlerFieldMain,D1,A10,20250315-SpuhlerFieldMain-1,15b320c0-01b3-11f0-9838-553521291aba,85.99011,3.55393,,7.89889,,,,2.77928,2.7635,-0.33741,597f71cc-5c49-418c-8ea9-73822ae81711,2025-03-15,15:35:09.80,2025-03-15T11:35:09.8034688-04:00,2025-03-15T15:35:09.8034688Z,GroundBall,v3,471300,471281,15 March 2025 14:00-dayton@georgemas,"Howell, Martin",1000115741,Right,DAY_FLY,c4129589-0f08-413e-a945-30cc6d52fbda,54.61623,-127.36014,13.73827,5.76078,-3.15849,-9.1714,-1.39213,4.77267,-5.47292,15.946009,2.80378,153.13169,-22.11611,,,,,,,2.79848,8.65207,-25.36606,,,,,,,-0.32963,7.5208,-3.73797,,,,,,,,,,,,,,,,,,,,,,,,,,,,,High,High,High,High,Medium,,,
63,2025-03-15,11:37:11.36,1,1,"O'Hara, Connor",1000036031,Right,GEO_PAT,"Wouters, Dyrenson",821727,Right,DAY_FLY,Undefined,3,Top,0,0,0,Slider,Slider,BallCalled,Undefined,Undefined,Undefined,0,0,,85.01745,-1.577966,-4.62744,2070.552028,195.411665,12:30,5.83718,1.30053,5.54643,-29.8571,9.85229,2.34162,1.86917,-2.83843,77.3836,-7.084744,-4.21199,0.453543,,,,,,,,,,,,-2.55977,5.87217,-0.90032,50,5.68053,9.84581,-122.88688,-4.41216,-3.88584,26.00403,-23.25985,GEO_PAT,DAY_FLY,SpuhlerFieldMain,D1,A10,20250315-SpuhlerFieldMain-1,5e153fb0-01b3-11f0-9838-553521291aba,83.10671,,,7.63385,,,,,,,597f71cc-5c49-418c-8ea9-73822ae81711,2025-03-15,15:37:11.36,2025-03-15T11:37:11.3675776-04:00,2025-03-15T15:37:11.3675776Z,,v3,471300,471281,15 March 2025 14:00-dayton@georgemas,"Raymond, Andrew",10148052,Right,GEO_PAT,6ea88510-eb9e-46c3-bc98-570e03f8cb4d,54.95229,-123.9304,13.00201,5.83886,-3.47876,-11.62992,-1.29855,10.00175,-1.94292,,,,,,,,,,,,,,,,,,,,,,,,,,,,,,,,,,,,,,,,,,,,,,,,,,,High,High,High,,,,,
64,2025-03-15,11:37:26.12,1,2,"O'Hara, Connor",1000036031,Right,GEO_PAT,"Wouters, Dyrenson",821727,Right,DAY_FLY,Undefined,3,Top,0,1,0,Fastball,Sinker,StrikeCalled,Undefined,Undefined,Undefined,0,0,,90.37141,-1.449068,-3.70649,2284.408713,244.416176,2:15,5.89111,1.56675,5.24377,-24.68797,10.28453,19.2497,2.46872,-0.31753,83.02332,-5.987278,-0.299233,0.425632,,,,,,,,,,,,-10.54768,5.84394,-1.24037,50,5.7394,7.58993,-130.98478,-4.2484,-18.44435,25.97602,-21.95494,GEO_PAT,DAY_FLY,SpuhlerFieldMain,D1,A10,20250315-SpuhlerFieldMain-1,66db30a0-01b3-11f0-9838-553521291aba,88.55632,,,7.34809,,,,,,,597f71cc-5c49-418c-8ea9-73822ae81711,2025-03-15,15:37:26.12,2025-03-15T11:37:26.1269504-04:00,2025-03-15T15:37:26.1269504Z,,v3,471300,471281,15 March 2025 14:00-dayton@georgemas,"Raymond, Andrew",10148052,Right,GEO_PAT,31918b89-0242-4b0c-bd31-7d17e1abc5f2,55.25934,-132.02365,12.98801,5.89176,-3.37034,-10.97747,-1.55867,8.32759,-9.22217,,,,,,,,,,,,,,,,,,,,,,,,,,,,,,,,,,,,,,,,,,,,,,,,,,,High,High,High,,,,,
65,2025-03-15,11:37:36.18,1,3,"O'Hara, Connor",1000036031,Right,GEO_PAT,"Wouters, Dyrenson",821727,Right,DAY_FLY,Undefined,3,Top,0,1,1,Fastball,Sinker,FoulBallNotFieldable,Undefined,Undefined,Undefined,0,0,,89.17427,-2.137023,-3.270913,2270.813785,242.646571,2:00,5.81046,1.50073,5.33393,-25.78214,10.05886,17.30249,1.65262,-0.12976,81.96818,-6.873085,-0.200279,0.430885,,,,,,,,,,,,-9.62776,5.93949,-1.21816,50,5.59851,6.62715,-129.27592,-5.77575,-16.36313,25.863,-22.07944,GEO_PAT,DAY_FLY,SpuhlerFieldMain,D1,A10,20250315-SpuhlerFieldMain-1,6cf49f30-01b3-11f0-9838-553521291aba,87.47677,,,7.20609,,,,,,,597f71cc-5c49-418c-8ea9-73822ae81711,2025-03-15,15:37:36.18,2025-03-15T11:37:36.1873920-04:00,2025-03-15T15:37:36.1873920Z,,v3,471300,471281,15 March 2025 14:00-dayton@georgemas,"Raymond, Andrew",10148052,Right,GEO_PAT,63470f3f-d06c-4ade-ad4b-3853ac569d4f,55.17042,-130.30621,12.9315,5.81108,-4.89618,-11.03972,-1.49515,7.279,-8.18157,,,,,,,,,,,,,,,,,,,,,,,,,,,,,,,,,,,,,,,,,,,,,,,,,,,High,High,High,,,,,
66,2025-03-15,11:37:54.88,1,4,"O'Hara, Connor",1000036031,Right,GEO_PAT,"Wouters, Dyrenson",821727,Right,DAY_FLY,Undefined,3,Top,0,1,2,Fastball,Four-Seam,InPlay,Undefined,LineDrive,Single,0,0,,92.36668,-1.907452,-2.6421,2284.697863,215.901026,1:15,6.00757,1.11183,5.22669,-16.83639,16.61127,11.28879,2.80868,-0.43317,84.82815,-5.050778,-0.643402,0.41625,99.34271,8.443914,-9.83318,7058.653226,108.57949,13.97726,-17.61965,242.86057,242.86057,-9.199387,2.288316,-6.35583,9.11674,-0.87696,50,5.81924,5.65651,-133.96826,-5.05923,-11.62592,27.18238,-15.49798,GEO_PAT,DAY_FLY,SpuhlerFieldMain,D1,A10,20250315-SpuhlerFieldMain-1,78171dc0-01b3-11f0-9838-553521291aba,90.55238,14.44257,,7.53852,,,,1.24697,2.82103,0.42678,597f71cc-5c49-418c-8ea9-73822ae81711,2025-03-15,15:37:54.88,2025-03-15T11:37:54.8828160-04:00,2025-03-15T15:37:54.8828160Z,LineDrive,v3,471300,471281,15 March 2025 14:00-dayton@georgemas,"Raymond, Andrew",10148052,Right,GEO_PAT,d397fb69-5a79-4543-867e-6a5233467728,55.27648,-135.03462,13.59119,6.00578,-4.45124,-7.74899,-1.10781,6.1126,-5.81296,186.346011,1.24697,142.00565,-24.19857,5.01386,-1.07729,0.22689,-0.04306,0.006,-0.00042,2.82103,21.39487,-9.59686,-0.37959,0.18118,-0.0505,0.01193,-0.00177,0.00012,0.42678,-24.61346,5.32866,-1.44692,0.37233,-0.08879,0.01795,-0.00258,0.00018,,,,,,,,,,,,,,,,,,,,,,,High,High,High,High,High,,,
67,2025-03-15,11:38:25.79,2,1,"O'Hara, Connor",1000036031,Right,GEO_PAT,"Mainolfi, Ty",10109715,Left,DAY_FLY,Undefined,3,Top,0,0,0,Fastball,Sinker,StrikeCalled,Undefined,Undefined,Undefined,0,0,,90.71269,-0.972094,-2.230871,2233.732091,232.109186,1:45,5.74602,1.74003,5.27118,-21.98419,12.49784,14.76442,3.00007,0.87371,83.56239,-5.031118,0.387439,0.422637,,,,,,,,,,,,-7.9363,6.80937,-1.54719,50,5.64104,4.44808,-131.70437,-3.04416,-14.07165,25.49564,-20.10055,GEO_PAT,DAY_FLY,SpuhlerFieldMain,D1,A10,20250315-SpuhlerFieldMain-1,8a6983f0-01b3-11f0-9838-553521291aba,89.18391,,,7.1503,,,,,,,597f71cc-5c49-418c-8ea9-73822ae81711,2025-03-15,15:38:25.79,2025-03-15T11:38:25.7932288-04:00,2025-03-15T15:38:25.7932288Z,,v3,471300,471281,15 March 2025 14:00-dayton@georgemas,"Raymond, Andrew",10148052,Right,GEO_PAT,e9bd4270-31c1-4e50-9d14-d91d0b18d99d,55.23165,-132.71326,12.74782,5.74576,-2.24876,-10.05028,-1.73422,5.00491,-7.03583,,,,,,,,,,,,,,,,,,,,,,,,,,,,,,,,,,,,,,,,,,,,,,,,,,,High,High,High,,,,,
68,2025-03-15,11:38:46.97,2,2,"O'Hara, Connor",1000036031,Right,GEO_PAT,"Mainolfi, Ty",10109715,Left,DAY_FLY,Undefined,3,Top,0,0,1,Fastball,Sinker,StrikeSwinging,Undefined,Undefined,Undefined,0,0,,91.14503,-0.360053,-2.287802,2300.643698,247.070661,2:15,5.77048,1.41337,5.17923,-26.26592,7.80327,16.25434,3.24257,0.61398,84.45047,-5.156908,0.590152,0.4201,,,,,,,,,,,,-8.66319,4.26634,-1.21337,50,5.7169,4.53817,-132.43504,-1.86072,-15.62146,24.2253,-24.481,GEO_PAT,DAY_FLY,SpuhlerFieldMain,D1,A10,20250315-SpuhlerFieldMain-1,970a1700-01b3-11f0-9838-553521291aba,89.72262,,,6.69456,,,,,,,597f71cc-5c49-418c-8ea9-73822ae81711,2025-03-15,15:38:46.97,2025-03-15T11:38:46.9759488-04:00,2025-03-15T15:38:46.9759488Z,,v3,471300,471281,15 March 2025 14:00-dayton@georgemas,"Raymond, Andrew",10148052,Right,GEO_PAT,7e5f8700-7dbe-4425-a56a-022859751361,55.32533,-133.40561,12.11265,5.7718,-0.87991,-12.2405,-1.40772,5.16403,-7.81073,,,,,,,,,,,,,,,,,,,,,,,,,,,,,,,,,,,,,,,,,,,,,,,,,,,High,High,High,,,,,
69,2025-03-15,11:39:13.05,2,3,"O'Hara, Connor",1000036031,Right,GEO_PAT,"Mainolfi, Ty",10109715,Left,DAY_FLY,Undefined,3,Top,0,0,2,Fastball,Changeup,BallCalled,Undefined,Undefined,Undefined,0,0,,87.62134,-0.99104,-0.21723,2221.270147,248.635312,2:15,5.81428,1.37669,4.94353,-29.18419,8.38615,18.52379,2.44554,2.71504,80.57864,-6.303053,3.051721,0.441158,,,,,,,,,,,,-9.20174,4.76551,-1.37158,50,5.69409,-0.37742,-127.18764,-3.33196,-15.12659,25.21776,-24.3401,GEO_PAT,DAY_FLY,SpuhlerFieldMain,D1,A10,20250315-SpuhlerFieldMain-1,a69ce800-01b3-11f0-9838-553521291aba,85.43982,,,7.0427,,,,,,,597f71cc-5c49-418c-8ea9-73822ae81711,2025-03-15,15:39:13.05,2025-03-15T11:39:13.0582016-04:00,2025-03-15T15:39:13.0582016Z,,v3,471300,471281,15 March 2025 14:00-dayton@georgemas,"Raymond, Andrew",10148052,Right,GEO_PAT,7f373677-cf15-42fe-9729-8c9ed6d3a0de,55.55922,-128.28514,12.60888,5.81605,-2.27265,-12.17005,-1.36948,0.2809,-7.5633,,,,,,,,,,,,,,,,,,,,,,,,,,,,,,,,,,,,,,,,,,,,,,,,,,,High,High,High,,,,,
70,2025-03-15,11:39:33.52,2,4,"O'Hara, Connor",1000036031,Right,GEO_PAT,"Mainolfi, Ty",10109715,Left,DAY_FLY,Undefined,3,Top,0,1,2,ChangeUp,Changeup,InPlay,Undefined,FlyBall,Out,1,0,,85.53025,-0.989732,-3.139415,1906.050423,237.90263,2:00,5.57059,1.45584,5.39758,-26.59277,12.10335,17.45647,2.4255,-0.03456,78.76831,-5.89343,-0.038773,0.447719,93.95785,46.225615,6.458109,4056.126554,109.7452,113.93593,7.48264,259.23296,145.95985,1.636376,6.025263,-9.68406,6.68563,-1.18854,50,5.4635,6.08217,-124.12831,-3.0649,-15.22161,23.11371,-21.66542,GEO_PAT,DAY_FLY,SpuhlerFieldMain,D1,A10,20250315-SpuhlerFieldMain-1,b2e548f0-01b3-11f0-9838-553521291aba,84.1878,135.29402,,6.76194,,,,1.83286,2.17025,-0.09637,597f71cc-5c49-418c-8ea9-73822ae81711,2025-03-15,15:39:33.52,2025-03-15T11:39:33.5235072-04:00,2025-03-15T15:39:33.5235072Z,FlyBall,v3,471300,471281,15 March 2025 14:00-dayton@georgemas,"Raymond, Andrew",10148052,Right,GEO_PAT,6c23d3e7-945a-417a-9949-2b841ae91ff3,55.1072,-125.0757,11.55686,5.57093,-2.17688,-10.83271,-1.45062,6.70608,-7.61081,173.016755,1.84078,94.5848,-27.30193,7.47798,-1.40486,0.16909,-0.01147,0.00043,-1E-05,2.1701,99.49745,-20.99652,0.46177,0.52012,-0.2496,0.058,-0.00684,0.00032,-0.09496,10.69437,-6.00973,1.96003,-0.4328,0.06279,-0.00511,0.00016,0,,,,,,,,,,,,,,,,,,,,,,,High,High,High,High,Low,,,
71,2025-03-15,11:40:13.98,3,1,"O'Hara, Connor",1000036031,Right,GEO_PAT,"DiMartini, Michael",1000136501,Right,DAY_FLY,Undefined,3,Top,1,0,0,Slider,Slider,BallCalled,Undefined,Undefined,Undefined,0,0,,85.2391,-1.02799,-3.236001,2150.839384,230.321789,1:45,5.61744,1.48779,5.45292,-36.02711,2.78295,2.03118,1.65114,-1.37572,79.0252,-7.581037,-2.874879,0.448377,,,,,,,,,,,,-1.83429,1.98976,-1.20332,50,5.50157,6.90962,-123.70852,-3.52599,-2.87136,22.33581,-29.05934,GEO_PAT,DAY_FLY,SpuhlerFieldMain,D1,A10,20250315-SpuhlerFieldMain-1,cb043630-01b3-11f0-9838-553521291aba,84.06411,,,6.21389,,,,,,,597f71cc-5c49-418c-8ea9-73822ae81711,2025-03-15,15:40:13.98,2025-03-15T11:40:13.9858944-04:00,2025-03-15T15:40:13.9858944Z,,v3,471300,471281,15 March 2025 14:00-dayton@georgemas,"Raymond, Andrew",10148052,Right,GEO_PAT,722e80e8-4366-464a-a4f1-4b6f13a00816,55.05081,-124.61711,11.16791,5.62096,-2.34389,-14.52967,-1.48677,7.02643,-1.43568,,,,,,,,,,,,,,,,,,,,,,,,,,,,,,,,,,,,,,,,,,,,,,,,,,,High,High,High,,,,,
72,2025-03-15,11:40:39.60,3,2,"O'Hara, Connor",1000036031,Right,GEO_PAT,"DiMartini, Michael",1000136501,Right,DAY_FLY,Undefined,3,Top,1,1,0,Fastball,Sinker,StrikeSwinging,Undefined,Undefined,Undefined,0,0,,91.73334,-2.090071,-2.179616,2374.270076,247.000293,2:15,5.68928,1.39547,5.24973,-24.40741,9.52926,19.98966,1.68889,1.01199,84.2915,-6.568541,1.36689,0.419282,,,,,,,,,,,,-10.62575,5.63689,-1.2109,50,5.47917,4.14141,-133.08747,-5.79243,-19.12878,27.56845,-22.0264,GEO_PAT,DAY_FLY,SpuhlerFieldMain,D1,A10,20250315-SpuhlerFieldMain-1,da47fcd0-01b3-11f0-9838-553521291aba,89.8976,,,7.44185,,,,,,,597f71cc-5c49-418c-8ea9-73822ae81711,2025-03-15,15:40:39.60,2025-03-15T11:40:39.6019200-04:00,2025-03-15T15:40:39.6019200Z,,v3,471300,471281,15 March 2025 14:00-dayton@georgemas,"Raymond, Andrew",10148052,Right,GEO_PAT,0b2232b9-f8b5-4a4d-adaa-77387d13cc17,55.25441,-134.17148,13.78423,5.68991,-4.92634,-11.0132,-1.38853,4.89357,-9.56439,,,,,,,,,,,,,,,,,,,,,,,,,,,,,,,,,,,,,,,,,,,,,,,,,,,High,High,High,,,,,
73,2025-03-15,11:40:56.51,3,3,"O'Hara, Connor",1000036031,Right,GEO_PAT,"DiMartini, Michael",1000136501,Right,DAY_FLY,Undefined,3,Top,1,1,1,Fastball,Sinker,StrikeSwinging,Undefined,Undefined,Undefined,0,0,,92.40981,-0.97265,-3.128294,2379.136375,238.02238,2:00,5.75519,1.2735,5.31341,-20.41985,12.93304,19.07174,3.13912,-0.07644,84.68403,-4.763175,0.253397,0.41566,,,,,,,,,,,,-10.35146,7.04382,-1.00374,50,5.65225,6.42516,-134.03395,-3.02566,-18.92549,27.60738,-19.2959,GEO_PAT,DAY_FLY,SpuhlerFieldMain,D1,A10,20250315-SpuhlerFieldMain-1,e43ea590-01b3-11f0-9838-553521291aba,90.68092,,,7.72578,,,,,,,597f71cc-5c49-418c-8ea9-73822ae81711,2025-03-15,15:40:56.51,2025-03-15T11:40:56.5138944-04:00,2025-03-15T15:40:56.5138944Z,,v3,471300,471281,15 March 2025 14:00-dayton@georgemas,"Raymond, Andrew",10148052,Right,GEO_PAT,617b78f2-1dda-4b9d-b9fc-66c2c5a45b83,55.18948,-135.09862,13.80369,5.75458,-2.28152,-9.64795,-1.2656,7.15501,-9.46274,,,,,,,,,,,,,,,,,,,,,,,,,,,,,,,,,,,,,,,,,,,,,,,,,,,High,High,High,,,,,
74,2025-03-15,11:41:32.70,3,4,"O'Hara, Connor",1000036031,Right,GEO_PAT,"DiMartini, Michael",1000136501,Right,DAY_FLY,Undefined,3,Top,1,1,2,Fastball,Sinker,StrikeSwinging,Strikeout,Undefined,Undefined,0,0,,91.79914,-1.311914,-2.72352,2310.427722,231.382175,1:45,5.85988,0.99186,5.42745,-18.85505,14.93859,17.34013,3.05822,-0.11603,83.78559,-4.84218,0.358813,0.418397,,,,,,,,,,,,-9.49756,8.20788,-0.76263,50,5.73055,5.53807,-133.13603,-3.70371,-17.04403,28.62636,-17.44449,GEO_PAT,DAY_FLY,SpuhlerFieldMain,D1,A10,20250315-SpuhlerFieldMain-1,f9f126b0-01b3-11f0-9838-553521291aba,90.08769,,,8.01355,,,,,,,597f71cc-5c49-418c-8ea9-73822ae81711,2025-03-15,15:41:32.70,2025-03-15T11:41:32.7070208-04:00,2025-03-15T15:41:32.7070208Z,,v3,471300,471281,15 March 2025 14:00-dayton@georgemas,"Raymond, Andrew",10148052,Right,GEO_PAT,187fef10-43da-4530-92c8-2df9234cf9be,55.07523,-134.22285,14.31318,5.85859,-3.04142,-8.72225,-0.98517,6.18516,-8.52201,,,,,,,,,,,,,,,,,,,,,,,,,,,,,,,,,,,,,,,,,,,,,,,,,,,High,High,High,,,,,
75,2025-03-15,11:42:24.62,4,1,"O'Hara, Connor",1000036031,Right,GEO_PAT,"Lujo, Rylan",1000102832,Right,DAY_FLY,Undefined,3,Top,2,0,0,Slider,Slider,StrikeCalled,Undefined,Undefined,Undefined,0,0,,84.27584,-0.9041,-2.833724,2148.671549,214.272377,1:15,5.59503,1.2811,5.39664,-34.79151,5.02599,2.64032,1.84732,-1.15676,77.9582,-7.246105,-2.364603,0.45416,,,,,,,,,,,,-2.04973,3.10669,-1.02993,50,5.48967,5.94454,-122.3208,-3.17527,-3.13245,22.16824,-27.42628,GEO_PAT,DAY_FLY,SpuhlerFieldMain,D1,A10,20250315-SpuhlerFieldMain-1,18eb24d0-01b4-11f0-9838-553521291aba,82.99382,,,6.31765,,,,,,,597f71cc-5c49-418c-8ea9-73822ae81711,2025-03-15,15:42:24.62,2025-03-15T11:42:24.6268416-04:00,2025-03-15T15:42:24.6268416Z,,v3,471300,471281,15 March 2025 14:00-dayton@georgemas,"Raymond, Andrew",10148052,Right,GEO_PAT,7350037c-1485-4d1a-9763-05c87dc49745,55.10649,-123.24278,11.08412,5.59801,-2.03462,-13.71314,-1.27987,6.07482,-1.56622,,,,,,,,,,,,,,,,,,,,,,,,,,,,,,,,,,,,,,,,,,,,,,,,,,,High,High,High,,,,,
76,2025-03-15,11:42:58.05,4,2,"O'Hara, Connor",1000036031,Right,GEO_PAT,"Lujo, Rylan",1000102832,Right,DAY_FLY,Undefined,3,Top,2,0,1,Fastball,Sinker,StrikeCalled,Undefined,Undefined,Undefined,0,0,,93.4322,-1.966524,-3.007059,2381.926018,249.133624,2:15,5.78494,1.2183,5.19334,-24.09234,8.83142,20.4056,1.92399,0.08733,85.48408,-6.390292,0.606382,0.412977,,,,,,,,,,,,-11.02044,5.26272,-0.95522,50,5.58407,6.13486,-135.41044,-5.60237,-20.47469,29.39288,-22.39651,GEO_PAT,DAY_FLY,SpuhlerFieldMain,D1,A10,20250315-SpuhlerFieldMain-1,2cccb680-01b4-11f0-9838-553521291aba,91.27,,,7.94812,,,,,,,597f71cc-5c49-418c-8ea9-73822ae81711,2025-03-15,15:42:58.05,2025-03-15T11:42:58.0574720-04:00,2025-03-15T15:42:58.0574720Z,,v3,471300,471281,15 March 2025 14:00-dayton@georgemas,"Raymond, Andrew",10148052,Right,GEO_PAT,2c818263-6015-46fd-82e9-98d836854d92,55.31007,-136.5582,14.69644,5.78576,-4.72781,-11.19826,-1.21039,6.93438,-10.23735,,,,,,,,,,,,,,,,,,,,,,,,,,,,,,,,,,,,,,,,,,,,,,,,,,,High,High,High,,,,,
77,2025-03-15,11:43:19.70,4,3,"O'Hara, Connor",1000036031,Right,GEO_PAT,"Lujo, Rylan",1000102832,Right,DAY_FLY,Undefined,3,Top,2,0,2,Slider,Slider,BallCalled,Undefined,Undefined,Undefined,0,0,,85.93342,1.456852,-2.042866,2246.452359,31.823473,7:00,5.71412,1.52373,5.25725,-44.79951,-6.55591,-4.6965,3.35088,-0.78796,79.84449,-6.637581,-2.87543,0.445093,,,,,,,,,,,,1.8711,-3.33232,-1.33274,50,5.81408,4.65709,-124.88271,1.44517,2.99668,21.81907,-37.51094,GEO_PAT,DAY_FLY,SpuhlerFieldMain,D1,A10,20250315-SpuhlerFieldMain-1,39b7e720-01b4-11f0-9838-553521291aba,84.68442,,,6.08893,,,,,,,597f71cc-5c49-418c-8ea9-73822ae81711,2025-03-15,15:43:19.70,2025-03-15T11:43:19.7098496-04:00,2025-03-15T15:43:19.7098496Z,,v3,471300,471281,15 March 2025 14:00-dayton@georgemas,"Raymond, Andrew",10148052,Right,GEO_PAT,99889d57-9a45-46ab-98ce-217db1d123dc,55.24862,-125.79639,10.90954,5.72067,3.01595,-18.75547,-1.52513,4.5316,1.49834,,,,,,,,,,,,,,,,,,,,,,,,,,,,,,,,,,,,,,,,,,,,,,,,,,,High,High,High,,,,,
78,2025-03-15,11:43:37.29,4,4,"O'Hara, Connor",1000036031,Right,GEO_PAT,"Lujo, Rylan",1000102832,Right,DAY_FLY,Undefined,3,Top,2,1,2,Slider,Curveball,FoulBallNotFieldable,Undefined,Undefined,Undefined,0,0,,84.29199,-0.276289,-2.153274,2316.533958,13.47988,6:30,5.6705,1.41021,5.17881,-48.44696,-8.46583,-2.29075,1.37309,-0.80784,78.47308,-8.983634,-2.559579,0.455092,,,,,,,,,,,,0.61874,-3.92453,-1.20791,50,5.60699,4.70142,-122.49002,-2.43705,0.94954,21.91278,-38.19657,GEO_PAT,DAY_FLY,SpuhlerFieldMain,D1,A10,20250315-SpuhlerFieldMain-1,44363670-01b4-11f0-9838-553521291aba,82.82384,,,5.81891,,,,,,,597f71cc-5c49-418c-8ea9-73822ae81711,2025-03-15,15:43:37.29,2025-03-15T11:43:37.2958720-04:00,2025-03-15T15:43:37.2958720Z,,v3,471300,471281,15 March 2025 14:00-dayton@georgemas,"Raymond, Andrew",10148052,Right,GEO_PAT,0a3cae30-3f73-4d0a-ac57-0fddc3471ecf,55.32783,-123.43946,10.95639,5.67673,-0.78207,-19.09828,-1.41073,4.66028,0.47477,,,,,,,,,,,,,,,,,,,,,,,,,,,,,,,,,,,,,,,,,,,,,,,,,,,High,High,High,,,,,
79,2025-03-15,11:44:25.95,4,5,"O'Hara, Connor",1000036031,Right,GEO_PAT,"Lujo, Rylan",1000102832,Right,DAY_FLY,Undefined,3,Top,2,1,2,Fastball,Sinker,StrikeSwinging,Strikeout,Undefined,Undefined,0,0,,91.1916,-1.966721,-1.412121,2297.341239,241.622799,2:00,5.85699,1.18722,5.16161,-24.07525,10.32418,17.17706,1.99819,1.28917,83.87816,-6.379992,1.631313,0.422131,,,,,,,,,,,,-8.92666,5.98611,-1.06906,50,5.65503,2.4546,-132.33467,-5.46834,-15.90954,26.90883,-21.50532,GEO_PAT,DAY_FLY,SpuhlerFieldMain,D1,A10,20250315-SpuhlerFieldMain-1,611a25d0-01b4-11f0-9838-553521291aba,89.29091,,,7.31344,,,,,,,597f71cc-5c49-418c-8ea9-73822ae81711,2025-03-15,15:44:25.95,2025-03-15T11:44:25.9574272-04:00,2025-03-15T15:44:25.9574272Z,,v3,471300,471281,15 March 2025 14:00-dayton@georgemas,"Raymond, Andrew",10148052,Right,GEO_PAT,a8ea28f4-d4ab-4b24-a718-45239202d138,55.3413,-133.41634,13.45442,5.85747,-4.60387,-10.75266,-1.18059,3.09413,-7.95477,,,,,,,,,,,,,,,,,,,,,,,,,,,,,,,,,,,,,,,,,,,,,,,,,,,High,High,High,,,,,
80,2025-03-15,11:46:23.98,1,1,"Malecha, Peyton",1000232746,Right,DAY_FLY,"Wall, Jonny",1000119703,Right,GEO_PAT,Undefined,3,Bottom,0,0,0,Slider,Curveball,HitByPitch,Undefined,Undefined,Undefined,0,0,,75.74015,2.015601,0.847233,2076.951646,137.687805,10:30,5.64977,1.35315,5.24472,-43.03435,6.25607,-4.47374,3.9589,1.77665,70.17338,-5.828123,0.054193,0.505304,,,,,,,,,,,,2.47197,2.99012,-1.42743,50,5.80264,-1.46103,-110.04683,2.47229,3.07141,17.11284,-28.45886,GEO_PAT,DAY_FLY,SpuhlerFieldMain,D1,A10,20250315-SpuhlerFieldMain-1,a7918bc0-01b4-11f0-9838-553521291aba,74.59362,,,5.56677,,,,,,,597f71cc-5c49-418c-8ea9-73822ae81711,2025-03-15,15:46:23.98,2025-03-15T11:46:23.9875072-04:00,2025-03-15T15:46:23.9875072Z,,v3,471300,471281,15 March 2025 14:00-dayton@georgemas,"Howell, Martin",1000115741,Right,DAY_FLY,74ab9a4c-3ffe-4beb-980b-38980c1ccf84,55.26016,-110.86179,8.55642,5.65263,3.82759,-14.22943,-1.35437,-1.6073,1.53571,,,,,,,,,,,,,,,,,,,,,,,,,,,,,,,,,,,,,,,,,,,,,,,,,,,High,High,High,,,,,
81,2025-03-15,11:47:20.65,2,1,"Malecha, Peyton",1000232746,Right,DAY_FLY,"Hueber, Toby",1000091691,Right,GEO_PAT,Undefined,3,Bottom,0,0,0,Slider,Curveball,FoulBallNotFieldable,Undefined,Undefined,Undefined,0,0,,76.45034,0.457634,-1.704758,2073.445531,81.356045,8:45,5.68692,1.3847,5.36602,-48.11601,0.46158,-6.47571,2.10659,-0.75399,70.63763,-8.287803,-2.856149,0.501637,,,,,,,,,,,,2.84134,0.43287,-1.22667,50,5.69323,3.54455,-111.04075,-0.68828,3.55727,19.3724,-31.6321,GEO_PAT,DAY_FLY,SpuhlerFieldMain,D1,A10,20250315-SpuhlerFieldMain-1,c95fdf90-01b4-11f0-9838-553521291aba,75.13892,,,5.8127,,,,,,,597f71cc-5c49-418c-8ea9-73822ae81711,2025-03-15,15:47:20.65,2025-03-15T11:47:20.6578688-04:00,2025-03-15T15:47:20.6578688Z,,v3,471300,471281,15 March 2025 14:00-dayton@georgemas,"Howell, Martin",1000115741,Right,DAY_FLY,175fc5a3-5129-4840-b0ee-46598e7c9b5b,55.13905,-111.93372,9.6862,5.69135,0.76981,-15.81605,-1.38628,3.38058,1.77863,,,,,,,,,,,,,,,,,,,,,,,,,,,,,,,,,,,,,,,,,,,,,,,,,,,High,High,High,,,,,
82,2025-03-15,11:47:43.53,2,2,"Malecha, Peyton",1000232746,Right,DAY_FLY,"Hueber, Toby",1000091691,Right,GEO_PAT,Undefined,3,Bottom,0,0,1,Slider,Changeup,BallCalled,Undefined,Undefined,Undefined,0,0,,83.24624,-2.87832,-4.124705,2277.678161,207.905902,1:00,5.7838,1.30896,6.30695,-23.3019,16.09402,7.93315,1.18106,-1.83659,77.31515,-7.236433,-2.694633,0.451749,,,,,,,,,,,,-5.12721,9.42859,-1.00959,50,5.56049,8.41936,-120.72897,-6.73163,-7.6734,20.41849,-18.06325,GEO_PAT,DAY_FLY,SpuhlerFieldMain,D1,A10,20250315-SpuhlerFieldMain-1,d6fb9b80-01b4-11f0-9838-553521291aba,83.43669,,,5.93109,,,,,,,597f71cc-5c49-418c-8ea9-73822ae81711,2025-03-15,15:47:43.53,2025-03-15T11:47:43.5383808-04:00,2025-03-15T15:47:43.5383808Z,,v3,471300,471281,15 March 2025 14:00-dayton@georgemas,"Howell, Martin",1000115741,Right,DAY_FLY,a8be69f2-4232-4153-8834-b157ec597b21,54.19649,-121.43663,10.20925,5.78294,-6.10559,-9.03162,-1.30599,8.68531,-3.8367,,,,,,,,,,,,,,,,,,,,,,,,,,,,,,,,,,,,,,,,,,,,,,,,,,,High,High,High,,,,,
83,2025-03-15,11:48:02.40,2,3,"Malecha, Peyton",1000232746,Right,DAY_FLY,"Hueber, Toby",1000091691,Right,GEO_PAT,Undefined,3,Bottom,0,1,1,Slider,Curveball,InPlay,Undefined,GroundBall,Out,1,0,,77.09682,-0.284095,-1.777786,2116.819206,72.596677,8:30,5.60893,1.49101,5.47567,-48.66168,-1.36036,-8.53201,1.28781,-0.88419,71.8079,-9.102065,-3.298949,0.495003,,,,,,,,,,,,3.90457,-0.29209,-1.3286,50,5.55016,3.7929,-112.06878,-2.15263,5.00909,18.59689,-32.54877,GEO_PAT,DAY_FLY,SpuhlerFieldMain,D1,A10,20250315-SpuhlerFieldMain-1,e23db000-01b4-11f0-9838-553521291aba,76.14584,,,5.28892,,,,,,,597f71cc-5c49-418c-8ea9-73822ae81711,2025-03-15,15:48:02.40,2025-03-15T11:48:02.4000512-04:00,2025-03-15T15:48:02.4000512Z,,v3,471300,471281,15 March 2025 14:00-dayton@georgemas,"Howell, Martin",1000115741,Right,DAY_FLY,461f9c18-55c0-4ab3-977a-f2409e58f5c8,55.03002,-112.90038,9.29845,5.61387,-0.69713,-16.27439,-1.49321,3.56891,2.50454,,,,,,,,,,,,,,,,,,,,,,,,,,,,,,,,,,,,,,,,,,,,,,,,,,,High,High,High,,,,,
84,2025-03-15,11:48:46.43,3,1,"Malecha, Peyton",1000232746,Right,DAY_FLY,"Hull, Owen",10054797,Left,GEO_PAT,Undefined,3,Bottom,1,0,0,Fastball,Four-Seam,BallCalled,Undefined,Undefined,Undefined,0,0,,88.85119,-1.780416,-0.83381,2368.288651,218.578429,1:15,5.70896,1.50691,5.90657,-21.26367,14.10265,10.35379,2.28355,1.59566,81.33794,-5.770475,1.025862,0.428022,,,,,,,,,,,,-5.54185,8.06493,-1.44586,50,5.5537,1.44499,-129.03609,-4.68262,-9.34092,26.92227,-18.58038,GEO_PAT,DAY_FLY,SpuhlerFieldMain,D1,A10,20250315-SpuhlerFieldMain-1,fc778e00-01b4-11f0-9838-553521291aba,88.06186,,,7.51325,,,,,,,597f71cc-5c49-418c-8ea9-73822ae81711,2025-03-15,15:48:46.43,2025-03-15T11:48:46.4349696-04:00,2025-03-15T15:48:46.4349696Z,,v3,471300,471281,15 March 2025 14:00-dayton@georgemas,"Howell, Martin",1000115741,Right,DAY_FLY,ede730c3-0ea6-42df-a7bb-59ea94480b20,54.59529,-129.99132,13.46114,5.70815,-4.02337,-9.29019,-1.50301,1.77642,-4.67046,,,,,,,,,,,,,,,,,,,,,,,,,,,,,,,,,,,,,,,,,,,,,,,,,,,High,High,High,,,,,
85,2025-03-15,11:49:05.79,3,2,"Malecha, Peyton",1000232746,Right,DAY_FLY,"Hull, Owen",10054797,Left,GEO_PAT,Undefined,3,Bottom,1,1,0,Slider,Slider,StrikeSwinging,Undefined,Undefined,Undefined,0,0,,79.07674,-0.313321,-0.995169,2289.11261,72.274474,8:30,5.652,1.42726,5.38921,-45.84577,-0.63961,-6.08859,1.53779,-0.013,73.31331,-8.631236,-2.079666,0.483916,,,,,,,,,,,,2.83051,0.09811,-1.33378,50,5.59121,2.23124,-114.92466,-2.19191,3.80859,20.08682,-32.04205,GEO_PAT,DAY_FLY,SpuhlerFieldMain,D1,A10,20250315-SpuhlerFieldMain-1,0806ff30-01b5-11f0-9838-553521291aba,77.89043,,,5.76344,,,,,,,597f71cc-5c49-418c-8ea9-73822ae81711,2025-03-15,15:49:05.79,2025-03-15T11:49:05.7905152-04:00,2025-03-15T15:49:05.7905152Z,,v3,471300,471281,15 March 2025 14:00-dayton@georgemas,"Howell, Martin",1000115741,Right,DAY_FLY,d026fb9f-b7ec-4f75-b22e-43ecc0ef1f24,55.11561,-115.81532,10.04341,5.6569,-0.77113,-16.02102,-1.42897,2.06236,1.9043,,,,,,,,,,,,,,,,,,,,,,,,,,,,,,,,,,,,,,,,,,,,,,,,,,,High,High,High,,,,,
86,2025-03-15,11:49:26.30,3,3,"Malecha, Peyton",1000232746,Right,DAY_FLY,"Hull, Owen",10054797,Left,GEO_PAT,Undefined,3,Bottom,1,1,1,Fastball,Four-Seam,InPlay,Undefined,Bunt,Sacrifice,1,0,,86.46862,-2.068386,-2.078979,2364.804239,214.794698,1:15,5.67994,1.53595,6.11774,-23.6336,13.4006,8.50311,1.79596,0.32148,79.34265,-6.499412,-0.546441,0.437999,,,,,,,,,,,,-5.01492,7.85371,-1.3811,50,5.5088,4.232,-125.56727,-5.25078,-8.01143,25.28695,-19.62766,GEO_PAT,DAY_FLY,SpuhlerFieldMain,D1,A10,20250315-SpuhlerFieldMain-1,14380790-01b5-11f0-9838-553521291aba,86.05603,,,7.12596,,,,,,,597f71cc-5c49-418c-8ea9-73822ae81711,2025-03-15,15:49:26.30,2025-03-15T11:49:26.3081472-04:00,2025-03-15T15:49:26.3081472Z,,v3,471300,471281,15 March 2025 14:00-dayton@georgemas,"Howell, Martin",1000115741,Right,DAY_FLY,292cddd5-2c86-49a8-9753-4b446fa01eec,54.38575,-126.4474,12.64347,5.67967,-4.56763,-9.81383,-1.53325,4.51084,-4.00572,,,,,,,,,,,,,,,,,,,,,,,,,,,,,,,,,,,,,,,,,,,,,,,,,,,High,High,High,,,,,
87,2025-03-15,11:50:02.99,4,1,"Malecha, Peyton",1000232746,Right,DAY_FLY,"Quinn-Irons, Jaime",1000216379,Right,GEO_PAT,Undefined,3,Bottom,2,0,0,Fastball,Four-Seam,StrikeCalled,Undefined,Undefined,Undefined,0,0,,87.55533,-1.799861,-2.913537,2360.910953,210.749225,1:00,5.71212,1.13212,6.11911,-17.04666,18.97347,10.63186,2.62476,-0.678,80.39701,-5.047108,-1.000444,0.431961,,,,,,,,,,,,-6.24693,10.60603,-0.91405,50,5.56487,6.0415,-127.1019,-4.46345,-10.27418,24.73552,-14.73057,GEO_PAT,DAY_FLY,SpuhlerFieldMain,D1,A10,20250315-SpuhlerFieldMain-1,2a16efe0-01b5-11f0-9838-553521291aba,87.25899,,,7.15832,,,,,,,597f71cc-5c49-418c-8ea9-73822ae81711,2025-03-15,15:50:02.99,2025-03-15T11:50:02.9928448-04:00,2025-03-15T15:50:02.9928448Z,,v3,471300,471281,15 March 2025 14:00-dayton@georgemas,"Howell, Martin",1000115741,Right,DAY_FLY,012cb10b-17e5-4695-b066-c24836791b47,54.38295,-127.95203,12.36776,5.70957,-3.95718,-7.36529,-1.12776,6.39462,-5.13709,,,,,,,,,,,,,,,,,,,,,,,,,,,,,,,,,,,,,,,,,,,,,,,,,,,High,High,High,,,,,
88,2025-03-15,11:50:17.77,4,2,"Malecha, Peyton",1000232746,Right,DAY_FLY,"Quinn-Irons, Jaime",1000216379,Right,GEO_PAT,Undefined,3,Bottom,2,0,1,Slider,Changeup,HitByPitch,Undefined,Undefined,Undefined,0,0,,80.3174,0.416888,-0.71443,1610.427288,259.667745,2:45,5.61076,1.32677,6.20179,-38.77541,4.87697,17.78032,2.76436,2.14892,72.24159,-6.844659,2.498328,0.475527,,,,,,,,,,,,-9.44619,2.85185,-1.28168,50,5.623,0.79156,-116.54314,-0.30614,-12.69051,26.6372,-28.34273,GEO_PAT,DAY_FLY,SpuhlerFieldMain,D1,A10,20250315-SpuhlerFieldMain-1,32d4ca80-01b5-11f0-9838-553521291aba,79.26453,,,8.07581,,,,,,,597f71cc-5c49-418c-8ea9-73822ae81711,2025-03-15,15:50:17.77,2025-03-15T11:50:17.7733632-04:00,2025-03-15T15:50:17.7733632Z,,v3,471300,471281,15 March 2025 14:00-dayton@georgemas,"Howell, Martin",1000115741,Right,DAY_FLY,d8de80b1-f017-4c1d-a372-5d473f0f5bb7,54.29878,-117.52156,13.3186,5.61512,0.73493,-14.17137,-1.31931,1.2577,-6.34526,,,,,,,,,,,,,,,,,,,,,,,,,,,,,,,,,,,,,,,,,,,,,,,,,,,High,High,High,,,,,
89,2025-03-15,11:50:58.25,5,1,"Malecha, Peyton",1000232746,Right,DAY_FLY,"Butler, Jake",1000176047,Right,GEO_PAT,Undefined,3,Bottom,2,0,0,Fastball,Four-Seam,FoulBallNotFieldable,Undefined,Undefined,Undefined,0,0,,85.40112,-0.482999,-2.486946,2302.104325,212.858825,1:00,5.60479,1.3136,6.28715,-21.92804,15.33796,9.243,3.33187,-0.20967,79.04226,-4.61403,-0.817568,0.439367,72.7937,31.585966,159.569735,3495.218734,-106.25567,38.66354,28.45538,210.78484,82.3369,170.439603,2.847209,-5.44512,8.43197,-1.1347,50,5.55832,5.05431,-124.21682,-1.67096,-8.61867,21.83967,-18.82776,GEO_PAT,DAY_FLY,SpuhlerFieldMain,D1,A10,20250315-SpuhlerFieldMain-1,4b09b0c0-01b5-11f0-9838-553521291aba,85.78801,38.6677,,6.35886,,,,1.4199,3.36158,0.22016,597f71cc-5c49-418c-8ea9-73822ae81711,2025-03-15,15:50:58.25,2025-03-15T11:50:58.2575616-04:00,2025-03-15T15:50:58.2575616Z,FlyBall,v3,471300,471281,15 March 2025 14:00-dayton@georgemas,"Howell, Martin",1000115741,Right,DAY_FLY,96b561a7-485b-44f1-8876-b88cfc56b0c1,54.2171,-124.95607,10.91983,5.60409,-1.03366,-9.41388,-1.31073,5.34605,-4.30933,306.213239,1.42018,-85.23938,4.25528,-0.33896,0.42083,-0.34995,0.16179,-0.0365,0.00318,3.36165,55.91773,-24.89068,2.67897,-0.50311,0.05359,0.0046,-0.00145,4E-05,0.21993,31.75753,-9.95902,2.04628,-0.78144,0.39587,-0.15994,0.03556,-0.00314,,,,,,,,,,,,,,,,,,,,,,,High,High,High,High,Medium,,,
90,2025-03-15,11:51:17.96,5,2,"Malecha, Peyton",1000232746,Right,DAY_FLY,"Butler, Jake",1000176047,Right,GEO_PAT,Undefined,3,Bottom,2,0,1,Slider,Slider,BallCalled,Undefined,Undefined,Undefined,0,0,,78.56738,-0.594941,-2.441436,2173.261876,112.758093,9:45,5.7261,1.48623,5.4025,-40.55853,5.0141,-9.0206,1.78819,-1.55469,73.24518,-7.956212,-4.044408,0.485874,,,,,,,,,,,,3.99012,3.02134,-1.26181,50,5.64423,5.21026,-114.15053,-2.53548,5.33221,18.49131,-28.13648,GEO_PAT,DAY_FLY,SpuhlerFieldMain,D1,A10,20250315-SpuhlerFieldMain-1,56d6ee40-01b5-11f0-9838-553521291aba,77.57662,,,5.3222,,,,,,,597f71cc-5c49-418c-8ea9-73822ae81711,2025-03-15,15:51:17.96,2025-03-15T11:51:17.9684352-04:00,2025-03-15T15:51:17.9684352Z,,v3,471300,471281,15 March 2025 14:00-dayton@georgemas,"Howell, Martin",1000115741,Right,DAY_FLY,2340ee70-e867-472d-b3e1-31d79e339b9f,55.10213,-114.97405,9.24565,5.72925,-1.2824,-14.06824,-1.48857,4.97279,2.66611,,,,,,,,,,,,,,,,,,,,,,,,,,,,,,,,,,,,,,,,,,,,,,,,,,,High,High,High,,,,,
91,2025-03-15,11:51:35.63,5,3,"Malecha, Peyton",1000232746,Right,DAY_FLY,"Butler, Jake",1000176047,Right,GEO_PAT,Undefined,3,Bottom,2,1,1,Fastball,Four-Seam,BallCalled,Undefined,Undefined,Undefined,0,0,,86.06163,-2.739343,-3.518703,2384.312133,219.956977,1:15,5.69527,1.25614,6.06043,-19.96395,17.26651,13.55702,1.48935,-0.87511,79.59583,-6.48881,-1.082843,0.439158,,,,,,,,,,,,-7.88339,9.92607,-0.98988,50,5.47113,7.15145,-124.86401,-6.56603,-12.5894,22.43049,-16.32263,GEO_PAT,DAY_FLY,SpuhlerFieldMain,D1,A10,20250315-SpuhlerFieldMain-1,61523050-01b5-11f0-9838-553521291aba,85.82889,,,6.4658,,,,,,,597f71cc-5c49-418c-8ea9-73822ae81711,2025-03-15,15:51:35.63,2025-03-15T11:51:35.6304384-04:00,2025-03-15T15:51:35.6304384Z,,v3,471300,471281,15 March 2025 14:00-dayton@georgemas,"Howell, Martin",1000115741,Right,DAY_FLY,945f6020-4db9-402a-89d2-66ca1a9a8234,54.44347,-125.6597,11.21525,5.69378,-5.98701,-8.16132,-1.25149,7.59804,-6.2947,,,,,,,,,,,,,,,,,,,,,,,,,,,,,,,,,,,,,,,,,,,,,,,,,,,High,High,High,,,,,
92,2025-03-15,11:52:11.34,5,4,"Malecha, Peyton",1000232746,Right,DAY_FLY,"Butler, Jake",1000176047,Right,GEO_PAT,Undefined,3,Bottom,2,2,1,Slider,Curveball,InPlay,Undefined,LineDrive,Single,0,1,,76.99291,0.234579,-1.195527,1995.72979,92.796152,9:00,5.592,1.43603,5.5407,-45.71562,1.74949,-7.42717,2.00167,-0.30048,71.25218,-8.104824,-2.52112,0.49586,93.07196,13.107465,-28.03793,1708.423688,94.41759,16.89404,-56.43822,221.53265,221.09622,-34.747751,2.096249,3.48689,1.1648,-1.32709,50,5.58146,2.60717,-111.90028,-1.01019,4.44256,19.27933,-30.68999,GEO_PAT,DAY_FLY,SpuhlerFieldMain,D1,A10,20250315-SpuhlerFieldMain-1,76a2e260-01b5-11f0-9838-553521291aba,76.01434,16.96139,,5.74072,,,,2.72931,2.22069,0.28466,597f71cc-5c49-418c-8ea9-73822ae81711,2025-03-15,15:52:11.34,2025-03-15T11:52:11.3421312-04:00,2025-03-15T15:52:11.3421312Z,LineDrive,v3,471300,471281,15 March 2025 14:00-dayton@georgemas,"Howell, Martin",1000115741,Right,DAY_FLY,2f9313c8-bf21-4a00-b9ef-688f628b6702,54.96415,-112.75231,9.63966,5.59614,0.34613,-15.345,-1.43797,2.41083,2.22128,110.508649,2.72931,117.34555,-22.22019,5.01845,-1.10782,0.21135,-0.0392,0.00602,-0.00049,2.22069,30.95643,-17.21318,1.06433,-0.06719,-0.01014,0.00757,-0.0014,0.0001,0.28467,-62.49349,-0.83078,1.7629,-0.69329,0.19617,-0.04303,0.00637,-0.00046,,,,,,,,,,,,,,,,,,,,,,,High,High,High,High,High,,,
93,,,6,1,"Malecha, Peyton",1000232746,Right,DAY_FLY,"Raymond, Andrew",10148052,Left,GEO_PAT,Undefined,3,Bottom,2,3,0,Other,,BallCalled,Walk,Undefined,Undefined,0,0,IBB,,,,,,,,,,,,,,,,,,,,,,,,,,,,,,,,,,,,,,,,,GEO_PAT,DAY_FLY,SpuhlerFieldMain,D1,A10,20250315-SpuhlerFieldMain-1,994e01a0-01b5-11f0-9838-553521291aba,,,,,,,,,,,597f71cc-5c49-418c-8ea9-73822ae81711,,,,,,v3,471300,471281,15 March 2025 14:00-dayton@georgemas,"Howell, Martin",1000115741,Right,DAY_FLY,,,,,,,,,,,,,,,,,,,,,,,,,,,,,,,,,,,,,,,,,,,,,,,,,,,,,,,,,,,,,,,,,,,,
94,2025-03-15,11:53:15.92,7,1,"Malecha, Peyton",1000232746,Right,DAY_FLY,"Alberti, Lucas",1000145512,Right,GEO_PAT,Undefined,3,Bottom,2,0,0,Slider,Curveball,BallCalled,Undefined,Undefined,Undefined,0,0,,78.40423,-0.570494,-0.902532,2097.993793,71.862148,8:30,5.59389,1.53719,5.4935,-48.18538,-2.01311,-10.53969,1.04467,-0.1855,72.27847,-9.329619,-2.784456,0.48906,,,,,,,,,,,,5.10666,-0.48476,-1.45067,50,5.51097,2.19481,-113.87814,-2.7432,6.6874,21.4511,-32.80889,GEO_PAT,DAY_FLY,SpuhlerFieldMain,D1,A10,20250315-SpuhlerFieldMain-1,9d1b3640-01b5-11f0-9838-553521291aba,77.07123,,,6.12576,,,,,,,597f71cc-5c49-418c-8ea9-73822ae81711,2025-03-15,15:53:15.92,2025-03-15T11:53:15.9203840-04:00,2025-03-15T15:53:15.9203840Z,,v3,471300,471281,15 March 2025 14:00-dayton@georgemas,"Howell, Martin",1000115741,Right,DAY_FLY,5223194a-8b3d-4608-80b3-175cccfd0955,55.01093,-114.81816,10.72555,5.59968,-1.30546,-16.40445,-1.54043,1.90176,3.3437,,,,,,,,,,,,,,,,,,,,,,,,,,,,,,,,,,,,,,,,,,,,,,,,,,,High,High,High,,,,,
95,2025-03-15,11:53:30.99,7,2,"Malecha, Peyton",1000232746,Right,DAY_FLY,"Alberti, Lucas",1000145512,Right,GEO_PAT,Undefined,3,Bottom,2,1,0,Slider,Curveball,BallCalled,Undefined,Undefined,Undefined,0,0,,78.49487,-1.082996,-1.82701,1949.86776,84.973707,8:45,5.5563,1.33345,5.68601,-45.0277,0.56303,-9.10335,0.79386,-1.12876,72.68118,-9.286709,-3.456721,0.48597,,,,,,,,,,,,4.18303,0.92339,-1.17358,50,5.4364,3.97095,-114.02675,-3.6038,5.51531,20.68408,-30.95657,GEO_PAT,DAY_FLY,SpuhlerFieldMain,D1,A10,20250315-SpuhlerFieldMain-1,a61a86b0-01b5-11f0-9838-553521291aba,77.56121,,,5.81369,,,,,,,597f71cc-5c49-418c-8ea9-73822ae81711,2025-03-15,15:53:30.99,2025-03-15T11:53:30.9940224-04:00,2025-03-15T15:53:30.9940224Z,,v3,471300,471281,15 March 2025 14:00-dayton@georgemas,"Howell, Martin",1000115741,Right,DAY_FLY,32fb7139-7ce0-40d5-b6d9-9e4abe763f92,54.81874,-114.89753,10.34204,5.56069,-2.30056,-15.47828,-1.33586,3.73876,2.75765,,,,,,,,,,,,,,,,,,,,,,,,,,,,,,,,,,,,,,,,,,,,,,,,,,,High,High,High,,,,,
96,2025-03-15,11:53:47.50,7,3,"Malecha, Peyton",1000232746,Right,DAY_FLY,"Alberti, Lucas",1000145512,Right,GEO_PAT,Undefined,3,Bottom,2,2,0,Fastball,Four-Seam,BallCalled,Undefined,Undefined,Undefined,0,0,,86.67111,-2.939274,-2.685152,2377.449602,221.145233,1:15,5.62072,1.33988,6.27489,-21.34151,14.97706,12.18422,1.12731,-0.1219,80.3788,-6.938356,-0.483773,0.433746,,,,,,,,,,,,-7.04867,8.84335,-1.1473,50,5.39243,5.45059,-125.88882,-7.09012,-11.45107,22.60279,-17.80741,GEO_PAT,DAY_FLY,SpuhlerFieldMain,D1,A10,20250315-SpuhlerFieldMain-1,afe4c840-01b5-11f0-9838-553521291aba,86.89971,,,6.29231,,,,,,,597f71cc-5c49-418c-8ea9-73822ae81711,2025-03-15,15:53:47.50,2025-03-15T11:53:47.5056128-04:00,2025-03-15T15:53:47.5056128Z,,v3,471300,471281,15 March 2025 14:00-dayton@georgemas,"Howell, Martin",1000115741,Right,DAY_FLY,b8d8d728-c366-4104-9c1c-40cf52501db0,54.22986,-126.646,11.30139,5.61996,-6.49358,-8.90371,-1.33631,5.83419,-5.72553,,,,,,,,,,,,,,,,,,,,,,,,,,,,,,,,,,,,,,,,,,,,,,,,,,,High,High,High,,,,,
97,2025-03-15,11:54:07.59,7,4,"Malecha, Peyton",1000232746,Right,DAY_FLY,"Alberti, Lucas",1000145512,Right,GEO_PAT,Undefined,3,Bottom,2,3,0,Fastball,Four-Seam,StrikeCalled,Undefined,Undefined,Undefined,0,0,,86.57084,-1.663515,-2.975775,2371.74343,218.008469,1:15,5.65294,1.21843,6.30232,-21.4906,14.71961,10.73426,2.32683,-0.63133,80.39722,-5.697886,-1.037045,0.433099,,,,,,,,,,,,-6.29744,8.37056,-1.00476,50,5.51998,6.13746,-125.84612,-4.28035,-10.26096,21.70385,-18.53521,GEO_PAT,DAY_FLY,SpuhlerFieldMain,D1,A10,20250315-SpuhlerFieldMain-1,bbe571d0-01b5-11f0-9838-553521291aba,87.02968,,,6.17362,,,,,,,597f71cc-5c49-418c-8ea9-73822ae81711,2025-03-15,15:54:07.59,2025-03-15T11:54:07.5922432-04:00,2025-03-15T15:54:07.5922432Z,,v3,471300,471281,15 March 2025 14:00-dayton@georgemas,"Howell, Martin",1000115741,Right,DAY_FLY,4c444b9d-3d20-47ef-b118-2013f2c87913,54.20173,-126.56869,10.85193,5.6522,-3.66327,-9.26761,-1.21478,6.47907,-5.13048,,,,,,,,,,,,,,,,,,,,,,,,,,,,,,,,,,,,,,,,,,,,,,,,,,,High,High,High,,,,,
98,2025-03-15,11:54:23.53,7,5,"Malecha, Peyton",1000232746,Right,DAY_FLY,"Alberti, Lucas",1000145512,Right,GEO_PAT,Undefined,3,Bottom,2,3,1,Fastball,Four-Seam,InPlay,Undefined,GroundBall,FieldersChoice,1,0,,87.21349,-1.758315,-2.165431,2389.356238,223.881522,1:30,5.6547,1.32924,6.27107,-21.31922,14.4828,12.95851,2.2554,0.4118,80.75434,-5.764522,0.176336,0.430651,83.48136,-25.91162,-48.65349,,,,,7.21941,2.73423,-34.568371,0.044453,-7.32607,8.28894,-1.17537,50,5.51388,4.30795,-126.82729,-4.51979,-12.07373,23.06465,-18.51341,GEO_PAT,DAY_FLY,SpuhlerFieldMain,D1,A10,20250315-SpuhlerFieldMain-1,c562a4d0-01b5-11f0-9838-553521291aba,87.52436,2.38409,,6.45915,,,,2.70299,2.38409,-0.41216,597f71cc-5c49-418c-8ea9-73822ae81711,2025-03-15,15:54:23.53,2025-03-15T11:54:23.5362304-04:00,2025-03-15T15:54:23.5362304Z,GroundBall,v3,471300,471281,15 March 2025 14:00-dayton@georgemas,"Howell, Martin",1000115741,Right,DAY_FLY,6efc8645-c14c-4bda-9882-9df2bf888d3b,54.23364,-127.59489,11.53233,5.65405,-3.90365,-9.25671,-1.32543,4.70977,-6.03687,,2.70175,72.92728,,,,,,,,2.38501,-53.63194,,,,,,,,-0.41074,-82.87561,,,,,,,,,,,,,,,,,,,,,,,,,,,,,,High,High,High,Estimated,Estimated,,,
99,,,1,1,"O'Hara, Connor",1000036031,Right,GEO_PAT,"MacDougall, Ryan",1000268563,Left,DAY_FLY,Undefined,4,Top,0,0,0,Other,,BallCalled,Undefined,Undefined,Undefined,0,0,,,,,,,,,,,,,,,,,,,,,,,,,,,,,,,,,,,,,,,,,,GEO_PAT,DAY_FLY,SpuhlerFieldMain,D1,A10,20250315-SpuhlerFieldMain-1,29d22940-01b6-11f0-9838-553521291aba,,,,,,,,,,,597f71cc-5c49-418c-8ea9-73822ae81711,,,,,,v3,471300,471281,15 March 2025 14:00-dayton@georgemas,"Raymond, Andrew",10148052,Right,GEO_PAT,,,,,,,,,,,,,,,,,,,,,,,,,,,,,,,,,,,,,,,,,,,,,,,,,,,,,,,,,,,,,,,,,,,,
100,,,1,2,"O'Hara, Connor",1000036031,Right,GEO_PAT,"MacDougall, Ryan",1000268563,Left,DAY_FLY,Undefined,4,Top,0,1,0,Other,,BallCalled,Undefined,Undefined,Undefined,0,0,,,,,,,,,,,,,,,,,,,,,,,,,,,,,,,,,,,,,,,,,,GEO_PAT,DAY_FLY,SpuhlerFieldMain,D1,A10,20250315-SpuhlerFieldMain-1,340da330-01b6-11f0-9838-553521291aba,,,,,,,,,,,597f71cc-5c49-418c-8ea9-73822ae81711,,,,,,v3,471300,471281,15 March 2025 14:00-dayton@georgemas,"Raymond, Andrew",10148052,Right,GEO_PAT,,,,,,,,,,,,,,,,,,,,,,,,,,,,,,,,,,,,,,,,,,,,,,,,,,,,,,,,,,,,,,,,,,,,
101,2025-03-15,11:57:02.02,1,3,"O'Hara, Connor",1000036031,Right,GEO_PAT,"MacDougall, Ryan",1000268563,Left,DAY_FLY,Undefined,4,Top,0,2,0,Sinker,Sinker,BallCalled,Undefined,Undefined,Undefined,0,0,,90.00991,-2.732857,-3.630284,2251.171321,240.137324,2:00,5.82007,1.52222,5.21178,-23.12478,12.41386,19.60647,1.31588,-0.26243,82.35799,-6.994939,-0.160574,0.429064,,,,,,,,,,,,-10.85008,7.29914,-1.20174,50,5.54954,7.37379,-130.29781,-7.08106,-18.65983,27.2821,-19.62106,GEO_PAT,DAY_FLY,SpuhlerFieldMain,D1,A10,20250315-SpuhlerFieldMain-1,23d62dc0-01b6-11f0-9838-553521291aba,87.84811,,,7.65192,,,,,,,597f71cc-5c49-418c-8ea9-73822ae81711,2025-03-15,15:57:02.02,2025-03-15T11:57:02.0246528-04:00,2025-03-15T15:57:02.0246528Z,,v3,471300,471281,15 March 2025 14:00-dayton@georgemas,"Raymond, Andrew",10148052,Right,GEO_PAT,4428fbea-3b93-4808-843b-d6338b6c8ee6,55.29186,-131.40117,13.64105,5.81988,-6.28754,-9.81053,-1.51521,8.12844,-9.32991,,,,,,,,,,,,,,,,,,,,,,,,,,,,,,,,,,,,,,,,,,,,,,,,,,,High,High,High,,,,,
102,2025-03-15,11:57:14.79,1,4,"O'Hara, Connor",1000036031,Right,GEO_PAT,"MacDougall, Ryan",1000268563,Left,DAY_FLY,Undefined,4,Top,0,3,0,Fastball,Four-Seam,BallCalled,Walk,Undefined,Undefined,0,0,,91.90831,-1.676517,-1.474212,2265.291024,226.773334,1:30,5.80942,1.26668,5.36426,-17.62288,16.27465,16.11351,2.76773,1.22673,83.62507,-4.988674,1.389512,0.41904,,,,,,,,,,,,-8.47729,8.97741,-1.14598,50,5.64659,2.67099,-133.28057,-4.49773,-15.18566,29.7493,-16.09245,GEO_PAT,DAY_FLY,SpuhlerFieldMain,D1,A10,20250315-SpuhlerFieldMain-1,2b5cc0e0-01b6-11f0-9838-553521291aba,89.94952,,,8.28324,,,,,,,597f71cc-5c49-418c-8ea9-73822ae81711,2025-03-15,15:57:14.79,2025-03-15T11:57:14.7945472-04:00,2025-03-15T15:57:14.7945472Z,,v3,471300,471281,15 March 2025 14:00-dayton@georgemas,"Raymond, Andrew",10148052,Right,GEO_PAT,0a43e2ea-2080-48cc-9997-416f62d841e0,55.13662,-134.42222,14.87465,5.80734,-3.88018,-8.04622,-1.25966,3.25375,-7.59283,,,,,,,,,,,,,,,,,,,,,,,,,,,,,,,,,,,,,,,,,,,,,,,,,,,High,High,High,,,,,
103,2025-03-15,11:57:44.28,2,1,"O'Hara, Connor",1000036031,Right,GEO_PAT,"Dobie, Mason",692154,Left,DAY_FLY,Undefined,4,Top,0,0,0,Cutter,Slider,InPlay,Undefined,Bunt,Sacrifice,1,0,,83.64355,-0.66272,-2.661304,1940.366235,251.623034,2:30,5.66063,1.61915,5.50534,-37.90581,2.16024,3.19689,1.88129,-0.60531,77.75258,-7.561145,-2.091797,0.455575,,,,,,,,,,,,-2.2778,1.53984,-1.38881,50,5.57666,5.52147,-121.52826,-2.73801,-3.4492,21.01822,-29.84231,GEO_PAT,DAY_FLY,SpuhlerFieldMain,D1,A10,20250315-SpuhlerFieldMain-1,3d1000e0-01b6-11f0-9838-553521291aba,82.73601,,,5.89096,,,,,,,597f71cc-5c49-418c-8ea9-73822ae81711,2025-03-15,15:57:44.28,2025-03-15T11:57:44.2840576-04:00,2025-03-15T15:57:44.2840576Z,,v3,471300,471281,15 March 2025 14:00-dayton@georgemas,"Raymond, Andrew",10148052,Right,GEO_PAT,89042779-4002-40c5-b651-abd9caa0ba3e,54.99977,-122.38991,10.50911,5.66383,-1.51461,-14.92115,-1.61806,5.66287,-1.7246,,,,,,,,,,,,,,,,,,,,,,,,,,,,,,,,,,,,,,,,,,,,,,,,,,,High,High,High,,,,,
104,2025-03-15,11:58:16.89,3,1,"O'Hara, Connor",1000036031,Right,GEO_PAT,"Zorn, Adin",10148886,Right,DAY_FLY,Undefined,4,Top,1,0,0,Cutter,Curveball,BallCalled,Undefined,Undefined,Undefined,0,0,,81.51065,2.411112,-0.690392,2227.56658,27.186462,7:00,5.73971,1.5461,4.93139,-52.03188,-8.63359,-5.0889,3.68447,0.46936,75.0511,-6.958249,-1.587935,0.474141,,,,,,,,,,,,2.33039,-4.50339,-1.47443,50,5.93086,1.64534,-118.29731,2.9757,3.31964,21.45795,-38.58914,GEO_PAT,DAY_FLY,SpuhlerFieldMain,D1,A10,20250315-SpuhlerFieldMain-1,506976d0-01b6-11f0-9838-553521291aba,79.49625,,,6.45955,,,,,,,597f71cc-5c49-418c-8ea9-73822ae81711,2025-03-15,15:58:16.89,2025-03-15T11:58:16.8981504-04:00,2025-03-15T15:58:16.8981504Z,,v3,471300,471281,15 March 2025 14:00-dayton@georgemas,"Raymond, Andrew",10148052,Right,GEO_PAT,7057fb54-131d-4aae-ac2e-e809fef61e66,55.57374,-119.30405,10.72898,5.74878,4.78618,-19.29457,-1.54797,1.48959,1.65982,,,,,,,,,,,,,,,,,,,,,,,,,,,,,,,,,,,,,,,,,,,,,,,,,,,High,High,High,,,,,
105,2025-03-15,11:58:32.50,3,2,"O'Hara, Connor",1000036031,Right,GEO_PAT,"Zorn, Adin",10148886,Right,DAY_FLY,Undefined,4,Top,1,1,0,Cutter,Slider,InPlay,Undefined,Popup,Out,1,0,,83.18675,-0.212872,-2.077345,2041.139233,187.036941,12:15,5.65087,1.64142,5.49949,-36.27218,4.68697,0.42142,2.42894,-0.26744,76.35737,-6.862247,-2.002278,0.460624,84.53631,72.247356,31.561471,,,,,81.9576,39.26689,61.491981,5.976456,-0.79205,2.76465,-1.45998,50,5.60755,4.36323,-120.75784,-1.70008,-1.16964,23.50073,-28.09144,GEO_PAT,DAY_FLY,SpuhlerFieldMain,D1,A10,20250315-SpuhlerFieldMain-1,59cb59a0-01b6-11f0-9838-553521291aba,81.82903,151.58336,,6.82938,,,,3.74734,1.53837,-0.73285,597f71cc-5c49-418c-8ea9-73822ae81711,2025-03-15,15:58:32.50,2025-03-15T11:58:32.5015552-04:00,2025-03-15T15:58:32.5015552Z,Popup,v3,471300,471281,15 March 2025 14:00-dayton@georgemas,"Raymond, Andrew",10148052,Right,GEO_PAT,33746faf-73a9-4e30-86ef-a562f0b40783,55.00389,-121.72776,11.75037,5.65379,-0.5407,-14.04572,-1.64105,4.4115,-0.58482,188.166498,3.73169,32.46432,-18.75573,7.53758,-2.40326,0.59538,-0.0978,0.00897,-0.00034,1.52657,118.31612,-30.78062,4.98246,-1.60237,0.49347,-0.10135,0.01106,-0.00048,-0.73305,19.77994,-3.49469,0.71492,-0.03363,-0.03331,0.01119,-0.00149,7E-05,,,,,,,,,,,,,,,,,,,,,,,High,High,High,Low,Low,,,
106,2025-03-15,11:59:07.92,4,1,"O'Hara, Connor",1000036031,Right,GEO_PAT,"Cazorla, Alejandro",1000268561,Right,DAY_FLY,Undefined,4,Top,2,0,0,Cutter,Slider,BallCalled,Undefined,Undefined,Undefined,0,0,,85.41257,-0.48659,-3.177654,2135.623348,54.15406,7:45,5.75707,1.56568,5.29131,-40.77053,-1.87913,-4.10158,1.9019,-1.76307,79.26937,-7.854515,-3.904558,0.448847,,,,,,,,,,,,1.26181,-0.48539,-1.27285,50,5.68263,7.05786,-123.96597,-2.59417,1.98239,22.55642,-32.93662,GEO_PAT,DAY_FLY,SpuhlerFieldMain,D1,A10,20250315-SpuhlerFieldMain-1,6ee34870-01b6-11f0-9838-553521291aba,83.97616,,,6.1432,,,,,,,597f71cc-5c49-418c-8ea9-73822ae81711,2025-03-15,15:59:07.92,2025-03-15T11:59:07.9229440-04:00,2025-03-15T15:59:07.9229440Z,,v3,471300,471281,15 March 2025 14:00-dayton@georgemas,"Raymond, Andrew",10148052,Right,GEO_PAT,512eb6b6-23fb-4555-b949-e3bd93cb564a,55.2129,-124.91089,11.27821,5.76241,-1.21441,-16.46831,-1.56677,6.97482,0.99119,,,,,,,,,,,,,,,,,,,,,,,,,,,,,,,,,,,,,,,,,,,,,,,,,,,High,High,High,,,,,
107,2025-03-15,11:59:25.61,4,2,"O'Hara, Connor",1000036031,Right,GEO_PAT,"Cazorla, Alejandro",1000268561,Right,DAY_FLY,Undefined,4,Top,2,1,0,Cutter,Slider,InPlay,Undefined,LineDrive,Out,1,0,,83.66185,-0.911015,-2.315225,2111.043709,181.505525,12:00,5.64769,1.6707,5.26038,-37.226,3.82768,0.06575,1.68879,-0.5003,76.60277,-7.696036,-2.303581,0.461156,78.95936,9.721189,24.976042,3677.610237,94.80221,6.71588,55.78954,146.00655,117.10659,32.341563,1.539565,-0.70087,2.56067,-1.45851,50,5.53664,4.90151,-121.30228,-3.27831,-1.0405,24.52591,-28.37239,GEO_PAT,DAY_FLY,SpuhlerFieldMain,D1,A10,20250315-SpuhlerFieldMain-1,7974f8b0-01b6-11f0-9838-553521291aba,81.73473,8.64069,,7.05908,,,,0.89863,1.66045,0.50961,597f71cc-5c49-418c-8ea9-73822ae81711,2025-03-15,15:59:25.61,2025-03-15T11:59:25.6105472-04:00,2025-03-15T15:59:25.6105472Z,GroundBall,v3,471300,471281,15 March 2025 14:00-dayton@georgemas,"Raymond, Andrew",10148052,Right,GEO_PAT,9f4b9c06-6c6f-4b04-b646-2ace1ee334b7,55.24155,-122.35747,12.26295,5.65143,-2.05763,-14.1862,-1.67035,4.94627,-0.52025,243.624733,0.89863,103.46976,-20.64486,4.37212,-0.89173,0.16922,-0.02794,0.00281,0,1.66045,19.55448,-13.92593,0.29382,0.04958,-0.01301,-0.00409,0.00422,-0.00089,0.50961,48.19612,2.61406,-1.15762,0.35081,-0.0785,0.00907,0.00155,-0.00058,,,,,,,,,,,,,,,,,,,,,,,High,High,High,High,High,,,
108,2025-03-15,12:01:32.79,1,1,"Malecha, Peyton",1000232746,Right,DAY_FLY,"Clyne, Owen",1000230336,Left,GEO_PAT,Undefined,4,Bottom,0,0,0,Fastball,Four-Seam,InPlay,Undefined,FlyBall,Out,1,0,,86.25318,-1.759668,-1.863942,2319.170212,210.447985,1:00,5.72949,1.29815,6.12279,-18.63509,18.47029,10.18445,2.54836,0.42301,79.17407,-5.298648,-0.028878,0.438419,95.10773,31.674777,1.808641,3524.435435,109.98399,66.25205,-1.86172,327.29395,326.78935,-6.209118,5.368449,-5.80646,10.39095,-1.1608,50,5.58489,3.68616,-125.31484,-4.37055,-9.26283,24.56503,-15.59774,GEO_PAT,DAY_FLY,SpuhlerFieldMain,D1,A10,20250315-SpuhlerFieldMain-1,c53fe520-01b6-11f0-9838-553521291aba,85.97349,93.60253,,7.07911,,,,2.05816,2.6412,-0.42725,597f71cc-5c49-418c-8ea9-73822ae81711,2025-03-15,16:01:32.79,2025-03-15T12:01:32.7994368-04:00,2025-03-15T16:01:32.7994368Z,FlyBall,v3,471300,471281,15 March 2025 14:00-dayton@georgemas,"Howell, Martin",1000115741,Right,DAY_FLY,be1832ca-8563-4f48-b4bb-3af98d140d39,54.38055,-126.17062,12.28251,5.72768,-3.82717,-7.79887,-1.29484,4.00885,-4.63141,163.000636,2.06158,118.58771,-26.77291,6.30045,-1.19977,0.19264,-0.02652,0.00269,-0.00013,2.64138,73.23818,-15.5413,0.00344,0.36785,-0.17916,0.04531,-0.00569,0.00028,-0.42615,3.72306,-6.00409,1.81009,-0.40278,0.06852,-0.00845,0.00069,-3E-05,,,,,,,,,,,,,,,,,,,,,,,High,High,High,High,High,,,
109,2025-03-15,12:02:05.63,2,1,"Malecha, Peyton",1000232746,Right,DAY_FLY,"Lavin, Sam",1000364332,Left,GEO_PAT,Undefined,4,Bottom,1,0,0,Fastball,Four-Seam,StrikeCalled,Undefined,Undefined,Undefined,0,0,,86.58603,-1.485766,-2.893353,2307.30688,210.247866,1:00,5.77882,1.23161,6.26326,-20.14351,16.24753,8.87111,2.72818,-0.69924,80.05247,-5.286394,-1.292571,0.434179,,,,,,,,,,,,-5.32835,9.13819,-1.02122,50,5.65844,6.0205,-125.82428,-3.83732,-8.64187,22.73533,-17.35313,GEO_PAT,DAY_FLY,SpuhlerFieldMain,D1,A10,20250315-SpuhlerFieldMain-1,d8caa440-01b6-11f0-9838-553521291aba,86.81319,,,6.53355,,,,,,,597f71cc-5c49-418c-8ea9-73822ae81711,2025-03-15,16:02:05.63,2025-03-15T12:02:05.6316928-04:00,2025-03-15T16:02:05.6316928Z,,v3,471300,471281,15 March 2025 14:00-dayton@georgemas,"Howell, Martin",1000115741,Right,DAY_FLY,4cc784fc-0795-4f60-a170-7a090accc17d,54.24001,-126.58809,11.36766,5.77756,-3.25433,-8.67657,-1.22837,6.31083,-4.32094,,,,,,,,,,,,,,,,,,,,,,,,,,,,,,,,,,,,,,,,,,,,,,,,,,,High,High,High,,,,,
110,2025-03-15,12:02:20.98,2,2,"Malecha, Peyton",1000232746,Right,DAY_FLY,"Lavin, Sam",1000364332,Left,GEO_PAT,Undefined,4,Bottom,1,0,1,Fastball,Four-Seam,BallCalled,Undefined,Undefined,Undefined,0,0,,86.61658,-2.662918,-3.644652,2355.768392,208.580269,1:00,5.81801,1.17036,6.23291,-21.68159,14.86272,7.52016,1.54768,-1.57002,80.15478,-6.724582,-2.289714,0.435092,,,,,,,,,,,,-4.82733,8.71642,-0.90165,50,5.60773,7.71955,-125.67308,-6.48972,-7.80284,22.91613,-18.08488,GEO_PAT,DAY_FLY,SpuhlerFieldMain,D1,A10,20250315-SpuhlerFieldMain-1,e1fb16d0-01b6-11f0-9838-553521291aba,86.63089,,,6.4618,,,,,,,597f71cc-5c49-418c-8ea9-73822ae81711,2025-03-15,16:02:20.98,2025-03-15T12:02:20.9862656-04:00,2025-03-15T16:02:20.9862656Z,,v3,471300,471281,15 March 2025 14:00-dayton@georgemas,"Howell, Martin",1000115741,Right,DAY_FLY,f727a2a9-2a95-4163-9e0d-38358d57e657,54.27069,-126.44943,11.45806,5.81721,-5.87705,-9.04244,-1.16765,7.9839,-3.90142,,,,,,,,,,,,,,,,,,,,,,,,,,,,,,,,,,,,,,,,,,,,,,,,,,,High,High,High,,,,,
111,2025-03-15,12:02:36.87,2,3,"Malecha, Peyton",1000232746,Right,DAY_FLY,"Lavin, Sam",1000364332,Left,GEO_PAT,Undefined,4,Bottom,1,1,1,Fastball,Four-Seam,FoulBallNotFieldable,Undefined,Undefined,Undefined,0,0,,87.45698,-1.704585,-1.833441,2403.822818,214.974892,1:15,5.81095,1.30176,6.08602,-20.50729,15.47867,10.08831,2.52374,0.44566,80.64721,-5.561286,-0.01654,0.431756,94.7802,24.414808,-38.413247,4310.782593,81.04748,41.15455,-74.37243,282.45531,241.84945,-52.732516,3.546883,-5.71926,8.76808,-1.16563,50,5.66827,3.67546,-127.11855,-4.39788,-9.43096,24.16355,-17.71562,GEO_PAT,DAY_FLY,SpuhlerFieldMain,D1,A10,20250315-SpuhlerFieldMain-1,eb6bc6b0-01b6-11f0-9838-553521291aba,87.30036,47.28818,,6.80976,,,,1.97615,2.53414,-0.26751,597f71cc-5c49-418c-8ea9-73822ae81711,2025-03-15,16:02:36.87,2025-03-15T12:02:36.8711168-04:00,2025-03-15T16:02:36.8711168Z,LineDrive,v3,471300,471281,15 March 2025 14:00-dayton@georgemas,"Howell, Martin",1000115741,Right,DAY_FLY,d66e7c9f-7888-4574-97c3-041f76e05030,54.41787,-127.95557,12.08178,5.80998,-3.78421,-8.85781,-1.2986,4.00215,-4.71548,,1.97621,99.17861,-27.17973,6.59012,-1.5347,0.31751,-0.04891,0.00444,-0.00016,2.53397,57.46654,-21.74417,3.0016,-0.94367,0.33615,-0.09682,0.01629,-0.00113,-0.26753,-78.647,8.08857,-1.96054,0.45923,-0.09678,0.01548,-0.0015,6E-05,,,,,,,,,,,,,,,,,,,,,,,High,High,High,High,Medium,,,
112,2025-03-15,12:02:55.66,2,4,"Malecha, Peyton",1000232746,Right,DAY_FLY,"Lavin, Sam",1000364332,Left,GEO_PAT,Undefined,4,Bottom,1,1,2,Slider,Slider,BallCalled,Undefined,Undefined,Undefined,0,0,,80.2177,-1.691966,-0.659124,2207.194421,108.655805,9:30,5.64593,1.53013,5.30753,-39.57683,4.54717,-9.62776,0.75898,0.10905,74.37538,-8.867771,-2.371732,0.478089,,,,,,,,,,,,4.71677,3.06374,-1.46283,50,5.46317,1.71732,-116.51383,-4.80047,6.51961,20.76463,-27.93929,GEO_PAT,DAY_FLY,SpuhlerFieldMain,D1,A10,20250315-SpuhlerFieldMain-1,f6a99570-01b6-11f0-9838-553521291aba,78.8398,,,5.84232,,,,,,,597f71cc-5c49-418c-8ea9-73822ae81711,2025-03-15,16:02:55.66,2025-03-15T12:02:55.6645888-04:00,2025-03-15T16:02:55.6645888Z,,v3,471300,471281,15 March 2025 14:00-dayton@georgemas,"Howell, Martin",1000115741,Right,DAY_FLY,7303cf89-9882-4dc5-8c1c-d77287079b9d,55.19706,-117.43638,10.38231,5.64887,-3.55917,-13.96965,-1.5327,1.42766,3.25981,,,,,,,,,,,,,,,,,,,,,,,,,,,,,,,,,,,,,,,,,,,,,,,,,,,High,High,High,,,,,
113,2025-03-15,12:03:10.84,2,5,"Malecha, Peyton",1000232746,Right,DAY_FLY,"Lavin, Sam",1000364332,Left,GEO_PAT,Undefined,4,Bottom,1,2,2,Fastball,Four-Seam,BallCalled,Undefined,Undefined,Undefined,0,0,,86.80496,-0.62005,-0.484165,2326.996792,223.606567,1:30,5.79232,1.30769,5.73769,-22.48218,14.7256,12.92619,3.34135,1.934,79.50112,-4.830464,1.829496,0.439024,,,,,,,,,,,,-6.70185,8.01709,-1.27535,50,5.72694,0.52221,-126.10701,-2.08002,-10.80748,25.30662,-19.24565,GEO_PAT,DAY_FLY,SpuhlerFieldMain,D1,A10,20250315-SpuhlerFieldMain-1,ff99f1c0-01b6-11f0-9838-553521291aba,85.85505,,,7.30384,,,,,,,597f71cc-5c49-418c-8ea9-73822ae81711,2025-03-15,16:03:10.84,2025-03-15T12:03:10.8404736-04:00,2025-03-15T16:03:10.8404736Z,,v3,471300,471281,15 March 2025 14:00-dayton@georgemas,"Howell, Martin",1000115741,Right,DAY_FLY,5bc2b698-f462-4a84-8b3f-14a1ef78880e,54.76394,-127.05942,12.65331,5.79159,-1.35572,-9.62283,-1.30266,0.92895,-5.40374,,,,,,,,,,,,,,,,,,,,,,,,,,,,,,,,,,,,,,,,,,,,,,,,,,,High,High,High,,,,,
114,2025-03-15,12:03:29.53,2,6,"Malecha, Peyton",1000232746,Right,DAY_FLY,"Lavin, Sam",1000364332,Left,GEO_PAT,Undefined,4,Bottom,1,3,2,Fastball,Four-Seam,InPlay,Undefined,GroundBall,Out,1,0,,87.36554,-1.815958,-2.994196,2371.456234,210.530415,1:00,5.75017,1.29743,6.27066,-19.46568,16.30351,9.01004,2.451,-0.71468,80.7441,-5.491161,-1.3683,0.430453,100.51141,-6.010722,42.235497,,,,,28.49849,25.99393,38.797778,0.174177,-5.47327,9.26871,-1.08018,50,5.60592,6.30087,-126.94008,-4.58432,-9.0255,23.4012,-16.88989,GEO_PAT,DAY_FLY,SpuhlerFieldMain,D1,A10,20250315-SpuhlerFieldMain-1,0acee6e0-01b7-11f0-9838-553521291aba,87.56455,2.69238,,6.62144,,,,3.27872,2.69238,0.66859,597f71cc-5c49-418c-8ea9-73822ae81711,2025-03-15,16:03:29.53,2025-03-15T12:03:29.5368704-04:00,2025-03-15T16:03:29.5368704Z,GroundBall,v3,471300,471281,15 March 2025 14:00-dayton@georgemas,"Howell, Martin",1000115741,Right,DAY_FLY,c73ac974-f418-4908-bff7-a5473bceaf37,54.23375,-127.71818,11.7006,5.74901,-4.02273,-8.44494,-1.29468,6.60097,-4.51275,180,3.27457,108.69331,,,,,,,,2.69297,-15.45769,,,,,,,,0.66483,98.67985,,,,,,,,,,,,,,,,,,,,,,,,,,,,,,High,High,High,High,High,,,
115,2025-03-15,12:04:06.79,3,1,"Malecha, Peyton",1000232746,Right,DAY_FLY,"Wall, Jonny",1000119703,Right,GEO_PAT,Undefined,4,Bottom,2,0,0,Fastball,Four-Seam,StrikeCalled,Undefined,Undefined,Undefined,0,0,,86.20619,-2.780855,-3.052523,2431.00536,214.674771,1:15,5.78299,1.0444,6.20363,-18.06592,18.99462,12.35347,1.70483,-0.74659,79.32376,-6.210814,-0.825761,0.438154,,,,,,,,,,,,-7.24717,10.94619,-0.82104,50,5.56433,6.20116,-125.09362,-6.57504,-11.54882,23.89217,-14.73056,GEO_PAT,DAY_FLY,SpuhlerFieldMain,D1,A10,20250315-SpuhlerFieldMain-1,21082430-01b7-11f0-9838-553521291aba,86.02546,,,6.88244,,,,,,,597f71cc-5c49-418c-8ea9-73822ae81711,2025-03-15,16:04:06.79,2025-03-15T12:04:06.7939840-04:00,2025-03-15T16:04:06.7939840Z,,v3,471300,471281,15 March 2025 14:00-dayton@georgemas,"Howell, Martin",1000115741,Right,DAY_FLY,8a175a11-8938-452f-a661-49ec18e0c8cf,54.30003,-125.91222,11.94609,5.78096,-6.07033,-7.36528,-1.04028,6.59684,-5.77441,,,,,,,,,,,,,,,,,,,,,,,,,,,,,,,,,,,,,,,,,,,,,,,,,,,High,High,High,,,,,
116,2025-03-15,12:04:22.73,3,2,"Malecha, Peyton",1000232746,Right,DAY_FLY,"Wall, Jonny",1000119703,Right,GEO_PAT,Undefined,4,Bottom,2,0,1,Fastball,Four-Seam,BallCalled,Undefined,Undefined,Undefined,0,0,,87.50421,-1.246804,-3.878372,2406.428149,220.992391,1:15,5.82256,0.94873,6.29151,-21.37273,14.71414,11.77339,2.88967,-1.64979,79.89054,-5.296477,-1.755835,0.432361,,,,,,,,,,,,-7.19768,8.34697,-0.66814,50,5.72009,8.13824,-126.89818,-3.37805,-11.72355,26.23668,-18.57853,GEO_PAT,DAY_FLY,SpuhlerFieldMain,D1,A10,20250315-SpuhlerFieldMain-1,2a85a550-01b7-11f0-9838-553521291aba,87.17825,,,7.61367,,,,,,,597f71cc-5c49-418c-8ea9-73822ae81711,2025-03-15,16:04:22.73,2025-03-15T12:04:22.7396608-04:00,2025-03-15T16:04:22.7396608Z,,v3,471300,471281,15 March 2025 14:00-dayton@georgemas,"Howell, Martin",1000115741,Right,DAY_FLY,dfcebe79-000f-4a15-aec7-50728b80733d,54.2101,-127.76566,13.11834,5.82162,-2.76377,-9.28927,-0.94363,8.52586,-5.86178,,,,,,,,,,,,,,,,,,,,,,,,,,,,,,,,,,,,,,,,,,,,,,,,,,,High,High,High,,,,,
117,2025-03-15,12:04:43.19,3,3,"Malecha, Peyton",1000232746,Right,DAY_FLY,"Wall, Jonny",1000119703,Right,GEO_PAT,Undefined,4,Bottom,2,1,1,Slider,Slider,BallCalled,Undefined,Undefined,Undefined,0,0,,78.76253,-1.257204,-1.796202,2325.190569,81.329916,8:45,5.63307,1.24544,5.61091,-46.21396,-0.20043,-11.52414,0.60761,-1.39211,72.08982,-9.685699,-3.856783,0.488218,,,,,,,,,,,,5.34197,0.67173,-1.08397,50,5.49543,4.01608,-114.24547,-4.01579,6.97216,23.4983,-31.29734,GEO_PAT,DAY_FLY,SpuhlerFieldMain,D1,A10,20250315-SpuhlerFieldMain-1,36c13500-01b7-11f0-9838-553521291aba,77.20405,,,6.67271,,,,,,,597f71cc-5c49-418c-8ea9-73822ae81711,2025-03-15,16:04:43.19,2025-03-15T12:04:43.1988224-04:00,2025-03-15T16:04:43.1988224Z,,v3,471300,471281,15 March 2025 14:00-dayton@georgemas,"Howell, Martin",1000115741,Right,DAY_FLY,82ce13be-81fc-427d-bdd1-dcdfda349142,54.89258,-115.2474,11.74915,5.63821,-2.68133,-15.64867,-1.24887,3.7188,3.48608,,,,,,,,,,,,,,,,,,,,,,,,,,,,,,,,,,,,,,,,,,,,,,,,,,,High,High,High,,,,,
118,2025-03-15,12:05:00.32,3,4,"Malecha, Peyton",1000232746,Right,DAY_FLY,"Wall, Jonny",1000119703,Right,GEO_PAT,Undefined,4,Bottom,2,2,1,Fastball,Four-Seam,InPlay,Undefined,FlyBall,Out,1,0,,86.89721,-0.965995,-2.324444,2370.33486,221.992888,1:30,5.74256,1.1145,6.3038,-20.98363,15.20954,12.72442,3.10309,0.03206,79.95566,-4.934655,-0.024538,0.432997,97.30822,25.535608,2.572529,3617.794996,109.5768,52.10264,9.63976,352.82622,352.36747,11.711058,5.021661,-7.27583,8.50874,-0.9499,50,5.66134,4.64785,-126.33234,-2.72901,-11.83072,24.25604,-18.33858,GEO_PAT,DAY_FLY,SpuhlerFieldMain,D1,A10,20250315-SpuhlerFieldMain-1,40ee7e20-01b7-11f0-9838-553521291aba,87.05014,76.39788,,6.94155,,,,1.99177,3.13953,-0.0296,597f71cc-5c49-418c-8ea9-73822ae81711,2025-03-15,16:05:00.32,2025-03-15T12:05:00.3289600-04:00,2025-03-15T16:05:00.3289600Z,FlyBall,v3,471300,471281,15 March 2025 14:00-dayton@georgemas,"Howell, Martin",1000115741,Right,DAY_FLY,ba00b132-6c48-41a3-9c9e-725db2872bec,54.20013,-127.13621,12.12802,5.74171,-2.12125,-9.16929,-1.11043,5.03993,-5.91536,200.673685,1.99144,128.65665,-27.69616,6.7295,-1.54354,0.33779,-0.05978,0.00665,-0.00032,3.14193,61.46628,-12.5508,-0.91989,0.73847,-0.29522,0.06872,-0.00833,0.0004,-0.02983,5.78436,4.96891,-1.58179,0.41372,-0.08869,0.01381,-0.00133,6E-05,,,,,,,,,,,,,,,,,,,,,,,High,High,High,High,High,,,
119,2025-03-15,12:07:02.07,1,1,"O'Hara, Connor",1000036031,Right,GEO_PAT,"Howell, Martin",1000115741,Right,DAY_FLY,Undefined,5,Top,0,0,0,Slider,Curveball,StrikeSwinging,Undefined,Undefined,Undefined,0,0,,83.01873,-0.151889,-2.637498,2214.88042,13.443488,6:30,5.73814,1.64626,4.98875,-49.117,-7.60922,-2.08819,1.50148,-1.02011,77.34065,-8.94888,-3.006297,0.463699,,,,,,,,,,,,0.39441,-3.45606,-1.39011,50,5.68268,5.64268,-120.5704,-2.21213,0.58715,20.96483,-37.31897,GEO_PAT,DAY_FLY,SpuhlerFieldMain,D1,A10,20250315-SpuhlerFieldMain-1,898604f0-01b7-11f0-9838-553521291aba,81.28644,,,5.67808,,,,,,,597f71cc-5c49-418c-8ea9-73822ae81711,2025-03-15,16:07:02.07,2025-03-15T12:07:02.0701184-04:00,2025-03-15T16:07:02.0701184Z,,v3,471300,471281,15 March 2025 14:00-dayton@georgemas,"Raymond, Andrew",10148052,Right,GEO_PAT,46cdc33d-7bc3-43a7-a12c-26679a2893d9,55.51755,-121.526,10.48242,5.74475,-0.51108,-18.65949,-1.64671,5.61592,0.29357,,,,,,,,,,,,,,,,,,,,,,,,,,,,,,,,,,,,,,,,,,,,,,,,,,,High,High,High,,,,,
120,2025-03-15,12:07:12.24,1,2,"O'Hara, Connor",1000036031,Right,GEO_PAT,"Howell, Martin",1000115741,Right,DAY_FLY,Undefined,5,Top,0,0,1,Cutter,Curveball,InPlay,Undefined,FlyBall,Out,1,0,,82.57282,0.970171,-1.300552,2194.557272,29.004462,7:00,5.6119,1.59066,5.1018,-48.19593,-6.60394,-4.26721,2.51011,0.0093,76.93031,-7.705182,-2.055985,0.464169,92.85536,37.309296,4.980169,3442.284928,108.09472,76.98264,20.38327,313.55407,273.67961,22.210697,5.481764,1.84315,-3.3002,-1.4643,50,5.66475,2.90141,-120.06495,0.22692,2.7294,20.09784,-37.06107,GEO_PAT,DAY_FLY,SpuhlerFieldMain,D1,A10,20250315-SpuhlerFieldMain-1,8f931770-01b7-11f0-9838-553521291aba,81.2041,100.93901,,5.64251,,,,1.94706,2.66865,-0.02165,597f71cc-5c49-418c-8ea9-73822ae81711,2025-03-15,16:07:12.24,2025-03-15T12:07:12.2413056-04:00,2025-03-15T16:07:12.2413056Z,FlyBall,v3,471300,471281,15 March 2025 14:00-dayton@georgemas,"Raymond, Andrew",10148052,Right,GEO_PAT,1fbe72c5-9660-46f7-9fa3-5512a47ed434,55.40512,-120.96634,10.04892,5.6173,1.8891,-18.53053,-1.59169,2.779,1.3647,216.140755,1.95759,107.71615,-23.05356,4.36191,-0.29381,-0.12181,0.03554,-0.00342,0.0001,2.66797,82.54729,-19.96781,1.31986,-0.03117,-0.08096,0.03133,-0.00467,0.00025,-0.02202,9.40623,8.36108,-3.04362,0.81715,-0.18609,0.03456,-0.00403,0.0002,,,,,,,,,,,,,,,,,,,,,,,High,High,High,High,Medium,,,
121,2025-03-15,12:07:42.28,2,1,"O'Hara, Connor",1000036031,Right,GEO_PAT,"Wouters, Dyrenson",821727,Right,DAY_FLY,Undefined,5,Top,1,0,0,Fastball,Four-Seam,StrikeCalled,Undefined,Undefined,Undefined,0,0,,91.01642,-2.282193,-3.457934,2258.566911,225.810659,1:30,5.95517,1.32661,5.17463,-18.24584,16.53296,15.84194,2.28195,-0.61131,83.11479,-5.687396,-0.657942,0.424452,,,,,,,,,,,,-8.81079,9.19469,-1.01672,50,5.72867,7.21028,-131.7719,-5.89766,-15.50804,27.72456,-15.99035,GEO_PAT,DAY_FLY,SpuhlerFieldMain,D1,A10,20250315-SpuhlerFieldMain-1,a15e4c40-01b7-11f0-9838-553521291aba,88.80254,,,7.90163,,,,,,,597f71cc-5c49-418c-8ea9-73822ae81711,2025-03-15,16:07:42.28,2025-03-15T12:07:42.2866432-04:00,2025-03-15T16:07:42.2866432Z,,v3,471300,471281,15 March 2025 14:00-dayton@georgemas,"Raymond, Andrew",10148052,Right,GEO_PAT,271d0670-ba5d-4990-ba52-8d1ad14eae2d,55.32675,-132.88791,13.86228,5.95312,-5.254,-7.99518,-1.31952,7.83453,-7.75402,,,,,,,,,,,,,,,,,,,,,,,,,,,,,,,,,,,,,,,,,,,,,,,,,,,High,High,High,,,,,
122,2025-03-15,12:07:52.02,2,2,"O'Hara, Connor",1000036031,Right,GEO_PAT,"Wouters, Dyrenson",821727,Right,DAY_FLY,Undefined,5,Top,1,0,1,Fastball,Sinker,FoulBallNotFieldable,Undefined,Undefined,Undefined,0,0,,90.60613,-1.179287,-3.019199,2251.621632,249.374542,2:15,5.67245,1.55293,4.87175,-26.84049,8.53902,19.70974,2.31803,0.33556,82.93625,-6.074992,0.449697,0.428102,,,,,,,,,,,,-10.63449,4.84874,-1.27352,50,5.53367,5.9944,-131.32316,-3.78191,-18.5986,27.42489,-23.69411,GEO_PAT,DAY_FLY,SpuhlerFieldMain,D1,A10,20250315-SpuhlerFieldMain-1,a7464a90-01b7-11f0-9838-553521291aba,88.04546,,,7.66988,,,,,,,597f71cc-5c49-418c-8ea9-73822ae81711,2025-03-15,16:07:52.02,2025-03-15T12:07:52.0202240-04:00,2025-03-15T16:07:52.0202240Z,,v3,471300,471281,15 March 2025 14:00-dayton@georgemas,"Raymond, Andrew",10148052,Right,GEO_PAT,5dda527a-0548-4060-be8a-71f888159063,55.63255,-132.49421,13.71245,5.67356,-2.77016,-11.84705,-1.54643,6.78857,-9.2993,,,,,,,,,,,,,,,,,,,,,,,,,,,,,,,,,,,,,,,,,,,,,,,,,,,High,High,High,,,,,
123,,,2,3,"O'Hara, Connor",1000036031,Right,GEO_PAT,"Wouters, Dyrenson",821727,Right,DAY_FLY,Undefined,5,Top,1,0,2,Fastball,,InPlay,Undefined,GroundBall,Out,1,0,,,,,,,,,,,,,,,,,,,,,,,,,,,,,,,,,,,,,,,,,,GEO_PAT,DAY_FLY,SpuhlerFieldMain,D1,A10,20250315-SpuhlerFieldMain-1,bdabc800-01b7-11f0-9838-553521291aba,,,,,,,,,,,597f71cc-5c49-418c-8ea9-73822ae81711,,,,,,v3,471300,471281,15 March 2025 14:00-dayton@georgemas,"Raymond, Andrew",10148052,Right,GEO_PAT,,,,,,,,,,,,,,,,,,,,,,,,,,,,,,,,,,,,,,,,,,,,,,,,,,,,,,,,,,,,,,,,,,,,
124,2025-03-15,12:08:36.42,3,1,"O'Hara, Connor",1000036031,Right,GEO_PAT,"Mainolfi, Ty",10109715,Left,DAY_FLY,Undefined,5,Top,2,0,0,Fastball,Sinker,BallCalled,Undefined,Undefined,Undefined,0,0,,92.58099,-0.684195,-1.497395,2256.515134,243.568955,2:00,5.82502,1.18387,5.07046,-23.83907,9.67564,17.39296,3.19307,1.2211,84.84948,-5.06156,1.577635,0.416667,,,,,,,,,,,,-9.01808,5.30237,-1.05601,50,5.74142,2.66801,-134.3688,-2.5462,-16.5431,28.19307,-22.44718,GEO_PAT,DAY_FLY,SpuhlerFieldMain,D1,A10,20250315-SpuhlerFieldMain-1,c1a2a4b0-01b7-11f0-9838-553521291aba,90.46179,,,7.73151,,,,,,,597f71cc-5c49-418c-8ea9-73822ae81711,2025-03-15,16:08:36.42,2025-03-15T12:08:36.4238336-04:00,2025-03-15T16:08:36.4238336Z,,v3,471300,471281,15 March 2025 14:00-dayton@georgemas,"Raymond, Andrew",10148052,Right,GEO_PAT,46f66f23-274e-43a6-95db-d7f99010c39f,55.43205,-135.50375,14.09654,5.82574,-1.64256,-11.22359,-1.17682,3.33397,-8.27155,,,,,,,,,,,,,,,,,,,,,,,,,,,,,,,,,,,,,,,,,,,,,,,,,,,High,High,High,,,,,
125,2025-03-15,12:08:47.03,3,2,"O'Hara, Connor",1000036031,Right,GEO_PAT,"Mainolfi, Ty",10109715,Left,DAY_FLY,Undefined,5,Top,2,0,0,Fastball,Sinker,InPlay,Undefined,GroundBall,Out,1,0,,89.90567,-1.72918,-1.444947,2252.391487,239.718859,2:00,5.78447,1.14642,5.12302,-24.56037,11.05327,16.97824,2.10794,1.1999,82.27037,-6.243369,1.560863,0.429516,75.55445,-28.191684,-3.498311,,,,,5.7485,3.58536,-14.231252,0.040288,-8.89701,6.3226,-1.02451,50,5.603,2.50745,-130.41118,-4.86328,-15.31279,27.57709,-21.29207,GEO_PAT,DAY_FLY,SpuhlerFieldMain,D1,A10,20250315-SpuhlerFieldMain-1,c811fb70-01b7-11f0-9838-553521291aba,87.75555,2.11463,,7.6353,,,,1.63429,2.11463,-1.17246,597f71cc-5c49-418c-8ea9-73822ae81711,2025-03-15,16:08:47.03,2025-03-15T12:08:47.0309888-04:00,2025-03-15T16:08:47.0309888Z,GroundBall,v3,471300,471281,15 March 2025 14:00-dayton@georgemas,"Raymond, Andrew",10148052,Right,GEO_PAT,f14e9f3c-2c22-432a-8eef-b08aabd259a8,55.38001,-131.54393,13.78855,5.7848,-3.98869,-10.64604,-1.14043,3.13644,-7.65639,180,1.63263,97.74069,,,,,,,,2.11552,-52.48764,,,,,,,,-1.17236,-5.97519,,,,,,,,,,,,,,,,,,,,,,,,,,,,,,High,High,High,Low,Low,,,
126,2025-03-15,12:10:54.70,1,1,"Malecha, Peyton",1000232746,Right,DAY_FLY,"Hueber, Toby",1000091691,Right,GEO_PAT,Undefined,5,Bottom,0,0,0,Fastball,Cutter,StrikeCalled,Undefined,Undefined,Undefined,0,0,,86.6603,-0.828151,-3.118015,2420.492976,204.232353,12:45,5.75486,1.26108,6.26387,-21.86781,14.45706,6.04701,3.16776,-1.11281,80.11592,-4.940679,-2.027498,0.433784,,,,,,,,,,,,-3.90445,8.03902,-1.03263,50,5.68246,6.62717,-125.92753,-2.45803,-6.34436,22.71665,-19.11146,GEO_PAT,DAY_FLY,SpuhlerFieldMain,D1,A10,20250315-SpuhlerFieldMain-1,14293320-01b8-11f0-9838-553521291aba,86.89222,,,6.54438,,,,,,,597f71cc-5c49-418c-8ea9-73822ae81711,2025-03-15,16:10:54.70,2025-03-15T12:10:54.7078656-04:00,2025-03-15T16:10:54.7078656Z,,v3,471300,471281,15 March 2025 14:00-dayton@georgemas,"Howell, Martin",1000115741,Right,DAY_FLY,2e9df763-ca47-49ae-a328-c21e8b1a5d30,54.23895,-126.68991,11.35833,5.75419,-1.81665,-9.55573,-1.25862,6.84009,-3.17218,,,,,,,,,,,,,,,,,,,,,,,,,,,,,,,,,,,,,,,,,,,,,,,,,,,High,High,High,,,,,
127,2025-03-15,12:11:11.56,1,2,"Malecha, Peyton",1000232746,Right,DAY_FLY,"Hueber, Toby",1000091691,Right,GEO_PAT,Undefined,5,Bottom,0,0,1,Slider,Slider,BallCalled,Undefined,Undefined,Undefined,0,0,,79.60999,-1.882167,-2.207547,2073.399185,100.852851,9:15,5.64163,1.32567,5.70774,-41.50006,2.27547,-5.90504,0.42764,-1.22433,74.63561,-9.411094,-3.264803,0.476198,,,,,,,,,,,,2.54055,1.86953,-1.13663,50,5.4572,4.67408,-115.73218,-5.14365,3.49775,18.54233,-29.60017,GEO_PAT,DAY_FLY,SpuhlerFieldMain,D1,A10,20250315-SpuhlerFieldMain-1,1e405c30-01b8-11f0-9838-553521291aba,79.15295,,,4.97439,,,,,,,597f71cc-5c49-418c-8ea9-73822ae81711,2025-03-15,16:11:11.56,2025-03-15T12:11:11.5639808-04:00,2025-03-15T16:11:11.5639808Z,,v3,471300,471281,15 March 2025 14:00-dayton@georgemas,"Howell, Martin",1000115741,Right,DAY_FLY,7d2a1106-dff4-4377-9412-74dfe4ffc2b2,54.79849,-116.49845,9.27117,5.64448,-3.92041,-14.80009,-1.3268,4.52954,1.74887,,,,,,,,,,,,,,,,,,,,,,,,,,,,,,,,,,,,,,,,,,,,,,,,,,,High,High,High,,,,,
128,2025-03-15,12:11:34.71,1,3,"Malecha, Peyton",1000232746,Right,DAY_FLY,"Hueber, Toby",1000091691,Right,GEO_PAT,Undefined,5,Bottom,0,1,1,Fastball,Four-Seam,BallCalled,Undefined,Undefined,Undefined,0,0,,86.56411,0.596665,-2.499988,2386.638551,208.637647,1:00,5.77017,1.23339,6.18668,-20.16407,16.31674,8.35489,4.64133,-0.38031,79.83994,-3.215993,-0.99452,0.434714,,,,,,,,,,,,-4.9315,8.62241,-1.04872,50,5.80476,5.16712,-125.84017,0.738,-8.00135,22.70822,-18.18426,GEO_PAT,DAY_FLY,SpuhlerFieldMain,D1,A10,20250315-SpuhlerFieldMain-1,2bece100-01b8-11f0-9838-553521291aba,86.7063,,,6.72417,,,,,,,597f71cc-5c49-418c-8ea9-73822ae81711,2025-03-15,16:11:34.71,2025-03-15T12:11:34.7179008-04:00,2025-03-15T16:11:34.7179008Z,,v3,471300,471281,15 March 2025 14:00-dayton@georgemas,"Howell, Martin",1000115741,Right,DAY_FLY,40a7c008-51a0-4382-9fe8-ee0d252c5ed4,54.31584,-126.61658,11.35411,5.7689,1.35973,-9.09213,-1.23006,5.44069,-4.00067,,,,,,,,,,,,,,,,,,,,,,,,,,,,,,,,,,,,,,,,,,,,,,,,,,,High,High,High,,,,,
129,2025-03-15,12:11:51.53,1,4,"Malecha, Peyton",1000232746,Right,DAY_FLY,"Hueber, Toby",1000091691,Right,GEO_PAT,Undefined,5,Bottom,0,2,1,Fastball,Four-Seam,FoulBallNotFieldable,Undefined,Undefined,Undefined,0,0,,85.42483,-1.66478,-3.114664,2356.771144,221.184882,1:15,5.61896,1.21822,6.21368,-24.14143,12.90119,10.48528,2.06801,-0.78544,79.98577,-6.152765,-1.224105,0.438049,84.76569,37.320552,40.517883,4840.78182,75.06758,68.64994,80.40427,263.99893,195.44397,57.113348,4.685853,-6.15115,7.35465,-0.98983,50,5.48148,6.3776,-124.25291,-4.34099,-9.84763,19.2784,-20.39965,GEO_PAT,DAY_FLY,SpuhlerFieldMain,D1,A10,20250315-SpuhlerFieldMain-1,360bf950-01b8-11f0-9838-553521291aba,86.04626,77.27116,,5.43905,,,,2.43088,0.43658,-1.10116,597f71cc-5c49-418c-8ea9-73822ae81711,2025-03-15,16:11:51.53,2025-03-15T12:11:51.5332096-04:00,2025-03-15T16:11:51.5332096Z,FlyBall,v3,471300,471281,15 March 2025 14:00-dayton@georgemas,"Howell, Martin",1000115741,Right,DAY_FLY,6a5c93d1-1a64-4007-9f0b-acae36962886,54.29193,-124.91704,9.6392,5.61892,-3.63822,-10.19983,-1.21537,6.71684,-4.92381,218.860382,2.43541,75.0676,-23.79625,6.44554,-1.33929,0.23612,-0.04901,0.00857,-0.00063,0.4398,75.29212,-20.60388,0.48625,0.83236,-0.49586,0.14331,-0.02034,0.00112,-1.09742,64.15012,-4.72217,-0.67854,0.85528,-0.37281,0.08924,-0.01095,0.00053,,,,,,,,,,,,,,,,,,,,,,,High,High,High,Medium,Medium,,,
130,2025-03-15,12:12:10.18,1,5,"Malecha, Peyton",1000232746,Right,DAY_FLY,"Hueber, Toby",1000091691,Right,GEO_PAT,Undefined,5,Bottom,0,2,2,Fastball,Four-Seam,FoulBallNotFieldable,Undefined,Undefined,Undefined,0,0,,86.32536,-1.271541,-2.011598,2459.6128,208.036314,1:00,5.73777,1.06625,6.15259,-21.02875,16.09036,7.94221,2.80956,-0.13136,78.98435,-5.251749,-0.579879,0.438501,,,,,,,,,,,,-4.70425,9.04796,-0.91737,50,5.63013,4.09877,-125.3973,-3.38935,-7.48656,25.47938,-17.77476,GEO_PAT,DAY_FLY,SpuhlerFieldMain,D1,A10,20250315-SpuhlerFieldMain-1,412417a0-01b8-11f0-9838-553521291aba,85.95755,,,7.341,,,,,,,597f71cc-5c49-418c-8ea9-73822ae81711,2025-03-15,16:12:10.18,2025-03-15T12:12:10.1815296-04:00,2025-03-15T16:12:10.1815296Z,,v3,471300,471281,15 March 2025 14:00-dayton@georgemas,"Howell, Martin",1000115741,Right,DAY_FLY,cd3f2ae4-fcb3-4b21-9331-7b04228d8410,54.35029,-126.27813,12.73969,5.73669,-2.77487,-8.88738,-1.06354,4.35759,-3.74328,,,,,,,,,,,,,,,,,,,,,,,,,,,,,,,,,,,,,,,,,,,,,,,,,,,High,High,High,,,,,
131,2025-03-15,12:12:40.29,1,6,"Malecha, Peyton",1000232746,Right,DAY_FLY,"Hueber, Toby",1000091691,Right,GEO_PAT,Undefined,5,Bottom,0,2,2,Fastball,Four-Seam,FoulBallNotFieldable,Undefined,Undefined,Undefined,0,0,,87.44698,-1.519031,-2.62568,2382.683052,219.401256,1:15,5.76339,1.14285,6.17269,-22.08367,13.6802,10.41032,2.51825,-0.41651,80.94128,-5.656414,-0.74909,0.430421,74.89256,58.992212,129.619075,5311.727926,,,,,55.70313,,,-6.07575,7.78059,-0.94936,50,5.63681,5.42969,-127.11385,-4.04112,-10.06011,23.12829,-19.29105,GEO_PAT,DAY_FLY,SpuhlerFieldMain,D1,A10,20250315-SpuhlerFieldMain-1,531a2d00-01b8-11f0-9838-553521291aba,87.57107,82.42592,,6.50569,,,,1.93833,2.88257,0.59019,597f71cc-5c49-418c-8ea9-73822ae81711,2025-03-15,16:12:40.29,2025-03-15T12:12:40.2954240-04:00,2025-03-15T16:12:40.2954240Z,,v3,471300,471281,15 March 2025 14:00-dayton@georgemas,"Howell, Martin",1000115741,Right,DAY_FLY,af14c997-52e7-48cc-b026-569672aa9c2a,54.33168,-127.89956,11.56414,5.76296,-3.38576,-9.64553,-1.13962,5.77145,-5.03006,305.118326,1.93833,-36.08361,-0.25733,1.64607,-0.73004,0.24527,-0.07082,0.01531,-0.00168,2.88257,94.14544,-29.19848,3.57965,-0.47743,-0.01528,0.04584,-0.01927,0.00316,0.59019,43.58798,-19.28378,6.60138,-1.79813,0.40879,-0.06317,0.00027,0.00129,,,,,,,,,,,,,,,,,,,,,,,High,High,High,High,Undefined,,,
132,2025-03-15,12:13:02.85,1,7,"Malecha, Peyton",1000232746,Right,DAY_FLY,"Hueber, Toby",1000091691,Right,GEO_PAT,Undefined,5,Bottom,0,2,2,Fastball,Four-Seam,BallCalled,Undefined,Undefined,Undefined,0,0,,87.89136,0.141248,-3.207477,2406.437402,207.752985,1:00,5.78611,1.02264,6.08776,-21.01363,14.45985,7.09977,4.16585,-1.35612,81.29629,-3.803035,-1.931816,0.42867,,,,,,,,,,,,-4.43221,7.73937,-0.77856,50,5.7857,6.87504,-127.72085,-0.32264,-7.42645,22.76196,-19.20621,GEO_PAT,DAY_FLY,SpuhlerFieldMain,D1,A10,20250315-SpuhlerFieldMain-1,6091bf20-01b8-11f0-9838-553521291aba,87.92872,,,6.59507,,,,,,,597f71cc-5c49-418c-8ea9-73822ae81711,2025-03-15,16:13:02.85,2025-03-15T12:13:02.8511232-04:00,2025-03-15T16:13:02.8511232Z,,v3,471300,471281,15 March 2025 14:00-dayton@georgemas,"Howell, Martin",1000115741,Right,DAY_FLY,dd0c18db-7b5e-449d-a23b-0d9008c16631,54.41556,-128.50536,11.38098,5.78541,0.33932,-9.6031,-1.01993,7.131,-3.71323,,,,,,,,,,,,,,,,,,,,,,,,,,,,,,,,,,,,,,,,,,,,,,,,,,,High,High,High,,,,,
133,2025-03-15,12:13:25.09,1,8,"Malecha, Peyton",1000232746,Right,DAY_FLY,"Hueber, Toby",1000091691,Right,GEO_PAT,Undefined,5,Bottom,0,3,2,Fastball,Four-Seam,StrikeSwinging,Strikeout,Undefined,Undefined,0,0,,87.03911,-1.314602,-2.515638,2413.094596,212.142469,1:00,5.68146,1.21161,6.30327,-20.76698,15.30296,8.94638,2.73828,-0.36215,80.17773,-5.238291,-0.899168,0.432259,,,,,,,,,,,,-5.29925,8.63146,-1.03092,50,5.57464,5.21163,-126.48696,-3.49498,-8.65009,23.97163,-18.08478,GEO_PAT,DAY_FLY,SpuhlerFieldMain,D1,A10,20250315-SpuhlerFieldMain-1,6dcce480-01b8-11f0-9838-553521291aba,87.1987,,,6.86137,,,,,,,597f71cc-5c49-418c-8ea9-73822ae81711,2025-03-15,16:13:25.09,2025-03-15T12:13:25.0970000-04:00,2025-03-15T16:13:25.0970000Z,,v3,471300,471281,15 March 2025 14:00-dayton@georgemas,"Howell, Martin",1000115741,Right,DAY_FLY,55b3c7da-e79d-48c7-b2a7-97055c4ea7f4,54.19928,-127.28031,11.98581,5.6804,-2.89646,-9.04239,-1.20813,5.49791,-4.32504,,,,,,,,,,,,,,,,,,,,,,,,,,,,,70.44469,2.901876,1.960397,0.941479,0.03074,2.60977,0.38339,-1.70922,5.32227,6.35643,71.49513,8.47068,53.28903,-1.59429,87.55896,-10.49677,5.37126,16.9825,-14.51992,6.32428,49.95876,-0.09197,High,High,High,,,High,High,High
134,2025-03-15,12:14:00.43,2,1,"Malecha, Peyton",1000232746,Right,DAY_FLY,"Hull, Owen",10054797,Left,GEO_PAT,Undefined,5,Bottom,1,0,0,Fastball,Four-Seam,BallCalled,Undefined,Undefined,Undefined,0,0,,87.72862,-0.519601,-0.066125,2353.188483,216.260338,1:15,5.72297,1.35744,5.97406,-20.84883,14.90017,10.19851,3.50383,2.14601,81.09318,-4.429297,1.767257,0.430332,,,,,,,,,,,,-5.26496,8.10434,-1.35788,50,5.6701,-0.26541,-127.62926,-1.80006,-8.78387,23.44752,-18.65308,GEO_PAT,DAY_FLY,SpuhlerFieldMain,D1,A10,20250315-SpuhlerFieldMain-1,82c2cc60-01b8-11f0-9838-553521291aba,87.58926,,,6.63544,,,,,,,597f71cc-5c49-418c-8ea9-73822ae81711,2025-03-15,16:14:00.43,2025-03-15T12:14:00.4389888-04:00,2025-03-15T16:14:00.4389888Z,,v3,471300,471281,15 March 2025 14:00-dayton@georgemas,"Howell, Martin",1000115741,Right,DAY_FLY,cefac82e-9705-439b-9204-2e4ac57538e6,54.52904,-128.45862,11.72376,5.7221,-1.14028,-9.32654,-1.35399,0.04528,-4.39194,,,,,,,,,,,,,,,,,,,,,,,,,,,,,,,,,,,,,,,,,,,,,,,,,,,High,High,High,,,,,
135,2025-03-15,12:14:17.47,2,2,"Malecha, Peyton",1000232746,Right,DAY_FLY,"Hull, Owen",10054797,Left,GEO_PAT,Undefined,5,Bottom,1,1,0,Fastball,Four-Seam,InPlay,Undefined,GroundBall,Out,1,0,,86.54868,-1.137331,-1.770332,2376.516864,212.814051,1:00,5.67262,1.32358,6.10829,-23.36206,13.10674,7.81119,2.67339,0.33685,80.31472,-5.499409,-0.362905,0.434642,,,,,,,,,,,,-4.49484,7.36406,-1.19176,50,5.57273,3.59412,-125.9127,-3.21635,-7.31984,22.11626,-20.18166,GEO_PAT,DAY_FLY,SpuhlerFieldMain,D1,A10,20250315-SpuhlerFieldMain-1,8d03c490-01b8-11f0-9838-553521291aba,86.72061,,,6.23396,,,,,,,597f71cc-5c49-418c-8ea9-73822ae81711,2025-03-15,16:14:17.47,2025-03-15T12:14:17.4768128-04:00,2025-03-15T16:14:17.4768128Z,,v3,471300,471281,15 March 2025 14:00-dayton@georgemas,"Howell, Martin",1000115741,Right,DAY_FLY,1bb2fa60-5bc4-4cfe-9397-e2fec20c0ea8,54.39628,-126.68254,11.05813,5.67246,-2.51385,-10.09083,-1.3213,3.84891,-3.65992,,,,,,,,,,,,,,,,,,,,,,,,,,,,,,,,,,,,,,,,,,,,,,,,,,,High,High,High,,,,,
136,2025-03-15,12:14:56.34,3,1,"Malecha, Peyton",1000232746,Right,DAY_FLY,"Quinn-Irons, Jaime",1000216379,Right,GEO_PAT,Undefined,5,Bottom,2,0,0,Fastball,Four-Seam,FoulBallNotFieldable,Undefined,Undefined,Undefined,0,0,,87.12772,-0.495397,-2.075902,2426.320648,211.964088,1:00,5.7372,1.1743,6.07352,-21.9193,14.41394,8.32036,3.45185,-0.05415,80.08924,-4.619364,-0.578513,0.433834,73.11683,39.249344,170.318798,3542.795141,-109.51266,50.67493,10.34181,215.26744,65.29123,177.723561,3.188967,-4.87626,7.90705,-1.01806,50,5.68705,4.26631,-126.6433,-1.75811,-7.96283,24.53536,-19.26205,GEO_PAT,DAY_FLY,SpuhlerFieldMain,D1,A10,20250315-SpuhlerFieldMain-1,a42f7830-01b8-11f0-9838-553521291aba,86.88218,50.67332,,7.03848,,,,2.56187,3.54107,0.0447,597f71cc-5c49-418c-8ea9-73822ae81711,2025-03-15,16:14:56.34,2025-03-15T12:14:56.3486720-04:00,2025-03-15T16:14:56.3486720Z,FlyBall,v3,471300,471281,15 March 2025 14:00-dayton@georgemas,"Howell, Martin",1000115741,Right,DAY_FLY,24e79eaf-e4c9-43fd-8d32-13cf18f576e1,54.43017,-127.49869,12.26768,5.73664,-1.08657,-9.63102,-1.17164,4.54392,-3.98142,327.743908,2.56185,-81.86373,3.29332,0.44125,0.10566,-0.24627,0.13985,-0.03369,0.00297,3.5412,67.84655,-28.22971,3.43816,-0.66451,0.1054,-0.02033,0.00522,-0.0006,0.04473,13.96667,-6.53516,1.64803,-0.40214,0.12236,-0.0439,0.01043,-0.00099,,,,,,,,,,,,,,,,,,,,,,,High,High,High,High,Low,,,
137,2025-03-15,12:15:14.30,3,2,"Malecha, Peyton",1000232746,Right,DAY_FLY,"Quinn-Irons, Jaime",1000216379,Right,GEO_PAT,Undefined,5,Bottom,2,0,1,Fastball,Four-Seam,BallCalled,Undefined,Undefined,Undefined,0,0,,87.76969,-0.437325,-3.029978,2379.810817,206.302886,1:00,5.79219,1.10501,5.95238,-18.51473,17.83076,8.22619,3.84311,-1.02236,79.87038,-3.962778,-1.555143,0.433907,,,,,,,,,,,,-5.06796,9.61323,-0.86827,50,5.74693,6.39408,-127.30579,-1.50266,-8.29315,26.83494,-16.44303,GEO_PAT,DAY_FLY,SpuhlerFieldMain,D1,A10,20250315-SpuhlerFieldMain-1,aecc4c00-01b8-11f0-9838-553521291aba,86.86756,,,7.89931,,,,,,,597f71cc-5c49-418c-8ea9-73822ae81711,2025-03-15,16:15:14.30,2025-03-15T12:15:14.3011328-04:00,2025-03-15T16:15:14.3011328Z,,v3,471300,471281,15 March 2025 14:00-dayton@georgemas,"Howell, Martin",1000115741,Right,DAY_FLY,b0798966-476a-48a8-8e0b-95d0c8d4d13f,54.54787,-128.26086,13.41747,5.79,-0.91744,-8.22152,-1.10109,6.68923,-4.14657,,,,,,,,,,,,,,,,,,,,,,,,,,,,,,,,,,,,,,,,,,,,,,,,,,,High,High,High,,,,,
138,2025-03-15,12:15:30.11,3,3,"Malecha, Peyton",1000232746,Right,DAY_FLY,"Quinn-Irons, Jaime",1000216379,Right,GEO_PAT,Undefined,5,Bottom,2,1,1,Fastball,Four-Seam,StrikeSwinging,Undefined,Undefined,Undefined,0,0,,87.29379,-1.800611,-2.978976,2417.247596,205.871181,12:45,5.84747,1.15864,6.08694,-18.46973,17.77438,8.08981,2.63971,-0.92566,80.29419,-5.297135,-1.524406,0.433301,,,,,,,,,,,,-4.93768,9.97091,-0.93264,50,5.69828,6.2694,-126.7175,-4.51241,-8.08277,24.25575,-15.85211,GEO_PAT,DAY_FLY,SpuhlerFieldMain,D1,A10,20250315-SpuhlerFieldMain-1,b852f4e0-01b8-11f0-9838-553521291aba,86.98898,,,6.9996,,,,,,,597f71cc-5c49-418c-8ea9-73822ae81711,2025-03-15,16:15:30.11,2025-03-15T12:15:30.1121024-04:00,2025-03-15T16:15:30.1121024Z,,v3,471300,471281,15 March 2025 14:00-dayton@georgemas,"Howell, Martin",1000115741,Right,DAY_FLY,0efea2ea-94b6-44b6-9546-2189cb89d81c,54.41502,-127.55981,12.12787,5.84542,-3.96194,-7.92606,-1.15523,6.55008,-4.04138,,,,,,,,,,,,,,,,,,,,,,,,,,,,,,,,,,,,,,,,,,,,,,,,,,,High,High,High,,,,,
139,2025-03-15,12:16:19.36,3,4,"Malecha, Peyton",1000232746,Right,DAY_FLY,"Quinn-Irons, Jaime",1000216379,Right,GEO_PAT,Undefined,5,Bottom,2,1,2,Fastball,Four-Seam,BallCalled,Undefined,Undefined,Undefined,0,0,,88.80508,-0.177066,-1.895343,2434.239773,216.003937,1:15,5.81528,1.03221,5.95968,-19.53631,15.65501,10.59993,4.02296,0.15724,81.37698,-3.867971,0.008352,0.426962,,,,,,,,,,,,-5.93437,8.40626,-0.88748,50,5.79021,3.82665,-129.02618,-0.99186,-10.04433,25.82996,-17.94583,GEO_PAT,DAY_FLY,SpuhlerFieldMain,D1,A10,20250315-SpuhlerFieldMain-1,d5961b40-01b8-11f0-9838-553521291aba,88.28053,,,7.4281,,,,,,,597f71cc-5c49-418c-8ea9-73822ae81711,2025-03-15,16:16:19.36,2025-03-15T12:16:19.3650176-04:00,2025-03-15T16:16:19.3650176Z,,v3,471300,471281,15 March 2025 14:00-dayton@georgemas,"Howell, Martin",1000115741,Right,DAY_FLY,68c40da6-0184-4d66-972c-f6f8bc58c0b8,54.54212,-129.93229,12.91498,5.81396,-0.36232,-8.97292,-1.0279,4.17901,-5.02216,,,,,,,,,,,,,,,,,,,,,,,,,,,,,,,,,,,,,,,,,,,,,,,,,,,High,High,High,,,,,
140,2025-03-15,12:16:35.14,3,5,"Malecha, Peyton",1000232746,Right,DAY_FLY,"Quinn-Irons, Jaime",1000216379,Right,GEO_PAT,Undefined,5,Bottom,2,2,2,Fastball,Four-Seam,InPlay,Undefined,GroundBall,Error,0,0,,86.39955,-1.223389,-1.785009,2307.142709,220.79968,1:15,5.67964,1.44093,6.09373,-22.26356,14.60288,11.66757,2.69197,0.76153,79.61944,-5.404328,0.31679,0.437005,72.61273,7.13787,-34.326425,826.472709,,,,83.51721,80.82104,-35.068798,0.85526,-6.53134,8.19965,-1.30961,50,5.57341,3.46422,-125.60758,-3.35047,-10.50824,23.75982,-18.98168,GEO_PAT,DAY_FLY,SpuhlerFieldMain,D1,A10,20250315-SpuhlerFieldMain-1,df15e650-01b8-11f0-9838-553521291aba,86.25164,4.84474,,6.78011,,,,1.86854,2.6774,-0.63582,597f71cc-5c49-418c-8ea9-73822ae81711,2025-03-15,16:16:35.14,2025-03-15T12:16:35.1491584-04:00,2025-03-15T16:16:35.1491584Z,GroundBall,v3,471300,471281,15 March 2025 14:00-dayton@georgemas,"Howell, Martin",1000115741,Right,DAY_FLY,e39cc406-8450-46e2-ad7c-a641ed15f075,54.41015,-126.43905,11.87991,5.67904,-2.68621,-9.49084,-1.43727,3.83195,-5.25412,48.099889,1.91067,86.59357,-10.46229,,,,,,,2.73027,12.39157,-18.28764,,,,,,,-0.64632,-59.42238,4.77364,,,,,,,,,,,,,,,,,,,,,,,,,,,,,High,High,High,High,High,,,
141,2025-03-15,12:18:26.35,4,1,"Malecha, Peyton",1000232746,Right,DAY_FLY,"Butler, Jake",1000176047,Right,GEO_PAT,Undefined,5,Bottom,2,0,0,ChangeUp,Changeup,InPlay,Undefined,LineDrive,Single,0,0,,84.01639,-2.212029,-2.121944,2375.831007,217.207095,1:15,5.66411,1.04215,6.12514,-23.10186,15.85367,11.1641,1.69158,0.00992,77.61465,-6.541616,-0.109728,0.449217,95.04373,14.879078,-27.142181,1953.261142,94.10115,17.25178,-56.96439,200.13295,166.02875,-35.205044,1.910352,-6.35933,9.12847,-0.88563,50,5.48245,4.10739,-122.07017,-5.38596,-9.67444,22.17974,-18.28694,GEO_PAT,DAY_FLY,SpuhlerFieldMain,D1,A10,20250315-SpuhlerFieldMain-1,215ff640-01b9-11f0-9838-553521291aba,83.90699,17.25703,,6.40174,,,,2.47591,1.83845,0.00335,597f71cc-5c49-418c-8ea9-73822ae81711,2025-03-15,16:18:26.35,2025-03-15T12:18:26.3565824-04:00,2025-03-15T16:18:26.3565824Z,LineDrive,v3,471300,471281,15 March 2025 14:00-dayton@georgemas,"Howell, Martin",1000115741,Right,DAY_FLY,54e44efc-fd7c-49cf-a121-437ac17f01c6,54.37875,-122.8632,11.08987,5.66334,-4.73212,-9.14347,-1.03867,4.4533,-4.83722,95.875136,2.47587,119.89132,-27.00391,6.63023,-2.17475,1.13573,-0.55044,0.15515,-0.01827,1.83846,35.79365,-22.48498,2.20375,-0.22921,-0.13005,0.1102,-0.03567,0.00448,0.00332,-61.45676,-2.15587,2.79141,-1.67163,1.15318,-0.59744,0.17308,-0.02074,,,,,,,,,,,,,,,,,,,,,,,High,High,High,High,Medium,,,
142,2025-03-15,12:19:14.70,5,1,"Malecha, Peyton",1000232746,Right,DAY_FLY,"Raymond, Andrew",10148052,Left,GEO_PAT,Undefined,5,Bottom,2,0,0,Slider,Curveball,StrikeCalled,Undefined,Undefined,Undefined,0,0,,76.20266,0.821023,-0.465046,2150.813534,112.515339,9:45,5.67183,1.50613,5.44082,-42.86085,5.37221,-9.84461,2.86898,0.25026,70.91431,-6.994869,-2.217939,0.499855,,,,,,,,,,,,4.85839,2.91925,-1.45796,50,5.71463,1.26893,-110.81355,0.20497,6.12915,17.09866,-28.49125,GEO_PAT,DAY_FLY,SpuhlerFieldMain,D1,A10,20250315-SpuhlerFieldMain-1,3e227af0-01b9-11f0-9838-553521291aba,75.40678,,,5.28835,,,,,,,597f71cc-5c49-418c-8ea9-73822ae81711,2025-03-15,16:19:14.70,2025-03-15T12:19:14.7004928-04:00,2025-03-15T16:19:14.7004928Z,,v3,471300,471281,15 March 2025 14:00-dayton@georgemas,"Howell, Martin",1000115741,Right,DAY_FLY,42aab53e-4aef-46be-a940-74f503695bc6,55.063,-111.59204,8.54933,5.67577,1.50216,-14.24563,-1.50938,0.98987,3.06457,,,,,,,,,,,,,,,,,,,,,,,,,,,,,,,,,,,,,,,,,,,,,,,,,,,High,High,High,,,,,
143,2025-03-15,12:19:32.91,5,2,"Malecha, Peyton",1000232746,Right,DAY_FLY,"Raymond, Andrew",10148052,Left,GEO_PAT,Undefined,5,Bottom,2,0,1,Fastball,Cutter,InPlay,Undefined,FlyBall,Out,1,0,,85.82275,-1.468276,-3.103634,2448.22572,198.312249,12:30,5.75912,1.42599,6.07836,-19.47076,17.95107,5.57823,2.77569,-0.98371,79.13218,-5.144416,-2.101247,0.440285,96.8349,36.440967,31.71894,3196.776253,90.04428,80.88749,63.18203,317.15196,198.71244,40.157711,5.721394,-3.6861,9.99508,-1.18874,50,5.63493,6.54349,-124.63124,-3.75391,-5.84787,23.0212,-16.31719,GEO_PAT,DAY_FLY,SpuhlerFieldMain,D1,A10,20250315-SpuhlerFieldMain-1,490c3640-01b9-11f0-9838-553521291aba,85.60917,111.59134,,6.69057,,,,1.06226,1.74273,0.86597,597f71cc-5c49-418c-8ea9-73822ae81711,2025-03-15,16:19:32.91,2025-03-15T12:19:32.9143808-04:00,2025-03-15T16:19:32.9143808Z,FlyBall,v3,471300,471281,15 March 2025 14:00-dayton@georgemas,"Howell, Martin",1000115741,Right,DAY_FLY,f6aae6a9-b242-43f0-902b-7a7dee3b8fed,54.42506,-125.44595,11.5106,5.75756,-3.17645,-8.1586,-1.42397,6.75045,-2.92393,196.745596,1.06915,97.05762,-28.19419,7.55132,-1.40936,0.15784,-0.00627,-0.00041,3E-05,1.73767,84.44528,-17.09997,-0.13219,0.3842,-0.13668,0.02973,-0.00352,0.00017,0.86865,60.02229,-10.29487,2.03438,-0.22819,-0.00558,0.00567,-0.00066,2E-05,,,,,,,,,,,,,,,,,,,,,,,High,High,High,Medium,Low,,,
144,2025-03-15,12:22:04.18,1,1,"O'Hara, Connor",1000036031,Right,GEO_PAT,"DiMartini, Michael",1000136501,Right,DAY_FLY,Undefined,6,Top,0,0,0,Slider,Slider,StrikeSwinging,Undefined,Undefined,Undefined,0,0,,83.55477,-1.011905,-2.364961,2221.402531,352.350531,5:45,5.73746,1.6689,5.18601,-45.36565,-4.30209,0.74516,1.00402,-0.49536,77.14214,-9.192757,-2.232785,0.461211,,,,,,,,,,,,-1.02595,-1.57205,-1.44963,50,5.60834,4.97617,-121.24332,-3.83908,-1.52878,23.46898,-34.51655,GEO_PAT,DAY_FLY,SpuhlerFieldMain,D1,A10,20250315-SpuhlerFieldMain-1,a3374010-01b9-11f0-9838-553521291aba,81.72492,,,6.41263,,,,,,,597f71cc-5c49-418c-8ea9-73822ae81711,2025-03-15,16:22:04.18,2025-03-15T12:22:04.1861632-04:00,2025-03-15T16:22:04.1861632Z,,v3,471300,471281,15 March 2025 14:00-dayton@georgemas,"Raymond, Andrew",10148052,Right,GEO_PAT,ace2088f-13cd-4936-83ab-0f59c71128f3,55.31874,-122.26853,11.73449,5.74312,-2.33127,-17.25827,-1.66846,5.04295,-0.76439,,,,,,,,,,,,,,,,,,,,,,,,,,,,,,,,,,,,,,,,,,,,,,,,,,,High,High,High,,,,,
145,2025-03-15,12:22:13.82,1,2,"O'Hara, Connor",1000036031,Right,GEO_PAT,"DiMartini, Michael",1000136501,Right,DAY_FLY,Undefined,6,Top,0,0,1,Slider,Curveball,FoulBallNotFieldable,Undefined,Undefined,Undefined,0,0,,83.07553,-0.23857,-1.503422,2278.551718,33.263189,7:00,5.69813,1.44492,5.17333,-49.47924,-8.23729,-6.16115,1.35027,-0.48367,77.20783,-9.137018,-2.59689,0.462212,55.21762,-57.14002,-79.705197,,,,,2.97138,2.97138,-11.007702,0.022847,2.72256,-3.80607,-1.29986,50,5.63728,3.42322,-120.73554,-2.35957,4.04819,21.89247,-37.8333,GEO_PAT,DAY_FLY,SpuhlerFieldMain,D1,A10,20250315-SpuhlerFieldMain-1,a8f60b80-01b9-11f0-9838-553521291aba,81.54798,1.56006,,5.8677,,,,2.73662,1.56006,0.42412,597f71cc-5c49-418c-8ea9-73822ae81711,2025-03-15,16:22:13.82,2025-03-15T12:22:13.8218496-04:00,2025-03-15T16:22:13.8218496Z,GroundBall,v3,471300,471281,15 March 2025 14:00-dayton@georgemas,"Raymond, Andrew",10148052,Right,GEO_PAT,9f2df247-3da4-49c4-97d3-ad591c5edacd,55.3332,-121.69875,10.94624,5.70448,-0.69502,-18.91665,-1.44655,3.24511,2.02409,,2.73652,7.88227,,,,,,,,1.56099,-68.28165,,,,,,,,0.42471,-43.39571,,,,,,,,,,,,,,,,,,,,,,,,,,,,,,High,High,High,Estimated,Estimated,,,
146,2025-03-15,12:22:28.94,1,3,"O'Hara, Connor",1000036031,Right,GEO_PAT,"DiMartini, Michael",1000136501,Right,DAY_FLY,Undefined,6,Top,0,0,2,Slider,Curveball,BallCalled,Undefined,Undefined,Undefined,0,0,,83.60797,-1.072773,-3.063113,2297.208007,23.862927,6:45,5.62613,1.5355,5.1271,-50.90251,-9.93658,-4.90701,0.37226,-1.76128,77.79406,-10.180735,-3.932145,0.460662,,,,,,,,,,,,1.6548,-4.36327,-1.24346,50,5.48509,6.69987,-121.3268,-4.22612,2.48018,22.51327,-38.71367,GEO_PAT,DAY_FLY,SpuhlerFieldMain,D1,A10,20250315-SpuhlerFieldMain-1,b1fed1d0-01b9-11f0-9838-553521291aba,81.82227,,,5.81391,,,,,,,597f71cc-5c49-418c-8ea9-73822ae81711,2025-03-15,16:22:28.94,2025-03-15T12:22:28.9450496-04:00,2025-03-15T16:22:28.9450496Z,,v3,471300,471281,15 March 2025 14:00-dayton@georgemas,"Raymond, Andrew",10148052,Right,GEO_PAT,57c00e03-b784-4ac7-9696-7897fdc13ef3,55.37909,-122.32086,11.25663,5.63395,-2.51673,-19.35683,-1.53687,6.59036,1.24009,,,,,,,,,,,,,,,,,,,,,,,,,,,,,,,,,,,,,,,,,,,,,,,,,,,High,High,High,,,,,
147,2025-03-15,12:22:39.29,1,4,"O'Hara, Connor",1000036031,Right,GEO_PAT,"DiMartini, Michael",1000136501,Right,DAY_FLY,Undefined,6,Top,0,1,2,Fastball,Sinker,FoulBallNotFieldable,Undefined,Undefined,Undefined,0,0,,91.05382,-0.849434,-2.468743,2203.139989,247.192907,2:15,5.7633,1.39074,5.28091,-24.95222,9.38886,19.8506,2.88535,0.72487,83.61279,-5.439821,1.052812,0.421773,56.9753,55.05135,128.18534,5698.032639,-86.23332,40.65844,68.29169,140.34116,40.34122,142.943934,3.559896,-10.66012,5.23189,-1.18074,50,5.66747,4.79578,-132.174,-2.90386,-18.94827,26.90837,-22.87442,GEO_PAT,DAY_FLY,SpuhlerFieldMain,D1,A10,20250315-SpuhlerFieldMain-1,b81e5ae0-01b9-11f0-9838-553521291aba,89.36669,57.3712,,7.44103,,,,1.11568,2.89174,-0.72136,597f71cc-5c49-418c-8ea9-73822ae81711,2025-03-15,16:22:39.29,2025-03-15T12:22:39.2982528-04:00,2025-03-15T16:22:39.2982528Z,Popup,v3,471300,471281,15 March 2025 14:00-dayton@georgemas,"Raymond, Andrew",10148052,Right,GEO_PAT,cf1222e5-3bb0-440f-a322-589b27c084d8,55.22362,-133.2332,13.45418,5.76405,-2.00346,-11.43721,-1.3842,5.54165,-9.47413,323.56054,1.11927,-29.69967,-3.29201,0.71926,0.74562,-0.58247,0.16877,-0.01973,0.00057,2.88857,68.60234,-25.47162,4.29667,-2.53198,1.43792,-0.50768,0.09322,-0.00681,-0.72158,37.64534,-8.31438,2.89834,-1.46101,0.86312,-0.34412,0.07124,-0.00576,,,,,,,,,,,,,,,,,,,,,,,High,High,High,High,Low,,,
148,2025-03-15,12:22:53.81,1,5,"O'Hara, Connor",1000036031,Right,GEO_PAT,"DiMartini, Michael",1000136501,Right,DAY_FLY,Undefined,6,Top,0,1,2,Fastball,Sinker,InPlay,Undefined,LineDrive,Out,1,0,,89.17056,-1.017499,-2.725513,2229.176818,245.234221,2:15,5.75046,1.74602,5.15318,-25.91627,10.4443,19.98828,2.63167,0.84388,81.09975,-5.796109,0.811354,0.433997,87.91845,13.488597,-15.909677,6731.839601,104.09174,12.78674,-35.56463,170.71061,138.15635,-20.409625,1.653799,-10.80182,5.85233,-1.50732,50,5.63561,5.23639,-129.22847,-3.26407,-18.1665,28.30564,-22.33162,GEO_PAT,DAY_FLY,SpuhlerFieldMain,D1,A10,20250315-SpuhlerFieldMain-1,c0cec800-01b9-11f0-9838-553521291aba,86.8495,13.66983,,8.07081,,,,1.80259,2.70316,-0.84594,597f71cc-5c49-418c-8ea9-73822ae81711,2025-03-15,16:22:53.81,2025-03-15T12:22:53.8110464-04:00,2025-03-15T16:22:53.8110464Z,LineDrive,v3,471300,471281,15 March 2025 14:00-dayton@georgemas,"Raymond, Andrew",10148052,Right,GEO_PAT,7d678ede-716d-4a96-ac0e-adc15b8932f7,55.3497,-130.39498,14.15282,5.75116,-2.34376,-11.16581,-1.73855,5.98505,-9.08325,80.645708,1.80259,120.58696,-19.44528,3.62385,-0.78679,0.15734,-0.03197,0.00516,-0.00044,2.70316,30.07708,-22.18129,2.45433,-0.52851,0.11504,-0.02219,0.00365,-0.00033,-0.84594,-34.37213,-1.99891,1.22147,-0.36923,0.09635,-0.02116,0.00359,-0.00031,,,,,,,,,,,,,,,,,,,,,,,High,High,High,High,Medium,,,
149,2025-03-15,12:23:25.56,2,1,"O'Hara, Connor",1000036031,Right,GEO_PAT,"Lujo, Rylan",1000102832,Right,DAY_FLY,Undefined,6,Top,1,0,0,Slider,Slider,InPlay,Undefined,FlyBall,Out,1,0,,83.83232,-0.045564,-2.675494,2064.871681,198.815955,12:45,5.64846,1.71391,5.23678,-37.78049,3.66311,0.73693,2.45721,-0.7414,75.71125,-6.968933,-2.544959,0.46334,87.71067,39.80441,3.41751,4969.704715,109.23464,86.89476,12.95217,270.06026,262.28293,12.197681,5.552802,-1.24209,2.2576,-1.46807,50,5.61629,5.63932,-121.35689,-1.4656,-1.82186,27.39676,-28.86271,GEO_PAT,DAY_FLY,SpuhlerFieldMain,D1,A10,20250315-SpuhlerFieldMain-1,d3b4bba0-01b9-11f0-9838-553521291aba,81.34937,106.47352,,8.12108,,,,1.64893,2.58598,0.72041,597f71cc-5c49-418c-8ea9-73822ae81711,2025-03-15,16:23:25.56,2025-03-15T12:23:25.5638528-04:00,2025-03-15T16:23:25.5638528Z,FlyBall,v3,471300,471281,15 March 2025 14:00-dayton@georgemas,"Raymond, Andrew",10148052,Right,GEO_PAT,81bf76e1-957e-41a1-a243-8b525c8125c1,55.26358,-122.5394,13.69838,5.65267,-0.21981,-14.43135,-1.71318,5.71795,-0.91093,192.143473,1.65331,98.57366,-23.95743,5.77993,-1.0975,0.17078,-0.02219,0.00212,-0.0001,2.58617,82.33755,-18.20921,0.68124,0.20998,-0.1418,0.03654,-0.00447,0.00021,0.72005,5.89799,2.4028,-0.71327,0.16243,-0.02858,0.00351,-0.00027,1E-05,,,,,,,,,,,,,,,,,,,,,,,High,High,High,High,Medium,,,
150,2025-03-15,12:23:58.28,3,1,"O'Hara, Connor",1000036031,Right,GEO_PAT,"MacDougall, Ryan",1000268563,Left,DAY_FLY,Undefined,6,Top,2,0,0,Slider,Curveball,BallCalled,Undefined,Undefined,Undefined,0,0,,83.02918,-0.130063,-1.822826,2226.179329,24.172016,6:45,5.71087,1.64649,4.9509,-51.25168,-9.29689,-4.7439,1.31693,-0.47192,76.62193,-9.322275,-2.661176,0.466189,,,,,,,,,,,,1.85618,-4.25398,-1.46541,50,5.65525,4.03913,-120.50801,-2.26461,2.72922,23.44466,-38.42881,GEO_PAT,DAY_FLY,SpuhlerFieldMain,D1,A10,20250315-SpuhlerFieldMain-1,e73a71b0-01b9-11f0-9838-553521291aba,80.85223,,,6.40725,,,,,,,597f71cc-5c49-418c-8ea9-73822ae81711,2025-03-15,16:23:58.28,2025-03-15T12:23:58.2814208-04:00,2025-03-15T16:23:58.2814208Z,,v3,471300,471281,15 March 2025 14:00-dayton@georgemas,"Raymond, Andrew",10148052,Right,GEO_PAT,fc461418-3895-46a1-ac41-131cfb332cc2,55.55455,-121.58383,11.72233,5.71871,-0.50119,-19.21441,-1.64789,3.91389,1.36461,,,,,,,,,,,,,,,,,,,,,,,,,,,,,,,,,,,,,,,,,,,,,,,,,,,High,High,High,,,,,
151,2025-03-15,12:24:09.07,3,2,"O'Hara, Connor",1000036031,Right,GEO_PAT,"MacDougall, Ryan",1000268563,Left,DAY_FLY,Undefined,6,Top,2,1,0,Sinker,Curveball,InPlay,Undefined,GroundBall,Out,1,0,,82.21601,0.135715,-1.324402,2221.476929,48.837905,7:45,5.69282,1.72233,4.90172,-47.78306,-4.82221,-7.0576,1.83929,-0.11867,75.53627,-8.464391,-2.569857,0.471746,,,,,,,,,,,,3.12917,-2.07323,-1.58637,50,5.66555,3.06143,-119.2881,-1.54897,4.49785,23.46717,-35.15411,GEO_PAT,DAY_FLY,SpuhlerFieldMain,D1,A10,20250315-SpuhlerFieldMain-1,edaf6dc0-01b9-11f0-9838-553521291aba,79.89994,,,6.67974,,,,,,,597f71cc-5c49-418c-8ea9-73822ae81711,2025-03-15,16:24:09.07,2025-03-15T12:24:09.0798080-04:00,2025-03-15T16:24:09.0798080Z,,v3,471300,471281,15 March 2025 14:00-dayton@georgemas,"Raymond, Andrew",10148052,Right,GEO_PAT,e5480d5e-6bd9-4c60-9417-0a50edb136d7,55.60244,-120.38521,11.73359,5.69955,0.0945,-17.57705,-1.72458,2.85115,2.24892,,,,,,,,,,,,,,,,,,,,,,,,,,,,,,,,,,,,,,,,,,,,,,,,,,,High,High,High,,,,,
152,2025-03-15,12:26:46.19,1,1,"Heller, James",1000281326,Right,DAY_FLY,"Alberti, Lucas",1000145512,Right,GEO_PAT,Undefined,6,Bottom,0,0,0,Fastball,Sinker,BallCalled,Undefined,Undefined,Undefined,0,0,,88.2148,-0.383297,-2.097433,1954.645709,229.567756,1:45,5.77844,1.45012,5.05311,-20.94686,16.14654,17.55162,3.6711,0.93362,80.4444,-4.280897,1.002118,0.438349,,,,,,,,,,,,-9.26166,8.46418,-1.26485,50,5.72576,3.86691,-127.92481,-1.59471,-15.34534,26.42381,-18.15006,GEO_PAT,DAY_FLY,SpuhlerFieldMain,D1,A10,20250315-SpuhlerFieldMain-1,4b2d9a30-01ba-11f0-9838-553521291aba,85.98734,,,7.7704,,,,,,,597f71cc-5c49-418c-8ea9-73822ae81711,2025-03-15,16:26:46.19,2025-03-15T12:26:46.1918720-04:00,2025-03-15T16:26:46.1918720Z,,v3,471300,471281,15 March 2025 14:00-dayton@georgemas,"Howell, Martin",1000115741,Right,DAY_FLY,1a79a834-c482-41c6-aada-d13880b1f742,55.44831,-129.04529,13.2119,5.77707,-0.82507,-9.07503,-1.44262,4.51761,-7.67267,,,,,,,,,,,,,,,,,,,,,,,,,,,,,,,,,,,,,,,,,,,,,,,,,,,High,High,High,,,,,
153,2025-03-15,12:27:03.22,1,2,"Heller, James",1000281326,Right,DAY_FLY,"Alberti, Lucas",1000145512,Right,GEO_PAT,Undefined,6,Bottom,0,1,0,Fastball,Sinker,StrikeCalled,Undefined,Undefined,Undefined,0,0,,88.20649,-0.685716,-3.25336,2039.018493,240.499384,2:00,5.72702,1.38223,5.12236,-25.79403,10.9954,17.4832,2.93052,-0.2287,81.09621,-5.420204,-0.164565,0.436549,,,,,,,,,,,,-9.5054,5.98477,-1.0901,50,5.64259,6.46842,-127.92264,-2.49592,-15.87425,24.45348,-22.17934,GEO_PAT,DAY_FLY,SpuhlerFieldMain,D1,A10,20250315-SpuhlerFieldMain-1,555b3170-01ba-11f0-9838-553521291aba,86.34185,,,7.11029,,,,,,,597f71cc-5c49-418c-8ea9-73822ae81711,2025-03-15,16:27:03.22,2025-03-15T12:27:03.2237568-04:00,2025-03-15T16:27:03.2237568Z,,v3,471300,471281,15 March 2025 14:00-dayton@georgemas,"Howell, Martin",1000115741,Right,DAY_FLY,37901a25-2c06-40b6-9aff-c048f5672c26,55.38047,-128.94706,12.22674,5.72768,-1.56677,-11.08967,-1.37501,7.13343,-7.93713,,,,,,,,,,,,,,,,,,,,,,,,,,,,,,,,,,,,,,,,,,,,,,,,,,,High,High,High,,,,,
154,2025-03-15,12:27:19.96,1,3,"Heller, James",1000281326,Right,DAY_FLY,"Alberti, Lucas",1000145512,Right,GEO_PAT,Undefined,6,Bottom,0,1,1,ChangeUp,Changeup,HitByPitch,Undefined,Undefined,Undefined,0,0,,82.45177,0.982974,-1.412295,1949.490655,273.074695,3:00,5.59844,1.44076,5.2686,-41.61357,0.26807,18.29359,3.05444,1.63823,75.86201,-6.592521,1.835066,0.465782,,,,,,,,,,,,-9.57875,0.21484,-1.32578,50,5.65741,2.19428,-119.76144,0.55081,-13.96425,22.31154,-31.86087,GEO_PAT,DAY_FLY,SpuhlerFieldMain,D1,A10,20250315-SpuhlerFieldMain-1,5f70faf0-01ba-11f0-9838-553521291aba,80.92284,,,6.58976,,,,,,,597f71cc-5c49-418c-8ea9-73822ae81711,2025-03-15,16:27:19.96,2025-03-15T12:27:19.9645696-04:00,2025-03-15T16:27:19.9645696Z,,v3,471300,471281,15 March 2025 14:00-dayton@georgemas,"Howell, Martin",1000115741,Right,DAY_FLY,224ad8db-aa25-480a-84c3-456f32e43c48,55.23642,-120.73305,11.15577,5.60322,1.93826,-15.93043,-1.43458,2.80238,-6.98213,,,,,,,,,,,,,,,,,,,,,,,,,,,,,,,,,,,,,,,,,,,,,,,,,,,High,High,High,,,,,
155,2025-03-15,12:28:51.29,2,1,"Heller, James",1000281326,Right,DAY_FLY,"Clyne, Owen",1000230336,Left,GEO_PAT,Undefined,6,Bottom,0,0,0,Fastball,Sinker,StrikeCalled,Undefined,Undefined,Undefined,0,0,,87.93723,-1.264726,-2.268421,1898.853347,226.073786,1:30,5.66512,1.795,5.04249,-24.87982,12.36961,11.63363,2.39758,0.6234,80.61131,-5.836893,-0.213901,0.43927,,,,,,,,,,,,-6.4015,6.8276,-1.58825,50,5.52477,4.52101,-127.52691,-3.74045,-10.57388,25.4847,-20.89636,GEO_PAT,DAY_FLY,SpuhlerFieldMain,D1,A10,20250315-SpuhlerFieldMain-1,95c006a0-01ba-11f0-9838-553521291aba,85.80707,,,7.32592,,,,,,,597f71cc-5c49-418c-8ea9-73822ae81711,2025-03-15,16:28:51.29,2025-03-15T12:28:51.2990720-04:00,2025-03-15T16:28:51.2990720Z,,v3,471300,471281,15 March 2025 14:00-dayton@georgemas,"Howell, Martin",1000115741,Right,DAY_FLY,858b93e6-cefd-4314-a3ee-b1f80be7b5b6,55.45984,-128.61337,12.74235,5.66524,-2.8496,-10.44818,-1.7906,4.97179,-5.28694,,,,,,,,,,,,,,,,,,,,,,,,,,,,,,,,,,,,,,,,,,,,,,,,,,,High,High,High,,,,,
156,2025-03-15,12:29:11.08,2,2,"Heller, James",1000281326,Right,DAY_FLY,"Clyne, Owen",1000230336,Left,GEO_PAT,Undefined,6,Bottom,0,0,1,ChangeUp,Changeup,BallCalled,Undefined,Undefined,Undefined,0,0,,82.63246,1.560478,-1.521473,1960.605603,261.283368,2:45,5.55976,1.82272,5.15785,-38.21329,3.52595,15.1543,3.84516,1.653,76.12593,-5.399136,1.160932,0.46499,,,,,,,,,,,,-7.93367,1.73106,-1.69271,50,5.67619,2.54165,-119.9894,1.87337,-11.66581,21.34858,-29.62867,GEO_PAT,DAY_FLY,SpuhlerFieldMain,D1,A10,20250315-SpuhlerFieldMain-1,a19385b0-01ba-11f0-9838-553521291aba,81.06076,,,6.50652,,,,,,,597f71cc-5c49-418c-8ea9-73822ae81711,2025-03-15,16:29:11.08,2025-03-15T12:29:11.0821376-04:00,2025-03-15T16:29:11.0821376Z,,v3,471300,471281,15 March 2025 14:00-dayton@georgemas,"Howell, Martin",1000115741,Right,DAY_FLY,6e0cd6fa-b638-4589-955e-3680c70a0d57,55.34593,-120.93681,10.67429,5.56388,3.18823,-14.81433,-1.81699,3.05936,-5.83291,,,,,,,,,,,,,,,,,,,,,,,,,,,,,,,,,,,,,,,,,,,,,,,,,,,High,High,High,,,,,
157,2025-03-15,12:29:40.07,2,3,"Heller, James",1000281326,Right,DAY_FLY,"Clyne, Owen",1000230336,Left,GEO_PAT,Undefined,6,Bottom,0,1,1,ChangeUp,Changeup,InPlay,Undefined,Bunt,Sacrifice,1,0,,81.4547,-0.625187,-3.487418,1794.770954,253.333952,2:30,5.55852,1.87543,5.34709,-37.27045,5.15717,13.3965,1.86509,-0.28361,75.82929,-7.398579,-1.110057,0.468809,,,,,,,,,,,,-7.61642,3.04587,-1.57103,50,5.47494,6.67935,-118.28004,-2.58538,-10.96346,19.15744,-27.78969,GEO_PAT,DAY_FLY,SpuhlerFieldMain,D1,A10,20250315-SpuhlerFieldMain-1,b2edd040-01ba-11f0-9838-553521291aba,80.40043,,,5.62541,,,,,,,597f71cc-5c49-418c-8ea9-73822ae81711,2025-03-15,16:29:40.07,2025-03-15T12:29:40.0773632-04:00,2025-03-15T16:29:40.0773632Z,,v3,471300,471281,15 March 2025 14:00-dayton@georgemas,"Howell, Martin",1000115741,Right,DAY_FLY,39f53144-188f-496e-b1bf-f1c709c5ca5a,55.15861,-119.11263,9.57872,5.56106,-1.37762,-13.89485,-1.87167,7.15583,-5.48173,,,,,,,,,,,,,,,,,,,,,,,,,,,,,,,,,,,,,,,,,,,,,,,,,,,High,High,High,,,,,
158,2025-03-15,12:30:18.40,3,1,"Heller, James",1000281326,Right,DAY_FLY,"Lavin, Sam",1000364332,Left,GEO_PAT,Undefined,6,Bottom,1,0,0,ChangeUp,Changeup,BallCalled,Undefined,Undefined,Undefined,0,0,,82.68743,-0.805139,-4.382282,1781.483309,266.949128,3:00,5.51409,1.81229,5.33106,-39.45872,2.23327,18.15363,1.46812,-0.79496,76.22977,-7.9783,-1.164716,0.464727,,,,,,,,,,,,-10.32819,1.66917,-1.42929,50,5.41233,8.44074,-119.82423,-3.09413,-15.09757,21.97511,-29.73411,GEO_PAT,DAY_FLY,SpuhlerFieldMain,D1,A10,20250315-SpuhlerFieldMain-1,c9cb8af0-01ba-11f0-9838-553521291aba,81.10668,,,6.45766,,,,,,,597f71cc-5c49-418c-8ea9-73822ae81711,2025-03-15,16:30:18.40,2025-03-15T12:30:18.4057344-04:00,2025-03-15T16:30:18.4057344Z,,v3,471300,471281,15 March 2025 14:00-dayton@georgemas,"Howell, Martin",1000115741,Right,DAY_FLY,1f442a24-3247-4ba3-ab11-63e5a71f20a3,55.17417,-120.76942,10.98756,5.51791,-1.81522,-14.86705,-1.8063,9.09012,-7.54878,,,,,,,,,,,,,,,,,,,,,,,,,,,,,,,,,,,,,,,,,,,,,,,,,,,High,High,High,,,,,
159,2025-03-15,12:30:36.45,3,2,"Heller, James",1000281326,Right,DAY_FLY,"Lavin, Sam",1000364332,Left,GEO_PAT,Undefined,6,Bottom,1,1,0,Fastball,Sinker,StrikeCalled,Undefined,Undefined,Undefined,0,0,,88.81311,-2.06162,-2.693442,1999.928363,235.232515,1:45,5.57861,1.64395,5.03923,-25.01159,11.52276,14.95918,1.54634,0.34762,81.55604,-6.642932,-0.051791,0.435033,,,,,,,,,,,,-8.15918,6.60937,-1.39923,50,5.36172,5.36691,-128.73029,-5.58305,-13.74681,25.70935,-21.03834,GEO_PAT,DAY_FLY,SpuhlerFieldMain,D1,A10,20250315-SpuhlerFieldMain-1,d48fbce0-01ba-11f0-9838-553521291aba,86.64271,,,7.25707,,,,,,,597f71cc-5c49-418c-8ea9-73822ae81711,2025-03-15,16:30:36.45,2025-03-15T12:30:36.4588544-04:00,2025-03-15T16:30:36.4588544Z,,v3,471300,471281,15 March 2025 14:00-dayton@georgemas,"Howell, Martin",1000115741,Right,DAY_FLY,fbaf5cb9-f9bb-4a73-bcdf-97973dfda32a,55.4636,-129.81687,12.85468,5.57889,-4.69389,-10.51917,-1.63833,5.9479,-6.87341,,,,,,,,,,,,,,,,,,,,,,,,,,,,,,,,,,,,,,,,,,,,,,,,,,,High,High,High,,,,,
160,2025-03-15,12:30:56.38,3,3,"Heller, James",1000281326,Right,DAY_FLY,"Lavin, Sam",1000364332,Left,GEO_PAT,Undefined,6,Bottom,1,1,1,Fastball,Sinker,FoulBallNotFieldable,Undefined,Undefined,Undefined,0,0,,88.29331,-2.061151,-2.159076,1990.752312,235.032154,1:45,5.58879,1.67224,4.96905,-25.05966,12.14808,15.63887,1.5512,0.93495,80.73995,-6.657279,0.600577,0.439024,72.20871,5.97027,-83.183379,2541.333305,,,,88.36914,80.51242,-82.298883,0.914635,-8.408,6.94772,-1.47707,50,5.36909,4.1087,-127.957,-5.55041,-13.92367,26.68971,-20.66859,GEO_PAT,DAY_FLY,SpuhlerFieldMain,D1,A10,20250315-SpuhlerFieldMain-1,e06a40d0-01ba-11f0-9838-553521291aba,85.85515,3.81288,,7.55335,,,,2.60222,1.6884,-0.92315,597f71cc-5c49-418c-8ea9-73822ae81711,2025-03-15,16:30:56.38,2025-03-15T12:30:56.3865088-04:00,2025-03-15T16:30:56.3865088Z,GroundBall,v3,471300,471281,15 March 2025 14:00-dayton@georgemas,"Howell, Martin",1000115741,Right,DAY_FLY,53614a3c-0ff5-49dd-af3f-be6b8be983e6,55.53401,-129.10614,13.34486,5.58891,-4.66051,-10.33429,-1.66688,4.7082,-6.96183,,2.60222,12.50201,-3.08555,0.57792,-0.09138,0.01674,-0.00723,0.00352,-0.00084,1.6884,11.01551,-14.42993,0.42194,-0.03209,0.03418,-0.04515,0.02938,-0.0075,-0.92315,-104.58694,12.97469,-2.83516,0.53308,-0.07537,-0.00829,0.01311,-0.00377,,,,,,,,,,,,,,,,,,,,,,,High,High,High,Low,Medium,,,
161,2025-03-15,12:31:39.14,3,4,"Heller, James",1000281326,Right,DAY_FLY,"Lavin, Sam",1000364332,Left,GEO_PAT,Undefined,6,Bottom,1,1,2,ChangeUp,Changeup,InPlay,Undefined,GroundBall,FieldersChoice,1,0,,83.17676,-0.414293,-2.256754,1863.73094,252.181812,2:30,5.53251,1.97844,5.07735,-35.22533,6.99355,17.04233,2.20618,1.26996,75.22335,-6.87217,0.756815,0.467654,76.1962,-17.23193,8.495433,,,,,10.95238,10.45763,-0.420305,0.073949,-9.26642,4.00122,-1.77881,50,5.46562,4.01762,-120.47548,-2.14212,-13.42413,26.53297,-26.37756,GEO_PAT,DAY_FLY,SpuhlerFieldMain,D1,A10,20250315-SpuhlerFieldMain-1,f9e71060-01ba-11f0-9838-553521291aba,80.59896,2.45525,,7.95341,,,,3.12294,2.45525,-1.24978,597f71cc-5c49-418c-8ea9-73822ae81711,2025-03-15,16:31:39.14,2025-03-15T12:31:39.1417856-04:00,2025-03-15T16:31:39.1417856Z,GroundBall,v3,471300,471281,15 March 2025 14:00-dayton@georgemas,"Howell, Martin",1000115741,Right,DAY_FLY,f83cb04d-5892-47ff-bbd0-b05ca81778f5,55.42495,-121.66438,13.26649,5.53513,-0.96018,-13.18878,-1.97231,4.61913,-6.71207,180,3.11931,105.87152,,,,,,,,2.45638,-33.20168,,,,,,,,-1.25032,15.81398,,,,,,,,,,,,,,,,,,,,,,,,,,,,,,High,High,High,High,High,,,
162,2025-03-15,12:32:22.97,4,1,"Heller, James",1000281326,Right,DAY_FLY,"Wall, Jonny",1000119703,Right,GEO_PAT,Undefined,6,Bottom,2,0,0,Slider,Slider,StrikeCalled,Undefined,Undefined,Undefined,0,0,,75.65301,1.210382,-0.633237,2348.006139,87.291933,9:00,5.76408,1.61007,4.80155,-50.51011,1.13705,-15.04761,2.70207,-0.24396,68.51588,-7.946996,-3.28124,0.517243,,,,,,,,,,,,7.17756,0.70689,-1.53314,50,5.8412,1.82988,-109.54077,0.53708,8.57999,22.26938,-31.32903,GEO_PAT,DAY_FLY,SpuhlerFieldMain,D1,A10,20250315-SpuhlerFieldMain-1,13f60dd0-01bb-11f0-9838-553521291aba,72.87183,,,7.13713,,,,,,,597f71cc-5c49-418c-8ea9-73822ae81711,2025-03-15,16:32:22.97,2025-03-15T12:32:22.9721088-04:00,2025-03-15T16:32:22.9721088Z,,v3,471300,471281,15 March 2025 14:00-dayton@georgemas,"Howell, Martin",1000115741,Right,DAY_FLY,5cc42ddd-bc51-496e-b78e-236c3317999d,55.69924,-110.69335,11.13469,5.77144,2.15856,-15.66451,-1.61636,1.38581,4.28999,,,,,,,,,,,,,,,,,,,,,,,,,,,,,,,,,,,,,,,,,,,,,,,,,,,High,High,High,,,,,
163,2025-03-15,12:33:01.53,4,2,"Heller, James",1000281326,Right,DAY_FLY,"Wall, Jonny",1000119703,Right,GEO_PAT,Undefined,6,Bottom,2,0,1,Slider,Slider,BallinDirt,Undefined,Undefined,Undefined,0,0,,74.55275,0.308359,-2.877003,2329.706827,90.831359,9:00,5.63669,1.57257,4.80388,-51.06298,2.15099,-22.58159,1.674,-3.03757,68.04499,-8.890096,-6.837919,0.52503,,,,,,,,,,,,10.17008,1.50693,-1.26525,50,5.62363,6.32901,-107.88136,-1.17977,11.80239,21.44348,-30.42525,GEO_PAT,DAY_FLY,SpuhlerFieldMain,D1,A10,20250315-SpuhlerFieldMain-1,2af75610-01bb-11f0-9838-553521291aba,71.79101,,,6.50776,,,,,,,597f71cc-5c49-418c-8ea9-73822ae81711,2025-03-15,16:33:01.53,2025-03-15T12:33:01.5374336-04:00,2025-03-15T16:33:01.5374336Z,,v3,471300,471281,15 March 2025 14:00-dayton@georgemas,"Howell, Martin",1000115741,Right,DAY_FLY,f2298ec3-e7cc-4c09-b71d-fccfefb3227e,55.69812,-109.00808,10.72174,5.64362,0.41889,-15.21263,-1.58151,5.70887,5.90119,,,,,,,,,,,,,,,,,,,,,,,,,,,,,,,,,,,,,,,,,,,,,,,,,,,High,High,High,,,,,
164,2025-03-15,12:33:31.49,4,3,"Heller, James",1000281326,Right,DAY_FLY,"Wall, Jonny",1000119703,Right,GEO_PAT,Undefined,6,Bottom,2,1,1,ChangeUp,Changeup,InPlay,Undefined,LineDrive,Out,1,0,,82.28805,-1.020365,-3.617885,1841.825301,268.018282,3:00,5.63181,1.75966,5.25464,-40.62817,2.02646,16.82682,1.28531,-0.24222,75.10507,-8.418092,-0.634475,0.470061,70.02025,12.32555,6.793693,3069.574001,107.58167,7.45924,22.9387,140.76345,130.97388,13.634365,1.6946,-9.55709,1.69508,-1.44062,50,5.50777,6.83787,-119.17252,-3.57977,-13.64662,24.41932,-29.75364,GEO_PAT,DAY_FLY,SpuhlerFieldMain,D1,A10,20250315-SpuhlerFieldMain-1,3ce9e900-01bb-11f0-9838-553521291aba,80.18622,10.14009,,7.18297,,,,2.5378,1.44487,0.2286,597f71cc-5c49-418c-8ea9-73822ae81711,2025-03-15,16:33:31.49,2025-03-15T12:33:31.4993152-04:00,2025-03-15T16:33:31.4993152Z,LineDrive,v3,471300,471281,15 March 2025 14:00-dayton@georgemas,"Howell, Martin",1000115741,Right,DAY_FLY,4345344c-1535-4f3b-9853-233c96d85e38,55.24896,-120.24326,12.20966,5.63614,-2.27513,-14.87682,-1.75357,7.43624,-6.82331,237.725208,2.5378,99.62468,-15.93529,3.03703,-0.52641,0.02092,0.05094,-0.02591,0.00439,1.44487,21.92205,-14.12667,0.39622,-0.06306,0.17243,-0.16802,0.07355,-0.01202,0.2286,11.86828,6.76141,-1.94696,0.38824,0.12287,-0.19372,0.08887,-0.01469,,,,,,,,,,,,,,,,,,,,,,,High,High,High,High,High,,,
165,2025-03-15,12:35:32.71,1,1,"O'Hara, Connor",1000036031,Right,GEO_PAT,"Dobie, Mason",692154,Left,DAY_FLY,Undefined,7,Top,0,0,0,Slider,Curveball,BallCalled,Undefined,Undefined,Undefined,0,0,,79.32261,-0.384808,-2.739238,2021.679408,23.941061,6:45,5.81041,1.8379,4.98812,-56.52633,-9.97886,-5.13319,0.73608,-1.17854,72.56728,-10.532252,-3.646552,0.491043,,,,,,,,,,,,1.68276,-4.39374,-1.56929,50,5.72688,5.71024,-114.89542,-2.86309,2.21934,23.94177,-37.96888,GEO_PAT,DAY_FLY,SpuhlerFieldMain,D1,A10,20250315-SpuhlerFieldMain-1,8528ef90-01bb-11f0-9838-553521291aba,76.75996,,,6.75533,,,,,,,597f71cc-5c49-418c-8ea9-73822ae81711,2025-03-15,16:35:32.71,2025-03-15T12:35:32.7119360-04:00,2025-03-15T16:35:32.7119360Z,,v3,471300,471281,15 March 2025 14:00-dayton@georgemas,"Raymond, Andrew",10148052,Right,GEO_PAT,71bf27c3-7765-49c0-83db-9ef7877e7941,55.51577,-116.0391,11.97088,5.82033,-1.04935,-18.98444,-1.83953,5.60422,1.10967,,,,,,,,,,,,,,,,,,,,,,,,,,,,,,,,,,,,,,,,,,,,,,,,,,,High,High,High,,,,,
166,2025-03-15,12:35:42.90,1,2,"O'Hara, Connor",1000036031,Right,GEO_PAT,"Dobie, Mason",692154,Left,DAY_FLY,Undefined,7,Top,0,1,0,Fastball,Sinker,BallCalled,Undefined,Undefined,Undefined,0,0,,89.5699,1.156575,-2.602198,2180.667472,233.75267,1:45,5.72147,1.48842,5.19624,-23.03982,13.03658,16.10662,4.89073,0.38112,80.96941,-3.136681,0.247253,0.432298,,,,,,,,,,,,-8.74256,6.50244,-1.25945,50,5.8119,5.13295,-129.73005,1.79345,-14.7907,28.98296,-21.17321,GEO_PAT,DAY_FLY,SpuhlerFieldMain,D1,A10,20250315-SpuhlerFieldMain-1,8b1b2710-01bb-11f0-9838-553521291aba,87.19092,,,8.60049,,,,,,,597f71cc-5c49-418c-8ea9-73822ae81711,2025-03-15,16:35:42.90,2025-03-15T12:35:42.9057024-04:00,2025-03-15T16:35:42.9057024Z,,v3,471300,471281,15 March 2025 14:00-dayton@georgemas,"Raymond, Andrew",10148052,Right,GEO_PAT,37064020-4f31-4f11-aa76-700d193c94b5,55.30347,-130.90954,14.49148,5.72138,2.65511,-10.5866,-1.48058,5.73487,-7.39535,,,,,,,,,,,,,,,,,,,,,,,,,,,,,,,,,,,,,,,,,,,,,,,,,,,High,High,High,,,,,
167,2025-03-15,12:35:54.23,1,3,"O'Hara, Connor",1000036031,Right,GEO_PAT,"Dobie, Mason",692154,Left,DAY_FLY,Undefined,7,Top,0,2,0,Fastball,Sinker,StrikeCalled,Undefined,Undefined,Undefined,0,0,,90.32489,-0.732063,-2.272435,2204.854948,243.247839,2:00,5.71312,1.44826,5.05972,-24.82285,10.85516,19.07698,2.95359,0.89383,81.7944,-5.317559,1.098074,0.429904,,,,,,,,,,,,-10.09977,5.96957,-1.24773,50,5.62419,4.27303,-130.84557,-2.61695,-17.35392,29.89577,-21.91686,GEO_PAT,DAY_FLY,SpuhlerFieldMain,D1,A10,20250315-SpuhlerFieldMain-1,91de9140-01bb-11f0-9838-553521291aba,87.67637,,,8.53049,,,,,,,597f71cc-5c49-418c-8ea9-73822ae81711,2025-03-15,16:35:54.23,2025-03-15T12:35:54.2387200-04:00,2025-03-15T16:35:54.2387200Z,,v3,471300,471281,15 March 2025 14:00-dayton@georgemas,"Raymond, Andrew",10148052,Right,GEO_PAT,a27702bc-f17f-44b0-8f28-bff365114a3d,55.44079,-132.08284,14.94789,5.71373,-1.7099,-10.95843,-1.43944,4.99125,-8.67696,,,,,,,,,,,,,,,,,,,,,,,,,,,,,,,,,,,,,,,,,,,,,,,,,,,High,High,High,,,,,
168,2025-03-15,12:36:05.28,1,4,"O'Hara, Connor",1000036031,Right,GEO_PAT,"Dobie, Mason",692154,Left,DAY_FLY,Undefined,7,Top,0,2,1,Cutter,Slider,BallCalled,Undefined,Undefined,Undefined,0,0,,83.0259,0.94166,-0.752259,1987.236011,274.521225,3:15,5.57137,1.68295,5.33255,-40.37916,1.1678,2.31874,3.09015,1.17029,75.74022,-6.444153,-0.34017,0.463918,,,,,,,,,,,,-1.37067,0.76709,-1.61665,50,5.6277,1.48163,-120.45297,0.51208,-2.00572,24.27178,-31.05157,GEO_PAT,DAY_FLY,SpuhlerFieldMain,D1,A10,20250315-SpuhlerFieldMain-1,9874d0f0-01bb-11f0-9838-553521291aba,81.24811,,,7.28568,,,,,,,597f71cc-5c49-418c-8ea9-73822ae81711,2025-03-15,16:36:05.28,2025-03-15T12:36:05.2856832-04:00,2025-03-15T16:36:05.2856832Z,,v3,471300,471281,15 March 2025 14:00-dayton@georgemas,"Raymond, Andrew",10148052,Right,GEO_PAT,c0588791-5c81-4425-bc8a-6751ab8272fb,55.1679,-121.48986,12.13589,5.57749,1.8386,-15.52579,-1.68178,1.56732,-1.00286,,,,,,,,,,,,,,,,,,,,,,,,,,,,,,,,,,,,,,,,,,,,,,,,,,,High,High,High,,,,,
169,2025-03-15,12:36:20.10,1,5,"O'Hara, Connor",1000036031,Right,GEO_PAT,"Dobie, Mason",692154,Left,DAY_FLY,Undefined,7,Top,0,3,1,Fastball,Sinker,StrikeCalled,Undefined,Undefined,Undefined,0,0,,90.0597,-1.156908,-3.452788,2277.528277,232.416789,1:45,5.74965,1.45981,5.24186,-21.90182,13.43855,16.00202,2.83501,-0.45585,82.33888,-5.217041,-0.620909,0.427865,,,,,,,,,,,,-8.88729,7.36012,-1.15419,50,5.62706,7.12593,-130.49787,-3.42994,-15.36342,26.82594,-19.45067,GEO_PAT,DAY_FLY,SpuhlerFieldMain,D1,A10,20250315-SpuhlerFieldMain-1,a147ba30-01bb-11f0-9838-553521291aba,88.09421,,,7.72082,,,,,,,597f71cc-5c49-418c-8ea9-73822ae81711,2025-03-15,16:36:20.10,2025-03-15T12:36:20.1064960-04:00,2025-03-15T16:36:20.1064960Z,,v3,471300,471281,15 March 2025 14:00-dayton@georgemas,"Raymond, Andrew",10148052,Right,GEO_PAT,4cc84c2d-333b-4b94-8710-5757ed2e3d7d,55.25965,-131.57464,13.41297,5.74907,-2.64921,-9.72533,-1.4526,7.7426,-7.68171,,,,,,,,,,,,,,,,,,,,,,,,,,,,,,,,,,,,,,,,,,,,,,,,,,,High,High,High,,,,,
170,2025-03-15,12:36:30.35,1,6,"O'Hara, Connor",1000036031,Right,GEO_PAT,"Dobie, Mason",692154,Left,DAY_FLY,Undefined,7,Top,0,3,2,Fastball,Sinker,StrikeSwinging,Strikeout,Undefined,Undefined,0,0,,88.98714,-1.084177,-2.676597,2158.211908,247.590064,2:15,5.63679,1.5004,5.34585,-28.40049,7.52493,15.57524,2.25181,0.28568,81.73079,-6.294423,0.089707,0.431392,,,,,,,,,,,,-8.54292,4.39595,-1.27061,50,5.51865,5.34023,-129.11689,-3.50417,-14.47918,25.87762,-24.72346,GEO_PAT,DAY_FLY,SpuhlerFieldMain,D1,A10,20250315-SpuhlerFieldMain-1,a7841a10-01bb-11f0-9838-553521291aba,87.37395,,,7.25635,,,,,,,597f71cc-5c49-418c-8ea9-73822ae81711,2025-03-15,16:36:30.35,2025-03-15T12:36:30.3550000-04:00,2025-03-15T16:36:30.3550000Z,,v3,471300,471281,15 March 2025 14:00-dayton@georgemas,"Raymond, Andrew",10148052,Right,GEO_PAT,a2b1e4a1-39db-4571-9b84-605e41529967,55.15741,-130.14643,12.93881,5.6385,-2.52054,-12.36173,-1.49453,5.91629,-7.23959,,,,,,,,,,,,,,,,,,,,,,,,,,,,,54.41208,2.520445,1.07479,1.445654,-0.75946,2.0073,-0.29122,-2.81071,3.97365,0.14071,75.94057,11.97696,-48.84727,-2.60241,60.69888,-4.37178,4.1739,26.42962,-14.50905,-0.08428,-39.4717,3.9349,High,High,High,,,High,High,High
171,2025-03-15,12:36:53.20,2,1,"O'Hara, Connor",1000036031,Right,GEO_PAT,"Zorn, Adin",10148886,Right,DAY_FLY,Undefined,7,Top,1,0,0,Cutter,Slider,StrikeCalled,Undefined,Undefined,Undefined,0,0,,83.90552,-0.367068,-1.810508,2157.527404,35.5357,7:15,5.72315,1.69591,5.14253,-45.10825,-4.5026,-4.06122,1.61831,-0.34791,77.63926,-8.500051,-2.530265,0.458632,,,,,,,,,,,,1.55732,-1.82551,-1.52294,50,5.65348,4.02439,-121.84626,-2.49466,2.35296,22.81944,-34.93222,GEO_PAT,DAY_FLY,SpuhlerFieldMain,D1,A10,20250315-SpuhlerFieldMain-1,b51f12b0-01bb-11f0-9838-553521291aba,82.18442,,,6.26626,,,,,,,597f71cc-5c49-418c-8ea9-73822ae81711,2025-03-15,16:36:53.20,2025-03-15T12:36:53.2046848-04:00,2025-03-15T16:36:53.2046848Z,,v3,471300,471281,15 March 2025 14:00-dayton@georgemas,"Raymond, Andrew",10148052,Right,GEO_PAT,057ad631-ad62-4f89-be3f-0cb72be19121,55.3622,-122.84639,11.40972,5.72927,-0.96365,-17.46611,-1.69706,3.92127,1.17648,,,,,,,,,,,,,,,,,,,,,,,,,,,,,,,,,,,,,,,,,,,,,,,,,,,High,High,High,,,,,
172,2025-03-15,12:37:02.34,2,2,"O'Hara, Connor",1000036031,Right,GEO_PAT,"Zorn, Adin",10148886,Right,DAY_FLY,Undefined,7,Top,1,0,1,Slider,Slider,InPlay,Undefined,LineDrive,Single,0,0,,81.22956,0.576986,-0.582049,2147.048219,44.265414,7:30,5.631,1.56916,4.97001,-46.68109,-2.94532,-4.1739,2.286,0.67149,74.74083,-7.850284,-1.319586,0.475981,98.41349,10.126422,-4.617022,895.638966,109.82507,9.69575,-6.19854,170.9398,170.9398,-2.056521,1.449587,1.92413,-1.28866,-1.50922,50,5.64802,1.37299,-117.92756,-0.55365,2.71258,22.19323,-33.99079,GEO_PAT,DAY_FLY,SpuhlerFieldMain,D1,A10,20250315-SpuhlerFieldMain-1,ba93dcd0-01bb-11f0-9838-553521291aba,79.18892,10.43107,,6.48874,,,,1.78328,2.40634,-0.66679,597f71cc-5c49-418c-8ea9-73822ae81711,2025-03-15,16:37:02.34,2025-03-15T12:37:02.3492608-04:00,2025-03-15T16:37:02.3492608Z,LineDrive,v3,471300,471281,15 March 2025 14:00-dayton@georgemas,"Raymond, Andrew",10148052,Right,GEO_PAT,a333448c-3d18-4ada-82a9-c86aa67af863,55.53439,-118.96454,11.09662,5.63678,1.03457,-16.99539,-1.57041,1.24624,1.35629,287.030834,1.78328,141.62998,-21.7091,4.13751,-0.9795,0.22612,-0.05093,0.00917,-0.00088,2.40634,25.37788,-21.54602,2.64396,-0.60999,0.14903,-0.03232,0.00578,-0.00057,-0.66679,-11.43763,6.86944,-1.46258,0.34339,-0.07986,0.01771,-0.00317,0.00031,,,,,,,,,,,,,,,,,,,,,,,High,High,High,High,High,,,
173,2025-03-15,12:37:38.69,3,1,"O'Hara, Connor",1000036031,Right,GEO_PAT,"Cazorla, Alejandro",1000268561,Right,DAY_FLY,Undefined,7,Top,1,0,0,Fastball,Sinker,BallCalled,Undefined,Undefined,Undefined,0,0,,91.41412,-3.555774,-2.884903,2325.106616,239.249007,2:00,5.71067,1.27023,4.93825,-22.278,12.6117,19.2519,0.48472,0.14548,83.57151,-7.637804,0.509099,0.425128,,,,,,,,,,,,-10.43119,7.58654,-1.00661,50,5.346,5.75495,-132.24456,-9.08809,-18.43854,28.68763,-18.76382,GEO_PAT,DAY_FLY,SpuhlerFieldMain,D1,A10,20250315-SpuhlerFieldMain-1,d0363150-01bb-11f0-9838-553521291aba,88.66132,,,7.84261,,,,,,,597f71cc-5c49-418c-8ea9-73822ae81711,2025-03-15,16:37:38.69,2025-03-15T12:37:38.6980864-04:00,2025-03-15T16:37:38.6980864Z,,v3,471300,471281,15 March 2025 14:00-dayton@georgemas,"Raymond, Andrew",10148052,Right,GEO_PAT,0b6baf5b-81a3-4a83-96ba-d9e93ffd6821,55.56559,-133.44644,14.34381,5.71028,-8.30198,-9.38191,-1.26389,6.52744,-9.21927,,,,,,,,,,,,,,,,,,,,,,,,,,,,,,,,,,,,,,,,,,,,,,,,,,,High,High,High,,,,,
174,2025-03-15,12:37:53.64,3,2,"O'Hara, Connor",1000036031,Right,GEO_PAT,"Cazorla, Alejandro",1000268561,Right,DAY_FLY,Undefined,7,Top,1,1,0,Fastball,Sinker,FoulBallNotFieldable,Undefined,Undefined,Undefined,0,0,,91.30304,-0.624396,-2.296387,2276.285794,247.180292,2:15,5.58362,1.61399,5.44404,-26.38765,7.72209,15.77737,2.7995,0.77738,83.44444,-5.492704,0.511201,0.420349,,,,,,,,,,,,-8.61934,4.37862,-1.42224,50,5.51022,4.59977,-132.49765,-2.43042,-15.31383,28.45952,-24.39459,GEO_PAT,DAY_FLY,SpuhlerFieldMain,D1,A10,20250315-SpuhlerFieldMain-1,d91b6a10-01bb-11f0-9838-553521291aba,89.66929,,,7.85861,,,,,,,597f71cc-5c49-418c-8ea9-73822ae81711,2025-03-15,16:37:53.64,2025-03-15T12:37:53.6425472-04:00,2025-03-15T16:37:53.6425472Z,,v3,471300,471281,15 March 2025 14:00-dayton@georgemas,"Raymond, Andrew",10148052,Right,GEO_PAT,876aafdf-2a45-4ddd-b686-d5f77e8db8cf,55.05913,-133.5799,14.22976,5.58501,-1.50276,-12.1973,-1.60823,5.18212,-7.65692,,,,,,,,,,,,,,,,,,,,,,,,,,,,,,,,,,,,,,,,,,,,,,,,,,,High,High,High,,,,,
175,2025-03-15,12:38:23.69,3,3,"O'Hara, Connor",1000036031,Right,GEO_PAT,"Cazorla, Alejandro",1000268561,Right,DAY_FLY,Undefined,7,Top,1,1,1,Fastball,Sinker,InPlay,Undefined,GroundBall,Out,1,0,,92.28501,-1.415539,-2.688034,2302.232979,247.346293,2:15,5.64793,1.53769,5.11344,-24.95147,8.65134,18.32375,2.23328,0.53034,84.93898,-5.979489,0.552475,0.417214,66.33585,-67.360062,-21.438312,,,,,2.08819,2.08819,-24.576923,0.02435,-9.84493,4.97,-1.29942,50,5.49507,5.42065,-133.89826,-4.29828,-18.00268,26.9507,-23.0858,GEO_PAT,DAY_FLY,SpuhlerFieldMain,D1,A10,20250315-SpuhlerFieldMain-1,eb0c4f50-01bb-11f0-9838-553521291aba,90.34311,2.19446,,7.34603,,,,1.04707,2.19446,-0.53398,597f71cc-5c49-418c-8ea9-73822ae81711,2025-03-15,16:38:23.69,2025-03-15T12:38:23.6998656-04:00,2025-03-15T16:38:23.6998656Z,GroundBall,v3,471300,471281,15 March 2025 14:00-dayton@georgemas,"Raymond, Andrew",10148052,Right,GEO_PAT,8b48e680-e42b-42bc-ad89-6cf313dae60d,55.39073,-134.97893,13.47535,5.64887,-3.37259,-11.5429,-1.53125,6.14252,-9.00134,,1.04657,34.98687,,,,,,,,2.19573,-90.12104,,,,,,,,-0.53379,-13.7382,,,,,,,,,,,,,,,,,,,,,,,,,,,,,,High,High,High,Estimated,Estimated,,,
176,2025-03-15,12:38:53.91,4,1,"O'Hara, Connor",1000036031,Right,GEO_PAT,"Howell, Martin",1000115741,Right,DAY_FLY,Undefined,7,Top,2,0,0,Fastball,Sinker,StrikeCalled,Undefined,Undefined,Undefined,0,0,,91.55187,-2.425451,-2.88143,2292.721575,244.613539,2:15,5.70956,1.33067,5.14819,-23.52678,10.69737,20.31572,1.46112,0.30843,84.14243,-6.739774,0.713676,0.421054,,,,,,,,,,,,-10.9215,6.28866,-1.07731,50,5.46423,5.73041,-132.7127,-6.53048,-19.57191,27.12105,-20.90438,GEO_PAT,DAY_FLY,SpuhlerFieldMain,D1,A10,20250315-SpuhlerFieldMain-1,fd0dd660-01bb-11f0-9838-553521291aba,89.51927,,,7.40944,,,,,,,597f71cc-5c49-418c-8ea9-73822ae81711,2025-03-15,16:38:53.91,2025-03-15T12:38:53.9154432-04:00,2025-03-15T16:38:53.9154432Z,,v3,471300,471281,15 March 2025 14:00-dayton@georgemas,"Raymond, Andrew",10148052,Right,GEO_PAT,7e061d18-53c8-4504-a29e-89e068a305bc,55.35591,-133.80275,13.56053,5.70982,-5.69029,-10.45219,-1.32344,6.51704,-9.78596,,,,,,,,,,,,,,,,,,,,,,,,,,,,,,,,,,,,,,,,,,,,,,,,,,,High,High,High,,,,,
177,2025-03-15,12:39:07.32,4,2,"O'Hara, Connor",1000036031,Right,GEO_PAT,"Howell, Martin",1000115741,Right,DAY_FLY,Undefined,7,Top,2,0,1,Fastball,Sinker,StrikeCalled,Undefined,Undefined,Undefined,0,0,,92.63706,-1.44889,-3.583847,2366.332728,244.842736,2:15,5.83347,1.35935,5.35389,-23.28245,9.69249,18.60737,2.53136,-0.45583,85.49133,-5.729726,-0.283123,0.413298,,,,,,,,,,,,-10.20193,5.5187,-1.0501,50,5.68621,7.54765,-134.38463,-4.29094,-18.87046,25.98767,-21.96616,GEO_PAT,DAY_FLY,SpuhlerFieldMain,D1,A10,20250315-SpuhlerFieldMain-1,04f04520-01bc-11f0-9838-553521291aba,91.19914,,,7.14573,,,,,,,597f71cc-5c49-418c-8ea9-73822ae81711,2025-03-15,16:39:07.32,2025-03-15T12:39:07.3264128-04:00,2025-03-15T16:39:07.3264128Z,,v3,471300,471281,15 March 2025 14:00-dayton@georgemas,"Raymond, Andrew",10148052,Right,GEO_PAT,5eb69358-0e74-47ab-a3c5-9a4c78cc3753,55.15007,-135.3769,12.99383,5.83404,-3.45221,-10.98308,-1.35204,8.26817,-9.43523,,,,,,,,,,,,,,,,,,,,,,,,,,,,,,,,,,,,,,,,,,,,,,,,,,,High,High,High,,,,,
178,2025-03-15,12:39:21.35,4,3,"O'Hara, Connor",1000036031,Right,GEO_PAT,"Howell, Martin",1000115741,Right,DAY_FLY,Undefined,7,Top,2,0,2,Fastball,Sinker,InPlay,Undefined,FlyBall,Out,1,0,,91.10073,-1.89086,-2.114371,2223.25133,231.498574,1:45,5.89292,1.2135,5.40579,-21.77887,12.03646,13.97158,2.30438,0.39568,84.56573,-5.899229,0.370424,0.418531,95.49839,23.53316,12.894796,3203.394202,104.57387,42.48436,34.12142,303.02118,299.75612,29.495293,3.911343,-7.58729,6.79449,-1.03541,50,5.70904,4.26971,-132.36651,-5.16785,-13.67302,24.08601,-19.92967,GEO_PAT,DAY_FLY,SpuhlerFieldMain,D1,A10,20250315-SpuhlerFieldMain-1,0d6752c0-01bc-11f0-9838-553521291aba,90.0588,52.38912,,6.535,,,,1.65439,2.34099,-0.38302,597f71cc-5c49-418c-8ea9-73822ae81711,2025-03-15,16:39:21.35,2025-03-15T12:39:21.3539328-04:00,2025-03-15T16:39:21.3539328Z,LineDrive,v3,471300,471281,15 March 2025 14:00-dayton@georgemas,"Raymond, Andrew",10148052,Right,GEO_PAT,599f4343-2414-4f62-ad2c-6f7f90ae74a0,55.09922,-133.29116,12.04301,5.89275,-4.40277,-9.96483,-1.2094,4.79461,-6.83651,229.380033,1.65407,125.18251,-28.88579,6.74485,-1.44819,0.27679,-0.04249,0.00399,-0.00013,2.34132,55.91837,-16.69658,0.61604,-0.01899,0.01501,-0.01123,0.00323,-0.00031,-0.38257,28.64732,7.73706,-3.0893,0.88844,-0.2069,0.03651,-0.00396,0.00019,,,,,,,,,,,,,,,,,,,,,,,High,High,High,High,High,,,
179,2025-03-15,12:41:52.80,1,1,"Heller, James",1000281326,Right,DAY_FLY,"Hueber, Toby",1000091691,Right,GEO_PAT,Undefined,7,Bottom,0,0,0,Slider,Slider,BallCalled,Undefined,Undefined,Undefined,0,0,,77.17884,-0.94221,-2.389708,2261.256131,96.65446,9:15,5.66463,1.53466,4.70004,-45.90967,3.32327,-15.22473,0.94349,-2.00403,71.15146,-9.170772,-5.061277,0.505009,,,,,,,,,,,,6.87701,2.2837,-1.27753,50,5.52771,5.28459,-111.84785,-3.48691,8.68425,20.76351,-29.29022,GEO_PAT,DAY_FLY,SpuhlerFieldMain,D1,A10,20250315-SpuhlerFieldMain-1,67b7bee0-01bc-11f0-9838-553521291aba,74.63713,,,6.02738,,,,,,,597f71cc-5c49-418c-8ea9-73822ae81711,2025-03-15,16:41:52.80,2025-03-15T12:41:52.8057856-04:00,2025-03-15T16:41:52.8057856Z,,v3,471300,471281,15 March 2025 14:00-dayton@georgemas,"Howell, Martin",1000115741,Right,DAY_FLY,467daddd-ac6f-4446-bd26-f04447b5698d,55.80411,-112.92019,10.38176,5.66873,-1.97421,-14.64511,-1.53887,4.83609,4.34212,,,,,,,,,,,,,,,,,,,,,,,,,,,,,,,,,,,,,,,,,,,,,,,,,,,High,High,High,,,,,
180,2025-03-15,12:42:11.90,1,2,"Heller, James",1000281326,Right,DAY_FLY,"Hueber, Toby",1000091691,Right,GEO_PAT,Undefined,7,Bottom,0,1,0,Fastball,Sinker,BallCalled,Undefined,Undefined,Undefined,0,0,,88.80216,-3.055639,-3.33147,2009.92429,232.820183,1:45,5.76936,1.51524,5.12223,-22.70509,13.54465,16.45922,0.99133,-0.25485,82.15615,-7.213398,-0.422754,0.433335,,,,,,,,,,,,-9.09343,7.82615,-1.2153,50,5.46382,6.75768,-128.68475,-7.71699,-15.42557,23.79594,-18.8982,GEO_PAT,DAY_FLY,SpuhlerFieldMain,D1,A10,20250315-SpuhlerFieldMain-1,730ff370-01bc-11f0-9838-553521291aba,86.98217,,,6.64601,,,,,,,597f71cc-5c49-418c-8ea9-73822ae81711,2025-03-15,16:42:11.90,2025-03-15T12:42:11.9055872-04:00,2025-03-15T16:42:11.9055872Z,,v3,471300,471281,15 March 2025 14:00-dayton@georgemas,"Howell, Martin",1000115741,Right,DAY_FLY,aae8d176-670f-4ba1-a057-305e5784b473,55.38261,-129.67627,11.89797,5.76896,-6.92955,-9.4491,-1.51026,7.40042,-7.71279,,,,,,,,,,,,,,,,,,,,,,,,,,,,,,,,,,,,,,,,,,,,,,,,,,,High,High,High,,,,,
181,2025-03-15,12:42:29.18,1,3,"Heller, James",1000281326,Right,DAY_FLY,"Hueber, Toby",1000091691,Right,GEO_PAT,Undefined,7,Bottom,0,2,0,Fastball,Sinker,BallCalled,Undefined,Undefined,Undefined,0,0,,89.18874,-1.962044,-3.663376,1983.455815,235.375503,1:45,5.69532,1.39353,5.03812,-23.77793,12.28961,16.25682,1.85824,-0.71263,82.28443,-6.315501,-0.797149,0.432244,,,,,,,,,,,,-8.99583,6.91162,-1.05694,50,5.48867,7.52634,-129.25658,-5.33484,-15.38004,24.27132,-20.35736,GEO_PAT,DAY_FLY,SpuhlerFieldMain,D1,A10,20250315-SpuhlerFieldMain-1,7d60a310-01bc-11f0-9838-553521291aba,87.20166,,,6.90431,,,,,,,597f71cc-5c49-418c-8ea9-73822ae81711,2025-03-15,16:42:29.18,2025-03-15T12:42:29.1800576-04:00,2025-03-15T16:42:29.1800576Z,,v3,471300,471281,15 March 2025 14:00-dayton@georgemas,"Howell, Martin",1000115741,Right,DAY_FLY,7ea90ff7-be95-424f-a249-7e28522e6e44,55.46559,-130.27884,12.13566,5.69531,-4.47742,-10.17868,-1.38758,8.17412,-7.69002,,,,,,,,,,,,,,,,,,,,,,,,,,,,,,,,,,,,,,,,,,,,,,,,,,,High,High,High,,,,,
182,2025-03-15,12:42:52.44,1,4,"Heller, James",1000281326,Right,DAY_FLY,"Hueber, Toby",1000091691,Right,GEO_PAT,Undefined,7,Bottom,0,3,0,Fastball,Changeup,StrikeCalled,Undefined,Undefined,Undefined,0,0,,88.30522,-1.26577,-1.898614,1887.338004,243.557845,2:00,5.70511,1.47177,5.07601,-27.6308,9.5852,16.73194,2.20835,1.07547,80.3025,-6.34155,1.060509,0.439072,,,,,,,,,,,,-8.86863,5.50788,-1.30551,50,5.56352,3.46711,-127.97221,-3.87188,-14.6078,28.07409,-23.10185,GEO_PAT,DAY_FLY,SpuhlerFieldMain,D1,A10,20250315-SpuhlerFieldMain-1,8b3c7540-01bc-11f0-9838-553521291aba,85.84562,,,8.00272,,,,,,,597f71cc-5c49-418c-8ea9-73822ae81711,2025-03-15,16:42:52.44,2025-03-15T12:42:52.4433920-04:00,2025-03-15T16:42:52.4433920Z,,v3,471300,471281,15 March 2025 14:00-dayton@georgemas,"Howell, Martin",1000115741,Right,DAY_FLY,9d75e84c-8488-4eae-b251-b5aac7baa297,55.42536,-129.15692,14.03704,5.70635,-2.89699,-11.55093,-1.46483,4.08355,-7.3039,,,,,,,,,,,,,,,,,,,,,,,,,,,,,,,,,,,,,,,,,,,,,,,,,,,High,High,High,,,,,
183,2025-03-15,12:43:10.31,1,5,"Heller, James",1000281326,Right,DAY_FLY,"Hueber, Toby",1000091691,Right,GEO_PAT,Undefined,7,Bottom,0,3,1,Fastball,Sinker,StrikeCalled,Undefined,Undefined,Undefined,0,0,,88.01739,-0.804565,-3.607695,1991.693501,242.193779,2:00,5.72431,1.52212,5.157,-27.08698,10.15847,16.94969,2.70812,-0.46606,80.26923,-5.788074,-0.612666,0.439246,,,,,,,,,,,,-9.43489,5.6489,-1.19818,50,5.62849,7.2599,-127.47926,-2.79888,-15.50706,26.50175,-22.88958,GEO_PAT,DAY_FLY,SpuhlerFieldMain,D1,A10,20250315-SpuhlerFieldMain-1,95c68460-01bc-11f0-9838-553521291aba,85.81162,,,7.74816,,,,,,,597f71cc-5c49-418c-8ea9-73822ae81711,2025-03-15,16:43:10.31,2025-03-15T12:43:10.3103488-04:00,2025-03-15T16:43:10.3103488Z,,v3,471300,471281,15 March 2025 14:00-dayton@georgemas,"Howell, Martin",1000115741,Right,DAY_FLY,ff997e1e-afeb-4c8d-b428-1f991bd5e07e,55.34478,-128.58559,13.25088,5.72539,-1.84334,-11.44479,-1.51476,7.90725,-7.75353,,,,,,,,,,,,,,,,,,,,,,,,,,,,,,,,,,,,,,,,,,,,,,,,,,,High,High,High,,,,,
184,2025-03-15,12:43:27.85,1,6,"Heller, James",1000281326,Right,DAY_FLY,"Hueber, Toby",1000091691,Right,GEO_PAT,Undefined,7,Bottom,0,3,2,Fastball,Sinker,FoulBallNotFieldable,Undefined,Undefined,Undefined,0,0,,88.71045,-1.688435,-3.019712,1959.627247,247.26765,2:15,5.75516,1.59013,5.12301,-27.51938,9.27599,19.19127,1.86877,0.34232,80.82912,-6.738875,0.374277,0.436584,,,,,,,,,,,,-10.51922,5.45516,-1.32193,50,5.57499,5.91174,-128.50523,-4.82858,-17.50198,27.87321,-23.09768,GEO_PAT,DAY_FLY,SpuhlerFieldMain,D1,A10,20250315-SpuhlerFieldMain-1,a0521a20-01bc-11f0-9838-553521291aba,86.33485,,,7.88133,,,,,,,597f71cc-5c49-418c-8ea9-73822ae81711,2025-03-15,16:43:27.85,2025-03-15T12:43:27.8577664-04:00,2025-03-15T16:43:27.8577664Z,,v3,471300,471281,15 March 2025 14:00-dayton@georgemas,"Howell, Martin",1000115741,Right,DAY_FLY,fd085050-3b61-47ce-8251-914b5fbc557f,55.38052,-129.66703,13.9366,5.75619,-3.86583,-11.54884,-1.58354,6.64125,-8.75099,,,,,,,,,,,,,,,,,,,,,,,,,,,,,,,,,,,,,,,,,,,,,,,,,,,High,High,High,,,,,
185,2025-03-15,12:43:49.94,1,7,"Heller, James",1000281326,Right,DAY_FLY,"Hueber, Toby",1000091691,Right,GEO_PAT,Undefined,7,Bottom,0,3,2,Fastball,Sinker,BallCalled,Walk,Undefined,Undefined,0,0,,89.99348,-2.916025,-4.494599,2017.885879,229.545341,1:45,5.75522,1.41331,5.12934,-20.64985,15.05237,16.29253,1.27709,-1.47092,82.35488,-6.735658,-1.622205,0.43005,,,,,,,,,,,,-9.3067,8.62351,-1.00354,50,5.46469,9.46331,-130.08468,-7.39016,-15.98915,26.61774,-17.35865,GEO_PAT,DAY_FLY,SpuhlerFieldMain,D1,A10,20250315-SpuhlerFieldMain-1,ad63be80-01bc-11f0-9838-553521291aba,87.6466,,,7.6386,,,,,,,597f71cc-5c49-418c-8ea9-73822ae81711,2025-03-15,16:43:49.94,2025-03-15T12:43:49.9413504-04:00,2025-03-15T16:43:49.9413504Z,,v3,471300,471281,15 March 2025 14:00-dayton@georgemas,"Howell, Martin",1000115741,Right,DAY_FLY,366c1e75-8950-4331-9adf-3715f14963a0,55.37271,-131.17943,13.30887,5.75395,-6.67623,-8.67932,-1.40627,10.12092,-7.99458,,,,,,,,,,,,,,,,,,,,,,,,,,,,,,,,,,,,,,,,,,,,,,,,,,,High,High,High,,,,,
186,2025-03-15,12:44:30.12,2,1,"Heller, James",1000281326,Right,DAY_FLY,"Hull, Owen",10054797,Left,GEO_PAT,Undefined,7,Bottom,0,0,0,ChangeUp,Changeup,InPlay,Undefined,GroundBall,Single,0,0,,83.23165,-0.716344,-2.596809,2003.53111,264.695691,2:45,5.53755,1.75957,5.12583,-38.17045,2.9548,19.19993,1.68121,0.91193,77.1344,-7.628326,0.802707,0.461558,81.09898,2.350042,-12.277463,1287.283965,,,,51.35733,49.62031,-14.820595,0.442207,-10.28485,1.96949,-1.53123,50,5.44017,4.67611,-120.8712,-2.92074,-15.37322,21.2704,-29.23017,GEO_PAT,DAY_FLY,SpuhlerFieldMain,D1,A10,20250315-SpuhlerFieldMain-1,c5778830-01bc-11f0-9838-553521291aba,81.66358,2.03032,,6.09725,,,,1.41017,1.74304,-0.92977,597f71cc-5c49-418c-8ea9-73822ae81711,2025-03-15,16:44:30.12,2025-03-15T12:44:30.1236736-04:00,2025-03-15T16:44:30.1236736Z,GroundBall,v3,471300,471281,15 March 2025 14:00-dayton@georgemas,"Howell, Martin",1000115741,Right,DAY_FLY,95fbc893-dd9b-4e9e-a158-b464a155df5b,55.37989,-121.81426,10.6352,5.54094,-1.62478,-14.61509,-1.75366,5.3577,-7.68661,66.724385,1.41731,115.91126,-15.50615,,,,,,,1.75157,4.61937,-19.44518,,,,,,,-0.923,-25.47772,-4.87775,,,,,,,,,,,,,,,,,,,,,,,,,,,,,High,High,High,High,High,,,
187,2025-03-15,12:48:36.85,3,1,"Judy, Jackson",10276362,Right,DAY_FLY,"Quinn-Irons, Jaime",1000216379,Right,GEO_PAT,Undefined,7,Bottom,0,0,0,Slider,Curveball,StrikeCalled,Undefined,Undefined,Undefined,0,0,,73.43626,2.00171,-2.09212,2526.970389,98.825311,9:15,4.18344,2.39282,5.11483,-49.09538,3.64874,-14.50985,1.98,-0.78821,68.32849,-6.882183,-4.653192,0.522707,,,,,,,,,,,,6.75492,1.74756,-2.18381,50,4.33352,4.43658,-106.63294,2.12783,7.88197,16.02933,-30.13493,GEO_PAT,DAY_FLY,SpuhlerFieldMain,D1,A10,20250315-SpuhlerFieldMain-1,587450f0-01bd-11f0-9838-553521291aba,72.11008,,,5.10777,,,,,,,597f71cc-5c49-418c-8ea9-73822ae81711,2025-03-15,16:48:36.85,2025-03-15T12:48:36.8523264-04:00,2025-03-15T16:48:36.8523264Z,,v3,471300,471281,15 March 2025 14:00-dayton@georgemas,"Howell, Martin",1000115741,Right,DAY_FLY,e98ccb4e-9a95-4166-a1d1-aab67f79abff,55.38998,-107.44012,8.01467,4.18816,3.64532,-15.06746,-2.39722,4.03968,3.94098,,,,,,,,,,,,,,,,,,,,,,,,,,,,,,,,,,,,,,,,,,,,,,,,,,,High,High,High,,,,,
188,2025-03-15,12:48:56.56,3,2,"Judy, Jackson",10276362,Right,DAY_FLY,"Quinn-Irons, Jaime",1000216379,Right,GEO_PAT,Undefined,7,Bottom,0,0,1,Fastball,Sinker,BallCalled,Undefined,Undefined,Undefined,0,0,,87.25752,-0.160227,-2.801202,2371.76875,264.227561,2:45,4.18143,2.1824,5.95725,-33.56025,3.03193,18.68954,1.23597,1.13996,79.9624,-6.367067,0.556826,0.435377,,,,,,,,,,,,-10.36418,1.94996,-1.97007,50,4.14989,5.43471,-126.71953,-1.50206,-16.85811,25.81124,-29.00229,GEO_PAT,DAY_FLY,SpuhlerFieldMain,D1,A10,20250315-SpuhlerFieldMain-1,6440cb20-01bd-11f0-9838-553521291aba,86.57424,,,7.29512,,,,,,,597f71cc-5c49-418c-8ea9-73822ae81711,2025-03-15,16:48:56.56,2025-03-15T12:48:56.5632000-04:00,2025-03-15T16:48:56.5632000Z,,v3,471300,471281,15 March 2025 14:00-dayton@georgemas,"Howell, Martin",1000115741,Right,DAY_FLY,a2f7f13b-7898-4e8d-936f-05f63fc72801,54.5466,-127.64225,12.90562,4.18506,-0.46525,-14.50115,-2.17512,6.03738,-8.42906,,,,,,,,,,,,,,,,,,,,,,,,,,,,,,,,,,,,,,,,,,,,,,,,,,,High,High,High,,,,,
189,2025-03-15,12:49:14.50,3,3,"Judy, Jackson",10276362,Right,DAY_FLY,"Quinn-Irons, Jaime",1000216379,Right,GEO_PAT,Undefined,7,Bottom,0,1,1,Fastball,Four-Seam,FoulBallNotFieldable,Undefined,Undefined,Undefined,0,0,,86.97641,0.444894,-3.705537,2419.386773,236.473441,2:00,4.18649,2.1219,6.00177,-26.47466,10.073,13.60603,2.39339,-0.1827,80.06461,-4.487755,-1.265342,0.435112,,,,,,,,,,,,-7.94752,5.39185,-1.83747,50,4.20688,7.63375,-126.27127,0.13254,-12.94924,23.50397,-23.38886,GEO_PAT,DAY_FLY,SpuhlerFieldMain,D1,A10,20250315-SpuhlerFieldMain-1,6efdd120-01bd-11f0-9838-553521291aba,86.62696,,,6.9118,,,,,,,597f71cc-5c49-418c-8ea9-73822ae81711,2025-03-15,16:49:14.50,2025-03-15T12:49:14.5053696-04:00,2025-03-15T16:49:14.5053696Z,,v3,471300,471281,15 March 2025 14:00-dayton@georgemas,"Howell, Martin",1000115741,Right,DAY_FLY,a45a41c6-6ad0-454c-a8f1-00ac7fb50206,54.50194,-127.1065,11.75199,4.1874,0.96367,-11.69443,-2.11691,8.09391,-6.47462,,,,,,,,,,,,,,,,,,,,,,,,,,,,,,,,,,,,,,,,,,,,,,,,,,,High,High,High,,,,,
190,2025-03-15,12:49:41.00,3,4,"Judy, Jackson",10276362,Right,DAY_FLY,"Quinn-Irons, Jaime",1000216379,Right,GEO_PAT,Undefined,7,Bottom,0,1,2,Fastball,Sinker,InPlay,Undefined,Popup,Single,0,0,,88.07578,1.109643,-3.082317,2437.1085,246.132208,2:15,4.32152,2.10071,5.91445,-29.29667,6.34752,12.09359,2.91167,0.2449,81.25931,-4.314093,-0.915158,0.4297,61.01499,26.272017,25.356688,4638.240626,93.49938,27.94626,57.94692,166.10486,165.34256,35.76394,2.887133,-7.00154,3.27079,-1.8604,50,4.39369,6.40214,-127.95759,1.4897,-11.73999,23.59491,-26.68967,GEO_PAT,DAY_FLY,SpuhlerFieldMain,D1,A10,20250315-SpuhlerFieldMain-1,7ebfa160-01bd-11f0-9838-553521291aba,87.71795,29.45677,,6.81647,,,,1.33227,2.9441,-0.23667,597f71cc-5c49-418c-8ea9-73822ae81711,2025-03-15,16:49:41.00,2025-03-15T12:49:41.0061824-04:00,2025-03-15T16:49:41.0061824Z,LineDrive,v3,471300,471281,15 March 2025 14:00-dayton@georgemas,"Howell, Martin",1000115741,Right,DAY_FLY,7bd791dc-1a63-4fd5-a70f-ad0d2b076a8c,54.59025,-128.80123,11.79746,4.32337,2.444,-13.34483,-2.09681,6.82191,-5.86999,219.297281,1.33234,72.51085,-14.96096,3.17171,-0.52904,0.02246,0.02355,-0.00772,0.00083,2.94402,39.61344,-15.59077,0.71821,-0.17603,0.10003,-0.04363,0.01071,-0.00106,-0.23666,34.36416,0.02517,-0.22423,0.10041,-0.0364,0.01092,-0.00219,0.0002,,,,,,,,,,,,,,,,,,,,,,,High,High,High,High,High,,,
191,2025-03-15,12:50:29.67,4,1,"Judy, Jackson",10276362,Right,DAY_FLY,"Butler, Jake",1000176047,Right,GEO_PAT,Undefined,7,Bottom,0,0,0,Slider,Curveball,StrikeCalled,Undefined,Undefined,Undefined,0,0,,73.72095,2.891421,-0.562082,2588.118637,83.914826,8:45,4.24365,2.189,5.22241,-53.36023,-0.56224,-20.40119,2.518,-0.0396,67.63976,-6.817623,-4.174819,0.522974,,,,,,,,,,,,10.03804,-0.61756,-2.1211,50,4.47056,1.81975,-106.93482,3.65978,11.61423,18.57273,-32.88859,GEO_PAT,DAY_FLY,SpuhlerFieldMain,D1,A10,20250315-SpuhlerFieldMain-1,9bb3bd60-01bd-11f0-9838-553521291aba,72.07326,,,6.08119,,,,,,,597f71cc-5c49-418c-8ea9-73822ae81711,2025-03-15,16:50:29.67,2025-03-15T12:50:29.6795648-04:00,2025-03-15T16:50:29.6795648Z,,v3,471300,471281,15 March 2025 14:00-dayton@georgemas,"Howell, Martin",1000115741,Right,DAY_FLY,51adfb59-c724-4041-af40-79df08dbab21,55.28225,-107.84835,9.28637,4.25076,5.27746,-16.4443,-2.19656,1.24849,5.80711,,,,,,,,,,,,,,,,,,,,,,,,,,,,,,,,,,,,,,,,,,,,,,,,,,,High,High,High,,,,,
192,2025-03-15,12:50:50.33,4,2,"Judy, Jackson",10276362,Right,DAY_FLY,"Butler, Jake",1000176047,Right,GEO_PAT,Undefined,7,Bottom,0,0,1,Slider,Curveball,BallCalled,Undefined,Undefined,Undefined,0,0,,73.80469,1.916995,-3.055253,2582.854704,99.877889,9:15,4.20624,2.21209,5.52195,-47.94156,4.4874,-16.23497,2.00672,-2.00018,67.56545,-6.868575,-5.936837,0.521143,,,,,,,,,,,,7.31059,2.18803,-1.93464,50,4.34143,6.29906,-106.94021,2.11359,8.41558,19.46602,-29.65529,GEO_PAT,DAY_FLY,SpuhlerFieldMain,D1,A10,20250315-SpuhlerFieldMain-1,a8213280-01bd-11f0-9838-553521291aba,72.32647,,,6.23925,,,,,,,597f71cc-5c49-418c-8ea9-73822ae81711,2025-03-15,16:50:50.33,2025-03-15T12:50:50.3394304-04:00,2025-03-15T16:50:50.3394304Z,,v3,471300,471281,15 March 2025 14:00-dayton@georgemas,"Howell, Martin",1000115741,Right,DAY_FLY,d0d08249-2a86-465b-a290-3a55bd3d4ea3,54.98052,-107.84299,9.73301,4.21151,3.48892,-14.82764,-2.21772,5.90876,4.20779,,,,,,,,,,,,,,,,,,,,,,,,,,,,,,,,,,,,,,,,,,,,,,,,,,,High,High,High,,,,,
193,2025-03-15,12:51:10.91,4,3,"Judy, Jackson",10276362,Right,DAY_FLY,"Butler, Jake",1000176047,Right,GEO_PAT,Undefined,7,Bottom,0,1,1,Fastball,Curveball,InPlay,Undefined,Popup,Single,0,1,,74.09988,1.625039,-1.479073,2474.629851,84.662142,8:45,4.09873,2.17634,5.14285,-51.64637,-0.07169,-15.01745,1.32595,-0.46814,69.19481,-7.696569,-4.13549,0.51688,66.04593,38.497647,-10.252413,3072.456524,108.72312,62.79413,-16.71173,195.84383,195.11927,-7.992248,4.361084,7.23532,-0.10189,-2.02535,50,4.21039,3.33236,-107.71447,1.35707,8.62912,16.05781,-32.29556,GEO_PAT,DAY_FLY,SpuhlerFieldMain,D1,A10,20250315-SpuhlerFieldMain-1,b4615610-01bd-11f0-9838-553521291aba,72.923,63.1664,,4.90507,,,,2.73877,1.58533,0.35981,597f71cc-5c49-418c-8ea9-73822ae81711,2025-03-15,16:51:10.91,2025-03-15T12:51:10.9162496-04:00,2025-03-15T16:51:10.9162496Z,FlyBall,v3,471300,471281,15 March 2025 14:00-dayton@georgemas,"Howell, Martin",1000115741,Right,DAY_FLY,49b23e8c-9413-49cd-ad10-fe45a21f4461,55.36383,-108.51115,8.0289,4.10332,2.95936,-16.14778,-2.18006,2.90424,4.31456,183.931991,2.74005,74.57028,-15.08198,3.29727,-0.48693,0.04165,-0.00416,0.0011,-0.00011,1.585,60.30444,-15.83074,0.59108,0.04256,-0.09169,0.03767,-0.00659,0.00042,0.35951,-13.48578,3.58289,-0.80348,0.12107,-0.01024,0.00075,-0.00019,2E-05,,,,,,,,,,,,,,,,,,,,,,,High,High,High,High,Medium,,,
194,2025-03-15,12:54:48.60,5,1,"Tran, Ayden",10078871,Left,DAY_FLY,"Raymond, Andrew",10148052,Left,GEO_PAT,Undefined,7,Bottom,0,0,0,Fastball,Four-Seam,BallCalled,Undefined,Undefined,Undefined,0,0,,83.97448,-3.940088,4.619568,2080.178771,152.916558,11:00,6.10379,-0.82878,6.61485,-21.68056,16.99725,-8.0789,0.67078,2.73834,77.47766,-8.03151,3.156269,0.447613,,,,,,,,,,,,5.45729,10.35619,0.51705,50,5.82535,-9.53297,-121.53166,-8.94821,8.21032,22.49596,-16.59343,GEO_PAT,DAY_FLY,SpuhlerFieldMain,D1,A10,20250315-SpuhlerFieldMain-1,361debf0-01be-11f0-9838-553521291aba,84.20772,,,6.49683,,,,,,,597f71cc-5c49-418c-8ea9-73822ae81711,2025-03-15,16:54:48.60,2025-03-15T12:54:48.6040064-04:00,2025-03-15T16:54:48.6040064Z,,v3,471300,471281,15 March 2025 14:00-dayton@georgemas,"Howell, Martin",1000115741,Right,DAY_FLY,56123a07-6bd4-44fd-9480-11ac95c7fa1b,53.88731,-122.2491,11.24798,6.10229,-8.41902,-8.29671,0.82525,-9.79481,4.10516,,,,,,,,,,,,,,,,,,,,,,,,,,,,,,,,,,,,,,,,,,,,,,,,,,,High,High,High,,,,,
195,2025-03-15,12:55:06.23,5,2,"Tran, Ayden",10078871,Left,DAY_FLY,"Raymond, Andrew",10148052,Left,GEO_PAT,Undefined,7,Bottom,0,1,0,Fastball,Four-Seam,FoulBallNotFieldable,Undefined,Undefined,Undefined,0,0,,87.73385,-2.38236,2.813636,2223.210714,160.03735,11:15,6.09933,-0.94887,6.69456,-15.84631,19.49934,-6.66343,2.59618,1.07107,80.10631,-5.451924,1.601515,0.427897,,,,,,,,,,,,4.33181,11.33465,0.76377,50,5.93373,-6.0147,-127.36179,-5.66854,7.09533,26.83914,-13.60826,GEO_PAT,DAY_FLY,SpuhlerFieldMain,D1,A10,20250315-SpuhlerFieldMain-1,4099a330-01be-11f0-9838-553521291aba,88.08763,,,7.62754,,,,,,,597f71cc-5c49-418c-8ea9-73822ae81711,2025-03-15,16:55:06.23,2025-03-15T12:55:06.2375936-04:00,2025-03-15T16:55:06.2375936Z,,v3,471300,471281,15 March 2025 14:00-dayton@georgemas,"Howell, Martin",1000115741,Right,DAY_FLY,b8b24ca8-2330-4e00-81d8-c21b12adfc82,53.80745,-128.16163,13.41957,6.09662,-5.263,-6.80413,0.94616,-6.22615,3.54767,,,,,,,,,,,,,,,,,,,,,,,,,,,,,,,,,,,,,,,,,,,,,,,,,,,High,High,High,,,,,
196,2025-03-15,12:55:27.20,5,3,"Tran, Ayden",10078871,Left,DAY_FLY,"Raymond, Andrew",10148052,Left,GEO_PAT,Undefined,7,Bottom,0,1,1,Fastball,Four-Seam,HitByPitch,Undefined,Undefined,Undefined,0,1,,87.37275,-0.835922,-0.205235,2094.732983,157.165841,11:15,6.10343,-0.90863,6.34412,-18.75233,17.13154,-6.74516,3.77109,-1.65967,80.00257,-4.414374,-1.426205,0.431143,,,,,,,,,,,,3.49662,9.5267,0.92677,50,6.03372,0.70833,-127.06848,-2.36432,5.71692,26.03641,-16.598,GEO_PAT,DAY_FLY,SpuhlerFieldMain,D1,A10,20250315-SpuhlerFieldMain-1,4d1437b0-01be-11f0-9838-553521291aba,87.42451,,,7.37018,,,,,,,597f71cc-5c49-418c-8ea9-73822ae81711,2025-03-15,16:55:27.20,2025-03-15T12:55:27.2003584-04:00,2025-03-15T16:55:27.2003584Z,,v3,471300,471281,15 March 2025 14:00-dayton@georgemas,"Howell, Martin",1000115741,Right,DAY_FLY,71e4a8cf-616e-4d6e-9c94-b1fdf9567984,54.15929,-127.91788,13.0182,6.10202,-1.82284,-8.299,0.90671,0.52183,2.85846,,,,,,,,,,,,,,,,,,,,,,,,,,,,,,,,,,,,,,,,,,,,,,,,,,,High,High,High,,,,,
197,2025-03-15,12:56:05.41,6,1,"Tran, Ayden",10078871,Left,DAY_FLY,"Alberti, Lucas",1000145512,Right,GEO_PAT,Undefined,7,Bottom,0,0,0,Slider,Curveball,BallCalled,Undefined,Undefined,Undefined,0,0,,77.66629,-0.072416,-0.818503,2380.709167,319.038269,4:45,6.10011,-0.93163,5.58066,-58.25783,-11.40056,11.14587,1.17765,-0.76732,71.80264,-10.630781,1.178778,0.492674,,,,,,,,,,,,-5.92788,-5.42611,0.99443,50,6.05513,1.19787,-112.89238,-2.08717,-7.6265,21.14465,-39.15499,GEO_PAT,DAY_FLY,SpuhlerFieldMain,D1,A10,20250315-SpuhlerFieldMain-1,63e6a7c0-01be-11f0-9838-553521291aba,76.50579,,,5.86365,,,,,,,597f71cc-5c49-418c-8ea9-73822ae81711,2025-03-15,16:56:05.41,2025-03-15T12:56:05.4159872-04:00,2025-03-15T16:56:05.4159872Z,,v3,471300,471281,15 March 2025 14:00-dayton@georgemas,"Howell, Martin",1000115741,Right,DAY_FLY,d280dbbb-6214-461e-9b45-bb3c2ccfadbb,54.92617,-113.8113,10.57232,6.10886,-0.38553,-19.5775,0.93516,1.52931,-3.81325,,,,,,,,,,,,,,,,,,,,,,,,,,,,,,,,,,,,,,,,,,,,,,,,,,,High,High,High,,,,,
198,2025-03-15,12:56:27.97,6,2,"Tran, Ayden",10078871,Left,DAY_FLY,"Alberti, Lucas",1000145512,Right,GEO_PAT,Undefined,7,Bottom,0,1,0,Fastball,Four-Seam,BallCalled,Undefined,Undefined,Undefined,0,0,,88.73947,-4.715959,2.557236,2293.465497,160.568273,11:15,5.97589,-0.95193,6.64282,-16.12485,17.91371,-6.00126,0.30092,0.89051,82.94593,-7.758384,1.465831,0.419911,,,,,,,,,,,,3.77567,10.83918,0.78168,50,5.64969,-5.54177,-128.78869,-11.05525,6.46874,21.71353,-13.6036,GEO_PAT,DAY_FLY,SpuhlerFieldMain,D1,A10,20250315-SpuhlerFieldMain-1,7153d9a0-01be-11f0-9838-553521291aba,89.76296,,,5.79354,,,,,,,597f71cc-5c49-418c-8ea9-73822ae81711,2025-03-15,16:56:27.97,2025-03-15T12:56:27.9753216-04:00,2025-03-15T16:56:27.9753216Z,,v3,471300,471281,15 March 2025 14:00-dayton@georgemas,"Howell, Martin",1000115741,Right,DAY_FLY,e383ac44-80f3-4436-b5e7-debbc4f8438e,53.8629,-129.43833,10.85677,5.97435,-10.64825,-6.8018,0.95038,-5.73531,3.23437,,,,,,,,,,,,,,,,,,,,,,,,,,,,,,,,,,,,,,,,,,,,,,,,,,,High,High,High,,,,,
199,2025-03-15,12:56:48.40,6,3,"Tran, Ayden",10078871,Left,DAY_FLY,"Alberti, Lucas",1000145512,Right,GEO_PAT,Undefined,7,Bottom,0,2,0,Fastball,Four-Seam,BallCalled,Undefined,Undefined,Undefined,0,0,,87.10915,-0.429574,0.031664,2134.14616,156.824573,11:15,6.17047,-1.04802,6.45108,-18.62379,16.71249,-6.76878,4.2238,-1.583,81.07745,-3.956431,-1.196033,0.42784,,,,,,,,,,,,3.55043,9.1439,1.04862,50,6.13127,0.1829,-126.89013,-1.45452,5.90083,21.24622,-16.97682,GEO_PAT,DAY_FLY,SpuhlerFieldMain,D1,A10,20250315-SpuhlerFieldMain-1,7d654c10-01be-11f0-9838-553521291aba,88.09931,,,6.0317,,,,,,,597f71cc-5c49-418c-8ea9-73822ae81711,2025-03-15,16:56:48.40,2025-03-15T12:56:48.4036608-04:00,2025-03-15T16:56:48.4036608Z,,v3,471300,471281,15 March 2025 14:00-dayton@georgemas,"Howell, Martin",1000115741,Right,DAY_FLY,b6a3551d-31c9-4f59-9da0-522262e74437,54.0524,-127.56685,10.62311,6.16899,-0.91379,-8.48841,1.04578,-0.00505,2.95042,,,,,,,,,,,,,,,,,,,,,,,,,,,,,,,,,,,,,,,,,,,,,,,,,,,High,High,High,,,,,
200,2025-03-15,12:57:04.07,6,4,"Tran, Ayden",10078871,Left,DAY_FLY,"Alberti, Lucas",1000145512,Right,GEO_PAT,Undefined,7,Bottom,0,3,0,Fastball,Four-Seam,StrikeCalled,Undefined,Undefined,Undefined,0,0,,86.36595,-1.449657,1.337724,2039.996351,142.020824,10:45,6.02529,-0.91163,6.46726,-22.31615,13.83001,-10.02205,2.83345,-0.51788,80.11767,-5.650069,-0.481116,0.432715,,,,,,,,,,,,5.625,7.92083,0.82169,50,5.91277,-2.57532,-125.71318,-3.81049,9.11898,22.37365,-19.33316,GEO_PAT,DAY_FLY,SpuhlerFieldMain,D1,A10,20250315-SpuhlerFieldMain-1,86d0f2e0-01be-11f0-9838-553521291aba,87.10675,,,6.24828,,,,,,,597f71cc-5c49-418c-8ea9-73822ae81711,2025-03-15,16:57:04.07,2025-03-15T12:57:04.0794112-04:00,2025-03-15T16:57:04.0794112Z,,v3,471300,471281,15 March 2025 14:00-dayton@georgemas,"Howell, Martin",1000115741,Right,DAY_FLY,b60063b1-ef6b-4a7c-a427-46aafb38e7de,54.03751,-126.42972,11.18683,6.02489,-3.19134,-9.66658,0.90884,-2.86737,4.55949,,,,,,,,,,,,,,,,,,,,,,,,,,,,,,,,,,,,,,,,,,,,,,,,,,,High,High,High,,,,,
201,2025-03-15,12:57:19.68,6,5,"Tran, Ayden",10078871,Left,DAY_FLY,"Alberti, Lucas",1000145512,Right,GEO_PAT,Undefined,7,Bottom,0,3,1,Fastball,Four-Seam,BallCalled,Walk,Undefined,Undefined,0,1,,87.04708,-3.411704,1.065217,2124.840365,146.168498,10:45,5.99187,-0.90716,6.40031,-18.35879,17.71418,-11.1293,1.32008,-0.85484,80.16942,-6.892678,-0.952422,0.432277,,,,,,,,,,,,6.12831,10.51993,0.83575,50,5.73819,-1.934,-126.41386,-8.02743,9.95856,24.75343,-15.07909,GEO_PAT,DAY_FLY,SpuhlerFieldMain,D1,A10,20250315-SpuhlerFieldMain-1,90262b80-01be-11f0-9838-553521291aba,87.19506,,,6.87766,,,,,,,597f71cc-5c49-418c-8ea9-73822ae81711,2025-03-15,16:57:19.68,2025-03-15T12:57:19.6872192-04:00,2025-03-15T16:57:19.6872192Z,,v3,471300,471281,15 March 2025 14:00-dayton@georgemas,"Howell, Martin",1000115741,Right,DAY_FLY,e481a234-057b-4751-aa0b-d6fdb94efe0e,54.10303,-127.21474,12.37671,5.99002,-7.53956,-7.53955,0.90353,-2.25621,4.97928,,,,,,,,,,,,,,,,,,,,,,,,,,,,,,,,,,,,,,,,,,,,,,,,,,,High,High,High,,,,,
202,2025-03-15,13:00:25.84,7,1,"Dudolski, Michael",10126273,Right,DAY_FLY,"Clyne, Owen",1000230336,Left,GEO_PAT,Undefined,7,Bottom,0,0,0,Fastball,Changeup,BallCalled,Undefined,Undefined,Undefined,0,0,,84.75483,-2.950791,-0.888464,1983.231662,210.093373,1:00,5.81719,0.58858,6.27405,-22.68249,15.30788,8.23713,1.204,0.45589,78.56518,-7.196559,0.601806,0.443617,,,,,,,,,,,,-4.53437,9.05123,-0.52691,50,5.58757,1.60784,-123.18327,-6.99621,-7.03901,22.10867,-18.12323,GEO_PAT,DAY_FLY,SpuhlerFieldMain,D1,A10,20250315-SpuhlerFieldMain-1,ff1cd8e0-01be-11f0-9838-553521291aba,84.96616,,,6.18965,,,,,,,597f71cc-5c49-418c-8ea9-73822ae81711,2025-03-15,17:00:25.84,2025-03-15T13:00:25.8470912-04:00,2025-03-15T17:00:25.8470912Z,,v3,471300,471281,15 March 2025 14:00-dayton@georgemas,"Howell, Martin",1000115741,Right,DAY_FLY,07ceabaa-421d-4889-9b6e-b7b3e0eda1da,54.22974,-123.94009,11.05434,5.81644,-6.37582,-9.06161,-0.58607,1.8488,-3.5195,,,,,,,,,,,,,,,,,,,,,,,,,,,,,,,,,,,,,,,,,,,,,,,,,,,High,High,High,,,,,
203,2025-03-15,13:00:42.13,7,2,"Dudolski, Michael",10126273,Right,DAY_FLY,"Clyne, Owen",1000230336,Left,GEO_PAT,Undefined,7,Bottom,0,1,0,Fastball,Four-Seam,BallCalled,Undefined,Undefined,Undefined,0,0,,86.06204,-3.056916,-0.454482,2086.01766,209.139147,1:00,5.77798,0.79378,6.25491,-20.13714,16.5845,8.68221,1.27802,1.09817,80.0462,-6.830967,1.11554,0.436146,,,,,,,,,,,,-4.63614,9.67587,-0.76423,50,5.54059,0.666,-125.12111,-7.25374,-7.45983,21.69468,-16.60504,GEO_PAT,DAY_FLY,SpuhlerFieldMain,D1,A10,20250315-SpuhlerFieldMain-1,08d2a810-01bf-11f0-9838-553521291aba,86.42153,,,6.01583,,,,,,,597f71cc-5c49-418c-8ea9-73822ae81711,2025-03-15,17:00:42.13,2025-03-15T13:00:42.1322240-04:00,2025-03-15T17:00:42.1322240Z,,v3,471300,471281,15 March 2025 14:00-dayton@georgemas,"Howell, Martin",1000115741,Right,DAY_FLY,0613c3bb-6a56-4e10-819a-1245dcd50f9a,54.24883,-125.85565,10.84734,5.77667,-6.69152,-8.30252,-0.79106,0.91858,-3.72991,,,,,,,,,,,,,,,,,,,,,,,,,,,,,,,,,,,,,,,,,,,,,,,,,,,High,High,High,,,,,
204,2025-03-15,13:00:58.11,7,3,"Dudolski, Michael",10126273,Right,DAY_FLY,"Clyne, Owen",1000230336,Left,GEO_PAT,Undefined,7,Bottom,0,2,0,Fastball,Changeup,BallCalled,Undefined,Undefined,Undefined,0,0,,85.92019,-1.078766,0.61626,2042.795876,219.218117,1:15,5.81912,0.47207,6.02332,-22.75631,14.40524,10.92418,2.92338,1.95325,79.66658,-5.328254,2.581704,0.438751,,,,,,,,,,,,-5.48374,8.00926,-0.52623,50,5.72206,-1.77373,-125.00015,-3.04684,-8.7888,22.13802,-19.33765,GEO_PAT,DAY_FLY,SpuhlerFieldMain,D1,A10,20250315-SpuhlerFieldMain-1,124071c0-01bf-11f0-9838-553521291aba,85.90843,,,6.25361,,,,,,,597f71cc-5c49-418c-8ea9-73822ae81711,2025-03-15,17:00:58.11,2025-03-15T13:00:58.1198336-04:00,2025-03-15T17:00:58.1198336Z,,v3,471300,471281,15 March 2025 14:00-dayton@georgemas,"Howell, Martin",1000115741,Right,DAY_FLY,2984facf-21e5-436d-8988-05a5e63c9650,54.4799,-125.79105,11.06901,5.81857,-2.35598,-9.66883,-0.46847,-1.45974,-4.3944,,,,,,,,,,,,,,,,,,,,,,,,,,,,,,,,,,,,,,,,,,,,,,,,,,,High,High,High,,,,,
205,2025-03-15,13:01:14.51,7,4,"Dudolski, Michael",10126273,Right,DAY_FLY,"Clyne, Owen",1000230336,Left,GEO_PAT,Undefined,7,Bottom,0,3,0,Fastball,Changeup,BallCalled,Walk,Undefined,Undefined,0,1,,85.28927,-3.255802,-1.974738,2068.456086,209.508406,1:00,5.8475,0.5688,6.3941,-23.0923,14.12851,7.41886,0.92353,-0.62999,79.44693,-7.567115,-0.630172,0.439101,,,,,,,,,,,,-4.38158,8.48709,-0.43035,50,5.60233,4.00918,-123.95035,-7.71143,-6.92011,21.24906,-18.76985,GEO_PAT,DAY_FLY,SpuhlerFieldMain,D1,A10,20250315-SpuhlerFieldMain-1,1c21e4d0-01bf-11f0-9838-553521291aba,85.84005,,,5.84234,,,,,,,597f71cc-5c49-418c-8ea9-73822ae81711,2025-03-15,17:01:14.51,2025-03-15T13:01:14.5102336-04:00,2025-03-15T17:01:14.5102336Z,,v3,471300,471281,15 March 2025 14:00-dayton@georgemas,"Howell, Martin",1000115741,Right,DAY_FLY,657bd96d-8893-4d57-a8c6-454438ec4076,54.11071,-124.65306,10.62453,5.84708,-7.09071,-9.38492,-0.56672,4.23803,-3.46006,,,,,,,,,,,,,,,,,,,,,,,,,,,,,,,,,,,,,,,,,,,,,,,,,,,High,High,High,,,,,
206,2025-03-15,13:01:46.73,8,1,"Dudolski, Michael",10126273,Right,DAY_FLY,"Lavin, Sam",1000364332,Left,GEO_PAT,Undefined,7,Bottom,0,0,0,Fastball,Four-Seam,StrikeCalled,Undefined,Undefined,Undefined,0,0,,85.95223,-1.186651,-1.666092,2099.968523,198.018995,12:30,5.8597,0.58773,6.39302,-20.69848,15.78178,4.8202,3.04274,-0.54348,79.93643,-5.086614,-0.793088,0.434711,,,,,,,,,,,,-2.90555,8.83544,-0.47012,50,5.76452,3.46099,-125.10388,-3.1674,-4.68525,21.10638,-17.92686,GEO_PAT,DAY_FLY,SpuhlerFieldMain,D1,A10,20250315-SpuhlerFieldMain-1,2f51b2b0-01bf-11f0-9838-553521291aba,86.70697,,,6.01579,,,,,,,597f71cc-5c49-418c-8ea9-73822ae81711,2025-03-15,17:01:46.73,2025-03-15T13:01:46.7364352-04:00,2025-03-15T17:01:46.7364352Z,,v3,471300,471281,15 March 2025 14:00-dayton@georgemas,"Howell, Martin",1000115741,Right,DAY_FLY,cd2790cf-3a0e-4573-9011-ab01ff4bff1b,54.11062,-125.79547,10.55319,5.85868,-2.57999,-8.96343,-0.58605,3.61451,-2.34262,,,,,,,,,,,,,,,,,,,,,,,,,,,,,,,,,,,,,,,,,,,,,,,,,,,High,High,High,,,,,
207,2025-03-15,13:02:00.42,8,2,"Dudolski, Michael",10126273,Right,DAY_FLY,"Lavin, Sam",1000364332,Left,GEO_PAT,Undefined,7,Bottom,0,0,1,Slider,Curveball,FoulBallNotFieldable,Undefined,Undefined,Undefined,0,0,,73.87992,-0.440999,-0.363359,1878.142243,76.325564,8:30,5.89232,0.52684,5.54304,-51.1031,-0.44165,-6.78941,1.22154,-0.37855,69.78185,-9.676098,-1.577236,0.512283,78.31679,-26.573176,66.643159,,,,,6.67839,6.67839,30.996214,0.033231,3.41292,0.14626,-0.49053,50,5.81911,0.91483,-107.59917,-2.41429,4.09269,14.66325,-31.99864,GEO_PAT,DAY_FLY,SpuhlerFieldMain,D1,A10,20250315-SpuhlerFieldMain-1,3783a100-01bf-11f0-9838-553521291aba,73.57732,1.71087,,4.09807,,,,4.36863,1.71087,0.29901,597f71cc-5c49-418c-8ea9-73822ae81711,2025-03-15,17:02:00.42,2025-03-15T13:02:00.4286464-04:00,2025-03-15T17:02:00.4286464Z,GroundBall,v3,471300,471281,15 March 2025 14:00-dayton@georgemas,"Howell, Martin",1000115741,Right,DAY_FLY,5c4c4491-7fb3-42c8-9045-a68b1e550c55,54.96409,-108.27355,7.33163,5.89631,-0.94264,-15.99932,-0.52828,0.7266,2.04634,,4.36821,40.80812,,,,,,,,1.71141,-51.48432,,,,,,,,0.29802,94.49722,,,,,,,,,,,,,,,,,,,,,,,,,,,,,,High,High,High,Estimated,Estimated,,,
208,2025-03-15,13:02:20.15,8,3,"Dudolski, Michael",10126273,Right,DAY_FLY,"Lavin, Sam",1000364332,Left,GEO_PAT,Undefined,7,Bottom,0,0,2,Slider,Curveball,FoulBallNotFieldable,Undefined,Undefined,Undefined,0,0,,74.80176,1.107635,-0.141475,1844.670429,62.419008,8:00,5.92564,0.41171,5.68568,-50.89688,-0.88795,-4.50327,2.71683,-0.09543,69.17781,-8.20082,-0.947702,0.508973,69.78341,48.93214,-61.245745,4066.769958,35.38314,72.6932,-104.15387,186.89967,87.91205,-76.607191,4.114929,2.27319,-0.3763,-0.39683,50,5.98644,0.42726,-108.74604,0.53254,2.73469,18.24318,-32.62674,GEO_PAT,DAY_FLY,SpuhlerFieldMain,D1,A10,20250315-SpuhlerFieldMain-1,434a4ed0-01bf-11f0-9838-553521291aba,74.05581,72.80865,,5.62395,,,,2.80103,2.84783,-0.07675,597f71cc-5c49-418c-8ea9-73822ae81711,2025-03-15,17:02:20.15,2025-03-15T13:02:20.1536000-04:00,2025-03-15T17:02:20.1536000Z,Popup,v3,471300,471281,15 March 2025 14:00-dayton@georgemas,"Howell, Martin",1000115741,Right,DAY_FLY,8744e565-eb3d-4777-8c38-e079ee2bb86a,54.81924,-109.55154,9.12159,5.93113,1.9731,-16.31337,-0.41303,0.30651,1.36735,138.809093,2.80931,32.171,-12.85381,3.31307,-0.69344,0.35758,-0.19651,0.04841,-0.00415,2.83631,77.47861,-26.70079,6.15169,-4.02966,2.04843,-0.61083,0.0944,-0.00584,-0.06575,-59.23988,5.75565,-3.10092,2.95868,-1.65213,0.49892,-0.07569,0.00452,,,,,,,,,,,,,,,,,,,,,,,High,High,High,High,Low,,,
209,2025-03-15,13:02:40.11,8,4,"Dudolski, Michael",10126273,Right,DAY_FLY,"Lavin, Sam",1000364332,Left,GEO_PAT,Undefined,7,Bottom,0,0,2,Slider,Curveball,StrikeSwinging,Strikeout,Undefined,Undefined,0,0,,74.77652,-1.536305,-0.22744,1911.937777,24.740151,6:45,5.92795,0.39785,5.90038,-51.65999,-1.69331,-1.49669,0.19631,0.06198,69.26448,-10.962878,-0.497245,0.508758,,,,,,,,,,,,0.71579,-0.11575,-0.37865,50,5.77403,0.48149,-108.67373,-4.44352,0.85352,19.56028,-32.31206,GEO_PAT,DAY_FLY,SpuhlerFieldMain,D1,A10,20250315-SpuhlerFieldMain-1,4f25bd20-01bf-11f0-9838-553521291aba,74.08712,,,5.51203,,,,,,,597f71cc-5c49-418c-8ea9-73822ae81711,2025-03-15,17:02:40.11,2025-03-15T13:02:40.1191424-04:00,2025-03-15T17:02:40.1191424Z,,v3,471300,471281,15 March 2025 14:00-dayton@georgemas,"Howell, Martin",1000115741,Right,DAY_FLY,90865594-e2ad-4397-8a46-a6ac2fa1b499,54.605,-109.49945,9.78014,5.93281,-3.0795,-16.15603,-0.39821,0.44546,0.42676,,,,,,,,,,,,,,,,,,,,,,,,,,,,,,,,,,,,,,,,,,,,,,,,,,,High,High,High,,,,,
210,2025-03-15,13:03:41.10,9,1,"Dudolski, Michael",10126273,Right,DAY_FLY,"Wall, Jonny",1000119703,Right,GEO_PAT,Undefined,7,Bottom,1,0,0,Fastball,Four-Seam,StrikeCalled,Undefined,Undefined,Undefined,0,0,,86.91579,-2.685833,-2.161059,2014.962,198.179364,12:30,5.88161,0.55918,6.55174,-19.95237,15.92528,4.87878,1.75238,-1.01694,80.2021,-6.465185,-1.274921,0.431106,,,,,,,,,,,,-3.14106,9.41158,-0.41183,50,5.68704,4.5888,-126.2897,-6.46168,-5.10659,24.11847,-16.8732,GEO_PAT,DAY_FLY,SpuhlerFieldMain,D1,A10,20250315-SpuhlerFieldMain-1,73793530-01bf-11f0-9838-553521291aba,87.43205,,,6.71369,,,,,,,597f71cc-5c49-418c-8ea9-73822ae81711,2025-03-15,17:03:41.10,2025-03-15T13:03:41.1066368-04:00,2025-03-15T17:03:41.1066368Z,,v3,471300,471281,15 March 2025 14:00-dayton@georgemas,"Howell, Martin",1000115741,Right,DAY_FLY,fdfd8799-99e9-4fa4-9dab-c4f422affe42,53.95175,-127.04215,12.05924,5.88042,-5.93527,-8.4366,-0.55748,4.74811,-2.55329,,,,,,,,,,,,,,,,,,,,,,,,,,,,,,,,,,,,,,,,,,,,,,,,,,,High,High,High,,,,,
211,2025-03-15,13:03:57.94,9,2,"Dudolski, Michael",10126273,Right,DAY_FLY,"Wall, Jonny",1000119703,Right,GEO_PAT,Undefined,7,Bottom,1,0,1,Slider,Curveball,BallCalled,Undefined,Undefined,Undefined,0,0,,74.53592,-1.380104,-0.780692,1926.424121,52.918584,7:45,5.88755,0.61032,5.30778,-52.16692,-0.47394,-2.87229,0.24439,-0.36194,68.66596,-10.81826,-1.292489,0.517472,,,,,,,,,,,,1.23091,0.53154,-0.53719,50,5.7238,1.57809,-108.15698,-4.28425,1.44726,20.16604,-31.54908,GEO_PAT,DAY_FLY,SpuhlerFieldMain,D1,A10,20250315-SpuhlerFieldMain-1,7d908550-01bf-11f0-9838-553521291aba,72.83952,,,5.86996,,,,,,,597f71cc-5c49-418c-8ea9-73822ae81711,2025-03-15,17:03:57.94,2025-03-15T13:03:57.9442176-04:00,2025-03-15T17:03:57.9442176Z,,v3,471300,471281,15 March 2025 14:00-dayton@georgemas,"Howell, Martin",1000115741,Right,DAY_FLY,571896eb-a386-4bae-86d8-2fe7d4610422,55.19667,-109.1216,10.08302,5.89263,-2.77512,-15.77454,-0.61102,1.50886,0.72363,,,,,,,,,,,,,,,,,,,,,,,,,,,,,,,,,,,,,,,,,,,,,,,,,,,High,High,High,,,,,
212,2025-03-15,13:04:17.79,9,3,"Dudolski, Michael",10126273,Right,DAY_FLY,"Wall, Jonny",1000119703,Right,GEO_PAT,Undefined,7,Bottom,1,1,1,Slider,Curveball,InPlay,Undefined,GroundBall,Out,2,0,,74.30158,1.251199,-0.78271,2009.721661,30.247088,7:00,6.01347,0.53397,5.57268,-56.31885,-4.63752,-3.72229,2.48929,-0.5074,67.83417,-9.043992,-1.447908,0.517414,94.48956,1.996584,4.342686,1304.038422,,,,58.50154,53.77759,6.078237,0.436714,1.65236,-2.29697,-0.46396,50,6.08405,1.60795,-107.8282,0.58192,1.92348,20.72196,-34.84791,GEO_PAT,DAY_FLY,SpuhlerFieldMain,D1,A10,20250315-SpuhlerFieldMain-1,8963b640-01bf-11f0-9838-553521291aba,72.84773,2.7673,,6.46741,,,,1.65558,2.54144,0.53296,597f71cc-5c49-418c-8ea9-73822ae81711,2025-03-15,17:04:17.79,2025-03-15T13:04:17.7938432-04:00,2025-03-15T17:04:17.7938432Z,GroundBall,v3,471300,471281,15 March 2025 14:00-dayton@georgemas,"Howell, Martin",1000115741,Right,DAY_FLY,5abfb57d-da47-4cdb-b8d2-debd48475f4e,54.931,-108.77169,10.36098,6.02143,2.16858,-17.42396,-0.53517,1.52037,0.96174,318.964797,1.66471,137.82326,-19.34872,,,,,,,2.5556,4.39312,-23.53014,,,,,,,0.52607,10.69993,5.25441,,,,,,,,,,,,,,,,,,,,,,,,,,,,,High,High,High,High,High,,,
213,2025-03-15,13:06:31.23,1,1,"O'Hara, Connor",1000036031,Right,GEO_PAT,"Wouters, Dyrenson",821727,Right,DAY_FLY,Undefined,8,Top,0,0,0,Cutter,Curveball,BallCalled,Undefined,Undefined,Undefined,0,0,,82.55641,0.30502,-3.357075,2265.09624,61.020482,8:00,5.65272,1.41232,4.80852,-46.40499,-4.05827,-9.39949,2.07513,-2.55527,76.80474,-7.991804,-5.006496,0.468362,,,,,,,,,,,,3.81008,-1.72445,-1.06933,50,5.64252,7.43473,-119.76036,-1.17442,5.59497,20.72275,-34.70635,GEO_PAT,DAY_FLY,SpuhlerFieldMain,D1,A10,20250315-SpuhlerFieldMain-1,d8cefaf0-01bf-11f0-9838-553521291aba,80.47721,,,5.75167,,,,,,,597f71cc-5c49-418c-8ea9-73822ae81711,2025-03-15,17:06:31.23,2025-03-15T13:06:31.2330240-04:00,2025-03-15T17:06:31.2330240Z,,v3,471300,471281,15 March 2025 14:00-dayton@georgemas,"Raymond, Andrew",10148052,Right,GEO_PAT,7da8f483-44c7-4e25-80b0-5df44e95bf59,55.69661,-120.74205,10.36138,5.65922,0.4697,-17.35318,-1.41525,7.16968,2.79749,,,,,,,,,,,,,,,,,,,,,,,,,,,,,,,,,,,,,,,,,,,,,,,,,,,High,High,High,,,,,
214,2025-03-15,13:06:45.36,1,2,"O'Hara, Connor",1000036031,Right,GEO_PAT,"Wouters, Dyrenson",821727,Right,DAY_FLY,Undefined,8,Top,0,1,0,Cutter,Slider,StrikeCalled,Undefined,Undefined,Undefined,0,0,,80.89394,0.402963,-3.249616,2034.965315,226.110508,1:30,5.70976,1.64012,5.18065,-40.17152,3.45307,2.2728,2.74193,-1.2315,74.71561,-6.890269,-2.847894,0.475376,,,,,,,,,,,,-1.95827,2.02284,-1.33933,50,5.71669,6.56707,-117.32885,-0.60932,-2.75256,20.46138,-29.33073,GEO_PAT,DAY_FLY,SpuhlerFieldMain,D1,A10,20250315-SpuhlerFieldMain-1,e13eb590-01bf-11f0-9838-553521291aba,79.28977,,,6.17833,,,,,,,597f71cc-5c49-418c-8ea9-73822ae81711,2025-03-15,17:06:45.36,2025-03-15T13:06:45.3645312-04:00,2025-03-15T17:06:45.3645312Z,,v3,471300,471281,15 March 2025 14:00-dayton@georgemas,"Raymond, Andrew",10148052,Right,GEO_PAT,5e6f3ec6-cff1-4fc3-bbde-1a3f27d8c299,55.32187,-118.25331,10.23069,5.71428,0.71585,-14.66536,-1.63885,6.69144,-1.37628,,,,,,,,,,,,,,,,,,,,,,,,,,,,,,,,,,,,,,,,,,,,,,,,,,,High,High,High,,,,,
215,2025-03-15,13:06:55.85,1,3,"O'Hara, Connor",1000036031,Right,GEO_PAT,"Wouters, Dyrenson",821727,Right,DAY_FLY,Undefined,8,Top,0,1,1,Sinker,Four-Seam,StrikeCalled,Undefined,Undefined,Undefined,0,0,,88.3863,-2.472228,-3.975895,2262.337245,219.265971,1:15,5.80678,1.36118,5.25854,-16.91131,19.81694,15.23493,2.06757,-1.11097,80.86686,-5.652584,-1.282251,0.436186,,,,,,,,,,,,-8.65941,10.91288,-1.00786,50,5.56743,8.19872,-127.92008,-6.076,-14.39847,25.52633,-14.02864,GEO_PAT,DAY_FLY,SpuhlerFieldMain,D1,A10,20250315-SpuhlerFieldMain-1,e7785650-01bf-11f0-9838-553521291aba,86.4137,,,7.51943,,,,,,,597f71cc-5c49-418c-8ea9-73822ae81711,2025-03-15,17:06:55.85,2025-03-15T13:06:55.8563840-04:00,2025-03-15T17:06:55.8563840Z,,v3,471300,471281,15 March 2025 14:00-dayton@georgemas,"Raymond, Andrew",10148052,Right,GEO_PAT,9cbc6829-ab4f-47e0-a454-298718751e5d,55.24319,-128.96211,12.76316,5.80377,-5.50332,-7.01432,-1.35454,8.78649,-7.19924,,,,,,,,,,,,,,,,,,,,,,,,,,,,,,,,,,,,,,,,,,,,,,,,,,,High,High,High,,,,,
216,2025-03-15,13:07:08.48,1,4,"O'Hara, Connor",1000036031,Right,GEO_PAT,"Wouters, Dyrenson",821727,Right,DAY_FLY,Undefined,8,Top,0,1,2,Fastball,Sinker,InPlay,Undefined,FlyBall,Out,1,0,,90.52896,-1.023856,-3.193555,2284.787714,224.773926,1:30,5.71635,1.55957,5.07113,-18.73245,16.49647,15.24166,3.18835,-0.1845,82.58888,-4.51846,-0.504519,0.42719,81.34248,49.742319,2.042337,,109.13366,109.29224,13.77705,193.92496,112.63449,9.361357,5.393469,-8.49284,8.82056,-1.26896,50,5.60476,6.60781,-131.18371,-3.01541,-14.80758,27.61186,-16.79509,GEO_PAT,DAY_FLY,SpuhlerFieldMain,D1,A10,20250315-SpuhlerFieldMain-1,ef1864e0-01bf-11f0-9838-553521291aba,88.23346,109.9755,,7.94008,,,,1.30017,1.97982,-0.03036,597f71cc-5c49-418c-8ea9-73822ae81711,2025-03-15,17:07:08.48,2025-03-15T13:07:08.4869632-04:00,2025-03-15T17:07:08.4869632Z,FlyBall,v3,471300,471281,15 March 2025 14:00-dayton@georgemas,"Raymond, Andrew",10148052,Right,GEO_PAT,ad74f9f6-530d-40f0-a848-a12edd00ad38,55.43165,-132.32204,13.80593,5.7148,-2.32301,-8.39754,-1.55396,7.21826,-7.40379,190.392452,1.30418,76.95758,-23.52393,6.64267,-1.21615,0.11035,0.00368,-0.00156,8E-05,1.97966,91.04063,-22.14039,1.08377,0.3477,-0.23921,0.06785,-0.00947,0.00051,-0.03049,2.75388,3.17022,-1.33344,0.33629,-0.04948,0.00218,0.00034,-3E-05,,,,,,,,,,,,,,,,,,,,,,,High,High,High,Medium,Low,,,
217,2025-03-15,13:07:40.79,2,1,"O'Hara, Connor",1000036031,Right,GEO_PAT,"Mainolfi, Ty",10109715,Left,DAY_FLY,Undefined,8,Top,1,0,0,Cutter,Changeup,StrikeCalled,Undefined,Undefined,Undefined,0,0,,83.76307,-0.522187,-3.296112,1889.769199,250.142793,2:15,5.59646,1.52763,5.11527,-32.67155,8.25264,19.35355,2.38105,0.03175,76.92972,-6.489115,0.124059,0.460428,,,,,,,,,,,,-10.50426,4.62339,-1.23277,50,5.52186,6.15511,-121.45316,-2.29611,-15.75975,22.79691,-25.2375,GEO_PAT,DAY_FLY,SpuhlerFieldMain,D1,A10,20250315-SpuhlerFieldMain-1,024350c0-01c0-11f0-9838-553521291aba,81.86397,,,6.83335,,,,,,,597f71cc-5c49-418c-8ea9-73822ae81711,2025-03-15,17:07:40.79,2025-03-15T13:07:40.7924224-04:00,2025-03-15T17:07:40.7924224Z,,v3,471300,471281,15 March 2025 14:00-dayton@georgemas,"Raymond, Andrew",10148052,Right,GEO_PAT,91ee58d0-bcea-4990-b66c-88cafd4dc874,55.38813,-122.46034,11.39846,5.59867,-1.1811,-12.61875,-1.52009,6.85139,-7.87988,,,,,,,,,,,,,,,,,,,,,,,,,,,,,,,,,,,,,,,,,,,,,,,,,,,High,High,High,,,,,
218,2025-03-15,13:07:51.40,2,2,"O'Hara, Connor",1000036031,Right,GEO_PAT,"Mainolfi, Ty",10109715,Left,DAY_FLY,Undefined,8,Top,1,0,1,Fastball,Sinker,InPlay,Undefined,GroundBall,Out,1,0,,88.8602,-0.920751,-2.39795,2271.486748,264.22233,2:45,5.37906,1.70365,4.82497,-33.66163,3.43732,21.59233,1.70098,1.23043,80.89328,-7.026881,1.404209,0.438382,64.33555,-59.051102,163.613714,,,,,1.05914,1.42412,-63.703249,0.020956,-11.37288,2.31622,-1.48539,50,5.25873,4.36688,-128.74686,-3.4421,-18.95903,28.42963,-28.31282,GEO_PAT,DAY_FLY,SpuhlerFieldMain,D1,A10,20250315-SpuhlerFieldMain-1,08b4f170-01c0-11f0-9838-553521291aba,85.98087,1.7009,,7.96691,,,,1.44773,1.7009,-1.23727,597f71cc-5c49-418c-8ea9-73822ae81711,2025-03-15,17:07:51.40,2025-03-15T13:07:51.4091008-04:00,2025-03-15T17:07:51.4091008Z,GroundBall,v3,471300,471281,15 March 2025 14:00-dayton@georgemas,"Raymond, Andrew",10148052,Right,GEO_PAT,91a29a94-18d8-436e-b7f4-f336280bd675,55.67831,-129.99469,14.21482,5.38254,-2.1994,-14.15641,-1.69532,5.19903,-9.47951,,1.4482,-46.69421,,,,,,,,1.70172,-81.1663,,,,,,,,-1.2374,13.73071,,,,,,,,,,,,,,,,,,,,,,,,,,,,,,High,High,High,Estimated,Estimated,,,
219,2025-03-15,13:08:26.03,3,1,"O'Hara, Connor",1000036031,Right,GEO_PAT,"DiMartini, Michael",1000136501,Right,DAY_FLY,Undefined,8,Top,2,0,0,Slider,Slider,BallCalled,Undefined,Undefined,Undefined,0,0,,80.93451,1.432408,-0.728387,1972.491798,135.844702,10:30,5.61959,1.69977,4.83987,-42.24396,2.20028,-0.76358,3.45601,0.94639,73.96196,-6.226539,-0.862807,0.479821,,,,,,,,,,,,0.16965,1.12858,-1.627,50,5.72534,1.52534,-117.34486,1.34711,0.23632,22.40546,-30.60196,GEO_PAT,DAY_FLY,SpuhlerFieldMain,D1,A10,20250315-SpuhlerFieldMain-1,1d3f4640-01c0-11f0-9838-553521291aba,78.55525,,,6.97254,,,,,,,597f71cc-5c49-418c-8ea9-73822ae81711,2025-03-15,17:08:26.03,2025-03-15T13:08:26.0383744-04:00,2025-03-15T17:08:26.0383744Z,,v3,471300,471281,15 March 2025 14:00-dayton@georgemas,"Raymond, Andrew",10148052,Right,GEO_PAT,369280a2-6ad4-4326-808b-173eac62ed25,55.6611,-118.42083,11.20273,5.62537,2.81671,-15.30098,-1.69998,1.514,0.11816,,,,,,,,,,,,,,,,,,,,,,,,,,,,,,,,,,,,,,,,,,,,,,,,,,,High,High,High,,,,,
220,2025-03-15,13:08:35.49,3,2,"O'Hara, Connor",1000036031,Right,GEO_PAT,"DiMartini, Michael",1000136501,Right,DAY_FLY,Undefined,8,Top,2,0,0,Cutter,Slider,BallCalled,Undefined,Undefined,Undefined,0,0,,82.81379,0.273724,-2.902675,2039.345358,155.837797,11:15,5.50873,1.64736,4.97208,-38.6401,3.31673,-0.93945,2.54761,-1.17512,76.43481,-6.717055,-3.068154,0.466201,,,,,,,,,,,,-0.27886,1.94709,-1.36576,50,5.5035,6.13099,-120.11256,-0.87684,-0.4105,21.60399,-29.3079,GEO_PAT,DAY_FLY,SpuhlerFieldMain,D1,A10,20250315-SpuhlerFieldMain-1,22dc31d0-01c0-11f0-9838-553521291aba,80.85027,,,6.37898,,,,,,,597f71cc-5c49-418c-8ea9-73822ae81711,2025-03-15,17:08:35.49,2025-03-15T13:08:35.4962432-04:00,2025-03-15T17:08:35.4962432Z,,v3,471300,471281,15 March 2025 14:00-dayton@georgemas,"Raymond, Andrew",10148052,Right,GEO_PAT,313cd141-5e80-4765-91a1-4778bfe9cffe,55.5306,-121.10323,10.80199,5.51289,0.4671,-14.65395,-1.64733,6.14982,-0.20525,,,,,,,,,,,,,,,,,,,,,,,,,,,,,,,,,,,,,,,,,,,,,,,,,,,High,High,High,,,,,
221,2025-03-15,13:08:45.54,3,3,"O'Hara, Connor",1000036031,Right,GEO_PAT,"DiMartini, Michael",1000136501,Right,DAY_FLY,Undefined,8,Top,2,2,0,Fastball,Sinker,StrikeCalled,Undefined,Undefined,Undefined,0,0,,90.19251,-1.447081,-1.86567,2328.143172,245.484909,2:15,5.57746,1.584,5.00247,-26.10549,9.54603,18.36162,2.03485,1.3522,82.27967,-6.23169,1.37733,0.429745,,,,,,,,,,,,-9.59347,5.49532,-1.42011,50,5.41746,3.37819,-130.73818,-4.32153,-16.55607,28.31059,-22.69046,GEO_PAT,DAY_FLY,SpuhlerFieldMain,D1,A10,20250315-SpuhlerFieldMain-1,28db3a90-01c0-11f0-9838-553521291aba,87.70892,,,7.91284,,,,,,,597f71cc-5c49-418c-8ea9-73822ae81711,2025-03-15,17:08:45.54,2025-03-15T13:08:45.5440896-04:00,2025-03-15T17:08:45.5440896Z,,v3,471300,471281,15 March 2025 14:00-dayton@georgemas,"Raymond, Andrew",10148052,Right,GEO_PAT,c294aeff-f2ce-42da-b187-1b5e2d79b934,55.49911,-131.92361,14.1553,5.57853,-3.37143,-11.34523,-1.57608,4.07142,-8.27804,,,,,,,,,,,,,,,,,,,,,,,,,,,,,,,,,,,,,,,,,,,,,,,,,,,High,High,High,,,,,
222,2025-03-15,13:08:56.53,3,4,"O'Hara, Connor",1000036031,Right,GEO_PAT,"DiMartini, Michael",1000136501,Right,DAY_FLY,Undefined,8,Top,2,2,1,Fastball,Sinker,InPlay,Undefined,LineDrive,Single,0,0,,90.4434,-0.878389,-2.443222,2262.056189,248.338301,2:15,5.73509,1.45376,5.00311,-27.37407,8.31406,17.79934,2.62385,0.62911,81.92143,-5.905481,0.698668,0.429965,109.65289,12.111999,-21.912442,1390.441746,99.40656,15.58929,-47.09921,206.4517,205.98931,-28.708204,1.744006,-9.62138,4.7328,-1.23423,50,5.62873,4.7497,-131.00594,-3.08097,-16.55217,30.28271,-24.03199,GEO_PAT,DAY_FLY,SpuhlerFieldMain,D1,A10,20250315-SpuhlerFieldMain-1,2f7c4fb0-01c0-11f0-9838-553521291aba,87.66394,15.58022,,8.52197,,,,1.96296,2.67868,-0.56728,597f71cc-5c49-418c-8ea9-73822ae81711,2025-03-15,17:08:56.53,2025-03-15T13:08:56.5363200-04:00,2025-03-15T17:08:56.5363200Z,LineDrive,v3,471300,471281,15 March 2025 14:00-dayton@georgemas,"Raymond, Andrew",10148052,Right,GEO_PAT,eddb4bd8-1d21-4468-a95e-601bdaf73b1f,55.49922,-132.271,15.14136,5.73647,-2.07703,-12.01599,-1.44709,5.44117,-8.27608,90.51935,1.96297,145.88362,-35.14478,8.63096,-2.175,0.49705,-0.08897,0.00832,-2E-05,2.67868,33.74463,-24.07966,3.04257,-0.66961,0.1538,-0.03535,0.00694,-0.00072,-0.56727,-58.68199,-1.26752,2.56754,-1.02021,0.28986,-0.05035,0.00219,0.00054,,,,,,,,,,,,,,,,,,,,,,,High,High,High,High,High,,,
223,2025-03-15,13:09:33.29,4,1,"O'Hara, Connor",1000036031,Right,GEO_PAT,"Lujo, Rylan",1000102832,Right,DAY_FLY,Undefined,8,Top,2,0,0,Cutter,Slider,InPlay,Undefined,LineDrive,Single,0,0,,84.08865,0.879625,-1.519853,2145.827832,39.798914,7:15,5.64897,1.58981,4.8642,-45.85762,-4.74162,-5.02252,2.6604,-0.26758,77.08603,-7.383714,-2.404693,0.461506,97.76515,17.056753,3.678046,2800.105455,109.23092,31.94338,12.98461,308.43725,308.43725,13.406492,3.667676,2.06158,-2.25858,-1.43546,50,5.69622,3.45861,-121.97761,0.06637,3.10096,24.35517,-35.57132,GEO_PAT,DAY_FLY,SpuhlerFieldMain,D1,A10,20250315-SpuhlerFieldMain-1,456c9d20-01c0-11f0-9838-553521291aba,81.67278,40.24095,,7.00262,,,,1.17189,2.69232,0.25082,597f71cc-5c49-418c-8ea9-73822ae81711,2025-03-15,17:09:33.29,2025-03-15T13:09:33.2965888-04:00,2025-03-15T17:09:33.2965888Z,LineDrive,v3,471300,471281,15 March 2025 14:00-dayton@georgemas,"Raymond, Andrew",10148052,Right,GEO_PAT,7dac7a49-f222-4be0-8f74-e85c9e7354ea,55.63983,-123.09855,12.17759,5.65549,1.70354,-17.78566,-1.59136,3.31588,1.55048,211.653008,1.17196,136.79656,-28.46529,6.63471,-1.43582,0.28101,-0.04431,0.00462,-0.00022,2.69228,42.05991,-11.20509,-0.75422,0.37922,-0.10508,0.01918,-0.00193,8E-05,0.25079,8.7948,6.5769,-2.05289,0.54886,-0.12358,0.02107,-0.0023,0.00011,,,,,,,,,,,,,,,,,,,,,,,High,High,High,High,High,,,
224,2025-03-15,13:10:15.07,5,1,"O'Hara, Connor",1000036031,Right,GEO_PAT,"MacDougall, Ryan",1000268563,Left,DAY_FLY,Undefined,8,Top,2,0,0,Fastball,Sinker,FoulBallNotFieldable,Undefined,Undefined,Undefined,0,0,,93.02341,-0.950856,-2.682641,2280.682392,239.668985,2:00,5.71158,1.41359,5.17071,-22.79466,10.28442,15.84485,2.91609,0.20744,85.29731,-5.147433,0.121102,0.41395,,,,,,,,,,,,-8.63119,5.68327,-1.17617,50,5.60565,5.56901,-134.94765,-3.12641,-15.98877,28.11404,-21.64613,GEO_PAT,DAY_FLY,SpuhlerFieldMain,D1,A10,20250315-SpuhlerFieldMain-1,5e508810-01c0-11f0-9838-553521291aba,91.05554,,,7.72609,,,,,,,597f71cc-5c49-418c-8ea9-73822ae81711,2025-03-15,17:10:15.07,2025-03-15T13:10:15.0761472-04:00,2025-03-15T17:10:15.0761472Z,,v3,471300,471281,15 March 2025 14:00-dayton@georgemas,"Raymond, Andrew",10148052,Right,GEO_PAT,fee4176b-d863-4dbd-baa9-53faa53d7178,55.33255,-136.05406,14.05702,5.71193,-2.27454,-10.82306,-1.40771,6.19824,-7.99439,,,,,,,,,,,,,,,,,,,,,,,,,,,,,,,,,,,,,,,,,,,,,,,,,,,High,High,High,,,,,
225,2025-03-15,13:10:40.16,5,2,"O'Hara, Connor",1000036031,Right,GEO_PAT,"MacDougall, Ryan",1000268563,Left,DAY_FLY,Undefined,8,Top,2,0,1,Cutter,Slider,FoulBallNotFieldable,Undefined,Undefined,Undefined,0,0,,83.44119,0.335649,-0.743657,2259.21274,72.156455,8:30,5.47633,1.61216,4.8479,-43.72916,-1.77839,-9.79985,2.15005,0.0914,76.20367,-7.562114,-2.470783,0.466167,85.17469,9.839195,-76.410617,4563.832216,,,,125.96956,89.12216,-82.379776,1.243128,4.61693,-0.58394,-1.5298,50,5.47202,2.00668,-120.99733,-0.99565,6.80202,24.97837,-33.03437,GEO_PAT,DAY_FLY,SpuhlerFieldMain,D1,A10,20250315-SpuhlerFieldMain-1,6d4eba30-01c0-11f0-9838-553521291aba,80.85611,7.91776,,7.23752,,,,0.53326,2.14786,0.16337,597f71cc-5c49-418c-8ea9-73822ae81711,2025-03-15,17:10:40.16,2025-03-15T13:10:40.1610240-04:00,2025-03-15T17:10:40.1610240Z,LineDrive,v3,471300,471281,15 March 2025 14:00-dayton@georgemas,"Raymond, Andrew",10148052,Right,GEO_PAT,bfbdd800-73b1-44fe-b551-6ebc8c7dd87b,55.65467,-122.15909,12.48919,5.4826,0.5408,-16.51719,-1.61577,1.69032,3.40101,,0.53326,28.9202,-16.66094,4.02192,-1.04366,0.50644,-0.4466,0.27577,-0.06798,2.14786,21.34754,-20.9714,2.49659,-0.33563,-0.67243,1.12418,-0.76698,0.19187,0.16337,-119.63925,19.93714,-4.7818,1.20712,-0.5089,0.40045,-0.24077,0.05913,,,,,,,,,,,,,,,,,,,,,,,High,High,High,High,Medium,,,
226,2025-03-15,13:11:03.35,5,3,"O'Hara, Connor",1000036031,Right,GEO_PAT,"MacDougall, Ryan",1000268563,Left,DAY_FLY,Undefined,8,Top,2,0,2,Cutter,Changeup,FoulBallNotFieldable,Undefined,Undefined,Undefined,0,0,,84.12605,-0.751122,-3.175898,1848.958036,250.610786,2:15,5.44677,1.72248,5.37079,-32.88388,7.59697,17.77737,2.00104,0.22304,76.75875,-6.795225,-0.018401,0.457927,,,,,,,,,,,,-9.95973,4.38874,-1.45085,50,5.35594,6.03195,-121.95245,-2.74949,-14.93221,24.98326,-25.59418,GEO_PAT,DAY_FLY,SpuhlerFieldMain,D1,A10,20250315-SpuhlerFieldMain-1,7b1b7130-01c0-11f0-9838-553521291aba,82.31105,,,7.36729,,,,,,,597f71cc-5c49-418c-8ea9-73822ae81711,2025-03-15,17:11:03.35,2025-03-15T13:11:03.3588736-04:00,2025-03-15T17:11:03.3588736Z,,v3,471300,471281,15 March 2025 14:00-dayton@georgemas,"Raymond, Andrew",10148052,Right,GEO_PAT,f887f34a-5992-4265-b161-9051aa93fd79,55.1332,-122.99955,12.49163,5.4487,-1.67679,-12.79709,-1.71677,6.65779,-7.46611,,,,,,,,,,,,,,,,,,,,,,,,,,,,,,,,,,,,,,,,,,,,,,,,,,,High,High,High,,,,,
227,2025-03-15,13:11:23.79,5,4,"O'Hara, Connor",1000036031,Right,GEO_PAT,"MacDougall, Ryan",1000268563,Left,DAY_FLY,Undefined,8,Top,2,0,2,Fastball,Sinker,InPlay,Undefined,FlyBall,Out,1,0,,93.51874,-1.752238,-2.590522,2256.691808,228.480918,1:30,5.69996,1.42065,4.96392,-19.57891,13.54678,14.10213,2.41077,0.14679,85.44607,-5.371081,-0.104741,0.414242,100.84699,22.1874,6.730874,2029.331855,109.40436,44.52863,11.42983,326.78224,324.14675,3.446852,4.547505,-7.74437,7.50815,-1.18212,50,5.51454,5.44774,-135.53326,-4.90711,-14.41464,29.4382,-18.19908,GEO_PAT,DAY_FLY,SpuhlerFieldMain,D1,A10,20250315-SpuhlerFieldMain-1,873e21b0-01c0-11f0-9838-553521291aba,90.99137,63.91986,,8.07267,,,,2.36786,2.5267,-0.1592,597f71cc-5c49-418c-8ea9-73822ae81711,2025-03-15,17:11:23.79,2025-03-15T13:11:23.7986304-04:00,2025-03-15T17:11:23.7986304Z,LineDrive,v3,471300,471281,15 March 2025 14:00-dayton@georgemas,"Raymond, Andrew",10148052,Right,GEO_PAT,4ffb8bdf-df94-4180-8fb0-b23943b861fa,55.53919,-136.7311,14.7191,5.69914,-4.1666,-9.09954,-1.41573,6.03427,-7.20732,176.200524,2.36758,136.01609,-31.83013,8.04272,-1.84738,0.37634,-0.05844,0.00558,-0.00023,2.52744,55.84254,-12.06554,-0.91625,0.49733,-0.1329,0.01891,-0.00094,-2E-05,-0.15923,16.05291,-4.89325,0.9011,-0.147,0.02409,-0.00372,0.00037,-1E-05,,,,,,,,,,,,,,,,,,,,,,,High,High,High,High,Medium,,,
228,2025-03-15,13:13:32.32,1,1,"Dudolski, Michael",10126273,Right,DAY_FLY,"Hueber, Toby",1000091691,Right,GEO_PAT,Undefined,8,Bottom,0,0,0,Slider,Curveball,BallCalled,Undefined,Undefined,Undefined,0,0,,73.31067,2.638406,0.10782,1896.306864,8.00042,6:15,5.95865,0.43172,5.55758,-54.09093,-2.10114,-0.49138,3.91808,0.49152,68.10476,-7.220607,0.020166,0.518956,,,,,,,,,,,,0.27445,-1.25961,-0.44071,50,6.15074,-0.18291,-106.54717,3.22087,0.31982,15.94978,-33.64192,GEO_PAT,DAY_FLY,SpuhlerFieldMain,D1,A10,20250315-SpuhlerFieldMain-1,d3d33bf0-01c0-11f0-9838-553521291aba,72.63129,,,5.20592,,,,,,,597f71cc-5c49-418c-8ea9-73822ae81711,2025-03-15,17:13:32.32,2025-03-15T13:13:32.3202048-04:00,2025-03-15T17:13:32.3202048Z,,v3,471300,471281,15 March 2025 14:00-dayton@georgemas,"Howell, Martin",1000115741,Right,DAY_FLY,47c28ddb-1f0e-453f-a219-e9fd0387898d,54.94742,-107.28522,7.97489,5.96567,4.77761,-16.82096,-0.4319,-0.19771,0.15991,,,,,,,,,,,,,,,,,,,,,,,,,,,,,,,,,,,,,,,,,,,,,,,,,,,High,High,High,,,,,
229,2025-03-15,13:13:47.60,1,2,"Dudolski, Michael",10126273,Right,DAY_FLY,"Hueber, Toby",1000091691,Right,GEO_PAT,Undefined,8,Bottom,0,1,0,Fastball,Four-Seam,StrikeCalled,Undefined,Undefined,Undefined,0,0,,86.93096,-2.771944,-2.037595,2056.816871,196.758847,12:30,5.9961,0.32774,6.54096,-20.84348,15.01024,4.20185,1.71309,-1.1918,80.31186,-6.707348,-1.274347,0.430961,,,,,,,,,,,,-2.74898,8.94158,-0.18829,50,5.79464,4.34253,-126.32214,-6.68808,-4.47461,23.95945,-17.61957,GEO_PAT,DAY_FLY,SpuhlerFieldMain,D1,A10,20250315-SpuhlerFieldMain-1,dcfdbb10-01c0-11f0-9838-553521291aba,87.46128,,,6.6191,,,,,,,597f71cc-5c49-418c-8ea9-73822ae81711,2025-03-15,17:13:47.60,2025-03-15T13:13:47.6005376-04:00,2025-03-15T17:13:47.6005376Z,,v3,471300,471281,15 March 2025 14:00-dayton@georgemas,"Howell, Martin",1000115741,Right,DAY_FLY,9c9bc7bf-5d69-48a3-8717-c9053a266580,53.96279,-127.07154,11.97972,5.99521,-6.13698,-8.80979,-0.32631,4.48249,-2.2373,,,,,,,,,,,,,,,,,,,,,,,,,,,,,,,,,,,,,,,,,,,,,,,,,,,High,High,High,,,,,
230,2025-03-15,13:14:02.92,1,3,"Dudolski, Michael",10126273,Right,DAY_FLY,"Hueber, Toby",1000091691,Right,GEO_PAT,Undefined,8,Bottom,0,1,1,Slider,Curveball,BallCalled,Undefined,Undefined,Undefined,0,0,,73.4928,-1.384479,-1.097968,1881.989035,31.859337,7:00,5.84945,0.48856,5.53167,-55.13842,-2.98992,-2.80177,-0.04015,-0.77146,68.57072,-11.344252,-1.599522,0.519747,,,,,,,,,,,,1.15264,-0.87232,-0.39114,50,5.69138,2.14285,-106.81343,-4.28202,1.33677,17.73082,-33.18575,GEO_PAT,DAY_FLY,SpuhlerFieldMain,D1,A10,20250315-SpuhlerFieldMain-1,e6157580-01c0-11f0-9838-553521291aba,72.5207,,,4.92208,,,,,,,597f71cc-5c49-418c-8ea9-73822ae81711,2025-03-15,17:14:02.92,2025-03-15T13:14:02.9277696-04:00,2025-03-15T17:14:02.9277696Z,,v3,471300,471281,15 March 2025 14:00-dayton@georgemas,"Howell, Martin",1000115741,Right,DAY_FLY,1132c782-4dd1-46a5-b64d-29b70eae1f24,54.97472,-107.63606,8.86541,5.85433,-2.74236,-16.59288,-0.48912,2.08083,0.66839,,,,,,,,,,,,,,,,,,,,,,,,,,,,,,,,,,,,,,,,,,,,,,,,,,,High,High,High,,,,,
231,2025-03-15,13:14:18.47,1,4,"Dudolski, Michael",10126273,Right,DAY_FLY,"Hueber, Toby",1000091691,Right,GEO_PAT,Undefined,8,Bottom,0,2,1,Fastball,Four-Seam,InPlay,Undefined,GroundBall,Single,0,0,,86.73719,-2.067736,-1.337584,2061.17102,205.210315,12:45,5.96101,0.46874,6.30466,-20.71781,15.59139,6.83398,2.3281,-0.19435,79.99346,-5.976369,-0.101208,0.43369,103.84566,0.276874,2.216028,1417.865538,,,,45.6259,42.93472,3.116319,0.304994,-3.92713,8.99686,-0.37383,50,5.79902,2.68713,-126.09656,-5.14139,-6.36595,24.00881,-17.59002,GEO_PAT,DAY_FLY,SpuhlerFieldMain,D1,A10,20250315-SpuhlerFieldMain-1,ef6074f0-01c0-11f0-9838-553521291aba,86.91098,2.40681,,6.74373,,,,1.70981,2.40241,0.20282,597f71cc-5c49-418c-8ea9-73822ae81711,2025-03-15,17:14:18.47,2025-03-15T13:14:18.4772096-04:00,2025-03-15T17:14:18.4772096Z,GroundBall,v3,471300,471281,15 March 2025 14:00-dayton@georgemas,"Howell, Martin",1000115741,Right,DAY_FLY,34075f9d-e9a1-495f-913a-c950e19968f1,54.19878,-126.89349,12.0044,5.95999,-4.55753,-8.79501,-0.46653,2.89844,-3.18298,333.645531,1.71581,151.92912,-26.88215,,,,,,,2.41041,0.38489,-27.25626,,,,,,,0.20022,6.00366,4.85412,,,,,,,,,,,,,,,,,,,,,,,,,,,,,High,High,High,High,High,,,
232,2025-03-15,13:14:56.71,2,1,"Dudolski, Michael",10126273,Right,DAY_FLY,"Hull, Owen",10054797,Left,GEO_PAT,Undefined,8,Bottom,0,0,0,Slider,Curveball,FoulBallNotFieldable,Undefined,Undefined,Undefined,0,0,,73.2895,1.026603,-0.056115,1750.95223,66.569789,8:15,5.88433,0.4993,5.90413,-51.76294,0.21417,-3.24973,2.52387,0.17639,67.43221,-8.497687,-0.640409,0.518893,85.90829,40.873096,-55.507128,4870.547176,46.17329,71.7301,-99.83972,233.46061,114.64221,-75.723337,4.195088,1.65917,0.25866,-0.49287,50,5.93697,0.21491,-106.50855,0.39805,1.90231,18.6161,-31.87749,GEO_PAT,DAY_FLY,SpuhlerFieldMain,D1,A10,20250315-SpuhlerFieldMain-1,063974b0-01c1-11f0-9838-553521291aba,72.64014,76.30276,,5.85728,,,,1.74074,2.57717,-0.12592,597f71cc-5c49-418c-8ea9-73822ae81711,2025-03-15,17:14:56.71,2025-03-15T13:14:56.7102464-04:00,2025-03-15T17:14:56.7102464Z,FlyBall,v3,471300,471281,15 March 2025 14:00-dayton@georgemas,"Howell, Martin",1000115741,Right,DAY_FLY,aabb1382-8c7a-4ddd-a88e-b1ef9372fd28,54.59957,-107.30948,9.30805,5.89034,1.76952,-15.93874,-0.50036,0.13307,0.95115,,1.73066,54.23363,-25.3143,10.82565,-5.51608,2.47835,-0.72983,0.11595,-0.0074,2.57183,82.57829,-28.48751,4.48767,-1.47196,0.47921,-0.09902,0.00942,-0.00022,-0.12283,-78.59533,6.87885,-0.08596,-0.13224,0.05424,-0.02859,0.0089,-0.00092,,,,,,,,,,,,,,,,,,,,,,,High,High,High,High,Low,,,
233,2025-03-15,13:15:37.67,2,2,"Dudolski, Michael",10126273,Right,DAY_FLY,"Hull, Owen",10054797,Left,GEO_PAT,Undefined,8,Bottom,0,0,1,Slider,Splitter,BallCalled,Undefined,Undefined,Undefined,0,0,,73.92712,3.483803,1.124092,704.773344,200.514724,12:45,5.92433,0.27675,5.40357,-38.16514,14.78871,4.84071,6.01311,1.73362,66.50384,-3.626603,1.983209,0.523745,,,,,,,,,,,,-2.04878,6.86811,-0.38036,50,6.2092,-2.28471,-106.89832,5.38102,-2.34061,20.61075,-24.32767,GEO_PAT,DAY_FLY,SpuhlerFieldMain,D1,A10,20250315-SpuhlerFieldMain-1,1e8e8d20-01c1-11f0-9838-553521291aba,71.96711,,,7.42328,,,,,,,597f71cc-5c49-418c-8ea9-73822ae81711,2025-03-15,17:15:37.67,2025-03-15T13:15:37.6766464-04:00,2025-03-15T17:15:37.6766464Z,,v3,471300,471281,15 March 2025 14:00-dayton@georgemas,"Howell, Martin",1000115741,Right,DAY_FLY,966a152f-57a5-4ae0-8f90-6e192315ecca,55.0926,-107.87574,10.30537,5.92666,6.53471,-12.16384,-0.27464,-2.17371,-1.17031,,,,,,,,,,,,,,,,,,,,,,,,,,,,,,,,,,,,,,,,,,,,,,,,,,,High,High,High,,,,,
234,2025-03-15,13:16:16.90,2,3,"Dudolski, Michael",10126273,Right,DAY_FLY,"Hull, Owen",10054797,Left,GEO_PAT,Undefined,8,Bottom,0,1,1,Fastball,Slider,BallCalled,Undefined,Undefined,Undefined,0,0,,85.40074,-2.940596,0.661487,2012.662838,183.916447,12:15,5.93855,0.45173,6.01539,-25.15375,13.05304,0.80965,1.1157,1.13202,78.38131,-7.628556,0.807299,0.444879,,,,,,,,,,,,-0.23433,7.923,-0.50408,50,5.69388,-1.46225,-123.95352,-7.13775,-0.364,25.14593,-19.86703,GEO_PAT,DAY_FLY,SpuhlerFieldMain,D1,A10,20250315-SpuhlerFieldMain-1,35f749c0-01c1-11f0-9838-553521291aba,84.72518,,,7.01943,,,,,,,597f71cc-5c49-418c-8ea9-73822ae81711,2025-03-15,17:16:16.90,2025-03-15T13:16:16.9018880-04:00,2025-03-15T17:16:16.9018880Z,,v3,471300,471281,15 March 2025 14:00-dayton@georgemas,"Howell, Martin",1000115741,Right,DAY_FLY,8e886693-6f24-40c7-91ef-218f332c852f,54.48757,-124.86057,12.57297,5.93842,-6.42111,-9.93352,-0.45157,-1.44912,-0.182,,,,,,,,,,,,,,,,,,,,,,,,,,,,,,,,,,,,,,,,,,,,,,,,,,,High,High,High,,,,,
235,2025-03-15,13:16:36.87,2,4,"Dudolski, Michael",10126273,Right,DAY_FLY,"Hull, Owen",10054797,Left,GEO_PAT,Undefined,8,Bottom,0,2,1,ChangeUp,Slider,FoulBallNotFieldable,Undefined,Undefined,Undefined,0,0,,83.66772,-1.222186,0.193172,2006.713201,184.603826,12:15,5.80386,0.41376,6.06129,-27.86919,11.80158,0.84839,2.35001,0.66326,76.62885,-6.431464,0.346051,0.453322,99.91288,20.234049,-35.352519,4037.723363,83.50729,35.02475,-71.59929,297.6255,234.67796,-50.156105,3.375267,-0.38504,6.80937,-0.42922,50,5.69399,-0.44215,-121.56584,-3.43533,-0.57506,24.26858,-22.00422,GEO_PAT,DAY_FLY,SpuhlerFieldMain,D1,A10,20250315-SpuhlerFieldMain-1,41e1fa50-01c1-11f0-9838-553521291aba,83.14717,41.63454,,7.03887,,,,1.35068,2.30225,-0.56767,597f71cc-5c49-418c-8ea9-73822ae81711,2025-03-15,17:16:36.87,2025-03-15T13:16:36.8736256-04:00,2025-03-15T17:16:36.8736256Z,LineDrive,v3,471300,471281,15 March 2025 14:00-dayton@georgemas,"Howell, Martin",1000115741,Right,DAY_FLY,6999867b-d19e-45b8-897a-9d5d762697ad,54.44082,-122.44916,12.13429,5.80445,-2.63442,-11.00211,-0.41351,-0.42122,-0.28753,124.103496,1.35061,112.14854,-32.20454,8.585,-1.98909,0.37092,-0.05099,0.00409,-0.0001,2.30229,50.67628,-17.0436,0.22313,0.23956,-0.07044,0.00769,0.00057,-0.00013,-0.5678,-79.5481,2.77076,1.26561,-0.6875,0.2045,-0.04031,0.00484,-0.00027,,,,,,,,,,,,,,,,,,,,,,,High,High,High,High,Medium,,,
236,2025-03-15,13:17:39.77,2,5,"Dudolski, Michael",10126273,Right,DAY_FLY,"Hull, Owen",10054797,Left,GEO_PAT,Undefined,8,Bottom,0,2,2,Slider,Curveball,FoulBallNotFieldable,Undefined,Undefined,Undefined,0,0,,72.52635,2.288894,0.624705,1770.031282,5.395251,6:15,5.80577,0.62195,5.54218,-56.32731,-2.76488,-0.40965,3.2524,1.17171,66.96631,-7.987232,0.551621,0.526746,66.36451,24.44325,-115.032922,4441.252096,,,,,34.03403,,,0.37244,-1.54685,-0.67583,50,5.96655,-1.13406,-105.34256,2.46975,0.42056,17.07786,-33.92072,GEO_PAT,DAY_FLY,SpuhlerFieldMain,D1,A10,20250315-SpuhlerFieldMain-1,676d0800-01c1-11f0-9838-553521291aba,71.55709,15.56321,,5.56004,,,,0.21114,3.12203,-1.13891,597f71cc-5c49-418c-8ea9-73822ae81711,2025-03-15,17:17:39.77,2025-03-15T13:17:39.7703680-04:00,2025-03-15T17:17:39.7703680Z,,v3,471300,471281,15 March 2025 14:00-dayton@georgemas,"Howell, Martin",1000115741,Right,DAY_FLY,59d74bea-5cdc-43d2-a3ae-e67ba949084b,54.96233,-106.14399,8.53893,5.8133,4.06159,-16.96036,-0.62215,-1.1538,0.21028,,0.21684,-37.69236,-5.10238,,,,,,,3.12607,40.1373,-20.59016,,,,,,,-1.1428,-80.15318,10.80138,,,,,,,,,,,,,,,,,,,,,,,,,,,,,High,High,High,Medium,Undefined,,,
237,2025-03-15,13:18:02.77,2,6,"Dudolski, Michael",10126273,Right,DAY_FLY,"Hull, Owen",10054797,Left,GEO_PAT,Undefined,8,Bottom,0,2,2,Slider,Curveball,BallCalled,Undefined,Undefined,Undefined,0,0,,74.13003,-1.495111,-0.980011,1893.763742,16.554923,6:30,5.73634,0.6605,5.64192,-53.15944,-1.77126,-1.00496,-0.08892,-0.3376,68.65894,-11.145457,-1.160253,0.515944,,,,,,,,,,,,0.2378,-0.1502,-0.57654,50,5.57462,1.87638,-107.672,-4.43444,0.27824,19.26724,-32.3498,GEO_PAT,DAY_FLY,SpuhlerFieldMain,D1,A10,20250315-SpuhlerFieldMain-1,751742e0-01c1-11f0-9838-553521291aba,73.05522,,,5.47109,,,,,,,597f71cc-5c49-418c-8ea9-73822ae81711,2025-03-15,17:18:02.77,2025-03-15T13:18:02.7774976-04:00,2025-03-15T17:18:02.7774976Z,,v3,471300,471281,15 March 2025 14:00-dayton@georgemas,"Howell, Martin",1000115741,Right,DAY_FLY,99094d35-d8ff-4332-87cd-6d1c96ce8a5f,54.8634,-108.53878,9.63362,5.74138,-2.9791,-16.1749,-0.66067,1.86386,0.13912,,,,,,,,,,,,,,,,,,,,,,,,,,,,,,,,,,,,,,,,,,,,,,,,,,,High,High,High,,,,,
238,2025-03-15,13:18:38.03,2,7,"Dudolski, Michael",10126273,Right,DAY_FLY,"Hull, Owen",10054797,Left,GEO_PAT,Undefined,8,Bottom,0,3,2,Fastball,Cutter,BallCalled,Walk,Undefined,Undefined,0,0,,86.21694,0.905672,0.402485,2086.097365,186.212341,12:15,5.86354,0.8184,6.10621,-22.65363,14.57024,1.46087,4.81339,1.31236,78.75811,-3.376895,0.665663,0.439119,,,,,,,,,,,,-0.64,7.61528,-0.85007,50,5.92118,-0.93865,-125.28205,1.31402,-1.01784,25.16322,-20.06328,GEO_PAT,DAY_FLY,SpuhlerFieldMain,D1,A10,20250315-SpuhlerFieldMain-1,8a022e40-01c1-11f0-9838-553521291aba,85.83653,,,7.45883,,,,,,,597f71cc-5c49-418c-8ea9-73822ae81711,2025-03-15,17:18:38.03,2025-03-15T13:18:38.0370944-04:00,2025-03-15T17:18:38.0370944Z,,v3,471300,471281,15 March 2025 14:00-dayton@georgemas,"Howell, Martin",1000115741,Right,DAY_FLY,9eaa0d1f-5b7a-40d1-8cdb-9425d5ef5027,54.39438,-126.16158,12.58161,5.863,2.0153,-10.03164,-0.81788,-0.90307,-0.50892,,,,,,,,,,,,,,,,,,,,,,,,,,,,,,,,,,,,,,,,,,,,,,,,,,,High,High,High,,,,,
239,2025-03-15,13:19:10.68,3,1,"Dudolski, Michael",10126273,Right,DAY_FLY,"Quinn-Irons, Jaime",1000216379,Right,GEO_PAT,Undefined,8,Bottom,0,0,0,Slider,Curveball,InPlay,Undefined,FlyBall,Out,1,0,,73.39909,1.361949,-0.180712,2107.774812,87.000249,9:00,5.60639,1.14229,5.78207,-50.69365,1.25925,-6.18729,2.64941,0.45853,67.60319,-7.950602,-1.290059,0.518772,88.28748,52.22864,-38.786581,3242.208054,78.76249,128.18099,-76.78816,224.40906,103.1314,-48.081341,5.915857,3.13705,0.6665,-1.12346,50,5.6878,0.54829,-106.66378,1.03599,3.61631,18.23969,-31.40574,GEO_PAT,DAY_FLY,SpuhlerFieldMain,D1,A10,20250315-SpuhlerFieldMain-1,9d9d6820-01c1-11f0-9838-553521291aba,72.65708,135.39995,,5.7959,,,,2.19048,2.3149,-0.55423,597f71cc-5c49-418c-8ea9-73822ae81711,2025-03-15,17:19:10.68,2025-03-15T13:19:10.6882560-04:00,2025-03-15T17:19:10.6882560Z,FlyBall,v3,471300,471281,15 March 2025 14:00-dayton@georgemas,"Howell, Martin",1000115741,Right,DAY_FLY,ea1461c0-9d51-4ddd-962e-d110fb3da350,54.72222,-107.46825,9.11985,5.61156,2.42116,-15.70287,-1.14412,0.38879,1.80816,166.71489,2.19767,61.68392,-20.72459,5.83428,-0.98993,0.05973,0.01099,-0.0022,0.00011,2.31048,102.41662,-23.42959,1.66836,0.02061,-0.11272,0.036,-0.00508,0.00027,-0.55931,-49.59405,10.15262,-2.27897,0.25365,0.01789,-0.00968,0.00109,-4E-05,,,,,,,,,,,,,,,,,,,,,,,High,High,High,Medium,Low,,,
240,2025-03-15,13:19:51.26,4,1,"Dudolski, Michael",10126273,Right,DAY_FLY,"Butler, Jake",1000176047,Right,GEO_PAT,Undefined,8,Bottom,1,0,0,Slider,Curveball,StrikeCalled,Undefined,Undefined,Undefined,0,0,,73.28925,0.594418,-0.973801,2141.225829,67.160114,8:15,5.6473,1.31821,5.77019,-52.68904,-0.95016,-5.69642,1.80986,-0.06286,68.2022,-9.025813,-1.995487,0.517702,,,,,,,,,,,,2.67417,-0.22071,-1.23409,50,5.66416,2.00759,-106.59609,-0.47445,3.10347,16.84012,-32.43019,GEO_PAT,DAY_FLY,SpuhlerFieldMain,D1,A10,20250315-SpuhlerFieldMain-1,b5cf6830-01c1-11f0-9838-553521291aba,72.8072,,,5.08705,,,,,,,597f71cc-5c49-418c-8ea9-73822ae81711,2025-03-15,17:19:51.26,2025-03-15T13:19:51.2656896-04:00,2025-03-15T17:19:51.2656896Z,,v3,471300,471281,15 March 2025 14:00-dayton@georgemas,"Howell, Martin",1000115741,Right,DAY_FLY,29be017e-5abe-4ba8-90b3-30c4feeb8b5c,54.73477,-107.34149,8.42006,5.65339,0.96101,-16.2151,-1.31992,1.87022,1.55174,,,,,,,,,,,,,,,,,,,,,,,,,,,,,,,,,,,,,,,,,,,,,,,,,,,High,High,High,,,,,
241,2025-03-15,13:20:27.92,4,2,"Dudolski, Michael",10126273,Right,DAY_FLY,"Butler, Jake",1000176047,Right,GEO_PAT,Undefined,8,Bottom,1,0,1,Sinker,Curveball,BallCalled,Undefined,Undefined,Undefined,0,0,,74.53312,0.39551,-2.322046,2214.915875,77.119314,8:30,5.62747,1.21144,5.92303,-50.27727,0.30689,-5.90697,1.80504,-1.43683,68.31184,-8.853242,-3.382751,0.511892,,,,,,,,,,,,2.33465,0.52524,-1.02208,50,5.63069,4.59334,-108.17394,-0.74418,2.74458,20.25562,-31.55657,GEO_PAT,DAY_FLY,SpuhlerFieldMain,D1,A10,20250315-SpuhlerFieldMain-1,cb9f3550-01c1-11f0-9838-553521291aba,73.63352,,,6.22128,,,,,,,597f71cc-5c49-418c-8ea9-73822ae81711,2025-03-15,17:20:27.92,2025-03-15T13:20:27.9224832-04:00,2025-03-15T17:20:27.9224832Z,,v3,471300,471281,15 March 2025 14:00-dayton@georgemas,"Howell, Martin",1000115741,Right,DAY_FLY,6266a10c-be93-4b94-b2ee-485de59065fb,54.57941,-109.02806,10.12781,5.63402,0.58647,-15.77828,-1.21333,4.47761,1.37229,,,,,,,,,,,,,,,,,,,,,,,,,,,,,,,,,,,,,,,,,,,,,,,,,,,High,High,High,,,,,
242,2025-03-15,13:20:52.08,4,3,"Dudolski, Michael",10126273,Right,DAY_FLY,"Butler, Jake",1000176047,Right,GEO_PAT,Undefined,8,Bottom,1,1,1,Sinker,Curveball,BallCalled,Undefined,Undefined,Undefined,0,0,,73.48579,-0.319876,-1.888199,2110.750595,64.037977,8:15,5.68463,1.06659,5.86529,-54.04653,-2.13831,-7.73146,0.88343,-1.33247,67.87871,-10.197193,-3.277584,0.518549,,,,,,,,,,,,3.4426,-0.58185,-0.90883,50,5.62693,3.78176,-106.7466,-2.19364,3.95576,19.08567,-32.84263,GEO_PAT,DAY_FLY,SpuhlerFieldMain,D1,A10,20250315-SpuhlerFieldMain-1,da0c7210-01c1-11f0-9838-553521291aba,72.68835,,,5.60708,,,,,,,597f71cc-5c49-418c-8ea9-73822ae81711,2025-03-15,17:20:52.08,2025-03-15T13:20:52.0865792-04:00,2025-03-15T17:20:52.0865792Z,,v3,471300,471281,15 March 2025 14:00-dayton@georgemas,"Howell, Martin",1000115741,Right,DAY_FLY,f76d8c59-1f25-4ae4-b42e-cf814d0b35b6,54.63916,-107.57285,9.54283,5.69112,-0.77182,-16.42132,-1.06884,3.61051,1.97788,,,,,,,,,,,,,,,,,,,,,,,,,,,,,,,,,,,,,,,,,,,,,,,,,,,High,High,High,,,,,
243,2025-03-15,13:21:11.01,4,4,"Dudolski, Michael",10126273,Right,DAY_FLY,"Butler, Jake",1000176047,Right,GEO_PAT,Undefined,8,Bottom,1,2,1,Fastball,Slider,FoulBallNotFieldable,Undefined,Undefined,Undefined,0,0,,85.33842,-1.454786,-1.206377,2045.309606,167.963506,11:30,5.91503,0.54434,6.21444,-26.4162,10.83867,-2.10323,2.37045,-0.74447,79.55848,-6.362763,-1.586305,0.439302,55.28871,1.237374,170.158052,3640.165095,,,,27.57564,27.57564,167.051791,0.335812,0.81756,6.27878,-0.45287,50,5.79248,2.69477,-124.19209,-3.95999,1.29949,20.74382,-22.19417,GEO_PAT,DAY_FLY,SpuhlerFieldMain,D1,A10,20250315-SpuhlerFieldMain-1,e5503440-01c1-11f0-9838-553521291aba,85.80077,2.16064,,5.77994,,,,-0.43977,2.1291,0.79203,597f71cc-5c49-418c-8ea9-73822ae81711,2025-03-15,17:21:11.01,2025-03-15T13:21:11.0106624-04:00,2025-03-15T17:21:11.0106624Z,GroundBall,v3,471300,471281,15 March 2025 14:00-dayton@georgemas,"Howell, Martin",1000115741,Right,DAY_FLY,6f21c99c-8835-4a10-b9bf-817111c110ea,54.28895,-124.90642,10.37191,5.91568,-3.19572,-11.09708,-0.54489,2.65002,0.64975,41.493589,-0.43657,-80.0031,3.76796,,,,,,,2.13006,1.71323,-23.99873,,,,,,,0.79094,13.90031,6.39456,,,,,,,,,,,,,,,,,,,,,,,,,,,,,High,High,High,Medium,High,,,
244,2025-03-15,13:21:40.47,4,5,"Dudolski, Michael",10126273,Right,DAY_FLY,"Butler, Jake",1000176047,Right,GEO_PAT,Undefined,8,Bottom,1,2,2,Fastball,Slider,InPlay,Undefined,LineDrive,Double,0,1,,85.3446,-1.665397,-0.215977,2071.558382,174.794425,11:45,5.99758,0.32234,6.24341,-26.40309,11.02768,-0.9085,2.26071,0.04741,79.09636,-6.587101,-0.380265,0.440338,93.40918,18.93812,2.375821,2247.075133,109.20771,31.28528,13.17826,278.36903,278.36903,13.996468,3.27462,0.42189,6.47158,-0.3058,50,5.86028,0.50174,-124.16288,-4.4041,0.66547,22.42975,-21.96601,GEO_PAT,DAY_FLY,SpuhlerFieldMain,D1,A10,20250315-SpuhlerFieldMain-1,f6d33c80-01c1-11f0-9838-553521291aba,85.59894,35.4361,,6.24824,,,,1.59521,2.30744,-0.04827,597f71cc-5c49-418c-8ea9-73822ae81711,2025-03-15,17:21:40.47,2025-03-15T13:21:40.4721664-04:00,2025-03-15T17:21:40.4721664Z,LineDrive,v3,471300,471281,15 March 2025 14:00-dayton@georgemas,"Howell, Martin",1000115741,Right,DAY_FLY,8d88dafc-9d19-4072-8a91-3ec3aeb2bca7,54.26042,-124.93015,11.21488,5.99808,-3.6527,-10.98301,-0.32258,0.47898,0.33274,235.218883,1.59525,129.47048,-24.60371,5.20062,-0.9535,0.10326,0.00585,-0.00436,0.00052,2.30736,44.46673,-15.77335,0.48482,0.05525,0.01583,-0.02026,0.00641,-0.00068,-0.04831,5.37367,11.63431,-4.53475,1.34664,-0.31104,0.05366,-0.00573,0.00027,,,,,,,,,,,,,,,,,,,,,,,High,High,High,High,High,,,
245,2025-03-15,13:25:09.17,5,1,"Rondeau, Lukasz",1000256477,Left,DAY_FLY,"Raymond, Andrew",10148052,Left,GEO_PAT,Undefined,8,Bottom,1,0,0,Slider,Curveball,FoulBallNotFieldable,Undefined,Undefined,Undefined,0,0,,74.72456,1.158167,1.455453,2021.333814,255.573337,2:30,5.85213,-1.64613,5.63608,-46.25231,4.08547,10.06764,3.07884,0.55108,68.92664,-7.321886,3.253048,0.510644,63.99549,45.392147,-155.237056,3809.107515,-103.08833,49.27769,-38.37691,194.6763,71.3806,-160.010827,3.250357,-4.75311,2.1737,1.51555,50,5.92081,-3.11708,-108.54962,0.78024,-5.68829,18.46409,-29.57268,GEO_PAT,DAY_FLY,SpuhlerFieldMain,D1,A10,20250315-SpuhlerFieldMain-1,73465e00-01c2-11f0-9838-553521291aba,73.81352,50.38512,,5.79792,,,,1.72513,3.12158,-0.52185,597f71cc-5c49-418c-8ea9-73822ae81711,2025-03-15,17:25:09.17,2025-03-15T13:25:09.1735552-04:00,2025-03-15T17:25:09.1735552Z,Popup,v3,471300,471281,15 March 2025 14:00-dayton@georgemas,"Howell, Martin",1000115741,Right,DAY_FLY,f9257298-1815-4971-8855-e3d54b6ee5a3,54.86773,-109.37448,9.23204,5.85644,2.10136,-14.78634,1.64913,-2.86297,-2.84415,28.758007,1.72593,-59.88626,-1.05786,0.81896,0.52365,-0.67039,0.30391,-0.06366,0.00509,3.12228,66.7991,-27.42924,3.18164,-0.37204,-0.00561,-0.01617,0.01071,-0.00146,-0.52268,-27.57769,6.28264,-1.98079,-0.04644,0.34429,-0.15079,0.02809,-0.00195,,,,,,,,,,,,,,,,,,,,,,,High,High,High,High,Low,,,
246,2025-03-15,13:25:27.10,5,2,"Rondeau, Lukasz",1000256477,Left,DAY_FLY,"Raymond, Andrew",10148052,Left,GEO_PAT,Undefined,8,Bottom,1,0,1,Slider,Curveball,StrikeCalled,Undefined,Undefined,Undefined,0,0,,73.55929,1.849786,0.007363,2109.554448,272.204599,3:00,5.80629,-1.7247,5.26187,-51.93133,1.18,14.0078,3.21723,-0.55047,67.27691,-7.622117,2.493162,0.524524,,,,,,,,,,,,-6.95276,0.61854,1.71345,50,5.93772,-0.55122,-106.6967,1.75872,-7.97761,19.15593,-31.46434,GEO_PAT,DAY_FLY,SpuhlerFieldMain,D1,A10,20250315-SpuhlerFieldMain-1,7ddf1320-01c2-11f0-9838-553521291aba,71.86033,,,6.28237,,,,,,,597f71cc-5c49-418c-8ea9-73822ae81711,2025-03-15,17:25:27.10,2025-03-15T13:25:27.1002112-04:00,2025-03-15T17:25:27.1002112Z,,v3,471300,471281,15 March 2025 14:00-dayton@georgemas,"Howell, Martin",1000115741,Right,DAY_FLY,51161352-317a-4c51-a155-09e55099bf0f,55.23983,-107.63333,9.57796,5.81411,3.29717,-15.73217,1.73086,-0.16115,-3.9888,,,,,,,,,,,,,,,,,,,,,,,,,,,,,,,,,,,,,,,,,,,,,,,,,,,High,High,High,,,,,
247,2025-03-15,13:25:44.46,5,3,"Rondeau, Lukasz",1000256477,Left,DAY_FLY,"Raymond, Andrew",10148052,Left,GEO_PAT,Undefined,8,Bottom,1,0,2,Slider,Curveball,BallCalled,Undefined,Undefined,Undefined,0,0,,73.98765,0.183917,2.509269,2058.308077,288.241023,3:30,5.89889,-1.57845,5.61592,-54.47613,-2.85071,13.39048,1.53104,1.88096,68.47079,-9.71627,4.899907,0.517134,,,,,,,,,,,,-6.1302,-1.08433,1.355,50,5.87913,-5.18074,-107.42502,-1.34282,-7.1509,18.91464,-33.43892,GEO_PAT,DAY_FLY,SpuhlerFieldMain,D1,A10,20250315-SpuhlerFieldMain-1,88532940-01c2-11f0-9838-553521291aba,72.88716,,,5.51686,,,,,,,597f71cc-5c49-418c-8ea9-73822ae81711,2025-03-15,17:25:44.46,2025-03-15T13:25:44.4679680-04:00,2025-03-15T17:25:44.4679680Z,,v3,471300,471281,15 March 2025 14:00-dayton@georgemas,"Howell, Martin",1000115741,Right,DAY_FLY,3a1e4f44-de34-4bf3-a213-f3afde9d5dd0,54.88916,-108.28244,9.45732,5.90565,0.17302,-16.71946,1.5825,-4.85658,-3.57545,,,,,,,,,,,,,,,,,,,,,,,,,,,,,,,,,,,,,,,,,,,,,,,,,,,High,High,High,,,,,
248,2025-03-15,13:26:07.02,5,4,"Rondeau, Lukasz",1000256477,Left,DAY_FLY,"Raymond, Andrew",10148052,Left,GEO_PAT,Undefined,8,Bottom,1,1,2,Slider,Curveball,FoulBallNotFieldable,Undefined,Undefined,Undefined,0,0,,73.95068,1.365288,0.712963,2134.72525,273.046179,3:00,5.81232,-1.68559,5.15013,-51.41952,0.95658,11.62036,2.8131,-0.04595,68.19937,-7.961659,2.771259,0.52088,83.84344,26.414457,-34.875111,3725.046571,82.85631,45.77805,-72.35191,249.02148,220.75098,-50.421936,3.891791,-5.62213,0.55047,1.60945,50,5.90023,-1.77466,-107.36611,0.86673,-6.57911,18.15265,-31.52987,GEO_PAT,DAY_FLY,SpuhlerFieldMain,D1,A10,20250315-SpuhlerFieldMain-1,95c11e70-01c2-11f0-9838-553521291aba,72.36294,50.13023,,5.75131,,,,0.55279,2.65959,0.07887,597f71cc-5c49-418c-8ea9-73822ae81711,2025-03-15,17:26:07.02,2025-03-15T13:26:07.0216192-04:00,2025-03-15T17:26:07.0216192Z,LineDrive,v3,471300,471281,15 March 2025 14:00-dayton@georgemas,"Howell, Martin",1000115741,Right,DAY_FLY,d4c25267-b565-4b40-bea0-1ecd16004865,55.35378,-108.2675,9.07633,5.81832,2.43239,-15.76493,1.68946,-1.44796,-3.28956,135.36564,0.55214,90.37203,-26.14718,7.09161,-1.92713,0.52048,-0.12112,0.01784,-0.00111,2.66042,54.67985,-16.83118,0.24709,0.50556,-0.2867,0.08781,-0.01357,0.00082,0.0793,-62.98604,3.5363,0.63516,-0.31471,0.03411,0.01102,-0.00385,0.00033,,,,,,,,,,,,,,,,,,,,,,,High,High,High,High,Medium,,,
249,2025-03-15,13:26:33.24,5,5,"Rondeau, Lukasz",1000256477,Left,DAY_FLY,"Raymond, Andrew",10148052,Left,GEO_PAT,Undefined,8,Bottom,1,1,2,Fastball,Cutter,FoulBallNotFieldable,Undefined,Undefined,Undefined,0,0,,84.85528,-0.170245,2.708792,2045.055315,166.094347,11:30,5.87134,-1.59953,6.46903,-24.47765,13.38607,-3.0298,3.675,0.63778,77.85226,-4.798131,2.160063,0.442877,81.63372,53.877896,-61.101591,4799.483543,29.07947,112.7493,-106.08655,201.20857,85.63452,-79.950235,5.355376,2.32197,7.40811,1.40962,50,5.84828,-5.72287,-123.30384,-1.04308,3.58446,23.89822,-20.73794,GEO_PAT,DAY_FLY,SpuhlerFieldMain,D1,A10,20250315-SpuhlerFieldMain-1,a55c05c0-01c2-11f0-9838-553521291aba,85.10816,113.07475,,7.00303,,,,0.72199,3.42734,-0.65642,597f71cc-5c49-418c-8ea9-73822ae81711,2025-03-15,17:26:33.24,2025-03-15T13:26:33.2452864-04:00,2025-03-15T17:26:33.2452864Z,Popup,v3,471300,471281,15 March 2025 14:00-dayton@georgemas,"Howell, Martin",1000115741,Right,DAY_FLY,fa42f09d-8f99-4c3c-931e-9bcc8183c4f6,54.03316,-124.08306,11.94911,5.87127,-0.3669,-10.36897,1.59812,-5.83974,1.79223,,0.73289,33.82512,-16.8211,3.72388,0.66191,-0.75449,0.22345,-0.02955,0.00149,3.40715,97.08356,-27.25873,4.45797,-1.58192,0.44769,-0.07022,0.00497,-0.0001,-0.65171,-61.85306,11.42996,-2.60063,0.35253,0.03752,-0.02759,0.00452,-0.00025,,,,,,,,,,,,,,,,,,,,,,,High,High,High,High,Low,,,
250,2025-03-15,13:26:53.28,5,6,"Rondeau, Lukasz",1000256477,Left,DAY_FLY,"Raymond, Andrew",10148052,Left,GEO_PAT,Undefined,8,Bottom,1,1,2,Fastball,Changeup,InPlay,Undefined,GroundBall,Out,1,1,,84.24926,-0.521422,3.256335,1999.296699,157.048205,11:15,5.86897,-1.5692,6.51646,-23.16639,15.29143,-5.9663,3.45918,0.92497,77.1216,-4.922149,2.175572,0.446338,97.12677,3.410339,-6.289163,1743.225462,,,,86.63445,86.63445,-9.475927,0.66813,4.0361,8.53119,1.34443,50,5.82231,-6.74468,-122.34373,-1.72784,6.12046,24.02428,-19.2371,GEO_PAT,DAY_FLY,SpuhlerFieldMain,D1,A10,20250315-SpuhlerFieldMain-1,b151d9e0-01c2-11f0-9838-553521291aba,84.44825,4.27602,,7.12766,,,,0.75975,3.45692,-0.95854,597f71cc-5c49-418c-8ea9-73822ae81711,2025-03-15,17:26:53.28,2025-03-15T13:26:53.2853760-04:00,2025-03-15T17:26:53.2853760Z,GroundBall,v3,471300,471281,15 March 2025 14:00-dayton@georgemas,"Howell, Martin",1000115741,Right,DAY_FLY,6c2e8089-2910-4762-a996-83d015c0b0b1,53.98552,-123.12387,12.01214,5.86828,-1.10316,-9.61855,1.56668,-6.94343,3.06023,65.42613,0.80704,140.3849,-20.59569,,,,,,,3.49445,7.71012,-19.44521,,,,,,,-0.92796,-16.20427,-5.681,,,,,,,,,,,,,,,,,,,,,,,,,,,,,High,High,High,High,High,,,
251,2025-03-15,13:27:34.41,6,1,"Rondeau, Lukasz",1000256477,Left,DAY_FLY,"Alberti, Lucas",1000145512,Right,GEO_PAT,Undefined,8,Bottom,2,0,0,Fastball,Cutter,StrikeCalled,Undefined,Undefined,Undefined,0,0,,84.13909,-1.306972,1.932823,2065.796888,165.966508,11:30,5.72023,-1.77852,6.38824,-26.10631,12.08808,-2.76205,2.34156,-0.23005,78.18838,-6.187789,1.432577,0.444807,,,,,,,,,,,,1.90626,6.9587,1.64066,50,5.61384,-4.03139,-122.41341,-3.54324,2.93426,20.90137,-21.46282,GEO_PAT,DAY_FLY,SpuhlerFieldMain,D1,A10,20250315-SpuhlerFieldMain-1,c9d55550-01c2-11f0-9838-553521291aba,84.73895,,,5.95072,,,,,,,597f71cc-5c49-418c-8ea9-73822ae81711,2025-03-15,17:27:34.41,2025-03-15T13:27:34.4190464-04:00,2025-03-15T17:27:34.4190464Z,,v3,471300,471281,15 March 2025 14:00-dayton@georgemas,"Howell, Martin",1000115741,Right,DAY_FLY,a67f539e-e783-4001-80f1-37e4e084be61,54.11532,-123.11407,10.45069,5.72056,-2.82376,-10.73141,1.77745,-4.12976,1.46713,,,,,,,,,,,,,,,,,,,,,,,,,,,,,,,,,,,,,,,,,,,,,,,,,,,High,High,High,,,,,
252,2025-03-15,13:27:52.95,6,2,"Rondeau, Lukasz",1000256477,Left,DAY_FLY,"Alberti, Lucas",1000145512,Right,GEO_PAT,Undefined,8,Bottom,2,0,1,ChangeUp,Changeup,BallCalled,Undefined,Undefined,Undefined,0,0,,77.39198,-1.769282,3.528877,1375.01302,85.325006,8:45,5.38362,-2.03093,6.46581,-45.11219,0.22799,-12.97272,-0.00446,0.13347,72.13368,-10.081086,1.173315,0.484633,,,,,,,,,,,,7.81646,0.84287,1.78751,50,5.23785,-6.52715,-112.46321,-4.72506,10.09127,18.86144,-31.08587,GEO_PAT,DAY_FLY,SpuhlerFieldMain,D1,A10,20250315-SpuhlerFieldMain-1,d4daaef0-01c2-11f0-9838-553521291aba,77.77521,,,5.2583,,,,,,,597f71cc-5c49-418c-8ea9-73822ae81711,2025-03-15,17:27:52.95,2025-03-15T13:27:52.9594880-04:00,2025-03-15T17:27:52.9594880Z,,v3,471300,471281,15 March 2025 14:00-dayton@georgemas,"Howell, Martin",1000115741,Right,DAY_FLY,f1afa24f-368b-4470-ab38-fedf40a32cc3,54.04086,-113.13888,9.43072,5.38717,-3.61148,-15.54293,2.02781,-6.88865,5.04564,,,,,,,,,,,,,,,,,,,,,,,,,,,,,,,,,,,,,,,,,,,,,,,,,,,High,High,High,,,,,
253,2025-03-15,13:28:15.08,6,3,"Rondeau, Lukasz",1000256477,Left,DAY_FLY,"Alberti, Lucas",1000145512,Right,GEO_PAT,Undefined,8,Bottom,2,1,1,Fastball,Four-Seam,InPlay,Undefined,LineDrive,Out,1,0,,86.05871,-1.860588,2.959638,2152.582108,154.936078,11:15,5.65915,-1.80739,6.38315,-19.16021,17.88985,-7.81843,2.3479,0.26627,78.82367,-5.513934,1.545904,0.438092,87.05026,15.720776,10.979964,2296.082159,106.30505,23.95548,28.27028,241.49358,238.51423,20.543138,2.764444,4.90099,10.208,1.5975,50,5.51584,-6.16378,-124.92681,-4.56676,7.75278,24.93772,-16.02627,GEO_PAT,DAY_FLY,SpuhlerFieldMain,D1,A10,20250315-SpuhlerFieldMain-1,e20b25f0-01c2-11f0-9838-553521291aba,86.03764,24.98345,,7.23504,,,,0.91391,2.30078,-0.28294,597f71cc-5c49-418c-8ea9-73822ae81711,2025-03-15,17:28:15.08,2025-03-15T13:28:15.0821888-04:00,2025-03-15T17:28:15.0821888Z,LineDrive,v3,471300,471281,15 March 2025 14:00-dayton@georgemas,"Howell, Martin",1000115741,Right,DAY_FLY,b313c488-73ab-4604-8300-6b1b8ddf7136,54.1189,-125.74633,12.46886,5.65726,-4.0401,-8.01314,1.80424,-6.41856,3.87639,226.093787,0.91387,120.65017,-23.03255,5.05975,-1.00492,0.16493,-0.01865,0.00088,3E-05,2.30092,34.58619,-13.44714,0.20818,-0.06969,0.08648,-0.03967,0.00886,-0.00078,-0.28286,23.4039,5.11304,-1.50331,0.3092,-0.02082,-0.01096,0.00357,-0.00035,,,,,,,,,,,,,,,,,,,,,,,High,High,High,High,High,,,
254,2025-03-15,13:30:19.09,1,1,"O'Hara, Connor",1000036031,Right,GEO_PAT,"Dobie, Mason",692154,Left,DAY_FLY,Undefined,9,Top,0,0,0,Fastball,Sinker,StrikeCalled,Undefined,Undefined,Undefined,0,0,,89.70904,-0.346784,-2.715455,2308.527975,252.338933,2:30,5.76992,1.25537,5.09335,-27.64053,8.39752,22.54328,3.13934,0.57281,81.4462,-5.429716,1.269025,0.432068,,,,,,,,,,,,-11.93371,4.64059,-1.01681,50,5.71576,5.0908,-129.98961,-1.85366,-20.29156,28.83526,-24.28336,GEO_PAT,DAY_FLY,SpuhlerFieldMain,D1,A10,20250315-SpuhlerFieldMain-1,2bdab790-01c3-11f0-9838-553521291aba,87.23726,,,8.26284,,,,,,,597f71cc-5c49-418c-8ea9-73822ae81711,2025-03-15,17:30:19.09,2025-03-15T13:30:19.0986752-04:00,2025-03-15T17:30:19.0986752Z,,v3,471300,471281,15 March 2025 14:00-dayton@georgemas,"Raymond, Andrew",10148052,Right,GEO_PAT,38449a64-493c-4c60-837e-da9fb0672a89,55.4084,-131.18385,14.41763,5.77171,-0.84794,-12.14168,-1.24505,5.9312,-10.14578,,,,,,,,,,,,,,,,,,,,,,,,,,,,,,,,,,,,,,,,,,,,,,,,,,,High,High,High,,,,,
255,2025-03-15,13:30:29.44,1,2,"O'Hara, Connor",1000036031,Right,GEO_PAT,"Dobie, Mason",692154,Left,DAY_FLY,Undefined,9,Top,0,0,1,ChangeUp,Changeup,StrikeCalled,Undefined,Undefined,Undefined,0,0,,79.32656,-0.10257,-3.180149,1792.907489,278.794224,3:15,5.56998,1.63505,5.18949,-47.01684,-1.58595,19.06332,1.55527,0.2287,73.27119,-8.608552,0.198428,0.485117,,,,,,,,,,,,-10.40217,-0.39142,-1.35472,50,5.52433,5.63011,-115.11007,-1.87053,-14.02373,20.41037,-32.70172,GEO_PAT,DAY_FLY,SpuhlerFieldMain,D1,A10,20250315-SpuhlerFieldMain-1,3225e480-01c3-11f0-9838-553521291aba,77.69755,,,6.05537,,,,,,,597f71cc-5c49-418c-8ea9-73822ae81711,2025-03-15,17:30:29.44,2025-03-15T13:30:29.4449152-04:00,2025-03-15T17:30:29.4449152Z,,v3,471300,471281,15 March 2025 14:00-dayton@georgemas,"Raymond, Andrew",10148052,Right,GEO_PAT,5686178c-ec63-4361-a057-66c82afe2815,55.31621,-116.04887,10.20519,5.57577,-0.36638,-16.35086,-1.62852,6.27514,-7.01187,,,,,,,,,,,,,,,,,,,,,,,,,,,,,,,,,,,,,,,,,,,,,,,,,,,High,High,High,,,,,
256,2025-03-15,13:30:43.42,1,3,"O'Hara, Connor",1000036031,Right,GEO_PAT,"Dobie, Mason",692154,Left,DAY_FLY,Undefined,9,Top,0,0,2,Slider,Curveball,BallCalled,Undefined,Undefined,Undefined,0,0,,82.86867,-1.645417,-1.819269,2243.070411,27.057592,7:00,5.7158,1.41665,5.00908,-54.30629,-12.10099,-6.84418,-0.36412,-0.87157,76.66648,-11.337572,-3.032548,0.467579,,,,,,,,,,,,2.9226,-5.34296,-1.23599,50,5.51273,4.10338,-120.22227,-5.52721,4.25784,24.3007,-39.95809,GEO_PAT,DAY_FLY,SpuhlerFieldMain,D1,A10,20250315-SpuhlerFieldMain-1,3a793d80-01c3-11f0-9838-553521291aba,80.61192,,,6.20219,,,,,,,597f71cc-5c49-418c-8ea9-73822ae81711,2025-03-15,17:30:43.42,2025-03-15T13:30:43.4263552-04:00,2025-03-15T17:30:43.4263552Z,,v3,471300,471281,15 March 2025 14:00-dayton@georgemas,"Raymond, Andrew",10148052,Right,GEO_PAT,2f78bc3e-aebc-45e3-88e7-e4ab268e4050,55.49762,-121.32842,12.15035,5.72293,-3.70834,-19.97905,-1.41836,3.90956,2.12892,,,,,,,,,,,,,,,,,,,,,,,,,,,,,,,,,,,,,,,,,,,,,,,,,,,High,High,High,,,,,
257,2025-03-15,13:30:55.04,1,4,"O'Hara, Connor",1000036031,Right,GEO_PAT,"Dobie, Mason",692154,Left,DAY_FLY,Undefined,9,Top,0,1,2,Slider,Curveball,StrikeCalled,Strikeout,Undefined,Undefined,0,0,,80.87738,-0.15869,-0.868233,2124.668938,46.099638,7:30,5.70695,1.71108,5.04238,-48.64357,-5.28512,-6.64965,1.5036,0.33781,75.71354,-8.883681,-2.045646,0.473924,,,,,,,,,,,,3.13209,-2.31189,-1.62258,50,5.65209,2.05423,-117.63837,-2.12943,4.46096,18.88932,-35.46683,GEO_PAT,DAY_FLY,SpuhlerFieldMain,D1,A10,20250315-SpuhlerFieldMain-1,41673a20-01c3-11f0-9838-553521291aba,79.53274,,,5.16384,,,,,,,597f71cc-5c49-418c-8ea9-73822ae81711,2025-03-15,17:30:55.04,2025-03-15T13:30:55.0460000-04:00,2025-03-15T17:30:55.0460000Z,,v3,471300,471281,15 March 2025 14:00-dayton@georgemas,"Raymond, Andrew",10148052,Right,GEO_PAT,5e7499f5-c74a-416a-9eab-44725b6cb1ea,55.46427,-118.51253,9.44466,5.71266,-0.4881,-17.73342,-1.71287,1.84779,2.23048,,,,,,,,,,,,,,,,,,,,,,,,,,,,,69.12176,2.70645,1.695488,1.010962,1.49709,1.51616,-0.34068,0.6153,4.78474,-3.58793,77.99406,6.98442,-46.78989,0.67591,82.79631,-6.22387,4.85982,16.48186,-14.1931,-3.78924,-52.65804,9.93745,High,High,High,,,High,High,High
258,2025-03-15,13:31:21.50,2,1,"O'Hara, Connor",1000036031,Right,GEO_PAT,"Zorn, Adin",10148886,Right,DAY_FLY,Undefined,9,Top,1,0,0,Fastball,Sinker,StrikeCalled,Undefined,Undefined,Undefined,0,0,,91.17312,-1.724086,-1.807656,2338.855563,236.232833,1:45,5.86723,1.26358,4.90946,-20.13737,15.13304,20.76918,2.55737,1.2843,82.48027,-5.468222,1.852712,0.427441,,,,,,,,,,,,-10.75442,8.34878,-1.10505,50,5.68246,3.14236,-132.01367,-4.72022,-18.78425,30.79001,-17.59162,GEO_PAT,DAY_FLY,SpuhlerFieldMain,D1,A10,20250315-SpuhlerFieldMain-1,51097470-01c3-11f0-9838-553521291aba,88.18155,,,8.69285,,,,,,,597f71cc-5c49-418c-8ea9-73822ae81711,2025-03-15,17:31:21.50,2025-03-15T13:31:21.5077376-04:00,2025-03-15T17:31:21.5077376Z,,v3,471300,471281,15 March 2025 14:00-dayton@georgemas,"Raymond, Andrew",10148052,Right,GEO_PAT,1f743604-6c18-4891-88a9-34da3a8f83a5,55.59104,-133.3113,15.395,5.86577,-3.97882,-8.79581,-1.25416,3.93402,-9.39213,,,,,,,,,,,,,,,,,,,,,,,,,,,,,,,,,,,,,,,,,,,,,,,,,,,High,High,High,,,,,
259,2025-03-15,13:31:38.30,2,2,"O'Hara, Connor",1000036031,Right,GEO_PAT,"Zorn, Adin",10148886,Right,DAY_FLY,Undefined,9,Top,1,0,1,Fastball,Four-Seam,InPlay,Undefined,FlyBall,Out,1,0,,91.32305,-1.300955,-1.834229,2332.403467,223.47121,1:30,5.84846,1.35581,4.98548,-19.15151,15.55418,13.68422,3.02309,0.7634,83.3357,-4.859428,0.580099,0.424006,90.46285,22.182291,2.486041,2897.893219,109.41147,40.6471,11.36263,294.8848,290.11423,14.007139,4.011814,-7.34587,8.41099,-1.19086,50,5.70794,3.59442,-132.42795,-3.71548,-13.0352,28.47661,-17.24882,GEO_PAT,DAY_FLY,SpuhlerFieldMain,D1,A10,20250315-SpuhlerFieldMain-1,5b2690f0-01c3-11f0-9838-553521291aba,88.89608,49.53859,,7.98735,,,,1.77754,3.09782,-0.76617,597f71cc-5c49-418c-8ea9-73822ae81711,2025-03-15,17:31:38.30,2025-03-15T13:31:38.3090176-04:00,2025-03-15T17:31:38.3090176Z,LineDrive,v3,471300,471281,15 March 2025 14:00-dayton@georgemas,"Raymond, Andrew",10148052,Right,GEO_PAT,fc7277d5-4339-453e-838b-4f453ce6aa69,55.51743,-133.60912,14.2383,5.84721,-3.00003,-8.62441,-1.35116,4.1351,-6.5176,217.081326,1.77721,122.75072,-24.33536,5.33103,-1.18354,0.27006,-0.05454,0.00713,-0.0004,3.09794,50.09215,-14.05017,0.16259,0.1528,-0.07701,0.02163,-0.00271,0.0001,-0.7667,5.34436,7.89718,-2.51136,0.61456,-0.12429,0.02134,-0.00255,0.00014,,,,,,,,,,,,,,,,,,,,,,,High,High,High,High,High,,,
260,2025-03-15,13:32:06.26,3,1,"O'Hara, Connor",1000036031,Right,GEO_PAT,"Cazorla, Alejandro",1000268561,Right,DAY_FLY,Undefined,9,Top,2,0,0,Slider,Slider,InPlay,Undefined,FlyBall,Out,1,0,,82.86194,0.641522,-0.466415,2289.414857,62.802229,8:00,5.81635,1.30915,4.81405,-45.81404,-3.56504,-9.42729,2.60631,0.08167,76.2603,-7.602541,-2.127102,0.467821,91.78692,33.419272,9.876409,4211.987609,105.9444,68.61547,29.59225,270.7904,247.40157,26.383289,5.093997,4.55193,-1.61709,-1.25406,50,5.83999,1.38939,-120.28635,-0.43514,6.68115,22.93789,-34.54753,GEO_PAT,DAY_FLY,SpuhlerFieldMain,D1,A10,20250315-SpuhlerFieldMain-1,6bda6250-01c3-11f0-9838-553521291aba,80.57024,85.54162,,6.60164,,,,1.16804,2.72527,-0.05997,597f71cc-5c49-418c-8ea9-73822ae81711,2025-03-15,17:32:06.26,2025-03-15T13:32:06.2676480-04:00,2025-03-15T17:32:06.2676480Z,FlyBall,v3,471300,471281,15 March 2025 14:00-dayton@georgemas,"Raymond, Andrew",10148052,Right,GEO_PAT,a610fe81-cb7f-4367-982e-3a0853b48642,55.69069,-121.36668,11.46895,5.82217,1.19198,-17.27376,-1.31208,1.07472,3.34057,213.25983,1.17029,110.6637,-28.77983,6.99629,-1.48315,0.27968,-0.0498,0.00648,-0.00037,2.72594,74.1178,-18.12561,0.36487,0.38492,-0.19618,0.05127,-0.00662,0.00033,-0.05859,19.23928,6.38138,-3.48038,1.17879,-0.29223,0.04985,-0.00492,0.0002,,,,,,,,,,,,,,,,,,,,,,,High,High,High,High,Medium,,,