PitchNo,Date,Time,PAofInning,PitchofPA,Pitcher,PitcherId,PitcherThrows,PitcherTeam,Batter,BatterId,BatterSide,BatterTeam,PitcherSet,Inning,Top/Bottom,Outs,Balls,Strikes,TaggedPitchType,AutoPitchType,PitchCall,KorBB,TaggedHitType,PlayResult,OutsOnPlay,RunsScored,Notes,RelSpeed,VertRelAngle,HorzRelAngle,SpinRate,SpinAxis,Tilt,RelHeight,RelSide,Extension,VertBreak,InducedVertBreak,HorzBreak,PlateLocHeight,PlateLocSide,ZoneSpeed,VertApprAngle,HorzApprAngle,ZoneTime,ExitSpeed,Angle,Direction,HitSpinRate,PositionAt110X,PositionAt110Y,PositionAt110Z,Distance,LastTrackedDistance,Bearing,HangTime,pfxx,pfxz,x0,y0,z0,vx0,vy0,vz0,ax0,ay0,az0,HomeTeam,AwayTeam,Stadium,Level,League,GameID,PitchUID,EffectiveVelo,MaxHeight,MeasuredDuration,SpeedDrop,PitchLastMeasuredX,PitchLastMeasuredY,PitchLastMeasuredZ,ContactPositionX,ContactPositionY,ContactPositionZ,GameUID,UTCDate,UTCTime,LocalDateTime,UTCDateTime,AutoHitType,System,HomeTeamForeignID,AwayTeamForeignID,GameForeignID,Catcher,CatcherId,CatcherThrows,CatcherTeam,PlayID,PitchTrajectoryXc0,PitchTrajectoryXc1,PitchTrajectoryXc2,PitchTrajectoryYc0,PitchTrajectoryYc1,PitchTrajectoryYc2,PitchTrajectoryZc0,PitchTrajectoryZc1,PitchTrajectoryZc2,HitSpinAxis,HitTrajectoryXc0,HitTrajectoryXc1,HitTrajectoryXc2,HitTrajectoryXc3,HitTrajectoryXc4,HitTrajectoryXc5,HitTrajectoryXc6,HitTrajectoryXc7,HitTrajectoryXc8,HitTrajectoryYc0,HitTrajectoryYc1,HitTrajectoryYc2,HitTrajectoryYc3,HitTrajectoryYc4,HitTrajectoryYc5,HitTrajectoryYc6,HitTrajectoryYc7,HitTrajectoryYc8,HitTrajectoryZc0,HitTrajectoryZc1,HitTrajectoryZc2,HitTrajectoryZc3,HitTrajectoryZc4,HitTrajectoryZc5,HitTrajectoryZc6,HitTrajectoryZc7,HitTrajectoryZc8,ThrowSpeed,PopTime,ExchangeTime,TimeToBase,CatchPositionX,CatchPositionY,CatchPositionZ,ThrowPositionX,ThrowPositionY,ThrowPositionZ,BasePositionX,BasePositionY,BasePositionZ,ThrowTrajectoryXc0,ThrowTrajectoryXc1,ThrowTrajectoryXc2,ThrowTrajectoryYc0,ThrowTrajectoryYc1,ThrowTrajectoryYc2,ThrowTrajectoryZc0,ThrowTrajectoryZc1,ThrowTrajectoryZc2,PitchReleaseConfidence,PitchLocationConfidence,PitchMovementConfidence,HitLaunchConfidence,HitLandingConfidence,CatcherThrowCatchConfidence,CatcherThrowReleaseConfidence,CatcherThrowLocationConfidence
1,2025-04-15,15:03:53.69,1,1,"Stewart, Owen",10069636,Right,GEO_PAT,"Langley, Kyle",10281913,Left,JMU_DUK,Undefined,1,Top,0,0,0,Fastball,Sinker,BallCalled,Undefined,Undefined,Undefined,0,0,,89.3884,-1.411709,-1.705722,2320.578925,229.976539,1:45,5.98962,1.55641,6.29469,-20.98257,14.62733,15.63233,2.93933,1.2868,79.13044,-5.456629,1.121537,0.429494,,,,,,,,,,,,-8.70556,8.53945,-1.43773,50,5.87575,3.19386,-129.4306,-3.77637,-14.24435,35.92237,-18.20144,GEO_PAT,JMU_DUK,SpuhlerFieldMain,D1,A10,20250415-SpuhlerFieldMain-1,6045dd80-1a2c-11f0-b278-3921cf0bcfe8,87.76018,,,10.25795,,,,,,,13017037-8ec2-4735-9dcb-0898b1439113,2025-04-15,19:03:53.69,2025-04-15T15:03:53.6944128-04:00,2025-04-15T19:03:53.6944128Z,,v3,471300,471327,15 April 2025 15:00-jamesmad@georgemas,"Barenz, Nick",1000218914,Right,GEO_PAT,d3c21743-df46-4849-ba05-f7725ee7f333,54.20179,-130.59156,17.96118,5.98829,-3.18813,-9.10072,-1.54839,3.65422,-7.12218,,,,,,,,,,,,,,,,,,,,,,,,,,,,,,,,,,,,,,,,,,,,,,,,,,,High,High,High,,,,,
2,2025-04-15,15:04:05.05,1,2,"Stewart, Owen",10069636,Right,GEO_PAT,"Langley, Kyle",10281913,Left,JMU_DUK,Undefined,1,Top,0,1,0,Fastball,Sinker,BallCalled,Undefined,Undefined,Undefined,0,0,,88.951,-0.616807,-1.456938,2360.546166,234.459857,1:45,6.06014,1.28297,6.3775,-22.43474,12.94934,16.24273,3.62287,1.29576,79.66629,-4.908261,1.485412,0.42813,,,,,,,,,,,,-8.89347,7.33953,-1.18456,50,6.00532,2.61187,-129.02747,-2.03104,-14.64895,32.58206,-20.08468,GEO_PAT,JMU_DUK,SpuhlerFieldMain,D1,A10,20250415-SpuhlerFieldMain-1,670d6660-1a2c-11f0-b278-3921cf0bcfe8,88.03976,,,9.28471,,,,,,,13017037-8ec2-4735-9dcb-0898b1439113,2025-04-15,19:04:05.05,2025-04-15T15:04:05.0531328-04:00,2025-04-15T19:04:05.0531328Z,,v3,471300,471327,15 April 2025 15:00-jamesmad@georgemas,"Barenz, Nick",1000218914,Right,GEO_PAT,026fd9ef-682d-4f31-be2e-d2d46d338fbd,54.1209,-130.06392,16.29103,6.05976,-1.39214,-10.04234,-1.27505,3.07786,-7.32448,,,,,,,,,,,,,,,,,,,,,,,,,,,,,,,,,,,,,,,,,,,,,,,,,,,High,High,High,,,,,
3,2025-04-15,15:04:17.23,1,3,"Stewart, Owen",10069636,Right,GEO_PAT,"Langley, Kyle",10281913,Left,JMU_DUK,Undefined,1,Top,0,2,0,Fastball,Four-Seam,BallCalled,Undefined,Undefined,Undefined,0,0,,89.43886,-0.721818,-1.383852,2374.448589,203.926824,12:45,6.06163,1.29783,6.15165,-16.67123,18.30147,7.57311,4.00517,0.64999,80.73854,-3.939321,-0.018476,0.425634,,,,,,,,,,,,-4.33323,10.03056,-1.19627,50,5.99806,2.81869,-129.79233,-2.07951,-7.29844,30.36793,-15.27966,GEO_PAT,JMU_DUK,SpuhlerFieldMain,D1,A10,20250415-SpuhlerFieldMain-1,6e4abb80-1a2c-11f0-b278-3921cf0bcfe8,88.55603,,,8.70032,,,,,,,13017037-8ec2-4735-9dcb-0898b1439113,2025-04-15,19:04:17.23,2025-04-15T15:04:17.2352512-04:00,2025-04-15T19:04:17.2352512Z,,v3,471300,471327,15 April 2025 15:00-jamesmad@georgemas,"Barenz, Nick",1000218914,Right,GEO_PAT,1369c610-4047-4ca4-9bc2-603d1566e8a7,54.34773,-130.80562,15.18397,6.05895,-1.56967,-7.63983,-1.29438,3.06222,-3.64922,,,,,,,,,,,,,,,,,,,,,,,,,,,,,,,,,,,,,,,,,,,,,,,,,,,High,High,High,,,,,
4,2025-04-15,15:04:30.18,1,4,"Stewart, Owen",10069636,Right,GEO_PAT,"Langley, Kyle",10281913,Left,JMU_DUK,Undefined,1,Top,0,3,0,Fastball,Four-Seam,StrikeCalled,Undefined,Undefined,Undefined,0,0,,89.99532,-2.580074,-1.367784,2307.705954,200.853954,12:45,5.95722,1.41898,6.10462,-17.42237,17.20036,6.0863,2.11694,0.66096,81.50887,-5.909753,-0.271001,0.423499,,,,,,,,,,,,-3.55941,10.0315,-1.3169,50,5.7495,2.86031,-130.49149,-6.37245,-6.06777,30.3648,-15.07314,GEO_PAT,JMU_DUK,SpuhlerFieldMain,D1,A10,20250415-SpuhlerFieldMain-1,75fe03f0-1a2c-11f0-b278-3921cf0bcfe8,89.00248,,,8.48644,,,,,,,13017037-8ec2-4735-9dcb-0898b1439113,2025-04-15,19:04:30.18,2025-04-15T15:04:30.1847552-04:00,2025-04-15T19:04:30.1847552Z,,v3,471300,471327,15 April 2025 15:00-jamesmad@georgemas,"Barenz, Nick",1000218914,Right,GEO_PAT,cc4af8ee-9cd7-4c81-a63c-73e361c7d94a,54.39526,-131.51027,15.1824,5.95483,-5.86672,-7.53657,-1.41628,3.06389,-3.03388,,,,,,,,,,,,,,,,,,,,,,,,,,,,,,,,,,,,,,,,,,,,,,,,,,,High,High,High,,,,,
5,2025-04-15,15:04:43.52,1,5,"Stewart, Owen",10069636,Right,GEO_PAT,"Langley, Kyle",10281913,Left,JMU_DUK,Undefined,1,Top,0,3,1,Fastball,Four-Seam,BallCalled,Walk,Undefined,Undefined,0,0,,89.95378,-1.580689,-1.567155,2323.373267,213.347718,1:00,5.97206,1.52997,6.20513,-16.80013,18.34332,11.12308,3.11205,1.00993,79.87225,-4.856787,0.440527,0.426671,,,,,,,,,,,,-6.28678,10.44957,-1.41735,50,5.84482,3.08651,-130.26217,-4.02347,-10.46865,35.22658,-14.77357,GEO_PAT,JMU_DUK,SpuhlerFieldMain,D1,A10,20250415-SpuhlerFieldMain-1,7df8dcb0-1a2c-11f0-b278-3921cf0bcfe8,88.34067,,,10.08153,,,,,,,13017037-8ec2-4735-9dcb-0898b1439113,2025-04-15,19:04:43.52,2025-04-15T15:04:43.5285504-04:00,2025-04-15T19:04:43.5285504Z,,v3,471300,471327,15 April 2025 15:00-jamesmad@georgemas,"Barenz, Nick",1000218914,Right,GEO_PAT,877f9304-2c36-4086-bff6-861d58bb7b3d,54.29126,-131.41752,17.61329,5.96883,-3.53893,-7.38679,-1.52421,3.42986,-5.23433,,,,,,,,,,,,,,,,,,,,,,,,,,,,,,,,,,,,,,,,,,,,,,,,,,,High,High,High,,,,,
6,2025-04-15,15:05:07.93,2,1,"Stewart, Owen",10069636,Right,GEO_PAT,"Peifer, Wyatt",1000115813,Left,JMU_DUK,Undefined,1,Top,0,0,0,Fastball,Sinker,BallCalled,Undefined,Undefined,Undefined,0,0,,87.85089,-3.983144,-5.451618,2123.674179,253.453239,2:30,5.79779,1.69407,6.52414,-29.21761,7.15532,19.42403,-0.3141,-1.7043,79.31893,-9.457709,-1.937021,0.434071,,,,,,,,,,,,-12.43095,5.40591,-1.32282,50,5.50613,11.42552,-126.81779,-9.72176,-19.80511,31.18118,-23.56132,GEO_PAT,JMU_DUK,SpuhlerFieldMain,D1,A10,20250415-SpuhlerFieldMain-1,8c6ca920-1a2c-11f0-b278-3921cf0bcfe8,86.83479,,,8.53196,,,,,,,13017037-8ec2-4735-9dcb-0898b1439113,2025-04-15,19:05:07.93,2025-04-15T15:05:07.9383552-04:00,2025-04-15T19:05:07.9383552Z,,v3,471300,471327,15 April 2025 15:00-jamesmad@georgemas,"Barenz, Nick",1000218914,Right,GEO_PAT,bcd12e8b-7013-403b-880e-828643c60498,53.98172,-127.79304,15.59059,5.79867,-8.98484,-11.78066,-1.68987,12.04496,-9.90255,,,,,,,,,,,,,,,,,,,,,,,,,,,,,,,,,,,,,,,,,,,,,,,,,,,High,High,High,,,,,
7,2025-04-15,15:05:33.13,2,2,"Stewart, Owen",10069636,Right,GEO_PAT,"Peifer, Wyatt",1000115813,Left,JMU_DUK,Undefined,1,Top,0,1,0,Slider,Slider,BallCalled,Undefined,Undefined,Undefined,0,0,,75.62007,0.528099,-2.559778,2378.631779,108.198126,9:30,5.80077,1.9692,5.40213,-44.80951,7.1337,-14.84765,2.56203,-1.66844,66.90139,-7.776908,-5.194569,0.518723,,,,,,,,,,,,6.33575,4.04721,-1.7304,50,5.8177,5.47439,-109.15263,-0.40562,7.32202,26.73215,-27.49681,GEO_PAT,JMU_DUK,SpuhlerFieldMain,D1,A10,20250415-SpuhlerFieldMain-1,9b7b5600-1a2c-11f0-b278-3921cf0bcfe8,72.66385,,,8.71869,,,,,,,13017037-8ec2-4735-9dcb-0898b1439113,2025-04-15,19:05:33.13,2025-04-15T15:05:33.1382272-04:00,2025-04-15T19:05:33.1382272Z,,v3,471300,471327,15 April 2025 15:00-jamesmad@georgemas,"Barenz, Nick",1000218914,Right,GEO_PAT,99f3cb81-78ca-46b7-acdc-aa92aa7729a1,55.09176,-110.3926,13.36608,5.80694,0.86981,-13.74841,-1.97645,5.13476,3.66101,,,,,,,,,,,,,,,,,,,,,,,,,,,,,,,,,,,,,,,,,,,,,,,,,,,High,High,High,,,,,
8,2025-04-15,15:05:48.70,2,3,"Stewart, Owen",10069636,Right,GEO_PAT,"Peifer, Wyatt",1000115813,Left,JMU_DUK,Undefined,1,Top,0,2,0,Fastball,Four-Seam,StrikeCalled,Undefined,Undefined,Undefined,0,0,,87.47386,-3.399147,-2.512711,2280.802968,212.153703,1:00,5.92871,1.68699,6.17564,-14.78036,22.81391,13.30154,1.55089,0.47325,77.2185,-6.330992,-0.11511,0.441298,,,,,,,,,,,,-7.83682,13.55737,-1.50328,50,5.66365,4.99287,-126.35095,-7.82701,-12.18777,34.83883,-11.08969,GEO_PAT,JMU_DUK,SpuhlerFieldMain,D1,A10,20250415-SpuhlerFieldMain-1,a4d41110-1a2c-11f0-b278-3921cf0bcfe8,85.41261,,,10.25537,,,,,,,13017037-8ec2-4735-9dcb-0898b1439113,2025-04-15,19:05:48.70,2025-04-15T15:05:48.7006208-04:00,2025-04-15T19:05:48.7006208Z,,v3,471300,471327,15 April 2025 15:00-jamesmad@georgemas,"Barenz, Nick",1000218914,Right,GEO_PAT,4b3db7a0-65f2-48b5-b484-5b738ff688c5,54.32101,-127.53682,17.41942,5.92365,-7.44953,-5.54484,-1.68029,5.40772,-6.09389,,,,,,,,,,,,,,,,,,,,,,,,,,,,,,,,,,,,,,,,,,,,,,,,,,,High,High,High,,,,,
9,2025-04-15,15:06:03.64,2,4,"Stewart, Owen",10069636,Right,GEO_PAT,"Peifer, Wyatt",1000115813,Left,JMU_DUK,Undefined,1,Top,0,2,1,Fastball,Four-Seam,BallCalled,Undefined,Undefined,Undefined,0,0,,88.52223,-0.953487,-1.689737,2379.502049,211.992722,1:00,5.97324,1.84193,6.30986,-18.54769,17.1245,9.87591,3.54875,1.10781,79.57663,-4.531244,0.096121,0.429869,,,,,,,,,,,,-5.66646,9.58174,-1.7224,50,5.89436,3.38509,-128.4108,-2.62831,-9.29135,31.04773,-16.4628,GEO_PAT,JMU_DUK,SpuhlerFieldMain,D1,A10,20250415-SpuhlerFieldMain-1,adb6d8d0-1a2c-11f0-b278-3921cf0bcfe8,87.68353,,,8.9456,,,,,,,13017037-8ec2-4735-9dcb-0898b1439113,2025-04-15,19:06:03.64,2025-04-15T15:06:03.6411392-04:00,2025-04-15T19:06:03.6411392Z,,v3,471300,471327,15 April 2025 15:00-jamesmad@georgemas,"Barenz, Nick",1000218914,Right,GEO_PAT,d4598080-a74d-4093-a654-2c8e6e3f7c9c,54.18894,-129.41966,15.52387,5.97107,-2.09338,-8.2314,-1.8373,3.687,-4.64567,,,,,,,,,,,,,,,,,,,,,,,,,,,,,,,,,,,,,,,,,,,,,,,,,,,High,High,High,,,,,
10,2025-04-15,15:06:21.07,2,5,"Stewart, Owen",10069636,Right,GEO_PAT,"Peifer, Wyatt",1000115813,Left,JMU_DUK,Undefined,1,Top,0,3,1,Fastball,Four-Seam,FoulBallNotFieldable,Undefined,Undefined,Undefined,0,0,,88.09236,-2.063635,-3.348018,2284.071296,219.367495,1:15,5.93346,1.82787,6.42723,-17.58969,18.93162,14.26894,2.5667,-0.06405,78.03168,-5.508481,-0.766235,0.434955,30.13465,-40.950393,-60.673136,,,,,5.26686,5.26684,-30.689451,0.091824,-8.74142,11.09792,-1.59518,50,5.7782,6.8891,-127.43584,-5.0225,-13.88072,34.56812,-14.55138,GEO_PAT,JMU_DUK,SpuhlerFieldMain,D1,A10,20250415-SpuhlerFieldMain-1,b816cab0-1a2c-11f0-b278-3921cf0bcfe8,86.65816,2.71721,,10.06069,,,,2.99554,2.71721,0.04186,13017037-8ec2-4735-9dcb-0898b1439113,2025-04-15,19:06:21.07,2025-04-15T15:06:21.0781696-04:00,2025-04-15T19:06:21.0781696Z,GroundBall,v3,471300,471327,15 April 2025 15:00-jamesmad@georgemas,"Barenz, Nick",1000218914,Right,GEO_PAT,5dda3cbc-2299-4697-9858-63be73d118c3,54.07144,-128.53552,17.28406,5.93061,-4.5596,-7.27569,-1.82136,7.33068,-6.94036,,2.99033,16.70249,,,,,,,,2.72644,-29.59197,,,,,,,,0.05114,-29.73082,,,,,,,,,,,,,,,,,,,,,,,,,,,,,,High,High,High,Estimated,Estimated,,,
11,2025-04-15,15:07:02.07,2,6,"Stewart, Owen",10069636,Right,GEO_PAT,"Peifer, Wyatt",1000115813,Left,JMU_DUK,Undefined,1,Top,0,3,2,Fastball,Four-Seam,BallCalled,Walk,Undefined,Undefined,0,0,,88.86095,-4.112096,-3.706258,2319.173446,205.854546,12:45,5.94966,1.59261,6.37649,-14.18749,22.37958,10.01949,0.96946,-0.98726,77.86785,-6.951336,-1.897001,0.435228,,,,,,,,,,,,-6.77776,13.84316,-1.32928,50,5.64542,7.88794,-128.07202,-9.51045,-10.73394,37.87711,-10.25057,GEO_PAT,JMU_DUK,SpuhlerFieldMain,D1,A10,20250415-SpuhlerFieldMain-1,d0870c40-1a2c-11f0-b278-3921cf0bcfe8,86.60398,,,10.9931,,,,,,,13017037-8ec2-4735-9dcb-0898b1439113,2025-04-15,19:07:02.07,2025-04-15T15:07:02.0784128-04:00,2025-04-15T19:07:02.0784128Z,,v3,471300,471327,15 April 2025 15:00-jamesmad@georgemas,"Barenz, Nick",1000218914,Right,GEO_PAT,eab65aca-a465-4e18-a055-37fb6b676b92,54.11997,-129.28475,18.93855,5.94467,-9.18225,-5.12529,-1.58733,8.23162,-5.36697,,,,,,,,,,,,,,,,,,,,,,,,,,,,,,,,,,,,,,,,,,,,,,,,,,,High,High,High,,,,,
12,2025-04-15,15:08:11.87,3,1,"Stewart, Owen",10069636,Right,GEO_PAT,"Calabrese, Coleman",1000091807,Right,JMU_DUK,Undefined,1,Top,0,0,0,Slider,Slider,BallCalled,Undefined,Undefined,Undefined,0,0,,76.58443,-0.644596,-3.406289,2357.109526,80.058979,8:45,5.71629,2.17218,5.713,-49.95255,-0.65933,-14.373,0.95194,-2.20282,69.25969,-9.791595,-5.972398,0.505318,,,,,,,,,,,,6.06886,0.46803,-1.87779,50,5.63189,7.13736,-110.79263,-2.8274,7.34087,24.74686,-31.60792,GEO_PAT,JMU_DUK,SpuhlerFieldMain,D1,A10,20250415-SpuhlerFieldMain-1,fa35abf0-1a2c-11f0-b278-3921cf0bcfe8,74.59148,,,7.32474,,,,,,,13017037-8ec2-4735-9dcb-0898b1439113,2025-04-15,19:08:11.87,2025-04-15T15:08:11.8789120-04:00,2025-04-15T19:08:11.8789120Z,,v3,471300,471327,15 April 2025 15:00-jamesmad@georgemas,"Barenz, Nick",1000218914,Right,GEO_PAT,3e7ee59c-9c54-4a4e-928c-1296880f8cc0,54.78686,-111.85672,12.37343,5.72424,-1.46829,-15.80396,-2.1779,6.82171,3.67043,,,,,,,,,,,,,,,,,,,,,,,,,,,,,,,,,,,,,,,,,,,,,,,,,,,High,High,High,,,,,
13,2025-04-15,15:08:27.05,3,2,"Stewart, Owen",10069636,Right,GEO_PAT,"Calabrese, Coleman",1000091807,Right,JMU_DUK,Undefined,1,Top,0,1,0,Fastball,Four-Seam,StrikeCalled,Undefined,Undefined,Undefined,0,0,,90.2656,-1.937501,-3.325536,2338.602049,196.60991,12:30,5.95152,1.87983,6.46737,-15.17162,18.7256,5.23878,2.90395,-0.74154,81.87873,-4.878798,-2.37766,0.419038,,,,,,,,,,,,-3.73772,10.71469,-1.64704,50,5.80747,7.39477,-130.87526,-4.80315,-6.42844,29.78323,-13.7461,GEO_PAT,JMU_DUK,SpuhlerFieldMain,D1,A10,20250415-SpuhlerFieldMain-1,0332d980-1a2d-11f0-b278-3921cf0bcfe8,89.9499,,,8.38686,,,,,,,13017037-8ec2-4735-9dcb-0898b1439113,2025-04-15,19:08:27.05,2025-04-15T15:08:27.0594048-04:00,2025-04-15T19:08:27.0594048Z,,v3,471300,471327,15 April 2025 15:00-jamesmad@georgemas,"Barenz, Nick",1000218914,Right,GEO_PAT,795f0d9a-2190-47d7-a656-a1bd185e32a5,54.03287,-131.78982,14.89162,5.94848,-4.38104,-6.87305,-1.87715,7.59217,-3.21422,,,,,,,,,,,,,,,,,,,,,,,,,,,,,,,,,,,,,,,,,,,,,,,,,,,High,High,High,,,,,
14,2025-04-15,15:08:43.47,3,3,"Stewart, Owen",10069636,Right,GEO_PAT,"Calabrese, Coleman",1000091807,Right,JMU_DUK,Undefined,1,Top,0,1,1,Slider,Slider,StrikeSwinging,Undefined,Undefined,Undefined,0,0,,77.44202,-1.197652,-2.372521,2399.125105,82.093272,8:45,5.69286,2.0915,5.58264,-49.51329,-0.42169,-17.97186,0.4471,-1.62321,69.117,-10.276103,-5.580833,0.504284,,,,,,,,,,,,8.25048,0.73705,-1.87493,50,5.55766,5.31671,-111.95254,-3.92319,10.01993,28.30502,-31.27895,GEO_PAT,JMU_DUK,SpuhlerFieldMain,D1,A10,20250415-SpuhlerFieldMain-1,0d055870-1a2d-11f0-b278-3921cf0bcfe8,74.7445,,,8.32502,,,,,,,13017037-8ec2-4735-9dcb-0898b1439113,2025-04-15,19:08:43.47,2025-04-15T15:08:43.4720256-04:00,2025-04-15T19:08:43.4720256Z,,v3,471300,471327,15 April 2025 15:00-jamesmad@georgemas,"Barenz, Nick",1000218914,Right,GEO_PAT,b19a3b73-e8d0-43ec-922c-59c4cba6d262,54.91797,-113.18912,14.15251,5.6992,-2.55668,-15.63947,-2.09764,4.87896,5.00996,,,,,,,,,,,,,,,,,,,,,,,,,,,,,,,,,,,,,,,,,,,,,,,,,,,High,High,High,,,,,
15,2025-04-15,15:09:00.56,3,4,"Stewart, Owen",10069636,Right,GEO_PAT,"Calabrese, Coleman",1000091807,Right,JMU_DUK,Undefined,1,Top,0,1,2,Slider,Slider,InPlay,Undefined,GroundBall,Out,2,0,,77.75627,0.410813,-1.772892,2519.987061,105.390399,9:30,5.78754,2.13909,5.72192,-41.20656,6.48048,-16.91025,2.73653,-0.92208,69.83084,-7.236154,-4.795123,0.497017,93.15109,-6.476592,-0.013898,,,,,24.37334,23.04606,2.296492,0.16584,8.0154,3.63721,-1.98006,50,5.79676,4.12341,-112.63275,-0.45886,10.01464,25.67686,-27.62966,GEO_PAT,JMU_DUK,SpuhlerFieldMain,D1,A10,20250415-SpuhlerFieldMain-1,17333dd0-1a2d-11f0-b278-3921cf0bcfe8,75.83729,2.89681,,7.92543,,,,2.29726,2.89681,0.86052,13017037-8ec2-4735-9dcb-0898b1439113,2025-04-15,19:09:00.56,2025-04-15T15:09:00.5659648-04:00,2025-04-15T19:09:00.5659648Z,GroundBall,v3,471300,471327,15 April 2025 15:00-jamesmad@georgemas,"Barenz, Nick",1000218914,Right,GEO_PAT,08228a02-7baa-4fbe-9e73-1f256d7fe22d,54.77847,-113.71688,12.83843,5.7915,0.70772,-13.81483,-2.14524,3.70057,5.00732,250.430089,2.29779,135.70748,-16.36993,,,,,,,2.89694,-15.42096,-12.35037,,,,,,,0.86031,-0.01643,4.3367,,,,,,,,,,,,,,,,,,,,,,,,,,,,,High,High,High,High,High,,,
16,2025-04-15,15:09:30.91,4,1,"Stewart, Owen",10069636,Right,GEO_PAT,"Tone, Jackson",1000349742,Left,JMU_DUK,Undefined,1,Top,2,0,0,Fastball,Four-Seam,BallCalled,Undefined,Undefined,Undefined,0,0,,90.24647,-1.021771,-0.867698,2461.652977,198.921402,12:45,6.08221,1.63707,6.27528,-16.87902,17.21879,5.49937,3.7335,1.2954,81.71009,-4.27156,0.126421,0.420276,,,,,,,,,,,,-3.11099,9.59036,-1.57544,50,5.99832,1.7569,-131.0353,-2.7902,-5.35371,30.32963,-15.67001,GEO_PAT,JMU_DUK,SpuhlerFieldMain,D1,A10,20250415-SpuhlerFieldMain-1,293ed700-1a2d-11f0-b278-3921cf0bcfe8,89.68496,,,8.53638,,,,,,,13017037-8ec2-4735-9dcb-0898b1439113,2025-04-15,19:09:30.91,2025-04-15T15:09:30.9120512-04:00,2025-04-15T19:09:30.9120512Z,,v3,471300,471327,15 April 2025 15:00-jamesmad@georgemas,"Barenz, Nick",1000218914,Right,GEO_PAT,b4c89b16-8f21-4bf2-b77d-bf39fc65a1a9,54.22441,-132.00947,15.16482,6.07986,-2.28689,-7.835,-1.63463,1.92886,-2.67685,,,,,,,,,,,,,,,,,,,,,,,,,,,,,,,,,,,,,,,,,,,,,,,,,,,High,High,High,,,,,
17,2025-04-15,15:09:44.05,4,2,"Stewart, Owen",10069636,Right,GEO_PAT,"Tone, Jackson",1000349742,Left,JMU_DUK,Undefined,1,Top,2,1,0,Fastball,Sinker,BallCalled,Undefined,Undefined,Undefined,0,0,,88.21952,-1.379535,-0.953587,2251.230127,244.259101,2:15,5.88345,1.58784,6.22261,-26.14557,10.0026,17.92714,2.43124,2.20175,79.3049,-6.314886,2.286717,0.432727,,,,,,,,,,,,-9.53501,6.05532,-1.52465,50,5.76743,1.38378,-127.95078,-3.88901,-15.46504,31.72392,-22.35283,GEO_PAT,JMU_DUK,SpuhlerFieldMain,D1,A10,20250415-SpuhlerFieldMain-1,311a19d0-1a2d-11f0-b278-3921cf0bcfe8,87.10434,,,8.91462,,,,,,,13017037-8ec2-4735-9dcb-0898b1439113,2025-04-15,19:09:44.05,2025-04-15T15:09:44.0557056-04:00,2025-04-15T19:09:44.0557056Z,,v3,471300,471327,15 April 2025 15:00-jamesmad@georgemas,"Barenz, Nick",1000218914,Right,GEO_PAT,22f1d473-e761-42aa-9842-cb109f459654,54.27631,-129.00669,15.86196,5.88449,-3.14501,-11.17642,-1.57927,1.89852,-7.73252,,,,,,,,,,,,,,,,,,,,,,,,,,,,,,,,,,,,,,,,,,,,,,,,,,,High,High,High,,,,,
18,2025-04-15,15:09:58.29,4,3,"Stewart, Owen",10069636,Right,GEO_PAT,"Tone, Jackson",1000349742,Left,JMU_DUK,Undefined,1,Top,2,2,0,Slider,Slider,StrikeCalled,Undefined,Undefined,Undefined,0,0,,77.29224,1.087648,-1.173222,2469.302851,76.771178,8:30,5.71946,1.76753,5.60498,-49.30066,-1.88803,-14.39328,2.62678,-0.52732,70.91695,-7.927982,-3.743579,0.495585,,,,,,,,,,,,6.958,-0.82866,-1.65753,50,5.78063,2.84308,-112.23278,0.52478,8.83502,21.16415,-33.22631,GEO_PAT,JMU_DUK,SpuhlerFieldMain,D1,A10,20250415-SpuhlerFieldMain-1,399b87b0-1a2d-11f0-b278-3921cf0bcfe8,76.05641,,,6.37529,,,,,,,13017037-8ec2-4735-9dcb-0898b1439113,2025-04-15,19:09:58.29,2025-04-15T15:09:58.2966784-04:00,2025-04-15T19:09:58.2966784Z,,v3,471300,471327,15 April 2025 15:00-jamesmad@georgemas,"Barenz, Nick",1000218914,Right,GEO_PAT,41e744bf-2e67-4c11-b7f2-94b84154a7cf,54.89874,-113.15278,10.58207,5.72642,1.96913,-16.61315,-1.77277,2.45903,4.41751,,,,,,,,,,,,,,,,,,,,,,,,,,,,,,,,,,,,,,,,,,,,,,,,,,,High,High,High,,,,,
19,2025-04-15,15:10:11.99,4,4,"Stewart, Owen",10069636,Right,GEO_PAT,"Tone, Jackson",1000349742,Left,JMU_DUK,Undefined,1,Top,2,2,1,Slider,Slider,StrikeSwinging,Undefined,Undefined,Undefined,0,0,,78.25557,0.027233,-1.169345,2524.26947,96.737523,9:15,5.65366,1.9118,5.44779,-43.78605,4.1628,-18.61241,2.03033,-0.73423,69.79024,-8.054625,-4.483074,0.49838,,,,,,,,,,,,8.90792,2.63839,-1.79525,50,5.62657,3.05681,-113.21861,-1.37995,11.15421,27.46379,-28.87035,GEO_PAT,JMU_DUK,SpuhlerFieldMain,D1,A10,20250415-SpuhlerFieldMain-1,41c47550-1a2d-11f0-b278-3921cf0bcfe8,75.62993,,,8.46533,,,,,,,13017037-8ec2-4735-9dcb-0898b1439113,2025-04-15,19:10:11.99,2025-04-15T15:10:11.9943680-04:00,2025-04-15T19:10:11.9943680Z,,v3,471300,471327,15 April 2025 15:00-jamesmad@georgemas,"Barenz, Nick",1000218914,Right,GEO_PAT,786fb4b6-65cf-4846-a007-084d440300c9,55.05057,-114.43719,13.7319,5.65937,-0.09897,-14.43518,-1.9199,2.56189,5.57711,,,,,,,,,,,,,,,,,,,,,,,,,,,,,,,,,,,,,,,,,,,,,,,,,,,High,High,High,,,,,
20,2025-04-15,15:10:28.27,4,5,"Stewart, Owen",10069636,Right,GEO_PAT,"Tone, Jackson",1000349742,Left,JMU_DUK,Undefined,1,Top,2,2,2,Slider,Slider,FoulBallNotFieldable,Undefined,Undefined,Undefined,0,0,,77.71702,-0.301405,-1.312929,2512.554209,79.251748,8:45,5.80132,1.53939,5.58615,-48.89861,-1.35476,-16.03505,1.44489,-1.02319,70.66334,-9.244444,-4.178476,0.496271,,,,,,,,,,,,7.76445,-0.18209,-1.41553,50,5.74336,3.18535,-112.71685,-2.17763,9.80014,24.10354,-32.40386,GEO_PAT,JMU_DUK,SpuhlerFieldMain,D1,A10,20250415-SpuhlerFieldMain-1,4b7d03a0-1a2d-11f0-b278-3921cf0bcfe8,75.95138,,,7.05368,,,,,,,13017037-8ec2-4735-9dcb-0898b1439113,2025-04-15,19:10:28.27,2025-04-15T15:10:28.2774528-04:00,2025-04-15T19:10:28.2774528Z,,v3,471300,471327,15 April 2025 15:00-jamesmad@georgemas,"Barenz, Nick",1000218914,Right,GEO_PAT,99a39156-381d-4c14-a2f9-64231b82e224,54.91713,-113.76348,12.05177,5.80737,-0.77058,-16.20193,-1.54461,2.75981,4.90007,,,,,,,,,,,,,,,,,,,,,,,,,,,,,,,,,,,,,,,,,,,,,,,,,,,High,High,High,,,,,
21,2025-04-15,15:10:49.63,4,6,"Stewart, Owen",10069636,Right,GEO_PAT,"Tone, Jackson",1000349742,Left,JMU_DUK,Undefined,1,Top,2,2,2,Slider,Slider,InPlay,Undefined,FlyBall,Out,1,0,,76.93098,0.424964,0.214709,2376.288033,78.238303,8:30,5.91606,1.58886,5.50651,-51.3144,-1.08575,-16.25741,2.03732,0.43489,67.6536,-9.064511,-2.68839,0.51009,80.03819,60.23942,-28.153548,,86.30947,111.91621,-68.1956,222.36915,104.22493,-42.772853,5.032218,8.29855,-0.12614,-1.59623,50,5.91933,0.22387,-111.16866,-0.8443,9.8564,29.35032,-32.32387,GEO_PAT,JMU_DUK,SpuhlerFieldMain,D1,A10,20250415-SpuhlerFieldMain-1,583871b0-1a2d-11f0-b278-3921cf0bcfe8,73.89365,113.4559,,9.27738,,,,3.66134,2.60001,-1.64734,13017037-8ec2-4735-9dcb-0898b1439113,2025-04-15,19:10:49.63,2025-04-15T15:10:49.6374272-04:00,2025-04-15T19:10:49.6374272Z,Popup,v3,471300,471327,15 April 2025 15:00-jamesmad@georgemas,"Barenz, Nick",1000218914,Right,GEO_PAT,dbe1c166-5989-4212-beb5-55ff0c5fbe55,54.99066,-112.47856,14.67516,5.92482,0.5983,-16.16194,-1.59641,-0.21602,4.9282,110.473216,3.66901,51.21636,-7.70237,0.80834,0.46456,-0.27832,0.06333,-0.00663,0.00026,2.60984,101.70359,-28.32696,2.40194,0.35186,-0.35329,0.09222,-0.01087,0.00049,-1.64453,-27.57232,-4.49062,1.34305,0.22888,-0.31052,0.10425,-0.01532,0.00084,,,,,,,,,,,,,,,,,,,,,,,High,High,High,Medium,Low,,,
22,2025-04-15,15:14:04.63,1,1,"Madden, Griffin",1000091585,Right,JMU_DUK,"Clyne, Owen",1000230336,Left,GEO_PAT,Undefined,1,Bottom,0,0,0,Fastball,Four-Seam,FoulBallNotFieldable,Undefined,Undefined,Undefined,0,0,,92.49723,-2.622778,-0.596982,1924.86836,199.863336,12:45,5.96074,0.89134,5.76533,-12.42316,20.57556,7.03205,2.4825,0.92168,84.12702,-5.02388,0.66206,0.413447,75.85702,36.277089,-117.632944,2860.043077,,,,,37.27421,,,-3.76142,11.58595,-0.84625,50,5.73607,1.08489,-134.16334,-6.48119,-6.82067,30.41523,-11.16493,GEO_PAT,JMU_DUK,SpuhlerFieldMain,D1,A10,20250415-SpuhlerFieldMain-1,cc64bd50-1a2d-11f0-b278-3921cf0bcfe8,91.16629,26.34927,,8.37021,,,,0.14784,2.56011,-0.92111,13017037-8ec2-4735-9dcb-0898b1439113,2025-04-15,19:14:04.63,2025-04-15T15:14:04.6363136-04:00,2025-04-15T19:14:04.6363136Z,,v3,471300,471327,15 April 2025 15:00-jamesmad@georgemas,"Williams, Jp",1000135328,Right,JMU_DUK,f2ad286b-2ca5-4ea1-be51-2e173530d309,54.73584,-135.23271,15.20762,5.95704,-6.08865,-5.58246,-0.88861,1.32469,-3.41033,,0.15591,-41.85259,-2.23308,,,,,,,2.57241,65.44839,-24.42769,,,,,,,-0.93554,-79.0131,14.64247,,,,,,,,,,,,,,,,,,,,,,,,,,,,,High,High,High,Medium,Undefined,,,
23,2025-04-15,15:14:23.06,1,2,"Madden, Griffin",1000091585,Right,JMU_DUK,"Clyne, Owen",1000230336,Left,GEO_PAT,Undefined,1,Bottom,0,0,1,Fastball,Four-Seam,FoulBallNotFieldable,Undefined,Undefined,Undefined,0,0,,93.00779,-1.779117,-1.965306,2051.769705,194.066641,12:30,6.09412,0.82371,5.75345,-8.59835,24.14489,5.76729,3.7198,-0.52602,84.19487,-3.509469,-0.93407,0.411844,69.64263,53.212614,-141.282736,3925.308763,,,,,47.24915,,,-3.53071,13.16284,-0.66408,50,5.94135,4.36799,-134.86524,-4.35341,-6.44999,31.55795,-8.12775,GEO_PAT,JMU_DUK,SpuhlerFieldMain,D1,A10,20250415-SpuhlerFieldMain-1,d7642380-1a2d-11f0-b278-3921cf0bcfe8,91.52126,52.18523,,8.81292,,,,1.22796,3.68096,0.52964,13017037-8ec2-4735-9dcb-0898b1439113,2025-04-15,19:14:23.06,2025-04-15T15:14:23.0663168-04:00,2025-04-15T19:14:23.0663168Z,,v3,471300,471327,15 April 2025 15:00-jamesmad@georgemas,"Williams, Jp",1000135328,Right,JMU_DUK,ae4775b3-d333-479c-bd1a-9d927a9b0d27,54.74735,-135.97157,15.77897,6.08897,-4.06847,-4.06388,-0.82117,4.59411,-3.225,22.057445,1.22796,-47.72569,-0.48195,1.69687,-0.58915,0.47655,-0.8442,0.88918,-0.34522,3.68096,81.80198,-31.97262,4.59883,-1.15217,0.8775,-1.48926,1.46142,-0.53992,0.52964,-38.25905,6.38506,-0.47054,0.03631,-0.08373,0.17254,-0.14213,0.04406,,,,,,,,,,,,,,,,,,,,,,,High,High,High,High,Undefined,,,
24,2025-04-15,15:14:42.47,1,3,"Madden, Griffin",1000091585,Right,JMU_DUK,"Clyne, Owen",1000230336,Left,GEO_PAT,Undefined,1,Bottom,0,0,2,Curveball,Curveball,BallCalled,Undefined,Undefined,Undefined,0,0,,75.48137,3.330855,0.8579,2151.105286,15.512635,6:30,5.98608,0.66966,5.26428,-69.82823,-18.90513,-5.73752,3.30026,0.99759,68.56498,-9.314209,-0.161468,0.513604,,,,,,,,,,,,3.11421,-9.838,-0.74389,50,6.24003,-1.40889,-109.37201,3.91031,3.718,21.87891,-43.91942,GEO_PAT,JMU_DUK,SpuhlerFieldMain,D1,A10,20250415-SpuhlerFieldMain-1,e2e5b200-1a2d-11f0-b278-3921cf0bcfe8,73.38807,,,6.91638,,,,,,,13017037-8ec2-4735-9dcb-0898b1439113,2025-04-15,19:14:42.47,2025-04-15T15:14:42.4749056-04:00,2025-04-15T19:14:42.4749056Z,,v3,471300,471327,15 April 2025 15:00-jamesmad@georgemas,"Williams, Jp",1000135328,Right,JMU_DUK,863fdd7c-bb93-47f6-a60a-6005b44f6a62,55.242,-110.41565,10.93946,6.00354,6.00529,-21.95971,-0.67245,-1.58624,1.859,,,,,,,,,,,,,,,,,,,,,,,,,,,,,,,,,,,,,,,,,,,,,,,,,,,High,High,High,,,,,
25,2025-04-15,15:15:00.81,1,4,"Madden, Griffin",1000091585,Right,JMU_DUK,"Clyne, Owen",1000230336,Left,GEO_PAT,Undefined,1,Bottom,0,1,2,Fastball,Four-Seam,BallCalled,Undefined,Undefined,Undefined,0,0,,93.3938,-4.171831,-2.094815,2187.334319,196.259543,12:30,6.01578,0.83004,5.9393,-10.71512,22.05237,6.06036,1.24315,-0.60919,83.75698,-6.294357,-1.007346,0.411996,,,,,,,,,,,,-3.82398,13.09316,-0.66632,50,5.67641,4.66975,-135.00509,-10.09191,-6.91134,35.06937,-8.5098,GEO_PAT,JMU_DUK,SpuhlerFieldMain,D1,A10,20250415-SpuhlerFieldMain-1,ede2f550-1a2d-11f0-b278-3921cf0bcfe8,91.48742,,,9.63681,,,,,,,13017037-8ec2-4735-9dcb-0898b1439113,2025-04-15,19:15:00.81,2025-04-15T15:15:00.8115712-04:00,2025-04-15T19:15:00.8115712Z,,v3,471300,471327,15 April 2025 15:00-jamesmad@georgemas,"Williams, Jp",1000135328,Right,JMU_DUK,865ee2e2-f08d-4bfc-8036-ff681bca83a9,54.56044,-136.18457,17.53468,6.01102,-9.8057,-4.2549,-0.82728,4.9022,-3.45567,,,,,,,,,,,,,,,,,,,,,,,,,,,,,,,,,,,,,,,,,,,,,,,,,,,High,High,High,,,,,
26,2025-04-15,15:15:18.61,1,5,"Madden, Griffin",1000091585,Right,JMU_DUK,"Clyne, Owen",1000230336,Left,GEO_PAT,Undefined,1,Bottom,0,2,2,Fastball,Four-Seam,BallCalled,Undefined,Undefined,Undefined,0,0,,94.45269,-2.093879,0.005501,2194.352809,197.958628,12:30,5.96816,1.01432,5.54474,-9.05406,23.21749,7.13603,3.25584,1.61413,84.80267,-3.909607,1.277638,0.408866,,,,,,,,,,,,-3.55748,12.67461,-1.01946,50,5.78086,-0.3613,-136.79174,-5.17421,-6.62963,34.81097,-8.55398,GEO_PAT,JMU_DUK,SpuhlerFieldMain,D1,A10,20250415-SpuhlerFieldMain-1,f8658a60-1a2d-11f0-b278-3921cf0bcfe8,92.18768,,,9.65002,,,,,,,13017037-8ec2-4735-9dcb-0898b1439113,2025-04-15,19:15:18.61,2025-04-15T15:15:18.6179584-04:00,2025-04-15T19:15:18.6179584Z,,v3,471300,471327,15 April 2025 15:00-jamesmad@georgemas,"Williams, Jp",1000135328,Right,JMU_DUK,943c2c3c-664a-45d7-925d-7e0d8424be78,54.95231,-138.04626,17.40549,5.96178,-4.86595,-4.27699,-1.01074,-0.12238,-3.31481,,,,,,,,,,,,,,,,,,,,,,,,,,,,,,,,,,,,,,,,,,,,,,,,,,,High,High,High,,,,,
27,2025-04-15,15:15:35.47,1,6,"Madden, Griffin",1000091585,Right,JMU_DUK,"Clyne, Owen",1000230336,Left,GEO_PAT,Undefined,1,Bottom,0,3,2,Fastball,Four-Seam,FoulBallNotFieldable,Undefined,Undefined,Undefined,0,0,,92.34382,-2.551903,-1.024766,2192.867406,205.855935,12:45,5.92679,0.91736,5.81814,-6.43567,28.54541,12.96477,3.01571,1.0448,79.31562,-4.018526,1.297666,0.425685,69.08386,75.787196,-66.301739,3508.00619,,,,,28.18423,,,-7.04193,16.15123,-0.84107,50,5.71454,1.7697,-133.11075,-5.89661,-11.83845,45.26435,-5.0217,GEO_PAT,JMU_DUK,SpuhlerFieldMain,D1,A10,20250415-SpuhlerFieldMain-1,028e1890-1a2e-11f0-b278-3921cf0bcfe8,88.54544,91.95324,,13.0282,,,,,,,13017037-8ec2-4735-9dcb-0898b1439113,2025-04-15,19:15:35.47,2025-04-15T15:15:35.4765824-04:00,2025-04-15T19:15:35.4765824Z,,v3,471300,471327,15 April 2025 15:00-jamesmad@georgemas,"Williams, Jp",1000135328,Right,JMU_DUK,05ca1331-9a49-4000-b7bf-74c852e00707,54.67345,-134.69058,22.63218,5.91729,-5.72135,-2.51085,-0.91005,2.18289,-5.91923,,1.71925,9.99867,-12.46199,5.0524,-1.4627,0.37683,-0.08526,0.01322,-0.0009,5.71222,98.22144,-29.97419,3.91581,-0.64998,0.07427,0.0028,-0.00619,0.00137,-0.35067,-22.77942,1.80907,0.07645,-0.133,0.05463,-0.01816,0.00475,-0.00063,,,,,,,,,,,,,,,,,,,,,,,High,High,High,Low,Undefined,,,
28,2025-04-15,15:16:05.18,1,7,"Madden, Griffin",1000091585,Right,JMU_DUK,"Clyne, Owen",1000230336,Left,GEO_PAT,Undefined,1,Bottom,0,3,2,Fastball,Four-Seam,FoulBallNotFieldable,Undefined,Undefined,Undefined,0,0,,93.14282,-2.808698,-0.363451,2066.189696,200.082266,12:45,6.03208,0.7779,5.75149,-6.13288,27.68332,9.55914,2.90399,1.23612,81.54091,-4.16918,1.346877,0.418537,68.69782,60.456128,-127.694987,4492.873008,,,,,26.83699,,,-4.9854,15.59725,-0.75357,50,5.7955,0.40395,-134.52387,-6.59013,-8.73649,41.03546,-4.84118,GEO_PAT,JMU_DUK,SpuhlerFieldMain,D1,A10,20250415-SpuhlerFieldMain-1,143fd1f0-1a2e-11f0-b278-3921cf0bcfe8,90.05761,42.05579,,11.6019,,,,1.51854,2.78517,-1.13256,13017037-8ec2-4735-9dcb-0898b1439113,2025-04-15,19:16:05.18,2025-04-15T15:16:05.1817984-04:00,2025-04-15T19:16:05.1817984Z,,v3,471300,471327,15 April 2025 15:00-jamesmad@georgemas,"Williams, Jp",1000135328,Right,JMU_DUK,28516c93-4051-4c26-b343-071603a94afc,54.74358,-135.96316,20.51773,6.02366,-6.42033,-2.42059,-0.77311,0.71038,-4.36824,22.676697,1.51854,-30.3782,-4.28134,2.99565,-2.39119,6.45594,-13.97542,15.92389,-7.18192,2.78516,87.65636,-35.16831,5.70154,-2.56683,5.67132,-12.1343,13.75289,-6.16028,-1.13256,-39.31225,7.58817,-0.45051,-0.2696,0.89786,-1.92082,2.21722,-1.02175,,,,,,,,,,,,,,,,,,,,,,,High,High,High,High,Undefined,,,
29,2025-04-15,15:16:28.08,1,8,"Madden, Griffin",1000091585,Right,JMU_DUK,"Clyne, Owen",1000230336,Left,GEO_PAT,Undefined,1,Bottom,0,3,2,Fastball,Four-Seam,BallCalled,Walk,Undefined,Undefined,0,0,,93.37906,-1.132745,-0.544618,2133.002521,206.234004,12:45,5.96099,0.90233,5.64712,-8.25469,25.43155,11.79438,4.21628,1.37716,81.77908,-2.871448,1.561955,0.417732,,,,,,,,,,,,-6.07461,13.59926,-0.86327,50,5.85982,0.7001,-134.92628,-2.74111,-10.7352,40.64708,-8.14117,GEO_PAT,JMU_DUK,SpuhlerFieldMain,D1,A10,20250415-SpuhlerFieldMain-1,21ca76e0-1a2e-11f0-b278-3921cf0bcfe8,90.23119,,,11.59999,,,,,,,13017037-8ec2-4735-9dcb-0898b1439113,2025-04-15,19:16:28.08,2025-04-15T15:16:28.0846336-04:00,2025-04-15T19:16:28.0846336Z,,v3,471300,471327,15 April 2025 15:00-jamesmad@georgemas,"Williams, Jp",1000135328,Right,JMU_DUK,38a02d1f-0308-4711-92e1-38ac8119fedc,54.84469,-136.37795,20.32354,5.95252,-2.45035,-4.07058,-0.89512,1.0835,-5.3676,,,,,,,,,,,,,,,,,,,,,,,,,,,,,,,,,,,,,,,,,,,,,,,,,,,High,High,High,,,,,
30,2025-04-15,15:17:06.27,2,1,"Madden, Griffin",1000091585,Right,JMU_DUK,"Hull, Owen",10054797,Left,GEO_PAT,Undefined,1,Bottom,0,0,0,Fastball,Four-Seam,FoulBallNotFieldable,Undefined,Undefined,Undefined,0,0,,93.80246,-2.160673,-1.183679,2144.219546,205.412223,12:45,5.91085,0.93436,5.74418,-11.32977,21.41383,9.55591,2.95347,0.62838,83.60069,-4.406895,0.526177,0.411846,81.21345,34.541927,-140.97221,2858.889216,-91.92096,43.08823,-60.41945,210.29901,66.17739,-149.452236,2.807934,-5.29516,12.03772,-0.84191,50,5.7246,2.36769,-135.79844,-5.39772,-9.63023,36.9608,-10.28116,GEO_PAT,JMU_DUK,SpuhlerFieldMain,D1,A10,20250415-SpuhlerFieldMain-1,38a52450-1a2e-11f0-b278-3921cf0bcfe8,91.52077,43.10249,,10.20176,,,,2.13324,2.69657,-0.27925,13017037-8ec2-4735-9dcb-0898b1439113,2025-04-15,19:17:06.27,2025-04-15T15:17:06.2726656-04:00,2025-04-15T19:17:06.2726656Z,FlyBall,v3,471300,471327,15 April 2025 15:00-jamesmad@georgemas,"Williams, Jp",1000135328,Right,JMU_DUK,79aedb17-22e6-43b1-8511-5efb2767f533,54.75488,-137.08649,18.4804,5.90646,-5.03943,-5.14058,-0.93027,2.70329,-4.81511,,2.13301,-76.20904,3.69839,0.91309,-0.90684,0.51567,-0.19763,0.04322,-0.00385,2.69682,67.52643,-32.91701,4.41869,-0.33809,-0.29344,0.17686,-0.04531,0.00448,-0.27929,-61.7797,19.31693,-7.23861,1.97913,-0.36174,0.00915,0.01519,-0.00271,,,,,,,,,,,,,,,,,,,,,,,High,High,High,High,Low,,,
31,2025-04-15,15:17:25.26,2,2,"Madden, Griffin",1000091585,Right,JMU_DUK,"Hull, Owen",10054797,Left,GEO_PAT,Undefined,1,Bottom,0,0,1,Fastball,Four-Seam,BallCalled,Undefined,Undefined,Undefined,0,0,,92.37466,-4.062663,-0.780924,2131.123369,213.766865,1:15,5.96393,0.90343,6.01385,-15.43623,17.64942,11.00579,0.90721,1.09708,83.67655,-7.009744,1.199768,0.413991,,,,,,,,,,,,-5.91713,10.70926,-0.84817,50,5.63623,1.34925,-133.76086,-9.94226,-10.5867,32.20905,-13.01345,GEO_PAT,JMU_DUK,SpuhlerFieldMain,D1,A10,20250415-SpuhlerFieldMain-1,43fce3b0-1a2e-11f0-b278-3921cf0bcfe8,91.04644,,,8.69811,,,,,,,13017037-8ec2-4735-9dcb-0898b1439113,2025-04-15,19:17:25.26,2025-04-15T15:17:25.2698624-04:00,2025-04-15T19:17:25.2698624Z,,v3,471300,471327,15 April 2025 15:00-jamesmad@georgemas,"Williams, Jp",1000135328,Right,JMU_DUK,7c0af914-0e45-4d29-905c-04fae0699d64,54.48708,-134.83701,16.10452,5.96115,-9.50746,-6.50673,-0.89916,1.70296,-5.29335,,,,,,,,,,,,,,,,,,,,,,,,,,,,,,,,,,,,,,,,,,,,,,,,,,,High,High,High,,,,,
32,2025-04-15,15:17:45.69,2,3,"Madden, Griffin",1000091585,Right,JMU_DUK,"Hull, Owen",10054797,Left,GEO_PAT,Undefined,1,Bottom,0,1,1,Curveball,Curveball,FoulBallNotFieldable,Undefined,Undefined,Undefined,0,0,,77.21639,1.063083,-1.055827,2307.900368,2.590459,6:00,5.94585,0.77206,5.8144,-65.07996,-17.29914,-0.85953,1.51135,-0.28149,70.24098,-10.819593,-1.210482,0.497506,,,,,,,,,,,,0.08358,-8.82886,-0.68499,50,5.99393,2.09724,-112.09025,-0.03408,0.10411,24.23227,-43.17049,GEO_PAT,JMU_DUK,SpuhlerFieldMain,D1,A10,20250415-SpuhlerFieldMain-1,5035b440-1a2e-11f0-b278-3921cf0bcfe8,75.76281,,,6.97541,,,,,,,13017037-8ec2-4735-9dcb-0898b1439113,2025-04-15,19:17:45.69,2025-04-15T15:17:45.6921088-04:00,2025-04-15T19:17:45.6921088Z,,v3,471300,471327,15 April 2025 15:00-jamesmad@georgemas,"Williams, Jp",1000135328,Right,JMU_DUK,ab387051-cd34-460b-ba2c-c87af613d6c6,54.69159,-113.09995,12.11614,5.95787,1.76474,-21.58525,-0.77229,2.09291,0.05205,,,,,,,,,,,,,,,,,,,,,,,,,,,,,,,,,,,,,,,,,,,,,,,,,,,High,High,High,,,,,
33,2025-04-15,15:18:13.59,2,4,"Madden, Griffin",1000091585,Right,JMU_DUK,"Hull, Owen",10054797,Left,GEO_PAT,Undefined,1,Bottom,0,1,2,Fastball,Slider,InPlay,Undefined,GroundBall,Double,0,0,,86.67428,-1.23305,-1.152599,2187.32022,111.154686,9:45,5.81179,1.17855,5.68545,-34.48022,3.48264,-5.55126,1.78865,-0.35858,78.63995,-7.588083,-2.146239,0.443456,97.72225,-23.644202,53.121323,,,,,7.04573,6.18149,32.27011,0.036942,2.47669,2.51185,-1.07784,50,5.68629,2.75926,-125.70986,-3.9114,3.90488,28.98374,-28.21372,GEO_PAT,JMU_DUK,SpuhlerFieldMain,D1,A10,20250415-SpuhlerFieldMain-1,60ca16c0-1a2e-11f0-b278-3921cf0bcfe8,84.99695,2.12672,,8.03433,,,,3.04226,2.12672,-0.12388,13017037-8ec2-4735-9dcb-0898b1439113,2025-04-15,19:18:13.59,2025-04-15T15:18:13.5993344-04:00,2025-04-15T19:18:13.5993344Z,GroundBall,v3,471300,471327,15 April 2025 15:00-jamesmad@georgemas,"Williams, Jp",1000135328,Right,JMU_DUK,fa775d64-49c7-4f53-a093-af70340b41f6,54.81655,-126.8155,14.49187,5.81497,-2.83513,-14.10686,-1.18026,2.6103,1.95244,180,3.04155,78.91306,,,,,,,,2.12724,-57.56956,,,,,,,,-0.12484,105.18383,,,,,,,,,,,,,,,,,,,,,,,,,,,,,,High,High,High,Low,Low,,,
34,2025-04-15,15:19:03.43,3,1,"Madden, Griffin",1000091585,Right,JMU_DUK,"Quinn-Irons, Jaime",1000216379,Right,GEO_PAT,Undefined,1,Bottom,0,0,0,Fastball,Four-Seam,BallCalled,Undefined,Undefined,Undefined,0,0,,93.09804,-2.165996,0.268858,2057.833995,217.414074,1:15,6.01994,0.80816,5.87327,-14.2008,18.56989,13.2891,2.82365,2.16532,83.85979,-4.90623,2.652738,0.412016,,,,,,,,,,,,-6.61776,10.4952,-0.83717,50,5.8363,-1.24884,-134.92539,-5.48933,-12.00648,33.68836,-13.13281,GEO_PAT,JMU_DUK,SpuhlerFieldMain,D1,A10,20250415-SpuhlerFieldMain-1,7e66a7c0-1a2e-11f0-b278-3921cf0bcfe8,91.4829,,,9.23825,,,,,,,13017037-8ec2-4735-9dcb-0898b1439113,2025-04-15,19:19:03.43,2025-04-15T15:19:03.4348032-04:00,2025-04-15T19:19:03.4348032Z,,v3,471300,471327,15 April 2025 15:00-jamesmad@georgemas,"Williams, Jp",1000135328,Right,JMU_DUK,0dd00293-3e36-4e79-8d50-bd6a7325b52e,54.62431,-136.0751,16.84418,6.01599,-5.04114,-6.56641,-0.80154,-0.83909,-6.00324,,,,,,,,,,,,,,,,,,,,,,,,,,,,,,,,,,,,,,,,,,,,,,,,,,,High,High,High,,,,,
35,2025-04-15,15:19:21.09,3,2,"Madden, Griffin",1000091585,Right,JMU_DUK,"Quinn-Irons, Jaime",1000216379,Right,GEO_PAT,Undefined,1,Bottom,0,1,0,Curveball,Curveball,StrikeCalled,Undefined,Undefined,Undefined,0,0,,75.49609,3.084182,-0.515333,2125.721349,29.222948,7:00,5.94279,0.8718,5.98876,-66.28043,-15.87493,-10.00418,3.28087,-0.43953,67.44134,-9.143794,-2.316252,0.510988,,,,,,,,,,,,4.87248,-8.53902,-0.82596,50,6.15146,1.35881,-109.32692,3.78062,5.69926,25.29574,-42.16198,GEO_PAT,JMU_DUK,SpuhlerFieldMain,D1,A10,20250415-SpuhlerFieldMain-1,88fbda70-1a2e-11f0-b278-3921cf0bcfe8,73.76389,,,8.05475,,,,,,,13017037-8ec2-4735-9dcb-0898b1439113,2025-04-15,19:19:21.09,2025-04-15T15:19:21.0948608-04:00,2025-04-15T19:19:21.0948608Z,,v3,471300,471327,15 April 2025 15:00-jamesmad@georgemas,"Williams, Jp",1000135328,Right,JMU_DUK,5e1f907f-dcf9-468e-8fa0-23be7109b877,54.51338,-110.36627,12.64787,5.96053,5.51298,-21.08099,-0.87698,1.12464,2.84963,,,,,,,,,,,,,,,,,,,,,,,,,,,,,,,,,,,,,,,,,,,,,,,,,,,High,High,High,,,,,
36,2025-04-15,15:19:39.41,3,3,"Madden, Griffin",1000091585,Right,JMU_DUK,"Quinn-Irons, Jaime",1000216379,Right,GEO_PAT,Undefined,1,Bottom,0,1,1,Curveball,Curveball,BallCalled,Undefined,Undefined,Undefined,0,0,,76.10099,1.042422,-1.113865,2307.334356,20.321212,6:45,5.92108,0.76455,6.18241,-68.20181,-18.92607,-7.73859,1.20053,-0.90908,68.35487,-11.518723,-2.516481,0.505229,,,,,,,,,,,,3.55311,-9.56808,-0.67671,50,5.96672,2.42395,-110.37491,-0.10374,4.21772,26.54692,-43.53188,GEO_PAT,JMU_DUK,SpuhlerFieldMain,D1,A10,20250415-SpuhlerFieldMain-1,9403a510-1a2e-11f0-b278-3921cf0bcfe8,74.60472,,,7.74612,,,,,,,13017037-8ec2-4735-9dcb-0898b1439113,2025-04-15,19:19:39.41,2025-04-15T15:19:39.4162688-04:00,2025-04-15T19:19:39.4162688Z,,v3,471300,471327,15 April 2025 15:00-jamesmad@georgemas,"Williams, Jp",1000135328,Right,JMU_DUK,6752c998-d293-435d-98e8-b8bc289c61fc,54.32127,-111.4094,13.27346,5.93771,1.59262,-21.76594,-0.76796,2.25959,2.10886,,,,,,,,,,,,,,,,,,,,,,,,,,,,,,,,,,,,,,,,,,,,,,,,,,,High,High,High,,,,,
37,2025-04-15,15:19:57.46,3,4,"Madden, Griffin",1000091585,Right,JMU_DUK,"Quinn-Irons, Jaime",1000216379,Right,GEO_PAT,Undefined,1,Bottom,0,2,1,Fastball,Four-Seam,StrikeCalled,Undefined,Undefined,Undefined,0,0,,93.35481,-2.496707,-1.750466,2266.708255,226.331045,1:30,5.91418,0.79638,5.90685,-18.38485,13.65383,13.24501,2.06192,0.27471,85.52641,-5.950025,0.627782,0.407388,,,,,,,,,,,,-7.27445,7.99189,-0.66333,50,5.70286,3.56027,-135.49978,-6.51231,-13.53997,29.28743,-17.29875,GEO_PAT,JMU_DUK,SpuhlerFieldMain,D1,A10,20250415-SpuhlerFieldMain-1,9eb78350-1a2e-11f0-b278-3921cf0bcfe8,92.5221,,,7.82841,,,,,,,13017037-8ec2-4735-9dcb-0898b1439113,2025-04-15,19:19:57.46,2025-04-15T15:19:57.4674944-04:00,2025-04-15T19:19:57.4674944Z,,v3,471300,471327,15 April 2025 15:00-jamesmad@georgemas,"Williams, Jp",1000135328,Right,JMU_DUK,b7ea68ac-c9fe-4472-9366-83d9b97333d4,54.5957,-136.4895,14.64371,5.91305,-5.92773,-8.64938,-0.79137,4.01783,-6.76999,,,,,,,,,,,,,,,,,,,,,,,,,,,,,,,,,,,,,,,,,,,,,,,,,,,High,High,High,,,,,
38,2025-04-15,15:20:19.93,3,5,"Madden, Griffin",1000091585,Right,JMU_DUK,"Quinn-Irons, Jaime",1000216379,Right,GEO_PAT,Undefined,1,Bottom,0,2,2,Fastball,Four-Seam,InPlay,Undefined,GroundBall,Out,1,1,,93.31053,-2.376717,-1.680292,2159.065896,213.299935,1:00,5.95724,0.82515,5.8593,-11.96016,21.18781,13.01367,2.75011,0.348,82.72988,-4.752854,0.65295,0.414381,105.65544,-11.138353,-29.114943,,,,,15.52626,12.79675,-26.055781,0.089775,-7.26611,12.08111,-0.69637,50,5.75756,3.3664,-134.98448,-5.88428,-12.9822,38.03704,-10.58897,GEO_PAT,JMU_DUK,SpuhlerFieldMain,D1,A10,20250415-SpuhlerFieldMain-1,ac163640-1a2e-11f0-b278-3921cf0bcfe8,90.96084,2.69139,,10.58066,,,,2.00582,2.69139,-0.16868,13017037-8ec2-4735-9dcb-0898b1439113,2025-04-15,19:20:19.93,2025-04-15T15:20:19.9371776-04:00,2025-04-15T19:20:19.9371776Z,GroundBall,v3,471300,471327,15 April 2025 15:00-jamesmad@georgemas,"Williams, Jp",1000135328,Right,JMU_DUK,7ad88c26-df08-4aec-8862-b1d52dd68eab,54.63863,-136.28532,19.01852,5.95261,-5.52215,-5.29449,-0.81909,3.81039,-6.4911,180,2.00299,133.02707,,,,,,,,2.69203,-29.97939,,,,,,,,-0.1671,-74.08736,,,,,,,,,,,,,,,,,,,,,,,,,,,,,,High,High,High,Low,Low,,,
39,2025-04-15,15:21:01.73,4,1,"Madden, Griffin",1000091585,Right,JMU_DUK,"Butler, Jake",1000176047,Right,GEO_PAT,Undefined,1,Bottom,1,0,0,Fastball,Four-Seam,FoulBallNotFieldable,Undefined,Undefined,Undefined,0,0,,92.79069,-2.284013,-1.079719,2177.304038,215.642197,1:15,6.0276,0.83782,5.9192,-13.42182,19.3171,13.03107,2.78791,0.92158,84.01474,-4.879582,1.260168,0.411816,87.4231,-16.105688,-57.144749,,,,,13.48231,13.48231,-49.044751,0.0901,-7.05063,10.96292,-0.75892,50,5.83705,1.97105,-134.60274,-5.73833,-12.79673,32.13839,-12.27663,GEO_PAT,JMU_DUK,SpuhlerFieldMain,D1,A10,20250415-SpuhlerFieldMain-1,c50285a0-1a2e-11f0-b278-3921cf0bcfe8,91.52728,3.21381,,8.77595,,,,2.79881,3.21381,-0.83214,13017037-8ec2-4735-9dcb-0898b1439113,2025-04-15,19:21:01.73,2025-04-15T15:21:01.7301504-04:00,2025-04-15T19:21:01.7301504Z,GroundBall,v3,471300,471327,15 April 2025 15:00-jamesmad@georgemas,"Williams, Jp",1000135328,Right,JMU_DUK,ebcb7658-9424-4e18-9654-36d8b7255bc7,54.58271,-135.69252,16.06919,6.02458,-5.32205,-6.13832,-0.83312,2.40497,-6.39836,180,2.79609,67.01956,,,,,,,,3.21526,-35.66958,,,,,,,,-0.82792,-103.77409,,,,,,,,,,,,,,,,,,,,,,,,,,,,,,High,High,High,Medium,Medium,,,
40,2025-04-15,15:21:47.31,4,2,"Madden, Griffin",1000091585,Right,JMU_DUK,"Butler, Jake",1000176047,Right,GEO_PAT,Undefined,1,Bottom,1,0,1,Curveball,Curveball,BallCalled,Undefined,Undefined,Undefined,0,0,,77.06516,0.637299,-1.589421,2276.458047,14.064694,6:30,5.97696,0.77845,5.87963,-67.83598,-19.57155,-5.35874,0.91611,-1.14467,69.76526,-11.749241,-2.555302,0.500017,,,,,,,,,,,,2.16866,-9.78949,-0.64684,50,5.98946,3.29898,-111.79038,-0.95716,2.66184,25.7958,-44.1898,GEO_PAT,JMU_DUK,SpuhlerFieldMain,D1,A10,20250415-SpuhlerFieldMain-1,e03e1c30-1a2e-11f0-b278-3921cf0bcfe8,75.38229,,,7.2999,,,,,,,13017037-8ec2-4735-9dcb-0898b1439113,2025-04-15,19:21:47.31,2025-04-15T15:21:47.3153024-04:00,2025-04-15T19:21:47.3153024Z,,v3,471300,471327,15 April 2025 15:00-jamesmad@georgemas,"Williams, Jp",1000135328,Right,JMU_DUK,f0468387-6fae-47a0-a112-f6325a4b4ea4,54.62576,-112.85273,12.8979,5.9914,0.86272,-22.0949,-0.78044,3.18936,1.33092,,,,,,,,,,,,,,,,,,,,,,,,,,,,,,,,,,,,,,,,,,,,,,,,,,,High,High,High,,,,,
41,2025-04-15,15:22:14.78,4,3,"Madden, Griffin",1000091585,Right,JMU_DUK,"Butler, Jake",1000176047,Right,GEO_PAT,Undefined,1,Bottom,1,1,1,Curveball,Curveball,BallCalled,Undefined,Undefined,Undefined,0,0,,77.5702,-0.230276,-1.635442,2393.72613,28.817057,7:00,6.03039,0.854,5.27707,-68.31023,-19.36584,-11.69237,0.12149,-1.65691,70.17915,-12.537715,-3.720931,0.503527,,,,,,,,,,,,5.24681,-9.09902,-0.69566,50,5.95912,3.67363,-112.34596,-2.87508,6.48086,26.70837,-43.41317,GEO_PAT,JMU_DUK,SpuhlerFieldMain,D1,A10,20250415-SpuhlerFieldMain-1,f093ef10-1a2e-11f0-b278-3921cf0bcfe8,74.85684,,,7.39106,,,,,,,13017037-8ec2-4735-9dcb-0898b1439113,2025-04-15,19:22:14.78,2025-04-15T15:22:14.7862528-04:00,2025-04-15T19:22:14.7862528Z,,v3,471300,471327,15 April 2025 15:00-jamesmad@georgemas,"Williams, Jp",1000135328,Right,JMU_DUK,41b527ce-d23b-4a5b-97e2-c2d9af862c34,55.22766,-113.58194,13.35419,6.04569,-0.86604,-21.70659,-0.85872,3.37372,3.24043,,,,,,,,,,,,,,,,,,,,,,,,,,,,,,,,,,,,,,,,,,,,,,,,,,,High,High,High,,,,,
42,2025-04-15,15:22:35.19,4,4,"Madden, Griffin",1000091585,Right,JMU_DUK,"Butler, Jake",1000176047,Right,GEO_PAT,Undefined,1,Bottom,1,2,1,Fastball,Four-Seam,FoulBallNotFieldable,Undefined,Undefined,Undefined,0,0,,95.31397,-2.676491,-1.882503,2166.306905,205.553001,12:45,5.99032,0.88416,5.77807,-9.38115,21.97769,9.96048,2.71485,-0.03815,85.84985,-4.546421,-0.100097,0.403043,77.09289,20.147816,168.929619,2373.701812,,,,,48.5666,,,-5.71036,12.4206,-0.73489,50,5.76378,4.08434,-138.07975,-6.67014,-10.86355,34.93707,-8.54482,GEO_PAT,JMU_DUK,SpuhlerFieldMain,D1,A10,20250415-SpuhlerFieldMain-1,fcba2200-1a2e-11f0-b278-3921cf0bcfe8,93.51963,16.7914,,9.46412,,,,2.48348,2.76079,0.0295,13017037-8ec2-4735-9dcb-0898b1439113,2025-04-15,19:22:35.19,2025-04-15T15:22:35.1977984-04:00,2025-04-15T19:22:35.1977984Z,,v3,471300,471327,15 April 2025 15:00-jamesmad@georgemas,"Williams, Jp",1000135328,Right,JMU_DUK,6e6d8f2c-f9c3-4607-be4a-766142e3d507,54.72325,-139.26971,17.46854,5.98601,-6.3791,-4.27241,-0.8803,4.45436,-5.43178,291.387931,2.48348,-104.17511,10.11775,-0.76835,0.14346,-0.05275,0.1183,-0.15386,0.08123,2.76079,38.94599,-23.56184,2.69365,-0.53906,0.03671,0.19954,-0.29003,0.15678,0.0295,20.38242,-11.40243,2.04423,-0.41987,-0.03359,0.29251,-0.40463,0.21723,,,,,,,,,,,,,,,,,,,,,,,High,High,High,High,Undefined,,,
43,2025-04-15,15:22:55.68,4,5,"Madden, Griffin",1000091585,Right,JMU_DUK,"Butler, Jake",1000176047,Right,GEO_PAT,Undefined,1,Bottom,1,2,2,Curveball,Slider,InPlay,Undefined,GroundBall,Out,1,0,,85.18305,-1.112865,-1.771234,2250.98202,151.382324,11:00,5.88963,1.12622,5.77187,-31.58687,7.70607,-3.42981,2.2211,-0.80849,77.00784,-6.980404,-2.385484,0.451158,65.17845,-16.442694,-24.726087,,,,,10.38195,9.91518,-14.053556,0.088204,1.18453,4.67252,-0.97752,50,5.77852,3.95688,-123.49463,-3.44158,1.79739,28.59664,-25.08413,GEO_PAT,JMU_DUK,SpuhlerFieldMain,D1,A10,20250415-SpuhlerFieldMain-1,08ee1090-1a2f-11f0-b278-3921cf0bcfe8,83.546,2.40634,,8.17522,,,,2.81256,2.40634,0.79173,13017037-8ec2-4735-9dcb-0898b1439113,2025-04-15,19:22:55.68,2025-04-15T15:22:55.6871168-04:00,2025-04-15T19:22:55.6871168Z,GroundBall,v3,471300,471327,15 April 2025 15:00-jamesmad@georgemas,"Williams, Jp",1000135328,Right,JMU_DUK,1c2d5029-64f9-4481-93fe-be3d99341e65,54.72964,-124.58502,14.29832,5.89151,-2.48513,-12.54207,-1.12709,3.88835,0.89869,201.474481,2.81263,83.26905,-11.0725,,,,,,,2.40628,-27.05075,-2.60315,,,,,,,0.79167,-38.34019,8.88401,,,,,,,,,,,,,,,,,,,,,,,,,,,,,High,High,High,High,High,,,
44,2025-04-15,15:23:32.55,5,1,"Madden, Griffin",1000091585,Right,JMU_DUK,"Alberti, Lucas",1000145512,Right,GEO_PAT,Undefined,1,Bottom,2,0,0,Fastball,Four-Seam,BallCalled,Undefined,Undefined,Undefined,0,0,,93.38056,-1.562933,-0.849105,1982.504704,184.717093,12:15,6.00711,0.88168,5.77851,-12.59457,19.98147,1.5528,3.5027,0.22092,84.21722,-4.01401,-0.571066,0.410791,,,,,,,,,,,,-1.05102,10.96914,-0.81247,50,5.87047,1.9344,-135.38199,-4.02257,-1.92616,33.0116,-12.07113,GEO_PAT,JMU_DUK,SpuhlerFieldMain,D1,A10,20250415-SpuhlerFieldMain-1,1eca39c0-1a2f-11f0-b278-3921cf0bcfe8,91.75581,,,9.16335,,,,,,,13017037-8ec2-4735-9dcb-0898b1439113,2025-04-15,19:23:32.55,2025-04-15T15:23:32.5523456-04:00,2025-04-15T19:23:32.5523456Z,,v3,471300,471327,15 April 2025 15:00-jamesmad@georgemas,"Williams, Jp",1000135328,Right,JMU_DUK,f4caa48e-3ac5-4c06-a591-8c8e61bded86,54.71954,-136.52795,16.5058,6.00283,-3.60353,-6.03556,-0.88078,2.00126,-0.96308,,,,,,,,,,,,,,,,,,,,,,,,,,,,,,,,,,,,,,,,,,,,,,,,,,,High,High,High,,,,,
45,2025-04-15,15:23:52.54,5,2,"Madden, Griffin",1000091585,Right,JMU_DUK,"Alberti, Lucas",1000145512,Right,GEO_PAT,Undefined,1,Bottom,2,1,0,Fastball,Four-Seam,BallCalled,Undefined,Undefined,Undefined,0,0,,92.52041,-2.257095,-2.335538,2002.976528,185.455575,12:15,6.00187,0.89147,5.82835,-13.66359,19.68477,1.76095,2.7621,-1.13422,83.12617,-4.908839,-2.020338,0.415632,,,,,,,,,,,,-1.65429,11.09536,-0.70153,50,5.80916,5.38068,-133.91968,-5.64046,-2.95288,33.53515,-12.36889,GEO_PAT,JMU_DUK,SpuhlerFieldMain,D1,A10,20250415-SpuhlerFieldMain-1,2ab6e620-1a2f-11f0-b278-3921cf0bcfe8,90.68715,,,9.39424,,,,,,,13017037-8ec2-4735-9dcb-0898b1439113,2025-04-15,19:23:52.54,2025-04-15T15:23:52.5491200-04:00,2025-04-15T19:23:52.5491200Z,,v3,471300,471327,15 April 2025 15:00-jamesmad@georgemas,"Williams, Jp",1000135328,Right,JMU_DUK,ab4463ea-93e9-4630-8837-24f649f14400,54.66846,-135.08366,16.76758,5.99749,-5.21115,-6.18445,-0.89007,5.48317,-1.47644,,,,,,,,,,,,,,,,,,,,,,,,,,,,,,,,,,,,,,,,,,,,,,,,,,,High,High,High,,,,,
46,2025-04-15,15:24:13.83,5,3,"Madden, Griffin",1000091585,Right,JMU_DUK,"Alberti, Lucas",1000145512,Right,GEO_PAT,Undefined,1,Bottom,2,2,0,Fastball,Four-Seam,InPlay,Undefined,GroundBall,Single,0,1,,92.35586,-1.849447,-0.576851,2110.500743,193.55611,12:30,5.92624,0.80914,5.7797,-12.08142,21.75678,4.91362,3.19786,0.68184,82.02272,-4.246677,0.303071,0.418673,105.13753,-45.78309,-61.087152,,,,,5.68722,5.68722,-37.889467,0.029879,-2.72276,12.1591,-0.76457,50,5.76677,1.1248,-133.69745,-4.60595,-4.78039,36.88064,-10.82615,GEO_PAT,JMU_DUK,SpuhlerFieldMain,D1,A10,20250415-SpuhlerFieldMain-1,377e1400-1a2f-11f0-b278-3921cf0bcfe8,90.02829,3.30918,,10.33314,,,,2.93157,3.30918,-0.67416,13017037-8ec2-4735-9dcb-0898b1439113,2025-04-15,19:24:13.83,2025-04-15T15:24:13.8337792-04:00,2025-04-15T19:24:13.8337792Z,GroundBall,v3,471300,471327,15 April 2025 15:00-jamesmad@georgemas,"Williams, Jp",1000135328,Right,JMU_DUK,cc4dd44d-ec87-466e-901c-f3f0956ad0e4,54.7186,-134.9928,18.44032,5.92187,-4.2257,-5.41307,-0.80703,1.2927,-2.3902,,2.93103,52.10215,,,,,,,,3.31031,-110.75192,,,,,,,,-0.6732,-94.33289,,,,,,,,,,,,,,,,,,,,,,,,,,,,,,High,High,High,Estimated,Estimated,,,
47,2025-04-15,15:24:57.79,6,1,"Madden, Griffin",1000091585,Right,JMU_DUK,"Wall, Jonny",1000119703,Right,GEO_PAT,Undefined,1,Bottom,2,0,0,Fastball,Four-Seam,FoulBallNotFieldable,Undefined,Undefined,Undefined,0,0,,94.03822,-2.888825,-1.243667,2101.427802,187.012618,12:15,5.81892,0.93547,5.92275,-13.8491,17.60418,2.04721,1.98109,-0.04824,86.40208,-5.522107,-0.876101,0.403649,,,,,,,,,,,,-1.3702,10.06445,-0.83701,50,5.57937,2.87167,-136.49311,-7.2959,-2.59928,28.47556,-13.08147,GEO_PAT,JMU_DUK,SpuhlerFieldMain,D1,A10,20250415-SpuhlerFieldMain-1,519b9060-1a2f-11f0-b278-3921cf0bcfe8,93.37915,,,7.63615,,,,,,,13017037-8ec2-4735-9dcb-0898b1439113,2025-04-15,19:24:57.79,2025-04-15T15:24:57.7929216-04:00,2025-04-15T19:24:57.7929216Z,,v3,471300,471327,15 April 2025 15:00-jamesmad@georgemas,"Williams, Jp",1000135328,Right,JMU_DUK,46796ba0-a5e3-4e5e-83c4-54ba56c3b3bd,54.57842,-137.44495,14.23778,5.81594,-6.85863,-6.54074,-0.93446,2.95856,-1.29964,,,,,,,,,,,,,,,,,,,,,,,,,,,,,,,,,,,,,,,,,,,,,,,,,,,High,High,High,,,,,
48,2025-04-15,15:26:16.02,6,2,"Madden, Griffin",1000091585,Right,JMU_DUK,"Wall, Jonny",1000119703,Right,GEO_PAT,Undefined,1,Bottom,2,0,1,Curveball,Slider,BallCalled,Undefined,Undefined,Undefined,0,0,,85.94038,-1.785045,-2.326952,2332.750807,167.827419,11:30,5.8333,1.09565,5.75923,-28.42816,10.01142,-1.87343,1.80076,-1.22771,78.14154,-7.063187,-2.662164,0.446232,,,,,,,,,,,,0.23835,6.04449,-0.90146,50,5.66802,5.13924,-124.55136,-4.82329,0.37066,27.36164,-22.77436,GEO_PAT,JMU_DUK,SpuhlerFieldMain,D1,A10,20250415-SpuhlerFieldMain-1,8054edc0-1a2f-11f0-b278-3921cf0bcfe8,84.46824,,,7.79884,,,,,,,13017037-8ec2-4735-9dcb-0898b1439113,2025-04-15,19:26:16.02,2025-04-15T15:26:16.0240000-04:00,2025-04-15T19:26:16.0240000Z,,v3,471300,471327,15 April 2025 15:00-jamesmad@georgemas,"Williams, Jp",1000135328,Right,JMU_DUK,99ee9880-0192-44e7-bccf-31b34702cb5f,54.74074,-125.5885,13.68082,5.83449,-3.96004,-11.38718,-1.09599,5.12519,0.18533,,,,,,,,,,,,,,,,,,,,,,,,,,,,,80.61115,2.027819,0.800768,1.227051,0.86126,1.73157,1.25355,-0.29922,6.41074,3.04147,127.2751,-1.5074,-1.66517,-0.18059,116.39487,-10.34454,6.41969,7.11769,-11.0806,3.00951,-6.49034,2.22125,High,High,High,,,High,Medium,Medium
49,2025-04-15,15:26:42.21,6,3,"Madden, Griffin",1000091585,Right,JMU_DUK,"Wall, Jonny",1000119703,Right,GEO_PAT,Undefined,1,Bottom,2,1,1,Fastball,Four-Seam,InPlay,Undefined,GroundBall,Out,1,0,,93.26091,-3.005448,-1.603256,2230.154177,207.796682,1:00,5.93892,1.01098,5.8302,-12.68489,19.67186,9.80339,2.08427,0.33713,84.98533,-5.447673,0.153561,0.409406,97.19957,-0.518559,-18.00912,801.470681,,,,50.32706,46.15381,-19.139664,0.357288,-5.51114,11.27174,-0.88604,50,5.68589,3.358,-135.24908,-7.46115,-10.17115,30.49897,-11.37147,GEO_PAT,JMU_DUK,SpuhlerFieldMain,D1,A10,20250415-SpuhlerFieldMain-1,8feaa4f0-1a2f-11f0-b278-3921cf0bcfe8,92.06621,2.13973,,8.27557,,,,1.84727,2.13973,-0.34552,13017037-8ec2-4735-9dcb-0898b1439113,2025-04-15,19:26:42.21,2025-04-15T15:26:42.2149632-04:00,2025-04-15T19:26:42.2149632Z,GroundBall,v3,471300,471327,15 April 2025 15:00-jamesmad@georgemas,"Williams, Jp",1000135328,Right,JMU_DUK,7e63317c-7b4c-45ae-90d3-87fa249d0e97,54.67257,-136.29868,15.24948,5.93593,-7.06981,-5.68574,-1.00762,3.70803,-5.08557,102.228967,1.85509,135.27742,-20.76351,,,,,,,2.14124,-1.34605,-13.01768,,,,,,,-0.34243,-44.18884,-2.92319,,,,,,,,,,,,,,,,,,,,,,,,,,,,,High,High,High,High,High,,,
50,2025-04-15,15:29:34.20,1,1,"Drumm, Jake",1000077041,Right,GEO_PAT,"Steadman, Eli",1000077265,Left,JMU_DUK,Undefined,2,Top,0,0,0,Fastball,Four-Seam,FoulBallNotFieldable,Undefined,Undefined,Undefined,0,0,,89.05886,-2.002519,-2.302362,2147.285609,204.836681,12:45,5.8641,1.6091,5.34516,-17.68804,18.75017,8.07378,2.50929,0.12094,80.46535,-5.351824,-0.86937,0.43446,,,,,,,,,,,,-4.81138,10.43749,-1.40762,50,5.67141,4.82653,-128.96739,-5.07999,-8.00331,29.91561,-14.81226,GEO_PAT,JMU_DUK,SpuhlerFieldMain,D1,A10,20250415-SpuhlerFieldMain-1,f6778b20-1a2f-11f0-b278-3921cf0bcfe8,86.75694,,,8.59352,,,,,,,13017037-8ec2-4735-9dcb-0898b1439113,2025-04-15,19:29:34.20,2025-04-15T15:29:34.2057984-04:00,2025-04-15T19:29:34.2057984Z,,v3,471300,471327,15 April 2025 15:00-jamesmad@georgemas,"Barenz, Nick",1000218914,Right,GEO_PAT,47546ae6-2842-4aab-8d9a-57e8b5917d0d,55.15625,-130.15795,14.95781,5.86185,-4.4905,-7.40613,-1.60604,5.14504,-4.00165,,,,,,,,,,,,,,,,,,,,,,,,,,,,,,,,,,,,,,,,,,,,,,,,,,,High,High,High,,,,,
51,2025-04-15,15:29:59.36,1,2,"Drumm, Jake",1000077041,Right,GEO_PAT,"Steadman, Eli",1000077265,Left,JMU_DUK,Undefined,2,Top,0,0,1,Fastball,Sinker,BallCalled,Undefined,Undefined,Undefined,0,0,,89.29546,-1.62623,-1.165897,2108.026262,224.720161,1:30,5.9402,1.49083,5.32834,-20.54044,15.47647,14.1195,2.70175,1.57326,81.17583,-5.465159,1.342382,0.431941,,,,,,,,,,,,-7.38154,8.58741,-1.39578,50,5.77866,1.98395,-129.46386,-4.37694,-12.45485,28.50316,-17.68454,GEO_PAT,JMU_DUK,SpuhlerFieldMain,D1,A10,20250415-SpuhlerFieldMain-1,05606080-1a30-11f0-b278-3921cf0bcfe8,87.26286,,,8.11963,,,,,,,13017037-8ec2-4735-9dcb-0898b1439113,2025-04-15,19:29:59.36,2025-04-15T15:29:59.3660928-04:00,2025-04-15T19:29:59.3660928Z,,v3,471300,471327,15 April 2025 15:00-jamesmad@georgemas,"Barenz, Nick",1000218914,Right,GEO_PAT,64d4c5e0-bc09-4c18-9521-1e8aa9d20611,55.17172,-130.59752,14.25158,5.93875,-3.67357,-8.84227,-1.48454,2.47931,-6.22742,,,,,,,,,,,,,,,,,,,,,,,,,,,,,,,,,,,,,,,,,,,,,,,,,,,High,High,High,,,,,
52,2025-04-15,15:30:12.74,1,3,"Drumm, Jake",1000077041,Right,GEO_PAT,"Steadman, Eli",1000077265,Left,JMU_DUK,Undefined,2,Top,0,1,1,ChangeUp,Changeup,StrikeSwinging,Undefined,Undefined,Undefined,0,0,,82.9076,-1.424104,-1.82075,1384.019754,237.737846,2:00,5.74896,1.7283,5.89489,-29.11671,11.32532,16.00745,1.99937,1.37114,76.41148,-6.826322,1.054075,0.457707,,,,,,,,,,,,-8.68252,6.55626,-1.59081,50,5.61737,3.20573,-120.45359,-3.90536,-12.82147,22.2778,-22.49244,GEO_PAT,JMU_DUK,SpuhlerFieldMain,D1,A10,20250415-SpuhlerFieldMain-1,0d78ac50-1a30-11f0-b278-3921cf0bcfe8,82.35055,,,6.49612,,,,,,,13017037-8ec2-4735-9dcb-0898b1439113,2025-04-15,19:30:12.74,2025-04-15T15:30:12.7433728-04:00,2025-04-15T19:30:12.7433728Z,,v3,471300,471327,15 April 2025 15:00-jamesmad@georgemas,"Barenz, Nick",1000218914,Right,GEO_PAT,d38ad4a9-3ed0-46a4-8982-91b9d9fa3918,54.60811,-121.30286,11.1389,5.74991,-3.0479,-11.24622,-1.72234,3.6945,-6.41073,,,,,,,,,,,,,,,,,,,,,,,,,,,,,,,,,,,,,,,,,,,,,,,,,,,High,High,High,,,,,
53,2025-04-15,15:30:26.59,1,4,"Drumm, Jake",1000077041,Right,GEO_PAT,"Steadman, Eli",1000077265,Left,JMU_DUK,Undefined,2,Top,0,1,2,Fastball,Four-Seam,BallCalled,Undefined,Undefined,Undefined,0,0,,88.62946,-0.310755,-0.595843,2013.934116,216.612431,1:15,5.85684,1.66722,5.36242,-15.01835,22.03277,15.31792,4.31387,2.38492,79.17973,-3.224567,2.125685,0.438099,,,,,,,,,,,,-7.82189,11.51371,-1.62478,50,5.81894,0.6235,-128.33724,-1.1066,-12.75912,31.9934,-13.39283,GEO_PAT,JMU_DUK,SpuhlerFieldMain,D1,A10,20250415-SpuhlerFieldMain-1,159edad0-1a30-11f0-b278-3921cf0bcfe8,86.03637,,,9.44973,,,,,,,13017037-8ec2-4735-9dcb-0898b1439113,2025-04-15,19:30:26.59,2025-04-15T15:30:26.5986560-04:00,2025-04-15T19:30:26.5986560Z,,v3,471300,471327,15 April 2025 15:00-jamesmad@georgemas,"Barenz, Nick",1000218914,Right,GEO_PAT,8b0d16b7-d4cf-4ff9-9743-be6e11777260,55.13487,-129.611,15.9967,5.85239,-0.57339,-6.69642,-1.65971,1.13148,-6.37956,,,,,,,,,,,,,,,,,,,,,,,,,,,,,,,,,,,,,,,,,,,,,,,,,,,High,High,High,,,,,
54,2025-04-15,15:30:41.01,1,5,"Drumm, Jake",1000077041,Right,GEO_PAT,"Steadman, Eli",1000077265,Left,JMU_DUK,Undefined,2,Top,0,2,2,ChangeUp,Changeup,FoulBallNotFieldable,Undefined,Undefined,Undefined,0,0,,83.81254,-1.74017,-1.508403,1557.269265,231.973194,1:45,5.7427,1.63435,5.70955,-27.406,13.10859,14.92891,1.83646,1.47269,76.01073,-6.855575,1.163702,0.458118,,,,,,,,,,,,-8.12063,7.62689,-1.51762,50,5.58002,2.60085,-121.53387,-4.55953,-11.99363,26.60266,-20.90964,GEO_PAT,JMU_DUK,SpuhlerFieldMain,D1,A10,20250415-SpuhlerFieldMain-1,1e4d2510-1a30-11f0-b278-3921cf0bcfe8,82.27674,,,7.80181,,,,,,,13017037-8ec2-4735-9dcb-0898b1439113,2025-04-15,19:30:41.01,2025-04-15T15:30:41.0149376-04:00,2025-04-15T19:30:41.0149376Z,,v3,471300,471327,15 April 2025 15:00-jamesmad@georgemas,"Barenz, Nick",1000218914,Right,GEO_PAT,cc24f602-2a4c-46ba-ac96-f4736bc41997,54.79222,-122.57835,13.30133,5.74292,-3.73857,-10.45482,-1.62898,3.07175,-5.99681,,,,,,,,,,,,,,,,,,,,,,,,,,,,,,,,,,,,,,,,,,,,,,,,,,,High,High,High,,,,,
55,2025-04-15,15:30:57.62,1,6,"Drumm, Jake",1000077041,Right,GEO_PAT,"Steadman, Eli",1000077265,Left,JMU_DUK,Undefined,2,Top,0,2,2,ChangeUp,Changeup,StrikeSwinging,Strikeout,Undefined,Undefined,0,0,,82.39186,-1.020323,-1.67953,1398.905638,229.088078,1:45,5.79571,1.68925,5.83649,-27.1949,16.57725,16.59717,2.58056,1.51076,71.20414,-6.261483,1.296767,0.476179,,,,,,,,,,,,-9.10363,9.48504,-1.56151,50,5.69736,2.77501,-118.82736,-2.88004,-12.23565,35.43627,-19.42575,GEO_PAT,JMU_DUK,SpuhlerFieldMain,D1,A10,20250415-SpuhlerFieldMain-1,283acd20-1a30-11f0-b278-3921cf0bcfe8,79.15602,,,11.18772,,,,,,,13017037-8ec2-4735-9dcb-0898b1439113,2025-04-15,19:30:57.62,2025-04-15T15:30:57.6270000-04:00,2025-04-15T19:30:57.6270000Z,,v3,471300,471327,15 April 2025 15:00-jamesmad@georgemas,"Barenz, Nick",1000218914,Right,GEO_PAT,a14c1c27-dcf0-47d3-ab53-80108340f6d5,54.6531,-120.20698,17.71814,5.79476,-2.12375,-9.71288,-1.67882,3.25137,-6.11782,,,,,,,,,,,,,,,,,,,,,,,,,,,,,76.47754,,1.776742,,0.46347,2.47498,-1.53279,2.50464,5.23612,-3.53015,,,,2.5628,101.1384,-5.84281,5.28523,18.42508,-14.18518,-3.62165,-42.22512,6.2216,High,High,High,,,High,High,Low
56,2025-04-15,15:31:26.42,2,1,"Drumm, Jake",1000077041,Right,GEO_PAT,"Anderson, Jack",1000133893,Right,JMU_DUK,Undefined,2,Top,1,0,0,Fastball,Four-Seam,BallCalled,Undefined,Undefined,Undefined,0,0,,89.33947,-1.283733,-3.64439,2133.27266,217.510726,1:15,5.87773,1.53739,5.62206,-14.65237,21.94667,15.66395,3.45603,-0.563,78.97995,-4.163574,-0.855048,0.435418,,,,,,,,,,,,-9.1943,11.95052,-1.23609,50,5.75908,7.4949,-129.00617,-3.26219,-15.00622,34.71338,-12.66932,GEO_PAT,JMU_DUK,SpuhlerFieldMain,D1,A10,20250415-SpuhlerFieldMain-1,39460d50-1a30-11f0-b278-3921cf0bcfe8,86.5661,,,10.35951,,,,,,,13017037-8ec2-4735-9dcb-0898b1439113,2025-04-15,19:31:26.42,2025-04-15T15:31:26.4226816-04:00,2025-04-15T19:31:26.4226816Z,,v3,471300,471327,15 April 2025 15:00-jamesmad@georgemas,"Barenz, Nick",1000218914,Right,GEO_PAT,234ffe71-d37b-4000-b10f-5d64741ca6a2,54.87366,-130.31099,17.35669,5.87275,-2.78597,-6.33466,-1.52841,8.05896,-7.50311,,,,,,,,,,,,,,,,,,,,,,,,,,,,,,,,,,,,,,,,,,,,,,,,,,,High,High,High,,,,,
57,2025-04-15,15:31:39.39,2,2,"Drumm, Jake",1000077041,Right,GEO_PAT,"Anderson, Jack",1000133893,Right,JMU_DUK,Undefined,2,Top,1,1,0,Fastball,Sinker,InPlay,Undefined,FlyBall,HomeRun,0,1,,87.7979,-2.448745,-1.928967,2057.160399,217.815016,1:15,5.88926,1.60962,5.22055,-18.17162,21.79446,15.23713,2.0698,1.06497,74.9329,-6.027551,0.770946,0.455006,90.07926,43.683926,-30.27852,3762.368,93.34297,82.00066,-58.19862,338.99348,259.198,-35.208803,5.113131,-8.54497,12.62485,-1.44361,50,5.65119,3.52989,-126.20855,-5.90138,-12.8039,42.57689,-13.25679,GEO_PAT,JMU_DUK,SpuhlerFieldMain,D1,A10,20250415-SpuhlerFieldMain-1,411960e0-1a30-11f0-b278-3921cf0bcfe8,82.83942,102.92664,,12.86501,,,,4.15929,2.39406,-2.30842,13017037-8ec2-4735-9dcb-0898b1439113,2025-04-15,19:31:39.39,2025-04-15T15:31:39.3921024-04:00,2025-04-15T19:31:39.3921024Z,FlyBall,v3,471300,471327,15 April 2025 15:00-jamesmad@georgemas,"Barenz, Nick",1000218914,Right,GEO_PAT,151eac63-465c-4b6d-8dab-b9400568106a,55.2699,-127.97402,21.28845,5.8845,-5.35169,-6.6284,-1.60098,4.06081,-6.40195,141.491511,4.16353,82.42367,-11.77905,2.10946,-0.14268,-0.05785,0.01676,-0.00154,4E-05,2.39489,91.22585,-25.41534,2.95058,-0.43724,-0.0118,0.02177,-0.00382,0.00022,-2.31018,-48.13704,3.79405,-0.55663,-0.01876,0.04152,-0.01044,0.00115,-5E-05,,,,,,,,,,,,,,,,,,,,,,,High,High,High,Medium,Medium,,,
58,2025-04-15,15:32:24.56,3,1,"Drumm, Jake",1000077041,Right,GEO_PAT,"Dooley, Ryan",1000244290,Left,JMU_DUK,Undefined,2,Top,1,0,0,Fastball,Sinker,BallCalled,Undefined,Undefined,Undefined,0,0,,88.37749,-1.618209,-0.675155,2062.514404,227.743216,1:30,5.90535,1.64941,5.27732,-21.24245,16.16702,16.20702,2.6147,2.36581,79.17632,-5.615978,2.201412,0.440212,,,,,,,,,,,,-8.28851,9.03497,-1.60001,50,5.74262,0.75594,-127.91493,-4.32184,-13.43047,31.80082,-17.53409,GEO_PAT,JMU_DUK,SpuhlerFieldMain,D1,A10,20250415-SpuhlerFieldMain-1,5c01ce60-1a30-11f0-b278-3921cf0bcfe8,85.62333,,,9.20117,,,,,,,13017037-8ec2-4735-9dcb-0898b1439113,2025-04-15,19:32:24.56,2025-04-15T15:32:24.5663232-04:00,2025-04-15T19:32:24.5663232Z,,v3,471300,471327,15 April 2025 15:00-jamesmad@georgemas,"Barenz, Nick",1000218914,Right,GEO_PAT,46dc5f67-98b2-4df7-b556-d6ed4d4f3d3a,55.22063,-129.2063,15.90041,5.90366,-3.60982,-8.76704,-1.64177,1.30133,-6.71524,,,,,,,,,,,,,,,,,,,,,,,,,,,,,,,,,,,,,,,,,,,,,,,,,,,High,High,High,,,,,
59,2025-04-15,15:32:39.06,3,2,"Drumm, Jake",1000077041,Right,GEO_PAT,"Dooley, Ryan",1000244290,Left,JMU_DUK,Undefined,2,Top,1,1,0,ChangeUp,Changeup,StrikeSwinging,Undefined,Undefined,Undefined,0,0,,82.34324,-1.793759,-2.608335,1515.770659,241.425661,2:00,5.68814,1.65858,5.90916,-30.90848,10.92048,17.2534,1.44513,0.67353,74.52362,-7.563681,0.490194,0.465489,,,,,,,,,,,,-9.72843,6.60579,-1.45909,50,5.52639,4.76772,-119.3303,-4.68888,-13.8076,26.32335,-22.79846,GEO_PAT,JMU_DUK,SpuhlerFieldMain,D1,A10,20250415-SpuhlerFieldMain-1,64aac170-1a30-11f0-b278-3921cf0bcfe8,80.97379,,,7.81962,,,,,,,13017037-8ec2-4735-9dcb-0898b1439113,2025-04-15,19:32:39.06,2025-04-15T15:32:39.0633984-04:00,2025-04-15T19:32:39.0633984Z,,v3,471300,471327,15 April 2025 15:00-jamesmad@georgemas,"Barenz, Nick",1000218914,Right,GEO_PAT,2d45bc40-a0bc-4cc3-84f3-c61db67916be,54.59245,-120.3391,13.16168,5.68934,-3.81517,-11.39923,-1.65195,5.29687,-6.9038,,,,,,,,,,,,,,,,,,,,,,,,,,,,,,,,,,,,,,,,,,,,,,,,,,,High,High,High,,,,,
60,2025-04-15,15:32:55.45,3,3,"Drumm, Jake",1000077041,Right,GEO_PAT,"Dooley, Ryan",1000244290,Left,JMU_DUK,Undefined,2,Top,1,1,1,ChangeUp,Changeup,StrikeSwinging,Undefined,Undefined,Undefined,0,0,,80.83434,-0.566958,-3.323471,1526.932014,262.548307,2:45,5.81754,1.79303,5.89328,-38.39923,6.33351,32.93895,2.09027,1.44858,71.0812,-7.77436,2.589867,0.481376,,,,,,,,,,,,-18.04056,4.06536,-1.54321,50,5.75057,5.44047,-116.79873,-2.35801,-23.77585,31.39347,-26.81627,GEO_PAT,JMU_DUK,SpuhlerFieldMain,D1,A10,20250415-SpuhlerFieldMain-1,6e77c220-1a30-11f0-b278-3921cf0bcfe8,78.3015,,,9.75314,,,,,,,13017037-8ec2-4735-9dcb-0898b1439113,2025-04-15,19:32:55.45,2025-04-15T15:32:55.4522112-04:00,2025-04-15T19:32:55.4522112Z,,v3,471300,471327,15 April 2025 15:00-jamesmad@georgemas,"Barenz, Nick",1000218914,Right,GEO_PAT,bcc9ec7f-b57c-4f12-9fe4-4cfdf85c26f2,54.60489,-118.02996,15.69674,5.82243,-1.3063,-13.40813,-1.77486,6.37293,-11.88793,,,,,,,,,,,,,,,,,,,,,,,,,,,,,,,,,,,,,,,,,,,,,,,,,,,High,High,High,,,,,
61,2025-04-15,15:33:10.34,3,4,"Drumm, Jake",1000077041,Right,GEO_PAT,"Dooley, Ryan",1000244290,Left,JMU_DUK,Undefined,2,Top,1,1,2,ChangeUp,Changeup,BallCalled,Undefined,Undefined,Undefined,0,0,,83.1906,-2.526271,-3.22936,1552.295258,255.257605,2:30,5.56574,1.73241,5.8,-33.79951,7.78725,23.39568,0.39406,0.6751,74.78357,-8.801443,0.965086,0.46414,,,,,,,,,,,,-13.22796,5.27918,-1.48146,50,5.33752,5.87324,-120.3502,-6.39977,-18.90833,28.88496,-24.62785,GEO_PAT,JMU_DUK,SpuhlerFieldMain,D1,A10,20250415-SpuhlerFieldMain-1,774b6eb0-1a30-11f0-b278-3921cf0bcfe8,81.20923,,,8.40703,,,,,,,13017037-8ec2-4735-9dcb-0898b1439113,2025-04-15,19:33:10.34,2025-04-15T15:33:10.3462912-04:00,2025-04-15T19:33:10.3462912Z,,v3,471300,471327,15 April 2025 15:00-jamesmad@georgemas,"Barenz, Nick",1000218914,Right,GEO_PAT,83e7ec0d-6855-435b-9c25-8603cfb9cfda,54.7027,-121.47364,14.44248,5.5678,-5.44191,-12.31393,-1.7242,6.60865,-9.45416,,,,,,,,,,,,,,,,,,,,,,,,,,,,,,,,,,,,,,,,,,,,,,,,,,,High,High,High,,,,,
62,2025-04-15,15:33:28.66,3,5,"Drumm, Jake",1000077041,Right,GEO_PAT,"Dooley, Ryan",1000244290,Left,JMU_DUK,Undefined,2,Top,1,2,2,Fastball,Sinker,FoulBallNotFieldable,Undefined,Undefined,Undefined,0,0,,89.03134,-1.567224,-1.730465,2077.033046,228.014943,1:30,5.85926,1.55956,5.34104,-20.92395,15.23308,15.5882,2.64426,1.23464,81.06518,-5.473121,1.038687,0.432781,84.10201,36.794383,-60.676518,3720.432486,48.21822,61.1194,-98.8681,259.87148,137.73113,-68.259934,3.921547,-8.35823,8.45808,-1.41518,50,5.70317,3.20377,-129.11454,-4.25196,-14.04489,28.02789,-17.96138,GEO_PAT,JMU_DUK,SpuhlerFieldMain,D1,A10,20250415-SpuhlerFieldMain-1,823bb9b0-1a30-11f0-b278-3921cf0bcfe8,87.09363,66.51297,,7.96616,,,,1.52051,2.74452,-1.13567,13017037-8ec2-4735-9dcb-0898b1439113,2025-04-15,19:33:28.66,2025-04-15T15:33:28.6699008-04:00,2025-04-15T19:33:28.6699008Z,FlyBall,v3,471300,471327,15 April 2025 15:00-jamesmad@georgemas,"Barenz, Nick",1000218914,Right,GEO_PAT,7bce5409-f0b8-4440-99df-329b68307ba8,55.16117,-130.2301,14.01394,5.85818,-3.53706,-8.98069,-1.55382,3.76278,-7.02244,,1.52085,48.3657,-12.8769,3.49342,-0.79035,0.13008,-0.01359,3E-05,0.00014,2.74533,73.85565,-24.95531,2.53407,-0.23528,-0.09983,0.05015,-0.00896,0.00057,-1.13558,-86.12624,9.66609,-1.58009,0.38864,-0.15026,0.05149,-0.00933,0.00067,,,,,,,,,,,,,,,,,,,,,,,High,High,High,High,Low,,,
63,2025-04-15,15:33:51.52,3,6,"Drumm, Jake",1000077041,Right,GEO_PAT,"Dooley, Ryan",1000244290,Left,JMU_DUK,Undefined,2,Top,1,2,2,ChangeUp,Changeup,StrikeSwinging,Strikeout,Undefined,Undefined,0,0,,82.47145,-1.622108,-2.607623,1429.482522,256.259124,2:30,5.75515,1.66843,5.86963,-34.68529,7.73741,24.50391,1.35593,1.28645,73.56878,-8.099977,1.792702,0.468782,,,,,,,,,,,,-13.5345,5.03796,-1.47158,50,5.60385,4.45975,-119.3473,-4.47581,-18.88597,29.92819,-25.14408,GEO_PAT,JMU_DUK,SpuhlerFieldMain,D1,A10,20250415-SpuhlerFieldMain-1,8fd61610-1a30-11f0-b278-3921cf0bcfe8,80.40508,,,8.90267,,,,,,,13017037-8ec2-4735-9dcb-0898b1439113,2025-04-15,19:33:51.52,2025-04-15T15:33:51.5260000-04:00,2025-04-15T19:33:51.5260000Z,,v3,471300,471327,15 April 2025 15:00-jamesmad@georgemas,"Barenz, Nick",1000218914,Right,GEO_PAT,c978a72a-d345-4022-816b-391e714c3739,54.63076,-120.50294,14.96409,5.75793,-3.50491,-12.57204,-1.65787,5.18901,-9.44298,,,,,,,,,,,,,,,,,,,,,,,,,,,,,75.69005,,1.388237,,1.12645,1.3145,-1.29559,0.905,6.33196,-1.80413,,,,0.97126,101.35176,-5.51511,6.36731,15.12662,-13.36296,-1.85268,-40.35274,3.65325,High,High,High,,,High,High,Low
64,2025-04-15,15:34:23.05,4,1,"Drumm, Jake",1000077041,Right,GEO_PAT,"Williams, Jp",1000135328,Right,JMU_DUK,Undefined,2,Top,2,0,0,Fastball,Sinker,BallCalled,Undefined,Undefined,Undefined,0,0,,88.57546,-0.977952,-4.163213,2120.301792,227.001108,1:30,5.94746,1.36116,5.49073,-21.37253,15.68536,15.2808,3.249,-1.26716,79.19712,-5.019949,-1.450566,0.438139,,,,,,,,,,,,-9.04315,8.62146,-1.00629,50,5.8476,8.61638,-127.9667,-2.8808,-14.68743,31.46122,-18.17147,GEO_PAT,JMU_DUK,SpuhlerFieldMain,D1,A10,20250415-SpuhlerFieldMain-1,a28da6b0-1a30-11f0-b278-3921cf0bcfe8,86.02851,,,9.37834,,,,,,,13017037-8ec2-4735-9dcb-0898b1439113,2025-04-15,19:34:23.05,2025-04-15T15:34:23.0539776-04:00,2025-04-15T19:34:23.0539776Z,,v3,471300,471327,15 April 2025 15:00-jamesmad@georgemas,"Barenz, Nick",1000218914,Right,GEO_PAT,827388aa-11f1-48d8-a8e7-f39a6a6a81eb,55.00705,-129.19185,15.73061,5.946,-2.17318,-9.08574,-1.35296,9.18833,-7.34372,,,,,,,,,,,,,,,,,,,,,,,,,,,,,,,,,,,,,,,,,,,,,,,,,,,High,High,High,,,,,
65,2025-04-15,15:34:37.44,4,2,"Drumm, Jake",1000077041,Right,GEO_PAT,"Williams, Jp",1000135328,Right,JMU_DUK,Undefined,2,Top,2,1,0,Slider,Curveball,StrikeCalled,Undefined,Undefined,Undefined,0,0,,76.75127,0.633038,-2.333418,2027.952447,46.125734,7:30,5.7724,1.55275,5.08695,-55.06141,-4.28441,-6.68237,1.78116,-1.20478,68.29904,-9.401706,-3.515392,0.512867,,,,,,,,,,,,2.39374,-1.76362,-1.32625,50,5.78957,4.79119,-110.84994,-0.69422,2.86399,26.89806,-34.28415,GEO_PAT,JMU_DUK,SpuhlerFieldMain,D1,A10,20250415-SpuhlerFieldMain-1,ab440740-1a30-11f0-b278-3921cf0bcfe8,73.49356,,,8.45223,,,,,,,13017037-8ec2-4735-9dcb-0898b1439113,2025-04-15,19:34:37.44,2025-04-15T15:34:37.4402048-04:00,2025-04-15T19:34:37.4402048Z,,v3,471300,471327,15 April 2025 15:00-jamesmad@georgemas,"Barenz, Nick",1000218914,Right,GEO_PAT,9e3a0b51-c362-4a96-9bcf-6c00f6eb5e72,55.41109,-112.15527,13.44903,5.78289,0.96955,-17.14208,-1.55538,4.65221,1.432,,,,,,,,,,,,,,,,,,,,,,,,,,,,,,,,,,,,,,,,,,,,,,,,,,,High,High,High,,,,,
66,2025-04-15,15:34:52.15,4,3,"Drumm, Jake",1000077041,Right,GEO_PAT,"Williams, Jp",1000135328,Right,JMU_DUK,Undefined,2,Top,2,1,1,Slider,Curveball,BallCalled,Undefined,Undefined,Undefined,0,0,,76.79871,1.139967,-1.675718,2071.843404,81.766729,8:45,5.86808,1.54084,4.82756,-52.139,-0.27602,-18.34714,2.60345,-1.57564,67.39991,-8.392482,-4.902563,0.518323,,,,,,,,,,,,8.1776,0.12689,-1.35814,50,5.93771,4.03504,-110.68349,0.34043,9.63453,28.97979,-32.02455,GEO_PAT,JMU_DUK,SpuhlerFieldMain,D1,A10,20250415-SpuhlerFieldMain-1,b3f38a00-1a30-11f0-b278-3921cf0bcfe8,72.72004,,,9.39879,,,,,,,13017037-8ec2-4735-9dcb-0898b1439113,2025-04-15,19:34:52.15,2025-04-15T15:34:52.1506816-04:00,2025-04-15T19:34:52.1506816Z,,v3,471300,471327,15 April 2025 15:00-jamesmad@georgemas,"Barenz, Nick",1000218914,Right,GEO_PAT,ba39474d-edbc-413d-b3ec-a245b7d7aae4,55.66601,-112.15718,14.4899,5.87899,1.96896,-16.01228,-1.55087,3.5451,4.81726,,,,,,,,,,,,,,,,,,,,,,,,,,,,,,,,,,,,,,,,,,,,,,,,,,,High,High,High,,,,,
67,2025-04-15,15:35:07.80,4,4,"Drumm, Jake",1000077041,Right,GEO_PAT,"Williams, Jp",1000135328,Right,JMU_DUK,Undefined,2,Top,2,2,1,Fastball,Four-Seam,StrikeCalled,Undefined,Undefined,Undefined,0,0,,89.37613,-2.527306,-3.438855,2076.416395,215.992006,1:15,5.85773,1.49406,5.56854,-19.67993,16.34473,10.91469,1.85098,-0.81277,80.67408,-6.239046,-1.495845,0.431988,,,,,,,,,,,,-6.61764,9.44812,-1.20455,50,5.62671,7.28405,-129.26481,-6.34685,-11.04462,30.3678,-16.4054,GEO_PAT,JMU_DUK,SpuhlerFieldMain,D1,A10,20250415-SpuhlerFieldMain-1,bd521170-1a30-11f0-b278-3921cf0bcfe8,87.25353,,,8.70205,,,,,,,13017037-8ec2-4735-9dcb-0898b1439113,2025-04-15,19:35:07.80,2025-04-15T15:35:07.8042624-04:00,2025-04-15T19:35:07.8042624Z,,v3,471300,471327,15 April 2025 15:00-jamesmad@georgemas,"Barenz, Nick",1000218914,Right,GEO_PAT,8c17ad41-0b43-4fc7-8c51-896e11ac4772,54.93163,-130.41824,15.1839,5.85594,-5.72374,-8.2027,-1.48918,7.70355,-5.52231,,,,,,,,,,,,,,,,,,,,,,,,,,,,,,,,,,,,,,,,,,,,,,,,,,,High,High,High,,,,,
68,2025-04-15,15:35:24.00,4,5,"Drumm, Jake",1000077041,Right,GEO_PAT,"Williams, Jp",1000135328,Right,JMU_DUK,Undefined,2,Top,2,2,2,Slider,Curveball,InPlay,Undefined,FlyBall,Out,1,0,,77.91088,1.408925,-1.366612,2064.207923,64.365908,8:15,5.75566,1.59797,4.85193,-49.55282,-0.94284,-5.59099,2.96072,-0.16195,70.47135,-7.578409,-2.351035,0.501804,85.08886,27.142635,-17.226713,2112.381652,105.06168,48.916,-32.58692,330.48773,325.51397,-17.706909,4.394886,2.32248,-0.4687,-1.45788,50,5.85255,2.92346,-112.79658,0.98875,2.94431,23.57636,-32.76825,GEO_PAT,JMU_DUK,SpuhlerFieldMain,D1,A10,20250415-SpuhlerFieldMain-1,c705bdc0-1a30-11f0-b278-3921cf0bcfe8,75.11385,60.96567,,7.43952,,,,1.87702,3.04088,0.13408,13017037-8ec2-4735-9dcb-0898b1439113,2025-04-15,19:35:24.00,2025-04-15T15:35:24.0099328-04:00,2025-04-15T19:35:24.0099328Z,LineDrive,v3,471300,471327,15 April 2025 15:00-jamesmad@georgemas,"Barenz, Nick",1000218914,Right,GEO_PAT,890ea6bb-2fc8-46d7-8d51-517eea15471e,55.64956,-113.97132,11.78818,5.7626,2.62148,-16.38412,-1.59989,2.77675,1.47216,174.765151,1.87798,106.0526,-15.97984,3.40136,-0.59945,0.0877,-0.01397,0.00221,-0.00016,3.04073,56.92979,-14.87986,0.41586,0.0937,-0.0904,0.03433,-0.00596,0.00038,0.13375,-32.88143,4.04521,-0.6614,0.0842,-0.01225,0.0042,-0.00095,8E-05,,,,,,,,,,,,,,,,,,,,,,,High,High,High,High,High,,,
69,2025-04-15,15:37:47.83,1,1,"Madden, Griffin",1000091585,Right,JMU_DUK,"Hueber, Toby",1000091691,Right,GEO_PAT,Undefined,2,Bottom,0,0,0,Fastball,Four-Seam,StrikeCalled,Undefined,Undefined,Undefined,0,0,,91.29221,-3.363978,-1.324496,2060.354728,198.855192,12:45,6.03414,0.744,5.6744,-11.74619,23.23986,7.42918,1.91448,0.128,80.86714,-5.702967,0.002939,0.425715,,,,,,,,,,,,-4.22827,13.40131,-0.63684,50,5.74289,2.70302,-131.85739,-8.00526,-7.20422,36.44827,-9.34059,GEO_PAT,JMU_DUK,SpuhlerFieldMain,D1,A10,20250415-SpuhlerFieldMain-1,1cb1cf20-1a31-11f0-b278-3921cf0bcfe8,88.53918,,,10.42507,,,,,,,13017037-8ec2-4735-9dcb-0898b1439113,2025-04-15,19:37:47.83,2025-04-15T15:37:47.8384640-04:00,2025-04-15T19:37:47.8384640Z,,v3,471300,471327,15 April 2025 15:00-jamesmad@georgemas,"Williams, Jp",1000135328,Right,JMU_DUK,3e28461e-d87c-4255-87c4-ac65949278a5,54.82098,-133.18334,18.22413,6.02794,-7.66546,-4.6703,-0.73994,2.96511,-3.60211,,,,,,,,,,,,,,,,,,,,,,,,,,,,,,,,,,,,,,,,,,,,,,,,,,,High,High,High,,,,,
70,2025-04-15,15:38:04.46,1,2,"Madden, Griffin",1000091585,Right,JMU_DUK,"Hueber, Toby",1000091691,Right,GEO_PAT,Undefined,2,Bottom,0,0,1,Fastball,Four-Seam,FoulBallNotFieldable,Undefined,Undefined,Undefined,0,0,,91.32315,-2.889116,-2.148272,2096.246241,205.493688,12:45,6.04975,0.71331,5.59977,-14.37477,20.8671,9.21233,2.15028,-0.52564,80.48655,-5.706419,-0.505198,0.427269,69.4177,62.076448,130.740451,4091.965511,,,,,28.13789,,,-5.48142,12.0865,-0.53523,50,5.79318,4.51671,-131.82697,-7.03602,-9.28079,37.89236,-11.70999,GEO_PAT,JMU_DUK,SpuhlerFieldMain,D1,A10,20250415-SpuhlerFieldMain-1,269b7f90-1a31-11f0-b278-3921cf0bcfe8,88.21718,48.35196,,10.8366,,,,1.81716,2.28197,0.5304,13017037-8ec2-4735-9dcb-0898b1439113,2025-04-15,19:38:04.46,2025-04-15T15:38:04.4669440-04:00,2025-04-15T19:38:04.4669440Z,,v3,471300,471327,15 April 2025 15:00-jamesmad@georgemas,"Williams, Jp",1000135328,Right,JMU_DUK,af34a592-1337-4973-ac6a-015b12b5e5fd,54.89592,-133.22682,18.94618,6.04512,-6.60342,-5.85499,-0.70842,4.85956,-4.64039,331.363901,1.81716,-31.11643,-4.0302,2.19883,-1.77663,5.59599,-11.12718,10.86632,-4.19161,2.28197,89.95877,-30.75775,4.14601,-1.05839,1.10325,-1.80339,1.65433,-0.61667,0.5304,36.12432,-9.69307,3.01327,-1.75173,5.02538,-9.88512,9.61308,-3.69928,,,,,,,,,,,,,,,,,,,,,,,High,High,High,High,Undefined,,,
71,2025-04-15,15:38:23.92,1,3,"Madden, Griffin",1000091585,Right,JMU_DUK,"Hueber, Toby",1000091691,Right,GEO_PAT,Undefined,2,Bottom,0,0,2,Fastball,Four-Seam,FoulBallNotFieldable,Undefined,Undefined,Undefined,0,0,,91.75206,-1.689449,0.025841,1980.102268,202.207522,12:45,6.00187,0.85323,5.68065,-10.56312,23.96206,9.19481,3.5462,1.64355,81.19784,-3.82367,1.669148,0.422902,72.34948,40.744538,-176.174256,3597.629581,-109.21962,48.95151,-13.07896,195.50595,74.0543,-170.380666,3.088644,-4.65528,13.18887,-0.86133,50,5.85347,-0.48081,-132.76061,-4.1273,-8.0325,37.21279,-9.41718,GEO_PAT,JMU_DUK,SpuhlerFieldMain,D1,A10,20250415-SpuhlerFieldMain-1,3230e430-1a31-11f0-b278-3921cf0bcfe8,89.12815,49.25114,,10.55422,,,,2.38896,3.68517,-1.61258,13017037-8ec2-4735-9dcb-0898b1439113,2025-04-15,19:38:23.92,2025-04-15T15:38:23.9255552-04:00,2025-04-15T19:38:23.9255552Z,FlyBall,v3,471300,471327,15 April 2025 15:00-jamesmad@georgemas,"Williams, Jp",1000135328,Right,JMU_DUK,d2f62fe0-5274-4f42-a72a-d4ba144bb391,54.81666,-134.10392,18.60639,5.99633,-3.78736,-4.70859,-0.8492,-0.19085,-4.01625,353.156908,2.38872,-80.21013,4.38032,0.67002,-0.06684,-0.15253,0.11558,-0.03232,0.00318,3.68564,69.23742,-30.63863,3.77988,-0.31148,-0.2028,0.10297,-0.01911,0.00128,-1.61252,-5.36486,-1.02211,-0.27851,0.02584,0.05087,-0.03713,0.01015,-0.00098,,,,,,,,,,,,,,,,,,,,,,,High,High,High,High,Medium,,,
72,2025-04-15,15:38:44.76,1,4,"Madden, Griffin",1000091585,Right,JMU_DUK,"Hueber, Toby",1000091691,Right,GEO_PAT,Undefined,2,Bottom,0,0,2,Curveball,Curveball,BallCalled,Undefined,Undefined,Undefined,0,0,,73.08822,5.301516,0.802788,2222.760998,4.467252,6:15,5.94097,0.80168,5.57618,-75.14791,-20.25895,-1.75587,4.6452,1.40525,64.95195,-8.448577,0.48983,0.533229,,,,,,,,,,,,1.16898,-11.24768,-0.86969,50,6.35109,-1.4099,-105.48416,7.29864,1.27466,23.32924,-44.4384,GEO_PAT,JMU_DUK,SpuhlerFieldMain,D1,A10,20250415-SpuhlerFieldMain-1,3e93d200-1a31-11f0-b278-3921cf0bcfe8,70.68713,,,8.13626,,,,,,,13017037-8ec2-4735-9dcb-0898b1439113,2025-04-15,19:38:44.76,2025-04-15T15:38:44.7617024-04:00,2025-04-15T19:38:44.7617024Z,,v3,471300,471327,15 April 2025 15:00-jamesmad@georgemas,"Williams, Jp",1000135328,Right,JMU_DUK,b2d613b7-eb49-4422-bc49-ff795c8743a9,54.92707,-106.56828,11.66462,5.96394,9.3637,-22.2192,-0.8028,-1.46913,0.63733,,,,,,,,,,,,,,,,,,,,,,,,,,,,,,,,,,,,,,,,,,,,,,,,,,,High,High,High,,,,,
73,2025-04-15,15:39:02.75,1,5,"Madden, Griffin",1000091585,Right,JMU_DUK,"Hueber, Toby",1000091691,Right,GEO_PAT,Undefined,2,Bottom,0,1,2,Fastball,Four-Seam,BallCalled,Undefined,Undefined,Undefined,0,0,,92.18139,-1.254442,-2.503922,2098.794038,194.581806,12:30,6.03118,0.84009,6.0348,-14.09174,19.09418,4.65603,3.6939,-1.09214,83.03127,-3.992306,-1.667379,0.414618,,,,,,,,,,,,-3.16288,10.51949,-0.64673,50,5.9253,5.63294,-133.58369,-3.28896,-5.63654,32.46914,-13.42729,GEO_PAT,JMU_DUK,SpuhlerFieldMain,D1,A10,20250415-SpuhlerFieldMain-1,493b7b40-1a31-11f0-b278-3921cf0bcfe8,90.90878,,,9.15012,,,,,,,13017037-8ec2-4735-9dcb-0898b1439113,2025-04-15,19:39:02.75,2025-04-15T15:39:02.7506176-04:00,2025-04-15T19:39:02.7506176Z,,v3,471300,471327,15 April 2025 15:00-jamesmad@georgemas,"Williams, Jp",1000135328,Right,JMU_DUK,c7bad347-32b8-453b-8bc5-ab14afdf20a3,54.46267,-134.66403,16.23457,6.0273,-2.84219,-6.71365,-0.83727,5.82048,-2.81827,,,,,,,,,,,,,,,,,,,,,,,,,,,,,,,,,,,,,,,,,,,,,,,,,,,High,High,High,,,,,
74,2025-04-15,15:39:20.12,1,6,"Madden, Griffin",1000091585,Right,JMU_DUK,"Hueber, Toby",1000091691,Right,GEO_PAT,Undefined,2,Bottom,0,2,2,Fastball,Four-Seam,InPlay,Undefined,LineDrive,Single,0,0,,91.35384,-1.641393,-1.047505,2156.540596,202.398105,12:45,5.86157,0.7754,6.0311,-11.75493,22.368,8.663,3.3612,0.52711,81.4209,-3.987274,0.510962,0.420431,100.74389,11.001121,-24.849124,2029.490827,97.91903,12.71064,-50.11828,197.09349,195.76115,-29.291636,1.560383,-4.85067,12.49261,-0.69827,50,5.72714,2.04905,-132.37487,-4.05001,-8.37776,35.27046,-10.59765,GEO_PAT,JMU_DUK,SpuhlerFieldMain,D1,A10,20250415-SpuhlerFieldMain-1,53acf950-1a31-11f0-b278-3921cf0bcfe8,89.65192,12.91502,,9.93294,,,,2.661,3.41723,-0.48128,13017037-8ec2-4735-9dcb-0898b1439113,2025-04-15,19:39:20.12,2025-04-15T15:39:20.1228800-04:00,2025-04-15T19:39:20.1228800Z,LineDrive,v3,471300,471327,15 April 2025 15:00-jamesmad@georgemas,"Williams, Jp",1000135328,Right,JMU_DUK,98913731-346c-4222-9407-03064dd511c7,54.46835,-133.56012,17.63523,5.85726,-3.69388,-5.29882,-0.77186,2.33058,-4.18888,77.779972,2.661,131.61382,-18.79156,3.41138,-0.72466,0.13515,-0.02625,0.0042,-0.00035,3.41723,28.19629,-22.3955,2.48269,-0.52548,0.11168,-0.02095,0.00345,-0.00032,-0.48128,-60.95112,-1.82878,1.44803,-0.46071,0.12408,-0.02764,0.00481,-0.00044,,,,,,,,,,,,,,,,,,,,,,,High,High,High,High,High,,,
75,2025-04-15,15:40:32.76,2,1,"Madden, Griffin",1000091585,Right,JMU_DUK,"Barenz, Nick",1000218914,Right,GEO_PAT,Undefined,2,Bottom,0,0,0,Fastball,Four-Seam,InPlay,Undefined,LineDrive,Single,0,0,,91.22046,-2.283215,-2.155442,2139.474132,197.653285,12:30,5.93668,0.91424,5.8497,-9.22749,25.24761,7.60095,3.04336,-0.4563,81.3559,-4.168815,-0.79408,0.422595,94.53106,6.511817,3.870636,4153.408245,,,,132.64077,132.64077,5.418028,1.060532,-4.64012,14.0806,-0.74336,50,5.74576,4.633,-132.02219,-5.41909,-7.98858,34.53717,-7.93246,GEO_PAT,JMU_DUK,SpuhlerFieldMain,D1,A10,20250415-SpuhlerFieldMain-1,7f00bd80-1a31-11f0-b278-3921cf0bcfe8,89.19285,6.40082,,9.86456,,,,1.18741,3.03558,0.36573,13017037-8ec2-4735-9dcb-0898b1439113,2025-04-15,19:40:32.76,2025-04-15T15:40:32.7636992-04:00,2025-04-15T19:40:32.7636992Z,GroundBall,v3,471300,471327,15 April 2025 15:00-jamesmad@georgemas,"Williams, Jp",1000135328,Right,JMU_DUK,27a9d7ac-dbe3-4103-916e-3ab1e3b9ebd6,54.64917,-133.23287,17.26858,5.93085,-5.14102,-3.96623,-0.91068,4.91303,-3.99429,288.642688,1.27059,136.36302,-12.37176,,,,,,,3.10323,14.85595,-16.82251,,,,,,,0.3397,9.63669,1.76722,,,,,,,,,,,,,,,,,,,,,,,,,,,,,High,High,High,High,High,,,
76,2025-04-15,15:41:29.36,3,1,"Madden, Griffin",1000091585,Right,JMU_DUK,"Canody, Andrew",1000415298,Right,GEO_PAT,Undefined,2,Bottom,0,0,0,Fastball,Four-Seam,FoulBallNotFieldable,Undefined,Undefined,Undefined,0,0,,91.18769,-1.878847,-1.926309,2141.986536,218.635648,1:15,5.82463,1.01336,5.75778,-13.69418,21.30903,15.82997,2.93285,0.53868,80.44787,-4.585406,0.906233,0.425819,,,,,,,,,,,,-8.79686,11.97607,-0.86336,50,5.66093,3.71826,-131.84656,-4.66648,-14.91738,37.59008,-11.86546,GEO_PAT,JMU_DUK,SpuhlerFieldMain,D1,A10,20250415-SpuhlerFieldMain-1,a0ba9ef0-1a31-11f0-b278-3921cf0bcfe8,88.51747,,,10.73982,,,,,,,13017037-8ec2-4735-9dcb-0898b1439113,2025-04-15,19:41:29.36,2025-04-15T15:41:29.3662720-04:00,2025-04-15T19:41:29.3662720Z,,v3,471300,471327,15 April 2025 15:00-jamesmad@georgemas,"Williams, Jp",1000135328,Right,JMU_DUK,3a82fb6b-5e8d-488a-8a36-5fea3b6de80d,54.73962,-133.19099,18.79504,5.82023,-4.24211,-5.93273,-1.00588,4.25179,-7.45869,,,,,,,,,,,,,,,,,,,,,,,,,,,,,,,,,,,,,,,,,,,,,,,,,,,High,High,High,,,,,
77,2025-04-15,15:42:12.65,3,2,"Madden, Griffin",1000091585,Right,JMU_DUK,"Canody, Andrew",1000415298,Right,GEO_PAT,Undefined,2,Bottom,0,0,1,Fastball,Four-Seam,InPlay,Undefined,Bunt,Sacrifice,1,0,,91.24812,-0.987517,-1.617726,2096.576721,212.074392,1:00,5.92623,0.88476,5.9305,-13.04831,21.0819,12.40776,3.92213,0.41731,81.7478,-3.552627,0.609712,0.420476,33.34595,-16.064981,32.493978,1692.085227,,,,14.38742,13.91535,23.932873,0.249677,-6.95331,11.53619,-0.76269,50,5.84025,3.20405,-132.29522,-2.60801,-12.06861,33.65823,-12.15115,GEO_PAT,JMU_DUK,SpuhlerFieldMain,D1,A10,20250415-SpuhlerFieldMain-1,ba7fc220-1a31-11f0-b278-3921cf0bcfe8,89.64237,4.10025,,9.50032,,,,3.33141,4.10025,-0.38117,13017037-8ec2-4735-9dcb-0898b1439113,2025-04-15,19:42:12.65,2025-04-15T15:42:12.6596608-04:00,2025-04-15T19:42:12.6596608Z,GroundBall,v3,471300,471327,15 April 2025 15:00-jamesmad@georgemas,"Williams, Jp",1000135328,Right,JMU_DUK,f3f00e6b-4e95-48ee-85fc-3692b41c75ef,54.57034,-133.45293,16.82912,5.92277,-2.19005,-6.07558,-0.88004,3.61916,-6.0343,171.536003,3.33177,39.62096,-1.18927,,,,,,,4.10062,-13.55331,-11.50317,,,,,,,-0.38095,25.23563,-1.33994,,,,,,,,,,,,,,,,,,,,,,,,,,,,,High,High,High,High,High,,,
78,2025-04-15,15:46:23.66,4,1,"Costello, Corey",825281,Left,JMU_DUK,"Clyne, Owen",1000230336,Left,GEO_PAT,Undefined,2,Bottom,1,0,0,Slider,Slider,BallCalled,Undefined,Undefined,Undefined,0,0,,80.09876,0.041535,2.542426,2514.918702,287.454906,3:30,5.50925,-2.67327,4.6087,-51.53715,-4.27736,19.60875,1.25403,1.38007,71.75052,-9.229887,5.975875,0.494786,,,,,,,,,,,,-8.62934,-1.59705,2.39187,50,5.46622,-6.00304,-115.66142,-1.89552,-11.29328,28.37841,-34.2641,GEO_PAT,JMU_DUK,SpuhlerFieldMain,D1,A10,20250415-SpuhlerFieldMain-1,503198c0-1a32-11f0-b278-3921cf0bcfe8,76.1793,,,8.34824,,,,,,,13017037-8ec2-4735-9dcb-0898b1439113,2025-04-15,19:46:23.66,2025-04-15T15:46:23.6647424-04:00,2025-04-15T19:46:23.6647424Z,,v3,471300,471327,15 April 2025 15:00-jamesmad@georgemas,"Williams, Jp",1000135328,Right,JMU_DUK,7fec63ea-9cb6-4709-bd67-52da1577618d,55.89159,-117.09805,14.1892,5.51827,-0.16094,-17.13205,2.6813,-5.43133,-5.64664,,,,,,,,,,,,,,,,,,,,,,,,,,,,,,,,,,,,,,,,,,,,,,,,,,,High,High,High,,,,,
79,2025-04-15,15:46:43.76,4,2,"Costello, Corey",825281,Left,JMU_DUK,"Clyne, Owen",1000230336,Left,GEO_PAT,Undefined,2,Bottom,1,1,0,Slider,Slider,StrikeCalled,Undefined,Undefined,Undefined,0,0,,77.78442,2.160116,-0.005369,2556.363038,292.624555,3:45,5.58896,-2.73399,4.70513,-61.38015,-7.64835,26.42982,2.52542,-0.5366,64.63499,-9.162182,4.640401,0.527578,,,,,,,,,,,,-12.60343,-3.91004,2.70959,50,5.75539,-1.2222,-111.28236,1.8885,-14.16841,39.02453,-36.56958,GEO_PAT,JMU_DUK,SpuhlerFieldMain,D1,A10,20250415-SpuhlerFieldMain-1,5c174040-1a32-11f0-b278-3921cf0bcfe8,71.44423,,,13.14942,,,,,,,13017037-8ec2-4735-9dcb-0898b1439113,2025-04-15,19:46:43.76,2025-04-15T15:46:43.7625344-04:00,2025-04-15T19:46:43.7625344Z,,v3,471300,471327,15 April 2025 15:00-jamesmad@georgemas,"Williams, Jp",1000135328,Right,JMU_DUK,78108d4e-c33d-4787-a127-3c14dc6bcc55,55.77672,-113.29003,19.51226,5.60984,3.76987,-18.28479,2.75371,-0.49329,-7.0842,,,,,,,,,,,,,,,,,,,,,,,,,,,,,,,,,,,,,,,,,,,,,,,,,,,High,High,High,,,,,
80,2025-04-15,15:47:05.76,4,3,"Costello, Corey",825281,Left,JMU_DUK,"Clyne, Owen",1000230336,Left,GEO_PAT,Undefined,2,Bottom,1,1,1,Slider,Slider,InPlay,Undefined,LineDrive,Single,0,2,,78.1818,1.866368,1.274442,2552.268944,297.867065,4:00,5.46897,-2.80736,4.59356,-58.07763,-8.26256,19.54926,2.40553,0.0342,69.48123,-8.6173,4.700145,0.507986,74.56278,17.176485,11.212974,7328.194649,107.71873,18.78618,22.28605,189.82883,189.82883,12.168966,2.230638,-9.07886,-4.26292,2.65609,50,5.60781,-3.35769,-112.88173,1.48293,-11.26281,27.91605,-37.46243,GEO_PAT,JMU_DUK,SpuhlerFieldMain,D1,A10,20250415-SpuhlerFieldMain-1,694964f0-1a32-11f0-b278-3921cf0bcfe8,74.19974,18.98458,,8.70057,,,,2.35982,2.56064,0.05248,13017037-8ec2-4735-9dcb-0898b1439113,2025-04-15,19:47:05.76,2025-04-15T15:47:05.7656320-04:00,2025-04-15T19:47:05.7656320Z,LineDrive,v3,471300,471327,15 April 2025 15:00-jamesmad@georgemas,"Williams, Jp",1000135328,Right,JMU_DUK,a8f7d33d-96a7-449a-b405-4ec78f098baf,55.90751,-114.33334,13.95803,5.48005,3.43094,-18.73121,2.81546,-2.77203,-5.63141,205.055715,2.35986,102.48438,-12.40279,2.11756,-0.35023,0.00765,0.02217,-0.00906,0.00133,2.56061,32.2969,-16.83776,1.11077,-0.23035,0.0804,-0.02819,0.00819,-0.00109,0.05247,20.31715,-0.97298,-0.17248,0.18201,-0.1634,0.0917,-0.02635,0.00303,,,,,,,,,,,,,,,,,,,,,,,High,High,High,High,High,,,
81,2025-04-15,15:47:53.21,5,1,"Costello, Corey",825281,Left,JMU_DUK,"Hull, Owen",10054797,Left,GEO_PAT,Undefined,2,Bottom,1,0,0,Fastball,Sinker,FoulBallNotFieldable,Undefined,Undefined,Undefined,0,0,,91.28305,0.005108,3.638836,2324.564492,115.598619,9:45,5.36329,-2.72219,5.12119,-26.11793,8.27016,-15.11119,3.19162,-0.54909,83.7976,-4.779034,0.971685,0.422061,79.84466,15.439447,-116.279551,4407.338445,,,,,89.53578,,,8.47918,4.41949,2.39191,50,5.34355,-7.70822,-132.34578,-1.01045,15.14606,26.35915,-24.27965,GEO_PAT,JMU_DUK,SpuhlerFieldMain,D1,A10,20250415-SpuhlerFieldMain-1,8586b410-1a32-11f0-b278-3921cf0bcfe8,89.30563,22.17296,,7.48544,,,,0.51182,3.11798,0.48952,13017037-8ec2-4735-9dcb-0898b1439113,2025-04-15,19:47:53.21,2025-04-15T15:47:53.2148224-04:00,2025-04-15T19:47:53.2148224Z,,v3,471300,471327,15 April 2025 15:00-jamesmad@georgemas,"Williams, Jp",1000135328,Right,JMU_DUK,c97c9a52-925a-4475-bd50-4c0656eec69d,55.38239,-133.41348,13.17957,5.36456,-0.02699,-12.13982,2.71656,-8.32173,7.57303,95.436809,0.51182,-49.9773,-4.37047,1.62615,-0.46155,0.07211,0.02694,-0.02883,0.00833,3.11798,31.17566,-10.83954,-0.09518,0.12807,-0.00144,-0.03013,0.02336,-0.00645,0.48952,-101.2126,17.66644,-3.14041,0.56304,-0.07227,-0.00745,0.01103,-0.00322,,,,,,,,,,,,,,,,,,,,,,,High,High,High,High,Undefined,,,
82,2025-04-15,15:48:57.57,5,2,"Costello, Corey",825281,Left,JMU_DUK,"Hull, Owen",10054797,Left,GEO_PAT,Undefined,2,Bottom,1,0,1,Fastball,Sinker,BallCalled,Undefined,Undefined,Undefined,0,0,,90.75205,-1.673377,6.463805,2245.358521,111.58302,9:45,5.4199,-2.61362,5.11984,-26.65352,9.15485,-19.77037,1.61189,1.85381,81.69952,-6.582284,2.995906,0.430689,,,,,,,,,,,,11.74316,5.47122,2.01872,50,5.24119,-13.83604,-130.63783,-4.86426,20.0442,30.67911,-22.83532,GEO_PAT,JMU_DUK,SpuhlerFieldMain,D1,A10,20250415-SpuhlerFieldMain-1,abc8b5b0-1a32-11f0-b278-3921cf0bcfe8,87.51663,,,9.05252,,,,,,,13017037-8ec2-4735-9dcb-0898b1439113,2025-04-15,19:48:57.57,2025-04-15T15:48:57.5743488-04:00,2025-04-15T19:48:57.5743488Z,,v3,471300,471327,15 April 2025 15:00-jamesmad@georgemas,"Williams, Jp",1000135328,Right,JMU_DUK,9d46e89b-3f16-403f-8095-b4a4a7b169bf,55.37955,-131.89512,15.33955,5.42137,-3.92842,-11.41766,2.60259,-14.65749,10.0221,,,,,,,,,,,,,,,,,,,,,,,,,,,,,,,,,,,,,,,,,,,,,,,,,,,High,High,High,,,,,
83,,,5,3,"Costello, Corey",825281,Left,JMU_DUK,"Hull, Owen",10054797,Left,GEO_PAT,Undefined,2,Bottom,1,1,1,Other,,BallIntentional,Undefined,Undefined,Undefined,0,0,,,,,,,,,,,,,,,,,,,,,,,,,,,,,,,,,,,,,,,,,,GEO_PAT,JMU_DUK,SpuhlerFieldMain,D1,A10,20250415-SpuhlerFieldMain-1,c1d0d0e0-1a32-11f0-b278-3921cf0bcfe8,,,,,,,,,,,13017037-8ec2-4735-9dcb-0898b1439113,,,,,,v3,471300,471327,15 April 2025 15:00-jamesmad@georgemas,"Williams, Jp",1000135328,Right,JMU_DUK,,,,,,,,,,,,,,,,,,,,,,,,,,,,,,,,,,,,,,,,,,,,,,,,,,,,,,,,,,,,,,,,,,,,
84,2025-04-15,15:49:42.27,5,4,"Costello, Corey",825281,Left,JMU_DUK,"Hull, Owen",10054797,Left,GEO_PAT,Undefined,2,Bottom,1,2,1,Slider,Curveball,StrikeSwinging,Undefined,Undefined,Undefined,0,0,,79.6631,-0.201798,2.634796,2628.493557,304.808617,4:15,5.41314,-2.6437,4.89983,-56.38794,-9.49343,16.17883,0.52307,1.19843,72.076,-10.333077,5.487018,0.49287,,,,,,,,,,,,-7.13433,-4.2554,2.37095,50,5.3456,-5.97669,-115.2357,-2.49699,-9.33244,26.83819,-37.74057,GEO_PAT,JMU_DUK,SpuhlerFieldMain,D1,A10,20250415-SpuhlerFieldMain-1,c69313e0-1a32-11f0-b278-3921cf0bcfe8,76.47541,,,7.5871,,,,,,,13017037-8ec2-4735-9dcb-0898b1439113,2025-04-15,19:49:42.27,2025-04-15T15:49:42.2735872-04:00,2025-04-15T19:49:42.2735872Z,,v3,471300,471327,15 April 2025 15:00-jamesmad@georgemas,"Williams, Jp",1000135328,Right,JMU_DUK,9bcb1ef3-8195-491d-9dc6-b8937c2b7e9d,55.60383,-116.53351,13.41909,5.42222,-0.67197,-18.87029,2.64906,-5.5254,-4.66622,,,,,,,,,,,,,,,,,,,,,,,,,,,,,,,,,,,,,,,,,,,,,,,,,,,High,High,High,,,,,
85,2025-04-15,15:50:15.85,5,5,"Costello, Corey",825281,Left,JMU_DUK,"Hull, Owen",10054797,Left,GEO_PAT,Undefined,2,Bottom,1,2,2,Slider,Slider,BallCalled,Undefined,Undefined,Undefined,0,0,,79.59767,-0.508491,3.077435,2492.041857,288.725969,3:30,5.43184,-2.63715,4.70858,-49.70263,-2.64685,12.80902,0.8066,1.35416,72.26631,-9.431725,5.323882,0.493717,,,,,,,,,,,,-5.30233,-0.71933,2.31295,50,5.33574,-6.73237,-115.0909,-2.88403,-6.97206,25.27821,-33.11992,GEO_PAT,JMU_DUK,SpuhlerFieldMain,D1,A10,20250415-SpuhlerFieldMain-1,da8df9f0-1a32-11f0-b278-3921cf0bcfe8,76.34427,,,7.33136,,,,,,,13017037-8ec2-4735-9dcb-0898b1439113,2025-04-15,19:50:15.85,2025-04-15T15:50:15.8503424-04:00,2025-04-15T19:50:15.8503424Z,,v3,471300,471327,15 April 2025 15:00-jamesmad@georgemas,"Williams, Jp",1000135328,Right,JMU_DUK,cfa54d2d-f0e0-463e-b08b-35ac06dd1b37,55.79379,-116.35647,12.6391,5.43863,-1.22586,-16.55996,2.64127,-6.3833,-3.48603,,,,,,,,,,,,,,,,,,,,,,,,,,,,,,,,,,,,,,,,,,,,,,,,,,,High,High,High,,,,,
86,2025-04-15,15:51:26.62,5,6,"Costello, Corey",825281,Left,JMU_DUK,"Hull, Owen",10054797,Left,GEO_PAT,Undefined,2,Bottom,1,3,2,Slider,Curveball,BallCalled,Walk,Undefined,Undefined,0,0,,78.98277,-1.096412,3.497647,2505.757549,309.183346,4:15,5.48258,-2.57549,4.61518,-52.7579,-5.36335,8.44378,0.04152,1.45794,72.76902,-10.480349,4.976839,0.495491,,,,,,,,,,,,-3.15917,-2.02299,2.20679,50,5.32022,-7.33732,-114.31769,-4.17621,-4.1525,22.39673,-34.83316,GEO_PAT,JMU_DUK,SpuhlerFieldMain,D1,A10,20250415-SpuhlerFieldMain-1,04c26b70-1a33-11f0-b278-3921cf0bcfe8,76.07089,,,6.21376,,,,,,,13017037-8ec2-4735-9dcb-0898b1439113,2025-04-15,19:51:26.62,2025-04-15T15:51:26.6233856-04:00,2025-04-15T19:51:26.6233856Z,,v3,471300,471327,15 April 2025 15:00-jamesmad@georgemas,"Williams, Jp",1000135328,Right,JMU_DUK,bd79ffa3-93ca-4822-b078-b0bf3d296ca9,55.89006,-115.46588,11.19836,5.48854,-2.39045,-17.41658,2.57749,-7.12444,-2.07625,,,,,,,,,,,,,,,,,,,,,,,,,,,,,,,,,,,,,,,,,,,,,,,,,,,High,High,High,,,,,
87,2025-04-15,15:52:11.92,6,1,"Costello, Corey",825281,Left,JMU_DUK,"Quinn-Irons, Jaime",1000216379,Right,GEO_PAT,Undefined,2,Bottom,1,0,0,Fastball,Sinker,StrikeCalled,Undefined,Undefined,Undefined,0,0,,89.74678,-0.709323,5.82294,2227.038048,109.368126,9:45,5.44461,-2.85926,5.17431,-26.1919,10.11693,-25.03651,2.59094,0.55307,80.91486,-5.552137,1.417039,0.433688,,,,,,,,,,,,14.17568,5.63264,2.33501,50,5.35864,-12.01848,-129.48836,-2.59024,23.83283,29.50819,-22.70421,GEO_PAT,JMU_DUK,SpuhlerFieldMain,D1,A10,20250415-SpuhlerFieldMain-1,1fa13c00-1a33-11f0-b278-3921cf0bcfe8,86.91135,,,8.83192,,,,,,,13017037-8ec2-4735-9dcb-0898b1439113,2025-04-15,19:52:11.92,2025-04-15T15:52:11.9289856-04:00,2025-04-15T19:52:11.9289856Z,,v3,471300,471327,15 April 2025 15:00-jamesmad@georgemas,"Williams, Jp",1000135328,Right,JMU_DUK,7f401f1d-5cd1-44e5-a251-11241a87352f,55.32742,-130.69675,14.75409,5.44568,-1.66048,-11.3521,2.84717,-12.99446,11.91641,,,,,,,,,,,,,,,,,,,,,,,,,,,,,,,,,,,,,,,,,,,,,,,,,,,High,High,High,,,,,
88,2025-04-15,15:52:31.94,6,2,"Costello, Corey",825281,Left,JMU_DUK,"Quinn-Irons, Jaime",1000216379,Right,GEO_PAT,Undefined,2,Bottom,1,0,1,Fastball,Sinker,BallCalled,Undefined,Undefined,Undefined,0,0,,91.13498,-0.923626,6.768167,2241.293667,126.807311,10:15,5.42657,-2.78878,5.11014,-22.39135,13.40186,-16.03438,2.68422,2.2817,81.35235,-5.100662,3.962758,0.430598,,,,,,,,,,,,10.11438,7.34241,2.16075,50,5.32214,-14.75396,-131.00636,-2.93938,17.24592,32.54909,-19.65458,GEO_PAT,JMU_DUK,SpuhlerFieldMain,D1,A10,20250415-SpuhlerFieldMain-1,2b9429f0-1a33-11f0-b278-3921cf0bcfe8,87.5352,,,9.78264,,,,,,,13017037-8ec2-4735-9dcb-0898b1439113,2025-04-15,19:52:31.94,2025-04-15T15:52:31.9450000-04:00,2025-04-15T19:52:31.9450000Z,,v3,471300,471327,15 April 2025 15:00-jamesmad@georgemas,"Williams, Jp",1000135328,Right,JMU_DUK,83c024df-0a06-4f48-90de-fc81cf47e899,55.38678,-132.33796,16.27454,5.42595,-2.1353,-9.82729,2.77878,-15.4595,8.62296,,,,,,,,,,,,,,,,,,,,,,,,,,,,,75.69394,,0.802099,,-3.57069,2.21799,-2.61588,-2.20691,5.82029,-4.46675,,,,-2.19912,79.28769,-5.92421,5.82812,-0.44529,-13.29048,-4.488,-77.07621,11.00122,High,High,High,,,High,High,Medium
89,2025-04-15,15:53:12.95,6,3,"Costello, Corey",825281,Left,JMU_DUK,"Quinn-Irons, Jaime",1000216379,Right,GEO_PAT,Undefined,2,Bottom,1,1,1,Slider,Changeup,BallCalled,Undefined,Undefined,Undefined,0,0,,78.5191,0.215658,4.761421,1981.336799,78.652515,8:30,5.5484,-2.53322,5.32955,-48.48963,-0.98933,-13.97422,1.71067,0.78048,70.67731,-8.643121,2.287328,0.496043,,,,,,,,,,,,8.61713,-0.04933,2.11222,50,5.53324,-8.87965,-113.3886,-1.23313,10.97902,24.86294,-32.23691,GEO_PAT,JMU_DUK,SpuhlerFieldMain,D1,A10,20250415-SpuhlerFieldMain-1,44219070-1a33-11f0-b278-3921cf0bcfe8,75.98619,,,7.84179,,,,,,,13017037-8ec2-4735-9dcb-0898b1439113,2025-04-15,19:53:12.95,2025-04-15T15:53:12.9580000-04:00,2025-04-15T19:53:12.9580000Z,,v3,471300,471327,15 April 2025 15:00-jamesmad@georgemas,"Williams, Jp",1000135328,Right,JMU_DUK,33674317-488c-4875-9372-6f1dcd91cf81,55.17127,-114.5169,12.43147,5.556,0.22981,-16.11845,2.52649,-9.37788,5.48951,,,,,,,,,,,,,,,,,,,,,,,,,,,,,77.03394,2.251608,0.968038,1.283569,1.35041,1.70057,-0.78313,-0.11004,6.6329,1.13918,127.28508,1.63833,-1.69437,0.01234,110.95488,-9.32074,6.643,10.56912,-11.2873,1.10278,-4.98731,2.22501,High,High,High,,,High,High,High
90,2025-04-15,15:53:42.23,6,4,"Costello, Corey",825281,Left,JMU_DUK,"Quinn-Irons, Jaime",1000216379,Right,GEO_PAT,Undefined,2,Bottom,1,2,1,Slider,Changeup,InPlay,Undefined,FlyBall,Sacrifice,1,1,,81.32296,0.583755,3.755548,2035.237675,91.068511,9:00,5.48024,-2.64019,5.28191,-42.0764,1.94256,-17.78194,2.52333,-0.5898,73.35283,-7.126582,0.605404,0.47752,,,,,,,,,,,,10.13449,1.22106,2.31078,50,5.50285,-6.98081,-117.64906,-0.28227,13.97592,25.66746,-30.49015,GEO_PAT,JMU_DUK,SpuhlerFieldMain,D1,A10,20250415-SpuhlerFieldMain-1,55975240-1a33-11f0-b278-3921cf0bcfe8,78.93382,,,7.97013,,,,,,,13017037-8ec2-4735-9dcb-0898b1439113,2025-04-15,19:53:42.23,2025-04-15T15:53:42.2373888-04:00,2025-04-15T19:53:42.2373888Z,,v3,471300,471327,15 April 2025 15:00-jamesmad@georgemas,"Williams, Jp",1000135328,Right,JMU_DUK,7f948730-c2ae-4165-96d6-9355a6df6fb1,55.21999,-118.78244,12.83373,5.48559,1.06406,-15.24507,2.63265,-7.59793,6.98796,,,,,,,,,,,,,,,,,,,,,,,,,,,,,,,,,,,,,,,,,,,,,,,,,,,High,High,High,,,,,
91,2025-04-15,15:54:29.09,7,1,"Costello, Corey",825281,Left,JMU_DUK,"Butler, Jake",1000176047,Right,GEO_PAT,Undefined,2,Bottom,2,0,0,Slider,Changeup,BallCalled,Undefined,Undefined,Undefined,0,0,,80.76641,0.68889,2.933271,2047.048062,104.623936,9:30,5.49304,-2.67703,5.27366,-38.58482,5.57929,-15.69887,2.92562,-1.22755,73.47694,-6.387446,0.150569,0.478307,,,,,,,,,,,,8.65701,3.05473,2.42054,50,5.52802,-5.33415,-117.01934,0.06375,11.93694,23.23269,-27.96197,GEO_PAT,JMU_DUK,SpuhlerFieldMain,D1,A10,20250415-SpuhlerFieldMain-1,716b5840-1a33-11f0-b278-3921cf0bcfe8,78.80394,,,7.28947,,,,,,,13017037-8ec2-4735-9dcb-0898b1439113,2025-04-15,19:54:29.09,2025-04-15T15:54:29.0955264-04:00,2025-04-15T19:54:29.0955264Z,,v3,471300,471327,15 April 2025 15:00-jamesmad@georgemas,"Williams, Jp",1000135328,Right,JMU_DUK,94db010f-9058-4737-b293-85e872ea2bf1,55.22713,-118.05256,11.61635,5.49753,1.30729,-13.98098,2.66957,-5.86502,5.96847,,,,,,,,,,,,,,,,,,,,,,,,,,,,,,,,,,,,,,,,,,,,,,,,,,,High,High,High,,,,,
92,2025-04-15,15:54:49.09,7,2,"Costello, Corey",825281,Left,JMU_DUK,"Butler, Jake",1000176047,Right,GEO_PAT,Undefined,2,Bottom,2,1,0,Fastball,Sinker,BallCalled,Undefined,Undefined,Undefined,0,0,,90.91304,0.73922,3.406677,2331.713572,116.308793,10:00,5.33158,-2.80825,5.25561,-23.80234,11.94001,-21.1821,4.04393,-1.36858,80.4471,-3.73522,-0.342451,0.430292,,,,,,,,,,,,11.57249,6.09099,2.51093,50,5.38265,-6.75239,-131.25941,0.84027,19.60992,35.21386,-21.85269,GEO_PAT,JMU_DUK,SpuhlerFieldMain,D1,A10,20250415-SpuhlerFieldMain-1,7d4e40a0-1a33-11f0-b278-3921cf0bcfe8,87.59744,,,10.46594,,,,,,,13017037-8ec2-4735-9dcb-0898b1439113,2025-04-15,19:54:49.09,2025-04-15T15:54:49.0947584-04:00,2025-04-15T19:54:49.0947584Z,,v3,471300,471327,15 April 2025 15:00-jamesmad@georgemas,"Williams, Jp",1000135328,Right,JMU_DUK,c25ce4d4-e669-4fd4-9af5-f8e592c554f8,55.23896,-132.65746,17.60693,5.33207,1.70785,-10.92635,2.79447,-7.53093,9.80496,,,,,,,,,,,,,,,,,,,,,,,,,,,,,,,,,,,,,,,,,,,,,,,,,,,High,High,High,,,,,
93,2025-04-15,15:57:03.39,1,1,"Drumm, Jake",1000077041,Right,GEO_PAT,"Fleck, Maddux",1000332432,Left,JMU_DUK,Undefined,3,Top,0,0,0,Fastball,Sinker,BallCalled,Undefined,Undefined,Undefined,0,0,,88.37229,-2.299907,-2.338732,2079.931062,240.938765,2:00,5.8803,1.64756,5.21142,-21.62552,15.71942,25.79462,1.91234,1.5965,79.65242,-6.342401,2.232626,0.439832,,,,,,,,,,,,-13.5793,8.97772,-1.45134,50,5.6517,4.02905,-127.8899,-5.88046,-22.13056,30.30764,-17.54278,GEO_PAT,JMU_DUK,SpuhlerFieldMain,D1,A10,20250415-SpuhlerFieldMain-1,cd713c90-1a33-11f0-b278-3921cf0bcfe8,85.69726,,,8.71987,,,,,,,13017037-8ec2-4735-9dcb-0898b1439113,2025-04-15,19:57:03.39,2025-04-15T15:57:03.3920512-04:00,2025-04-15T19:57:03.3920512Z,,v3,471300,471327,15 April 2025 15:00-jamesmad@georgemas,"Barenz, Nick",1000218914,Right,GEO_PAT,17c7aa45-a1c5-41d7-9d13-cf0001952553,55.28961,-129.13736,15.15382,5.87888,-5.1584,-8.77139,-1.63592,4.93994,-11.06528,,,,,,,,,,,,,,,,,,,,,,,,,,,,,,,,,,,,,,,,,,,,,,,,,,,High,High,High,,,,,
94,2025-04-15,15:57:16.64,1,2,"Drumm, Jake",1000077041,Right,GEO_PAT,"Fleck, Maddux",1000332432,Left,JMU_DUK,Undefined,3,Top,0,1,0,ChangeUp,Changeup,BallCalled,Undefined,Undefined,Undefined,0,0,,80.99546,-1.198619,-1.21346,1439.431492,238.212754,2:00,5.71393,1.71818,5.69896,-32.29458,10.38481,14.68139,1.90531,1.81063,74.70104,-7.155648,1.4147,0.470198,,,,,,,,,,,,-7.81071,5.99158,-1.62568,50,5.59306,1.92427,-117.68154,-3.49161,-11.00519,21.34286,-23.73199,GEO_PAT,JMU_DUK,SpuhlerFieldMain,D1,A10,20250415-SpuhlerFieldMain-1,d568e100-1a33-11f0-b278-3921cf0bcfe8,80.16293,,,6.29441,,,,,,,13017037-8ec2-4735-9dcb-0898b1439113,2025-04-15,19:57:16.64,2025-04-15T15:57:16.6425600-04:00,2025-04-15T19:57:16.6425600Z,,v3,471300,471327,15 April 2025 15:00-jamesmad@georgemas,"Barenz, Nick",1000218914,Right,GEO_PAT,caf0007b-d378-4823-9c5a-643457e35f6d,54.80415,-118.54963,10.67143,5.71545,-2.52635,-11.86599,-1.71305,2.37188,-5.5026,,,,,,,,,,,,,,,,,,,,,,,,,,,,,,,,,,,,,,,,,,,,,,,,,,,High,High,High,,,,,
95,2025-04-15,15:57:30.74,1,3,"Drumm, Jake",1000077041,Right,GEO_PAT,"Fleck, Maddux",1000332432,Left,JMU_DUK,Undefined,3,Top,0,2,0,Fastball,Changeup,StrikeSwinging,Undefined,Undefined,Undefined,0,0,,87.473,-1.516888,-2.809594,1974.385467,215.095221,1:15,5.89597,1.61247,5.55845,-16.70245,20.41403,13.4856,3.08474,0.109,79.68938,-4.694058,-0.4079,0.438485,,,,,,,,,,,,-7.60091,11.10481,-1.37859,50,5.75397,5.63756,-126.81419,-3.85226,-12.35612,26.35632,-14.12197,GEO_PAT,JMU_DUK,SpuhlerFieldMain,D1,A10,20250415-SpuhlerFieldMain-1,ddc62510-1a33-11f0-b278-3921cf0bcfe8,85.96058,,,7.78362,,,,,,,13017037-8ec2-4735-9dcb-0898b1439113,2025-04-15,19:57:30.74,2025-04-15T15:57:30.7436032-04:00,2025-04-15T19:57:30.7436032Z,,v3,471300,471327,15 April 2025 15:00-jamesmad@georgemas,"Barenz, Nick",1000218914,Right,GEO_PAT,4abbcfef-1a6c-43ac-b8b1-0b4af78288b6,54.94277,-127.83734,13.17816,5.89287,-3.30405,-7.06099,-1.60675,6.11722,-6.17806,,,,,,,,,,,,,,,,,,,,,,,,,,,,,,,,,,,,,,,,,,,,,,,,,,,High,High,High,,,,,
96,2025-04-15,15:57:46.22,1,4,"Drumm, Jake",1000077041,Right,GEO_PAT,"Fleck, Maddux",1000332432,Left,JMU_DUK,Undefined,3,Top,0,2,1,Fastball,Changeup,StrikeCalled,Undefined,Undefined,Undefined,0,0,,87.3212,-2.080646,-1.821528,1914.025694,216.396935,1:15,5.89089,1.44413,5.49163,-19.54678,17.68666,12.15564,2.31365,0.75244,79.87726,-5.745666,0.343519,0.439175,,,,,,,,,,,,-6.64217,9.86052,-1.29305,50,5.69553,3.50199,-126.66276,-5.2283,-10.79509,25.77114,-16.14841,GEO_PAT,JMU_DUK,SpuhlerFieldMain,D1,A10,20250415-SpuhlerFieldMain-1,e7042c30-1a33-11f0-b278-3921cf0bcfe8,85.82548,,,7.44394,,,,,,,13017037-8ec2-4735-9dcb-0898b1439113,2025-04-15,19:57:46.22,2025-04-15T15:57:46.2293504-04:00,2025-04-15T19:57:46.2293504Z,,v3,471300,471327,15 April 2025 15:00-jamesmad@georgemas,"Barenz, Nick",1000218914,Right,GEO_PAT,f2f00526-4bf5-4664-be10-c9e50e392bbb,55.01012,-127.67806,12.88557,5.88898,-4.5921,-8.07421,-1.4394,3.92729,-5.39754,,,,,,,,,,,,,,,,,,,,,,,,,,,,,,,,,,,,,,,,,,,,,,,,,,,High,High,High,,,,,
97,2025-04-15,15:58:00.45,1,5,"Drumm, Jake",1000077041,Right,GEO_PAT,"Fleck, Maddux",1000332432,Left,JMU_DUK,Undefined,3,Top,0,2,2,Fastball,Sinker,FoulBallNotFieldable,Undefined,Undefined,Undefined,0,0,,88.45403,-1.534595,-3.630474,1994.925705,228.372748,1:30,5.86207,1.7204,5.41826,-17.53265,20.00359,20.75422,2.96017,0.0443,78.42763,-4.913976,0.053339,0.440958,70.69268,25.432074,-161.617909,1375.08594,,,,,49.33907,,,-11.77768,11.04292,-1.41255,50,5.71408,7.16758,-127.75547,-3.94686,-18.88253,33.65733,-14.46955,GEO_PAT,JMU_DUK,SpuhlerFieldMain,D1,A10,20250415-SpuhlerFieldMain-1,ef7bd610-1a33-11f0-b278-3921cf0bcfe8,85.47861,21.20116,,10.0264,,,,2.03404,3.00703,-0.03622,13017037-8ec2-4735-9dcb-0898b1439113,2025-04-15,19:58:00.45,2025-04-15T15:58:00.4509696-04:00,2025-04-15T19:58:00.4509696Z,,v3,471300,471327,15 April 2025 15:00-jamesmad@georgemas,"Barenz, Nick",1000218914,Right,GEO_PAT,2f463c1a-25d2-4299-9524-89af32b1d846,55.08082,-129.08708,16.82867,5.85891,-3.37439,-7.23477,-1.71091,7.91464,-9.44126,5.149133,2.03404,-88.85732,8.877,-0.5338,0.10208,0.00524,-0.00586,0.00227,-0.0009,3.00703,44.52546,-24.11909,2.65153,-0.49945,0.11156,-0.01765,0.00414,-0.00105,-0.03622,-29.52805,3.27269,0.49408,-0.11052,0.04455,-0.00988,0.00168,-0.00034,,,,,,,,,,,,,,,,,,,,,,,High,High,High,High,Undefined,,,
98,2025-04-15,15:58:16.90,1,6,"Drumm, Jake",1000077041,Right,GEO_PAT,"Fleck, Maddux",1000332432,Left,JMU_DUK,Undefined,3,Top,0,2,2,ChangeUp,Changeup,InPlay,Undefined,GroundBall,Out,1,0,,82.28553,-1.355341,-2.520087,1420.307013,248.259468,2:15,5.61659,1.5822,5.90626,-34.75876,8.04229,15.55977,1.46043,0.53797,72.94632,-7.872898,0.274983,0.470867,61.9074,3.875489,13.106177,5005.035018,,,,53.5001,51.66934,12.113516,0.588752,-8.99717,5.13339,-1.3887,50,5.48811,4.62347,-119.00478,-3.89714,-12.40516,31.02744,-25.09624,GEO_PAT,JMU_DUK,SpuhlerFieldMain,D1,A10,20250415-SpuhlerFieldMain-1,f94a5d60-1a33-11f0-b278-3921cf0bcfe8,80.04896,2.34185,,9.33921,,,,3.21461,1.74752,-0.55097,13017037-8ec2-4735-9dcb-0898b1439113,2025-04-15,19:58:16.90,2025-04-15T15:58:16.9007616-04:00,2025-04-15T19:58:16.9007616Z,GroundBall,v3,471300,471327,15 April 2025 15:00-jamesmad@georgemas,"Barenz, Nick",1000218914,Right,GEO_PAT,5e195ff4-adb4-46fc-95c2-08a582c4e823,54.59241,-120.19617,15.51372,5.61925,-2.9335,-12.54812,-1.57538,5.09981,-6.20258,238.426502,3.22426,88.00884,-7.90403,,,,,,,1.75545,5.95742,-15.2052,,,,,,,-0.55045,20.5297,-0.89428,,,,,,,,,,,,,,,,,,,,,,,,,,,,,High,High,High,High,High,,,
99,2025-04-15,15:58:44.84,2,1,"Drumm, Jake",1000077041,Right,GEO_PAT,"Langley, Kyle",10281913,Left,JMU_DUK,Undefined,3,Top,1,0,0,Fastball,Four-Seam,FoulBallNotFieldable,Undefined,Undefined,Undefined,0,0,,88.66984,-1.711162,-2.615514,2070.609583,209.868629,1:00,5.8458,1.59446,5.46837,-17.83765,19.41056,10.26319,2.75566,8E-05,78.69897,-5.140637,-0.790399,0.439263,,,,,,,,,,,,-6.15768,10.84221,-1.37156,50,5.68371,5.39571,-128.15918,-4.36531,-9.92777,34.0382,-14.69361,GEO_PAT,JMU_DUK,SpuhlerFieldMain,D1,A10,20250415-SpuhlerFieldMain-1,09f07320-1a34-11f0-b278-3921cf0bcfe8,85.80845,,,9.97088,,,,,,,13017037-8ec2-4735-9dcb-0898b1439113,2025-04-15,19:58:44.84,2025-04-15T15:58:44.8495616-04:00,2025-04-15T19:58:44.8495616Z,,v3,471300,471327,15 April 2025 15:00-jamesmad@georgemas,"Barenz, Nick",1000218914,Right,GEO_PAT,03fb3eda-83f5-4276-bf9e-5e63653d1364,55.03003,-129.48823,17.0191,5.84296,-3.79158,-7.3468,-1.5898,5.78335,-4.96388,,,,,,,,,,,,,,,,,,,,,,,,,,,,,,,,,,,,,,,,,,,,,,,,,,,High,High,High,,,,,
100,2025-04-15,15:59:07.28,2,2,"Drumm, Jake",1000077041,Right,GEO_PAT,"Langley, Kyle",10281913,Left,JMU_DUK,Undefined,3,Top,1,0,1,Fastball,Sinker,StrikeCalled,Undefined,Undefined,Undefined,0,0,,89.28066,-2.355579,-3.139058,2102.095909,229.285298,1:45,5.83323,1.55719,5.4498,-18.54891,18.18918,19.3841,2.07751,0.23063,79.42431,-5.898862,0.306933,0.436244,,,,,,,,,,,,-10.85154,10.40501,-1.29348,50,5.61272,6.18353,-128.96752,-5.88502,-17.76778,33.77598,-15.13737,GEO_PAT,JMU_DUK,SpuhlerFieldMain,D1,A10,20250415-SpuhlerFieldMain-1,175abed0-1a34-11f0-b278-3921cf0bcfe8,86.40219,,,9.85635,,,,,,,13017037-8ec2-4735-9dcb-0898b1439113,2025-04-15,19:59:07.28,2025-04-15T15:59:07.2805376-04:00,2025-04-15T19:59:07.2805376Z,,v3,471300,471327,15 April 2025 15:00-jamesmad@georgemas,"Barenz, Nick",1000218914,Right,GEO_PAT,4ad25e11-bca1-46d2-9f90-d508ffd70f4e,55.04854,-130.283,16.88799,5.83044,-5.29546,-7.56868,-1.54778,6.87553,-8.88389,,,,,,,,,,,,,,,,,,,,,,,,,,,,,,,,,,,,,,,,,,,,,,,,,,,High,High,High,,,,,
101,2025-04-15,15:59:21.74,2,3,"Drumm, Jake",1000077041,Right,GEO_PAT,"Langley, Kyle",10281913,Left,JMU_DUK,Undefined,3,Top,1,0,2,ChangeUp,Changeup,BallCalled,Undefined,Undefined,Undefined,0,0,,82.25223,-1.479941,-1.918898,1440.10634,236.645708,2:00,5.64147,1.74329,5.739,-29.19506,13.12453,17.5217,1.82934,1.41587,74.09002,-6.945953,1.218393,0.468212,,,,,,,,,,,,-9.53812,7.62894,-1.59431,50,5.50059,3.28355,-119.16192,-3.98238,-13.45051,27.00702,-21.41582,GEO_PAT,JMU_DUK,SpuhlerFieldMain,D1,A10,20250415-SpuhlerFieldMain-1,1ff24cc0-1a34-11f0-b278-3921cf0bcfe8,80.50299,,,8.16221,,,,,,,13017037-8ec2-4735-9dcb-0898b1439113,2025-04-15,19:59:21.74,2025-04-15T15:59:21.7495040-04:00,2025-04-15T19:59:21.7495040Z,,v3,471300,471327,15 April 2025 15:00-jamesmad@georgemas,"Barenz, Nick",1000218914,Right,GEO_PAT,8952a077-23ce-44d4-90ea-f5f2820dea6b,54.76059,-120.23602,13.50351,5.64204,-3.13064,-10.70791,-1.73554,3.8185,-6.72525,,,,,,,,,,,,,,,,,,,,,,,,,,,,,,,,,,,,,,,,,,,,,,,,,,,High,High,High,,,,,
102,2025-04-15,15:59:34.58,2,4,"Drumm, Jake",1000077041,Right,GEO_PAT,"Langley, Kyle",10281913,Left,JMU_DUK,Undefined,3,Top,1,1,2,Fastball,Sinker,BallCalled,Undefined,Undefined,Undefined,0,0,,89.06862,-1.343228,-1.352521,2037.401816,227.083086,1:30,5.79244,1.66171,5.41154,-20.23257,15.8828,15.75839,2.84731,1.70746,80.8621,-5.139072,1.450752,0.432531,,,,,,,,,,,,-8.29961,8.74119,-1.55262,50,5.65912,2.3348,-129.15731,-3.70323,-13.91957,28.69266,-17.51388,GEO_PAT,JMU_DUK,SpuhlerFieldMain,D1,A10,20250415-SpuhlerFieldMain-1,2776bd00-1a34-11f0-b278-3921cf0bcfe8,87.14383,,,8.20652,,,,,,,13017037-8ec2-4735-9dcb-0898b1439113,2025-04-15,19:59:34.58,2025-04-15T15:59:34.5821696-04:00,2025-04-15T19:59:34.5821696Z,,v3,471300,471327,15 April 2025 15:00-jamesmad@georgemas,"Barenz, Nick",1000218914,Right,GEO_PAT,ba0ce8ab-27db-44c2-a5bc-da43a5ebade6,55.08902,-130.28295,14.34633,5.79092,-3.01614,-8.75694,-1.65493,2.88088,-6.95978,,,,,,,,,,,,,,,,,,,,,,,,,,,,,,,,,,,,,,,,,,,,,,,,,,,High,High,High,,,,,
103,2025-04-15,15:59:47.97,2,5,"Drumm, Jake",1000077041,Right,GEO_PAT,"Langley, Kyle",10281913,Left,JMU_DUK,Undefined,3,Top,1,2,2,ChangeUp,Changeup,BallCalled,Undefined,Undefined,Undefined,0,0,,82.51669,-1.131911,-1.674741,1466.399765,231.265482,1:45,5.67445,1.74407,5.95961,-28.20714,13.17016,14.60217,2.27359,1.40739,74.80704,-6.426449,0.950306,0.46297,,,,,,,,,,,,-7.98788,7.54056,-1.61903,50,5.5689,2.92384,-119.70145,-3.20931,-11.45294,25.64969,-21.36251,GEO_PAT,JMU_DUK,SpuhlerFieldMain,D1,A10,20250415-SpuhlerFieldMain-1,2f932780-1a34-11f0-b278-3921cf0bcfe8,81.41447,,,7.70964,,,,,,,13017037-8ec2-4735-9dcb-0898b1439113,2025-04-15,19:59:47.97,2025-04-15T15:59:47.9749120-04:00,2025-04-15T19:59:47.9749120Z,,v3,471300,471327,15 April 2025 15:00-jamesmad@georgemas,"Barenz, Nick",1000218914,Right,GEO_PAT,6e32dce6-5eeb-437b-b08a-f486fa480be8,54.54038,-120.67044,12.82485,5.6749,-2.40228,-10.68125,-1.73766,3.35651,-5.72647,,,,,,,,,,,,,,,,,,,,,,,,,,,,,,,,,,,,,,,,,,,,,,,,,,,High,High,High,,,,,
104,2025-04-15,16:00:02.47,2,6,"Drumm, Jake",1000077041,Right,GEO_PAT,"Langley, Kyle",10281913,Left,JMU_DUK,Undefined,3,Top,1,3,2,Fastball,Sinker,StrikeSwinging,Strikeout,Undefined,Undefined,0,0,,88.66293,-1.558815,-2.321586,2053.866104,234.392487,1:45,5.77826,1.59618,5.42284,-21.15269,15.83961,20.11737,2.5538,1.09675,79.37173,-5.553085,1.256481,0.437751,,,,,,,,,,,,-10.85516,8.88894,-1.40429,50,5.6256,4.28132,-128.29802,-4.18625,-17.69797,31.94956,-17.68175,GEO_PAT,JMU_DUK,SpuhlerFieldMain,D1,A10,20250415-SpuhlerFieldMain-1,3834eea0-1a34-11f0-b278-3921cf0bcfe8,86.10476,,,9.2912,,,,,,,13017037-8ec2-4735-9dcb-0898b1439113,2025-04-15,20:00:02.47,2025-04-15T16:00:02.4780000-04:00,2025-04-15T20:00:02.4780000Z,,v3,471300,471327,15 April 2025 15:00-jamesmad@georgemas,"Barenz, Nick",1000218914,Right,GEO_PAT,2a22db64-9112-476c-883e-4b70a6a733ea,55.0761,-129.55594,15.97478,5.77671,-3.49009,-8.84088,-1.58657,4.97812,-8.84899,,,,,,,,,,,,,,,,,,,,,,,,,,,,,71.94647,2.293379,1.370112,0.923267,0.01803,2.41626,-1.12857,1.1576,5.38725,-1.9108,78.57454,7.90268,-46.20941,1.20896,88.2421,-4.78572,5.42213,14.846,-13.14758,-2.00316,-53.92966,6.49802,High,High,High,,,High,High,High
105,2025-04-15,16:00:28.99,3,1,"Drumm, Jake",1000077041,Right,GEO_PAT,"Peifer, Wyatt",1000115813,Left,JMU_DUK,Undefined,3,Top,2,0,0,ChangeUp,Changeup,FoulBallNotFieldable,Undefined,Undefined,Undefined,0,0,,82.67161,-1.639491,-2.573234,1527.904434,230.37433,1:45,5.7332,1.57084,5.88219,-27.00029,13.5941,14.97745,1.95861,0.42757,76.39167,-6.655913,0.113592,0.458569,,,,,,,,,,,,-8.42831,7.74784,-1.37202,50,5.58485,4.83708,-120.09976,-4.26778,-12.41269,21.44571,-20.76349,GEO_PAT,JMU_DUK,SpuhlerFieldMain,D1,A10,20250415-SpuhlerFieldMain-1,4805da10-1a34-11f0-b278-3921cf0bcfe8,82.19585,,,6.27994,,,,,,,13017037-8ec2-4735-9dcb-0898b1439113,2025-04-15,20:00:28.99,2025-04-15T16:00:28.9987584-04:00,2025-04-15T20:00:28.9987584Z,,v3,471300,471327,15 April 2025 15:00-jamesmad@georgemas,"Barenz, Nick",1000218914,Right,GEO_PAT,99e1a746-38ac-434d-8c1c-2fe226115eb3,54.62269,-120.9224,10.72285,5.73328,-3.47131,-10.38175,-1.5667,5.31322,-6.20635,,,,,,,,,,,,,,,,,,,,,,,,,,,,,,,,,,,,,,,,,,,,,,,,,,,High,High,High,,,,,
106,2025-04-15,16:00:54.02,3,2,"Drumm, Jake",1000077041,Right,GEO_PAT,"Peifer, Wyatt",1000115813,Left,JMU_DUK,Undefined,3,Top,2,0,1,Fastball,Sinker,FoulBallNotFieldable,Undefined,Undefined,Undefined,0,0,,89.82836,-0.483907,-2.536282,2012.129394,233.037712,1:45,5.76749,1.75457,5.34521,-23.03474,13.0039,15.47702,3.39353,0.66352,80.53316,-4.801719,0.211065,0.432071,,,,,,,,,,,,-8.5763,7.05953,-1.53727,50,5.70787,5.03946,-130.01709,-1.90537,-14.40233,32.07683,-20.31882,GEO_PAT,JMU_DUK,SpuhlerFieldMain,D1,A10,20250415-SpuhlerFieldMain-1,56f1bcb0-1a34-11f0-b278-3921cf0bcfe8,87.23661,,,9.29521,,,,,,,13017037-8ec2-4735-9dcb-0898b1439113,2025-04-15,20:00:54.02,2025-04-15T16:00:54.0219904-04:00,2025-04-15T20:00:54.0219904Z,,v3,471300,471327,15 April 2025 15:00-jamesmad@georgemas,"Barenz, Nick",1000218914,Right,GEO_PAT,8cf009c2-8041-4e20-8deb-4e07d1279ce1,55.15382,-131.28245,16.03842,5.76723,-1.10385,-10.15941,-1.74727,5.6076,-7.20116,,,,,,,,,,,,,,,,,,,,,,,,,,,,,,,,,,,,,,,,,,,,,,,,,,,High,High,High,,,,,
107,2025-04-15,16:01:11.39,3,3,"Drumm, Jake",1000077041,Right,GEO_PAT,"Peifer, Wyatt",1000115813,Left,JMU_DUK,Undefined,3,Top,2,0,2,ChangeUp,Changeup,BallCalled,Undefined,Undefined,Undefined,0,0,,81.16692,-1.311598,-1.25513,1428.651635,244.509808,2:15,5.6375,1.74112,5.96009,-31.16474,11.23548,20.68261,1.82363,2.30054,74.3286,-7.110418,2.465214,0.468657,,,,,,,,,,,,-10.97453,6.565,-1.65291,50,5.51593,1.79388,-117.89135,-3.64184,-15.38777,23.18821,-22.969,GEO_PAT,JMU_DUK,SpuhlerFieldMain,D1,A10,20250415-SpuhlerFieldMain-1,6155f450-1a34-11f0-b278-3921cf0bcfe8,80.42642,,,6.83832,,,,,,,13017037-8ec2-4735-9dcb-0898b1439113,2025-04-15,20:01:11.39,2025-04-15T16:01:11.3937408-04:00,2025-04-15T20:01:11.3937408Z,,v3,471300,471327,15 April 2025 15:00-jamesmad@georgemas,"Barenz, Nick",1000218914,Right,GEO_PAT,58c5817c-095f-482e-96e0-d54b40f8ae13,54.54251,-118.78146,11.59411,5.63881,-2.76015,-11.4845,-1.73311,2.38456,-7.69388,,,,,,,,,,,,,,,,,,,,,,,,,,,,,,,,,,,,,,,,,,,,,,,,,,,High,High,High,,,,,
108,2025-04-15,16:01:25.70,3,4,"Drumm, Jake",1000077041,Right,GEO_PAT,"Peifer, Wyatt",1000115813,Left,JMU_DUK,Undefined,3,Top,2,1,2,Fastball,Sinker,InPlay,Undefined,GroundBall,Out,1,0,,89.48649,-1.582345,-2.500433,2037.764546,244.167328,2:15,5.73765,1.81557,5.56748,-26.33627,8.97004,16.24072,2.06295,0.83157,82.05293,-6.444794,0.396747,0.427659,95.29525,-12.362558,4.831144,,,,,10.90846,10.29084,-0.142939,0.067433,-8.95941,5.29701,-1.61094,50,5.58368,4.96841,-129.85764,-4.52971,-15.31775,26.87511,-23.11781,GEO_PAT,JMU_DUK,SpuhlerFieldMain,D1,A10,20250415-SpuhlerFieldMain-1,69cd7720-1a34-11f0-b278-3921cf0bcfe8,88.13671,2.02071,,7.43357,,,,1.72175,2.02071,-0.80367,13017037-8ec2-4735-9dcb-0898b1439113,2025-04-15,20:01:25.70,2025-04-15T16:01:25.7015296-04:00,2025-04-15T20:01:25.7015296Z,GroundBall,v3,471300,471327,15 April 2025 15:00-jamesmad@georgemas,"Barenz, Nick",1000218914,Right,GEO_PAT,52a74d32-a4e3-4b86-9e40-78960e8e8d73,54.93628,-130.87526,13.43755,5.73862,-3.65436,-11.5589,-1.81005,5.54841,-7.65888,180,1.71965,136.23324,,,,,,,,2.02117,-29.96597,,,,,,,,-0.80385,11.5144,,,,,,,,,,,,,,,,,,,,,,,,,,,,,,High,High,High,Medium,High,,,
109,2025-04-15,16:04:04.93,1,1,"Costello, Corey",825281,Left,JMU_DUK,"Butler, Jake",1000176047,Right,GEO_PAT,Undefined,3,Bottom,0,0,0,Fastball,Sinker,BallCalled,Undefined,Undefined,Undefined,0,0,,90.91242,0.740451,4.791175,2206.55735,105.961641,9:30,5.3741,-2.67992,5.06059,-29.64797,5.53469,-15.28324,3.60421,0.57534,82.58946,-4.680966,2.103728,0.426909,,,,,,,,,,,,8.87591,2.9002,2.23571,50,5.4215,-10.27215,-131.42882,0.51508,15.49407,28.37371,-27.11134,GEO_PAT,JMU_DUK,SpuhlerFieldMain,D1,A10,20250415-SpuhlerFieldMain-1,c89c3f70-1a34-11f0-b278-3921cf0bcfe8,88.29142,,,8.32297,,,,,,,13017037-8ec2-4735-9dcb-0898b1439113,2025-04-15,20:04:04.93,2025-04-15T16:04:04.9345536-04:00,2025-04-15T20:04:04.9345536Z,,v3,471300,471327,15 April 2025 15:00-jamesmad@georgemas,"Williams, Jp",1000135328,Right,JMU_DUK,11eb6569-d622-4c1b-b561-15f5c77e9e5d,55.44031,-132.5981,14.18686,5.37725,1.63234,-13.55567,2.67218,-10.91066,7.74704,,,,,,,,,,,,,,,,,,,,,,,,,,,,,,,,,,,,,,,,,,,,,,,,,,,High,High,High,,,,,
110,2025-04-15,16:04:21.83,1,2,"Costello, Corey",825281,Left,JMU_DUK,"Butler, Jake",1000176047,Right,GEO_PAT,Undefined,3,Bottom,0,1,0,Fastball,Sinker,BallCalled,Undefined,Undefined,Undefined,0,0,,91.55196,0.95378,3.569924,2242.482374,134.276644,10:30,5.38711,-2.63479,5.15933,-17.59804,17.22363,-16.38107,4.82026,-0.63506,82.21549,-2.378358,0.677945,0.424714,,,,,,,,,,,,9.1226,8.57587,2.31353,50,5.46342,-7.43979,-132.36946,1.62357,15.99183,31.41592,-17.14062,GEO_PAT,JMU_DUK,SpuhlerFieldMain,D1,A10,20250415-SpuhlerFieldMain-1,d2afbf00-1a34-11f0-b278-3921cf0bcfe8,88.74789,,,9.33647,,,,,,,13017037-8ec2-4735-9dcb-0898b1439113,2025-04-15,20:04:21.83,2025-04-15T16:04:21.8309120-04:00,2025-04-15T20:04:21.8309120Z,,v3,471300,471327,15 April 2025 15:00-jamesmad@georgemas,"Williams, Jp",1000135328,Right,JMU_DUK,e8255ffb-c851-4892-b189-a188c65b7548,55.33764,-133.63027,15.70796,5.38446,2.31146,-8.57031,2.62499,-8.08159,7.99592,,,,,,,,,,,,,,,,,,,,,,,,,,,,,,,,,,,,,,,,,,,,,,,,,,,High,High,High,,,,,
111,2025-04-15,16:04:46.13,1,3,"Costello, Corey",825281,Left,JMU_DUK,"Butler, Jake",1000176047,Right,GEO_PAT,Undefined,3,Bottom,0,2,0,Fastball,Sinker,BallCalled,Undefined,Undefined,Undefined,0,0,,90.4324,0.950614,3.011661,2205.841417,120.265149,10:00,5.43114,-2.61906,5.03682,-25.41053,10.90851,-16.19292,4.21178,-1.12446,80.23393,-3.787988,0.156387,0.433749,,,,,,,,,,,,8.92071,5.47689,2.34418,50,5.5026,-6.05002,-130.57234,1.21143,15.00123,34.13874,-22.964,GEO_PAT,JMU_DUK,SpuhlerFieldMain,D1,A10,20250415-SpuhlerFieldMain-1,e12dc4a0-1a34-11f0-b278-3921cf0bcfe8,86.89918,,,10.19848,,,,,,,13017037-8ec2-4735-9dcb-0898b1439113,2025-04-15,20:04:46.13,2025-04-15T16:04:46.1329408-04:00,2025-04-15T20:04:46.1329408Z,,v3,471300,471327,15 April 2025 15:00-jamesmad@georgemas,"Williams, Jp",1000135328,Right,JMU_DUK,c0e2e9db-f5e1-443c-a420-7158ec021bd3,55.45742,-131.9915,17.06937,5.4324,2.16605,-11.482,2.60864,-6.67362,7.50061,,,,,,,,,,,,,,,,,,,,,,,,,,,,,,,,,,,,,,,,,,,,,,,,,,,High,High,High,,,,,
112,2025-04-15,16:05:09.57,1,4,"Costello, Corey",825281,Left,JMU_DUK,"Butler, Jake",1000176047,Right,GEO_PAT,Undefined,3,Bottom,0,3,0,Fastball,Sinker,BallCalled,Walk,Undefined,Undefined,0,0,,89.85609,-0.409869,4.890632,2311.564787,127.083522,10:15,5.47367,-2.52696,5.1605,-18.39556,19.18489,-23.00033,3.55348,0.17114,77.89294,-3.976702,0.837745,0.441217,,,,,,,,,,,,13.17808,10.08733,2.08672,50,5.42232,-9.87718,-129.14765,-1.47704,21.19885,38.77668,-15.94711,GEO_PAT,JMU_DUK,SpuhlerFieldMain,D1,A10,20250415-SpuhlerFieldMain-1,ef261f80-1a34-11f0-b278-3921cf0bcfe8,85.4283,,,11.96315,,,,,,,13017037-8ec2-4735-9dcb-0898b1439113,2025-04-15,20:05:09.57,2025-04-15T16:05:09.5710208-04:00,2025-04-15T20:05:09.5710208Z,,v3,471300,471327,15 April 2025 15:00-jamesmad@georgemas,"Williams, Jp",1000135328,Right,JMU_DUK,0fc3de91-06b8-43a3-bd90-babfdbddf76a,55.32917,-130.73794,19.38834,5.46949,-0.82302,-7.97355,2.50963,-10.74658,10.59943,,,,,,,,,,,,,,,,,,,,,,,,,,,,,,,,,,,,,,,,,,,,,,,,,,,High,High,High,,,,,
113,2025-04-15,16:07:29.48,2,1,"Costello, Corey",825281,Left,JMU_DUK,"Alberti, Lucas",1000145512,Right,GEO_PAT,Undefined,3,Bottom,0,0,0,ChangeUp,Changeup,StrikeCalled,Undefined,Undefined,Undefined,0,0,,80.25161,0.435081,4.148307,1996.113518,94.177933,9:15,5.52437,-2.54774,5.21631,-42.06695,2.84504,-18.19847,2.42899,-0.15666,73.0806,-7.240965,0.930307,0.482339,,,,,,,,,,,,10.26949,1.75425,2.17801,50,5.5332,-7.66483,-116.1514,-0.59962,13.95362,22.85259,-29.79048,GEO_PAT,JMU_DUK,SpuhlerFieldMain,D1,A10,20250415-SpuhlerFieldMain-1,428d7100-1a35-11f0-b278-3921cf0bcfe8,78.14509,,,7.17101,,,,,,,13017037-8ec2-4735-9dcb-0898b1439113,2025-04-15,20:07:29.48,2025-04-15T16:07:29.4812160-04:00,2025-04-15T20:07:29.4812160Z,,v3,471300,471327,15 April 2025 15:00-jamesmad@georgemas,"Williams, Jp",1000135328,Right,JMU_DUK,2a289ca9-23b6-497f-823b-28365d9683a5,55.28602,-117.1868,11.4263,5.52979,0.75012,-14.89524,2.53961,-8.29703,6.97681,,,,,,,,,,,,,,,,,,,,,,,,,,,,,,,,,,,,,,,,,,,,,,,,,,,High,High,High,,,,,
114,2025-04-15,16:07:46.97,2,2,"Costello, Corey",825281,Left,JMU_DUK,"Alberti, Lucas",1000145512,Right,GEO_PAT,Undefined,3,Bottom,0,0,1,ChangeUp,Changeup,BallCalled,Undefined,Undefined,Undefined,0,0,,80.61933,1.681527,1.510646,1903.328515,110.494825,9:45,5.50817,-2.75571,5.11153,-35.99982,8.86461,-19.47237,4.09346,-2.9548,72.7229,-4.952953,-1.932203,0.482084,,,,,,,,,,,,10.01638,4.37087,2.62876,50,5.6393,-2.22666,-116.73364,2.17242,13.64967,24.51859,-26.2177,GEO_PAT,JMU_DUK,SpuhlerFieldMain,D1,A10,20250415-SpuhlerFieldMain-1,4cfe79e0-1a35-11f0-b278-3921cf0bcfe8,78.18647,,,7.89643,,,,,,,13017037-8ec2-4735-9dcb-0898b1439113,2025-04-15,20:07:46.97,2025-04-15T16:07:46.9795840-04:00,2025-04-15T20:07:46.9795840Z,,v3,471300,471327,15 April 2025 15:00-jamesmad@georgemas,"Williams, Jp",1000135328,Right,JMU_DUK,fd3976f1-7e97-4eca-ab4e-94465ccf6ecf,55.38702,-117.85969,12.2593,5.51188,3.37651,-13.10885,2.74542,-2.85354,6.82483,,,,,,,,,,,,,,,,,,,,,,,,,,,,,,,,,,,,,,,,,,,,,,,,,,,High,High,High,,,,,
115,2025-04-15,16:08:11.19,2,3,"Costello, Corey",825281,Left,JMU_DUK,"Alberti, Lucas",1000145512,Right,GEO_PAT,Undefined,3,Bottom,0,1,1,ChangeUp,Changeup,StrikeSwinging,Undefined,Undefined,Undefined,0,0,,80.67059,0.064241,3.940112,2079.034356,93.441136,9:00,5.5391,-2.59757,5.14577,-41.75026,2.67807,-20.16222,2.12055,-0.56203,73.69185,-7.534308,0.376578,0.479735,,,,,,,,,,,,11.18386,1.73579,2.24448,50,5.51291,-7.20585,-116.82832,-1.36008,15.40884,22.65177,-29.78251,GEO_PAT,JMU_DUK,SpuhlerFieldMain,D1,A10,20250415-SpuhlerFieldMain-1,5b6af350-1a35-11f0-b278-3921cf0bcfe8,78.56932,,,6.97875,,,,,,,13017037-8ec2-4735-9dcb-0898b1439113,2025-04-15,20:08:11.19,2025-04-15T16:08:11.1974912-04:00,2025-04-15T20:08:11.1974912Z,,v3,471300,471327,15 April 2025 15:00-jamesmad@georgemas,"Williams, Jp",1000135328,Right,JMU_DUK,e92c849f-df98-4f2f-aeaf-21e06e554b83,55.35784,-117.86257,11.32589,5.54397,-0.00025,-14.89126,2.58956,-7.9094,7.70442,,,,,,,,,,,,,,,,,,,,,,,,,,,,,,,,,,,,,,,,,,,,,,,,,,,High,High,High,,,,,
116,2025-04-15,16:08:31.54,2,4,"Costello, Corey",825281,Left,JMU_DUK,"Alberti, Lucas",1000145512,Right,GEO_PAT,Undefined,3,Bottom,0,1,2,Cutter,Changeup,InPlay,Undefined,LineDrive,Single,0,1,,81.57649,0.283808,3.894314,2051.819452,92.498696,9:00,5.52974,-2.55041,5.2822,-41.12069,2.48075,-21.20387,2.37019,-0.65429,73.83159,-7.245057,0.137353,0.47525,79.65198,21.119059,-17.28951,980.187741,104.79739,27.65842,-33.42876,227.87465,227.87465,-19.521047,2.67193,11.9456,1.53,2.21123,50,5.52541,-7.16819,-118.07297,-0.85709,16.64358,25.21778,-30.04232,GEO_PAT,JMU_DUK,SpuhlerFieldMain,D1,A10,20250415-SpuhlerFieldMain-1,67a0b6a0-1a35-11f0-b278-3921cf0bcfe8,79.31082,27.94647,,7.7449,,,,2.49087,2.50783,0.6778,13017037-8ec2-4735-9dcb-0898b1439113,2025-04-15,20:08:31.54,2025-04-15T16:08:31.5448832-04:00,2025-04-15T20:08:31.5448832Z,LineDrive,v3,471300,471327,15 April 2025 15:00-jamesmad@georgemas,"Williams, Jp",1000135328,Right,JMU_DUK,2a92d83d-d0b1-46f4-8295-8919e98ce66d,55.22156,-119.18296,12.60889,5.53404,0.46527,-15.02116,2.54287,-7.90078,8.32179,140.115155,2.49089,104.05122,-13.77709,2.63838,-0.49528,0.06911,-0.00347,-0.00116,0.0002,2.50782,42.09239,-19.09362,1.72199,-0.36856,0.08312,-0.01741,0.00308,-0.00027,0.6778,-32.3877,2.13928,-0.44703,0.09019,-0.01744,0.00287,-0.00037,3E-05,,,,,,,,,,,,,,,,,,,,,,,High,High,High,High,High,,,
117,2025-04-15,16:09:13.01,3,1,"Costello, Corey",825281,Left,JMU_DUK,"Wall, Jonny",1000119703,Right,GEO_PAT,Undefined,3,Bottom,0,0,0,Fastball,Sinker,InPlay,Undefined,Popup,Out,1,0,,90.21316,-0.312242,4.288562,2256.337637,116.517713,10:00,5.34951,-2.63288,5.0162,-25.92049,10.21701,-17.81698,2.89394,-0.06241,81.13119,-5.102147,1.153221,0.432664,86.44671,56.099413,-7.353313,,109.95108,138.77595,-3.27781,179.35642,93.84291,-0.08491,5.887432,10.25764,5.52414,2.23636,50,5.29908,-8.9359,-130.37119,-1.70166,17.3971,31.13429,-22.80501,GEO_PAT,JMU_DUK,SpuhlerFieldMain,D1,A10,20250415-SpuhlerFieldMain-1,8053a680-1a35-11f0-b278-3921cf0bcfe8,87.11718,138.81004,,9.08196,,,,1.97767,4.39627,0.12478,13017037-8ec2-4735-9dcb-0898b1439113,2025-04-15,20:09:13.01,2025-04-15T16:09:13.0148352-04:00,2025-04-15T20:09:13.0148352Z,FlyBall,v3,471300,471327,15 April 2025 15:00-jamesmad@georgemas,"Williams, Jp",1000135328,Right,JMU_DUK,926e8e5a-e4e8-4e34-b84b-8cb431544251,55.48547,-131.67467,15.56715,5.35033,-0.7469,-11.40251,2.62573,-9.66426,8.69855,187.350778,1.9923,69.86227,-22.08308,5.6929,-0.59474,-0.12574,0.05396,-0.00723,0.00035,4.3785,105.51409,-25.71737,3.036,-0.70839,0.1379,-0.01292,-0.00022,8E-05,0.12388,-9.02657,6.21876,-2.1136,0.44572,-0.04889,-0.00073,0.00075,-5E-05,,,,,,,,,,,,,,,,,,,,,,,High,High,High,Medium,Low,,,
118,2025-04-15,16:10:00.28,4,1,"Costello, Corey",825281,Left,JMU_DUK,"Hueber, Toby",1000091691,Right,GEO_PAT,Undefined,3,Bottom,1,0,0,ChangeUp,Changeup,BallCalled,Undefined,Undefined,Undefined,0,0,,83.02055,1.452207,3.431218,2110.944217,103.801597,9:30,5.52156,-2.47606,5.33135,-34.81081,7.66851,-24.46635,3.98603,-1.29148,74.0338,-5.00775,-0.906227,0.469094,,,,,,,,,,,,13.25658,3.84107,2.18328,50,5.62872,-6.10732,-119.9865,1.83492,18.87883,28.22061,-26.70393,GEO_PAT,JMU_DUK,SpuhlerFieldMain,D1,A10,20250415-SpuhlerFieldMain-1,9c72e650-1a35-11f0-b278-3921cf0bcfe8,80.3515,,,8.98675,,,,,,,13017037-8ec2-4735-9dcb-0898b1439113,2025-04-15,20:10:00.28,2025-04-15T16:10:00.2874368-04:00,2025-04-15T20:10:00.2874368Z,,v3,471300,471327,15 April 2025 15:00-jamesmad@georgemas,"Williams, Jp",1000135328,Right,JMU_DUK,14ffe0dd-7fb0-405e-8d29-153ac1c90d91,55.16696,-121.19566,14.11031,5.52559,2.9791,-13.35197,2.46229,-6.91622,9.43942,,,,,,,,,,,,,,,,,,,,,,,,,,,,,,,,,,,,,,,,,,,,,,,,,,,High,High,High,,,,,
119,2025-04-15,16:10:23.31,4,2,"Costello, Corey",825281,Left,JMU_DUK,"Hueber, Toby",1000091691,Right,GEO_PAT,Undefined,3,Bottom,1,1,0,Fastball,Four-Seam,BallCalled,Undefined,Undefined,Undefined,0,0,,90.78086,1.35676,4.923743,2325.146635,128.849358,10:15,5.35694,-2.57327,5.29899,-20.25663,15.33084,-17.34607,4.94769,0.61548,80.91304,-2.469347,1.862285,0.429358,,,,,,,,,,,,10.15449,7.55607,2.13693,50,5.46663,-10.42995,-130.94352,2.43147,17.30096,32.47094,-19.30022,GEO_PAT,JMU_DUK,SpuhlerFieldMain,D1,A10,20250415-SpuhlerFieldMain-1,aa22c680-1a35-11f0-b278-3921cf0bcfe8,87.78786,,,9.86782,,,,,,,13017037-8ec2-4735-9dcb-0898b1439113,2025-04-15,20:10:23.31,2025-04-15T16:10:23.3156608-04:00,2025-04-15T20:10:23.3156608Z,,v3,471300,471327,15 April 2025 15:00-jamesmad@georgemas,"Williams, Jp",1000135328,Right,JMU_DUK,9c460218-17f9-429a-af33-b9de89814645,55.19722,-132.22603,16.23547,5.35554,3.19377,-9.65011,2.56238,-11.11329,8.65048,,,,,,,,,,,,,,,,,,,,,,,,,,,,,,,,,,,,,,,,,,,,,,,,,,,High,High,High,,,,,
120,2025-04-15,16:10:44.86,4,3,"Costello, Corey",825281,Left,JMU_DUK,"Hueber, Toby",1000091691,Right,GEO_PAT,Undefined,3,Bottom,1,2,0,Fastball,Sinker,FoulBallNotFieldable,Undefined,Undefined,Undefined,0,0,,90.3093,0.106276,4.146054,2169.24096,111.027364,9:45,5.33408,-2.65781,5.10907,-27.80214,8.41709,-18.2093,3.11763,-0.26199,80.56097,-5.04276,0.935206,0.433153,84.87476,52.165459,61.315337,4554.855346,29.61552,107.11915,105.93816,223.09943,82.61403,81.944807,5.139252,10.48036,4.53252,2.2814,50,5.32295,-8.58566,-130.42006,-0.81895,17.63857,33.27281,-24.54577,GEO_PAT,JMU_DUK,SpuhlerFieldMain,D1,A10,20250415-SpuhlerFieldMain-1,b71bb2c0-1a35-11f0-b278-3921cf0bcfe8,87.01882,110.47242,,9.74833,,,,1.00569,3.36879,-0.03989,13017037-8ec2-4735-9dcb-0898b1439113,2025-04-15,20:10:44.86,2025-04-15T16:10:44.8639488-04:00,2025-04-15T20:10:44.8639488Z,FlyBall,v3,471300,471327,15 April 2025 15:00-jamesmad@georgemas,"Williams, Jp",1000135328,Right,JMU_DUK,81a35af9-5d84-4c63-8406-26075abe3523,55.39068,-131.78815,16.6364,5.33587,0.19031,-12.27289,2.64933,-9.31092,8.81929,,1.08144,35.07487,-13.02697,-4.27445,7.18631,-3.55005,0.87158,-0.10632,0.00513,3.37968,98.14474,-27.27114,2.5546,-0.2187,0.04174,-0.02583,0.00582,-0.00042,-0.02592,66.74235,-7.57139,0.0411,0.62077,-0.2087,0.02255,0.00067,-0.00019,,,,,,,,,,,,,,,,,,,,,,,High,High,High,High,Low,,,
121,2025-04-15,16:11:13.95,4,4,"Costello, Corey",825281,Left,JMU_DUK,"Hueber, Toby",1000091691,Right,GEO_PAT,Undefined,3,Bottom,1,2,1,Fastball,Sinker,FoulBallNotFieldable,Undefined,Undefined,Undefined,0,0,,91.32279,-0.431109,5.196362,2279.448078,127.555871,10:15,5.44269,-2.65403,5.32601,-22.75245,12.22221,-14.21245,3.14041,1.05137,82.01415,-4.67912,2.68785,0.425646,,,,,,,,,,,,8.80709,6.6239,2.19339,50,5.38758,-11.32607,-131.83308,-1.81298,15.26419,31.99894,-20.69372,GEO_PAT,JMU_DUK,SpuhlerFieldMain,D1,A10,20250415-SpuhlerFieldMain-1,c87253d0-1a35-11f0-b278-3921cf0bcfe8,88.55353,,,9.30864,,,,,,,13017037-8ec2-4735-9dcb-0898b1439113,2025-04-15,20:11:13.95,2025-04-15T16:11:13.9554304-04:00,2025-04-15T20:11:13.9554304Z,,v3,471300,471327,15 April 2025 15:00-jamesmad@georgemas,"Williams, Jp",1000135328,Right,JMU_DUK,eec239c3-0871-458a-96ab-4fc0b0c5a6d8,55.1744,-133.0831,15.99947,5.44261,-1.00459,-10.34686,2.64748,-11.92236,7.63209,,,,,,,,,,,,,,,,,,,,,,,,,,,,,,,,,,,,,,,,,,,,,,,,,,,High,High,High,,,,,
122,2025-04-15,16:11:41.43,4,5,"Costello, Corey",825281,Left,JMU_DUK,"Hueber, Toby",1000091691,Right,GEO_PAT,Undefined,3,Bottom,1,2,2,Fastball,Sinker,StrikeSwinging,Strikeout,Undefined,Undefined,0,0,,90.40167,0.016011,4.148312,2306.461204,124.463388,10:15,5.40217,-2.73286,5.07152,-23.45686,12.77591,-16.5317,3.46257,-0.19239,80.51041,-4.367696,1.236411,0.433234,,,,,,,,,,,,9.50461,6.71945,2.3518,50,5.38593,-8.64274,-130.47201,-0.82255,16.0161,33.19132,-20.8512,GEO_PAT,JMU_DUK,SpuhlerFieldMain,D1,A10,20250415-SpuhlerFieldMain-1,d8b2a2e0-1a35-11f0-b278-3921cf0bcfe8,87.00254,,,9.89126,,,,,,,13017037-8ec2-4735-9dcb-0898b1439113,2025-04-15,20:11:41.43,2025-04-15T16:11:41.4321664-04:00,2025-04-15T20:11:41.4321664Z,,v3,471300,471327,15 April 2025 15:00-jamesmad@georgemas,"Williams, Jp",1000135328,Right,JMU_DUK,9c7925eb-6767-4f67-ac0d-dac6dceaf33f,55.42464,-131.84478,16.59566,5.40211,0.03984,-10.4256,2.72296,-9.30516,8.00805,,,,,,,,,,,,,,,,,,,,,,,,,,,,,,,,,,,,,,,,,,,,,,,,,,,High,High,High,,,,,
123,2025-04-15,16:12:11.93,5,1,"Costello, Corey",825281,Left,JMU_DUK,"Barenz, Nick",1000218914,Right,GEO_PAT,Undefined,3,Bottom,2,0,0,ChangeUp,Changeup,BallCalled,Undefined,Undefined,Undefined,0,0,,82.50115,-1.154171,5.276954,1995.592521,106.389832,9:30,5.59335,-2.61573,5.33352,-33.37825,11.49867,-31.17415,1.72413,-0.24824,71.02569,-7.451636,-0.24025,0.482151,,,,,,,,,,,,17.67843,6.92733,2.15997,50,5.46609,-9.50923,-118.42792,-3.49674,23.58697,35.3153,-22.93147,GEO_PAT,JMU_DUK,SpuhlerFieldMain,D1,A10,20250415-SpuhlerFieldMain-1,eae8f590-1a35-11f0-b278-3921cf0bcfe8,78.17563,,,11.47546,,,,,,,13017037-8ec2-4735-9dcb-0898b1439113,2025-04-15,20:12:11.93,2025-04-15T16:12:11.9363584-04:00,2025-04-15T20:12:11.9363584Z,,v3,471300,471327,15 April 2025 15:00-jamesmad@georgemas,"Williams, Jp",1000135328,Right,JMU_DUK,ccdabc7f-dd90-4e55-8adc-3b009733904b,55.15734,-119.95598,17.65765,5.59592,-2.50451,-11.46574,2.5935,-10.52982,11.79348,,,,,,,,,,,,,,,,,,,,,,,,,,,,,,,,,,,,,,,,,,,,,,,,,,,High,High,High,,,,,
124,2025-04-15,16:12:31.83,5,2,"Costello, Corey",825281,Left,JMU_DUK,"Barenz, Nick",1000218914,Right,GEO_PAT,Undefined,3,Bottom,2,1,0,Fastball,Sinker,BallCalled,Undefined,Undefined,Undefined,0,0,,91.4442,0.141985,3.404544,2260.584687,133.869787,10:30,5.41815,-2.66084,5.37069,-20.87324,14.71942,-13.65977,3.81209,-0.60317,80.04265,-3.842504,0.982647,0.42939,,,,,,,,,,,,8.06355,7.71615,2.36466,50,5.41695,-7.16301,-131.85195,-0.36647,13.62126,38.57499,-19.13963,GEO_PAT,JMU_DUK,SpuhlerFieldMain,D1,A10,20250415-SpuhlerFieldMain-1,f6c80d60-1a35-11f0-b278-3921cf0bcfe8,87.78143,,,11.40155,,,,,,,13017037-8ec2-4735-9dcb-0898b1439113,2025-04-15,20:12:31.83,2025-04-15T16:12:31.8394368-04:00,2025-04-15T20:12:31.8394368Z,,v3,471300,471327,15 April 2025 15:00-jamesmad@georgemas,"Williams, Jp",1000135328,Right,JMU_DUK,d2310634-af6d-4054-9ddd-33ad37932749,55.1208,-133.34168,19.2875,5.41682,0.37269,-9.56981,2.65144,-7.68905,6.81063,,,,,,,,,,,,,,,,,,,,,,,,,,,,,,,,,,,,,,,,,,,,,,,,,,,High,High,High,,,,,
125,2025-04-15,16:12:55.29,5,3,"Costello, Corey",825281,Left,JMU_DUK,"Barenz, Nick",1000218914,Right,GEO_PAT,Undefined,3,Bottom,2,2,0,Fastball,Sinker,BallCalled,Undefined,Undefined,Undefined,0,0,,91.40937,1.235147,3.359377,2302.47109,120.827628,10:00,5.38034,-2.61723,5.39031,-23.22174,11.97697,-17.65229,4.60506,-0.93592,80.81566,-3.144882,0.228124,0.427007,,,,,,,,,,,,9.88898,5.94811,2.32884,50,5.47524,-6.87175,-131.97694,2.03201,16.93305,35.71633,-21.98899,GEO_PAT,JMU_DUK,SpuhlerFieldMain,D1,A10,20250415-SpuhlerFieldMain-1,04bcbec0-1a36-11f0-b278-3921cf0bcfe8,88.27129,,,10.59371,,,,,,,13017037-8ec2-4735-9dcb-0898b1439113,2025-04-15,20:12:55.29,2025-04-15T16:12:55.2903168-04:00,2025-04-15T20:12:55.2903168Z,,v3,471300,471327,15 April 2025 15:00-jamesmad@georgemas,"Williams, Jp",1000135328,Right,JMU_DUK,ef3da9c0-9894-40e6-830e-f70ef58b4b79,55.1038,-133.351,17.85816,5.3808,2.87797,-10.9945,2.60574,-7.52319,8.46653,,,,,,,,,,,,,,,,,,,,,,,,,,,,,,,,,,,,,,,,,,,,,,,,,,,High,High,High,,,,,
126,2025-04-15,16:13:18.87,5,4,"Costello, Corey",825281,Left,JMU_DUK,"Barenz, Nick",1000218914,Right,GEO_PAT,Undefined,3,Bottom,2,3,0,Fastball,Sinker,StrikeCalled,Undefined,Undefined,Undefined,0,0,,89.94812,-0.096845,4.281192,2275.658681,117.51171,10:00,5.44156,-2.59124,5.32702,-24.75025,10.95103,-18.64493,3.28791,-0.12003,81.35358,-4.693779,0.981268,0.430044,,,,,,,,,,,,10.51693,5.87756,2.21682,50,5.4153,-8.85969,-130.11305,-1.12009,17.89746,29.15894,-22.17176,GEO_PAT,JMU_DUK,SpuhlerFieldMain,D1,A10,20250415-SpuhlerFieldMain-1,12cd5c90-1a36-11f0-b278-3921cf0bcfe8,87.6478,,,8.59454,,,,,,,13017037-8ec2-4735-9dcb-0898b1439113,2025-04-15,20:13:18.87,2025-04-15T16:13:18.8731392-04:00,2025-04-15T20:13:18.8731392Z,,v3,471300,471327,15 April 2025 15:00-jamesmad@georgemas,"Williams, Jp",1000135328,Right,JMU_DUK,158f03b7-d391-43e0-ae46-ad80275bbcbd,55.17289,-131.2672,14.57947,5.44227,-0.2425,-11.08588,2.58152,-9.56809,8.94873,,,,,,,,,,,,,,,,,,,,,,,,,,,,,,,,,,,,,,,,,,,,,,,,,,,High,High,High,,,,,
127,2025-04-15,16:13:37.33,5,5,"Costello, Corey",825281,Left,JMU_DUK,"Barenz, Nick",1000218914,Right,GEO_PAT,Undefined,3,Bottom,2,3,1,Fastball,Sinker,FoulBallNotFieldable,Undefined,Undefined,Undefined,0,0,,91.3965,-0.185162,4.357373,2277.370406,128.996677,10:15,5.40154,-2.57593,5.18088,-21.3567,13.97052,-15.52918,3.44709,0.23796,81.36845,-4.200541,1.618058,0.427786,68.52853,4.266713,179.214811,1476.743545,,,,49.35018,39.67475,176.340742,0.489799,9.08375,7.38556,2.18169,50,5.36873,-9.27077,-131.87859,-1.1845,15.64025,33.88539,-19.45775,GEO_PAT,JMU_DUK,SpuhlerFieldMain,D1,A10,20250415-SpuhlerFieldMain-1,1dcd10e0-1a36-11f0-b278-3921cf0bcfe8,88.1106,3.55029,,10.02805,,,,-0.99214,3.05724,-0.13196,13017037-8ec2-4735-9dcb-0898b1439113,2025-04-15,20:13:37.33,2025-04-15T16:13:37.3356032-04:00,2025-04-15T20:13:37.3356032Z,GroundBall,v3,471300,471327,15 April 2025 15:00-jamesmad@georgemas,"Williams, Jp",1000135328,Right,JMU_DUK,fc78525c-d82b-4b8c-9e82-f20020cc856b,55.31427,-133.23706,16.94269,5.40058,-0.40444,-9.72887,2.56593,-9.89779,7.82013,42.71635,-0.97681,-100.63334,4.17737,,,,,,,3.06205,7.34849,-27.78666,,,,,,,-0.13617,1.48666,10.6786,,,,,,,,,,,,,,,,,,,,,,,,,,,,,High,High,High,High,Medium,,,
128,2025-04-15,16:14:06.52,5,6,"Costello, Corey",825281,Left,JMU_DUK,"Barenz, Nick",1000218914,Right,GEO_PAT,Undefined,3,Bottom,2,3,2,Fastball,Sinker,StrikeSwinging,Strikeout,Undefined,Undefined,0,0,,91.39404,-0.045988,3.405739,2380.361058,121.245351,10:00,5.34876,-2.5741,5.31224,-21.39167,13.41245,-19.98659,3.52288,-1.03906,82.01733,-4.061336,-0.136001,0.424607,,,,,,,,,,,,10.99217,7.08095,2.27947,50,5.32958,-6.90238,-132.21881,-0.86177,19.15649,32.273,-19.83381,GEO_PAT,JMU_DUK,SpuhlerFieldMain,D1,A10,20250415-SpuhlerFieldMain-1,2f308330-1a36-11f0-b278-3921cf0bcfe8,88.77028,,,9.37672,,,,,,,13017037-8ec2-4735-9dcb-0898b1439113,2025-04-15,20:14:06.52,2025-04-15T16:14:06.5200640-04:00,2025-04-15T20:14:06.5200640Z,,v3,471300,471327,15 April 2025 15:00-jamesmad@georgemas,"Williams, Jp",1000135328,Right,JMU_DUK,ea41a4e4-0bdd-4969-aa30-1458da141c1f,55.18655,-133.47878,16.1365,5.34811,-0.08744,-9.91691,2.56354,-7.65027,9.57825,,,,,,,,,,,,,,,,,,,,,,,,,,,,,,,,,,,,,,,,,,,,,,,,,,,High,High,High,,,,,
129,2025-04-15,16:16:06.16,1,1,"Drumm, Jake",1000077041,Right,GEO_PAT,"Calabrese, Coleman",1000091807,Right,JMU_DUK,Undefined,4,Top,0,0,0,Slider,Curveball,StrikeSwinging,Undefined,Undefined,Undefined,0,0,,77.39386,-0.431091,-2.279261,1924.469805,120.240156,10:00,5.73678,1.59094,5.05403,-44.13109,5.43882,-5.92587,1.65228,-1.05373,69.32724,-8.506434,-3.32618,0.506734,,,,,,,,,,,,2.10913,3.40953,-1.36881,50,5.66124,4.69538,-111.85165,-2.34577,2.59413,25.64701,-27.9805,GEO_PAT,JMU_DUK,SpuhlerFieldMain,D1,A10,20250415-SpuhlerFieldMain-1,76a16450-1a36-11f0-b278-3921cf0bcfe8,74.38302,,,8.06662,,,,,,,13017037-8ec2-4735-9dcb-0898b1439113,2025-04-15,20:16:06.16,2025-04-15T16:16:06.1669376-04:00,2025-04-15T20:16:06.1669376Z,,v3,471300,471327,15 April 2025 15:00-jamesmad@georgemas,"Barenz, Nick",1000218914,Right,GEO_PAT,a92d21c2-0136-4007-b5d2-62210d1ab12a,55.4437,-113.09298,12.82351,5.742,-0.99151,-13.99025,-1.59302,4.56982,1.29706,,,,,,,,,,,,,,,,,,,,,,,,,,,,,,,,,,,,,,,,,,,,,,,,,,,High,High,High,,,,,
130,2025-04-15,16:16:20.44,1,2,"Drumm, Jake",1000077041,Right,GEO_PAT,"Calabrese, Coleman",1000091807,Right,JMU_DUK,Undefined,4,Top,0,0,1,Slider,Slider,BallCalled,Undefined,Undefined,Undefined,0,0,,78.60282,-1.523723,-2.985493,1989.566706,150.199004,11:00,5.75309,1.75379,5.10567,-37.98242,10.16658,-4.69197,1.14985,-1.45287,70.26392,-8.506596,-3.814227,0.499419,,,,,,,,,,,,1.23228,6.15646,-1.46804,50,5.58027,6.11145,-113.4757,-4.28972,1.55642,26.82568,-24.39825,GEO_PAT,JMU_DUK,SpuhlerFieldMain,D1,A10,20250415-SpuhlerFieldMain-1,7f256a40-1a36-11f0-b278-3921cf0bcfe8,75.47259,,,8.3389,,,,,,,13017037-8ec2-4735-9dcb-0898b1439113,2025-04-15,20:16:20.44,2025-04-15T16:16:20.4463616-04:00,2025-04-15T20:16:20.4463616Z,,v3,471300,471327,15 April 2025 15:00-jamesmad@georgemas,"Barenz, Nick",1000218914,Right,GEO_PAT,3f3c4aa7-84b0-4a46-ab07-bd18f467c9bf,55.39181,-114.74325,13.41284,5.75572,-3.13687,-12.19913,-1.75508,6.03791,0.77821,,,,,,,,,,,,,,,,,,,,,,,,,,,,,,,,,,,,,,,,,,,,,,,,,,,High,High,High,,,,,
131,2025-04-15,16:16:34.79,1,3,"Drumm, Jake",1000077041,Right,GEO_PAT,"Calabrese, Coleman",1000091807,Right,JMU_DUK,Undefined,4,Top,0,1,1,Slider,Curveball,BallCalled,Undefined,Undefined,Undefined,0,0,,77.10449,-1.309009,-1.46455,2126.272007,90.979853,9:00,5.8159,1.63306,4.93078,-47.5894,2.07835,-15.21623,0.61207,-1.01971,70.03871,-9.908646,-4.151453,0.507234,,,,,,,,,,,,7.1013,1.92075,-1.47689,50,5.64899,3.46536,-111.61408,-4.20795,8.77601,23.89713,-29.80032,GEO_PAT,JMU_DUK,SpuhlerFieldMain,D1,A10,20250415-SpuhlerFieldMain-1,87b04e00-1a36-11f0-b278-3921cf0bcfe8,74.3097,,,7.06578,,,,,,,13017037-8ec2-4735-9dcb-0898b1439113,2025-04-15,20:16:34.79,2025-04-15T16:16:34.7927040-04:00,2025-04-15T20:16:34.7927040Z,,v3,471300,471327,15 April 2025 15:00-jamesmad@georgemas,"Barenz, Nick",1000218914,Right,GEO_PAT,2257edfe-12c9-4300-9dc0-45b8c1c5cf43,55.57124,-112.8006,11.94857,5.82118,-2.72833,-14.90016,-1.63813,3.02962,4.38801,,,,,,,,,,,,,,,,,,,,,,,,,,,,,,,,,,,,,,,,,,,,,,,,,,,High,High,High,,,,,
132,2025-04-15,16:16:53.60,1,4,"Drumm, Jake",1000077041,Right,GEO_PAT,"Calabrese, Coleman",1000091807,Right,JMU_DUK,Undefined,4,Top,0,2,1,Fastball,Sinker,StrikeCalled,Undefined,Undefined,Undefined,0,0,,87.81006,-2.260605,-3.345773,2064.063996,239.69075,2:00,5.90175,1.52927,5.42758,-23.46757,14.70745,22.40151,1.82402,0.2587,77.89959,-6.687395,0.636224,0.444694,,,,,,,,,,,,-12.44083,8.67056,-1.24813,50,5.68521,6.38914,-126.76835,-5.78569,-19.59824,33.6191,-18.51519,GEO_PAT,JMU_DUK,SpuhlerFieldMain,D1,A10,20250415-SpuhlerFieldMain-1,92e54320-1a36-11f0-b278-3921cf0bcfe8,84.76044,,,9.91048,,,,,,,13017037-8ec2-4735-9dcb-0898b1439113,2025-04-15,20:16:53.60,2025-04-15T16:16:53.6089600-04:00,2025-04-15T20:16:53.6089600Z,,v3,471300,471327,15 April 2025 15:00-jamesmad@georgemas,"Barenz, Nick",1000218914,Right,GEO_PAT,ec58885e-2298-4cc1-bdee-7abf0ef7b55e,55.07018,-128.10591,16.80955,5.90074,-5.04905,-9.2576,-1.51783,7.16887,-9.79912,,,,,,,,,,,,,,,,,,,,,,,,,,,,,,,,,,,,,,,,,,,,,,,,,,,High,High,High,,,,,
133,2025-04-15,16:17:08.39,1,5,"Drumm, Jake",1000077041,Right,GEO_PAT,"Calabrese, Coleman",1000091807,Right,JMU_DUK,Undefined,4,Top,0,2,2,Slider,Curveball,InPlay,Undefined,GroundBall,Single,0,0,,78.27904,0.205276,-0.857892,2069.92708,63.569422,8:00,5.79082,1.65013,5.06441,-52.81109,-4.47658,-12.82473,1.58349,-0.22763,70.30086,-9.389421,-3.129179,0.50038,99.79056,-6.987992,-4.36336,,,,,17.9272,16.42789,-2.37956,0.107894,6.10292,-1.85146,-1.5577,50,5.7684,2.21945,-113.29368,-1.46437,7.69406,26.48403,-34.50819,GEO_PAT,JMU_DUK,SpuhlerFieldMain,D1,A10,20250415-SpuhlerFieldMain-1,9bb98bf0-1a36-11f0-b278-3921cf0bcfe8,75.3276,1.75407,,7.97818,,,,2.38061,1.75407,0.2179,13017037-8ec2-4735-9dcb-0898b1439113,2025-04-15,20:17:08.39,2025-04-15T16:17:08.3921408-04:00,2025-04-15T20:17:08.3921408Z,GroundBall,v3,471300,471327,15 April 2025 15:00-jamesmad@georgemas,"Barenz, Nick",1000218914,Right,GEO_PAT,3df572d4-3b44-4a16-ae08-a573a3292498,55.4371,-114.55763,13.24202,5.79898,0.18253,-17.2541,-1.65486,1.85225,3.84703,213.159594,2.38046,144.86949,-8.51566,,,,,,,1.75387,-17.78199,14.16525,,,,,,,0.21773,-11.03226,19.62221,,,,,,,,,,,,,,,,,,,,,,,,,,,,,High,High,High,High,High,,,
134,2025-04-15,16:17:42.09,2,1,"Drumm, Jake",1000077041,Right,GEO_PAT,"Tone, Jackson",1000349742,Left,JMU_DUK,Undefined,4,Top,0,0,0,Fastball,Sinker,BallCalled,Undefined,Undefined,Undefined,0,0,,86.5582,-3.005362,-4.098845,2117.302214,231.958694,1:45,5.99322,1.54865,5.51689,-19.30548,19.61722,23.06942,1.56436,-0.36821,77.34944,-6.688504,0.002295,0.449027,,,,,,,,,,,,-13.06091,11.37241,-1.20696,50,5.71813,7.94653,-124.9408,-7.14784,-20.16075,30.68025,-14.61966,GEO_PAT,JMU_DUK,SpuhlerFieldMain,D1,A10,20250415-SpuhlerFieldMain-1,afca9210-1a36-11f0-b278-3921cf0bcfe8,83.94243,,,9.20876,,,,,,,13017037-8ec2-4735-9dcb-0898b1439113,2025-04-15,20:17:42.09,2025-04-15T16:17:42.0969472-04:00,2025-04-15T20:17:42.0969472Z,,v3,471300,471327,15 April 2025 15:00-jamesmad@georgemas,"Barenz, Nick",1000218914,Right,GEO_PAT,6f8b089b-8cf0-4948-b71b-b405dbe4ae74,54.98328,-126.15855,15.34012,5.99032,-6.56757,-7.30983,-1.53825,8.74675,-10.08037,,,,,,,,,,,,,,,,,,,,,,,,,,,,,,,,,,,,,,,,,,,,,,,,,,,High,High,High,,,,,
135,2025-04-15,16:18:03.98,2,2,"Drumm, Jake",1000077041,Right,GEO_PAT,"Tone, Jackson",1000349742,Left,JMU_DUK,Undefined,4,Top,0,1,0,ChangeUp,Changeup,FoulBallNotFieldable,Undefined,Undefined,Undefined,0,0,,79.82386,0.049994,-2.349952,1512.587242,219.273835,1:15,5.71022,1.72539,5.96324,-24.36824,20.30037,15.20131,3.72594,0.81184,71.44239,-4.619574,0.379104,0.481031,61.11019,21.999208,-177.382045,1627.825494,,,,119.61374,47.15378,-173.577164,1.674308,-8.62634,10.88256,-1.5474,50,5.70093,4.16989,-115.656,-0.53761,-11.42179,26.08788,-17.76489,GEO_PAT,JMU_DUK,SpuhlerFieldMain,D1,A10,20250415-SpuhlerFieldMain-1,bcd88cf0-1a36-11f0-b278-3921cf0bcfe8,78.35767,16.03692,,8.38148,,,,2.86801,3.76573,-0.81826,13017037-8ec2-4735-9dcb-0898b1439113,2025-04-15,20:18:03.98,2025-04-15T16:18:03.9885312-04:00,2025-04-15T20:18:03.9885312Z,LineDrive,v3,471300,471327,15 April 2025 15:00-jamesmad@georgemas,"Barenz, Nick",1000218914,Right,GEO_PAT,21ac97e0-7066-403c-925d-29c6d06b7f73,54.53613,-116.6747,13.04394,5.70837,0.15609,-8.88244,-1.71894,4.6159,-5.7109,331.436496,2.868,-83.01441,6.21577,-0.01674,-0.20193,0.30644,-0.22128,0.08744,-0.01427,3.76573,33.57407,-24.57219,2.51537,-0.49859,0.08603,-0.00319,-0.0019,0.0004,-0.81826,-3.79596,-2.95951,0.59626,-0.09569,-0.02271,0.03217,-0.01376,0.00228,,,,,,,,,,,,,,,,,,,,,,,High,High,High,High,Medium,,,
136,2025-04-15,16:18:27.54,2,3,"Drumm, Jake",1000077041,Right,GEO_PAT,"Tone, Jackson",1000349742,Left,JMU_DUK,Undefined,4,Top,0,1,1,ChangeUp,Changeup,BallCalled,Undefined,Undefined,Undefined,0,0,,80.12316,-2.305074,-2.817459,1405.031195,234.188209,1:45,5.72882,1.61296,5.96887,-30.45596,13.97635,16.97418,1.04983,0.41303,72.07122,-8.025127,0.233673,0.479756,,,,,,,,,,,,-9.77524,8.45548,-1.39928,50,5.52909,5.07678,-115.98704,-5.55011,-13.00554,26.41416,-20.92437,GEO_PAT,JMU_DUK,SpuhlerFieldMain,D1,A10,20250415-SpuhlerFieldMain-1,cae189a0-1a36-11f0-b278-3921cf0bcfe8,78.56578,,,8.05194,,,,,,,13017037-8ec2-4735-9dcb-0898b1439113,2025-04-15,20:18:27.54,2025-04-15T16:18:27.5489280-04:00,2025-04-15T20:18:27.5489280Z,,v3,471300,471327,15 April 2025 15:00-jamesmad@georgemas,"Barenz, Nick",1000218914,Right,GEO_PAT,b3bee458-cf04-41a6-8aee-c933f7a50626,54.53227,-117.01464,13.20708,5.72917,-4.73608,-10.46219,-1.60663,5.58274,-6.50277,,,,,,,,,,,,,,,,,,,,,,,,,,,,,,,,,,,,,,,,,,,,,,,,,,,High,High,High,,,,,
137,2025-04-15,16:18:49.47,2,4,"Drumm, Jake",1000077041,Right,GEO_PAT,"Tone, Jackson",1000349742,Left,JMU_DUK,Undefined,4,Top,0,2,1,Fastball,Four-Seam,FoulBallNotFieldable,Undefined,Undefined,Undefined,0,0,,86.64684,-1.214391,-3.122565,2103.866025,213.458923,1:00,5.9545,1.73539,5.49108,-15.90753,24.25738,14.69099,3.49091,0.03548,74.60065,-4.398834,-0.510866,0.456136,65.12637,45.573102,-146.876447,3543.798593,,,,137.3434,55.51675,-152.841931,2.819556,-8.78638,13.26103,-1.47185,50,5.83851,6.13588,-124.76074,-3.01741,-13.02339,38.97439,-12.51825,GEO_PAT,JMU_DUK,SpuhlerFieldMain,D1,A10,20250415-SpuhlerFieldMain-1,d7efd2a0-1a36-11f0-b278-3921cf0bcfe8,82.63414,44.37988,,12.04619,,,,1.67829,3.48415,-0.04185,13017037-8ec2-4735-9dcb-0898b1439113,2025-04-15,20:18:49.47,2025-04-15T16:18:49.4782976-04:00,2025-04-15T20:18:49.4782976Z,Popup,v3,471300,471327,15 April 2025 15:00-jamesmad@georgemas,"Barenz, Nick",1000218914,Right,GEO_PAT,2bfa6826-76ab-4f01-b282-248681946f1d,55.00054,-126.31321,19.4872,5.94878,-2.51877,-6.25912,-1.72659,6.65465,-6.51169,11.881176,1.67863,-56.01344,3.46986,0.21123,0.38251,-0.40195,0.18698,-0.04163,0.00356,3.48425,68.20792,-33.15005,4.71462,-0.89415,0.15009,-0.03237,0.00866,-0.00105,-0.04153,-36.55226,5.04713,-0.22149,0.45824,-0.40947,0.18761,-0.04196,0.00362,,,,,,,,,,,,,,,,,,,,,,,High,High,High,High,Low,,,
138,2025-04-15,16:19:30.91,2,5,"Drumm, Jake",1000077041,Right,GEO_PAT,"Tone, Jackson",1000349742,Left,JMU_DUK,Undefined,4,Top,0,2,2,ChangeUp,Changeup,BallCalled,Undefined,Undefined,Undefined,0,0,,79.87412,-1.503595,-2.554915,1488.243788,255.684927,2:30,5.63295,1.72589,5.86638,-38.30179,5.42544,16.02292,1.04261,0.68608,73.73911,-8.544381,0.32248,0.475935,,,,,,,,,,,,-8.978,3.54449,-1.52844,50,5.48835,4.58941,-115.99781,-4.24504,-12.26613,21.1414,-27.33144,GEO_PAT,JMU_DUK,SpuhlerFieldMain,D1,A10,20250415-SpuhlerFieldMain-1,f0a581a0-1a36-11f0-b278-3921cf0bcfe8,79.19669,,,6.13501,,,,,,,13017037-8ec2-4735-9dcb-0898b1439113,2025-04-15,20:19:30.91,2025-04-15T16:19:30.9163008-04:00,2025-04-15T20:19:30.9163008Z,,v3,471300,471327,15 April 2025 15:00-jamesmad@georgemas,"Barenz, Nick",1000218914,Right,GEO_PAT,b47d02de-12a3-4d9a-8bf4-f0146360018f,54.63839,-116.84013,10.5707,5.63579,-3.15609,-13.66572,-1.72103,5.07812,-6.13306,,,,,,,,,,,,,,,,,,,,,,,,,,,,,,,,,,,,,,,,,,,,,,,,,,,High,High,High,,,,,
139,2025-04-15,16:19:50.52,2,6,"Drumm, Jake",1000077041,Right,GEO_PAT,"Tone, Jackson",1000349742,Left,JMU_DUK,Undefined,4,Top,0,3,2,Fastball,Sinker,InPlay,Undefined,LineDrive,Single,0,0,,87.92787,-1.851397,-2.758894,2038.467328,224.70005,1:30,5.87632,1.6254,5.416,-19.79257,17.88403,16.23906,2.48985,0.392,78.65093,-5.609066,0.126979,0.441781,100.10584,11.485067,19.720399,1225.408607,102.63095,13.0561,39.58288,198.55895,198.55895,23.206417,1.667504,-9.16166,10.0526,-1.39192,50,5.69841,5.40978,-127.17676,-4.74079,-14.66173,31.6405,-16.08654,GEO_PAT,JMU_DUK,SpuhlerFieldMain,D1,A10,20250415-SpuhlerFieldMain-1,fc523ed0-1a36-11f0-b278-3921cf0bcfe8,85.31923,13.14257,,9.27694,,,,2.64053,2.59856,-0.36559,13017037-8ec2-4735-9dcb-0898b1439113,2025-04-15,20:19:50.52,2025-04-15T16:19:50.5242624-04:00,2025-04-15T20:19:50.5242624Z,LineDrive,v3,471300,471327,15 April 2025 15:00-jamesmad@georgemas,"Barenz, Nick",1000218914,Right,GEO_PAT,8d1588c8-b167-41d3-8983-62011ba3f8aa,55.08415,-128.43542,15.82025,5.87427,-4.10086,-8.04327,-1.61872,5.99302,-7.33087,283.551042,2.64053,135.4432,-19.72338,2.58691,-0.5356,0.09909,-0.0174,0.00284,-0.00026,2.59856,29.23403,-22.07331,2.84381,-0.58051,0.1377,-0.02619,0.00392,-0.00034,-0.36559,48.5501,0.09705,-0.77458,0.18674,-0.05036,0.01052,-0.00162,0.00014,,,,,,,,,,,,,,,,,,,,,,,High,High,High,High,High,,,
140,2025-04-15,16:20:55.09,3,1,"Drumm, Jake",1000077041,Right,GEO_PAT,"Steadman, Eli",1000077265,Left,JMU_DUK,Undefined,4,Top,0,0,0,ChangeUp,Changeup,StrikeCalled,Undefined,Undefined,Undefined,0,1,,80.23926,-0.681153,-2.208579,1374.515006,222.395661,1:30,5.7059,1.69053,5.97287,-29.65399,13.83241,11.30512,2.60271,0.58398,73.14836,-6.236361,-0.177114,0.474622,,,,,,,,,,,,-6.44205,7.73579,-1.52177,50,5.6355,4.06236,-116.44421,-2.24915,-8.79866,22.93614,-21.6084,GEO_PAT,JMU_DUK,SpuhlerFieldMain,D1,A10,20250415-SpuhlerFieldMain-1,22bdc170-1a37-11f0-b278-3921cf0bcfe8,79.41563,,,7.0909,,,,,,,13017037-8ec2-4735-9dcb-0898b1439113,2025-04-15,20:20:55.09,2025-04-15T16:20:55.0930000-04:00,2025-04-15T20:20:55.0930000Z,,v3,471300,471327,15 April 2025 15:00-jamesmad@georgemas,"Barenz, Nick",1000218914,Right,GEO_PAT,ffeca611-f50b-45c4-87be-1684e0cc6d2c,54.52774,-117.33265,11.46807,5.70641,-1.41214,-10.8042,-1.68573,4.40318,-4.39933,,,,,,,,,,,,,,,,,,,,,,,,,,,,,77.00279,1.706695,0.87337,0.833325,0.17293,2.46519,-0.58065,0.39916,5.91292,-1.83366,63.79282,-0.53445,-60.98505,0.40305,79.38245,-4.00376,5.92301,3.75295,-13.87388,-1.85803,-79.68684,10.64319,High,High,High,,,High,High,Medium
141,2025-04-15,16:21:31.88,3,2,"Drumm, Jake",1000077041,Right,GEO_PAT,"Steadman, Eli",1000077265,Left,JMU_DUK,Undefined,4,Top,0,0,1,Fastball,Sinker,InPlay,Undefined,Popup,Out,1,0,,88.43654,-1.195078,-1.895841,2047.971454,220.676333,1:15,5.93959,1.59462,5.49527,-18.71525,18.33781,14.53099,3.26127,1.03139,79.11277,-4.76672,0.691843,0.43811,79.95079,76.893675,-28.908702,,,,,,29.59707,,,-8.01119,10.06823,-1.43896,50,5.82294,3.59565,-128.04532,-3.24866,-13.00147,31.97882,-15.83417,GEO_PAT,JMU_DUK,SpuhlerFieldMain,D1,A10,20250415-SpuhlerFieldMain-1,38c1bdf0-1a37-11f0-b278-3921cf0bcfe8,86.03418,98.90057,,9.32377,,,,1.97586,3.40722,-1.86378,13017037-8ec2-4735-9dcb-0898b1439113,2025-04-15,20:21:31.88,2025-04-15T16:21:31.8840832-04:00,2025-04-15T20:21:31.8840832Z,,v3,471300,471327,15 April 2025 15:00-jamesmad@georgemas,"Barenz, Nick",1000218914,Right,GEO_PAT,d48823e9-d932-4944-abbb-f1f9f7a84ab4,55.00458,-129.28915,15.98941,5.93732,-2.63279,-7.91708,-1.58865,4.10135,-6.50074,,1.97586,23.27661,-12.81393,4.69189,-1.33389,0.35627,-0.09728,0.02491,-0.00387,3.40722,114.20644,-33.37174,4.72276,-0.80568,0.11479,-0.0297,0.01421,-0.00345,-1.86378,-12.854,-8.13408,4.07605,-1.33459,0.38251,-0.10084,0.02186,-0.00275,,,,,,,,,,,,,,,,,,,,,,,High,High,High,Medium,Undefined,,,
142,2025-04-15,16:22:10.24,4,1,"Drumm, Jake",1000077041,Right,GEO_PAT,"Anderson, Jack",1000133893,Right,JMU_DUK,Undefined,4,Top,1,0,0,Slider,Changeup,BallCalled,Undefined,Undefined,Undefined,0,0,,79.82661,-2.900065,-4.524558,1238.047626,239.756735,2:00,5.78642,1.54926,6.11183,-32.72214,11.05111,16.50706,0.3672,-1.26774,73.38264,-8.966185,-1.556708,0.476185,,,,,,,,,,,,-9.83398,6.94079,-1.20994,50,5.5457,8.55118,-115.55873,-6.82293,-13.29301,21.60386,-22.79189,GEO_PAT,JMU_DUK,SpuhlerFieldMain,D1,A10,20250415-SpuhlerFieldMain-1,4fa014e0-1a37-11f0-b278-3921cf0bcfe8,79.15499,,,6.44397,,,,,,,13017037-8ec2-4735-9dcb-0898b1439113,2025-04-15,20:22:10.24,2025-04-15T16:22:10.2403584-04:00,2025-04-15T20:22:10.2403584Z,,v3,471300,471327,15 April 2025 15:00-jamesmad@georgemas,"Barenz, Nick",1000218914,Right,GEO_PAT,6b0a65c7-5303-4d0f-b6c9-f94ee46611c8,54.39151,-116.37683,10.80193,5.78773,-5.95984,-11.39595,-1.54329,9.05457,-6.6465,,,,,,,,,,,,,,,,,,,,,,,,,,,,,,,,,,,,,,,,,,,,,,,,,,,High,High,High,,,,,
143,2025-04-15,16:22:30.01,4,2,"Drumm, Jake",1000077041,Right,GEO_PAT,"Anderson, Jack",1000133893,Right,JMU_DUK,Undefined,4,Top,1,1,0,Slider,Slider,InPlay,Undefined,LineDrive,Single,0,1,,77.99361,0.733241,-0.848149,2089.182087,83.787507,8:45,5.80514,1.67429,4.98252,-47.03215,0.73756,-7.62701,2.5784,0.23764,71.28669,-7.7947,-2.195257,0.497448,69.45784,10.723234,-2.65587,1937.982679,,,,132.52785,132.52785,0.62805,1.510139,3.56642,0.52319,-1.58577,50,5.83723,1.98123,-113.12144,-0.2091,4.59142,21.88016,-31.5005,GEO_PAT,JMU_DUK,SpuhlerFieldMain,D1,A10,20250415-SpuhlerFieldMain-1,5b6cdd30-1a37-11f0-b278-3921cf0bcfe8,75.77161,8.8784,,6.70692,,,,2.02557,2.61247,-0.24901,13017037-8ec2-4735-9dcb-0898b1439113,2025-04-15,20:22:30.01,2025-04-15T16:22:30.0139008-04:00,2025-04-15T20:22:30.0139008Z,LineDrive,v3,471300,471327,15 April 2025 15:00-jamesmad@georgemas,"Barenz, Nick",1000218914,Right,GEO_PAT,dd38c98f-b51b-4375-8a94-d6def3ec1b34,55.52092,-114.18432,10.94008,5.81023,1.3211,-15.75025,-1.67659,1.75819,2.29571,233.341479,2.02557,99.98447,-10.26528,1.07176,-0.1056,-0.12958,0.13199,-0.05946,0.0107,2.61247,18.95494,-14.90225,0.9273,-0.17029,0.12539,-0.08664,0.03688,-0.00657,-0.24901,-4.6379,4.69103,-0.77852,0.15386,0.0025,-0.02454,0.01239,-0.00229,,,,,,,,,,,,,,,,,,,,,,,High,High,High,High,High,,,
144,2025-04-15,16:23:23.86,5,1,"Drumm, Jake",1000077041,Right,GEO_PAT,"Dooley, Ryan",1000244290,Left,JMU_DUK,Undefined,4,Top,1,0,0,ChangeUp,Changeup,InPlay,Undefined,GroundBall,Out,1,0,,80.14724,-1.301753,-2.675217,1362.105418,243.352703,2:00,5.70307,1.65951,6.00614,-33.03927,10.94264,18.61332,1.74214,0.73011,72.52439,-7.480712,0.673082,0.477319,54.37193,-17.590977,-31.791876,,,,,9.79662,9.36417,-24.683171,0.083902,-10.49627,6.4976,-1.45949,50,5.58262,4.73682,-116.19106,-3.61623,-14.11736,25.04832,-23.43485,GEO_PAT,JMU_DUK,SpuhlerFieldMain,D1,A10,20250415-SpuhlerFieldMain-1,7b8124f0-1a37-11f0-b278-3921cf0bcfe8,78.967,2.03181,,7.62285,,,,3.45443,2.03181,-0.71481,13017037-8ec2-4735-9dcb-0898b1439113,2025-04-15,20:23:23.86,2025-04-15T16:23:23.8609408-04:00,2025-04-15T20:23:23.8609408Z,GroundBall,v3,471300,471327,15 April 2025 15:00-jamesmad@georgemas,"Barenz, Nick",1000218914,Right,GEO_PAT,5bf5d1a9-5998-4237-a43b-72b6cbe03d58,54.49574,-117.15624,12.52416,5.70457,-2.71323,-11.71742,-1.65249,5.2808,-7.05868,180,3.45023,64.92232,,,,,,,,2.03338,-24.2166,,,,,,,,-0.7122,-40.2408,,,,,,,,,,,,,,,,,,,,,,,,,,,,,,High,High,High,High,High,,,
145,2025-04-15,16:24:05.84,6,1,"Drumm, Jake",1000077041,Right,GEO_PAT,"Williams, Jp",1000135328,Right,JMU_DUK,Undefined,4,Top,2,0,0,Slider,Curveball,BallCalled,Undefined,Undefined,Undefined,0,0,,75.94012,1.390444,-2.235881,2135.280001,83.821821,8:45,5.82608,1.62426,5.13278,-49.42235,0.66752,-8.60839,3.01832,-1.1999,69.55541,-7.585349,-3.75733,0.509385,,,,,,,,,,,,3.62921,0.42638,-1.40738,50,5.91853,4.63879,-110.07754,0.99272,4.4364,20.21937,-31.65282,GEO_PAT,JMU_DUK,SpuhlerFieldMain,D1,A10,20250415-SpuhlerFieldMain-1,9477d490-1a37-11f0-b278-3921cf0bcfe8,73.99594,,,6.38472,,,,,,,13017037-8ec2-4735-9dcb-0898b1439113,2025-04-15,20:24:05.84,2025-04-15T16:24:05.8460672-04:00,2025-04-15T20:24:05.8460672Z,,v3,471300,471327,15 April 2025 15:00-jamesmad@georgemas,"Barenz, Nick",1000218914,Right,GEO_PAT,0fdc8581-e70a-46b5-9683-2826c960d8bc,55.36917,-111.05939,10.10969,5.833,2.52977,-15.82641,-1.62741,4.42336,2.2182,,,,,,,,,,,,,,,,,,,,,,,,,,,,,,,,,,,,,,,,,,,,,,,,,,,High,High,High,,,,,
146,2025-04-15,16:24:24.70,6,2,"Drumm, Jake",1000077041,Right,GEO_PAT,"Williams, Jp",1000135328,Right,JMU_DUK,Undefined,4,Top,2,1,0,Fastball,Four-Seam,BallCalled,Undefined,Undefined,Undefined,1,0,,86.37718,-0.69445,-1.625165,2081.78267,197.431349,12:30,5.92624,1.5914,5.47089,-20.08367,18.82166,5.43634,3.60238,0.52305,77.19133,-4.523308,-0.657663,0.448927,,,,,,,,,,,,-3.2676,10.1104,-1.45216,50,5.85201,3.30282,-125.01141,-2.11906,-5.05622,30.41242,-16.52942,GEO_PAT,JMU_DUK,SpuhlerFieldMain,D1,A10,20250415-SpuhlerFieldMain-1,9fa68820-1a37-11f0-b278-3921cf0bcfe8,83.9611,,,9.18586,,,,,,,13017037-8ec2-4735-9dcb-0898b1439113,2025-04-15,20:24:24.70,2025-04-15T16:24:24.7000000-04:00,2025-04-15T20:24:24.7000000Z,,v3,471300,471327,15 April 2025 15:00-jamesmad@georgemas,"Barenz, Nick",1000218914,Right,GEO_PAT,b231ea67-53ae-45d7-adb6-262c37639cdf,55.02502,-126.22797,15.20621,5.92355,-1.45785,-8.26471,-1.58832,3.50508,-2.52811,,,,,,,,,,,,,,,,,,,,,,,,,,,,,76.84786,1.660532,0.810752,0.84978,-0.04804,3.48487,-0.50657,-2.37778,5.51597,2.50693,64.8639,2.50641,59.914,-2.34076,87.30672,-9.74583,5.52555,7.24647,-12.72809,2.51279,70.04276,-2.94698,High,High,High,,,High,High,High
147,2025-04-15,16:27:19.33,1,1,"McKinney, Holden",10321643,Right,JMU_DUK,"Canody, Andrew",1000415298,Right,GEO_PAT,Undefined,4,Bottom,0,0,0,Fastball,Sinker,StrikeCalled,Undefined,Undefined,Undefined,0,0,,92.00405,-2.46983,-3.872013,2078.5876,236.942344,2:00,6.07731,1.64783,5.05143,-20.40576,14.34237,20.04052,2.04049,-0.33982,82.80416,-6.275245,-0.338618,0.424265,,,,,,,,,,,,-11.12859,8.26481,-1.2951,50,5.82576,8.00889,-132.88205,-6.49265,-19.60834,32.34359,-17.61162,GEO_PAT,JMU_DUK,SpuhlerFieldMain,D1,A10,20250415-SpuhlerFieldMain-1,07bc5840-1a38-11f0-b278-3921cf0bcfe8,88.84174,,,9.19989,,,,,,,13017037-8ec2-4735-9dcb-0898b1439113,2025-04-15,20:27:19.33,2025-04-15T16:27:19.3315328-04:00,2025-04-15T20:27:19.3315328Z,,v3,471300,471327,15 April 2025 15:00-jamesmad@georgemas,"Williams, Jp",1000135328,Right,JMU_DUK,ee4f4a2c-e995-4f66-92a4-615fcdfc952d,55.44852,-134.20167,16.17179,6.076,-5.77409,-8.80581,-1.63818,8.80892,-9.80417,,,,,,,,,,,,,,,,,,,,,,,,,,,,,,,,,,,,,,,,,,,,,,,,,,,High,High,High,,,,,
148,2025-04-15,16:27:33.87,1,2,"McKinney, Holden",10321643,Right,JMU_DUK,"Canody, Andrew",1000415298,Right,GEO_PAT,Undefined,4,Bottom,0,0,1,Fastball,Sinker,StrikeCalled,Undefined,Undefined,Undefined,0,0,,92.37489,-1.61119,-4.841216,2121.355287,237.093827,2:00,6.05322,1.78576,5.27849,-18.67631,15.51615,22.00903,2.97774,-0.9381,83.00791,-5.132258,-0.952992,0.420859,,,,,,,,,,,,-12.45705,8.61241,-1.35931,50,5.89238,10.2291,-133.38651,-4.40826,-22.13386,32.37749,-16.87137,GEO_PAT,JMU_DUK,SpuhlerFieldMain,D1,A10,20250415-SpuhlerFieldMain-1,10672010-1a38-11f0-b278-3921cf0bcfe8,89.56072,,,9.36698,,,,,,,13017037-8ec2-4735-9dcb-0898b1439113,2025-04-15,20:27:33.87,2025-04-15T16:27:33.8745856-04:00,2025-04-15T20:27:33.8745856Z,,v3,471300,471327,15 April 2025 15:00-jamesmad@georgemas,"Williams, Jp",1000135328,Right,JMU_DUK,5bb78973-6030-4d3e-bd1f-a7ecaa518c5e,55.22161,-134.64801,16.18874,6.05133,-3.75091,-8.43569,-1.77466,11.09149,-11.06693,,,,,,,,,,,,,,,,,,,,,,,,,,,,,,,,,,,,,,,,,,,,,,,,,,,High,High,High,,,,,
149,2025-04-15,16:27:50.18,1,3,"McKinney, Holden",10321643,Right,JMU_DUK,"Canody, Andrew",1000415298,Right,GEO_PAT,Undefined,4,Bottom,0,0,2,Fastball,Four-Seam,BallCalled,Undefined,Undefined,Undefined,0,0,,91.24462,-0.586454,-4.855859,2111.524098,228.130944,1:30,5.74961,1.90514,5.35515,-19.23229,15.51867,15.94832,3.59488,-1.33112,82.37989,-4.204327,-2.036761,0.424282,,,,,,,,,,,,-9.36142,8.2852,-1.47864,50,5.68332,10.43677,-131.8479,-2.00524,-16.34704,30.12762,-17.70631,GEO_PAT,JMU_DUK,SpuhlerFieldMain,D1,A10,20250415-SpuhlerFieldMain-1,1a21aa30-1a38-11f0-b278-3921cf0bcfe8,88.83814,,,8.86473,,,,,,,13017037-8ec2-4735-9dcb-0898b1439113,2025-04-15,20:27:50.18,2025-04-15T16:27:50.1810176-04:00,2025-04-15T20:27:50.1810176Z,,v3,471300,471327,15 April 2025 15:00-jamesmad@georgemas,"Williams, Jp",1000135328,Right,JMU_DUK,3f3c62a8-9f15-4e73-bc8f-dead8b3aad4a,55.14376,-133.01807,15.06381,5.74785,-1.31752,-8.85316,-1.89634,11.0717,-8.17352,,,,,,,,,,,,,,,,,,,,,,,,,,,,,,,,,,,,,,,,,,,,,,,,,,,High,High,High,,,,,
150,2025-04-15,16:28:06.40,1,4,"McKinney, Holden",10321643,Right,JMU_DUK,"Canody, Andrew",1000415298,Right,GEO_PAT,Undefined,4,Bottom,0,1,2,Fastball,Sinker,InPlay,Undefined,GroundBall,Error,0,0,,90.79938,-2.308057,-2.849174,1998.192332,238.326119,2:00,6.18707,1.84976,5.04406,-22.68985,13.19457,19.09458,2.1151,0.75103,81.22998,-6.532964,0.522672,0.431146,62.82682,5.23191,-7.369428,962.352644,,,,65.90555,64.70501,-7.948019,0.749223,-10.46142,7.73201,-1.59394,50,5.94915,5.61061,-131.18338,-6.13019,-17.81069,33.70237,-19.0102,GEO_PAT,JMU_DUK,SpuhlerFieldMain,D1,A10,20250415-SpuhlerFieldMain-1,23e58320-1a38-11f0-b278-3921cf0bcfe8,87.42382,3.32872,,9.5694,,,,1.80186,2.19362,-0.76304,13017037-8ec2-4735-9dcb-0898b1439113,2025-04-15,20:28:06.40,2025-04-15T16:28:06.4049664-04:00,2025-04-15T20:28:06.4049664Z,GroundBall,v3,471300,471327,15 April 2025 15:00-jamesmad@georgemas,"Williams, Jp",1000135328,Right,JMU_DUK,e2311cca-de41-485b-a255-e6dd20f7c424,55.45561,-132.57758,16.85118,6.18648,-5.34378,-9.5051,-1.84128,6.3474,-8.90534,165.895595,1.82313,90.61812,-7.9514,,,,,,,2.20893,8.12931,-14.81162,,,,,,,-0.76488,-11.73672,0.79617,,,,,,,,,,,,,,,,,,,,,,,,,,,,,High,High,High,High,High,,,
151,2025-04-15,16:28:53.88,2,1,"McKinney, Holden",10321643,Right,JMU_DUK,"Clyne, Owen",1000230336,Left,GEO_PAT,Undefined,4,Bottom,0,0,0,Fastball,Sinker,FoulBallNotFieldable,Undefined,Undefined,Undefined,0,0,,92.12369,-1.901452,-3.104686,2062.371622,245.091472,2:15,5.91304,1.79217,5.18672,-24.39509,10.00768,18.82344,2.08785,0.43689,83.02818,-6.416158,0.227349,0.422151,,,,,,,,,,,,-10.45422,5.95756,-1.51869,50,5.71795,6.34061,-133.27461,-5.3578,-18.50832,32.82995,-21.62665,GEO_PAT,JMU_DUK,SpuhlerFieldMain,D1,A10,20250415-SpuhlerFieldMain-1,40319f50-1a38-11f0-b278-3921cf0bcfe8,89.2866,,,9.09551,,,,,,,13017037-8ec2-4735-9dcb-0898b1439113,2025-04-15,20:28:53.88,2025-04-15T16:28:53.8879488-04:00,2025-04-15T20:28:53.8879488Z,,v3,471300,471327,15 April 2025 15:00-jamesmad@georgemas,"Williams, Jp",1000135328,Right,JMU_DUK,d5036633-5acc-4be1-bb04-b6b8c0cae200,55.31518,-134.57755,16.41498,5.91355,-4.49949,-10.81333,-1.78491,7.07516,-9.25416,,,,,,,,,,,,,,,,,,,,,,,,,,,,,,,,,,,,,,,,,,,,,,,,,,,High,High,High,,,,,
152,2025-04-15,16:29:56.88,2,2,"McKinney, Holden",10321643,Right,JMU_DUK,"Clyne, Owen",1000230336,Left,GEO_PAT,Undefined,4,Bottom,0,0,1,Fastball,Sinker,BallCalled,Undefined,Undefined,Undefined,0,0,,90.25144,-0.44229,-1.394689,2025.239354,253.22835,2:30,6.02296,2.1156,5.03769,-27.83273,7.42725,21.11222,3.28616,2.55887,82.89846,-5.524432,2.336553,0.427378,,,,,,,,,,,,-10.7854,4.13878,-1.99981,50,5.95863,2.18074,-131.02573,-2.11457,-18.83478,26.50449,-24.94636,GEO_PAT,JMU_DUK,SpuhlerFieldMain,D1,A10,20250415-SpuhlerFieldMain-1,65a68cf0-1a38-11f0-b278-3921cf0bcfe8,88.19456,,,7.35298,,,,,,,13017037-8ec2-4735-9dcb-0898b1439113,2025-04-15,20:29:56.88,2025-04-15T16:29:56.8810496-04:00,2025-04-15T20:29:56.8810496Z,,v3,471300,471327,15 April 2025 15:00-jamesmad@georgemas,"Williams, Jp",1000135328,Right,JMU_DUK,3019050e-d0a5-4980-9803-c54e604cd5bc,55.46536,-132.12666,13.25224,6.02494,-1.07836,-12.47318,-2.10664,2.96309,-9.41739,,,,,,,,,,,,,,,,,,,,,,,,,,,,,,,,,,,,,,,,,,,,,,,,,,,High,High,High,,,,,
153,2025-04-15,16:30:16.29,2,3,"McKinney, Holden",10321643,Right,JMU_DUK,"Clyne, Owen",1000230336,Left,GEO_PAT,Undefined,4,Bottom,0,1,1,Fastball,Sinker,StrikeSwinging,Undefined,Undefined,Undefined,0,0,,92.64499,-2.348146,-4.635389,2073.930432,228.283779,1:30,6.15978,1.70951,5.30327,-16.01895,17.76875,18.58048,2.61192,-1.1034,83.74819,-5.38446,-1.351073,0.41836,,,,,,,,,,,,-10.6365,9.92678,-1.30126,50,5.93441,9.95621,-133.83425,-6.02962,-19.1375,31.04107,-14.31346,GEO_PAT,JMU_DUK,SpuhlerFieldMain,D1,A10,20250415-SpuhlerFieldMain-1,713e89a0-1a38-11f0-b278-3921cf0bcfe8,90.0956,,,8.8968,,,,,,,13017037-8ec2-4735-9dcb-0898b1439113,2025-04-15,20:30:16.29,2025-04-15T16:30:16.2909696-04:00,2025-04-15T20:30:16.2909696Z,,v3,471300,471327,15 April 2025 15:00-jamesmad@georgemas,"Williams, Jp",1000135328,Right,JMU_DUK,893f67fb-15fa-4732-9116-5a64bb1c3202,55.19724,-135.0343,15.52054,6.15682,-5.47626,-7.15673,-1.70047,10.69607,-9.56875,,,,,,,,,,,,,,,,,,,,,,,,,,,,,,,,,,,,,,,,,,,,,,,,,,,High,High,High,,,,,
154,2025-04-15,16:30:43.05,2,4,"McKinney, Holden",10321643,Right,JMU_DUK,"Clyne, Owen",1000230336,Left,GEO_PAT,Undefined,4,Bottom,0,1,2,Fastball,Sinker,InPlay,Undefined,GroundBall,Out,1,0,,92.76373,-1.667004,-2.563139,2076.038976,221.331588,1:30,6.16632,1.77361,5.02397,-11.66016,22.37863,18.59025,3.61948,0.90238,83.47855,-3.934176,0.716188,0.419912,80.1444,-5.837804,12.579986,,,,,26.14639,24.83737,9.737024,0.21623,-10.07717,11.99705,-1.54406,50,5.9983,5.10776,-134.26028,-4.25224,-18.14548,32.73194,-10.57159,GEO_PAT,JMU_DUK,SpuhlerFieldMain,D1,A10,20250415-SpuhlerFieldMain-1,8143f290-1a38-11f0-b278-3921cf0bcfe8,89.76267,3.67536,,9.28517,,,,1.98343,3.67536,-0.88233,13017037-8ec2-4735-9dcb-0898b1439113,2025-04-15,20:30:43.05,2025-04-15T16:30:43.0559232-04:00,2025-04-15T20:30:43.0559232Z,GroundBall,v3,471300,471327,15 April 2025 15:00-jamesmad@georgemas,"Williams, Jp",1000135328,Right,JMU_DUK,1e1bf0cb-cb41-43e0-951c-21714568ab3a,55.4777,-135.58913,16.36597,6.16222,-3.82305,-5.28579,-1.76638,5.84443,-9.07274,0.481349,1.98456,114.05868,-18.79695,,,,,,,3.67726,-12.07229,-22.85736,,,,,,,-0.88207,25.45265,-4.27279,,,,,,,,,,,,,,,,,,,,,,,,,,,,,High,High,High,Medium,High,,,
155,2025-04-15,16:31:28.04,3,1,"McKinney, Holden",10321643,Right,JMU_DUK,"Hull, Owen",10054797,Left,GEO_PAT,Undefined,4,Bottom,1,0,0,Fastball,Sinker,BallCalled,Undefined,Undefined,Undefined,0,0,,91.55029,-3.631203,-4.47053,2063.447015,244.718074,2:15,6.32727,1.46961,5.167,-24.00513,12.24142,22.248,0.89416,-0.89258,79.94518,-8.137979,-0.540163,0.433316,,,,,,,,,,,,-13.01335,8.09634,-1.07008,50,5.96984,9.20803,-131.53167,-9.23989,-21.67988,40.60582,-18.68581,GEO_PAT,JMU_DUK,SpuhlerFieldMain,D1,A10,20250415-SpuhlerFieldMain-1,9c129680-1a38-11f0-b278-3921cf0bcfe8,86.98602,,,11.60512,,,,,,,13017037-8ec2-4735-9dcb-0898b1439113,2025-04-15,20:31:28.04,2025-04-15T16:31:28.0431104-04:00,2025-04-15T20:31:28.0431104Z,,v3,471300,471327,15 April 2025 15:00-jamesmad@georgemas,"Williams, Jp",1000135328,Right,JMU_DUK,a5bcc1bc-fc83-40b0-9570-bcc64affe7f4,55.32975,-133.16688,20.30291,6.32678,-8.4874,-9.34291,-1.45847,10.08109,-10.83994,,,,,,,,,,,,,,,,,,,,,,,,,,,,,,,,,,,,,,,,,,,,,,,,,,,High,High,High,,,,,
156,2025-04-15,16:31:49.86,3,2,"McKinney, Holden",10321643,Right,JMU_DUK,"Hull, Owen",10054797,Left,GEO_PAT,Undefined,4,Bottom,1,1,0,Fastball,Four-Seam,InPlay,Undefined,LineDrive,Single,0,1,,92.7247,-1.884645,-3.556403,2104.334326,209.607098,1:00,6.06454,1.89865,5.23172,-10.02292,24.17738,12.96824,3.45356,-0.36821,82.61417,-3.891592,-1.264192,0.420907,92.56412,8.618487,-22.533731,3346.395104,98.64964,8.08379,-48.66445,159.50434,154.74801,-28.314273,1.398628,-7.70961,13.09753,-1.58084,50,5.88418,7.69863,-133.93462,-4.6455,-13.68029,35.16433,-8.93322,GEO_PAT,JMU_DUK,SpuhlerFieldMain,D1,A10,20250415-SpuhlerFieldMain-1,a9156dd0-1a38-11f0-b278-3921cf0bcfe8,89.55048,9.52265,,10.11053,,,,1.59005,3.49129,0.34308,13017037-8ec2-4735-9dcb-0898b1439113,2025-04-15,20:31:49.86,2025-04-15T16:31:49.8664960-04:00,2025-04-15T20:31:49.8664960Z,LineDrive,v3,471300,471327,15 April 2025 15:00-jamesmad@georgemas,"Williams, Jp",1000135328,Right,JMU_DUK,39af8bf1-d990-4737-9a28-c31fa39e4cb6,55.26736,-135.31049,17.58216,6.0591,-4.29597,-4.46661,-1.89254,8.23389,-6.84014,98.109503,1.59006,123.97845,-22.5199,4.38042,-0.69853,0.00069,0.02073,0.00582,-0.00325,3.49129,20.34509,-17.8865,1.42431,-0.37946,0.1871,-0.0729,0.01449,-0.00067,0.3431,-51.44192,-4.04663,1.84312,-0.16931,-0.24187,0.13702,-0.02431,-0.00032,,,,,,,,,,,,,,,,,,,,,,,High,High,High,High,High,,,
157,2025-04-15,16:32:27.96,4,1,"McKinney, Holden",10321643,Right,JMU_DUK,"Quinn-Irons, Jaime",1000216379,Right,GEO_PAT,Undefined,4,Bottom,1,0,0,Fastball,Sinker,InPlay,Undefined,GroundBall,Out,1,0,,92.4872,-0.707716,-1.906349,2075.658743,241.371962,2:00,6.15171,1.62314,4.9901,-23.48686,10.76272,17.46217,3.52579,1.27753,83.38771,-5.053256,1.17556,0.42121,46.22207,-26.846629,3.956419,,,,,7.75213,7.45073,-6.624269,0.111599,-9.28008,5.89981,-1.45457,50,6.06492,3.60671,-133.94456,-2.57075,-16.62648,32.66095,-21.60379,GEO_PAT,JMU_DUK,SpuhlerFieldMain,D1,A10,20250415-SpuhlerFieldMain-1,bfc9a780-1a38-11f0-b278-3921cf0bcfe8,89.48603,3.5201,,9.09948,,,,1.03458,3.5201,-1.27753,13017037-8ec2-4735-9dcb-0898b1439113,2025-04-15,20:32:27.96,2025-04-15T16:32:27.9657472-04:00,2025-04-15T20:32:27.9657472Z,GroundBall,v3,471300,471327,15 April 2025 15:00-jamesmad@georgemas,"Williams, Jp",1000135328,Right,JMU_DUK,c5bc168c-f9ee-4077-ac6e-21ace58380d5,55.51112,-135.28171,16.33048,6.15206,-1.68629,-10.8019,-1.61616,4.28741,-8.31324,127.701702,1.03461,60.33741,-5.44955,,,,,,,3.52013,-30.6193,-8.28405,,,,,,,-1.27748,4.16786,-6.5813,,,,,,,,,,,,,,,,,,,,,,,,,,,,,High,High,High,High,High,,,
158,2025-04-15,16:34:02.93,5,1,"McKinney, Holden",10321643,Right,JMU_DUK,"Butler, Jake",1000176047,Right,GEO_PAT,Undefined,4,Bottom,2,0,0,Fastball,Sinker,StrikeCalled,Undefined,Undefined,Undefined,0,0,,91.6879,-0.642523,-3.061624,2073.074197,250.969995,2:15,6.19037,1.51587,5.27992,-25.80942,8.88304,21.96387,3.43523,0.4679,82.24604,-5.434739,0.832498,0.423925,,,,,,,,,,,,-11.83083,5.04394,-1.25227,50,6.11325,6.01534,-132.64247,-2.46816,-20.69507,33.17385,-23.35096,GEO_PAT,JMU_DUK,SpuhlerFieldMain,D1,A10,20250415-SpuhlerFieldMain-1,f84a6040-1a38-11f0-b278-3921cf0bcfe8,88.91298,,,9.44186,,,,,,,13017037-8ec2-4735-9dcb-0898b1439113,2025-04-15,20:34:02.93,2025-04-15T16:34:02.9304832-04:00,2025-04-15T20:34:02.9304832Z,,v3,471300,471327,15 April 2025 15:00-jamesmad@georgemas,"Williams, Jp",1000135328,Right,JMU_DUK,a469f3a9-a90b-437e-850b-54395444e3aa,55.21852,-133.94126,16.58693,6.19198,-1.55394,-11.67548,-1.50364,6.82557,-10.34753,,,,,,,,,,,,,,,,,,,,,,,,,,,,,,,,,,,,,,,,,,,,,,,,,,,High,High,High,,,,,
159,2025-04-15,16:34:21.31,5,2,"McKinney, Holden",10321643,Right,JMU_DUK,"Butler, Jake",1000176047,Right,GEO_PAT,Undefined,4,Bottom,2,0,1,Fastball,Four-Seam,InPlay,Undefined,FlyBall,Out,1,0,,91.71804,-2.393084,-2.769019,2100.69024,211.792273,1:00,6.16922,1.58472,5.21128,-14.8208,19.82875,11.49926,2.67971,-0.06308,82.59852,-5.223853,-0.734227,0.423663,95.12856,34.078295,-3.606094,3573.13907,109.89758,69.13726,-4.73299,323.63364,321.99415,-2.759373,4.982855,-6.65292,11.04111,-1.33765,50,5.93724,5.87601,-132.66972,-6.01994,-11.68789,32.17316,-12.77692,GEO_PAT,JMU_DUK,SpuhlerFieldMain,D1,A10,20250415-SpuhlerFieldMain-1,035a8f50-1a39-11f0-b278-3921cf0bcfe8,88.96805,90.20469,,9.11952,,,,2.17596,2.78428,0.05131,13017037-8ec2-4735-9dcb-0898b1439113,2025-04-15,20:34:21.31,2025-04-15T16:34:21.3154816-04:00,2025-04-15T20:34:21.3154816Z,FlyBall,v3,471300,471327,15 April 2025 15:00-jamesmad@georgemas,"Williams, Jp",1000135328,Right,JMU_DUK,ceaf6f83-d5ba-4cc3-be49-166be233b1fb,55.28943,-133.9463,16.08658,6.16604,-5.51297,-6.38846,-1.58,6.33977,-5.84394,190.486509,2.17904,115.27503,-26.14688,6.83244,-1.33009,0.186,-0.01959,0.0018,-0.0001,2.78539,78.14229,-18.84556,0.1019,0.59288,-0.28559,0.0724,-0.00939,0.00048,0.05037,-7.25014,4.35692,-1.89055,0.48819,-0.07985,0.0076,-0.00038,1E-05,,,,,,,,,,,,,,,,,,,,,,,High,High,High,High,Medium,,,
160,2025-04-15,16:37:10.11,1,1,"Bilo, Michael",10091065,Right,GEO_PAT,"Williams, Jp",1000135328,Right,JMU_DUK,Undefined,5,Top,0,0,0,Fastball,Changeup,FoulBallNotFieldable,Undefined,Undefined,Undefined,0,0,,86.31798,-2.802991,-1.755716,1944.357551,222.539808,1:30,6.24188,1.08635,4.88627,-18.14954,21.51363,18.36863,2.07417,0.95548,77.71274,-6.22601,1.479703,0.453279,85.64514,-10.503651,-93.126158,,,,,12.71934,3.5119,-79.558848,0.092766,-9.69193,11.96914,-0.93064,50,5.95239,2.98612,-124.81648,-6.70354,-15.03606,29.00816,-13.60516,GEO_PAT,JMU_DUK,SpuhlerFieldMain,D1,A10,20250415-SpuhlerFieldMain-1,67feb850-1a39-11f0-b278-3921cf0bcfe8,83.15514,2.12812,,8.60525,,,,2.93103,2.12812,-1.04756,13017037-8ec2-4735-9dcb-0898b1439113,2025-04-15,20:37:10.11,2025-04-15T16:37:10.1187584-04:00,2025-04-15T20:37:10.1187584Z,GroundBall,v3,471300,471327,15 April 2025 15:00-jamesmad@georgemas,"Barenz, Nick",1000218914,Right,GEO_PAT,7a2d696e-f013-4fae-98dc-548354bc821b,55.6147,-126.11463,14.50408,6.23876,-6.0947,-6.80258,-1.07932,3.65899,-7.51803,,2.93122,-6.74779,,,,,,,,2.12875,-22.94089,,,,,,,,-1.04419,-123.54984,,,,,,,,,,,,,,,,,,,,,,,,,,,,,,High,High,High,Low,Low,,,
161,2025-04-15,16:37:27.98,1,2,"Bilo, Michael",10091065,Right,GEO_PAT,"Williams, Jp",1000135328,Right,JMU_DUK,Undefined,5,Top,0,0,1,Fastball,Sinker,InPlay,Undefined,GroundBall,Single,0,0,,87.48925,-2.240425,-2.818969,2014.337083,233.119962,1:45,6.27048,0.91204,4.68907,-23.87722,15.78391,18.74151,2.14969,-0.20503,77.32934,-6.69679,0.468761,0.453267,97.88571,-8.543531,-9.207781,,,,,15.59821,14.68001,-7.860474,0.100544,-10.22485,9.03599,-0.64353,50,6.02242,5.29734,-126.11317,-5.80689,-15.89243,33.97825,-18.12945,GEO_PAT,JMU_DUK,SpuhlerFieldMain,D1,A10,20250415-SpuhlerFieldMain-1,729a7ab0-1a39-11f0-b278-3921cf0bcfe8,83.15728,2.16582,,10.15991,,,,1.39432,2.16582,0.12913,13017037-8ec2-4735-9dcb-0898b1439113,2025-04-15,20:37:27.98,2025-04-15T16:37:27.9801856-04:00,2025-04-15T20:37:27.9801856Z,GroundBall,v3,471300,471327,15 April 2025 15:00-jamesmad@georgemas,"Barenz, Nick",1000218914,Right,GEO_PAT,17fc6304-ae24-4cda-aeca-5669117cb663,55.80757,-127.66829,16.98913,6.26921,-4.97714,-9.06472,-0.90263,6.02471,-7.94622,186.888626,1.39434,140.1415,-3.27261,,,,,,,2.1658,-21.32598,-2.13531,,,,,,,0.12913,-22.71696,2.14683,,,,,,,,,,,,,,,,,,,,,,,,,,,,,High,High,High,High,High,,,
162,2025-04-15,16:38:02.14,2,1,"Bilo, Michael",10091065,Right,GEO_PAT,"Fleck, Maddux",1000332432,Left,JMU_DUK,Undefined,5,Top,0,0,0,Fastball,Four-Seam,FoulBallNotFieldable,Undefined,Undefined,Undefined,0,0,,85.55826,-1.91518,-2.757988,2093.226465,212.540407,1:00,6.2187,1.08026,4.71018,-19.64273,21.07596,12.45469,2.7612,-0.50166,76.79233,-5.608367,-0.574124,0.45927,,,,,,,,,,,,-7.04788,11.40851,-0.81289,50,6.00845,5.37839,-123.62406,-4.79827,-10.71164,28.76172,-14.83492,GEO_PAT,JMU_DUK,SpuhlerFieldMain,D1,A10,20250415-SpuhlerFieldMain-1,86f6e1b0-1a39-11f0-b278-3921cf0bcfe8,82.07027,,,8.76593,,,,,,,13017037-8ec2-4735-9dcb-0898b1439113,2025-04-15,20:38:02.14,2025-04-15T16:38:02.1400064-04:00,2025-04-15T20:38:02.1400064Z,,v3,471300,471327,15 April 2025 15:00-jamesmad@georgemas,"Barenz, Nick",1000218914,Right,GEO_PAT,0e8ece40-6a8b-41c3-9861-303ad785fd8e,55.78958,-124.96377,14.38086,6.21587,-4.10726,-7.41746,-1.07504,5.87734,-5.35582,,,,,,,,,,,,,,,,,,,,,,,,,,,,,,,,,,,,,,,,,,,,,,,,,,,High,High,High,,,,,
163,2025-04-15,16:39:01.41,2,2,"Bilo, Michael",10091065,Right,GEO_PAT,"Fleck, Maddux",1000332432,Left,JMU_DUK,Undefined,5,Top,0,0,1,Splitter,Changeup,BallCalled,Undefined,Undefined,Undefined,0,0,,83.85689,-2.734264,-4.059345,1949.492987,223.673282,1:30,6.34931,0.92915,4.6579,-26.64462,15.26343,13.24347,1.52266,-1.83038,76.72932,-7.592153,-1.742319,0.465929,,,,,,,,,,,,-7.63886,8.63882,-0.52676,50,6.0456,8.00171,-121.17582,-6.7826,-11.35841,23.66841,-19.32875,GEO_PAT,JMU_DUK,SpuhlerFieldMain,D1,A10,20250415-SpuhlerFieldMain-1,aa3f5260-1a39-11f0-b278-3921cf0bcfe8,80.89731,,,7.12757,,,,,,,13017037-8ec2-4735-9dcb-0898b1439113,2025-04-15,20:39:01.41,2025-04-15T16:39:01.4112256-04:00,2025-04-15T20:39:01.4112256Z,,v3,471300,471327,15 April 2025 15:00-jamesmad@georgemas,"Barenz, Nick",1000218914,Right,GEO_PAT,b942a1aa-314d-4480-a009-88f69b183325,55.84404,-122.31197,11.8342,6.34891,-5.85476,-9.66437,-0.92395,8.54694,-5.67921,,,,,,,,,,,,,,,,,,,,,,,,,,,,,,,,,,,,,,,,,,,,,,,,,,,High,High,High,,,,,
164,2025-04-15,16:39:29.91,2,3,"Bilo, Michael",10091065,Right,GEO_PAT,"Fleck, Maddux",1000332432,Left,JMU_DUK,Undefined,5,Top,0,1,1,Splitter,Changeup,BallCalled,Undefined,Undefined,Undefined,0,0,,75.79928,0.728413,-1.945515,1330.371012,222.305099,1:30,6.38491,1.01255,4.34375,-43.27754,9.80524,6.95335,3.47494,-0.26778,67.53645,-7.154844,-0.733034,0.524382,,,,,,,,,,,,-4.0461,5.07819,-0.8106,50,6.42128,3.41199,-109.38091,-0.16026,-4.76436,24.33465,-26.19441,GEO_PAT,JMU_DUK,SpuhlerFieldMain,D1,A10,20250415-SpuhlerFieldMain-1,bb3d9a40-1a39-11f0-b278-3921cf0bcfe8,71.87968,,,8.26283,,,,,,,13017037-8ec2-4735-9dcb-0898b1439113,2025-04-15,20:39:29.91,2025-04-15T16:39:29.9129344-04:00,2025-04-15T20:39:29.9129344Z,,v3,471300,471327,15 April 2025 15:00-jamesmad@georgemas,"Barenz, Nick",1000218914,Right,GEO_PAT,0a5e5bee-a666-47ea-bbcf-c4770510cf50,56.152,-110.74112,12.16733,6.38932,1.30391,-13.09721,-1.00876,3.6783,-2.38218,,,,,,,,,,,,,,,,,,,,,,,,,,,,,,,,,,,,,,,,,,,,,,,,,,,High,High,High,,,,,
165,2025-04-15,16:39:48.32,2,4,"Bilo, Michael",10091065,Right,GEO_PAT,"Fleck, Maddux",1000332432,Left,JMU_DUK,Undefined,5,Top,0,2,1,Fastball,Changeup,FoulBallNotFieldable,Undefined,Undefined,Undefined,0,0,,84.93085,-1.508915,-2.254781,1939.565194,225.584317,1:30,6.37723,0.98472,4.68545,-22.03997,19.43773,18.17706,3.10627,0.35724,75.9626,-5.635027,0.933917,0.463531,21.35941,37.900433,-48.703591,1892.117237,,,,35.53902,33.83671,-45.42297,1.359112,-9.71583,10.49016,-0.7731,50,6.2053,3.99136,-122.73825,-3.99413,-14.49207,29.32066,-16.52705,GEO_PAT,JMU_DUK,SpuhlerFieldMain,D1,A10,20250415-SpuhlerFieldMain-1,c6458bf0-1a39-11f0-b278-3921cf0bcfe8,81.31591,9.03294,,8.96825,,,,2.85547,3.2218,-0.32612,13017037-8ec2-4735-9dcb-0898b1439113,2025-04-15,20:39:48.32,2025-04-15T16:39:48.3241472-04:00,2025-04-15T20:39:48.3241472Z,GroundBall,v3,471300,471327,15 April 2025 15:00-jamesmad@georgemas,"Barenz, Nick",1000218914,Right,GEO_PAT,e5cddea3-18b9-4956-9794-88b13233fceb,55.81423,-124.11942,14.66033,6.37511,-3.21561,-8.26352,-0.9772,4.67403,-7.24603,202.26941,2.85551,16.30755,-0.02729,-0.55448,1.88956,-2.60816,1.77183,-0.58302,0.07232,3.2218,19.24242,-15.99394,-0.18849,1.89271,-4.23646,4.26724,-2.04387,0.38159,-0.32611,-18.57436,0.27776,-0.37676,1.21303,-2.2762,2.11362,-0.95799,0.17084,,,,,,,,,,,,,,,,,,,,,,,High,High,High,High,High,,,
166,2025-04-15,16:40:35.53,2,5,"Bilo, Michael",10091065,Right,GEO_PAT,"Fleck, Maddux",1000332432,Left,JMU_DUK,Undefined,5,Top,0,2,2,Slider,Changeup,BallCalled,Undefined,Undefined,Undefined,0,0,,76.67858,-2.234816,-3.103504,1289.504955,280.00634,3:15,6.37849,0.94962,4.43753,-51.02188,-0.01583,10.39926,-0.00939,-1.14719,70.10149,-11.321586,-1.282387,0.514023,,,,,,,,,,,,-6.13103,1.07055,-0.63138,50,6.0912,5.57995,-110.81662,-6.21067,-7.51858,22.35796,-30.86119,GEO_PAT,JMU_DUK,SpuhlerFieldMain,D1,A10,20250415-SpuhlerFieldMain-1,e2728760-1a39-11f0-b278-3921cf0bcfe8,73.32835,,,6.57709,,,,,,,13017037-8ec2-4735-9dcb-0898b1439113,2025-04-15,20:40:35.53,2025-04-15T16:40:35.5373568-04:00,2025-04-15T20:40:35.5373568Z,,v3,471300,471327,15 April 2025 15:00-jamesmad@georgemas,"Barenz, Nick",1000218914,Right,GEO_PAT,212dfd3d-9eeb-483c-8d89-4d4bd1548926,56.06623,-112.03384,11.17898,6.38359,-4.53052,-15.4306,-0.94631,5.98928,-3.75929,,,,,,,,,,,,,,,,,,,,,,,,,,,,,,,,,,,,,,,,,,,,,,,,,,,High,High,High,,,,,
167,2025-04-15,16:40:57.10,2,6,"Bilo, Michael",10091065,Right,GEO_PAT,"Fleck, Maddux",1000332432,Left,JMU_DUK,Undefined,5,Top,0,3,2,Fastball,Four-Seam,InPlay,Undefined,FlyBall,Out,1,0,,85.51279,-2.823703,-2.687163,2049.395985,211.740575,1:00,6.22712,1.10796,4.79934,-16.80032,23.41816,13.61217,2.14621,-0.30594,77.61001,-5.991776,-0.296292,0.456441,77.0992,28.444027,-26.132122,3240.37139,94.92074,45.94396,-55.58818,275.47981,269.45434,-37.197669,3.792292,-7.52063,12.77737,-0.85262,50,5.93183,5.18341,-123.6733,-6.64291,-11.57415,26.12238,-12.5099,GEO_PAT,JMU_DUK,SpuhlerFieldMain,D1,A10,20250415-SpuhlerFieldMain-1,ef465f70-1a39-11f0-b278-3921cf0bcfe8,82.57903,50.13622,,7.90278,,,,2.01172,2.25185,0.27548,13017037-8ec2-4735-9dcb-0898b1439113,2025-04-15,20:40:57.10,2025-04-15T16:40:57.1028480-04:00,2025-04-15T20:40:57.1028480Z,LineDrive,v3,471300,471327,15 April 2025 15:00-jamesmad@georgemas,"Barenz, Nick",1000218914,Right,GEO_PAT,25a7923d-84f8-4655-b583-d4783f629f1a,55.70194,-124.87186,13.06119,6.22346,-6.06892,-6.25495,-1.10263,5.71447,-5.78708,141.373844,2.01114,89.28265,-17.16315,4.28011,-1.03711,0.29793,-0.07812,0.01248,-0.00083,2.2529,53.8275,-15.90675,0.24043,0.3586,-0.249,0.08104,-0.01275,0.00077,0.27548,-43.79251,0.13992,-0.11736,0.0339,-0.00692,0.00094,-8E-05,0,,,,,,,,,,,,,,,,,,,,,,,High,High,High,High,High,,,
168,2025-04-15,16:41:32.93,3,1,"Bilo, Michael",10091065,Right,GEO_PAT,"Langley, Kyle",10281913,Left,JMU_DUK,Undefined,5,Top,1,0,0,Splitter,Splitter,BallCalled,Undefined,Undefined,Undefined,0,0,,75.91078,1.313299,-0.245555,986.582494,249.053596,2:15,6.37291,1.15595,4.42603,-45.68156,6.42126,11.77253,3.8194,1.90271,68.43499,-6.964476,1.811593,0.51952,,,,,,,,,,,,-5.74603,3.25914,-1.14214,50,6.46854,-0.04026,-109.7796,0.8558,-6.89761,22.39511,-28.26175,GEO_PAT,JMU_DUK,SpuhlerFieldMain,D1,A10,20250415-SpuhlerFieldMain-1,0491ba50-1a3a-11f0-b278-3921cf0bcfe8,72.55249,,,7.47579,,,,,,,13017037-8ec2-4735-9dcb-0898b1439113,2025-04-15,20:41:32.93,2025-04-15T16:41:32.9346560-04:00,2025-04-15T20:41:32.9346560Z,,v3,471300,471327,15 April 2025 15:00-jamesmad@georgemas,"Barenz, Nick",1000218914,Right,GEO_PAT,b7baee63-2f86-4825-bfe6-ded81ec8d991,56.07197,-111.01137,11.19756,6.37872,2.41026,-14.13088,-1.15036,0.33912,-3.44881,,,,,,,,,,,,,,,,,,,,,,,,,,,,,,,,,,,,,,,,,,,,,,,,,,,High,High,High,,,,,
169,2025-04-15,16:41:49.41,3,2,"Bilo, Michael",10091065,Right,GEO_PAT,"Langley, Kyle",10281913,Left,JMU_DUK,Undefined,5,Top,1,1,0,Fastball,Four-Seam,InPlay,Undefined,FlyBall,Out,1,0,,86.00435,-1.778409,-1.620087,2017.062235,214.656703,1:15,6.27976,1.1229,4.7748,-18.09092,21.74135,14.04914,3.08498,0.75735,77.77616,-5.182771,0.848868,0.454244,74.67754,59.389174,-24.632578,,88.13077,112.48665,-65.82526,186.95132,89.68867,-39.69793,5.307533,-7.43378,11.64894,-0.9739,50,6.08707,2.87335,-124.50286,-4.46572,-11.54882,27.38598,-14.07669,GEO_PAT,JMU_DUK,SpuhlerFieldMain,D1,A10,20250415-SpuhlerFieldMain-1,0e737b80-1a3a-11f0-b278-3921cf0bcfe8,82.97844,113.19597,,8.22819,,,,2.39194,3.1619,-0.80094,13017037-8ec2-4735-9dcb-0898b1439113,2025-04-15,20:41:49.41,2025-04-15T16:41:49.4191104-04:00,2025-04-15T20:41:49.4191104Z,Popup,v3,471300,471327,15 April 2025 15:00-jamesmad@georgemas,"Barenz, Nick",1000218914,Right,GEO_PAT,d011347b-2073-4f13-9a5a-8d035d0a04cf,55.72605,-125.75606,13.69299,6.27669,-3.82156,-7.03835,-1.11748,3.40183,-5.77441,155.583945,2.39474,50.59588,-12.77783,2.42292,0.46151,-0.46406,0.13244,-0.01719,0.00085,3.14969,94.48595,-25.1301,3.65446,-1.21348,0.3112,-0.04378,0.00242,0,-0.7974,-23.33372,-0.98754,0.03233,0.51638,-0.30914,0.08251,-0.01062,0.00053,,,,,,,,,,,,,,,,,,,,,,,High,High,High,High,Low,,,
170,2025-04-15,16:42:29.64,4,1,"Bilo, Michael",10091065,Right,GEO_PAT,"Peifer, Wyatt",1000115813,Left,JMU_DUK,Undefined,5,Top,2,0,0,Fastball,Four-Seam,FoulBallNotFieldable,Undefined,Undefined,Undefined,0,0,,86.06777,-2.443847,-2.058272,2077.800722,217.693346,1:15,6.24578,1.18844,4.65178,-19.77414,20.30737,14.56202,2.27292,0.44536,77.75985,-6.132946,0.494953,0.455663,73.34433,2.421279,-173.639625,5805.140589,,,,78.74711,39.55064,-169.481093,0.836914,-7.59969,11.02816,-0.99141,50,5.97862,3.74914,-124.38894,-5.98283,-11.78848,27.26765,-15.06737,GEO_PAT,JMU_DUK,SpuhlerFieldMain,D1,A10,20250415-SpuhlerFieldMain-1,265e8780-1a3a-11f0-b278-3921cf0bcfe8,82.72004,2.9994,,8.30792,,,,3.29485,2.39947,-0.49374,13017037-8ec2-4735-9dcb-0898b1439113,2025-04-15,20:42:29.64,2025-04-15T16:42:29.6474112-04:00,2025-04-15T20:42:29.6474112Z,GroundBall,v3,471300,471327,15 April 2025 15:00-jamesmad@georgemas,"Barenz, Nick",1000218914,Right,GEO_PAT,ab724be6-802b-41f5-9a75-5962fee60be9,55.84361,-125.6634,13.63383,6.24179,-5.27859,-7.53368,-1.17952,4.30012,-5.89424,225.688162,3.24483,-106.00671,11.5595,,,,,,,2.38959,4.71141,-9.0295,,,,,,,-0.45977,-12.46191,-5.02186,,,,,,,,,,,,,,,,,,,,,,,,,,,,,High,High,High,Medium,Low,,,
171,2025-04-15,16:42:49.76,4,2,"Bilo, Michael",10091065,Right,GEO_PAT,"Peifer, Wyatt",1000115813,Left,JMU_DUK,Undefined,5,Top,2,0,1,Fastball,Changeup,StrikeSwinging,Undefined,Undefined,Undefined,0,0,,85.64914,-2.263758,-1.694401,1898.454752,229.533997,1:45,6.25328,1.23525,4.75382,-23.75407,16.21284,17.43036,2.12476,1.08033,78.11327,-6.631687,1.36973,0.455011,,,,,,,,,,,,-9.0926,9.0128,-1.08143,50,6.0055,2.87205,-124.05022,-5.77101,-14.11459,25.69653,-18.18337,GEO_PAT,JMU_DUK,SpuhlerFieldMain,D1,A10,20250415-SpuhlerFieldMain-1,3268f510-1a3a-11f0-b278-3921cf0bcfe8,82.83854,,,7.53587,,,,,,,13017037-8ec2-4735-9dcb-0898b1439113,2025-04-15,20:42:49.76,2025-04-15T16:42:49.7660928-04:00,2025-04-15T20:42:49.7660928Z,,v3,471300,471327,15 April 2025 15:00-jamesmad@georgemas,"Barenz, Nick",1000218914,Right,GEO_PAT,6cd830f4-1ff2-4707-96d5-fd8d9b3f1124,55.74835,-125.23531,12.84826,6.25231,-4.93241,-9.09169,-1.22889,3.523,-7.0573,,,,,,,,,,,,,,,,,,,,,,,,,,,,,,,,,,,,,,,,,,,,,,,,,,,High,High,High,,,,,
172,2025-04-15,16:43:11.71,4,3,"Bilo, Michael",10091065,Right,GEO_PAT,"Peifer, Wyatt",1000115813,Left,JMU_DUK,Undefined,5,Top,2,0,2,Fastball,Four-Seam,BallCalled,Undefined,Undefined,Undefined,0,0,,85.19512,-0.284217,-0.422493,2030.585269,219.163647,1:15,6.3273,1.10413,4.62092,-21.81816,19.66698,14.65737,4.2389,1.9239,75.73235,-4.388039,2.146503,0.463572,,,,,,,,,,,,-7.25394,10.1367,-1.07504,50,6.27962,0.20302,-123.09922,-1.35488,-10.82904,30.60736,-17.04149,GEO_PAT,JMU_DUK,SpuhlerFieldMain,D1,A10,20250415-SpuhlerFieldMain-1,3f706040-1a3a-11f0-b278-3921cf0bcfe8,81.30864,,,9.46277,,,,,,,13017037-8ec2-4735-9dcb-0898b1439113,2025-04-15,20:43:11.71,2025-04-15T16:43:11.7173248-04:00,2025-04-15T20:43:11.7173248Z,,v3,471300,471327,15 April 2025 15:00-jamesmad@georgemas,"Barenz, Nick",1000218914,Right,GEO_PAT,bb6c9b23-589b-4f6b-82d9-c113a4ffefa3,55.87487,-124.55138,15.30368,6.32472,-0.54635,-8.52075,-1.09685,0.7168,-5.41452,,,,,,,,,,,,,,,,,,,,,,,,,,,,,,,,,,,,,,,,,,,,,,,,,,,High,High,High,,,,,
173,2025-04-15,16:43:30.72,4,4,"Bilo, Michael",10091065,Right,GEO_PAT,"Peifer, Wyatt",1000115813,Left,JMU_DUK,Undefined,5,Top,2,1,2,Splitter,Splitter,FoulBallNotFieldable,Undefined,Undefined,Undefined,0,0,,76.07447,-0.17651,-1.55681,676.782723,292.199952,3:45,6.37641,1.1128,4.4599,-55.32865,-3.53181,13.28831,1.59732,0.73532,69.07775,-10.086196,0.772525,0.517992,,,,,,,,,,,,-7.03957,-1.23524,-0.96231,50,6.30391,2.43892,-110.10238,-2.38402,-8.48593,22.82676,-33.66306,GEO_PAT,JMU_DUK,SpuhlerFieldMain,D1,A10,20250415-SpuhlerFieldMain-1,4ae7b590-1a3a-11f0-b278-3921cf0bcfe8,72.76645,,,6.99672,,,,,,,13017037-8ec2-4735-9dcb-0898b1439113,2025-04-15,20:43:30.72,2025-04-15T16:43:30.7241984-04:00,2025-04-15T20:43:30.7241984Z,,v3,471300,471327,15 April 2025 15:00-jamesmad@georgemas,"Barenz, Nick",1000218914,Right,GEO_PAT,34119342-d89e-454b-80ca-8c83c46ef105,56.04325,-111.34823,11.41338,6.38389,-0.54673,-16.83153,-1.10806,2.90208,-4.24297,,,,,,,,,,,,,,,,,,,,,,,,,,,,,,,,,,,,,,,,,,,,,,,,,,,High,High,High,,,,,
174,2025-04-15,16:43:51.99,4,5,"Bilo, Michael",10091065,Right,GEO_PAT,"Peifer, Wyatt",1000115813,Left,JMU_DUK,Undefined,5,Top,2,1,2,Fastball,Changeup,InPlay,Undefined,LineDrive,Double,0,1,,86.33572,-2.726477,-2.077849,1991.315844,221.137567,1:15,6.27688,1.11623,4.95058,-20.45438,18.4221,14.9982,1.99227,0.40171,79.10188,-6.513591,0.566834,0.448761,106.52901,18.278397,8.50309,909.59476,108.92117,31.78725,15.36521,331.16387,331.16387,6.445422,3.314699,-8.04418,10.24812,-0.92778,50,5.99579,3.86739,-125.09009,-6.67246,-12.76702,24.8391,-15.90915,GEO_PAT,JMU_DUK,SpuhlerFieldMain,D1,A10,20250415-SpuhlerFieldMain-1,57838db0-1a3a-11f0-b278-3921cf0bcfe8,83.99227,40.00419,,7.23385,,,,2.15941,2.0776,-0.38772,13017037-8ec2-4735-9dcb-0898b1439113,2025-04-15,20:43:51.99,2025-04-15T16:43:51.9986688-04:00,2025-04-15T20:43:51.9986688Z,LineDrive,v3,471300,471327,15 April 2025 15:00-jamesmad@georgemas,"Barenz, Nick",1000218914,Right,GEO_PAT,0d8d3a8a-6179-4bd5-ab9c-e5cb2df08d5d,55.55242,-126.18781,12.41955,6.27513,-5.96938,-7.95458,-1.11116,4.43161,-6.38351,182.935987,2.15951,146.71964,-27.88933,6.99218,-1.29773,0.12509,0.00924,-0.00436,0.0004,2.07753,49.00987,-16.47103,0.43648,-0.12556,0.12707,-0.05121,0.00998,-0.00076,-0.38772,21.93944,-3.75437,-0.02838,0.07165,0.02132,-0.01612,0.00345,-0.00026,,,,,,,,,,,,,,,,,,,,,,,High,High,High,High,High,,,
175,2025-04-15,16:44:34.46,5,1,"Bilo, Michael",10091065,Right,GEO_PAT,"Calabrese, Coleman",1000091807,Right,JMU_DUK,Undefined,5,Top,2,0,0,Splitter,Curveball,BallCalled,Undefined,Undefined,Undefined,0,0,,76.70638,1.946624,-1.889405,1699.784402,199.402105,12:45,6.16409,1.13371,4.54312,-47.93101,3.06272,0.4078,4.02491,-0.63183,68.93094,-6.743509,-1.818079,0.513961,,,,,,,,,,,,-0.82634,1.40315,-0.93728,50,6.32236,3.6387,-110.83699,2.01622,-1.00871,23.26871,-30.46126,GEO_PAT,JMU_DUK,SpuhlerFieldMain,D1,A10,20250415-SpuhlerFieldMain-1,70c5ec50-1a3a-11f0-b278-3921cf0bcfe8,73.33723,,,7.77544,,,,,,,13017037-8ec2-4735-9dcb-0898b1439113,2025-04-15,20:44:34.46,2025-04-15T16:44:34.4612864-04:00,2025-04-15T20:44:34.4612864Z,,v3,471300,471327,15 April 2025 15:00-jamesmad@georgemas,"Barenz, Nick",1000218914,Right,GEO_PAT,c21d78bd-6760-4234-9844-51888227b7f3,55.95516,-112.08022,11.63435,6.17116,3.64374,-15.23063,-1.13313,3.6926,-0.50435,,,,,,,,,,,,,,,,,,,,,,,,,,,,,,,,,,,,,,,,,,,,,,,,,,,High,High,High,,,,,
176,2025-04-15,16:44:53.16,5,2,"Bilo, Michael",10091065,Right,GEO_PAT,"Calabrese, Coleman",1000091807,Right,JMU_DUK,Undefined,5,Top,2,1,0,Slider,Changeup,BallCalled,Undefined,Undefined,Undefined,0,0,,76.04641,-1.366834,-3.211328,1651.639687,255.922973,2:30,6.22365,1.04841,4.93947,-48.42727,2.53862,2.78276,0.89389,-1.7581,69.23515,-10.11501,-2.720497,0.51382,,,,,,,,,,,,-2.4376,2.13398,-0.73835,50,6.05039,6.06155,-109.98361,-4.28537,-2.93792,22.42513,-29.60207,GEO_PAT,JMU_DUK,SpuhlerFieldMain,D1,A10,20250415-SpuhlerFieldMain-1,7c031ed0-1a3a-11f0-b278-3921cf0bcfe8,73.35725,,,6.81127,,,,,,,13017037-8ec2-4735-9dcb-0898b1439113,2025-04-15,20:44:53.16,2025-04-15T16:44:53.1698176-04:00,2025-04-15T20:44:53.1698176Z,,v3,471300,471327,15 April 2025 15:00-jamesmad@georgemas,"Barenz, Nick",1000218914,Right,GEO_PAT,026c0bf2-a52a-4420-97a2-881389e8a809,55.56275,-111.11204,11.21257,6.22855,-2.79579,-14.80103,-1.04709,6.20938,-1.46896,,,,,,,,,,,,,,,,,,,,,,,,,,,,,,,,,,,,,,,,,,,,,,,,,,,High,High,High,,,,,
177,2025-04-15,16:45:10.54,5,3,"Bilo, Michael",10091065,Right,GEO_PAT,"Calabrese, Coleman",1000091807,Right,JMU_DUK,Undefined,5,Top,2,2,0,Fastball,Changeup,FoulBallNotFieldable,Undefined,Undefined,Undefined,0,0,,86.66816,-1.506618,-3.012489,1902.569603,225.704951,1:30,6.27583,1.04702,4.80308,-23.14635,16.08836,15.05792,2.91708,-0.55525,78.40564,-5.79402,-0.36745,0.450824,81.68071,46.499543,72.706727,5320.993088,,,,,81.74464,,,-8.36146,8.77449,-0.76071,50,6.10635,5.89967,-125.37348,-4.13957,-13.17623,27.70092,-18.34694,GEO_PAT,JMU_DUK,SpuhlerFieldMain,D1,A10,20250415-SpuhlerFieldMain-1,865c0bd0-1a3a-11f0-b278-3921cf0bcfe8,83.60795,81.0749,,8.26252,,,,1.47435,3.57615,-0.25832,13017037-8ec2-4735-9dcb-0898b1439113,2025-04-15,20:45:10.54,2025-04-15T16:45:10.5496576-04:00,2025-04-15T20:45:10.5496576Z,,v3,471300,471327,15 April 2025 15:00-jamesmad@georgemas,"Barenz, Nick",1000218914,Right,GEO_PAT,0fe313ed-f60b-47d8-9429-7537bda89de4,55.69799,-126.62618,13.85046,6.27479,-3.30989,-9.17347,-1.04098,6.49552,-6.58812,,1.47435,24.51357,-17.46533,6.48998,-1.92806,0.52581,-0.13903,0.03135,-0.00406,3.57615,86.89789,-23.96512,1.83357,0.0299,-0.11368,0.03968,-0.00653,0.00036,-0.25832,78.7366,-18.63415,4.83406,-1.08152,0.23723,-0.06482,0.01919,-0.00322,,,,,,,,,,,,,,,,,,,,,,,High,High,High,Medium,Undefined,,,
178,2025-04-15,16:45:30.71,5,4,"Bilo, Michael",10091065,Right,GEO_PAT,"Calabrese, Coleman",1000091807,Right,JMU_DUK,Undefined,5,Top,2,2,1,Fastball,Changeup,BallCalled,Undefined,Undefined,Undefined,0,0,,85.55316,-3.711524,-2.920246,1930.021899,220.963732,1:15,6.25343,1.01313,4.95982,-22.46576,18.17729,14.37296,0.86513,-0.55058,76.71714,-7.8999,-0.386738,0.458843,,,,,,,,,,,,-8.18674,10.73906,-0.74279,50,5.87557,5.65324,-123.42384,-8.77818,-12.33984,29.79757,-15.98708,GEO_PAT,JMU_DUK,SpuhlerFieldMain,D1,A10,20250415-SpuhlerFieldMain-1,925a6b70-1a3a-11f0-b278-3921cf0bcfe8,82.14661,,,8.83602,,,,,,,13017037-8ec2-4735-9dcb-0898b1439113,2025-04-15,20:45:30.71,2025-04-15T16:45:30.7105792-04:00,2025-04-15T20:45:30.7105792Z,,v3,471300,471327,15 April 2025 15:00-jamesmad@georgemas,"Barenz, Nick",1000218914,Right,GEO_PAT,c40fde4c-f1f9-42cd-b1c0-7bb3fdf94601,55.54053,-124.75429,14.89878,6.25158,-8.06436,-7.99354,-1.00751,6.20421,-6.16992,,,,,,,,,,,,,,,,,,,,,,,,,,,,,,,,,,,,,,,,,,,,,,,,,,,High,High,High,,,,,
179,2025-04-15,16:45:50.48,5,5,"Bilo, Michael",10091065,Right,GEO_PAT,"Calabrese, Coleman",1000091807,Right,JMU_DUK,Undefined,5,Top,2,3,1,Fastball,Sinker,BallCalled,Walk,Undefined,Undefined,0,0,,85.98683,0.275708,-2.315022,2004.26602,228.570474,1:30,6.31023,1.1374,4.82568,-23.11253,16.81131,17.40623,4.64554,0.39406,77.32972,-4.035178,0.744923,0.454766,,,,,,,,,,,,-9.23741,8.57599,-0.92336,50,6.31871,4.2072,-124.41639,-0.21365,-14.28191,28.13659,-18.91475,GEO_PAT,JMU_DUK,SpuhlerFieldMain,D1,A10,20250415-SpuhlerFieldMain-1,9e0b6e60-1a3a-11f0-b278-3921cf0bcfe8,82.88323,,,8.65711,,,,,,,13017037-8ec2-4735-9dcb-0898b1439113,2025-04-15,20:45:50.48,2025-04-15T16:45:50.4835584-04:00,2025-04-15T20:45:50.4835584Z,,v3,471300,471327,15 April 2025 15:00-jamesmad@georgemas,"Barenz, Nick",1000218914,Right,GEO_PAT,f8d8ed4b-9b55-4f65-97d2-8e1e029a36c4,55.67299,-125.69278,14.0683,6.30894,0.6444,-9.45738,-1.12891,4.85509,-7.14095,,,,,,,,,,,,,,,,,,,,,,,,,,,,,,,,,,,,,,,,,,,,,,,,,,,High,High,High,,,,,
180,2025-04-15,16:46:35.12,6,1,"Bilo, Michael",10091065,Right,GEO_PAT,"Tone, Jackson",1000349742,Left,JMU_DUK,Undefined,5,Top,2,0,0,Splitter,Splitter,StrikeCalled,Undefined,Undefined,Undefined,0,0,,77.92219,0.056927,-1.82379,986.331108,243.272709,2:00,6.37107,1.04006,4.60954,-41.1101,7.79595,12.01127,2.99939,0.30613,70.59944,-7.407293,0.282307,0.50333,,,,,,,,,,,,-6.41642,4.29796,-0.86398,50,6.3396,3.07123,-112.76999,-1.37816,-8.16301,22.81541,-26.70615,GEO_PAT,JMU_DUK,SpuhlerFieldMain,D1,A10,20250415-SpuhlerFieldMain-1,b8afce00-1a3a-11f0-b278-3921cf0bcfe8,74.88615,,,7.32275,,,,,,,13017037-8ec2-4735-9dcb-0898b1439113,2025-04-15,20:46:35.12,2025-04-15T16:46:35.1219712-04:00,2025-04-15T20:46:35.1219712Z,,v3,471300,471327,15 April 2025 15:00-jamesmad@georgemas,"Barenz, Nick",1000218914,Right,GEO_PAT,85ac10b4-760c-4841-9e9f-445736eb643d,55.88985,-113.95538,11.40771,6.37515,0.00938,-13.35307,-1.03456,3.49534,-4.08151,,,,,,,,,,,,,,,,,,,,,,,,,,,,,,,,,,,,,,,,,,,,,,,,,,,High,High,High,,,,,
181,2025-04-15,16:46:53.14,6,2,"Bilo, Michael",10091065,Right,GEO_PAT,"Tone, Jackson",1000349742,Left,JMU_DUK,Undefined,5,Top,2,0,1,Fastball,Sinker,FoulBallNotFieldable,Undefined,Undefined,Undefined,0,0,,86.0649,-2.559606,-2.186191,2022.675224,231.474465,1:45,6.2799,1.2035,4.83944,-22.27438,17.58721,20.24974,1.99661,0.81985,77.74603,-6.695559,1.37794,0.454411,69.53932,55.735255,-118.94055,3421.094952,,,,,26.11195,,,-10.70331,9.89355,-1.00562,50,6.00815,3.82072,-124.47506,-6.35032,-16.56457,28.15391,-16.86267,GEO_PAT,JMU_DUK,SpuhlerFieldMain,D1,A10,20250415-SpuhlerFieldMain-1,c37a1a70-1a3a-11f0-b278-3921cf0bcfe8,82.94793,35.62267,,8.31886,,,,2.10646,1.94353,-0.62735,13017037-8ec2-4735-9dcb-0898b1439113,2025-04-15,20:46:53.14,2025-04-15T16:46:53.1401728-04:00,2025-04-15T20:46:53.1401728Z,,v3,471300,471327,15 April 2025 15:00-jamesmad@georgemas,"Barenz, Nick",1000218914,Right,GEO_PAT,06c95719-d7bf-4005-8fc5-5f0f07d0e695,55.66174,-125.74912,14.07696,6.27826,-5.58722,-8.43133,-1.19548,4.57032,-8.28228,29.69938,2.12152,-28.2129,-3.21764,,,,,,,1.97235,83.48668,-29.28566,,,,,,,-0.63863,-49.93896,7.91408,,,,,,,,,,,,,,,,,,,,,,,,,,,,,High,High,High,Medium,Undefined,,,
182,2025-04-15,16:47:14.77,6,3,"Bilo, Michael",10091065,Right,GEO_PAT,"Tone, Jackson",1000349742,Left,JMU_DUK,Undefined,5,Top,2,0,2,Fastball,Four-Seam,BallCalled,Undefined,Undefined,Undefined,0,0,,86.10823,0.361888,-1.742506,1991.02943,219.004468,1:15,6.30582,1.18875,4.77245,-20.0897,19.8019,14.86379,4.97494,0.77486,77.36937,-3.417207,0.868636,0.454582,,,,,,,,,,,,-7.78552,9.98347,-1.02786,50,6.32564,3.07985,-124.59651,0.11251,-12.06836,28.2879,-16.69865,GEO_PAT,JMU_DUK,SpuhlerFieldMain,D1,A10,20250415-SpuhlerFieldMain-1,d04ae540-1a3a-11f0-b278-3921cf0bcfe8,82.91671,,,8.73887,,,,,,,13017037-8ec2-4735-9dcb-0898b1439113,2025-04-15,20:47:14.77,2025-04-15T16:47:14.7770880-04:00,2025-04-15T20:47:14.7770880Z,,v3,471300,471327,15 April 2025 15:00-jamesmad@georgemas,"Barenz, Nick",1000218914,Right,GEO_PAT,62e3799d-f9c6-4031-bd3e-70168b1e3867,55.72519,-125.88962,14.14395,6.30305,0.87585,-8.34932,-1.18125,3.63152,-6.03418,,,,,,,,,,,,,,,,,,,,,,,,,,,,,,,,,,,,,,,,,,,,,,,,,,,High,High,High,,,,,
183,2025-04-15,16:47:33.64,6,4,"Bilo, Michael",10091065,Right,GEO_PAT,"Tone, Jackson",1000349742,Left,JMU_DUK,Undefined,5,Top,2,1,2,Splitter,Splitter,FoulBallNotFieldable,Undefined,Undefined,Undefined,0,0,,77.75093,0.049423,-1.424172,982.233764,270.632569,3:00,6.32513,1.09218,4.4924,-48.22518,1.84173,15.05351,2.35348,0.98917,69.60628,-8.673751,1.212997,0.509269,,,,,,,,,,,,-7.91678,1.34087,-0.9583,50,6.28445,2.14998,-112.3687,-1.68518,-9.82975,25.8427,-30.50919,GEO_PAT,JMU_DUK,SpuhlerFieldMain,D1,A10,20250415-SpuhlerFieldMain-1,dbae8b80-1a3a-11f0-b278-3921cf0bcfe8,74.01289,,,8.14465,,,,,,,13017037-8ec2-4735-9dcb-0898b1439113,2025-04-15,20:47:33.64,2025-04-15T16:47:33.6473600-04:00,2025-04-15T20:47:33.6473600Z,,v3,471300,471327,15 April 2025 15:00-jamesmad@georgemas,"Barenz, Nick",1000218914,Right,GEO_PAT,44df5b4c-1956-4c58-a2ee-e34fdfab6769,56.00843,-113.74213,12.92135,6.33092,-0.06374,-15.25459,-1.08644,2.6724,-4.91487,,,,,,,,,,,,,,,,,,,,,,,,,,,,,,,,,,,,,,,,,,,,,,,,,,,High,High,High,,,,,
184,2025-04-15,16:47:53.79,6,5,"Bilo, Michael",10091065,Right,GEO_PAT,"Tone, Jackson",1000349742,Left,JMU_DUK,Undefined,5,Top,2,1,2,Fastball,Four-Seam,InPlay,Undefined,Popup,Out,1,0,,85.61719,-1.69992,-1.430925,1985.530234,224.083394,1:30,6.29419,1.27194,4.66786,-22.951,17.65714,15.62721,2.76587,1.21469,77.04173,-5.961451,1.311323,0.458646,76.12817,70.271108,-34.315012,,62.20043,92.88792,-90.72544,138.44583,53.31469,-56.615791,5.5771,-8.16402,9.63217,-1.14131,50,6.1012,2.36792,-123.84596,-4.49765,-12.46365,28.66424,-17.46906,GEO_PAT,JMU_DUK,SpuhlerFieldMain,D1,A10,20250415-SpuhlerFieldMain-1,e7a39c50-1a3a-11f0-b278-3921cf0bcfe8,82.18193,130.9753,,8.57545,,,,2.23609,2.66301,-1.14178,13017037-8ec2-4735-9dcb-0898b1439113,2025-04-15,20:47:53.79,2025-04-15T16:47:53.7900032-04:00,2025-04-15T20:47:53.7900032Z,Popup,v3,471300,471327,15 April 2025 15:00-jamesmad@georgemas,"Barenz, Nick",1000218914,Right,GEO_PAT,badad345-565d-42ff-aef8-51bfdd6bfc4e,55.83251,-125.18862,14.33212,6.29271,-3.67938,-8.73453,-1.2659,2.95173,-6.23182,160.824208,2.23255,31.12819,-10.36958,2.43782,0.0557,-0.25356,0.08173,-0.01127,0.00058,2.65904,105.15466,-26.99153,3.30104,-0.62485,0.0794,-0.00503,-0.00015,3E-05,-1.154,-21.05686,-2.08026,1.59443,-0.65702,0.16126,-0.01984,0.00081,2E-05,,,,,,,,,,,,,,,,,,,,,,,High,High,High,High,Low,,,
185,2025-04-15,16:50:20.47,1,1,"McKinney, Holden",10321643,Right,JMU_DUK,"Alberti, Lucas",1000145512,Right,GEO_PAT,Undefined,5,Bottom,0,0,0,Fastball,Sinker,BallCalled,Undefined,Undefined,Undefined,0,0,,90.37107,-1.917411,-1.298182,2138.644492,238.72388,2:00,6.20342,1.60046,4.82542,-23.2936,12.39497,18.49903,2.44506,1.91226,82.58761,-6.186401,1.958873,0.429968,,,,,,,,,,,,-9.41434,6.98304,-1.48824,50,5.99354,2.05975,-130.98052,-5.29444,-16.34093,27.88288,-20.05329,GEO_PAT,JMU_DUK,SpuhlerFieldMain,D1,A10,20250415-SpuhlerFieldMain-1,3ef2d660-1a3b-11f0-b278-3921cf0bcfe8,87.66341,,,7.78345,,,,,,,13017037-8ec2-4735-9dcb-0898b1439113,2025-04-15,20:50:20.47,2025-04-15T16:50:20.4717056-04:00,2025-04-15T20:50:20.4717056Z,,v3,471300,471327,15 April 2025 15:00-jamesmad@georgemas,"Williams, Jp",1000135328,Right,JMU_DUK,5e73e785-836f-499c-9346-7f7d8f20fd29,55.67578,-132.18325,13.94144,6.20326,-4.42944,-10.02664,-1.59229,2.76461,-8.17046,,,,,,,,,,,,,,,,,,,,,,,,,,,,,,,,,,,,,,,,,,,,,,,,,,,High,High,High,,,,,
186,2025-04-15,16:50:34.24,1,2,"McKinney, Holden",10321643,Right,JMU_DUK,"Alberti, Lucas",1000145512,Right,GEO_PAT,Undefined,5,Bottom,0,1,0,Fastball,Sinker,StrikeCalled,Undefined,Undefined,Undefined,0,0,,91.46587,-1.210205,-3.09151,2141.358093,240.617181,2:00,6.27639,1.60083,5.20612,-24.04757,10.73363,16.83355,3.13239,0.09321,82.52325,-5.670169,-0.111812,0.424467,,,,,,,,,,,,-9.26721,6.09914,-1.32725,50,6.14655,6.3265,-132.3456,-3.70315,-16.23611,31.45858,-21.4884,GEO_PAT,JMU_DUK,SpuhlerFieldMain,D1,A10,20250415-SpuhlerFieldMain-1,472a1be0-1a3b-11f0-b278-3921cf0bcfe8,88.79946,,,8.94263,,,,,,,13017037-8ec2-4735-9dcb-0898b1439113,2025-04-15,20:50:34.24,2025-04-15T16:50:34.2482432-04:00,2025-04-15T20:50:34.2482432Z,,v3,471300,471327,15 April 2025 15:00-jamesmad@georgemas,"Williams, Jp",1000135328,Right,JMU_DUK,b8447d85-e91c-47ca-9b24-587417303834,55.29261,-133.59773,15.72929,6.27692,-2.84786,-10.7442,-1.59192,6.97274,-8.11805,,,,,,,,,,,,,,,,,,,,,,,,,,,,,,,,,,,,,,,,,,,,,,,,,,,High,High,High,,,,,
187,2025-04-15,16:50:48.69,1,3,"McKinney, Holden",10321643,Right,JMU_DUK,"Alberti, Lucas",1000145512,Right,GEO_PAT,Undefined,5,Bottom,0,1,1,Fastball,Sinker,InPlay,Undefined,GroundBall,Single,0,0,,91.0219,-2.175213,-3.612394,2088.590488,242.184022,2:00,6.26974,1.74765,4.96787,-25.25478,10.60859,17.42332,2.10524,-0.21744,81.41666,-6.843735,-0.542983,0.43102,49.74383,-77.742979,-65.949153,,,,,1.43443,1.43443,-7.782391,0.029047,-9.86016,6.38835,-1.41297,50,6.0388,7.44653,-131.39187,-5.97263,-16.84237,33.7805,-21.26199,GEO_PAT,JMU_DUK,SpuhlerFieldMain,D1,A10,20250415-SpuhlerFieldMain-1,4fe118b0-1a3b-11f0-b278-3921cf0bcfe8,87.44948,2.08362,,9.60524,,,,1.23674,2.08362,0.21913,13017037-8ec2-4735-9dcb-0898b1439113,2025-04-15,20:50:48.69,2025-04-15T16:50:48.6989824-04:00,2025-04-15T20:50:48.6989824Z,GroundBall,v3,471300,471327,15 April 2025 15:00-jamesmad@georgemas,"Williams, Jp",1000135328,Right,JMU_DUK,d6905270-d258-4088-9a6c-f80d10f04f79,55.53145,-132.80638,16.89025,6.27026,-5.08232,-10.63099,-1.73954,8.15178,-8.42118,,1.23655,6.35121,,,,,,,,2.08567,-71.73315,,,,,,,,0.21954,-14.23106,,,,,,,,,,,,,,,,,,,,,,,,,,,,,,High,High,High,Estimated,Estimated,,,
188,2025-04-15,16:51:45.21,2,1,"McKinney, Holden",10321643,Right,JMU_DUK,"Wall, Jonny",1000119703,Right,GEO_PAT,Undefined,5,Bottom,0,0,0,Fastball,Sinker,FoulBallNotFieldable,Undefined,Undefined,Undefined,0,0,,91.45082,-1.746276,-2.629985,2077.824092,238.93299,2:00,6.25456,1.6684,4.96173,-21.21895,13.69824,20.73289,2.83423,0.90965,82.94254,-5.677429,1.025532,0.425296,,,,,,,,,,,,-11.16701,7.65808,-1.43197,50,6.06842,5.10242,-132.44083,-4.84334,-19.67298,30.43592,-18.68281,GEO_PAT,JMU_DUK,SpuhlerFieldMain,D1,A10,20250415-SpuhlerFieldMain-1,71896df0-1a3b-11f0-b278-3921cf0bcfe8,88.62643,,,8.50828,,,,,,,13017037-8ec2-4735-9dcb-0898b1439113,2025-04-15,20:51:45.21,2025-04-15T16:51:45.2180480-04:00,2025-04-15T20:51:45.2180480Z,,v3,471300,471327,15 April 2025 15:00-jamesmad@georgemas,"Williams, Jp",1000135328,Right,JMU_DUK,edb8ab65-193d-4c06-8773-ba6bcce681e8,55.54174,-133.7083,15.21796,6.25392,-4.06532,-9.34141,-1.66151,5.92168,-9.83649,,,,,,,,,,,,,,,,,,,,,,,,,,,,,,,,,,,,,,,,,,,,,,,,,,,High,High,High,,,,,
189,2025-04-15,16:52:22.73,2,2,"McKinney, Holden",10321643,Right,JMU_DUK,"Wall, Jonny",1000119703,Right,GEO_PAT,Undefined,5,Bottom,0,0,1,Fastball,Sinker,StrikeCalled,Undefined,Undefined,Undefined,1,0,,92.15227,-2.760124,-2.103244,2083.198554,226.202167,1:30,6.2083,1.61329,5.10112,-15.86076,18.70757,18.14355,2.28183,1.14239,82.78483,-5.769927,1.104501,0.423166,,,,,,,,,,,,-9.66363,10.55489,-1.42949,50,5.93579,4.00458,-133.24182,-6.94939,-17.07303,33.23195,-13.52644,GEO_PAT,JMU_DUK,SpuhlerFieldMain,D1,A10,20250415-SpuhlerFieldMain-1,87d2fef0-1a3b-11f0-b278-3921cf0bcfe8,89.07249,,,9.36744,,,,,,,13017037-8ec2-4735-9dcb-0898b1439113,2025-04-15,20:52:22.73,2025-04-15T16:52:22.7370000-04:00,2025-04-15T20:52:22.7370000Z,,v3,471300,471327,15 April 2025 15:00-jamesmad@georgemas,"Williams, Jp",1000135328,Right,JMU_DUK,1d8f4758-14d4-4e79-9d24-0f94a96ea23d,55.39815,-134.58144,16.61597,6.20494,-6.40412,-6.76322,-1.60479,4.69282,-8.53652,,,,,,,,,,,,,,,,,,,,,,,,,,,,,77.91487,1.792289,0.963994,0.828296,-0.92782,2.04157,-1.19045,-1.51456,6.06016,-4.20223,63.51818,-0.39681,-61.26028,-1.50444,82.72676,-5.13408,6.07106,2.8437,-12.89776,-4.23993,-77.91773,11.07892,High,High,High,,,High,High,High
190,2025-04-15,16:52:55.56,2,3,"McKinney, Holden",10321643,Right,JMU_DUK,"Wall, Jonny",1000119703,Right,GEO_PAT,Undefined,5,Bottom,1,0,2,Fastball,Four-Seam,BallCalled,Undefined,Undefined,Undefined,0,0,,94.12906,-1.683856,-4.101553,2123.106038,215.885616,1:15,6.2878,1.40349,5.20498,-12.49843,20.34946,13.87127,3.65802,-1.3048,84.87537,-4.094408,-1.652992,0.412501,,,,,,,,,,,,-8.09859,10.9502,-1.03376,50,6.1226,9.0617,-136.04808,-4.3772,-15.03442,32.49511,-11.84581,GEO_PAT,JMU_DUK,SpuhlerFieldMain,D1,A10,20250415-SpuhlerFieldMain-1,9b65d460-1a3b-11f0-b278-3921cf0bcfe8,91.37538,,,9.25369,,,,,,,13017037-8ec2-4735-9dcb-0898b1439113,2025-04-15,20:52:55.56,2025-04-15T16:52:55.5612160-04:00,2025-04-15T20:52:55.5612160Z,,v3,471300,471327,15 April 2025 15:00-jamesmad@georgemas,"Williams, Jp",1000135328,Right,JMU_DUK,3afc8801-ce48-4d8b-bf65-c8537274b18c,55.29382,-137.30668,16.24755,6.28325,-3.91838,-5.9229,-1.39601,9.64401,-7.51721,,,,,,,,,,,,,,,,,,,,,,,,,,,,,,,,,,,,,,,,,,,,,,,,,,,High,High,High,,,,,
191,2025-04-15,16:53:10.93,2,4,"McKinney, Holden",10321643,Right,JMU_DUK,"Wall, Jonny",1000119703,Right,GEO_PAT,Undefined,5,Bottom,1,1,2,Fastball,Sinker,InPlay,Undefined,Popup,Out,1,0,,92.69322,-1.184483,-2.725955,2211.751628,239.633138,2:00,6.1823,1.6649,5.05714,-20.15729,14.03993,21.76773,3.38401,0.90607,83.15901,-4.957195,1.117774,0.420888,69.63698,62.662209,-6.528847,,,,,134.30289,134.12538,-6.090307,5.142141,-11.71942,7.71733,-1.42369,50,6.05415,5.32138,-134.10846,-3.51895,-20.95569,33.91328,-18.37456,GEO_PAT,JMU_DUK,SpuhlerFieldMain,D1,A10,20250415-SpuhlerFieldMain-1,a4aed800-1a3b-11f0-b278-3921cf0bcfe8,89.55449,107.60296,,9.53422,,,,2.01009,3.52344,-0.90443,13017037-8ec2-4735-9dcb-0898b1439113,2025-04-15,20:53:10.93,2025-04-15T16:53:10.9329408-04:00,2025-04-15T20:53:10.9329408Z,Popup,v3,471300,471327,15 April 2025 15:00-jamesmad@georgemas,"Williams, Jp",1000135328,Right,JMU_DUK,77988074-b18f-43ce-86d0-e500a44ea276,55.44379,-135.47809,16.95664,6.18128,-2.77687,-9.18728,-1.65569,6.1677,-10.47784,180.430634,2.00836,46.61137,-13.59211,4.26033,-0.78461,0.03595,0.02147,-0.00488,0.00032,3.50385,91.12061,-25.10388,4.68501,-2.286,0.86483,-0.19345,0.02229,-0.00102,-0.90446,-5.32928,1.67637,-0.47475,0.05896,0.01116,-0.00625,0.00103,-6E-05,,,,,,,,,,,,,,,,,,,,,,,High,High,High,High,Medium,,,
192,,,3,1,"McKinney, Holden",10321643,Right,JMU_DUK,"Hueber, Toby",1000091691,Right,GEO_PAT,Undefined,5,Bottom,2,0,0,Fastball,,InPlay,Undefined,GroundBall,Out,1,0,,,,,,,,,,,,,,,,,,,,,,,,,,,,,,,,,,,,,,,,,,GEO_PAT,JMU_DUK,SpuhlerFieldMain,D1,A10,20250415-SpuhlerFieldMain-1,be6fb570-1a3b-11f0-b278-3921cf0bcfe8,,,,,,,,,,,13017037-8ec2-4735-9dcb-0898b1439113,,,,,,v3,471300,471327,15 April 2025 15:00-jamesmad@georgemas,"Williams, Jp",1000135328,Right,JMU_DUK,,,,,,,,,,,,,,,,,,,,,,,,,,,,,,,,,,,,,,,,,,,,,,,,,,,,,,,,,,,,,,,,,,,,
193,2025-04-15,16:57:03.10,1,1,"Rumberg, Logan",1000216384,Right,GEO_PAT,"Moody, Reece",1000361026,Right,JMU_DUK,Undefined,6,Top,0,0,0,Fastball,Four-Seam,BallCalled,Undefined,Undefined,Undefined,0,0,,92.39422,-1.465801,-3.859,2283.562564,191.573658,12:30,5.65593,1.9879,6.13383,-11.79005,21.28907,4.10949,3.31519,-1.24198,82.98576,-3.797281,-3.121203,0.41395,,,,,,,,,,,,-3.36362,11.77296,-1.69469,50,5.53735,8.83796,-133.70545,-3.68144,-5.98775,33.30019,-11.21644,GEO_PAT,JMU_DUK,SpuhlerFieldMain,D1,A10,20250415-SpuhlerFieldMain-1,2eee1440-1a3c-11f0-b278-3921cf0bcfe8,91.05548,,,9.40846,,,,,,,13017037-8ec2-4735-9dcb-0898b1439113,2025-04-15,20:57:03.10,2025-04-15T16:57:03.1077376-04:00,2025-04-15T20:57:03.1077376Z,,v3,471300,471327,15 April 2025 15:00-jamesmad@georgemas,"Barenz, Nick",1000218914,Right,GEO_PAT,654d8d33-112b-42bf-8244-06bf3ce443ad,54.364,-134.78795,16.65009,5.6511,-3.31682,-5.60822,-1.98515,9.03261,-2.99387,,,,,,,,,,,,,,,,,,,,,,,,,,,,,,,,,,,,,,,,,,,,,,,,,,,High,High,High,,,,,
194,2025-04-15,16:57:16.96,1,2,"Rumberg, Logan",1000216384,Right,GEO_PAT,"Moody, Reece",1000361026,Right,JMU_DUK,Undefined,6,Top,0,1,0,Fastball,Four-Seam,StrikeCalled,Undefined,Undefined,Undefined,0,0,,92.05217,-2.254431,-3.20565,2354.189323,193.874715,12:30,5.56394,1.88226,6.14697,-12.42044,20.48529,4.78709,2.44127,-0.68421,83.69257,-4.673189,-2.344718,0.412864,,,,,,,,,,,,-3.41138,11.57386,-1.64031,50,5.38539,7.27074,-133.43267,-5.56292,-6.11922,30.06466,-11.41329,GEO_PAT,JMU_DUK,SpuhlerFieldMain,D1,A10,20250415-SpuhlerFieldMain-1,37503a50-1a3c-11f0-b278-3921cf0bcfe8,91.29503,,,8.35959,,,,,,,13017037-8ec2-4735-9dcb-0898b1439113,2025-04-15,20:57:16.96,2025-04-15T16:57:16.9670144-04:00,2025-04-15T20:57:16.9670144Z,,v3,471300,471327,15 April 2025 15:00-jamesmad@georgemas,"Barenz, Nick",1000218914,Right,GEO_PAT,b3e4a7b0-3430-45f5-825d-bad0cbaef1e4,54.35403,-134.41012,15.03233,5.56022,-5.19186,-5.70664,-1.87993,7.46968,-3.05961,,,,,,,,,,,,,,,,,,,,,,,,,,,,,,,,,,,,,,,,,,,,,,,,,,,High,High,High,,,,,
195,2025-04-15,16:57:30.77,1,3,"Rumberg, Logan",1000216384,Right,GEO_PAT,"Moody, Reece",1000361026,Right,JMU_DUK,Undefined,6,Top,0,1,1,Slider,Slider,StrikeCalled,Undefined,Undefined,Undefined,0,0,,79.52005,0.05851,-0.801436,2414.416582,84.635805,8:45,5.36682,2.12202,5.15859,-45.87258,0.31783,-14.44926,1.59919,0.16344,71.98369,-8.299891,-3.362759,0.489156,,,,,,,,,,,,6.96563,0.5835,-2.03543,50,5.3372,2.20462,-115.22426,-1.49742,9.18691,25.19807,-31.40446,GEO_PAT,JMU_DUK,SpuhlerFieldMain,D1,A10,20250415-SpuhlerFieldMain-1,3f89a2b0-1a3c-11f0-b278-3921cf0bcfe8,77.05607,,,7.53636,,,,,,,13017037-8ec2-4735-9dcb-0898b1439113,2025-04-15,20:57:30.77,2025-04-15T16:57:30.7709952-04:00,2025-04-15T20:57:30.7709952Z,,v3,471300,471327,15 April 2025 15:00-jamesmad@georgemas,"Barenz, Nick",1000218914,Right,GEO_PAT,8acfd9d6-068b-4043-a842-6a708ee961fd,55.3431,-116.38686,12.59904,5.37286,-0.04846,-15.70223,-2.12737,1.78075,4.59346,,,,,,,,,,,,,,,,,,,,,,,,,,,,,,,,,,,,,,,,,,,,,,,,,,,High,High,High,,,,,
196,2025-04-15,16:57:46.50,1,4,"Rumberg, Logan",1000216384,Right,GEO_PAT,"Moody, Reece",1000361026,Right,JMU_DUK,Undefined,6,Top,0,1,2,Slider,Slider,BallCalled,Undefined,Undefined,Undefined,0,0,,82.0063,-1.352702,-1.747509,2461.265154,90.576207,9:00,5.32764,2.20089,5.29326,-41.22372,1.51335,-13.2315,0.62134,-0.54314,75.27765,-8.831928,-4.097765,0.470515,,,,,,,,,,,,6.17426,1.5161,-2.0315,50,5.17414,4.16759,-118.94573,-4.27125,8.78867,24.18345,-30.01595,GEO_PAT,JMU_DUK,SpuhlerFieldMain,D1,A10,20250415-SpuhlerFieldMain-1,48ef07f0-1a3c-11f0-b278-3921cf0bcfe8,80.10884,,,6.72865,,,,,,,13017037-8ec2-4735-9dcb-0898b1439113,2025-04-15,20:57:46.50,2025-04-15T16:57:46.5073664-04:00,2025-04-15T20:57:46.5073664Z,,v3,471300,471327,15 April 2025 15:00-jamesmad@georgemas,"Barenz, Nick",1000218914,Right,GEO_PAT,f0026e23-e9b7-40c3-8edd-c0d3f137b790,55.21035,-120.0004,12.09173,5.33187,-2.96223,-15.00798,-2.2049,3.78431,4.39433,,,,,,,,,,,,,,,,,,,,,,,,,,,,,,,,,,,,,,,,,,,,,,,,,,,High,High,High,,,,,
197,2025-04-15,16:58:01.66,1,5,"Rumberg, Logan",1000216384,Right,GEO_PAT,"Moody, Reece",1000361026,Right,JMU_DUK,Undefined,6,Top,0,2,2,Slider,Slider,BallCalled,Undefined,Undefined,Undefined,0,0,,83.1093,-2.053947,-1.912482,2519.742902,127.397981,10:15,5.40631,2.24551,5.34916,-35.70781,5.69677,-5.7315,0.50213,-0.02671,76.42752,-8.555038,-2.931519,0.463122,,,,,,,,,,,,2.36114,3.80603,-2.06885,50,5.19552,4.25901,-120.52391,-5.57823,3.46593,23.87129,-26.58719,GEO_PAT,JMU_DUK,SpuhlerFieldMain,D1,A10,20250415-SpuhlerFieldMain-1,51f9a300-1a3c-11f0-b278-3921cf0bcfe8,81.38766,,,6.68178,,,,,,,13017037-8ec2-4735-9dcb-0898b1439113,2025-04-15,20:58:01.66,2025-04-15T16:58:01.6679424-04:00,2025-04-15T20:58:01.6679424Z,,v3,471300,471327,15 April 2025 15:00-jamesmad@georgemas,"Barenz, Nick",1000218914,Right,GEO_PAT,5eda35c3-870e-48ec-8da0-b9fafa67a713,55.15382,-121.5404,11.93564,5.40895,-4.44609,-13.2936,-2.24706,4.11142,1.73297,,,,,,,,,,,,,,,,,,,,,,,,,,,,,,,,,,,,,,,,,,,,,,,,,,,High,High,High,,,,,
198,2025-04-15,16:58:17.78,1,6,"Rumberg, Logan",1000216384,Right,GEO_PAT,"Moody, Reece",1000361026,Right,JMU_DUK,Undefined,6,Top,0,3,2,Fastball,Four-Seam,BallCalled,Walk,Undefined,Undefined,0,0,,94.14221,-3.22342,-3.652513,2316.281106,213.172815,1:00,5.52492,1.9395,6.0154,-15.00048,16.98615,10.33453,1.27952,-0.58751,84.88249,-6.104882,-1.798452,0.407058,,,,,,,,,,,,-6.53351,10.13658,-1.6584,50,5.26329,8.24386,-136.16818,-8.12126,-12.0805,34.14118,-13.43149,GEO_PAT,JMU_DUK,SpuhlerFieldMain,D1,A10,20250415-SpuhlerFieldMain-1,5b8c32c0-1a3c-11f0-b278-3921cf0bcfe8,92.59733,,,9.25972,,,,,,,13017037-8ec2-4735-9dcb-0898b1439113,2025-04-15,20:58:17.78,2025-04-15T16:58:17.7807872-04:00,2025-04-15T20:58:17.7807872Z,,v3,471300,471327,15 April 2025 15:00-jamesmad@georgemas,"Barenz, Nick",1000218914,Right,GEO_PAT,2370876d-88a5-439a-8737-0c7b5c862973,54.48619,-137.28839,17.07059,5.52253,-7.68056,-6.71574,-1.93539,8.64023,-6.04025,,,,,,,,,,,,,,,,,,,,,,,,,,,,,,,,,,,,,,,,,,,,,,,,,,,High,High,High,,,,,
199,2025-04-15,16:58:46.02,2,1,"Rumberg, Logan",1000216384,Right,GEO_PAT,"Anderson, Jack",1000133893,Right,JMU_DUK,Undefined,6,Top,0,0,0,Fastball,Four-Seam,InPlay,Undefined,Bunt,Sacrifice,1,0,,92.0025,-2.677867,-3.402108,2271.164456,216.808464,1:15,5.55691,2.30468,5.74493,-13.78705,20.40119,14.22879,1.9084,0.31896,81.90556,-5.373108,-0.861177,0.420833,29.12073,25.752896,31.695824,2531.015919,,,,49.30117,48.90654,31.598676,1.307764,-8.4963,11.74461,-2.03048,50,5.32579,7.26726,-132.94349,-6.59789,-14.79437,35.68262,-11.72352,GEO_PAT,JMU_DUK,SpuhlerFieldMain,D1,A10,20250415-SpuhlerFieldMain-1,6c62a750-1a3c-11f0-b278-3921cf0bcfe8,89.56627,7.55537,,10.09694,,,,3.01563,2.09081,-0.33626,13017037-8ec2-4735-9dcb-0898b1439113,2025-04-15,20:58:46.02,2025-04-15T16:58:46.0220928-04:00,2025-04-15T20:58:46.0220928Z,GroundBall,v3,471300,471327,15 April 2025 15:00-jamesmad@georgemas,"Barenz, Nick",1000218914,Right,GEO_PAT,dafece5d-6551-4d47-af5b-46560f2b89b4,54.75485,-134.21364,17.84131,5.55323,-6.18058,-5.86176,-2.29854,7.79388,-7.39719,222.732196,3.01563,32.72982,-2.73663,0.39488,0.45146,-1.16742,1.16901,-0.55051,0.10181,2.09081,18.55782,-16.0527,0.60601,-0.39507,0.62156,-0.51421,0.21419,-0.03665,-0.33626,20.21153,-0.21358,0.01407,0.0071,0.0035,0.0257,-0.01946,0.00409,,,,,,,,,,,,,,,,,,,,,,,High,High,High,High,High,,,
200,2025-04-15,16:59:19.41,3,1,"Rumberg, Logan",1000216384,Right,GEO_PAT,"Dooley, Ryan",1000244290,Left,JMU_DUK,Undefined,6,Top,1,0,0,Fastball,Four-Seam,InPlay,Undefined,FlyBall,Out,1,0,,91.36229,-1.894312,-3.686182,2275.850932,212.882006,1:00,5.57678,2.41297,5.858,-15.14391,18.64454,11.31611,2.55043,-0.0737,83.01296,-4.795445,-1.662591,0.418365,95.58373,39.114926,14.89375,3636.913497,107.67018,85.94597,22.51776,308.15303,305.96768,5.057961,5.71198,-6.90992,10.44957,-2.12014,50,5.41398,8.04399,-132.3662,-4.82705,-12.19508,29.6374,-13.73198,GEO_PAT,JMU_DUK,SpuhlerFieldMain,D1,A10,20250415-SpuhlerFieldMain-1,8044d540-1a3c-11f0-b278-3921cf0bcfe8,90.09459,115.95678,,8.34933,,,,2.72525,2.73903,0.04347,13017037-8ec2-4735-9dcb-0898b1439113,2025-04-15,20:59:19.41,2025-04-15T16:59:19.4184192-04:00,2025-04-15T20:59:19.4184192Z,FlyBall,v3,471300,471327,15 April 2025 15:00-jamesmad@georgemas,"Barenz, Nick",1000218914,Right,GEO_PAT,bc41c0d6-7177-4f26-93ca-dedfa09af44c,54.64453,-133.40208,14.8187,5.57431,-4.3471,-6.86599,-2.40874,8.47023,-6.09754,165.242545,2.72872,105.06148,-24.4235,6.19717,-1.29041,0.2262,-0.03147,0.00291,-0.00012,2.74113,88.38994,-19.65368,0.91672,0.17429,-0.12684,0.03097,-0.00356,0.00016,0.04503,27.93253,-10.90096,2.75725,-0.57303,0.10052,-0.01404,0.0013,-6E-05,,,,,,,,,,,,,,,,,,,,,,,High,High,High,High,Medium,,,
201,2025-04-15,17:00:05.15,4,1,"Rumberg, Logan",1000216384,Right,GEO_PAT,"Williams, Jp",1000135328,Right,JMU_DUK,Undefined,6,Top,2,0,0,Slider,Curveball,BallCalled,Undefined,Undefined,Undefined,0,0,,81.68576,-2.750926,-4.073052,2430.838743,53.7131,7:45,5.4039,2.42406,5.38112,-47.35274,-3.46169,-6.92359,-1.12954,-1.97765,74.24788,-11.293412,-5.302734,0.476825,,,,,,,,,,,,2.13461,-0.5263,-2.05355,50,5.12292,8.67159,-117.97861,-7.32611,2.9343,27.61139,-32.89754,GEO_PAT,JMU_DUK,SpuhlerFieldMain,D1,A10,20250415-SpuhlerFieldMain-1,9b8acc10-1a3c-11f0-b278-3921cf0bcfe8,79.04875,,,7.43788,,,,,,,13017037-8ec2-4735-9dcb-0898b1439113,2025-04-15,21:00:05.15,2025-04-15T17:00:05.1559936-04:00,2025-04-15T21:00:05.1559936Z,,v3,471300,471327,15 April 2025 15:00-jamesmad@georgemas,"Barenz, Nick",1000218914,Right,GEO_PAT,88d4dbea-03f6-4511-8e28-24254601d44b,55.12283,-119.17151,13.8057,5.40873,-5.90483,-16.44877,-2.42546,8.54482,1.46715,,,,,,,,,,,,,,,,,,,,,,,,,,,,,,,,,,,,,,,,,,,,,,,,,,,High,High,High,,,,,
202,2025-04-15,17:00:24.23,4,2,"Rumberg, Logan",1000216384,Right,GEO_PAT,"Williams, Jp",1000135328,Right,JMU_DUK,Undefined,6,Top,2,1,0,Fastball,Four-Seam,FoulBallNotFieldable,Undefined,Undefined,Undefined,0,0,,93.01127,-1.992227,-2.470626,2291.616518,211.972037,1:00,5.56043,2.15426,5.8397,-12.86461,20.37966,11.88926,2.63423,0.84728,82.80386,-4.523551,-0.341359,0.414983,88.95617,15.050218,-46.948313,3101.193622,70.65183,14.27721,-84.31003,172.92658,162.99313,-52.183803,1.664275,-6.96953,11.49879,-1.95991,50,5.3907,5.27228,-134.58933,-5.01391,-12.43949,36.54356,-11.65054,GEO_PAT,JMU_DUK,SpuhlerFieldMain,D1,A10,20250415-SpuhlerFieldMain-1,a6e91b20-1a3c-11f0-b278-3921cf0bcfe8,90.82897,15.14012,,10.20741,,,,2.02259,2.75424,-0.89427,13017037-8ec2-4735-9dcb-0898b1439113,2025-04-15,21:00:24.23,2025-04-15T17:00:24.2320384-04:00,2025-04-15T21:00:24.2320384Z,LineDrive,v3,471300,471327,15 April 2025 15:00-jamesmad@georgemas,"Barenz, Nick",1000218914,Right,GEO_PAT,66a59c6e-5f39-40c7-9f0d-fb529d7f53dc,54.65944,-135.84856,18.27178,5.55655,-4.61245,-5.82527,-2.14897,5.70093,-6.21974,,2.02259,86.01068,-19.35944,4.44986,-1.10365,0.28999,-0.0884,0.02143,-0.00251,2.75424,33.8783,-25.15192,3.12005,-0.68966,0.155,-0.03495,0.00687,-0.00071,-0.89427,-92.06821,6.58235,0.00527,-0.21351,0.11973,-0.04698,0.013,-0.00163,,,,,,,,,,,,,,,,,,,,,,,High,High,High,High,High,,,
203,2025-04-15,17:00:47.41,4,3,"Rumberg, Logan",1000216384,Right,GEO_PAT,"Williams, Jp",1000135328,Right,JMU_DUK,Undefined,6,Top,2,1,1,Slider,Slider,StrikeCalled,Undefined,Undefined,Undefined,0,0,,79.57089,0.450913,-0.794153,2470.373941,62.454196,8:00,5.3624,2.45953,5.25129,-49.91192,-3.7324,-10.48406,1.62686,0.83953,71.72005,-8.650975,-2.656514,0.489098,,,,,,,,,,,,4.97158,-1.54457,-2.37848,50,5.36689,2.02846,-115.25808,-0.85726,6.52925,26.1527,-34.20254,GEO_PAT,JMU_DUK,SpuhlerFieldMain,D1,A10,20250415-SpuhlerFieldMain-1,b4c49f30-1a3c-11f0-b278-3921cf0bcfe8,77.06516,,,7.85083,,,,,,,13017037-8ec2-4735-9dcb-0898b1439113,2025-04-15,21:00:47.41,2025-04-15T17:00:47.4183168-04:00,2025-04-15T21:00:47.4183168Z,,v3,471300,471327,15 April 2025 15:00-jamesmad@georgemas,"Barenz, Nick",1000218914,Right,GEO_PAT,706dd1cd-aea6-46cb-b298-7ba9d5fb4200,55.24977,-116.44319,13.07635,5.37062,0.69263,-17.10127,-2.4637,1.73258,3.26463,,,,,,,,,,,,,,,,,,,,,,,,,,,,,,,,,,,,,,,,,,,,,,,,,,,High,High,High,,,,,
204,2025-04-15,17:01:04.58,4,4,"Rumberg, Logan",1000216384,Right,GEO_PAT,"Williams, Jp",1000135328,Right,JMU_DUK,Undefined,6,Top,2,1,2,Slider,Slider,StrikeSwinging,Strikeout,Undefined,Undefined,0,0,,81.40245,-0.954762,-2.33917,2456.350675,69.781084,8:15,5.32924,2.53775,5.2597,-45.99751,-2.29268,-10.2567,0.59822,-0.51602,74.35808,-9.288161,-4.159565,0.475813,,,,,,,,,,,,4.455,-0.50728,-2.3152,50,5.20737,5.23456,-117.97265,-3.60698,6.19759,25.13926,-32.87975,GEO_PAT,JMU_DUK,SpuhlerFieldMain,D1,A10,20250415-SpuhlerFieldMain-1,befc4890-1a3c-11f0-b278-3921cf0bcfe8,79.21696,,,7.04437,,,,,,,13017037-8ec2-4735-9dcb-0898b1439113,2025-04-15,21:01:04.58,2025-04-15T17:01:04.5827072-04:00,2025-04-15T21:01:04.5827072Z,,v3,471300,471327,15 April 2025 15:00-jamesmad@georgemas,"Barenz, Nick",1000218914,Right,GEO_PAT,f40faf4e-4f5d-42d9-9204-faee4c2f8065,55.24389,-119.08485,12.56963,5.33476,-2.15233,-16.43988,-2.54072,4.96037,3.09879,,,,,,,,,,,,,,,,,,,,,,,,,,,,,,,,,,,,,,,,,,,,,,,,,,,High,High,High,,,,,
205,2025-04-15,17:04:02.88,1,1,"Susce, Brode",1000077268,Right,JMU_DUK,"Barenz, Nick",1000218914,Right,GEO_PAT,Undefined,6,Bottom,0,0,0,Fastball,Sinker,BallCalled,Undefined,Undefined,Undefined,0,0,,89.07162,-0.829793,-4.732258,2276.037061,258.607835,2:30,5.66842,1.33411,6.11774,-30.06238,5.87737,22.0893,2.39332,-1.21052,79.50546,-6.472992,-0.763775,0.431478,,,,,,,,,,,,-12.87083,3.77457,-0.98085,50,5.58948,9.69069,-128.72782,-2.87254,-21.06046,32.90737,-25.99772,GEO_PAT,JMU_DUK,SpuhlerFieldMain,D1,A10,20250415-SpuhlerFieldMain-1,292dccc0-1a3d-11f0-b278-3921cf0bcfe8,87.3565,,,9.56616,,,,,,,13017037-8ec2-4735-9dcb-0898b1439113,2025-04-15,21:04:02.88,2025-04-15T17:04:02.8871168-04:00,2025-04-15T21:04:02.8871168Z,,v3,471300,471327,15 April 2025 15:00-jamesmad@georgemas,"Williams, Jp",1000135328,Right,JMU_DUK,2b953c1e-4ad0-4320-8908-0e75156f89dc,54.38057,-129.84282,16.45369,5.67189,-1.99166,-12.99886,-1.32129,10.40428,-10.53023,,,,,,,,,,,,,,,,,,,,,,,,,,,,,,,,,,,,,,,,,,,,,,,,,,,High,High,High,,,,,
206,2025-04-15,17:04:14.85,1,2,"Susce, Brode",1000077268,Right,JMU_DUK,"Barenz, Nick",1000218914,Right,GEO_PAT,Undefined,6,Bottom,0,1,0,Fastball,Sinker,StrikeCalled,Undefined,Undefined,Undefined,0,0,,87.86632,-1.942625,-2.288431,2198.246157,233.451183,1:45,5.56979,1.2588,6.11663,-23.90348,13.00576,15.53619,1.77952,0.43643,78.36456,-6.485905,0.511801,0.437259,,,,,,,,,,,,-8.77213,7.82788,-1.09083,50,5.40844,4.42565,-127.18688,-5.03283,-13.96231,32.96471,-19.71466,GEO_PAT,JMU_DUK,SpuhlerFieldMain,D1,A10,20250415-SpuhlerFieldMain-1,30655580-1a3d-11f0-b278-3921cf0bcfe8,86.20157,,,9.50177,,,,,,,13017037-8ec2-4735-9dcb-0898b1439113,2025-04-15,21:04:14.85,2025-04-15T17:04:14.8515840-04:00,2025-04-15T21:04:14.8515840Z,,v3,471300,471327,15 April 2025 15:00-jamesmad@georgemas,"Williams, Jp",1000135328,Right,JMU_DUK,2f4dbbc7-db98-41aa-b565-3ebf9888b62c,54.38063,-128.31724,16.48235,5.56943,-4.35681,-9.85733,-1.25079,4.90442,-6.98116,,,,,,,,,,,,,,,,,,,,,,,,,,,,,,,,,,,,,,,,,,,,,,,,,,,High,High,High,,,,,
207,2025-04-15,17:04:30.00,1,3,"Susce, Brode",1000077268,Right,JMU_DUK,"Barenz, Nick",1000218914,Right,GEO_PAT,Undefined,6,Bottom,0,1,1,Fastball,Sinker,FoulBallNotFieldable,Undefined,Undefined,Undefined,0,0,,87.98618,-1.144508,-2.719253,2211.077087,258.539846,2:30,5.57827,1.19829,6.14642,-31.50962,4.89366,17.49631,1.8935,0.14157,79.29493,-7.032852,0.436859,0.434252,,,,,,,,,,,,-10.00638,3.27614,-1.00011,50,5.47486,5.35545,-127.56668,-3.57843,-16.16519,31.04601,-26.88148,GEO_PAT,JMU_DUK,SpuhlerFieldMain,D1,A10,20250415-SpuhlerFieldMain-1,396df4c0-1a3d-11f0-b278-3921cf0bcfe8,86.79858,,,8.69125,,,,,,,13017037-8ec2-4735-9dcb-0898b1439113,2025-04-15,21:04:30.00,2025-04-15T17:04:30.0019200-04:00,2025-04-15T21:04:30.0019200Z,,v3,471300,471327,15 April 2025 15:00-jamesmad@georgemas,"Williams, Jp",1000135328,Right,JMU_DUK,378594e9-543f-4274-a07b-aa12df6e2b59,54.35563,-128.62235,15.52301,5.581,-2.66437,-13.44074,-1.19156,5.90512,-8.0826,,,,,,,,,,,,,,,,,,,,,,,,,,,,,,,,,,,,,,,,,,,,,,,,,,,High,High,High,,,,,
208,2025-04-15,17:04:47.69,1,4,"Susce, Brode",1000077268,Right,JMU_DUK,"Barenz, Nick",1000218914,Right,GEO_PAT,Undefined,6,Bottom,0,1,2,Fastball,Sinker,BallCalled,Undefined,Undefined,Undefined,0,0,,89.51752,-1.802642,-4.154792,2225.359889,253.046685,2:30,5.51681,1.12855,6.11156,-28.63734,7.14493,18.57686,1.45851,-1.17209,79.5937,-7.190427,-0.81338,0.430532,,,,,,,,,,,,-10.98316,4.79977,-0.81789,50,5.36358,8.58089,-129.32403,-5.02438,-18.02527,34.73699,-24.29679,GEO_PAT,JMU_DUK,SpuhlerFieldMain,D1,A10,20250415-SpuhlerFieldMain-1,43f4cf90-1a3d-11f0-b278-3921cf0bcfe8,87.54856,,,9.92382,,,,,,,13017037-8ec2-4735-9dcb-0898b1439113,2025-04-15,21:04:47.69,2025-04-15T17:04:47.6935168-04:00,2025-04-15T21:04:47.6935168Z,,v3,471300,471327,15 April 2025 15:00-jamesmad@georgemas,"Williams, Jp",1000135328,Right,JMU_DUK,677bb016-8eef-4939-9c57-9c156a2cfb5a,54.38533,-130.49663,17.36849,5.51935,-4.2042,-12.14839,-1.11782,9.18936,-9.01263,,,,,,,,,,,,,,,,,,,,,,,,,,,,,,,,,,,,,,,,,,,,,,,,,,,High,High,High,,,,,
209,2025-04-15,17:05:04.21,1,5,"Susce, Brode",1000077268,Right,JMU_DUK,"Barenz, Nick",1000218914,Right,GEO_PAT,Undefined,6,Bottom,0,2,2,Fastball,Sinker,InPlay,Undefined,GroundBall,Out,1,0,,87.27018,-1.28093,-3.052803,2177.623231,245.012699,2:15,5.6642,1.23265,6.44803,-28.55691,8.34229,14.76253,2.10563,-0.34481,77.98041,-6.691302,-0.377097,0.4372,85.32757,-6.100773,-15.360331,,,,,30.11004,19.84575,-13.965741,0.227194,-8.79811,5.23485,-1.02211,50,5.56074,6.16068,-126.41787,-3.67914,-13.84343,32.42344,-23.93725,GEO_PAT,JMU_DUK,SpuhlerFieldMain,D1,A10,20250415-SpuhlerFieldMain-1,4dd1fce0-1a3d-11f0-b278-3921cf0bcfe8,86.21335,3.02865,,9.28976,,,,1.896,3.02865,0.23912,13017037-8ec2-4735-9dcb-0898b1439113,2025-04-15,21:05:04.21,2025-04-15T17:05:04.2169344-04:00,2025-04-15T21:05:04.2169344Z,GroundBall,v3,471300,471327,15 April 2025 15:00-jamesmad@georgemas,"Williams, Jp",1000135328,Right,JMU_DUK,a78fbaee-b001-4ea1-bbca-a0a3b1d020b4,54.05124,-127.45269,16.21172,5.66597,-2.91516,-11.96862,-1.22578,6.60251,-6.92171,180,1.88599,120.26714,,,,,,,,3.02976,-13.33067,,,,,,,,0.24188,-33.03752,,,,,,,,,,,,,,,,,,,,,,,,,,,,,,High,High,High,Low,Low,,,
210,2025-04-15,17:05:36.17,2,1,"Susce, Brode",1000077268,Right,JMU_DUK,"Canody, Andrew",1000415298,Right,GEO_PAT,Undefined,6,Bottom,1,0,0,Fastball,Sinker,FoulBallNotFieldable,Undefined,Undefined,Undefined,0,0,,88.48756,-2.231189,-2.018662,2253.264538,234.251697,1:45,5.5213,1.30291,6.23792,-24.49501,11.64568,14.19359,1.41946,0.62272,79.16674,-6.87576,0.546633,0.432683,,,,,,,,,,,,-8.15914,7.23831,-1.15944,50,5.34281,3.9544,-128.1989,-5.73185,-13.2036,33.31978,-20.46059,GEO_PAT,JMU_DUK,SpuhlerFieldMain,D1,A10,20250415-SpuhlerFieldMain-1,60db5700-1a3d-11f0-b278-3921cf0bcfe8,87.11338,,,9.32081,,,,,,,13017037-8ec2-4735-9dcb-0898b1439113,2025-04-15,21:05:36.17,2025-04-15T17:05:36.1734144-04:00,2025-04-15T21:05:36.1734144Z,,v3,471300,471327,15 April 2025 15:00-jamesmad@georgemas,"Williams, Jp",1000135328,Right,JMU_DUK,febb0bae-c80e-4221-a870-1cd5abda1837,54.26298,-129.30213,16.65989,5.52137,-5.0544,-10.2303,-1.29761,4.39158,-6.6018,,,,,,,,,,,,,,,,,,,,,,,,,,,,,,,,,,,,,,,,,,,,,,,,,,,High,High,High,,,,,
211,2025-04-15,17:06:03.19,2,2,"Susce, Brode",1000077268,Right,JMU_DUK,"Canody, Andrew",1000415298,Right,GEO_PAT,Undefined,6,Bottom,1,0,1,Fastball,Sinker,StrikeSwinging,Undefined,Undefined,Undefined,0,0,,89.47846,-1.69752,-1.463218,2249.529288,223.886023,1:30,5.8629,1.07137,6.30675,-19.59812,15.44902,13.57843,2.66483,0.85455,80.26947,-5.460242,0.993264,0.426087,,,,,,,,,,,,-7.4702,8.96587,-0.96973,50,5.72885,2.74074,-129.72079,-4.38563,-12.46052,32.47067,-17.21873,GEO_PAT,JMU_DUK,SpuhlerFieldMain,D1,A10,20250415-SpuhlerFieldMain-1,70d8d0b0-1a3d-11f0-b278-3921cf0bcfe8,88.46192,,,9.20899,,,,,,,13017037-8ec2-4735-9dcb-0898b1439113,2025-04-15,21:06:03.19,2025-04-15T17:06:03.1927296-04:00,2025-04-15T21:06:03.1927296Z,,v3,471300,471327,15 April 2025 15:00-jamesmad@georgemas,"Williams, Jp",1000135328,Right,JMU_DUK,0dcf7ce8-af1d-4a73-b768-2f1fb65f082d,54.19073,-130.76558,16.23534,5.86105,-3.83159,-8.60937,-1.06437,3.14167,-6.23026,,,,,,,,,,,,,,,,,,,,,,,,,,,,,,,,,,,,,,,,,,,,,,,,,,,High,High,High,,,,,
212,2025-04-15,17:06:17.87,2,3,"Susce, Brode",1000077268,Right,JMU_DUK,"Canody, Andrew",1000415298,Right,GEO_PAT,Undefined,6,Bottom,1,0,2,Fastball,Sinker,StrikeSwinging,Strikeout,Undefined,Undefined,0,0,,89.18857,-2.169301,-2.887465,2191.687972,270.887217,3:00,5.5099,1.3289,6.10874,-34.71588,1.09575,20.30643,0.60732,0.34864,79.96928,-8.619595,0.777027,0.430709,,,,,,,,,,,,-11.57418,1.71965,-1.11758,50,5.32499,5.67562,-129.1324,-6.07962,-18.99186,33.95934,-29.35232,GEO_PAT,JMU_DUK,SpuhlerFieldMain,D1,A10,20250415-SpuhlerFieldMain-1,79b04dd0-1a3d-11f0-b278-3921cf0bcfe8,87.51263,,,9.21928,,,,,,,13017037-8ec2-4735-9dcb-0898b1439113,2025-04-15,21:06:17.87,2025-04-15T17:06:17.8735616-04:00,2025-04-15T21:06:17.8735616Z,,v3,471300,471327,15 April 2025 15:00-jamesmad@georgemas,"Williams, Jp",1000135328,Right,JMU_DUK,241d5175-267f-4eeb-a7dc-743c0abece00,54.39293,-130.28253,16.97967,5.51406,-5.08552,-14.67616,-1.32069,6.31883,-9.49593,,,,,,,,,,,,,,,,,,,,,,,,,,,,,,,,,,,,,,,,,,,,,,,,,,,High,High,High,,,,,
213,2025-04-15,17:06:46.25,3,1,"Susce, Brode",1000077268,Right,JMU_DUK,"Clyne, Owen",1000230336,Left,GEO_PAT,Undefined,6,Bottom,2,0,0,Fastball,Sinker,InPlay,Undefined,FlyBall,HomeRun,0,1,,89.58694,-0.977939,-2.098409,2237.760713,225.647016,1:30,5.59476,1.06002,6.06331,-15.99702,19.2347,18.32084,3.35585,0.64371,80.32081,-4.08473,1.198488,0.427207,89.62959,38.475839,-31.232702,4123.110937,89.12886,73.41882,-64.46658,348.77743,313.54617,-41.402326,4.913956,-10.13686,10.60733,-0.90677,50,5.51038,3.98526,-129.88452,-2.63786,-16.96947,32.28711,-14.41701,GEO_PAT,JMU_DUK,SpuhlerFieldMain,D1,A10,20250415-SpuhlerFieldMain-1,8aa34b10-1a3d-11f0-b278-3921cf0bcfe8,88.22995,90.87164,,9.26613,,,,1.37855,3.23796,-0.55104,13017037-8ec2-4735-9dcb-0898b1439113,2025-04-15,21:06:46.25,2025-04-15T17:06:46.2536192-04:00,2025-04-15T21:06:46.2536192Z,FlyBall,v3,471300,471327,15 April 2025 15:00-jamesmad@georgemas,"Williams, Jp",1000135328,Right,JMU_DUK,ce288579-d6af-4aa2-9d74-8d2a34451049,54.43695,-130.98282,16.14356,5.59177,-2.14744,-7.2085,-1.05216,4.5625,-8.48473,137.436918,1.39101,87.72321,-17.59692,3.20906,0.58324,-0.59601,0.16781,-0.02127,0.00103,3.2353,81.82826,-22.1364,1.64138,0.04041,-0.18234,0.07211,-0.01197,0.00073,-0.54978,-53.38458,0.90635,0.59725,-0.27881,0.08464,-0.02,0.0029,-0.00018,,,,,,,,,,,,,,,,,,,,,,,High,High,High,High,Medium,,,
214,2025-04-15,17:07:39.42,4,1,"Susce, Brode",1000077268,Right,JMU_DUK,"Hull, Owen",10054797,Left,GEO_PAT,Undefined,6,Bottom,2,0,0,ChangeUp,Changeup,BallCalled,Undefined,Undefined,Undefined,0,0,,79.7383,-2.248544,-2.451102,1726.623943,281.451208,3:30,5.71721,1.26689,5.73872,-49.20148,-2.43634,23.09072,-0.47978,0.90723,70.02763,-11.326957,1.698315,0.49219,,,,,,,,,,,,-12.9991,0.27492,-1.07752,50,5.49993,4.02855,-115.0775,-6.11787,-16.41353,32.92529,-31.82693,GEO_PAT,JMU_DUK,SpuhlerFieldMain,D1,A10,20250415-SpuhlerFieldMain-1,aa521a40-1a3d-11f0-b278-3921cf0bcfe8,76.58112,,,9.71066,,,,,,,13017037-8ec2-4735-9dcb-0898b1439113,2025-04-15,21:07:39.42,2025-04-15T17:07:39.4228736-04:00,2025-04-15T21:07:39.4228736Z,,v3,471300,471327,15 April 2025 15:00-jamesmad@georgemas,"Williams, Jp",1000135328,Right,JMU_DUK,9eef88f1-fd2d-42be-8a2e-cbb72df0dfdd,54.76048,-116.43157,16.46264,5.72462,-4.80897,-15.91347,-1.25707,4.70357,-8.20677,,,,,,,,,,,,,,,,,,,,,,,,,,,,,,,,,,,,,,,,,,,,,,,,,,,High,High,High,,,,,
215,2025-04-15,17:08:02.04,4,2,"Susce, Brode",1000077268,Right,JMU_DUK,"Hull, Owen",10054797,Left,GEO_PAT,Undefined,6,Bottom,2,1,0,Fastball,Four-Seam,FoulBallNotFieldable,Undefined,Undefined,Undefined,0,0,,88.80638,-1.664179,-1.91645,2333.302365,220.382941,1:15,5.72843,1.12862,6.09477,-18.60174,17.6919,13.76123,2.63762,0.50201,78.73282,-5.267521,0.562097,0.433597,,,,,,,,,,,,-7.86784,10.18453,-0.98824,50,5.59061,3.73276,-128.57056,-4.24491,-12.7221,35.09133,-15.70592,GEO_PAT,JMU_DUK,SpuhlerFieldMain,D1,A10,20250415-SpuhlerFieldMain-1,b7c825c0-1a3d-11f0-b278-3921cf0bcfe8,86.92957,,,10.07356,,,,,,,13017037-8ec2-4735-9dcb-0898b1439113,2025-04-15,21:08:02.04,2025-04-15T17:08:02.0409856-04:00,2025-04-15T21:08:02.0409856Z,,v3,471300,471327,15 April 2025 15:00-jamesmad@georgemas,"Williams, Jp",1000135328,Right,JMU_DUK,96c0b44f-29a2-4f57-9537-47b787902a75,54.40437,-129.76709,17.54566,5.72623,-3.70938,-7.85296,-1.12292,4.16656,-6.36105,,,,,,,,,,,,,,,,,,,,,,,,,,,,,,,,,,,,,,,,,,,,,,,,,,,High,High,High,,,,,
216,2025-04-15,17:09:04.10,4,3,"Susce, Brode",1000077268,Right,JMU_DUK,"Hull, Owen",10054797,Left,GEO_PAT,Undefined,6,Bottom,2,1,1,Slider,Curveball,BallCalled,Undefined,Undefined,Undefined,0,0,,77.19523,2.124017,0.85372,2246.578438,307.372492,4:15,5.83697,1.05062,5.75227,-50.44865,-2.33717,5.40213,3.61145,2.29565,69.42452,-7.194455,1.820961,0.499224,,,,,,,,,,,,-2.40988,-1.23102,-1.1246,50,5.98387,-1.88035,-111.81319,2.50719,-2.98741,24.07025,-33.70009,GEO_PAT,JMU_DUK,SpuhlerFieldMain,D1,A10,20250415-SpuhlerFieldMain-1,dcb93d60-1a3d-11f0-b278-3921cf0bcfe8,75.50198,,,7.77071,,,,,,,13017037-8ec2-4735-9dcb-0898b1439113,2025-04-15,21:09:04.10,2025-04-15T17:09:04.1089024-04:00,2025-04-15T21:09:04.1089024Z,,v3,471300,471327,15 April 2025 15:00-jamesmad@georgemas,"Williams, Jp",1000135328,Right,JMU_DUK,6c36cc30-cc9b-4889-b770-abbd949067ab,54.74547,-112.83013,12.03513,5.84787,3.93098,-16.85005,-1.04783,-1.75414,-1.49371,,,,,,,,,,,,,,,,,,,,,,,,,,,,,,,,,,,,,,,,,,,,,,,,,,,High,High,High,,,,,
217,2025-04-15,17:09:20.57,4,4,"Susce, Brode",1000077268,Right,JMU_DUK,"Hull, Owen",10054797,Left,GEO_PAT,Undefined,6,Bottom,2,2,1,Fastball,Four-Seam,BallCalled,Undefined,Undefined,Undefined,0,0,,89.02723,-3.324539,-2.764539,2205.618391,208.230929,1:00,5.5767,1.10935,6.2992,-20.49214,14.44036,7.13469,0.79867,-0.8454,81.41101,-7.190982,-1.475321,0.425389,,,,,,,,,,,,-4.54075,8.82859,-0.90948,50,5.32189,5.95573,-129.06862,-8.10221,-7.63235,27.75828,-17.3345,GEO_PAT,JMU_DUK,SpuhlerFieldMain,D1,A10,20250415-SpuhlerFieldMain-1,e698b4a0-1a3d-11f0-b278-3921cf0bcfe8,88.60699,,,7.61621,,,,,,,13017037-8ec2-4735-9dcb-0898b1439113,2025-04-15,21:09:20.57,2025-04-15T17:09:20.5741568-04:00,2025-04-15T21:09:20.5741568Z,,v3,471300,471327,15 April 2025 15:00-jamesmad@georgemas,"Williams, Jp",1000135328,Right,JMU_DUK,c23dbcec-d27a-4a92-ad9e-2f72c1964a44,54.20366,-129.96954,13.87914,5.57573,-7.53961,-8.66725,-1.10679,6.20345,-3.81617,,,,,,,,,,,,,,,,,,,,,,,,,,,,,,,,,,,,,,,,,,,,,,,,,,,High,High,High,,,,,
218,2025-04-15,17:09:38.60,4,5,"Susce, Brode",1000077268,Right,JMU_DUK,"Hull, Owen",10054797,Left,GEO_PAT,Undefined,6,Bottom,2,3,1,Fastball,Four-Seam,BallCalled,Walk,Undefined,Undefined,0,0,,88.73761,-1.821564,-3.277579,2241.078859,216.976625,1:15,5.58292,1.11246,6.24665,-18.76399,17.658,12.09823,2.33582,-0.90572,78.2102,-5.476389,-1.09603,0.434363,,,,,,,,,,,,-7.46083,10.25721,-0.87358,50,5.43792,6.8219,-128.21729,-4.56455,-11.94875,35.86793,-15.7468,GEO_PAT,JMU_DUK,SpuhlerFieldMain,D1,A10,20250415-SpuhlerFieldMain-1,f15d82d0-1a3d-11f0-b278-3921cf0bcfe8,86.77629,,,10.52741,,,,,,,13017037-8ec2-4735-9dcb-0898b1439113,2025-04-15,21:09:38.60,2025-04-15T17:09:38.6056192-04:00,2025-04-15T21:09:38.6056192Z,,v3,471300,471327,15 April 2025 15:00-jamesmad@georgemas,"Williams, Jp",1000135328,Right,JMU_DUK,b54b8abd-f737-44f0-8942-f0ea9a4b587c,54.24744,-129.40002,17.93396,5.57988,-4.0453,-7.8734,-1.10502,7.21591,-5.97437,,,,,,,,,,,,,,,,,,,,,,,,,,,,,,,,,,,,,,,,,,,,,,,,,,,High,High,High,,,,,
219,2025-04-15,17:10:16.44,5,1,"Susce, Brode",1000077268,Right,JMU_DUK,"Quinn-Irons, Jaime",1000216379,Right,GEO_PAT,Undefined,6,Bottom,2,0,0,Fastball,Sinker,FoulBallNotFieldable,Undefined,Undefined,Undefined,0,0,,90.22385,-1.721157,-2.013781,2224.780045,247.877121,2:15,5.62241,1.38683,6.21113,-26.92852,7.26221,15.00583,1.78833,0.7779,82.07184,-6.757824,0.697549,0.420848,95.16078,-3.724103,-52.669346,,,,,32.97353,27.00765,-49.544176,0.219356,-8.4478,4.61823,-1.24323,50,5.47966,4.00052,-130.97288,-4.81123,-14.5334,30.13441,-24.22895,GEO_PAT,JMU_DUK,SpuhlerFieldMain,D1,A10,20250415-SpuhlerFieldMain-1,07e49200-1a3e-11f0-b278-3921cf0bcfe8,89.563,1.99022,,8.15201,,,,2.85311,1.99022,-0.77672,13017037-8ec2-4735-9dcb-0898b1439113,2025-04-15,21:10:16.44,2025-04-15T17:10:16.4442624-04:00,2025-04-15T21:10:16.4442624Z,GroundBall,v3,471300,471327,15 April 2025 15:00-jamesmad@georgemas,"Williams, Jp",1000135328,Right,JMU_DUK,c0a19ba4-c58e-4d36-87c1-3f44d195f330,54.29182,-131.95665,15.06721,5.62382,-4.02025,-12.11448,-1.38158,4.47497,-7.2667,180,2.85057,84.52978,,,,,,,,1.9905,-9.07302,,,,,,,,-0.77339,-110.83813,,,,,,,,,,,,,,,,,,,,,,,,,,,,,,High,High,High,High,Medium,,,
220,2025-04-15,17:10:56.70,5,2,"Susce, Brode",1000077268,Right,JMU_DUK,"Quinn-Irons, Jaime",1000216379,Right,GEO_PAT,Undefined,6,Bottom,2,0,1,Fastball,Sinker,BallCalled,Undefined,Undefined,Undefined,0,0,,89.61579,-1.228392,-1.149543,2256.150294,248.486254,2:15,5.5718,1.33268,6.13119,-27.05289,7.70304,16.5391,2.18152,1.6482,81.43504,-6.288859,1.834896,0.424312,,,,,,,,,,,,-8.87508,4.71343,-1.25308,50,5.46398,1.92227,-130.12166,-3.67664,-15.064,29.85684,-24.1738,GEO_PAT,JMU_DUK,SpuhlerFieldMain,D1,A10,20250415-SpuhlerFieldMain-1,1fef33f0-1a3e-11f0-b278-3921cf0bcfe8,88.8318,,,8.18076,,,,,,,13017037-8ec2-4735-9dcb-0898b1439113,2025-04-15,21:10:56.70,2025-04-15T17:10:56.7070000-04:00,2025-04-15T21:10:56.7070000Z,,v3,471300,471327,15 April 2025 15:00-jamesmad@georgemas,"Williams, Jp",1000135328,Right,JMU_DUK,2cfbc7f4-223f-409a-ac00-b8d163f25e04,54.37029,-131.1206,14.92842,5.57346,-2.86783,-12.0869,-1.32583,2.42627,-7.532,,,,,,,,,,,,,,,,,,,,,,,,,,,,,78.30152,2.160354,0.855398,1.304956,-0.85442,1.92621,-1.7235,-1.62289,6.54435,1.79261,127.29267,3.74633,3.67452,-1.45429,112.33432,-10.63404,6.54469,11.91966,-10.78319,1.75353,-0.8983,1.85142,High,High,High,,,High,High,Medium
221,2025-04-15,17:11:24.72,5,3,"Susce, Brode",1000077268,Right,JMU_DUK,"Quinn-Irons, Jaime",1000216379,Right,GEO_PAT,Undefined,6,Bottom,2,1,1,Fastball,Sinker,InPlay,Undefined,LineDrive,Double,0,1,,90.03863,-0.569209,-1.8565,2327.154323,237.851531,2:00,5.58179,1.36646,6.13386,-25.51478,7.89189,11.2478,2.92914,0.58719,84.12788,-5.296533,0.171499,0.415995,116.28476,9.067948,-32.679928,2700.115615,87.80949,9.61226,-66.25316,175.13403,175.13403,-40.116574,1.274038,-6.28591,4.45981,-1.23068,50,5.5247,3.81173,-131.12195,-2.14643,-11.18647,21.95458,-24.23738,GEO_PAT,JMU_DUK,SpuhlerFieldMain,D1,A10,20250415-SpuhlerFieldMain-1,30945f50-1a3e-11f0-b278-3921cf0bcfe8,90.60795,10.23389,,5.91075,,,,1.90216,2.96679,-0.44979,13017037-8ec2-4735-9dcb-0898b1439113,2025-04-15,21:11:24.72,2025-04-15T17:11:24.7241216-04:00,2025-04-15T21:11:24.7241216Z,LineDrive,v3,471300,471327,15 April 2025 15:00-jamesmad@georgemas,"Williams, Jp",1000135328,Right,JMU_DUK,bc73997a-a0c5-437f-9839-c112998db3bf,54.37221,-131.85199,10.97729,5.58267,-1.34049,-12.11869,-1.36361,4.18371,-5.59323,,1.90216,141.75841,-39.7282,10.37548,-2.83407,0.77062,-0.20124,0.04135,-0.00457,2.96679,26.87975,-26.75179,3.91247,-0.93775,0.23049,-0.05481,0.01076,-0.00116,-0.44979,-90.93718,-0.00125,2.7525,-1.25605,0.45439,-0.13787,0.03105,-0.00362,,,,,,,,,,,,,,,,,,,,,,,High,High,High,Medium,High,,,
222,2025-04-15,17:12:13.29,6,1,"Susce, Brode",1000077268,Right,JMU_DUK,"Butler, Jake",1000176047,Right,GEO_PAT,Undefined,6,Bottom,2,0,0,Slider,Curveball,StrikeSwinging,Undefined,Undefined,Undefined,0,0,,77.76122,0.732833,-1.633422,2460.901172,70.999404,8:15,5.43396,1.47944,5.46129,-51.39046,-3.8624,-15.91954,1.83771,-1.37657,70.88315,-8.637173,-4.468816,0.496188,,,,,,,,,,,,7.47949,-1.67012,-1.32435,50,5.4636,3.84144,-112.7738,-0.29212,9.50056,23.12598,-34.29546,GEO_PAT,JMU_DUK,SpuhlerFieldMain,D1,A10,20250415-SpuhlerFieldMain-1,4d86a690-1a3e-11f0-b278-3921cf0bcfe8,75.96401,,,6.87807,,,,,,,13017037-8ec2-4735-9dcb-0898b1439113,2025-04-15,21:12:13.29,2025-04-15T17:12:13.2986368-04:00,2025-04-15T21:12:13.2986368Z,,v3,471300,471327,15 April 2025 15:00-jamesmad@georgemas,"Williams, Jp",1000135328,Right,JMU_DUK,db499fe8-6c80-44a0-a8d9-b3e82705d248,55.04133,-113.80291,11.56299,5.44264,1.23403,-17.14773,-1.48589,3.41867,4.75028,,,,,,,,,,,,,,,,,,,,,,,,,,,,,,,,,,,,,,,,,,,,,,,,,,,High,High,High,,,,,
223,2025-04-15,17:12:34.29,6,2,"Susce, Brode",1000077268,Right,JMU_DUK,"Butler, Jake",1000176047,Right,GEO_PAT,Undefined,6,Bottom,2,0,1,Slider,Slider,FoulBallNotFieldable,Undefined,Undefined,Undefined,0,0,,79.4371,0.176216,-1.634343,2452.27505,80.047847,8:45,5.457,1.53095,5.54155,-45.31747,-0.46425,-10.4869,1.84532,-0.87091,73.14224,-8.090349,-3.50505,0.482023,,,,,,,,,,,,4.90445,0.04382,-1.38181,50,5.44175,3.69033,-115.37498,-1.15461,6.60212,21.72865,-32.11507,GEO_PAT,JMU_DUK,SpuhlerFieldMain,D1,A10,20250415-SpuhlerFieldMain-1,5a17a940-1a3e-11f0-b278-3921cf0bcfe8,78.19628,,,6.29486,,,,,,,13017037-8ec2-4735-9dcb-0898b1439113,2025-04-15,21:12:34.29,2025-04-15T17:12:34.2981120-04:00,2025-04-15T21:12:34.2981120Z,,v3,471300,471327,15 April 2025 15:00-jamesmad@georgemas,"Williams, Jp",1000135328,Right,JMU_DUK,cbfc8329-79a9-45e7-9f98-fec44ba8c56e,54.96313,-116.30594,10.86433,5.46174,0.22135,-16.05753,-1.53386,3.40747,3.30106,,,,,,,,,,,,,,,,,,,,,,,,,,,,,,,,,,,,,,,,,,,,,,,,,,,High,High,High,,,,,
224,2025-04-15,17:12:55.89,6,3,"Susce, Brode",1000077268,Right,JMU_DUK,"Butler, Jake",1000176047,Right,GEO_PAT,Undefined,6,Bottom,2,0,2,Slider,Curveball,FoulBallNotFieldable,Undefined,Undefined,Undefined,0,0,,78.92365,0.994974,-0.174829,2381.216662,55.37169,7:45,5.51072,1.49106,5.3611,-48.38416,-2.53764,-5.78697,2.4119,0.84486,72.32434,-7.819567,-1.204614,0.487332,86.06006,-16.149921,-65.774441,,,,,11.37016,11.10874,-53.817503,0.074417,2.88543,-1.22209,-1.47096,50,5.56519,0.57488,-114.5934,0.33424,3.82198,21.93932,-33.7928,GEO_PAT,JMU_DUK,SpuhlerFieldMain,D1,A10,20250415-SpuhlerFieldMain-1,66fa2750-1a3e-11f0-b278-3921cf0bcfe8,77.34453,2.61888,,6.59932,,,,3.00156,2.61888,-0.92999,13017037-8ec2-4735-9dcb-0898b1439113,2025-04-15,21:12:55.89,2025-04-15T17:12:55.8927360-04:00,2025-04-15T21:12:55.8927360Z,GroundBall,v3,471300,471327,15 April 2025 15:00-jamesmad@georgemas,"Williams, Jp",1000135328,Right,JMU_DUK,32f436ea-21ad-458e-bc68-325b9a554935,55.14321,-115.57389,10.96966,5.51651,1.84447,-16.8964,-1.49283,0.40407,1.91099,180,3.00015,49.86634,,,,,,,,2.61988,-35.19183,,,,,,,,-0.92685,-110.8254,,,,,,,,,,,,,,,,,,,,,,,,,,,,,,High,High,High,High,High,,,
225,2025-04-15,17:13:46.45,6,4,"Susce, Brode",1000077268,Right,JMU_DUK,"Butler, Jake",1000176047,Right,GEO_PAT,Undefined,6,Bottom,2,0,2,Fastball,Sinker,StrikeSwinging,Strikeout,Undefined,Undefined,0,0,,89.19376,-2.23434,-3.461875,2244.606724,276.374874,3:15,5.57866,1.47702,6.51761,-36.18033,-0.42512,17.66477,0.50857,-0.23147,79.00858,-9.020889,-0.25128,0.430369,,,,,,,,,,,,-10.69985,1.07689,-1.24269,50,5.4075,7.10554,-128.99756,-6.19829,-17.26615,37.39559,-30.43627,GEO_PAT,JMU_DUK,SpuhlerFieldMain,D1,A10,20250415-SpuhlerFieldMain-1,85164890-1a3e-11f0-b278-3921cf0bcfe8,87.58161,,,10.18518,,,,,,,13017037-8ec2-4735-9dcb-0898b1439113,2025-04-15,21:13:46.45,2025-04-15T17:13:46.4520192-04:00,2025-04-15T21:13:46.4520192Z,,v3,471300,471327,15 April 2025 15:00-jamesmad@georgemas,"Williams, Jp",1000135328,Right,JMU_DUK,6e74a218-748b-4e40-a76c-429ab7c534ba,53.98224,-130.14686,18.69779,5.58362,-5.26287,-15.21813,-1.46923,7.63619,-8.63307,,,,,,,,,,,,,,,,,,,,,,,,,,,,,,,,,,,,,,,,,,,,,,,,,,,High,High,High,,,,,
226,2025-04-15,17:15:52.46,1,1,"Rumberg, Logan",1000216384,Right,GEO_PAT,"Fleck, Maddux",1000332432,Left,JMU_DUK,Undefined,7,Top,0,0,0,Fastball,Four-Seam,BallCalled,Undefined,Undefined,Undefined,0,0,,91.98571,-0.712047,-1.908144,2313.337111,192.017714,12:30,5.6772,2.08289,5.85305,-13.12871,20.77552,4.13866,3.9211,0.65404,81.8959,-3.298684,-1.16665,0.419081,,,,,,,,,,,,-2.75681,11.1704,-1.93004,50,5.61169,4.24495,-133.16401,-1.96888,-4.8259,35.28748,-12.62001,GEO_PAT,JMU_DUK,SpuhlerFieldMain,D1,A10,20250415-SpuhlerFieldMain-1,d015a7a0-1a3e-11f0-b278-3921cf0bcfe8,89.94061,,,10.08981,,,,,,,13017037-8ec2-4735-9dcb-0898b1439113,2025-04-15,21:15:52.46,2025-04-15T17:15:52.4627968-04:00,2025-04-15T21:15:52.4627968Z,,v3,471300,471327,15 April 2025 15:00-jamesmad@georgemas,"Barenz, Nick",1000218914,Right,GEO_PAT,4a592209-ad45-49e6-8d89-3db27a26ff9c,54.64231,-134.38856,17.64374,5.67241,-1.53094,-6.31001,-2.08026,4.41242,-2.41295,,,,,,,,,,,,,,,,,,,,,,,,,,,,,,,,,,,,,,,,,,,,,,,,,,,High,High,High,,,,,
227,2025-04-15,17:16:06.09,1,2,"Rumberg, Logan",1000216384,Right,GEO_PAT,"Fleck, Maddux",1000332432,Left,JMU_DUK,Undefined,7,Top,0,1,0,Fastball,Four-Seam,StrikeCalled,Undefined,Undefined,Undefined,0,0,,92.00435,-3.387963,-2.994099,2344.119769,197.817105,12:30,5.57244,2.00756,5.98411,-12.00859,21.82899,6.58067,1.42336,-0.2219,82.13487,-5.763404,-1.813622,0.418669,,,,,,,,,,,,-4.44752,12.80107,-1.77453,50,5.29782,6.66953,-132.97748,-8.15884,-7.76199,35.24573,-9.83316,GEO_PAT,JMU_DUK,SpuhlerFieldMain,D1,A10,20250415-SpuhlerFieldMain-1,d850bdb0-1a3e-11f0-b278-3921cf0bcfe8,90.02915,,,9.86948,,,,,,,13017037-8ec2-4735-9dcb-0898b1439113,2025-04-15,21:16:06.09,2025-04-15T17:16:06.0997120-04:00,2025-04-15T21:16:06.0997120Z,,v3,471300,471327,15 April 2025 15:00-jamesmad@georgemas,"Barenz, Nick",1000218914,Right,GEO_PAT,42690a31-75aa-45a7-a37d-3738f3dde023,54.51523,-134.16891,17.62286,5.568,-7.82645,-4.91658,-2.00442,6.93192,-3.881,,,,,,,,,,,,,,,,,,,,,,,,,,,,,,,,,,,,,,,,,,,,,,,,,,,High,High,High,,,,,
228,2025-04-15,17:16:21.82,1,3,"Rumberg, Logan",1000216384,Right,GEO_PAT,"Fleck, Maddux",1000332432,Left,JMU_DUK,Undefined,7,Top,0,1,1,Fastball,Four-Seam,BallCalled,Undefined,Undefined,Undefined,0,0,,93.06739,-0.383078,-1.523852,2365.789766,204.223296,12:45,5.637,2.0011,5.89396,-12.30079,20.76564,8.75654,4.25611,1.31558,82.78348,-2.820955,0.04693,0.413871,,,,,,,,,,,,-4.98819,11.08536,-1.88322,50,5.59923,3.18415,-134.79829,-1.18934,-8.93674,36.48101,-12.3138,GEO_PAT,JMU_DUK,SpuhlerFieldMain,D1,A10,20250415-SpuhlerFieldMain-1,e1952d70-1a3e-11f0-b278-3921cf0bcfe8,91.0729,,,10.28391,,,,,,,13017037-8ec2-4735-9dcb-0898b1439113,2025-04-15,21:16:21.82,2025-04-15T17:16:21.8230272-04:00,2025-04-15T21:16:21.8230272Z,,v3,471300,471327,15 April 2025 15:00-jamesmad@georgemas,"Barenz, Nick",1000218914,Right,GEO_PAT,4285b63b-33cb-4efb-833a-bbedeb92c1cc,54.603,-136.03831,18.24051,5.63254,-0.77078,-6.1569,-1.99661,3.48792,-4.46837,,,,,,,,,,,,,,,,,,,,,,,,,,,,,,,,,,,,,,,,,,,,,,,,,,,High,High,High,,,,,
229,2025-04-15,17:16:37.48,1,4,"Rumberg, Logan",1000216384,Right,GEO_PAT,"Fleck, Maddux",1000332432,Left,JMU_DUK,Undefined,7,Top,0,2,1,Fastball,Four-Seam,StrikeCalled,Undefined,Undefined,Undefined,0,0,,92.4024,-2.871168,-1.807556,2334.26085,200.357512,12:45,5.5181,2.00506,5.86648,-11.18367,22.52198,7.84839,1.9153,0.97935,82.22429,-5.103287,-0.400711,0.417852,,,,,,,,,,,,-4.64177,12.8965,-1.86305,50,5.27887,3.86137,-133.63875,-6.94267,-8.16319,36.18979,-9.4939,GEO_PAT,JMU_DUK,SpuhlerFieldMain,D1,A10,20250415-SpuhlerFieldMain-1,eb04f2f0-1a3e-11f0-b278-3921cf0bcfe8,90.2052,,,10.17811,,,,,,,13017037-8ec2-4735-9dcb-0898b1439113,2025-04-15,21:16:37.48,2025-04-15T17:16:37.4860800-04:00,2025-04-15T21:16:37.4860800Z,,v3,471300,471327,15 April 2025 15:00-jamesmad@georgemas,"Barenz, Nick",1000218914,Right,GEO_PAT,032eefb9-70ec-44de-8bca-83e3a8b1e5ae,54.63089,-134.88699,18.0949,5.51268,-6.61521,-4.74695,-2.00109,4.14293,-4.08159,,,,,,,,,,,,,,,,,,,,,,,,,,,,,,,,,,,,,,,,,,,,,,,,,,,High,High,High,,,,,
230,2025-04-15,17:16:54.01,1,5,"Rumberg, Logan",1000216384,Right,GEO_PAT,"Fleck, Maddux",1000332432,Left,JMU_DUK,Undefined,7,Top,0,2,2,Fastball,Four-Seam,BallCalled,Undefined,Undefined,Undefined,0,0,,93.48989,-2.065617,-1.510192,2353.37712,195.023016,12:30,5.59052,2.12919,5.88327,-12.12568,20.56714,5.1804,2.66023,1.15806,83.58962,-4.453469,-0.581066,0.411526,,,,,,,,,,,,-3.15319,11.558,-2.01015,50,5.41676,3.33218,-135.38254,-5.17771,-5.72181,35.69258,-11.2008,GEO_PAT,JMU_DUK,SpuhlerFieldMain,D1,A10,20250415-SpuhlerFieldMain-1,f4e15cf0-1a3e-11f0-b278-3921cf0bcfe8,91.59185,,,9.90027,,,,,,,13017037-8ec2-4735-9dcb-0898b1439113,2025-04-15,21:16:54.01,2025-04-15T17:16:54.0177408-04:00,2025-04-15T21:16:54.0177408Z,,v3,471300,471327,15 April 2025 15:00-jamesmad@georgemas,"Barenz, Nick",1000218914,Right,GEO_PAT,55f09fde-a7ed-4f2e-9218-3caf03519ac4,54.61446,-136.59369,17.84629,5.586,-4.79763,-5.6004,-2.12652,3.52634,-2.8609,,,,,,,,,,,,,,,,,,,,,,,,,,,,,,,,,,,,,,,,,,,,,,,,,,,High,High,High,,,,,
231,2025-04-15,17:17:10.38,1,6,"Rumberg, Logan",1000216384,Right,GEO_PAT,"Fleck, Maddux",1000332432,Left,JMU_DUK,Undefined,7,Top,0,3,2,Fastball,Four-Seam,BallCalled,Walk,Undefined,Undefined,0,0,,92.99048,-0.544807,-0.274853,2371.131663,203.201075,12:45,5.54048,2.06399,5.78196,-10.68733,22.38525,9.06028,4.14293,2.56327,83.16107,-2.677977,1.347589,0.41391,,,,,,,,,,,,-4.67477,11.89977,-2.04669,50,5.48928,0.22708,-134.77686,-1.50835,-8.41919,34.99205,-10.74269,GEO_PAT,JMU_DUK,SpuhlerFieldMain,D1,A10,20250415-SpuhlerFieldMain-1,fe88fb50-1a3e-11f0-b278-3921cf0bcfe8,91.06444,,,9.82941,,,,,,,13017037-8ec2-4735-9dcb-0898b1439113,2025-04-15,21:17:10.38,2025-04-15T17:17:10.3830528-04:00,2025-04-15T21:17:10.3830528Z,,v3,471300,471327,15 April 2025 15:00-jamesmad@georgemas,"Barenz, Nick",1000218914,Right,GEO_PAT,c0299cfd-7352-43a4-a1fc-4cb5988bed6e,54.71569,-135.99568,17.49603,5.5353,-1.13417,-5.37135,-2.0597,0.52033,-4.20959,,,,,,,,,,,,,,,,,,,,,,,,,,,,,,,,,,,,,,,,,,,,,,,,,,,High,High,High,,,,,
232,2025-04-15,17:17:41.31,2,1,"Rumberg, Logan",1000216384,Right,GEO_PAT,"Langley, Kyle",10281913,Left,JMU_DUK,Undefined,7,Top,0,0,0,Fastball,Four-Seam,BallCalled,Undefined,Undefined,Undefined,0,0,,91.10225,-1.537724,-2.386772,2241.475353,217.046129,1:15,5.76962,2.21429,5.74997,-12.91827,23.36202,16.17997,3.25986,1.33921,77.73558,-4.188957,0.506527,0.433518,,,,,,,,,,,,-9.20323,12.99095,-2.02521,50,5.63445,4.67852,-131.13171,-3.75691,-14.93728,45.1668,-11.08911,GEO_PAT,JMU_DUK,SpuhlerFieldMain,D1,A10,20250415-SpuhlerFieldMain-1,10fc2ff0-1a3f-11f0-b278-3921cf0bcfe8,86.94557,,,13.36667,,,,,,,13017037-8ec2-4735-9dcb-0898b1439113,2025-04-15,21:17:41.31,2025-04-15T17:17:41.3178368-04:00,2025-04-15T21:17:41.3178368Z,,v3,471300,471327,15 April 2025 15:00-jamesmad@georgemas,"Barenz, Nick",1000218914,Right,GEO_PAT,b018e8da-3ef2-4593-b07a-a648132ee83a,54.7367,-132.75319,22.5834,5.76217,-3.35882,-5.54455,-2.2028,5.21476,-7.46864,,,,,,,,,,,,,,,,,,,,,,,,,,,,,,,,,,,,,,,,,,,,,,,,,,,High,High,High,,,,,
233,2025-04-15,17:18:13.56,2,2,"Rumberg, Logan",1000216384,Right,GEO_PAT,"Langley, Kyle",10281913,Left,JMU_DUK,Undefined,7,Top,0,1,0,Slider,Curveball,BallCalled,Undefined,Undefined,Undefined,0,0,,77.8029,0.435227,-2.341928,2420.186246,30.955486,7:00,5.49672,2.29544,5.25712,-57.78373,-9.88741,-6.91292,1.0907,-0.48238,71.04179,-10.013602,-3.569581,0.498107,,,,,,,,,,,,2.74244,-4.74307,-2.07516,50,5.49325,4.88191,-112.78575,-1.14841,3.48042,23.33604,-38.19348,GEO_PAT,JMU_DUK,SpuhlerFieldMain,D1,A10,20250415-SpuhlerFieldMain-1,2452e6c0-1a3f-11f0-b278-3921cf0bcfe8,75.67138,,,6.76111,,,,,,,13017037-8ec2-4735-9dcb-0898b1439113,2025-04-15,21:18:13.56,2025-04-15T17:18:13.5663616-04:00,2025-04-15T21:18:13.5663616Z,,v3,471300,471327,15 April 2025 15:00-jamesmad@georgemas,"Barenz, Nick",1000218914,Right,GEO_PAT,72720cb0-45a0-49b6-914b-489c9f380ee5,55.24769,-113.86635,11.66802,5.50548,0.62019,-19.09674,-2.29749,4.72074,1.74021,,,,,,,,,,,,,,,,,,,,,,,,,,,,,,,,,,,,,,,,,,,,,,,,,,,High,High,High,,,,,
234,2025-04-15,17:18:29.00,2,3,"Rumberg, Logan",1000216384,Right,GEO_PAT,"Langley, Kyle",10281913,Left,JMU_DUK,Undefined,7,Top,0,2,0,Fastball,Four-Seam,StrikeCalled,Undefined,Undefined,Undefined,0,0,,91.63378,-2.203005,-2.87305,2273.508924,217.36636,1:15,5.56484,2.02908,5.98693,-14.1219,19.5158,13.97501,2.34251,0.52845,82.66943,-4.941796,-0.364106,0.417431,,,,,,,,,,,,-8.05713,11.05296,-1.80967,50,5.38286,6.05106,-132.7446,-5.48383,-14.19252,31.8098,-12.70446,GEO_PAT,JMU_DUK,SpuhlerFieldMain,D1,A10,20250415-SpuhlerFieldMain-1,2d81d2b0-1a3f-11f0-b278-3921cf0bcfe8,90.29627,,,8.96435,,,,,,,13017037-8ec2-4735-9dcb-0898b1439113,2025-04-15,21:18:29.00,2025-04-15T17:18:29.0017792-04:00,2025-04-15T21:18:29.0017792Z,,v3,471300,471327,15 April 2025 15:00-jamesmad@georgemas,"Barenz, Nick",1000218914,Right,GEO_PAT,729d174c-81df-4f42-b09e-cbcd03e3036e,54.51322,-133.82174,15.9049,5.56127,-5.05363,-6.35223,-2.02271,6.53164,-7.09626,,,,,,,,,,,,,,,,,,,,,,,,,,,,,,,,,,,,,,,,,,,,,,,,,,,High,High,High,,,,,
235,2025-04-15,17:18:44.93,2,4,"Rumberg, Logan",1000216384,Right,GEO_PAT,"Langley, Kyle",10281913,Left,JMU_DUK,Undefined,7,Top,0,2,1,Fastball,Four-Seam,BallCalled,Undefined,Undefined,Undefined,0,0,,92.6755,-0.216305,-1.544924,2343.838649,221.047303,1:15,5.60852,2.16715,5.84792,-13.21993,19.78123,16.20064,4.30577,2.08114,83.41991,-2.79349,1.359148,0.413462,,,,,,,,,,,,-8.72126,10.48662,-2.05077,50,5.58327,2.8907,-134.42039,-0.85327,-15.7322,32.96674,-13.25733,GEO_PAT,JMU_DUK,SpuhlerFieldMain,D1,A10,20250415-SpuhlerFieldMain-1,36e36760-1a3f-11f0-b278-3921cf0bcfe8,91.1629,,,9.2556,,,,,,,13017037-8ec2-4735-9dcb-0898b1439113,2025-04-15,21:18:44.93,2025-04-15T17:18:44.9317376-04:00,2025-04-15T21:18:44.9317376Z,,v3,471300,471327,15 April 2025 15:00-jamesmad@georgemas,"Barenz, Nick",1000218914,Right,GEO_PAT,34859f48-56a3-4a5d-ba42-63669e5b6ca7,54.65184,-135.55646,16.48337,5.60481,-0.39641,-6.62866,-2.15972,3.43284,-7.8661,,,,,,,,,,,,,,,,,,,,,,,,,,,,,,,,,,,,,,,,,,,,,,,,,,,High,High,High,,,,,
236,2025-04-15,17:19:04.68,2,5,"Rumberg, Logan",1000216384,Right,GEO_PAT,"Langley, Kyle",10281913,Left,JMU_DUK,Undefined,7,Top,0,3,1,Fastball,Four-Seam,BallCalled,Walk,Undefined,Undefined,0,0,,90.8155,-0.466061,-2.224285,2326.319351,211.665143,1:00,5.54587,2.16091,6.13645,-14.87906,19.14769,11.05686,3.87485,1.02543,81.74725,-3.361066,-0.232709,0.419838,,,,,,,,,,,,-6.38111,10.36107,-1.99643,50,5.50244,4.64023,-131.7092,-1.44981,-11.04822,31.71834,-14.23492,GEO_PAT,JMU_DUK,SpuhlerFieldMain,D1,A10,20250415-SpuhlerFieldMain-1,42a8dcb0-1a3f-11f0-b278-3921cf0bcfe8,89.7786,,,9.06825,,,,,,,13017037-8ec2-4735-9dcb-0898b1439113,2025-04-15,21:19:04.68,2025-04-15T17:19:04.6870528-04:00,2025-04-15T21:19:04.6870528Z,,v3,471300,471327,15 April 2025 15:00-jamesmad@georgemas,"Barenz, Nick",1000218914,Right,GEO_PAT,f9341995-d46b-4dfe-8b49-b3f2eaa89f3d,54.36251,-132.75562,15.85917,5.54252,-0.98018,-7.11746,-2.15553,5.00473,-5.52411,,,,,,,,,,,,,,,,,,,,,,,,,,,,,,,,,,,,,,,,,,,,,,,,,,,High,High,High,,,,,
237,2025-04-15,17:20:03.48,3,1,"Rumberg, Logan",1000216384,Right,GEO_PAT,"Peifer, Wyatt",1000115813,Left,JMU_DUK,Undefined,7,Top,0,0,0,Fastball,Four-Seam,BallCalled,Undefined,Undefined,Undefined,0,0,,92.20307,-1.106812,-2.233909,2253.705521,219.686967,1:15,5.59782,2.12851,6.09008,-15.22749,17.81359,13.80261,3.30407,1.21114,83.12854,-4.051032,0.250646,0.413712,,,,,,,,,,,,-7.77414,9.85205,-1.96303,50,5.50425,4.61091,-133.71612,-2.99796,-13.8889,32.39692,-14.5728,GEO_PAT,JMU_DUK,SpuhlerFieldMain,D1,A10,20250415-SpuhlerFieldMain-1,65d16950-1a3f-11f0-b278-3921cf0bcfe8,91.10785,,,9.07453,,,,,,,13017037-8ec2-4735-9dcb-0898b1439113,2025-04-15,21:20:03.48,2025-04-15T17:20:03.4809344-04:00,2025-04-15T21:20:03.4809344Z,,v3,471300,471327,15 April 2025 15:00-jamesmad@georgemas,"Barenz, Nick",1000218914,Right,GEO_PAT,76a511a5-782b-4015-a8c7-902da708fa14,54.40943,-134.78021,16.19846,5.59486,-2.51931,-7.2864,-2.12197,5.06709,-6.94445,,,,,,,,,,,,,,,,,,,,,,,,,,,,,,,,,,,,,,,,,,,,,,,,,,,High,High,High,,,,,
238,2025-04-15,17:20:18.67,3,2,"Rumberg, Logan",1000216384,Right,GEO_PAT,"Peifer, Wyatt",1000115813,Left,JMU_DUK,Undefined,7,Top,0,1,0,Fastball,Four-Seam,StrikeCalled,Undefined,Undefined,Undefined,0,0,,92.74966,-2.659464,-2.705642,2284.522718,218.63219,1:15,5.64023,2.04136,5.99032,-14.07142,18.73316,14.03225,1.99823,0.7012,83.80597,-5.379075,-0.185501,0.412229,,,,,,,,,,,,-8.04599,10.79079,-1.83547,50,5.42237,5.7341,-134.36013,-6.63077,-14.53407,32.32875,-12.68183,GEO_PAT,JMU_DUK,SpuhlerFieldMain,D1,A10,20250415-SpuhlerFieldMain-1,6edaf2f0-1a3f-11f0-b278-3921cf0bcfe8,91.43564,,,8.9437,,,,,,,13017037-8ec2-4735-9dcb-0898b1439113,2025-04-15,21:20:18.67,2025-04-15T17:20:18.6736128-04:00,2025-04-15T21:20:18.6736128Z,,v3,471300,471327,15 April 2025 15:00-jamesmad@georgemas,"Barenz, Nick",1000218914,Right,GEO_PAT,ff93f524-610b-44bb-8b97-927e119e643a,54.51047,-135.44105,16.16437,5.63698,-6.20675,-6.34092,-2.03532,6.22006,-7.26704,,,,,,,,,,,,,,,,,,,,,,,,,,,,,,,,,,,,,,,,,,,,,,,,,,,High,High,High,,,,,
239,2025-04-15,17:20:37.15,3,3,"Rumberg, Logan",1000216384,Right,GEO_PAT,"Peifer, Wyatt",1000115813,Left,JMU_DUK,Undefined,7,Top,0,1,1,Slider,Curveball,BallCalled,Undefined,Undefined,Undefined,0,0,,78.2091,0.048859,-0.319198,2502.90981,34.863107,7:15,5.42881,2.17832,5.23847,-60.8509,-13.14603,-10.36839,0.40383,1.01425,71.04296,-10.949341,-2.165714,0.49711,,,,,,,,,,,,5.10118,-6.16666,-2.1408,50,5.38758,1.04534,-113.39028,-2.06056,6.49133,25.10267,-40.02117,GEO_PAT,JMU_DUK,SpuhlerFieldMain,D1,A10,20250415-SpuhlerFieldMain-1,79ee7d60-1a3f-11f0-b278-3921cf0bcfe8,75.82308,,,7.16613,,,,,,,13017037-8ec2-4735-9dcb-0898b1439113,2025-04-15,21:20:37.15,2025-04-15T17:20:37.1502080-04:00,2025-04-15T21:20:37.1502080Z,,v3,471300,471327,15 April 2025 15:00-jamesmad@georgemas,"Barenz, Nick",1000218914,Right,GEO_PAT,8708d699-3c55-45aa-9794-81d7d6e79d4f,55.26589,-114.55012,12.55134,5.44006,-0.21142,-20.01059,-2.18217,0.74541,3.24567,,,,,,,,,,,,,,,,,,,,,,,,,,,,,,,,,,,,,,,,,,,,,,,,,,,High,High,High,,,,,
240,2025-04-15,17:21:11.90,3,4,"Rumberg, Logan",1000216384,Right,GEO_PAT,"Peifer, Wyatt",1000115813,Left,JMU_DUK,Undefined,7,Top,0,2,1,Fastball,Four-Seam,InPlay,Undefined,GroundBall,Out,1,1,,92.79071,-1.359693,-2.571685,2356.696004,225.471036,1:30,5.54977,2.09542,5.8328,-12.47776,21.81871,20.50249,3.24451,1.41179,80.41528,-3.886892,1.100252,0.421499,67.8075,-6.605362,-15.833384,,,,,22.10039,20.43408,-18.65409,0.209586,-11.5291,12.12863,-1.8974,50,5.43191,5.05401,-133.91204,-3.44588,-19.81071,43.33621,-11.33321,GEO_PAT,JMU_DUK,SpuhlerFieldMain,D1,A10,20250415-SpuhlerFieldMain-1,8e97a4d0-1a3f-11f0-b278-3921cf0bcfe8,89.42482,3.25808,,12.37544,,,,1.42703,3.25808,-1.43394,13017037-8ec2-4735-9dcb-0898b1439113,2025-04-15,21:21:11.90,2025-04-15T17:21:11.9015424-04:00,2025-04-15T21:21:11.9015424Z,GroundBall,v3,471300,471327,15 April 2025 15:00-jamesmad@georgemas,"Barenz, Nick",1000218914,Right,GEO_PAT,7e56770a-f6df-4ccc-b2ab-794d46e1f826,54.66154,-135.41219,21.66811,5.5444,-3.05356,-5.6666,-2.08422,5.73979,-9.90535,25.564954,1.42715,95.0349,-9.24009,,,,,,,3.25872,-11.47981,-19.42639,,,,,,,-1.43384,-26.9605,0.35036,,,,,,,,,,,,,,,,,,,,,,,,,,,,,High,High,High,High,High,,,
241,2025-04-15,17:21:44.92,4,1,"Rumberg, Logan",1000216384,Right,GEO_PAT,"Calabrese, Coleman",1000091807,Right,JMU_DUK,Undefined,7,Top,1,0,0,Slider,Slider,BallCalled,Undefined,Undefined,Undefined,0,0,,80.92665,-1.931888,-3.089865,2458.215203,79.317565,8:45,5.42913,2.24412,5.53568,-43.91526,-0.13201,-8.48209,-0.03963,-1.3538,74.16718,-9.907422,-4.601728,0.476239,,,,,,,,,,,,3.40555,0.83095,-1.96954,50,5.23144,6.65216,-117.23909,-5.43497,4.68374,24.61738,-31.03123,GEO_PAT,JMU_DUK,SpuhlerFieldMain,D1,A10,20250415-SpuhlerFieldMain-1,a24ca840-1a3f-11f0-b278-3921cf0bcfe8,79.14599,,,6.75947,,,,,,,13017037-8ec2-4735-9dcb-0898b1439113,2025-04-15,21:21:44.92,2025-04-15T17:21:44.9280000-04:00,2025-04-15T21:21:44.9280000Z,,v3,471300,471327,15 April 2025 15:00-jamesmad@georgemas,"Barenz, Nick",1000218914,Right,GEO_PAT,6f43666a-1ad5-457e-b0dc-2cc7b72c5615,54.96869,-118.2778,12.30869,5.43314,-4.12564,-15.51561,-2.24606,6.45454,2.34187,,,,,,,,,,,,,,,,,,,,,,,,,,,,,,,,,,,,,,,,,,,,,,,,,,,High,High,High,,,,,
242,2025-04-15,17:22:14.48,4,2,"Rumberg, Logan",1000216384,Right,GEO_PAT,"Calabrese, Coleman",1000091807,Right,JMU_DUK,Undefined,7,Top,1,1,0,Slider,Slider,StrikeCalled,Undefined,Undefined,Undefined,0,0,,79.90629,1.238211,-1.159595,2345.120414,71.935137,8:30,5.49513,2.40612,5.23225,-47.29912,-1.18402,-9.20969,2.71795,0.54841,71.41453,-7.431875,-2.792834,0.488757,,,,,,,,,,,,4.14134,-0.46894,-2.29221,50,5.57451,2.73077,-115.58993,0.81768,5.44326,27.26784,-32.79042,GEO_PAT,JMU_DUK,SpuhlerFieldMain,D1,A10,20250415-SpuhlerFieldMain-1,b3d4b990-1a3f-11f0-b278-3921cf0bcfe8,77.11897,,,8.49176,,,,,,,13017037-8ec2-4735-9dcb-0898b1439113,2025-04-15,21:22:14.48,2025-04-15T17:22:14.4833024-04:00,2025-04-15T21:22:14.4833024Z,,v3,471300,471327,15 April 2025 15:00-jamesmad@georgemas,"Barenz, Nick",1000218914,Right,GEO_PAT,a69182fb-58e6-42e1-84bd-a7263ac9b93f,55.2657,-116.82552,13.63392,5.5038,2.3035,-16.39521,-2.41036,2.48412,2.72163,,,,,,,,,,,,,,,,,,,,,,,,,,,,,,,,,,,,,,,,,,,,,,,,,,,High,High,High,,,,,
243,2025-04-15,17:22:31.54,4,3,"Rumberg, Logan",1000216384,Right,GEO_PAT,"Calabrese, Coleman",1000091807,Right,JMU_DUK,Undefined,7,Top,1,1,1,Slider,Slider,BallCalled,Undefined,Undefined,Undefined,0,0,,81.47848,-1.950493,-3.320325,2427.744671,104.314905,9:30,5.44906,2.08827,5.42863,-40.65502,4.15583,-8.61012,0.23048,-1.74262,72.26381,-9.427368,-4.850299,0.481796,,,,,,,,,,,,3.0239,3.355,-1.7871,50,5.24795,7.16816,-117.54146,-5.37709,4.04249,31.48236,-27.68891,GEO_PAT,JMU_DUK,SpuhlerFieldMain,D1,A10,20250415-SpuhlerFieldMain-1,bdfea750-1a3f-11f0-b278-3921cf0bcfe8,78.23325,,,9.21467,,,,,,,13017037-8ec2-4735-9dcb-0898b1439113,2025-04-15,21:22:31.54,2025-04-15T17:22:31.5492352-04:00,2025-04-15T21:22:31.5492352Z,,v3,471300,471327,15 April 2025 15:00-jamesmad@georgemas,"Barenz, Nick",1000218914,Right,GEO_PAT,d277cd44-5e28-4b01-a928-5ce34c3df765,55.07014,-118.8917,15.74118,5.4531,-4.18955,-13.84446,-2.09081,6.99478,2.02125,,,,,,,,,,,,,,,,,,,,,,,,,,,,,,,,,,,,,,,,,,,,,,,,,,,High,High,High,,,,,
244,2025-04-15,17:22:51.18,4,4,"Rumberg, Logan",1000216384,Right,GEO_PAT,"Calabrese, Coleman",1000091807,Right,JMU_DUK,Undefined,7,Top,1,2,1,Fastball,Four-Seam,StrikeSwinging,Undefined,Undefined,Undefined,0,0,,92.65828,-0.753637,-1.698297,2392.147295,190.692695,12:15,5.4718,1.93743,6.06044,-16.83686,15.49324,2.73291,3.37082,0.59278,84.61225,-3.956039,-1.206575,0.409237,,,,,,,,,,,,-1.87976,8.49902,-1.80694,50,5.40415,3.87277,-134.58787,-2.27826,-3.44679,29.2983,-16.59007,GEO_PAT,JMU_DUK,SpuhlerFieldMain,D1,A10,20250415-SpuhlerFieldMain-1,c9abd9b0-1a3f-11f0-b278-3921cf0bcfe8,92.10416,,,8.04602,,,,,,,13017037-8ec2-4735-9dcb-0898b1439113,2025-04-15,21:22:51.18,2025-04-15T17:22:51.1841792-04:00,2025-04-15T21:22:51.1841792Z,,v3,471300,471327,15 April 2025 15:00-jamesmad@georgemas,"Barenz, Nick",1000218914,Right,GEO_PAT,9ee1ef20-79aa-4c7d-ab0d-f4704ecca135,54.44074,-135.55112,14.64915,5.47009,-1.73282,-8.29504,-1.93613,3.9861,-1.7234,,,,,,,,,,,,,,,,,,,,,,,,,,,,,,,,,,,,,,,,,,,,,,,,,,,High,High,High,,,,,
245,2025-04-15,17:23:08.76,4,5,"Rumberg, Logan",1000216384,Right,GEO_PAT,"Calabrese, Coleman",1000091807,Right,JMU_DUK,Undefined,7,Top,1,2,2,Slider,Slider,BallCalled,Undefined,Undefined,Undefined,0,0,,82.2864,-1.887419,-4.617353,2533.530463,106.387509,9:30,5.36741,2.17734,5.47219,-39.41124,3.01984,-5.56957,0.31038,-2.61739,75.52688,-9.043314,-5.604622,0.468828,,,,,,,,,,,,1.44815,2.49012,-1.76655,50,5.17402,9.83531,-118.98649,-5.29684,2.06329,24.14666,-28.62621,GEO_PAT,JMU_DUK,SpuhlerFieldMain,D1,A10,20250415-SpuhlerFieldMain-1,d4488670-1a3f-11f0-b278-3921cf0bcfe8,80.39716,,,6.75952,,,,,,,13017037-8ec2-4735-9dcb-0898b1439113,2025-04-15,21:23:08.76,2025-04-15T17:23:08.7603712-04:00,2025-04-15T21:23:08.7603712Z,,v3,471300,471327,15 April 2025 15:00-jamesmad@georgemas,"Barenz, Nick",1000218914,Right,GEO_PAT,21293dc2-1de2-4ae8-aba4-473fab5a4a73,55.0297,-120.00286,12.07333,5.37161,-4.09192,-14.3131,-2.1787,9.74846,1.03165,,,,,,,,,,,,,,,,,,,,,,,,,,,,,,,,,,,,,,,,,,,,,,,,,,,High,High,High,,,,,
246,2025-04-15,17:23:31.39,4,6,"Rumberg, Logan",1000216384,Right,GEO_PAT,"Calabrese, Coleman",1000091807,Right,JMU_DUK,Undefined,7,Top,1,3,2,Fastball,Four-Seam,FoulBallNotFieldable,Undefined,Undefined,Undefined,0,0,,93.36388,-1.839422,-2.027943,2331.610561,185.523494,12:15,5.44909,1.95411,5.87557,-13.73414,19.40296,1.7428,2.59442,0.21495,82.67872,-4.535875,-1.715594,0.414313,68.36293,45.698025,139.173659,4726.619165,-94.33348,54.30528,56.57878,164.17492,53.66492,154.581871,3.459675,-1.66181,11.01442,-1.79105,50,5.2927,4.70413,-135.06117,-4.70258,-2.96625,38.63486,-12.51377,GEO_PAT,JMU_DUK,SpuhlerFieldMain,D1,A10,20250415-SpuhlerFieldMain-1,e1b717e0-1a3f-11f0-b278-3921cf0bcfe8,90.97575,56.54489,,10.68516,,,,2.49998,2.543,-0.31521,13017037-8ec2-4735-9dcb-0898b1439113,2025-04-15,21:23:31.39,2025-04-15T17:23:31.3971200-04:00,2025-04-15T21:23:31.3971200Z,FlyBall,v3,471300,471327,15 April 2025 15:00-jamesmad@georgemas,"Barenz, Nick",1000218914,Right,GEO_PAT,eadd717c-1c85-4f76-adf0-a1f77121cefa,54.62257,-136.37706,19.31743,5.44561,-4.27636,-6.25688,-1.95299,4.80516,-1.48312,315.010552,2.49999,-52.99676,0.2773,1.26512,-0.156,-0.12291,0.08027,-0.01803,0.00144,2.5435,71.73836,-27.85421,3.25282,-0.40651,-0.06121,0.0395,-0.0065,0.00036,-0.3144,45.75685,-11.62646,2.0001,-0.16533,-0.0496,0.00202,0.0046,-0.00067,,,,,,,,,,,,,,,,,,,,,,,High,High,High,High,Low,,,
247,2025-04-15,17:23:51.40,4,7,"Rumberg, Logan",1000216384,Right,GEO_PAT,"Calabrese, Coleman",1000091807,Right,JMU_DUK,Undefined,7,Top,1,3,2,Slider,Slider,StrikeSwinging,Strikeout,Undefined,Undefined,0,0,,80.68785,-1.35624,-2.171392,2510.047869,70.150721,8:15,5.29458,2.16975,5.34464,-46.69321,-1.59004,-9.3156,0.13005,-0.64449,72.57967,-9.865616,-3.828623,0.483365,,,,,,,,,,,,3.93421,0.09217,-1.96677,50,5.13873,4.80006,-116.72828,-4.38486,5.26165,28.24827,-32.05078,GEO_PAT,JMU_DUK,SpuhlerFieldMain,D1,A10,20250415-SpuhlerFieldMain-1,eda76dc0-1a3f-11f0-b278-3921cf0bcfe8,77.97929,,,8.10819,,,,,,,13017037-8ec2-4735-9dcb-0898b1439113,2025-04-15,21:23:51.40,2025-04-15T17:23:51.4064384-04:00,2025-04-15T21:23:51.4064384Z,,v3,471300,471327,15 April 2025 15:00-jamesmad@georgemas,"Barenz, Nick",1000218914,Right,GEO_PAT,5e7db0ce-4c8b-4587-9e20-592d0bf95b18,55.15682,-117.96963,14.12414,5.30047,-2.97641,-16.02539,-2.17262,4.56884,2.63083,,,,,,,,,,,,,,,,,,,,,,,,,,,,,,,,,,,,,,,,,,,,,,,,,,,High,High,High,,,,,
248,2025-04-15,17:24:21.30,5,1,"Rumberg, Logan",1000216384,Right,GEO_PAT,"Tone, Jackson",1000349742,Left,JMU_DUK,Undefined,7,Top,2,0,0,Fastball,Four-Seam,StrikeSwinging,Undefined,Undefined,Undefined,0,0,,92.10304,-1.249518,-2.024941,2274.554742,216.031076,1:15,5.53554,2.12954,6.08915,-13.94154,19.41548,13.19879,3.21692,1.35539,82.43336,-3.978887,0.351113,0.415686,,,,,,,,,,,,-7.46052,10.77197,-1.97996,50,5.43171,4.14134,-133.48388,-3.26202,-13.17523,34.41368,-13.15084,GEO_PAT,JMU_DUK,SpuhlerFieldMain,D1,A10,20250415-SpuhlerFieldMain-1,ff7c3f80-1a3f-11f0-b278-3921cf0bcfe8,90.67531,,,9.66969,,,,,,,13017037-8ec2-4735-9dcb-0898b1439113,2025-04-15,21:24:21.30,2025-04-15T17:24:21.3032448-04:00,2025-04-15T21:24:21.3032448Z,,v3,471300,471327,15 April 2025 15:00-jamesmad@georgemas,"Barenz, Nick",1000218914,Right,GEO_PAT,3fc5f3d2-234c-4ef2-ad05-5d810db38dcc,54.40967,-134.61595,17.20684,5.5319,-2.82942,-6.57542,-2.12332,4.57475,-6.58762,,,,,,,,,,,,,,,,,,,,,,,,,,,,,,,,,,,,,,,,,,,,,,,,,,,High,High,High,,,,,
249,2025-04-15,17:24:37.33,5,2,"Rumberg, Logan",1000216384,Right,GEO_PAT,"Tone, Jackson",1000349742,Left,JMU_DUK,Undefined,7,Top,2,0,1,Fastball,Four-Seam,StrikeSwinging,Undefined,Undefined,Undefined,0,0,,92.21356,-1.579665,-2.3244,2269.300313,197.986595,12:30,5.53571,1.95336,6.04941,-10.72375,22.66639,6.94122,3.17805,0.37871,82.41004,-3.731001,-1.076654,0.415892,,,,,,,,,,,,-4.34402,12.52851,-1.77588,50,5.40678,5.11301,-133.55301,-3.89275,-7.6732,34.66175,-10.04383,GEO_PAT,JMU_DUK,SpuhlerFieldMain,D1,A10,20250415-SpuhlerFieldMain-1,09083f90-1a40-11f0-b278-3921cf0bcfe8,90.63036,,,9.80352,,,,,,,13017037-8ec2-4735-9dcb-0898b1439113,2025-04-15,21:24:37.33,2025-04-15T17:24:37.3360640-04:00,2025-04-15T21:24:37.3360640Z,,v3,471300,471327,15 April 2025 15:00-jamesmad@georgemas,"Barenz, Nick",1000218914,Right,GEO_PAT,d132dd5a-7037-479d-b1d2-295f5e692054,54.44834,-134.70256,17.33087,5.53036,-3.55964,-5.02191,-1.94967,5.36749,-3.8366,,,,,,,,,,,,,,,,,,,,,,,,,,,,,,,,,,,,,,,,,,,,,,,,,,,High,High,High,,,,,
250,2025-04-15,17:24:54.25,5,3,"Rumberg, Logan",1000216384,Right,GEO_PAT,"Tone, Jackson",1000349742,Left,JMU_DUK,Undefined,7,Top,2,0,2,Fastball,Four-Seam,StrikeCalled,Strikeout,Undefined,Undefined,0,0,,91.16354,-2.300312,-2.1386,2236.521409,219.921454,1:15,5.57401,2.30743,5.86332,-16.78406,16.81395,13.19296,2.03562,1.41908,83.59146,-5.473658,0.226891,0.417185,,,,,,,,,,,,-7.37178,9.55969,-2.14187,50,5.37753,4.38271,-132.33344,-5.8372,-13.10915,27.49312,-15.17415,GEO_PAT,JMU_DUK,SpuhlerFieldMain,D1,A10,20250415-SpuhlerFieldMain-1,131c8270-1a40-11f0-b278-3921cf0bcfe8,90.34955,,,7.57207,,,,,,,13017037-8ec2-4735-9dcb-0898b1439113,2025-04-15,21:24:54.25,2025-04-15T17:24:54.2528000-04:00,2025-04-15T21:24:54.2528000Z,,v3,471300,471327,15 April 2025 15:00-jamesmad@georgemas,"Barenz, Nick",1000218914,Right,GEO_PAT,9d6b96eb-74ea-41ca-b42f-0a1b3efcae42,54.64012,-133.29397,13.74656,5.5722,-5.30706,-7.58707,-2.30299,4.84071,-6.55458,,,,,,,,,,,,,,,,,,,,,,,,,,,,,,,,,,,,,,,,,,,,,,,,,,,High,High,High,,,,,
251,2025-04-15,17:28:00.23,1,1,"Polley, Griffin",10109297,Right,JMU_DUK,"Alberti, Lucas",1000145512,Right,GEO_PAT,Undefined,7,Bottom,0,0,0,Sinker,Sinker,BallCalled,Undefined,Undefined,Undefined,0,0,,90.5319,0.747971,-1.986614,2364.880896,236.681599,2:00,5.3974,2.0924,5.72771,-23.01891,11.29008,15.53296,4.17628,1.53573,82.56512,-3.556333,0.790917,0.421576,,,,,,,,,,,,-8.38241,5.86059,-1.93588,50,5.44577,3.86082,-131.41936,0.93045,-14.6614,27.82129,-21.9235,GEO_PAT,JMU_DUK,SpuhlerFieldMain,D1,A10,20250415-SpuhlerFieldMain-1,81e457a0-1a40-11f0-b278-3921cf0bcfe8,89.40851,,,7.96678,,,,,,,13017037-8ec2-4735-9dcb-0898b1439113,2025-04-15,21:28:00.23,2025-04-15T17:28:00.2350592-04:00,2025-04-15T21:28:00.2350592Z,,v3,471300,471327,15 April 2025 15:00-jamesmad@georgemas,"Williams, Jp",1000135328,Right,JMU_DUK,4a9de0dc-bc9c-4541-83b6-fcb11feb540e,54.77321,-132.42599,13.91065,5.39776,1.72368,-10.96175,-2.08517,4.3913,-7.3307,,,,,,,,,,,,,,,,,,,,,,,,,,,,,,,,,,,,,,,,,,,,,,,,,,,High,High,High,,,,,
252,2025-04-15,17:28:19.94,1,2,"Polley, Griffin",10109297,Right,JMU_DUK,"Alberti, Lucas",1000145512,Right,GEO_PAT,Undefined,7,Bottom,0,1,0,Sinker,Sinker,StrikeSwinging,Undefined,Undefined,Undefined,0,0,,90.2684,0.030646,-2.453951,2346.024739,241.815598,2:00,5.40701,2.03958,5.61428,-24.59482,10.79166,17.62627,3.38607,1.21656,80.76383,-4.588948,0.690942,0.428144,,,,,,,,,,,,-9.6226,5.83937,-1.84084,50,5.3942,4.77734,-130.68316,-0.78084,-16.29681,32.84669,-22.28448,GEO_PAT,JMU_DUK,SpuhlerFieldMain,D1,A10,20250415-SpuhlerFieldMain-1,8d9ef780-1a40-11f0-b278-3921cf0bcfe8,88.03679,,,9.50457,,,,,,,13017037-8ec2-4735-9dcb-0898b1439113,2025-04-15,21:28:19.94,2025-04-15T17:28:19.9434240-04:00,2025-04-15T21:28:19.9434240Z,,v3,471300,471327,15 April 2025 15:00-jamesmad@georgemas,"Williams, Jp",1000135328,Right,JMU_DUK,e2109b78-bb71-433a-8314-b8ddb3147108,54.88301,-131.90478,16.42334,5.40783,0.04795,-11.14224,-2.02978,5.38344,-8.14841,,,,,,,,,,,,,,,,,,,,,,,,,,,,,,,,,,,,,,,,,,,,,,,,,,,High,High,High,,,,,
253,2025-04-15,17:28:41.02,1,3,"Polley, Griffin",10109297,Right,JMU_DUK,"Alberti, Lucas",1000145512,Right,GEO_PAT,Undefined,7,Bottom,0,1,1,Cutter,Slider,BallCalled,Undefined,Undefined,Undefined,0,0,,87.34688,0.57674,-1.008961,2435.962249,183.705595,12:00,5.32935,2.07073,5.11053,-27.99801,10.20438,0.57295,3.53968,1.16776,78.75586,-4.603255,-0.907637,0.444853,,,,,,,,,,,,-0.59799,5.29642,-1.97609,50,5.36247,2.20079,-126.49895,0.2395,-0.95695,28.78604,-23.69817,GEO_PAT,JMU_DUK,SpuhlerFieldMain,D1,A10,20250415-SpuhlerFieldMain-1,9a33a3b0-1a40-11f0-b278-3921cf0bcfe8,84.73006,,,8.59102,,,,,,,13017037-8ec2-4735-9dcb-0898b1439113,2025-04-15,21:28:41.02,2025-04-15T17:28:41.0284544-04:00,2025-04-15T21:28:41.0284544Z,,v3,471300,471327,15 April 2025 15:00-jamesmad@georgemas,"Williams, Jp",1000135328,Right,JMU_DUK,94eab643-7b3b-4141-8fde-fc4b0c742b1e,55.3863,-127.71877,14.39302,5.33104,1.24372,-11.84908,-2.07021,2.24134,-0.47847,,,,,,,,,,,,,,,,,,,,,,,,,,,,,,,,,,,,,,,,,,,,,,,,,,,High,High,High,,,,,
254,2025-04-15,17:29:04.33,1,4,"Polley, Griffin",10109297,Right,JMU_DUK,"Alberti, Lucas",1000145512,Right,GEO_PAT,Undefined,7,Bottom,0,2,1,Sinker,Sinker,BallCalled,Undefined,Undefined,Undefined,0,0,,91.52171,0.900015,-2.549357,2448.143085,239.435806,2:00,5.29162,2.1331,5.48749,-23.18206,11.11615,16.77847,4.20274,1.14455,82.46485,-3.437909,0.435774,0.421509,,,,,,,,,,,,-9.14079,5.66933,-1.92075,50,5.35522,5.10513,-132.57546,1.25844,-16.08266,31.36701,-22.19918,GEO_PAT,JMU_DUK,SpuhlerFieldMain,D1,A10,20250415-SpuhlerFieldMain-1,a8151b30-1a40-11f0-b278-3921cf0bcfe8,89.4226,,,9.05686,,,,,,,13017037-8ec2-4735-9dcb-0898b1439113,2025-04-15,21:29:04.33,2025-04-15T17:29:04.3355136-04:00,2025-04-15T21:29:04.3355136Z,,v3,471300,471327,15 April 2025 15:00-jamesmad@georgemas,"Williams, Jp",1000135328,Right,JMU_DUK,97502844-9289-4a80-9e9e-f8cf9405912e,55.0113,-133.75587,15.6835,5.29215,2.09384,-11.09959,-2.12425,5.71035,-8.04133,,,,,,,,,,,,,,,,,,,,,,,,,,,,,,,,,,,,,,,,,,,,,,,,,,,High,High,High,,,,,
255,2025-04-15,17:29:27.75,1,5,"Polley, Griffin",10109297,Right,JMU_DUK,"Alberti, Lucas",1000145512,Right,GEO_PAT,Undefined,7,Bottom,0,3,1,Fastball,Four-Seam,BallCalled,Walk,Undefined,Undefined,0,0,,90.16542,0.364172,-1.274935,2415.817897,214.650878,1:15,5.2721,2.07337,5.52764,-16.23312,19.17249,12.35717,4.25989,1.911,80.88592,-2.756927,0.926967,0.42826,,,,,,,,,,,,-6.55398,9.86827,-1.97053,50,5.29323,2.32532,-130.62267,0.35998,-11.14077,31.65704,-15.39943,GEO_PAT,JMU_DUK,SpuhlerFieldMain,D1,A10,20250415-SpuhlerFieldMain-1,b60a1ab0-1a40-11f0-b278-3921cf0bcfe8,88.01301,,,9.27951,,,,,,,13017037-8ec2-4735-9dcb-0898b1439113,2025-04-15,21:29:27.75,2025-04-15T17:29:27.7512704-04:00,2025-04-15T21:29:27.7512704Z,,v3,471300,471327,15 April 2025 15:00-jamesmad@georgemas,"Williams, Jp",1000135328,Right,JMU_DUK,d2a7c060-09c4-40a7-a7bc-6529f48de986,54.9688,-131.82139,15.82852,5.26855,0.94309,-7.69971,-2.06657,2.74717,-5.57038,,,,,,,,,,,,,,,,,,,,,,,,,,,,,,,,,,,,,,,,,,,,,,,,,,,High,High,High,,,,,
256,2025-04-15,17:31:39.05,2,1,"Polley, Griffin",10109297,Right,JMU_DUK,"Wall, Jonny",1000119703,Right,GEO_PAT,Undefined,7,Bottom,0,0,0,Fastball,Four-Seam,FoulBallNotFieldable,Undefined,Undefined,Undefined,0,0,,90.08954,-0.494007,-2.767826,2432.962849,219.977127,1:15,5.49183,1.98578,5.58707,-12.92835,22.71048,17.88021,3.95259,0.88902,80.31955,-3.042909,0.418427,0.429668,81.60778,64.851957,-158.472844,4141.137884,,,,,27.74283,,,-10.04847,12.06662,-1.76002,50,5.44167,5.50631,-130.40694,-1.45144,-16.8952,33.45891,-11.88555,GEO_PAT,JMU_DUK,SpuhlerFieldMain,D1,A10,20250415-SpuhlerFieldMain-1,04635320-1a41-11f0-b278-3921cf0bcfe8,87.72455,56.5794,,9.76999,,,,3.02299,4.13823,-0.88996,13017037-8ec2-4735-9dcb-0898b1439113,2025-04-15,21:31:39.05,2025-04-15T17:31:39.0508032-04:00,2025-04-15T21:31:39.0508032Z,,v3,471300,471327,15 April 2025 15:00-jamesmad@georgemas,"Williams, Jp",1000135328,Right,JMU_DUK,80fb891f-697c-4915-835a-8de8c9c53330,54.91326,-131.66151,16.72946,5.48774,-1.00578,-5.94278,-1.97836,6.13981,-8.4476,355.380147,3.02299,-47.31573,-1.33647,1.27857,-0.47247,0.3238,-0.46131,0.47046,-0.19723,4.13823,108.34603,-34.56443,5.27106,-1.22307,0.44619,-0.46995,0.45451,-0.18713,-0.88996,-18.66406,-2.26771,1.68876,-0.60301,0.40524,-0.57493,0.58602,-0.2456,,,,,,,,,,,,,,,,,,,,,,,High,High,High,High,Undefined,,,
257,2025-04-15,17:32:04.32,2,2,"Polley, Griffin",10109297,Right,JMU_DUK,"Wall, Jonny",1000119703,Right,GEO_PAT,Undefined,7,Bottom,0,0,1,Fastball,Four-Seam,BallCalled,Undefined,Undefined,Undefined,0,0,,92.92305,0.310386,-2.600849,2505.454799,228.025524,1:30,5.39827,2.00623,5.54564,-17.73859,15.83087,16.15076,4.21044,0.91974,82.79229,-3.080614,0.275515,0.417007,,,,,,,,,,,,-8.92063,8.2102,-1.79119,50,5.41383,5.32068,-134.44092,0.16344,-15.95532,35.32611,-17.48938,GEO_PAT,JMU_DUK,SpuhlerFieldMain,D1,A10,20250415-SpuhlerFieldMain-1,135e9f10-1a41-11f0-b278-3921cf0bcfe8,90.38795,,,10.13076,,,,,,,13017037-8ec2-4735-9dcb-0898b1439113,2025-04-15,21:32:04.32,2025-04-15T17:32:04.3278848-04:00,2025-04-15T21:32:04.3278848Z,,v3,471300,471327,15 April 2025 15:00-jamesmad@georgemas,"Williams, Jp",1000135328,Right,JMU_DUK,b52f1617-d5d4-4602-af40-bc51c843a760,54.95055,-135.7355,17.66306,5.39609,0.80437,-8.74469,-1.99689,5.90539,-7.97766,,,,,,,,,,,,,,,,,,,,,,,,,,,,,,,,,,,,,,,,,,,,,,,,,,,High,High,High,,,,,
258,2025-04-15,17:32:44.58,2,3,"Polley, Griffin",10109297,Right,JMU_DUK,"Wall, Jonny",1000119703,Right,GEO_PAT,Undefined,7,Bottom,0,1,1,Fastball,Slider,InPlay,Undefined,Popup,FieldersChoice,1,0,,88.69387,-0.285565,-2.297161,2432.061425,239.918969,2:00,5.27174,2.1818,5.34289,-31.56222,5.52788,7.08552,2.37344,0.61609,79.43561,-6.119763,-1.038857,0.438329,58.26823,74.400123,13.117369,,,,,50.66863,23.69099,-7.933405,4.494745,-4.37233,3.24524,-1.97992,50,5.22361,4.83121,-128.37018,-1.81053,-7.12509,32.37398,-26.88567,GEO_PAT,JMU_DUK,SpuhlerFieldMain,D1,A10,20250415-SpuhlerFieldMain-1,2b766060-1a41-11f0-b278-3921cf0bcfe8,85.99116,85.34179,,9.25827,,,,2.85603,3.01216,-0.93324,13017037-8ec2-4735-9dcb-0898b1439113,2025-04-15,21:32:44.58,2025-04-15T17:32:44.5844992-04:00,2025-04-15T21:32:44.5844992Z,Popup,v3,471300,471327,15 April 2025 15:00-jamesmad@georgemas,"Williams, Jp",1000135328,Right,JMU_DUK,0c621dcf-447c-4c65-befa-6c38a2b6c35d,55.15721,-129.66427,16.18699,5.2745,-0.73583,-13.44284,-2.17873,5.11602,-3.56254,171.041228,2.85125,22.48783,-8.94522,3.71568,-1.3497,0.41602,-0.08501,0.00937,-0.00041,3.00333,82.54388,-25.58356,4.84034,-2.6633,1.22639,-0.33725,0.04771,-0.00268,-0.93852,5.34288,-6.18815,3.3234,-1.59665,0.61907,-0.15185,0.0199,-0.00106,,,,,,,,,,,,,,,,,,,,,,,High,High,High,High,Low,,,
259,2025-04-15,17:33:57.05,3,1,"Polley, Griffin",10109297,Right,JMU_DUK,"Hueber, Toby",1000091691,Right,GEO_PAT,Undefined,7,Bottom,1,0,0,ChangeUp,Slider,BallCalled,Undefined,Undefined,Undefined,0,0,,82.65999,-1.02908,-3.395146,2374.308094,101.817683,9:30,5.2719,1.99423,4.90213,-41.56727,1.99835,-1.54929,0.83283,-1.34982,74.37479,-8.572889,-3.667767,0.475054,,,,,,,,,,,,-0.4163,1.78441,-1.66015,50,5.1364,7.15124,-119.39582,-3.70665,-0.58647,28.1337,-29.66012,GEO_PAT,JMU_DUK,SpuhlerFieldMain,D1,A10,20250415-SpuhlerFieldMain-1,56acd890-1a41-11f0-b278-3921cf0bcfe8,79.34341,,,8.28519,,,,,,,13017037-8ec2-4735-9dcb-0898b1439113,2025-04-15,21:33:57.05,2025-04-15T17:33:57.0523136-04:00,2025-04-15T21:33:57.0523136Z,,v3,471300,471327,15 April 2025 15:00-jamesmad@georgemas,"Williams, Jp",1000135328,Right,JMU_DUK,720e52ba-978a-4921-a174-107d01a79c02,55.59765,-120.70761,14.06685,5.27699,-2.32369,-14.83006,-1.99423,7.17859,-0.29323,,,,,,,,,,,,,,,,,,,,,,,,,,,,,,,,,,,,,,,,,,,,,,,,,,,High,High,High,,,,,
260,2025-04-15,17:34:17.15,3,2,"Polley, Griffin",10109297,Right,JMU_DUK,"Hueber, Toby",1000091691,Right,GEO_PAT,Undefined,7,Bottom,1,1,0,Fastball,Sinker,StrikeCalled,Undefined,Undefined,Undefined,0,0,,91.51762,-0.847632,-2.986768,2422.165043,253.281417,2:30,5.28927,1.96679,5.51869,-27.76344,6.3528,17.29099,2.18193,0.61238,83.1162,-5.977148,0.093063,0.42039,,,,,,,,,,,,-9.56375,3.81607,-1.71806,50,5.19694,6.1189,-132.634,-3.00619,-16.9171,30.22309,-25.42391,GEO_PAT,JMU_DUK,SpuhlerFieldMain,D1,A10,20250415-SpuhlerFieldMain-1,6289a670-1a41-11f0-b278-3921cf0bcfe8,89.66073,,,8.40142,,,,,,,13017037-8ec2-4735-9dcb-0898b1439113,2025-04-15,21:34:17.15,2025-04-15T17:34:17.1568128-04:00,2025-04-15T21:34:17.1568128Z,,v3,471300,471327,15 April 2025 15:00-jamesmad@georgemas,"Williams, Jp",1000135328,Right,JMU_DUK,34c726bf-3c3e-419a-9882-049303bcb1cd,54.98248,-133.76453,15.11155,5.2916,-2.05518,-12.71196,-1.95878,6.75171,-8.45855,,,,,,,,,,,,,,,,,,,,,,,,,,,,,,,,,,,,,,,,,,,,,,,,,,,High,High,High,,,,,
261,2025-04-15,17:34:40.37,3,3,"Polley, Griffin",10109297,Right,JMU_DUK,"Hueber, Toby",1000091691,Right,GEO_PAT,Undefined,7,Bottom,1,1,1,Fastball,Sinker,StrikeCalled,Undefined,Undefined,Undefined,0,0,,91.18526,-0.938454,-4.348512,2434.073731,258.223744,2:30,5.31498,1.92594,5.52767,-28.67439,6.61181,24.61505,2.04548,-0.09604,80.79492,-6.286259,0.029322,0.427537,,,,,,,,,,,,-13.93989,4.10823,-1.56377,50,5.21451,8.84935,-131.62735,-3.21854,-23.67677,36.23184,-25.19629,GEO_PAT,JMU_DUK,SpuhlerFieldMain,D1,A10,20250415-SpuhlerFieldMain-1,707b98b0-1a41-11f0-b278-3921cf0bcfe8,88.1618,,,10.39034,,,,,,,13017037-8ec2-4735-9dcb-0898b1439113,2025-04-15,21:34:40.37,2025-04-15T17:34:40.3757056-04:00,2025-04-15T21:34:40.3757056Z,,v3,471300,471327,15 April 2025 15:00-jamesmad@georgemas,"Williams, Jp",1000135328,Right,JMU_DUK,07f93459-77b9-4989-b078-0cf1aa0b316a,54.97098,-132.98863,18.11592,5.31765,-2.27189,-12.59815,-1.91297,9.73892,-11.83838,,,,,,,,,,,,,,,,,,,,,,,,,,,,,,,,,,,,,,,,,,,,,,,,,,,High,High,High,,,,,
262,2025-04-15,17:35:20.74,3,4,"Polley, Griffin",10109297,Right,JMU_DUK,"Hueber, Toby",1000091691,Right,GEO_PAT,Undefined,7,Bottom,1,1,2,Fastball,Slider,InPlay,Undefined,GroundBall,Out,1,0,,88.55188,-0.56606,-3.237069,2463.049648,315.26238,4:30,5.27303,2.24905,5.22669,-40.50187,-3.24441,4.56618,1.36482,-0.41701,79.93535,-7.936525,-2.428117,0.439317,50.48302,-64.099879,-63.00136,,,,,2.54144,2.54144,-5.738629,0.022035,-3.36807,-1.07854,-1.95386,50,5.19034,7.03938,-128.12496,-2.86322,-5.49434,31.07645,-33.93344,GEO_PAT,JMU_DUK,SpuhlerFieldMain,D1,A10,20250415-SpuhlerFieldMain-1,888d8da0-1a41-11f0-b278-3921cf0bcfe8,85.7978,1.47384,,8.61653,,,,2.20381,1.47384,0.38355,13017037-8ec2-4735-9dcb-0898b1439113,2025-04-15,21:35:20.74,2025-04-15T17:35:20.7487488-04:00,2025-04-15T21:35:20.7487488Z,GroundBall,v3,471300,471327,15 April 2025 15:00-jamesmad@georgemas,"Williams, Jp",1000135328,Right,JMU_DUK,c9fa39e7-0b00-4797-b847-dad74f5ebd47,55.27478,-129.39803,15.53823,5.27916,-1.47312,-16.96672,-2.24684,7.26446,-2.74717,,2.20359,14.74418,,,,,,,,1.47484,-66.8862,,,,,,,,0.38398,-28.93879,,,,,,,,,,,,,,,,,,,,,,,,,,,,,,High,High,High,Estimated,Estimated,,,
263,2025-04-15,17:36:06.71,4,1,"Polley, Griffin",10109297,Right,JMU_DUK,"Barenz, Nick",1000218914,Right,GEO_PAT,Undefined,7,Bottom,2,0,0,Fastball,Sinker,BallCalled,Undefined,Undefined,Undefined,0,0,,90.85658,-0.688525,-5.024158,2444.010957,241.911215,2:00,5.30483,1.99056,5.61879,-23.27852,11.77048,19.53914,2.71984,-1.08231,81.31621,-5.063321,-1.552405,0.426098,,,,,,,,,,,,-11.43264,6.56276,-1.57294,50,5.23121,10.62091,-131.18919,-2.37975,-19.5566,32.53007,-20.94785,GEO_PAT,JMU_DUK,SpuhlerFieldMain,D1,A10,20250415-SpuhlerFieldMain-1,a3d706e0-1a41-11f0-b278-3921cf0bcfe8,88.45963,,,9.54037,,,,,,,13017037-8ec2-4735-9dcb-0898b1439113,2025-04-15,21:36:06.71,2025-04-15T17:36:06.7182080-04:00,2025-04-15T21:36:06.7182080Z,,v3,471300,471327,15 April 2025 15:00-jamesmad@georgemas,"Williams, Jp",1000135328,Right,JMU_DUK,b2e78fd6-9bac-483c-b5db-b71e8d040cce,54.87957,-132.39361,16.26504,5.30496,-1.60415,-10.47393,-1.97959,11.34499,-9.7783,,,,,,,,,,,,,,,,,,,,,,,,,,,,,,,,,,,,,,,,,,,,,,,,,,,High,High,High,,,,,
264,2025-04-15,17:36:51.12,4,2,"Polley, Griffin",10109297,Right,JMU_DUK,"Barenz, Nick",1000218914,Right,GEO_PAT,Undefined,7,Bottom,2,1,0,Fastball,Slider,BallCalled,Undefined,Undefined,Undefined,0,0,,87.48995,-0.718841,-4.658396,2449.616226,197.735916,12:30,5.28361,1.96881,5.43942,-27.74124,9.16941,2.60201,2.29642,-2.18629,80.9708,-5.798535,-4.197902,0.437268,,,,,,,,,,,,-2.43638,5.1239,-1.55748,50,5.20059,10.21585,-126.75997,-2.59145,-4.01474,22.81061,-23.73063,GEO_PAT,JMU_DUK,SpuhlerFieldMain,D1,A10,20250415-SpuhlerFieldMain-1,be50fb20-1a41-11f0-b278-3921cf0bcfe8,86.19991,,,6.51915,,,,,,,13017037-8ec2-4735-9dcb-0898b1439113,2025-04-15,21:36:51.12,2025-04-15T17:36:51.1237120-04:00,2025-04-15T21:36:51.1237120Z,,v3,471300,471327,15 April 2025 15:00-jamesmad@georgemas,"Williams, Jp",1000135328,Right,JMU_DUK,b32c0b99-b54d-4d33-bf2d-e4ae5e79bb76,55.06294,-127.6678,11.40531,5.28493,-1.647,-11.86532,-1.96724,10.37563,-2.00737,,,,,,,,,,,,,,,,,,,,,,,,,,,,,,,,,,,,,,,,,,,,,,,,,,,High,High,High,,,,,
265,2025-04-15,17:37:13.39,4,3,"Polley, Griffin",10109297,Right,JMU_DUK,"Barenz, Nick",1000218914,Right,GEO_PAT,Undefined,7,Bottom,2,2,0,Fastball,Slider,BallCalled,Undefined,Undefined,Undefined,0,0,,85.82051,-1.082891,-5.390718,2398.499685,241.909603,2:00,5.35681,2.22407,5.38682,-35.29561,4.94591,6.12252,1.39582,-2.3337,76.27803,-7.591361,-4.309097,0.456571,,,,,,,,,,,,-5.04961,3.40386,-1.74496,50,5.23542,11.38274,-123.56264,-3.62171,-7.55744,31.94391,-27.07975,GEO_PAT,JMU_DUK,SpuhlerFieldMain,D1,A10,20250415-SpuhlerFieldMain-1,cb998e00-1a41-11f0-b278-3921cf0bcfe8,82.55543,,,9.54248,,,,,,,13017037-8ec2-4735-9dcb-0898b1439113,2025-04-15,21:37:13.39,2025-04-15T17:37:13.3952512-04:00,2025-04-15T21:37:13.3952512Z,,v3,471300,471327,15 April 2025 15:00-jamesmad@georgemas,"Williams, Jp",1000135328,Right,JMU_DUK,88a19606-1d68-406a-a932-c02347b9b400,55.10834,-124.87628,15.97196,5.36146,-2.50809,-13.53988,-2.21945,11.69352,-3.77872,,,,,,,,,,,,,,,,,,,,,,,,,,,,,,,,,,,,,,,,,,,,,,,,,,,High,High,High,,,,,
266,2025-04-15,17:37:47.13,4,4,"Polley, Griffin",10109297,Right,JMU_DUK,"Barenz, Nick",1000218914,Right,GEO_PAT,Undefined,7,Bottom,2,3,0,Fastball,Sinker,BallCalled,Walk,Undefined,Undefined,0,0,,89.24578,-1.984607,-5.029072,2504.287451,224.027542,1:30,5.30096,1.97478,5.86741,-15.33308,20.86741,18.7597,2.1717,-1.14579,79.46454,-4.978769,-1.681739,0.433041,,,,,,,,,,,,-11.21469,11.70032,-1.57671,50,5.13068,10.49405,-128.77466,-4.86322,-18.38405,32.66491,-12.99386,GEO_PAT,JMU_DUK,SpuhlerFieldMain,D1,A10,20250415-SpuhlerFieldMain-1,dfca5120-1a41-11f0-b278-3921cf0bcfe8,87.04134,,,9.78124,,,,,,,13017037-8ec2-4735-9dcb-0898b1439113,2025-04-15,21:37:47.13,2025-04-15T17:37:47.1301632-04:00,2025-04-15T21:37:47.1301632Z,,v3,471300,471327,15 April 2025 15:00-jamesmad@georgemas,"Williams, Jp",1000135328,Right,JMU_DUK,7a54a004-5726-4948-a9d4-366f67629a35,54.63,-129.94379,16.33246,5.29642,-4.39815,-6.49693,-1.96409,11.15205,-9.19202,,,,,,,,,,,,,,,,,,,,,,,,,,,,,,,,,,,,,,,,,,,,,,,,,,,High,High,High,,,,,
267,2025-04-15,17:38:48.88,5,1,"Polley, Griffin",10109297,Right,JMU_DUK,"Canody, Andrew",1000415298,Right,GEO_PAT,Undefined,7,Bottom,2,0,0,ChangeUp,Changeup,BallCalled,Undefined,Undefined,Undefined,0,0,,81.17465,-3.139184,-4.120674,1660.487915,260.635478,2:45,5.43944,2.04724,5.42018,-38.86888,4.65292,19.5421,-0.75091,-0.19106,74.67491,-10.197788,-0.643886,0.474815,,,,,,,,,,,,-11.21961,3.56481,-1.69529,50,5.13213,7.70692,-117.44792,-7.77241,-15.62389,22.87402,-27.20988,GEO_PAT,JMU_DUK,SpuhlerFieldMain,D1,A10,20250415-SpuhlerFieldMain-1,0492d220-1a42-11f0-b278-3921cf0bcfe8,79.38337,,,6.49974,,,,,,,13017037-8ec2-4735-9dcb-0898b1439113,2025-04-15,21:38:48.88,2025-04-15T17:38:48.8820224-04:00,2025-04-15T21:38:48.8820224Z,,v3,471300,471327,15 April 2025 15:00-jamesmad@georgemas,"Williams, Jp",1000135328,Right,JMU_DUK,779c29df-0d38-46bd-b374-cf6c49cf8ac1,55.08548,-118.43422,11.43701,5.44198,-6.59915,-13.60494,-2.04212,8.3806,-7.81194,,,,,,,,,,,,,,,,,,,,,,,,,,,,,,,,,,,,,,,,,,,,,,,,,,,High,High,High,,,,,
268,2025-04-15,17:39:13.12,5,2,"Polley, Griffin",10109297,Right,JMU_DUK,"Canody, Andrew",1000415298,Right,GEO_PAT,Undefined,7,Bottom,2,1,0,Fastball,Sinker,StrikeSwinging,Undefined,Undefined,Undefined,0,0,,90.15025,0.094093,-3.645142,2431.136957,239.261802,2:00,5.35973,1.9774,5.68107,-22.12285,13.1467,19.92875,3.60406,0.23547,80.95233,-4.080695,-0.090793,0.427436,,,,,,,,,,,,-11.16453,6.99973,-1.68201,50,5.35407,7.39784,-130.47746,-0.51552,-18.95245,31.36612,-20.29158,GEO_PAT,JMU_DUK,SpuhlerFieldMain,D1,A10,20250415-SpuhlerFieldMain-1,12f0f3b0-1a42-11f0-b278-3921cf0bcfe8,88.18259,,,9.19793,,,,,,,13017037-8ec2-4735-9dcb-0898b1439113,2025-04-15,21:39:13.12,2025-04-15T17:39:13.1256320-04:00,2025-04-15T21:39:13.1256320Z,,v3,471300,471327,15 April 2025 15:00-jamesmad@georgemas,"Williams, Jp",1000135328,Right,JMU_DUK,16cf9578-9d8b-43ee-bce9-e33c69af8236,54.81785,-131.63056,15.68306,5.35931,0.23045,-10.14579,-1.96678,8.09458,-9.47622,,,,,,,,,,,,,,,,,,,,,,,,,,,,,,,,,,,,,,,,,,,,,,,,,,,High,High,High,,,,,
269,2025-04-15,17:40:12.00,5,3,"Polley, Griffin",10109297,Right,JMU_DUK,"Canody, Andrew",1000415298,Right,GEO_PAT,Undefined,7,Bottom,2,1,1,Fastball,Sinker,StrikeSwinging,Undefined,Undefined,Undefined,0,0,,89.97433,-0.068821,-3.182821,2497.239759,239.916408,2:00,5.28924,1.9671,5.515,-21.93922,13.43316,21.06934,3.39652,0.74349,81.33907,-4.185434,0.566303,0.428059,,,,,,,,,,,,-11.48079,7.14355,-1.70342,50,5.2688,6.27382,-130.34979,-0.90284,-19.58151,29.62023,-19.9901,GEO_PAT,JMU_DUK,SpuhlerFieldMain,D1,A10,20250415-SpuhlerFieldMain-1,360c39e0-1a42-11f0-b278-3921cf0bcfe8,88.05435,,,8.63526,,,,,,,13017037-8ec2-4735-9dcb-0898b1439113,2025-04-15,21:40:12.00,2025-04-15T17:40:12.0033280-04:00,2025-04-15T21:40:12.0033280Z,,v3,471300,471327,15 April 2025 15:00-jamesmad@georgemas,"Williams, Jp",1000135328,Right,JMU_DUK,e29f7d8e-d335-4357-84b9-35478c298c56,54.98525,-131.47775,14.81012,5.28869,-0.14161,-9.99505,-1.95653,7.01949,-9.79075,,,,,,,,,,,,,,,,,,,,,,,,,,,,,,,,,,,,,,,,,,,,,,,,,,,High,High,High,,,,,
270,2025-04-15,17:40:31.31,5,4,"Polley, Griffin",10109297,Right,JMU_DUK,"Canody, Andrew",1000415298,Right,GEO_PAT,Undefined,7,Bottom,2,1,2,Fastball,Sinker,InPlay,Undefined,LineDrive,Single,0,1,,89.85098,-0.408274,-3.524494,2445.081576,249.036413,2:15,5.40399,2.04773,5.35293,-26.43675,10.12406,22.40702,2.81726,0.60502,79.46466,-5.360974,0.45056,0.43519,92.52069,10.53451,-21.930282,994.065762,100.54051,11.56772,-44.62704,191.4126,191.4126,-25.570187,1.638369,-12.58272,5.64095,-1.747,50,5.34892,6.95442,-129.78039,-1.87431,-20.73921,35.65449,-22.87645,GEO_PAT,JMU_DUK,SpuhlerFieldMain,D1,A10,20250415-SpuhlerFieldMain-1,41ab3b70-1a42-11f0-b278-3921cf0bcfe8,86.61137,11.84056,,10.38632,,,,1.94282,2.85515,-0.55816,13017037-8ec2-4735-9dcb-0898b1439113,2025-04-15,21:40:31.31,2025-04-15T17:40:31.3136640-04:00,2025-04-15T21:40:31.3136640Z,LineDrive,v3,471300,471327,15 April 2025 15:00-jamesmad@georgemas,"Williams, Jp",1000135328,Right,JMU_DUK,677e5794-0c72-4265-abb6-b18f1d8794b2,55.14624,-131.1866,17.82725,5.40505,-0.97207,-11.43823,-2.03741,7.77237,-10.3696,99.049744,1.94282,123.75597,-15.1123,2.61901,-0.5375,0.0979,-0.01805,0.00285,-0.00024,2.85515,24.80913,-18.03323,1.42675,-0.26107,0.05434,-0.00857,0.00131,-0.00013,-0.55816,-49.82558,-0.72893,0.54375,-0.16971,0.04178,-0.00873,0.00138,-0.00012,,,,,,,,,,,,,,,,,,,,,,,High,High,High,High,High,,,
271,2025-04-15,17:43:58.95,6,1,"Bingler, Alex",1000361011,Left,JMU_DUK,"Clyne, Owen",1000230336,Left,GEO_PAT,Undefined,7,Bottom,2,0,0,Fastball,Sinker,StrikeCalled,Undefined,Undefined,Undefined,0,0,,88.28038,-1.621163,4.792245,2316.956519,118.022988,10:00,5.29147,-2.37137,6.15441,-25.70486,10.26945,-16.94576,1.64586,0.65467,80.10251,-6.446183,1.748237,0.431686,,,,,,,,,,,,10.20504,6.16544,2.01474,50,5.15461,-10.02248,-127.76427,-4.43304,16.72655,28.39438,-22.0686,GEO_PAT,JMU_DUK,SpuhlerFieldMain,D1,A10,20250415-SpuhlerFieldMain-1,bd73c510-1a42-11f0-b278-3921cf0bcfe8,87.31454,,,8.17787,,,,,,,13017037-8ec2-4735-9dcb-0898b1439113,2025-04-15,21:43:58.95,2025-04-15T17:43:58.9517824-04:00,2025-04-15T21:43:58.9517824Z,,v3,471300,471327,15 April 2025 15:00-jamesmad@georgemas,"Williams, Jp",1000135328,Right,JMU_DUK,3a03e667-b8de-4e8c-961b-858dc625d45f,54.34749,-128.72683,14.19719,5.2922,-3.68493,-11.0343,2.36411,-10.58951,8.36327,,,,,,,,,,,,,,,,,,,,,,,,,,,,,,,,,,,,,,,,,,,,,,,,,,,High,High,High,,,,,
272,2025-04-15,17:44:22.04,6,2,"Bingler, Alex",1000361011,Left,JMU_DUK,"Clyne, Owen",1000230336,Left,GEO_PAT,Undefined,7,Bottom,2,0,1,Fastball,Four-Seam,FoulBallNotFieldable,Undefined,Undefined,Undefined,0,0,,90.43046,-0.770081,2.693459,2352.159579,144.519042,10:45,5.31342,-2.3882,5.98204,-17.59092,16.43761,-10.95662,3.13284,-0.80266,82.6594,-4.110209,0.726444,0.419849,60.21488,55.827605,-106.002781,5430.985631,,,,,12.93295,,,6.38311,8.98489,2.18131,50,5.24274,-5.717,-131.29281,-2.29365,11.15545,27.47887,-16.47156,GEO_PAT,JMU_DUK,SpuhlerFieldMain,D1,A10,20250415-SpuhlerFieldMain-1,cb2eefe0-1a42-11f0-b278-3921cf0bcfe8,89.77618,22.53016,,7.77106,,,,1.30446,3.11125,0.79531,13017037-8ec2-4735-9dcb-0898b1439113,2025-04-15,21:44:22.04,2025-04-15T17:44:22.0457472-04:00,2025-04-15T21:44:22.0457472Z,,v3,471300,471327,15 April 2025 15:00-jamesmad@georgemas,"Williams, Jp",1000135328,Right,JMU_DUK,2fdb8524-653f-49aa-a4a8-2a06571079e6,54.5204,-132.23552,13.73944,5.31173,-1.72856,-8.23578,2.38401,-6.09971,5.57773,195.341021,1.30435,-13.67025,0.53672,,,,,,,3.11168,73.04749,-17.35275,,,,,,,0.79504,-47.67019,1.46343,,,,,,,,,,,,,,,,,,,,,,,,,,,,,High,High,High,Medium,Undefined,,,
273,2025-04-15,17:44:48.72,6,3,"Bingler, Alex",1000361011,Left,JMU_DUK,"Clyne, Owen",1000230336,Left,GEO_PAT,Undefined,7,Bottom,2,0,2,Fastball,Sinker,BallCalled,Undefined,Undefined,Undefined,0,0,,91.72632,-0.421107,5.12995,2416.257906,131.582487,10:30,5.46726,-2.1633,6.32515,-19.69564,13.64572,-14.00308,3.43656,1.40702,82.43073,-4.187888,2.611402,0.415588,,,,,,,,,,,,8.83461,7.56307,1.79341,50,5.42695,-11.30296,-132.63158,-1.54814,15.50494,32.26967,-18.90068,GEO_PAT,JMU_DUK,SpuhlerFieldMain,D1,A10,20250415-SpuhlerFieldMain-1,daf8af60-1a42-11f0-b278-3921cf0bcfe8,90.69665,,,9.2956,,,,,,,13017037-8ec2-4735-9dcb-0898b1439113,2025-04-15,21:44:48.72,2025-04-15T17:44:48.7244800-04:00,2025-04-15T21:44:48.7244800Z,,v3,471300,471327,15 April 2025 15:00-jamesmad@georgemas,"Williams, Jp",1000135328,Right,JMU_DUK,963b3e90-1744-4609-a02b-a405ce2003b2,54.17326,-133.64309,16.13484,5.46619,-0.95569,-9.45034,2.15532,-11.78897,7.75247,,,,,,,,,,,,,,,,,,,,,,,,,,,,,,,,,,,,,,,,,,,,,,,,,,,High,High,High,,,,,
274,2025-04-15,17:45:33.33,6,4,"Bingler, Alex",1000361011,Left,JMU_DUK,"Clyne, Owen",1000230336,Left,GEO_PAT,Undefined,7,Bottom,2,1,2,Slider,Slider,BallCalled,Undefined,Undefined,Undefined,0,0,,80.65178,-1.731146,5.329078,2416.59412,296.795374,4:00,5.14995,-2.25894,5.42812,-46.14042,-1.9739,6.61201,-0.32407,3.2979,74.5299,-10.039536,6.498573,0.478319,,,,,,,,,,,,-1.84516,-0.20311,1.78002,50,4.96315,-11.12986,-116.59218,-5.11928,-2.53122,22.61636,-32.4527,GEO_PAT,JMU_DUK,SpuhlerFieldMain,D1,A10,20250415-SpuhlerFieldMain-1,f5a8f5e0-1a42-11f0-b278-3921cf0bcfe8,78.8018,,,6.12188,,,,,,,13017037-8ec2-4735-9dcb-0898b1439113,2025-04-15,21:45:33.33,2025-04-15T17:45:33.3326336-04:00,2025-04-15T21:45:33.3326336Z,,v3,471300,471327,15 April 2025 15:00-jamesmad@georgemas,"Williams, Jp",1000135328,Right,JMU_DUK,87d73463-f119-473f-84c1-60e7cf018237,55.07679,-117.57284,11.30818,5.15461,-3.71211,-16.22635,2.26024,-11.0201,-1.26561,,,,,,,,,,,,,,,,,,,,,,,,,,,,,,,,,,,,,,,,,,,,,,,,,,,High,High,High,,,,,
275,2025-04-15,17:46:06.57,6,5,"Bingler, Alex",1000361011,Left,JMU_DUK,"Clyne, Owen",1000230336,Left,GEO_PAT,Undefined,7,Bottom,2,2,2,Fastball,Sinker,InPlay,Undefined,LineDrive,Out,1,0,,90.53943,-1.637255,4.234635,2341.111872,122.761362,10:00,5.37241,-2.55363,6.19549,-21.4358,12.9741,-18.15273,2.06996,-0.14963,81.34121,-5.714836,0.967817,0.422195,98.18383,5.530764,-5.340861,1690.427185,108.67919,5.21942,-16.99509,160.15961,137.61357,-10.647564,1.269523,10.82682,7.62678,2.24323,50,5.23803,-8.94903,-131.03193,-4.40197,18.47682,32.44004,-19.15839,GEO_PAT,JMU_DUK,SpuhlerFieldMain,D1,A10,20250415-SpuhlerFieldMain-1,097d6830-1a43-11f0-b278-3921cf0bcfe8,89.27732,6.1225,,9.19822,,,,1.89286,2.28116,0.06613,13017037-8ec2-4735-9dcb-0898b1439113,2025-04-15,21:46:06.57,2025-04-15T17:46:06.5734656-04:00,2025-04-15T21:46:06.5734656Z,GroundBall,v3,471300,471327,15 April 2025 15:00-jamesmad@georgemas,"Williams, Jp",1000135328,Right,JMU_DUK,fa8ca748-a5e8-47aa-bbc1-a8c0f9ceddd7,54.30581,-132.09363,16.22002,5.37184,-3.77495,-9.57919,2.54602,-9.55374,9.23841,112.777881,2.08099,140.68116,-14.54785,,,,,,,2.30509,13.6345,-12.18535,,,,,,,0.23249,-15.16712,-6.64785,,,,,,,,,,,,,,,,,,,,,,,,,,,,,High,High,High,High,Medium,,,
276,2025-04-15,17:48:16.42,1,1,"Rumberg, Logan",1000216384,Right,GEO_PAT,"Moody, Reece",1000361026,Right,JMU_DUK,Undefined,8,Top,0,0,0,Fastball,Four-Seam,StrikeCalled,Undefined,Undefined,Undefined,0,0,,90.54862,-1.361478,-3.682608,2300.140308,220.327273,1:15,5.66368,1.88581,5.99157,-15.96816,18.46218,14.62796,3.06833,-0.31294,81.7015,-4.43826,-1.05953,0.42232,,,,,,,,,,,,-8.63217,10.24764,-1.60291,50,5.5473,7.80845,-131.14051,-3.5625,-14.85728,30.75144,-14.53632,GEO_PAT,JMU_DUK,SpuhlerFieldMain,D1,A10,20250415-SpuhlerFieldMain-1,56e5d800-1a43-11f0-b278-3921cf0bcfe8,89.2508,,,8.84712,,,,,,,13017037-8ec2-4735-9dcb-0898b1439113,2025-04-15,21:48:16.42,2025-04-15T17:48:16.4210176-04:00,2025-04-15T21:48:16.4210176Z,,v3,471300,471327,15 April 2025 15:00-jamesmad@georgemas,"Barenz, Nick",1000218914,Right,GEO_PAT,08ea65ef-eef0-45b0-9b47-3bf57626c223,54.50866,-132.19353,15.37572,5.66076,-3.06473,-7.26816,-1.879,8.31721,-7.42864,,,,,,,,,,,,,,,,,,,,,,,,,,,,,,,,,,,,,,,,,,,,,,,,,,,High,High,High,,,,,
277,2025-04-15,17:48:31.23,1,2,"Rumberg, Logan",1000216384,Right,GEO_PAT,"Moody, Reece",1000361026,Right,JMU_DUK,Undefined,8,Top,0,0,1,Fastball,Four-Seam,StrikeCalled,Undefined,Undefined,Undefined,0,0,,91.57556,-2.392624,-4.085082,2305.850222,221.24522,1:15,5.60216,1.90465,6.07118,-15.85773,17.67757,14.46548,2.05959,-0.67669,82.91349,-5.437556,-1.488873,0.416795,,,,,,,,,,,,-8.67796,10.17209,-1.59519,50,5.40776,8.84614,-132.55003,-5.99544,-15.30158,30.68489,-14.23785,GEO_PAT,JMU_DUK,SpuhlerFieldMain,D1,A10,20250415-SpuhlerFieldMain-1,5fb62930-1a43-11f0-b278-3921cf0bcfe8,90.43399,,,8.66207,,,,,,,13017037-8ec2-4735-9dcb-0898b1439113,2025-04-15,21:48:31.23,2025-04-15T17:48:31.2362496-04:00,2025-04-15T21:48:31.2362496Z,,v3,471300,471327,15 April 2025 15:00-jamesmad@georgemas,"Barenz, Nick",1000218914,Right,GEO_PAT,5ccf1aea-0160-4432-a1d1-949ac17d9e3e,54.42981,-133.57158,15.34245,5.59947,-5.52144,-7.11893,-1.89817,9.35555,-7.65079,,,,,,,,,,,,,,,,,,,,,,,,,,,,,,,,,,,,,,,,,,,,,,,,,,,High,High,High,,,,,
278,2025-04-15,17:48:45.25,1,3,"Rumberg, Logan",1000216384,Right,GEO_PAT,"Moody, Reece",1000361026,Right,JMU_DUK,Undefined,8,Top,0,0,2,Fastball,Four-Seam,BallCalled,Undefined,Undefined,Undefined,0,0,,91.989,-2.775977,-4.954085,2385.749446,219.087535,1:15,5.56981,1.83906,6.1589,-14.95694,18.24871,13.87079,1.7471,-1.59346,83.29133,-5.659996,-2.465814,0.414741,,,,,,,,,,,,-8.65512,10.60839,-1.4688,50,5.3503,10.9364,-132.97433,-6.87224,-15.36589,30.76679,-13.34044,GEO_PAT,JMU_DUK,SpuhlerFieldMain,D1,A10,20250415-SpuhlerFieldMain-1,680c1a40-1a43-11f0-b278-3921cf0bcfe8,90.88177,,,8.69767,,,,,,,13017037-8ec2-4735-9dcb-0898b1439113,2025-04-15,21:48:45.25,2025-04-15T17:48:45.2509696-04:00,2025-04-15T21:48:45.2509696Z,,v3,471300,471327,15 April 2025 15:00-jamesmad@georgemas,"Barenz, Nick",1000218914,Right,GEO_PAT,b4873c81-bb28-4433-83f0-2c0c7190627c,54.34218,-133.97523,15.3834,5.5668,-6.43825,-6.67022,-1.83271,11.43628,-7.68295,,,,,,,,,,,,,,,,,,,,,,,,,,,,,,,,,,,,,,,,,,,,,,,,,,,High,High,High,,,,,
279,2025-04-15,17:48:59.15,1,4,"Rumberg, Logan",1000216384,Right,GEO_PAT,"Moody, Reece",1000361026,Right,JMU_DUK,Undefined,8,Top,0,1,2,Slider,Slider,FoulBallNotFieldable,Undefined,Undefined,Undefined,0,0,,80.31984,0.465997,-0.759333,2434.048318,85.146621,8:45,5.41028,2.16889,5.2988,-43.94412,0.78894,-8.80339,2.18584,0.7223,73.02542,-7.563172,-2.323527,0.481377,84.28358,-8.290369,-46.130636,,,,,18.4664,17.62644,-41.38371,0.129606,4.21063,0.63201,-2.093,50,5.42051,1.89839,-116.49313,-0.57998,5.71598,24.36008,-31.31609,GEO_PAT,JMU_DUK,SpuhlerFieldMain,D1,A10,20250415-SpuhlerFieldMain-1,705b5490-1a43-11f0-b278-3921cf0bcfe8,78.30125,2.40649,,7.29442,,,,2.94811,2.40649,-0.79741,13017037-8ec2-4735-9dcb-0898b1439113,2025-04-15,21:48:59.15,2025-04-15T17:48:59.1538688-04:00,2025-04-15T21:48:59.1538688Z,GroundBall,v3,471300,471327,15 April 2025 15:00-jamesmad@georgemas,"Barenz, Nick",1000218914,Right,GEO_PAT,834b876a-9ba3-4df3-819b-290447fc8dc6,55.20386,-117.57628,12.18004,5.41533,0.81247,-15.65804,-2.17176,1.64423,2.85799,157.557936,2.94815,84.76815,-4.72485,,,,,,,2.40647,-17.82204,-5.76069,,,,,,,-0.79743,-88.18391,1.10359,,,,,,,,,,,,,,,,,,,,,,,,,,,,,High,High,High,Medium,High,,,
280,2025-04-15,17:49:27.49,1,5,"Rumberg, Logan",1000216384,Right,GEO_PAT,"Moody, Reece",1000361026,Right,JMU_DUK,Undefined,8,Top,0,1,2,Fastball,Four-Seam,InPlay,Undefined,GroundBall,Double,0,0,,93.03633,-2.866039,-3.603197,2368.01996,212.486737,1:00,5.54223,1.92995,6.17664,-15.23513,17.46363,10.32146,1.6182,-0.54213,83.4421,-5.815077,-1.745797,0.411564,91.79999,0.372398,37.848632,4722.777474,,,,59.69747,50.93564,41.57271,0.462007,-6.55705,10.3578,-1.6622,50,5.31718,8.02918,-134.56397,-7.16198,-11.77728,34.76085,-13.57018,GEO_PAT,JMU_DUK,SpuhlerFieldMain,D1,A10,20250415-SpuhlerFieldMain-1,813a54a0-1a43-11f0-b278-3921cf0bcfe8,91.5835,1.67985,,9.59423,,,,0.95507,1.65984,0.85797,13017037-8ec2-4735-9dcb-0898b1439113,2025-04-15,21:49:27.49,2025-04-15T17:49:27.4979840-04:00,2025-04-15T21:49:27.4979840Z,GroundBall,v3,471300,471327,15 April 2025 15:00-jamesmad@georgemas,"Barenz, Nick",1000218914,Right,GEO_PAT,7a77827b-b978-40ac-ba9e-fdf99b3fe334,54.32303,-135.67611,17.38042,5.53937,-6.72781,-6.78509,-1.92511,8.40598,-5.88864,,0.97464,105.74856,-24.31238,,,,,,,1.65869,0.90918,-9.73416,,,,,,,0.84658,82.94401,2.13942,,,,,,,,,,,,,,,,,,,,,,,,,,,,,High,High,High,High,High,,,
281,2025-04-15,17:50:07.35,2,1,"Rumberg, Logan",1000216384,Right,GEO_PAT,"Anderson, Jack",1000133893,Right,JMU_DUK,Undefined,8,Top,0,0,0,Slider,Slider,InPlay,Undefined,LineDrive,Single,0,1,,80.44502,0.402389,-2.040629,2361.458695,75.465842,8:30,5.4162,2.45906,4.98919,-46.25235,-1.14492,-10.27296,1.94206,-0.32479,73.34019,-7.971633,-3.853238,0.483387,86.5935,13.416757,4.212585,2154.424708,108.93618,17.17836,15.26118,216.47049,216.47049,11.529203,2.211717,4.49906,-0.31236,-2.25342,50,5.41714,4.58238,-116.57711,-0.87068,6.12631,24.06525,-32.59938,GEO_PAT,JMU_DUK,SpuhlerFieldMain,D1,A10,20250415-SpuhlerFieldMain-1,9903f5f0-1a43-11f0-b278-3921cf0bcfe8,77.97562,17.22097,,7.10484,,,,2.38929,2.1192,0.227,13017037-8ec2-4735-9dcb-0898b1439113,2025-04-15,21:50:07.35,2025-04-15T17:50:07.3534464-04:00,2025-04-15T21:50:07.3534464Z,LineDrive,v3,471300,471327,15 April 2025 15:00-jamesmad@georgemas,"Barenz, Nick",1000218914,Right,GEO_PAT,23efc9c1-f62e-49cb-9574-62dd25f3a47d,55.51382,-117.70983,12.03262,5.42201,0.66374,-16.29969,-2.46232,4.29402,3.06315,240.220519,2.38929,123.2037,-18.29842,3.55361,-0.66418,0.10538,-0.01633,0.00238,-0.00018,2.1192,29.46895,-14.86628,0.43125,0.06953,-0.03425,0.0109,-0.00164,0.0001,0.227,9.07478,8.43681,-2.84374,0.79849,-0.18521,0.03672,-0.00521,0.00037,,,,,,,,,,,,,,,,,,,,,,,High,High,High,High,High,,,
282,2025-04-15,17:50:47.76,3,1,"Rumberg, Logan",1000216384,Right,GEO_PAT,"Dooley, Ryan",1000244290,Left,JMU_DUK,Undefined,8,Top,0,0,0,Fastball,Four-Seam,BallCalled,Undefined,Undefined,Undefined,0,0,,89.97951,-2.573391,-1.84649,2312.804851,207.418064,1:00,5.62281,2.4049,5.95448,-14.26883,20.80682,10.1089,2.0442,1.5342,80.86904,-5.350437,-0.031022,0.426259,,,,,,,,,,,,-5.78618,11.89182,-2.26366,50,5.41012,3.76629,-130.32504,-6.22139,-9.77197,32.00043,-12.09062,GEO_PAT,JMU_DUK,SpuhlerFieldMain,D1,A10,20250415-SpuhlerFieldMain-1,b113ef10-1a43-11f0-b278-3921cf0bcfe8,88.42597,,,9.11047,,,,,,,13017037-8ec2-4735-9dcb-0898b1439113,2025-04-15,21:50:47.76,2025-04-15T17:50:47.7670400-04:00,2025-04-15T21:50:47.7670400Z,,v3,471300,471327,15 April 2025 15:00-jamesmad@georgemas,"Barenz, Nick",1000218914,Right,GEO_PAT,b7c14a61-aeb0-43c4-bd77-0664a430517b,54.5448,-131.43625,16.00022,5.61887,-5.80155,-6.04531,-2.40034,4.10562,-4.88599,,,,,,,,,,,,,,,,,,,,,,,,,,,,,,,,,,,,,,,,,,,,,,,,,,,High,High,High,,,,,
283,2025-04-15,17:51:02.37,3,2,"Rumberg, Logan",1000216384,Right,GEO_PAT,"Dooley, Ryan",1000244290,Left,JMU_DUK,Undefined,8,Top,0,1,0,Fastball,Four-Seam,FoulBallNotFieldable,Undefined,Undefined,Undefined,0,0,,91.11996,-2.935983,-3.442338,2298.205014,207.245151,1:00,5.7091,2.07822,5.90538,-11.97568,22.11891,10.7656,1.97832,-0.22403,82.44258,-5.280737,-1.514985,0.420256,79.58272,74.426662,-118.054512,4762.104018,,,,,39.91689,,,-6.61918,12.62646,-1.80766,50,5.466,7.47753,-131.90096,-7.07268,-11.54229,30.72327,-10.15639,GEO_PAT,JMU_DUK,SpuhlerFieldMain,D1,A10,20250415-SpuhlerFieldMain-1,b9c1eb30-1a43-11f0-b278-3921cf0bcfe8,89.6892,99.47827,,8.67738,,,,3.67313,1.76222,0.53825,13017037-8ec2-4735-9dcb-0898b1439113,2025-04-15,21:51:02.37,2025-04-15T17:51:02.3752704-04:00,2025-04-15T21:51:02.3752704Z,,v3,471300,471327,15 April 2025 15:00-jamesmad@georgemas,"Barenz, Nick",1000218914,Right,GEO_PAT,481e6f92-036a-4406-bfbe-9b7cc8c561bf,54.5968,-132.96737,15.36164,5.70538,-6.72015,-5.0782,-2.07416,7.87816,-5.77115,10.17043,3.67314,-14.73982,-6.53234,2.38622,0.25083,-1.63017,1.73567,-0.86403,0.16865,1.76223,112.43504,-31.90035,4.35778,-0.48048,-0.64315,0.75656,-0.3747,0.07214,0.53825,-27.65515,-0.48057,0.66491,0.14824,-0.69858,0.74277,-0.37107,0.07267,,,,,,,,,,,,,,,,,,,,,,,High,High,High,High,Undefined,,,
284,2025-04-15,17:51:22.87,3,3,"Rumberg, Logan",1000216384,Right,GEO_PAT,"Dooley, Ryan",1000244290,Left,JMU_DUK,Undefined,8,Top,0,1,1,Slider,Curveball,BallCalled,Undefined,Undefined,Undefined,0,0,,76.97826,1.126342,-0.661012,2482.626455,28.854671,7:00,5.52975,2.39123,5.30196,-62.77236,-13.96446,-8.62123,1.35638,1.05219,70.22698,-10.236263,-2.1964,0.502825,,,,,,,,,,,,4.11559,-6.9039,-2.32458,50,5.58609,1.62614,-111.67949,0.01156,5.11741,23.01491,-40.75848,GEO_PAT,JMU_DUK,SpuhlerFieldMain,D1,A10,20250415-SpuhlerFieldMain-1,c608ec90-1a43-11f0-b278-3921cf0bcfe8,74.96141,,,6.75128,,,,,,,13017037-8ec2-4735-9dcb-0898b1439113,2025-04-15,21:51:22.87,2025-04-15T17:51:22.8753408-04:00,2025-04-15T21:51:22.8753408Z,,v3,471300,471327,15 April 2025 15:00-jamesmad@georgemas,"Barenz, Nick",1000218914,Right,GEO_PAT,6bbd8585-a1f1-4497-975a-8bd1dded1fee,55.20331,-112.74669,11.50746,5.54174,1.90153,-20.37924,-2.39448,1.38884,2.55871,,,,,,,,,,,,,,,,,,,,,,,,,,,,,,,,,,,,,,,,,,,,,,,,,,,High,High,High,,,,,
285,2025-04-15,17:51:37.96,3,4,"Rumberg, Logan",1000216384,Right,GEO_PAT,"Dooley, Ryan",1000244290,Left,JMU_DUK,Undefined,8,Top,0,2,1,Fastball,Four-Seam,InPlay,Undefined,GroundBall,Out,1,0,,92.68464,-1.445996,-1.694266,2317.517091,210.109994,1:00,5.63837,2.01874,5.89109,-12.78993,20.26576,11.04508,3.22898,1.36549,83.26936,-3.948872,0.287003,0.413804,87.827,4.44985,-26.386943,2467.273843,,,,81.11856,76.75178,-29.233233,0.678174,-6.20989,11.19386,-1.88854,50,5.5146,3.48305,-134.35629,-3.72062,-11.15572,33.78423,-12.0649,GEO_PAT,JMU_DUK,SpuhlerFieldMain,D1,A10,20250415-SpuhlerFieldMain-1,cefd4080-1a43-11f0-b278-3921cf0bcfe8,91.08771,4.23188,,9.41528,,,,1.18962,3.14546,-1.28411,13017037-8ec2-4735-9dcb-0898b1439113,2025-04-15,21:51:37.96,2025-04-15T17:51:37.9658240-04:00,2025-04-15T21:51:37.9658240Z,GroundBall,v3,471300,471327,15 April 2025 15:00-jamesmad@georgemas,"Barenz, Nick",1000218914,Right,GEO_PAT,3c0d9659-67f7-4688-ba25-dfa169eb1b4f,54.60885,-135.51024,16.89212,5.63464,-3.30853,-6.03245,-2.01402,3.86409,-5.57786,59.692346,1.22684,114.30068,-17.37214,,,,,,,3.18419,9.21989,-20.59659,,,,,,,-1.27136,-57.33421,1.14571,,,,,,,,,,,,,,,,,,,,,,,,,,,,,High,High,High,High,High,,,
286,2025-04-15,17:53:07.96,4,1,"Rumberg, Logan",1000216384,Right,GEO_PAT,"Dowdell, Corey",1000098865,Right,JMU_DUK,Undefined,8,Top,1,0,0,Slider,Curveball,BallCalled,Undefined,Undefined,Undefined,0,0,,80.92985,-1.427339,-3.777563,2345.663562,40.317964,7:15,5.49155,2.27563,5.49543,-47.51345,-3.66496,-4.34756,0.1937,-1.62555,74.20824,-10.036407,-4.551287,0.476594,,,,,,,,,,,,1.06173,-1.13205,-1.94139,50,5.33365,7.90555,-117.19842,-4.55055,1.46064,24.40178,-33.7314,GEO_PAT,JMU_DUK,SpuhlerFieldMain,D1,A10,20250415-SpuhlerFieldMain-1,04a50fb0-1a44-11f0-b278-3921cf0bcfe8,79.08707,,,6.72161,,,,,,,13017037-8ec2-4735-9dcb-0898b1439113,2025-04-15,21:53:07.96,2025-04-15T17:53:07.9666688-04:00,2025-04-15T21:53:07.9666688Z,,v3,471300,471327,15 April 2025 15:00-jamesmad@georgemas,"Barenz, Nick",1000218914,Right,GEO_PAT,7f4bc99e-3326-4a7e-988b-da2cee87eb8e,55.00915,-118.23677,12.20089,5.49674,-3.1152,-16.8657,-2.27646,7.8434,0.73032,,,,,,,,,,,,,,,,,,,,,,,,,,,,,,,,,,,,,,,,,,,,,,,,,,,High,High,High,,,,,
287,2025-04-15,17:53:28.10,4,2,"Rumberg, Logan",1000216384,Right,GEO_PAT,"Dowdell, Corey",1000098865,Right,JMU_DUK,Undefined,8,Top,1,1,0,Slider,Slider,StrikeSwinging,Undefined,Undefined,Undefined,0,0,,79.64689,-0.135774,-3.252477,2387.483944,82.30361,8:45,5.48481,2.43303,5.46018,-45.3979,0.2035,-10.47481,1.57436,-1.4877,72.28889,-8.427534,-5.113295,0.486027,,,,,,,,,,,,4.20984,0.61445,-2.13866,50,5.44192,6.97011,-115.29601,-1.81315,5.56685,24.96386,-31.36154,GEO_PAT,JMU_DUK,SpuhlerFieldMain,D1,A10,20250415-SpuhlerFieldMain-1,10b17910-1a44-11f0-b278-3921cf0bcfe8,77.55214,,,7.35799,,,,,,,13017037-8ec2-4735-9dcb-0898b1439113,2025-04-15,21:53:28.10,2025-04-15T17:53:28.1060352-04:00,2025-04-15T21:53:28.1060352Z,,v3,471300,471327,15 April 2025 15:00-jamesmad@georgemas,"Barenz, Nick",1000218914,Right,GEO_PAT,844eeef2-69f5-44de-a0f6-75833b1ade49,55.04084,-116.38234,12.48193,5.49113,-0.44843,-15.68077,-2.4367,6.72786,2.78343,,,,,,,,,,,,,,,,,,,,,,,,,,,,,,,,,,,,,,,,,,,,,,,,,,,High,High,High,,,,,
288,2025-04-15,17:53:48.05,4,3,"Rumberg, Logan",1000216384,Right,GEO_PAT,"Dowdell, Corey",1000098865,Right,JMU_DUK,Undefined,8,Top,1,1,1,Slider,Curveball,HitByPitch,Undefined,Undefined,Undefined,0,0,,75.76065,4.823014,0.628237,2528.503598,16.283906,6:30,5.55798,2.19467,5.38057,-70.52067,-19.26277,-6.22099,4.21364,2.26523,67.48249,-8.031448,-0.477175,0.51529,,,,,,,,,,,,3.3676,-10.99245,-2.2462,50,5.94007,-0.95952,-109.42901,6.83158,3.96066,24.71825,-45.10226,GEO_PAT,JMU_DUK,SpuhlerFieldMain,D1,A10,20250415-SpuhlerFieldMain-1,1c937710-1a44-11f0-b278-3921cf0bcfe8,73.14798,,,8.27816,,,,,,,13017037-8ec2-4735-9dcb-0898b1439113,2025-04-15,21:53:48.05,2025-04-15T17:53:48.0511488-04:00,2025-04-15T21:53:48.0511488Z,,v3,471300,471327,15 April 2025 15:00-jamesmad@georgemas,"Barenz, Nick",1000218914,Right,GEO_PAT,fc6757cc-2709-4149-a73c-3aa707a3109e,55.12449,-110.5805,12.35913,5.57289,8.93263,-22.55113,-2.19721,-1.14402,1.98033,,,,,,,,,,,,,,,,,,,,,,,,,,,,,,,,,,,,,,,,,,,,,,,,,,,High,High,High,,,,,
289,2025-04-15,17:57:01.13,5,1,"Okeeffe, Shaun",1000297082,Left,GEO_PAT,"Fleck, Maddux",1000332432,Right,JMU_DUK,Undefined,8,Top,1,0,0,Fastball,Changeup,BallCalled,Undefined,Undefined,Undefined,0,0,,81.8035,-1.696995,1.569187,2141.654674,106.113023,9:30,5.72288,-1.49987,5.33631,-38.02703,4.91465,-12.00973,0.96072,-1.02804,74.78731,-8.638891,-0.568077,0.47164,,,,,,,,,,,,6.5163,3.38496,1.36718,50,5.54229,-2.75543,-118.60768,-4.84087,9.21535,24.21872,-27.38706,GEO_PAT,JMU_DUK,SpuhlerFieldMain,D1,A10,20250415-SpuhlerFieldMain-1,8faa3400-1a44-11f0-b278-3921cf0bcfe8,79.91776,,,7.01619,,,,,,,13017037-8ec2-4735-9dcb-0898b1439113,2025-04-15,21:57:01.13,2025-04-15T17:57:01.1361792-04:00,2025-04-15T21:57:01.1361792Z,,v3,471300,471327,15 April 2025 15:00-jamesmad@georgemas,"Barenz, Nick",1000218914,Right,GEO_PAT,f8afc2a6-c786-48ec-baec-ca445801866e,55.16579,-119.65785,12.10936,5.72645,-3.65332,-13.69353,1.49532,-3.15503,4.60768,,,,,,,,,,,,,,,,,,,,,,,,,,,,,,,,,,,,,,,,,,,,,,,,,,,High,High,High,,,,,
290,2025-04-15,17:57:17.31,5,2,"Okeeffe, Shaun",1000297082,Left,GEO_PAT,"Fleck, Maddux",1000332432,Right,JMU_DUK,Undefined,8,Top,1,1,0,Slider,Curveball,BallCalled,Undefined,Undefined,Undefined,0,0,,77.0263,0.131489,2.350234,2455.928069,305.19965,4:15,5.63949,-1.44091,4.98564,-57.39381,-7.38004,13.16005,0.98095,1.87646,69.56996,-10.227063,4.674921,0.508998,,,,,,,,,,,,-5.73835,-3.28831,1.20267,50,5.60511,-5.10092,-111.43787,-1.77128,-7.01561,25.20437,-36.19428,GEO_PAT,JMU_DUK,SpuhlerFieldMain,D1,A10,20250415-SpuhlerFieldMain-1,994db3b0-1a44-11f0-b278-3921cf0bcfe8,74.05224,,,7.45634,,,,,,,13017037-8ec2-4735-9dcb-0898b1439113,2025-04-15,21:57:17.31,2025-04-15T17:57:17.3180928-04:00,2025-04-15T21:57:17.3180928Z,,v3,471300,471327,15 April 2025 15:00-jamesmad@georgemas,"Barenz, Nick",1000218914,Right,GEO_PAT,98c9a4c7-c298-4a3d-b873-dbf8da7fc611,55.51723,-112.67882,12.60219,5.64845,0.01075,-18.09714,1.44532,-4.7555,-3.50781,,,,,,,,,,,,,,,,,,,,,,,,,,,,,,,,,,,,,,,,,,,,,,,,,,,High,High,High,,,,,
291,2025-04-15,17:57:35.77,5,3,"Okeeffe, Shaun",1000297082,Left,GEO_PAT,"Fleck, Maddux",1000332432,Right,JMU_DUK,Undefined,8,Top,1,2,0,Fastball,Changeup,StrikeCalled,Undefined,Undefined,Undefined,0,0,,81.25498,-1.197509,1.95568,2161.852007,97.922566,9:15,5.76674,-1.54528,5.19673,-40.79601,2.99622,-10.86327,1.23979,-0.61018,74.20153,-8.621518,0.02789,0.476288,,,,,,,,,,,,6.04902,2.25441,1.37256,50,5.62471,-3.57388,-117.78496,-3.91207,8.42719,24.10631,-29.03334,GEO_PAT,JMU_DUK,SpuhlerFieldMain,D1,A10,20250415-SpuhlerFieldMain-1,a4488600-1a44-11f0-b278-3921cf0bcfe8,79.13786,,,7.05345,,,,,,,13017037-8ec2-4735-9dcb-0898b1439113,2025-04-15,21:57:35.77,2025-04-15T17:57:35.7777408-04:00,2025-04-15T21:57:35.7777408Z,,v3,471300,471327,15 April 2025 15:00-jamesmad@georgemas,"Barenz, Nick",1000218914,Right,GEO_PAT,7d9b673f-032c-461f-b074-22263a993b80,55.30582,-118.86591,12.05315,5.77094,-2.61018,-14.51667,1.54129,-3.95176,4.21359,,,,,,,,,,,,,,,,,,,,,,,,,,,,,,,,,,,,,,,,,,,,,,,,,,,High,High,High,,,,,
292,2025-04-15,17:57:53.93,5,4,"Okeeffe, Shaun",1000297082,Left,GEO_PAT,"Fleck, Maddux",1000332432,Right,JMU_DUK,Undefined,8,Top,1,2,1,Slider,Curveball,StrikeCalled,Undefined,Undefined,Undefined,0,0,,76.95911,1.431105,1.836628,2557.975166,319.048749,4:45,5.64992,-1.70757,4.8155,-56.91712,-7.60953,7.95847,2.26354,0.69612,70.64888,-8.793451,3.237364,0.505392,,,,,,,,,,,,-3.40449,-3.75744,1.51764,50,5.74248,-3.90292,-111.58563,0.71563,-4.27512,20.83768,-36.89235,GEO_PAT,JMU_DUK,SpuhlerFieldMain,D1,A10,20250415-SpuhlerFieldMain-1,af223bc0-1a44-11f0-b278-3921cf0bcfe8,74.58063,,,6.31023,,,,,,,13017037-8ec2-4735-9dcb-0898b1439113,2025-04-15,21:57:53.93,2025-04-15T17:57:53.9349504-04:00,2025-04-15T21:57:53.9349504Z,,v3,471300,471327,15 April 2025 15:00-jamesmad@georgemas,"Barenz, Nick",1000218914,Right,GEO_PAT,cbee2388-93f2-46cc-9439-a51ba97c46be,55.68933,-112.64305,10.41884,5.65866,2.58776,-18.44618,1.71019,-3.68597,-2.13756,,,,,,,,,,,,,,,,,,,,,,,,,,,,,,,,,,,,,,,,,,,,,,,,,,,High,High,High,,,,,
293,2025-04-15,17:58:12.87,5,5,"Okeeffe, Shaun",1000297082,Left,GEO_PAT,"Fleck, Maddux",1000332432,Right,JMU_DUK,Undefined,8,Top,1,2,2,Slider,Curveball,FoulBallNotFieldable,Undefined,Undefined,Undefined,0,0,,77.36754,1.772755,0.330935,2217.467143,309.409846,4:15,5.67947,-1.52261,4.60048,-58.20755,-8.99,12.87064,2.51545,-0.13531,70.85313,-8.6524,2.589566,0.50493,,,,,,,,,,,,-6.20831,-4.49051,1.47571,50,5.80777,-1.19094,-112.17143,1.27378,-7.8666,21.3309,-37.864,GEO_PAT,JMU_DUK,SpuhlerFieldMain,D1,A10,20250415-SpuhlerFieldMain-1,ba5c39f0-1a44-11f0-b278-3921cf0bcfe8,74.64881,,,6.51441,,,,,,,13017037-8ec2-4735-9dcb-0898b1439113,2025-04-15,21:58:12.87,2025-04-15T17:58:12.8769024-04:00,2025-04-15T21:58:12.8769024Z,,v3,471300,471327,15 April 2025 15:00-jamesmad@georgemas,"Barenz, Nick",1000218914,Right,GEO_PAT,022c6713-91fe-4afe-a157-36060c91302e,55.90467,-113.28872,10.66545,5.6891,3.25706,-18.932,1.52729,-0.7789,-3.9333,,,,,,,,,,,,,,,,,,,,,,,,,,,,,,,,,,,,,,,,,,,,,,,,,,,High,High,High,,,,,
294,2025-04-15,17:58:36.38,5,6,"Okeeffe, Shaun",1000297082,Left,GEO_PAT,"Fleck, Maddux",1000332432,Right,JMU_DUK,Undefined,8,Top,1,2,2,Slider,Curveball,StrikeCalled,Strikeout,Undefined,Undefined,0,0,,77.82076,1.554688,0.280211,2489.827844,313.162443,4:30,5.6248,-1.58843,4.89546,-56.56023,-8.90241,10.9817,2.38246,-0.40823,71.92261,-8.604287,2.218197,0.496865,,,,,,,,,,,,-5.36095,-4.41547,1.5512,50,5.72894,-1.00282,-113.0125,0.98803,-6.96083,19.82722,-37.90726,GEO_PAT,JMU_DUK,SpuhlerFieldMain,D1,A10,20250415-SpuhlerFieldMain-1,c85c5d00-1a44-11f0-b278-3921cf0bcfe8,75.86051,,,5.89814,,,,,,,13017037-8ec2-4735-9dcb-0898b1439113,2025-04-15,21:58:36.38,2025-04-15T17:58:36.3855360-04:00,2025-04-15T21:58:36.3855360Z,,v3,471300,471327,15 April 2025 15:00-jamesmad@georgemas,"Barenz, Nick",1000218914,Right,GEO_PAT,416e6b31-5726-4d9e-b811-0817174a2515,55.61067,-113.9926,9.91361,5.63378,2.86187,-18.95363,1.59226,-0.65874,-3.48042,,,,,,,,,,,,,,,,,,,,,,,,,,,,,,,,,,,,,,,,,,,,,,,,,,,High,High,High,,,,,
295,2025-04-15,17:59:52.22,6,1,"Okeeffe, Shaun",1000297082,Left,GEO_PAT,"Schmidly, Ike",1000182451,Right,JMU_DUK,Undefined,8,Top,2,0,0,Fastball,Changeup,BallCalled,Undefined,Undefined,Undefined,0,0,,82.32183,0.826933,1.695941,2191.350558,94.446165,9:15,5.8581,-1.47729,5.02341,-40.33577,2.89173,-17.1682,3.27756,-1.30705,74.30857,-6.543262,-1.337321,0.473208,,,,,,,,,,,,9.01638,1.63264,1.32932,50,5.90522,-2.77364,-119.22024,0.22831,12.78182,26.1362,-29.85959,GEO_PAT,JMU_DUK,SpuhlerFieldMain,D1,A10,20250415-SpuhlerFieldMain-1,f5875230-1a44-11f0-b278-3921cf0bcfe8,79.65309,,,8.01326,,,,,,,13017037-8ec2-4735-9dcb-0898b1439113,2025-04-15,21:59:52.22,2025-04-15T17:59:52.2295808-04:00,2025-04-15T21:59:52.2295808Z,,v3,471300,471327,15 April 2025 15:00-jamesmad@georgemas,"Barenz, Nick",1000218914,Right,GEO_PAT,234026d7-fd53-477a-93f7-3621f9592e50,55.47713,-120.41498,13.0681,5.86358,1.59325,-14.92979,1.46946,-3.35792,6.39091,,,,,,,,,,,,,,,,,,,,,,,,,,,,,,,,,,,,,,,,,,,,,,,,,,,High,High,High,,,,,
296,2025-04-15,18:00:08.30,6,2,"Okeeffe, Shaun",1000297082,Left,GEO_PAT,"Schmidly, Ike",1000182451,Right,JMU_DUK,Undefined,8,Top,2,1,0,Fastball,Changeup,BallCalled,Undefined,Undefined,Undefined,0,0,,81.15711,-2.6612,4.270766,2231.505941,112.257895,9:45,5.72589,-1.63572,5.23807,-38.26604,5.97343,-10.7502,0.02688,1.49019,73.93809,-9.62239,2.367704,0.478714,,,,,,,,,,,,6.79977,4.20425,1.25067,50,5.45162,-8.32495,-117.25985,-6.786,9.35195,24.69697,-26.39181,GEO_PAT,JMU_DUK,SpuhlerFieldMain,D1,A10,20250415-SpuhlerFieldMain-1,ff3950d0-1a44-11f0-b278-3921cf0bcfe8,78.73685,,,7.21902,,,,,,,13017037-8ec2-4735-9dcb-0898b1439113,2025-04-15,22:00:08.30,2025-04-15T18:00:08.3073024-04:00,2025-04-15T22:00:08.3073024Z,,v3,471300,471327,15 April 2025 15:00-jamesmad@georgemas,"Barenz, Nick",1000218914,Right,GEO_PAT,e09cc4d0-ac4d-4edd-8a38-51124dd0f45f,55.26506,-118.36356,12.34848,5.72853,-5.60654,-13.1959,1.63206,-8.7429,4.67597,,,,,,,,,,,,,,,,,,,,,,,,,,,,,,,,,,,,,,,,,,,,,,,,,,,High,High,High,,,,,
297,2025-04-15,18:00:31.97,6,3,"Okeeffe, Shaun",1000297082,Left,GEO_PAT,"Schmidly, Ike",1000182451,Right,JMU_DUK,Undefined,8,Top,2,2,0,Slider,Curveball,BallCalled,Undefined,Undefined,Undefined,0,0,,77.48926,0.300755,1.682133,2540.375296,323.711442,4:45,5.73382,-1.59334,4.9515,-59.49554,-9.97504,8.73213,1.06018,0.72433,69.8214,-10.435066,3.22593,0.506482,,,,,,,,,,,,-3.74091,-4.61748,1.42238,50,5.71356,-3.64853,-112.12675,-1.55272,-4.6228,25.81416,-37.88007,GEO_PAT,JMU_DUK,SpuhlerFieldMain,D1,A10,20250415-SpuhlerFieldMain-1,0d544ee0-1a45-11f0-b278-3921cf0bcfe8,74.4201,,,7.66786,,,,,,,13017037-8ec2-4735-9dcb-0898b1439113,2025-04-15,22:00:31.97,2025-04-15T18:00:31.9737344-04:00,2025-04-15T22:00:31.9737344Z,,v3,471300,471327,15 April 2025 15:00-jamesmad@georgemas,"Barenz, Nick",1000218914,Right,GEO_PAT,2a58c1b5-c573-4971-9d54-086baed44382,55.55118,-113.39756,12.90708,5.74409,0.31208,-18.94003,1.59638,-3.42095,-2.3114,,,,,,,,,,,,,,,,,,,,,,,,,,,,,,,,,,,,,,,,,,,,,,,,,,,High,High,High,,,,,
298,2025-04-15,18:00:47.07,6,4,"Okeeffe, Shaun",1000297082,Left,GEO_PAT,"Schmidly, Ike",1000182451,Right,JMU_DUK,Undefined,8,Top,2,3,0,Fastball,Changeup,BallCalled,Walk,Undefined,Undefined,0,0,,82.35979,-2.59474,2.59939,2210.894329,98.574519,9:15,5.69544,-1.5542,5.35981,-38.52545,4.51233,-18.97139,0.0474,-0.6957,74.34277,-9.642906,-0.778595,0.472168,,,,,,,,,,,,10.55957,3.55709,1.3349,50,5.43444,-4.63629,-119.12542,-6.73521,14.82205,27.8287,-27.18108,GEO_PAT,JMU_DUK,SpuhlerFieldMain,D1,A10,20250415-SpuhlerFieldMain-1,164dfa00-1a45-11f0-b278-3921cf0bcfe8,79.82849,,,8.01702,,,,,,,13017037-8ec2-4735-9dcb-0898b1439113,2025-04-15,22:00:47.07,2025-04-15T18:00:47.0736896-04:00,2025-04-15T22:00:47.0736896Z,,v3,471300,471327,15 April 2025 15:00-jamesmad@georgemas,"Barenz, Nick",1000218914,Right,GEO_PAT,55ad3267-3249-4d8b-9709-0c5c715de820,55.14284,-120.32083,13.91435,5.69868,-5.56762,-13.59054,1.54773,-5.27299,7.41103,,,,,,,,,,,,,,,,,,,,,,,,,,,,,,,,,,,,,,,,,,,,,,,,,,,High,High,High,,,,,
299,2025-04-15,18:01:41.95,7,1,"Okeeffe, Shaun",1000297082,Left,GEO_PAT,"Peifer, Wyatt",1000115813,Right,JMU_DUK,Undefined,8,Top,2,0,0,Fastball,Changeup,BallCalled,Undefined,Undefined,Undefined,0,1,,81.65468,-1.963994,3.649136,2242.489247,106.051581,9:30,5.70364,-1.63617,5.21032,-38.37939,5.46839,-13.37556,0.65386,0.68563,73.94329,-8.972207,1.279935,0.47659,,,,,,,,,,,,7.97493,3.76496,1.30905,50,5.4927,-6.98257,-118.06013,-5.3961,11.06226,26.07953,-26.95155,GEO_PAT,JMU_DUK,SpuhlerFieldMain,D1,A10,20250415-SpuhlerFieldMain-1,370bc830-1a45-11f0-b278-3921cf0bcfe8,79.0877,,,7.71139,,,,,,,13017037-8ec2-4735-9dcb-0898b1439113,2025-04-15,22:01:41.95,2025-04-15T18:01:41.9577344-04:00,2025-04-15T22:01:41.9577344Z,,v3,471300,471327,15 April 2025 15:00-jamesmad@georgemas,"Barenz, Nick",1000218914,Right,GEO_PAT,0624da54-3fbf-4768-87cb-1da542f8efb0,55.29232,-119.22348,13.03977,5.70659,-4.19386,-13.47577,1.63153,-7.47603,5.53113,,,,,,,,,,,,,,,,,,,,,,,,,,,,,,,,,,,,,,,,,,,,,,,,,,,High,High,High,,,,,
300,2025-04-15,18:02:13.56,7,2,"Okeeffe, Shaun",1000297082,Left,GEO_PAT,"Peifer, Wyatt",1000115813,Right,JMU_DUK,Undefined,8,Top,2,1,0,Slider,Slider,BallCalled,Undefined,Undefined,Undefined,0,0,,77.02711,-1.421002,1.04845,2437.997362,299.985781,4:00,5.68121,-1.63866,4.99083,-55.54393,-6.65555,14.18938,-0.28975,0.53391,71.27806,-11.355397,3.562722,0.503239,,,,,,,,,,,,-6.87516,-2.6587,1.52519,50,5.49816,-2.59125,-111.77746,-4.71688,-8.64924,21.20707,-35.51884,GEO_PAT,JMU_DUK,SpuhlerFieldMain,D1,A10,20250415-SpuhlerFieldMain-1,49e25280-1a45-11f0-b278-3921cf0bcfe8,74.89971,,,5.74905,,,,,,,13017037-8ec2-4735-9dcb-0898b1439113,2025-04-15,22:02:13.56,2025-04-15T18:02:13.5659520-04:00,2025-04-15T22:02:13.5659520Z,,v3,471300,471327,15 April 2025 15:00-jamesmad@georgemas,"Barenz, Nick",1000218914,Right,GEO_PAT,9f4b6cc7-c5cd-4266-beca-69b915c4d7dc,55.51576,-112.81909,10.60354,5.68699,-2.9723,-17.75942,1.64203,-2.16643,-4.32462,,,,,,,,,,,,,,,,,,,,,,,,,,,,,,,,,,,,,,,,,,,,,,,,,,,High,High,High,,,,,
301,2025-04-15,18:02:31.90,7,3,"Okeeffe, Shaun",1000297082,Left,GEO_PAT,"Peifer, Wyatt",1000115813,Right,JMU_DUK,Undefined,8,Top,2,2,0,Fastball,Changeup,BallCalled,Undefined,Undefined,Undefined,0,0,,80.57519,-1.733891,3.830749,2321.411267,111.587781,9:45,5.71449,-1.53355,5.73001,-37.74278,6.12177,-11.61575,0.95026,1.07162,73.43251,-8.683,1.754707,0.476681,,,,,,,,,,,,7.15701,4.05063,1.22102,50,5.54614,-7.37022,-116.66603,-4.74521,9.76123,24.08656,-26.64953,GEO_PAT,JMU_DUK,SpuhlerFieldMain,D1,A10,20250415-SpuhlerFieldMain-1,54cafc60-1a45-11f0-b278-3921cf0bcfe8,79.07259,,,7.14267,,,,,,,13017037-8ec2-4735-9dcb-0898b1439113,2025-04-15,22:02:31.90,2025-04-15T18:02:31.9009792-04:00,2025-04-15T22:02:31.9009792Z,,v3,471300,471327,15 April 2025 15:00-jamesmad@georgemas,"Barenz, Nick",1000218914,Right,GEO_PAT,6000b302-0e03-4883-9ee4-c85f830d4582,54.77281,-117.64728,12.04328,5.71734,-3.65954,-13.32476,1.52937,-7.76788,4.88062,,,,,,,,,,,,,,,,,,,,,,,,,,,,,,,,,,,,,,,,,,,,,,,,,,,High,High,High,,,,,
302,2025-04-15,18:02:48.46,7,4,"Okeeffe, Shaun",1000297082,Left,GEO_PAT,"Peifer, Wyatt",1000115813,Right,JMU_DUK,Undefined,8,Top,2,3,0,Fastball,Changeup,BallCalled,Walk,Undefined,Undefined,0,0,,80.91589,1.12353,1.803082,2346.402265,112.326421,9:45,5.79662,-1.61701,5.0129,-40.11242,4.82359,-7.68402,3.51506,-0.55489,72.74292,-6.227653,0.44671,0.482468,,,,,,,,,,,,4.39547,2.49335,1.45052,50,5.87253,-3.35383,-117.09029,0.85344,5.99024,25.89278,-28.77606,GEO_PAT,JMU_DUK,SpuhlerFieldMain,D1,A10,20250415-SpuhlerFieldMain-1,5e94efd0-1a45-11f0-b278-3921cf0bcfe8,78.12417,,,8.17298,,,,,,,13017037-8ec2-4735-9dcb-0898b1439113,2025-04-15,22:02:48.46,2025-04-15T18:02:48.4677632-04:00,2025-04-15T22:02:48.4677632Z,,v3,471300,471327,15 April 2025 15:00-jamesmad@georgemas,"Barenz, Nick",1000218914,Right,GEO_PAT,1d24dcc6-ebab-41fc-a57d-b4dd9622ebef,55.4862,-118.29726,12.94639,5.80148,2.19481,-14.38803,1.61336,-3.63306,2.99512,,,,,,,,,,,,,,,,,,,,,,,,,,,,,,,,,,,,,,,,,,,,,,,,,,,High,High,High,,,,,
303,2025-04-15,18:05:56.92,8,1,"Yount, Britt",1000122819,Right,GEO_PAT,"Calabrese, Coleman",1000091807,Right,JMU_DUK,Undefined,8,Top,2,0,0,Fastball,Changeup,BallCalled,Undefined,Undefined,Undefined,0,0,,85.82134,-2.496969,-5.05596,2322.496491,261.234284,2:45,5.23396,2.19896,5.50497,-34.31285,5.1913,23.85635,0.02856,-0.55413,77.31984,-8.809694,-0.816174,0.452369,,,,,,,,,,,,-13.9693,3.80819,-1.77359,50,4.99168,9.9757,-123.88748,-6.62188,-21.26873,29.44596,-26.37595,GEO_PAT,JMU_DUK,SpuhlerFieldMain,D1,A10,20250415-SpuhlerFieldMain-1,cefce070-1a45-11f0-b278-3921cf0bcfe8,83.32236,,,8.5015,,,,,,,13017037-8ec2-4735-9dcb-0898b1439113,2025-04-15,22:05:56.92,2025-04-15T18:05:56.9267712-04:00,2025-04-15T22:05:56.9267712Z,,v3,471300,471327,15 April 2025 15:00-jamesmad@georgemas,"Barenz, Nick",1000218914,Right,GEO_PAT,8c3955d4-5144-4522-a0f5-e57fa84f066c,54.99919,-125.07006,14.72298,5.23635,-5.5626,-13.18798,-2.19137,10.82987,-10.63436,,,,,,,,,,,,,,,,,,,,,,,,,,,,,,,,,,,,,,,,,,,,,,,,,,,High,High,High,,,,,
304,2025-04-15,18:06:12.78,8,2,"Yount, Britt",1000122819,Right,GEO_PAT,"Calabrese, Coleman",1000091807,Right,JMU_DUK,Undefined,8,Top,2,1,0,Fastball,Changeup,BallCalled,Undefined,Undefined,Undefined,0,0,,85.87702,-1.87932,-4.37231,2316.229011,251.048328,2:15,5.32164,2.18027,5.59133,-29.71423,9.09347,22.53387,1.08483,-0.03265,78.01967,-7.376783,-0.359452,0.448364,,,,,,,,,,,,-12.79674,5.55229,-1.81961,50,5.14053,8.55896,-124.26129,-5.10148,-19.83794,26.87964,-23.56673,GEO_PAT,JMU_DUK,SpuhlerFieldMain,D1,A10,20250415-SpuhlerFieldMain-1,d8746e20-1a45-11f0-b278-3921cf0bcfe8,84.06669,,,7.85735,,,,,,,13017037-8ec2-4735-9dcb-0898b1439113,2025-04-15,22:06:12.78,2025-04-15T18:06:12.7849472-04:00,2025-04-15T22:06:12.7849472Z,,v3,471300,471327,15 April 2025 15:00-jamesmad@georgemas,"Barenz, Nick",1000218914,Right,GEO_PAT,915fefb7-19a3-47c5-9521-e3d5ce8d53ab,54.9121,-125.31934,13.43982,5.32308,-4.17383,-11.78337,-2.17188,9.33984,-9.91897,,,,,,,,,,,,,,,,,,,,,,,,,,,,,,,,,,,,,,,,,,,,,,,,,,,High,High,High,,,,,
305,2025-04-15,18:06:28.52,8,3,"Yount, Britt",1000122819,Right,GEO_PAT,"Calabrese, Coleman",1000091807,Right,JMU_DUK,Undefined,8,Top,2,2,0,Fastball,Changeup,StrikeCalled,Undefined,Undefined,Undefined,0,0,,86.05816,-1.037356,-4.411141,2295.14771,234.958879,1:45,5.24439,2.15725,5.53038,-25.58167,12.25194,15.9841,2.13983,-0.64266,79.80037,-5.750807,-1.572071,0.442701,,,,,,,,,,,,-9.11398,6.76036,-1.78417,50,5.1368,8.96013,-124.82001,-3.13944,-14.61897,21.1873,-21.33031,GEO_PAT,JMU_DUK,SpuhlerFieldMain,D1,A10,20250415-SpuhlerFieldMain-1,e1cd9e60-1a45-11f0-b278-3921cf0bcfe8,85.142,,,6.25779,,,,,,,13017037-8ec2-4735-9dcb-0898b1439113,2025-04-15,22:06:28.52,2025-04-15T18:06:28.5228032-04:00,2025-04-15T22:06:28.5228032Z,,v3,471300,471327,15 April 2025 15:00-jamesmad@georgemas,"Barenz, Nick",1000218914,Right,GEO_PAT,6a46e74f-8ddb-4c78-8bc3-6bf17bfe2995,54.97397,-125.66147,10.59365,5.24466,-2.2923,-10.66515,-2.15155,9.54073,-7.30949,,,,,,,,,,,,,,,,,,,,,,,,,,,,,,,,,,,,,,,,,,,,,,,,,,,High,High,High,,,,,
306,2025-04-15,18:06:44.15,8,4,"Yount, Britt",1000122819,Right,GEO_PAT,"Calabrese, Coleman",1000091807,Right,JMU_DUK,Undefined,8,Top,2,2,1,Fastball,Sinker,StrikeCalled,Undefined,Undefined,Undefined,0,0,,86.51834,-1.407678,-4.484171,2342.020014,227.010483,1:30,5.22052,2.15013,5.72114,-21.20497,16.84918,16.64399,2.13787,-0.64852,78.35691,-5.412902,-1.518473,0.443989,,,,,,,,,,,,-9.78898,9.37111,-1.78498,50,5.0896,9.10969,-125.16755,-3.73157,-15.40673,27.13091,-17.42503,GEO_PAT,JMU_DUK,SpuhlerFieldMain,D1,A10,20250415-SpuhlerFieldMain-1,eb0def70-1a45-11f0-b278-3921cf0bcfe8,84.8949,,,8.16143,,,,,,,13017037-8ec2-4735-9dcb-0898b1439113,2025-04-15,22:06:44.15,2025-04-15T18:06:44.1573376-04:00,2025-04-15T22:06:44.1573376Z,,v3,471300,471327,15 April 2025 15:00-jamesmad@georgemas,"Barenz, Nick",1000218914,Right,GEO_PAT,6d852bcf-5419-4b91-a8a0-82054d2ac847,54.77968,-126.19933,13.56545,5.2189,-3.06891,-8.71251,-2.14256,9.6956,-7.70336,,,,,,,,,,,,,,,,,,,,,,,,,,,,,,,,,,,,,,,,,,,,,,,,,,,High,High,High,,,,,
307,2025-04-15,18:07:00.70,8,5,"Yount, Britt",1000122819,Right,GEO_PAT,"Calabrese, Coleman",1000091807,Right,JMU_DUK,Undefined,8,Top,2,2,2,Fastball,Sinker,FoulBallNotFieldable,Undefined,Undefined,Undefined,0,0,,87.50489,0.245213,-3.038025,2268.948423,247.691005,2:15,5.35303,2.24072,5.38233,-26.67627,10.03627,22.01214,3.3602,1.22444,80.98994,-4.658536,0.870606,0.436092,,,,,,,,,,,,-11.98595,5.2776,-1.98543,50,5.35601,5.82861,-127.14864,-0.41066,-19.90476,22.5457,-23.40966,GEO_PAT,JMU_DUK,SpuhlerFieldMain,D1,A10,20250415-SpuhlerFieldMain-1,f4e920f0-1a45-11f0-b278-3921cf0bcfe8,86.43223,,,6.51495,,,,,,,13017037-8ec2-4735-9dcb-0898b1439113,2025-04-15,22:07:00.70,2025-04-15T18:07:00.7074816-04:00,2025-04-15T22:07:00.7074816Z,,v3,471300,471327,15 April 2025 15:00-jamesmad@georgemas,"Barenz, Nick",1000218914,Right,GEO_PAT,c90c8235-d158-42ef-8be3-1446091ba851,55.12452,-128.05408,11.27285,5.35363,0.52948,-11.70483,-2.23556,6.62799,-9.95238,,,,,,,,,,,,,,,,,,,,,,,,,,,,,,,,,,,,,,,,,,,,,,,,,,,High,High,High,,,,,
308,2025-04-15,18:07:22.77,8,6,"Yount, Britt",1000122819,Right,GEO_PAT,"Calabrese, Coleman",1000091807,Right,JMU_DUK,Undefined,8,Top,2,2,2,Fastball,Changeup,StrikeCalled,Strikeout,Undefined,Undefined,0,0,,86.00893,-0.752923,-4.777074,2371.923926,256.389544,2:30,5.25147,2.11659,6.06632,-31.50954,6.40347,21.12844,1.92638,-0.55414,78.21767,-6.620065,-0.985661,0.443165,,,,,,,,,,,,-12.33434,3.88981,-1.75659,50,5.17604,9.57142,-124.56129,-2.657,-19.25373,26.52506,-26.10212,GEO_PAT,JMU_DUK,SpuhlerFieldMain,D1,A10,20250415-SpuhlerFieldMain-1,0225f400-1a46-11f0-b278-3921cf0bcfe8,85.05282,,,7.79126,,,,,,,13017037-8ec2-4735-9dcb-0898b1439113,2025-04-15,22:07:22.77,2025-04-15T18:07:22.7712000-04:00,2025-04-15T22:07:22.7712000Z,,v3,471300,471327,15 April 2025 15:00-jamesmad@georgemas,"Barenz, Nick",1000218914,Right,GEO_PAT,e2467dad-bbb3-42f2-ae2d-b26b5a2dd0b0,54.43724,-125.50264,13.26253,5.25389,-1.73067,-13.05106,-2.1084,10.25471,-9.62687,,,,,,,,,,,,,,,,,,,,,,,,,,,,,,,,,,,,,,,,,,,,,,,,,,,High,High,High,,,,,
309,2025-04-15,18:10:01.83,1,1,"Bingler, Alex",1000361011,Left,JMU_DUK,"Hull, Owen",10054797,Left,GEO_PAT,Undefined,8,Bottom,0,0,0,Fastball,Changeup,BallCalled,Undefined,Undefined,Undefined,0,0,,87.65207,-2.167257,2.943391,2323.95602,117.993521,10:00,5.2311,-2.37829,5.8364,-27.30139,10.44158,-16.64965,0.93787,-1.02744,77.81608,-7.304115,-0.041157,0.44217,,,,,,,,,,,,9.68001,6.58591,2.14815,50,5.0383,-5.81269,-126.70083,-5.68572,15.1874,34.27566,-21.84108,GEO_PAT,JMU_DUK,SpuhlerFieldMain,D1,A10,20250415-SpuhlerFieldMain-1,60f44720-1a46-11f0-b278-3921cf0bcfe8,85.2442,,,9.83599,,,,,,,13017037-8ec2-4735-9dcb-0898b1439113,2025-04-15,22:10:01.83,2025-04-15T18:10:01.8350080-04:00,2025-04-15T22:10:01.8350080Z,,v3,471300,471327,15 April 2025 15:00-jamesmad@georgemas,"Dowdell, Corey",1000098865,Right,JMU_DUK,874c079e-be6a-4720-8790-96713c6e46fc,54.66298,-127.95606,17.13783,5.23188,-4.88586,-10.92054,2.37121,-6.36888,7.5937,,,,,,,,,,,,,,,,,,,,,,,,,,,,,,,,,,,,,,,,,,,,,,,,,,,High,High,High,,,,,
310,2025-04-15,18:10:20.98,1,2,"Bingler, Alex",1000361011,Left,JMU_DUK,"Hull, Owen",10054797,Left,GEO_PAT,Undefined,8,Bottom,0,1,0,Fastball,Four-Seam,BallCalled,Undefined,Undefined,Undefined,0,0,,88.33207,-0.52377,2.262922,2369.069993,143.607001,10:45,5.32641,-2.31841,6.01078,-18.73182,17.98757,-12.15308,3.27978,-1.23355,78.34964,-4.152078,0.078798,0.436133,,,,,,,,,,,,6.9852,9.8067,2.14678,50,5.27514,-4.51901,-127.838,-1.67439,11.21316,33.70663,-16.43155,GEO_PAT,JMU_DUK,SpuhlerFieldMain,D1,A10,20250415-SpuhlerFieldMain-1,6c49bc90-1a46-11f0-b278-3921cf0bcfe8,86.42412,,,9.98244,,,,,,,13017037-8ec2-4735-9dcb-0898b1439113,2025-04-15,22:10:20.98,2025-04-15T18:10:20.9895936-04:00,2025-04-15T22:10:20.9895936Z,,v3,471300,471327,15 April 2025 15:00-jamesmad@georgemas,"Dowdell, Corey",1000098865,Right,JMU_DUK,1ed590d0-e404-4382-ac89-da6e0d06c677,54.48432,-129.01494,16.85332,5.32359,-1.10064,-8.21577,2.3114,-4.91054,5.60658,,,,,,,,,,,,,,,,,,,,,,,,,,,,,,,,,,,,,,,,,,,,,,,,,,,High,High,High,,,,,
311,2025-04-15,18:10:40.14,1,3,"Bingler, Alex",1000361011,Left,JMU_DUK,"Hull, Owen",10054797,Left,GEO_PAT,Undefined,8,Bottom,0,2,0,Fastball,Sinker,FoulBallNotFieldable,Undefined,Undefined,Undefined,0,0,,89.57869,-1.58167,3.988074,2439.978902,122.56989,10:00,5.2042,-2.36319,6.15397,-23.71328,11.38674,-15.81359,1.76277,0.00982,80.75531,-6.060812,1.143033,0.426408,,,,,,,,,,,,9.54091,6.76516,2.06779,50,5.07152,-8.40283,-129.71467,-4.32563,15.99356,31.21604,-20.83352,GEO_PAT,JMU_DUK,SpuhlerFieldMain,D1,A10,20250415-SpuhlerFieldMain-1,77c5ccd0-1a46-11f0-b278-3921cf0bcfe8,88.3953,,,8.82338,,,,,,,13017037-8ec2-4735-9dcb-0898b1439113,2025-04-15,22:10:40.14,2025-04-15T18:10:40.1495040-04:00,2025-04-15T22:10:40.1495040Z,,v3,471300,471327,15 April 2025 15:00-jamesmad@georgemas,"Dowdell, Corey",1000098865,Right,JMU_DUK,60849c22-770c-42d2-90c2-00b39c1f0e77,54.34823,-130.75689,15.60802,5.20433,-3.63006,-10.41676,2.35725,-8.93681,7.99678,,,,,,,,,,,,,,,,,,,,,,,,,,,,,,,,,,,,,,,,,,,,,,,,,,,High,High,High,,,,,
312,2025-04-15,18:11:01.55,1,4,"Bingler, Alex",1000361011,Left,JMU_DUK,"Hull, Owen",10054797,Left,GEO_PAT,Undefined,8,Bottom,0,2,1,Fastball,Sinker,BallCalled,Undefined,Undefined,Undefined,0,0,,88.60321,-0.001412,3.513557,2362.41893,136.278272,10:30,5.25628,-2.39099,6.25505,-19.61918,16.19454,-14.20682,3.62005,-0.33062,79.38378,-3.777788,0.952862,0.430721,,,,,,,,,,,,8.47705,8.75981,2.13614,50,5.24651,-7.28808,-128.33467,-0.538,13.8696,31.25217,-17.84178,GEO_PAT,JMU_DUK,SpuhlerFieldMain,D1,A10,20250415-SpuhlerFieldMain-1,8474b7c0-1a46-11f0-b278-3921cf0bcfe8,87.51007,,,9.21943,,,,,,,13017037-8ec2-4735-9dcb-0898b1439113,2025-04-15,22:11:01.55,2025-04-15T18:11:01.5584768-04:00,2025-04-15T22:11:01.5584768Z,,v3,471300,471327,15 April 2025 15:00-jamesmad@georgemas,"Dowdell, Corey",1000098865,Right,JMU_DUK,8afd3b50-bb4e-49f9-8eba-823afcef8805,54.24341,-129.3639,15.62608,5.25455,0.04959,-8.92089,2.38368,-7.74485,6.9348,,,,,,,,,,,,,,,,,,,,,,,,,,,,,,,,,,,,,,,,,,,,,,,,,,,High,High,High,,,,,
313,2025-04-15,18:11:20.60,1,5,"Bingler, Alex",1000361011,Left,JMU_DUK,"Hull, Owen",10054797,Left,GEO_PAT,Undefined,8,Bottom,0,3,1,Fastball,Four-Seam,BallCalled,Walk,Undefined,Undefined,0,0,,89.02997,-0.429809,5.208148,2399.402942,140.758032,10:45,5.24758,-2.58412,6.49258,-15.01595,21.87796,-16.32213,3.60002,0.85029,76.27152,-3.493238,2.263885,0.437168,,,,,,,,,,,,10.7343,11.9856,2.22317,50,5.21018,-10.951,-128.07883,-1.21657,16.71944,41.74018,-13.50562,GEO_PAT,JMU_DUK,SpuhlerFieldMain,D1,A10,20250415-SpuhlerFieldMain-1,8fd095d0-1a46-11f0-b278-3921cf0bcfe8,86.21949,,,12.75845,,,,,,,13017037-8ec2-4735-9dcb-0898b1439113,2025-04-15,22:11:20.60,2025-04-15T18:11:20.6052864-04:00,2025-04-15T22:11:20.6052864Z,,v3,471300,471327,15 April 2025 15:00-jamesmad@georgemas,"Dowdell, Corey",1000098865,Right,JMU_DUK,8fd7eba5-aed5-4d00-a2d0-67d5caf869a0,53.9947,-129.37413,20.87009,5.24143,-0.79746,-6.75281,2.57105,-11.46985,8.35972,,,,,,,,,,,,,,,,,,,,,,,,,,,,,,,,,,,,,,,,,,,,,,,,,,,High,High,High,,,,,
314,,,2,1,"Brooks, Tj",1000091209,Right,JMU_DUK,"Quinn-Irons, Jaime",1000216379,Right,GEO_PAT,Undefined,8,Bottom,0,0,0,Slider,,StrikeCalled,Undefined,Undefined,Undefined,0,0,,,,,,,,,,,,,,,,,,,,,,,,,,,,,,,,,,,,,,,,,,GEO_PAT,JMU_DUK,SpuhlerFieldMain,D1,A10,20250415-SpuhlerFieldMain-1,02192d50-1a47-11f0-b278-3921cf0bcfe8,,,,,,,,,,,13017037-8ec2-4735-9dcb-0898b1439113,,,,,,v3,471300,471327,15 April 2025 15:00-jamesmad@georgemas,"Dowdell, Corey",1000098865,Right,JMU_DUK,,,,,,,,,,,,,,,,,,,,,,,,,,,,,,,,,,,,,,,,,,,,,,,,,,,,,,,,,,,,,,,,,,,,
315,2025-04-15,18:14:45.07,2,2,"Brooks, Tj",1000091209,Right,JMU_DUK,"Quinn-Irons, Jaime",1000216379,Right,GEO_PAT,Undefined,8,Bottom,0,0,1,Slider,Curveball,BallCalled,Undefined,Undefined,Undefined,0,0,,78.925,2.411343,-0.148223,2621.832579,68.79037,8:15,5.46264,1.58791,5.46148,-53.6068,-7.01678,-22.53171,3.25389,-0.42848,70.99276,-7.406401,-4.160649,0.491267,,,,,,,,,,,,11.17823,-3.76713,-1.55935,50,5.63913,1.22018,-114.32678,2.94528,14.44928,25.66557,-37.04352,GEO_PAT,JMU_DUK,SpuhlerFieldMain,D1,A10,20250415-SpuhlerFieldMain-1,09b4cf10-1a47-11f0-b278-3921cf0bcfe8,76.72491,,,7.93224,,,,,,,13017037-8ec2-4735-9dcb-0898b1439113,2025-04-15,22:14:45.07,2025-04-15T18:14:45.0730000-04:00,2025-04-15T22:14:45.0730000Z,,v3,471300,471327,15 April 2025 15:00-jamesmad@georgemas,"Dowdell, Corey",1000098865,Right,JMU_DUK,9a36f559-8dbd-4b3f-ba9b-7ac0a7585fe8,55.04071,-115.45284,12.83279,5.47426,4.57053,-18.52176,-1.59898,0.58623,7.22464,,,,,,,,,,,,,,,,,,,,,,,,,,,,,74.86037,1.57727,0.694579,0.88269,-1.19048,2.90192,0.62263,-2.98483,6.07794,3.65844,66.18446,2.68587,58.59521,-2.9381,87.61636,-10.63908,6.0913,7.64848,-13.06485,3.66253,64.61586,-2.70822,High,High,High,,,High,High,High
316,2025-04-15,18:15:49.31,2,3,"Brooks, Tj",1000091209,Right,JMU_DUK,"Quinn-Irons, Jaime",1000216379,Right,GEO_PAT,Undefined,8,Bottom,0,1,1,Slider,Curveball,BallCalled,Undefined,Undefined,Undefined,0,0,,76.76309,2.016043,-1.004426,2588.182563,76.24221,8:30,5.33345,1.37187,5.04004,-56.98098,-4.42469,-29.10167,2.48807,-2.00095,66.12828,-8.473364,-6.142881,0.521776,,,,,,,,,,,,13.58221,-2.23784,-1.2524,50,5.48255,3.21307,-110.43551,1.86475,15.58923,32.52929,-34.74255,GEO_PAT,JMU_DUK,SpuhlerFieldMain,D1,A10,20250415-SpuhlerFieldMain-1,30068820-1a47-11f0-b278-3921cf0bcfe8,72.2388,,,10.63481,,,,,,,13017037-8ec2-4735-9dcb-0898b1439113,2025-04-15,22:15:49.31,2025-04-15T18:15:49.3112832-04:00,2025-04-15T22:15:49.3112832Z,,v3,471300,471327,15 April 2025 15:00-jamesmad@georgemas,"Dowdell, Corey",1000098865,Right,JMU_DUK,eb35bfdc-ae2b-497b-bd3f-5f8f39a73f60,55.45083,-112.02957,16.26465,5.34946,3.56727,-17.37127,-1.39114,2.44913,7.79462,,,,,,,,,,,,,,,,,,,,,,,,,,,,,,,,,,,,,,,,,,,,,,,,,,,High,High,High,,,,,
317,2025-04-15,18:16:24.68,2,4,"Brooks, Tj",1000091209,Right,JMU_DUK,"Quinn-Irons, Jaime",1000216379,Right,GEO_PAT,Undefined,8,Bottom,0,2,1,Fastball,Sinker,FoulBallNotFieldable,Undefined,Undefined,Undefined,0,0,,87.9342,-1.52085,-2.194529,2136.364474,239.730803,2:00,5.40816,1.60932,5.8431,-25.60702,11.21532,16.88631,1.85941,0.97594,79.23495,-6.32478,0.833996,0.436744,115.14762,21.472376,-36.397955,2335.143113,85.91533,37.50383,-68.69135,389.05868,321.29193,-46.340021,3.597301,-9.42886,6.61622,-1.44083,50,5.26931,4.18313,-127.45295,-4.21762,-15.2266,30.6522,-21.48954,GEO_PAT,JMU_DUK,SpuhlerFieldMain,D1,A10,20250415-SpuhlerFieldMain-1,452358f0-1a47-11f0-b278-3921cf0bcfe8,86.30323,51.67832,,8.69925,,,,2.89219,2.05312,-0.82518,13017037-8ec2-4735-9dcb-0898b1439113,2025-04-15,22:16:24.68,2025-04-15T18:16:24.6801920-04:00,2025-04-15T22:16:24.6801920Z,FlyBall,v3,471300,471327,15 April 2025 15:00-jamesmad@georgemas,"Dowdell, Corey",1000098865,Right,JMU_DUK,6708cfdf-4182-41d7-863b-34da2a267ba2,54.65875,-128.56849,15.3261,5.40857,-3.43554,-10.74477,-1.60315,4.73728,-7.6133,,2.89228,126.49667,-29.44016,7.81874,-1.87438,0.3811,-0.0545,0.00427,-0.00011,2.05306,61.82383,-22.01593,2.23184,-0.50904,0.16412,-0.05011,0.00888,-0.00063,-0.82519,-93.25778,8.01773,-1.92503,0.44633,-0.10056,0.01874,-0.00225,0.00012,,,,,,,,,,,,,,,,,,,,,,,High,High,High,High,Medium,,,
318,2025-04-15,18:17:24.86,2,5,"Brooks, Tj",1000091209,Right,JMU_DUK,"Quinn-Irons, Jaime",1000216379,Right,GEO_PAT,Undefined,8,Bottom,0,2,2,Slider,Curveball,BallCalled,Undefined,Undefined,Undefined,1,0,,78.34286,-0.48937,-0.939603,2648.043806,56.804456,8:00,5.37601,1.41922,5.1462,-67.49645,-17.30469,-30.3012,-0.70954,-1.99065,68.36602,-12.709398,-6.330424,0.509903,,,,,,,,,,,,14.77922,-7.89233,-1.3063,50,5.27836,3.0964,-112.97909,-3.3818,17.67449,34.82538,-41.61249,GEO_PAT,JMU_DUK,SpuhlerFieldMain,D1,A10,20250415-SpuhlerFieldMain-1,69106e10-1a47-11f0-b278-3921cf0bcfe8,73.9208,,,9.97684,,,,,,,13017037-8ec2-4735-9dcb-0898b1439113,2025-04-15,22:17:24.86,2025-04-15T18:17:24.8690000-04:00,2025-04-15T22:17:24.8690000Z,,v3,471300,471327,15 April 2025 15:00-jamesmad@georgemas,"Dowdell, Corey",1000098865,Right,JMU_DUK,fb1035ee-43ce-4999-a752-67cec43e62be,55.35448,-114.61771,17.41269,5.39141,-1.42384,-20.80624,-1.43243,2.26478,8.83724,,,,,,,,,,,,,,,,,,,,,,,,,,,,,81.11824,,,,,,,0.36284,6.32268,2.12004,,,,0.39664,118.42112,-7.84153,6.32796,3.31174,-11.41143,2.10389,-1.18296,3.11026,High,High,High,,,High,High,Medium
319,2025-04-15,18:21:09.61,2,6,"Brooks, Tj",1000091209,Right,JMU_DUK,"Quinn-Irons, Jaime",1000216379,Right,GEO_PAT,Undefined,8,Bottom,1,3,2,Slider,Curveball,StrikeCalled,Strikeout,Undefined,Undefined,0,0,,77.83012,2.904347,1.372543,2603.297402,57.801558,8:00,5.3082,1.40537,5.43125,-61.07944,-12.25528,-22.76958,2.94151,0.79365,68.83723,-8.295735,-2.682789,0.502908,,,,,,,,,,,,11.81213,-6.53701,-1.51129,50,5.52469,-1.74724,-112.47107,3.55525,14.52066,28.04393,-40.20998,GEO_PAT,JMU_DUK,SpuhlerFieldMain,D1,A10,20250415-SpuhlerFieldMain-1,eef2dfe0-1a47-11f0-b278-3921cf0bcfe8,74.94892,,,8.99289,,,,,,,13017037-8ec2-4735-9dcb-0898b1439113,2025-04-15,22:21:09.61,2025-04-15T18:21:09.6181248-04:00,2025-04-15T22:21:09.6181248Z,,v3,471300,471327,15 April 2025 15:00-jamesmad@georgemas,"Dowdell, Corey",1000098865,Right,JMU_DUK,edb31341-c345-4a3b-ad7a-0b1f8df72608,55.06914,-113.728,14.02196,5.32495,5.35746,-20.10499,-1.41839,-2.39806,7.26033,,,,,,,,,,,,,,,,,,,,,,,,,,,,,,,,,,,,,,,,,,,,,,,,,,,High,High,High,,,,,
320,2025-04-15,18:21:41.88,3,1,"Brooks, Tj",1000091209,Right,JMU_DUK,"Butler, Jake",1000176047,Right,GEO_PAT,Undefined,8,Bottom,2,0,0,Slider,Curveball,BallCalled,Undefined,Undefined,Undefined,0,0,,77.4167,3.145555,-0.031161,2729.373181,60.210827,8:00,5.41458,1.45136,5.34776,-55.77554,-7.5193,-16.06001,3.72024,0.0838,70.07906,-7.031496,-2.884103,0.499975,,,,,,,,,,,,7.98622,-4.21244,-1.43678,50,5.65856,0.70746,-112.15051,4.23046,10.03166,22.88457,-37.46536,GEO_PAT,JMU_DUK,SpuhlerFieldMain,D1,A10,20250415-SpuhlerFieldMain-1,02291660-1a48-11f0-b278-3921cf0bcfe8,75.38869,,,7.33764,,,,,,,13017037-8ec2-4735-9dcb-0898b1439113,2025-04-15,22:21:41.88,2025-04-15T18:21:41.8853376-04:00,2025-04-15T22:21:41.8853376Z,,v3,471300,471327,15 April 2025 15:00-jamesmad@georgemas,"Dowdell, Corey",1000098865,Right,JMU_DUK,a90a4b6f-8c12-4128-a31d-5e10aa0542ac,55.15535,-113.19758,11.44228,5.42578,5.94467,-18.73268,-1.45865,0.24847,5.01583,,,,,,,,,,,,,,,,,,,,,,,,,,,,,,,,,,,,,,,,,,,,,,,,,,,High,High,High,,,,,
321,2025-04-15,18:21:56.96,3,2,"Brooks, Tj",1000091209,Right,JMU_DUK,"Butler, Jake",1000176047,Right,GEO_PAT,Undefined,8,Bottom,2,1,0,Slider,Curveball,BallCalled,Undefined,Undefined,Undefined,0,0,,77.20685,2.739668,-0.636406,2574.278464,58.385597,8:00,5.43265,1.37389,5.37859,-63.82716,-13.74989,-25.92336,2.68428,-1.38304,68.06285,-8.945235,-5.246941,0.509321,,,,,,,,,,,,12.51875,-7.21469,-1.29865,50,5.6345,2.31944,-111.51929,3.08399,14.99921,29.1081,-40.81826,GEO_PAT,JMU_DUK,SpuhlerFieldMain,D1,A10,20250415-SpuhlerFieldMain-1,0b2a1480-1a48-11f0-b278-3921cf0bcfe8,74.00525,,,9.144,,,,,,,13017037-8ec2-4735-9dcb-0898b1439113,2025-04-15,22:21:56.96,2025-04-15T18:21:56.9669632-04:00,2025-04-15T22:21:56.9669632Z,,v3,471300,471327,15 April 2025 15:00-jamesmad@georgemas,"Dowdell, Corey",1000098865,Right,JMU_DUK,b84b704f-ffb8-4356-a3a2-0e09cb98be5f,55.1213,-112.8481,14.55405,5.45118,4.94739,-20.40913,-1.3889,1.63471,7.49961,,,,,,,,,,,,,,,,,,,,,,,,,,,,,,,,,,,,,,,,,,,,,,,,,,,High,High,High,,,,,
322,2025-04-15,18:22:14.21,3,3,"Brooks, Tj",1000091209,Right,JMU_DUK,"Butler, Jake",1000176047,Right,GEO_PAT,Undefined,8,Bottom,2,2,0,Fastball,Changeup,BallCalled,Undefined,Undefined,Undefined,0,0,,86.68765,-2.296917,-4.620781,2031.788553,252.774999,2:30,5.47347,1.39581,5.43198,-31.4088,7.65268,19.58371,0.69669,-1.30929,77.47392,-8.108715,-1.144738,0.449827,,,,,,,,,,,,-11.50729,5.10355,-0.99959,50,5.24779,9.24489,-125.05329,-6.14314,-17.73771,31.46624,-24.30729,GEO_PAT,JMU_DUK,SpuhlerFieldMain,D1,A10,20250415-SpuhlerFieldMain-1,15826540-1a48-11f0-b278-3921cf0bcfe8,83.79314,,,9.21374,,,,,,,13017037-8ec2-4735-9dcb-0898b1439113,2025-04-15,22:22:14.21,2025-04-15T18:22:14.2125568-04:00,2025-04-15T22:22:14.2125568Z,,v3,471300,471327,15 April 2025 15:00-jamesmad@georgemas,"Dowdell, Corey",1000098865,Right,JMU_DUK,66b03ea0-9c24-4f92-bc1b-081df86ce637,55.06791,-126.32206,15.73312,5.47573,-5.16304,-12.15365,-1.38677,9.9601,-8.86885,,,,,,,,,,,,,,,,,,,,,,,,,,,,,,,,,,,,,,,,,,,,,,,,,,,High,High,High,,,,,
323,2025-04-15,18:22:32.66,3,4,"Brooks, Tj",1000091209,Right,JMU_DUK,"Butler, Jake",1000176047,Right,GEO_PAT,Undefined,8,Bottom,2,3,0,Fastball,Sinker,StrikeCalled,Undefined,Undefined,Undefined,0,0,,88.02999,-0.448214,-3.279999,2244.237092,237.699085,2:00,5.37139,1.28001,5.81069,-25.15572,11.05638,15.66946,2.85757,-0.4678,80.44122,-5.14098,-0.476614,0.43311,,,,,,,,,,,,-8.87012,6.11477,-1.01997,50,5.31963,6.65118,-127.70206,-1.83438,-14.65664,26.14427,-22.07023,GEO_PAT,JMU_DUK,SpuhlerFieldMain,D1,A10,20250415-SpuhlerFieldMain-1,20636e00-1a48-11f0-b278-3921cf0bcfe8,87.02739,,,7.58877,,,,,,,13017037-8ec2-4735-9dcb-0898b1439113,2025-04-15,22:22:32.66,2025-04-15T18:22:32.6695936-04:00,2025-04-15T22:22:32.6695936Z,,v3,471300,471327,15 April 2025 15:00-jamesmad@georgemas,"Dowdell, Corey",1000098865,Right,JMU_DUK,b88890e8-eefb-4b01-8cd7-d9fe99b076e4,54.6912,-128.6589,13.07214,5.37199,-1.02664,-11.03512,-1.27321,7.1876,-7.32832,,,,,,,,,,,,,,,,,,,,,,,,,,,,,,,,,,,,,,,,,,,,,,,,,,,High,High,High,,,,,
324,2025-04-15,18:22:47.78,3,5,"Brooks, Tj",1000091209,Right,JMU_DUK,"Butler, Jake",1000176047,Right,GEO_PAT,Undefined,8,Bottom,2,3,1,Fastball,Sinker,InPlay,Undefined,FlyBall,HomeRun,0,1,,87.40413,-1.061052,-2.947014,2114.076081,228.630607,1:30,5.41764,1.36023,5.64679,-22.51706,15.07272,15.52477,2.55003,-0.0975,78.56428,-5.311867,-0.176859,0.441272,98.90025,33.048073,-15.116426,3323.008798,105.59732,66.14126,-30.80912,420.84565,420.84565,-19.505598,5.307943,-8.88182,8.39398,-1.12019,50,5.31351,5.85193,-126.56464,-3.06384,-14.15069,30.11442,-18.80064,GEO_PAT,JMU_DUK,SpuhlerFieldMain,D1,A10,20250415-SpuhlerFieldMain-1,2982a280-1a48-11f0-b278-3921cf0bcfe8,85.4177,97.09988,,8.83985,,,,2.72539,2.67755,0.08972,13017037-8ec2-4735-9dcb-0898b1439113,2025-04-15,22:22:47.78,2025-04-15T18:22:47.7808128-04:00,2025-04-15T22:22:47.7808128Z,FlyBall,v3,471300,471327,15 April 2025 15:00-jamesmad@georgemas,"Dowdell, Corey",1000098865,Right,JMU_DUK,3db1d3f5-8207-468c-8a2e-63a0b2821a60,54.85397,-127.71435,15.05721,5.41678,-2.34606,-9.40032,-1.35392,6.39218,-7.07534,164.65322,2.72894,117.29638,-23.40788,6.27489,-1.05662,0.06073,0.01453,-0.00293,0.00016,2.67292,79.19287,-18.38024,0.75859,0.00476,-0.02417,0.01135,-0.00221,0.00014,0.08919,-31.69555,2.50793,-0.5579,0.05807,0.00962,-0.00436,0.00057,-3E-05,,,,,,,,,,,,,,,,,,,,,,,High,High,High,High,High,,,
325,2025-04-15,18:23:36.05,4,1,"Brooks, Tj",1000091209,Right,JMU_DUK,"Alberti, Lucas",1000145512,Right,GEO_PAT,Undefined,8,Bottom,2,0,0,Fastball,Sinker,BallCalled,Undefined,Undefined,Undefined,0,0,,87.5667,0.885709,-3.400947,2168.637183,224.616467,1:30,5.42947,1.30635,5.90602,-21.716,15.95481,14.20359,4.44352,-0.6708,77.35713,-3.286304,-0.85769,0.441747,,,,,,,,,,,,-8.42067,8.22985,-1.04039,50,5.48867,6.89161,-126.54194,1.33015,-13.21873,33.48424,-19.25488,GEO_PAT,JMU_DUK,SpuhlerFieldMain,D1,A10,20250415-SpuhlerFieldMain-1,46308dc0-1a48-11f0-b278-3921cf0bcfe8,85.3258,,,10.20957,,,,,,,13017037-8ec2-4735-9dcb-0898b1439113,2025-04-15,22:23:36.05,2025-04-15T18:23:36.0551936-04:00,2025-04-15T22:23:36.0551936Z,,v3,471300,471327,15 April 2025 15:00-jamesmad@georgemas,"Dowdell, Corey",1000098865,Right,JMU_DUK,eca1642d-6913-4e4e-917a-b5fbfa2f2dab,54.58865,-127.75037,16.74212,5.42813,2.02505,-9.62744,-1.29771,7.36867,-6.60937,,,,,,,,,,,,,,,,,,,,,,,,,,,,,,,,,,,,,,,,,,,,,,,,,,,High,High,High,,,,,
326,2025-04-15,18:23:49.68,4,2,"Brooks, Tj",1000091209,Right,JMU_DUK,"Alberti, Lucas",1000145512,Right,GEO_PAT,Undefined,8,Bottom,2,1,0,Fastball,Sinker,StrikeSwinging,Undefined,Undefined,Undefined,0,0,,87.60551,-1.218072,-2.496142,2130.989342,224.274407,1:30,5.57224,1.28951,5.75357,-21.13159,16.36324,14.51843,2.67607,0.17411,78.24887,-5.243528,0.100762,0.440714,,,,,,,,,,,,-8.16874,9.14103,-1.09076,50,5.45847,4.88341,-126.77797,-3.33429,-12.98133,31.61471,-17.64757,GEO_PAT,JMU_DUK,SpuhlerFieldMain,D1,A10,20250415-SpuhlerFieldMain-1,4e575880-1a48-11f0-b278-3921cf0bcfe8,85.52585,,,9.35664,,,,,,,13017037-8ec2-4735-9dcb-0898b1439113,2025-04-15,22:23:49.68,2025-04-15T18:23:49.6803328-04:00,2025-04-15T22:23:49.6803328Z,,v3,471300,471327,15 April 2025 15:00-jamesmad@georgemas,"Dowdell, Corey",1000098865,Right,JMU_DUK,8db6158d-c092-4454-9e47-8a3530e2c431,54.74311,-127.95529,15.80735,5.5704,-2.6771,-8.82379,-1.28162,5.36683,-6.49066,,,,,,,,,,,,,,,,,,,,,,,,,,,,,,,,,,,,,,,,,,,,,,,,,,,High,High,High,,,,,
327,2025-04-15,18:24:04.86,4,3,"Brooks, Tj",1000091209,Right,JMU_DUK,"Alberti, Lucas",1000145512,Right,GEO_PAT,Undefined,8,Bottom,2,1,1,Slider,Curveball,BallCalled,Undefined,Undefined,Undefined,0,0,,77.22095,3.264149,0.36084,2627.07209,54.332587,7:45,5.46762,1.41106,5.76544,-58.44692,-10.09532,-16.66166,3.6385,0.35844,69.08808,-7.503032,-2.623012,0.500469,,,,,,,,,,,,8.49949,-5.62091,-1.43115,50,5.7038,-0.04994,-111.7896,4.44034,10.46268,25.26604,-39.09323,GEO_PAT,JMU_DUK,SpuhlerFieldMain,D1,A10,20250415-SpuhlerFieldMain-1,5767e700-1a48-11f0-b278-3921cf0bcfe8,75.3143,,,8.13286,,,,,,,13017037-8ec2-4735-9dcb-0898b1439113,2025-04-15,22:24:04.86,2025-04-15T18:24:04.8677376-04:00,2025-04-15T22:24:04.8677376Z,,v3,471300,471327,15 April 2025 15:00-jamesmad@georgemas,"Dowdell, Corey",1000098865,Right,JMU_DUK,9ff63d9a-2fa5-4f6d-a7d9-4c9d01175114,54.73601,-112.85493,12.63302,5.48182,6.08869,-19.54662,-1.41974,-0.4911,5.23134,,,,,,,,,,,,,,,,,,,,,,,,,,,,,,,,,,,,,,,,,,,,,,,,,,,High,High,High,,,,,
328,2025-04-15,18:24:19.90,4,4,"Brooks, Tj",1000091209,Right,JMU_DUK,"Alberti, Lucas",1000145512,Right,GEO_PAT,Undefined,8,Bottom,2,2,1,Slider,Curveball,BallCalled,Undefined,Undefined,Undefined,0,0,,78.46034,3.261876,0.538779,2631.58317,62.758341,8:00,5.42606,1.36617,4.61063,-54.87046,-6.74989,-16.2641,3.95874,0.52317,71.17911,-6.613778,-2.31094,0.499272,,,,,,,,,,,,8.04402,-3.7454,-1.40574,50,5.71145,-0.35308,-113.55167,4.36227,10.41286,22.45304,-37.0224,GEO_PAT,JMU_DUK,SpuhlerFieldMain,D1,A10,20250415-SpuhlerFieldMain-1,60592db0-1a48-11f0-b278-3921cf0bcfe8,75.49487,,,7.28123,,,,,,,13017037-8ec2-4735-9dcb-0898b1439113,2025-04-15,22:24:19.90,2025-04-15T18:24:19.9088128-04:00,2025-04-15T22:24:19.9088128Z,,v3,471300,471327,15 April 2025 15:00-jamesmad@georgemas,"Dowdell, Corey",1000098865,Right,JMU_DUK,21501a89-7afb-4559-80f0-bc2a0feeee38,55.89253,-114.71091,11.22652,5.43689,6.27372,-18.5112,-1.37364,-0.89069,5.20643,,,,,,,,,,,,,,,,,,,,,,,,,,,,,,,,,,,,,,,,,,,,,,,,,,,High,High,High,,,,,
329,2025-04-15,18:24:35.77,4,5,"Brooks, Tj",1000091209,Right,JMU_DUK,"Alberti, Lucas",1000145512,Right,GEO_PAT,Undefined,8,Bottom,2,3,1,Fastball,Sinker,FoulBallNotFieldable,Undefined,Undefined,Undefined,0,0,,86.98664,-0.577813,-2.5113,2264.541196,230.512473,1:45,5.58275,1.38037,5.828,-20.98261,16.52847,18.42643,3.2965,0.57976,78.43681,-4.564902,0.789076,0.44081,76.22244,5.708393,178.991871,1913.79999,,,,86.8561,44.43508,-178.490038,0.872146,-9.96953,8.96067,-1.18471,50,5.52309,4.70259,-126.0444,-1.89131,-15.84381,28.52132,-17.93357,GEO_PAT,JMU_DUK,SpuhlerFieldMain,D1,A10,20250415-SpuhlerFieldMain-1,69c76c90-1a48-11f0-b278-3921cf0bcfe8,85.50724,5.0105,,8.54984,,,,1.99754,3.27331,-0.48204,13017037-8ec2-4735-9dcb-0898b1439113,2025-04-15,22:24:35.77,2025-04-15T18:24:35.7788160-04:00,2025-04-15T22:24:35.7788160Z,GroundBall,v3,471300,471327,15 April 2025 15:00-jamesmad@georgemas,"Dowdell, Corey",1000098865,Right,JMU_DUK,860e36a9-d721-4b0c-90f1-1908884b4f23,54.6685,-127.0964,14.26066,5.58066,-1.22984,-8.96679,-1.36894,5.28699,-7.9219,280.166908,1.96306,-110.68262,10.22016,,,,,,,3.30922,10.56333,-16.50666,,,,,,,-0.45479,1.5302,-4.1981,,,,,,,,,,,,,,,,,,,,,,,,,,,,,High,High,High,High,Medium,,,
330,2025-04-15,18:24:54.66,4,6,"Brooks, Tj",1000091209,Right,JMU_DUK,"Alberti, Lucas",1000145512,Right,GEO_PAT,Undefined,8,Bottom,2,3,2,Slider,Curveball,BallCalled,Walk,Undefined,Undefined,0,0,,77.81554,3.422591,1.060652,2513.917209,60.994369,8:00,5.47242,1.39664,5.11699,-56.11038,-7.52012,-16.84025,4.02526,0.99261,69.79192,-6.798549,-1.917527,0.501702,,,,,,,,,,,,8.63949,-4.27646,-1.48293,50,5.75166,-1.37491,-112.52693,4.71098,10.84437,24.42545,-37.54191,GEO_PAT,JMU_DUK,SpuhlerFieldMain,D1,A10,20250415-SpuhlerFieldMain-1,7510fb20-1a48-11f0-b278-3921cf0bcfe8,75.1291,,,8.02362,,,,,,,13017037-8ec2-4735-9dcb-0898b1439113,2025-04-15,22:24:54.66,2025-04-15T18:24:54.6612224-04:00,2025-04-15T22:24:54.6612224Z,,v3,471300,471327,15 April 2025 15:00-jamesmad@georgemas,"Dowdell, Corey",1000098865,Right,JMU_DUK,09849bfe-cf8c-4447-9572-915b4634c03c,55.38446,-113.68969,12.21273,5.48486,6.49814,-18.77096,-1.40519,-1.89115,5.42219,,,,,,,,,,,,,,,,,,,,,,,,,,,,,,,,,,,,,,,,,,,,,,,,,,,High,High,High,,,,,
331,2025-04-15,18:25:28.91,5,1,"Brooks, Tj",1000091209,Right,JMU_DUK,"Wall, Jonny",1000119703,Right,GEO_PAT,Undefined,8,Bottom,2,0,0,Slider,Curveball,BallCalled,Undefined,Undefined,Undefined,0,0,,76.46457,3.870359,0.806145,2310.995036,67.462343,8:15,5.35753,1.46235,5.35492,-59.36326,-8.36327,-25.52123,4.04654,0.09173,67.21655,-7.047127,-3.725609,0.513992,,,,,,,,,,,,12.9265,-5.00099,-1.51643,50,5.66499,-0.4998,-110.32952,5.4229,15.23841,27.58756,-38.06948,GEO_PAT,JMU_DUK,SpuhlerFieldMain,D1,A10,20250415-SpuhlerFieldMain-1,897f8a90-1a48-11f0-b278-3921cf0bcfe8,73.33272,,,9.24802,,,,,,,13017037-8ec2-4735-9dcb-0898b1439113,2025-04-15,22:25:28.91,2025-04-15T18:25:28.9153024-04:00,2025-04-15T22:25:28.9153024Z,,v3,471300,471327,15 April 2025 15:00-jamesmad@georgemas,"Dowdell, Corey",1000098865,Right,JMU_DUK,88453c23-eec6-46aa-844d-d9c28ea08086,55.14421,-111.6084,13.79378,5.37269,7.18769,-19.03474,-1.47689,-1.2062,7.6192,,,,,,,,,,,,,,,,,,,,,,,,,,,,,,,,,,,,,,,,,,,,,,,,,,,High,High,High,,,,,
332,2025-04-15,18:25:45.89,5,2,"Brooks, Tj",1000091209,Right,JMU_DUK,"Wall, Jonny",1000119703,Right,GEO_PAT,Undefined,8,Bottom,2,1,0,Fastball,Sinker,FoulBallNotFieldable,Undefined,Undefined,Undefined,0,0,,86.5278,-0.175436,-2.057927,2019.176509,225.187111,1:30,5.44564,1.31429,5.85512,-24.47135,13.66997,12.30103,3.24324,0.42637,77.49322,-4.808728,0.147112,0.444498,95.68435,1.642148,-52.603617,3221.085247,,,,61.96443,59.29037,-51.482838,0.452474,-7.0267,7.45457,-1.15446,50,5.41738,3.99742,-125.38929,-1.14118,-10.93847,30.60334,-20.56949,GEO_PAT,JMU_DUK,SpuhlerFieldMain,D1,A10,20250415-SpuhlerFieldMain-1,93ab2600-1a48-11f0-b278-3921cf0bcfe8,84.79785,3.51646,,9.03458,,,,3.37465,3.3666,-0.51143,13017037-8ec2-4735-9dcb-0898b1439113,2025-04-15,22:25:45.89,2025-04-15T18:25:45.8990592-04:00,2025-04-15T22:25:45.8990592Z,GroundBall,v3,471300,471327,15 April 2025 15:00-jamesmad@georgemas,"Dowdell, Corey",1000098865,Right,JMU_DUK,901242db-1088-4f3c-9ed8-9683120d0525,54.64504,-126.51791,15.30167,5.44548,-0.3826,-10.28475,-1.30931,4.40082,-5.46924,,3.38528,84.88011,-15.69429,,,,,,,3.38324,3.52761,-24.39835,,,,,,,-0.51462,-111.35189,11.81671,,,,,,,,,,,,,,,,,,,,,,,,,,,,,High,High,High,High,High,,,
333,2025-04-15,18:26:08.43,5,3,"Brooks, Tj",1000091209,Right,JMU_DUK,"Wall, Jonny",1000119703,Right,GEO_PAT,Undefined,8,Bottom,2,1,1,Fastball,Sinker,StrikeCalled,Undefined,Undefined,Undefined,0,0,,87.69462,-1.49474,-3.107649,2146.439791,225.201677,1:30,5.56392,1.149,5.95839,-22.64497,13.45615,12.45284,2.28829,-0.69807,80.65429,-5.730977,-0.873084,0.432446,,,,,,,,,,,,-7.20225,7.63504,-0.90883,50,5.43222,6.40162,-127.29265,-4.03803,-11.88994,24.62341,-19.56963,GEO_PAT,JMU_DUK,SpuhlerFieldMain,D1,A10,20250415-SpuhlerFieldMain-1,a118a600-1a48-11f0-b278-3921cf0bcfe8,87.16108,,,7.04033,,,,,,,13017037-8ec2-4735-9dcb-0898b1439113,2025-04-15,22:26:08.43,2025-04-15T18:26:08.4334080-04:00,2025-04-15T22:26:08.4334080Z,,v3,471300,471327,15 April 2025 15:00-jamesmad@georgemas,"Dowdell, Corey",1000098865,Right,JMU_DUK,f86aac45-87e9-4e6e-bd0d-032b17bc36de,54.54427,-128.16868,12.31171,5.5635,-3.3418,-9.78482,-1.14411,6.82463,-5.94497,,,,,,,,,,,,,,,,,,,,,,,,,,,,,,,,,,,,,,,,,,,,,,,,,,,High,High,High,,,,,
334,2025-04-15,18:26:25.04,5,4,"Brooks, Tj",1000091209,Right,JMU_DUK,"Wall, Jonny",1000119703,Right,GEO_PAT,Undefined,8,Bottom,2,1,2,Fastball,Four-Seam,InPlay,Undefined,GroundBall,Out,1,0,,88.93952,-1.447901,-2.740858,2206.706755,220.815265,1:15,5.86302,0.97111,5.73153,-18.16489,17.91477,14.33686,2.99896,-0.38877,80.13324,-4.914229,-0.178514,0.432317,98.80272,1.743764,-12.793986,1260.900248,,,,85.74008,79.64242,-14.924209,0.61916,-8.22784,9.97469,-0.75159,50,5.73132,5.55661,-128.85438,-3.80603,-13.62565,30.52295,-15.65553,GEO_PAT,JMU_DUK,SpuhlerFieldMain,D1,A10,20250415-SpuhlerFieldMain-1,aafa4020-1a48-11f0-b278-3921cf0bcfe8,87.18696,3.4815,,8.80629,,,,2.71838,3.17888,0.34007,13017037-8ec2-4735-9dcb-0898b1439113,2025-04-15,22:26:25.04,2025-04-15T18:26:25.0409472-04:00,2025-04-15T22:26:25.0409472Z,GroundBall,v3,471300,471327,15 April 2025 15:00-jamesmad@georgemas,"Dowdell, Corey",1000098865,Right,JMU_DUK,94c939b8-d27c-4cb9-8903-f50e8b3b0a7a,54.76992,-129.97936,15.26148,5.86097,-3.22902,-7.82776,-0.96564,6.05882,-6.81283,92.584912,2.74643,140.63864,-18.26723,,,,,,,3.19056,4.15656,-15.06504,,,,,,,0.36148,-32.54354,-6.03411,,,,,,,,,,,,,,,,,,,,,,,,,,,,,High,High,High,High,High,,,
335,2025-04-15,18:28:38.41,1,1,"Yount, Britt",1000122819,Right,GEO_PAT,"Tone, Jackson",1000349742,Left,JMU_DUK,Undefined,9,Top,0,0,0,Fastball,Changeup,StrikeCalled,Undefined,Undefined,Undefined,0,0,,85.09118,-1.090442,-4.201076,2289.354836,245.352443,2:15,5.33124,1.92804,5.65647,-26.98501,13.18709,25.14521,2.06262,0.09831,75.67212,-6.176973,0.281455,0.456177,,,,,,,,,,,,-14.22312,7.53182,-1.5878,50,5.222,7.9526,-122.92454,-3.20377,-21.14014,30.85934,-20.97933,GEO_PAT,JMU_DUK,SpuhlerFieldMain,D1,A10,20250415-SpuhlerFieldMain-1,fa8cbbe0-1a48-11f0-b278-3921cf0bcfe8,82.62673,,,9.41906,,,,,,,13017037-8ec2-4735-9dcb-0898b1439113,2025-04-15,22:28:38.41,2025-04-15T18:28:38.4131584-04:00,2025-04-15T22:28:38.4131584Z,,v3,471300,471327,15 April 2025 15:00-jamesmad@georgemas,"Barenz, Nick",1000218914,Right,GEO_PAT,0c07b977-f0ee-4096-b411-f83659119f84,54.84296,-124.13438,15.42967,5.33148,-2.38128,-10.48967,-1.91583,8.78139,-10.57007,,,,,,,,,,,,,,,,,,,,,,,,,,,,,,,,,,,,,,,,,,,,,,,,,,,High,High,High,,,,,
336,2025-04-15,18:28:55.47,1,2,"Yount, Britt",1000122819,Right,GEO_PAT,"Tone, Jackson",1000349742,Left,JMU_DUK,Undefined,9,Top,0,0,1,Fastball,Changeup,BallCalled,Undefined,Undefined,Undefined,0,0,,86.26188,-0.440603,-1.747188,2242.429595,251.540282,2:30,5.33251,2.21614,5.349,-30.59789,8.60186,21.23048,2.36919,2.34594,77.23489,-6.11948,2.026524,0.450623,,,,,,,,,,,,-11.14489,4.91284,-2.07411,50,5.27153,2.84526,-124.87254,-2.05089,-17.18668,30.61645,-24.59792,GEO_PAT,JMU_DUK,SpuhlerFieldMain,D1,A10,20250415-SpuhlerFieldMain-1,04947ba0-1a49-11f0-b278-3921cf0bcfe8,83.64524,,,9.02699,,,,,,,13017037-8ec2-4735-9dcb-0898b1439113,2025-04-15,22:28:55.47,2025-04-15T18:28:55.4727936-04:00,2025-04-15T22:28:55.4727936Z,,v3,471300,471327,15 April 2025 15:00-jamesmad@georgemas,"Barenz, Nick",1000218914,Right,GEO_PAT,f7f9e0db-ad7f-4fae-8fa0-c8ce5f112ef4,55.14941,-126.12877,15.30823,5.33497,-1.04161,-12.29896,-2.20532,3.55044,-8.59334,,,,,,,,,,,,,,,,,,,,,,,,,,,,,,,,,,,,,,,,,,,,,,,,,,,High,High,High,,,,,
337,2025-04-15,18:29:13.78,1,3,"Yount, Britt",1000122819,Right,GEO_PAT,"Tone, Jackson",1000349742,Left,JMU_DUK,Undefined,9,Top,0,1,1,ChangeUp,Changeup,BallCalled,Undefined,Undefined,Undefined,0,0,,78.25453,0.288596,-1.561325,1917.709291,270.434014,3:00,5.2592,2.08622,5.31497,-45.68132,1.50398,20.16072,1.72341,2.30044,71.07117,-8.064515,2.023326,0.494396,,,,,,,,,,,,-10.55489,1.1711,-1.95967,50,5.25257,2.27719,-113.45643,-0.98653,-13.57512,23.33094,-30.66783,GEO_PAT,JMU_DUK,SpuhlerFieldMain,D1,A10,20250415-SpuhlerFieldMain-1,0f85d810-1a49-11f0-b278-3921cf0bcfe8,76.2394,,,7.18336,,,,,,,13017037-8ec2-4735-9dcb-0898b1439113,2025-04-15,22:29:13.78,2025-04-15T18:29:13.7805824-04:00,2025-04-15T22:29:13.7805824Z,,v3,471300,471327,15 April 2025 15:00-jamesmad@georgemas,"Barenz, Nick",1000218914,Right,GEO_PAT,24929f0e-c508-40e6-af6f-b9f76d8ba66e,55.18691,-114.51808,11.66547,5.26571,0.40899,-15.33391,-2.07734,2.89492,-6.78756,,,,,,,,,,,,,,,,,,,,,,,,,,,,,,,,,,,,,,,,,,,,,,,,,,,High,High,High,,,,,
338,2025-04-15,18:29:31.98,1,4,"Yount, Britt",1000122819,Right,GEO_PAT,"Tone, Jackson",1000349742,Left,JMU_DUK,Undefined,9,Top,0,2,1,Fastball,Changeup,BallCalled,Undefined,Undefined,Undefined,0,0,,84.17715,0.100101,-2.266857,2291.814062,257.332157,2:30,5.26614,2.15809,5.44877,-33.45029,7.51914,26.4858,2.57241,2.24174,75.4553,-6.106617,2.448423,0.460682,,,,,,,,,,,,-13.95784,4.22374,-1.97603,50,5.25254,3.66068,-121.88955,-0.94786,-20.52975,28.94551,-25.96162,GEO_PAT,JMU_DUK,SpuhlerFieldMain,D1,A10,20250415-SpuhlerFieldMain-1,1a5ad2e0-1a49-11f0-b278-3921cf0bcfe8,81.81877,,,8.72185,,,,,,,13017037-8ec2-4735-9dcb-0898b1439113,2025-04-15,22:29:31.98,2025-04-15T18:29:31.9849472-04:00,2025-04-15T22:29:31.9849472Z,,v3,471300,471327,15 April 2025 15:00-jamesmad@georgemas,"Barenz, Nick",1000218914,Right,GEO_PAT,9a3f5b23-22e1-4237-a7a6-4984c3291d9a,55.05098,-123.08318,14.47276,5.26955,0.12272,-12.98081,-2.14445,4.50726,-10.26488,,,,,,,,,,,,,,,,,,,,,,,,,,,,,,,,,,,,,,,,,,,,,,,,,,,High,High,High,,,,,
339,2025-04-15,18:29:53.54,1,5,"Yount, Britt",1000122819,Right,GEO_PAT,"Tone, Jackson",1000349742,Left,JMU_DUK,Undefined,9,Top,0,3,1,Fastball,Four-Seam,BallCalled,Walk,Undefined,Undefined,0,0,,84.32118,0.96399,-1.702604,2197.991088,221.245412,1:15,5.24896,2.02296,5.57066,-20.71564,19.26946,15.7391,4.42365,1.7436,76.48902,-2.962086,1.103209,0.455114,,,,,,,,,,,,-8.40185,9.82796,-1.88651,50,5.31878,2.96607,-122.30699,1.44715,-12.66261,25.25737,-17.36212,GEO_PAT,JMU_DUK,SpuhlerFieldMain,D1,A10,20250415-SpuhlerFieldMain-1,2737aba0-1a49-11f0-b278-3921cf0bcfe8,82.81974,,,7.83216,,,,,,,13017037-8ec2-4735-9dcb-0898b1439113,2025-04-15,22:29:53.54,2025-04-15T18:29:53.5481856-04:00,2025-04-15T22:29:53.5481856Z,,v3,471300,471327,15 April 2025 15:00-jamesmad@georgemas,"Barenz, Nick",1000218914,Right,GEO_PAT,4a602150-da81-4260-b855-c680b22d418a,54.92922,-123.32071,12.62868,5.24671,2.14399,-8.68106,-2.01576,3.47429,-6.3313,,,,,,,,,,,,,,,,,,,,,,,,,,,,,,,,,,,,,,,,,,,,,,,,,,,High,High,High,,,,,
340,2025-04-15,18:30:25.75,2,1,"Yount, Britt",1000122819,Right,GEO_PAT,"Moody, Reece",1000361026,Right,JMU_DUK,Undefined,9,Top,0,0,0,Fastball,Changeup,StrikeCalled,Undefined,Undefined,Undefined,0,0,,81.7301,0.495928,-4.702737,2187.691565,256.014023,2:30,5.25486,1.96842,5.63637,-35.56522,7.74473,24.36596,2.75537,-0.39862,73.14713,-6.122142,-0.365848,0.473658,,,,,,,,,,,,-13.86532,4.23894,-1.58328,50,5.27486,8.70868,-118.09572,-0.13625,-19.16831,26.91091,-26.31385,GEO_PAT,JMU_DUK,SpuhlerFieldMain,D1,A10,20250415-SpuhlerFieldMain-1,3a84c580-1a49-11f0-b278-3921cf0bcfe8,79.57727,,,8.58297,,,,,,,13017037-8ec2-4735-9dcb-0898b1439113,2025-04-15,22:30:25.75,2025-04-15T18:30:25.7591808-04:00,2025-04-15T22:30:25.7591808Z,,v3,471300,471327,15 April 2025 15:00-jamesmad@georgemas,"Barenz, Nick",1000218914,Right,GEO_PAT,cd88b9c9-8d4d-40f7-9819-8893d734f971,54.86402,-119.19895,13.45545,5.25833,0.9425,-13.15692,-1.95641,9.4945,-9.58416,,,,,,,,,,,,,,,,,,,,,,,,,,,,,,,,,,,,,,,,,,,,,,,,,,,High,High,High,,,,,
341,2025-04-15,18:30:46.39,2,2,"Yount, Britt",1000122819,Right,GEO_PAT,"Moody, Reece",1000361026,Right,JMU_DUK,Undefined,9,Top,0,0,1,Fastball,Changeup,FoulBallNotFieldable,Undefined,Undefined,Undefined,0,0,,83.9636,-0.696034,-4.180091,2299.210657,221.826365,1:30,5.2251,1.97795,5.71808,-20.87281,19.71001,16.31131,2.83553,-0.56376,75.59337,-4.674303,-1.272846,0.458503,,,,,,,,,,,,-9.67977,10.67993,-1.63829,50,5.15425,8.21874,-121.49065,-2.07635,-14.26098,26.97101,-16.43959,GEO_PAT,JMU_DUK,SpuhlerFieldMain,D1,A10,20250415-SpuhlerFieldMain-1,46cf2240-1a49-11f0-b278-3921cf0bcfe8,82.20755,,,8.37024,,,,,,,13017037-8ec2-4735-9dcb-0898b1439113,2025-04-15,22:30:46.39,2025-04-15T18:30:46.3959040-04:00,2025-04-15T22:30:46.3959040Z,,v3,471300,471327,15 April 2025 15:00-jamesmad@georgemas,"Barenz, Nick",1000218914,Right,GEO_PAT,6eed229d-d14e-4c65-97ea-efce155d03e6,54.78322,-122.54793,13.48551,5.22301,-1.43191,-8.2198,-1.97143,8.77778,-7.13049,,,,,,,,,,,,,,,,,,,,,,,,,,,,,,,,,,,,,,,,,,,,,,,,,,,High,High,High,,,,,
342,2025-04-15,18:31:14.62,2,3,"Yount, Britt",1000122819,Right,GEO_PAT,"Moody, Reece",1000361026,Right,JMU_DUK,Undefined,9,Top,0,0,2,Fastball,Changeup,BallCalled,Undefined,Undefined,Undefined,0,0,,84.40105,1.963567,-3.456746,2346.184486,224.607485,1:30,5.32968,1.98403,5.81244,-24.29627,15.84367,14.17654,5.13501,-0.05302,75.56885,-2.647336,-0.923971,0.455995,,,,,,,,,,,,-8.26733,7.83351,-1.7084,50,5.47682,6.77358,-122.08108,3.47486,-12.26857,27.77504,-20.5493,GEO_PAT,JMU_DUK,SpuhlerFieldMain,D1,A10,20250415-SpuhlerFieldMain-1,57893530-1a49-11f0-b278-3921cf0bcfe8,82.65982,,,8.8322,,,,,,,13017037-8ec2-4735-9dcb-0898b1439113,2025-04-15,22:31:14.62,2025-04-15T18:31:14.6262016-04:00,2025-04-15T22:31:14.6262016Z,,v3,471300,471327,15 April 2025 15:00-jamesmad@georgemas,"Barenz, Nick",1000218914,Right,GEO_PAT,8875dea8-8d46-43f5-be54-8c7b903e82da,54.68485,-123.14233,13.88752,5.32905,4.26002,-10.27465,-1.97616,7.24235,-6.13428,,,,,,,,,,,,,,,,,,,,,,,,,,,,,,,,,,,,,,,,,,,,,,,,,,,High,High,High,,,,,
343,2025-04-15,18:31:32.12,2,4,"Yount, Britt",1000122819,Right,GEO_PAT,"Moody, Reece",1000361026,Right,JMU_DUK,Undefined,9,Top,0,1,2,Slider,Curveball,InPlay,Undefined,GroundBall,Single,0,0,,71.69384,1.394229,-0.552293,2379.147151,92.310629,9:00,5.33801,2.08903,4.92013,-54.43751,2.9898,-22.25249,2.12011,-0.28755,64.90628,-8.502015,-4.47566,0.545419,66.04644,1.280809,-43.578052,2272.984715,,,,43.63981,40.35059,-42.444316,0.449276,10.88784,1.53453,-2.01522,50,5.42891,1.84123,-103.81989,0.76462,11.64284,20.66285,-30.53309,GEO_PAT,JMU_DUK,SpuhlerFieldMain,D1,A10,20250415-SpuhlerFieldMain-1,62189b80-1a49-11f0-b278-3921cf0bcfe8,69.10725,2.581,,6.78757,,,,3.22094,2.51542,0.09984,13017037-8ec2-4735-9dcb-0898b1439113,2025-04-15,22:31:32.12,2025-04-15T18:31:32.1241088-04:00,2025-04-15T22:31:32.1241088Z,GroundBall,v3,471300,471327,15 April 2025 15:00-jamesmad@georgemas,"Barenz, Nick",1000218914,Right,GEO_PAT,c7f7f07d-36d5-41e7-94e5-6cf3a924b3e4,55.58241,-104.92505,10.33142,5.34434,2.3977,-15.26655,-2.09704,1.21851,5.82142,,3.22795,69.94795,-12.17366,,,,,,,2.52125,1.99216,-16.95277,,,,,,,0.10167,-66.81317,2.29277,,,,,,,,,,,,,,,,,,,,,,,,,,,,,High,High,High,High,High,,,
344,2025-04-15,18:32:52.00,3,1,"Yount, Britt",1000122819,Right,GEO_PAT,"Anderson, Jack",1000133893,Right,JMU_DUK,Undefined,9,Top,0,0,0,Fastball,Changeup,StrikeCalled,Undefined,Undefined,Undefined,0,0,,81.98326,0.283037,-4.527908,2245.857774,241.864362,2:00,5.19024,2.02033,6.06846,-27.33584,15.303,25.34667,3.17502,-0.06658,72.73483,-4.934049,0.019938,0.469974,,,,,,,,,,,,-14.55166,8.24367,-1.68135,50,5.198,8.36581,-118.47103,-0.17441,-20.08111,28.75073,-20.79791,GEO_PAT,JMU_DUK,SpuhlerFieldMain,D1,A10,20250415-SpuhlerFieldMain-1,91ae4f20-1a49-11f0-b278-3921cf0bcfe8,80.20107,,,9.24843,,,,,,,13017037-8ec2-4735-9dcb-0898b1439113,2025-04-15,22:32:52.00,2025-04-15T18:32:52.0098304-04:00,2025-04-15T22:32:52.0098304Z,,v3,471300,471327,15 April 2025 15:00-jamesmad@georgemas,"Barenz, Nick",1000218914,Right,GEO_PAT,f925cd62-cd2d-47b3-af39-d50cf8f40674,54.42974,-119.54121,14.37537,5.19008,0.59974,-10.39895,-2.00666,9.11328,-10.04056,,,,,,,,,,,,,,,,,,,,,,,,,,,,,,,,,,,,,,,,,,,,,,,,,,,High,High,High,,,,,
345,2025-04-15,18:33:09.66,3,2,"Yount, Britt",1000122819,Right,GEO_PAT,"Anderson, Jack",1000133893,Right,JMU_DUK,Undefined,9,Top,0,0,1,Fastball,Changeup,StrikeCalled,Undefined,Undefined,Undefined,0,0,,83.37028,-1.412461,-4.946585,2220.979774,235.611212,1:45,5.13283,2.0364,6.08775,-23.47131,17.8069,23.50722,1.86504,-0.59226,74.03259,-5.919725,-0.73031,0.462415,,,,,,,,,,,,-13.79276,10.13804,-1.66541,50,5.01119,9.46582,-120.36486,-3.60717,-19.64692,29.68049,-17.73304,GEO_PAT,JMU_DUK,SpuhlerFieldMain,D1,A10,20250415-SpuhlerFieldMain-1,9c31f5a0-1a49-11f0-b278-3921cf0bcfe8,81.51217,,,9.33768,,,,,,,13017037-8ec2-4735-9dcb-0898b1439113,2025-04-15,22:33:09.66,2025-04-15T18:33:09.6683520-04:00,2025-04-15T22:33:09.6683520Z,,v3,471300,471327,15 April 2025 15:00-jamesmad@georgemas,"Barenz, Nick",1000218914,Right,GEO_PAT,a7d3de30-82f4-4765-a77b-be27d5b5bd8b,54.41026,-121.44751,14.84024,5.13097,-2.96033,-8.86652,-2.02377,10.18248,-9.82346,,,,,,,,,,,,,,,,,,,,,,,,,,,,,,,,,,,,,,,,,,,,,,,,,,,High,High,High,,,,,
346,2025-04-15,18:33:26.20,3,3,"Yount, Britt",1000122819,Right,GEO_PAT,"Anderson, Jack",1000133893,Right,JMU_DUK,Undefined,9,Top,0,0,2,Fastball,Changeup,StrikeCalled,Strikeout,Undefined,Undefined,0,0,,83.39586,0.049354,-4.736364,2325.390759,236.885758,2:00,5.1738,1.98413,6.07729,-25.86446,14.96375,20.55891,3.06426,-0.69522,74.68519,-4.866104,-1.049902,0.459887,,,,,,,,,,,,-12.09453,8.12008,-1.62733,50,5.16407,9.16876,-120.5887,-0.63128,-17.46823,27.63568,-20.44615,GEO_PAT,JMU_DUK,SpuhlerFieldMain,D1,A10,20250415-SpuhlerFieldMain-1,a612cc70-1a49-11f0-b278-3921cf0bcfe8,81.96016,,,8.71066,,,,,,,13017037-8ec2-4735-9dcb-0898b1439113,2025-04-15,22:33:26.20,2025-04-15T18:33:26.2069248-04:00,2025-04-15T22:33:26.2069248Z,,v3,471300,471327,15 April 2025 15:00-jamesmad@georgemas,"Barenz, Nick",1000218914,Right,GEO_PAT,de9f6150-facd-42c7-9b01-fe799da577dd,54.4221,-121.5979,13.81784,5.17348,0.11538,-10.22307,-1.9738,9.80666,-8.73411,,,,,,,,,,,,,,,,,,,,,,,,,,,,,,,,,,,,,,,,,,,,,,,,,,,High,High,High,,,,,
347,2025-04-15,18:33:54.75,4,1,"Yount, Britt",1000122819,Right,GEO_PAT,"Dooley, Ryan",1000244290,Left,JMU_DUK,Undefined,9,Top,1,0,0,Fastball,Changeup,BallCalled,Undefined,Undefined,Undefined,0,0,,84.94933,1.028263,-2.874897,2156.802933,238.089686,2:00,5.1632,2.05631,5.81512,-25.38911,13.89501,20.116,4.0049,1.05709,76.67191,-3.757836,0.724802,0.451107,,,,,,,,,,,,-11.09552,7.16075,-1.83241,50,5.23266,5.34534,-123.12817,1.42954,-16.84769,26.93582,-21.30095,GEO_PAT,JMU_DUK,SpuhlerFieldMain,D1,A10,20250415-SpuhlerFieldMain-1,b6f61240-1a49-11f0-b278-3921cf0bcfe8,83.55536,,,8.27742,,,,,,,13017037-8ec2-4735-9dcb-0898b1439113,2025-04-15,22:33:54.75,2025-04-15T18:33:54.7507712-04:00,2025-04-15T22:33:54.7507712Z,,v3,471300,471327,15 April 2025 15:00-jamesmad@georgemas,"Barenz, Nick",1000218914,Right,GEO_PAT,12ce4788-8a6b-4a4a-8238-0ae33b5d36d8,54.68549,-124.14894,13.46791,5.1632,2.23678,-10.65048,-2.04708,5.98382,-8.42385,,,,,,,,,,,,,,,,,,,,,,,,,,,,,,,,,,,,,,,,,,,,,,,,,,,High,High,High,,,,,
348,2025-04-15,18:34:13.31,4,2,"Yount, Britt",1000122819,Right,GEO_PAT,"Dooley, Ryan",1000244290,Left,JMU_DUK,Undefined,9,Top,1,1,0,Fastball,Changeup,StrikeCalled,Undefined,Undefined,Undefined,0,0,,81.82653,-0.962051,-4.456929,2296.379626,235.747578,1:45,5.17543,2.04879,5.81474,-25.73332,17.8291,23.38458,2.1336,-0.15532,72.15563,-5.885869,-0.279749,0.475037,,,,,,,,,,,,-13.53725,9.95871,-1.69652,50,5.08163,8.23934,-118.07165,-2.70851,-18.41259,30.11564,-18.62881,GEO_PAT,JMU_DUK,SpuhlerFieldMain,D1,A10,20250415-SpuhlerFieldMain-1,c22932a0-1a49-11f0-b278-3921cf0bcfe8,79.34633,,,9.6709,,,,,,,13017037-8ec2-4735-9dcb-0898b1439113,2025-04-15,22:34:13.31,2025-04-15T18:34:13.3183488-04:00,2025-04-15T22:34:13.3183488Z,,v3,471300,471327,15 April 2025 15:00-jamesmad@georgemas,"Barenz, Nick",1000218914,Right,GEO_PAT,6665f977-5310-4f02-9573-dc2bbc4360a0,54.68179,-119.25982,15.05782,5.17399,-1.97354,-9.31441,-2.03593,8.96578,-9.2063,,,,,,,,,,,,,,,,,,,,,,,,,,,,,,,,,,,,,,,,,,,,,,,,,,,High,High,High,,,,,
349,2025-04-15,18:34:32.96,4,3,"Yount, Britt",1000122819,Right,GEO_PAT,"Dooley, Ryan",1000244290,Left,JMU_DUK,Undefined,9,Top,1,1,1,Fastball,Changeup,InPlay,Undefined,GroundBall,Single,0,1,,83.30216,0.685085,-3.797354,2223.152796,238.123637,2:00,5.22134,2.18042,5.93714,-24.40383,17.24316,24.90407,3.82471,0.72759,73.51128,-4.003931,0.664797,0.464476,67.24475,9.785031,28.224076,2650.007024,,,,92.94606,91.5005,29.659904,1.035618,-14.22402,9.04363,-1.89119,50,5.26284,6.989,-120.41171,0.7646,-20.15472,30.97301,-19.35967,GEO_PAT,JMU_DUK,SpuhlerFieldMain,D1,A10,20250415-SpuhlerFieldMain-1,cdd4de60-1a49-11f0-b278-3921cf0bcfe8,81.15047,7.31789,,9.79088,,,,3.13149,3.95196,-0.69349,13017037-8ec2-4735-9dcb-0898b1439113,2025-04-15,22:34:32.96,2025-04-15T18:34:32.9667072-04:00,2025-04-15T22:34:32.9667072Z,GroundBall,v3,471300,471327,15 April 2025 15:00-jamesmad@georgemas,"Barenz, Nick",1000218914,Right,GEO_PAT,053c3098-5de9-4278-be3b-68647a8b1c59,54.5621,-121.57953,15.4865,5.22025,1.49455,-9.67984,-2.16904,7.74893,-10.07736,296.852543,3.13149,85.63519,-12.15213,2.19556,-0.46048,0.07634,-0.0148,0.00245,-0.00021,3.95196,16.7616,-21.58518,2.00027,-0.39939,0.07599,-0.01288,0.0024,-0.00029,-0.69349,45.96353,-0.36453,-0.64957,0.22605,-0.06196,0.01333,-0.0026,0.00029,,,,,,,,,,,,,,,,,,,,,,,High,High,High,High,High,,,
350,2025-04-15,18:35:41.67,5,1,"Yount, Britt",1000122819,Right,GEO_PAT,"Guerrero, Jack",1000116120,Left,JMU_DUK,Undefined,9,Top,1,0,0,Fastball,Changeup,StrikeCalled,Undefined,Undefined,Undefined,0,0,,81.48527,0.524526,-4.354652,2259.596085,237.858811,2:00,5.18124,2.14053,6.17274,-27.05895,15.44572,22.05167,3.41222,-0.05171,73.07952,-4.624736,-0.39033,0.469234,,,,,,,,,,,,-12.72792,8.25162,-1.82071,50,5.2074,8.12368,-117.92071,0.34272,-17.60505,26.11824,-20.76053,GEO_PAT,JMU_DUK,SpuhlerFieldMain,D1,A10,20250415-SpuhlerFieldMain-1,f6b24b60-1a49-11f0-b278-3921cf0bcfe8,80.32757,,,8.40575,,,,,,,13017037-8ec2-4735-9dcb-0898b1439113,2025-04-15,22:35:41.67,2025-04-15T18:35:41.6758784-04:00,2025-04-15T22:35:41.6758784Z,,v3,471300,471327,15 April 2025 15:00-jamesmad@georgemas,"Barenz, Nick",1000218914,Right,GEO_PAT,21269666-b7c4-43f7-bb88-8823b518c749,54.32672,-118.87518,13.05912,5.18102,1.10139,-10.38026,-2.12934,8.76704,-8.80253,,,,,,,,,,,,,,,,,,,,,,,,,,,,,,,,,,,,,,,,,,,,,,,,,,,High,High,High,,,,,
351,2025-04-15,18:35:59.08,5,2,"Yount, Britt",1000122819,Right,GEO_PAT,"Guerrero, Jack",1000116120,Left,JMU_DUK,Undefined,9,Top,1,0,1,ChangeUp,Changeup,BallCalled,Undefined,Undefined,Undefined,0,0,,77.14589,-2.456903,-5.745865,1879.753881,234.901239,1:45,5.08335,2.01169,5.90832,-31.88391,15.68773,19.97576,0.13281,-1.67523,70.44324,-8.393064,-2.180504,0.496416,,,,,,,,,,,,-11.9993,9.23237,-1.56059,50,4.8667,10.50065,-111.42908,-5.70313,-15.01691,20.88662,-20.61987,GEO_PAT,JMU_DUK,SpuhlerFieldMain,D1,A10,20250415-SpuhlerFieldMain-1,012eed00-1a4a-11f0-b278-3921cf0bcfe8,75.92919,,,6.70265,,,,,,,13017037-8ec2-4735-9dcb-0898b1439113,2025-04-15,22:35:59.08,2025-04-15T18:35:59.0857216-04:00,2025-04-15T22:35:59.0857216Z,,v3,471300,471327,15 April 2025 15:00-jamesmad@georgemas,"Barenz, Nick",1000218914,Right,GEO_PAT,eee64365-4cc8-4349-987f-a54b66fe715b,54.59495,-112.28707,10.44331,5.08358,-4.8561,-10.30994,-2.00461,11.11752,-7.50845,,,,,,,,,,,,,,,,,,,,,,,,,,,,,,,,,,,,,,,,,,,,,,,,,,,High,High,High,,,,,
352,2025-04-15,18:36:26.34,5,3,"Yount, Britt",1000122819,Right,GEO_PAT,"Guerrero, Jack",1000116120,Left,JMU_DUK,Undefined,9,Top,1,1,1,Fastball,Changeup,FoulBallNotFieldable,Undefined,Undefined,Undefined,0,0,,81.12486,-0.450084,-3.413349,2162.812239,249.798154,2:15,5.14143,2.21869,5.78547,-33.88982,9.0691,20.69324,1.89777,0.7636,73.8551,-6.741292,0.289291,0.471735,,,,,,,,,,,,-11.62886,5.16717,-1.94984,50,5.08386,6.21819,-117.6258,-1.99094,-16.1793,23.75616,-24.98493,GEO_PAT,JMU_DUK,SpuhlerFieldMain,D1,A10,20250415-SpuhlerFieldMain-1,116db570-1a4a-11f0-b278-3921cf0bcfe8,79.90173,,,7.26976,,,,,,,13017037-8ec2-4735-9dcb-0898b1439113,2025-04-15,22:36:26.34,2025-04-15T18:36:26.3422464-04:00,2025-04-15T22:36:26.3422464Z,,v3,471300,471327,15 April 2025 15:00-jamesmad@georgemas,"Barenz, Nick",1000218914,Right,GEO_PAT,d5cbbaaf-cb5d-4dc1-ab24-527b9f3df353,54.71782,-118.5748,11.87808,5.14346,-0.99286,-12.49246,-2.21115,6.86452,-8.08965,,,,,,,,,,,,,,,,,,,,,,,,,,,,,,,,,,,,,,,,,,,,,,,,,,,High,High,High,,,,,
353,2025-04-15,18:36:51.47,5,4,"Yount, Britt",1000122819,Right,GEO_PAT,"Guerrero, Jack",1000116120,Left,JMU_DUK,Undefined,9,Top,1,1,2,ChangeUp,Changeup,FoulBallNotFieldable,Undefined,Undefined,Undefined,0,0,,75.28718,-0.080346,-3.890707,1908.429202,243.781508,2:15,5.13617,2.20184,5.73246,-37.59632,13.71891,23.47647,1.92815,0.52913,66.88244,-7.145401,0.302235,0.515578,,,,,,,,,,,,-13.44761,7.58091,-1.89195,50,5.10691,6.53101,-108.7923,-1.22171,-15.5834,24.96743,-23.38909,GEO_PAT,JMU_DUK,SpuhlerFieldMain,D1,A10,20250415-SpuhlerFieldMain-1,20697690-1a4a-11f0-b278-3921cf0bcfe8,73.10713,,,8.40474,,,,,,,13017037-8ec2-4735-9dcb-0898b1439113,2025-04-15,22:36:51.47,2025-04-15T18:36:51.4790912-04:00,2025-04-15T22:36:51.4790912Z,,v3,471300,471327,15 April 2025 15:00-jamesmad@georgemas,"Barenz, Nick",1000218914,Right,GEO_PAT,0bb89c57-39b3-4729-982a-bb0e8ca24251,54.76699,-109.88086,12.48372,5.13795,-0.20196,-11.69454,-2.19151,7.21044,-7.7917,,,,,,,,,,,,,,,,,,,,,,,,,,,,,,,,,,,,,,,,,,,,,,,,,,,High,High,High,,,,,
354,2025-04-15,18:37:27.40,5,5,"Yount, Britt",1000122819,Right,GEO_PAT,"Guerrero, Jack",1000116120,Left,JMU_DUK,Undefined,9,Top,1,1,2,ChangeUp,Changeup,FoulBallNotFieldable,Undefined,Undefined,Undefined,0,0,,79.47232,0.418806,-3.163724,2147.323444,232.75626,1:45,5.16284,2.17563,6.12019,-28.37604,15.99946,18.99714,3.18598,0.83071,71.85745,-4.955425,0.254484,0.479449,67.95549,68.00395,-148.846621,4484.67726,,,,,18.73656,,,-10.82918,8.57709,-1.94294,50,5.18026,5.67603,-115.24412,0.07062,-14.39325,23.75701,-20.77407,GEO_PAT,JMU_DUK,SpuhlerFieldMain,D1,A10,20250415-SpuhlerFieldMain-1,35d4b580-1a4a-11f0-b278-3921cf0bcfe8,78.61608,43.65941,,7.61486,,,,2.37748,3.23669,-0.81695,13017037-8ec2-4735-9dcb-0898b1439113,2025-04-15,22:37:27.40,2025-04-15T18:37:27.4034688-04:00,2025-04-15T22:37:27.4034688Z,,v3,471300,471327,15 April 2025 15:00-jamesmad@georgemas,"Barenz, Nick",1000218914,Right,GEO_PAT,00d3570e-6cbf-4d84-9ea5-ea35dcbc9ed2,54.38152,-116.14384,11.87851,5.16268,0.85737,-10.38703,-2.16823,6.22113,-7.19662,357.178743,2.37748,-31.94668,-3.09973,1.51548,1.13205,-6.35346,13.33169,-13.28872,5.03521,3.23669,92.41284,-29.86205,3.79723,0.18643,-3.59896,7.4448,-7.08411,2.50358,-0.81695,-19.3122,-2.9915,1.49439,1.1269,-6.31883,13.26082,-13.22067,5.01077,,,,,,,,,,,,,,,,,,,,,,,High,High,High,High,Undefined,,,
355,2025-04-15,18:37:52.88,5,6,"Yount, Britt",1000122819,Right,GEO_PAT,"Guerrero, Jack",1000116120,Left,JMU_DUK,Undefined,9,Top,1,1,2,ChangeUp,Changeup,BallCalled,Undefined,Undefined,Undefined,0,0,,76.2766,-1.402189,-4.944235,1771.813685,246.472062,2:15,5.07441,2.04285,5.85093,-39.02136,11.40737,20.93485,0.51451,-0.81847,67.278,-8.729868,-1.201705,0.511105,,,,,,,,,,,,-12.77572,6.99115,-1.65252,50,4.93769,8.73803,-109.9471,-3.81459,-14.95945,27.36142,-23.98788,GEO_PAT,JMU_DUK,SpuhlerFieldMain,D1,A10,20250415-SpuhlerFieldMain-1,45060590-1a4a-11f0-b278-3921cf0bcfe8,73.74689,,,8.9986,,,,,,,13017037-8ec2-4735-9dcb-0898b1439113,2025-04-15,22:37:52.88,2025-04-15T18:37:52.8843264-04:00,2025-04-15T22:37:52.8843264Z,,v3,471300,471327,15 April 2025 15:00-jamesmad@georgemas,"Barenz, Nick",1000218914,Right,GEO_PAT,b2f97b71-86ce-466b-b239-c13c065dcb9e,54.64742,-111.09764,13.68071,5.07689,-2.80591,-11.99394,-2.03318,9.36706,-7.47972,,,,,,,,,,,,,,,,,,,,,,,,,,,,,,,,,,,,,,,,,,,,,,,,,,,High,High,High,,,,,
356,2025-04-15,18:38:18.73,5,7,"Yount, Britt",1000122819,Right,GEO_PAT,"Guerrero, Jack",1000116120,Left,JMU_DUK,Undefined,9,Top,1,2,2,Fastball,Changeup,StrikeSwinging,Strikeout,Undefined,Undefined,0,0,,82.30514,0.151365,-4.239639,2207.118512,241.851446,2:00,5.15498,2.17726,6.13974,-29.47738,11.42611,18.95926,2.83882,-0.16831,75.33469,-5.366803,-0.832006,0.460311,,,,,,,,,,,,-10.92048,6.25181,-1.86279,50,5.15126,8.12958,-119.36705,-0.55407,-15.79374,22.46335,-23.13237,GEO_PAT,JMU_DUK,SpuhlerFieldMain,D1,A10,20250415-SpuhlerFieldMain-1,5450aa00-1a4a-11f0-b278-3921cf0bcfe8,81.88471,,,6.97045,,,,,,,13017037-8ec2-4735-9dcb-0898b1439113,2025-04-15,22:38:18.73,2025-04-15T18:38:18.7354624-04:00,2025-04-15T22:38:18.7354624Z,,v3,471300,471327,15 April 2025 15:00-jamesmad@georgemas,"Barenz, Nick",1000218914,Right,GEO_PAT,c51e0492-efe2-40ff-883c-e7752f315fe9,54.36311,-120.18533,11.23167,5.1561,0.28858,-11.56618,-2.16941,8.70491,-7.89687,,,,,,,,,,,,,,,,,,,,,,,,,,,,,,,,,,,,,,,,,,,,,,,,,,,High,High,High,,,,,
357,2025-04-15,18:39:35.26,6,1,"Yount, Britt",1000122819,Right,GEO_PAT,"Fleck, Maddux",1000332432,Left,JMU_DUK,Undefined,9,Top,2,0,0,Fastball,Changeup,StrikeCalled,Undefined,Undefined,Undefined,0,0,,81.51411,-0.361622,-4.114633,2178.50323,252.224135,2:30,5.12804,2.12039,5.87435,-35.14309,8.31497,20.36241,1.86268,-0.01118,72.53376,-6.946308,-0.469166,0.474468,,,,,,,,,,,,-11.90674,4.87827,-1.79881,50,5.07876,7.66505,-117.81258,-1.83708,-16.22446,28.73636,-25.52676,GEO_PAT,JMU_DUK,SpuhlerFieldMain,D1,A10,20250415-SpuhlerFieldMain-1,82047e40-1a4a-11f0-b278-3921cf0bcfe8,79.44156,,,8.98035,,,,,,,13017037-8ec2-4735-9dcb-0898b1439113,2025-04-15,22:39:35.26,2025-04-15T18:39:35.2614912-04:00,2025-04-15T22:39:35.2614912Z,,v3,471300,471327,15 April 2025 15:00-jamesmad@georgemas,"Barenz, Nick",1000218914,Right,GEO_PAT,b2e4a5af-d30a-4765-a821-7993b668f5f5,54.62482,-118.9353,14.36818,5.13105,-0.83975,-12.76338,-2.11066,8.29893,-8.11223,,,,,,,,,,,,,,,,,,,,,,,,,,,,,,,,,,,,,,,,,,,,,,,,,,,High,High,High,,,,,
358,2025-04-15,18:39:52.02,6,2,"Yount, Britt",1000122819,Right,GEO_PAT,"Fleck, Maddux",1000332432,Left,JMU_DUK,Undefined,9,Top,2,0,1,ChangeUp,Changeup,InPlay,Undefined,Popup,Single,0,2,,78.08508,-0.13312,-3.454061,1948.296115,250.893327,2:15,5.0947,2.21385,5.68469,-37.53471,9.7539,22.85844,1.8425,0.89509,70.04206,-7.127071,0.62864,0.494937,64.39529,24.905653,-10.536389,3192.688655,106.09031,28.73006,-29.06558,192.76588,191.97459,-18.405099,2.889262,-12.85698,5.49307,-1.93757,50,5.06024,5.94816,-113.00866,-1.4096,-16.23829,25.07672,-25.23632,GEO_PAT,JMU_DUK,SpuhlerFieldMain,D1,A10,20250415-SpuhlerFieldMain-1,8c01ddc0-1a4a-11f0-b278-3921cf0bcfe8,76.15606,28.84022,,8.04303,,,,2.54571,2.0108,-0.87594,13017037-8ec2-4735-9dcb-0898b1439113,2025-04-15,22:39:52.02,2025-04-15T18:39:52.0209920-04:00,2025-04-15T22:39:52.0209920Z,LineDrive,v3,471300,471327,15 April 2025 15:00-jamesmad@georgemas,"Barenz, Nick",1000218914,Right,GEO_PAT,b81cb208-b648-4ffe-a8ac-5d5689e2154e,54.81657,-114.07246,12.53836,5.09733,-0.33904,-12.61816,-2.20451,6.63701,-8.11914,138.224319,2.54548,84.22913,-12.59415,2.91519,-0.7775,0.28529,-0.1007,0.02153,-0.00186,2.01109,39.7607,-15.31684,0.30452,0.24221,-0.19337,0.08067,-0.01604,0.00118,-0.87603,-15.6599,-3.58847,1.15879,-0.30468,0.07186,-0.01755,0.00332,-0.00028,,,,,,,,,,,,,,,,,,,,,,,High,High,High,High,High,,,
359,2025-04-15,18:41:10.15,7,1,"Yount, Britt",1000122819,Right,GEO_PAT,"Poole, Nicholas",1000281759,Right,JMU_DUK,Undefined,9,Top,2,0,0,Fastball,Changeup,BallCalled,Undefined,Undefined,Undefined,0,0,,81.88854,-1.350228,-2.472872,2167.707445,248.787108,2:15,5.11321,2.2495,5.77151,-34.23297,7.95544,16.80166,1.00248,1.34685,74.66595,-7.683961,0.537705,0.467485,,,,,,,,,,,,-9.3756,4.8615,-2.05546,50,4.98069,4.47884,-118.77946,-3.89747,-13.28414,24.49873,-25.28586,GEO_PAT,JMU_DUK,SpuhlerFieldMain,D1,A10,20250415-SpuhlerFieldMain-1,ba94a050-1a4a-11f0-b278-3921cf0bcfe8,80.62804,,,7.22259,,,,,,,13017037-8ec2-4735-9dcb-0898b1439113,2025-04-15,22:41:10.15,2025-04-15T18:41:10.1514240-04:00,2025-04-15T22:41:10.1514240Z,,v3,471300,471327,15 April 2025 15:00-jamesmad@georgemas,"Barenz, Nick",1000218914,Right,GEO_PAT,9b14d946-cf9e-474b-8962-58dcc6b1dff0,54.73146,-119.75136,12.24936,5.11541,-2.89434,-12.64293,-2.24359,5.00584,-6.64207,,,,,,,,,,,,,,,,,,,,,,,,,,,,,,,,,,,,,,,,,,,,,,,,,,,High,High,High,,,,,
360,2025-04-15,18:42:02.31,7,2,"Yount, Britt",1000122819,Right,GEO_PAT,"Poole, Nicholas",1000281759,Right,JMU_DUK,Undefined,9,Top,2,1,0,Fastball,Changeup,BallCalled,Undefined,Undefined,Undefined,0,0,,80.71094,-0.69379,-5.321124,2138.305041,245.45904,2:15,5.13505,2.13846,5.90285,-34.25774,9.91343,17.87631,1.63334,-1.32596,72.20685,-7.104743,-2.128718,0.478344,,,,,,,,,,,,-10.90363,5.82843,-1.71924,50,5.05988,10.13677,-116.48961,-2.46069,-14.63145,26.66211,-24.35293,GEO_PAT,JMU_DUK,SpuhlerFieldMain,D1,A10,20250415-SpuhlerFieldMain-1,d9b51230-1a4a-11f0-b278-3921cf0bcfe8,78.7977,,,8.50409,,,,,,,13017037-8ec2-4735-9dcb-0898b1439113,2025-04-15,22:42:02.31,2025-04-15T18:42:02.3156736-04:00,2025-04-15T22:42:02.3156736Z,,v3,471300,471327,15 April 2025 15:00-jamesmad@georgemas,"Barenz, Nick",1000218914,Right,GEO_PAT,a140bb2e-6126-4728-b7a0-f869cf62ce18,54.59518,-117.53665,13.33106,5.13773,-1.50433,-12.17647,-2.1286,10.71136,-7.31573,,,,,,,,,,,,,,,,,,,,,,,,,,,,,,,,,,,,,,,,,,,,,,,,,,,High,High,High,,,,,
361,2025-04-15,18:42:28.42,7,3,"Yount, Britt",1000122819,Right,GEO_PAT,"Poole, Nicholas",1000281759,Right,JMU_DUK,Undefined,9,Top,2,2,0,Fastball,Changeup,BallCalled,Undefined,Undefined,Undefined,0,0,,78.52005,-0.913017,-5.752839,2106.955971,248.634392,2:15,5.09668,2.11964,6.07691,-36.09872,10.21201,21.46214,1.23928,-1.43298,70.44962,-7.676519,-1.909707,0.489793,,,,,,,,,,,,-12.95733,6.09654,-1.68405,50,5.00686,10.61309,-113.33017,-2.85461,-16.48921,24.86635,-24.41573,GEO_PAT,JMU_DUK,SpuhlerFieldMain,D1,A10,20250415-SpuhlerFieldMain-1,e9423de0-1a4a-11f0-b278-3921cf0bcfe8,76.95593,,,8.07044,,,,,,,13017037-8ec2-4735-9dcb-0898b1439113,2025-04-15,22:42:28.42,2025-04-15T18:42:28.4258304-04:00,2025-04-15T22:42:28.4258304Z,,v3,471300,471327,15 April 2025 15:00-jamesmad@georgemas,"Barenz, Nick",1000218914,Right,GEO_PAT,7889f361-676e-4812-986b-5f9cac70c0a7,54.42293,-114.29651,12.43318,5.09935,-1.90579,-12.20786,-2.10893,11.25388,-8.2446,,,,,,,,,,,,,,,,,,,,,,,,,,,,,,,,,,,,,,,,,,,,,,,,,,,High,High,High,,,,,
362,,,7,4,"Yount, Britt",1000122819,Right,GEO_PAT,"Poole, Nicholas",1000281759,Right,JMU_DUK,Undefined,9,Top,2,3,0,Fastball,,StrikeCalled,Undefined,Undefined,Undefined,0,0,,,,,,,,,,,,,,,,,,,,,,,,,,,,,,,,,,,,,,,,,,GEO_PAT,JMU_DUK,SpuhlerFieldMain,D1,A10,20250415-SpuhlerFieldMain-1,2cca7320-1a4b-11f0-b278-3921cf0bcfe8,,,,,,,,,,,13017037-8ec2-4735-9dcb-0898b1439113,,,,,,v3,471300,471327,15 April 2025 15:00-jamesmad@georgemas,"Barenz, Nick",1000218914,Right,GEO_PAT,,,,,,,,,,,,,,,,,,,,,,,,,,,,,,,,,,,,,,,,,,,,,,,,,,,,,,,,,,,,,,,,,,,,
363,2025-04-15,18:44:33.87,7,5,"Yount, Britt",1000122819,Right,GEO_PAT,"Poole, Nicholas",1000281759,Right,JMU_DUK,Undefined,9,Top,2,3,1,Fastball,Changeup,FoulBallNotFieldable,Undefined,Undefined,Undefined,0,0,,81.29188,0.662906,-3.513621,2280.605082,245.993388,2:15,5.17582,2.12156,5.93651,-32.4199,11.73083,21.8669,3.09037,0.6799,71.20712,-5.498354,0.406972,0.478234,62.14171,32.935712,-167.600707,3237.431812,,,,64.4593,66.73891,-143.021766,2.644041,-12.59682,6.26831,-1.85299,50,5.21118,6.33028,-117.39421,0.40499,-16.79456,31.44143,-23.8169,GEO_PAT,JMU_DUK,SpuhlerFieldMain,D1,A10,20250415-SpuhlerFieldMain-1,34053030-1a4b-11f0-b278-3921cf0bcfe8,78.8159,28.4184,,10.08476,,,,2.2665,3.20881,-0.65773,13017037-8ec2-4735-9dcb-0898b1439113,2025-04-15,22:44:33.87,2025-04-15T18:44:33.8715648-04:00,2025-04-15T22:44:33.8715648Z,FlyBall,v3,471300,471327,15 April 2025 15:00-jamesmad@georgemas,"Barenz, Nick",1000218914,Right,GEO_PAT,57bb0aa3-1752-451e-8d76-b6d76fbb6f5f,54.55989,-118.60919,15.72072,5.17775,1.32533,-11.90845,-2.11014,6.97927,-8.39728,237.69796,2.26665,-74.71594,25.11737,-2.54406,0.61571,-0.24142,0.07679,-0.012,0.00038,3.2089,49.54999,-29.62119,6.1093,-1.46605,0.46893,-0.15272,0.03598,-0.00391,-0.65772,-16.42524,0.65025,0.07906,-0.02278,0.00536,-0.00175,0.00063,-0.0001,,,,,,,,,,,,,,,,,,,,,,,High,High,High,High,Medium,,,
364,2025-04-15,18:44:56.83,7,6,"Yount, Britt",1000122819,Right,GEO_PAT,"Poole, Nicholas",1000281759,Right,JMU_DUK,Undefined,9,Top,2,3,2,Fastball,Changeup,BallCalled,Walk,Undefined,Undefined,0,0,,83.40141,0.106917,-1.955799,2220.535046,229.992392,1:45,5.15349,2.09196,6.06113,-24.62596,16.06745,17.31603,3.20035,1.72399,74.74929,-4.588691,1.16047,0.459128,,,,,,,,,,,,-9.48378,8.65819,-1.94871,50,5.14878,3.42785,-120.88924,-0.46354,-13.74622,28.07985,-19.62446,GEO_PAT,JMU_DUK,SpuhlerFieldMain,D1,A10,20250415-SpuhlerFieldMain-1,41977640-1a4b-11f0-b278-3921cf0bcfe8,82.0958,,,8.65212,,,,,,,13017037-8ec2-4735-9dcb-0898b1439113,2025-04-15,22:44:56.83,2025-04-15T18:44:56.8340992-04:00,2025-04-15T22:44:56.8340992Z,,v3,471300,471327,15 April 2025 15:00-jamesmad@georgemas,"Barenz, Nick",1000218914,Right,GEO_PAT,e7f19c16-5ee9-4fab-ba9a-38b067deee54,54.43673,-121.91543,14.03993,5.15262,0.25365,-9.81223,-2.08317,3.93021,-6.87311,,,,,,,,,,,,,,,,,,,,,,,,,,,,,,,,,,,,,,,,,,,,,,,,,,,High,High,High,,,,,
365,2025-04-15,18:47:57.92,8,1,"Egan, Cole",10103738,Left,GEO_PAT,"Peifer, Wyatt",1000115813,Right,JMU_DUK,Undefined,9,Top,2,0,0,Fastball,Four-Seam,StrikeCalled,Undefined,Undefined,Undefined,0,0,,91.33193,-2.634541,3.056805,2241.151187,159.029521,11:15,5.89112,-1.41027,6.25183,-10.67217,23.11478,-8.36233,2.56686,0.71471,81.82695,-4.779068,1.549287,0.418356,,,,,,,,,,,,5.3213,13.18209,1.1866,50,5.68927,-6.69838,-132.18002,-6.27544,9.22767,33.38301,-9.31491,GEO_PAT,JMU_DUK,SpuhlerFieldMain,D1,A10,20250415-SpuhlerFieldMain-1,ad830680-1a4b-11f0-b278-3921cf0bcfe8,90.09657,,,9.50498,,,,,,,13017037-8ec2-4735-9dcb-0898b1439113,2025-04-15,22:47:57.92,2025-04-15T18:47:57.9244032-04:00,2025-04-15T22:47:57.9244032Z,,v3,471300,471327,15 April 2025 15:00-jamesmad@georgemas,"Barenz, Nick",1000218914,Right,GEO_PAT,e9ef0b94-40e4-4e5d-bfb4-2fe1e8064a4f,54.24587,-133.24803,16.69151,5.88527,-5.97743,-4.65746,1.40562,-6.99359,4.61384,,,,,,,,,,,,,,,,,,,,,,,,,,,,,,,,,,,,,,,,,,,,,,,,,,,High,High,High,,,,,
366,2025-04-15,18:48:15.87,8,2,"Egan, Cole",10103738,Left,GEO_PAT,"Peifer, Wyatt",1000115813,Right,JMU_DUK,Undefined,9,Top,2,0,1,Fastball,Four-Seam,StrikeSwinging,Undefined,Undefined,Undefined,0,0,,91.70324,-1.374179,1.245619,2279.39088,164.308872,11:30,5.91337,-1.3491,6.31101,-12.59339,20.34344,-5.39922,3.59745,-0.65136,83.10656,-3.843303,0.269271,0.413059,,,,,,,,,,,,3.16303,11.29115,1.26015,50,5.8062,-2.66709,-133.1413,-3.47826,5.63093,30.78134,-12.07317,GEO_PAT,JMU_DUK,SpuhlerFieldMain,D1,A10,20250415-SpuhlerFieldMain-1,b8573e00-1a4b-11f0-b278-3921cf0bcfe8,91.25188,,,8.59668,,,,,,,13017037-8ec2-4735-9dcb-0898b1439113,2025-04-15,22:48:15.87,2025-04-15T18:48:15.8783488-04:00,2025-04-15T22:48:15.8783488Z,,v3,471300,471327,15 April 2025 15:00-jamesmad@georgemas,"Barenz, Nick",1000218914,Right,GEO_PAT,88444015-401f-46a5-8e03-f75d848a973a,54.18843,-134.10614,15.39067,5.9093,-3.09983,-6.03658,1.34652,-2.84359,2.81546,,,,,,,,,,,,,,,,,,,,,,,,,,,,,,,,,,,,,,,,,,,,,,,,,,,High,High,High,,,,,
367,2025-04-15,18:48:35.15,8,3,"Egan, Cole",10103738,Left,GEO_PAT,"Peifer, Wyatt",1000115813,Right,JMU_DUK,Undefined,9,Top,2,0,2,Fastball,Four-Seam,StrikeSwinging,Strikeout,Undefined,Undefined,0,0,,91.91097,-0.660938,2.343466,2207.894748,166.074233,11:30,5.93547,-1.42896,6.52697,-12.48788,20.44832,-4.76292,4.2879,0.32536,82.2591,-3.147118,1.479601,0.413055,,,,,,,,,,,,3.26421,11.24032,1.26768,50,5.88353,-5.25413,-133.27294,-1.78409,5.748,34.23297,-12.38096,GEO_PAT,JMU_DUK,SpuhlerFieldMain,D1,A10,20250415-SpuhlerFieldMain-1,c3afe7c0-1a4b-11f0-b278-3921cf0bcfe8,91.25281,,,9.65188,,,,,,,13017037-8ec2-4735-9dcb-0898b1439113,2025-04-15,22:48:35.15,2025-04-15T18:48:35.1574528-04:00,2025-04-15T22:48:35.1574528Z,,v3,471300,471327,15 April 2025 15:00-jamesmad@georgemas,"Barenz, Nick",1000218914,Right,GEO_PAT,8be1f987-479e-4cd1-b18f-741b6248fc61,53.97024,-134.28887,17.11649,5.93102,-1.41666,-6.19048,1.42614,-5.42472,2.874,,,,,,,,,,,,,,,,,,,,,,,,,,,,,,,,,,,,,,,,,,,,,,,,,,,High,High,High,,,,,