PitchNo,Date,Time,PAofInning,PitchofPA,Pitcher,PitcherId,PitcherThrows,PitcherTeam,Batter,BatterId,BatterSide,BatterTeam,PitcherSet,Inning,Top/Bottom,Outs,Balls,Strikes,TaggedPitchType,AutoPitchType,PitchCall,KorBB,TaggedHitType,PlayResult,OutsOnPlay,RunsScored,Notes,RelSpeed,VertRelAngle,HorzRelAngle,SpinRate,SpinAxis,Tilt,RelHeight,RelSide,Extension,VertBreak,InducedVertBreak,HorzBreak,PlateLocHeight,PlateLocSide,ZoneSpeed,VertApprAngle,HorzApprAngle,ZoneTime,ExitSpeed,Angle,Direction,HitSpinRate,PositionAt110X,PositionAt110Y,PositionAt110Z,Distance,LastTrackedDistance,Bearing,HangTime,pfxx,pfxz,x0,y0,z0,vx0,vy0,vz0,ax0,ay0,az0,HomeTeam,AwayTeam,Stadium,Level,League,GameID,PitchUID,EffectiveVelo,MaxHeight,MeasuredDuration,SpeedDrop,PitchLastMeasuredX,PitchLastMeasuredY,PitchLastMeasuredZ,ContactPositionX,ContactPositionY,ContactPositionZ,GameUID,UTCDate,UTCTime,LocalDateTime,UTCDateTime,AutoHitType,System,HomeTeamForeignID,AwayTeamForeignID,GameForeignID,Catcher,CatcherId,CatcherThrows,CatcherTeam,PlayID,PitchTrajectoryXc0,PitchTrajectoryXc1,PitchTrajectoryXc2,PitchTrajectoryYc0,PitchTrajectoryYc1,PitchTrajectoryYc2,PitchTrajectoryZc0,PitchTrajectoryZc1,PitchTrajectoryZc2,HitSpinAxis,HitTrajectoryXc0,HitTrajectoryXc1,HitTrajectoryXc2,HitTrajectoryXc3,HitTrajectoryXc4,HitTrajectoryXc5,HitTrajectoryXc6,HitTrajectoryXc7,HitTrajectoryXc8,HitTrajectoryYc0,HitTrajectoryYc1,HitTrajectoryYc2,HitTrajectoryYc3,HitTrajectoryYc4,HitTrajectoryYc5,HitTrajectoryYc6,HitTrajectoryYc7,HitTrajectoryYc8,HitTrajectoryZc0,HitTrajectoryZc1,HitTrajectoryZc2,HitTrajectoryZc3,HitTrajectoryZc4,HitTrajectoryZc5,HitTrajectoryZc6,HitTrajectoryZc7,HitTrajectoryZc8,ThrowSpeed,PopTime,ExchangeTime,TimeToBase,CatchPositionX,CatchPositionY,CatchPositionZ,ThrowPositionX,ThrowPositionY,ThrowPositionZ,BasePositionX,BasePositionY,BasePositionZ,ThrowTrajectoryXc0,ThrowTrajectoryXc1,ThrowTrajectoryXc2,ThrowTrajectoryYc0,ThrowTrajectoryYc1,ThrowTrajectoryYc2,ThrowTrajectoryZc0,ThrowTrajectoryZc1,ThrowTrajectoryZc2,PitchReleaseConfidence,PitchLocationConfidence,PitchMovementConfidence,HitLaunchConfidence,HitLandingConfidence,CatcherThrowCatchConfidence,CatcherThrowReleaseConfidence,CatcherThrowLocationConfidence
1,2025-10-18,12:10:07.75,1,1,"Rumberg, Logan",1000216384,Right,GEO_PAT,"Gravelle, Cameron",10005014,Left,NIA_COM,Undefined,1,Top,0,0,0,Fastball,Four-Seam,InPlay,Undefined,LineDrive,Double,0,0,Niagara CC Scrimmage 16 part 1,92.07834,-2.073919,-3.286614,2301.692103,212.517415,1:00,5.91045,2.39122,6.08758,-16.77879,16.09084,9.57174,2.58959,0.14501,83.96876,-5.266866,-1.566147,0.412638,97.81499,18.591567,-5.567521,2028.549536,108.622,32.25205,-17.35657,300.22992,300.22992,-14.338129,3.406648,-5.89992,9.22607,-2.1424,50,5.74116,7.26634,-133.52103,-5.3408,-10.62327,29.44379,-15.56174,GEO_PAT,NIA_COM,SpuhlerFieldMain,TeamExclusive,Team,20251018-SpuhlerFieldMain-Private-1,eab8f310-ac3c-11f0-ae3b-9b4a908d198a,91.34514,38.04565,,8.10958,,,,1.22136,2.58981,-0.12852,e9589120-7e22-442b-894a-3d9ff1c37833,2025-10-18,16:10:07.75,2025-10-18T12:10:07.7530000-04:00,2025-10-18T16:10:07.7530000Z,LineDrive,v3,471300,,,"Vaughan, Logan",1000232024,Right,GEO_PAT,afb501f1-4e1c-448d-93bb-c15be890d298,54.41463,-134.49101,14.72189,5.90866,-4.82814,-7.78087,-2.38754,7.6163,-5.31163,132.495501,1.22116,135.34014,-27.31355,6.64343,-1.51219,0.31923,-0.05905,0.00737,-0.00037,2.58988,45.73687,-15.25604,-0.01418,0.3477,-0.11148,0.01756,4E-05,-0.00023,-0.12848,-13.19419,-8.29218,3.90351,-1.25754,0.31003,-0.0568,0.00646,-0.00032,,,,,,,,,,,,,,,,,,,,,,,High,High,High,Medium,High,,,
2,2025-10-18,12:10:46.90,2,1,"Rumberg, Logan",1000216384,Right,GEO_PAT,"Rossano, Cooper",10108170,Right,NIA_COM,Undefined,1,Top,0,0,0,Cutter,Slider,StrikeSwinging,Undefined,Undefined,Undefined,0,0,,83.12382,-1.334343,-3.585782,2124.653951,157.240707,11:15,5.82126,2.39553,5.68022,-33.88155,7.44225,-2.52343,1.75122,-1.1619,75.62898,-7.581885,-4.035706,0.46267,,,,,,,,,,,,0.17024,4.60945,-2.09126,50,5.68741,7.64315,-120.34657,-3.92741,0.24686,25.80572,-25.48989,GEO_PAT,NIA_COM,SpuhlerFieldMain,TeamExclusive,Team,20251018-SpuhlerFieldMain-Private-1,021812c0-ac3d-11f0-ae3b-9b4a908d198a,81.46717,,,7.49483,,,,,,,e9589120-7e22-442b-894a-3d9ff1c37833,2025-10-18,16:10:46.90,2025-10-18T12:10:46.9000000-04:00,2025-10-18T16:10:46.9000000Z,,v3,471300,,,"Vaughan, Logan",1000232024,Right,GEO_PAT,f715d2b4-a7eb-48e5-89b8-64ed369210b7,54.82027,-121.37577,12.90286,5.82378,-2.91081,-12.74495,-2.39589,7.6333,0.12343,,,,,,,,,,,,,,,,,,,,,,,,,,,,,,,,,,,,,,,,,,,,,,,,,,,High,High,High,,,,,
3,2025-10-18,12:11:01.76,2,2,"Rumberg, Logan",1000216384,Right,GEO_PAT,"Rossano, Cooper",10108170,Right,NIA_COM,Undefined,1,Top,0,0,1,Cutter,Slider,InPlay,Undefined,GroundBall,Out,1,0,,83.80909,-1.674722,-3.452777,2223.671206,155.8519,11:15,5.74753,2.58553,5.61544,-35.7686,6.24087,-1.97134,1.20041,-0.80535,74.11154,-8.318114,-3.80412,0.466493,77.64987,1.046796,-7.420023,1285.286671,,,,34.14184,31.07822,-6.273208,0.298602,-0.39996,4.34677,-2.28892,50,5.58178,7.37858,-120.91289,-4.74149,-0.56714,32.83218,-26.01071,GEO_PAT,NIA_COM,SpuhlerFieldMain,TeamExclusive,Team,20251018-SpuhlerFieldMain-Private-1,0af200e0-ac3d-11f0-ae3b-9b4a908d198a,80.79961,1.26548,,9.69755,,,,1.45813,1.21453,0.78657,e9589120-7e22-442b-894a-3d9ff1c37833,2025-10-18,16:11:01.76,2025-10-18T12:11:01.7660000-04:00,2025-10-18T16:11:01.7660000Z,GroundBall,v3,471300,,,"Vaughan, Logan",1000232024,Right,GEO_PAT,cd019d6e-834a-4858-bfc1-c22d3ca3b876,54.88016,-122.23084,16.41609,5.75116,-3.69736,-13.00536,-2.58557,7.40135,-0.28357,34.802554,1.46001,112.83036,-13.6358,,,,,,,1.21733,1.95573,-20.23544,,,,,,,0.78724,-14.73515,-1.3302,,,,,,,,,,,,,,,,,,,,,,,,,,,,,High,High,High,High,High,,,
4,2025-10-18,12:11:35.80,3,1,"Rumberg, Logan",1000216384,Right,GEO_PAT,"Schaefer, Mikey",10126964,Left,NIA_COM,Undefined,1,Top,1,0,0,Curveball,Curveball,BallCalled,Undefined,Undefined,Undefined,0,0,,76.10569,4.848702,-0.156441,2479.477519,40.861286,7:15,5.7972,2.34426,4.73423,-65.9837,-14.51028,-14.15855,4.90975,1.01596,68.4469,-7.03263,-2.639999,0.516372,,,,,,,,,,,,6.7867,-7.97485,-2.31532,50,6.22851,0.90909,-109.89721,6.84299,8.16024,22.53259,-41.76289,GEO_PAT,NIA_COM,SpuhlerFieldMain,TeamExclusive,Team,20251018-SpuhlerFieldMain-Private-1,1f27cd10-ac3d-11f0-ae3b-9b4a908d198a,72.99471,,,7.65879,,,,,,,e9589120-7e22-442b-894a-3d9ff1c37833,2025-10-18,16:11:35.80,2025-10-18T12:11:35.8000000-04:00,2025-10-18T16:11:35.8000000Z,,v3,471300,,,"Vaughan, Logan",1000232024,Right,GEO_PAT,2ea984e5-d9c4-41e7-8910-041a4720bd02,55.76939,-111.07383,11.2663,5.81424,9.02378,-20.88145,-2.35167,0.48297,4.08012,,,,,,,,,,,,,,,,,,,,,,,,,,,,,,,,,,,,,,,,,,,,,,,,,,,High,High,High,,,,,
5,2025-10-18,12:11:52.34,3,2,"Rumberg, Logan",1000216384,Right,GEO_PAT,"Schaefer, Mikey",10126964,Left,NIA_COM,Undefined,1,Top,1,1,0,Curveball,Curveball,FoulBallNotFieldable,Undefined,Undefined,Undefined,0,0,,77.1321,1.548839,-1.259347,2585.689417,28.541207,7:00,5.79294,2.36665,4.87367,-68.48626,-18.5497,-11.10194,1.55214,0.24957,69.75555,-10.752947,-3.220481,0.508605,78.2206,-42.640559,90.873983,,,,,3.3204,3.08842,30.059442,0.023893,5.05359,-9.25532,-2.2327,50,5.88653,2.91196,-111.68493,0.49246,6.21726,24.98319,-43.56053,GEO_PAT,NIA_COM,SpuhlerFieldMain,TeamExclusive,Team,20251018-SpuhlerFieldMain-Private-1,2917e620-ac3d-11f0-ae3b-9b4a908d198a,74.10942,1.86087,,7.37655,,,,2.90465,1.86087,-0.35739,e9589120-7e22-442b-894a-3d9ff1c37833,2025-10-18,16:11:52.34,2025-10-18T12:11:52.3400000-04:00,2025-10-18T16:11:52.3400000Z,GroundBall,v3,471300,,,"Vaughan, Logan",1000232024,Right,GEO_PAT,169bd40a-ec3e-413e-b562-c706983e56c9,55.6316,-112.93765,12.49159,5.80708,2.67671,-21.78027,-2.3709,2.60021,3.10863,,2.90466,-1.29008,,,,,,,,1.86152,-77.88292,,,,,,,,-0.35809,84.56696,,,,,,,,,,,,,,,,,,,,,,,,,,,,,,High,High,High,Low,Low,,,
6,2025-10-18,12:12:15.12,3,3,"Rumberg, Logan",1000216384,Right,GEO_PAT,"Schaefer, Mikey",10126964,Left,NIA_COM,Undefined,1,Top,1,1,1,Fastball,Four-Seam,BallCalled,Undefined,Undefined,Undefined,0,0,,91.43487,-0.116467,-3.526244,2202.474383,189.067106,12:15,5.90275,2.30751,5.89107,-14.29375,19.60749,2.9389,4.60325,-0.72601,82.42907,-2.886109,-3.000722,0.419063,,,,,,,,,,,,-2.5837,10.3602,-2.02449,50,5.88501,8.02549,-132.39474,-0.64245,-4.53308,31.30478,-13.99721,GEO_PAT,NIA_COM,SpuhlerFieldMain,TeamExclusive,Team,20251018-SpuhlerFieldMain-Private-1,368a2110-ac3d-11f0-ae3b-9b4a908d198a,89.94459,,,9.0058,,,,,,,e9589120-7e22-442b-894a-3d9ff1c37833,2025-10-18,16:12:15.12,2025-10-18T12:12:15.1200000-04:00,2025-10-18T16:12:15.1200000Z,,v3,471300,,,"Vaughan, Logan",1000232024,Right,GEO_PAT,dcef071a-e280-468d-8599-3193dce11b6a,54.60602,-133.47939,15.65239,5.89887,-0.15747,-6.99861,-2.30528,8.18255,-2.26654,,,,,,,,,,,,,,,,,,,,,,,,,,,,,,,,,,,,,,,,,,,,,,,,,,,High,High,High,,,,,
7,2025-10-18,12:12:34.73,3,4,"Rumberg, Logan",1000216384,Right,GEO_PAT,"Schaefer, Mikey",10126964,Left,NIA_COM,Undefined,1,Top,1,2,1,Curveball,Curveball,InPlay,Undefined,FlyBall,Sacrifice,1,1,,77.15228,2.359658,-1.389518,2527.341269,31.587771,7:00,5.73658,2.38445,5.12717,-66.0196,-16.86336,-11.44237,2.45938,0.1219,69.98917,-9.565287,-3.416944,0.504616,82.00255,30.144695,-19.578859,3899.126955,99.12923,52.52892,-47.6796,258.88869,204.0266,-34.919273,4.120146,5.27122,-8.80811,-2.2444,50,5.90631,3.16609,-111.78456,2.25731,6.5415,23.76585,-43.10478,GEO_PAT,NIA_COM,SpuhlerFieldMain,TeamExclusive,Team,20251018-SpuhlerFieldMain-Private-1,4262d040-ac3d-11f0-ae3b-9b4a908d198a,74.69536,58.26869,,7.16311,,,,1.60528,2.5162,-0.13677,e9589120-7e22-442b-894a-3d9ff1c37833,2025-10-18,16:12:34.73,2025-10-18T12:12:34.7340000-04:00,2025-10-18T16:12:34.7340000Z,LineDrive,v3,471300,,,"Vaughan, Logan",1000232024,Right,GEO_PAT,a9bce3ed-00b6-4c0a-a38f-5b442ab29ec8,55.37876,-112.92231,11.88293,5.74885,4.32089,-21.55239,-2.38848,2.85292,3.27075,137.399051,1.60465,98.0111,-23.11043,5.82778,-1.52874,0.42521,-0.10414,0.01591,-0.00101,2.51723,60.36885,-17.59807,0.36314,0.4511,-0.26956,0.0817,-0.01222,0.00071,-0.13667,-34.85602,-3.29636,2.04717,-0.65794,0.14344,-0.02046,0.00148,-3E-05,,,,,,,,,,,,,,,,,,,,,,,High,High,High,High,Medium,,,
8,2025-10-18,12:13:15.24,4,1,"Rumberg, Logan",1000216384,Right,GEO_PAT,"Harper, Dalton",1000115726,Right,NIA_COM,Undefined,1,Top,2,0,0,Cutter,Slider,BallCalled,Undefined,Undefined,Undefined,0,0,,81.94864,2.325365,-2.664149,2371.237186,102.969057,9:30,5.82612,2.41634,5.35208,-39.66293,3.47559,-8.57831,4.70553,-0.79918,73.99526,-4.966907,-4.183384,0.47272,,,,,,,,,,,,3.4291,1.47248,-2.17008,50,6.00784,5.88191,-118.57506,3.42775,4.81721,25.48471,-30.10548,GEO_PAT,NIA_COM,SpuhlerFieldMain,TeamExclusive,Team,20251018-SpuhlerFieldMain-Private-1,5a681b00-ac3d-11f0-ae3b-9b4a908d198a,79.73523,,,7.95338,,,,,,,e9589120-7e22-442b-894a-3d9ff1c37833,2025-10-18,16:13:15.24,2025-10-18T12:13:15.2480000-04:00,2025-10-18T16:13:15.2480000Z,,v3,471300,,,"Vaughan, Logan",1000232024,Right,GEO_PAT,22c0dc88-e2db-4e4f-97bd-ebd0b6a1e462,55.14705,-119.67617,12.74236,5.83164,4.72852,-15.05274,-2.41972,5.67378,2.40861,,,,,,,,,,,,,,,,,,,,,,,,,,,,,,,,,,,,,,,,,,,,,,,,,,,High,High,High,,,,,
9,2025-10-18,12:13:30.84,4,2,"Rumberg, Logan",1000216384,Right,GEO_PAT,"Harper, Dalton",1000115726,Right,NIA_COM,Undefined,1,Top,2,1,0,Cutter,Slider,BallCalled,Undefined,Undefined,Undefined,0,0,,82.61776,-1.311915,-3.287997,2285.832801,107.140317,9:30,5.77939,2.09331,5.54735,-37.78423,4.61386,-9.9093,1.40242,-1.80863,74.71998,-8.247373,-5.051069,0.468646,,,,,,,,,,,,3.87166,3.25768,-1.80164,50,5.64102,7.27867,-119.50323,-4.03268,5.48594,27.35805,-27.55805,GEO_PAT,NIA_COM,SpuhlerFieldMain,TeamExclusive,Team,20251018-SpuhlerFieldMain-Private-1,63b3b6b0-ac3d-11f0-ae3b-9b4a908d198a,80.42847,,,7.89779,,,,,,,e9589120-7e22-442b-894a-3d9ff1c37833,2025-10-18,16:13:30.84,2025-10-18T12:13:30.8410000-04:00,2025-10-18T16:13:30.8410000Z,,v3,471300,,,"Vaughan, Logan",1000232024,Right,GEO_PAT,8d18f35f-7781-4237-a434-503fabb5dfb5,54.95106,-120.63136,13.67902,5.78388,-2.89631,-13.77902,-2.09712,7.05245,2.74297,,,,,,,,,,,,,,,,,,,,,,,,,,,,,,,,,,,,,,,,,,,,,,,,,,,High,High,High,,,,,
10,2025-10-18,12:13:50.44,4,3,"Rumberg, Logan",1000216384,Right,GEO_PAT,"Harper, Dalton",1000115726,Right,NIA_COM,Undefined,1,Top,2,2,0,Fastball,Four-Seam,BallCalled,Undefined,Undefined,Undefined,0,0,,92.71765,-3.443133,-3.198691,2341.353412,190.338485,12:15,5.90609,2.21933,6.04763,-11.0765,21.77946,3.75622,1.78652,-0.43214,83.75982,-5.623264,-2.524492,0.412552,,,,,,,,,,,,-2.91626,12.58784,-1.97187,50,5.63104,7.32856,-134.11818,-8.3201,-5.24926,32.19365,-9.51591,GEO_PAT,NIA_COM,SpuhlerFieldMain,TeamExclusive,Team,20251018-SpuhlerFieldMain-Private-1,6f5e9f20-ac3d-11f0-ae3b-9b4a908d198a,91.36411,,,8.95783,,,,,,,e9589120-7e22-442b-894a-3d9ff1c37833,2025-10-18,16:13:50.44,2025-10-18T12:13:50.4480000-04:00,2025-10-18T16:13:50.4480000Z,,v3,471300,,,"Vaughan, Logan",1000232024,Right,GEO_PAT,ea8ad206-0ac5-46fe-a425-31f7c851547a,54.45077,-135.18232,16.09683,5.90086,-8.00556,-4.75796,-2.21698,7.50207,-2.62463,,,,,,,,,,,,,,,,,,,,,,,,,,,,,,,,,,,,,,,,,,,,,,,,,,,High,High,High,,,,,
11,2025-10-18,12:14:06.71,4,4,"Rumberg, Logan",1000216384,Right,GEO_PAT,"Harper, Dalton",1000115726,Right,NIA_COM,Undefined,1,Top,2,3,0,Fastball,Four-Seam,StrikeCalled,Undefined,Undefined,Undefined,0,0,,92.20869,-1.688257,-3.140313,2364.019616,197.004724,12:30,5.86304,2.27985,6.1205,-12.93894,20.2356,5.8139,3.22113,-0.14194,82.8735,-4.22589,-2.095017,0.414547,,,,,,,,,,,,-3.99453,11.30052,-2.04185,50,5.72654,7.06952,-133.52689,-4.24486,-7.09443,33.11718,-12.10396,GEO_PAT,NIA_COM,SpuhlerFieldMain,TeamExclusive,Team,20251018-SpuhlerFieldMain-Private-1,791335d0-ac3d-11f0-ae3b-9b4a908d198a,90.92441,,,9.33519,,,,,,,e9589120-7e22-442b-894a-3d9ff1c37833,2025-10-18,16:14:06.71,2025-10-18T12:14:06.7170000-04:00,2025-10-18T16:14:06.7170000Z,,v3,471300,,,"Vaughan, Logan",1000232024,Right,GEO_PAT,51c085d4-687d-498b-9d70-0db968ef6879,54.37714,-134.60813,16.55859,5.85868,-3.84968,-6.05198,-2.27645,7.30115,-3.54721,,,,,,,,,,,,,,,,,,,,,,,,,,,,,,,,,,,,,,,,,,,,,,,,,,,High,High,High,,,,,
12,2025-10-18,12:14:23.31,4,5,"Rumberg, Logan",1000216384,Right,GEO_PAT,"Harper, Dalton",1000115726,Right,NIA_COM,Undefined,1,Top,2,3,1,Fastball,Four-Seam,StrikeCalled,Undefined,Undefined,Undefined,0,0,,92.91592,-2.995628,-1.794897,2339.56265,203.620101,12:45,5.89245,2.11534,5.95531,-12.90725,19.9245,8.18355,2.03472,1.13212,83.70969,-5.508202,-0.325184,0.4124,,,,,,,,,,,,-4.78248,11.54292,-1.97722,50,5.64694,3.85699,-134.57736,-7.38009,-8.63365,33.46601,-11.3361,GEO_PAT,NIA_COM,SpuhlerFieldMain,TeamExclusive,Team,20251018-SpuhlerFieldMain-Private-1,830dfd40-ac3d-11f0-ae3b-9b4a908d198a,91.39783,,,9.20624,,,,,,,e9589120-7e22-442b-894a-3d9ff1c37833,2025-10-18,16:14:23.31,2025-10-18T12:14:23.3170000-04:00,2025-10-18T16:14:23.3170000Z,,v3,471300,,,"Vaughan, Logan",1000232024,Right,GEO_PAT,49c4fb20-844d-4c0a-95db-fcb8138fe478,54.54455,-135.70277,16.73301,5.88871,-6.99888,-5.66805,-2.11181,4.14733,-4.31682,,,,,,,,,,,,,,,,,,,,,,,,,,,,,,,,,,,,,,,,,,,,,,,,,,,High,High,High,,,,,
13,2025-10-18,12:14:41.67,4,6,"Rumberg, Logan",1000216384,Right,GEO_PAT,"Harper, Dalton",1000115726,Right,NIA_COM,Undefined,1,Top,2,3,2,Cutter,Slider,FoulBallNotFieldable,Undefined,Undefined,Undefined,0,0,,83.99482,-1.49238,-3.26614,2352.412649,139.637065,10:45,5.72027,2.32955,5.53624,-32.86608,8.0104,-5.55823,1.58385,-1.18995,76.07149,-7.550062,-4.25487,0.460159,,,,,,,,,,,,1.75429,4.95059,-2.04188,50,5.56887,7.16644,-121.54826,-4.28464,2.58132,27.4781,-24.88964,GEO_PAT,NIA_COM,SpuhlerFieldMain,TeamExclusive,Team,20251018-SpuhlerFieldMain-Private-1,8dfdac00-ac3d-11f0-ae3b-9b4a908d198a,81.91175,,,7.92333,,,,,,,e9589120-7e22-442b-894a-3d9ff1c37833,2025-10-18,16:14:41.67,2025-10-18T12:14:41.6730000-04:00,2025-10-18T16:14:41.6730000Z,,v3,471300,,,"Vaughan, Logan",1000232024,Right,GEO_PAT,9f933a36-6c61-4a56-9a16-f5d629b64205,54.96382,-122.66528,13.73905,5.72248,-3.27284,-12.44482,-2.33107,7.0615,1.29066,,,,,,,,,,,,,,,,,,,,,,,,,,,,,,,,,,,,,,,,,,,,,,,,,,,High,High,High,,,,,
14,2025-10-18,12:15:05.18,4,7,"Rumberg, Logan",1000216384,Right,GEO_PAT,"Harper, Dalton",1000115726,Right,NIA_COM,Undefined,1,Top,2,3,2,Fastball,Four-Seam,BallCalled,Walk,Undefined,Undefined,0,0,,92.59378,-0.810652,-1.688164,2346.717683,192.049601,12:30,5.88428,2.15125,6.01434,-14.19383,18.84025,3.75839,3.9501,0.90008,82.99595,-3.576755,-1.012582,0.413668,,,,,,,,,,,,-2.47228,10.26075,-2.02068,50,5.81282,3.78525,-134.19813,-2.26577,-4.42345,34.15082,-13.81538,GEO_PAT,NIA_COM,SpuhlerFieldMain,TeamExclusive,Team,20251018-SpuhlerFieldMain-Private-1,9beb0a60-ac3d-11f0-ae3b-9b4a908d198a,91.11751,,,9.59783,,,,,,,e9589120-7e22-442b-894a-3d9ff1c37833,2025-10-18,16:15:05.18,2025-10-18T12:15:05.1880000-04:00,2025-10-18T16:15:05.1880000Z,,v3,471300,,,"Vaughan, Logan",1000232024,Right,GEO_PAT,0e22c7b8-fe9c-4582-b1a5-0c1245e41cef,54.48232,-135.33399,17.07541,5.88054,-1.80627,-6.90769,-2.14902,3.93238,-2.21173,,,,,,,,,,,,,,,,,,,,,,,,,,,,,,,,,,,,,,,,,,,,,,,,,,,High,High,High,,,,,
15,2025-10-18,12:15:34.69,5,1,"Rumberg, Logan",1000216384,Right,GEO_PAT,"Panzarella, Joey",10100201,Left,NIA_COM,Undefined,1,Top,2,0,0,Cutter,Slider,StrikeCalled,Undefined,Undefined,Undefined,0,0,,80.91237,1.112208,-1.864265,2364.300782,77.453144,8:30,5.73544,2.53318,5.38827,-44.52172,0.56161,-5.96189,3.06848,0.28831,71.72544,-7.103957,-2.923857,0.483258,,,,,,,,,,,,2.23587,0.46717,-2.36226,50,5.8045,4.06193,-116.91514,0.70935,2.98367,29.40729,-31.55064,GEO_PAT,NIA_COM,SpuhlerFieldMain,TeamExclusive,Team,20251018-SpuhlerFieldMain-Private-1,ad87dc30-ac3d-11f0-ae3b-9b4a908d198a,77.99644,,,9.18693,,,,,,,e9589120-7e22-442b-894a-3d9ff1c37833,2025-10-18,16:15:34.69,2025-10-18T12:15:34.6970000-04:00,2025-10-18T16:15:34.6970000Z,,v3,471300,,,"Vaughan, Logan",1000232024,Right,GEO_PAT,1f27a5b3-c1f7-4d85-bfda-a3ccacbe64d3,55.1066,-118.19261,14.70365,5.74392,2.07992,-15.77532,-2.5359,3.93231,1.49183,,,,,,,,,,,,,,,,,,,,,,,,,,,,,,,,,,,,,,,,,,,,,,,,,,,High,High,High,,,,,
16,2025-10-18,12:15:51.47,5,2,"Rumberg, Logan",1000216384,Right,GEO_PAT,"Panzarella, Joey",10100201,Left,NIA_COM,Undefined,1,Top,2,0,1,Fastball,Four-Seam,StrikeCalled,Undefined,Undefined,Undefined,0,0,,90.45371,-2.943346,-2.501692,2253.998903,203.712049,12:45,5.84384,2.51587,5.61352,-15.55973,19.6356,8.04264,1.79485,0.84954,81.36279,-5.927826,-1.067404,0.426986,,,,,,,,,,,,-4.88945,11.28304,-2.30728,50,5.58227,5.35505,-130.84048,-7.18485,-8.33186,31.98272,-12.94717,GEO_PAT,NIA_COM,SpuhlerFieldMain,TeamExclusive,Team,20251018-SpuhlerFieldMain-Private-1,b79e6900-ac3d-11f0-ae3b-9b4a908d198a,88.27551,,,9.09093,,,,,,,e9589120-7e22-442b-894a-3d9ff1c37833,2025-10-18,16:15:51.47,2025-10-18T12:15:51.4750000-04:00,2025-10-18T16:15:51.4750000Z,,v3,471300,,,"Vaughan, Logan",1000232024,Right,GEO_PAT,4322cea3-6534-4235-81c4-5b052a4624c3,54.88545,-132.02928,15.99136,5.84038,-6.7036,-6.47359,-2.51208,5.66474,-4.16593,,,,,,,,,,,,,,,,,,,,,,,,,,,,,,,,,,,,,,,,,,,,,,,,,,,High,High,High,,,,,
17,2025-10-18,12:16:09.57,5,3,"Rumberg, Logan",1000216384,Right,GEO_PAT,"Panzarella, Joey",10100201,Left,NIA_COM,Undefined,1,Top,2,0,2,Fastball,Four-Seam,BallCalled,Undefined,Undefined,Undefined,0,0,,91.61545,0.212962,-2.095267,2282.137132,196.694528,12:30,5.83362,2.40249,5.91423,-14.57753,19.13426,5.37906,4.81662,0.90516,82.43991,-2.615209,-1.130643,0.41789,,,,,,,,,,,,-3.38252,10.02441,-2.23724,50,5.84231,4.61478,-132.80244,0.10978,-5.96021,31.97855,-14.51029,GEO_PAT,NIA_COM,SpuhlerFieldMain,TeamExclusive,Team,20251018-SpuhlerFieldMain-Private-1,c24e0180-ac3d-11f0-ae3b-9b4a908d198a,90.19696,,,9.17553,,,,,,,e9589120-7e22-442b-894a-3d9ff1c37833,2025-10-18,16:16:09.57,2025-10-18T12:16:09.5780000-04:00,2025-10-18T16:16:09.5780000Z,,v3,471300,,,"Vaughan, Logan",1000232024,Right,GEO_PAT,dbc6e741-b494-4562-b5c4-a2d8f458eed8,54.58273,-133.90141,15.98928,5.82997,0.60844,-7.25514,-2.39935,4.81961,-2.98011,,,,,,,,,,,,,,,,,,,,,,,,,,,,,,,,,,,,,,,,,,,,,,,,,,,High,High,High,,,,,
18,2025-10-18,12:16:27.98,5,4,"Rumberg, Logan",1000216384,Right,GEO_PAT,"Panzarella, Joey",10100201,Left,NIA_COM,Undefined,1,Top,2,1,2,Fastball,Four-Seam,FoulBallNotFieldable,Undefined,Undefined,Undefined,0,0,,91.81131,-2.990504,-3.178103,2263.236297,200.825484,12:45,5.71235,2.38727,5.86893,-15.10985,18.52773,6.59433,1.6684,-0.01849,83.14483,-5.884616,-1.997772,0.41743,77.66545,18.758582,-79.973349,3916.441097,7.70053,17.53062,-109.73011,171.93685,113.90647,-90.98573,2.0961,-4.3454,10.73882,-2.13344,50,5.4609,7.08831,-132.87924,-7.38398,-7.69178,31.12714,-13.16536,GEO_PAT,NIA_COM,SpuhlerFieldMain,TeamExclusive,Team,20251018-SpuhlerFieldMain-Private-1,cd6164e0-ac3d-11f0-ae3b-9b4a908d198a,90.29641,18.49262,,8.66647,,,,0.01666,1.36985,0.54156,e9589120-7e22-442b-894a-3d9ff1c37833,2025-10-18,16:16:27.98,2025-10-18T12:16:27.9850000-04:00,2025-10-18T16:16:27.9850000Z,LineDrive,v3,471300,,,"Vaughan, Logan",1000232024,Right,GEO_PAT,14f6a67d-9aef-4519-83d5-a8c6c7b02c81,54.63106,-133.95968,15.56357,5.70927,-6.927,-6.58268,-2.38411,7.3553,-3.84589,,0.01666,18.77859,-11.07471,0.62084,0.20546,-0.15048,0.05117,-0.01154,0.00117,1.36985,36.63113,-21.68831,2.59448,-0.50177,0.09972,-0.01788,0.00295,-0.0003,0.54156,-106.2109,18.07524,-5.07717,1.31857,-0.26554,0.04016,-0.00321,-7E-05,,,,,,,,,,,,,,,,,,,,,,,High,High,High,High,Low,,,
19,2025-10-18,12:16:50.05,5,5,"Rumberg, Logan",1000216384,Right,GEO_PAT,"Panzarella, Joey",10100201,Left,NIA_COM,Undefined,1,Top,2,1,2,Curveball,Curveball,BallCalled,Undefined,Undefined,Undefined,0,0,,77.49246,2.982745,-0.238048,2588.305297,37.189467,7:15,5.70298,2.35916,5.18662,-64.31992,-15.72395,-13.24099,3.15185,1.03177,70.12653,-8.670947,-2.586075,0.501732,,,,,,,,,,,,6.44193,-8.14119,-2.32681,50,5.93189,1.01685,-112.24878,3.50877,8.07384,23.66573,-42.37759,GEO_PAT,NIA_COM,SpuhlerFieldMain,TeamExclusive,Team,20251018-SpuhlerFieldMain-Private-1,da7ca630-ac3d-11f0-ae3b-9b4a908d198a,75.12468,,,7.36593,,,,,,,e9589120-7e22-442b-894a-3d9ff1c37833,2025-10-18,16:16:50.05,2025-10-18T12:16:50.0580000-04:00,2025-10-18T16:16:50.0580000Z,,v3,471300,,,"Vaughan, Logan",1000232024,Right,GEO_PAT,6b0d1154-e918-49bd-b00f-351bf68b37e9,55.31764,-113.36437,11.83286,5.71941,5.50643,-21.18879,-2.36577,0.63626,4.03692,,,,,,,,,,,,,,,,,,,,,,,,,,,,,,,,,,,,,,,,,,,,,,,,,,,High,High,High,,,,,
20,2025-10-18,12:17:10.19,5,6,"Rumberg, Logan",1000216384,Right,GEO_PAT,"Panzarella, Joey",10100201,Left,NIA_COM,Undefined,1,Top,2,2,2,Curveball,Curveball,StrikeSwinging,Strikeout,Undefined,Undefined,0,0,,79.21833,-0.626275,-2.498368,2617.908205,31.58997,7:00,5.64597,2.50547,5.35247,-59.24251,-13.44875,-9.17032,0.12111,-0.60355,73.03825,-11.284298,-4.132152,0.487051,,,,,,,,,,,,3.91729,-6.35803,-2.27345,50,5.54622,5.3667,-114.94062,-3.32256,5.18955,23.23851,-40.59702,GEO_PAT,NIA_COM,SpuhlerFieldMain,TeamExclusive,Team,20251018-SpuhlerFieldMain-Private-1,e68d7c60-ac3d-11f0-ae3b-9b4a908d198a,77.38908,,,6.18008,,,,,,,e9589120-7e22-442b-894a-3d9ff1c37833,2025-10-18,16:17:10.19,2025-10-18T12:17:10.1910000-04:00,2025-10-18T16:17:10.1910000Z,,v3,471300,,,"Vaughan, Logan",1000232024,Right,GEO_PAT,053fc914-20a0-4394-9a80-a20e4ec3674b,55.15419,-115.978,11.61926,5.65409,-1.51028,-20.29851,-2.50785,5.13504,2.59478,,,,,,,,,,,,,,,,,,,,,,,,,,,,,,,,,,,,,,,,,,,,,,,,,,,High,High,High,,,,,
21,2025-10-18,12:19:56.73,1,1,"Bazinet, Keegan",10316675,Right,NIA_COM,"Clyne , Owen",1000230336,Left,GEO_PAT,Undefined,1,Bottom,0,0,0,Curveball,Curveball,BallCalled,Undefined,Undefined,Undefined,0,0,,75.76688,-0.404712,-2.856243,2345.844715,17.446566,6:30,6.06468,2.03223,5.29845,-61.4685,-11.39591,-4.07858,0.56184,-0.99158,70.01165,-11.459696,-3.581801,0.509297,,,,,,,,,,,,1.2239,-5.32866,-1.76906,50,5.98203,5.63446,-109.91012,-2.83465,1.4867,20.74789,-38.64693,GEO_PAT,NIA_COM,SpuhlerFieldMain,TeamExclusive,Team,20251018-SpuhlerFieldMain-Private-1,49d41130-ac3e-11f0-ae3b-9b4a908d198a,74.00869,,,5.75524,,,,,,,e9589120-7e22-442b-894a-3d9ff1c37833,2025-10-18,16:19:56.73,2025-10-18T12:19:56.7340000-04:00,2025-10-18T16:19:56.7340000Z,,v3,471300,,,"Harper, Dalton",1000115726,Right,NIA_COM,8dc70f58-37f8-47b3-b9fa-813f5c7ad140,55.20793,-110.88888,10.37395,6.07275,-1.01154,-19.32347,-2.0332,5.56433,0.74335,,,,,,,,,,,,,,,,,,,,,,,,,,,,,,,,,,,,,,,,,,,,,,,,,,,High,High,High,,,,,
22,2025-10-18,12:20:12.14,1,2,"Bazinet, Keegan",10316675,Right,NIA_COM,"Clyne , Owen",1000230336,Left,GEO_PAT,Undefined,1,Bottom,0,1,0,Fastball,Four-Seam,FoulBallNotFieldable,Undefined,Undefined,Undefined,0,0,,89.23248,-1.330957,-3.231575,2224.051215,219.902427,1:15,5.96665,2.22892,6.17148,-23.12426,11.47304,8.72449,2.8081,-0.03207,82.0711,-5.662243,-1.660347,0.423343,85.88894,40.037497,-42.499458,4403.535811,69.2797,71.45066,-85.44186,263.24762,156.67724,-60.953299,4.32061,-5.39201,6.60969,-1.98845,50,5.85377,6.96898,-129.56524,-3.73777,-9.21431,25.72776,-20.87886,GEO_PAT,NIA_COM,SpuhlerFieldMain,TeamExclusive,Team,20251018-SpuhlerFieldMain-Private-1,52f62be0-ac3e-11f0-ae3b-9b4a908d198a,89.03516,79.17408,,7.16139,,,,1.00295,3.09281,-1.18663,e9589120-7e22-442b-894a-3d9ff1c37833,2025-10-18,16:20:12.14,2025-10-18T12:20:12.1420000-04:00,2025-10-18T16:20:12.1420000Z,FlyBall,v3,471300,,,"Harper, Dalton",1000115726,Right,NIA_COM,9abc4ef5-c581-478a-a558-de3c1fe7e3ea,54.3317,-130.42255,12.86388,5.96673,-3.04204,-10.43943,-2.22579,7.27602,-4.60716,128.380481,0.99395,71.33037,-22.23538,7.90907,-3.43439,1.34735,-0.3531,0.04975,-0.00278,3.09535,80.95923,-25.2103,1.80805,0.63228,-0.59442,0.20923,-0.03579,0.0024,-1.19467,-64.95112,-0.027,3.59993,-2.75124,1.32403,-0.37896,0.05795,-0.0036,,,,,,,,,,,,,,,,,,,,,,,High,High,High,Medium,Low,,,
23,2025-10-18,12:20:35.94,1,3,"Bazinet, Keegan",10316675,Right,NIA_COM,"Clyne , Owen",1000230336,Left,GEO_PAT,Undefined,1,Bottom,0,1,1,Fastball,Four-Seam,BallCalled,Undefined,Undefined,Undefined,0,0,,89.86891,-0.761368,-3.934118,2231.734998,209.899595,1:00,6.03314,2.13622,5.88262,-22.07769,12.4265,6.55469,3.48454,-0.97691,82.61665,-4.882931,-2.762237,0.422773,,,,,,,,,,,,-4.3652,6.87552,-1.82178,50,5.95868,8.68509,-130.34203,-2.45983,-7.56203,25.60326,-20.26332,GEO_PAT,NIA_COM,SpuhlerFieldMain,TeamExclusive,Team,20251018-SpuhlerFieldMain-Private-1,61115100-ac3e-11f0-ae3b-9b4a908d198a,89.15525,,,7.25226,,,,,,,e9589120-7e22-442b-894a-3d9ff1c37833,2025-10-18,16:20:35.94,2025-10-18T12:20:35.9480000-04:00,2025-10-18T16:20:35.9480000Z,,v3,471300,,,"Harper, Dalton",1000115726,Right,NIA_COM,6d28346d-9424-4396-b6fc-f26542bf73fc,54.61913,-131.24623,12.80163,6.03292,-1.74421,-10.13166,-2.13322,8.95215,-3.78101,,,,,,,,,,,,,,,,,,,,,,,,,,,,,,,,,,,,,,,,,,,,,,,,,,,High,High,High,,,,,
24,2025-10-18,12:20:52.82,1,4,"Bazinet, Keegan",10316675,Right,NIA_COM,"Clyne , Owen",1000230336,Left,GEO_PAT,Undefined,1,Bottom,0,2,1,Fastball,Sinker,InPlay,Undefined,GroundBall,Out,1,0,,88.11155,-1.417219,-3.156369,2099.095194,227.751631,1:30,5.89668,2.31307,6.11118,-26.78403,8.72993,8.45705,2.3519,0.09615,81.25296,-6.39686,-1.634284,0.428915,101.08235,-17.159617,7.180555,,,,,9.54422,9.07037,5.559613,0.055776,-5.22016,5.19048,-2.07503,50,5.77349,6.72429,-127.95648,-4.03212,-8.71225,24.75596,-23.51131,GEO_PAT,NIA_COM,SpuhlerFieldMain,TeamExclusive,Team,20251018-SpuhlerFieldMain-Private-1,6b39df30-ac3e-11f0-ae3b-9b4a908d198a,87.87864,2.44352,,6.85858,,,,1.64792,2.44352,-0.0645,e9589120-7e22-442b-894a-3d9ff1c37833,2025-10-18,16:20:52.82,2025-10-18T12:20:52.8240000-04:00,2025-10-18T16:20:52.8240000Z,GroundBall,v3,471300,,,"Harper, Dalton",1000115726,Right,NIA_COM,c17d3c5e-eba1-4413-96a1-5d20b1acadef,54.39253,-128.8035,12.37798,5.89769,-3.22768,-11.75566,-2.3102,7.02238,-4.35613,180,1.64592,140.7663,,,,,,,,2.44414,-43.80934,,,,,,,,-0.06475,17.73439,,,,,,,,,,,,,,,,,,,,,,,,,,,,,,High,High,High,High,High,,,
25,2025-10-18,12:21:28.00,2,1,"Bazinet, Keegan",10316675,Right,NIA_COM,"Terilli, Lucas",1000469290,Left,GEO_PAT,Undefined,1,Bottom,1,0,0,ChangeUp,Changeup,BallCalled,Undefined,Undefined,Undefined,0,0,,80.6063,-1.777925,-3.17822,1525.938723,248.01798,2:15,5.54579,2.79556,5.60325,-40.87912,3.22095,4.15256,0.47629,0.17146,73.45916,-9.261796,-2.436807,0.477959,,,,,,,,,,,,-3.12882,2.59091,-2.52595,50,5.36669,6.32087,-116.72906,-4.97915,-4.26095,24.63317,-28.64565,GEO_PAT,NIA_COM,SpuhlerFieldMain,TeamExclusive,Team,20251018-SpuhlerFieldMain-Private-1,80393cf0-ac3e-11f0-ae3b-9b4a908d198a,78.86119,,,7.14714,,,,,,,e9589120-7e22-442b-894a-3d9ff1c37833,2025-10-18,16:21:28.00,2025-10-18T12:21:28.0010000-04:00,2025-10-18T16:21:28.0010000Z,,v3,471300,,,"Harper, Dalton",1000115726,Right,NIA_COM,7f81f937-0e32-4a1b-b0f1-2602fb18cca6,54.89878,-117.7583,12.31659,5.54972,-3.78225,-14.32283,-2.79377,6.4989,-2.13048,,,,,,,,,,,,,,,,,,,,,,,,,,,,,,,,,,,,,,,,,,,,,,,,,,,High,High,High,,,,,
26,2025-10-18,12:21:47.19,2,2,"Bazinet, Keegan",10316675,Right,NIA_COM,"Terilli, Lucas",1000469290,Left,GEO_PAT,Undefined,1,Bottom,1,1,0,Fastball,Four-Seam,BallCalled,Undefined,Undefined,Undefined,0,0,,89.49382,-0.113818,-1.747868,2208.559564,214.824671,1:15,5.94587,2.21675,5.98276,-20.41029,14.30839,9.20056,4.13946,1.36278,81.78588,-3.966427,-0.094532,0.424085,,,,,,,,,,,,-5.19748,7.70752,-2.08362,50,5.92553,3.57962,-130.00115,-0.89056,-8.90217,27.03508,-18.97267,GEO_PAT,NIA_COM,SpuhlerFieldMain,TeamExclusive,Team,20251018-SpuhlerFieldMain-Private-1,8b86c320-ac3e-11f0-ae3b-9b4a908d198a,88.87941,,,7.70793,,,,,,,e9589120-7e22-442b-894a-3d9ff1c37833,2025-10-18,16:21:47.19,2025-10-18T12:21:47.1920000-04:00,2025-10-18T16:21:47.1920000Z,,v3,471300,,,"Harper, Dalton",1000115726,Right,NIA_COM,403b55bf-2bf9-4e33-8d5b-4f5f2776b474,54.51839,-130.93742,13.51754,5.94499,-0.2335,-9.48634,-2.21293,3.88792,-4.45109,,,,,,,,,,,,,,,,,,,,,,,,,,,,,,,,,,,,,,,,,,,,,,,,,,,High,High,High,,,,,
27,2025-10-18,12:22:03.60,2,3,"Bazinet, Keegan",10316675,Right,NIA_COM,"Terilli, Lucas",1000469290,Left,GEO_PAT,Undefined,1,Bottom,1,2,0,Fastball,Sinker,InPlay,Undefined,GroundBall,Out,1,0,,88.75698,-2.362299,-3.255068,2085.901912,228.370433,1:30,5.86903,2.23055,6.17045,-25.21982,9.87186,9.88666,1.58062,0.04458,81.61015,-7.063319,-1.473441,0.426357,56.04548,-49.061946,69.635204,,,,,3.03441,3.03441,25.396603,0.026971,-6.02713,6.07693,-1.98884,50,5.67676,6.93306,-128.77409,-6.11957,-10.14874,26.04539,-21.94147,GEO_PAT,NIA_COM,SpuhlerFieldMain,TeamExclusive,Team,20251018-SpuhlerFieldMain-Private-1,956772e0-ac3e-11f0-ae3b-9b4a908d198a,88.4058,1.68131,,7.14683,,,,2.23367,1.68131,-0.06579,e9589120-7e22-442b-894a-3d9ff1c37833,2025-10-18,16:22:03.60,2025-10-18T12:22:03.6020000-04:00,2025-10-18T16:22:03.6020000Z,GroundBall,v3,471300,,,"Harper, Dalton",1000115726,Right,NIA_COM,6b203802-3648-436a-85aa-741c3fa6891c,54.33268,-129.64743,13.0227,5.86963,-5.38384,-10.97074,-2.22702,7.27337,-5.07437,,2.23335,18.81629,,,,,,,,1.68235,-62.33688,,,,,,,,-0.06664,50.69079,,,,,,,,,,,,,,,,,,,,,,,,,,,,,,High,High,High,Estimated,Estimated,,,
28,2025-10-18,12:22:37.99,3,1,"Bazinet, Keegan",10316675,Right,NIA_COM,"Alberti, Lucas",1000145512,Right,GEO_PAT,Undefined,1,Bottom,2,0,0,Fastball,Four-Seam,StrikeCalled,Undefined,Undefined,Undefined,0,0,,88.54376,-0.445009,-4.009116,2149.867594,210.449726,1:00,5.96054,2.29582,6.022,-24.75824,10.57642,5.60638,3.48414,-0.95656,81.49376,-5.059222,-3.004376,0.427831,,,,,,,,,,,,-3.90764,5.88296,-1.98427,50,5.91203,8.77202,-128.45025,-1.80037,-6.5781,24.71946,-22.27069,GEO_PAT,NIA_COM,SpuhlerFieldMain,TeamExclusive,Team,20251018-SpuhlerFieldMain-Private-1,a9eb3800-ac3e-11f0-ae3b-9b4a908d198a,88.1013,,,7.05001,,,,,,,e9589120-7e22-442b-894a-3d9ff1c37833,2025-10-18,16:22:37.99,2025-10-18T12:22:37.9920000-04:00,2025-10-18T16:22:37.9920000Z,,v3,471300,,,"Harper, Dalton",1000115726,Right,NIA_COM,ecf8eda2-4e6a-464c-92a1-0d6b90ecf0f5,54.47985,-129.30949,12.35973,5.96116,-1.02624,-11.13535,-2.29316,9.00068,-3.28905,,,,,,,,,,,,,,,,,,,,,,,,,,,,,,,,,,,,,,,,,,,,,,,,,,,High,High,High,,,,,
29,2025-10-18,12:22:53.22,3,2,"Bazinet, Keegan",10316675,Right,NIA_COM,"Alberti, Lucas",1000145512,Right,GEO_PAT,Undefined,1,Bottom,2,0,1,Slider,Slider,StrikeSwinging,Undefined,Undefined,Undefined,0,0,,81.09912,0.089453,-2.768622,2571.878802,83.681069,8:45,5.64363,2.63213,5.04072,-44.11833,0.57894,-9.35623,2.05159,-0.76148,73.37794,-7.927248,-4.419203,0.481185,,,,,,,,,,,,3.71248,0.74358,-2.35984,50,5.61724,6.07686,-117.33347,-1.43322,5.0826,25.9149,-31.15606,GEO_PAT,NIA_COM,SpuhlerFieldMain,TeamExclusive,Team,20251018-SpuhlerFieldMain-Private-1,b2eaaf80-ac3e-11f0-ae3b-9b4a908d198a,78.33256,,,7.72118,,,,,,,e9589120-7e22-442b-894a-3d9ff1c37833,2025-10-18,16:22:53.22,2025-10-18T12:22:53.2260000-04:00,2025-10-18T16:22:53.2260000Z,,v3,471300,,,"Harper, Dalton",1000115726,Right,NIA_COM,28628635-3fd9-4390-947d-fac63eed9361,55.45892,-118.53303,12.95745,5.6502,0.00893,-15.57803,-2.63568,5.8416,2.5413,,,,,,,,,,,,,,,,,,,,,,,,,,,,,,,,,,,,,,,,,,,,,,,,,,,High,High,High,,,,,
30,2025-10-18,12:23:10.10,3,3,"Bazinet, Keegan",10316675,Right,NIA_COM,"Alberti, Lucas",1000145512,Right,GEO_PAT,Undefined,1,Bottom,2,0,2,Slider,Slider,BallCalled,Undefined,Undefined,Undefined,0,0,,80.9964,0.43102,-4.617411,2393.031439,110.431626,9:45,5.47207,2.69411,5.30521,-41.71609,3.33937,-4.15225,2.40169,-1.99603,72.34898,-7.228837,-5.350223,0.483109,,,,,,,,,,,,0.37807,2.06894,-2.2707,50,5.48178,9.61109,-116.80784,-0.57321,0.50722,27.93421,-29.39834,GEO_PAT,NIA_COM,SpuhlerFieldMain,TeamExclusive,Team,20251018-SpuhlerFieldMain-Private-1,bcf94d10-ac3e-11f0-ae3b-9b4a908d198a,78.02056,,,8.64742,,,,,,,e9589120-7e22-442b-894a-3d9ff1c37833,2025-10-18,16:23:10.10,2025-10-18T12:23:10.1010000-04:00,2025-10-18T16:23:10.1010000Z,,v3,471300,,,"Harper, Dalton",1000115726,Right,NIA_COM,678beb98-20c6-485b-8684-c79534759db1,55.19091,-118.0427,13.96711,5.47839,0.72638,-14.69917,-2.69508,9.58866,0.25361,,,,,,,,,,,,,,,,,,,,,,,,,,,,,,,,,,,,,,,,,,,,,,,,,,,High,High,High,,,,,
31,2025-10-18,12:23:26.51,3,4,"Bazinet, Keegan",10316675,Right,NIA_COM,"Alberti, Lucas",1000145512,Right,GEO_PAT,Undefined,1,Bottom,2,1,2,Fastball,Four-Seam,FoulBallNotFieldable,Undefined,Undefined,Undefined,0,0,,88.93357,-1.385761,-2.684573,2219.48003,206.498653,1:00,6.04409,2.21321,6.14551,-20.598,14.25017,6.58075,3.04533,0.27895,81.74503,-5.264736,-1.499398,0.424875,82.54373,80.27255,143.526045,4538.326109,,,,,31.83972,,,-4.13729,8.06886,-2.01202,50,5.92767,5.79655,-129.17801,-3.75074,-7.02472,25.68926,-18.47386,GEO_PAT,NIA_COM,SpuhlerFieldMain,TeamExclusive,Team,20251018-SpuhlerFieldMain-Private-1,c6d3e250-ac3e-11f0-ae3b-9b4a908d198a,88.71416,110.94209,,7.18853,,,,2.2618,3.07935,-0.16353,e9589120-7e22-442b-894a-3d9ff1c37833,2025-10-18,16:23:26.51,2025-10-18T12:23:26.5100000-04:00,2025-10-18T16:23:26.5100000Z,,v3,471300,,,"Harper, Dalton",1000115726,Right,NIA_COM,438385f7-fffe-40b5-b094-1d95a4621641,54.35757,-130.0417,12.84463,6.04333,-3.12964,-9.23693,-2.21088,6.03272,-3.51236,354.062149,2.26178,-16.4452,-9.27356,3.912,-0.64913,-0.89471,1.33876,-0.76895,0.16348,3.07935,119.3238,-33.58784,4.84369,-0.78853,-0.24041,0.44551,-0.25069,0.05174,-0.16353,12.15982,-1.96146,0.41483,-0.05012,-0.04763,0.06853,-0.03803,0.00788,,,,,,,,,,,,,,,,,,,,,,,High,High,High,High,Undefined,,,
32,2025-10-18,12:23:50.93,3,5,"Bazinet, Keegan",10316675,Right,NIA_COM,"Alberti, Lucas",1000145512,Right,GEO_PAT,Undefined,1,Bottom,2,1,2,Slider,Curveball,BallCalled,Undefined,Undefined,Undefined,0,0,,78.58477,-1.793613,-4.087991,2437.544944,10.035685,6:15,6.0615,2.00146,5.24772,-53.55286,-6.74914,-1.45866,-0.09169,-1.96843,72.57696,-11.399719,-4.3466,0.492393,,,,,,,,,,,,-0.47327,-2.5854,-1.62422,50,5.85574,8.18627,-113.75915,-5.42303,-0.61611,22.14771,-35.5398,GEO_PAT,NIA_COM,SpuhlerFieldMain,TeamExclusive,Team,20251018-SpuhlerFieldMain-Private-1,d564d3b0-ac3e-11f0-ae3b-9b4a908d198a,76.54956,,,6.00781,,,,,,,e9589120-7e22-442b-894a-3d9ff1c37833,2025-10-18,16:23:50.93,2025-10-18T12:23:50.9300000-04:00,2025-10-18T16:23:50.9300000Z,,v3,471300,,,"Harper, Dalton",1000115726,Right,NIA_COM,86254a05-8098-4b5d-add7-d75894437675,55.25763,-114.77819,11.07386,6.06764,-3.78781,-17.7699,-2.00154,8.21462,-0.30805,,,,,,,,,,,,,,,,,,,,,,,,,,,,,,,,,,,,,,,,,,,,,,,,,,,High,High,High,,,,,
33,2025-10-18,12:24:15.25,3,6,"Bazinet, Keegan",10316675,Right,NIA_COM,"Alberti, Lucas",1000145512,Right,GEO_PAT,Undefined,1,Bottom,2,2,2,Fastball,Four-Seam,BallCalled,Undefined,Undefined,Undefined,0,0,,89.81283,-0.643301,-4.696729,2172.256182,202.106801,12:45,6.04599,2.01064,6.01441,-22.25048,12.78946,4.69575,3.59379,-1.95886,81.19027,-4.839687,-3.856925,0.426043,,,,,,,,,,,,-3.85559,7.13016,-1.64377,50,5.98328,10.47133,-129.91149,-2.15984,-6.51635,30.0199,-20.12331,GEO_PAT,NIA_COM,SpuhlerFieldMain,TeamExclusive,Team,20251018-SpuhlerFieldMain-Private-1,e3c9fa20-ac3e-11f0-ae3b-9b4a908d198a,88.47104,,,8.62256,,,,,,,e9589120-7e22-442b-894a-3d9ff1c37833,2025-10-18,16:24:15.25,2025-10-18T12:24:15.2530000-04:00,2025-10-18T16:24:15.2530000Z,,v3,471300,,,"Harper, Dalton",1000115726,Right,NIA_COM,013f5447-6105-43f3-ac62-eca98b14e752,54.48421,-130.9436,15.00995,6.04565,-1.46799,-10.06166,-2.00763,10.69537,-3.25818,,,,,,,,,,,,,,,,,,,,,,,,,,,,,,,,,,,,,,,,,,,,,,,,,,,High,High,High,,,,,
34,2025-10-18,12:24:34.60,3,7,"Bazinet, Keegan",10316675,Right,NIA_COM,"Alberti, Lucas",1000145512,Right,GEO_PAT,Undefined,1,Bottom,2,3,2,Fastball,Four-Seam,BallCalled,Walk,Undefined,Undefined,0,0,,89.17463,-0.149385,-3.11712,2163.144379,219.631775,1:15,5.8877,2.25076,6.06811,-23.61332,11.53225,8.58115,3.78147,0.07824,81.00597,-4.594976,-1.575025,0.426684,,,,,,,,,,,,-5.30559,6.33433,-2.01322,50,5.86356,6.67967,-129.32801,-1.08323,-8.93533,28.38662,-21.50613,GEO_PAT,NIA_COM,SpuhlerFieldMain,TeamExclusive,Team,20251018-SpuhlerFieldMain-Private-1,ef523f60-ac3e-11f0-ae3b-9b4a908d198a,88.33803,,,8.16867,,,,,,,e9589120-7e22-442b-894a-3d9ff1c37833,2025-10-18,16:24:34.60,2025-10-18T12:24:34.6020000-04:00,2025-10-18T16:24:34.6020000Z,,v3,471300,,,"Harper, Dalton",1000115726,Right,NIA_COM,c4e2fe92-1cb6-44fb-8b8c-c0cf6b5aed60,54.43149,-130.29706,14.19331,5.88801,-0.34906,-10.75306,-2.24645,6.9847,-4.46767,,,,,,,,,,,,,,,,,,,,,,,,,,,,,,,,,,,,,,,,,,,,,,,,,,,High,High,High,,,,,
35,2025-10-18,12:25:06.74,4,1,"Bazinet, Keegan",10316675,Right,NIA_COM,"Butler, Jake",1000136500,Right,GEO_PAT,Undefined,1,Bottom,2,0,0,Fastball,Four-Seam,BallCalled,Undefined,Undefined,Undefined,0,0,,87.57678,-2.168071,-5.680145,2138.567379,220.912736,1:15,5.89838,2.2099,5.8729,-25.11824,11.61607,9.05548,1.78044,-2.32893,80.30312,-6.830289,-4.067584,0.436222,,,,,,,,,,,,-6.16705,6.8902,-1.75394,50,5.7074,12.21198,-126.56052,-5.63112,-10.02689,25.24284,-20.97145,GEO_PAT,NIA_COM,SpuhlerFieldMain,TeamExclusive,Team,20251018-SpuhlerFieldMain-Private-1,02963180-ac3f-11f0-ae3b-9b4a908d198a,86.40663,,,7.27365,,,,,,,e9589120-7e22-442b-894a-3d9ff1c37833,2025-10-18,16:25:06.74,2025-10-18T12:25:06.7470000-04:00,2025-10-18T16:25:06.7470000Z,,v3,471300,,,"Harper, Dalton",1000115726,Right,NIA_COM,b1f1848f-66f7-4ab6-b3a8-6051ac685df8,54.62853,-127.48035,12.62142,5.89866,-4.86694,-10.48573,-2.20559,12.57736,-5.01344,,,,,,,,,,,,,,,,,,,,,,,,,,,,,,,,,,,,,,,,,,,,,,,,,,,High,High,High,,,,,
36,2025-10-18,12:25:28.81,4,2,"Bazinet, Keegan",10316675,Right,NIA_COM,"Butler, Jake",1000136500,Right,GEO_PAT,Undefined,1,Bottom,2,1,0,Fastball,Four-Seam,BallCalled,Undefined,Undefined,Undefined,0,0,,87.15079,0.438888,-4.260843,2101.327278,200.356949,12:45,6.0051,2.52659,5.86465,-24.05525,13.24505,4.44138,4.40937,-1.06898,78.88154,-4.084365,-3.46813,0.439569,,,,,,,,,,,,-3.54599,7.0078,-2.18304,50,6.02692,9.20862,-126.13221,0.21342,-5.66377,27.70023,-20.98097,GEO_PAT,NIA_COM,SpuhlerFieldMain,TeamExclusive,Team,20251018-SpuhlerFieldMain-Private-1,0fa89930-ac3f-11f0-ae3b-9b4a908d198a,85.74854,,,8.26925,,,,,,,e9589120-7e22-442b-894a-3d9ff1c37833,2025-10-18,16:25:28.81,2025-10-18T12:25:28.8140000-04:00,2025-10-18T16:25:28.8140000Z,,v3,471300,,,"Harper, Dalton",1000115726,Right,NIA_COM,38d713f9-18d9-4acf-9cee-bec4ab9cea7c,54.63403,-127.14582,13.85012,6.00507,0.98116,-10.49049,-2.5238,9.41587,-2.83189,,,,,,,,,,,,,,,,,,,,,,,,,,,,,,,,,,,,,,,,,,,,,,,,,,,High,High,High,,,,,
37,2025-10-18,12:25:49.00,4,3,"Bazinet, Keegan",10316675,Right,NIA_COM,"Butler, Jake",1000136500,Right,GEO_PAT,Undefined,1,Bottom,2,2,0,Fastball,Cutter,BallCalled,Undefined,Undefined,Undefined,0,0,,86.77312,-0.460101,-4.955936,2148.791064,198.618415,12:30,5.89157,2.47929,5.89467,-24.78257,12.59178,3.83894,3.39754,-1.81383,79.23113,-5.088747,-4.271441,0.440006,,,,,,,,,,,,-3.35355,6.93733,-2.08129,50,5.84015,10.7308,-125.57928,-1.79645,-5.35022,25.65262,-21.10629,GEO_PAT,NIA_COM,SpuhlerFieldMain,TeamExclusive,Team,20251018-SpuhlerFieldMain-Private-1,1baaa250-ac3f-11f0-ae3b-9b4a908d198a,85.66353,,,7.54199,,,,,,,e9589120-7e22-442b-894a-3d9ff1c37833,2025-10-18,16:25:49.00,2025-10-18T12:25:49.0020000-04:00,2025-10-18T16:25:49.0020000Z,,v3,471300,,,"Harper, Dalton",1000115726,Right,NIA_COM,f5b38f16-819f-4740-a64f-8d5a72c43fba,54.60573,-126.51661,12.82631,5.89171,-1.02524,-10.55315,-2.47696,10.9263,-2.67511,,,,,,,,,,,,,,,,,,,,,,,,,,,,,,,,,,,,,,,,,,,,,,,,,,,High,High,High,,,,,
38,2025-10-18,12:26:09.05,4,4,"Bazinet, Keegan",10316675,Right,NIA_COM,"Butler, Jake",1000136500,Right,GEO_PAT,Undefined,1,Bottom,2,3,0,Fastball,Four-Seam,StrikeCalled,Undefined,Undefined,Undefined,0,0,,85.42658,-0.983891,-3.388171,2024.251404,198.720432,12:30,5.91097,2.24379,6.14297,-22.74021,15.36017,4.78532,3.105,-0.49228,77.95231,-5.279069,-2.527631,0.444259,,,,,,,,,,,,-3.42662,8.58654,-1.98761,50,5.82403,7.14479,-123.88841,-2.78468,-5.3131,25.29114,-18.86027,GEO_PAT,NIA_COM,SpuhlerFieldMain,TeamExclusive,Team,20251018-SpuhlerFieldMain-Private-1,27b97cb0-ac3f-11f0-ae3b-9b4a908d198a,84.84344,,,7.47427,,,,,,,e9589120-7e22-442b-894a-3d9ff1c37833,2025-10-18,16:26:09.05,2025-10-18T12:26:09.0580000-04:00,2025-10-18T16:26:09.0580000Z,,v3,471300,,,"Harper, Dalton",1000115726,Right,NIA_COM,95b07955-83a7-4290-a7b7-609fe7b1f399,54.35694,-124.77469,12.64557,5.91003,-2.12376,-9.43013,-2.24124,7.33097,-2.65655,,,,,,,,,,,,,,,,,,,,,,,,,,,,,,,,,,,,,,,,,,,,,,,,,,,High,High,High,,,,,
39,2025-10-18,12:26:26.54,4,5,"Bazinet, Keegan",10316675,Right,NIA_COM,"Butler, Jake",1000136500,Right,GEO_PAT,Undefined,1,Bottom,2,3,1,Fastball,Changeup,BallCalled,Walk,Undefined,Undefined,0,0,,86.14559,0.256689,-3.342349,2193.029942,232.102432,1:45,5.95024,2.48957,5.80849,-30.14132,7.88993,8.51768,3.67759,0.08749,78.3614,-5.345835,-1.819433,0.443856,,,,,,,,,,,,-5.3054,4.33433,-2.22006,50,5.95351,6.93633,-124.87532,-0.44799,-8.33541,26.32402,-25.3643,GEO_PAT,NIA_COM,SpuhlerFieldMain,TeamExclusive,Team,20251018-SpuhlerFieldMain-Private-1,320dfce0-ac3f-11f0-ae3b-9b4a908d198a,84.92049,,,7.7842,,,,,,,e9589120-7e22-442b-894a-3d9ff1c37833,2025-10-18,16:26:26.54,2025-10-18T12:26:26.5420000-04:00,2025-10-18T16:26:26.5420000Z,,v3,471300,,,"Harper, Dalton",1000115726,Right,NIA_COM,01f1192e-2840-4c2c-aafc-ab95b2278341,54.69187,-125.86049,13.16201,5.95252,0.50127,-12.68215,-2.48549,7.24828,-4.16771,,,,,,,,,,,,,,,,,,,,,,,,,,,,,,,,,,,,,,,,,,,,,,,,,,,High,High,High,,,,,
40,2025-10-18,12:26:58.52,5,1,"Bazinet, Keegan",10316675,Right,NIA_COM,"Westley, Matthew",824016,Right,GEO_PAT,Undefined,1,Bottom,2,0,0,Curveball,Curveball,StrikeCalled,Undefined,Undefined,Undefined,0,0,,72.07932,2.514849,-1.740813,2118.561898,42.403853,7:30,6.11295,2.2221,4.94756,-61.33913,-5.5404,-6.62741,3.38056,0.02421,66.31563,-8.543427,-2.909215,0.53763,,,,,,,,,,,,2.78453,-2.8965,-2.04731,50,6.30643,3.4299,-104.4958,2.52822,3.07899,17.60059,-35.37684,GEO_PAT,NIA_COM,SpuhlerFieldMain,TeamExclusive,Team,20251018-SpuhlerFieldMain-Private-1,452bf070-ac3f-11f0-ae3b-9b4a908d198a,70.10849,,,5.76369,,,,,,,e9589120-7e22-442b-894a-3d9ff1c37833,2025-10-18,16:26:58.52,2025-10-18T12:26:58.5270000-04:00,2025-10-18T16:26:58.5270000Z,,v3,471300,,,"Harper, Dalton",1000115726,Right,NIA_COM,efa293a4-1fbb-448f-8b92-6ef93d8ef306,55.55638,-105.42752,8.8003,6.12303,4.40097,-17.68842,-2.22457,3.26691,1.53949,,,,,,,,,,,,,,,,,,,,,,,,,,,,,,,,,,,,,,,,,,,,,,,,,,,High,High,High,,,,,
41,2025-10-18,12:27:14.66,5,2,"Bazinet, Keegan",10316675,Right,NIA_COM,"Westley, Matthew",824016,Right,GEO_PAT,Undefined,1,Bottom,2,0,1,Fastball,Four-Seam,BallCalled,Undefined,Undefined,Undefined,0,0,,87.47324,0.835121,-3.577797,2192.537518,217.732928,1:15,6.02235,2.40345,5.66283,-25.94501,10.90434,7.55941,4.64062,-0.30735,79.97926,-3.987863,-2.231246,0.436904,,,,,,,,,,,,-4.77949,5.65583,-2.10518,50,6.0768,7.6025,-126.81246,0.97359,-7.80661,25.19406,-22.93605,GEO_PAT,NIA_COM,SpuhlerFieldMain,TeamExclusive,Team,20251018-SpuhlerFieldMain-Private-1,4eb9c540-ac3f-11f0-ae3b-9b4a908d198a,86.27163,,,7.49398,,,,,,,e9589120-7e22-442b-894a-3d9ff1c37833,2025-10-18,16:27:14.66,2025-10-18T12:27:14.6670000-04:00,2025-10-18T16:27:14.6670000Z,,v3,471300,,,"Harper, Dalton",1000115726,Right,NIA_COM,053de9fe-581c-41d8-86cf-a49d579cd8e2,54.83779,-127.76998,12.59703,6.02324,1.84529,-11.46803,-2.39976,7.8992,-3.9033,,,,,,,,,,,,,,,,,,,,,,,,,,,,,76.45239,1.535736,0.635443,0.900293,-1.45435,4.43297,0.4174,-2.95859,5.4572,-2.33217,63.7216,6.1792,-61.06031,-2.90312,82.28399,-9.26874,5.49359,14.27681,-15.06025,-2.38583,-72.93238,8.68778,High,High,High,,,High,High,High
42,2025-10-18,12:27:44.01,5,3,"Bazinet, Keegan",10316675,Right,NIA_COM,"Westley, Matthew",824016,Right,GEO_PAT,Undefined,1,Bottom,2,1,1,Fastball,Changeup,BallCalled,Undefined,Undefined,Undefined,0,0,,85.8414,0.432473,-2.246241,2118.798072,216.206708,1:15,5.86992,2.4833,5.80094,-26.64545,11.20048,7.37638,4.05204,1.00765,78.84738,-4.526769,-0.925992,0.442773,,,,,,,,,,,,-4.33803,5.9517,-2.303,50,5.88955,4.58595,-124.6763,0.07337,-6.87017,23.61957,-22.74826,GEO_PAT,NIA_COM,SpuhlerFieldMain,TeamExclusive,Team,20251018-SpuhlerFieldMain-Private-1,603aaaa0-ac3f-11f0-ae3b-9b4a908d198a,85.12816,,,6.99401,,,,,,,e9589120-7e22-442b-894a-3d9ff1c37833,2025-10-18,16:27:44.01,2025-10-18T12:27:44.0190000-04:00,2025-10-18T16:27:44.0190000Z,,v3,471300,,,"Harper, Dalton",1000115726,Right,NIA_COM,ad4c1855-49f7-40c2-865d-53ef7c2cd528,54.70048,-125.56363,11.80979,5.87074,0.92798,-11.37413,-2.48013,4.84405,-3.43509,,,,,,,,,,,,,,,,,,,,,,,,,,,,,,,,,,,,,,,,,,,,,,,,,,,High,High,High,,,,,
43,2025-10-18,12:28:01.59,5,4,"Bazinet, Keegan",10316675,Right,NIA_COM,"Westley, Matthew",824016,Right,GEO_PAT,Undefined,1,Bottom,2,2,1,Fastball,Four-Seam,InPlay,Undefined,LineDrive,Single,0,1,,88.19525,-1.934937,-3.796508,2294.078476,219.107876,1:15,5.89411,2.41721,5.97209,-25.8332,9.97103,7.21512,1.94277,-0.50657,81.1248,-6.731342,-2.502927,0.430664,101.24352,6.030783,18.215782,2217.909304,101.12017,3.5375,43.29752,138.41893,135.74415,24.408366,1.077297,-4.74181,5.97095,-2.1202,50,5.726,8.19531,-127.8863,-5.17337,-7.88405,25.39563,-22.24635,GEO_PAT,NIA_COM,SpuhlerFieldMain,TeamExclusive,Team,20251018-SpuhlerFieldMain-Private-1,6ace0890-ac3f-11f0-ae3b-9b4a908d198a,87.52167,5.45221,,7.07045,,,,0.954,1.8444,0.62695,e9589120-7e22-442b-894a-3d9ff1c37833,2025-10-18,16:28:01.59,2025-10-18T12:28:01.5990000-04:00,2025-10-18T16:28:01.5990000Z,GroundBall,v3,471300,,,"Harper, Dalton",1000115726,Right,NIA_COM,2951e2e8-86a2-48af-ab5c-f603189feed2,54.53083,-128.78288,12.69781,5.89479,-4.38796,-11.12318,-2.41445,8.47365,-3.94202,265.32798,1.15197,137.74546,-20.39939,,,,,,,1.91252,14.73579,-15.37978,,,,,,,0.49241,47.91257,4.48615,,,,,,,,,,,,,,,,,,,,,,,,,,,,,High,High,High,High,High,,,
44,2025-10-18,12:28:42.21,6,1,"Bazinet, Keegan",10316675,Right,NIA_COM,"Tignor, Laken",1000091229,Right,GEO_PAT,Undefined,1,Bottom,2,0,0,Fastball,Slider,FoulBallNotFieldable,Undefined,Undefined,Undefined,0,0,,86.73012,-1.10494,-3.582493,2170.183515,211.484441,1:00,5.99907,2.34433,5.87676,-26.09344,10.7241,5.93792,2.79622,-0.49261,80.33765,-5.935758,-2.519898,0.436716,,,,,,,,,,,,-3.91811,6.08233,-2.05778,50,5.89426,7.64503,-125.91579,-3.28682,-6.37144,22.47953,-22.2832,GEO_PAT,NIA_COM,SpuhlerFieldMain,TeamExclusive,Team,20251018-SpuhlerFieldMain-Private-1,8302c7c0-ac3f-11f0-ae3b-9b4a908d198a,86.3089,,,6.39246,,,,,,,e9589120-7e22-442b-894a-3d9ff1c37833,2025-10-18,16:28:42.21,2025-10-18T12:28:42.2110000-04:00,2025-10-18T16:28:42.2110000Z,,v3,471300,,,"Harper, Dalton",1000115726,Right,NIA_COM,ec6f3d60-1714-449a-bfcc-481445ccdb49,54.62653,-126.73907,11.23976,5.99969,-2.47074,-11.1416,-2.34204,7.87837,-3.18572,,,,,,,,,,,,,,,,,,,,,,,,,,,,,,,,,,,,,,,,,,,,,,,,,,,High,High,High,,,,,
45,2025-10-18,12:29:04.70,6,2,"Bazinet, Keegan",10316675,Right,NIA_COM,"Tignor, Laken",1000091229,Right,GEO_PAT,Undefined,1,Bottom,2,0,1,Slider,Slider,StrikeCalled,Undefined,Undefined,Undefined,0,0,,78.84585,0.51949,-3.306457,2235.447975,98.079819,9:15,5.55138,2.68061,5.27563,-44.13117,2.45957,-6.13776,2.36257,-0.94005,71.75749,-7.532245,-4.392632,0.491271,,,,,,,,,,,,2.04232,1.5489,-2.37355,50,5.56672,6.84307,-114.14228,-0.47705,2.66543,23.118,-30.15263,GEO_PAT,NIA_COM,SpuhlerFieldMain,TeamExclusive,Team,20251018-SpuhlerFieldMain-Private-1,90582be0-ac3f-11f0-ae3b-9b4a908d198a,76.72432,,,7.08836,,,,,,,e9589120-7e22-442b-894a-3d9ff1c37833,2025-10-18,16:29:04.70,2025-10-18T12:29:04.7060000-04:00,2025-10-18T16:29:04.7060000Z,,v3,471300,,,"Harper, Dalton",1000115726,Right,NIA_COM,737a2e82-8860-4f57-a2e4-6c46ba0d8577,55.22475,-115.19562,11.559,5.55716,0.89682,-15.07632,-2.68258,6.72162,1.33271,,,,,,,,,,,,,,,,,,,,,,,,,,,,,,,,,,,,,,,,,,,,,,,,,,,High,High,High,,,,,
46,2025-10-18,12:29:26.90,6,3,"Bazinet, Keegan",10316675,Right,NIA_COM,"Tignor, Laken",1000091229,Right,GEO_PAT,Undefined,1,Bottom,2,0,2,Curveball,Curveball,StrikeSwinging,Strikeout,Undefined,Undefined,0,0,,72.47636,2.011327,-1.870531,2047.482215,25.325565,6:45,5.92866,2.12755,5.10471,-61.49586,-7.53882,-4.22272,2.70102,0.01247,67.83996,-9.038996,-2.617696,0.528683,,,,,,,,,,,,1.6761,-3.81213,-1.94756,50,6.06965,3.59598,-105.33596,1.66044,1.91429,15.12418,-36.52787,GEO_PAT,NIA_COM,SpuhlerFieldMain,TeamExclusive,Team,20251018-SpuhlerFieldMain-Private-1,9d9aa440-ac3f-11f0-ae3b-9b4a908d198a,71.29495,,,4.6364,,,,,,,e9589120-7e22-442b-894a-3d9ff1c37833,2025-10-18,16:29:26.90,2025-10-18T12:29:26.9020000-04:00,2025-10-18T16:29:26.9020000Z,,v3,471300,,,"Harper, Dalton",1000115726,Right,NIA_COM,78c9b64e-a9ac-43b2-9269-deeda6187981,55.40226,-106.10879,7.56209,5.93711,3.52697,-18.26393,-2.12881,3.49816,0.95715,,,,,,,,,,,,,,,,,,,,,,,,,,,,,75.11494,,,0.918311,,,,2.63318,4.5297,2.25155,74.7386,9.7082,-50.04448,2.68262,85.06872,-7.21147,4.55333,17.97805,-13.47498,2.16797,-65.49676,9.44377,High,High,High,,,High,Medium,High
47,2025-10-18,12:31:52.46,1,1,"Rumberg, Logan",1000216384,Right,GEO_PAT,"Kohr, Evan",1000275285,Right,NIA_COM,Undefined,2,Top,0,0,0,Cutter,Slider,BallCalled,Undefined,Undefined,Undefined,0,0,,78.63163,1.919101,-1.760327,2212.415819,123.119741,10:00,5.68622,2.14885,5.25213,-41.43483,4.64697,-5.05473,4.03823,0.07292,72.35214,-5.643428,-2.655619,0.488581,,,,,,,,,,,,2.05732,2.26634,-1.98343,50,5.83185,3.71163,-114.09133,2.40388,2.7293,19.71645,-29.16746,GEO_PAT,NIA_COM,SpuhlerFieldMain,TeamExclusive,Team,20251018-SpuhlerFieldMain-Private-1,f4578960-ac3f-11f0-ae3b-9b4a908d198a,77.14683,,,6.27949,,,,,,,e9589120-7e22-442b-894a-3d9ff1c37833,2025-10-18,16:31:52.46,2025-10-18T12:31:52.4630000-04:00,2025-10-18T16:31:52.4630000Z,,v3,471300,,,"Vaughan, Logan",1000232024,Right,GEO_PAT,38b400cd-e72b-49a2-aff9-5c6e6da58958,55.24923,-114.99489,9.85823,5.69106,3.74055,-14.58373,-2.15065,3.58655,1.36465,,,,,,,,,,,,,,,,,,,,,,,,,,,,,,,,,,,,,,,,,,,,,,,,,,,High,High,High,,,,,
48,2025-10-18,12:32:13.53,1,2,"Rumberg, Logan",1000216384,Right,GEO_PAT,"Kohr, Evan",1000275285,Right,NIA_COM,Undefined,2,Top,0,1,0,Fastball,Four-Seam,StrikeSwinging,Undefined,Undefined,Undefined,0,0,,89.81593,-2.080775,-2.954273,2280.393177,192.390401,12:30,5.87371,1.88256,6.09131,-14.98824,19.47155,4.03484,2.69646,-0.51649,82.07723,-4.955806,-2.229019,0.422501,,,,,,,,,,,,-2.89551,10.94524,-1.6566,50,5.70488,6.55456,-130.27105,-5.13696,-4.97614,27.34594,-13.36382,GEO_PAT,NIA_COM,SpuhlerFieldMain,TeamExclusive,Team,20251018-SpuhlerFieldMain-Private-1,00f5ab70-ac40-11f0-ae3b-9b4a908d198a,89.2127,,,7.73871,,,,,,,e9589120-7e22-442b-894a-3d9ff1c37833,2025-10-18,16:32:13.53,2025-10-18T12:32:13.5390000-04:00,2025-10-18T16:32:13.5390000Z,,v3,471300,,,"Vaughan, Logan",1000232024,Right,GEO_PAT,0c1f47c5-be35-4b37-bbb4-f60a395b2892,54.4093,-131.19337,13.67297,5.87054,-4.68623,-6.68191,-1.8805,6.72239,-2.48807,,,,,,,,,,,,,,,,,,,,,,,,,,,,,,,,,,,,,,,,,,,,,,,,,,,High,High,High,,,,,
49,2025-10-18,12:32:30.71,1,3,"Rumberg, Logan",1000216384,Right,GEO_PAT,"Kohr, Evan",1000275285,Right,NIA_COM,Undefined,2,Top,0,1,1,Fastball,Four-Seam,StrikeSwinging,Undefined,Undefined,Undefined,0,0,,91.18528,-2.392846,-3.039492,2307.838851,189.193945,12:15,5.8636,2.10993,6.01494,-12.11835,21.46537,3.29756,2.63261,-0.43367,83.20299,-4.747115,-2.447827,0.417096,,,,,,,,,,,,-2.54575,12.02859,-1.87302,50,5.66877,6.87833,-132.19395,-5.82518,-4.50033,28.44413,-10.91026,GEO_PAT,NIA_COM,SpuhlerFieldMain,TeamExclusive,Team,20251018-SpuhlerFieldMain-Private-1,0b15ae20-ac40-11f0-ae3b-9b4a908d198a,90.36875,,,7.98229,,,,,,,e9589120-7e22-442b-894a-3d9ff1c37833,2025-10-18,16:32:30.71,2025-10-18T12:32:30.7100000-04:00,2025-10-18T16:32:30.7100000Z,,v3,471300,,,"Vaughan, Logan",1000232024,Right,GEO_PAT,606f012f-b7d5-42ac-9e79-f840a2a8939a,54.48573,-133.15564,14.22207,5.85948,-5.45631,-5.45513,-2.10815,7.03049,-2.25017,,,,,,,,,,,,,,,,,,,,,,,,,,,,,,,,,,,,,,,,,,,,,,,,,,,High,High,High,,,,,
50,2025-10-18,12:32:48.08,1,4,"Rumberg, Logan",1000216384,Right,GEO_PAT,"Kohr, Evan",1000275285,Right,NIA_COM,Undefined,2,Top,0,1,2,Fastball,Four-Seam,FoulBallNotFieldable,Undefined,Undefined,Undefined,0,0,,91.54386,-2.290543,-2.589044,2264.571796,190.775609,12:15,5.80182,2.02019,5.87279,-13.88824,19.64237,3.52795,2.51354,-0.09234,83.41607,-4.957799,-1.957178,0.416766,75.19166,11.254833,165.984319,2541.408517,,,,116.71316,51.33731,168.852141,1.192604,-2.55154,11.04571,-1.8126,50,5.60822,5.84945,-132.73371,-5.70059,-4.53818,29.22088,-12.52819,GEO_PAT,NIA_COM,SpuhlerFieldMain,TeamExclusive,Team,20251018-SpuhlerFieldMain-Private-1,158fb7b0-ac40-11f0-ae3b-9b4a908d198a,90.44034,7.97721,,8.12779,,,,0.60545,2.3717,0.11041,e9589120-7e22-442b-894a-3d9ff1c37833,2025-10-18,16:32:48.08,2025-10-18T12:32:48.0850000-04:00,2025-10-18T16:32:48.0850000Z,GroundBall,v3,471300,,,"Vaughan, Logan",1000232024,Right,GEO_PAT,7d7861a1-1ad3-49f4-ae07-9452d08c1862,54.6284,-133.74876,14.61044,5.79868,-5.2654,-6.26409,-2.01852,6.00709,-2.26909,305.632736,0.59136,-104.77438,6.93486,,,,,,,2.47408,20.35373,-18.8723,,,,,,,0.1748,25.45018,-5.63762,,,,,,,,,,,,,,,,,,,,,,,,,,,,,High,High,High,High,Medium,,,
51,2025-10-18,12:33:08.98,1,5,"Rumberg, Logan",1000216384,Right,GEO_PAT,"Kohr, Evan",1000275285,Right,NIA_COM,Undefined,2,Top,0,1,2,Curveball,Curveball,StrikeSwinging,Strikeout,Undefined,Undefined,0,0,,76.95121,1.665512,-0.567032,2556.791732,25.380535,6:45,5.69369,2.08375,4.89882,-67.455,-17.59296,-9.20115,1.64832,0.78063,69.83401,-10.458854,-2.193814,0.508226,,,,,,,,,,,,4.36788,-8.80626,-2.01997,50,5.79936,1.47982,-111.49876,0.7651,5.38465,23.92124,-43.03025,GEO_PAT,NIA_COM,SpuhlerFieldMain,TeamExclusive,Team,20251018-SpuhlerFieldMain-Private-1,220d0b50-ac40-11f0-ae3b-9b4a908d198a,74.16478,,,7.1172,,,,,,,e9589120-7e22-442b-894a-3d9ff1c37833,2025-10-18,16:33:08.98,2025-10-18T12:33:08.9860000-04:00,2025-10-18T16:33:08.9860000Z,,v3,471300,,,"Vaughan, Logan",1000232024,Right,GEO_PAT,b4652a84-ff8f-4d79-857d-8c9c2e92c3e1,55.6067,-112.69522,11.96062,5.70727,2.91732,-21.51513,-2.08725,1.2105,2.69233,,,,,,,,,,,,,,,,,,,,,,,,,,,,,67.29459,,,0.995093,,,,-2.0345,5.78797,-6.19381,68.05855,7.83307,-56.72396,-1.9729,76.18565,-5.82212,5.8437,16.1339,-14.18901,-6.30156,-58.25759,7.59745,High,High,High,,,High,Medium,Medium
52,2025-10-18,12:33:37.89,2,1,"Rumberg, Logan",1000216384,Right,GEO_PAT,"Allen, Derrick",10121745,Left,NIA_COM,Undefined,2,Top,1,0,0,Curveball,Curveball,BallCalled,Undefined,Undefined,Undefined,0,0,,75.65954,3.901125,0.388124,2592.728937,33.373029,7:00,5.72752,2.06061,4.73227,-70.16779,-18.29367,-13.26394,3.58732,1.32353,68.43858,-8.69958,-1.943406,0.518378,,,,,,,,,,,,6.53036,-9.46375,-2.0875,50,6.05918,-0.1742,-109.44301,4.816,7.79456,22.18058,-43.46988,GEO_PAT,NIA_COM,SpuhlerFieldMain,TeamExclusive,Team,20251018-SpuhlerFieldMain-Private-1,332f55f0-ac40-11f0-ae3b-9b4a908d198a,72.71224,,,7.22096,,,,,,,e9589120-7e22-442b-894a-3d9ff1c37833,2025-10-18,16:33:37.89,2025-10-18T12:33:37.8980000-04:00,2025-10-18T16:33:37.8980000Z,,v3,471300,,,"Vaughan, Logan",1000232024,Right,GEO_PAT,f3011bf4-355e-4dd4-aea4-f8edf495770e,55.77324,-110.60687,11.09029,5.74663,7.09695,-21.73494,-2.06762,-0.5832,3.89728,,,,,,,,,,,,,,,,,,,,,,,,,,,,,,,,,,,,,,,,,,,,,,,,,,,High,High,High,,,,,
53,2025-10-18,12:33:55.12,2,2,"Rumberg, Logan",1000216384,Right,GEO_PAT,"Allen, Derrick",10121745,Left,NIA_COM,Undefined,2,Top,1,1,0,Cutter,Slider,StrikeCalled,Undefined,Undefined,Undefined,0,0,,82.35347,-0.339672,-1.352235,2279.164961,87.252062,9:00,5.64745,2.32148,5.52274,-41.31809,1.21933,-7.1367,1.8866,0.4622,74.38348,-7.930609,-2.62561,0.469415,,,,,,,,,,,,3.13862,1.20095,-2.19889,50,5.59059,3.11354,-119.33346,-2.14468,4.43708,27.16623,-30.4763,GEO_PAT,NIA_COM,SpuhlerFieldMain,TeamExclusive,Team,20251018-SpuhlerFieldMain-Private-1,3d8b2920-ac40-11f0-ae3b-9b4a908d198a,80.2966,,,7.96999,,,,,,,e9589120-7e22-442b-894a-3d9ff1c37833,2025-10-18,16:33:55.12,2025-10-18T12:33:55.1260000-04:00,2025-10-18T16:33:55.1260000Z,,v3,471300,,,"Vaughan, Logan",1000232024,Right,GEO_PAT,bcba74f1-ae6a-455d-a786-abc277b0592f,54.97665,-120.46107,13.58312,5.65336,-0.87968,-15.23815,-2.32431,2.92937,2.21854,,,,,,,,,,,,,,,,,,,,,,,,,,,,,,,,,,,,,,,,,,,,,,,,,,,High,High,High,,,,,
54,2025-10-18,12:34:12.50,2,3,"Rumberg, Logan",1000216384,Right,GEO_PAT,"Allen, Derrick",10121745,Left,NIA_COM,Undefined,2,Top,1,1,1,Curveball,Curveball,StrikeCalled,Undefined,Undefined,Undefined,0,0,,76.90689,1.336484,-2.09856,2502.565196,20.812256,6:45,5.66698,2.17989,5.28369,-64.51315,-15.63095,-6.56524,1.54711,-0.33896,70.34644,-10.315832,-3.265781,0.503207,,,,,,,,,,,,2.6391,-7.84717,-1.98332,50,5.74107,4.3423,-111.53835,0.35891,3.28062,22.5413,-41.92868,GEO_PAT,NIA_COM,SpuhlerFieldMain,TeamExclusive,Team,20251018-SpuhlerFieldMain-Private-1,47e8d110-ac40-11f0-ae3b-9b4a908d198a,74.90442,,,6.56045,,,,,,,e9589120-7e22-442b-894a-3d9ff1c37833,2025-10-18,16:34:12.50,2025-10-18T12:34:12.5040000-04:00,2025-10-18T16:34:12.5040000Z,,v3,471300,,,"Vaughan, Logan",1000232024,Right,GEO_PAT,628a5342-6262-4767-b975-d959d49098f1,55.22229,-112.5888,11.27065,5.67882,2.31283,-20.96434,-2.18212,4.18942,1.64031,,,,,,,,,,,,,,,,,,,,,,,,,,,,,,,,,,,,,,,,,,,,,,,,,,,High,High,High,,,,,
55,2025-10-18,12:34:29.01,2,4,"Rumberg, Logan",1000216384,Right,GEO_PAT,"Allen, Derrick",10121745,Left,NIA_COM,Undefined,2,Top,1,1,2,Fastball,Four-Seam,BallCalled,Undefined,Undefined,Undefined,0,0,,93.71909,-2.573909,-1.676198,2318.477142,206.00801,12:45,5.84089,2.05172,5.79783,-12.57745,19.79855,9.08878,2.39594,1.24951,84.55102,-5.017226,-0.048591,0.409527,,,,,,,,,,,,-5.13177,11.21642,-1.91919,50,5.62157,3.55349,-135.76714,-6.43772,-9.45558,33.28408,-11.5072,GEO_PAT,NIA_COM,SpuhlerFieldMain,TeamExclusive,Team,20251018-SpuhlerFieldMain-Private-1,519a3370-ac40-11f0-ae3b-9b4a908d198a,92.03888,,,9.16807,,,,,,,e9589120-7e22-442b-894a-3d9ff1c37833,2025-10-18,16:34:29.01,2025-10-18T12:34:29.0160000-04:00,2025-10-18T16:34:29.0160000Z,,v3,471300,,,"Vaughan, Logan",1000232024,Right,GEO_PAT,85eb7edc-d43e-40b8-aa29-2a5fa0e7fbfd,54.7009,-136.91475,16.64204,5.8367,-6.04096,-5.7536,-2.04733,3.87951,-4.72779,,,,,,,,,,,,,,,,,,,,,,,,,,,,,,,,,,,,,,,,,,,,,,,,,,,High,High,High,,,,,
56,2025-10-18,12:34:46.00,2,5,"Rumberg, Logan",1000216384,Right,GEO_PAT,"Allen, Derrick",10121745,Left,NIA_COM,Undefined,2,Top,1,2,2,Cutter,Slider,InPlay,Undefined,LineDrive,Single,0,0,,82.88311,-0.57697,-2.139819,2402.093999,142.423108,10:45,5.62601,2.35267,5.45423,-37.17679,4.73799,-2.50669,1.9874,0.1396,75.1553,-7.409671,-2.586022,0.465967,90.1996,15.205923,-6.498691,2664.880272,108.36217,24.6034,-18.91056,259.77086,259.77086,-14.716887,2.95523,0.58724,2.96646,-2.16196,50,5.5496,4.5906,-120.11159,-2.49277,0.84556,26.38008,-27.90267,GEO_PAT,NIA_COM,SpuhlerFieldMain,TeamExclusive,Team,20251018-SpuhlerFieldMain-Private-1,5bd426c0-ac40-11f0-ae3b-9b4a908d198a,80.89079,26.89024,,7.72781,,,,1.92342,2.04991,-0.16136,e9589120-7e22-442b-894a-3d9ff1c37833,2025-10-18,16:34:46.00,2025-10-18T12:34:46.0080000-04:00,2025-10-18T16:34:46.0080000Z,LineDrive,v3,471300,,,"Vaughan, Logan",1000232024,Right,GEO_PAT,3e40b346-6c01-4793-bc5b-133c54cd0ea8,55.04689,-121.21497,13.19004,5.62946,-1.32571,-13.95134,-2.35323,4.55523,0.42278,140.492444,1.92335,126.84364,-24.13414,5.30432,-1.00489,0.14748,-0.01468,0.00076,0,2.05007,34.69156,-11.65674,-0.6386,0.26689,-0.02239,-0.0099,0.00361,-0.00036,-0.16148,-14.44295,-6.34502,2.38965,-0.60898,0.0937,-0.00336,-0.00154,0.0002,,,,,,,,,,,,,,,,,,,,,,,High,High,High,High,High,,,
57,2025-10-18,12:35:38.01,3,1,"Rumberg, Logan",1000216384,Right,GEO_PAT,"Prizel, Cooper",10275157,Left,NIA_COM,Undefined,2,Top,1,0,0,Curveball,Curveball,BallCalled,Undefined,Undefined,Undefined,0,0,,74.89987,4.130108,-0.467275,2627.988177,32.425426,7:00,5.71699,2.2868,4.90477,-69.82169,-17.02851,-12.03453,3.81153,0.84198,67.5225,-8.464228,-2.587598,0.52295,,,,,,,,,,,,5.70638,-9.04768,-2.23058,50,6.06318,1.38197,-108.29248,5.28275,6.64598,22.30493,-42.71147,GEO_PAT,NIA_COM,SpuhlerFieldMain,TeamExclusive,Team,20251018-SpuhlerFieldMain-Private-1,7ac942e0-ac40-11f0-ae3b-9b4a908d198a,72.07653,,,7.37737,,,,,,,e9589120-7e22-442b-894a-3d9ff1c37833,2025-10-18,16:35:38.01,2025-10-18T12:35:38.0140000-04:00,2025-10-18T16:35:38.0140000Z,,v3,471300,,,"Vaughan, Logan",1000232024,Right,GEO_PAT,7c2916b2-a294-46e2-9dbe-7415f85a4605,55.59982,-109.43979,11.15247,5.73495,7.47973,-21.35573,-2.29287,1.04012,3.32299,,,,,,,,,,,,,,,,,,,,,,,,,,,,,,,,,,,,,,,,,,,,,,,,,,,High,High,High,,,,,
58,2025-10-18,12:35:53.78,3,2,"Rumberg, Logan",1000216384,Right,GEO_PAT,"Prizel, Cooper",10275157,Left,NIA_COM,Undefined,2,Top,1,1,0,Fastball,Four-Seam,BallCalled,Undefined,Undefined,Undefined,0,0,,90.29613,-1.256341,-1.677028,2362.193959,200.626782,12:45,5.78677,2.2829,5.84025,-13.9778,20.92915,7.39174,3.45357,1.33974,81.10342,-3.981664,-0.352508,0.425233,,,,,,,,,,,,-4.27831,11.41355,-2.15036,50,5.67613,3.49824,-130.83922,-3.22027,-7.29364,31.86525,-12.71629,GEO_PAT,NIA_COM,SpuhlerFieldMain,TeamExclusive,Team,20251018-SpuhlerFieldMain-Private-1,84224c10-ac40-11f0-ae3b-9b4a908d198a,88.63942,,,9.19271,,,,,,,e9589120-7e22-442b-894a-3d9ff1c37833,2025-10-18,16:35:53.78,2025-10-18T12:35:53.7880000-04:00,2025-10-18T16:35:53.7880000Z,,v3,471300,,,"Vaughan, Logan",1000232024,Right,GEO_PAT,8b9f943a-95d6-445c-951d-ce526bcf777d,54.65666,-131.96845,15.93262,5.78226,-2.76963,-6.35815,-2.27891,3.75671,-3.64682,,,,,,,,,,,,,,,,,,,,,,,,,,,,,,,,,,,,,,,,,,,,,,,,,,,High,High,High,,,,,
59,2025-10-18,12:36:09.91,3,3,"Rumberg, Logan",1000216384,Right,GEO_PAT,"Prizel, Cooper",10275157,Left,NIA_COM,Undefined,2,Top,1,2,0,Curveball,Curveball,BallCalled,Undefined,Undefined,Undefined,0,0,,76.30305,0.445517,-2.607281,2582.534009,30.021281,7:00,5.65882,2.32179,5.09543,-65.83945,-15.07493,-9.81552,0.59252,-0.95506,69.10391,-11.408832,-4.346624,0.512804,,,,,,,,,,,,3.98752,-7.27961,-2.06701,50,5.64866,5.41354,-110.43533,-1.44588,4.78471,24.86583,-40.909,GEO_PAT,NIA_COM,SpuhlerFieldMain,TeamExclusive,Team,20251018-SpuhlerFieldMain-Private-1,8de2f0b0-ac40-11f0-ae3b-9b4a908d198a,73.50261,,,7.19914,,,,,,,e9589120-7e22-442b-894a-3d9ff1c37833,2025-10-18,16:36:09.91,2025-10-18T12:36:09.9100000-04:00,2025-10-18T16:36:09.9100000Z,,v3,471300,,,"Vaughan, Logan",1000232024,Right,GEO_PAT,15c4f3d7-ba7e-4bd9-b86a-9a87ddcac368,55.40906,-111.6466,12.43291,5.67055,0.54689,-20.4545,-2.32504,5.18047,2.39236,,,,,,,,,,,,,,,,,,,,,,,,,,,,,,,,,,,,,,,,,,,,,,,,,,,High,High,High,,,,,
60,2025-10-18,12:36:33.76,3,4,"Rumberg, Logan",1000216384,Right,GEO_PAT,"Prizel, Cooper",10275157,Left,NIA_COM,Undefined,2,Top,1,3,0,Fastball,Four-Seam,StrikeCalled,Undefined,Undefined,Undefined,0,0,,90.91305,-1.1536,-2.240573,2307.114761,205.610547,12:45,5.74163,2.1357,5.89063,-13.16757,21.30887,9.58894,3.57219,0.85321,81.40602,-3.740594,-0.521527,0.422603,,,,,,,,,,,,-5.60335,11.6041,-1.96027,50,5.64099,4.72041,-131.67847,-2.96607,-9.64721,33.02338,-12.19537,GEO_PAT,NIA_COM,SpuhlerFieldMain,TeamExclusive,Team,20251018-SpuhlerFieldMain-Private-1,9bfd0460-ac40-11f0-ae3b-9b4a908d198a,89.19114,,,9.50703,,,,,,,e9589120-7e22-442b-894a-3d9ff1c37833,2025-10-18,16:36:33.76,2025-10-18T12:36:33.7640000-04:00,2025-10-18T16:36:33.7640000Z,,v3,471300,,,"Vaughan, Logan",1000232024,Right,GEO_PAT,a2f3c31d-6172-43c3-a8b6-7336b03328f9,54.60636,-132.82866,16.51169,5.7369,-2.54131,-6.09769,-2.13053,5.05642,-4.82361,,,,,,,,,,,,,,,,,,,,,,,,,,,,,,,,,,,,,,,,,,,,,,,,,,,High,High,High,,,,,
61,2025-10-18,12:36:50.79,3,5,"Rumberg, Logan",1000216384,Right,GEO_PAT,"Prizel, Cooper",10275157,Left,NIA_COM,Undefined,2,Top,1,3,1,Fastball,Four-Seam,BallCalled,Walk,Undefined,Undefined,0,0,,93.07351,-3.249016,-4.463693,2383.586888,195.809081,12:30,5.77838,2.07682,5.83564,-10.96268,22.10663,5.90866,1.83236,-1.58828,83.71296,-5.410989,-3.410122,0.413889,,,,,,,,,,,,-4.44382,12.66229,-1.71539,50,5.50592,10.22102,-134.37373,-7.89735,-7.99981,33.30317,-9.37919,GEO_PAT,NIA_COM,SpuhlerFieldMain,TeamExclusive,Team,20251018-SpuhlerFieldMain-Private-1,a63b1660-ac40-11f0-ae3b-9b4a908d198a,91.06895,,,9.36055,,,,,,,e9589120-7e22-442b-894a-3d9ff1c37833,2025-10-18,16:36:50.79,2025-10-18T12:36:50.7970000-04:00,2025-10-18T16:36:50.7970000Z,,v3,471300,,,"Vaughan, Logan",1000232024,Right,GEO_PAT,29d48ec7-81a9-4974-80cd-f966735be6b0,54.66287,-135.52445,16.65159,5.77319,-7.57327,-4.68959,-2.07333,10.49744,-3.9999,,,,,,,,,,,,,,,,,,,,,,,,,,,,,,,,,,,,,,,,,,,,,,,,,,,High,High,High,,,,,
62,2025-10-18,12:37:18.45,4,1,"Rumberg, Logan",1000216384,Right,GEO_PAT,"Farber, Ian",10961307,Right,NIA_COM,Undefined,2,Top,1,0,0,Curveball,Curveball,StrikeCalled,Undefined,Undefined,Undefined,0,0,,76.1202,3.017509,-1.703266,2637.556986,30.766496,7:00,5.63798,2.22753,4.9941,-66.58933,-15.88769,-10.51111,2.94192,-0.2571,69.06913,-8.989636,-3.558479,0.512486,,,,,,,,,,,,4.62748,-8.27733,-2.05455,50,5.87437,3.70591,-110.1994,3.40518,5.59863,22.52905,-42.18851,GEO_PAT,NIA_COM,SpuhlerFieldMain,TeamExclusive,Team,20251018-SpuhlerFieldMain-Private-1,b6ab4f10-ac40-11f0-ae3b-9b4a908d198a,73.54818,,,7.05107,,,,,,,e9589120-7e22-442b-894a-3d9ff1c37833,2025-10-18,16:37:18.45,2025-10-18T12:37:18.4570000-04:00,2025-10-18T16:37:18.4570000Z,,v3,471300,,,"Vaughan, Logan",1000232024,Right,GEO_PAT,b2c44fb1-b67f-4e85-8b8f-af2f0fefdea0,55.51097,-111.32035,11.26452,5.65272,5.50431,-21.09426,-2.23201,3.42734,2.79931,,,,,,,,,,,,,,,,,,,,,,,,,,,,,,,,,,,,,,,,,,,,,,,,,,,High,High,High,,,,,
63,2025-10-18,12:37:33.03,4,2,"Rumberg, Logan",1000216384,Right,GEO_PAT,"Farber, Ian",10961307,Right,NIA_COM,Undefined,2,Top,1,0,1,Fastball,Four-Seam,StrikeSwinging,Undefined,Undefined,Undefined,0,0,,91.08495,-2.675538,-3.032992,2336.26293,209.540669,1:00,5.69784,2.30393,5.82867,-15.86552,18.10706,9.61965,1.88312,0.28334,83.00151,-5.694785,-1.311684,0.419504,,,,,,,,,,,,-5.79111,10.35831,-2.06169,50,5.46953,6.57589,-131.97643,-6.64621,-10.18222,28.90562,-13.96148,GEO_PAT,NIA_COM,SpuhlerFieldMain,TeamExclusive,Team,20251018-SpuhlerFieldMain-Private-1,bf6495d0-ac40-11f0-ae3b-9b4a908d198a,89.8501,,,8.08345,,,,,,,e9589120-7e22-442b-894a-3d9ff1c37833,2025-10-18,16:37:33.03,2025-10-18T12:37:33.0370000-04:00,2025-10-18T16:37:33.0370000Z,,v3,471300,,,"Vaughan, Logan",1000232024,Right,GEO_PAT,b12c180e-0a08-4c9e-bd8b-c504dcbb2a7b,54.67272,-132.99592,14.45281,5.69526,-6.1538,-6.98074,-2.29995,6.93501,-5.09111,,,,,,,,,,,,,,,,,,,,,,,,,,,,,,,,,,,,,,,,,,,,,,,,,,,High,High,High,,,,,
64,2025-10-18,12:37:49.21,4,3,"Rumberg, Logan",1000216384,Right,GEO_PAT,"Farber, Ian",10961307,Right,NIA_COM,Undefined,2,Top,1,0,2,Fastball,Four-Seam,StrikeCalled,Strikeout,Undefined,Undefined,0,0,,91.49834,-1.415898,-3.983199,2346.903621,204.384211,12:45,5.76973,2.20452,5.92837,-14.13934,19.60662,8.35536,3.27419,-0.80117,82.76657,-4.149951,-2.488462,0.418102,,,,,,,,,,,,-5.46264,10.79253,-1.89012,50,5.64819,8.85468,-132.46245,-3.65686,-9.62187,30.57679,-13.16414,GEO_PAT,NIA_COM,SpuhlerFieldMain,TeamExclusive,Team,20251018-SpuhlerFieldMain-Private-1,c8eee830-ac40-11f0-ae3b-9b4a908d198a,90.15129,,,8.73177,,,,,,,e9589120-7e22-442b-894a-3d9ff1c37833,2025-10-18,16:37:49.21,2025-10-18T12:37:49.2100000-04:00,2025-10-18T16:37:49.2100000Z,,v3,471300,,,"Vaughan, Logan",1000232024,Right,GEO_PAT,c914984a-6478-4c43-b4f1-67388a7cdb4f,54.57087,-133.51339,15.2884,5.7661,-3.2044,-6.58207,-2.20014,9.18539,-4.81094,,,,,,,,,,,,,,,,,,,,,,,,,,,,,,,,,,,,,,,,,,,,,,,,,,,High,High,High,,,,,
65,2025-10-18,12:38:37.17,5,1,"Rumberg, Logan",1000216384,Right,GEO_PAT,"Gravelle, Cameron",10005014,Left,NIA_COM,Undefined,2,Top,2,0,0,Fastball,Four-Seam,StrikeCalled,Undefined,Undefined,Undefined,0,0,,91.23781,-2.425758,-3.733876,2254.031894,202.083958,12:45,5.66396,2.21348,5.94402,-14.74426,19.34761,7.34587,2.17894,-0.64291,82.27186,-5.273055,-2.418681,0.420239,,,,,,,,,,,,-4.95067,11.04603,-1.91965,50,5.46197,8.29527,-132.00117,-6.00203,-8.61478,31.71014,-12.95266,GEO_PAT,NIA_COM,SpuhlerFieldMain,TeamExclusive,Team,20251018-SpuhlerFieldMain-Private-1,e5a18e60-ac40-11f0-ae3b-9b4a908d198a,89.69276,,,8.96595,,,,,,,e9589120-7e22-442b-894a-3d9ff1c37833,2025-10-18,16:38:37.17,2025-10-18T12:38:37.1720000-04:00,2025-10-18T16:38:37.1720000Z,,v3,471300,,,"Vaughan, Logan",1000232024,Right,GEO_PAT,49df1955-9087-42fc-b6d9-ec346b024b1e,54.55552,-133.09103,15.85507,5.6606,-5.55686,-6.47633,-2.20984,8.59136,-4.30739,,,,,,,,,,,,,,,,,,,,,,,,,,,,,,,,,,,,,,,,,,,,,,,,,,,High,High,High,,,,,
66,2025-10-18,12:38:52.80,5,2,"Rumberg, Logan",1000216384,Right,GEO_PAT,"Gravelle, Cameron",10005014,Left,NIA_COM,Undefined,2,Top,2,0,1,Fastball,Four-Seam,BallCalled,Undefined,Undefined,Undefined,0,0,,91.40246,1.108369,-3.291189,2251.831879,212.536158,1:00,5.6207,2.36045,6.18778,-14.71324,18.99973,11.33253,5.41985,0.26249,81.82804,-1.767689,-1.25136,0.417898,,,,,,,,,,,,-6.85961,9.75426,-2.11701,50,5.69671,7.11205,-132.36223,2.20783,-11.9565,32.86085,-15.17209,GEO_PAT,NIA_COM,SpuhlerFieldMain,TeamExclusive,Team,20251018-SpuhlerFieldMain-Private-1,eed4c010-ac40-11f0-ae3b-9b4a908d198a,90.19537,,,9.57442,,,,,,,e9589120-7e22-442b-894a-3d9ff1c37833,2025-10-18,16:38:52.80,2025-10-18T12:38:52.8000000-04:00,2025-10-18T16:38:52.8000000Z,,v3,471300,,,"Vaughan, Logan",1000232024,Right,GEO_PAT,3c6169a6-4748-479b-bd19-bec8c5c503cd,54.30903,-133.42772,16.43043,5.61715,2.69977,-7.58604,-2.3539,7.49973,-5.97825,,,,,,,,,,,,,,,,,,,,,,,,,,,,,,,,,,,,,,,,,,,,,,,,,,,High,High,High,,,,,
67,2025-10-18,12:39:10.17,5,3,"Rumberg, Logan",1000216384,Right,GEO_PAT,"Gravelle, Cameron",10005014,Left,NIA_COM,Undefined,2,Top,2,1,1,Curveball,Curveball,BallCalled,Undefined,Undefined,Undefined,0,0,,76.38596,0.468182,-1.786866,2637.207272,25.560579,6:45,5.58732,2.33714,5.04043,-67.4383,-17.31115,-9.10111,0.40937,-0.10756,69.95767,-11.626466,-3.400992,0.509575,,,,,,,,,,,,3.99201,-8.4639,-2.15871,50,5.57697,3.80996,-110.76722,-1.47877,4.87608,22.89683,-42.51236,GEO_PAT,NIA_COM,SpuhlerFieldMain,TeamExclusive,Team,20251018-SpuhlerFieldMain-Private-1,f955f590-ac40-11f0-ae3b-9b4a908d198a,73.9684,,,6.42829,,,,,,,e9589120-7e22-442b-894a-3d9ff1c37833,2025-10-18,16:39:10.17,2025-10-18T12:39:10.1740000-04:00,2025-10-18T16:39:10.1740000Z,,v3,471300,,,"Vaughan, Logan",1000232024,Right,GEO_PAT,c0d2d665-9019-493b-a06f-92bf3968bb4f,55.46635,-111.89147,11.44842,5.59834,0.60862,-21.25618,-2.3399,3.57054,2.43804,,,,,,,,,,,,,,,,,,,,,,,,,,,,,,,,,,,,,,,,,,,,,,,,,,,High,High,High,,,,,
68,2025-10-18,12:39:31.13,5,4,"Rumberg, Logan",1000216384,Right,GEO_PAT,"Gravelle, Cameron",10005014,Left,NIA_COM,Undefined,2,Top,2,2,1,Cutter,Slider,FoulBallNotFieldable,Undefined,Undefined,Undefined,0,0,,82.3054,0.198393,-2.917285,2336.033436,93.843615,9:15,5.65546,2.41202,5.4919,-40.26045,2.41701,-13.21686,2.48626,-1.42092,74.44164,-7.191128,-5.265865,0.470187,,,,,,,,,,,,5.74658,1.5435,-2.14687,50,5.64565,6.60816,-119.18465,-0.9671,8.10535,27.05596,-29.99697,GEO_PAT,NIA_COM,SpuhlerFieldMain,TeamExclusive,Team,20251018-SpuhlerFieldMain-Private-1,05cb8100-ac41-11f0-ae3b-9b4a908d198a,80.16477,,,7.86376,,,,,,,e9589120-7e22-442b-894a-3d9ff1c37833,2025-10-18,16:39:31.13,2025-10-18T12:39:31.1320000-04:00,2025-10-18T16:39:31.1320000Z,,v3,471300,,,"Vaughan, Logan",1000232024,Right,GEO_PAT,909d8462-8d82-494a-aa1d-172ebeae69db,55.00973,-120.31652,13.52798,5.65986,0.28781,-14.99848,-2.41623,6.26907,4.05268,,,,,,,,,,,,,,,,,,,,,,,,,,,,,,,,,,,,,,,,,,,,,,,,,,,High,High,High,,,,,
69,2025-10-18,12:39:51.03,5,5,"Rumberg, Logan",1000216384,Right,GEO_PAT,"Gravelle, Cameron",10005014,Left,NIA_COM,Undefined,2,Top,2,2,2,Fastball,Four-Seam,FoulBallNotFieldable,Undefined,Undefined,Undefined,0,0,,94.00419,-1.867913,-3.938901,2398.643473,198.139325,12:30,5.6638,2.34344,6.18828,-12.16343,19.27655,5.98024,2.92072,-0.80098,85.66422,-4.230688,-2.864014,0.403564,71.19233,50.534541,-156.398475,3354.183052,-101.10241,69.62385,-43.33917,241.6002,62.53884,-158.015078,3.814128,-4.22158,10.82599,-2.04887,50,5.51626,9.12719,-136.24825,-4.76245,-7.91948,30.50065,-11.86494,GEO_PAT,NIA_COM,SpuhlerFieldMain,TeamExclusive,Team,20251018-SpuhlerFieldMain-Private-1,11a31ec0-ac41-11f0-ae3b-9b4a908d198a,93.39888,69.67723,,8.33997,,,,1.31394,3.03127,0.78613,e9589120-7e22-442b-894a-3d9ff1c37833,2025-10-18,16:39:51.03,2025-10-18T12:39:51.0360000-04:00,2025-10-18T16:39:51.0360000Z,Popup,v3,471300,,,"Vaughan, Logan",1000232024,Right,GEO_PAT,69f96dd0-12d5-44f0-947f-fdb645e0c7be,54.31343,-137.21046,15.25033,5.6606,-4.38815,-5.93247,-2.34075,9.37703,-3.95974,358.847731,1.31445,-60.82932,2.09531,-0.59095,-0.10644,0.12164,-0.03743,0.00512,-0.00026,3.03065,80.6259,-29.30673,3.9988,-0.92311,0.21969,-0.05032,0.00751,-0.00048,0.78607,-26.57068,0.696,-0.10877,0.16328,-0.09549,0.02626,-0.00331,0.00014,,,,,,,,,,,,,,,,,,,,,,,High,High,High,High,Low,,,
70,2025-10-18,12:40:09.45,5,6,"Rumberg, Logan",1000216384,Right,GEO_PAT,"Gravelle, Cameron",10005014,Left,NIA_COM,Undefined,2,Top,2,2,2,Curveball,Curveball,InPlay,Undefined,FlyBall,Out,1,0,,75.92665,1.724566,-0.457823,2644.142632,32.372434,7:00,5.54441,2.27667,4.99568,-66.1946,-15.96111,-11.11205,1.65704,0.91839,69.9449,-10.160043,-2.425074,0.510115,90.21803,19.983448,-23.372317,3153.518921,96.80621,31.6896,-52.23476,282.7957,270.63507,-35.857385,3.345335,5.40453,-8.03532,-2.22302,50,5.65563,1.31864,-110.23136,0.95933,6.62005,20.41295,-42.01658,GEO_PAT,NIA_COM,SpuhlerFieldMain,TeamExclusive,Team,20251018-SpuhlerFieldMain-Private-1,1cae1db0-ac41-11f0-ae3b-9b4a908d198a,73.89008,35.80839,,5.98174,,,,1.42915,1.70295,-0.94049,e9589120-7e22-442b-894a-3d9ff1c37833,2025-10-18,16:40:09.45,2025-10-18T12:40:09.4590000-04:00,2025-10-18T16:40:09.4590000Z,LineDrive,v3,471300,,,"Vaughan, Logan",1000232024,Right,GEO_PAT,18282802-5708-4e48-87fb-e0203fecec1e,55.51189,-111.24739,10.20647,5.55584,3.05064,-21.00829,-2.28045,0.98914,3.31002,124.91928,1.42864,114.16681,-24.23271,5.82867,-1.55574,0.45548,-0.12093,0.02007,-0.00139,1.70338,45.20557,-16.03849,0.48356,0.33736,-0.22343,0.07698,-0.01311,0.00085,-0.94037,-49.33536,-3.17718,2.40343,-0.81293,0.18395,-0.02796,0.00238,-8E-05,,,,,,,,,,,,,,,,,,,,,,,High,High,High,High,Medium,,,
71,2025-10-18,12:42:15.00,1,1,"Bazinet, Keegan",10316675,Right,NIA_COM,"Blanchard, Evan",10073877,Right,GEO_PAT,Undefined,2,Bottom,0,0,0,Fastball,Cutter,FoulBallNotFieldable,Undefined,Undefined,Undefined,0,0,,86.17742,-0.866388,-3.508884,2109.513669,213.62427,1:00,5.90504,2.33913,5.92235,-28.62482,8.62308,5.03985,2.71406,-0.50122,79.80418,-6.156827,-2.606048,0.439261,70.97369,22.538354,161.830265,3334.108276,-106.56964,20.23727,27.25595,171.91868,51.20089,168.675967,2.140604,-3.45914,4.95563,-2.06077,50,5.81907,7.47428,-125.13594,-2.83372,-5.54925,22.47784,-24.22405,GEO_PAT,NIA_COM,SpuhlerFieldMain,TeamExclusive,Team,20251018-SpuhlerFieldMain-Private-1,677c5aa0-ac41-11f0-ae3b-9b4a908d198a,85.80883,21.65223,,6.37325,,,,1.21871,2.63329,0.46408,e9589120-7e22-442b-894a-3d9ff1c37833,2025-10-18,16:42:15.00,2025-10-18T12:42:15.0040000-04:00,2025-10-18T16:42:15.0040000Z,LineDrive,v3,471300,,,"Harper, Dalton",1000115726,Right,NIA_COM,2cefc6a8-b650-4e56-b94f-62d38477730f,54.58124,-125.95617,11.23892,5.90634,-1.94978,-12.11202,-2.33721,7.67677,-2.77463,305.218272,1.21876,-91.35543,5.64658,-0.37523,0.73997,-0.82434,0.53021,-0.17289,0.02197,2.63333,39.89612,-22.70216,1.99923,-0.02649,-0.26978,0.17851,-0.05145,0.00564,0.46404,29.98461,-7.85318,0.9674,-0.67862,0.67862,-0.44593,0.1497,-0.01947,,,,,,,,,,,,,,,,,,,,,,,High,High,High,High,Low,,,
72,2025-10-18,12:42:32.78,1,2,"Bazinet, Keegan",10316675,Right,NIA_COM,"Blanchard, Evan",10073877,Right,GEO_PAT,Undefined,2,Bottom,0,0,1,Fastball,Four-Seam,BallCalled,Undefined,Undefined,Undefined,0,0,,86.83598,-0.042297,-2.288969,2063.208323,204.043351,12:45,5.94858,2.38271,5.93819,-21.87698,15.08284,6.21461,4.08622,0.77593,79.38373,-4.164511,-1.173947,0.437559,,,,,,,,,,,,-3.80063,8.09103,-2.20341,50,5.93282,4.78256,-126.07655,-0.75737,-6.12554,25.30988,-19.13355,GEO_PAT,NIA_COM,SpuhlerFieldMain,TeamExclusive,Team,20251018-SpuhlerFieldMain-Private-1,71fb4630-ac41-11f0-ae3b-9b4a908d198a,86.14262,,,7.45226,,,,,,,e9589120-7e22-442b-894a-3d9ff1c37833,2025-10-18,16:42:32.78,2025-10-18T12:42:32.7880000-04:00,2025-10-18T16:42:32.7880000Z,,v3,471300,,,"Harper, Dalton",1000115726,Right,NIA_COM,bf1c9f0b-3f9b-44fd-848f-bebb95ffdf6b,54.56222,-126.98911,12.65494,5.94768,-0.06749,-9.56678,-2.37983,5.00342,-3.06277,,,,,,,,,,,,,,,,,,,,,,,,,,,,,,,,,,,,,,,,,,,,,,,,,,,High,High,High,,,,,
73,2025-10-18,12:42:51.71,1,3,"Bazinet, Keegan",10316675,Right,NIA_COM,"Blanchard, Evan",10073877,Right,GEO_PAT,Undefined,2,Bottom,0,1,1,Slider,Curveball,InPlay,Undefined,GroundBall,Out,1,0,,78.53915,0.777696,-3.333406,2317.380312,50.938215,7:45,5.5659,2.7369,5.09167,-53.57936,-5.80693,-9.31938,1.83522,-1.18501,71.00113,-8.925559,-4.978099,0.497462,57.60733,-42.421982,53.133371,,,,,3.74349,3.74349,48.09454,0.031769,3.49414,-2.66595,-2.41362,50,5.5975,6.99805,-113.57124,-0.37194,4.46295,25.08095,-35.57917,GEO_PAT,NIA_COM,SpuhlerFieldMain,TeamExclusive,Team,20251018-SpuhlerFieldMain-Private-1,7d638050-ac41-11f0-ae3b-9b4a908d198a,75.76945,1.81788,,7.53802,,,,1.3068,1.81788,1.19458,e9589120-7e22-442b-894a-3d9ff1c37833,2025-10-18,16:42:51.71,2025-10-18T12:42:51.7140000-04:00,2025-10-18T16:42:51.7140000Z,GroundBall,v3,471300,,,"Harper, Dalton",1000115726,Right,NIA_COM,f7c82a3e-b5db-4e65-a5d7-7f2424086632,55.40971,-114.7597,12.54048,5.57519,1.31397,-17.78959,-2.74021,6.78658,2.23147,,1.30604,37.56796,,,,,,,,1.81903,-57.22218,,,,,,,,1.19357,50.09656,,,,,,,,,,,,,,,,,,,,,,,,,,,,,,High,High,High,Estimated,Estimated,,,
74,2025-10-18,12:43:34.54,2,1,"Bazinet, Keegan",10316675,Right,NIA_COM,"Vaughan, Logan",1000232024,Left,GEO_PAT,Undefined,2,Bottom,1,0,0,Curveball,Curveball,BallCalled,Undefined,Undefined,Undefined,0,0,,72.88516,-0.533824,-4.166148,2033.907119,352.706525,5:45,6.00315,2.25664,5.36415,-60.47421,-6.80189,1.07366,0.46171,-1.56758,67.87481,-11.405661,-3.975405,0.527286,,,,,,,,,,,,-1.67819,-2.95563,-1.88264,50,5.91113,7.65911,-105.66487,-2.90203,-1.90194,17.59378,-35.52376,GEO_PAT,NIA_COM,SpuhlerFieldMain,TeamExclusive,Team,20251018-SpuhlerFieldMain-Private-1,96eeced0-ac41-11f0-ae3b-9b4a908d198a,71.48382,,,5.01035,,,,,,,e9589120-7e22-442b-894a-3d9ff1c37833,2025-10-18,16:43:34.54,2025-10-18T12:43:34.5470000-04:00,2025-10-18T16:43:34.5470000Z,,v3,471300,,,"Harper, Dalton",1000115726,Right,NIA_COM,a9108c1a-ecb7-4bc2-a64b-ff0e76ae207b,55.14212,-106.51761,8.79689,6.01006,-1.18023,-17.76188,-2.2561,7.75129,-0.95097,,,,,,,,,,,,,,,,,,,,,,,,,,,,,,,,,,,,,,,,,,,,,,,,,,,High,High,High,,,,,
75,2025-10-18,12:43:54.47,2,2,"Bazinet, Keegan",10316675,Right,NIA_COM,"Vaughan, Logan",1000232024,Left,GEO_PAT,Undefined,2,Bottom,1,1,0,Curveball,Curveball,BallCalled,Undefined,Undefined,Undefined,0,0,,72.91531,-0.200168,-2.84645,2103.923349,12.653515,6:30,6.00806,2.21413,5.32857,-63.24039,-9.75493,-2.53614,0.54997,-0.67044,68.03598,-11.561083,-3.29788,0.526368,,,,,,,,,,,,0.52689,-4.55555,-1.95456,50,5.94327,5.35416,-105.88569,-2.39541,0.60018,17.51529,-37.36325,GEO_PAT,NIA_COM,SpuhlerFieldMain,TeamExclusive,Team,20251018-SpuhlerFieldMain-Private-1,a2bc8180-ac41-11f0-ae3b-9b4a908d198a,71.60857,,,4.87932,,,,,,,e9589120-7e22-442b-894a-3d9ff1c37833,2025-10-18,16:43:54.47,2025-10-18T12:43:54.4710000-04:00,2025-10-18T16:43:54.4710000Z,,v3,471300,,,"Harper, Dalton",1000115726,Right,NIA_COM,0612c81a-1361-44ff-8779-1ccca2baf573,55.17855,-106.73887,8.75764,6.01563,-0.57542,-18.68163,-2.21466,5.32493,0.30009,,,,,,,,,,,,,,,,,,,,,,,,,,,,,,,,,,,,,,,,,,,,,,,,,,,High,High,High,,,,,
76,2025-10-18,12:44:15.94,2,3,"Bazinet, Keegan",10316675,Right,NIA_COM,"Vaughan, Logan",1000232024,Left,GEO_PAT,Undefined,2,Bottom,1,2,0,Fastball,Sinker,BallCalled,Undefined,Undefined,Undefined,0,0,,87.83504,-0.983936,-2.218489,2234.806425,245.00741,2:15,5.90339,2.53581,5.99304,-28.60628,7.57292,13.73103,2.60687,1.62301,80.23931,-6.308129,0.251082,0.432913,,,,,,,,,,,,-7.68993,4.52984,-2.36833,50,5.81003,4.37519,-127.52269,-3.13836,-12.62236,27.00957,-24.73871,GEO_PAT,NIA_COM,SpuhlerFieldMain,TeamExclusive,Team,20251018-SpuhlerFieldMain-Private-1,af8b7790-ac41-11f0-ae3b-9b4a908d198a,87.06695,,,7.59573,,,,,,,e9589120-7e22-442b-894a-3d9ff1c37833,2025-10-18,16:44:15.94,2025-10-18T12:44:15.9480000-04:00,2025-10-18T16:44:15.9480000Z,,v3,471300,,,"Harper, Dalton",1000115726,Right,NIA_COM,be95b8a4-5de6-49a5-89e5-e255a7ab63a8,54.50886,-128.47412,13.50478,5.90523,-2.26691,-12.36935,-2.53029,4.81982,-6.31118,,,,,,,,,,,,,,,,,,,,,,,,,,,,,,,,,,,,,,,,,,,,,,,,,,,High,High,High,,,,,
77,2025-10-18,12:44:33.43,2,4,"Bazinet, Keegan",10316675,Right,NIA_COM,"Vaughan, Logan",1000232024,Left,GEO_PAT,Undefined,2,Bottom,1,3,0,Fastball,Cutter,BallCalled,Walk,Undefined,Undefined,0,0,,85.54585,0.58794,-1.958888,2131.015256,193.244691,12:30,5.95657,2.34366,5.98355,-25.56879,12.14922,2.60622,4.37116,0.74438,78.81825,-4.188146,-1.490806,0.442024,,,,,,,,,,,,-1.83055,6.43398,-2.19028,50,5.98878,4.14866,-124.33419,0.47913,-2.89197,22.77413,-22.00945,GEO_PAT,NIA_COM,SpuhlerFieldMain,TeamExclusive,Team,20251018-SpuhlerFieldMain-Private-1,b9e32c10-ac41-11f0-ae3b-9b4a908d198a,85.2724,,,6.7276,,,,,,,e9589120-7e22-442b-894a-3d9ff1c37833,2025-10-18,16:44:33.43,2025-10-18T12:44:33.4370000-04:00,2025-10-18T16:44:33.4370000Z,,v3,471300,,,"Harper, Dalton",1000115726,Right,NIA_COM,b4f0c333-0f3d-4791-89cd-aabc84358c46,54.51822,-125.15906,11.38707,5.95699,1.2763,-11.00472,-2.34244,4.25341,-1.44598,,,,,,,,,,,,,,,,,,,,,,,,,,,,,,,,,,,,,,,,,,,,,,,,,,,High,High,High,,,,,
78,2025-10-18,12:45:03.22,3,1,"Bazinet, Keegan",10316675,Right,NIA_COM,"Morse, Jackson",1000469270,Right,GEO_PAT,Undefined,2,Bottom,1,0,0,Fastball,Four-Seam,BallCalled,Undefined,Undefined,Undefined,0,0,,85.04184,-0.635227,-3.12232,2050.558073,191.422108,12:30,6.02096,2.43994,5.91324,-23.23415,15.24233,2.84583,3.49428,-0.2238,78.15017,-4.988061,-2.61262,0.446446,,,,,,,,,,,,-2.27496,8.33489,-2.19082,50,5.9566,6.61866,-123.42676,-2.07416,-3.52885,23.28966,-19.24514,GEO_PAT,NIA_COM,SpuhlerFieldMain,TeamExclusive,Team,20251018-SpuhlerFieldMain-Private-1,cba36460-ac41-11f0-ae3b-9b4a908d198a,84.42778,,,6.89167,,,,,,,e9589120-7e22-442b-894a-3d9ff1c37833,2025-10-18,16:45:03.22,2025-10-18T12:45:03.2280000-04:00,2025-10-18T16:45:03.2280000Z,,v3,471300,,,"Harper, Dalton",1000115726,Right,NIA_COM,a2a125b5-0ad8-4b46-80e3-f5702b5c3d84,54.58785,-124.28944,11.64483,6.02023,-1.3613,-9.62257,-2.4384,6.74937,-1.76443,,,,,,,,,,,,,,,,,,,,,,,,,,,,,,,,,,,,,,,,,,,,,,,,,,,High,High,High,,,,,
79,2025-10-18,12:45:21.42,3,2,"Bazinet, Keegan",10316675,Right,NIA_COM,"Morse, Jackson",1000469270,Right,GEO_PAT,Undefined,2,Bottom,1,1,0,Slider,Curveball,BallCalled,Undefined,Undefined,Undefined,0,0,,75.75672,0.365111,-4.085768,2326.412095,59.646658,8:00,5.54495,2.81366,5.08539,-55.23637,-4.15158,-10.09583,1.28697,-1.8855,69.13566,-9.598087,-5.864514,0.514419,,,,,,,,,,,,3.71847,-1.69776,-2.41782,50,5.53607,8.22128,-109.5491,-1.19379,4.45101,22.06015,-34.20626,GEO_PAT,NIA_COM,SpuhlerFieldMain,TeamExclusive,Team,20251018-SpuhlerFieldMain-Private-1,d6a49f50-ac41-11f0-ae3b-9b4a908d198a,73.27185,,,6.62107,,,,,,,e9589120-7e22-442b-894a-3d9ff1c37833,2025-10-18,16:45:21.42,2025-10-18T12:45:21.4230000-04:00,2025-10-18T16:45:21.4230000Z,,v3,471300,,,"Harper, Dalton",1000115726,Right,NIA_COM,c08b8a9a-f75a-420c-883b-9b193aa92966,55.41703,-110.63456,11.03008,5.55341,0.48931,-17.10313,-2.81696,8.00227,2.22551,,,,,,,,,,,,,,,,,,,,,,,,,,,,,,,,,,,,,,,,,,,,,,,,,,,High,High,High,,,,,
80,2025-10-18,12:45:41.30,3,3,"Bazinet, Keegan",10316675,Right,NIA_COM,"Morse, Jackson",1000469270,Right,GEO_PAT,Undefined,2,Bottom,1,2,0,Fastball,Four-Seam,BallCalled,Undefined,Undefined,Undefined,0,0,,84.56452,-0.636166,-3.884961,2033.006624,189.570641,12:15,5.97598,2.42493,5.89843,-24.97734,13.64705,2.12504,3.30252,-1.0104,78.48617,-5.273041,-3.505049,0.447303,,,,,,,,,,,,-2.00118,7.48107,-2.11302,50,5.91014,8.25383,-122.76351,-2.14352,-3.10166,20.74636,-20.57901,GEO_PAT,NIA_COM,SpuhlerFieldMain,TeamExclusive,Team,20251018-SpuhlerFieldMain-Private-1,e272a020-ac41-11f0-ae3b-9b4a908d198a,84.26597,,,6.07836,,,,,,,e9589120-7e22-442b-894a-3d9ff1c37833,2025-10-18,16:45:41.30,2025-10-18T12:45:41.3020000-04:00,2025-10-18T16:45:41.3020000Z,,v3,471300,,,"Harper, Dalton",1000115726,Right,NIA_COM,d314e9b5-1271-44d3-9042-28e4547c3096,54.60449,-123.53919,10.37318,5.9759,-1.37409,-10.2895,-2.42379,8.3698,-1.55083,,,,,,,,,,,,,,,,,,,,,,,,,,,,,,,,,,,,,,,,,,,,,,,,,,,High,High,High,,,,,
81,2025-10-18,12:46:32.35,3,4,"Bazinet, Keegan",10316675,Right,NIA_COM,"Morse, Jackson",1000469270,Right,GEO_PAT,Undefined,2,Bottom,1,3,0,Fastball,Four-Seam,BallCalled,Walk,Undefined,Undefined,0,0,,84.31134,0.08392,-3.826617,2050.9724,201.491953,12:45,5.94329,2.24445,6.1274,-23.36328,15.31804,5.59807,4.0741,-0.83174,77.76481,-4.303613,-2.821368,0.447633,,,,,,,,,,,,-3.83122,8.23788,-1.95414,50,5.93737,7.9698,-122.38244,-0.4958,-5.87372,21.69222,-19.54442,GEO_PAT,NIA_COM,SpuhlerFieldMain,TeamExclusive,Team,20251018-SpuhlerFieldMain-Private-1,00c317d0-ac42-11f0-ae3b-9b4a908d198a,84.20389,,,6.54653,,,,,,,e9589120-7e22-442b-894a-3d9ff1c37833,2025-10-18,16:46:32.35,2025-10-18T12:46:32.3530000-04:00,2025-10-18T16:46:32.3530000Z,,v3,471300,,,"Harper, Dalton",1000115726,Right,NIA_COM,f07aa5a0-8115-4cf6-a086-07d193edf6ce,54.37429,-123.15534,10.84611,5.94263,0.20057,-9.77221,-2.24183,8.17908,-2.93686,,,,,,,,,,,,,,,,,,,,,,,,,,,,,,,,,,,,,,,,,,,,,,,,,,,High,High,High,,,,,
82,2025-10-18,12:47:03.07,4,1,"Bazinet, Keegan",10316675,Right,NIA_COM,"Clyne , Owen",1000230336,Left,GEO_PAT,Undefined,2,Bottom,1,0,0,Fastball,Four-Seam,BallCalled,Undefined,Undefined,Undefined,0,0,,86.38425,0.044747,-1.60527,2101.588587,201.747595,12:45,6.02736,2.4016,5.99287,-20.2293,16.92131,6.29996,4.38307,1.43848,79.1427,-3.783897,-0.473134,0.438687,,,,,,,,,,,,-3.64677,9.01804,-2.27836,50,6.01959,3.2594,-125.50657,-0.48874,-5.83985,24.45733,-17.73278,GEO_PAT,NIA_COM,SpuhlerFieldMain,TeamExclusive,Team,20251018-SpuhlerFieldMain-Private-1,1313d050-ac42-11f0-ae3b-9b4a908d198a,85.92112,,,7.24155,,,,,,,e9589120-7e22-442b-894a-3d9ff1c37833,2025-10-18,16:47:03.07,2025-10-18T12:47:03.0710000-04:00,2025-10-18T16:47:03.0710000Z,,v3,471300,,,"Harper, Dalton",1000115726,Right,NIA_COM,c5f44e24-f6e8-460b-9029-6419967db19f,54.50749,-126.38189,12.22867,6.02573,0.14591,-8.86639,-2.39875,3.46841,-2.91993,,,,,,,,,,,,,,,,,,,,,,,,,,,,,,,,,,,,,,,,,,,,,,,,,,,High,High,High,,,,,
83,2025-10-18,12:47:26.52,4,2,"Bazinet, Keegan",10316675,Right,NIA_COM,"Clyne , Owen",1000230336,Left,GEO_PAT,Undefined,2,Bottom,1,1,0,Slider,Slider,StrikeCalled,Undefined,Undefined,Undefined,0,0,,76.77696,0.405576,-3.717201,2262.879316,149.770587,11:00,5.51593,2.88471,5.03303,-41.12262,8.51752,-3.9654,2.47253,-0.95794,69.78507,-7.100041,-4.414944,0.507093,,,,,,,,,,,,0.81894,4.60051,-2.52555,50,5.52227,7.37387,-111.02981,-0.59535,1.01177,21.78573,-26.49021,GEO_PAT,NIA_COM,SpuhlerFieldMain,TeamExclusive,Team,20251018-SpuhlerFieldMain-Private-1,21163d50-ac42-11f0-ae3b-9b4a908d198a,74.33039,,,6.99189,,,,,,,e9589120-7e22-442b-894a-3d9ff1c37833,2025-10-18,16:47:26.52,2025-10-18T12:47:26.5210000-04:00,2025-10-18T16:47:26.5210000Z,,v3,471300,,,"Harper, Dalton",1000115726,Right,NIA_COM,b4e70201-7083-4630-93a5-1290032da123,55.46627,-112.09724,10.89287,5.51964,0.70259,-13.24511,-2.88564,7.32429,0.50589,,,,,,,,,,,,,,,,,,,,,,,,,,,,,,,,,,,,,,,,,,,,,,,,,,,High,High,High,,,,,
84,2025-10-18,12:47:47.01,4,3,"Bazinet, Keegan",10316675,Right,NIA_COM,"Clyne , Owen",1000230336,Left,GEO_PAT,Undefined,2,Bottom,1,1,1,Curveball,Slider,StrikeCalled,Undefined,Undefined,Undefined,0,0,,76.2731,-1.000942,-2.910525,2780.072304,160.053764,11:15,5.58289,2.69735,5.5423,-33.60679,15.43989,-5.00819,1.84551,-0.44262,69.69489,-7.219904,-3.801624,0.504053,,,,,,,,,,,,1.67803,8.58859,-2.44136,50,5.47397,5.80661,-110.52051,-2.93504,2.0629,20.81645,-21.61561,GEO_PAT,NIA_COM,SpuhlerFieldMain,TeamExclusive,Team,20251018-SpuhlerFieldMain-Private-1,2d630b10-ac42-11f0-ae3b-9b4a908d198a,74.77871,,,6.57821,,,,,,,e9589120-7e22-442b-894a-3d9ff1c37833,2025-10-18,16:47:47.01,2025-10-18T12:47:47.0120000-04:00,2025-10-18T16:47:47.0120000Z,,v3,471300,,,"Harper, Dalton",1000115726,Right,NIA_COM,4b410475-5db7-49a0-b496-5d7953639f66,54.95776,-111.45038,10.40823,5.58351,-1.96947,-10.8078,-2.69868,5.71447,1.03145,,,,,,,,,,,,,,,,,,,,,,,,,,,,,,,,,,,,,,,,,,,,,,,,,,,High,High,High,,,,,
85,2025-10-18,12:48:07.74,4,4,"Bazinet, Keegan",10316675,Right,NIA_COM,"Clyne , Owen",1000230336,Left,GEO_PAT,Undefined,2,Bottom,1,1,2,Fastball,Sinker,InPlay,Undefined,LineDrive,Out,1,0,,88.03963,-1.136515,-4.169959,2172.636224,240.747644,2:00,5.84808,2.41704,5.93524,-28.64817,7.17296,10.94131,2.40337,-0.54683,81.26265,-6.431192,-2.21068,0.430766,97.67405,20.112213,0.194964,2152.332079,109.83835,36.38691,-5.95601,305.48467,302.0597,-9.598547,3.797721,-6.74079,4.26429,-2.09002,50,5.74063,8.87801,-127.72767,-3.49967,-11.22941,24.23744,-25.07023,GEO_PAT,NIA_COM,SpuhlerFieldMain,TeamExclusive,Team,20251018-SpuhlerFieldMain-Private-1,39b752e0-ac42-11f0-ae3b-9b4a908d198a,87.50105,45.47631,,6.77698,,,,1.98797,2.45943,0.51603,e9589120-7e22-442b-894a-3d9ff1c37833,2025-10-18,16:48:07.74,2025-10-18T12:48:07.7440000-04:00,2025-10-18T16:48:07.7440000Z,LineDrive,v3,471300,,,"Harper, Dalton",1000115726,Right,NIA_COM,695efa20-7dab-4150-b97a-3802929bf479,54.5694,-128.59183,12.11872,5.84947,-2.60582,-12.53511,-2.41369,9.27838,-5.6147,137.533607,1.98749,134.53195,-27.48034,6.30846,-1.42452,0.3138,-0.06122,0.00787,-0.00043,2.45979,49.25041,-14.37064,-0.28106,0.44213,-0.16321,0.03641,-0.00392,0.00013,0.5161,0.4549,-10.79053,4.37963,-1.32102,0.30882,-0.05331,0.00572,-0.00027,,,,,,,,,,,,,,,,,,,,,,,High,High,High,High,High,,,
86,2025-10-18,12:48:48.43,5,1,"Bazinet, Keegan",10316675,Right,NIA_COM,"Terilli, Lucas",1000469290,Left,GEO_PAT,Undefined,2,Bottom,2,0,0,Curveball,Curveball,BallCalled,Undefined,Undefined,Undefined,0,0,,69.78571,0.59644,-2.204397,1971.997818,36.998541,7:15,5.99956,2.35207,5.07538,-63.45795,-5.03611,-4.96465,1.27416,-0.14095,65.50004,-10.770438,-3.083328,0.550122,,,,,,,,,,,,1.96335,-2.2798,-2.13871,50,6.00502,4.07741,-101.41662,-0.95107,2.07099,14.59656,-34.57887,GEO_PAT,NIA_COM,SpuhlerFieldMain,TeamExclusive,Team,20251018-SpuhlerFieldMain-Private-1,520eb540-ac42-11f0-ae3b-9b4a908d198a,68.51651,,,4.28567,,,,,,,e9589120-7e22-442b-894a-3d9ff1c37833,2025-10-18,16:48:48.43,2025-10-18T12:48:48.4320000-04:00,2025-10-18T16:48:48.4320000Z,,v3,471300,,,"Harper, Dalton",1000115726,Right,NIA_COM,c4d61e91-1807-47ca-8c29-d101e23a50f5,55.43133,-102.19534,7.29828,6.00655,0.89371,-17.28944,-2.35329,3.96693,1.0355,,,,,,,,,,,,,,,,,,,,,,,,,,,,,,,,,,,,,,,,,,,,,,,,,,,High,High,High,,,,,
87,2025-10-18,12:49:07.05,5,2,"Bazinet, Keegan",10316675,Right,NIA_COM,"Terilli, Lucas",1000469290,Left,GEO_PAT,Undefined,2,Bottom,2,1,0,Slider,Slider,BallCalled,Undefined,Undefined,Undefined,0,0,,78.29629,-1.578533,-2.508662,2507.013154,176.358184,12:00,5.61864,2.78121,5.43666,-32.13781,14.33351,-0.8174,1.46044,0.36228,71.88736,-7.497899,-2.653991,0.490641,,,,,,,,,,,,-0.28768,8.10682,-2.55836,50,5.45668,5.0051,-113.52085,-4.1383,-0.37517,20.88744,-21.60095,GEO_PAT,NIA_COM,SpuhlerFieldMain,TeamExclusive,Team,20251018-SpuhlerFieldMain-Private-1,5d1f8090-ac42-11f0-ae3b-9b4a908d198a,76.82285,,,6.40893,,,,,,,e9589120-7e22-442b-894a-3d9ff1c37833,2025-10-18,16:49:07.05,2025-10-18T12:49:07.0530000-04:00,2025-10-18T16:49:07.0530000Z,,v3,471300,,,"Harper, Dalton",1000115726,Right,NIA_COM,6db2afbb-0a00-403a-a9ec-76bf2e7b266d,55.06461,-114.44893,10.44372,5.61923,-3.17852,-10.80048,-2.78112,5.02177,-0.18759,,,,,,,,,,,,,,,,,,,,,,,,,,,,,,,,,,,,,,,,,,,,,,,,,,,High,High,High,,,,,
88,2025-10-18,12:49:26.78,5,3,"Bazinet, Keegan",10316675,Right,NIA_COM,"Terilli, Lucas",1000469290,Left,GEO_PAT,Undefined,2,Bottom,2,2,0,Fastball,Changeup,BallCalled,Undefined,Undefined,Undefined,0,0,,86.00378,-0.3743,-2.361303,2131.609069,246.277382,2:15,5.81171,2.40837,5.92949,-30.78183,6.8193,12.90973,2.89896,1.29193,78.9962,-6.080358,-0.043059,0.441338,,,,,,,,,,,,-7.2467,3.95355,-2.22677,50,5.76431,4.62872,-124.92861,-1.83617,-11.49018,24.39462,-25.90541,GEO_PAT,NIA_COM,SpuhlerFieldMain,TeamExclusive,Team,20251018-SpuhlerFieldMain-Private-1,68bb74e0-ac42-11f0-ae3b-9b4a908d198a,85.40483,,,7.00758,,,,,,,e9589120-7e22-442b-894a-3d9ff1c37833,2025-10-18,16:49:26.78,2025-10-18T12:49:26.7810000-04:00,2025-10-18T16:49:26.7810000Z,,v3,471300,,,"Harper, Dalton",1000115726,Right,NIA_COM,7f7c62b5-4bdd-4e9b-80f9-c04bc93bfbe5,54.573,-125.8184,12.19731,5.81405,-0.89127,-12.9527,-2.40324,5.04783,-5.74509,,,,,,,,,,,,,,,,,,,,,,,,,,,,,,,,,,,,,,,,,,,,,,,,,,,High,High,High,,,,,
89,2025-10-18,12:49:44.42,5,4,"Bazinet, Keegan",10316675,Right,NIA_COM,"Terilli, Lucas",1000469290,Left,GEO_PAT,Undefined,2,Bottom,2,3,0,Fastball,Changeup,StrikeCalled,Undefined,Undefined,Undefined,0,0,,84.96884,-1.571173,-3.422281,2083.215483,207.891579,1:00,5.97251,2.44639,5.99862,-25.21805,12.90079,6.27264,2.41208,-0.206,78.88023,-6.2546,-2.296725,0.444366,,,,,,,,,,,,-4.04792,7.34721,-2.18011,50,5.83449,7.13676,-123.39234,-4.17057,-6.33273,21.168,-20.67977,GEO_PAT,NIA_COM,SpuhlerFieldMain,TeamExclusive,Team,20251018-SpuhlerFieldMain-Private-1,73525540-ac42-11f0-ae3b-9b4a908d198a,84.8229,,,6.08861,,,,,,,e9589120-7e22-442b-894a-3d9ff1c37833,2025-10-18,16:49:44.42,2025-10-18T12:49:44.4240000-04:00,2025-10-18T16:49:44.4240000Z,,v3,471300,,,"Harper, Dalton",1000115726,Right,NIA_COM,2f930895-79db-46d6-8fc7-ff808434807d,54.50464,-124.1627,10.584,5.97257,-3.41798,-10.33989,-2.44403,7.36722,-3.16636,,,,,,,,,,,,,,,,,,,,,,,,,,,,,,,,,,,,,,,,,,,,,,,,,,,High,High,High,,,,,
90,2025-10-18,12:50:03.59,5,5,"Bazinet, Keegan",10316675,Right,NIA_COM,"Terilli, Lucas",1000469290,Left,GEO_PAT,Undefined,2,Bottom,2,3,1,Fastball,Four-Seam,StrikeCalled,Undefined,Undefined,Undefined,0,0,,86.01492,-0.976332,-2.510554,2137.201821,204.484402,12:45,5.87893,2.47213,6.07352,-21.04832,16.45501,6.95469,3.22049,0.72702,78.69214,-4.957149,-1.259659,0.440764,,,,,,,,,,,,-4.26508,9.10575,-2.2812,50,5.79196,5.19653,-124.87323,-2.73613,-6.74078,24.92625,-17.78282,GEO_PAT,NIA_COM,SpuhlerFieldMain,TeamExclusive,Team,20251018-SpuhlerFieldMain-Private-1,7eaf1db0-ac42-11f0-ae3b-9b4a908d198a,85.51611,,,7.32278,,,,,,,e9589120-7e22-442b-894a-3d9ff1c37833,2025-10-18,16:50:03.59,2025-10-18T12:50:03.5980000-04:00,2025-10-18T16:50:03.5980000Z,,v3,471300,,,"Harper, Dalton",1000115726,Right,NIA_COM,e9573cf2-cfc8-4bf5-9baf-168f7c4379f0,54.42714,-125.75383,12.46312,5.87752,-2.10789,-8.89141,-2.469,5.43468,-3.37039,,,,,,,,,,,,,,,,,,,,,,,,,,,,,,,,,,,,,,,,,,,,,,,,,,,High,High,High,,,,,
91,2025-10-18,12:50:25.24,5,6,"Bazinet, Keegan",10316675,Right,NIA_COM,"Terilli, Lucas",1000469290,Left,GEO_PAT,Undefined,2,Bottom,2,3,2,Slider,Changeup,FoulBallNotFieldable,Undefined,Undefined,Undefined,0,0,,79.1706,-0.440089,-2.499282,1215.141645,195.638548,12:30,5.59407,2.71128,5.52166,-31.29935,14.1052,3.53059,2.5739,0.66719,72.28069,-6.245418,-1.870737,0.484977,55.83291,9.392185,-177.340781,3333.132563,,,,62.1449,42.13939,-176.081889,0.81528,-2.4889,7.69804,-2.49594,50,5.53505,4.86931,-114.78146,-1.85808,-3.31078,21.82139,-21.93404,GEO_PAT,NIA_COM,SpuhlerFieldMain,TeamExclusive,Team,20251018-SpuhlerFieldMain-Private-1,8b967dc0-ac42-11f0-ae3b-9b4a908d198a,77.72006,4.5494,,6.88991,,,,-0.60932,2.39612,-0.73169,e9589120-7e22-442b-894a-3d9ff1c37833,2025-10-18,16:50:25.24,2025-10-18T12:50:25.2410000-04:00,2025-10-18T16:50:25.2410000Z,GroundBall,v3,471300,,,"Harper, Dalton",1000115726,Right,NIA_COM,9db35c64-41fa-414f-9a1d-3739a89658c2,54.97733,-115.72384,10.9107,5.59484,-0.91083,-10.96702,-2.70932,5.01229,-1.65539,344.771988,-0.60932,-80.70338,6.62512,-0.04586,0.05632,0.00855,-0.004,0.00013,1E-05,2.39612,13.36344,-21.2406,1.7121,-0.27741,0.06687,-0.00784,0.00085,-0.00019,-0.73169,-3.74831,-0.79605,0.14848,-0.02702,0.0055,-0.00068,9E-05,-2E-05,,,,,,,,,,,,,,,,,,,,,,,High,High,High,High,Medium,,,
92,2025-10-18,12:50:47.80,5,7,"Bazinet, Keegan",10316675,Right,NIA_COM,"Terilli, Lucas",1000469290,Left,GEO_PAT,Undefined,2,Bottom,2,3,2,Fastball,Four-Seam,InPlay,Undefined,GroundBall,Out,1,0,,87.65605,-0.827308,-2.046547,2158.94508,205.518091,12:45,5.80371,2.34673,6.09039,-23.73678,12.12906,5.28362,3.05979,0.89302,80.68531,-5.271015,-1.095209,0.431034,77.41703,-83.573254,-37.85106,,,,,2.02647,2.02647,-33.035879,0.027026,-3.27173,6.80512,-2.19161,50,5.72719,4.34324,-127.39903,-2.57964,-5.4103,24.66216,-20.92081,GEO_PAT,NIA_COM,SpuhlerFieldMain,TeamExclusive,Team,20251018-SpuhlerFieldMain-Private-1,991d0400-ac42-11f0-ae3b-9b4a908d198a,87.44648,3.0607,,6.97074,,,,1.42662,3.0607,-0.89321,e9589120-7e22-442b-894a-3d9ff1c37833,2025-10-18,16:50:47.80,2025-10-18T12:50:47.8060000-04:00,2025-10-18T16:50:47.8060000Z,GroundBall,v3,471300,,,"Harper, Dalton",1000115726,Right,NIA_COM,fe9e98b3-5371-406c-998b-0e06ea340855,54.41231,-128.25033,12.33108,5.80377,-1.85749,-10.4604,-2.34476,4.53,-2.70515,,1.42646,10.07264,,,,,,,,3.06252,-113.24955,,,,,,,,-0.89308,-7.82753,,,,,,,,,,,,,,,,,,,,,,,,,,,,,,High,High,High,Estimated,Estimated,,,
93,2025-10-18,12:53:16.49,1,1,"Cardenas, Diego",1000262735,Right,GEO_PAT,"Rossano, Cooper",10108170,Right,NIA_COM,Undefined,3,Top,0,0,0,Slider,Slider,StrikeCalled,Undefined,Undefined,Undefined,0,0,,79.41008,0.921861,-2.032594,2411.572365,104.370538,9:30,5.69498,2.10343,4.95598,-43.58286,1.83189,-2.23673,2.93474,-0.00431,73.6296,-6.946407,-2.4269,0.485031,,,,,,,,,,,,0.61299,1.06291,-1.90438,50,5.74824,4.18474,-115.30117,0.27317,0.83505,19.0387,-30.72605,GEO_PAT,NIA_COM,SpuhlerFieldMain,TeamExclusive,Team,20251018-SpuhlerFieldMain-Private-1,f1b18f50-ac42-11f0-ae3b-9b4a908d198a,77.71133,,,5.78047,,,,,,,e9589120-7e22-442b-894a-3d9ff1c37833,2025-10-18,16:53:16.49,2025-10-18T12:53:16.4920000-04:00,2025-10-18T16:53:16.4920000Z,,v3,471300,,,"Vaughan, Logan",1000232024,Right,GEO_PAT,205432b6-fd85-4b33-b17b-497c0d019c12,55.54748,-116.21357,9.51935,5.69986,1.74566,-15.36303,-2.10397,4.14472,0.41753,,,,,,,,,,,,,,,,,,,,,,,,,,,,,,,,,,,,,,,,,,,,,,,,,,,High,High,High,,,,,
94,2025-10-18,12:53:28.55,1,2,"Cardenas, Diego",1000262735,Right,GEO_PAT,"Rossano, Cooper",10108170,Right,NIA_COM,Undefined,3,Top,0,0,1,Sinker,Sinker,BallCalled,Undefined,Undefined,Undefined,0,0,,89.39353,-3.097444,-3.064292,2195.973485,230.650931,1:45,5.93207,1.85704,5.25713,-22.33698,13.47702,15.07272,1.15324,0.23109,82.18549,-7.211383,-0.393068,0.430723,,,,,,,,,,,,-8.42536,7.90871,-1.58775,50,5.63114,6.26277,-129.49364,-7.82213,-14.3692,25.92618,-18.68602,GEO_PAT,NIA_COM,SpuhlerFieldMain,TeamExclusive,Team,20251018-SpuhlerFieldMain-Private-1,f8efa7c0-ac42-11f0-ae3b-9b4a908d198a,87.50974,,,7.20804,,,,,,,e9589120-7e22-442b-894a-3d9ff1c37833,2025-10-18,16:53:28.55,2025-10-18T12:53:28.5570000-04:00,2025-10-18T16:53:28.5570000Z,,v3,471300,,,"Vaughan, Logan",1000232024,Right,GEO_PAT,4a33695b-9713-4db4-8086-16ff96bf81fe,55.24659,-130.53985,12.96309,5.93157,-7.06809,-9.34301,-1.85217,6.84262,-7.1846,,,,,,,,,,,,,,,,,,,,,,,,,,,,,,,,,,,,,,,,,,,,,,,,,,,High,High,High,,,,,
95,2025-10-18,12:53:40.25,1,3,"Cardenas, Diego",1000262735,Right,GEO_PAT,"Rossano, Cooper",10108170,Right,NIA_COM,Undefined,3,Top,0,1,1,Slider,Slider,FoulBallNotFieldable,Undefined,Undefined,Undefined,0,0,,80.13324,0.606093,-2.876433,2372.842084,160.47559,11:15,5.73497,1.85903,4.89753,-40.86959,3.63229,-0.87618,2.90322,-0.93706,74.67695,-6.754753,-3.030533,0.480132,,,,,,,,,,,,-0.21965,2.02099,-1.57627,50,5.75981,5.88242,-116.34256,-0.27155,-0.30651,18.13691,-29.35407,GEO_PAT,NIA_COM,SpuhlerFieldMain,TeamExclusive,Team,20251018-SpuhlerFieldMain-Private-1,ffd62a50-ac42-11f0-ae3b-9b4a908d198a,78.50434,,,5.45629,,,,,,,e9589120-7e22-442b-894a-3d9ff1c37833,2025-10-18,16:53:40.25,2025-10-18T12:53:40.2520000-04:00,2025-10-18T16:53:40.2520000Z,,v3,471300,,,"Vaughan, Logan",1000232024,Right,GEO_PAT,fc07ca0c-e3e4-43b2-b4ee-e1ab38c08e8c,55.60609,-117.21325,9.06846,5.73903,1.13764,-14.67704,-1.85902,5.89714,-0.15325,,,,,,,,,,,,,,,,,,,,,,,,,,,,,,,,,,,,,,,,,,,,,,,,,,,High,High,High,,,,,
96,2025-10-18,12:53:56.47,1,4,"Cardenas, Diego",1000262735,Right,GEO_PAT,"Rossano, Cooper",10108170,Right,NIA_COM,Undefined,3,Top,0,1,2,Sweeper,Slider,BallCalled,Undefined,Undefined,Undefined,0,0,,80.20808,-0.667614,-1.617872,2477.298011,75.326009,8:30,5.63574,2.14654,4.78539,-44.69577,-0.2626,-5.27339,1.27802,0.17319,75.24485,-8.651938,-2.546247,0.479761,,,,,,,,,,,,2.26839,0.29091,-1.97993,50,5.52928,3.51079,-116.60031,-3.03483,3.18386,17.91088,-31.76572,GEO_PAT,NIA_COM,SpuhlerFieldMain,TeamExclusive,Team,20251018-SpuhlerFieldMain-Private-1,0996a7e0-ac43-11f0-ae3b-9b4a908d198a,78.56502,,,4.96323,,,,,,,e9589120-7e22-442b-894a-3d9ff1c37833,2025-10-18,16:53:56.47,2025-10-18T12:53:56.4790000-04:00,2025-10-18T16:53:56.4790000Z,,v3,471300,,,"Vaughan, Logan",1000232024,Right,GEO_PAT,173dfe4f-dfd5-413c-9aeb-d18ebe378897,55.72058,-117.47576,8.95544,5.63967,-1.48219,-15.88286,-2.14773,3.35517,1.59193,,,,,,,,,,,,,,,,,,,,,,,,,,,,,,,,,,,,,,,,,,,,,,,,,,,High,High,High,,,,,
97,2025-10-18,12:54:10.00,1,5,"Cardenas, Diego",1000262735,Right,GEO_PAT,"Rossano, Cooper",10108170,Right,NIA_COM,Undefined,3,Top,0,2,2,Slider,Slider,FoulBallNotFieldable,Undefined,Undefined,Undefined,0,0,,80.81167,0.679451,-2.323714,2503.959843,93.531811,9:00,5.6288,2.05914,4.65848,-42.60742,1.30973,-3.75504,2.72426,-0.46266,75.67624,-6.940095,-2.981814,0.476967,68.1768,24.217307,171.354395,3385.598036,-108.83356,14.26246,15.97555,144.49427,48.61236,171.76828,1.856448,1.35984,0.77366,-1.81805,50,5.65885,4.92407,-117.4295,-0.23765,1.94119,17.5848,-31.06963,GEO_PAT,NIA_COM,SpuhlerFieldMain,TeamExclusive,Team,20251018-SpuhlerFieldMain-Private-1,11aa38c0-ac43-11f0-ae3b-9b4a908d198a,79.0252,19.33925,,5.13543,,,,1.49278,2.73042,0.45715,e9589120-7e22-442b-894a-3d9ff1c37833,2025-10-18,16:54:10.00,2025-10-18T12:54:10.0050000-04:00,2025-10-18T16:54:10.0050000Z,LineDrive,v3,471300,,,"Vaughan, Logan",1000232024,Right,GEO_PAT,77dc968c-96f9-452d-bdae-6acc741bf052,55.84717,-118.30186,8.7924,5.63241,1.30367,-15.53481,-2.05993,4.82777,0.97059,351.466129,1.49281,-90.15922,5.95988,0.5215,-0.027,-0.16469,0.12541,-0.03157,0.0015,2.7304,41.0178,-28.00348,3.86696,-0.9437,0.33192,-0.14013,0.04443,-0.00607,0.45715,13.70866,-2.28681,0.61561,-0.17825,0.07344,-0.0326,0.00926,-0.00103,,,,,,,,,,,,,,,,,,,,,,,High,High,High,High,Medium,,,
98,2025-10-18,12:54:25.99,1,6,"Cardenas, Diego",1000262735,Right,GEO_PAT,"Rossano, Cooper",10108170,Right,NIA_COM,Undefined,3,Top,0,2,2,Slider,Slider,FoulBallNotFieldable,Undefined,Undefined,Undefined,0,0,,81.26755,0.034828,-2.402465,2366.202124,235.042288,1:45,5.73135,1.93547,5.04903,-41.16451,2.61402,1.7413,2.33386,-0.18687,74.4669,-7.437033,-2.094876,0.476214,74.48727,-23.093147,-53.797905,,,,,7.60803,7.60803,-36.928561,0.057942,-1.55476,1.64906,-1.70784,50,5.70167,4.87145,-117.83722,-1.42066,-2.18152,22.83052,-29.86025,GEO_PAT,NIA_COM,SpuhlerFieldMain,TeamExclusive,Team,20251018-SpuhlerFieldMain-Private-1,1b328f50-ac43-11f0-ae3b-9b4a908d198a,79.15022,2.49061,,6.80065,,,,2.6318,2.49061,0.14235,e9589120-7e22-442b-894a-3d9ff1c37833,2025-10-18,16:54:25.99,2025-10-18T12:54:25.9900000-04:00,2025-10-18T16:54:25.9900000Z,GroundBall,v3,471300,,,"Vaughan, Logan",1000232024,Right,GEO_PAT,d9ebe07e-e31d-41af-9ce0-235894d2d2cc,55.45386,-118.88919,11.41526,5.73543,-0.04478,-14.93012,-1.93462,4.97197,-1.09076,,2.63006,59.54127,,,,,,,,2.49186,-42.98438,,,,,,,,0.14472,-81.3466,,,,,,,,,,,,,,,,,,,,,,,,,,,,,,High,High,High,Estimated,Estimated,,,
99,2025-10-18,12:54:45.37,1,7,"Cardenas, Diego",1000262735,Right,GEO_PAT,"Rossano, Cooper",10108170,Right,NIA_COM,Undefined,3,Top,0,2,2,ChangeUp,Changeup,BallCalled,Undefined,Undefined,Undefined,0,0,,82.90618,-1.674966,-2.492311,1847.411508,240.031961,2:00,5.60823,1.88255,5.30381,-32.50553,9.08071,13.46083,1.32504,0.66302,76.14167,-7.625089,-0.101966,0.464137,,,,,,,,,,,,-7.50815,5.38252,-1.6664,50,5.43222,4.68251,-120.2413,-4.6462,-10.99781,23.20099,-24.28982,GEO_PAT,NIA_COM,SpuhlerFieldMain,TeamExclusive,Team,20251018-SpuhlerFieldMain-Private-1,26b75220-ac43-11f0-ae3b-9b4a908d198a,81.20971,,,6.7645,,,,,,,e9589120-7e22-442b-894a-3d9ff1c37833,2025-10-18,16:54:45.37,2025-10-18T12:54:45.3710000-04:00,2025-10-18T16:54:45.3710000Z,,v3,471300,,,"Vaughan, Logan",1000232024,Right,GEO_PAT,5dd90b5a-86f2-4163-8b6b-d3297986fed5,55.19966,-121.24044,11.6005,5.60978,-3.60017,-12.14491,-1.87825,5.15613,-5.4989,,,,,,,,,,,,,,,,,,,,,,,,,,,,,,,,,,,,,,,,,,,,,,,,,,,High,High,High,,,,,
100,2025-10-18,12:54:58.07,1,8,"Cardenas, Diego",1000262735,Right,GEO_PAT,"Rossano, Cooper",10108170,Right,NIA_COM,Undefined,3,Top,0,3,2,Slider,Slider,StrikeSwinging,Strikeout,Undefined,Undefined,0,0,,80.78222,-0.690803,-2.445452,2386.481565,24.593983,6:45,5.69533,1.81622,4.8086,-45.93443,0.31461,-0.74815,1.21234,-0.56446,71.88827,-9.039098,-2.577155,0.489466,,,,,,,,,,,,-0.57382,0.95465,-1.57205,50,5.58732,5.0124,-116.59388,-3.12367,-0.76147,29.25717,-30.90717,GEO_PAT,NIA_COM,SpuhlerFieldMain,TeamExclusive,Team,20251018-SpuhlerFieldMain-Private-1,2e569d60-ac43-11f0-ae3b-9b4a908d198a,77.00723,,,8.89395,,,,,,,e9589120-7e22-442b-894a-3d9ff1c37833,2025-10-18,16:54:58.07,2025-10-18T12:54:58.0730000-04:00,2025-10-18T16:54:58.0730000Z,,v3,471300,,,"Vaughan, Logan",1000232024,Right,GEO_PAT,24ec31b0-7572-4ae4-a25a-72efff34b50c,55.68845,-118.01267,14.62858,5.70245,-1.62488,-15.45359,-1.81601,5.04932,-0.38073,,,,,,,,,,,,,,,,,,,,,,,,,,,,,62.76319,3.054054,1.933619,1.120435,2.3705,1.36283,0.52155,-1.43627,6.22157,-0.05379,69.40261,7.67951,-55.38029,-1.33283,69.55944,-5.72042,6.27079,15.89452,-13.05429,-0.16117,-55.51776,5.54748,High,High,High,,,High,High,High
101,2025-10-18,12:55:21.07,2,1,"Cardenas, Diego",1000262735,Right,GEO_PAT,"Schaefer, Mikey",10126964,Left,NIA_COM,Undefined,3,Top,1,0,0,ChangeUp,Changeup,StrikeCalled,Undefined,Undefined,Undefined,0,0,,83.6901,-0.652183,-2.246117,1828.55772,225.062776,1:30,5.55981,2.08185,5.37628,-28.80844,11.52587,10.37693,2.54716,0.8397,77.26056,-5.949959,-0.402301,0.457098,,,,,,,,,,,,-5.77878,6.31835,-1.88811,50,5.48099,4.33244,-121.52792,-2.37223,-8.72694,21.63074,-22.63228,GEO_PAT,NIA_COM,SpuhlerFieldMain,TeamExclusive,Team,20251018-SpuhlerFieldMain-Private-1,3bedec80-ac43-11f0-ae3b-9b4a908d198a,82.46039,,,6.42954,,,,,,,e9589120-7e22-442b-894a-3d9ff1c37833,2025-10-18,16:55:21.07,2025-10-18T12:55:21.0770000-04:00,2025-10-18T16:55:21.0770000Z,,v3,471300,,,"Vaughan, Logan",1000232024,Right,GEO_PAT,01bd3aa5-854e-4625-ae9d-6fc463cd4997,55.12608,-122.43691,10.81537,5.56069,-1.42115,-11.31614,-2.07788,4.69917,-4.36347,,,,,,,,,,,,,,,,,,,,,,,,,,,,,,,,,,,,,,,,,,,,,,,,,,,High,High,High,,,,,
102,2025-10-18,12:55:34.16,2,2,"Cardenas, Diego",1000262735,Right,GEO_PAT,"Schaefer, Mikey",10126964,Left,NIA_COM,Undefined,3,Top,1,0,1,Sinker,Sinker,BallCalled,Undefined,Undefined,Undefined,0,0,,90.24405,-3.129516,-3.386827,2157.768009,240.652857,2:00,5.87048,1.9131,5.12765,-26.41769,9.15406,14.1882,0.7133,-0.09823,82.53952,-7.955922,-0.878128,0.429264,,,,,,,,,,,,-8.11666,5.78201,-1.60641,50,5.55538,7.08248,-130.56779,-8.16091,-13.97437,28.17357,-22.21919,GEO_PAT,NIA_COM,SpuhlerFieldMain,TeamExclusive,Team,20251018-SpuhlerFieldMain-Private-1,43c86c00-ac43-11f0-ae3b-9b4a908d198a,87.80722,,,7.70452,,,,,,,e9589120-7e22-442b-894a-3d9ff1c37833,2025-10-18,16:55:34.16,2025-10-18T12:55:34.1630000-04:00,2025-10-18T16:55:34.1630000Z,,v3,471300,,,"Vaughan, Logan",1000232024,Right,GEO_PAT,66ce547b-309f-4fd7-bd60-259b325bbf2e,55.37578,-131.72265,14.08679,5.87124,-7.25012,-11.1096,-1.90847,7.65531,-6.98719,,,,,,,,,,,,,,,,,,,,,,,,,,,,,,,,,,,,,,,,,,,,,,,,,,,High,High,High,,,,,
103,2025-10-18,12:55:54.53,2,3,"Cardenas, Diego",1000262735,Right,GEO_PAT,"Schaefer, Mikey",10126964,Left,NIA_COM,Undefined,3,Top,1,1,1,Sinker,Sinker,BallCalled,Undefined,Undefined,Undefined,0,0,,90.67071,-2.135849,-2.395474,2159.906449,228.541743,1:30,5.7356,1.92082,5.0029,-20.5982,14.86477,15.43895,2.00003,0.94463,82.30232,-5.959319,0.328957,0.428607,,,,,,,,,,,,-8.36725,8.3554,-1.70369,50,5.51399,4.75384,-131.27146,-5.65613,-14.49877,29.59302,-17.69577,GEO_PAT,NIA_COM,SpuhlerFieldMain,TeamExclusive,Team,20251018-SpuhlerFieldMain-Private-1,4ff380f0-ac43-11f0-ae3b-9b4a908d198a,87.94178,,,8.36839,,,,,,,e9589120-7e22-442b-894a-3d9ff1c37833,2025-10-18,16:55:54.53,2025-10-18T12:55:54.5390000-04:00,2025-10-18T16:55:54.5390000Z,,v3,471300,,,"Vaughan, Logan",1000232024,Right,GEO_PAT,1db4c89a-2690-4e99-8078-78a5da252b85,55.49804,-132.50511,14.79651,5.7344,-4.91845,-8.84788,-1.91446,5.35825,-7.24939,,,,,,,,,,,,,,,,,,,,,,,,,,,,,,,,,,,,,,,,,,,,,,,,,,,High,High,High,,,,,
104,2025-10-18,12:56:08.87,2,4,"Cardenas, Diego",1000262735,Right,GEO_PAT,"Schaefer, Mikey",10126964,Left,NIA_COM,Undefined,3,Top,1,2,1,Slider,Slider,InPlay,Undefined,Popup,Out,1,0,,80.81201,0.520968,-2.063829,2361.250915,93.239827,9:00,5.70126,2.03299,4.69868,-43.51494,1.55413,-0.86295,2.56994,0.00091,73.66424,-7.338237,-2.215296,0.483182,77.99498,60.615095,42.141459,,73.96546,102.25149,81.41917,143.43154,68.28145,48.740679,5.532385,-0.18949,0.97307,-1.82274,50,5.71495,4.25591,-117.07028,-0.57752,-0.26107,23.57773,-30.83327,GEO_PAT,NIA_COM,SpuhlerFieldMain,TeamExclusive,Team,20251018-SpuhlerFieldMain-Private-1,588590a0-ac43-11f0-ae3b-9b4a908d198a,78.0088,123.53661,,7.14777,,,,3.35337,2.33034,-0.27219,e9589120-7e22-442b-894a-3d9ff1c37833,2025-10-18,16:56:08.87,2025-10-18T12:56:08.8700000-04:00,2025-10-18T16:56:08.8700000Z,Popup,v3,471300,,,"Vaughan, Logan",1000232024,Right,GEO_PAT,8f52f274-7647-4003-a089-d19f43e1a164,55.80384,-118.23339,11.78886,5.70593,0.94351,-15.41664,-2.03301,4.26879,-0.13053,187.835678,3.35884,41.49934,-15.26939,4.30234,-0.53308,-0.0811,0.04421,-0.00668,0.00035,2.31338,99.96675,-25.72547,3.57949,-1.12703,0.30487,-0.04958,0.00378,-9E-05,-0.26525,37.52257,-9.71089,2.17792,-0.00146,-0.16508,0.04968,-0.00637,0.00031,,,,,,,,,,,,,,,,,,,,,,,High,High,High,High,Low,,,
105,2025-10-18,12:56:41.05,3,1,"Cardenas, Diego",1000262735,Right,GEO_PAT,"Harper, Dalton",1000115726,Right,NIA_COM,Undefined,3,Top,2,0,0,Slider,Slider,StrikeCalled,Undefined,Undefined,Undefined,0,0,,79.99513,0.909819,-1.631721,2423.920912,62.034611,8:00,5.75994,1.74456,4.85335,-45.23416,0.47276,-1.97307,2.85214,0.03503,72.92302,-7.280856,-1.979152,0.486589,,,,,,,,,,,,0.48421,0.4435,-1.58167,50,5.81141,3.3874,-115.91033,0.15587,0.65461,22.93123,-31.57444,GEO_PAT,NIA_COM,SpuhlerFieldMain,TeamExclusive,Team,20251018-SpuhlerFieldMain-Private-1,6b99c030-ac43-11f0-ae3b-9b4a908d198a,77.46256,,,7.07211,,,,,,,e9589120-7e22-442b-894a-3d9ff1c37833,2025-10-18,16:56:41.05,2025-10-18T12:56:41.0510000-04:00,2025-10-18T16:56:41.0510000Z,,v3,471300,,,"Vaughan, Logan",1000232024,Right,GEO_PAT,08a39e41-2337-495b-b717-05b20f984d47,55.64713,-117.0222,11.46561,5.76674,1.68682,-15.78722,-1.74514,3.35566,0.32731,,,,,,,,,,,,,,,,,,,,,,,,,,,,,,,,,,,,,,,,,,,,,,,,,,,High,High,High,,,,,
106,2025-10-18,12:56:52.85,3,2,"Cardenas, Diego",1000262735,Right,GEO_PAT,"Harper, Dalton",1000115726,Right,NIA_COM,Undefined,3,Top,2,0,1,Sinker,Four-Seam,StrikeSwinging,Undefined,Undefined,Undefined,0,0,,90.95958,-1.459155,-2.85364,2081.742374,214.464997,1:15,5.85381,1.90312,5.24478,-15.51312,19.45757,12.51556,3.1877,0.26192,82.27152,-4.411149,-0.637924,0.425621,,,,,,,,,,,,-7.07335,10.48922,-1.65025,50,5.70859,5.96863,-131.69032,-3.84624,-12.32049,30.08877,-13.90376,GEO_PAT,NIA_COM,SpuhlerFieldMain,TeamExclusive,Team,20251018-SpuhlerFieldMain-Private-1,729885b0-ac43-11f0-ae3b-9b4a908d198a,88.55861,,,8.68806,,,,,,,e9589120-7e22-442b-894a-3d9ff1c37833,2025-10-18,16:56:52.85,2025-10-18T12:56:52.8520000-04:00,2025-10-18T16:56:52.8520000Z,,v3,471300,,,"Vaughan, Logan",1000232024,Right,GEO_PAT,f4cbebfa-6af9-458f-b3cf-b494b333950e,55.25442,-132.88544,15.04439,5.85039,-3.29399,-6.95188,-1.89704,6.45799,-6.16024,,,,,,,,,,,,,,,,,,,,,,,,,,,,,,,,,,,,,,,,,,,,,,,,,,,High,High,High,,,,,
107,2025-10-18,12:57:06.66,3,3,"Cardenas, Diego",1000262735,Right,GEO_PAT,"Harper, Dalton",1000115726,Right,NIA_COM,Undefined,3,Top,2,0,2,Sinker,Sinker,BallCalled,Undefined,Undefined,Undefined,0,0,,90.1731,-3.187832,-3.762329,2132.073319,230.883466,1:45,5.88385,1.80214,5.30601,-20.49044,15.01359,16.96422,1.17414,-0.32119,82.07698,-7.000478,-0.756653,0.428855,,,,,,,,,,,,-9.5978,8.80745,-1.47284,50,5.57892,7.79621,-130.38167,-7.99161,-16.44575,28.58379,-17.08258,GEO_PAT,NIA_COM,SpuhlerFieldMain,TeamExclusive,Team,20251018-SpuhlerFieldMain-Private-1,7af331b0-ac43-11f0-ae3b-9b4a908d198a,87.89089,,,8.09612,,,,,,,e9589120-7e22-442b-894a-3d9ff1c37833,2025-10-18,16:57:06.66,2025-10-18T12:57:06.6690000-04:00,2025-10-18T16:57:06.6690000Z,,v3,471300,,,"Vaughan, Logan",1000232024,Right,GEO_PAT,19e21e8c-b9b3-4ff3-89da-deb533e1816a,55.19559,-131.51578,14.29189,5.88255,-7.31384,-8.54129,-1.79511,8.44872,-8.22288,,,,,,,,,,,,,,,,,,,,,,,,,,,,,,,,,,,,,,,,,,,,,,,,,,,High,High,High,,,,,
108,2025-10-18,12:57:27.40,3,4,"Cardenas, Diego",1000262735,Right,GEO_PAT,"Harper, Dalton",1000115726,Right,NIA_COM,Undefined,3,Top,2,1,2,Sweeper,Slider,InPlay,Undefined,FlyBall,Out,1,0,,79.50206,1.444238,-2.148938,2490.227553,83.167097,8:45,5.55925,2.00828,4.65791,-45.30687,0.37823,-6.92504,3.15707,-0.61142,73.93998,-6.676406,-3.362198,0.486473,96.25077,30.228686,-6.203291,3727.978167,109.4231,64.68008,-11.25081,339.14173,332.2859,-7.502986,5.382062,2.91268,0.17102,-1.78196,50,5.66515,4.6232,-115.42402,1.2012,3.98977,18.39022,-31.9398,GEO_PAT,NIA_COM,SpuhlerFieldMain,TeamExclusive,Team,20251018-SpuhlerFieldMain-Private-1,87385e50-ac43-11f0-ae3b-9b4a908d198a,77.48107,93.27017,,5.56209,,,,1.08647,3.17117,0.63374,e9589120-7e22-442b-894a-3d9ff1c37833,2025-10-18,16:57:27.40,2025-10-18T12:57:27.4070000-04:00,2025-10-18T16:57:27.4070000Z,FlyBall,v3,471300,,,"Vaughan, Logan",1000232024,Right,GEO_PAT,b104db06-855b-4c70-b199-e19aaaab335c,55.84701,-116.35188,9.19511,5.56389,2.81269,-15.9699,-2.01014,4.4219,1.99489,180.490693,1.0897,121.19679,-27.47249,6.49215,-1.18036,0.17125,-0.02133,0.0021,-0.0001,3.17093,71.06796,-14.1543,-0.32281,0.35353,-0.14826,0.03702,-0.00471,0.00023,0.6332,-13.16854,3.11646,-0.97554,0.20158,-0.02783,0.00229,-0.0001,0,,,,,,,,,,,,,,,,,,,,,,,High,High,High,High,Medium,,,
109,2025-10-18,13:00:13.84,1,1,"Hadfield, Liam",10132317,Right,NIA_COM,"Alberti, Lucas",1000145512,Right,GEO_PAT,Undefined,3,Bottom,0,0,0,Fastball,Changeup,StrikeCalled,Undefined,Undefined,Undefined,0,0,,87.36143,-0.273844,-5.761414,1928.916093,239.769884,2:00,5.28214,2.8803,5.81319,-25.25529,11.74064,18.09135,2.92159,-0.98782,79.65301,-4.985263,-2.542647,0.437772,,,,,,,,,,,,-10.7891,6.42075,-2.41723,50,5.24458,11.98246,-126.31791,-1.43013,-17.44948,25.49273,-21.78958,GEO_PAT,NIA_COM,SpuhlerFieldMain,TeamExclusive,Team,20251018-SpuhlerFieldMain-Private-1,ea672560-ac43-11f0-ae3b-9b4a908d198a,86.10053,,,7.70842,,,,,,,e9589120-7e22-442b-894a-3d9ff1c37833,2025-10-18,17:00:13.84,2025-10-18T13:00:13.8430000-04:00,2025-10-18T17:00:13.8430000Z,,v3,471300,,,"Harper, Dalton",1000115726,Right,NIA_COM,cb75415a-a730-463c-99d5-c988d1ebcce1,54.68901,-127.2607,12.74637,5.28257,-0.62429,-10.89479,-2.87231,12.62779,-8.72474,,,,,,,,,,,,,,,,,,,,,,,,,,,,,,,,,,,,,,,,,,,,,,,,,,,High,High,High,,,,,
110,2025-10-18,13:00:26.61,1,2,"Hadfield, Liam",10132317,Right,NIA_COM,"Alberti, Lucas",1000145512,Right,GEO_PAT,Undefined,3,Bottom,0,0,1,Fastball,Sinker,BallCalled,Undefined,Undefined,Undefined,0,0,,88.96139,-0.332577,-5.659871,1871.058091,223.128754,1:30,5.22784,2.76633,5.74812,-19.94863,15.97481,13.83249,3.25429,-1.36777,80.71437,-4.097188,-3.20306,0.43138,,,,,,,,,,,,-8.58796,8.55623,-2.30263,50,5.18794,12.12542,-128.53588,-1.36808,-14.32327,27.40666,-17.90374,GEO_PAT,NIA_COM,SpuhlerFieldMain,TeamExclusive,Team,20251018-SpuhlerFieldMain-Private-1,f205ad50-ac43-11f0-ae3b-9b4a908d198a,87.37635,,,8.24703,,,,,,,e9589120-7e22-442b-894a-3d9ff1c37833,2025-10-18,17:00:26.61,2025-10-18T13:00:26.6130000-04:00,2025-10-18T17:00:26.6130000Z,,v3,471300,,,"Harper, Dalton",1000115726,Right,NIA_COM,c4f0e90d-703d-4ae2-bd81-a27c79d77832,54.7513,-129.545,13.70333,5.22617,-0.70886,-8.95187,-2.7588,12.65281,-7.16163,,,,,,,,,,,,,,,,,,,,,,,,,,,,,,,,,,,,,,,,,,,,,,,,,,,High,High,High,,,,,
111,2025-10-18,13:00:38.28,1,3,"Hadfield, Liam",10132317,Right,NIA_COM,"Alberti, Lucas",1000145512,Right,GEO_PAT,Undefined,3,Bottom,0,1,1,Fastball,Four-Seam,StrikeCalled,Undefined,Undefined,Undefined,0,0,,88.16394,-1.523642,-4.819607,1946.157649,219.265274,1:15,5.30354,2.79785,5.6887,-20.76615,15.60934,11.81375,2.14749,-0.72057,80.64608,-5.413208,-2.718395,0.434086,,,,,,,,,,,,-7.30126,8.68985,-2.39888,50,5.16194,10.25259,-127.59863,-4.06963,-12.06765,25.63551,-17.81136,GEO_PAT,NIA_COM,SpuhlerFieldMain,TeamExclusive,Team,20251018-SpuhlerFieldMain-Private-1,f8f77a80-ac43-11f0-ae3b-9b4a908d198a,86.8317,,,7.51786,,,,,,,e9589120-7e22-442b-894a-3d9ff1c37833,2025-10-18,17:00:38.28,2025-10-18T13:00:38.2830000-04:00,2025-10-18T17:00:38.2830000Z,,v3,471300,,,"Harper, Dalton",1000115726,Right,NIA_COM,e38e5f95-bd4a-44e8-90b8-6e8f6b46cc0d,54.81286,-128.56193,12.81776,5.30229,-3.40033,-8.90568,-2.79266,10.70606,-6.03383,,,,,,,,,,,,,,,,,,,,,,,,,,,,,,,,,,,,,,,,,,,,,,,,,,,High,High,High,,,,,
112,2025-10-18,13:00:53.22,1,4,"Hadfield, Liam",10132317,Right,NIA_COM,"Alberti, Lucas",1000145512,Right,GEO_PAT,Undefined,3,Bottom,0,1,2,Slider,Slider,BallCalled,Undefined,Undefined,Undefined,0,0,,74.87716,0.438081,-2.025123,2340.993329,79.789181,8:45,5.45892,2.56304,4.70009,-53.57152,-1.55287,-17.17753,1.41078,-0.79174,69.34037,-9.146366,-5.04007,0.5191,,,,,,,,,,,,7.9178,-0.45736,-2.34123,50,5.45499,4.52616,-108.62687,-1.0693,9.47752,18.70872,-32.72152,GEO_PAT,NIA_COM,SpuhlerFieldMain,TeamExclusive,Team,20251018-SpuhlerFieldMain-Private-1,020ebfc0-ac44-11f0-ae3b-9b4a908d198a,72.61116,,,5.53679,,,,,,,e9589120-7e22-442b-894a-3d9ff1c37833,2025-10-18,17:00:53.22,2025-10-18T13:00:53.2270000-04:00,2025-10-18T17:00:53.2270000Z,,v3,471300,,,"Harper, Dalton",1000115726,Right,NIA_COM,c106758b-6417-4789-b182-f319134ed1a2,55.80471,-109.62205,9.35436,5.46557,0.67127,-16.36076,-2.56859,4.02201,4.73876,,,,,,,,,,,,,,,,,,,,,,,,,,,,,,,,,,,,,,,,,,,,,,,,,,,High,High,High,,,,,
113,2025-10-18,13:01:06.51,1,5,"Hadfield, Liam",10132317,Right,NIA_COM,"Alberti, Lucas",1000145512,Right,GEO_PAT,Undefined,3,Bottom,0,2,2,Fastball,Sinker,BallCalled,Undefined,Undefined,Undefined,0,0,,90.27667,-2.179579,-5.028789,2021.778238,223.103982,1:30,5.18044,2.70555,5.75505,-19.51399,15.15198,13.13615,1.51642,-0.89325,82.54516,-5.84063,-2.690193,0.423763,,,,,,,,,,,,-8.02646,8.63823,-2.29514,50,4.98692,10.91259,-130.57275,-5.61524,-13.88685,26.93779,-17.22872,GEO_PAT,NIA_COM,SpuhlerFieldMain,TeamExclusive,Team,20251018-SpuhlerFieldMain-Private-1,09cf75b0-ac44-11f0-ae3b-9b4a908d198a,88.947,,,7.73151,,,,,,,e9589120-7e22-442b-894a-3d9ff1c37833,2025-10-18,17:01:06.51,2025-10-18T13:01:06.5180000-04:00,2025-10-18T17:01:06.5180000Z,,v3,471300,,,"Harper, Dalton",1000115726,Right,NIA_COM,50667eca-b93b-4a17-937c-45d21549b257,54.74618,-131.54827,13.4689,5.17897,-4.99132,-8.61436,-2.69943,11.41548,-6.94343,,,,,,,,,,,,,,,,,,,,,,,,,,,,,,,,,,,,,,,,,,,,,,,,,,,High,High,High,,,,,
114,2025-10-18,13:01:20.13,1,6,"Hadfield, Liam",10132317,Right,NIA_COM,"Alberti, Lucas",1000145512,Right,GEO_PAT,Undefined,3,Bottom,0,3,2,Fastball,Sinker,InPlay,Undefined,FlyBall,Out,1,0,,86.66105,-1.066669,-4.43701,2053.693697,229.681305,1:45,5.10335,2.58688,5.75863,-23.16084,14.03839,15.25729,2.17726,-0.2802,79.88068,-5.379679,-1.716242,0.438974,99.43221,29.270466,10.291361,4373.368703,106.97579,61.17594,25.61395,310.29588,287.37547,21.847508,5.076062,-8.95776,7.76268,-2.228,50,5.00049,9.13589,-125.66414,-3.09295,-14.46767,23.07184,-19.63657,GEO_PAT,NIA_COM,SpuhlerFieldMain,TeamExclusive,Team,20251018-SpuhlerFieldMain-Private-1,11ff6830-ac44-11f0-ae3b-9b4a908d198a,85.86493,86.20794,,6.78037,,,,1.62383,2.27387,0.24919,e9589120-7e22-442b-894a-3d9ff1c37833,2025-10-18,17:01:20.13,2025-10-18T13:01:20.1300000-04:00,2025-10-18T17:01:20.1300000Z,FlyBall,v3,471300,,,"Harper, Dalton",1000115726,Right,NIA_COM,6f60519d-127c-4600-89e8-4e3b52863c6c,54.74577,-126.53246,11.53592,5.10298,-2.35391,-9.81829,-2.58208,9.68039,-7.23384,200.709329,1.62307,125.1821,-33.36791,8.8591,-2.17369,0.48309,-0.08192,0.00849,-0.00038,2.27664,71.24489,-15.59689,-0.45945,0.65251,-0.25953,0.05583,-0.00616,0.00027,0.24888,22.73356,1.19169,-0.72916,0.23411,-0.0512,0.00724,-0.0006,2E-05,,,,,,,,,,,,,,,,,,,,,,,High,High,High,High,Medium,,,
115,2025-10-18,13:01:56.93,2,1,"Hadfield, Liam",10132317,Right,NIA_COM,"Butler, Jake",1000136500,Right,GEO_PAT,Undefined,3,Bottom,1,0,0,Curveball,Curveball,StrikeSwinging,Undefined,Undefined,Undefined,0,0,,69.9205,1.587621,-1.356545,2221.545569,47.129066,7:30,5.55911,2.25349,5.1421,-66.97492,-7.4004,-10.19382,1.47361,0.12641,63.88692,-10.527407,-3.163924,0.555523,,,,,,,,,,,,4.64839,-3.61843,-2.1181,50,5.65609,2.76973,-101.34304,0.68532,4.76238,18.86127,-35.88121,GEO_PAT,NIA_COM,SpuhlerFieldMain,TeamExclusive,Team,20251018-SpuhlerFieldMain-Private-1,27ffbb30-ac44-11f0-ae3b-9b4a908d198a,67.85042,,,6.03358,,,,,,,e9589120-7e22-442b-894a-3d9ff1c37833,2025-10-18,17:01:56.93,2025-10-18T13:01:56.9300000-04:00,2025-10-18T17:01:56.9300000Z,,v3,471300,,,"Harper, Dalton",1000115726,Right,NIA_COM,5905057a-e5d3-4277-bccc-cd0057847bfa,55.3616,-102.33604,9.43064,5.57028,2.57437,-17.9406,-2.25732,2.51901,2.38119,,,,,,,,,,,,,,,,,,,,,,,,,,,,,,,,,,,,,,,,,,,,,,,,,,,High,High,High,,,,,
116,2025-10-18,13:02:13.70,2,2,"Hadfield, Liam",10132317,Right,NIA_COM,"Butler, Jake",1000136500,Right,GEO_PAT,Undefined,3,Bottom,1,0,1,Curveball,Curveball,BallCalled,Undefined,Undefined,Undefined,0,0,,74.05274,0.276155,-3.420092,2348.552599,35.801689,7:15,5.66035,2.34017,5.81332,-66.20094,-14.49497,-11.66469,0.40087,-1.81603,68.28755,-11.731116,-5.511956,0.517537,,,,,,,,,,,,4.9415,-7.15327,-2.0523,50,5.64315,6.82061,-107.43238,-1.51052,5.69947,20.89051,-40.42456,GEO_PAT,NIA_COM,SpuhlerFieldMain,TeamExclusive,Team,20251018-SpuhlerFieldMain-Private-1,31faf7d0-ac44-11f0-ae3b-9b4a908d198a,72.83036,,,5.76519,,,,,,,e9589120-7e22-442b-894a-3d9ff1c37833,2025-10-18,17:02:13.70,2025-10-18T13:02:13.7040000-04:00,2025-10-18T17:02:13.7040000Z,,v3,471300,,,"Harper, Dalton",1000115726,Right,NIA_COM,986c2498-3344-4e6c-a141-b103564bb604,54.69367,-108.34123,10.44525,5.67061,0.24818,-20.21228,-2.34364,6.57265,2.84973,,,,,,,,,,,,,,,,,,,,,,,,,,,,,,,,,,,,,,,,,,,,,,,,,,,High,High,High,,,,,
117,2025-10-18,13:02:34.05,2,3,"Hadfield, Liam",10132317,Right,NIA_COM,"Butler, Jake",1000136500,Right,GEO_PAT,Undefined,3,Bottom,1,1,1,Fastball,Sinker,BallCalled,Undefined,Undefined,Undefined,0,0,,88.19183,-1.415737,-5.299086,2058.359183,222.763978,1:30,5.34864,2.52405,5.71182,-17.2008,19.3208,16.73383,2.5903,-1.03263,80.16208,-4.690215,-2.324685,0.434957,,,,,,,,,,,,-9.94079,10.55355,-2.08933,50,5.21897,11.09403,-127.49661,-3.66178,-16.33452,26.63572,-14.83262,GEO_PAT,NIA_COM,SpuhlerFieldMain,TeamExclusive,Team,20251018-SpuhlerFieldMain-Private-1,3dfa8ff0-ac44-11f0-ae3b-9b4a908d198a,86.65783,,,8.02975,,,,,,,e9589120-7e22-442b-894a-3d9ff1c37833,2025-10-18,17:02:34.05,2025-10-18T13:02:34.0500000-04:00,2025-10-18T17:02:34.0500000Z,,v3,471300,,,"Harper, Dalton",1000115726,Right,NIA_COM,8b0d2d0f-9102-49db-a64f-ee73380fe874,54.78876,-128.49315,13.31786,5.34558,-3.10684,-7.41631,-2.51583,11.70516,-8.16726,,,,,,,,,,,,,,,,,,,,,,,,,,,,,,,,,,,,,,,,,,,,,,,,,,,High,High,High,,,,,
118,2025-10-18,13:02:48.28,2,4,"Hadfield, Liam",10132317,Right,NIA_COM,"Butler, Jake",1000136500,Right,GEO_PAT,Undefined,3,Bottom,1,2,1,Fastball,Four-Seam,InPlay,Undefined,LineDrive,Out,1,0,,90.25582,-1.964723,-4.207189,2115.763817,218.137205,1:15,5.27604,2.78328,5.87153,-18.93556,15.67969,11.40134,1.86742,-0.18167,82.15533,-5.541941,-2.169367,0.423453,96.88975,19.377198,14.12321,4215.491837,104.26933,33.05736,35.04109,285.08874,285.08874,27.24877,3.390366,-7.08209,8.94288,-2.4489,50,5.10562,9.13101,-130.68622,-5.08362,-12.19871,28.57349,-16.7702,GEO_PAT,NIA_COM,SpuhlerFieldMain,TeamExclusive,Team,20251018-SpuhlerFieldMain-Private-1,468c2a70-ac44-11f0-ae3b-9b4a908d198a,89.01213,38.96233,,8.1005,,,,1.52923,1.90299,0.18299,e9589120-7e22-442b-894a-3d9ff1c37833,2025-10-18,17:02:48.28,2025-10-18T13:02:48.2860000-04:00,2025-10-18T17:02:48.2860000Z,LineDrive,v3,471300,,,"Harper, Dalton",1000115726,Right,NIA_COM,047aaae5-a31f-41a3-a72d-7d4dc2d86e5c,54.63053,-131.69475,14.28675,5.27461,-4.4917,-8.3851,-2.77879,9.56158,-6.09935,229.737052,1.52908,130.0081,-29.53677,6.96294,-1.63059,0.36417,-0.06737,0.00802,-0.00042,1.90321,47.14072,-15.78692,0.36328,0.19931,-0.10934,0.02906,-0.00373,0.00019,0.18323,32.70237,5.56105,-2.62402,0.92375,-0.27071,0.05757,-0.00723,0.00039,,,,,,,,,,,,,,,,,,,,,,,High,High,High,High,Medium,,,
119,2025-10-18,13:03:18.86,3,1,"Hadfield, Liam",10132317,Right,NIA_COM,"Westley, Matthew",824016,Right,GEO_PAT,Undefined,3,Bottom,2,0,0,Curveball,Curveball,BallCalled,Undefined,Undefined,Undefined,0,0,,71.99636,0.656723,-2.260094,2265.631512,51.912583,7:45,5.42686,2.40059,5.88035,-62.41641,-7.86496,-12.36591,0.83593,-0.73003,66.06914,-10.749926,-4.481763,0.531587,,,,,,,,,,,,5.63488,-3.73677,-2.21064,50,5.44393,4.54286,-104.49663,-0.63604,6.14341,19.90828,-36.24804,GEO_PAT,NIA_COM,SpuhlerFieldMain,TeamExclusive,Team,20251018-SpuhlerFieldMain-Private-1,58d84f10-ac44-11f0-ae3b-9b4a908d198a,70.90547,,,5.92722,,,,,,,e9589120-7e22-442b-894a-3d9ff1c37833,2025-10-18,17:03:18.86,2025-10-18T13:03:18.8600000-04:00,2025-10-18T17:03:18.8600000Z,,v3,471300,,,"Harper, Dalton",1000115726,Right,NIA_COM,40010cca-6bce-4ed2-af67-89a5ffdbb8fa,54.6242,-105.37393,9.95414,5.43676,0.96131,-18.12402,-2.40486,4.27213,3.07171,,,,,,,,,,,,,,,,,,,,,,,,,,,,,,,,,,,,,,,,,,,,,,,,,,,High,High,High,,,,,
120,2025-10-18,13:03:30.61,3,2,"Hadfield, Liam",10132317,Right,NIA_COM,"Westley, Matthew",824016,Right,GEO_PAT,Undefined,3,Bottom,2,1,0,Fastball,Four-Seam,BallCalled,Undefined,Undefined,Undefined,0,0,,89.21901,-1.065615,-5.541343,2101.578862,217.636136,1:15,5.1557,2.59557,5.77615,-20.11529,15.65694,11.12312,2.48304,-1.65017,80.85698,-4.860899,-3.564347,0.430472,,,,,,,,,,,,-7.23473,8.62981,-2.14279,50,5.05517,12.00831,-128.87248,-3.03268,-12.09682,28.22401,-17.74457,GEO_PAT,NIA_COM,SpuhlerFieldMain,TeamExclusive,Team,20251018-SpuhlerFieldMain-Private-1,5fb079c0-ac44-11f0-ae3b-9b4a908d198a,87.56081,,,8.36203,,,,,,,e9589120-7e22-442b-894a-3d9ff1c37833,2025-10-18,17:03:30.61,2025-10-18T13:03:30.6180000-04:00,2025-10-18T17:03:30.6180000Z,,v3,471300,,,"Harper, Dalton",1000115726,Right,NIA_COM,6ff64c71-3b40-4e80-8106-c05e32369540,54.72242,-129.9026,14.11201,5.15404,-2.38504,-8.87229,-2.58913,12.44983,-6.04841,,,,,,,,,,,,,,,,,,,,,,,,,,,,,,,,,,,,,,,,,,,,,,,,,,,High,High,High,,,,,
121,2025-10-18,13:03:42.30,3,3,"Hadfield, Liam",10132317,Right,NIA_COM,"Westley, Matthew",824016,Right,GEO_PAT,Undefined,3,Bottom,2,2,0,Fastball,Sinker,StrikeSwinging,Undefined,Undefined,Undefined,0,0,,88.86033,0.147458,-3.975943,2103.728518,226.162588,1:30,5.23213,2.65932,5.75816,-19.54501,16.30528,15.72958,3.74098,0.26308,80.57249,-3.554574,-1.169516,0.430941,,,,,,,,,,,,-9.0956,8.59028,-2.33846,50,5.23258,8.25323,-128.71022,-0.26798,-15.18983,27.82887,-17.82808,GEO_PAT,NIA_COM,SpuhlerFieldMain,TeamExclusive,Team,20251018-SpuhlerFieldMain-Private-1,66a8d6a0-ac44-11f0-ae3b-9b4a908d198a,87.46542,,,8.28783,,,,,,,e9589120-7e22-442b-894a-3d9ff1c37833,2025-10-18,17:03:42.30,2025-10-18T13:03:42.3090000-04:00,2025-10-18T17:03:42.3090000Z,,v3,471300,,,"Harper, Dalton",1000115726,Right,NIA_COM,a10a3404-6a43-42c5-9dfd-9dbc12090641,54.74179,-129.73141,13.91444,5.23041,0.38623,-8.91404,-2.65154,8.81063,-7.59491,,,,,,,,,,,,,,,,,,,,,,,,,,,,,,,,,,,,,,,,,,,,,,,,,,,High,High,High,,,,,
122,2025-10-18,13:03:54.78,3,4,"Hadfield, Liam",10132317,Right,NIA_COM,"Westley, Matthew",824016,Right,GEO_PAT,Undefined,3,Bottom,2,2,1,Fastball,Sinker,BallCalled,Undefined,Undefined,Undefined,0,0,,88.5992,-1.595663,-6.11241,2037.482335,229.616387,1:45,5.27592,2.66562,5.82034,-21.29202,14.57513,15.81804,2.00909,-1.72109,81.21145,-5.578772,-3.301265,0.431042,,,,,,,,,,,,-9.67662,8.19717,-2.17298,50,5.13189,13.04582,-128.03796,-4.26508,-16.15786,24.98241,-18.48657,GEO_PAT,NIA_COM,SpuhlerFieldMain,TeamExclusive,Team,20251018-SpuhlerFieldMain-Private-1,6e35ab50-ac44-11f0-ae3b-9b4a908d198a,87.44489,,,7.38774,,,,,,,e9589120-7e22-442b-894a-3d9ff1c37833,2025-10-18,17:03:54.78,2025-10-18T13:03:54.7860000-04:00,2025-10-18T17:03:54.7860000Z,,v3,471300,,,"Harper, Dalton",1000115726,Right,NIA_COM,e0324732-d32e-4b18-95f3-436ebe846f1d,54.68247,-128.94835,12.4912,5.27505,-3.5914,-9.24329,-2.65911,13.63464,-8.07893,,,,,,,,,,,,,,,,,,,,,,,,,,,,,,,,,,,,,,,,,,,,,,,,,,,High,High,High,,,,,
123,2025-10-18,13:04:05.51,3,5,"Hadfield, Liam",10132317,Right,NIA_COM,"Westley, Matthew",824016,Right,GEO_PAT,Undefined,3,Bottom,2,3,1,Fastball,Four-Seam,FoulBallNotFieldable,Undefined,Undefined,Undefined,0,0,,86.5329,-1.23176,-4.270168,2000.057339,223.274812,1:30,5.38812,2.54544,6.00046,-21.68769,16.14536,13.89796,2.43606,-0.26065,77.9697,-5.354564,-1.78008,0.442697,74.47091,51.584333,108.482925,6042.056273,,,,,46.93847,,,-8.5076,9.08512,-2.21637,50,5.27912,8.7811,-125.21434,-3.33011,-13.31078,28.70799,-17.95966,GEO_PAT,NIA_COM,SpuhlerFieldMain,TeamExclusive,Team,20251018-SpuhlerFieldMain-Private-1,749daf10-ac44-11f0-ae3b-9b4a908d198a,85.14266,63.69068,,8.5632,,,,1.15483,1.91647,-0.08226,e9589120-7e22-442b-894a-3d9ff1c37833,2025-10-18,17:04:05.51,2025-10-18T13:04:05.5130000-04:00,2025-10-18T17:04:05.5130000Z,,v3,471300,,,"Harper, Dalton",1000115726,Right,NIA_COM,f196db22-a3eb-4bc5-97cd-e6e36ad449da,54.4996,-126.24175,14.35399,5.38679,-2.68737,-8.97983,-2.53915,9.25747,-6.65539,305.230024,1.15483,-21.5155,-7.73981,3.54443,-1.16577,0.33298,-0.08799,0.01929,-0.0025,1.91647,85.57944,-19.2864,0.82545,0.16599,-0.11776,0.04266,-0.01042,0.00144,-0.08226,64.3668,-24.96583,6.32923,-1.43308,0.29838,-0.061,0.01088,-0.0012,,,,,,,,,,,,,,,,,,,,,,,High,High,High,High,Undefined,,,
124,2025-10-18,13:04:19.91,3,6,"Hadfield, Liam",10132317,Right,NIA_COM,"Westley, Matthew",824016,Right,GEO_PAT,Undefined,3,Bottom,2,3,2,Fastball,Sinker,BallCalled,Walk,Undefined,Undefined,0,0,,90.78222,-2.442324,-6.599229,2140.107598,238.822702,2:00,5.16258,2.6793,5.88167,-22.11993,12.45347,18.57068,1.03451,-1.92919,82.30615,-6.589605,-3.297781,0.423197,,,,,,,,,,,,-11.50154,7.45268,-2.15491,50,4.95116,14.34729,-130.88061,-6.34163,-19.81546,29.36486,-19.33416,GEO_PAT,NIA_COM,SpuhlerFieldMain,TeamExclusive,Team,20251018-SpuhlerFieldMain-Private-1,7d2a1970-ac44-11f0-ae3b-9b4a908d198a,89.06594,,,8.47607,,,,,,,e9589120-7e22-442b-894a-3d9ff1c37833,2025-10-18,17:04:19.91,2025-10-18T13:04:19.9190000-04:00,2025-10-18T17:04:19.9190000Z,,v3,471300,,,"Harper, Dalton",1000115726,Right,NIA_COM,8eef9024-6b3f-4fec-b9bf-21537d101cde,54.62083,-131.91328,14.68243,5.16221,-5.66171,-9.66708,-2.67172,15.04414,-9.90773,,,,,,,,,,,,,,,,,,,,,,,,,,,,,,,,,,,,,,,,,,,,,,,,,,,High,High,High,,,,,
125,2025-10-18,13:04:56.42,4,1,"Hadfield, Liam",10132317,Right,NIA_COM,"Tignor, Laken",1000091229,Right,GEO_PAT,Undefined,3,Bottom,2,0,0,ChangeUp,Changeup,BallCalled,Undefined,Undefined,Undefined,0,0,,83.97062,-1.752273,-4.153677,1935.54515,234.049276,1:45,5.03855,2.59782,6.05965,-25.43757,14.74056,18.24844,1.29206,0.26709,75.62133,-6.564085,-0.877021,0.456212,,,,,,,,,,,,-10.81961,8.59859,-2.28459,50,4.88859,8.11611,-121.51052,-4.4636,-15.89314,27.69669,-19.54337,GEO_PAT,NIA_COM,SpuhlerFieldMain,TeamExclusive,Team,20251018-SpuhlerFieldMain-Private-1,92f72770-ac44-11f0-ae3b-9b4a908d198a,82.62053,,,8.34929,,,,,,,e9589120-7e22-442b-894a-3d9ff1c37833,2025-10-18,17:04:56.42,2025-10-18T13:04:56.4290000-04:00,2025-10-18T17:04:56.4290000Z,,v3,471300,,,"Harper, Dalton",1000115726,Right,NIA_COM,04c36f05-d34a-4b69-9b54-48ee9a2c7a53,54.44164,-122.51875,13.84835,5.03813,-3.75218,-9.77169,-2.59057,8.69466,-7.94657,,,,,,,,,,,,,,,,,,,,,,,,,,,,,,,,,,,,,,,,,,,,,,,,,,,High,High,High,,,,,
126,2025-10-18,13:05:17.17,4,2,"Hadfield, Liam",10132317,Right,NIA_COM,"Tignor, Laken",1000091229,Right,GEO_PAT,Undefined,3,Bottom,2,1,0,ChangeUp,Changeup,InPlay,Undefined,LineDrive,Out,1,0,,82.3201,-1.454196,-2.939733,1841.181996,224.013541,1:30,5.21698,2.09489,6.03431,-23.74541,17.27403,15.42835,1.88947,0.65586,75.41358,-5.928048,-0.166456,0.460963,96.77411,23.530335,7.241853,3170.011012,108.40106,43.59724,18.68397,321.74057,320.11139,16.007159,4.283624,-8.79969,9.6978,-1.87359,50,5.09033,5.5566,-119.48358,-3.70841,-12.732,22.83545,-18.14259,GEO_PAT,NIA_COM,SpuhlerFieldMain,TeamExclusive,Team,20251018-SpuhlerFieldMain-Private-1,9f4e2e60-ac44-11f0-ae3b-9b4a908d198a,81.76885,57.42403,,6.90651,,,,0.91533,1.88928,-0.64841,e9589120-7e22-442b-894a-3d9ff1c37833,2025-10-18,17:05:17.17,2025-10-18T13:05:17.1790000-04:00,2025-10-18T17:05:17.1790000Z,LineDrive,v3,471300,,,"Harper, Dalton",1000115726,Right,NIA_COM,ad268a01-db5e-46bf-aab4-259b99d5963d,54.46849,-120.33455,11.41772,5.21593,-3.03231,-9.07129,-2.0895,6.03107,-6.366,212.654353,0.91441,129.115,-26.51763,6.14095,-1.45833,0.35585,-0.07509,0.01001,-0.00056,1.89052,56.63852,-15.30132,0.24665,0.25509,-0.14327,0.04111,-0.00563,0.00029,-0.64877,16.41848,4.41483,-1.86373,0.43714,-0.05649,0.00148,0.00064,-7E-05,,,,,,,,,,,,,,,,,,,,,,,High,High,High,High,High,,,
127,,,1,1,"Cardenas, Diego",1000262735,Right,GEO_PAT,"Panzarella, Joey",10100201,Left,NIA_COM,Undefined,4,Top,0,0,0,ChangeUp,,BallCalled,Undefined,Undefined,Undefined,0,0,,,,,,,,,,,,,,,,,,,,,,,,,,,,,,,,,,,,,,,,,,GEO_PAT,NIA_COM,SpuhlerFieldMain,TeamExclusive,Team,20251018-SpuhlerFieldMain-Private-1,fd1d8810-ac44-11f0-ae3b-9b4a908d198a,,,,,,,,,,,e9589120-7e22-442b-894a-3d9ff1c37833,,,,,,v3,471300,,,"Vaughan, Logan",1000232024,Right,GEO_PAT,1e8cf674-e3d8-4f2f-b79f-ff86f24bd44c,,,,,,,,,,,,,,,,,,,,,,,,,,,,,,,,,,,,,,,,,,,,,,,,,,,,,,,,,,,,,,,,,,,
128,2025-10-18,13:07:58.65,1,2,"Cardenas, Diego",1000262735,Right,GEO_PAT,"Panzarella, Joey",10100201,Left,NIA_COM,Undefined,4,Top,0,1,0,ChangeUp,Changeup,BallCalled,Undefined,Undefined,Undefined,0,0,,81.70117,0.912696,-1.621983,1849.362034,237.584666,2:00,5.67901,2.12017,5.3016,-32.44254,10.66898,14.50863,3.83276,1.80603,74.13411,-5.087198,0.952631,0.472572,,,,,,,,,,,,-7.67685,5.51162,-1.9834,50,5.73885,2.7324,-118.43287,0.78679,-10.82931,24.05659,-24.39912,GEO_PAT,NIA_COM,SpuhlerFieldMain,TeamExclusive,Team,20251018-SpuhlerFieldMain-Private-1,ff790440-ac44-11f0-ae3b-9b4a908d198a,79.76021,,,7.56706,,,,,,,e9589120-7e22-442b-894a-3d9ff1c37833,2025-10-18,17:07:58.65,2025-10-18T13:07:58.6570000-04:00,2025-10-18T17:07:58.6570000Z,,v3,471300,,,"Vaughan, Logan",1000232024,Right,GEO_PAT,3bba8a04-8f71-4dcb-86bf-746d565a148a,55.19743,-119.48393,12.02829,5.68118,1.85282,-12.19956,-2.11311,3.20555,-5.41465,,,,,,,,,,,,,,,,,,,,,,,,,,,,,,,,,,,,,,,,,,,,,,,,,,,High,High,High,,,,,
129,2025-10-18,13:08:18.66,1,3,"Cardenas, Diego",1000262735,Right,GEO_PAT,"Panzarella, Joey",10100201,Left,NIA_COM,Undefined,4,Top,0,2,0,ChangeUp,Changeup,StrikeCalled,Undefined,Undefined,Undefined,0,0,,82.39708,-0.483926,-3.517594,1834.206151,242.524115,2:00,5.59956,2.01848,5.33926,-33.0825,9.5652,15.44643,2.38781,0.00139,74.50048,-6.594372,-0.778278,0.470023,,,,,,,,,,,,-8.80874,5.39819,-1.71206,50,5.53248,6.67156,-119.23667,-2.13881,-12.52558,25.55925,-24.49809,GEO_PAT,NIA_COM,SpuhlerFieldMain,TeamExclusive,Team,20251018-SpuhlerFieldMain-Private-1,0b84aa50-ac45-11f0-ae3b-9b4a908d198a,80.19271,,,7.8966,,,,,,,e9589120-7e22-442b-894a-3d9ff1c37833,2025-10-18,17:08:18.66,2025-10-18T13:08:18.6660000-04:00,2025-10-18T17:08:18.6660000Z,,v3,471300,,,"Vaughan, Logan",1000232024,Right,GEO_PAT,c6c85b3b-bcf9-464c-86f4-ba201be6d7c7,55.16028,-120.33773,12.77962,5.60189,-1.08346,-12.24904,-2.01109,7.21115,-6.26279,,,,,,,,,,,,,,,,,,,,,,,,,,,,,,,,,,,,,,,,,,,,,,,,,,,High,High,High,,,,,
130,2025-10-18,13:08:33.50,1,4,"Cardenas, Diego",1000262735,Right,GEO_PAT,"Panzarella, Joey",10100201,Left,NIA_COM,Undefined,4,Top,0,2,1,Slider,Slider,BallCalled,Undefined,Undefined,Undefined,0,0,,79.43014,1.646662,-0.567879,2374.248397,144.106238,10:45,5.73102,1.88318,4.70354,-43.02309,2.43945,-0.92571,3.70941,1.26695,74.01095,-6.084436,-0.730428,0.485286,,,,,,,,,,,,0.32831,1.205,-1.82476,50,5.85909,1.1835,-115.41741,1.69891,0.45177,17.42325,-30.51585,GEO_PAT,NIA_COM,SpuhlerFieldMain,TeamExclusive,Team,20251018-SpuhlerFieldMain-Private-1,14412560-ac45-11f0-ae3b-9b4a908d198a,77.6705,,,5.41919,,,,,,,e9589120-7e22-442b-894a-3d9ff1c37833,2025-10-18,17:08:33.50,2025-10-18T13:08:33.5010000-04:00,2025-10-18T17:08:33.5010000Z,,v3,471300,,,"Vaughan, Logan",1000232024,Right,GEO_PAT,3a0ce9e3-9ff9-494c-bd4a-b6e9077c4df9,55.80019,-116.2897,8.71163,5.73579,3.22668,-15.25792,-1.88344,1.16088,0.22589,,,,,,,,,,,,,,,,,,,,,,,,,,,,,,,,,,,,,,,,,,,,,,,,,,,High,High,High,,,,,
131,2025-10-18,13:08:48.21,1,5,"Cardenas, Diego",1000262735,Right,GEO_PAT,"Panzarella, Joey",10100201,Left,NIA_COM,Undefined,4,Top,0,3,1,Sinker,Sinker,BallCalled,Walk,Undefined,Undefined,0,0,,89.18167,-2.35401,-3.898849,1927.910487,240.555173,2:00,5.74872,1.77561,5.04399,-25.80127,10.64264,16.75359,1.37159,-0.51186,81.60062,-7.077932,-0.944714,0.434494,,,,,,,,,,,,-9.44934,6.27874,-1.41739,50,5.50316,8.02653,-129.05241,-6.29714,-15.94059,26.78044,-21.58215,GEO_PAT,NIA_COM,SpuhlerFieldMain,TeamExclusive,Team,20251018-SpuhlerFieldMain-Private-1,1d1df9b0-ac45-11f0-ae3b-9b4a908d198a,86.75014,,,7.58105,,,,,,,e9589120-7e22-442b-894a-3d9ff1c37833,2025-10-18,17:08:48.21,2025-10-18T13:08:48.2170000-04:00,2025-10-18T17:08:48.2170000Z,,v3,471300,,,"Vaughan, Logan",1000232024,Right,GEO_PAT,345e9177-45ee-4067-baf9-cda85b7476f2,55.45912,-130.18034,13.39022,5.74924,-5.38815,-10.79107,-1.76959,8.6979,-7.9703,,,,,,,,,,,,,,,,,,,,,,,,,,,,,,,,,,,,,,,,,,,,,,,,,,,High,High,High,,,,,
132,2025-10-18,13:09:13.83,2,1,"Cardenas, Diego",1000262735,Right,GEO_PAT,"Kohr, Evan",1000275285,Right,NIA_COM,Undefined,4,Top,0,0,0,Slider,Slider,FoulBallNotFieldable,Undefined,Undefined,Undefined,0,0,,81.07834,0.789116,-3.286858,2345.398191,229.080336,1:45,5.78501,1.83181,4.76746,-42.58286,3.17551,1.53138,2.98594,-1.16046,72.23364,-6.977758,-3.01829,0.486863,,,,,,,,,,,,-1.95681,1.74744,-1.50349,50,5.82736,6.65253,-117.01223,0.03199,-2.63275,28.1629,-29.82298,GEO_PAT,NIA_COM,SpuhlerFieldMain,TeamExclusive,Team,20251018-SpuhlerFieldMain-Private-1,2c69fdb0-ac45-11f0-ae3b-9b4a908d198a,77.419,,,8.8447,,,,,,,e9589120-7e22-442b-894a-3d9ff1c37833,2025-10-18,17:09:13.83,2025-10-18T13:09:13.8350000-04:00,2025-10-18T17:09:13.8350000Z,,v3,471300,,,"Vaughan, Logan",1000232024,Right,GEO_PAT,7c5647b0-d217-45ff-804c-bca648935d38,55.73087,-118.38352,14.08145,5.79045,1.48412,-14.91149,-1.83053,6.78073,-1.31638,,,,,,,,,,,,,,,,,,,,,,,,,,,,,,,,,,,,,,,,,,,,,,,,,,,High,High,High,,,,,
133,2025-10-18,13:10:14.94,2,2,"Cardenas, Diego",1000262735,Right,GEO_PAT,"Kohr, Evan",1000275285,Right,NIA_COM,Undefined,4,Top,0,0,1,Sinker,Sinker,StrikeCalled,Undefined,Undefined,Undefined,0,0,,89.48755,-2.0388,-4.003605,2047.239817,229.62549,1:45,5.80291,1.71417,5.19463,-21.75478,14.45339,15.52812,2.06659,-0.76418,81.25532,-6.082506,-1.260231,0.433087,,,,,,,,,,,,-8.89418,8.16776,-1.35439,50,5.59723,8.33345,-129.41125,-5.3905,-14.99933,28.40653,-18.39976,GEO_PAT,NIA_COM,SpuhlerFieldMain,TeamExclusive,Team,20251018-SpuhlerFieldMain-Private-1,50cd5440-ac45-11f0-ae3b-9b4a908d198a,87.03208,,,8.23223,,,,,,,e9589120-7e22-442b-894a-3d9ff1c37833,2025-10-18,17:10:14.94,2025-10-18T13:10:14.9410000-04:00,2025-10-18T17:10:14.9410000Z,,v3,471300,,,"Vaughan, Logan",1000232024,Right,GEO_PAT,c260a790-9490-4c76-830f-09ec98d5a220,55.30583,-130.57072,14.20326,5.80193,-4.63948,-9.19988,-1.70702,8.94568,-7.49967,,,,,,,,,,,,,,,,,,,,,,,,,,,,,,,,,,,,,,,,,,,,,,,,,,,High,High,High,,,,,
134,2025-10-18,13:11:01.39,2,3,"Cardenas, Diego",1000262735,Right,GEO_PAT,"Kohr, Evan",1000275285,Right,NIA_COM,Undefined,4,Top,0,0,2,Slider,Slider,BallCalled,Undefined,Undefined,Undefined,0,0,,78.95701,1.182305,-3.011532,2405.858471,92.790995,9:00,5.76085,1.9541,4.61985,-45.2775,1.5226,-3.35512,3.1135,-1.19131,72.89555,-6.945464,-3.598354,0.492374,,,,,,,,,,,,0.86882,0.85445,-1.64096,50,5.84074,6.16436,-114.43386,0.65847,1.16096,19.59161,-31.03227,GEO_PAT,NIA_COM,SpuhlerFieldMain,TeamExclusive,Team,20251018-SpuhlerFieldMain-Private-1,6c6821d0-ac45-11f0-ae3b-9b4a908d198a,76.55252,,,6.06146,,,,,,,e9589120-7e22-442b-894a-3d9ff1c37833,2025-10-18,17:11:01.39,2025-10-18T13:11:01.3910000-04:00,2025-10-18T17:11:01.3910000Z,,v3,471300,,,"Vaughan, Logan",1000232024,Right,GEO_PAT,f8fca0f6-d24a-48ed-911d-37553bab80dc,55.88286,-115.43664,9.7958,5.76639,2.24683,-15.51614,-1.95496,6.10494,0.58048,,,,,,,,,,,,,,,,,,,,,,,,,,,,,,,,,,,,,,,,,,,,,,,,,,,High,High,High,,,,,
135,2025-10-18,13:11:17.52,2,4,"Cardenas, Diego",1000262735,Right,GEO_PAT,"Kohr, Evan",1000275285,Right,NIA_COM,Undefined,4,Top,0,1,2,Sinker,Sinker,BallCalled,Undefined,Undefined,Undefined,0,0,,88.76249,-1.978053,-4.55775,2167.148371,237.736028,2:00,5.76457,1.76718,4.9466,-25.59694,11.1882,15.91052,1.75549,-1.22329,81.52312,-6.652951,-1.762046,0.436523,,,,,,,,,,,,-9.03583,6.39292,-1.3375,50,5.55096,9.48819,-128.40069,-5.43094,-15.17933,25.0281,-21.43458,GEO_PAT,NIA_COM,SpuhlerFieldMain,TeamExclusive,Team,20251018-SpuhlerFieldMain-Private-1,75fd49a0-ac45-11f0-ae3b-9b4a908d198a,86.34688,,,7.23937,,,,,,,e9589120-7e22-442b-894a-3d9ff1c37833,2025-10-18,17:11:17.52,2025-10-18T13:11:17.5240000-04:00,2025-10-18T17:11:17.5240000Z,,v3,471300,,,"Vaughan, Logan",1000232024,Right,GEO_PAT,83310d35-922e-46fa-9ef8-9026bf859fb6,55.55564,-129.47908,12.51405,5.76507,-4.50739,-10.71729,-1.76041,10.14222,-7.58967,,,,,,,,,,,,,,,,,,,,,,,,,,,,,,,,,,,,,,,,,,,,,,,,,,,High,High,High,,,,,
136,2025-10-18,13:11:37.08,2,5,"Cardenas, Diego",1000262735,Right,GEO_PAT,"Kohr, Evan",1000275285,Right,NIA_COM,Undefined,4,Top,0,2,2,Slider,Slider,BallCalled,Undefined,Undefined,Undefined,0,0,,78.61752,2.391912,-2.702649,2391.242079,104.042897,9:30,5.6661,1.82651,4.5924,-45.35026,1.4841,-1.04516,4.16599,-0.8333,73.03216,-5.736908,-2.885296,0.492554,,,,,,,,,,,,-0.10331,0.55799,-1.54615,50,5.87106,5.42721,-114.02575,3.05681,-0.13843,17.43109,-31.4262,GEO_PAT,NIA_COM,SpuhlerFieldMain,TeamExclusive,Team,20251018-SpuhlerFieldMain-Private-1,81b132c0-ac45-11f0-ae3b-9b4a908d198a,76.52452,,,5.58536,,,,,,,e9589120-7e22-442b-894a-3d9ff1c37833,2025-10-18,17:11:37.08,2025-10-18T13:11:37.0880000-04:00,2025-10-18T17:11:37.0880000Z,,v3,471300,,,"Vaughan, Logan",1000232024,Right,GEO_PAT,f19d16fa-086e-416a-8575-ad2179befe05,55.91145,-114.92588,8.71554,5.67131,4.67964,-15.7131,-1.82659,5.43436,-0.06922,,,,,,,,,,,,,,,,,,,,,,,,,,,,,,,,,,,,,,,,,,,,,,,,,,,High,High,High,,,,,
137,2025-10-18,13:11:59.89,2,6,"Cardenas, Diego",1000262735,Right,GEO_PAT,"Kohr, Evan",1000275285,Right,NIA_COM,Undefined,4,Top,0,3,2,Slider,Slider,FoulBallNotFieldable,Undefined,Undefined,Undefined,0,0,,80.34441,-0.107554,-3.488457,2309.199552,90.588919,9:00,5.57616,2.16444,4.86589,-42.92609,1.02382,-1.26658,1.89701,-1.24682,75.7482,-7.779047,-3.711,0.477145,63.35472,64.142874,108.501033,5135.569904,,,,,47.56295,,,-0.06748,0.78646,-1.81924,50,5.52829,7.16792,-116.7367,-1.81207,-0.09571,16.29594,-31.05889,GEO_PAT,NIA_COM,SpuhlerFieldMain,TeamExclusive,Team,20251018-SpuhlerFieldMain-Private-1,8f5c30f0-ac45-11f0-ae3b-9b4a908d198a,78.99579,79.21207,,4.59621,,,,1.69082,1.29234,1.15761,e9589120-7e22-442b-894a-3d9ff1c37833,2025-10-18,17:11:59.89,2025-10-18T13:11:59.8950000-04:00,2025-10-18T17:11:59.8950000Z,,v3,471300,,,"Vaughan, Logan",1000232024,Right,GEO_PAT,bf3d5487-bd87-4f64-b056-a5d01c59db4c,55.6404,-117.52143,8.14797,5.57954,-0.31641,-15.52945,-2.16452,7.17253,-0.04785,317.017882,1.69082,-12.85868,-0.58672,0.40348,-0.45339,0.61289,-0.4857,0.19778,-0.03259,1.29234,83.6166,-22.06205,1.97854,-0.06663,-0.47335,0.42477,-0.17698,0.02942,1.1576,38.43251,-7.36866,2.19039,-1.2177,1.40483,-1.0917,0.44269,-0.07289,,,,,,,,,,,,,,,,,,,,,,,High,High,High,Low,Undefined,,,
138,2025-10-18,13:12:25.41,2,7,"Cardenas, Diego",1000262735,Right,GEO_PAT,"Kohr, Evan",1000275285,Right,NIA_COM,Undefined,4,Top,0,3,2,Sinker,Sinker,FoulBallNotFieldable,Undefined,Undefined,Undefined,0,0,,88.86505,-2.026426,-3.794067,2078.41098,221.336211,1:30,5.78044,1.71128,5.05602,-20.31655,16.48725,13.40981,2.17123,-0.75475,80.86726,-5.805796,-1.430921,0.436634,70.37752,26.061293,157.085687,3989.505814,-103.67334,24.68417,36.76712,181.32923,53.19977,164.23099,2.320218,-7.76626,9.13264,-1.36094,50,5.57152,7.9058,-128.55815,-5.27546,-12.95511,27.45784,-16.93965,GEO_PAT,NIA_COM,SpuhlerFieldMain,TeamExclusive,Team,20251018-SpuhlerFieldMain-Private-1,9e919fb0-ac45-11f0-ae3b-9b4a908d198a,86.325,25.58818,,7.99778,,,,0.80158,2.04328,0.76822,e9589120-7e22-442b-894a-3d9ff1c37833,2025-10-18,17:12:25.41,2025-10-18T13:12:25.4110000-04:00,2025-10-18T17:12:25.4110000Z,FlyBall,v3,471300,,,"Vaughan, Logan",1000232024,Right,GEO_PAT,4632a54e-964d-4ab1-96ab-2eebd5ef68c9,55.44544,-129.71599,13.72892,5.77891,-4.56115,-8.46982,-1.70583,8.45209,-6.47756,318.324346,0.80153,-85.4057,4.63545,-0.27042,0.09373,-0.10616,0.09803,-0.0391,0.00544,2.04331,45.34487,-23.93277,2.18723,-0.06204,-0.25507,0.16258,-0.04397,0.00449,0.7683,36.09929,-6.76453,0.2223,-0.16761,0.21822,-0.18579,0.07076,-0.00961,,,,,,,,,,,,,,,,,,,,,,,High,High,High,High,Low,,,
139,2025-10-18,13:13:05.24,2,8,"Cardenas, Diego",1000262735,Right,GEO_PAT,"Kohr, Evan",1000275285,Right,NIA_COM,Undefined,4,Top,0,3,2,Slider,Slider,StrikeSwinging,Strikeout,Undefined,Undefined,0,0,,80.28692,0.35092,-2.584,2343.058686,51.445502,7:45,5.60813,1.79717,4.7496,-45.13829,0.80161,-1.0474,2.17979,-0.74263,72.74252,-7.814304,-2.767943,0.487828,,,,,,,,,,,,-0.31118,0.76535,-1.53624,50,5.60385,5.28793,-116.15409,-0.98725,-0.41921,24.59777,-31.14304,GEO_PAT,NIA_COM,SpuhlerFieldMain,TeamExclusive,Team,20251018-SpuhlerFieldMain-Private-1,b63b35e0-ac45-11f0-ae3b-9b4a908d198a,77.26589,,,7.5444,,,,,,,e9589120-7e22-442b-894a-3d9ff1c37833,2025-10-18,17:13:05.24,2025-10-18T13:13:05.2420000-04:00,2025-10-18T17:13:05.2420000Z,,v3,471300,,,"Vaughan, Logan",1000232024,Right,GEO_PAT,1e7c0fe1-9660-4d9a-bfc2-8e8afdb2d982,55.75016,-117.36547,12.29888,5.6147,0.54648,-15.57152,-1.79717,5.30857,-0.2096,,,,,,,,,,,,,,,,,,,,,,,,,,,,,,,,,,,,,,,,,,,,,,,,,,,High,High,High,,,,,
140,2025-10-18,13:13:46.72,3,1,"Cardenas, Diego",1000262735,Right,GEO_PAT,"Allen, Derrick",10121745,Left,NIA_COM,Undefined,4,Top,1,0,0,ChangeUp,Changeup,BallCalled,Undefined,Undefined,Undefined,0,0,,82.42472,-0.977414,-1.778909,1763.223131,248.365883,2:15,5.50002,1.94934,5.19335,-35.08963,7.10973,14.5741,1.65587,1.48984,75.68263,-7.381687,0.805527,0.467546,,,,,,,,,,,,-7.77189,4.2152,-1.79577,50,5.3828,3.09894,-119.59538,-3.29079,-11.2654,22.88962,-26.0641,GEO_PAT,NIA_COM,SpuhlerFieldMain,TeamExclusive,Team,20251018-SpuhlerFieldMain-Private-1,cef0bdd0-ac45-11f0-ae3b-9b4a908d198a,80.6176,,,6.74208,,,,,,,e9589120-7e22-442b-894a-3d9ff1c37833,2025-10-18,17:13:46.72,2025-10-18T13:13:46.7250000-04:00,2025-10-18T17:13:46.7250000Z,,v3,471300,,,"Vaughan, Logan",1000232024,Right,GEO_PAT,333c95a0-7d0b-408d-b540-93d0664b4f0a,55.30895,-120.60719,11.44481,5.5028,-2.13866,-13.03205,-1.94376,3.59692,-5.6327,,,,,,,,,,,,,,,,,,,,,,,,,,,,,,,,,,,,,,,,,,,,,,,,,,,High,High,High,,,,,
141,2025-10-18,13:14:02.70,3,2,"Cardenas, Diego",1000262735,Right,GEO_PAT,"Allen, Derrick",10121745,Left,NIA_COM,Undefined,4,Top,1,1,0,ChangeUp,Changeup,InPlay,Undefined,Popup,Out,1,0,,82.62753,0.40267,-3.408421,1839.716402,241.49552,2:00,5.58886,1.92592,4.94917,-33.38687,8.7552,13.84788,3.18782,-0.14482,76.12371,-5.67368,-0.971162,0.467229,92.91651,59.492624,19.402405,3717.263451,,,,,33.6346,,,-7.77752,4.57441,-1.60703,50,5.60043,6.54833,-119.82556,-0.37523,-11.4104,21.18685,-25.46291,GEO_PAT,NIA_COM,SpuhlerFieldMain,TeamExclusive,Team,20251018-SpuhlerFieldMain-Private-1,d88856a0-ac45-11f0-ae3b-9b4a908d198a,80.67238,59.81702,,6.50383,,,,2.87767,3.44216,0.11553,e9589120-7e22-442b-894a-3d9ff1c37833,2025-10-18,17:14:02.70,2025-10-18T13:14:02.7050000-04:00,2025-10-18T17:14:02.7050000Z,,v3,471300,,,"Vaughan, Logan",1000232024,Right,GEO_PAT,7b7c492d-1975-4a17-8286-e6bbe2e8e8b4,55.55495,-120.80376,10.59343,5.59062,0.80039,-12.73145,-1.92153,7.07515,-5.7052,177.662643,2.87767,65.2522,-25.30333,8.23621,-2.23422,0.57755,-0.14483,0.03161,-0.00416,3.44216,117.41161,-26.75902,2.15993,0.06705,-0.17272,0.07597,-0.02278,0.00374,0.11553,22.98201,-10.33477,3.94073,-1.19239,0.33651,-0.09158,0.02215,-0.00343,,,,,,,,,,,,,,,,,,,,,,,High,High,High,High,Undefined,,,
142,2025-10-18,13:14:40.67,4,1,"Cardenas, Diego",1000262735,Right,GEO_PAT,"Prizel, Cooper",10275157,Left,NIA_COM,Undefined,4,Top,2,0,0,Sinker,Four-Seam,BallCalled,Undefined,Undefined,Undefined,0,0,,89.40944,-2.915628,-2.395526,2145.543893,220.631265,1:15,5.83321,1.63295,5.46589,-21.00009,14.6956,11.59922,1.34951,0.3561,81.69798,-6.823022,-0.330815,0.430011,,,,,,,,,,,,-6.57599,8.59843,-1.43034,50,5.56202,4.91272,-129.5475,-7.31984,-11.14893,27.65911,-17.59629,GEO_PAT,NIA_COM,SpuhlerFieldMain,TeamExclusive,Team,20251018-SpuhlerFieldMain-Private-1,ef292f60-ac45-11f0-ae3b-9b4a908d198a,87.65463,,,7.71146,,,,,,,e9589120-7e22-442b-894a-3d9ff1c37833,2025-10-18,17:14:40.67,2025-10-18T13:14:40.6720000-04:00,2025-10-18T17:14:40.6720000Z,,v3,471300,,,"Vaughan, Logan",1000232024,Right,GEO_PAT,7f858039-50a0-40e6-a9d9-b6752518e2c9,55.03661,-130.61841,13.82955,5.83224,-6.63854,-8.79815,-1.62891,5.34439,-5.57446,,,,,,,,,,,,,,,,,,,,,,,,,,,,,,,,,,,,,,,,,,,,,,,,,,,High,High,High,,,,,
143,2025-10-18,13:14:57.44,4,2,"Cardenas, Diego",1000262735,Right,GEO_PAT,"Prizel, Cooper",10275157,Left,NIA_COM,Undefined,4,Top,2,1,0,ChangeUp,Changeup,StrikeCalled,Undefined,Undefined,Undefined,0,0,,82.51074,0.074078,-2.683337,1884.968489,250.146406,2:15,5.67971,1.9922,5.06218,-35.84404,6.76221,14.78253,2.76264,0.6918,75.13808,-6.478696,-0.072057,0.469794,,,,,,,,,,,,-8.1026,3.76075,-1.74918,50,5.65858,4.95971,-119.55216,-1.14662,-11.66911,24.1065,-26.75792,GEO_PAT,NIA_COM,SpuhlerFieldMain,TeamExclusive,Team,20251018-SpuhlerFieldMain-Private-1,f9185e10-ac45-11f0-ae3b-9b4a908d198a,80.23176,,,7.37265,,,,,,,e9589120-7e22-442b-894a-3d9ff1c37833,2025-10-18,17:14:57.44,2025-10-18T13:14:57.4470000-04:00,2025-10-18T17:14:57.4470000Z,,v3,471300,,,"Vaughan, Logan",1000232024,Right,GEO_PAT,0bc380df-01e0-4387-9139-c25bcffecc8b,55.43883,-120.64386,12.05325,5.68307,0.06515,-13.37896,-1.98575,5.48816,-5.83455,,,,,,,,,,,,,,,,,,,,,,,,,,,,,,,,,,,,,,,,,,,,,,,,,,,High,High,High,,,,,
144,2025-10-18,13:15:15.30,4,3,"Cardenas, Diego",1000262735,Right,GEO_PAT,"Prizel, Cooper",10275157,Left,NIA_COM,Undefined,4,Top,2,1,1,ChangeUp,Changeup,StrikeCalled,Undefined,Undefined,Undefined,0,0,,82.07729,-1.190797,-3.372789,1844.67566,242.013216,2:00,5.43981,1.9245,5.28228,-32.00954,10.30414,16.95879,1.65188,0.16643,75.58553,-7.052966,-0.366742,0.468179,,,,,,,,,,,,-9.42004,5.8515,-1.62957,50,5.30753,6.31818,-119.0244,-3.57855,-13.59152,21.60855,-23.73131,GEO_PAT,NIA_COM,SpuhlerFieldMain,TeamExclusive,Team,20251018-SpuhlerFieldMain-Private-1,03d2f310-ac46-11f0-ae3b-9b4a908d198a,80.5086,,,6.49176,,,,,,,e9589120-7e22-442b-894a-3d9ff1c37833,2025-10-18,17:15:15.30,2025-10-18T13:15:15.3040000-04:00,2025-10-18T17:15:15.3040000Z,,v3,471300,,,"Vaughan, Logan",1000232024,Right,GEO_PAT,e70c6d7e-082d-4bed-8650-6e39e1e8d74f,55.22125,-119.96856,10.80428,5.44123,-2.54164,-11.86565,-1.91861,6.91204,-6.79576,,,,,,,,,,,,,,,,,,,,,,,,,,,,,,,,,,,,,,,,,,,,,,,,,,,High,High,High,,,,,
145,2025-10-18,13:15:31.47,4,4,"Cardenas, Diego",1000262735,Right,GEO_PAT,"Prizel, Cooper",10275157,Left,NIA_COM,Undefined,4,Top,2,1,2,Slider,Slider,StrikeCalled,Strikeout,Undefined,Undefined,0,0,,79.99292,0.438087,-1.490362,2456.640431,141.142374,10:45,5.67641,1.91601,4.79391,-41.9653,2.79496,-1.30689,2.59463,0.39437,74.5703,-7.10572,-1.720259,0.481524,,,,,,,,,,,,0.30535,1.63154,-1.7661,50,5.68329,3.07932,-116.23631,-0.67687,0.42513,18.18654,-29.90254,GEO_PAT,NIA_COM,SpuhlerFieldMain,TeamExclusive,Team,20251018-SpuhlerFieldMain-Private-1,0d638700-ac46-11f0-ae3b-9b4a908d198a,78.27743,,,5.42262,,,,,,,e9589120-7e22-442b-894a-3d9ff1c37833,2025-10-18,17:15:31.47,2025-10-18T13:15:31.4780000-04:00,2025-10-18T17:15:31.4780000Z,,v3,471300,,,"Vaughan, Logan",1000232024,Right,GEO_PAT,a079d01d-9009-45da-a327-a54672b4de5a,55.71005,-117.12631,9.09327,5.68061,0.78647,-14.95127,-1.91628,3.05852,0.21257,,,,,,,,,,,,,,,,,,,,,,,,,,,,,,,,,,,,,,,,,,,,,,,,,,,High,High,High,,,,,
146,2025-10-18,13:17:24.66,1,1,"Hadfield, Liam",10132317,Right,NIA_COM,"Blanchard, Evan",10073877,Right,GEO_PAT,Undefined,4,Bottom,0,0,0,Fastball,Sinker,FoulBallNotFieldable,Undefined,Undefined,Undefined,0,0,,86.9526,-0.005834,-3.876737,1908.099077,228.20106,1:30,5.37192,2.56354,5.82465,-24.28812,12.80123,13.01792,3.34247,0.03862,79.48934,-4.547854,-1.550738,0.438325,71.63157,38.526739,143.531252,4805.778742,-95.99418,49.78422,53.71324,218.98599,65.68107,155.727209,3.224723,-7.71741,6.88721,-2.25392,50,5.35707,8.007,-126.08391,-0.792,-12.44679,25.17788,-21.06622,GEO_PAT,NIA_COM,SpuhlerFieldMain,TeamExclusive,Team,20251018-SpuhlerFieldMain-Private-1,50f224e0-ac46-11f0-ae3b-9b4a908d198a,85.99204,49.79298,,7.46327,,,,0.5354,3.16588,-0.12504,e9589120-7e22-442b-894a-3d9ff1c37833,2025-10-18,17:17:24.66,2025-10-18T13:17:24.6670000-04:00,2025-10-18T17:17:24.6670000Z,FlyBall,v3,471300,,,"Harper, Dalton",1000115726,Right,NIA_COM,174d66e2-f282-44e7-8de8-009df8dba346,54.67764,-127.01456,12.58894,5.37195,-0.01333,-10.53311,-2.55839,8.46707,-6.2234,310.69423,0.53551,-66.0994,0.2848,0.70946,-0.2156,0.02199,0.0063,-0.00227,0.00026,3.16599,65.4356,-26.42335,3.04344,-0.54675,0.05572,0.00124,-0.00112,8E-05,-0.12493,48.84725,-11.89986,2.9395,-0.51792,-0.00486,0.04086,-0.01282,0.00137,,,,,,,,,,,,,,,,,,,,,,,High,High,High,High,Low,,,
147,2025-10-18,13:17:40.48,1,2,"Hadfield, Liam",10132317,Right,NIA_COM,"Blanchard, Evan",10073877,Right,GEO_PAT,Undefined,4,Bottom,0,0,1,Curveball,Curveball,BallCalled,Undefined,Undefined,Undefined,0,0,,70.09448,1.799597,-2.858886,2187.204218,50.239492,7:45,5.44846,2.4807,4.87652,-69.0961,-8.35882,-12.82213,1.39602,-1.2953,63.37,-10.654189,-5.115459,0.560918,,,,,,,,,,,,5.3178,-4.16788,-2.18781,50,5.56714,5.53953,-101.30462,0.92409,5.37542,20.75676,-36.3871,GEO_PAT,NIA_COM,SpuhlerFieldMain,TeamExclusive,Team,20251018-SpuhlerFieldMain-Private-1,5a674190-ac46-11f0-ae3b-9b4a908d198a,67.19782,,,6.72448,,,,,,,e9589120-7e22-442b-894a-3d9ff1c37833,2025-10-18,17:17:40.48,2025-10-18T13:17:40.4810000-04:00,2025-10-18T17:17:40.4810000Z,,v3,471300,,,"Harper, Dalton",1000115726,Right,NIA_COM,a13fdb92-9af3-47df-af79-a434abf195a0,55.62603,-102.45088,10.37838,5.46062,2.9335,-18.19355,-2.48552,5.24268,2.68771,,,,,,,,,,,,,,,,,,,,,,,,,,,,,,,,,,,,,,,,,,,,,,,,,,,High,High,High,,,,,
148,2025-10-18,13:17:52.63,1,3,"Hadfield, Liam",10132317,Right,NIA_COM,"Blanchard, Evan",10073877,Right,GEO_PAT,Undefined,4,Bottom,0,1,1,Fastball,Sinker,BallCalled,Undefined,Undefined,Undefined,0,0,,86.76911,0.854575,-3.035388,1993.647316,220.032367,1:15,5.25285,2.59196,5.56135,-20.38155,17.60277,13.68725,4.35401,0.89393,78.34724,-3.00716,-0.599203,0.443582,,,,,,,,,,,,-7.7654,8.98819,-2.33852,50,5.31363,6.0575,-125.67598,1.2531,-12.31268,27.51773,-17.92257,GEO_PAT,NIA_COM,SpuhlerFieldMain,TeamExclusive,Team,20251018-SpuhlerFieldMain-Private-1,61837a20-ac46-11f0-ae3b-9b4a908d198a,84.97297,,,8.42188,,,,,,,e9589120-7e22-442b-894a-3d9ff1c37833,2025-10-18,17:17:52.63,2025-10-18T13:17:52.6370000-04:00,2025-10-18T17:17:52.6370000Z,,v3,471300,,,"Harper, Dalton",1000115726,Right,NIA_COM,b7d75944-9622-4076-8286-82c45b4ce950,54.93711,-126.75239,13.75887,5.2509,1.95417,-8.96129,-2.58489,6.53913,-6.15634,,,,,,,,,,,,,,,,,,,,,,,,,,,,,,,,,,,,,,,,,,,,,,,,,,,High,High,High,,,,,
149,2025-10-18,13:18:07.65,1,4,"Hadfield, Liam",10132317,Right,NIA_COM,"Blanchard, Evan",10073877,Right,GEO_PAT,Undefined,4,Bottom,0,2,1,Fastball,Changeup,StrikeCalled,Undefined,Undefined,Undefined,0,0,,86.46115,-0.036157,-5.275737,2005.773838,227.58183,1:30,5.29805,2.5908,5.70284,-22.54761,15.72792,15.72725,3.38525,-1.02865,78.00062,-4.289218,-2.480986,0.445279,,,,,,,,,,,,-9.55012,8.37748,-2.15672,50,5.2812,10.85881,-124.92955,-0.77713,-14.94714,27.44046,-19.06222,GEO_PAT,NIA_COM,SpuhlerFieldMain,TeamExclusive,Team,20251018-SpuhlerFieldMain-Private-1,6a762060-ac46-11f0-ae3b-9b4a908d198a,84.64907,,,8.46053,,,,,,,e9589120-7e22-442b-894a-3d9ff1c37833,2025-10-18,17:18:07.65,2025-10-18T13:18:07.6570000-04:00,2025-10-18T17:18:07.6570000Z,,v3,471300,,,"Harper, Dalton",1000115726,Right,NIA_COM,75f02b7c-7b62-4987-82f3-370bb66a0d00,54.79664,-125.97871,13.72023,5.29699,-0.0483,-9.53111,-2.58282,11.4303,-7.47357,,,,,,,,,,,,,,,,,,,,,,,,,,,,,,,,,,,,,,,,,,,,,,,,,,,High,High,High,,,,,
150,2025-10-18,13:18:22.35,1,5,"Hadfield, Liam",10132317,Right,NIA_COM,"Blanchard, Evan",10073877,Right,GEO_PAT,Undefined,4,Bottom,0,2,2,Curveball,Curveball,BallCalled,Undefined,Undefined,Undefined,0,0,,70.84667,4.141971,-2.144666,2346.636304,34.495728,7:15,5.70273,2.39319,4.58962,-71.34878,-12.35934,-9.78953,3.70675,-0.4637,64.80753,-8.621574,-3.856126,0.552788,,,,,,,,,,,,4.11233,-6.5776,-2.16186,50,6.06496,4.22534,-102.45441,4.92326,4.35079,17.66023,-39.13309,GEO_PAT,NIA_COM,SpuhlerFieldMain,TeamExclusive,Team,20251018-SpuhlerFieldMain-Private-1,7342c810-ac46-11f0-ae3b-9b4a908d198a,68.18609,,,6.03914,,,,,,,e9589120-7e22-442b-894a-3d9ff1c37833,2025-10-18,17:18:22.35,2025-10-18T13:18:22.3560000-04:00,2025-10-18T17:18:22.3560000Z,,v3,471300,,,"Harper, Dalton",1000115726,Right,NIA_COM,734634c9-0a9f-4ecd-8699-55b39a10e3ef,55.91596,-103.46913,8.83012,5.71748,7.17177,-19.56655,-2.39746,3.97535,2.1754,,,,,,,,,,,,,,,,,,,,,,,,,,,,,,,,,,,,,,,,,,,,,,,,,,,High,High,High,,,,,
151,2025-10-18,13:18:34.94,1,6,"Hadfield, Liam",10132317,Right,NIA_COM,"Blanchard, Evan",10073877,Right,GEO_PAT,Undefined,4,Bottom,0,3,1,Fastball,Changeup,FoulBallNotFieldable,Undefined,Undefined,Undefined,0,0,,86.72901,-0.200197,-4.001025,1931.846377,232.069423,1:45,5.31636,2.69093,5.62517,-23.6669,14.3265,16.67493,3.15684,0.3407,78.39245,-4.645253,-1.032448,0.443635,71.31543,12.904455,165.24592,2913.566495,,,,120.76481,51.06252,170.347323,1.345251,-9.66449,7.70052,-2.36029,50,5.28432,8.06661,-125.55481,-1.20326,-15.28046,27.67739,-19.99882,GEO_PAT,NIA_COM,SpuhlerFieldMain,TeamExclusive,Team,20251018-SpuhlerFieldMain-Private-1,7accdda0-ac46-11f0-ae3b-9b4a908d198a,84.96275,9.74426,,8.33656,,,,0.26701,3.01675,-0.3262,e9589120-7e22-442b-894a-3d9ff1c37833,2025-10-18,17:18:34.94,2025-10-18T13:18:34.9440000-04:00,2025-10-18T17:18:34.9440000Z,GroundBall,v3,471300,,,"Harper, Dalton",1000115726,Right,NIA_COM,b48e91f0-fb35-49a6-bf1f-6d21350e34fb,54.8756,-126.62502,13.83869,5.3159,-0.42996,-9.99941,-2.68363,8.65747,-7.64023,297.057415,0.26701,-98.59243,7.53881,-0.22385,0.05892,0.02258,-0.02517,0.01149,-0.00219,3.01675,23.35944,-21.39967,2.15365,-0.52363,0.37194,-0.26113,0.10851,-0.0185,-0.3262,25.96509,-8.87487,0.93808,-0.31348,0.23788,-0.17947,0.07555,-0.01278,,,,,,,,,,,,,,,,,,,,,,,High,High,High,High,Medium,,,
152,2025-10-18,13:18:51.12,1,7,"Hadfield, Liam",10132317,Right,NIA_COM,"Blanchard, Evan",10073877,Right,GEO_PAT,Undefined,4,Bottom,1,3,1,Fastball,Changeup,FoulBallNotFieldable,Undefined,Undefined,Undefined,0,0,,88.89948,-0.486114,-5.135703,1880.942071,233.298938,1:45,5.16796,2.85058,5.72239,-22.53875,13.67119,16.59509,2.83509,-0.56323,80.13775,-4.728687,-2.183607,0.433097,85.19953,11.625665,88.289109,4246.408681,-8.69506,11.65929,109.65572,169.27315,86.27083,97.616814,1.722418,-9.97878,7.46682,-2.43055,50,5.11349,10.81409,-128.47349,-1.82409,-16.49113,29.40018,-19.83423,GEO_PAT,NIA_COM,SpuhlerFieldMain,TeamExclusive,Team,20251018-SpuhlerFieldMain-Private-1,845b9cd0-ac46-11f0-ae3b-9b4a908d198a,87.02998,12.52284,,8.76173,,,,-0.72473,2.6541,0.64266,e9589120-7e22-442b-894a-3d9ff1c37833,2025-10-18,17:18:51.12,2025-10-18T13:18:51.1260000-04:00,2025-10-18T17:18:51.1260000Z,LineDrive,v3,471300,,,"Harper, Dalton",1000115726,Right,NIA_COM,1b1fb3ba-59da-4d45-95eb-638ad4c30952,54.77736,-129.56214,14.70009,5.16743,-1.08966,-9.91712,-2.84229,11.42474,-8.24556,,-0.72472,3.65319,-14.20922,3.95227,-0.8991,0.12605,-0.00183,0.00335,-0.00188,2.65409,25.18248,-16.54726,0.63886,-0.0661,0.07439,-0.03693,0.00204,0.00161,0.64267,122.34069,-20.49244,4.57084,-0.92215,0.16057,-0.02178,0.00347,-0.00067,,,,,,,,,,,,,,,,,,,,,,,High,High,High,Medium,Low,,,
153,2025-10-18,13:19:07.98,1,8,"Hadfield, Liam",10132317,Right,NIA_COM,"Blanchard, Evan",10073877,Right,GEO_PAT,Undefined,4,Bottom,1,2,2,Fastball,Changeup,BallCalled,Undefined,Undefined,Undefined,0,0,,86.09466,2.17968,-3.649208,1734.11557,226.827732,1:30,5.24149,2.72328,5.61677,-23.48241,14.55304,14.30505,5.32412,0.50481,78.72823,-2.206255,-1.103767,0.44388,,,,,,,,,,,,-8.14855,7.1391,-2.42046,50,5.41302,7.34486,-124.76846,4.00112,-12.92707,23.59895,-20.84838,GEO_PAT,NIA_COM,SpuhlerFieldMain,TeamExclusive,Team,20251018-SpuhlerFieldMain-Private-1,8e6d95c0-ac46-11f0-ae3b-9b4a908d198a,84.91579,,,7.36643,,,,,,,e9589120-7e22-442b-894a-3d9ff1c37833,2025-10-18,17:19:07.98,2025-10-18T13:19:07.9870000-04:00,2025-10-18T17:19:07.9870000Z,,v3,471300,,,"Harper, Dalton",1000115726,Right,NIA_COM,35e9baff-729e-42cc-ad0d-e7b80e7152f8,54.88451,-125.68893,11.79947,5.2411,4.8143,-10.42419,-2.71678,7.84908,-6.46353,,,,,,,,,,,,,,,,,,,,,,,,,,,,,,,,,,,,,,,,,,,,,,,,,,,High,High,High,,,,,
154,2025-10-18,13:19:59.05,1,9,"Hadfield, Liam",10132317,Right,NIA_COM,"Vaughan, Logan",1000232024,Left,GEO_PAT,Undefined,4,Bottom,0,0,0,ChangeUp,Changeup,BallCalled,Undefined,Undefined,Undefined,0,0,,82.21465,0.28193,-1.652531,1886.677381,235.195713,1:45,5.08889,2.37498,6.00906,-29.6025,11.49197,14.68887,2.88333,2.06757,75.27002,-5.252178,0.989258,0.461385,,,,,,,,,,,,-7.98752,6.22461,-2.253,50,5.09484,2.87861,-119.4467,-0.30611,-11.54721,22.86911,-23.17536,GEO_PAT,NIA_COM,SpuhlerFieldMain,TeamExclusive,Team,20251018-SpuhlerFieldMain-Private-1,acdc1cc0-ac46-11f0-ae3b-9b4a908d198a,81.69419,,,6.94462,,,,,,,e9589120-7e22-442b-894a-3d9ff1c37833,2025-10-18,17:19:59.05,2025-10-18T13:19:59.0570000-04:00,2025-10-18T17:19:59.0570000Z,,v3,471300,,,"Harper, Dalton",1000115726,Right,NIA_COM,1be16239-d13d-42c5-b946-161aec234e7b,54.49249,-120.30375,11.43455,5.09004,0.56242,-11.58768,-2.36899,3.31135,-5.77361,,,,,,,,,,,,,,,,,,,,,,,,,,,,,,,,,,,,,,,,,,,,,,,,,,,High,High,High,,,,,
155,2025-10-18,13:20:17.41,1,10,"Hadfield, Liam",10132317,Right,NIA_COM,"Vaughan, Logan",1000232024,Left,GEO_PAT,Undefined,4,Bottom,0,0,0,ChangeUp,Changeup,InPlay,Undefined,FlyBall,Out,1,0,,83.24279,-0.581132,-3.933389,1819.804512,227.469574,1:30,5.04011,2.47035,5.86573,-27.32368,13.28591,13.02229,2.22198,-0.1043,75.8729,-5.691287,-1.604341,0.458655,74.76402,32.497569,-26.862315,3704.22687,91.35133,52.14704,-61.27737,237.70535,207.93505,-42.138126,3.885811,-7.82162,7.35705,-2.15883,50,4.97705,7.78513,-120.64022,-2.06351,-11.48827,24.20797,-21.3681,GEO_PAT,NIA_COM,SpuhlerFieldMain,TeamExclusive,Team,20251018-SpuhlerFieldMain-Private-1,b7e91780-ac46-11f0-ae3b-9b4a908d198a,82.18046,54.31945,,7.36989,,,,1.63088,2.29575,0.07943,e9589120-7e22-442b-894a-3d9ff1c37833,2025-10-18,17:20:17.41,2025-10-18T13:20:17.4110000-04:00,2025-10-18T17:20:17.4110000Z,FlyBall,v3,471300,,,"Harper, Dalton",1000115726,Right,NIA_COM,d7337e03-e488-42dc-b2ce-0a469465ccb3,54.63625,-121.56699,12.10398,5.04039,-1.24547,-10.68405,-2.46528,8.22494,-5.74413,136.824093,1.63067,82.51158,-19.53087,4.841,-1.18439,0.33479,-0.08947,0.01491,-0.00102,2.29635,58.89516,-18.08676,0.73993,0.21216,-0.19269,0.0671,-0.01072,0.00064,0.07984,-41.80031,-1.14621,0.8208,-0.19524,0.02211,-0.00051,-0.00016,2E-05,,,,,,,,,,,,,,,,,,,,,,,High,High,High,High,Medium,,,
156,2025-10-18,13:20:51.12,2,1,"Hadfield, Liam",10132317,Right,NIA_COM,"Morse, Jackson",1000469270,Right,GEO_PAT,Undefined,4,Bottom,1,0,0,Fastball,Changeup,BallCalled,Undefined,Undefined,Undefined,0,0,,84.26215,0.641419,-3.137352,1916.423544,235.868998,1:45,5.04,2.22953,5.90225,-26.60553,12.63579,16.8754,3.41926,0.72032,77.1825,-4.333412,-0.113426,0.450862,,,,,,,,,,,,-9.44119,6.66449,-1.98652,50,5.07638,6.02529,-122.308,0.54568,-14.36155,23.17178,-22.0363,GEO_PAT,NIA_COM,SpuhlerFieldMain,TeamExclusive,Team,20251018-SpuhlerFieldMain-Private-1,cbe2ec20-ac46-11f0-ae3b-9b4a908d198a,83.6009,,,7.07965,,,,,,,e9589120-7e22-442b-894a-3d9ff1c37833,2025-10-18,17:20:51.12,2025-10-18T13:20:51.1210000-04:00,2025-10-18T17:20:51.1210000Z,,v3,471300,,,"Harper, Dalton",1000115726,Right,NIA_COM,111383ad-e0f4-4ee2-87bb-7ee30ac0d91a,54.59978,-123.17636,11.58589,5.04045,1.37149,-11.01815,-2.2224,6.56349,-7.18077,,,,,,,,,,,,,,,,,,,,,,,,,,,,,74.49445,1.64775,0.736666,0.911084,-1.43789,3.1954,-0.71871,-3.1835,4.92662,1.90079,65.90459,1.13811,58.87455,-3.13217,85.30277,-10.60403,4.93363,6.54721,-11.78225,1.91717,66.60498,-4.53551,High,High,High,,,High,High,High
157,2025-10-18,13:21:13.11,2,2,"Hadfield, Liam",10132317,Right,NIA_COM,"Morse, Jackson",1000469270,Right,GEO_PAT,Undefined,4,Bottom,1,1,0,ChangeUp,Changeup,StrikeCalled,Undefined,Undefined,Undefined,0,0,,81.2402,0.16002,-4.697126,1775.303457,233.697124,1:45,5.08243,2.21293,5.99012,-28.69565,13.3817,16.49887,2.83994,-0.77534,74.67713,-5.195253,-1.744334,0.46687,,,,,,,,,,,,-9.66725,7.22079,-1.85062,50,5.07913,9.05081,-117.76689,-0.51849,-13.68272,20.72704,-21.95397,GEO_PAT,NIA_COM,SpuhlerFieldMain,TeamExclusive,Team,20251018-SpuhlerFieldMain-Private-1,d90420e0-ac46-11f0-ae3b-9b4a908d198a,80.73441,,,6.56307,,,,,,,e9589120-7e22-442b-894a-3d9ff1c37833,2025-10-18,17:21:13.11,2025-10-18T13:21:13.1110000-04:00,2025-10-18T17:21:13.1110000Z,,v3,471300,,,"Harper, Dalton",1000115726,Right,NIA_COM,99053f39-accf-453b-9e15-2ddf38f20cd5,54.51256,-118.55844,10.36352,5.08293,0.31992,-10.97698,-2.20624,9.57335,-6.84136,,,,,,,,,,,,,,,,,,,,,,,,,,,,,,,,,,,,,,,,,,,,,,,,,,,High,High,High,,,,,
158,2025-10-18,13:21:35.97,2,3,"Hadfield, Liam",10132317,Right,NIA_COM,"Morse, Jackson",1000469270,Right,GEO_PAT,Undefined,4,Bottom,1,1,1,ChangeUp,Changeup,StrikeCalled,Undefined,Undefined,Undefined,0,0,,82.29599,-0.690903,-4.563013,1683.525647,234.180423,1:45,4.99813,2.37606,5.9978,-27.45084,13.48347,16.99454,2.06824,-0.44517,75.81069,-5.810908,-1.518881,0.460485,,,,,,,,,,,,-9.87245,7.48272,-2.02521,50,4.92831,8.87223,-119.32993,-2.26336,-14.364,21.01692,-21.28702,GEO_PAT,NIA_COM,SpuhlerFieldMain,TeamExclusive,Team,20251018-SpuhlerFieldMain-Private-1,e6a24dd0-ac46-11f0-ae3b-9b4a908d198a,81.85385,,,6.4853,,,,,,,e9589120-7e22-442b-894a-3d9ff1c37833,2025-10-18,17:21:35.97,2025-10-18T13:21:35.9750000-04:00,2025-10-18T17:21:35.9750000Z,,v3,471300,,,"Harper, Dalton",1000115726,Right,NIA_COM,a62e57de-2a00-4061-a9d8-a3daadc25080,54.50509,-120.12077,10.50846,4.99841,-1.46236,-10.64351,-2.36923,9.41273,-7.182,,,,,,,,,,,,,,,,,,,,,,,,,,,,,,,,,,,,,,,,,,,,,,,,,,,High,High,High,,,,,
159,2025-10-18,13:21:56.02,2,4,"Hadfield, Liam",10132317,Right,NIA_COM,"Morse, Jackson",1000469270,Right,GEO_PAT,Undefined,4,Bottom,1,1,2,Fastball,Changeup,BallCalled,Undefined,Undefined,Undefined,0,0,,86.62683,-0.815335,-5.192026,1826.959184,226.644739,1:30,4.90046,2.46324,5.86814,-24.02123,13.61926,13.09324,2.13811,-1.28204,78.81077,-5.318713,-2.857491,0.441569,,,,,,,,,,,,-8.16481,7.56737,-2.04905,50,4.82023,10.84077,-125.2989,-2.54241,-12.93929,26.06127,-20.18152,GEO_PAT,NIA_COM,SpuhlerFieldMain,TeamExclusive,Team,20251018-SpuhlerFieldMain-Private-1,f296c260-ac46-11f0-ae3b-9b4a908d198a,85.36015,,,7.81607,,,,,,,e9589120-7e22-442b-894a-3d9ff1c37833,2025-10-18,17:21:56.02,2025-10-18T13:21:56.0260000-04:00,2025-10-18T17:21:56.0260000Z,,v3,471300,,,"Harper, Dalton",1000115726,Right,NIA_COM,03d101c0-6d6c-4958-8f40-102c36f59e1a,54.63267,-126.25879,13.03063,4.90018,-1.79909,-10.09076,-2.45711,11.31735,-6.46965,,,,,,,,,,,,,,,,,,,,,,,,,,,,,,,,,,,,,,,,,,,,,,,,,,,High,High,High,,,,,
160,2025-10-18,13:22:16.19,2,5,"Hadfield, Liam",10132317,Right,NIA_COM,"Morse, Jackson",1000469270,Right,GEO_PAT,Undefined,4,Bottom,1,2,2,Curveball,Curveball,FoulBallNotFieldable,Undefined,Undefined,Undefined,0,0,,69.52321,2.569783,-1.945374,2278.112774,50.116462,7:45,5.47483,1.95554,4.61226,-70.15149,-9.58225,-13.59414,2.07545,-1.02781,64.43427,-9.942084,-4.327537,0.560141,63.98702,7.377642,83.505061,3225.394348,,,,86.90966,68.60218,86.564412,1.05663,6.14634,-4.91252,-1.74181,50,5.67399,3.93421,-100.80843,2.1597,6.33997,16.02302,-37.24131,GEO_PAT,NIA_COM,SpuhlerFieldMain,TeamExclusive,Team,20251018-SpuhlerFieldMain-Private-1,feac7a90-ac46-11f0-ae3b-9b4a908d198a,67.29097,4.66434,,5.08894,,,,0.85235,1.97109,0.92718,e9589120-7e22-442b-894a-3d9ff1c37833,2025-10-18,17:22:16.19,2025-10-18T13:22:16.1970000-04:00,2025-10-18T17:22:16.1970000Z,GroundBall,v3,471300,,,"Harper, Dalton",1000115726,Right,NIA_COM,72bcfeea-6d5a-472a-8505-2e9804f53112,55.89478,-101.74107,8.01151,5.4852,4.32736,-18.62066,-1.96006,3.56518,3.16999,,0.85235,10.52773,-7.50026,1.67906,-0.22556,-0.43274,0.7229,-0.49539,0.12773,1.9711,12.05081,-13.69909,0.54213,-0.13665,0.32268,-0.45502,0.30753,-0.07913,0.92718,92.47321,-12.40872,1.97814,-0.32517,0.0076,0.05204,-0.03779,0.00972,,,,,,,,,,,,,,,,,,,,,,,High,High,High,Medium,Medium,,,
161,2025-10-18,13:22:40.25,2,6,"Hadfield, Liam",10132317,Right,NIA_COM,"Morse, Jackson",1000469270,Right,GEO_PAT,Undefined,4,Bottom,1,2,2,ChangeUp,Changeup,FoulBallNotFieldable,Undefined,Undefined,Undefined,0,0,,83.01039,0.571565,-3.834169,1934.128963,229.373664,1:45,5.01065,2.15612,5.92784,-26.14883,14.27391,15.20363,3.36315,-0.13999,76.06333,-4.326241,-1.112282,0.457598,75.55901,56.958874,85.66814,4887.771585,,,,,55.48922,,,-8.84437,7.5389,-1.85788,50,5.04157,7.48511,-120.42653,0.41936,-13.0481,22.37739,-21.05188,GEO_PAT,NIA_COM,SpuhlerFieldMain,TeamExclusive,Team,20251018-SpuhlerFieldMain-Private-1,0d0d8250-ac47-11f0-ae3b-9b4a908d198a,82.37017,83.79627,,6.94707,,,,2.35219,3.51416,-1.78366,e9589120-7e22-442b-894a-3d9ff1c37833,2025-10-18,17:22:40.25,2025-10-18T13:22:40.2590000-04:00,2025-10-18T17:22:40.2590000Z,,v3,471300,,,"Harper, Dalton",1000115726,Right,NIA_COM,2d0ca067-f091-4155-9529-9e45555e9bef,54.57519,-121.2737,11.18869,5.01061,1.21635,-10.52594,-2.15061,7.97908,-6.52405,,2.35219,4.56397,-9.53597,3.72729,-1.07902,0.27728,-0.06706,0.01396,-0.00181,3.51416,92.89786,-24.93581,2.34776,-0.24266,-0.01854,0.01378,-0.00183,-0.00017,-1.78366,60.25081,-15.253,4.37111,-1.0305,0.22744,-0.05361,0.01352,-0.00232,,,,,,,,,,,,,,,,,,,,,,,High,High,High,Low,Undefined,,,
162,2025-10-18,13:23:04.45,2,7,"Hadfield, Liam",10132317,Right,NIA_COM,"Morse, Jackson",1000469270,Right,GEO_PAT,Undefined,4,Bottom,1,2,2,Curveball,Curveball,BallCalled,Undefined,Undefined,Undefined,0,0,,68.27677,0.401416,-4.025263,2218.820387,64.095241,8:15,5.6597,1.74266,5.78933,-65.81181,-4.68335,-13.843,0.54977,-3.1619,62.88595,-11.565435,-6.49836,0.562721,,,,,,,,,,,,5.76048,-1.86539,-1.40225,50,5.65387,7.41429,-98.89237,-1.15811,5.62243,17.88947,-33.99473,GEO_PAT,NIA_COM,SpuhlerFieldMain,TeamExclusive,Team,20251018-SpuhlerFieldMain-Private-1,1b6fc290-ac47-11f0-ae3b-9b4a908d198a,66.98246,,,5.39082,,,,,,,e9589120-7e22-442b-894a-3d9ff1c37833,2025-10-18,17:23:04.45,2025-10-18T13:23:04.4510000-04:00,2025-10-18T17:23:04.4510000Z,,v3,471300,,,"Harper, Dalton",1000115726,Right,NIA_COM,75f3ad6a-a689-4e11-b0b2-221a6011cc98,54.71396,-99.74147,8.94473,5.67055,0.45541,-16.99737,-1.74783,7.14743,2.81122,,,,,,,,,,,,,,,,,,,,,,,,,,,,,77.72658,,,0.83667,,,,-2.64609,4.84799,5.92539,64.08232,1.56657,60.69503,-2.59484,90.81906,-13.44162,4.85991,6.96479,-13.06495,5.9222,67.38604,-2.28828,High,High,High,,,High,High,High
163,2025-10-18,13:23:29.38,2,8,"Hadfield, Liam",10132317,Right,NIA_COM,"Morse, Jackson",1000469270,Right,GEO_PAT,Undefined,4,Bottom,1,3,2,ChangeUp,Changeup,FoulBallNotFieldable,Undefined,Undefined,Undefined,0,0,,82.55404,0.239628,-3.311424,1770.676392,230.141354,1:45,5.10878,2.35906,5.71219,-27.03679,14.03103,15.34253,3.07934,0.54901,75.88343,-4.793342,-0.572747,0.461235,80.0077,1.599699,-45.702487,3678.585458,,,,53.85482,50.58977,-45.595453,0.467249,-8.74158,7.44756,-2.09155,50,5.11208,6.3398,-119.83924,-0.34294,-12.79897,21.68205,-21.26972,GEO_PAT,NIA_COM,SpuhlerFieldMain,TeamExclusive,Team,20251018-SpuhlerFieldMain-Private-1,2a5626f0-ac47-11f0-ae3b-9b4a908d198a,81.7207,3.3199,,6.67061,,,,2.97673,3.20399,-0.52562,e9589120-7e22-442b-894a-3d9ff1c37833,2025-10-18,17:23:29.38,2025-10-18T13:23:29.3840000-04:00,2025-10-18T17:23:29.3840000Z,GroundBall,v3,471300,,,"Harper, Dalton",1000115726,Right,NIA_COM,95950fe0-b120-4ea4-9282-6c5ec968990c,54.79181,-120.70309,10.84102,5.10886,0.50448,-10.63486,-2.35429,6.84973,-6.39948,,2.98835,81.58566,-15.74229,,,,,,,3.21717,2.89747,-20.99422,,,,,,,-0.52437,-83.99052,5.92224,,,,,,,,,,,,,,,,,,,,,,,,,,,,,High,High,High,High,High,,,
164,2025-10-18,13:23:58.73,2,9,"Hadfield, Liam",10132317,Right,NIA_COM,"Morse, Jackson",1000469270,Right,GEO_PAT,Undefined,4,Bottom,1,3,2,ChangeUp,Changeup,InPlay,Undefined,GroundBall,Single,0,0,,82.22807,-0.958298,-4.030675,1971.374455,228.746963,1:30,5.10748,2.34436,5.87315,-25.34596,15.96241,16.74115,2.1029,-0.01068,75.47311,-5.702261,-1.03585,0.462584,90.97866,-7.749864,-22.30377,,,,,19.51004,17.55302,-19.693431,0.131234,-9.70292,8.81658,-2.02776,50,5.01501,7.76607,-119.25264,-2.75212,-14.03429,21.98519,-19.42177,GEO_PAT,NIA_COM,SpuhlerFieldMain,TeamExclusive,Team,20251018-SpuhlerFieldMain-Private-1,3bd27870-ac47-11f0-ae3b-9b4a908d198a,81.48241,2.36528,,6.75496,,,,2.28913,2.36528,0.02138,e9589120-7e22-442b-894a-3d9ff1c37833,2025-10-18,17:23:58.73,2025-10-18T13:23:58.7300000-04:00,2025-10-18T17:23:58.7300000Z,GroundBall,v3,471300,,,"Harper, Dalton",1000115726,Right,NIA_COM,afbb764c-8b8d-4eb9-aa58-910933e29404,54.63041,-120.10326,10.9926,5.10696,-2.00068,-9.71089,-2.33874,8.30906,-7.01714,180,2.28485,122.52762,,,,,,,,2.36591,-18.02341,,,,,,,,0.02314,-50.26166,,,,,,,,,,,,,,,,,,,,,,,,,,,,,,High,High,High,Medium,High,,,
165,2025-10-18,13:24:38.58,3,1,"Hadfield, Liam",10132317,Right,NIA_COM,"Clyne , Owen",1000230336,Left,GEO_PAT,Undefined,4,Bottom,1,0,0,Curveball,Curveball,BallCalled,Undefined,Undefined,Undefined,0,0,,70.21614,1.658461,-2.408885,2192.902905,44.158797,7:30,5.44264,2.74892,4.98797,-68.94807,-10.1528,-11.60697,1.2649,-0.49441,64.97366,-10.709462,-4.45826,0.551878,,,,,,,,,,,,5.11985,-5.1191,-2.50651,50,5.54551,4.70187,-101.84723,0.7206,5.36088,17.21457,-37.53417,GEO_PAT,NIA_COM,SpuhlerFieldMain,TeamExclusive,Team,20251018-SpuhlerFieldMain-Private-1,539fc340-ac47-11f0-ae3b-9b4a908d198a,68.29856,,,5.24248,,,,,,,e9589120-7e22-442b-894a-3d9ff1c37833,2025-10-18,17:24:38.58,2025-10-18T13:24:38.5880000-04:00,2025-10-18T17:24:38.5880000Z,,v3,471300,,,"Harper, Dalton",1000115726,Right,NIA_COM,6b8b40ae-b08c-49a7-96f0-6c7b1d607d17,55.51887,-102.77581,8.60729,5.45203,2.74527,-18.76708,-2.75234,4.41269,2.68044,,,,,,,,,,,,,,,,,,,,,,,,,,,,,,,,,,,,,,,,,,,,,,,,,,,High,High,High,,,,,
166,2025-10-18,13:24:59.01,3,2,"Hadfield, Liam",10132317,Right,NIA_COM,"Clyne , Owen",1000230336,Left,GEO_PAT,Undefined,4,Bottom,1,1,0,Fastball,Four-Seam,StrikeCalled,Undefined,Undefined,Undefined,0,0,,85.49387,-1.619976,-3.559222,2016.565452,222.608838,1:30,5.18734,2.58299,5.75084,-21.22997,17.21658,14.71894,1.90666,0.49167,78.32077,-5.607888,-0.93044,0.446272,,,,,,,,,,,,-8.43906,9.56768,-2.29604,50,5.03958,7.10148,-123.95062,-4.15699,-13.16974,24.05514,-17.24304,GEO_PAT,NIA_COM,SpuhlerFieldMain,TeamExclusive,Team,20251018-SpuhlerFieldMain-Private-1,5fab9060-ac47-11f0-ae3b-9b4a908d198a,84.4606,,,7.1731,,,,,,,e9589120-7e22-442b-894a-3d9ff1c37833,2025-10-18,17:24:59.01,2025-10-18T13:24:59.0170000-04:00,2025-10-18T17:24:59.0170000Z,,v3,471300,,,"Harper, Dalton",1000115726,Right,NIA_COM,6096bf93-4ea6-40ec-95e7-36cf65f2efcc,54.75086,-124.86922,12.02757,5.18575,-3.49852,-8.62152,-2.57683,7.6044,-6.58487,,,,,,,,,,,,,,,,,,,,,,,,,,,,,,,,,,,,,,,,,,,,,,,,,,,High,High,High,,,,,
167,2025-10-18,13:25:20.14,3,3,"Hadfield, Liam",10132317,Right,NIA_COM,"Clyne , Owen",1000230336,Left,GEO_PAT,Undefined,4,Bottom,1,1,1,Fastball,Sinker,BallCalled,Undefined,Undefined,Undefined,0,0,,87.08292,0.263275,-2.758311,2016.348697,226.118812,1:30,5.11338,2.63295,5.77508,-22.80529,13.94505,13.38406,3.45822,1.17949,80.07018,-3.999538,-0.3649,0.436317,,,,,,,,,,,,-7.52894,7.37422,-2.41306,50,5.12134,5.5376,-126.47825,-0.15043,-12.29703,23.78807,-20.12974,GEO_PAT,NIA_COM,SpuhlerFieldMain,TeamExclusive,Team,20251018-SpuhlerFieldMain-Private-1,6c3dcb90-ac47-11f0-ae3b-9b4a908d198a,86.38773,,,7.01274,,,,,,,e9589120-7e22-442b-894a-3d9ff1c37833,2025-10-18,17:25:20.14,2025-10-18T13:25:20.1490000-04:00,2025-10-18T17:25:20.1490000Z,,v3,471300,,,"Harper, Dalton",1000115726,Right,NIA_COM,0db450ed-00d1-4216-93f5-e980eb7d4085,54.72761,-127.36431,11.89404,5.11298,0.59937,-10.06487,-2.62786,5.99564,-6.14852,,,,,,,,,,,,,,,,,,,,,,,,,,,,,,,,,,,,,,,,,,,,,,,,,,,High,High,High,,,,,
168,2025-10-18,13:25:40.85,3,4,"Hadfield, Liam",10132317,Right,NIA_COM,"Clyne , Owen",1000230336,Left,GEO_PAT,Undefined,4,Bottom,1,2,1,Fastball,Changeup,StrikeSwinging,Undefined,Undefined,Undefined,0,1,,84.37159,-0.891805,-3.669167,1960.756958,226.187983,1:30,5.29699,2.39057,5.93083,-24.49785,14.20162,13.70119,2.42627,0.12322,78.2745,-5.452127,-1.214445,0.447738,,,,,,,,,,,,-7.90847,7.83315,-2.10485,50,5.21149,7.32779,-122.54544,-2.66452,-12.22154,20.52908,-20.0689,GEO_PAT,NIA_COM,SpuhlerFieldMain,TeamExclusive,Team,20251018-SpuhlerFieldMain-Private-1,78b0e600-ac47-11f0-ae3b-9b4a908d198a,84.18414,,,6.09708,,,,,,,e9589120-7e22-442b-894a-3d9ff1c37833,2025-10-18,17:25:40.85,2025-10-18T13:25:40.8510000-04:00,2025-10-18T17:25:40.8510000Z,,v3,471300,,,"Harper, Dalton",1000115726,Right,NIA_COM,64a51129-014c-4db6-be21-473becab355e,54.57316,-123.30917,10.26454,5.29673,-1.91791,-10.03445,-2.38592,7.78246,-6.11077,,,,,,,,,,,,,,,,,,,,,,,,,,,,,77.04653,1.955174,0.637645,1.317529,0.19442,2.30833,-0.09791,0.14461,5.77355,-0.71662,127.28501,0.96082,2.56965,0.37321,109.93008,-10.37605,5.81853,12.28981,-12.13721,-0.70029,3.28713,-0.61475,High,High,High,,,High,High,High
169,2025-10-18,13:26:19.62,3,5,"Hadfield, Liam",10132317,Right,NIA_COM,"Clyne , Owen",1000230336,Left,GEO_PAT,Undefined,4,Bottom,1,2,2,Curveball,Curveball,FoulBallNotFieldable,Undefined,Undefined,Undefined,0,0,,72.45774,3.065157,-0.433544,2297.876521,44.213933,7:30,5.38811,2.4382,4.90806,-67.48807,-12.16363,-13.49375,2.6657,0.9037,66.65561,-9.067409,-2.813552,0.53534,76.06703,47.250741,-31.221043,,81.46018,87.49354,-73.92012,211.33491,165.28519,-47.832324,4.958404,6.57575,-6.45449,-2.38372,50,5.63053,1.30844,-105.08996,3.32548,7.34107,18.09542,-39.37973,GEO_PAT,NIA_COM,SpuhlerFieldMain,TeamExclusive,Team,20251018-SpuhlerFieldMain-Private-1,8fdb3a10-ac47-11f0-ae3b-9b4a908d198a,70.40838,88.46301,,5.80214,,,,1.56565,2.70748,-0.91681,e9589120-7e22-442b-894a-3d9ff1c37833,2025-10-18,17:26:19.62,2025-10-18T13:26:19.6270000-04:00,2025-10-18T17:26:19.6270000Z,FlyBall,v3,471300,,,"Harper, Dalton",1000115726,Right,NIA_COM,e4371008-81b5-4bff-9c08-78ac20ee49d3,55.59907,-106.04969,9.04771,5.39878,5.41405,-19.68986,-2.44279,0.91909,3.67054,147.647775,1.57888,64.40445,-18.78385,2.51682,2.00579,-1.49117,0.43835,-0.06052,0.00323,2.6864,82.35174,-24.89704,4.74723,-2.22284,0.77995,-0.14844,0.01363,-0.00047,-0.90363,-39.53179,1.64228,-0.76497,1.0803,-0.55548,0.13673,-0.01639,0.00077,,,,,,,,,,,,,,,,,,,,,,,High,High,High,High,Low,,,
170,2025-10-18,13:26:56.68,3,6,"Hadfield, Liam",10132317,Right,NIA_COM,"Clyne , Owen",1000230336,Left,GEO_PAT,Undefined,4,Bottom,1,2,2,Curveball,Curveball,InPlay,Undefined,FlyBall,Sacrifice,1,1,,71.75873,2.266883,-2.290671,2340.909456,44.878231,7:30,5.39522,2.44634,5.04189,-67.8733,-11.8226,-13.42816,1.88045,-0.83478,66.41427,-9.924071,-4.662087,0.538843,94.45863,30.393104,10.641843,3480.714416,108.35733,63.03152,18.93658,310.56784,310.56784,8.315298,5.229612,6.09209,-6.14709,-2.21614,50,5.55648,4.65541,-104.10776,1.88625,6.68382,17.53268,-38.91823,GEO_PAT,NIA_COM,SpuhlerFieldMain,TeamExclusive,Team,20251018-SpuhlerFieldMain-Private-1,a5ef8a40-ac47-11f0-ae3b-9b4a908d198a,69.95072,88.49766,,5.34446,,,,2.82362,2.17122,0.72966,e9589120-7e22-442b-894a-3d9ff1c37833,2025-10-18,17:26:56.68,2025-10-18T13:26:56.6890000-04:00,2025-10-18T17:26:56.6890000Z,FlyBall,v3,471300,,,"Harper, Dalton",1000115726,Right,NIA_COM,6ca67c03-c22d-400e-aa5c-c38ce2130799,55.46571,-105.0242,8.76634,5.40471,3.92052,-19.45911,-2.45034,4.30604,3.34191,174.223533,2.82509,117.4161,-27.8295,6.84697,-1.46555,0.29036,-0.04808,0.00518,-0.00025,2.17283,70.05695,-14.43737,-0.47659,0.57374,-0.24475,0.0576,-0.00691,0.00033,0.73028,22.05487,-7.03362,1.91785,-0.43079,0.08358,-0.0128,0.00127,-6E-05,,,,,,,,,,,,,,,,,,,,,,,High,High,High,High,Medium,,,
171,2025-10-18,13:27:34.90,4,1,"Hadfield, Liam",10132317,Right,NIA_COM,"Terilli, Lucas",1000469290,Left,GEO_PAT,Undefined,4,Bottom,2,0,0,Fastball,Four-Seam,StrikeCalled,Undefined,Undefined,Undefined,0,0,,86.11315,-1.035643,-2.861114,2016.462494,208.947585,1:00,5.29328,2.66032,5.84784,-19.18001,19.09092,9.79878,2.73121,0.81582,77.68735,-4.701964,-1.106956,0.445252,,,,,,,,,,,,-5.89406,10.4667,-2.43306,50,5.19785,5.82609,-124.76385,-2.79708,-9.16991,28.13871,-15.89012,GEO_PAT,NIA_COM,SpuhlerFieldMain,TeamExclusive,Team,20251018-SpuhlerFieldMain-Private-1,bca8cd00-ac47-11f0-ae3b-9b4a908d198a,84.65418,,,8.4258,,,,,,,e9589120-7e22-442b-894a-3d9ff1c37833,2025-10-18,17:27:34.90,2025-10-18T13:27:34.9050000-04:00,2025-10-18T17:27:34.9050000Z,,v3,471300,,,"Harper, Dalton",1000115726,Right,NIA_COM,f250bd25-5674-436b-bc01-4203ce4bdd24,54.65123,-125.8085,14.06936,5.29074,-2.20717,-7.94506,-2.65567,6.16652,-4.58495,,,,,,,,,,,,,,,,,,,,,,,,,,,,,,,,,,,,,,,,,,,,,,,,,,,High,High,High,,,,,
172,2025-10-18,13:27:46.90,4,2,"Hadfield, Liam",10132317,Right,NIA_COM,"Terilli, Lucas",1000469290,Left,GEO_PAT,Undefined,4,Bottom,2,0,1,Fastball,Changeup,BallCalled,Undefined,Undefined,Undefined,0,0,,86.73123,-0.388182,-2.93713,1972.959793,239.325082,2:00,5.01047,2.69544,5.71079,-26.65183,11.04638,16.46221,2.42733,1.32838,78.72646,-5.362528,0.004204,0.441908,,,,,,,,,,,,-9.20544,6.11028,-2.45946,50,4.96156,5.74707,-125.74171,-1.73775,-14.63451,27.17057,-22.4601,GEO_PAT,NIA_COM,SpuhlerFieldMain,TeamExclusive,Team,20251018-SpuhlerFieldMain-Private-1,c3ba3020-ac47-11f0-ae3b-9b4a908d198a,85.29478,,,8.00477,,,,,,,e9589120-7e22-442b-894a-3d9ff1c37833,2025-10-18,17:27:46.90,2025-10-18T13:27:46.9050000-04:00,2025-10-18T17:27:46.9050000Z,,v3,471300,,,"Harper, Dalton",1000115726,Right,NIA_COM,fc4b4521-648f-4a32-b2ce-20d23b61055a,54.78985,-126.77249,13.58528,5.01132,-0.88567,-11.23005,-2.68802,6.30227,-7.31725,,,,,,,,,,,,,,,,,,,,,,,,,,,,,,,,,,,,,,,,,,,,,,,,,,,High,High,High,,,,,
173,2025-10-18,13:27:58.52,4,3,"Hadfield, Liam",10132317,Right,NIA_COM,"Terilli, Lucas",1000469290,Left,GEO_PAT,Undefined,4,Bottom,2,1,1,Curveball,Curveball,BallCalled,Undefined,Undefined,Undefined,0,0,,72.04994,1.024343,-2.238642,2317.164962,40.101268,7:15,5.59167,2.40738,5.17199,-66.44889,-11.34595,-10.89012,1.01911,-0.60799,67.08848,-10.9036,-4.170146,0.534268,,,,,,,,,,,,4.88922,-5.61024,-2.18987,50,5.63538,4.48141,-104.64664,-0.28741,5.43533,17.24143,-38.41094,GEO_PAT,NIA_COM,SpuhlerFieldMain,TeamExclusive,Team,20251018-SpuhlerFieldMain-Private-1,cac77490-ac47-11f0-ae3b-9b4a908d198a,70.54973,,,4.96145,,,,,,,e9589120-7e22-442b-894a-3d9ff1c37833,2025-10-18,17:27:58.52,2025-10-18T13:27:58.5200000-04:00,2025-10-18T17:27:58.5200000Z,,v3,471300,,,"Harper, Dalton",1000115726,Right,NIA_COM,b2b522b7-de1d-4da1-aadc-b7413bfc69aa,55.3357,-105.52208,8.62072,5.60046,1.66292,-19.20547,-2.4104,4.20543,2.71767,,,,,,,,,,,,,,,,,,,,,,,,,,,,,,,,,,,,,,,,,,,,,,,,,,,High,High,High,,,,,
174,2025-10-18,13:28:11.42,4,4,"Hadfield, Liam",10132317,Right,NIA_COM,"Terilli, Lucas",1000469290,Left,GEO_PAT,Undefined,4,Bottom,2,2,1,Fastball,Changeup,BallCalled,Undefined,Undefined,Undefined,0,0,,85.65721,-1.263524,-4.545851,1944.978638,210.033309,1:00,5.43757,2.58763,5.5803,-21.741,16.92725,9.07607,2.4418,-0.91067,78.37858,-5.32964,-2.934412,0.447557,,,,,,,,,,,,-5.83063,9.2793,-2.20182,50,5.31447,9.47816,-124.00292,-3.42896,-9.09997,24.24939,-17.69168,GEO_PAT,NIA_COM,SpuhlerFieldMain,TeamExclusive,Team,20251018-SpuhlerFieldMain-Private-1,d2758ce0-ac47-11f0-ae3b-9b4a908d198a,84.21813,,,7.27863,,,,,,,e9589120-7e22-442b-894a-3d9ff1c37833,2025-10-18,17:28:11.42,2025-10-18T13:28:11.4260000-04:00,2025-10-18T17:28:11.4260000Z,,v3,471300,,,"Harper, Dalton",1000115726,Right,NIA_COM,6d0b2382-445c-44d7-86d9-2688f689906b,54.92108,-124.96156,12.1247,5.4362,-2.72956,-8.84584,-2.58363,9.8379,-4.54998,,,,,,,,,,,,,,,,,,,,,,,,,,,,,,,,,,,,,,,,,,,,,,,,,,,High,High,High,,,,,
175,2025-10-18,13:28:23.76,4,5,"Hadfield, Liam",10132317,Right,NIA_COM,"Terilli, Lucas",1000469290,Left,GEO_PAT,Undefined,4,Bottom,2,3,1,Fastball,Changeup,BallCalled,Walk,Undefined,Undefined,0,0,,84.24263,-1.892418,-4.505677,1876.262349,231.911211,1:45,5.16514,2.67924,6.10357,-26.41923,12.97308,14.87009,1.20729,-0.25723,76.86326,-6.844179,-1.835671,0.451728,,,,,,,,,,,,-9.03713,7.63347,-2.34,50,5.0052,9.04827,-121.9988,-4.8277,-13.56466,24.91426,-20.71627,GEO_PAT,NIA_COM,SpuhlerFieldMain,TeamExclusive,Team,20251018-SpuhlerFieldMain-Private-1,d9ccd2a0-ac47-11f0-ae3b-9b4a908d198a,83.44053,,,7.37937,,,,,,,e9589120-7e22-442b-894a-3d9ff1c37833,2025-10-18,17:28:23.76,2025-10-18T13:28:23.7600000-04:00,2025-10-18T17:28:23.7600000Z,,v3,471300,,,"Harper, Dalton",1000115726,Right,NIA_COM,a9922592-5377-41d4-b7c5-b5856b252b22,54.3992,-122.89391,12.45713,5.16528,-4.08342,-10.35813,-2.67384,9.53562,-6.78233,,,,,,,,,,,,,,,,,,,,,,,,,,,,,,,,,,,,,,,,,,,,,,,,,,,High,High,High,,,,,
176,2025-10-18,13:28:53.70,5,1,"Hadfield, Liam",10132317,Right,NIA_COM,"Alberti, Lucas",1000145512,Right,GEO_PAT,Undefined,4,Bottom,2,0,0,ChangeUp,Changeup,BallCalled,Undefined,Undefined,Undefined,0,0,,81.43971,1.278407,-2.301237,1768.357236,228.543994,1:30,5.25215,2.19309,5.88898,-28.18025,14.15635,14.45713,4.09207,1.2598,74.01455,-4.016111,0.290186,0.468306,,,,,,,,,,,,-7.99469,7.28256,-2.01542,50,5.33922,4.17259,-118.13982,1.80259,-11.25433,23.3345,-21.92218,GEO_PAT,NIA_COM,SpuhlerFieldMain,TeamExclusive,Team,20251018-SpuhlerFieldMain-Private-1,eb8b8450-ac47-11f0-ae3b-9b4a908d198a,80.48683,,,7.42516,,,,,,,e9589120-7e22-442b-894a-3d9ff1c37833,2025-10-18,17:28:53.70,2025-10-18T13:28:53.7080000-04:00,2025-10-18T17:28:53.7080000Z,,v3,471300,,,"Harper, Dalton",1000115726,Right,NIA_COM,138b1670-6089-4274-8cf3-799338290e89,54.6105,-119.04699,11.66725,5.25257,2.65485,-10.96109,-2.18614,4.61011,-5.62717,,,,,,,,,,,,,,,,,,,,,,,,,,,,,,,,,,,,,,,,,,,,,,,,,,,High,High,High,,,,,
177,2025-10-18,13:29:12.70,5,2,"Hadfield, Liam",10132317,Right,NIA_COM,"Alberti, Lucas",1000145512,Right,GEO_PAT,Undefined,4,Bottom,2,1,0,ChangeUp,Changeup,FoulBallNotFieldable,Undefined,Undefined,Undefined,0,0,,79.77134,0.048758,-3.846669,1779.452587,209.134741,1:00,5.17803,2.38481,5.90101,-25.28001,18.69166,9.64544,3.11674,-0.38794,72.94049,-4.711784,-2.121514,0.477263,84.30169,74.249666,46.020414,5621.093287,,,,,83.13018,,,-6.03701,9.98981,-2.08067,50,5.16754,7.4214,-115.67006,-0.6074,-8.18691,21.38128,-18.62666,GEO_PAT,NIA_COM,SpuhlerFieldMain,TeamExclusive,Team,20251018-SpuhlerFieldMain-Private-1,f6fe45c0-ac47-11f0-ae3b-9b4a908d198a,78.97622,121.26526,,6.83085,,,,2.07318,2.48674,-0.50499,e9589120-7e22-442b-894a-3d9ff1c37833,2025-10-18,17:29:12.70,2025-10-18T13:29:12.7090000-04:00,2025-10-18T17:29:12.7090000Z,,v3,471300,,,"Harper, Dalton",1000115726,Right,NIA_COM,0b98482c-2fbb-4e86-b0d2-4c953618c0a9,54.60119,-116.51747,10.69064,5.17698,0.13084,-9.31333,-2.38123,7.74588,-4.09345,,2.07321,23.30034,-15.57719,5.0874,-0.80214,0.04349,-0.14666,0.12106,-0.02785,2.48674,119.00097,-30.19634,3.88031,-0.82971,0.26822,-0.09463,0.01893,-0.00119,-0.50499,24.15048,-4.40255,1.0379,-0.16972,0.0374,-0.03169,0.01772,-0.00358,,,,,,,,,,,,,,,,,,,,,,,High,High,High,Medium,Undefined,,,
178,2025-10-18,13:29:50.11,5,3,"Hadfield, Liam",10132317,Right,NIA_COM,"Alberti, Lucas",1000145512,Right,GEO_PAT,Undefined,4,Bottom,2,1,1,ChangeUp,Changeup,BallCalled,Undefined,Undefined,Undefined,0,0,,80.05937,2.090617,-3.827639,1846.782061,226.434588,1:30,5.21947,2.12084,5.80844,-29.84419,14.10335,13.35922,4.68192,-0.33088,72.86728,-3.491576,-1.443079,0.477132,,,,,,,,,,,,-7.83902,7.02378,-1.81418,50,5.37376,7.23626,-115.95499,3.35447,-10.67114,21.71407,-22.61272,GEO_PAT,NIA_COM,SpuhlerFieldMain,TeamExclusive,Team,20251018-SpuhlerFieldMain-Private-1,0d311a70-ac48-11f0-ae3b-9b4a908d198a,78.99788,,,7.19209,,,,,,,e9589120-7e22-442b-894a-3d9ff1c37833,2025-10-18,17:29:50.11,2025-10-18T13:29:50.1190000-04:00,2025-10-18T17:29:50.1190000Z,,v3,471300,,,"Harper, Dalton",1000115726,Right,NIA_COM,1a3fa378-4cdf-44f0-90f2-95d6c12636cc,54.69183,-116.83029,10.85704,5.22017,4.26599,-11.30636,-2.11455,7.66642,-5.33557,,,,,,,,,,,,,,,,,,,,,,,,,,,,,,,,,,,,,,,,,,,,,,,,,,,High,High,High,,,,,
179,2025-10-18,13:30:04.55,5,4,"Hadfield, Liam",10132317,Right,NIA_COM,"Alberti, Lucas",1000145512,Right,GEO_PAT,Undefined,4,Bottom,2,2,1,ChangeUp,Changeup,FoulBallNotFieldable,Undefined,Undefined,Undefined,0,0,,78.90095,0.313801,-4.260613,1707.497026,255.379952,2:30,5.0702,2.315,6.13535,-38.76931,5.83406,16.93584,2.13028,-0.21898,72.28599,-6.885089,-1.215679,0.480679,75.07816,-38.207894,-45.843216,,,,,4.99417,4.99417,-22.101449,0.03328,-10.00028,3.31776,-1.99805,50,5.07396,7.92482,-114.42813,-0.51262,-13.25513,21.17475,-27.77643,GEO_PAT,NIA_COM,SpuhlerFieldMain,TeamExclusive,Team,20251018-SpuhlerFieldMain-Private-1,15de5340-ac48-11f0-ae3b-9b4a908d198a,78.41499,2.27317,,6.61496,,,,2.61544,2.27317,0.19282,e9589120-7e22-442b-894a-3d9ff1c37833,2025-10-18,17:30:04.55,2025-10-18T13:30:04.5540000-04:00,2025-10-18T17:30:04.5540000Z,GroundBall,v3,471300,,,"Harper, Dalton",1000115726,Right,NIA_COM,495a9534-be38-49b2-8c74-055ea3862bfc,54.36857,-115.23369,10.58737,5.07337,0.54409,-13.88822,-2.30913,8.42909,-6.62757,,2.6145,60.4493,,,,,,,,2.27423,-68.30425,,,,,,,,0.19378,-62.25526,,,,,,,,,,,,,,,,,,,,,,,,,,,,,,High,High,High,Estimated,Estimated,,,
180,2025-10-18,13:30:34.03,5,5,"Hadfield, Liam",10132317,Right,NIA_COM,"Alberti, Lucas",1000145512,Right,GEO_PAT,Undefined,4,Bottom,2,2,2,Curveball,Curveball,StrikeSwinging,Strikeout,Undefined,Undefined,0,0,,67.71359,3.669346,-1.744518,2121.973131,56.971301,8:00,5.45889,2.0475,4.7527,-72.39445,-7.90111,-15.4893,2.91248,-0.89832,61.78672,-9.350722,-4.462289,0.578001,,,,,,,,,,,,7.03178,-4.35421,-1.85766,50,5.76422,3.55686,-97.9436,3.94195,6.75326,17.10388,-36.35578,GEO_PAT,NIA_COM,SpuhlerFieldMain,TeamExclusive,Team,20251018-SpuhlerFieldMain-Private-1,276ef010-ac48-11f0-ae3b-9b4a908d198a,65.21167,,,5.92686,,,,,,,e9589120-7e22-442b-894a-3d9ff1c37833,2025-10-18,17:30:34.03,2025-10-18T13:30:34.0320000-04:00,2025-10-18T17:30:34.0320000Z,,v3,471300,,,"Harper, Dalton",1000115726,Right,NIA_COM,ed050ae8-014c-4f93-898a-2b07dab2a47e,55.7517,-98.94292,8.55194,5.47185,6.06609,-18.17789,-2.05395,3.16229,3.37663,,,,,,,,,,,,,,,,,,,,,,,,,,,,,,,,,,,,,,,,,,,,,,,,,,,High,High,High,,,,,
181,2025-10-18,13:33:33.51,1,1,"Kelsey, Carter",1000469297,Right,GEO_PAT,"Farber, Ian",10961307,Right,NIA_COM,Undefined,5,Top,0,0,0,Fastball,Four-Seam,StrikeCalled,Undefined,Undefined,Undefined,0,0,,91.11894,-2.387579,-2.025769,2052.665697,208.571656,1:00,6.1789,2.20016,5.7671,-19.39005,14.19957,7.19374,2.33823,0.91344,84.0471,-6.005214,-0.738073,0.417133,,,,,,,,,,,,-4.18827,8.15764,-2.03685,50,5.96925,4.36869,-132.2942,-6.16189,-7.48708,25.92695,-17.5912,GEO_PAT,NIA_COM,SpuhlerFieldMain,TeamExclusive,Team,20251018-SpuhlerFieldMain-Private-1,926b1740-ac48-11f0-ae3b-9b4a908d198a,90.3608,,,7.07184,,,,,,,e9589120-7e22-442b-894a-3d9ff1c37833,2025-10-18,17:33:33.51,2025-10-18T13:33:33.5140000-04:00,2025-10-18T17:33:33.5140000Z,,v3,471300,,,"Vaughan, Logan",1000232024,Right,GEO_PAT,92f28ef9-d01d-4896-a500-b605c09aec6b,54.73546,-133.21902,12.96347,6.17786,-5.53441,-8.7956,-2.19745,4.63575,-3.74354,,,,,,,,,,,,,,,,,,,,,,,,,,,,,,,,,,,,,,,,,,,,,,,,,,,High,High,High,,,,,
182,2025-10-18,13:33:49.55,1,2,"Kelsey, Carter",1000469297,Right,GEO_PAT,"Farber, Ian",10961307,Right,NIA_COM,Undefined,5,Top,0,0,1,Fastball,Four-Seam,StrikeSwinging,Undefined,Undefined,Undefined,0,0,,91.4495,-3.065615,-2.766024,2107.767766,215.544911,1:15,6.03802,2.19015,5.86049,-18.71347,14.62954,9.73347,1.62431,0.42941,84.25286,-6.565265,-1.021829,0.415598,,,,,,,,,,,,-5.72111,8.59843,-1.97137,50,5.77781,5.99533,-132.64229,-7.71848,-10.26343,26.5248,-16.74883,GEO_PAT,NIA_COM,SpuhlerFieldMain,TeamExclusive,Team,20251018-SpuhlerFieldMain-Private-1,9bf84fd0-ac48-11f0-ae3b-9b4a908d198a,90.69439,,,7.19664,,,,,,,e9589120-7e22-442b-894a-3d9ff1c37833,2025-10-18,17:33:49.55,2025-10-18T13:33:49.5560000-04:00,2025-10-18T17:33:49.5560000Z,,v3,471300,,,"Vaughan, Logan",1000232024,Right,GEO_PAT,6c3ae085-ecca-447f-9591-159f537b3fda,54.64269,-133.56748,13.2624,6.03684,-7.13428,-8.37442,-2.18673,6.35331,-5.13171,,,,,,,,,,,,,,,,,,,,,,,,,,,,,,,,,,,,,,,,,,,,,,,,,,,High,High,High,,,,,
183,2025-10-18,13:34:08.01,1,3,"Kelsey, Carter",1000469297,Right,GEO_PAT,"Farber, Ian",10961307,Right,NIA_COM,Undefined,5,Top,0,0,2,Fastball,Four-Seam,InPlay,Undefined,FlyBall,Out,1,0,,90.68547,-2.381864,-3.440604,2092.110082,208.034585,1:00,6.11932,2.19798,5.60586,-18.58855,15.70206,7.80276,2.34144,-0.36756,83.35011,-5.855636,-2.051077,0.421463,70.97313,34.956321,-18.354509,4019.144585,99.57574,54.9263,-46.74014,211.07701,207.3698,-31.246437,3.957975,-4.87044,8.90953,-1.9084,50,5.90308,7.56194,-131.44833,-6.09377,-8.57152,26.33389,-16.4941,GEO_PAT,NIA_COM,SpuhlerFieldMain,TeamExclusive,Team,20251018-SpuhlerFieldMain-Private-1,a6f87950-ac48-11f0-ae3b-9b4a908d198a,89.43246,55.49779,,7.33536,,,,1.36546,2.37636,0.34181,e9589120-7e22-442b-894a-3d9ff1c37833,2025-10-18,17:34:08.01,2025-10-18T13:34:08.0100000-04:00,2025-10-18T17:34:08.0100000Z,FlyBall,v3,471300,,,"Vaughan, Logan",1000232024,Right,GEO_PAT,e61343a4-2fb3-4c89-9778-af9a4c5176e0,54.89671,-132.42569,13.16695,6.11788,-5.4816,-8.24705,-2.19496,7.88007,-4.28576,143.92636,1.36602,80.96116,-18.9404,4.77086,-1.0334,0.21734,-0.0507,0.00921,-0.00072,2.37726,59.61216,-18.0349,0.406,0.52669,-0.35162,0.1175,-0.01939,0.00124,0.34179,-26.8646,-2.34906,1.43668,-0.48934,0.12878,-0.02671,0.00361,-0.00022,,,,,,,,,,,,,,,,,,,,,,,High,High,High,High,Medium,,,
184,2025-10-18,13:34:42.38,2,1,"Kelsey, Carter",1000469297,Right,GEO_PAT,"Gravelle, Cameron",10005014,Left,NIA_COM,Undefined,5,Top,1,0,0,Splitter,Changeup,BallCalled,Undefined,Undefined,Undefined,0,0,,83.05194,-3.471758,-1.512371,1498.218986,196.659826,12:30,6.02433,2.05521,5.73541,-27.33474,13.4654,3.64299,0.50821,0.95005,76.50133,-8.516866,-0.85976,0.459729,,,,,,,,,,,,-2.28587,8.20481,-1.9315,50,5.7178,3.03757,-120.41849,-8.16975,-3.36137,23.06106,-20.10887,GEO_PAT,NIA_COM,SpuhlerFieldMain,TeamExclusive,Team,20251018-SpuhlerFieldMain-Private-1,bb781fc0-ac48-11f0-ae3b-9b4a908d198a,81.9883,,,6.55061,,,,,,,e9589120-7e22-442b-894a-3d9ff1c37833,2025-10-18,17:34:42.38,2025-10-18T13:34:42.3810000-04:00,2025-10-18T17:34:42.3810000Z,,v3,471300,,,"Vaughan, Logan",1000232024,Right,GEO_PAT,f885c2a6-8100-4f07-b908-8dd0367baec0,54.76709,-121.32799,11.53053,6.02436,-7.37669,-10.05444,-2.05391,3.17014,-1.68069,,,,,,,,,,,,,,,,,,,,,,,,,,,,,,,,,,,,,,,,,,,,,,,,,,,High,High,High,,,,,
185,2025-10-18,13:35:00.10,2,2,"Kelsey, Carter",1000469297,Right,GEO_PAT,"Gravelle, Cameron",10005014,Left,NIA_COM,Undefined,5,Top,1,1,0,Fastball,Four-Seam,BallCalled,Undefined,Undefined,Undefined,0,0,,91.78004,-1.357426,-1.579382,2082.061636,205.857932,12:45,6.11172,2.16536,5.95182,-18.41458,14.56796,6.5704,3.31746,1.24766,84.15845,-4.829035,-0.39906,0.413346,,,,,,,,,,,,-3.77929,8.14363,-2.04327,50,5.99326,3.38996,-133.31483,-3.7403,-6.82649,27.67443,-17.46423,GEO_PAT,NIA_COM,SpuhlerFieldMain,TeamExclusive,Team,20251018-SpuhlerFieldMain-Private-1,c5e976c0-ac48-11f0-ae3b-9b4a908d198a,91.18868,,,7.6216,,,,,,,e9589120-7e22-442b-894a-3d9ff1c37833,2025-10-18,17:35:00.10,2025-10-18T13:35:00.1050000-04:00,2025-10-18T17:35:00.1050000Z,,v3,471300,,,"Vaughan, Logan",1000232024,Right,GEO_PAT,637ace52-eeee-4bc6-ab42-44067230f8ab,54.54913,-134.25584,13.83722,6.11035,-3.14646,-8.73211,-2.16249,3.62208,-3.41324,,,,,,,,,,,,,,,,,,,,,,,,,,,,,,,,,,,,,,,,,,,,,,,,,,,High,High,High,,,,,
186,2025-10-18,13:35:17.22,2,3,"Kelsey, Carter",1000469297,Right,GEO_PAT,"Gravelle, Cameron",10005014,Left,NIA_COM,Undefined,5,Top,1,2,0,Fastball,Four-Seam,StrikeCalled,Undefined,Undefined,Undefined,0,0,,91.46001,-2.463936,-3.693233,2108.007849,207.094089,1:00,6.08602,2.03527,6.05251,-18.27906,14.74194,7.05044,2.27566,-0.80088,84.44385,-5.894967,-2.427758,0.413587,,,,,,,,,,,,-4.57146,8.52343,-1.75139,50,5.88388,8.27241,-132.67203,-6.29032,-8.23028,25.70525,-16.82883,GEO_PAT,NIA_COM,SpuhlerFieldMain,TeamExclusive,Team,20251018-SpuhlerFieldMain-Private-1,d038c6d0-ac48-11f0-ae3b-9b4a908d198a,91.13555,,,7.01616,,,,,,,e9589120-7e22-442b-894a-3d9ff1c37833,2025-10-18,17:35:17.22,2025-10-18T13:35:17.2280000-04:00,2025-10-18T17:35:17.2280000Z,,v3,471300,,,"Vaughan, Logan",1000232024,Right,GEO_PAT,cba0b3f1-af23-49d3-81e1-8b48116c5a15,54.45073,-133.53158,12.85263,6.08481,-5.72759,-8.41441,-2.03261,8.54762,-4.11514,,,,,,,,,,,,,,,,,,,,,,,,,,,,,,,,,,,,,,,,,,,,,,,,,,,High,High,High,,,,,
187,2025-10-18,13:35:36.76,2,4,"Kelsey, Carter",1000469297,Right,GEO_PAT,"Gravelle, Cameron",10005014,Left,NIA_COM,Undefined,5,Top,1,2,1,Fastball,Four-Seam,BallCalled,Undefined,Undefined,Undefined,0,0,,90.68779,-1.780534,-1.68621,2058.522641,192.44853,12:30,6.09093,2.1433,5.75289,-14.75997,19.61718,4.07355,3.20207,0.91251,82.35405,-4.612285,-0.957478,0.421994,,,,,,,,,,,,-2.5598,10.83595,-2.00573,50,5.93409,3.69009,-131.51572,-4.50489,-4.45708,29.41891,-13.30683,GEO_PAT,NIA_COM,SpuhlerFieldMain,TeamExclusive,Team,20251018-SpuhlerFieldMain-Private-1,dbc774b0-ac48-11f0-ae3b-9b4a908d198a,89.31984,,,8.33374,,,,,,,e9589120-7e22-442b-894a-3d9ff1c37833,2025-10-18,17:35:36.76,2025-10-18T13:35:36.7640000-04:00,2025-10-18T17:35:36.7640000Z,,v3,471300,,,"Vaughan, Logan",1000232024,Right,GEO_PAT,c0124af8-51b9-409b-8f0d-a2953044acc5,54.74638,-132.57319,14.70946,6.08742,-4.02657,-6.65342,-2.14125,3.8503,-2.22854,,,,,,,,,,,,,,,,,,,,,,,,,,,,,,,,,,,,,,,,,,,,,,,,,,,High,High,High,,,,,
188,2025-10-18,13:35:55.14,2,5,"Kelsey, Carter",1000469297,Right,GEO_PAT,"Gravelle, Cameron",10005014,Left,NIA_COM,Undefined,5,Top,1,3,1,Fastball,Four-Seam,StrikeSwinging,Undefined,Undefined,Undefined,0,0,,92.03006,-3.38233,-4.094142,2158.403167,195.383324,12:30,6.02774,2.21393,6.0026,-14.12698,19.03127,4.93248,1.70474,-1.17515,83.94469,-6.086451,-3.210884,0.414445,,,,,,,,,,,,-3.72654,11.1106,-1.89409,50,5.75302,9.32332,-133.15756,-8.28364,-6.67102,29.38092,-12.28451,GEO_PAT,NIA_COM,SpuhlerFieldMain,TeamExclusive,Team,20251018-SpuhlerFieldMain-Private-1,e6cb95d0-ac48-11f0-ae3b-9b4a908d198a,90.94673,,,8.08538,,,,,,,e9589120-7e22-442b-894a-3d9ff1c37833,2025-10-18,17:35:55.14,2025-10-18T13:35:55.1420000-04:00,2025-10-18T17:35:55.1420000Z,,v3,471300,,,"Vaughan, Logan",1000232024,Right,GEO_PAT,76f075ae-ed93-49c7-8101-fbd547b981a4,54.49948,-134.14669,14.69046,6.02493,-7.87008,-6.14226,-2.21174,9.5479,-3.33551,,,,,,,,,,,,,,,,,,,,,,,,,,,,,,,,,,,,,,,,,,,,,,,,,,,High,High,High,,,,,
189,2025-10-18,13:36:16.34,2,6,"Kelsey, Carter",1000469297,Right,GEO_PAT,"Gravelle, Cameron",10005014,Left,NIA_COM,Undefined,5,Top,1,3,2,Fastball,Four-Seam,InPlay,Undefined,FlyBall,Out,1,0,,91.94942,-2.835836,-3.598054,2122.681993,212.100034,1:00,6.1016,2.03135,6.14069,-15.16434,17.58332,10.3904,2.20972,-0.43246,84.36818,-5.726252,-1.729563,0.411871,94.30307,43.475829,12.14854,3630.603485,108.15757,104.52148,20.04823,270.465,153.5251,8.465228,5.945015,-6.37918,10.18764,-1.76212,50,5.87688,7.95888,-133.31927,-7.05086,-11.52501,27.63988,-13.76846,GEO_PAT,NIA_COM,SpuhlerFieldMain,TeamExclusive,Team,20251018-SpuhlerFieldMain-Private-1,f3726a70-ac48-11f0-ae3b-9b4a908d198a,91.51507,128.90691,,7.58124,,,,2.06597,2.49107,0.65324,e9589120-7e22-442b-894a-3d9ff1c37833,2025-10-18,17:36:16.34,2025-10-18T13:36:16.3490000-04:00,2025-10-18T17:36:16.3490000Z,FlyBall,v3,471300,,,"Vaughan, Logan",1000232024,Right,GEO_PAT,fcd9b152-46d6-40a4-a371-35f1c8cb38ec,54.36284,-134.22073,13.81994,6.09952,-6.60181,-6.88423,-2.02782,8.33477,-5.7625,173.992821,2.07327,97.98294,-27.76332,7.53752,-1.42049,0.17334,-0.01207,0.00046,-1E-05,2.4899,95.17802,-19.77278,0.18024,0.53697,-0.23348,0.05254,-0.0061,0.00028,0.65525,21.08265,-8.43304,2.56538,-0.54232,0.07679,-0.00644,0.00027,-0,,,,,,,,,,,,,,,,,,,,,,,High,High,High,High,Low,,,
190,2025-10-18,13:36:50.13,3,1,"Kelsey, Carter",1000469297,Right,GEO_PAT,"Rossano, Cooper",10108170,Right,NIA_COM,Undefined,5,Top,2,0,0,Fastball,Four-Seam,StrikeCalled,Undefined,Undefined,Undefined,0,0,,92.22611,-2.436817,-3.8277,2203.257392,213.36089,1:00,6.15805,2.20689,6.13507,-16.7791,15.66942,9.67741,2.50106,-0.52984,84.90105,-5.609414,-2.088315,0.409986,,,,,,,,,,,,-5.96989,9.01989,-1.91907,50,5.96258,8.54082,-133.74341,-6.20529,-10.90024,26.66849,-15.70494,GEO_PAT,NIA_COM,SpuhlerFieldMain,TeamExclusive,Team,20251018-SpuhlerFieldMain-Private-1,079d6130-ac49-11f0-ae3b-9b4a908d198a,91.93596,,,7.32506,,,,,,,e9589120-7e22-442b-894a-3d9ff1c37833,2025-10-18,17:36:50.13,2025-10-18T13:36:50.1340000-04:00,2025-10-18T17:36:50.1340000Z,,v3,471300,,,"Vaughan, Logan",1000232024,Right,GEO_PAT,32974800-9e40-48cd-81f7-e9ea95f28a13,54.36724,-134.61142,13.33424,6.15623,-5.69412,-7.85247,-2.20283,8.8956,-5.45012,,,,,,,,,,,,,,,,,,,,,,,,,,,,,,,,,,,,,,,,,,,,,,,,,,,High,High,High,,,,,
191,2025-10-18,13:37:06.28,3,2,"Kelsey, Carter",1000469297,Right,GEO_PAT,"Rossano, Cooper",10108170,Right,NIA_COM,Undefined,5,Top,2,0,1,Fastball,Four-Seam,BallCalled,Undefined,Undefined,Undefined,0,0,,91.57964,-3.759704,-3.430452,2184.097784,211.714612,1:00,6.08469,2.04332,6.16024,-16.34832,16.73131,9.69174,1.23768,-0.32206,84.04246,-6.857361,-1.686007,0.413954,,,,,,,,,,,,-5.95563,10.00209,-1.78752,50,5.78987,7.55288,-132.656,-9.20637,-10.6425,27.63014,-14.30064,GEO_PAT,NIA_COM,SpuhlerFieldMain,TeamExclusive,Team,20251018-SpuhlerFieldMain-Private-1,113c7410-ac49-11f0-ae3b-9b4a908d198a,91.05475,,,7.53719,,,,,,,e9589120-7e22-442b-894a-3d9ff1c37833,2025-10-18,17:37:06.28,2025-10-18T13:37:06.2850000-04:00,2025-10-18T17:37:06.2850000Z,,v3,471300,,,"Vaughan, Logan",1000232024,Right,GEO_PAT,52dfa558-98b0-4628-84ac-dfd304716301,54.3423,-133.55736,13.81507,6.0826,-8.73985,-7.15032,-2.03958,7.90007,-5.32125,,,,,,,,,,,,,,,,,,,,,,,,,,,,,,,,,,,,,,,,,,,,,,,,,,,High,High,High,,,,,
192,2025-10-18,13:37:27.17,3,3,"Kelsey, Carter",1000469297,Right,GEO_PAT,"Rossano, Cooper",10108170,Right,NIA_COM,Undefined,5,Top,2,1,1,Fastball,Four-Seam,InPlay,Undefined,Popup,Out,1,0,,91.35493,-2.591671,-2.462693,2143.5002,216.348212,1:15,6.08146,2.2123,5.72795,-17.56115,16.01611,11.03209,2.20028,0.83648,83.99571,-5.887433,-0.49027,0.417056,51.20635,35.273974,15.921243,3929.273741,,,,133.47088,126.66366,23.704994,2.926075,-6.29233,9.15902,-2.0137,50,5.85409,5.22422,-132.55202,-6.57362,-11.25951,26.8042,-15.78485,GEO_PAT,NIA_COM,SpuhlerFieldMain,TeamExclusive,Team,20251018-SpuhlerFieldMain-Private-1,1daa5e60-ac49-11f0-ae3b-9b4a908d198a,90.37747,31.7981,,7.35921,,,,0.80943,2.17728,-0.82344,e9589120-7e22-442b-894a-3d9ff1c37833,2025-10-18,17:37:27.17,2025-10-18T13:37:27.1700000-04:00,2025-10-18T17:37:27.1700000Z,LineDrive,v3,471300,,,"Vaughan, Logan",1000232024,Right,GEO_PAT,2409f198-669e-4d2d-a45a-c7bffe00c283,54.77517,-133.51414,13.4021,6.07988,-6.00703,-7.89242,-2.20847,5.62838,-5.62976,209.539905,0.80925,58.96937,-10.30084,2.50235,-0.68721,0.25945,-0.0893,0.01792,-0.00145,2.17743,43.36453,-16.82447,0.7461,0.03974,-0.10847,0.04685,-0.00853,0.00054,-0.8234,16.81797,0.91042,-0.16249,0.05232,-0.03026,0.01255,-0.0026,0.00021,,,,,,,,,,,,,,,,,,,,,,,High,High,High,High,High,,,
193,2025-10-18,13:40:08.78,1,1,"Putney, Ashton",10276552,Right,NIA_COM,"Butler, Jake",1000136500,Right,GEO_PAT,Undefined,5,Bottom,0,0,0,Fastball,Sinker,StrikeCalled,Undefined,Undefined,Undefined,0,0,,87.71333,-0.406437,-3.345807,2049.256701,237.953521,2:00,5.56665,1.90013,6.09576,-23.976,11.85725,17.24654,3.19205,0.23903,80.67336,-4.897351,-0.243996,0.430838,,,,,,,,,,,,-9.73001,6.55118,-1.65089,50,5.52252,6.74834,-127.38742,-1.6533,-16.10944,24.31321,-21.32762,GEO_PAT,NIA_COM,SpuhlerFieldMain,TeamExclusive,Team,20251018-SpuhlerFieldMain-Private-1,7de6c070-ac49-11f0-ae3b-9b4a908d198a,87.48624,,,7.03997,,,,,,,e9589120-7e22-442b-894a-3d9ff1c37833,2025-10-18,17:40:08.78,2025-10-18T13:40:08.7890000-04:00,2025-10-18T17:40:08.7890000Z,,v3,471300,,,"Harper, Dalton",1000115726,Right,NIA_COM,3d3cbc11-354b-4144-a9eb-cc33badea747,54.4072,-128.22582,12.15661,5.56685,-0.91785,-10.66381,-1.89318,7.30385,-8.05472,,,,,,,,,,,,,,,,,,,,,,,,,,,,,,,,,,,,,,,,,,,,,,,,,,,High,High,High,,,,,
194,2025-10-18,13:40:23.92,1,2,"Putney, Ashton",10276552,Right,NIA_COM,"Butler, Jake",1000136500,Right,GEO_PAT,Undefined,5,Bottom,0,0,1,Fastball,Sinker,InPlay,Undefined,Bunt,Single,0,0,,89.1064,-0.778534,-1.958971,2063.881792,233.511107,1:45,5.65426,1.69342,6.19973,-22.46816,12.04934,14.92296,3.06273,1.12784,82.05519,-4.997621,0.734535,0.422854,46.21756,-51.562346,-156.930179,,,,,3.75332,3.75332,-34.828204,0.063539,-8.35272,6.76335,-1.55384,50,5.58418,3.85724,-129.59411,-2.45524,-14.29482,25.47776,-20.59929,GEO_PAT,NIA_COM,SpuhlerFieldMain,TeamExclusive,Team,20251018-SpuhlerFieldMain-Private-1,87061c00-ac49-11f0-ae3b-9b4a908d198a,89.1381,3.4127,,7.05121,,,,,,,e9589120-7e22-442b-894a-3d9ff1c37833,2025-10-18,17:40:23.92,2025-10-18T13:40:23.9290000-04:00,2025-10-18T17:40:23.9290000Z,GroundBall,v3,471300,,,"Harper, Dalton",1000115726,Right,NIA_COM,4fa5bf99-7ab6-45f0-abb0-4a6bb6c150b7,54.30519,-130.43775,12.73888,5.65419,-1.77314,-10.29965,-1.6894,4.33058,-7.14741,,5.57749,-39.21875,,,,,,,,3.41899,-53.71033,,,,,,,,-1.08029,-16.70381,,,,,,,,,,,,,,,,,,,,,,,,,,,,,,High,High,High,Estimated,Estimated,,,
195,2025-10-18,13:40:57.31,2,1,"Putney, Ashton",10276552,Right,NIA_COM,"Westley, Matthew",824016,Right,GEO_PAT,Undefined,5,Bottom,0,0,0,Fastball,Sinker,BallCalled,Undefined,Undefined,Undefined,0,0,,87.98497,-1.675781,-5.456654,2117.394207,242.742375,2:00,5.65097,1.84534,6.26523,-26.08686,9.80725,16.75048,1.92449,-1.8052,80.34618,-6.562002,-2.446464,0.431204,,,,,,,,,,,,-10.20485,5.9213,-1.44763,50,5.51348,11.49172,-127.30385,-4.54653,-16.72768,26.41077,-22.4679,GEO_PAT,NIA_COM,SpuhlerFieldMain,TeamExclusive,Team,20251018-SpuhlerFieldMain-Private-1,9af409c0-ac49-11f0-ae3b-9b4a908d198a,87.41204,,,7.63879,,,,,,,e9589120-7e22-442b-894a-3d9ff1c37833,2025-10-18,17:40:57.31,2025-10-18T13:40:57.3130000-04:00,2025-10-18T17:40:57.3130000Z,,v3,471300,,,"Harper, Dalton",1000115726,Right,NIA_COM,cafee5ee-f587-4e9f-b04b-7114f2d3cfe6,54.23694,-128.17984,13.20538,5.65192,-3.80131,-11.23395,-1.838,12.04654,-8.36384,,,,,,,,,,,,,,,,,,,,,,,,,,,,,,,,,,,,,,,,,,,,,,,,,,,High,High,High,,,,,
196,2025-10-18,13:41:14.50,2,2,"Putney, Ashton",10276552,Right,NIA_COM,"Westley, Matthew",824016,Right,GEO_PAT,Undefined,5,Bottom,0,1,0,Fastball,Changeup,BallCalled,Undefined,Undefined,Undefined,0,0,,86.01701,-1.213174,-5.599072,2027.27591,230.520403,1:45,5.49646,2.11033,6.26747,-23.646,13.68091,15.20737,2.40191,-1.80112,78.9304,-5.660098,-2.869284,0.439726,,,,,,,,,,,,-9.34969,7.77359,-1.70154,50,5.39449,11.61813,-124.51509,-3.3354,-14.7602,23.69763,-19.90197,GEO_PAT,NIA_COM,SpuhlerFieldMain,TeamExclusive,Team,20251018-SpuhlerFieldMain-Private-1,a51ac330-ac49-11f0-ae3b-9b4a908d198a,85.71794,,,7.08661,,,,,,,e9589120-7e22-442b-894a-3d9ff1c37833,2025-10-18,17:41:14.50,2025-10-18T13:41:14.5010000-04:00,2025-10-18T17:41:14.5010000Z,,v3,471300,,,"Harper, Dalton",1000115726,Right,NIA_COM,d160c6bf-dcea-4a57-992a-4cab28468b46,54.23505,-125.31851,11.84882,5.49613,-2.66067,-9.95098,-2.10391,12.11855,-7.3801,,,,,,,,,,,,,,,,,,,,,,,,,,,,,,,,,,,,,,,,,,,,,,,,,,,High,High,High,,,,,
197,2025-10-18,13:41:29.52,2,3,"Putney, Ashton",10276552,Right,NIA_COM,"Westley, Matthew",824016,Right,GEO_PAT,Undefined,5,Bottom,0,2,0,Fastball,Changeup,InPlay,Undefined,GroundBall,Single,0,0,,86.37636,-0.786849,-3.601195,2108.873157,234.573045,1:45,5.47287,2.29635,6.22377,-23.33497,13.398,17.32316,2.80074,0.41258,79.59405,-5.171461,-0.479054,0.436214,105.47025,5.934125,-20.316248,2230.242476,,,,108.14117,105.76449,-23.07187,0.777442,-9.97217,7.4852,-2.03539,50,5.40208,7.24137,-125.46784,-2.41717,-16.03361,23.33126,-20.13906,GEO_PAT,NIA_COM,SpuhlerFieldMain,TeamExclusive,Team,20251018-SpuhlerFieldMain-Private-1,ae20a350-ac49-11f0-ae3b-9b4a908d198a,86.40815,5.11073,,6.7823,,,,1.79718,2.7623,-0.27433,e9589120-7e22-442b-894a-3d9ff1c37833,2025-10-18,17:41:29.52,2025-10-18T13:41:29.5240000-04:00,2025-10-18T17:41:29.5240000Z,GroundBall,v3,471300,,,"Harper, Dalton",1000115726,Right,NIA_COM,608e077f-3049-44ac-8047-4e533285dfa3,54.28081,-126.26137,11.66563,5.47265,-1.73221,-10.06953,-2.29095,7.78669,-8.0168,52.348572,1.87588,142.91101,-22.43739,,,,,,,2.84702,14.5002,-23.48829,,,,,,,-0.24091,-54.01777,-0.28389,,,,,,,,,,,,,,,,,,,,,,,,,,,,,High,High,High,High,High,,,
198,2025-10-18,13:42:06.64,3,1,"Putney, Ashton",10276552,Right,NIA_COM,"Tignor, Laken",1000091229,Right,GEO_PAT,Undefined,5,Bottom,0,0,0,Fastball,Sinker,BallCalled,Undefined,Undefined,Undefined,0,0,,86.22782,-1.207623,-5.533158,2131.408922,245.105912,2:15,5.41649,1.86865,6.52053,-27.10781,9.86501,18.66076,2.04408,-1.66916,78.75554,-6.310394,-2.1639,0.437636,,,,,,,,,,,,-11.30095,5.87638,-1.48951,50,5.32025,11.38838,-124.83666,-3.42568,-17.82005,25.30848,-22.90779,GEO_PAT,NIA_COM,SpuhlerFieldMain,TeamExclusive,Team,20251018-SpuhlerFieldMain-Private-1,c4459550-ac49-11f0-ae3b-9b4a908d198a,86.12743,,,7.47228,,,,,,,e9589120-7e22-442b-894a-3d9ff1c37833,2025-10-18,17:42:06.64,2025-10-18T13:42:06.6460000-04:00,2025-10-18T17:42:06.6460000Z,,v3,471300,,,"Harper, Dalton",1000115726,Right,NIA_COM,18603dbd-d11f-4383-a000-306779f6b8f2,53.9821,-125.64137,12.65424,5.4176,-2.69731,-11.45389,-1.86062,11.95499,-8.91002,,,,,,,,,,,,,,,,,,,,,,,,,,,,,,,,,,,,,,,,,,,,,,,,,,,High,High,High,,,,,
199,2025-10-18,13:42:36.14,3,2,"Putney, Ashton",10276552,Right,NIA_COM,"Tignor, Laken",1000091229,Right,GEO_PAT,Undefined,5,Bottom,0,1,0,Fastball,Changeup,StrikeCalled,Undefined,Undefined,Undefined,0,0,,84.00491,-1.060533,-4.887209,2060.65411,242.829533,2:00,5.36946,2.2185,6.33516,-28.83439,10.36048,17.6843,1.98638,-0.81889,76.72368,-6.470222,-1.70028,0.450595,,,,,,,,,,,,-10.58256,6.07898,-1.86952,50,5.27824,9.74205,-121.69964,-3.10165,-15.84283,24.28172,-23.07343,GEO_PAT,NIA_COM,SpuhlerFieldMain,TeamExclusive,Team,20251018-SpuhlerFieldMain-Private-1,d5df32d0-ac49-11f0-ae3b-9b4a908d198a,83.65045,,,7.28123,,,,,,,e9589120-7e22-442b-894a-3d9ff1c37833,2025-10-18,17:42:36.14,2025-10-18T13:42:36.1480000-04:00,2025-10-18T17:42:36.1480000Z,,v3,471300,,,"Harper, Dalton",1000115726,Right,NIA_COM,300178e7-9f5e-404b-98a3-26d79cb28c73,54.16733,-122.52829,12.14086,5.37065,-2.31424,-11.53671,-2.21121,10.28271,-7.92142,,,,,,,,,,,,,,,,,,,,,,,,,,,,,,,,,,,,,,,,,,,,,,,,,,,High,High,High,,,,,
200,2025-10-18,13:42:52.90,3,3,"Putney, Ashton",10276552,Right,NIA_COM,"Tignor, Laken",1000091229,Right,GEO_PAT,Undefined,5,Bottom,0,1,1,Fastball,Changeup,BallCalled,Undefined,Undefined,Undefined,0,0,,86.02822,-1.709235,-4.836829,2077.286814,242.642157,2:00,5.50162,1.88815,6.36135,-27.47013,9.72241,16.53198,1.63327,-1.19633,78.95306,-6.850246,-1.855352,0.438934,,,,,,,,,,,,-9.94902,5.88366,-1.5446,50,5.36446,9.92602,-124.66808,-4.55181,-15.69759,24.46756,-22.8908,GEO_PAT,NIA_COM,SpuhlerFieldMain,TeamExclusive,Team,20251018-SpuhlerFieldMain-Private-1,dfdd0780-ac49-11f0-ae3b-9b4a908d198a,85.87266,,,7.07517,,,,,,,e9589120-7e22-442b-894a-3d9ff1c37833,2025-10-18,17:42:52.90,2025-10-18T13:42:52.9070000-04:00,2025-10-18T17:42:52.9070000Z,,v3,471300,,,"Harper, Dalton",1000115726,Right,NIA_COM,fd9d1676-4d91-4428-9089-7a0cab1000f2,54.14206,-125.47838,12.23378,5.50264,-3.79373,-11.4454,-1.88193,10.44588,-7.84879,,,,,,,,,,,,,,,,,,,,,,,,,,,,,,,,,,,,,,,,,,,,,,,,,,,High,High,High,,,,,
201,2025-10-18,13:43:10.52,3,4,"Putney, Ashton",10276552,Right,NIA_COM,"Tignor, Laken",1000091229,Right,GEO_PAT,Undefined,5,Bottom,0,2,1,Fastball,Changeup,FoulBallNotFieldable,Undefined,Undefined,Undefined,0,0,,84.98702,0.473749,-3.667159,1976.826923,235.950285,1:45,5.52727,2.00724,6.2921,-25.95895,12.10174,16.17674,3.80151,-0.02879,77.80203,-4.414104,-0.749474,0.444027,87.02185,46.172231,52.468158,5375.581632,52.29177,98.08848,96.77581,264.07232,103.44522,70.415536,5.345927,-9.39087,6.51662,-1.74443,50,5.54957,7.29096,-123.37035,0.26638,-14.5173,23.84511,-22.10006,GEO_PAT,NIA_COM,SpuhlerFieldMain,TeamExclusive,Team,20251018-SpuhlerFieldMain-Private-1,ea5a4560-ac49-11f0-ae3b-9b4a908d198a,84.88765,108.35183,,7.185,,,,0.44094,3.52717,-0.61968,e9589120-7e22-442b-894a-3d9ff1c37833,2025-10-18,17:43:10.52,2025-10-18T13:43:10.5260000-04:00,2025-10-18T17:43:10.5260000Z,FlyBall,v3,471300,,,"Harper, Dalton",1000115726,Right,NIA_COM,88031090-10a6-4a77-8eb7-4240496b2639,54.21057,-124.1815,11.92256,5.52772,1.01818,-11.05003,-2.00085,7.78481,-7.25865,213.541767,0.47052,53.26034,-18.97068,2.97644,1.2237,-0.87654,0.22189,-0.02598,0.00117,3.52093,92.16098,-24.19255,2.05351,0.02239,-0.2009,0.07536,-0.01169,0.00066,-0.61462,69.9731,-8.29741,0.42811,0.70666,-0.39056,0.09876,-0.01226,0.0006,,,,,,,,,,,,,,,,,,,,,,,High,High,High,High,Low,,,
202,2025-10-18,13:43:32.89,3,5,"Putney, Ashton",10276552,Right,NIA_COM,"Tignor, Laken",1000091229,Right,GEO_PAT,Undefined,5,Bottom,0,2,2,Curveball,Curveball,StrikeSwinging,Strikeout,Undefined,Undefined,0,0,,72.3211,2.322392,-2.555658,2128.279654,44.160434,7:30,5.409,2.05029,5.86635,-65.29988,-10.58477,-12.22237,2.12813,-1.34397,65.46589,-9.663854,-4.746429,0.532384,,,,,,,,,,,,5.32166,-5.55418,-1.83608,50,5.56034,5.1084,-104.7587,2.28289,5.77346,21.61128,-38.19977,GEO_PAT,NIA_COM,SpuhlerFieldMain,TeamExclusive,Team,20251018-SpuhlerFieldMain-Private-1,f7c46a00-ac49-11f0-ae3b-9b4a908d198a,70.79933,,,6.8552,,,,,,,e9589120-7e22-442b-894a-3d9ff1c37833,2025-10-18,17:43:32.89,2025-10-18T13:43:32.8970000-04:00,2025-10-18T17:43:32.8970000Z,,v3,471300,,,"Harper, Dalton",1000115726,Right,NIA_COM,592722d5-79d1-42b8-aa00-964884854638,54.63653,-105.71087,10.80564,5.42269,3.96593,-19.09989,-2.05555,4.85403,2.88673,,,,,,,,,,,,,,,,,,,,,,,,,,,,,,,,,,,,,,,,,,,,,,,,,,,High,High,High,,,,,
203,2025-10-18,13:44:29.82,4,1,"Putney, Ashton",10276552,Right,NIA_COM,"Blanchard, Evan",10073877,Right,GEO_PAT,Undefined,5,Bottom,1,0,0,Curveball,Curveball,BallCalled,Undefined,Undefined,Undefined,0,0,,71.34448,0.903149,-3.898623,1918.339175,31.049919,7:00,5.37128,2.31568,5.77441,-65.24976,-8.65327,-6.47674,0.77628,-1.85767,64.74766,-11.01722,-5.056744,0.54146,,,,,,,,,,,,1.94291,-4.22421,-1.98892,50,5.40663,7.25636,-103.24283,-0.29106,2.04296,21.32132,-36.61577,GEO_PAT,NIA_COM,SpuhlerFieldMain,TeamExclusive,Team,20251018-SpuhlerFieldMain-Private-1,19a61ec0-ac4a-11f0-ae3b-9b4a908d198a,69.61263,,,6.59683,,,,,,,e9589120-7e22-442b-894a-3d9ff1c37833,2025-10-18,17:44:29.82,2025-10-18T13:44:29.8220000-04:00,2025-10-18T17:44:29.8220000Z,,v3,471300,,,"Harper, Dalton",1000115726,Right,NIA_COM,0cbb5a60-26ef-4f7e-aba6-5736cb45ef7a,54.7288,-104.21483,10.66066,5.38185,1.37819,-18.30789,-2.3176,7.16322,1.02148,,,,,,,,,,,,,,,,,,,,,,,,,,,,,,,,,,,,,,,,,,,,,,,,,,,High,High,High,,,,,
204,2025-10-18,13:44:49.59,4,2,"Putney, Ashton",10276552,Right,NIA_COM,"Blanchard, Evan",10073877,Right,GEO_PAT,Undefined,5,Bottom,1,1,0,Fastball,Changeup,StrikeCalled,Undefined,Undefined,Undefined,0,0,,86.61239,-1.377376,-4.610234,2016.682078,229.246402,1:45,5.48094,1.9263,6.17038,-23.38155,13.78772,14.55808,2.25585,-1.1281,78.87108,-5.787767,-1.994826,0.438797,,,,,,,,,,,,-8.82174,7.8952,-1.58344,50,5.36429,9.52931,-125.42575,-3.71485,-14.00377,26.19692,-19.64103,GEO_PAT,NIA_COM,SpuhlerFieldMain,TeamExclusive,Team,20251018-SpuhlerFieldMain-Private-1,254b88f0-ac4a-11f0-ae3b-9b4a908d198a,85.89951,,,7.74131,,,,,,,e9589120-7e22-442b-894a-3d9ff1c37833,2025-10-18,17:44:49.59,2025-10-18T13:44:49.5940000-04:00,2025-10-18T17:44:49.5940000Z,,v3,471300,,,"Harper, Dalton",1000115726,Right,NIA_COM,5efdae86-ba42-44c1-b920-cbc3caf23f4e,54.33051,-126.327,13.09846,5.48047,-3.03915,-9.82052,-1.91956,10.01108,-7.00188,,,,,,,,,,,,,,,,,,,,,,,,,,,,,,,,,,,,,,,,,,,,,,,,,,,High,High,High,,,,,
205,2025-10-18,13:45:07.77,4,3,"Putney, Ashton",10276552,Right,NIA_COM,"Blanchard, Evan",10073877,Right,GEO_PAT,Undefined,5,Bottom,1,1,1,Curveball,Curveball,BallCalled,Undefined,Undefined,Undefined,0,0,,71.76069,3.279855,-1.069795,1857.103807,32.421773,7:00,5.43621,2.141,5.87468,-62.50161,-8.23776,-6.26426,3.27806,0.6252,66.0744,-8.175647,-2.193462,0.530184,,,,,,,,,,,,2.90071,-4.58095,-2.05083,50,5.66572,2.16055,-104.18468,4.11808,3.19224,17.29741,-37.21542,GEO_PAT,NIA_COM,SpuhlerFieldMain,TeamExclusive,Team,20251018-SpuhlerFieldMain-Private-1,302fc600-ac4a-11f0-ae3b-9b4a908d198a,71.09313,,,5.68629,,,,,,,e9589120-7e22-442b-894a-3d9ff1c37833,2025-10-18,17:45:07.77,2025-10-18T13:45:07.7710000-04:00,2025-10-18T17:45:07.7710000Z,,v3,471300,,,"Harper, Dalton",1000115726,Right,NIA_COM,882841f1-7c07-4253-88cc-09339ba20df0,54.63062,-104.95066,8.6487,5.44686,5.76611,-18.60771,-2.14338,2.01919,1.59612,,,,,,,,,,,,,,,,,,,,,,,,,,,,,,,,,,,,,,,,,,,,,,,,,,,High,High,High,,,,,
206,2025-10-18,13:45:26.86,4,4,"Putney, Ashton",10276552,Right,NIA_COM,"Blanchard, Evan",10073877,Right,GEO_PAT,Undefined,5,Bottom,1,2,1,Curveball,Curveball,BallinDirt,Undefined,Undefined,Undefined,0,1,,71.933,0.178385,-2.434912,2074.001195,35.444276,7:15,5.44146,1.91767,6.09547,-62.05094,-8.32874,-7.10886,0.43571,-0.92834,66.6413,-11.167228,-3.718323,0.527531,,,,,,,,,,,,2.99988,-3.98858,-1.72611,50,5.42209,4.67187,-104.5343,-1.42056,3.30293,18.438,-36.56558,GEO_PAT,NIA_COM,SpuhlerFieldMain,TeamExclusive,Team,20251018-SpuhlerFieldMain-Private-1,3ba2fca0-ac4a-11f0-ae3b-9b4a908d198a,71.45061,,,5.29171,,,,,,,e9589120-7e22-442b-894a-3d9ff1c37833,2025-10-18,17:45:26.86,2025-10-18T13:45:26.8640000-04:00,2025-10-18T17:45:26.8640000Z,,v3,471300,,,"Harper, Dalton",1000115726,Right,NIA_COM,bde9e010-24ce-44b5-a815-dbfeb3347fd9,54.41065,-105.30939,9.219,5.4495,0.11656,-18.28279,-1.91959,4.53303,1.65147,,,,,,,,,,,,,,,,,,,,,,,,,,,,,,,,,,,,,,,,,,,,,,,,,,,High,High,High,,,,,
207,2025-10-18,13:46:09.02,4,5,"Putney, Ashton",10276552,Right,NIA_COM,"Blanchard, Evan",10073877,Right,GEO_PAT,Undefined,5,Bottom,1,3,1,Fastball,Sinker,StrikeSwinging,Undefined,Undefined,Undefined,0,0,,86.70584,-0.757833,-4.073106,2010.767451,235.78156,1:45,5.55923,1.80935,6.22601,-25.74064,11.01237,14.49296,2.71311,-0.74752,79.37666,-5.587082,-1.463391,0.436333,,,,,,,,,,,,-8.60221,6.27016,-1.51116,50,5.48957,8.38235,-125.75952,-2.44967,-13.80023,25.08781,-22.11504,GEO_PAT,NIA_COM,SpuhlerFieldMain,TeamExclusive,Team,20251018-SpuhlerFieldMain-Private-1,54a237c0-ac4a-11f0-ae3b-9b4a908d198a,86.38458,,,7.32918,,,,,,,e9589120-7e22-442b-894a-3d9ff1c37833,2025-10-18,17:46:09.02,2025-10-18T13:46:09.0200000-04:00,2025-10-18T17:46:09.0200000Z,,v3,471300,,,"Harper, Dalton",1000115726,Right,NIA_COM,63b1c4b5-5299-4b65-ab27-2c5ba008e19e,54.27597,-126.60966,12.5439,5.55988,-1.70027,-11.05752,-1.80314,8.85,-6.90012,,,,,,,,,,,,,,,,,,,,,,,,,,,,,,,,,,,,,,,,,,,,,,,,,,,High,High,High,,,,,
208,2025-10-18,13:46:25.55,4,6,"Putney, Ashton",10276552,Right,NIA_COM,"Blanchard, Evan",10073877,Right,GEO_PAT,Undefined,5,Bottom,1,3,2,Fastball,Changeup,BallCalled,Walk,Undefined,Undefined,0,0,,86.25534,-1.948068,-3.783286,2029.823092,231.946075,1:45,5.42707,1.94581,6.11527,-25.24639,11.81312,13.6919,1.51731,-0.41645,79.62442,-6.654274,-1.320797,0.438148,,,,,,,,,,,,-8.04969,6.93772,-1.66235,50,5.26392,7.74358,-125.15953,-5.04433,-12.88003,23.19858,-21.07326,GEO_PAT,NIA_COM,SpuhlerFieldMain,TeamExclusive,Team,20251018-SpuhlerFieldMain-Private-1,5e9ed3f0-ac4a-11f0-ae3b-9b4a908d198a,86.02663,,,6.63092,,,,,,,e9589120-7e22-442b-894a-3d9ff1c37833,2025-10-18,17:46:25.55,2025-10-18T13:46:25.5510000-04:00,2025-10-18T17:46:25.5510000Z,,v3,471300,,,"Harper, Dalton",1000115726,Right,NIA_COM,00f8653d-595f-4bdd-a86a-4f5b043a4e0b,54.38813,-125.97026,11.59929,5.42734,-4.30788,-10.53663,-1.94083,8.1937,-6.44002,,,,,,,,,,,,,,,,,,,,,,,,,,,,,,,,,,,,,,,,,,,,,,,,,,,High,High,High,,,,,
209,2025-10-18,13:46:58.94,5,1,"Putney, Ashton",10276552,Right,NIA_COM,"Vaughan, Logan",1000232024,Left,GEO_PAT,Undefined,5,Bottom,1,0,0,Fastball,Changeup,BallCalled,Undefined,Undefined,Undefined,0,0,,85.09589,-0.916582,-4.771879,1997.943353,237.414789,2:00,5.35159,2.12174,6.20437,-28.15289,10.08339,13.89792,2.15642,-1.13515,78.00002,-6.17698,-2.274077,0.44505,,,,,,,,,,,,-8.50552,5.83575,-1.76919,50,5.26825,9.76129,-123.31692,-2.83326,-13.1271,24.00205,-23.1674,GEO_PAT,NIA_COM,SpuhlerFieldMain,TeamExclusive,Team,20251018-SpuhlerFieldMain-Private-1,727eb7f0-ac4a-11f0-ae3b-9b4a908d198a,84.69251,,,7.09586,,,,,,,e9589120-7e22-442b-894a-3d9ff1c37833,2025-10-18,17:46:58.94,2025-10-18T13:46:58.9480000-04:00,2025-10-18T17:46:58.9480000Z,,v3,471300,,,"Harper, Dalton",1000115726,Right,NIA_COM,480d5c72-7406-4475-9b86-39a3b8b83b34,54.29831,-124.15071,12.00103,5.35269,-2.02847,-11.5837,-2.1162,10.2173,-6.56355,,,,,,,,,,,,,,,,,,,,,,,,,,,,,,,,,,,,,,,,,,,,,,,,,,,High,High,High,,,,,
210,2025-10-18,13:47:19.57,5,2,"Putney, Ashton",10276552,Right,NIA_COM,"Vaughan, Logan",1000232024,Left,GEO_PAT,Undefined,5,Bottom,1,1,0,Fastball,Changeup,BallCalled,Undefined,Undefined,Undefined,1,0,,84.8351,0.294454,-1.72354,2009.787355,255.500535,2:30,5.33196,2.20191,6.15792,-32.65773,6.11831,18.52036,2.88265,2.15243,76.94418,-5.813476,1.618331,0.448181,,,,,,,,,,,,-10.01284,3.49886,-2.07969,50,5.33796,2.96135,-123.16416,-0.39974,-15.2176,26.8777,-26.85643,GEO_PAT,NIA_COM,SpuhlerFieldMain,TeamExclusive,Team,20251018-SpuhlerFieldMain-Private-1,7eb25860-ac4a-11f0-ae3b-9b4a908d198a,84.101,,,7.89092,,,,,,,e9589120-7e22-442b-894a-3d9ff1c37833,2025-10-18,17:47:19.57,2025-10-18T13:47:19.5720000-04:00,2025-10-18T17:47:19.5720000Z,,v3,471300,,,"Harper, Dalton",1000115726,Right,NIA_COM,bfc0c8cb-48ae-4b3f-8c21-77a537db3180,54.34252,-124.10819,13.43885,5.33543,0.54355,-13.42822,-2.19309,3.49584,-7.6088,,,,,,,,,,,,,,,,,,,,,,,,,,,,,79.16456,1.954347,0.65193,1.302417,-1.83932,2.53894,-2.25028,-0.49731,5.63618,-0.76674,127.28201,0.39659,5.68678,-0.30068,113.40506,-12.03197,5.64998,10.66605,-11.30407,-0.85484,0.43178,3.59948,High,High,High,,,High,Medium,Medium
211,2025-10-18,13:47:48.72,5,3,"Putney, Ashton",10276552,Right,NIA_COM,"Vaughan, Logan",1000232024,Left,GEO_PAT,Undefined,5,Bottom,2,2,0,Curveball,Curveball,BallCalled,Undefined,Undefined,Undefined,0,0,,71.22243,4.544461,-1.497778,1844.924434,55.193382,7:45,5.37799,1.79862,5.96153,-61.90177,-6.48756,-11.8604,4.44398,-0.57898,64.9824,-6.854286,-3.623978,0.535774,,,,,,,,,,,,5.57705,-3.99492,-1.67343,50,5.70585,3.10896,-103.16691,6.39873,5.98268,17.91023,-36.45955,GEO_PAT,NIA_COM,SpuhlerFieldMain,TeamExclusive,Team,20251018-SpuhlerFieldMain-Private-1,90218a80-ac4a-11f0-ae3b-9b4a908d198a,70.35131,,,6.24003,,,,,,,e9589120-7e22-442b-894a-3d9ff1c37833,2025-10-18,17:47:48.72,2025-10-18T13:47:48.7220000-04:00,2025-10-18T17:47:48.7220000Z,,v3,471300,,,"Harper, Dalton",1000115726,Right,NIA_COM,013559c4-95f1-42a3-86ee-fdbf0688a5ff,54.54203,-103.95243,8.95512,5.39014,7.99781,-18.22978,-1.80403,2.84656,2.99134,,,,,,,,,,,,,,,,,,,,,,,,,,,,,,,,,,,,,,,,,,,,,,,,,,,High,High,High,,,,,
212,2025-10-18,13:48:04.61,5,4,"Putney, Ashton",10276552,Right,NIA_COM,"Vaughan, Logan",1000232024,Left,GEO_PAT,Undefined,5,Bottom,2,3,0,Fastball,Changeup,StrikeCalled,Undefined,Undefined,Undefined,0,0,,85.16767,-0.043461,-3.734789,1966.641575,233.45292,1:45,5.23367,2.19022,6.21663,-25.25572,13.19654,16.01564,3.08884,0.07325,77.13186,-4.823163,-0.850271,0.446306,,,,,,,,,,,,-9.36835,7.23512,-1.91742,50,5.21782,7.42214,-123.45369,-0.82611,-14.33327,26.55846,-21.10455,GEO_PAT,NIA_COM,SpuhlerFieldMain,TeamExclusive,Team,20251018-SpuhlerFieldMain-Private-1,998bd1c0-ac4a-11f0-ae3b-9b4a908d198a,84.45431,,,8.03581,,,,,,,e9589120-7e22-442b-894a-3d9ff1c37833,2025-10-18,17:48:04.61,2025-10-18T13:48:04.6110000-04:00,2025-10-18T17:48:04.6110000Z,,v3,471300,,,"Harper, Dalton",1000115726,Right,NIA_COM,3ab67089-f116-4388-b0f4-5103c0f3319d,54.28342,-124.37176,13.27923,5.23377,-0.09657,-10.55228,-2.18256,7.91761,-7.16663,,,,,,,,,,,,,,,,,,,,,,,,,,,,,,,,,,,,,,,,,,,,,,,,,,,High,High,High,,,,,
213,2025-10-18,13:48:20.94,5,5,"Putney, Ashton",10276552,Right,NIA_COM,"Vaughan, Logan",1000232024,Left,GEO_PAT,Undefined,5,Bottom,2,3,1,Fastball,Changeup,FoulBallNotFieldable,Undefined,Undefined,Undefined,0,0,,85.52967,-0.061533,-3.105257,1973.501345,247.720538,2:15,5.36114,2.12596,6.27402,-29.23407,8.72997,18.15678,2.86816,0.77359,77.6319,-5.556555,0.173246,0.443463,63.59807,67.099147,-96.03467,,-31.82028,66.3862,-105.297,140.06468,58.71051,-107.629035,4.547877,-10.41253,4.92079,-1.9049,50,5.34237,6.03886,-124.12644,-1.01649,-16.09947,26.926,-24.56572,GEO_PAT,NIA_COM,SpuhlerFieldMain,TeamExclusive,Team,20251018-SpuhlerFieldMain-Private-1,a35d8d60-ac4a-11f0-ae3b-9b4a908d198a,84.99564,92.06438,,7.89777,,,,,,,e9589120-7e22-442b-894a-3d9ff1c37833,2025-10-18,17:48:20.94,2025-10-18T13:48:20.9480000-04:00,2025-10-18T17:48:20.9480000Z,Popup,v3,471300,,,"Harper, Dalton",1000115726,Right,NIA_COM,132b8364-2173-424c-be9a-9849a59035ec,54.22859,-125.04036,13.463,5.36272,-0.18269,-12.28286,-2.11915,6.58531,-8.04974,,3.2662,-3.84099,-5.25276,1.34419,0.2295,-0.30915,0.10821,-0.0171,0.00103,5.95897,85.75693,-24.6593,1.17459,1.0083,-0.69726,0.20023,-0.02802,0.00156,-1.50038,-36.01639,1.5956,0.4999,-0.46019,0.16308,-0.0241,0.00069,9E-05,,,,,,,,,,,,,,,,,,,,,,,High,High,High,Low,Low,,,
214,2025-10-18,13:48:46.58,5,6,"Putney, Ashton",10276552,Right,NIA_COM,"Vaughan, Logan",1000232024,Left,GEO_PAT,Undefined,5,Bottom,2,3,2,Curveball,Curveball,HitByPitch,Walk,Undefined,Undefined,0,0,,73.36838,2.223101,-3.773214,1947.467016,56.686528,8:00,5.21137,2.19776,5.88876,-59.26515,-6.36595,-12.4556,2.34248,-2.34905,66.74415,-8.654065,-5.998651,0.523475,,,,,,,,,,,,5.27768,-3.75984,-1.88524,50,5.35613,7.418,-106.24674,2.41189,5.92353,21.27703,-36.39399,GEO_PAT,NIA_COM,SpuhlerFieldMain,TeamExclusive,Team,20251018-SpuhlerFieldMain-Private-1,b2affa00-ac4a-11f0-ae3b-9b4a908d198a,72.00428,,,6.62423,,,,,,,e9589120-7e22-442b-894a-3d9ff1c37833,2025-10-18,17:48:46.58,2025-10-18T13:48:46.5820000-04:00,2025-10-18T17:48:46.5820000Z,,v3,471300,,,"Harper, Dalton",1000115726,Right,NIA_COM,7958be89-ff80-4f0f-8085-a4e739c56d2d,54.61675,-107.1673,10.63852,5.21772,3.9865,-18.197,-2.20064,7.16171,2.96177,,,,,,,,,,,,,,,,,,,,,,,,,,,,,,,,,,,,,,,,,,,,,,,,,,,High,High,High,,,,,
215,2025-10-18,13:49:27.21,6,1,"Putney, Ashton",10276552,Right,NIA_COM,"Bagnerise , Julius",1000469309,Right,GEO_PAT,Undefined,5,Bottom,2,0,0,Fastball,Changeup,BallCalled,Undefined,Undefined,Undefined,0,0,,83.47312,1.562439,-2.156325,1861.687257,239.682297,2:00,5.38587,2.21055,5.8802,-30.76183,9.65524,14.20028,4.27488,1.3903,75.67533,-4.189061,0.389104,0.457566,,,,,,,,,,,,-7.8717,4.87591,-2.04435,50,5.4946,3.98513,-121.07467,2.33228,-11.60138,25.21192,-24.9879,GEO_PAT,NIA_COM,SpuhlerFieldMain,TeamExclusive,Team,20251018-SpuhlerFieldMain-Private-1,caca7a70-ac4a-11f0-ae3b-9b4a908d198a,82.37596,,,7.79779,,,,,,,e9589120-7e22-442b-894a-3d9ff1c37833,2025-10-18,17:49:27.21,2025-10-18T13:49:27.2170000-04:00,2025-10-18T17:49:27.2170000Z,,v3,471300,,,"Harper, Dalton",1000115726,Right,NIA_COM,21df952e-9a57-4bf6-bd75-8d0b65f30524,54.62019,-122.03296,12.60596,5.3879,3.28206,-12.49395,-2.2042,4.42609,-5.80069,,,,,,,,,,,,,,,,,,,,,,,,,,,,,,,,,,,,,,,,,,,,,,,,,,,High,High,High,,,,,
216,2025-10-18,13:49:43.76,6,2,"Putney, Ashton",10276552,Right,NIA_COM,"Bagnerise , Julius",1000469309,Right,GEO_PAT,Undefined,5,Bottom,2,1,0,Fastball,Changeup,StrikeCalled,Undefined,Undefined,Undefined,0,0,,83.3173,-0.799657,-3.762064,1918.736625,235.276499,1:45,5.33212,1.99148,6.28793,-27.47927,12.54186,16.12324,2.30356,-0.13712,75.70095,-5.983355,-0.853248,0.455319,,,,,,,,,,,,-9.46501,7.16099,-1.72116,50,5.25981,7.3284,-120.79549,-2.47276,-13.88178,25.15142,-21.67142,GEO_PAT,NIA_COM,SpuhlerFieldMain,TeamExclusive,Team,20251018-SpuhlerFieldMain-Private-1,d4bf9c90-ac4a-11f0-ae3b-9b4a908d198a,82.78244,,,7.61635,,,,,,,e9589120-7e22-442b-894a-3d9ff1c37833,2025-10-18,17:49:43.76,2025-10-18T13:49:43.7630000-04:00,2025-10-18T17:49:43.7630000Z,,v3,471300,,,"Harper, Dalton",1000115726,Right,NIA_COM,4464eb0b-68a9-4177-a43f-49237899cabf,54.21282,-121.6695,12.57571,5.33265,-1.71968,-10.83571,-1.98421,7.81079,-6.94089,,,,,,,,,,,,,,,,,,,,,,,,,,,,,,,,,,,,,,,,,,,,,,,,,,,High,High,High,,,,,
217,2025-10-18,13:49:58.73,6,3,"Putney, Ashton",10276552,Right,NIA_COM,"Bagnerise , Julius",1000469309,Right,GEO_PAT,Undefined,5,Bottom,2,1,1,Fastball,Changeup,InPlay,Undefined,GroundBall,Out,1,0,,84.35833,-0.291936,-3.839004,1929.103254,232.646868,1:45,5.27156,2.15217,6.06111,-26.80903,12.54946,14.6941,2.76665,-0.18197,76.60786,-5.333077,-1.200663,0.451534,91.94474,-9.095567,13.696805,,,,,15.06989,14.11952,13.147553,0.102338,-8.74245,6.94012,-1.86159,50,5.23452,7.63419,-122.28055,-1.42805,-13.14452,25.68438,-21.73938,GEO_PAT,NIA_COM,SpuhlerFieldMain,TeamExclusive,Team,20251018-SpuhlerFieldMain-Private-1,ddad12b0-ac4a-11f0-ae3b-9b4a908d198a,83.47638,2.64726,,7.75047,,,,1.54608,2.64726,0.20204,e9589120-7e22-442b-894a-3d9ff1c37833,2025-10-18,17:49:58.73,2025-10-18T13:49:58.7370000-04:00,2025-10-18T17:49:58.7370000Z,GroundBall,v3,471300,,,"Harper, Dalton",1000115726,Right,NIA_COM,eab21a0a-0404-4197-bb16-9c72203e634d,54.44074,-123.20977,12.84219,5.27196,-0.64155,-10.86969,-2.14639,8.10974,-6.57226,355.283318,1.54579,129.40691,-10.86977,,,,,,,2.6474,-21.33562,-44.31597,,,,,,,0.20197,31.53913,-0.16614,,,,,,,,,,,,,,,,,,,,,,,,,,,,,High,High,High,High,High,,,
218,2025-10-18,13:52:23.24,1,1,"Kelsey, Carter",1000469297,Right,GEO_PAT,"Schaefer, Mikey",10126964,Left,NIA_COM,Undefined,6,Top,0,0,0,Fastball,Four-Seam,BallCalled,Undefined,Undefined,Undefined,0,0,,91.04115,-3.307711,-3.379534,2260.568943,205.5314,12:45,6.15123,2.05268,5.8504,-19.02875,14.61414,6.5052,1.483,-0.54933,84.0805,-6.854769,-2.215386,0.417463,,,,,,,,,,,,-4.20851,8.63599,-1.7815,50,5.87031,7.52093,-131.96924,-8.25935,-7.48886,25.71054,-16.80665,GEO_PAT,NIA_COM,SpuhlerFieldMain,TeamExclusive,Team,20251018-SpuhlerFieldMain-Private-1,33c94b00-ac4b-11f0-ae3b-9b4a908d198a,90.28929,,,6.96066,,,,,,,e9589120-7e22-442b-894a-3d9ff1c37833,2025-10-18,17:52:23.24,2025-10-18T13:52:23.2400000-04:00,2025-10-18T17:52:23.2400000Z,,v3,471300,,,"Vaughan, Logan",1000232024,Right,GEO_PAT,8ea24296-3ae9-4f39-b008-5097c8bde4f9,54.65318,-132.87269,12.85527,6.15016,-7.66878,-8.40333,-2.0504,7.78408,-3.74443,,,,,,,,,,,,,,,,,,,,,,,,,,,,,,,,,,,,,,,,,,,,,,,,,,,High,High,High,,,,,
219,2025-10-18,13:52:39.93,1,2,"Kelsey, Carter",1000469297,Right,GEO_PAT,"Schaefer, Mikey",10126964,Left,NIA_COM,Undefined,6,Top,0,1,0,Fastball,Four-Seam,StrikeSwinging,Undefined,Undefined,Undefined,0,0,,92.11755,-2.145303,-2.776019,2299.050217,198.426274,12:30,6.17845,2.20653,5.93006,-15.27658,17.40765,5.47859,2.91158,0.08528,84.85066,-5.038868,-1.793751,0.411472,,,,,,,,,,,,-3.50209,9.76245,-1.98752,50,5.9979,6.24562,-133.70888,-5.46977,-6.39696,26.40225,-14.3418,GEO_PAT,NIA_COM,SpuhlerFieldMain,TeamExclusive,Team,20251018-SpuhlerFieldMain-Private-1,3da0abf0-ac4b-11f0-ae3b-9b4a908d198a,91.60384,,,7.26689,,,,,,,e9589120-7e22-442b-894a-3d9ff1c37833,2025-10-18,17:52:39.93,2025-10-18T13:52:39.9300000-04:00,2025-10-18T17:52:39.9300000Z,,v3,471300,,,"Vaughan, Logan",1000232024,Right,GEO_PAT,f84965f6-40a8-47ff-ab78-f37fe7678a75,54.57163,-134.60857,13.20113,6.17596,-4.98106,-7.1709,-2.20406,6.46361,-3.19848,,,,,,,,,,,,,,,,,,,,,,,,,,,,,,,,,,,,,,,,,,,,,,,,,,,High,High,High,,,,,
220,2025-10-18,13:52:57.09,1,3,"Kelsey, Carter",1000469297,Right,GEO_PAT,"Schaefer, Mikey",10126964,Left,NIA_COM,Undefined,6,Top,0,1,1,Fastball,Four-Seam,BallCalled,Undefined,Undefined,Undefined,0,0,,91.64462,-0.940716,-1.650883,2199.811727,202.012219,12:45,6.15449,2.11801,5.8297,-17.74005,15.17296,5.76658,3.8012,1.06344,84.76837,-4.268382,-0.617582,0.41291,,,,,,,,,,,,-3.33429,8.265,-1.98651,50,6.067,3.58931,-133.24331,-2.76071,-6.07757,24.90154,-17.10909,GEO_PAT,NIA_COM,SpuhlerFieldMain,TeamExclusive,Team,20251018-SpuhlerFieldMain-Private-1,47dc4cf0-ac4b-11f0-ae3b-9b4a908d198a,91.28492,,,6.87625,,,,,,,e9589120-7e22-442b-894a-3d9ff1c37833,2025-10-18,17:52:57.09,2025-10-18T13:52:57.0980000-04:00,2025-10-18T17:52:57.0980000Z,,v3,471300,,,"Vaughan, Logan",1000232024,Right,GEO_PAT,060cdb24-acee-4116-96d7-7114889b33de,54.67257,-134.11371,12.45077,6.15304,-2.16268,-8.55454,-2.11568,3.80175,-3.03878,,,,,,,,,,,,,,,,,,,,,,,,,,,,,,,,,,,,,,,,,,,,,,,,,,,High,High,High,,,,,
221,2025-10-18,13:53:14.35,1,4,"Kelsey, Carter",1000469297,Right,GEO_PAT,"Schaefer, Mikey",10126964,Left,NIA_COM,Undefined,6,Top,0,2,1,Fastball,Four-Seam,BallCalled,Undefined,Undefined,Undefined,0,0,,91.8512,-3.478467,-3.442872,2237.447923,206.691725,1:00,6.03483,2.08235,6.06467,-17.97572,14.60721,6.89307,1.30767,-0.53352,85.36593,-6.833868,-2.204502,0.410834,,,,,,,,,,,,-4.39603,8.65532,-1.81874,50,5.75439,7.73747,-133.24411,-8.682,-8.02818,24.38183,-16.36734,GEO_PAT,NIA_COM,SpuhlerFieldMain,TeamExclusive,Team,20251018-SpuhlerFieldMain-Private-1,523735c0-ac4b-11f0-ae3b-9b4a908d198a,91.74613,,,6.48527,,,,,,,e9589120-7e22-442b-894a-3d9ff1c37833,2025-10-18,17:53:14.35,2025-10-18T13:53:14.3550000-04:00,2025-10-18T17:53:14.3550000Z,,v3,471300,,,"Vaughan, Logan",1000232024,Right,GEO_PAT,812af21a-6e37-44bc-8638-9271f94eb5ee,54.43997,-134.0541,12.19092,6.03378,-8.13826,-8.18367,-2.08022,8.00417,-4.01409,,,,,,,,,,,,,,,,,,,,,,,,,,,,,,,,,,,,,,,,,,,,,,,,,,,High,High,High,,,,,
222,2025-10-18,13:53:33.89,1,5,"Kelsey, Carter",1000469297,Right,GEO_PAT,"Schaefer, Mikey",10126964,Left,NIA_COM,Undefined,6,Top,0,3,1,Fastball,Four-Seam,FoulBallNotFieldable,Undefined,Undefined,Undefined,0,0,,91.87138,-2.142114,-2.941257,2256.074458,214.367171,1:15,6.03059,2.28277,5.8501,-18.70808,14.31765,9.11217,2.47744,0.30651,84.52182,-5.647891,-1.309513,0.413616,82.05214,57.775271,-77.130384,3722.243052,,,,,68.15661,,,-5.45264,8.19473,-2.04888,50,5.84511,6.46144,-133.32484,-5.60436,-9.87812,26.92494,-17.32828,GEO_PAT,NIA_COM,SpuhlerFieldMain,TeamExclusive,Team,20251018-SpuhlerFieldMain-Private-1,5de52b70-ac4b-11f0-ae3b-9b4a908d198a,91.129,91.63669,,7.34956,,,,1.11198,2.66248,-0.35124,e9589120-7e22-442b-894a-3d9ff1c37833,2025-10-18,17:53:33.89,2025-10-18T13:53:33.8980000-04:00,2025-10-18T17:53:33.8980000Z,,v3,471300,,,"Vaughan, Logan",1000232024,Right,GEO_PAT,a3c0059c-026f-4055-8470-1a636e01e3e4,54.65312,-134.26125,13.46247,6.02954,-5.00171,-8.66414,-2.27957,6.80498,-4.93906,,1.11197,14.29597,-12.32633,4.2562,-1.90204,1.41616,-0.7549,0.16422,0.00157,2.66248,101.80539,-27.63084,3.30023,-0.52435,-0.07711,0.13416,-0.05924,0.00965,-0.35124,-62.55993,8.21585,-1.60011,0.29369,-0.05459,-0.01159,0.02045,-0.00621,,,,,,,,,,,,,,,,,,,,,,,High,High,High,Medium,Undefined,,,
223,2025-10-18,13:53:55.28,1,6,"Kelsey, Carter",1000469297,Right,GEO_PAT,"Schaefer, Mikey",10126964,Left,NIA_COM,Undefined,6,Top,0,3,2,Fastball,Four-Seam,FoulBallNotFieldable,Undefined,Undefined,Undefined,0,0,,91.01629,-2.058921,-1.61961,2130.228157,209.827396,1:00,6.02776,2.10582,5.74219,-17.55824,16.19796,8.70134,2.64582,1.32243,83.66848,-5.359446,-0.062512,0.418165,77.06776,52.456692,-82.670173,3961.25631,,,,,69.56855,,,-4.87343,9.11327,-1.97651,50,5.84561,3.36133,-132.16948,-5.31593,-8.66989,26.66496,-15.96148,GEO_PAT,NIA_COM,SpuhlerFieldMain,TeamExclusive,Team,20251018-SpuhlerFieldMain-Private-1,6aa5a290-ac4b-11f0-ae3b-9b4a908d198a,90.13762,76.15709,,7.3478,,,,2.38289,3.3131,-1.36107,e9589120-7e22-442b-894a-3d9ff1c37833,2025-10-18,17:53:55.28,2025-10-18T13:53:55.2880000-04:00,2025-10-18T17:53:55.2880000Z,,v3,471300,,,"Vaughan, Logan",1000232024,Right,GEO_PAT,c61acb39-789b-4400-aff0-70c686f3aa9e,54.76044,-133.12643,13.33248,6.02611,-4.7431,-7.98074,-2.10273,3.67247,-4.33494,,2.3829,8.78621,-4.61196,0.92788,0.28232,-0.72786,0.51305,-0.08388,-0.02735,3.3131,89.62314,-24.09797,2.77935,-0.76094,0.37963,-0.19655,0.02776,0.01063,-1.36107,-68.31438,8.16764,-1.68962,0.18477,0.16501,-0.14639,0.0274,0.00709,,,,,,,,,,,,,,,,,,,,,,,High,High,High,Medium,Undefined,,,
224,2025-10-18,13:54:16.96,1,7,"Kelsey, Carter",1000469297,Right,GEO_PAT,"Schaefer, Mikey",10126964,Left,NIA_COM,Undefined,6,Top,0,3,2,Fastball,Four-Seam,InPlay,Undefined,FlyBall,Out,1,0,,92.66576,-1.823784,-2.474134,2224.734396,214.613115,1:15,6.05553,2.19331,5.82672,-15.4256,17.39544,11.24536,3.07239,0.82886,84.21833,-4.768608,-0.460414,0.412332,91.55013,56.888644,-29.460656,,77.10311,137.73241,-78.45449,211.67784,92.40513,-52.684371,5.873609,-6.49,9.75564,-1.99779,50,5.89733,5.31226,-134.39124,-4.74855,-11.80498,30.59999,-14.42909,GEO_PAT,NIA_COM,SpuhlerFieldMain,TeamExclusive,Team,20251018-SpuhlerFieldMain-Private-1,778bf130-ac4b-11f0-ae3b-9b4a908d198a,91.41273,140.40213,,8.44743,,,,1.93148,3.32598,-0.89943,e9589120-7e22-442b-894a-3d9ff1c37833,2025-10-18,17:54:16.96,2025-10-18T13:54:16.9640000-04:00,2025-10-18T17:54:16.9640000Z,FlyBall,v3,471300,,,"Vaughan, Logan",1000232024,Right,GEO_PAT,1e33759d-0436-4344-9035-967089250d2c,54.67495,-135.45151,15.3,6.0532,-4.24859,-7.21455,-2.18894,5.7213,-5.90249,154.949996,1.92781,63.79594,-24.47352,6.63494,-0.52156,-0.34831,0.13061,-0.01783,0.00088,3.29478,112.99,-30.85673,5.49861,-1.83267,0.48408,-0.07393,0.00544,-0.00014,-0.8917,-36.24677,0.31336,0.27616,0.3776,-0.2692,0.07252,-0.00901,0.00043,,,,,,,,,,,,,,,,,,,,,,,High,High,High,High,Low,,,
225,2025-10-18,13:54:54.20,2,1,"Kelsey, Carter",1000469297,Right,GEO_PAT,"Harper, Dalton",1000115726,Right,NIA_COM,Undefined,6,Top,1,0,0,Slider,Slider,StrikeSwinging,Undefined,Undefined,Undefined,0,0,,81.43547,-0.699558,-2.103653,2349.061015,96.794174,9:15,5.84192,2.4846,5.80381,-39.36589,2.89087,-13.50705,1.91032,-0.59841,75.08537,-7.916138,-4.52293,0.467864,,,,,,,,,,,,6.35079,2.03854,-2.30347,50,5.76077,4.85931,-118.27625,-2.72761,8.99214,22.65465,-29.28763,GEO_PAT,NIA_COM,SpuhlerFieldMain,TeamExclusive,Team,20251018-SpuhlerFieldMain-Private-1,8dcfdce0-ac4b-11f0-ae3b-9b4a908d198a,80.56285,,,6.3501,,,,,,,e9589120-7e22-442b-894a-3d9ff1c37833,2025-10-18,17:54:54.20,2025-10-18T13:54:54.2090000-04:00,2025-10-18T17:54:54.2090000Z,,v3,471300,,,"Vaughan, Logan",1000232024,Right,GEO_PAT,e568da75-f931-4f3e-b4fb-ff6cdbb0b2bd,54.69976,-119.17305,11.32733,5.84579,-1.56825,-14.64382,-2.48878,4.50335,4.49607,,,,,,,,,,,,,,,,,,,,,,,,,,,,,,,,,,,,,,,,,,,,,,,,,,,High,High,High,,,,,
226,2025-10-18,13:55:11.62,2,2,"Kelsey, Carter",1000469297,Right,GEO_PAT,"Harper, Dalton",1000115726,Right,NIA_COM,Undefined,6,Top,1,0,1,Slider,Slider,StrikeCalled,Undefined,Undefined,Undefined,0,0,,80.42545,0.971474,-2.025841,2328.815452,94.832626,9:15,5.75054,2.42819,5.40227,-41.4127,2.51957,-14.27591,3.2105,-0.66064,74.01974,-6.586414,-4.561064,0.477049,,,,,,,,,,,,6.6087,1.42413,-2.23732,50,5.80825,4.70791,-116.73784,0.55157,9.13683,21.58881,-30.20511,GEO_PAT,NIA_COM,SpuhlerFieldMain,TeamExclusive,Team,20251018-SpuhlerFieldMain-Private-1,980feab0-ac4b-11f0-ae3b-9b4a908d198a,79.01164,,,6.40571,,,,,,,e9589120-7e22-442b-894a-3d9ff1c37833,2025-10-18,17:55:11.62,2025-10-18T13:55:11.6240000-04:00,2025-10-18T17:55:11.6240000Z,,v3,471300,,,"Vaughan, Logan",1000232024,Right,GEO_PAT,239d30ba-2cdc-4a98-8aca-902e636001c5,55.1003,-117.67727,10.7944,5.75566,1.86595,-15.10256,-2.43353,4.31032,4.56841,,,,,,,,,,,,,,,,,,,,,,,,,,,,,,,,,,,,,,,,,,,,,,,,,,,High,High,High,,,,,
227,2025-10-18,13:55:28.38,2,3,"Kelsey, Carter",1000469297,Right,GEO_PAT,"Harper, Dalton",1000115726,Right,NIA_COM,Undefined,6,Top,1,0,2,Fastball,Four-Seam,FoulBallNotFieldable,Undefined,Undefined,Undefined,0,0,,92.61535,-1.824363,-3.424772,2235.082815,209.767383,1:00,6.09854,1.99188,5.84674,-14.98099,17.66836,9.51827,3.1511,-0.40145,84.73618,-4.67585,-1.722384,0.411252,89.6675,42.33341,53.300097,4623.410168,51.53477,89.28287,97.181,270.27194,126.352,71.686332,5.284866,-5.79681,9.83871,-1.71847,50,5.941,7.61945,-134.29808,-4.73444,-10.61401,28.38609,-14.15923,GEO_PAT,NIA_COM,SpuhlerFieldMain,TeamExclusive,Team,20251018-SpuhlerFieldMain-Private-1,a2200ee0-ac4b-11f0-ae3b-9b4a908d198a,91.65281,102.22924,,7.87918,,,,0.16758,2.82816,0.12307,e9589120-7e22-442b-894a-3d9ff1c37833,2025-10-18,17:55:28.38,2025-10-18T13:55:28.3890000-04:00,2025-10-18T17:55:28.3890000Z,FlyBall,v3,471300,,,"Vaughan, Logan",1000232024,Right,GEO_PAT,2dd779e2-ab68-4014-a0cb-a0080ace1f2c,54.65523,-135.27846,14.19305,6.09608,-4.24541,-7.07961,-1.98796,7.98603,-5.307,,0.19074,57.63905,-22.42214,4.81234,0.32348,-0.56424,0.15672,-0.01873,0.00084,2.82352,88.62782,-23.18874,1.59671,0.20559,-0.24398,0.08202,-0.01232,0.00069,0.1302,77.79426,-11.0509,0.92293,0.71678,-0.42783,0.10893,-0.01342,0.00065,,,,,,,,,,,,,,,,,,,,,,,High,High,High,Medium,Low,,,
228,2025-10-18,13:55:51.01,2,4,"Kelsey, Carter",1000469297,Right,GEO_PAT,"Harper, Dalton",1000115726,Right,NIA_COM,Undefined,6,Top,1,0,2,Fastball,Four-Seam,BallCalled,Undefined,Undefined,Undefined,0,0,,92.22643,-0.557165,-2.339998,2155.350064,199.878579,12:45,6.0766,2.02144,5.71057,-14.84595,18.34576,6.24174,4.31989,0.3602,83.87775,-3.396546,-1.225072,0.414654,,,,,,,,,,,,-3.81567,9.77906,-1.82914,50,6.02074,5.18106,-133.782,-1.73885,-6.89755,29.54981,-14.49653,GEO_PAT,NIA_COM,SpuhlerFieldMain,TeamExclusive,Team,20251018-SpuhlerFieldMain-Private-1,af83cae0-ac4b-11f0-ae3b-9b4a908d198a,90.90089,,,8.34868,,,,,,,e9589120-7e22-442b-894a-3d9ff1c37833,2025-10-18,17:55:51.01,2025-10-18T13:55:51.0130000-04:00,2025-10-18T17:55:51.0130000Z,,v3,471300,,,"Vaughan, Logan",1000232024,Right,GEO_PAT,7eb3ea7f-32a8-4b63-85f9-41f125c5b5f3,54.78878,-134.8356,14.77491,6.07352,-1.22198,-7.24826,-2.01826,5.42699,-3.44878,,,,,,,,,,,,,,,,,,,,,,,,,,,,,,,,,,,,,,,,,,,,,,,,,,,High,High,High,,,,,
229,2025-10-18,13:56:09.00,2,5,"Kelsey, Carter",1000469297,Right,GEO_PAT,"Harper, Dalton",1000115726,Right,NIA_COM,Undefined,6,Top,1,1,2,Fastball,Four-Seam,BallCalled,Undefined,Undefined,Undefined,0,0,,92.70556,-3.436508,-4.438628,2140.30827,203.151376,12:45,5.99219,2.02406,5.7537,-14.3491,18.73399,7.52847,1.58374,-1.48899,84.35273,-6.173059,-3.097506,0.413976,,,,,,,,,,,,-5.09111,10.84402,-1.65941,50,5.69704,10.05568,-133.95572,-8.48411,-9.21625,29.9421,-12.54344,GEO_PAT,NIA_COM,SpuhlerFieldMain,TeamExclusive,Team,20251018-SpuhlerFieldMain-Private-1,ba3dc3a0-ac4b-11f0-ae3b-9b4a908d198a,91.04992,,,8.35283,,,,,,,e9589120-7e22-442b-894a-3d9ff1c37833,2025-10-18,17:56:09.00,2025-10-18T13:56:09.0090000-04:00,2025-10-18T17:56:09.0090000Z,,v3,471300,,,"Vaughan, Logan",1000232024,Right,GEO_PAT,5187c4d1-30ba-4e1a-a013-18fdfbfc9f56,54.746,-135.01239,14.97105,5.98864,-8.04145,-6.27172,-2.02002,10.38093,-4.60813,,,,,,,,,,,,,,,,,,,,,,,,,,,,,,,,,,,,,,,,,,,,,,,,,,,High,High,High,,,,,
230,2025-10-18,13:56:28.98,2,6,"Kelsey, Carter",1000469297,Right,GEO_PAT,"Harper, Dalton",1000115726,Right,NIA_COM,Undefined,6,Top,1,2,2,Slider,Slider,BallCalled,Undefined,Undefined,Undefined,0,0,,80.64385,-0.162362,-3.058527,2406.7125,87.780527,9:00,5.77941,2.36883,5.73715,-42.4792,0.56933,-16.64595,2.08807,-1.86926,74.81558,-7.905963,-6.029501,0.472227,,,,,,,,,,,,7.69304,0.70846,-2.10346,50,5.73969,6.89314,-117.10697,-1.73447,10.73302,21.15021,-31.18562,GEO_PAT,NIA_COM,SpuhlerFieldMain,TeamExclusive,Team,20251018-SpuhlerFieldMain-Private-1,c6521c40-ac4b-11f0-ae3b-9b4a908d198a,79.81854,,,5.82828,,,,,,,e9589120-7e22-442b-894a-3d9ff1c37833,2025-10-18,17:56:28.98,2025-10-18T13:56:28.9850000-04:00,2025-10-18T17:56:28.9850000Z,,v3,471300,,,"Vaughan, Logan",1000232024,Right,GEO_PAT,9a436a02-6b97-41b2-8dea-63127d68813c,54.76731,-117.96483,10.57511,5.78438,-0.46957,-15.59281,-2.37423,6.4578,5.36651,,,,,,,,,,,,,,,,,,,,,,,,,,,,,,,,,,,,,,,,,,,,,,,,,,,High,High,High,,,,,
231,2025-10-18,13:56:47.41,2,7,"Kelsey, Carter",1000469297,Right,GEO_PAT,"Harper, Dalton",1000115726,Right,NIA_COM,Undefined,6,Top,1,3,2,Fastball,Four-Seam,FoulBallNotFieldable,Undefined,Undefined,Undefined,0,0,,91.92349,-2.464587,-2.384195,2253.591841,202.016977,12:45,5.96862,2.094,5.73075,-16.11985,17.27485,6.54406,2.32651,0.41754,83.89231,-5.517973,-1.214442,0.41592,65.73434,38.316114,154.97677,3883.755779,-103.64452,42.52487,36.84851,187.11165,80.68597,163.348366,3.047545,-4.01795,9.82784,-1.89917,50,5.75301,5.26143,-133.28135,-6.24316,-7.21422,29.13479,-14.52822,GEO_PAT,NIA_COM,SpuhlerFieldMain,TeamExclusive,Team,20251018-SpuhlerFieldMain-Private-1,d13e6fa0-ac4b-11f0-ae3b-9b4a908d198a,90.62421,43.12231,,8.03118,,,,0.87824,2.33445,-0.39388,e9589120-7e22-442b-894a-3d9ff1c37833,2025-10-18,17:56:47.41,2025-10-18T13:56:47.4180000-04:00,2025-10-18T17:56:47.4180000Z,FlyBall,v3,471300,,,"Vaughan, Logan",1000232024,Right,GEO_PAT,4920f179-368b-4e53-8303-a1ca2decbfca,54.77088,-134.32019,14.5674,5.96639,-5.72513,-7.26411,-2.09136,5.51866,-3.60711,316.900103,0.87787,-68.52986,1.73261,0.90357,-0.32074,0.03049,0.03953,-0.01515,0.00161,2.33463,59.76709,-24.69282,2.43322,-0.22401,-0.13811,0.07195,-0.01341,0.0009,-0.39353,31.9834,-7.3823,1.31333,0.03824,-0.18342,0.06044,-0.00662,8E-05,,,,,,,,,,,,,,,,,,,,,,,High,High,High,High,Medium,,,
232,2025-10-18,13:57:10.55,2,8,"Kelsey, Carter",1000469297,Right,GEO_PAT,"Harper, Dalton",1000115726,Right,NIA_COM,Undefined,6,Top,1,3,2,Fastball,Four-Seam,StrikeCalled,Strikeout,Undefined,Undefined,0,0,,92.56587,-2.951188,-3.711187,2325.64058,209.404075,1:00,5.97677,2.07136,5.87941,-16.94899,15.90753,8.35422,1.81523,-0.68406,84.4762,-6.15389,-2.216474,0.412555,,,,,,,,,,,,-5.30721,9.29189,-1.77579,50,5.72775,8.32174,-134.00719,-7.4487,-9.63526,29.39203,-15.3045,GEO_PAT,NIA_COM,SpuhlerFieldMain,TeamExclusive,Team,20251018-SpuhlerFieldMain-Private-1,df0ad880-ac4b-11f0-ae3b-9b4a908d198a,91.36337,,,8.08967,,,,,,,e9589120-7e22-442b-894a-3d9ff1c37833,2025-10-18,17:57:10.55,2025-10-18T13:57:10.5560000-04:00,2025-10-18T17:57:10.5560000Z,,v3,471300,,,"Vaughan, Logan",1000232024,Right,GEO_PAT,2251718a-b9d2-4810-a1da-a0c6cfa1ca3a,54.62116,-135.01695,14.69602,5.97462,-6.92291,-7.65225,-2.06737,8.65276,-4.81763,,,,,,,,,,,,,,,,,,,,,,,,,,,,,66.20576,,,1.014478,,,,-0.61621,4.73025,-3.60162,68.91591,8.58625,-55.86689,-0.5499,74.05655,-5.47794,4.80872,19.11298,-15.13841,-3.69269,-57.61105,6.05965,High,High,High,,,High,High,High
233,2025-10-18,13:57:40.15,3,1,"Kelsey, Carter",1000469297,Right,GEO_PAT,"Panzarella, Joey",10100201,Left,NIA_COM,Undefined,6,Top,2,0,0,Splitter,Changeup,BallCalled,Undefined,Undefined,Undefined,0,0,,85.50866,-2.556388,-2.296457,1674.729461,224.794402,1:30,5.86219,2.21222,5.776,-27.95065,10.42445,9.15941,1.15061,0.83737,78.67078,-7.719998,-0.655501,0.445857,,,,,,,,,,,,-5.3237,6.37335,-2.02811,50,5.63375,4.60654,-124.05106,-6.46093,-8.31313,24.32817,-22.2219,GEO_PAT,NIA_COM,SpuhlerFieldMain,TeamExclusive,Team,20251018-SpuhlerFieldMain-Private-1,f0b1bc70-ac4b-11f0-ae3b-9b4a908d198a,84.53921,,,6.83789,,,,,,,e9589120-7e22-442b-894a-3d9ff1c37833,2025-10-18,17:57:40.15,2025-10-18T13:57:40.1540000-04:00,2025-10-18T17:57:40.1540000Z,,v3,471300,,,"Vaughan, Logan",1000232024,Right,GEO_PAT,8b234798-65ac-4d1d-a9a2-fc8881ac95e4,54.72667,-124.97459,12.16409,5.863,-5.61736,-11.11095,-2.20897,4.92212,-4.15657,,,,,,,,,,,,,,,,,,,,,,,,,,,,,,,,,,,,,,,,,,,,,,,,,,,High,High,High,,,,,
234,2025-10-18,13:57:57.95,3,2,"Kelsey, Carter",1000469297,Right,GEO_PAT,"Panzarella, Joey",10100201,Left,NIA_COM,Undefined,6,Top,2,1,0,Fastball,Four-Seam,BallCalled,Undefined,Undefined,Undefined,0,0,,92.25199,-3.833344,-4.264535,2300.155663,208.282989,1:00,5.90399,2.15532,6.06287,-16.02584,16.91426,8.51237,1.00537,-1.08967,84.25308,-6.874434,-2.738039,0.41308,,,,,,,,,,,,-5.68961,10.19638,-1.82857,50,5.59677,9.605,-133.44185,-9.44344,-10.22848,29.51349,-13.84353,GEO_PAT,NIA_COM,SpuhlerFieldMain,TeamExclusive,Team,20251018-SpuhlerFieldMain-Private-1,fb49fc60-ac4b-11f0-ae3b-9b4a908d198a,91.2474,,,7.99891,,,,,,,e9589120-7e22-442b-894a-3d9ff1c37833,2025-10-18,17:57:57.95,2025-10-18T13:57:57.9540000-04:00,2025-10-18T17:57:57.9540000Z,,v3,471300,,,"Vaughan, Logan",1000232024,Right,GEO_PAT,56fad4fb-3397-47d6-a1ba-4ea11e5a2fed,54.44113,-134.42052,14.75674,5.9023,-8.98439,-6.92177,-2.15269,9.94417,-5.11424,,,,,,,,,,,,,,,,,,,,,,,,,,,,,,,,,,,,,,,,,,,,,,,,,,,High,High,High,,,,,
235,2025-10-18,13:58:18.82,3,3,"Kelsey, Carter",1000469297,Right,GEO_PAT,"Panzarella, Joey",10100201,Left,NIA_COM,Undefined,6,Top,2,2,0,Fastball,Four-Seam,InPlay,Undefined,GroundBall,Out,1,0,,92.00719,-2.296152,-3.413176,2268.311496,213.881453,1:15,6.04506,2.20523,5.83619,-16.12985,17.05623,10.73379,2.56168,-0.07662,84.05064,-5.355993,-1.493318,0.414619,79.18926,0.127511,3.215123,1590.654291,,,,39.35058,36.68119,3.076722,0.346574,-6.44315,9.67993,-1.93294,50,5.84792,7.48564,-133.3515,-5.84975,-11.60378,28.63845,-14.741,GEO_PAT,NIA_COM,SpuhlerFieldMain,TeamExclusive,Team,20251018-SpuhlerFieldMain-Private-1,07bca1a0-ac4c-11f0-ae3b-9b4a908d198a,90.90855,2.47624,,7.95655,,,,0.67836,2.47624,0.08891,e9589120-7e22-442b-894a-3d9ff1c37833,2025-10-18,17:58:18.82,2025-10-18T13:58:18.8270000-04:00,2025-10-18T17:58:18.8270000Z,GroundBall,v3,471300,,,"Vaughan, Logan",1000232024,Right,GEO_PAT,ba82c776-a275-4abf-b9db-2f7721e08c42,54.66579,-134.34978,14.31923,6.04287,-5.3359,-7.3705,-2.20093,7.89013,-5.80189,12.102909,0.68054,115.87709,-12.89433,,,,,,,2.48072,0.08639,-20.93853,,,,,,,0.08953,6.48986,-1.89225,,,,,,,,,,,,,,,,,,,,,,,,,,,,,High,High,High,High,High,,,
236,2025-10-18,14:00:13.94,1,1,"Putney, Ashton",10276552,Right,NIA_COM,"Clyne , Owen",1000230336,Left,GEO_PAT,Undefined,6,Bottom,0,0,0,Fastball,Changeup,BallCalled,Undefined,Undefined,Undefined,0,0,,85.69333,-1.526668,-2.234083,2063.374096,250.521858,2:15,5.42512,2.07967,6.05638,-30.56136,7.59654,17.77497,1.46374,1.49186,77.95831,-7.220989,0.968317,0.444594,,,,,,,,,,,,-9.81469,4.77662,-1.91521,50,5.2901,4.13569,-124.33315,-4.29415,-15.21602,27.16224,-24.76869,GEO_PAT,NIA_COM,SpuhlerFieldMain,TeamExclusive,Team,20251018-SpuhlerFieldMain-Private-1,4c5f95b0-ac4c-11f0-ae3b-9b4a908d198a,84.77948,,,7.73502,,,,,,,e9589120-7e22-442b-894a-3d9ff1c37833,2025-10-18,18:00:13.94,2025-10-18T14:00:13.9400000-04:00,2025-10-18T18:00:13.9400000Z,,v3,471300,,,"Harper, Dalton",1000115726,Right,NIA_COM,4c6de706-4b72-496c-ab77-e39d9697933b,54.44501,-125.30046,13.58112,5.42732,-3.41208,-12.38434,-2.07214,4.67757,-7.60801,,,,,,,,,,,,,,,,,,,,,,,,,,,,,,,,,,,,,,,,,,,,,,,,,,,High,High,High,,,,,
237,2025-10-18,14:00:26.79,1,2,"Putney, Ashton",10276552,Right,NIA_COM,"Clyne , Owen",1000230336,Left,GEO_PAT,Undefined,6,Bottom,0,1,0,Fastball,Changeup,InPlay,Undefined,FlyBall,Single,0,0,,86.41739,-1.691787,-2.941663,2103.944621,234.811222,1:45,5.5005,2.1368,6.07518,-23.82612,13.40595,17.31072,1.947,0.85493,79.04924,-6.166028,0.173455,0.439167,63.80976,36.77303,-26.249355,4577.488972,92.03013,49.57344,-60.25277,189.33683,179.94104,-37.770441,3.728284,-9.80796,7.75126,-1.91829,50,5.35663,5.76603,-125.41975,-4.43135,-15.60409,25.64505,-19.84213,GEO_PAT,NIA_COM,SpuhlerFieldMain,TeamExclusive,Team,20251018-SpuhlerFieldMain-Private-1,53ff2f10-ac4c-11f0-ae3b-9b4a908d198a,85.82709,49.65631,,7.36815,,,,1.73045,2.03872,-0.85882,e9589120-7e22-442b-894a-3d9ff1c37833,2025-10-18,18:00:26.79,2025-10-18T14:00:26.7910000-04:00,2025-10-18T18:00:26.7910000Z,FlyBall,v3,471300,,,"Harper, Dalton",1000115726,Right,NIA_COM,659fed66-4d76-4672-970c-9575b70381cf,54.42806,-126.32193,12.82252,5.50024,-3.73332,-9.92106,-2.13079,6.31497,-7.80204,145.240191,1.73063,67.23236,-14.52077,3.44705,-0.6815,0.13309,-0.03742,0.00849,-0.00076,2.03937,56.00223,-17.76724,0.66414,0.27041,-0.24795,0.09673,-0.01776,0.00123,-0.85908,-33.14716,-0.01097,0.55316,-0.20692,0.04776,-0.00776,0.0007,-2E-05,,,,,,,,,,,,,,,,,,,,,,,High,High,High,High,Medium,,,
238,2025-10-18,14:00:58.95,2,1,"Putney, Ashton",10276552,Right,NIA_COM,"Terilli, Lucas",1000469290,Left,GEO_PAT,Undefined,6,Bottom,0,0,0,Fastball,Changeup,BallCalled,Undefined,Undefined,Undefined,0,0,,84.39604,-1.577533,-3.884779,2075.147297,247.845731,2:15,5.41653,2.15881,6.11165,-31.24368,7.86855,16.18733,1.35042,-0.09002,77.21609,-7.388646,-0.972241,0.450119,,,,,,,,,,,,-9.51115,4.88422,-1.86869,50,5.27871,7.69042,-122.36501,-4.3497,-14.38014,24.78,-24.78949,GEO_PAT,NIA_COM,SpuhlerFieldMain,TeamExclusive,Team,20251018-SpuhlerFieldMain-Private-1,672e60b0-ac4c-11f0-ae3b-9b4a908d198a,83.7388,,,7.17994,,,,,,,e9589120-7e22-442b-894a-3d9ff1c37833,2025-10-18,18:00:58.95,2025-10-18T14:00:58.9580000-04:00,2025-10-18T18:00:58.9580000Z,,v3,471300,,,"Harper, Dalton",1000115726,Right,NIA_COM,400f5025-7d6e-4151-be11-a6a07a05289c,54.39148,-123.25111,12.39,5.4184,-3.46325,-12.39475,-2.15289,8.20464,-7.19007,,,,,,,,,,,,,,,,,,,,,,,,,,,,,,,,,,,,,,,,,,,,,,,,,,,High,High,High,,,,,
239,2025-10-18,14:01:13.40,2,2,"Putney, Ashton",10276552,Right,NIA_COM,"Terilli, Lucas",1000469290,Left,GEO_PAT,Undefined,6,Bottom,0,1,0,Fastball,Changeup,BallCalled,Undefined,Undefined,Undefined,0,0,,83.88093,-1.977947,-5.004321,2015.486811,233.001227,1:45,5.29249,2.25284,6.23859,-26.02529,13.36993,16.06233,1.29138,-1.03682,76.86253,-6.86022,-2.116262,0.451745,,,,,,,,,,,,-9.77205,7.86233,-1.88686,50,5.13143,10.04248,-121.46794,-4.96027,-14.61409,23.57482,-20.41594,GEO_PAT,NIA_COM,SpuhlerFieldMain,TeamExclusive,Team,20251018-SpuhlerFieldMain-Private-1,6fc83890-ac4c-11f0-ae3b-9b4a908d198a,83.43745,,,7.0184,,,,,,,e9589120-7e22-442b-894a-3d9ff1c37833,2025-10-18,18:01:13.40,2025-10-18T14:01:13.4060000-04:00,2025-10-18T18:01:13.4060000Z,,v3,471300,,,"Harper, Dalton",1000115726,Right,NIA_COM,00839d3e-2a97-4240-a8fd-ff4a8ac856d0,54.26488,-122.29288,11.78741,5.2925,-4.24587,-10.20797,-2.24722,10.55387,-7.30705,,,,,,,,,,,,,,,,,,,,,,,,,,,,,,,,,,,,,,,,,,,,,,,,,,,High,High,High,,,,,
240,2025-10-18,14:01:31.66,2,3,"Putney, Ashton",10276552,Right,NIA_COM,"Terilli, Lucas",1000469290,Left,GEO_PAT,Undefined,6,Bottom,0,2,0,Fastball,Changeup,BallCalled,Undefined,Undefined,Undefined,0,0,,84.66322,-1.17091,-4.63043,2068.891587,238.408555,2:00,5.3575,2.05656,6.23533,-28.84596,10.05245,14.19304,1.86977,-1.04177,77.02286,-6.578404,-2.076679,0.448887,,,,,,,,,,,,-8.77646,5.945,-1.71736,50,5.25555,9.39294,-122.61846,-3.37539,-13.26826,25.83391,-23.18639,GEO_PAT,NIA_COM,SpuhlerFieldMain,TeamExclusive,Team,20251018-SpuhlerFieldMain-Private-1,7ab4da10-ac4c-11f0-ae3b-9b4a908d198a,83.96863,,,7.64037,,,,,,,e9589120-7e22-442b-894a-3d9ff1c37833,2025-10-18,18:01:31.66,2025-10-18T14:01:31.6670000-04:00,2025-10-18T18:01:31.6670000Z,,v3,471300,,,"Harper, Dalton",1000115726,Right,NIA_COM,5ef92dd5-42d0-48c3-9994-ff7155fb2a88,54.26691,-123.51416,12.91696,5.35865,-2.57148,-11.5932,-2.051,9.85298,-6.63413,,,,,,,,,,,,,,,,,,,,,,,,,,,,,,,,,,,,,,,,,,,,,,,,,,,High,High,High,,,,,
241,2025-10-18,14:01:48.30,2,4,"Putney, Ashton",10276552,Right,NIA_COM,"Terilli, Lucas",1000469290,Left,GEO_PAT,Undefined,6,Bottom,0,3,0,Fastball,Changeup,StrikeCalled,Undefined,Undefined,Undefined,0,0,,83.27934,-0.462766,-3.298699,2046.042361,239.423284,2:00,5.42277,2.12482,6.23491,-29.98029,10.42127,15.15694,2.49677,0.34132,75.15109,-6.112074,-0.564696,0.457478,,,,,,,,,,,,-8.87359,5.98453,-1.88544,50,5.37355,6.36887,-120.70258,-1.85698,-12.89103,26.84172,-23.48007,GEO_PAT,NIA_COM,SpuhlerFieldMain,TeamExclusive,Team,20251018-SpuhlerFieldMain-Private-1,849b2f20-ac4c-11f0-ae3b-9b4a908d198a,82.39177,,,8.12825,,,,,,,e9589120-7e22-442b-894a-3d9ff1c37833,2025-10-18,18:01:48.30,2025-10-18T14:01:48.3050000-04:00,2025-10-18T18:01:48.3050000Z,,v3,471300,,,"Harper, Dalton",1000115726,Right,NIA_COM,14bf2aae-6484-4692-80ac-8041f55ae129,54.26458,-121.64724,13.42086,5.42436,-1.03063,-11.74004,-2.11757,6.82255,-6.44551,,,,,,,,,,,,,,,,,,,,,,,,,,,,,,,,,,,,,,,,,,,,,,,,,,,High,High,High,,,,,
242,2025-10-18,14:02:03.54,2,5,"Putney, Ashton",10276552,Right,NIA_COM,"Terilli, Lucas",1000469290,Left,GEO_PAT,Undefined,6,Bottom,0,3,1,Fastball,Changeup,StrikeSwinging,Undefined,Undefined,Undefined,0,0,,83.39432,-0.922792,-4.514683,2031.695931,245.719277,2:15,5.42285,2.03883,6.23079,-31.85947,8.07993,15.00221,1.91379,-0.88497,76.17254,-6.868452,-1.814027,0.454854,,,,,,,,,,,,-9.1128,4.83548,-1.70836,50,5.33786,8.98346,-120.85563,-2.90997,-13.43257,24.29442,-25.0464,GEO_PAT,NIA_COM,SpuhlerFieldMain,TeamExclusive,Team,20251018-SpuhlerFieldMain-Private-1,8daa0ff0-ac4c-11f0-ae3b-9b4a908d198a,82.86712,,,7.22178,,,,,,,e9589120-7e22-442b-894a-3d9ff1c37833,2025-10-18,18:02:03.54,2025-10-18T14:02:03.5450000-04:00,2025-10-18T18:02:03.5450000Z,,v3,471300,,,"Harper, Dalton",1000115726,Right,NIA_COM,6833ce33-0d82-4ef2-9c18-cfed4acb6811,54.27205,-121.71137,12.14721,5.42482,-2.02774,-12.5232,-2.03312,9.45661,-6.71628,,,,,,,,,,,,,,,,,,,,,,,,,,,,,,,,,,,,,,,,,,,,,,,,,,,High,High,High,,,,,
243,2025-10-18,14:02:21.37,2,6,"Putney, Ashton",10276552,Right,NIA_COM,"Terilli, Lucas",1000469290,Left,GEO_PAT,Undefined,6,Bottom,0,3,2,Fastball,Changeup,InPlay,Undefined,GroundBall,Out,1,0,,86.63751,0.157785,-3.329342,2075.001777,243.185292,2:00,5.4523,2.14563,6.1369,-28.34021,8.71957,14.85221,3.2367,0.30267,78.89678,-5.149776,-0.656245,0.43815,68.4715,-51.765032,23.27798,,,,,4.50557,4.50557,9.138718,0.041556,-8.67382,4.80961,-1.89898,50,5.44966,6.72905,-125.71757,-0.54259,-13.82243,26.50298,-24.50957,GEO_PAT,NIA_COM,SpuhlerFieldMain,TeamExclusive,Team,20251018-SpuhlerFieldMain-Private-1,984fbd60-ac4c-11f0-ae3b-9b4a908d198a,86.02634,3.29462,,7.74073,,,,2.06382,3.29462,-0.31027,e9589120-7e22-442b-894a-3d9ff1c37833,2025-10-18,18:02:21.37,2025-10-18T14:02:21.3740000-04:00,2025-10-18T18:02:21.3740000Z,GroundBall,v3,471300,,,"Harper, Dalton",1000115726,Right,NIA_COM,b453cc6d-a975-4616-869a-56dcac435b58,54.36576,-126.63459,13.25149,5.45376,0.30546,-12.25478,-2.14008,7.20732,-6.91121,,2.06188,57.38232,,,,,,,,3.2973,-79.28212,,,,,,,,-0.3111,24.68659,,,,,,,,,,,,,,,,,,,,,,,,,,,,,,High,High,High,Estimated,Estimated,,,
244,2025-10-18,14:02:57.42,3,1,"Putney, Ashton",10276552,Right,NIA_COM,"Alberti, Lucas",1000145512,Right,GEO_PAT,Undefined,6,Bottom,1,0,0,Fastball,Changeup,InPlay,Undefined,GroundBall,Single,0,1,,84.98436,-1.168513,-3.507904,2049.382181,234.76029,1:45,5.53336,1.79785,6.13948,-26.39793,11.9752,15.22808,2.2514,-0.17926,77.83377,-6.114366,-0.766806,0.445846,96.37878,-17.508024,21.595395,,,,,8.34379,8.05587,19.414375,0.052749,-8.86516,6.87886,-1.5378,50,5.43032,6.97339,-123.31689,-3.31425,-13.65942,24.38435,-21.57513,GEO_PAT,NIA_COM,SpuhlerFieldMain,TeamExclusive,Team,20251018-SpuhlerFieldMain-Private-1,adc75860-ac4c-11f0-ae3b-9b4a908d198a,84.54138,2.24679,,7.15059,,,,1.24687,2.24679,0.15205,e9589120-7e22-442b-894a-3d9ff1c37833,2025-10-18,18:02:57.42,2025-10-18T14:02:57.4220000-04:00,2025-10-18T18:02:57.4220000Z,GroundBall,v3,471300,,,"Harper, Dalton",1000115726,Right,NIA_COM,7c883dce-081e-44cb-9ee0-279b5b0baba3,54.36331,-124.17668,12.19218,5.53377,-2.55351,-10.78757,-1.79218,7.45503,-6.82971,180,1.24515,125.5469,,,,,,,,2.24738,-42.59395,,,,,,,,0.15136,49.69586,,,,,,,,,,,,,,,,,,,,,,,,,,,,,,High,High,High,Low,Low,,,
245,2025-10-18,14:03:36.02,4,1,"Putney, Ashton",10276552,Right,NIA_COM,"Butler, Jake",1000136500,Right,GEO_PAT,Undefined,6,Bottom,1,0,0,Fastball,Changeup,InPlay,Undefined,FlyBall,Out,1,0,,84.48477,-1.3413,-4.171338,2036.864647,233.381137,1:45,5.65885,1.92149,6.38287,-25.04777,13.49473,16.4943,2.33409,-0.54827,77.30256,-6.067872,-1.192323,0.446829,89.76884,26.885619,20.063918,5226.324261,98.45702,49.27874,49.05319,292.99328,272.22623,38.865958,4.250923,-9.81217,7.78599,-1.62802,50,5.55025,8.33114,-122.53818,-3.57837,-14.91678,24.2509,-20.33755,GEO_PAT,NIA_COM,SpuhlerFieldMain,TeamExclusive,Team,20251018-SpuhlerFieldMain-Private-1,c4cd0d70-ac4c-11f0-ae3b-9b4a908d198a,84.35541,59.83995,,7.18221,,,,1.44105,2.39568,0.57669,e9589120-7e22-442b-894a-3d9ff1c37833,2025-10-18,18:03:36.02,2025-10-18T14:03:36.0250000-04:00,2025-10-18T18:03:36.0250000Z,FlyBall,v3,471300,,,"Harper, Dalton",1000115726,Right,NIA_COM,f9cd0948-3292-43d1-8c4a-7e531b251743,54.12035,-123.35093,12.12545,5.65875,-2.89678,-10.16878,-1.9156,8.83106,-7.45839,224.964042,1.44026,110.3272,-27.34321,6.64802,-1.65466,0.4299,-0.09565,0.01315,-0.00076,2.39664,59.50986,-16.4083,0.26317,0.34251,-0.19352,0.05546,-0.00769,0.00041,0.57608,40.29731,4.21414,-2.117,0.59955,-0.12503,0.0196,-0.00193,8E-05,,,,,,,,,,,,,,,,,,,,,,,High,High,High,High,Medium,,,
246,2025-10-18,14:04:11.72,5,1,"Putney, Ashton",10276552,Right,NIA_COM,"Westley, Matthew",824016,Right,GEO_PAT,Undefined,6,Bottom,2,0,0,Fastball,Changeup,BallCalled,Undefined,Undefined,Undefined,0,0,,84.70736,0.400508,-2.887894,2002.245827,224.193373,1:30,5.68444,1.91449,6.05237,-24.21738,14.12363,12.67457,4.03757,0.29502,78.11063,-4.13918,-0.610063,0.44566,,,,,,,,,,,,-7.21178,7.51666,-1.6962,50,5.70245,5.7091,-123.0776,0.13729,-11.18656,21.85394,-20.51453,GEO_PAT,NIA_COM,SpuhlerFieldMain,TeamExclusive,Team,20251018-SpuhlerFieldMain-Private-1,d9f92080-ac4c-11f0-ae3b-9b4a908d198a,84.57676,,,6.59672,,,,,,,e9589120-7e22-442b-894a-3d9ff1c37833,2025-10-18,18:04:11.72,2025-10-18T14:04:11.7220000-04:00,2025-10-18T18:04:11.7220000Z,,v3,471300,,,"Harper, Dalton",1000115726,Right,NIA_COM,af51a4e4-9ffb-4fe1-be26-43aa878ee8f4,54.44975,-123.86519,10.92697,5.68418,0.87661,-10.25727,-1.90922,6.11225,-5.59328,,,,,,,,,,,,,,,,,,,,,,,,,,,,,,,,,,,,,,,,,,,,,,,,,,,High,High,High,,,,,
247,2025-10-18,14:04:25.99,5,2,"Putney, Ashton",10276552,Right,NIA_COM,"Westley, Matthew",824016,Right,GEO_PAT,Undefined,6,Bottom,2,1,0,Fastball,Changeup,InPlay,Undefined,FlyBall,Out,1,0,,85.17563,-0.540739,-3.000014,2085.847432,232.407157,1:45,5.3343,2.22303,6.16317,-24.68202,13.37308,15.83706,2.77723,0.76884,78.0528,-5.183224,-0.146838,0.443995,96.85051,31.789465,-9.546557,3593.490013,109.08304,67.128,-14.17306,321.52623,319.17248,-0.645765,5.48202,-9.10225,7.42595,-2.00361,50,5.28049,5.88831,-123.71702,-1.89787,-14.13238,24.27268,-20.64432,GEO_PAT,NIA_COM,SpuhlerFieldMain,TeamExclusive,Team,20251018-SpuhlerFieldMain-Private-1,e29653c0-ac4c-11f0-ae3b-9b4a908d198a,84.89392,96.67697,,7.12282,,,,1.87098,2.8574,-0.77603,e9589120-7e22-442b-894a-3d9ff1c37833,2025-10-18,18:04:25.99,2025-10-18T14:04:25.9950000-04:00,2025-10-18T18:04:25.9950000Z,FlyBall,v3,471300,,,"Harper, Dalton",1000115726,Right,NIA_COM,035b97a9-5113-447a-8bcd-d6d998f47709,54.34083,-124.56577,12.13634,5.33423,-1.17601,-10.32216,-2.21814,6.38247,-7.06619,196.59939,1.87263,119.03269,-26.79635,6.33953,-1.31899,0.24549,-0.03775,0.00384,-0.00017,2.85848,74.81573,-16.48469,0.74641,0.00779,-0.05835,0.01971,-0.00272,0.00014,-0.77708,-19.99963,9.33353,-2.34699,0.46134,-0.07058,0.00828,-0.00069,3E-05,,,,,,,,,,,,,,,,,,,,,,,High,High,High,High,High,,,
248,2025-10-18,14:07:14.30,1,1,"Peters, Jackson",1000469296,Right,GEO_PAT,"Kohr, Evan",1000275285,Right,NIA_COM,Undefined,7,Top,0,0,0,Sinker,Changeup,InPlay,Undefined,GroundBall,Error,0,0,,87.1561,0.898314,-3.949376,1922.953118,279.065167,3:15,4.07382,2.17844,5.89246,-38.09518,-1.16106,14.66552,1.73538,-0.27235,79.59154,-6.120206,-1.323821,0.437407,60.45547,-39.590959,13.249183,,,,,3.32532,3.32532,13.069173,0.030236,-8.63914,-0.51047,-1.86824,50,4.12436,8.1219,-126.37551,0.64926,-13.94662,26.18058,-32.99814,GEO_PAT,NIA_COM,SpuhlerFieldMain,TeamExclusive,Team,20251018-SpuhlerFieldMain-Private-1,46e9c4b0-ac4d-11f0-ae3b-9b4a908d198a,86.17255,1.71437,,7.56457,,,,1.22138,1.71437,0.27685,e9589120-7e22-442b-894a-3d9ff1c37833,2025-10-18,18:07:14.30,2025-10-18T14:07:14.3080000-04:00,2025-10-18T18:07:14.3080000Z,GroundBall,v3,471300,,,"Vaughan, Logan",1000232024,Right,GEO_PAT,83524f10-8379-46bd-aa81-51c5836a1006,54.61126,-127.32721,13.09029,4.07895,1.8488,-16.49907,-2.17271,8.62888,-6.97331,,1.22029,66.73522,,,,,,,,1.7153,-56.69964,,,,,,,,0.27659,15.71305,,,,,,,,,,,,,,,,,,,,,,,,,,,,,,High,High,High,Estimated,Estimated,,,
249,2025-10-18,14:08:04.70,2,1,"Peters, Jackson",1000469296,Right,GEO_PAT,"Ricks, Jayden",10126993,Right,NIA_COM,Undefined,7,Top,0,0,0,Sinker,Changeup,BallCalled,Undefined,Undefined,Undefined,0,0,,87.30494,0.583892,-4.054466,1995.711249,288.190879,3:30,4.11991,2.1094,5.99531,-40.17353,-3.62099,14.4515,1.31461,-0.44999,80.07513,-6.805859,-1.461445,0.435141,,,,,,,,,,,,-8.58815,-1.72984,-1.79757,50,4.14364,8.40012,-126.66346,-0.10254,-13.96738,25.60736,-34.98738,GEO_PAT,NIA_COM,SpuhlerFieldMain,TeamExclusive,Team,20251018-SpuhlerFieldMain-Private-1,64f08930-ac4d-11f0-ae3b-9b4a908d198a,86.62114,,,7.22981,,,,,,,e9589120-7e22-442b-894a-3d9ff1c37833,2025-10-18,18:08:04.70,2025-10-18T14:08:04.7020000-04:00,2025-10-18T18:08:04.7020000Z,,v3,471300,,,"Vaughan, Logan",1000232024,Right,GEO_PAT,9f507b51-7e38-4c8e-bd73-edc3c45f3f43,54.50967,-127.57192,12.80368,4.12526,1.13868,-17.49369,-2.10436,8.89563,-6.98369,,,,,,,,,,,,,,,,,,,,,,,,,,,,,,,,,,,,,,,,,,,,,,,,,,,High,High,High,,,,,
250,2025-10-18,14:08:23.92,2,2,"Peters, Jackson",1000469296,Right,GEO_PAT,"Ricks, Jayden",10126993,Right,NIA_COM,Undefined,7,Top,0,1,0,Sweeper,Slider,BallCalled,Undefined,Undefined,Undefined,0,0,,82.8365,1.139967,-4.800357,2394.692863,49.608582,7:45,4.08805,2.18139,5.70193,-44.95699,-3.99209,-6.04756,1.4078,-2.80629,76.65003,-7.041957,-5.874774,0.460657,,,,,,,,,,,,1.83902,-1.98067,-1.77379,50,4.15581,10.31843,-120.02859,0.84205,2.70099,21.75879,-35.0831,GEO_PAT,NIA_COM,SpuhlerFieldMain,TeamExclusive,Team,20251018-SpuhlerFieldMain-Private-1,7051be70-ac4d-11f0-ae3b-9b4a908d198a,81.82328,,,6.18647,,,,,,,e9589120-7e22-442b-894a-3d9ff1c37833,2025-10-18,18:08:23.92,2025-10-18T14:08:23.9240000-04:00,2025-10-18T18:08:23.9240000Z,,v3,471300,,,"Vaughan, Logan",1000232024,Right,GEO_PAT,ce30a193-6c19-47d6-9ea0-1e9eaec5920b,54.80257,-120.89607,10.87939,4.09436,2.24073,-17.54155,-2.18302,10.21075,1.3505,,,,,,,,,,,,,,,,,,,,,,,,,,,,,,,,,,,,,,,,,,,,,,,,,,,High,High,High,,,,,
251,2025-10-18,14:08:57.92,2,3,"Peters, Jackson",1000469296,Right,GEO_PAT,"Ricks, Jayden",10126993,Right,NIA_COM,Undefined,7,Top,0,2,0,Sinker,Sinker,StrikeSwinging,Undefined,Undefined,Undefined,0,0,,88.80327,0.789378,-3.381024,2084.128663,286.050569,3:30,4.06133,2.08915,5.96609,-39.0929,-3.77496,16.90072,1.53686,0.35887,81.40636,-6.403895,-0.346523,0.427729,,,,,,,,,,,,-9.70304,-1.91421,-1.83057,50,4.10178,6.93516,-128.939,0.39672,-16.3478,26.61079,-35.39915,GEO_PAT,NIA_COM,SpuhlerFieldMain,TeamExclusive,Team,20251018-SpuhlerFieldMain-Private-1,84a2b3c0-ac4d-11f0-ae3b-9b4a908d198a,88.1222,,,7.39691,,,,,,,e9589120-7e22-442b-894a-3d9ff1c37833,2025-10-18,18:08:57.92,2025-10-18T14:08:57.9280000-04:00,2025-10-18T18:08:57.9280000Z,,v3,471300,,,"Vaughan, Logan",1000232024,Right,GEO_PAT,8040db57-4dd6-42ab-bbfc-4f398b7e9df9,54.53959,-129.87252,13.3054,4.06609,1.63853,-17.69957,-2.08392,7.50865,-8.1739,,,,,,,,,,,,,,,,,,,,,,,,,,,,,,,,,,,,,,,,,,,,,,,,,,,High,High,High,,,,,
252,2025-10-18,14:09:20.81,2,4,"Peters, Jackson",1000469296,Right,GEO_PAT,"Ricks, Jayden",10126993,Right,NIA_COM,Undefined,7,Top,0,2,1,Sweeper,Slider,StrikeCalled,Undefined,Undefined,Undefined,0,0,,81.22772,2.227903,-1.129133,2402.733496,81.608494,8:45,4.11142,2.24405,5.4937,-42.51754,0.41917,-5.99524,2.65392,0.68802,74.43648,-5.559183,-2.196468,0.471613,,,,,,,,,,,,2.7202,-0.01587,-2.14098,50,4.27767,2.56475,-117.89609,3.11938,3.8349,22.06819,-32.19641,GEO_PAT,NIA_COM,SpuhlerFieldMain,TeamExclusive,Team,20251018-SpuhlerFieldMain-Private-1,92581230-ac4d-11f0-ae3b-9b4a908d198a,79.92237,,,6.79124,,,,,,,e9589120-7e22-442b-894a-3d9ff1c37833,2025-10-18,18:09:20.81,2025-10-18T14:09:20.8180000-04:00,2025-10-18T18:09:20.8180000Z,,v3,471300,,,"Vaughan, Logan",1000232024,Right,GEO_PAT,908e2c7c-4a2c-44f7-9868-2cd37a94bb1c,55.00918,-118.83003,11.03409,4.11682,4.48195,-16.09821,-2.24609,2.40246,1.91745,,,,,,,,,,,,,,,,,,,,,,,,,,,,,,,,,,,,,,,,,,,,,,,,,,,High,High,High,,,,,
253,2025-10-18,14:09:45.47,2,5,"Peters, Jackson",1000469296,Right,GEO_PAT,"Ricks, Jayden",10126993,Right,NIA_COM,Undefined,7,Top,0,2,2,Sweeper,Curveball,BallCalled,Undefined,Undefined,Undefined,0,0,,80.23608,0.841283,-1.901435,2330.280446,81.580789,8:45,3.96982,2.20886,5.84921,-44.95014,-0.70047,-15.42796,1.00625,-0.84441,72.575,-7.455143,-4.66586,0.478769,,,,,,,,,,,,7.28004,-0.21831,-2.0449,50,4.01206,4.45149,-116.34719,0.26089,9.77821,25.92402,-32.46726,GEO_PAT,NIA_COM,SpuhlerFieldMain,TeamExclusive,Team,20251018-SpuhlerFieldMain-Private-1,a1053e20-ac4d-11f0-ae3b-9b4a908d198a,78.72774,,,7.66108,,,,,,,e9589120-7e22-442b-894a-3d9ff1c37833,2025-10-18,18:09:45.47,2025-10-18T14:09:45.4720000-04:00,2025-10-18T18:09:45.4720000Z,,v3,471300,,,"Vaughan, Logan",1000232024,Right,GEO_PAT,b84e9f01-2247-41b7-ae12-e18c3cbc2e71,54.65274,-117.37931,12.96201,3.97594,1.55352,-16.23363,-2.21438,4.06219,4.8891,,,,,,,,,,,,,,,,,,,,,,,,,,,,,,,,,,,,,,,,,,,,,,,,,,,High,High,High,,,,,
254,2025-10-18,14:10:04.34,2,6,"Peters, Jackson",1000469296,Right,GEO_PAT,"Ricks, Jayden",10126993,Right,NIA_COM,Undefined,7,Top,0,3,2,Sinker,Sinker,InPlay,Undefined,GroundBall,Out,1,0,,89.72976,1.979579,-3.543351,2188.197031,281.428909,3:30,4.11435,2.28057,5.76107,-37.11045,-2.14555,16.04871,2.86871,0.31553,81.86774,-4.842006,-0.676908,0.425586,67.72167,-33.761018,-26.778969,,,,,7.30981,7.25023,-19.215795,0.055084,-9.21697,-1.36807,-1.99673,50,4.25589,7.37481,-130.11646,3.1388,-15.79708,27.36827,-34.5188,GEO_PAT,NIA_COM,SpuhlerFieldMain,TeamExclusive,Team,20251018-SpuhlerFieldMain-Private-1,ac3a0c30-ac4d-11f0-ae3b-9b4a908d198a,88.56594,3.05499,,7.86202,,,,2.82249,3.05499,-0.34675,e9589120-7e22-442b-894a-3d9ff1c37833,2025-10-18,18:10:04.34,2025-10-18T14:10:04.3490000-04:00,2025-10-18T18:10:04.3490000Z,GroundBall,v3,471300,,,"Vaughan, Logan",1000232024,Right,GEO_PAT,33f77c1c-2995-4bc2-8d0b-0b4c7099ad86,54.7436,-131.11041,13.68413,4.11913,4.39245,-17.2594,-2.27498,7.94852,-7.89854,180,2.81938,74.06982,,,,,,,,3.05732,-55.46055,,,,,,,,-0.34518,-37.38124,,,,,,,,,,,,,,,,,,,,,,,,,,,,,,High,High,High,High,High,,,
255,2025-10-18,14:11:03.07,3,1,"Peters, Jackson",1000469296,Right,GEO_PAT,"Prizel, Cooper",10275157,Left,NIA_COM,Undefined,7,Top,1,0,0,Sinker,Sinker,BallCalled,Undefined,Undefined,Undefined,0,0,,87.98395,1.595923,-1.430357,2214.484585,282.303155,3:30,4.05973,2.38119,6.00085,-38.74553,-2.4413,16.88505,2.31062,2.46258,79.66804,-5.580902,1.607012,0.43366,,,,,,,,,,,,-9.04847,-1.32717,-2.27744,50,4.1646,2.47164,-127.6956,2.18538,-14.76832,29.12434,-34.34019,GEO_PAT,NIA_COM,SpuhlerFieldMain,TeamExclusive,Team,20251018-SpuhlerFieldMain-Private-1,cf29ae80-ac4d-11f0-ae3b-9b4a908d198a,86.91693,,,8.31591,,,,,,,e9589120-7e22-442b-894a-3d9ff1c37833,2025-10-18,18:11:03.07,2025-10-18T14:11:03.0710000-04:00,2025-10-18T18:11:03.0710000Z,,v3,471300,,,"Vaughan, Logan",1000232024,Right,GEO_PAT,91e3c143-8600-4a10-ad65-86eacf4697fb,54.50082,-128.71803,14.56217,4.06672,3.39092,-17.1701,-2.37331,2.9901,-7.38416,,,,,,,,,,,,,,,,,,,,,,,,,,,,,,,,,,,,,,,,,,,,,,,,,,,High,High,High,,,,,
256,2025-10-18,14:11:22.86,3,2,"Peters, Jackson",1000469296,Right,GEO_PAT,"Prizel, Cooper",10275157,Left,NIA_COM,Undefined,7,Top,1,1,0,Sinker,Changeup,InPlay,Undefined,FlyBall,Single,0,1,,87.68281,1.267004,-3.004993,1965.512306,255.338291,2:30,4.05356,2.39342,5.94786,-30.99017,5.358,16.06678,2.64807,0.94245,79.94506,-4.493777,-0.122878,0.433923,79.13491,16.820191,-1.081273,1643.022419,109.94752,23.93555,-3.39255,230.00659,230.00659,-2.208343,2.750156,-9.13418,2.71425,-2.16321,50,4.13706,6.02586,-127.25062,1.77559,-14.95268,26.51006,-27.73084,GEO_PAT,NIA_COM,SpuhlerFieldMain,TeamExclusive,Team,20251018-SpuhlerFieldMain-Private-1,db0bd390-ac4d-11f0-ae3b-9b4a908d198a,86.86437,24.34792,,7.73776,,,,1.75126,2.67111,-0.94673,e9589120-7e22-442b-894a-3d9ff1c37833,2025-10-18,18:11:22.86,2025-10-18T14:11:22.8680000-04:00,2025-10-18T18:11:22.8680000Z,LineDrive,v3,471300,,,"Vaughan, Logan",1000232024,Right,GEO_PAT,ced189e8-2b06-4749-b822-33abc5abdf37,54.55558,-128.19617,13.25503,4.05609,2.76468,-13.86542,-2.38765,6.55918,-7.47634,180.017446,1.75139,111.07253,-16.3222,3.29894,-0.43935,-0.04922,0.04847,-0.01222,0.00119,2.67092,33.59559,-13.35395,0.38755,-0.26647,0.21669,-0.08963,0.02022,-0.00191,-0.94679,-2.09262,0.2779,-0.39665,0.06405,0.01747,-0.00887,0.00137,-7E-05,,,,,,,,,,,,,,,,,,,,,,,High,High,High,High,High,,,
257,2025-10-18,14:12:05.49,4,1,"Peters, Jackson",1000469296,Right,GEO_PAT,"Farber, Ian",10961307,Right,NIA_COM,Undefined,7,Top,1,0,0,Sweeper,Slider,BallCalled,Undefined,Undefined,Undefined,0,0,,81.54519,3.335068,0.037141,2338.633483,58.507556,8:00,3.95158,2.13871,5.69863,-44.4875,-1.85394,-5.29941,3.35579,1.73171,74.0298,-4.856946,-0.909715,0.469945,,,,,,,,,,,,2.67587,-1.43697,-2.13858,50,4.20458,0.1401,-118.20264,5.36288,3.76502,23.68649,-34.19588,GEO_PAT,NIA_COM,SpuhlerFieldMain,TeamExclusive,Team,20251018-SpuhlerFieldMain-Private-1,f4664e10-ac4d-11f0-ae3b-9b4a908d198a,80.20604,,,7.51539,,,,,,,e9589120-7e22-442b-894a-3d9ff1c37833,2025-10-18,18:12:05.49,2025-10-18T14:12:05.4970000-04:00,2025-10-18T18:12:05.4970000Z,,v3,471300,,,"Vaughan, Logan",1000232024,Right,GEO_PAT,9ee0d3ad-6dbc-4839-9ffa-dbda251dc1a3,54.80221,-119.16106,11.84325,3.95959,6.74655,-17.09794,-2.14117,-0.01224,1.88251,,,,,,,,,,,,,,,,,,,,,,,,,,,,,,,,,,,,,,,,,,,,,,,,,,,High,High,High,,,,,
258,2025-10-18,14:12:21.15,4,2,"Peters, Jackson",1000469296,Right,GEO_PAT,"Farber, Ian",10961307,Right,NIA_COM,Undefined,7,Top,1,1,0,Sweeper,Curveball,StrikeSwinging,Undefined,Undefined,Undefined,0,0,,80.48967,1.701717,-2.396303,2284.338698,58.858897,8:00,4.03529,2.05873,5.76115,-47.71199,-4.1637,-9.16792,1.64513,-0.93709,73.6602,-7.046018,-4.035225,0.47496,,,,,,,,,,,,4.00729,-2.28516,-1.85419,50,4.14711,5.23595,-116.80359,1.89412,5.5075,23.06078,-35.31473,GEO_PAT,NIA_COM,SpuhlerFieldMain,TeamExclusive,Team,20251018-SpuhlerFieldMain-Private-1,fdd10a80-ac4d-11f0-ae3b-9b4a908d198a,79.35922,,,6.82947,,,,,,,e9589120-7e22-442b-894a-3d9ff1c37833,2025-10-18,18:12:21.15,2025-10-18T14:12:21.1510000-04:00,2025-10-18T18:12:21.1510000Z,,v3,471300,,,"Vaughan, Logan",1000232024,Right,GEO_PAT,8d512cb1-238a-4b85-a9ae-a2ba3ca4e7ed,54.74309,-117.7363,11.53039,4.04162,3.32246,-17.65737,-2.06146,5.01319,2.75375,,,,,,,,,,,,,,,,,,,,,,,,,,,,,,,,,,,,,,,,,,,,,,,,,,,High,High,High,,,,,
259,2025-10-18,14:12:40.27,4,3,"Peters, Jackson",1000469296,Right,GEO_PAT,"Farber, Ian",10961307,Right,NIA_COM,Undefined,7,Top,1,1,1,Sinker,Changeup,FoulBallNotFieldable,Undefined,Undefined,Undefined,0,0,,88.10713,0.664426,-3.849777,2110.835449,263.858736,2:45,4.00657,2.1122,5.95985,-32.94431,3.04323,17.69347,1.87879,0.01119,80.47949,-5.437044,-0.67758,0.431765,,,,,,,,,,,,-10.15658,1.71484,-1.81596,50,4.041,7.86861,-127.79891,0.35199,-16.79325,26.39716,-29.33865,GEO_PAT,NIA_COM,SpuhlerFieldMain,TeamExclusive,Team,20251018-SpuhlerFieldMain-Private-1,09312e50-ac4e-11f0-ae3b-9b4a908d198a,87.29849,,,7.62764,,,,,,,e9589120-7e22-442b-894a-3d9ff1c37833,2025-10-18,18:12:40.27,2025-10-18T14:12:40.2730000-04:00,2025-10-18T18:12:40.2730000Z,,v3,471300,,,"Vaughan, Logan",1000232024,Right,GEO_PAT,a37248bb-e987-45ad-a9e5-1a8dc5936167,54.54364,-128.73399,13.19858,4.01012,1.39127,-14.66933,-2.10523,8.46348,-8.39662,,,,,,,,,,,,,,,,,,,,,,,,,,,,,,,,,,,,,,,,,,,,,,,,,,,High,High,High,,,,,
260,2025-10-18,14:13:03.18,4,4,"Peters, Jackson",1000469296,Right,GEO_PAT,"Farber, Ian",10961307,Right,NIA_COM,Undefined,7,Top,1,1,2,Splitter,Changeup,FoulBallNotFieldable,Undefined,Undefined,Undefined,0,0,,85.68076,0.584208,-3.636049,1666.702195,266.559098,3:00,4.05727,2.10582,5.84664,-35.90959,2.18008,16.83056,1.60884,0.12475,78.58137,-6.035907,-0.623453,0.444196,65.98791,41.613714,-137.18921,4618.12945,-87.98942,41.81352,-66.01394,174.76358,60.72706,-147.494364,2.97691,-9.61024,1.2928,-1.81961,50,4.08367,7.22137,-124.33239,0.04158,-15.08563,24.27259,-30.14467,GEO_PAT,NIA_COM,SpuhlerFieldMain,TeamExclusive,Team,20251018-SpuhlerFieldMain-Private-1,16d61200-ac4e-11f0-ae3b-9b4a908d198a,84.85533,43.53418,,7.09939,,,,1.1838,1.53639,-0.04857,e9589120-7e22-442b-894a-3d9ff1c37833,2025-10-18,18:13:03.18,2025-10-18T14:13:03.1890000-04:00,2025-10-18T18:13:03.1890000Z,Popup,v3,471300,,,"Vaughan, Logan",1000232024,Right,GEO_PAT,4d337635-0d53-4a03-819d-2147717976bb,54.6575,-125.23834,12.13629,4.06113,1.1667,-15.07234,-2.09965,7.78443,-7.54282,29.123865,1.18384,-53.08614,-1.13814,1.16476,-0.1251,-0.10338,0.07453,-0.01949,0.00183,1.53681,64.25519,-28.18164,3.18383,-0.27522,-0.16658,0.08633,-0.01589,0.00103,-0.04887,-49.16327,6.46251,-0.18043,-0.05984,-0.0252,0.05604,-0.02075,0.00236,,,,,,,,,,,,,,,,,,,,,,,High,High,High,High,Low,,,
261,2025-10-18,14:13:23.50,4,5,"Peters, Jackson",1000469296,Right,GEO_PAT,"Farber, Ian",10961307,Right,NIA_COM,Undefined,7,Top,1,1,2,Sweeper,Curveball,FoulBallNotFieldable,Undefined,Undefined,Undefined,0,0,,81.70037,1.699145,-1.735378,2352.347011,82.593903,8:45,3.99902,2.12089,5.54093,-43.82246,-0.70358,-17.09044,1.93646,-0.9258,73.84641,-6.354309,-4.778022,0.472613,78.20451,-10.820383,54.769187,,,,,12.58001,12.28007,50.370069,0.09518,8.0941,-0.5074,-1.95852,50,4.11741,4.27842,-118.40188,2.00674,11.28675,26.33948,-32.8816,GEO_PAT,NIA_COM,SpuhlerFieldMain,TeamExclusive,Team,20251018-SpuhlerFieldMain-Private-1,22fba8b0-ac4e-11f0-ae3b-9b4a908d198a,79.75337,2.05392,,7.85396,,,,1.82466,2.05392,0.91097,e9589120-7e22-442b-894a-3d9ff1c37833,2025-10-18,18:13:23.50,2025-10-18T14:13:23.5020000-04:00,2025-10-18T18:13:23.5020000Z,GroundBall,v3,471300,,,"Vaughan, Logan",1000232024,Right,GEO_PAT,fa2c1310-62f5-4f53-ab69-a9886d803285,54.96119,-119.50044,13.16974,4.00511,3.37816,-16.4408,-2.12715,3.80767,5.64338,180,1.82251,65.13116,,,,,,,,2.05463,-21.57923,,,,,,,,0.90792,92.22397,,,,,,,,,,,,,,,,,,,,,,,,,,,,,,High,High,High,Low,Low,,,
262,2025-10-18,14:13:49.94,4,6,"Peters, Jackson",1000469296,Right,GEO_PAT,"Farber, Ian",10961307,Right,NIA_COM,Undefined,7,Top,1,1,2,Sinker,Sinker,BallCalled,Undefined,Undefined,Undefined,0,0,,88.21252,0.70116,-2.138045,2022.948555,256.549308,2:30,3.93951,2.21012,5.8284,-32.28852,4.32646,12.47701,1.90112,1.26134,79.29806,-5.311661,0.097936,0.435513,,,,,,,,,,,,-7.04276,2.37965,-2.04267,50,3.97806,4.23278,-127.84972,0.43939,-11.44675,30.79088,-28.30636,GEO_PAT,NIA_COM,SpuhlerFieldMain,TeamExclusive,Team,20251018-SpuhlerFieldMain-Private-1,32b3b4f0-ac4e-11f0-ae3b-9b4a908d198a,86.54731,,,8.91446,,,,,,,e9589120-7e22-442b-894a-3d9ff1c37833,2025-10-18,18:13:49.94,2025-10-18T14:13:49.9430000-04:00,2025-10-18T18:13:49.9430000Z,,v3,471300,,,"Vaughan, Logan",1000232024,Right,GEO_PAT,e7a2b6c4-a532-4450-a88c-210b4823d0f4,54.671,-128.96975,15.39544,3.94335,1.46906,-14.15318,-2.20421,4.64916,-5.72338,,,,,,,,,,,,,,,,,,,,,,,,,,,,,,,,,,,,,,,,,,,,,,,,,,,High,High,High,,,,,
263,2025-10-18,14:14:10.00,4,7,"Peters, Jackson",1000469296,Right,GEO_PAT,"Farber, Ian",10961307,Right,NIA_COM,Undefined,7,Top,1,2,2,Sweeper,Slider,BallCalled,Undefined,Undefined,Undefined,0,0,,81.48834,2.153059,1.638199,2281.83951,75.673578,8:30,4.04413,2.17391,5.50017,-43.30573,-0.0728,-6.16792,2.45101,3.19267,73.67728,-5.810577,0.539826,0.473237,,,,,,,,,,,,3.59402,-0.21417,-2.313,50,4.20369,-3.11886,-118.06522,2.92763,5.01393,24.92046,-32.47285,GEO_PAT,NIA_COM,SpuhlerFieldMain,TeamExclusive,Team,20251018-SpuhlerFieldMain-Private-1,3e989920-ac4e-11f0-ae3b-9b4a908d198a,79.64811,,,7.81105,,,,,,,e9589120-7e22-442b-894a-3d9ff1c37833,2025-10-18,18:14:10.00,2025-10-18T14:14:10.0040000-04:00,2025-10-18T18:14:10.0040000Z,,v3,471300,,,"Vaughan, Logan",1000232024,Right,GEO_PAT,dc1be7e2-62d4-42f1-a9ee-1fdc8a6c86d1,54.99957,-119.11582,12.46023,4.05141,4.29663,-16.23642,-2.17706,-3.33024,2.50697,,,,,,,,,,,,,,,,,,,,,,,,,,,,,,,,,,,,,,,,,,,,,,,,,,,High,High,High,,,,,
264,2025-10-18,14:14:31.66,4,8,"Peters, Jackson",1000469296,Right,GEO_PAT,"Farber, Ian",10961307,Right,NIA_COM,Undefined,7,Top,1,3,2,Sinker,Changeup,InPlay,Undefined,FlyBall,Out,1,0,,87.33418,1.994834,-3.419982,2160.135606,271.736315,3:00,4.05153,2.16593,5.78666,-36.26656,0.69472,16.35316,2.88932,0.34305,79.48016,-4.696532,-0.497572,0.437567,88.06211,29.472666,-27.142728,3537.648942,93.71553,55.87286,-57.5964,297.18103,265.06574,-38.396471,4.486235,-9.3128,0.13252,-1.89371,50,4.19445,6.87834,-126.60679,3.13087,-15.07701,26.46912,-31.95952,GEO_PAT,NIA_COM,SpuhlerFieldMain,TeamExclusive,Team,20251018-SpuhlerFieldMain-Private-1,4b992680-ac4e-11f0-ae3b-9b4a908d198a,86.14088,67.57271,,7.85401,,,,0.6756,2.86174,-0.32989,e9589120-7e22-442b-894a-3d9ff1c37833,2025-10-18,18:14:31.66,2025-10-18T14:14:31.6630000-04:00,2025-10-18T18:14:31.6630000Z,FlyBall,v3,471300,,,"Vaughan, Logan",1000232024,Right,GEO_PAT,f03f3fa8-6d63-4211-bd07-907b11b4b5e6,54.71658,-127.58905,13.23456,4.05626,4.31688,-15.97976,-2.15934,7.43784,-7.5385,146.885996,0.67615,100.05352,-24.47795,6.34971,-1.43464,0.29411,-0.0549,0.00742,-0.00045,2.86313,63.50571,-16.2625,-0.23438,0.65157,-0.31828,0.08796,-0.01247,0.0007,-0.32997,-51.29488,2.65545,0.33774,-0.2554,0.06779,-0.00969,0.00059,-0,,,,,,,,,,,,,,,,,,,,,,,High,High,High,High,Medium,,,
265,2025-10-18,14:15:28.91,5,1,"Peters, Jackson",1000469296,Right,GEO_PAT,"Gravelle, Cameron",10005014,Left,NIA_COM,Undefined,7,Top,2,0,0,Sweeper,Slider,BallCalled,Undefined,Undefined,Undefined,0,0,,80.43621,1.572893,2.177173,2307.274805,93.4824,9:00,4.07454,2.21011,5.49912,-41.82687,2.66347,-17.58517,2.06168,2.78217,72.56817,-6.139118,-0.954735,0.48007,,,,,,,,,,,,9.47312,1.35469,-2.3887,50,4.18447,-3.69974,-116.52042,1.77601,12.83325,24.88226,-30.33886,GEO_PAT,NIA_COM,SpuhlerFieldMain,TeamExclusive,Team,20251018-SpuhlerFieldMain-Private-1,6da34ad0-ac4e-11f0-ae3b-9b4a908d198a,78.51453,,,7.86803,,,,,,,e9589120-7e22-442b-894a-3d9ff1c37833,2025-10-18,18:15:28.91,2025-10-18T14:15:28.9150000-04:00,2025-10-18T18:15:28.9150000Z,,v3,471300,,,"Vaughan, Logan",1000232024,Right,GEO_PAT,d39a300d-f963-4d0d-94b0-2116f9ae1c6c,55.0007,-117.58344,12.44113,4.08091,3.07215,-15.16943,-2.21893,-4.248,6.41662,,,,,,,,,,,,,,,,,,,,,,,,,,,,,,,,,,,,,,,,,,,,,,,,,,,High,High,High,,,,,
266,2025-10-18,14:15:52.02,5,2,"Peters, Jackson",1000469296,Right,GEO_PAT,"Gravelle, Cameron",10005014,Left,NIA_COM,Undefined,7,Top,2,1,0,Sinker,Sinker,StrikeCalled,Undefined,Undefined,Undefined,0,0,,88.67784,1.97162,-4.318168,2133.803636,274.025256,3:15,4.04597,1.96219,5.98034,-36.04404,0.0539,17.82938,2.8759,-0.56254,79.67187,-4.721632,-1.125379,0.432427,,,,,,,,,,,,-10.46256,-0.18705,-1.62969,50,4.18277,8.91772,-128.28542,3.15667,-17.1693,30.31781,-32.48097,GEO_PAT,NIA_COM,SpuhlerFieldMain,TeamExclusive,Team,20251018-SpuhlerFieldMain-Private-1,7b5fae20-ac4e-11f0-ae3b-9b4a908d198a,87.16488,,,9.00596,,,,,,,e9589120-7e22-442b-894a-3d9ff1c37833,2025-10-18,18:15:52.02,2025-10-18T14:15:52.0230000-04:00,2025-10-18T18:15:52.0230000Z,,v3,471300,,,"Vaughan, Logan",1000232024,Right,GEO_PAT,54b8eb39-0065-46ac-873b-0344946676af,54.52042,-129.34933,15.15891,4.052,4.29648,-16.24049,-1.9532,9.52022,-8.58465,,,,,,,,,,,,,,,,,,,,,,,,,,,,,,,,,,,,,,,,,,,,,,,,,,,High,High,High,,,,,
267,2025-10-18,14:16:12.85,5,3,"Peters, Jackson",1000469296,Right,GEO_PAT,"Gravelle, Cameron",10005014,Left,NIA_COM,Undefined,7,Top,2,1,1,Splitter,Changeup,FoulBallNotFieldable,Undefined,Undefined,Undefined,0,0,,85.44472,0.417859,-4.021005,1808.198626,290.250887,3:45,4.03914,2.07992,5.90767,-42.62325,-4.2137,14.73729,0.87605,-0.43065,78.21061,-7.409426,-1.379889,0.446058,71.94938,-33.730446,152.764195,,,,,2.3346,3.53024,29.619451,0.019737,-8.76012,-1.985,-1.76518,50,4.04804,8.12947,-123.92347,-0.5624,-13.58858,25.34036,-35.25313,GEO_PAT,NIA_COM,SpuhlerFieldMain,TeamExclusive,Team,20251018-SpuhlerFieldMain-Private-1,87e6c5c0-ac4e-11f0-ae3b-9b4a908d198a,84.50124,1.15839,,7.23412,,,,3.57211,1.15839,0.35985,e9589120-7e22-442b-894a-3d9ff1c37833,2025-10-18,18:16:12.85,2025-10-18T14:16:12.8580000-04:00,2025-10-18T18:16:12.8580000Z,GroundBall,v3,471300,,,"Vaughan, Logan",1000232024,Right,GEO_PAT,9395103f-f21b-4b82-ba80-58066565485d,54.59733,-124.86001,12.67018,4.04474,0.7405,-17.62657,-2.07491,8.63168,-6.79429,,3.57251,-78.1561,,,,,,,,1.15869,-58.69066,,,,,,,,0.35964,40.22854,,,,,,,,,,,,,,,,,,,,,,,,,,,,,,High,High,High,Low,Low,,,
268,2025-10-18,14:16:39.97,5,4,"Peters, Jackson",1000469296,Right,GEO_PAT,"Gravelle, Cameron",10005014,Left,NIA_COM,Undefined,7,Top,2,1,2,Sweeper,Slider,BallCalled,Undefined,Undefined,Undefined,0,0,,81.55082,0.881295,-0.592815,2358.52279,97.370355,9:15,4.11177,2.29262,5.37648,-40.60597,2.92469,-10.42158,1.55429,0.86835,73.56732,-6.587563,-2.44612,0.474864,,,,,,,,,,,,4.98752,1.68764,-2.23206,50,4.16254,1.66619,-118.15951,0.39299,6.93083,26.09936,-29.82883,GEO_PAT,NIA_COM,SpuhlerFieldMain,TeamExclusive,Team,20251018-SpuhlerFieldMain-Private-1,97fc0d30-ac4e-11f0-ae3b-9b4a908d198a,79.37531,,,7.9835,,,,,,,e9589120-7e22-442b-894a-3d9ff1c37833,2025-10-18,18:16:39.97,2025-10-18T14:16:39.9780000-04:00,2025-10-18T18:16:39.9780000Z,,v3,471300,,,"Vaughan, Logan",1000232024,Right,GEO_PAT,559d426b-0677-42bd-97f6-0b62ac9229be,55.12189,-119.28548,13.04968,4.11782,1.67985,-14.91442,-2.2975,1.36718,3.46541,,,,,,,,,,,,,,,,,,,,,,,,,,,,,,,,,,,,,,,,,,,,,,,,,,,High,High,High,,,,,
269,2025-10-18,14:17:07.89,5,5,"Peters, Jackson",1000469296,Right,GEO_PAT,"Gravelle, Cameron",10005014,Left,NIA_COM,Undefined,7,Top,2,2,2,Splitter,Changeup,BallCalled,Undefined,Undefined,Undefined,0,0,,84.95044,0.79786,-3.7689,1596.73401,298.381617,4:00,3.98179,2.37188,5.79651,-46.19247,-7.02394,15.39965,0.87625,0.14428,77.46421,-7.665312,-1.012881,0.450443,,,,,,,,,,,,-9.01571,-3.48752,-2.07093,50,4.01961,7.49218,-123.17007,0.08777,-13.75436,26.04167,-37.49459,GEO_PAT,NIA_COM,SpuhlerFieldMain,TeamExclusive,Team,20251018-SpuhlerFieldMain-Private-1,a8bb7750-ac4e-11f0-ae3b-9b4a908d198a,83.67858,,,7.48623,,,,,,,e9589120-7e22-442b-894a-3d9ff1c37833,2025-10-18,18:17:07.89,2025-10-18T14:17:07.8970000-04:00,2025-10-18T18:17:07.8970000Z,,v3,471300,,,"Vaughan, Logan",1000232024,Right,GEO_PAT,f94c4eec-6568-4dc0-9692-b2cece9509ba,54.70822,-124.16153,13.02084,3.9891,1.51527,-18.74729,-2.36614,8.01583,-6.87718,,,,,,,,,,,,,,,,,,,,,,,,,,,,,,,,,,,,,,,,,,,,,,,,,,,High,High,High,,,,,
270,2025-10-18,14:17:49.87,5,6,"Peters, Jackson",1000469296,Right,GEO_PAT,"Gravelle, Cameron",10005014,Left,NIA_COM,Undefined,7,Top,2,3,2,Sweeper,Curveball,BallCalled,Walk,Undefined,Undefined,0,0,,80.94207,0.400015,-0.522092,2353.923874,83.687851,8:45,4.10935,2.5059,5.47068,-44.01928,-0.22598,-15.63812,0.81547,0.71409,73.59553,-7.660296,-3.309588,0.476294,,,,,,,,,,,,7.753,0.16496,-2.44882,50,4.11445,1.69837,-117.43652,-0.69576,10.68358,24.99283,-31.94674,GEO_PAT,NIA_COM,SpuhlerFieldMain,TeamExclusive,Team,20251018-SpuhlerFieldMain-Private-1,c1be8300-ac4e-11f0-ae3b-9b4a908d198a,79.13688,,,7.34654,,,,,,,e9589120-7e22-442b-894a-3d9ff1c37833,2025-10-18,18:17:49.87,2025-10-18T14:17:49.8760000-04:00,2025-10-18T18:17:49.8760000Z,,v3,471300,,,"Vaughan, Logan",1000232024,Right,GEO_PAT,40189b68-077e-429b-a8e6-2b641d036ce1,55.03187,-118.50256,12.49641,4.11507,0.66689,-15.97337,-2.51155,1.24268,5.34179,,,,,,,,,,,,,,,,,,,,,,,,,,,,,,,,,,,,,,,,,,,,,,,,,,,High,High,High,,,,,
271,2025-10-18,14:18:41.41,6,1,"Peters, Jackson",1000469296,Right,GEO_PAT,"Rossano, Cooper",10108170,Right,NIA_COM,Undefined,7,Top,2,0,0,Sweeper,Curveball,StrikeCalled,Undefined,Undefined,Undefined,0,0,,81.58001,1.432759,-2.221857,2460.00167,29.396734,7:00,4.13455,2.41697,5.76424,-48.3544,-4.74536,-3.67571,1.43987,0.0416,72.57049,-7.504951,-2.879704,0.475291,,,,,,,,,,,,1.01839,-2.42642,-2.23062,50,4.22457,4.72844,-118.01989,1.30809,1.38698,29.64831,-35.47873,GEO_PAT,NIA_COM,SpuhlerFieldMain,TeamExclusive,Team,20251018-SpuhlerFieldMain-Private-1,e0769620-ac4e-11f0-ae3b-9b4a908d198a,79.30393,,,9.00953,,,,,,,e9589120-7e22-442b-894a-3d9ff1c37833,2025-10-18,18:18:41.41,2025-10-18T14:18:41.4150000-04:00,2025-10-18T18:18:41.4150000Z,,v3,471300,,,"Vaughan, Logan",1000232024,Right,GEO_PAT,fcf105f1-b235-45c2-8a82-f7af7bd18a72,54.73412,-119.20324,14.82415,4.1441,2.72414,-17.73937,-2.41824,4.67308,0.69349,,,,,,,,,,,,,,,,,,,,,,,,,,,,,,,,,,,,,,,,,,,,,,,,,,,High,High,High,,,,,
272,2025-10-18,14:18:59.68,6,2,"Peters, Jackson",1000469296,Right,GEO_PAT,"Rossano, Cooper",10108170,Right,NIA_COM,Undefined,7,Top,2,0,1,Sweeper,Slider,StrikeCalled,Undefined,Undefined,Undefined,0,0,,79.4732,1.763445,-0.057219,2438.178473,94.355777,9:15,4.12267,2.20992,5.60519,-42.10833,2.75319,-17.36446,2.26042,0.70947,72.5736,-5.98559,-3.156894,0.482068,,,,,,,,,,,,8.79056,1.29886,-2.19344,50,4.24639,0.79185,-115.3738,2.16709,11.79587,22.35896,-30.43112,GEO_PAT,NIA_COM,SpuhlerFieldMain,TeamExclusive,Team,20251018-SpuhlerFieldMain-Private-1,eb613bd0-ac4e-11f0-ae3b-9b4a908d198a,78.18904,,,6.8996,,,,,,,e9589120-7e22-442b-894a-3d9ff1c37833,2025-10-18,18:18:59.68,2025-10-18T14:18:59.6860000-04:00,2025-10-18T18:18:59.6860000Z,,v3,471300,,,"Vaughan, Logan",1000232024,Right,GEO_PAT,7ca169c6-b256-4fa6-9d98-9b77c2ff4d0e,54.89774,-116.31909,11.17948,4.12757,3.45365,-15.21556,-2.21637,0.29314,5.89793,,,,,,,,,,,,,,,,,,,,,,,,,,,,,,,,,,,,,,,,,,,,,,,,,,,High,High,High,,,,,
273,2025-10-18,14:19:21.84,6,3,"Peters, Jackson",1000469296,Right,GEO_PAT,"Rossano, Cooper",10108170,Right,NIA_COM,Undefined,7,Top,2,0,2,Sweeper,Slider,InPlay,Undefined,Popup,Out,1,0,,80.56997,2.002639,-2.200145,2421.955689,86.143939,8:45,4.13681,2.3497,5.56421,-43.89908,0.48701,-16.15922,2.35167,-1.05341,72.72003,-6.078359,-5.075603,0.479507,63.48387,53.813052,-6.640467,,109.43452,65.91812,-11.13858,141.69413,139.39804,-4.986131,4.696756,7.53052,-0.05697,-2.1484,50,4.28084,5.11497,-116.70998,2.61943,10.18696,25.90629,-32.25109,GEO_PAT,NIA_COM,SpuhlerFieldMain,TeamExclusive,Team,20251018-SpuhlerFieldMain-Private-1,f88815e0-ac4e-11f0-ae3b-9b4a908d198a,78.60667,82.4171,,7.84994,,,,2.00183,2.49344,0.98778,e9589120-7e22-442b-894a-3d9ff1c37833,2025-10-18,18:19:21.84,2025-10-18T14:19:21.8460000-04:00,2025-10-18T18:19:21.8460000Z,Popup,v3,471300,,,"Vaughan, Logan",1000232024,Right,GEO_PAT,3c0ac276-21bd-470c-8625-57b496e59f1e,54.93853,-117.80109,12.95315,4.14191,3.97777,-16.12555,-2.35479,4.68592,5.09348,177.010744,2.00433,54.54055,-13.78684,3.35346,-0.26108,-0.1563,0.06248,-0.00922,0.0005,2.4905,75.21043,-20.10788,1.64263,-0.39149,0.0829,-0.00586,-0.00092,0.00012,0.98749,-6.3513,0.80355,0.16579,-0.11096,0.02804,-0.003,1E-05,1E-05,,,,,,,,,,,,,,,,,,,,,,,High,High,High,High,Medium,,,
274,2025-10-18,14:21:53.02,1,1,"Allen, Derrick",10121745,Right,NIA_COM,"Tignor, Laken",1000091229,Right,GEO_PAT,Undefined,7,Bottom,0,0,0,Fastball,Four-Seam,BallCalled,Undefined,Undefined,Undefined,0,0,,89.69668,-0.917698,-1.205541,2072.543806,200.636191,12:45,6.29057,1.63383,5.34946,-19.89737,15.2941,5.36725,3.77139,0.95013,82.49847,-4.620039,-0.25205,0.426963,,,,,,,,,,,,-2.99374,8.22721,-1.52917,50,6.19387,2.49699,-130.25952,-2.77567,-5.18428,25.33988,-17.92704,GEO_PAT,NIA_COM,SpuhlerFieldMain,TeamExclusive,Team,20251018-SpuhlerFieldMain-Private-1,528ad730-ac4f-11f0-ae3b-9b4a908d198a,88.28035,,,7.1982,,,,,,,e9589120-7e22-442b-894a-3d9ff1c37833,2025-10-18,18:21:53.02,2025-10-18T14:21:53.0290000-04:00,2025-10-18T18:21:53.0290000Z,,v3,471300,,,"Harper, Dalton",1000115726,Right,NIA_COM,c171aeec-88fa-4850-917d-aa18e8de83cc,55.15169,-131.25787,12.66994,6.28931,-2.06937,-8.96352,-1.63157,2.70125,-2.59214,,,,,,,,,,,,,,,,,,,,,,,,,,,,,,,,,,,,,,,,,,,,,,,,,,,High,High,High,,,,,
275,2025-10-18,14:22:03.85,1,2,"Allen, Derrick",10121745,Right,NIA_COM,"Tignor, Laken",1000091229,Right,GEO_PAT,Undefined,7,Bottom,0,1,0,Fastball,Sinker,StrikeSwinging,Undefined,Undefined,Undefined,0,0,,89.85443,-1.005957,-1.87263,2095.154896,223.377207,1:30,6.11233,1.74947,5.55385,-23.12115,11.65835,10.05441,3.24497,0.83686,82.79056,-5.288701,-0.07971,0.424456,,,,,,,,,,,,-5.55835,6.46819,-1.59424,50,6.01002,3.82385,-130.51915,-3.10599,-9.67015,25.27004,-20.921,GEO_PAT,NIA_COM,SpuhlerFieldMain,TeamExclusive,Team,20251018-SpuhlerFieldMain-Private-1,58fee8e0-ac4f-11f0-ae3b-9b4a908d198a,88.80165,,,7.06388,,,,,,,e9589120-7e22-442b-894a-3d9ff1c37833,2025-10-18,18:22:03.85,2025-10-18T14:22:03.8510000-04:00,2025-10-18T18:22:03.8510000Z,,v3,471300,,,"Harper, Dalton",1000115726,Right,NIA_COM,7c51572e-441a-436d-8c4f-89f1b81a8d68,54.94848,-131.47374,12.63502,6.11242,-2.31569,-10.4605,-1.74558,4.18915,-4.83508,,,,,,,,,,,,,,,,,,,,,,,,,,,,,,,,,,,,,,,,,,,,,,,,,,,High,High,High,,,,,
276,2025-10-18,14:22:16.64,1,3,"Allen, Derrick",10121745,Right,NIA_COM,"Tignor, Laken",1000091229,Right,GEO_PAT,Undefined,7,Bottom,0,1,1,Slider,Curveball,BallCalled,Undefined,Undefined,Undefined,0,0,,75.93819,-1.525851,-1.476447,2412.485677,82.402167,8:45,6.11949,1.75813,4.88547,-49.30751,0.31232,-7.50504,0.56611,-0.26447,71.28037,-10.323617,-2.80189,0.50699,,,,,,,,,,,,3.40236,0.8526,-1.60643,50,5.92739,3.13422,-110.32918,-4.66584,4.25602,16.89807,-31.10752,GEO_PAT,NIA_COM,SpuhlerFieldMain,TeamExclusive,Team,20251018-SpuhlerFieldMain-Private-1,60c54420-ac4f-11f0-ae3b-9b4a908d198a,74.3456,,,4.65782,,,,,,,e9589120-7e22-442b-894a-3d9ff1c37833,2025-10-18,18:22:16.64,2025-10-18T14:22:16.6420000-04:00,2025-10-18T18:22:16.6420000Z,,v3,471300,,,"Harper, Dalton",1000115726,Right,NIA_COM,8a59b894-8912-46e0-8bb3-8da4ba3e1dc5,55.62005,-111.18662,8.44904,6.12409,-3.08739,-15.55376,-1.75999,2.91826,2.12801,,,,,,,,,,,,,,,,,,,,,,,,,,,,,,,,,,,,,,,,,,,,,,,,,,,High,High,High,,,,,
277,2025-10-18,14:22:30.92,1,4,"Allen, Derrick",10121745,Right,NIA_COM,"Tignor, Laken",1000091229,Right,GEO_PAT,Undefined,7,Bottom,0,2,1,Fastball,Four-Seam,BallCalled,Undefined,Undefined,Undefined,0,0,,89.15845,-0.566691,-1.650158,2071.654434,219.867798,1:15,6.26553,1.71031,5.46519,-21.80037,13.89776,10.66512,3.91818,1.05412,81.47328,-4.632643,0.24834,0.430025,,,,,,,,,,,,-5.80276,7.49394,-1.57239,50,6.20091,3.24738,-129.39937,-2.02734,-9.84758,26.77276,-19.45642,GEO_PAT,NIA_COM,SpuhlerFieldMain,TeamExclusive,Team,20251018-SpuhlerFieldMain-Private-1,692128a0-ac4f-11f0-ae3b-9b4a908d198a,87.65166,,,7.68518,,,,,,,e9589120-7e22-442b-894a-3d9ff1c37833,2025-10-18,18:22:30.92,2025-10-18T14:22:30.9280000-04:00,2025-10-18T18:22:30.9280000Z,,v3,471300,,,"Harper, Dalton",1000115726,Right,NIA_COM,e32cdcad-8f3d-494b-9f7f-fd164288f57d,55.03536,-130.43703,13.38638,6.26487,-1.27325,-9.72821,-1.70565,3.62905,-4.92379,,,,,,,,,,,,,,,,,,,,,,,,,,,,,,,,,,,,,,,,,,,,,,,,,,,High,High,High,,,,,
278,2025-10-18,14:22:42.75,1,5,"Allen, Derrick",10121745,Right,NIA_COM,"Tignor, Laken",1000091229,Right,GEO_PAT,Undefined,7,Bottom,0,3,1,Fastball,Four-Seam,StrikeSwinging,Undefined,Undefined,Undefined,0,0,,88.55487,-1.969718,-3.369993,2077.16286,212.964557,1:00,6.00701,1.70364,5.66169,-23.72202,11.98953,7.10394,2.1894,-0.85069,81.83245,-6.355329,-2.103017,0.430106,,,,,,,,,,,,-4.45091,6.90481,-1.42277,50,5.82493,7.26266,-128.46463,-5.2347,-7.51565,24.01031,-20.51482,GEO_PAT,NIA_COM,SpuhlerFieldMain,TeamExclusive,Team,20251018-SpuhlerFieldMain-Private-1,704af5c0-ac4f-11f0-ae3b-9b4a908d198a,87.63518,,,6.72242,,,,,,,e9589120-7e22-442b-894a-3d9ff1c37833,2025-10-18,18:22:42.75,2025-10-18T14:22:42.7520000-04:00,2025-10-18T18:22:42.7520000Z,,v3,471300,,,"Harper, Dalton",1000115726,Right,NIA_COM,e9a1b3bb-60bf-42f3-94e3-e76af0ec3732,54.84092,-129.36624,12.00516,6.00704,-4.46435,-10.25741,-1.70079,7.54489,-3.75782,,,,,,,,,,,,,,,,,,,,,,,,,,,,,,,,,,,,,,,,,,,,,,,,,,,High,High,High,,,,,
279,2025-10-18,14:22:56.24,1,6,"Allen, Derrick",10121745,Right,NIA_COM,"Tignor, Laken",1000091229,Right,GEO_PAT,Undefined,7,Bottom,0,3,2,Fastball,Four-Seam,FoulBallNotFieldable,Undefined,Undefined,Undefined,0,0,,88.80794,-1.071565,-1.861028,1960.973137,217.976551,1:15,6.1849,1.81178,5.41255,-22.09753,13.82902,9.93981,3.33884,0.89589,81.51585,-5.174983,-0.093407,0.431399,85.14281,80.141907,-31.49254,,,,,,34.55725,,,-5.51485,7.5778,-1.65343,50,6.07428,3.75224,-128.92708,-3.1803,-9.32489,25.65871,-19.361,GEO_PAT,NIA_COM,SpuhlerFieldMain,TeamExclusive,Team,20251018-SpuhlerFieldMain-Private-1,78586c20-ac4f-11f0-ae3b-9b4a908d198a,87.37253,109.9034,,7.29209,,,,1.58671,2.70344,-1.14441,e9589120-7e22-442b-894a-3d9ff1c37833,2025-10-18,18:22:56.24,2025-10-18T14:22:56.2470000-04:00,2025-10-18T18:22:56.2470000Z,,v3,471300,,,"Harper, Dalton",1000115726,Right,NIA_COM,69dcdaf5-a57f-4a5b-8023-a4388ba59ec6,55.08989,-129.93611,12.82935,6.18437,-2.41893,-9.6805,-1.8082,4.11894,-4.66245,,1.58672,18.22975,-13.99805,4.84706,-2.21975,3.08196,-3.50181,2.04732,-0.47114,2.70344,123.03238,-30.94261,4.15377,-0.80504,0.0676,0.12156,-0.09823,0.02511,-1.14441,-11.16848,2.43665,-0.65589,0.2351,-0.28263,0.31216,-0.18106,0.04151,,,,,,,,,,,,,,,,,,,,,,,High,High,High,Medium,Undefined,,,
280,2025-10-18,14:23:32.19,1,7,"Allen, Derrick",10121745,Right,NIA_COM,"Tignor, Laken",1000091229,Right,GEO_PAT,Undefined,7,Bottom,0,3,2,Fastball,Sinker,StrikeCalled,Strikeout,Undefined,Undefined,0,0,,89.9611,-1.575046,-4.362012,2049.649803,237.600718,2:00,5.96476,2.06158,5.43561,-25.37931,9.76351,13.67422,2.37013,-0.89183,82.58851,-6.24926,-1.93694,0.426668,,,,,,,,,,,,-8.02528,5.66146,-1.68428,50,5.80736,9.32289,-130.28113,-4.51807,-13.86443,26.0454,-22.3933,GEO_PAT,NIA_COM,SpuhlerFieldMain,TeamExclusive,Team,20251018-SpuhlerFieldMain-Private-1,8dc13a10-ac4f-11f0-ae3b-9b4a908d198a,88.34145,,,7.3726,,,,,,,e9589120-7e22-442b-894a-3d9ff1c37833,2025-10-18,18:23:32.19,2025-10-18T14:23:32.1990000-04:00,2025-10-18T18:23:32.1990000Z,,v3,471300,,,"Harper, Dalton",1000115726,Right,NIA_COM,0152a77a-e865-4175-ab44-372ba06c2cec,55.06675,-131.29015,13.0227,5.96558,-3.65053,-11.19665,-2.05587,9.86001,-6.93221,,,,,,,,,,,,,,,,,,,,,,,,,,,,,72.63079,2.286013,1.339187,0.946826,-0.89345,2.11244,0.96785,-3.02744,4.81812,4.12479,72.92856,7.91124,51.85496,-2.93001,89.37086,-9.75411,4.86887,17.29205,-14.85935,4.13658,52.93272,-2.67454,High,High,High,,,High,High,High
281,2025-10-18,14:23:56.18,2,1,"Allen, Derrick",10121745,Right,NIA_COM,"Blanchard, Evan",10073877,Right,GEO_PAT,Undefined,7,Bottom,1,0,0,Slider,Curveball,BallCalled,Undefined,Undefined,Undefined,0,0,,76.01111,0.189042,0.013875,2150.665061,69.906344,8:15,5.99257,1.86227,5.08278,-50.70393,-1.45028,-7.67827,1.94544,1.23549,70.81197,-8.945547,-1.346685,0.505115,,,,,,,,,,,,3.84532,-0.38957,-1.85719,50,5.96997,0.2699,-110.49747,-1.38055,4.80773,17.6129,-32.66112,GEO_PAT,NIA_COM,SpuhlerFieldMain,TeamExclusive,Team,20251018-SpuhlerFieldMain-Private-1,9c1a5290-ac4f-11f0-ae3b-9b4a908d198a,74.62144,,,5.19915,,,,,,,e9589120-7e22-442b-894a-3d9ff1c37833,2025-10-18,18:23:56.18,2025-10-18T14:23:56.1870000-04:00,2025-10-18T18:23:56.1870000Z,,v3,471300,,,"Harper, Dalton",1000115726,Right,NIA_COM,4f6368ef-d427-4466-a361-cd1d6329ba35,55.42222,-111.3584,8.80645,5.99843,0.21594,-16.33056,-1.86464,0.0349,2.40387,,,,,,,,,,,,,,,,,,,,,,,,,,,,,,,,,,,,,,,,,,,,,,,,,,,High,High,High,,,,,
282,2025-10-18,14:24:09.90,2,2,"Allen, Derrick",10121745,Right,NIA_COM,"Blanchard, Evan",10073877,Right,GEO_PAT,Undefined,7,Bottom,1,1,0,Fastball,Sinker,BallCalled,Undefined,Undefined,Undefined,0,0,,89.57277,-3.036552,-5.285425,2121.009706,232.798772,1:45,6.26694,1.76228,5.36213,-22.91009,12.81387,15.38855,1.4953,-1.92602,82.22365,-7.260238,-2.565553,0.430181,,,,,,,,,,,,-9.09394,7.57678,-1.29734,50,5.97657,11.27224,-129.38879,-7.70989,-15.49586,25.69528,-19.26337,GEO_PAT,NIA_COM,SpuhlerFieldMain,TeamExclusive,Team,20251018-SpuhlerFieldMain-Private-1,a41ec840-ac4f-11f0-ae3b-9b4a908d198a,87.61998,,,7.34912,,,,,,,e9589120-7e22-442b-894a-3d9ff1c37833,2025-10-18,18:24:09.90,2025-10-18T14:24:09.9090000-04:00,2025-10-18T18:24:09.9090000Z,,v3,471300,,,"Harper, Dalton",1000115726,Right,NIA_COM,2cb61476-aad6-4d7a-8672-d854bc77a1a6,55.1399,-130.40553,12.84764,6.26657,-6.94765,-9.63169,-1.7555,11.8854,-7.74793,,,,,,,,,,,,,,,,,,,,,,,,,,,,,,,,,,,,,,,,,,,,,,,,,,,High,High,High,,,,,
283,2025-10-18,14:24:23.84,2,3,"Allen, Derrick",10121745,Right,NIA_COM,"Blanchard, Evan",10073877,Right,GEO_PAT,Undefined,7,Bottom,1,2,0,Fastball,Sinker,BallCalled,Undefined,Undefined,Undefined,0,0,,90.3625,-1.278981,-4.248829,2034.973122,225.071276,1:30,6.05585,1.82713,5.34499,-21.85454,13.19213,12.10422,3.03135,-1.15725,82.59463,-5.333657,-2.106532,0.426083,,,,,,,,,,,,-7.20784,7.29752,-1.45236,50,5.92482,9.1614,-130.81779,-3.70762,-12.51669,27.05319,-19.50162,GEO_PAT,NIA_COM,SpuhlerFieldMain,TeamExclusive,Team,20251018-SpuhlerFieldMain-Private-1,ac6bb8a0-ac4f-11f0-ae3b-9b4a908d198a,88.46259,,,7.76787,,,,,,,e9589120-7e22-442b-894a-3d9ff1c37833,2025-10-18,18:24:23.84,2025-10-18T14:24:23.8430000-04:00,2025-10-18T18:24:23.8430000Z,,v3,471300,,,"Harper, Dalton",1000115726,Right,NIA_COM,f215d888-1db4-4602-8b0d-636dbb1e1d8e,55.15618,-131.87978,13.52659,6.05534,-2.94207,-9.75081,-1.82164,9.65275,-6.25834,,,,,,,,,,,,,,,,,,,,,,,,,,,,,,,,,,,,,,,,,,,,,,,,,,,High,High,High,,,,,
284,2025-10-18,14:24:37.37,2,4,"Allen, Derrick",10121745,Right,NIA_COM,"Blanchard, Evan",10073877,Right,GEO_PAT,Undefined,7,Bottom,1,3,0,Fastball,Sinker,StrikeCalled,Undefined,Undefined,Undefined,0,0,,90.375,-1.27266,-4.094277,2090.350152,243.281613,2:00,5.93728,1.79537,5.16778,-26.12273,9.2543,16.06674,2.55932,-0.72573,82.38761,-6.074,-1.256943,0.428087,,,,,,,,,,,,-9.1406,5.31902,-1.42578,50,5.79859,8.60664,-130.79625,-3.91003,-15.80901,28.00194,-22.97457,GEO_PAT,NIA_COM,SpuhlerFieldMain,TeamExclusive,Team,20251018-SpuhlerFieldMain-Private-1,b47efb60-ac4f-11f0-ae3b-9b4a908d198a,88.04854,,,7.98739,,,,,,,e9589120-7e22-442b-894a-3d9ff1c37833,2025-10-18,18:24:37.37,2025-10-18T14:24:37.3740000-04:00,2025-10-18T18:24:37.3740000Z,,v3,471300,,,"Harper, Dalton",1000115726,Right,NIA_COM,77378585-1445-43ec-bc64-9ed46315027c,55.33372,-131.93319,14.00097,5.93841,-2.97721,-11.48728,-1.78826,9.24852,-7.9045,,,,,,,,,,,,,,,,,,,,,,,,,,,,,,,,,,,,,,,,,,,,,,,,,,,High,High,High,,,,,
285,2025-10-18,14:24:52.16,2,5,"Allen, Derrick",10121745,Right,NIA_COM,"Blanchard, Evan",10073877,Right,GEO_PAT,Undefined,7,Bottom,1,3,1,Fastball,Sinker,InPlay,Undefined,GroundBall,Out,1,0,,90.5655,-1.567491,-4.186201,2085.248309,238.834467,2:00,6.05966,1.90001,5.28234,-24.03875,10.96674,16.26154,2.57997,-0.68345,82.74513,-6.003424,-1.309104,0.425833,98.43644,-9.868447,3.956908,,,,,17.07716,15.20868,6.377688,0.113925,-9.36993,6.25449,-1.53011,50,5.8988,8.86228,-131.12384,-4.48566,-16.3168,27.66756,-21.28248,GEO_PAT,NIA_COM,SpuhlerFieldMain,TeamExclusive,Team,20251018-SpuhlerFieldMain-Private-1,bd6bae30-ac4f-11f0-ae3b-9b4a908d198a,88.51454,2.55743,,7.82037,,,,0.99814,2.55743,0.73562,e9589120-7e22-442b-894a-3d9ff1c37833,2025-10-18,18:24:52.16,2025-10-18T14:24:52.1670000-04:00,2025-10-18T18:24:52.1670000Z,GroundBall,v3,471300,,,"Harper, Dalton",1000115726,Right,NIA_COM,009e5de5-4f24-4f20-a282-6ed8d49ae0d4,55.22106,-132.22091,13.83378,6.05993,-3.64177,-10.64124,-1.89435,9.50927,-8.1584,187.40496,0.9981,141.90219,-14.85819,,,,,,,2.55696,-24.68926,19.74256,,,,,,,0.73554,9.82417,3.25729,,,,,,,,,,,,,,,,,,,,,,,,,,,,,High,High,High,High,High,,,
286,2025-10-18,14:25:32.43,3,1,"Allen, Derrick",10121745,Right,NIA_COM,"Vaughan, Logan",1000232024,Left,GEO_PAT,Undefined,7,Bottom,2,0,0,Fastball,Sinker,BallCalled,Undefined,Undefined,Undefined,0,0,,90.30239,0.439399,-2.481826,2062.300656,237.244783,2:00,6.01497,1.9806,5.27104,-23.87761,11.28178,15.77473,4.43833,0.96235,82.21996,-3.987111,0.314016,0.426768,,,,,,,,,,,,-8.56111,5.85343,-1.76555,50,6.0379,4.94019,-130.94793,0.12782,-14.84495,28.00098,-22.02422,GEO_PAT,NIA_COM,SpuhlerFieldMain,TeamExclusive,Team,20251018-SpuhlerFieldMain-Private-1,d54db980-ac4f-11f0-ae3b-9b4a908d198a,88.32066,,,8.08243,,,,,,,e9589120-7e22-442b-894a-3d9ff1c37833,2025-10-18,18:25:32.43,2025-10-18T14:25:32.4350000-04:00,2025-10-18T18:25:32.4350000Z,,v3,471300,,,"Harper, Dalton",1000115726,Right,NIA_COM,401b9154-e34f-44f8-b548-30d296dfc244,55.23019,-132.06159,14.00049,6.01539,1.00376,-11.01211,-1.97377,5.5306,-7.42247,,,,,,,,,,,,,,,,,,,,,,,,,,,,,,,,,,,,,,,,,,,,,,,,,,,High,High,High,,,,,
287,2025-10-18,14:25:49.97,3,2,"Allen, Derrick",10121745,Right,NIA_COM,"Vaughan, Logan",1000232024,Left,GEO_PAT,Undefined,7,Bottom,2,1,0,Fastball,Sinker,BallCalled,Undefined,Undefined,Undefined,0,0,,90.6649,-1.66216,-1.531086,2083.692894,243.359579,2:00,6.40539,1.77642,4.96815,-24.98391,10.50942,18.51812,2.75223,1.8729,82.33812,-6.253305,1.738045,0.42879,,,,,,,,,,,,-9.5941,6.05701,-1.64421,50,6.22453,2.61478,-131.35097,-4.78328,-16.62786,29.89148,-21.67643,GEO_PAT,NIA_COM,SpuhlerFieldMain,TeamExclusive,Team,20251018-SpuhlerFieldMain-Private-1,dfc3f280-ac4f-11f0-ae3b-9b4a908d198a,87.90418,,,8.32678,,,,,,,e9589120-7e22-442b-894a-3d9ff1c37833,2025-10-18,18:25:49.97,2025-10-18T14:25:49.9750000-04:00,2025-10-18T18:25:49.9750000Z,,v3,471300,,,"Harper, Dalton",1000115726,Right,NIA_COM,5e1cdc67-cece-43bf-ac97-7f55611f12a2,55.53263,-132.60405,14.94574,6.406,-3.87459,-10.83821,-1.76844,3.31183,-8.31393,,,,,,,,,,,,,,,,,,,,,,,,,,,,,,,,,,,,,,,,,,,,,,,,,,,High,High,High,,,,,
288,2025-10-18,14:26:08.18,3,3,"Allen, Derrick",10121745,Right,NIA_COM,"Vaughan, Logan",1000232024,Left,GEO_PAT,Undefined,7,Bottom,2,2,0,Fastball,Sinker,BallCalled,Undefined,Undefined,Undefined,0,0,,90.32329,0.198396,-2.836532,2067.370547,240.672629,2:00,5.97454,2.0906,5.23072,-23.76745,11.73922,18.68434,4.18066,0.9789,81.5651,-4.223566,0.471865,0.428871,,,,,,,,,,,,-10.10871,6.15646,-1.84331,50,5.97554,5.58843,-130.80723,-0.41611,-17.34448,30.09341,-21.61081,GEO_PAT,NIA_COM,SpuhlerFieldMain,TeamExclusive,Team,20251018-SpuhlerFieldMain-Private-1,eaa151c0-ac4f-11f0-ae3b-9b4a908d198a,87.88761,,,8.75818,,,,,,,e9589120-7e22-442b-894a-3d9ff1c37833,2025-10-18,18:26:08.18,2025-10-18T14:26:08.1840000-04:00,2025-10-18T18:26:08.1840000Z,,v3,471300,,,"Harper, Dalton",1000115726,Right,NIA_COM,ed754ffe-abea-47f1-8088-3675aa741b76,55.26881,-132.0138,15.04671,5.97486,0.45036,-10.8054,-2.08131,6.28385,-8.67224,,,,,,,,,,,,,,,,,,,,,,,,,,,,,,,,,,,,,,,,,,,,,,,,,,,High,High,High,,,,,
289,2025-10-18,14:26:26.87,3,4,"Allen, Derrick",10121745,Right,NIA_COM,"Vaughan, Logan",1000232024,Left,GEO_PAT,Undefined,7,Bottom,2,3,0,Fastball,Sinker,BallCalled,Walk,Undefined,Undefined,0,0,,89.65928,-0.712953,-0.531159,2011.259082,239.055282,2:00,6.36894,1.69071,5.2869,-24.36564,11.49989,17.12599,3.66888,2.61905,81.28271,-5.234302,2.509267,0.431032,,,,,,,,,,,,-8.66174,6.33599,-1.65501,50,6.28654,0.40187,-130.0047,-2.5018,-14.68534,29.6334,-21.43186,GEO_PAT,NIA_COM,SpuhlerFieldMain,TeamExclusive,Team,20251018-SpuhlerFieldMain-Private-1,f5c92780-ac4f-11f0-ae3b-9b4a908d198a,87.44688,,,8.37657,,,,,,,e9589120-7e22-442b-894a-3d9ff1c37833,2025-10-18,18:26:26.87,2025-10-18T14:26:26.8770000-04:00,2025-10-18T18:26:26.8770000Z,,v3,471300,,,"Harper, Dalton",1000115726,Right,NIA_COM,1cd3ee7f-98f8-424a-b794-5a7a36d28d4d,55.21256,-131.18748,14.8167,6.36932,-1.64637,-10.71593,-1.68275,0.98802,-7.34267,,,,,,,,,,,,,,,,,,,,,,,,,,,,,,,,,,,,,,,,,,,,,,,,,,,High,High,High,,,,,
290,2025-10-18,14:26:57.85,4,1,"Allen, Derrick",10121745,Right,NIA_COM,"Bagnerise , Julius",1000469309,Right,GEO_PAT,Undefined,7,Bottom,2,0,0,Fastball,Sinker,FoulBallNotFieldable,Undefined,Undefined,Undefined,0,0,,90.09783,-1.752366,-3.54134,1965.780924,236.940454,2:00,6.05605,1.89665,5.17977,-25.0995,10.44666,14.25406,2.31184,-0.25203,82.22492,-6.370747,-1.021134,0.429109,75.07068,61.380878,-43.168597,5237.056666,48.22288,92.68553,-98.86624,152.59122,141.96255,-65.50958,4.918178,-8.13674,6.04748,-1.57827,50,5.87383,7.41707,-130.46139,-4.94147,-13.99775,27.91491,-21.77047,GEO_PAT,NIA_COM,SpuhlerFieldMain,TeamExclusive,Team,20251018-SpuhlerFieldMain-Private-1,085a1d50-ac50-11f0-ae3b-9b4a908d198a,87.83883,103.86718,,7.87291,,,,1.14714,2.50943,0.06656,e9589120-7e22-442b-894a-3d9ff1c37833,2025-10-18,18:26:57.85,2025-10-18T14:26:57.8590000-04:00,2025-10-18T18:26:57.8590000Z,Popup,v3,471300,,,"Harper, Dalton",1000115726,Right,NIA_COM,0aa353a3-959d-4638-ab68-d2b2b97cc1d1,55.32243,-131.5953,13.95746,6.05659,-4.05714,-10.88523,-1.8911,7.98567,-6.99887,152.251652,1.15507,38.17907,-15.1255,2.05541,2.19506,-1.62141,0.48568,-0.0687,0.00376,2.53832,96.03321,-25.86401,-1.07428,3.21656,-1.61282,0.39988,-0.04989,0.00248,0.05271,-35.83339,-0.7698,2.31831,-1.07426,0.21677,-4E-05,-0.00574,0.00054,,,,,,,,,,,,,,,,,,,,,,,High,High,High,High,Low,,,
291,2025-10-18,14:27:31.92,4,2,"Allen, Derrick",10121745,Right,NIA_COM,"Bagnerise , Julius",1000469309,Right,GEO_PAT,Undefined,7,Bottom,2,0,1,ChangeUp,Changeup,FoulBallNotFieldable,Undefined,Undefined,Undefined,0,0,,81.98857,-0.170004,-2.526455,1509.024646,258.896482,2:45,5.71064,1.79325,5.58594,-38.60892,3.70488,11.69548,2.33432,0.40695,74.78245,-7.268795,-0.439184,0.468179,88.62739,28.495052,-63.936815,3833.262009,42.32808,46.14416,-101.52978,241.33162,146.55758,-73.904794,3.47896,-6.67532,2.3363,-1.58386,50,5.67086,4.77524,-118.91596,-1.66206,-9.4982,24.1475,-28.84977,GEO_PAT,NIA_COM,SpuhlerFieldMain,TeamExclusive,Team,20251018-SpuhlerFieldMain-Private-1,1cae1fe0-ac50-11f0-ae3b-9b4a908d198a,80.50852,49.25027,,7.20613,,,,0.75376,2.03105,0.1216,e9589120-7e22-442b-894a-3d9ff1c37833,2025-10-18,18:27:31.92,2025-10-18T14:27:31.9270000-04:00,2025-10-18T18:27:31.9270000Z,FlyBall,v3,471300,,,"Harper, Dalton",1000115726,Right,NIA_COM,3bc45cc6-bc73-4c3f-8b34-27511a05d431,54.91592,-119.91004,12.07375,5.71484,-0.47439,-14.42489,-1.7885,5.16625,-4.7491,,0.7536,50.19897,-16.87403,4.24568,-1.1379,0.32473,-0.0749,0.01047,-0.00064,2.03188,61.98268,-23.96696,2.82883,-0.17121,-0.21482,0.09274,-0.01621,0.00109,0.12187,-102.63345,19.55735,-4.99691,1.39616,-0.4216,0.101,-0.01442,0.00089,,,,,,,,,,,,,,,,,,,,,,,High,High,High,Medium,Low,,,
292,2025-10-18,14:27:50.45,4,3,"Allen, Derrick",10121745,Right,NIA_COM,"Bagnerise , Julius",1000469309,Right,GEO_PAT,Undefined,7,Bottom,2,0,2,Slider,Curveball,BallCalled,Undefined,Undefined,Undefined,0,0,,77.62823,-0.620171,-1.899556,2340.046791,78.762123,8:45,6.32439,1.28786,4.73535,-48.09243,0.56417,-5.11866,1.72797,-0.9415,71.29217,-9.260413,-2.799807,0.502045,,,,,,,,,,,,1.97158,0.89035,-1.09152,50,6.2191,3.94342,-112.50311,-2.96991,2.51516,21.29179,-31.0382,GEO_PAT,NIA_COM,SpuhlerFieldMain,TeamExclusive,Team,20251018-SpuhlerFieldMain-Private-1,27b83470-ac50-11f0-ae3b-9b4a908d198a,75.07786,,,6.33605,,,,,,,e9589120-7e22-442b-894a-3d9ff1c37833,2025-10-18,18:27:50.45,2025-10-18T14:27:50.4560000-04:00,2025-10-18T18:27:50.4560000Z,,v3,471300,,,"Harper, Dalton",1000115726,Right,NIA_COM,58f20870-6f6e-4ff4-be47-512e653ea13c,55.76702,-113.5893,10.6459,6.33022,-1.38651,-15.5191,-1.28942,3.81511,1.25758,,,,,,,,,,,,,,,,,,,,,,,,,,,,,,,,,,,,,,,,,,,,,,,,,,,High,High,High,,,,,
293,2025-10-18,14:28:06.66,4,4,"Allen, Derrick",10121745,Right,NIA_COM,"Bagnerise , Julius",1000469309,Right,GEO_PAT,Undefined,7,Bottom,2,1,2,Slider,Slider,InPlay,Undefined,LineDrive,Out,1,0,,77.46838,-0.363904,-1.944525,2292.435204,77.849018,8:30,6.17114,1.75407,4.82795,-47.82381,0.69224,-3.86933,1.84096,-0.41075,71.3329,-8.969155,-2.626108,0.501319,98.35604,15.648582,21.519513,1560.790632,100.93904,24.05023,43.71786,278.67779,275.79723,26.817539,2.748937,1.37756,0.82165,-1.5576,50,6.09358,3.9706,-112.34395,-2.42531,1.75821,20.60683,-31.12534,GEO_PAT,NIA_COM,SpuhlerFieldMain,TeamExclusive,Team,20251018-SpuhlerFieldMain-Private-1,315e4c30-ac50-11f0-ae3b-9b4a908d198a,75.18653,26.6013,,6.13549,,,,2.30574,1.95282,0.40709,e9589120-7e22-442b-894a-3d9ff1c37833,2025-10-18,18:28:06.66,2025-10-18T14:28:06.6680000-04:00,2025-10-18T18:28:06.6680000Z,LineDrive,v3,471300,,,"Harper, Dalton",1000115726,Right,NIA_COM,26bd0a46-49a0-4a3f-9c82-642c02db4e51,55.67555,-113.38022,10.30342,6.17619,-0.86009,-15.56267,-1.75505,3.88218,0.8791,228.55937,2.30574,129.22526,-22.94686,5.06032,-1.11087,0.22121,-0.03821,0.00465,-0.00027,1.95282,38.91083,-16.37523,0.89681,-0.08994,0.00654,0.00068,0.0001,-3E-05,0.40709,50.95415,-1.54758,-0.52895,0.2662,-0.07547,0.01459,-0.00169,9E-05,,,,,,,,,,,,,,,,,,,,,,,High,High,High,High,High,,,
294,2025-10-18,14:30:58.89,1,1,"Rozich , Landen",1000469268,Right,GEO_PAT,"Schaefer, Mikey",10126964,Left,NIA_COM,Undefined,8,Top,0,0,0,ChangeUp,Changeup,BallCalled,Undefined,Undefined,Undefined,0,0,,79.7083,-0.657878,-1.844483,2296.01991,283.542762,3:30,5.7366,1.05539,5.43144,-47.21325,-2.56221,16.2954,1.18567,0.68525,73.6005,-9.227885,1.062212,0.480936,,,,,,,,,,,,-8.7791,-0.76047,-0.90375,50,5.64508,3.09354,-115.77422,-2.95264,-11.92664,21.42539,-33.20718,GEO_PAT,NIA_COM,SpuhlerFieldMain,TeamExclusive,Team,20251018-SpuhlerFieldMain-Private-1,98057120-ac50-11f0-ae3b-9b4a908d198a,78.37311,,,6.1078,,,,,,,e9589120-7e22-442b-894a-3d9ff1c37833,2025-10-18,18:30:58.89,2025-10-18T14:30:58.8930000-04:00,2025-10-18T18:30:58.8930000Z,,v3,471300,,,"Vaughan, Logan",1000232024,Right,GEO_PAT,6338520b-648e-43bd-9a8a-3fee75a908b5,55.07378,-116.7094,10.71269,5.74232,-1.50319,-16.60359,-1.05014,3.61412,-5.96332,,,,,,,,,,,,,,,,,,,,,,,,,,,,,,,,,,,,,,,,,,,,,,,,,,,High,High,High,,,,,
295,2025-10-18,14:31:09.49,1,2,"Rozich , Landen",1000469268,Right,GEO_PAT,"Schaefer, Mikey",10126964,Left,NIA_COM,Undefined,8,Top,0,1,0,ChangeUp,Changeup,StrikeSwinging,Undefined,Undefined,Undefined,0,0,,78.93489,-0.400854,-2.489881,2479.465917,280.237942,3:15,5.75548,0.75306,5.04318,-47.98829,-1.78484,17.71643,1.37795,-0.12088,72.85222,-9.056622,0.645327,0.489225,,,,,,,,,,,,-9.54418,-0.41874,-0.53044,50,5.67835,4.26602,-114.54993,-2.5208,-12.70808,20.74326,-32.73158,GEO_PAT,NIA_COM,SpuhlerFieldMain,TeamExclusive,Team,20251018-SpuhlerFieldMain-Private-1,9e583f30-ac50-11f0-ae3b-9b4a908d198a,77.04519,,,6.08267,,,,,,,e9589120-7e22-442b-894a-3d9ff1c37833,2025-10-18,18:31:09.49,2025-10-18T14:31:09.4990000-04:00,2025-10-18T18:31:09.4990000Z,,v3,471300,,,"Vaughan, Logan",1000232024,Right,GEO_PAT,de9af6ad-82fb-4bb0-ba14-f0803b7c7ab0,55.46209,-115.5348,10.37163,5.76114,-0.96674,-16.36579,-0.74731,4.86938,-6.35404,,,,,,,,,,,,,,,,,,,,,,,,,,,,,,,,,,,,,,,,,,,,,,,,,,,High,High,High,,,,,
296,2025-10-18,14:31:19.91,1,3,"Rozich , Landen",1000469268,Right,GEO_PAT,"Schaefer, Mikey",10126964,Left,NIA_COM,Undefined,8,Top,0,1,1,Fastball,Four-Seam,BallCalled,Undefined,Undefined,Undefined,0,0,,91.39513,-3.457854,-0.041372,2144.859997,223.51483,1:30,5.74594,0.84505,5.41452,-18.16371,15.84965,14.05005,0.98881,1.97713,84.06603,-6.829305,2.459193,0.419755,,,,,,,,,,,,-7.05867,9.21382,-0.85136,50,5.4256,-0.55022,-132.52182,-8.6294,-12.60641,27.18583,-15.71866,GEO_PAT,NIA_COM,SpuhlerFieldMain,TeamExclusive,Team,20251018-SpuhlerFieldMain-Private-1,a474bb00-ac50-11f0-ae3b-9b4a908d198a,89.79623,,,7.3291,,,,,,,e9589120-7e22-442b-894a-3d9ff1c37833,2025-10-18,18:31:19.91,2025-10-18T14:31:19.9160000-04:00,2025-10-18T18:31:19.9160000Z,,v3,471300,,,"Vaughan, Logan",1000232024,Right,GEO_PAT,1e3bbfcd-0343-457c-9898-084679c9e0ee,55.08712,-133.56132,13.59292,5.74407,-8.02836,-7.85933,-0.83954,-0.06818,-6.30321,,,,,,,,,,,,,,,,,,,,,,,,,,,,,,,,,,,,,,,,,,,,,,,,,,,High,High,High,,,,,
297,2025-10-18,14:31:32.24,1,4,"Rozich , Landen",1000469268,Right,GEO_PAT,"Schaefer, Mikey",10126964,Left,NIA_COM,Undefined,8,Top,0,2,1,Fastball,Sinker,BallCalled,Undefined,Undefined,Undefined,0,0,,90.07865,0.24167,-1.968295,2090.317329,225.892305,1:30,5.73234,1.01976,5.30019,-21.10222,14.04371,13.363,4.20086,0.28466,82.31703,-3.688193,0.402152,0.426686,,,,,,,,,,,,-7.19083,7.28882,-0.85071,50,5.73924,3.87215,-130.71412,-0.19429,-12.47369,26.87931,-19.53035,GEO_PAT,NIA_COM,SpuhlerFieldMain,TeamExclusive,Team,20251018-SpuhlerFieldMain-Private-1,abc8a560-ac50-11f0-ae3b-9b4a908d198a,88.33755,,,7.76162,,,,,,,e9589120-7e22-442b-894a-3d9ff1c37833,2025-10-18,18:31:32.24,2025-10-18T14:31:32.2480000-04:00,2025-10-18T18:31:32.2480000Z,,v3,471300,,,"Vaughan, Logan",1000232024,Right,GEO_PAT,a9aded52-c17a-4419-9182-702bff7208a1,55.20077,-131.77924,13.43966,5.73161,0.57961,-9.76517,-1.01393,4.36643,-6.23685,,,,,,,,,,,,,,,,,,,,,,,,,,,,,,,,,,,,,,,,,,,,,,,,,,,High,High,High,,,,,
298,2025-10-18,14:31:46.55,1,5,"Rozich , Landen",1000469268,Right,GEO_PAT,"Schaefer, Mikey",10126964,Left,NIA_COM,Undefined,8,Top,0,3,1,ChangeUp,Changeup,BallCalled,Walk,Undefined,Undefined,0,0,,77.93252,-1.516234,-2.444745,2339.562187,289.596695,3:45,5.72575,0.80113,5.13212,-49.8618,-2.97622,12.02221,0.14099,-0.50087,72.80137,-10.460671,-0.311439,0.492823,,,,,,,,,,,,-6.70351,-0.85654,-0.58155,50,5.54373,4.37276,-113.18523,-4.732,-8.78679,18.63921,-33.2968,GEO_PAT,NIA_COM,SpuhlerFieldMain,TeamExclusive,Team,20251018-SpuhlerFieldMain-Private-1,b471bf80-ac50-11f0-ae3b-9b4a908d198a,76.48271,,,5.13114,,,,,,,e9589120-7e22-442b-894a-3d9ff1c37833,2025-10-18,18:31:46.55,2025-10-18T14:31:46.5590000-04:00,2025-10-18T18:31:46.5590000Z,,v3,471300,,,"Vaughan, Logan",1000232024,Right,GEO_PAT,4df68119-5d3f-4826-920d-2c2858d188af,55.37455,-114.06687,9.31961,5.73031,-3.15705,-16.6484,-0.79821,4.78838,-4.3934,,,,,,,,,,,,,,,,,,,,,,,,,,,,,,,,,,,,,,,,,,,,,,,,,,,High,High,High,,,,,
299,2025-10-18,14:32:31.35,2,1,"Rozich , Landen",1000469268,Right,GEO_PAT,"Harper, Dalton",1000115726,Right,NIA_COM,Undefined,8,Top,0,0,0,Fastball,Sinker,InPlay,Undefined,FlyBall,Out,1,0,,88.86246,-1.789518,-1.848077,2004.923876,219.87044,1:15,5.81256,0.72028,5.74239,-18.77981,17.563,13.50339,2.57987,0.12414,79.62528,-5.37736,0.568179,0.433891,102.36946,25.140123,-18.105983,2611.886711,103.90881,51.28188,-36.09581,342.88963,341.82525,-23.707195,4.831973,-7.52012,9.94839,-0.57497,50,5.65246,3.56772,-128.69492,-4.5837,-12.33734,32.13252,-15.85292,GEO_PAT,NIA_COM,SpuhlerFieldMain,TeamExclusive,Team,20251018-SpuhlerFieldMain-Private-1,cf189020-ac50-11f0-ae3b-9b4a908d198a,86.87076,75.38268,,9.23718,,,,1.55486,2.61245,-0.11504,e9589120-7e22-442b-894a-3d9ff1c37833,2025-10-18,18:32:31.35,2025-10-18T14:32:31.3550000-04:00,2025-10-18T18:32:31.3550000Z,FlyBall,v3,471300,,,"Vaughan, Logan",1000232024,Right,GEO_PAT,7c36a13e-1b52-4a93-a701-671a79886c71,54.75706,-129.87723,16.06626,5.81038,-4.00039,-7.92646,-0.7146,4.02167,-6.16867,169.510011,1.55421,129.20002,-31.12214,7.99465,-1.89478,0.40505,-0.06649,0.00671,-0.0003,2.61341,63.76672,-14.02643,-0.48787,0.45147,-0.15313,0.0294,-0.00288,0.00011,-0.11501,-42.2402,6.94909,-1.89764,0.46226,-0.09777,0.01558,-0.00154,7E-05,,,,,,,,,,,,,,,,,,,,,,,High,High,High,High,Medium,,,
300,2025-10-18,14:33:12.30,3,1,"Rozich , Landen",1000469268,Right,GEO_PAT,"Panzarella, Joey",10100201,Left,NIA_COM,Undefined,8,Top,1,0,0,Fastball,Sinker,BallCalled,Undefined,Undefined,Undefined,0,0,,88.65167,-0.623019,-1.144087,2056.568355,223.359742,1:30,5.70566,0.97421,5.67718,-20.32903,15.96564,13.85178,3.43061,1.06177,79.95336,-4.474243,1.332014,0.433603,,,,,,,,,,,,-7.31119,8.65485,-0.88618,50,5.64055,1.94438,-128.5294,-2.03197,-12.06812,29.93412,-17.88807,GEO_PAT,NIA_COM,SpuhlerFieldMain,TeamExclusive,Team,20251018-SpuhlerFieldMain-Private-1,e76a2620-ac50-11f0-ae3b-9b4a908d198a,86.92836,,,8.69831,,,,,,,e9589120-7e22-442b-894a-3d9ff1c37833,2025-10-18,18:33:12.30,2025-10-18T14:33:12.3080000-04:00,2025-10-18T18:33:12.3080000Z,,v3,471300,,,"Vaughan, Logan",1000232024,Right,GEO_PAT,2523bde9-2e30-4959-a241-e611632c944f,54.8206,-129.64724,14.96706,5.70396,-1.36397,-8.94404,-0.96721,2.39505,-6.03406,,,,,,,,,,,,,,,,,,,,,,,,,,,,,,,,,,,,,,,,,,,,,,,,,,,High,High,High,,,,,
301,2025-10-18,14:33:29.71,3,2,"Rozich , Landen",1000469268,Right,GEO_PAT,"Panzarella, Joey",10100201,Left,NIA_COM,Undefined,8,Top,1,1,0,ChangeUp,Changeup,StrikeSwinging,Undefined,Undefined,Undefined,0,0,,78.31243,0.017721,-2.458265,2288.792523,272.81378,3:00,5.77062,0.87978,5.1845,-46.56176,0.77256,17.98127,1.90716,0.06386,71.214,-8.462806,0.730161,0.495176,,,,,,,,,,,,-9.75127,0.84469,-0.66555,50,5.73692,4.14442,-113.47792,-1.5794,-12.56314,23.08432,-31.0858,GEO_PAT,NIA_COM,SpuhlerFieldMain,TeamExclusive,Team,20251018-SpuhlerFieldMain-Private-1,f1f17620-ac50-11f0-ae3b-9b4a908d198a,76.1193,,,7.09843,,,,,,,e9589120-7e22-442b-894a-3d9ff1c37833,2025-10-18,18:33:29.71,2025-10-18T14:33:29.7120000-04:00,2025-10-18T18:33:29.7120000Z,,v3,471300,,,"Vaughan, Logan",1000232024,Right,GEO_PAT,b9c0fbd6-1761-4848-bbcc-9f66bd9e7258,55.3179,-114.55461,11.54216,5.77677,-0.12951,-15.5429,-0.87252,4.73038,-6.28157,,,,,,,,,,,,,,,,,,,,,,,,,,,,,,,,,,,,,,,,,,,,,,,,,,,High,High,High,,,,,
302,2025-10-18,14:34:39.65,3,3,"Rozich , Landen",1000469268,Right,GEO_PAT,"Panzarella, Joey",10100201,Left,NIA_COM,Undefined,8,Top,1,1,1,ChangeUp,Changeup,BallCalled,Undefined,Undefined,Undefined,0,0,,76.53198,2.553417,-0.567921,2352.063451,297.181391,4:00,5.79518,0.77749,5.00506,-55.50542,-5.09189,13.60717,3.58191,1.37528,68.75012,-7.545619,1.835517,0.511028,,,,,,,,,,,,-6.84524,-2.73079,-0.73429,50,5.99629,0.52606,-110.709,2.95512,-8.31257,23.73486,-35.49019,GEO_PAT,NIA_COM,SpuhlerFieldMain,TeamExclusive,Team,20251018-SpuhlerFieldMain-Private-1,1b869a60-ac51-11f0-ae3b-9b4a908d198a,73.75803,,,7.78187,,,,,,,e9589120-7e22-442b-894a-3d9ff1c37833,2025-10-18,18:34:39.65,2025-10-18T14:34:39.6510000-04:00,2025-10-18T18:34:39.6510000Z,,v3,471300,,,"Vaughan, Logan",1000232024,Right,GEO_PAT,28be0fa7-fa57-435e-906f-f7c27b872f3d,55.49457,-111.88078,11.86743,5.80715,4.70725,-17.7451,-0.77039,0.93644,-4.15629,,,,,,,,,,,,,,,,,,,,,,,,,,,,,,,,,,,,,,,,,,,,,,,,,,,High,High,High,,,,,
303,2025-10-18,14:35:02.40,3,4,"Rozich , Landen",1000469268,Right,GEO_PAT,"Panzarella, Joey",10100201,Left,NIA_COM,Undefined,8,Top,1,2,1,Fastball,Sinker,FoulBallNotFieldable,Undefined,Undefined,Undefined,0,0,,89.72922,-0.730512,-2.234086,2077.570888,245.867781,2:15,5.72241,1.02483,5.6844,-25.71297,9.85989,19.07895,2.89815,0.53117,80.71792,-5.541127,1.176778,0.42927,69.92583,46.799524,-81.107031,4364.308515,0.52513,68.30054,-109.99858,214.34958,78.37953,-101.474694,3.975554,-10.4293,5.62083,-0.84886,50,5.64498,4.23038,-130.03427,-2.54434,-17.53643,31.83375,-22.72285,GEO_PAT,NIA_COM,SpuhlerFieldMain,TeamExclusive,Team,20251018-SpuhlerFieldMain-Private-1,292c1a50-ac51-11f0-ae3b-9b4a908d198a,87.80586,68.31217,,9.0113,,,,1.49021,2.90529,-0.52966,e9589120-7e22-442b-894a-3d9ff1c37833,2025-10-18,18:35:02.40,2025-10-18T14:35:02.4080000-04:00,2025-10-18T18:35:02.4080000Z,FlyBall,v3,471300,,,"Vaughan, Logan",1000232024,Right,GEO_PAT,689a8f6f-6208-4a4b-9e8c-f2b8a79e03f6,54.81623,-131.20803,15.91687,5.72334,-1.70651,-11.36143,-1.01676,4.87698,-8.76822,,1.49021,10.85483,-6.83089,0.53421,-0.0814,0.09187,-0.05682,0.01281,-0.00097,2.90447,74.78546,-25.28297,3.18623,-0.92483,0.31973,-0.09203,0.01535,-0.00104,-0.53257,-69.28115,10.03242,-2.45816,-0.0386,0.30464,-0.09938,0.01196,-0.00042,,,,,,,,,,,,,,,,,,,,,,,High,High,High,Medium,Low,,,
304,2025-10-18,14:35:26.85,3,5,"Rozich , Landen",1000469268,Right,GEO_PAT,"Panzarella, Joey",10100201,Left,NIA_COM,Undefined,8,Top,1,2,2,Fastball,Sinker,FoulBallNotFieldable,Undefined,Undefined,Undefined,0,0,,90.65139,-0.680715,-2.165217,2074.135831,226.475505,1:30,5.76655,0.92133,5.37188,-18.9743,16.3341,15.80682,3.54663,0.20746,81.2982,-4.275886,0.642564,0.427672,63.67949,60.406704,-111.943554,3637.493499,,,,,18.082,,,-8.62843,8.78788,-0.73869,50,5.69261,4.22491,-131.2578,-2.18735,-14.77798,32.51609,-17.12298,GEO_PAT,NIA_COM,SpuhlerFieldMain,TeamExclusive,Team,20251018-SpuhlerFieldMain-Private-1,379addb0-ac51-11f0-ae3b-9b4a908d198a,88.13407,31.82089,,9.35319,,,,0.49425,3.38791,-0.1194,e9589120-7e22-442b-894a-3d9ff1c37833,2025-10-18,18:35:26.85,2025-10-18T14:35:26.8580000-04:00,2025-10-18T18:35:26.8580000Z,,v3,471300,,,"Vaughan, Logan",1000232024,Right,GEO_PAT,d8b2c82a-c522-4815-9581-693257c62ff8,55.12716,-132.52184,16.25804,5.7647,-1.5217,-8.56149,-0.9141,4.7994,-7.38899,27.71298,0.50356,-17.54985,-6.85561,,,,,,,3.39468,80.98743,-24.25572,,,,,,,-0.12163,-42.70768,4.53449,,,,,,,,,,,,,,,,,,,,,,,,,,,,,High,High,High,Medium,Undefined,,,
305,2025-10-18,14:35:50.08,3,6,"Rozich , Landen",1000469268,Right,GEO_PAT,"Panzarella, Joey",10100201,Left,NIA_COM,Undefined,8,Top,1,2,2,ChangeUp,Changeup,StrikeCalled,Strikeout,Undefined,Undefined,0,0,,76.54142,1.172213,-2.783132,2126.659834,274.983685,3:15,5.87143,0.79677,5.0834,-49.034,0.32449,14.58859,2.89171,-0.61308,70.03981,-7.729779,-0.20483,0.505653,,,,,,,,,,,,-8.03355,0.30461,-0.54506,50,5.9439,4.80833,-110.93855,0.57831,-9.98637,20.31683,-31.79541,GEO_PAT,NIA_COM,SpuhlerFieldMain,TeamExclusive,Team,20251018-SpuhlerFieldMain-Private-1,45857cf0-ac51-11f0-ae3b-9b4a908d198a,74.54214,,,6.50161,,,,,,,e9589120-7e22-442b-894a-3d9ff1c37833,2025-10-18,18:35:50.08,2025-10-18T14:35:50.0820000-04:00,2025-10-18T18:35:50.0820000Z,,v3,471300,,,"Vaughan, Logan",1000232024,Right,GEO_PAT,45be0f0e-6d99-4651-b25b-85bb18633a75,55.4194,-111.92664,10.15842,5.87817,2.12464,-15.8977,-0.79072,5.29401,-4.99319,,,,,,,,,,,,,,,,,,,,,,,,,,,,,,,,,,,,,,,,,,,,,,,,,,,High,High,High,,,,,
306,2025-10-18,14:36:20.26,4,1,"Rozich , Landen",1000469268,Right,GEO_PAT,"Kohr, Evan",1000275285,Right,NIA_COM,Undefined,8,Top,2,0,0,Fastball,Four-Seam,BallCalled,Undefined,Undefined,Undefined,0,0,,88.88626,-0.420855,-1.086255,2094.090202,219.97269,1:15,5.92785,0.66695,5.62611,-19.32241,16.37072,12.77902,3.92484,0.71808,81.17557,-4.059941,1.195737,0.429995,,,,,,,,,,,,-6.72713,8.73752,-0.58248,50,5.87967,1.87903,-129.05932,-1.56173,-11.35169,26.73523,-17.42989,GEO_PAT,NIA_COM,SpuhlerFieldMain,TeamExclusive,Team,20251018-SpuhlerFieldMain-Private-1,5778d330-ac51-11f0-ae3b-9b4a908d198a,87.65776,,,7.7107,,,,,,,e9589120-7e22-442b-894a-3d9ff1c37833,2025-10-18,18:36:20.26,2025-10-18T14:36:20.2610000-04:00,2025-10-18T18:36:20.2610000Z,,v3,471300,,,"Vaughan, Logan",1000232024,Right,GEO_PAT,6997807c-ff24-41ca-87e2-f86b9cc79142,54.87403,-130.06508,13.36762,5.92608,-0.90603,-8.71494,-0.6612,2.30607,-5.67585,,,,,,,,,,,,,,,,,,,,,,,,,,,,,,,,,,,,,,,,,,,,,,,,,,,High,High,High,,,,,
307,2025-10-18,14:36:36.77,4,2,"Rozich , Landen",1000469268,Right,GEO_PAT,"Kohr, Evan",1000275285,Right,NIA_COM,Undefined,8,Top,2,1,0,Fastball,Four-Seam,BallCalled,Undefined,Undefined,Undefined,0,0,,89.3489,0.356682,-0.715222,2164.017709,217.269553,1:15,5.9045,0.75867,5.69826,-18.55324,16.82127,11.92182,4.69083,1.08559,81.18959,-3.161455,1.416282,0.428072,,,,,,,,,,,,-6.21851,8.7676,-0.70594,50,5.923,1.08924,-129.69625,0.23586,-10.54788,28.18179,-17.30235,GEO_PAT,NIA_COM,SpuhlerFieldMain,TeamExclusive,Team,20251018-SpuhlerFieldMain-Private-1,614e1140-ac51-11f0-ae3b-9b4a908d198a,88.05166,,,8.15931,,,,,,,e9589120-7e22-442b-894a-3d9ff1c37833,2025-10-18,18:36:36.77,2025-10-18T14:36:36.7780000-04:00,2025-10-18T18:36:36.7780000Z,,v3,471300,,,"Vaughan, Logan",1000232024,Right,GEO_PAT,eecebcd5-55c9-4964-90a8-cd5bc577fecf,54.80126,-130.73536,14.09089,5.90254,0.87382,-8.65117,-0.75327,1.47815,-5.27394,,,,,,,,,,,,,,,,,,,,,,,,,,,,,,,,,,,,,,,,,,,,,,,,,,,High,High,High,,,,,
308,2025-10-18,14:37:02.04,4,3,"Rozich , Landen",1000469268,Right,GEO_PAT,"Kohr, Evan",1000275285,Right,NIA_COM,Undefined,8,Top,2,2,0,ChangeUp,Changeup,StrikeSwinging,Undefined,Undefined,Undefined,0,0,,78.41571,-0.599506,-2.225536,2143.452866,276.549628,3:15,5.85437,0.65263,5.15958,-47.31727,-0.42902,17.01194,1.3465,-0.0257,71.98165,-9.171313,0.792159,0.492837,,,,,,,,,,,,-9.17012,0.37256,-0.45851,50,5.76184,3.73965,-113.74266,-2.84452,-11.96179,21.69725,-31.68808,GEO_PAT,NIA_COM,SpuhlerFieldMain,TeamExclusive,Team,20251018-SpuhlerFieldMain-Private-1,707fd680-ac51-11f0-ae3b-9b4a908d198a,76.48052,,,6.43405,,,,,,,e9589120-7e22-442b-894a-3d9ff1c37833,2025-10-18,18:37:02.04,2025-10-18T14:37:02.0490000-04:00,2025-10-18T18:37:02.0490000Z,,v3,471300,,,"Vaughan, Logan",1000232024,Right,GEO_PAT,38a9e4a2-5ef4-40c9-9958-c32306eacba8,55.34433,-114.7576,10.84863,5.86023,-1.36224,-15.84404,-0.64653,4.29919,-5.9809,,,,,,,,,,,,,,,,,,,,,,,,,,,,,,,,,,,,,,,,,,,,,,,,,,,High,High,High,,,,,
309,2025-10-18,14:37:19.65,4,4,"Rozich , Landen",1000469268,Right,GEO_PAT,"Kohr, Evan",1000275285,Right,NIA_COM,Undefined,8,Top,2,2,1,Fastball,Sinker,StrikeCalled,Undefined,Undefined,Undefined,0,0,,89.64474,-1.376008,-2.806962,2133.680657,234.600734,1:45,5.72953,0.85868,5.61478,-22.40092,12.89367,16.50339,2.57667,-0.38807,81.68259,-5.559327,0.137294,0.427588,,,,,,,,,,,,-9.14642,7.27213,-0.62951,50,5.59753,5.6417,-129.98402,-3.88571,-15.5998,28.03639,-19.77095,GEO_PAT,NIA_COM,SpuhlerFieldMain,TeamExclusive,Team,20251018-SpuhlerFieldMain-Private-1,7af39e80-ac51-11f0-ae3b-9b4a908d198a,88.15132,,,7.96215,,,,,,,e9589120-7e22-442b-894a-3d9ff1c37833,2025-10-18,18:37:19.65,2025-10-18T14:37:19.6550000-04:00,2025-10-18T18:37:19.6550000Z,,v3,471300,,,"Vaughan, Logan",1000232024,Right,GEO_PAT,91800ba4-3659-4b74-9f40-5bd6817973ae,54.88666,-131.03379,14.0182,5.72916,-3.14542,-9.88548,-0.85169,6.2258,-7.7999,,,,,,,,,,,,,,,,,,,,,,,,,,,,,,,,,,,,,,,,,,,,,,,,,,,High,High,High,,,,,
310,2025-10-18,14:37:40.92,4,5,"Rozich , Landen",1000469268,Right,GEO_PAT,"Kohr, Evan",1000275285,Right,NIA_COM,Undefined,8,Top,2,2,2,ChangeUp,Curveball,InPlay,Undefined,GroundBall,Out,1,0,,76.59064,0.397284,-2.07602,2173.765455,353.88503,5:45,5.72247,0.87299,4.87766,-57.63086,-7.6278,0.99969,1.29608,-1.00897,70.00257,-9.966459,-1.899589,0.508944,35.85161,-42.591799,-26.278094,,,,,4.16154,4.16154,3.272948,0.042204,-1.1428,-3.47087,-0.66974,50,5.71227,3.98282,-110.98527,-1.29827,-1.4091,21.98614,-36.45371,GEO_PAT,NIA_COM,SpuhlerFieldMain,TeamExclusive,Team,20251018-SpuhlerFieldMain-Private-1,87b415a0-ac51-11f0-ae3b-9b4a908d198a,74.06015,1.51478,,6.58807,,,,2.67725,1.51478,0.96711,e9589120-7e22-442b-894a-3d9ff1c37833,2025-10-18,18:37:40.92,2025-10-18T14:37:40.9260000-04:00,2025-10-18T18:37:40.9260000Z,GroundBall,v3,471300,,,"Vaughan, Logan",1000232024,Right,GEO_PAT,fe899197-fb76-459f-b60d-f0a4754dd06e,55.62605,-112.09425,10.99307,5.73138,0.54045,-18.22685,-0.87242,4.0539,-0.70455,,2.67523,35.00822,,,,,,,,1.51685,-35.89165,,,,,,,,0.96811,-17.28549,,,,,,,,,,,,,,,,,,,,,,,,,,,,,,High,High,High,Estimated,Estimated,,,
311,2025-10-18,14:39:39.83,1,1,"Allen, Derrick",10121745,Right,NIA_COM,"Clyne , Owen",1000230336,Left,GEO_PAT,Undefined,8,Bottom,0,0,0,Fastball,Sinker,BallCalled,Undefined,Undefined,Undefined,0,0,,88.63765,-0.782,-0.491773,1974.709511,220.852732,1:15,6.37986,1.57149,5.29394,-20.26863,16.29359,13.03209,3.95646,2.19572,80.53765,-4.579349,1.821477,0.435199,,,,,,,,,,,,-6.62327,8.73371,-1.53642,50,6.2943,0.50265,-128.55702,-2.43655,-11.02307,28.02272,-17.63854,GEO_PAT,NIA_COM,SpuhlerFieldMain,TeamExclusive,Team,20251018-SpuhlerFieldMain-Private-1,ce69e420-ac51-11f0-ae3b-9b4a908d198a,86.60966,,,8.1,,,,,,,e9589120-7e22-442b-894a-3d9ff1c37833,2025-10-18,18:39:39.83,2025-10-18T14:39:39.8330000-04:00,2025-10-18T18:39:39.8330000Z,,v3,471300,,,"Harper, Dalton",1000115726,Right,NIA_COM,1a9afa62-1a31-4533-9795-ab38235e62e3,55.20541,-129.68672,14.01136,6.3782,-1.72548,-8.81927,-1.56564,0.94703,-5.51154,,,,,,,,,,,,,,,,,,,,,,,,,,,,,,,,,,,,,,,,,,,,,,,,,,,High,High,High,,,,,
312,2025-10-18,14:39:51.47,1,2,"Allen, Derrick",10121745,Right,NIA_COM,"Clyne , Owen",1000230336,Left,GEO_PAT,Undefined,8,Bottom,0,1,0,Fastball,Sinker,BallCalled,Undefined,Undefined,Undefined,0,0,,88.91717,-0.059851,-1.439263,1982.417824,251.657439,2:30,5.73549,1.87606,5.50864,-28.9212,6.85335,17.33706,3.2694,1.9745,81.45994,-5.39076,1.651342,0.430485,,,,,,,,,,,,-9.09831,3.82524,-1.76217,50,5.71093,2.46927,-129.12968,-1.19278,-15.38781,26.46827,-25.70451,GEO_PAT,NIA_COM,SpuhlerFieldMain,TeamExclusive,Team,20251018-SpuhlerFieldMain-Private-1,d5568130-ac51-11f0-ae3b-9b4a908d198a,87.55799,,,7.45722,,,,,,,e9589120-7e22-442b-894a-3d9ff1c37833,2025-10-18,18:39:51.47,2025-10-18T14:39:51.4750000-04:00,2025-10-18T18:39:51.4750000Z,,v3,471300,,,"Harper, Dalton",1000115726,Right,NIA_COM,b086d1dc-a1e7-4641-a7fb-6534c1e7d4ea,54.99344,-130.14918,13.23413,5.73781,-0.20269,-12.85225,-1.8687,3.06198,-7.6939,,,,,,,,,,,,,,,,,,,,,,,,,,,,,,,,,,,,,,,,,,,,,,,,,,,High,High,High,,,,,
313,2025-10-18,14:40:06.47,1,3,"Allen, Derrick",10121745,Right,NIA_COM,"Clyne , Owen",1000230336,Left,GEO_PAT,Undefined,8,Bottom,0,2,0,Fastball,Sinker,InPlay,Undefined,GroundBall,Single,0,0,,89.03148,-2.175976,-3.197518,2004.146037,251.071732,2:15,6.14689,1.71593,5.25137,-29.19506,6.95126,16.95599,1.665,0.12105,81.76011,-7.507216,-0.191281,0.432717,64.36069,10.615238,-35.493199,4124.204219,,,,89.40017,86.5067,-40.25675,1.071775,-9.39646,4.39701,-1.43546,50,5.92514,6.44907,-129.02499,-6.0149,-15.8734,26.31259,-24.7462,GEO_PAT,NIA_COM,SpuhlerFieldMain,TeamExclusive,Team,20251018-SpuhlerFieldMain-Private-1,de67abf0-ac51-11f0-ae3b-9b4a908d198a,87.10653,5.82532,,7.27137,,,,1.904,1.72597,-0.09526,e9589120-7e22-442b-894a-3d9ff1c37833,2025-10-18,18:40:06.47,2025-10-18T14:40:06.4740000-04:00,2025-10-18T18:40:06.4740000Z,GroundBall,v3,471300,,,"Harper, Dalton",1000115726,Right,NIA_COM,df9265e7-d6f3-4437-b2fc-f9a2e5c3f929,55.25221,-130.09168,13.15629,6.14865,-5.0117,-12.3731,-1.70994,7.09256,-7.9367,92.547605,1.904,75.54014,-15.39468,3.06429,-0.64787,0.10593,-0.01815,0.00277,-0.00024,1.72597,17.38885,-19.10257,1.49658,-0.23506,0.03715,-0.00359,0.00058,-0.0001,-0.09526,-53.86863,-0.90072,1.26002,-0.45143,0.12207,-0.02812,0.00532,-0.00058,,,,,,,,,,,,,,,,,,,,,,,High,High,High,High,High,,,
314,2025-10-18,14:40:41.42,2,1,"Allen, Derrick",10121745,Right,NIA_COM,"Terilli, Lucas",1000469290,Left,GEO_PAT,Undefined,8,Bottom,0,0,0,Fastball,Four-Seam,BallCalled,Undefined,Undefined,Undefined,0,0,,88.97599,-2.310356,-3.04629,1950.830547,212.927853,1:00,6.02571,1.52778,5.23203,-23.17167,13.70725,7.98934,1.91863,-0.67281,80.18646,-6.622032,-1.63187,0.43708,,,,,,,,,,,,-4.97209,7.98453,-1.25315,50,5.79576,6.47651,-128.62904,-6.01455,-8.19837,30.62094,-19.00852,GEO_PAT,NIA_COM,SpuhlerFieldMain,TeamExclusive,Team,20251018-SpuhlerFieldMain-Private-1,f33ac990-ac51-11f0-ae3b-9b4a908d198a,86.23701,,,8.78953,,,,,,,e9589120-7e22-442b-894a-3d9ff1c37833,2025-10-18,18:40:41.42,2025-10-18T14:40:41.4240000-04:00,2025-10-18T18:40:41.4240000Z,,v3,471300,,,"Harper, Dalton",1000115726,Right,NIA_COM,ee995937-6659-4351-99c7-235efa91cdec,55.26673,-129.87676,15.31047,6.02506,-5.24,-9.50426,-1.52385,6.81058,-4.09919,,,,,,,,,,,,,,,,,,,,,,,,,,,,,,,,,,,,,,,,,,,,,,,,,,,High,High,High,,,,,
315,2025-10-18,14:41:13.62,2,2,"Allen, Derrick",10121745,Right,NIA_COM,"Terilli, Lucas",1000469290,Left,GEO_PAT,Undefined,8,Bottom,0,1,0,Fastball,Four-Seam,BallCalled,Undefined,Undefined,Undefined,0,0,,88.49165,-1.14577,-3.839002,1976.543165,218.351891,1:15,6.20033,1.52096,5.4682,-23.52493,13.12509,9.38875,3.16501,-1.29507,80.28583,-5.530335,-2.172342,0.435721,,,,,,,,,,,,-5.85174,7.32028,-1.1892,50,6.08351,8.17254,-128.0698,-3.37262,-9.65187,28.15378,-20.1,GEO_PAT,NIA_COM,SpuhlerFieldMain,TeamExclusive,Team,20251018-SpuhlerFieldMain-Private-1,064e83f0-ac52-11f0-ae3b-9b4a908d198a,86.50587,,,8.20582,,,,,,,e9589120-7e22-442b-894a-3d9ff1c37833,2025-10-18,18:41:13.62,2025-10-18T14:41:13.6240000-04:00,2025-10-18T18:41:13.6240000Z,,v3,471300,,,"Harper, Dalton",1000115726,Right,NIA_COM,7c4a01f8-c4c5-4847-8284-239ca7d43afd,55.03131,-129.17111,14.07689,6.20006,-2.58636,-10.05,-1.51627,8.5501,-4.82594,,,,,,,,,,,,,,,,,,,,,,,,,,,,,,,,,,,,,,,,,,,,,,,,,,,High,High,High,,,,,
316,2025-10-18,14:41:31.87,2,3,"Allen, Derrick",10121745,Right,NIA_COM,"Terilli, Lucas",1000469290,Left,GEO_PAT,Undefined,8,Bottom,0,2,0,Fastball,Four-Seam,BallCalled,Undefined,Undefined,Undefined,0,0,,88.82693,-2.870542,-3.210058,2019.212076,205.31814,12:45,6.37739,1.28614,5.47885,-22.47832,13.69087,5.91819,1.81163,-1.22762,81.27507,-7.036207,-2.157833,0.432853,,,,,,,,,,,,-3.90929,8.0728,-1.00822,50,6.10966,6.95654,-128.61849,-7.23086,-6.53982,27.00852,-18.66918,GEO_PAT,NIA_COM,SpuhlerFieldMain,TeamExclusive,Team,20251018-SpuhlerFieldMain-Private-1,114e3840-ac52-11f0-ae3b-9b4a908d198a,87.07901,,,7.55186,,,,,,,e9589120-7e22-442b-894a-3d9ff1c37833,2025-10-18,18:41:31.87,2025-10-18T14:41:31.8750000-04:00,2025-10-18T18:41:31.8750000Z,,v3,471300,,,"Harper, Dalton",1000115726,Right,NIA_COM,3d141397-5418-462c-923e-4bd1cc473b65,55.02313,-129.66901,13.50426,6.37679,-6.5047,-9.33459,-1.28374,7.21091,-3.26991,,,,,,,,,,,,,,,,,,,,,,,,,,,,,,,,,,,,,,,,,,,,,,,,,,,High,High,High,,,,,
317,2025-10-18,14:41:51.02,2,4,"Allen, Derrick",10121745,Right,NIA_COM,"Terilli, Lucas",1000469290,Left,GEO_PAT,Undefined,8,Bottom,0,3,0,Fastball,Four-Seam,BallCalled,Walk,Undefined,Undefined,0,0,,88.67947,-3.647781,-3.236533,2010.68805,214.790141,1:15,6.27645,1.39079,5.20643,-24.29304,12.56375,7.85851,0.81117,-1.00153,80.95394,-8.110449,-1.845555,0.436948,,,,,,,,,,,,-4.9102,7.71158,-1.09722,50,5.91986,6.90024,-128.20802,-9.06538,-8.13073,27.78056,-19.4046,GEO_PAT,NIA_COM,SpuhlerFieldMain,TeamExclusive,Team,20251018-SpuhlerFieldMain-Private-1,1cb5d620-ac52-11f0-ae3b-9b4a908d198a,86.26291,,,7.72553,,,,,,,e9589120-7e22-442b-894a-3d9ff1c37833,2025-10-18,18:41:51.02,2025-10-18T14:41:51.0260000-04:00,2025-10-18T18:41:51.0260000Z,,v3,471300,,,"Harper, Dalton",1000115726,Right,NIA_COM,11852839-b406-427c-8cdb-461f5f89e03c,55.29569,-129.35041,13.89028,6.27624,-8.26742,-9.7023,-1.38785,7.2346,-4.06537,,,,,,,,,,,,,,,,,,,,,,,,,,,,,,,,,,,,,,,,,,,,,,,,,,,High,High,High,,,,,
318,2025-10-18,14:43:11.41,3,1,"Allen, Derrick",10121745,Right,NIA_COM,"Alberti, Lucas",1000145512,Right,GEO_PAT,Undefined,8,Bottom,0,0,0,Fastball,Four-Seam,FoulBallNotFieldable,Undefined,Undefined,Undefined,0,0,,87.8474,-2.226551,-2.466899,1917.215226,213.519579,1:00,6.45889,1.40221,5.24788,-24.4721,13.17288,7.82693,2.32409,-0.26531,79.47446,-6.765864,-1.079526,0.441596,,,,,,,,,,,,-4.70776,7.67733,-1.18166,50,6.23644,5.12662,-127.1334,-5.80984,-7.60568,29.19988,-19.77082,GEO_PAT,NIA_COM,SpuhlerFieldMain,TeamExclusive,Team,20251018-SpuhlerFieldMain-Private-1,4ca40a00-ac52-11f0-ae3b-9b4a908d198a,85.35505,,,8.37294,,,,,,,e9589120-7e22-442b-894a-3d9ff1c37833,2025-10-18,18:43:11.41,2025-10-18T14:43:11.4110000-04:00,2025-10-18T18:43:11.4110000Z,,v3,471300,,,"Harper, Dalton",1000115726,Right,NIA_COM,55222d8b-e755-437d-81d6-10e73438e7a5,55.25235,-128.33409,14.59994,6.45863,-4.99687,-9.88541,-1.3989,5.43937,-3.80284,,,,,,,,,,,,,,,,,,,,,,,,,,,,,,,,,,,,,,,,,,,,,,,,,,,High,High,High,,,,,
319,2025-10-18,14:43:46.37,3,2,"Allen, Derrick",10121745,Right,NIA_COM,"Alberti, Lucas",1000145512,Right,GEO_PAT,Undefined,8,Bottom,0,0,1,Slider,Curveball,StrikeCalled,Undefined,Undefined,Undefined,0,0,,74.04713,0.280182,-1.507307,2280.827335,71.505456,8:30,6.52917,1.51641,4.83657,-54.51566,-0.70764,-7.84126,2.25162,-0.56471,67.37571,-9.562901,-2.889209,0.527953,,,,,,,,,,,,3.35437,0.1674,-1.3601,50,6.51058,3.13752,-107.21422,-1.36415,3.8453,21.15436,-31.98216,GEO_PAT,NIA_COM,SpuhlerFieldMain,TeamExclusive,Team,20251018-SpuhlerFieldMain-Private-1,616bdd00-ac52-11f0-ae3b-9b4a908d198a,71.39361,,,6.67142,,,,,,,e9589120-7e22-442b-894a-3d9ff1c37833,2025-10-18,18:43:46.37,2025-10-18T14:43:46.3780000-04:00,2025-10-18T18:43:46.3780000Z,,v3,471300,,,"Harper, Dalton",1000115726,Right,NIA_COM,72f33322-8d0d-4519-b0cd-e55d48af730d,55.66335,-108.32589,10.57718,6.53811,0.31653,-15.99108,-1.51967,2.93545,1.92265,,,,,,,,,,,,,,,,,,,,,,,,,,,,,76.3446,,1.723238,,-1.011,1.8316,0.68856,-1.94722,4.47849,1.29586,,,,-1.83093,109.94759,-10.01624,4.50553,10.13874,-12.36778,1.25635,-5.32643,2.54988,High,High,High,,,High,Medium,Medium
320,2025-10-18,14:44:27.69,3,3,"Allen, Derrick",10121745,Right,NIA_COM,"Alberti, Lucas",1000145512,Right,GEO_PAT,Undefined,8,Bottom,0,0,2,Slider,Slider,InPlay,Undefined,LineDrive,Out,1,0,,76.75923,-0.777593,-1.329992,2185.288653,93.141758,9:00,6.32467,1.67157,4.79679,-47.84085,2.0602,-6.35355,1.60081,-0.11849,70.1452,-9.40328,-2.449373,0.508424,98.05015,16.126341,-1.977293,1602.826283,109.99387,25.24638,1.1537,279.95907,275.93012,4.397476,2.843506,2.73421,1.70949,-1.53303,50,6.20559,2.84094,-111.20657,-3.20787,3.38824,21.88711,-30.05564,GEO_PAT,NIA_COM,SpuhlerFieldMain,TeamExclusive,Team,20251018-SpuhlerFieldMain-Private-1,7a1a8720-ac52-11f0-ae3b-9b4a908d198a,74.13581,28.27775,,6.61403,,,,1.92574,1.66137,0.13446,e9589120-7e22-442b-894a-3d9ff1c37833,2025-10-18,18:44:27.69,2025-10-18T14:44:27.6910000-04:00,2025-10-18T18:44:27.6910000Z,LineDrive,v3,471300,,,"Harper, Dalton",1000115726,Right,NIA_COM,9351d148-2ab5-49bb-a873-b65f3ee399fd,55.70487,-112.32376,10.94356,6.33017,-1.67373,-15.02782,-1.67363,2.66799,1.69412,226.701567,1.92575,138.06531,-23.59727,5.30843,-1.13092,0.22818,-0.04101,0.00529,-0.00032,1.66136,39.94357,-15.67566,0.48599,0.05554,-0.04076,0.01249,-0.0019,0.00012,0.13445,-4.76601,8.49788,-2.66793,0.72106,-0.17256,0.03469,-0.00481,0.00031,,,,,,,,,,,,,,,,,,,,,,,High,High,High,High,High,,,
321,2025-10-18,14:45:18.37,4,1,"Allen, Derrick",10121745,Right,NIA_COM,"Butler, Jake",1000136500,Right,GEO_PAT,Undefined,8,Bottom,1,0,0,Slider,Slider,StrikeCalled,Undefined,Undefined,Undefined,0,0,,75.2454,-0.310049,-1.402179,2327.658343,90.521198,9:00,6.40339,1.58886,4.80291,-49.98022,1.80319,-7.88115,1.9445,-0.39679,68.93195,-9.317822,-2.790323,0.517925,,,,,,,,,,,,3.45591,1.49555,-1.44196,50,6.32932,2.988,-109.04263,-2.34039,4.12975,20.51789,-30.38687,GEO_PAT,NIA_COM,SpuhlerFieldMain,TeamExclusive,Team,20251018-SpuhlerFieldMain-Private-1,98401e40-ac52-11f0-ae3b-9b4a908d198a,72.77588,,,6.31345,,,,,,,e9589120-7e22-442b-894a-3d9ff1c37833,2025-10-18,18:45:18.37,2025-10-18T14:45:18.3750000-04:00,2025-10-18T18:45:18.3750000Z,,v3,471300,,,"Harper, Dalton",1000115726,Right,NIA_COM,0a2ea8b3-1af5-4199-8932-af563c79443c,55.69824,-110.10961,10.25894,6.40994,-0.7602,-15.19344,-1.59176,2.77324,2.06488,,,,,,,,,,,,,,,,,,,,,,,,,,,,,,,,,,,,,,,,,,,,,,,,,,,High,High,High,,,,,
322,2025-10-18,14:45:40.94,4,2,"Allen, Derrick",10121745,Right,NIA_COM,"Butler, Jake",1000136500,Right,GEO_PAT,Undefined,8,Bottom,1,0,1,Slider,Slider,FoulBallNotFieldable,Undefined,Undefined,Undefined,0,0,,76.18611,-0.603958,-0.895932,2225.564577,91.544397,9:00,6.37236,1.50909,4.94418,-48.50656,1.90752,-5.93036,1.75927,0.1681,69.53447,-9.380583,-1.943943,0.511031,94.29422,9.312442,-43.453612,2895.470914,,,,129.69024,128.79863,-46.366457,1.093786,2.68221,1.56378,-1.41679,50,6.2735,1.96122,-110.41748,-2.83584,3.27128,21.8814,-30.26683,GEO_PAT,NIA_COM,SpuhlerFieldMain,TeamExclusive,Team,20251018-SpuhlerFieldMain-Private-1,a5cda960-ac52-11f0-ae3b-9b4a908d198a,73.75762,7.05948,,6.65164,,,,2.74324,1.78125,-0.07468,e9589120-7e22-442b-894a-3d9ff1c37833,2025-10-18,18:45:40.94,2025-10-18T14:45:40.9440000-04:00,2025-10-18T18:45:40.9440000Z,LineDrive,v3,471300,,,"Harper, Dalton",1000115726,Right,NIA_COM,ad18e2ef-823e-4a3c-95bc-b8b877dd0f6a,55.55804,-111.51347,10.9407,6.37758,-1.31983,-15.13342,-1.51092,1.79737,1.63564,,2.74324,99.07183,-20.65727,2.93493,-0.61654,0.08416,0.02147,-0.01997,0.00476,1.78125,22.38054,-25.41727,3.83803,-0.58181,-0.29051,0.44609,-0.24519,0.05295,-0.07468,-93.86297,8.25821,-0.96294,0.24934,-0.1221,0.08892,-0.04339,0.00907,,,,,,,,,,,,,,,,,,,,,,,High,High,High,Medium,High,,,
323,2025-10-18,14:46:09.60,4,3,"Allen, Derrick",10121745,Right,NIA_COM,"Butler, Jake",1000136500,Right,GEO_PAT,Undefined,8,Bottom,1,0,2,Fastball,Four-Seam,StrikeSwinging,Strikeout,Undefined,Undefined,0,0,,88.78546,-0.982982,-2.478205,2032.048459,202.070344,12:45,6.38065,1.34988,5.49049,-19.95596,15.82965,5.98552,3.79708,-0.47124,81.62713,-4.707412,-1.413383,0.430552,,,,,,,,,,,,-3.65142,8.56449,-1.1368,50,6.28107,5.31336,-128.86845,-2.87784,-6.18608,24.91298,-17.66441,GEO_PAT,NIA_COM,SpuhlerFieldMain,TeamExclusive,Team,20251018-SpuhlerFieldMain-Private-1,b6c0a6a0-ac52-11f0-ae3b-9b4a908d198a,87.54447,,,7.15833,,,,,,,e9589120-7e22-442b-894a-3d9ff1c37833,2025-10-18,18:46:09.60,2025-10-18T14:46:09.6030000-04:00,2025-10-18T18:46:09.6030000Z,,v3,471300,,,"Harper, Dalton",1000115726,Right,NIA_COM,b46ee3a6-b219-4998-84cb-9a7b1019ba3a,55.01094,-129.83355,12.45649,6.3793,-2.19353,-8.83221,-1.34728,5.553,-3.09304,,,,,,,,,,,,,,,,,,,,,,,,,,,,,,,,,,,,,,,,,,,,,,,,,,,High,High,High,,,,,
324,2025-10-18,14:46:37.60,5,1,"Allen, Derrick",10121745,Right,NIA_COM,"Westley, Matthew",824016,Right,GEO_PAT,Undefined,8,Bottom,2,0,0,Fastball,Four-Seam,FoulBallNotFieldable,Undefined,Undefined,Undefined,0,0,,88.89171,-2.010964,-2.581576,2007.0073,218.096549,1:15,6.34951,1.27365,5.56728,-22.10667,13.64339,9.82469,2.62596,-0.32097,81.58723,-6.119835,-0.830249,0.430338,83.93102,58.173935,30.479903,,78.26453,129.36953,77.29594,197.13906,82.54541,49.47842,5.681089,-5.69567,7.78654,-1.05757,50,6.16138,5.39205,-128.9504,-5.28267,-9.62126,26.00264,-19.02086,GEO_PAT,NIA_COM,SpuhlerFieldMain,TeamExclusive,Team,20251018-SpuhlerFieldMain-Private-1,c789fbd0-ac52-11f0-ae3b-9b4a908d198a,87.58799,129.43727,,7.30448,,,,1.62415,2.09065,-0.33933,e9589120-7e22-442b-894a-3d9ff1c37833,2025-10-18,18:46:37.60,2025-10-18T14:46:37.6020000-04:00,2025-10-18T18:46:37.6020000Z,FlyBall,v3,471300,,,"Harper, Dalton",1000115726,Right,NIA_COM,f44289b2-4dda-44e0-8afa-6be287dcde81,54.93542,-129.94181,13.00132,6.34897,-4.55746,-9.51043,-1.27015,5.75889,-4.81063,202.565892,1.62517,55.85652,-19.29869,5.09234,-0.3874,-0.25973,0.09745,-0.01343,0.00067,2.07032,104.94164,-27.64068,4.30234,-1.38757,0.36051,-0.05351,0.0036,-7E-05,-0.3427,33.00643,-0.90471,-0.11563,-0.1974,0.15308,-0.0436,0.00568,-0.00028,,,,,,,,,,,,,,,,,,,,,,,High,High,High,Medium,Low,,,
325,2025-10-18,14:47:23.85,5,2,"Allen, Derrick",10121745,Right,NIA_COM,"Westley, Matthew",824016,Right,GEO_PAT,Undefined,8,Bottom,2,0,1,Slider,Curveball,StrikeSwinging,Undefined,Undefined,Undefined,0,0,,77.05421,-1.940634,-0.085095,2182.464602,96.328524,9:15,6.38599,1.42146,4.78662,-46.67566,2.54339,-8.59217,0.65626,0.62479,71.03528,-10.312678,-1.6009,0.504938,,,,,,,,,,,,4.25173,2.20744,-1.40493,50,6.15119,0.51162,-111.71185,-5.44561,5.35342,20.80431,-29.39464,GEO_PAT,NIA_COM,SpuhlerFieldMain,TeamExclusive,Team,20251018-SpuhlerFieldMain-Private-1,e31f4b20-ac52-11f0-ae3b-9b4a908d198a,74.64765,,,6.01893,,,,,,,e9589120-7e22-442b-894a-3d9ff1c37833,2025-10-18,18:47:23.85,2025-10-18T14:47:23.8570000-04:00,2025-10-18T18:47:23.8570000Z,,v3,471300,,,"Harper, Dalton",1000115726,Right,NIA_COM,023ac3a9-f750-4062-9bc2-6a67fc3c678d,55.71673,-112.77146,10.40215,6.39042,-3.94847,-14.69732,-1.42404,0.23896,2.67671,,,,,,,,,,,,,,,,,,,,,,,,,,,,,,,,,,,,,,,,,,,,,,,,,,,High,High,High,,,,,
326,2025-10-18,14:47:46.31,5,3,"Allen, Derrick",10121745,Right,NIA_COM,"Westley, Matthew",824016,Right,GEO_PAT,Undefined,8,Bottom,2,0,2,Fastball,Four-Seam,BallCalled,Undefined,Undefined,Undefined,0,0,,88.01853,-0.76904,-3.491775,1904.330198,211.800655,1:00,6.53632,1.38158,5.30499,-22.67871,14.26331,8.11634,3.92308,-1.22413,80.44597,-4.979303,-2.054887,0.437453,,,,,,,,,,,,-5.00355,7.70221,-1.07006,50,6.45013,7.41499,-127.52665,-2.50342,-8.25375,25.81069,-19.46861,GEO_PAT,NIA_COM,SpuhlerFieldMain,TeamExclusive,Team,20251018-SpuhlerFieldMain-Private-1,f0617560-ac52-11f0-ae3b-9b4a908d198a,86.16331,,,7.57255,,,,,,,e9589120-7e22-442b-894a-3d9ff1c37833,2025-10-18,18:47:46.31,2025-10-18T14:47:46.3140000-04:00,2025-10-18T18:47:46.3140000Z,,v3,471300,,,"Harper, Dalton",1000115726,Right,NIA_COM,35e50e7f-89fd-44e8-8d83-a2531e4e2589,55.19543,-128.57388,12.90534,6.53568,-1.71351,-9.7343,-1.37771,7.74988,-4.12687,,,,,,,,,,,,,,,,,,,,,,,,,,,,,,,,,,,,,,,,,,,,,,,,,,,High,High,High,,,,,
327,2025-10-18,14:48:04.37,5,4,"Allen, Derrick",10121745,Right,NIA_COM,"Westley, Matthew",824016,Right,GEO_PAT,Undefined,8,Bottom,2,1,2,Slider,Slider,StrikeSwinging,Strikeout,Undefined,Undefined,0,0,,77.78762,0.012815,-0.166944,2373.43738,114.237346,9:45,6.28673,1.41382,4.84799,-42.1964,5.35894,-8.88485,2.7825,0.51535,72.09649,-7.602746,-1.732743,0.496331,,,,,,,,,,,,4.34067,3.05973,-1.38934,50,6.25192,0.69548,-112.97584,-1.48319,5.66554,18.67496,-28.1804,GEO_PAT,NIA_COM,SpuhlerFieldMain,TeamExclusive,Team,20251018-SpuhlerFieldMain-Private-1,fb325180-ac52-11f0-ae3b-9b4a908d198a,75.94217,,,5.69113,,,,,,,e9589120-7e22-442b-894a-3d9ff1c37833,2025-10-18,18:48:04.37,2025-10-18T14:48:04.3700000-04:00,2025-10-18T18:48:04.3700000Z,,v3,471300,,,"Harper, Dalton",1000115726,Right,NIA_COM,a7666ac0-92ab-49f6-ab38-3cb1f557bf33,55.65466,-113.90673,9.33748,6.29084,-0.07849,-14.0902,-1.41697,0.41307,2.83277,,,,,,,,,,,,,,,,,,,,,,,,,,,,,69.38051,2.682553,1.654477,1.028076,-2.16191,2.28727,-0.40385,-0.40392,4.31399,3.92472,66.28022,5.84654,-58.49936,-0.35404,70.79241,-5.83484,4.36683,16.59423,-14.76306,3.83399,-69.21973,8.39063,High,High,High,,,High,High,High
328,2025-10-18,14:51:00.25,1,1,"Hsu, Brandon",1000121044,Right,GEO_PAT,"Ricks, Jayden",10126993,Right,NIA_COM,Undefined,9,Top,0,0,0,Slider,Slider,BallCalled,Undefined,Undefined,Undefined,0,0,,79.3477,2.513476,-1.99853,2310.506556,126.40203,10:15,5.38723,2.36859,5.23927,-39.72912,5.74599,-5.92953,4.44191,-0.00477,72.66033,-4.755935,-3.047562,0.485354,,,,,,,,,,,,2.41414,2.61925,-2.18011,50,5.58924,4.25643,-115.02428,3.6886,3.24375,20.75299,-28.65471,GEO_PAT,NIA_COM,SpuhlerFieldMain,TeamExclusive,Team,20251018-SpuhlerFieldMain-Private-1,64038260-ac53-11f0-ae3b-9b4a908d198a,77.65976,,,6.68737,,,,,,,e9589120-7e22-442b-894a-3d9ff1c37833,2025-10-18,18:51:00.25,2025-10-18T14:51:00.2520000-04:00,2025-10-18T18:51:00.2520000Z,,v3,471300,,,"Vaughan, Logan",1000232024,Right,GEO_PAT,84f56f3b-dd9b-4403-9494-fbd9d9c27a02,55.26189,-115.96975,10.3765,5.39146,4.99407,-14.32735,-2.37066,4.10865,1.62187,,,,,,,,,,,,,,,,,,,,,,,,,,,,,,,,,,,,,,,,,,,,,,,,,,,High,High,High,,,,,
329,2025-10-18,14:51:17.09,1,2,"Hsu, Brandon",1000121044,Right,GEO_PAT,"Ricks, Jayden",10126993,Right,NIA_COM,Undefined,9,Top,0,1,0,Fastball,Four-Seam,StrikeCalled,Undefined,Undefined,Undefined,0,0,,88.63851,-2.854799,-3.022655,2172.718083,206.872496,1:00,5.38091,2.11349,5.77266,-15.6554,20.19048,9.64024,1.41367,0.1013,81.03694,-5.835592,-1.299567,0.430915,,,,,,,,,,,,-5.78859,11.46347,-1.86943,50,5.13512,6.38041,-128.45584,-6.86484,-9.67221,26.6043,-13.01956,GEO_PAT,NIA_COM,SpuhlerFieldMain,TeamExclusive,Team,20251018-SpuhlerFieldMain-Private-1,6e1b95d0-ac53-11f0-ae3b-9b4a908d198a,87.4708,,,7.60157,,,,,,,e9589120-7e22-442b-894a-3d9ff1c37833,2025-10-18,18:51:17.09,2025-10-18T14:51:17.0950000-04:00,2025-10-18T18:51:17.0950000Z,,v3,471300,,,"Vaughan, Logan",1000232024,Right,GEO_PAT,ce091c9f-48bd-4077-93b9-bd778f757210,54.72982,-129.43172,13.30215,5.37817,-6.38726,-6.50978,-2.10998,6.7352,-4.8361,,,,,,,,,,,,,,,,,,,,,,,,,,,,,,,,,,,,,,,,,,,,,,,,,,,High,High,High,,,,,
330,2025-10-18,14:51:34.16,1,3,"Hsu, Brandon",1000121044,Right,GEO_PAT,"Ricks, Jayden",10126993,Right,NIA_COM,Undefined,9,Top,0,1,1,Slider,Slider,BallCalled,Undefined,Undefined,Undefined,0,0,,81.89781,1.135666,-1.826094,2256.676966,172.744753,11:45,5.34636,2.32435,5.30873,-31.47199,10.68701,-1.21039,3.79044,0.50872,75.61363,-4.642966,-2.040724,0.467322,,,,,,,,,,,,0.15846,5.4515,-2.15762,50,5.42673,3.84201,-118.92767,1.28228,0.22962,20.29535,-24.27455,GEO_PAT,NIA_COM,SpuhlerFieldMain,TeamExclusive,Team,20251018-SpuhlerFieldMain-Private-1,78368f70-ac53-11f0-ae3b-9b4a908d198a,80.6562,,,6.28419,,,,,,,e9589120-7e22-442b-894a-3d9ff1c37833,2025-10-18,18:51:34.16,2025-10-18T14:51:34.1650000-04:00,2025-10-18T18:51:34.1650000Z,,v3,471300,,,"Vaughan, Logan",1000232024,Right,GEO_PAT,b8e1ffc3-fc90-4f8f-a9b3-ef7a0e79b590,55.19269,-119.81054,10.14767,5.34799,2.33825,-12.13728,-2.32454,3.83203,0.11481,,,,,,,,,,,,,,,,,,,,,,,,,,,,,,,,,,,,,,,,,,,,,,,,,,,High,High,High,,,,,
331,2025-10-18,14:51:55.74,1,4,"Hsu, Brandon",1000121044,Right,GEO_PAT,"Ricks, Jayden",10126993,Right,NIA_COM,Undefined,9,Top,0,2,1,Fastball,Four-Seam,StrikeSwinging,Undefined,Undefined,Undefined,0,0,,88.24848,-1.02421,-3.369726,2168.493021,204.673966,12:45,5.40254,2.07725,5.82914,-15.20524,21.16119,9.13941,3.18155,-0.29735,79.809,-3.962004,-1.735888,0.434032,,,,,,,,,,,,-5.66142,11.45556,-1.80698,50,5.30981,7.13297,-127.83618,-2.68663,-9.2858,28.52714,-13.3848,GEO_PAT,NIA_COM,SpuhlerFieldMain,TeamExclusive,Team,20251018-SpuhlerFieldMain-Private-1,852cbc90-ac53-11f0-ae3b-9b4a908d198a,86.84252,,,8.43948,,,,,,,e9589120-7e22-442b-894a-3d9ff1c37833,2025-10-18,18:51:55.74,2025-10-18T14:51:55.7470000-04:00,2025-10-18T18:51:55.7470000Z,,v3,471300,,,"Vaughan, Logan",1000232024,Right,GEO_PAT,c82a30f0-2bc0-43d8-ace1-a724f6daf3a9,54.66995,-128.87409,14.26357,5.3987,-2.19965,-6.6924,-2.07264,7.47081,-4.6429,,,,,,,,,,,,,,,,,,,,,,,,,,,,,,,,,,,,,,,,,,,,,,,,,,,High,High,High,,,,,
332,2025-10-18,14:52:16.06,1,5,"Hsu, Brandon",1000121044,Right,GEO_PAT,"Ricks, Jayden",10126993,Right,NIA_COM,Undefined,9,Top,0,2,2,Fastball,Four-Seam,InPlay,Undefined,Popup,Out,1,0,,89.16102,-2.331839,-2.599807,2174.663288,203.257434,12:45,5.41517,1.93948,5.79196,-14.51678,21.12974,8.5467,2.03274,0.23149,80.80225,-5.131581,-1.070975,0.429714,43.89306,47.568219,50.268517,4726.020457,,,,104.42551,92.89726,57.959688,2.981192,-5.17111,11.87012,-1.73057,50,5.21447,5.50373,-129.19732,-5.65993,-8.66291,29.14381,-12.28855,GEO_PAT,NIA_COM,SpuhlerFieldMain,TeamExclusive,Team,20251018-SpuhlerFieldMain-Private-1,91431100-ac53-11f0-ae3b-9b4a908d198a,87.71512,35.01303,,8.35877,,,,2.41708,2.17525,-0.24335,e9589120-7e22-442b-894a-3d9ff1c37833,2025-10-18,18:52:16.06,2025-10-18T14:52:16.0630000-04:00,2025-10-18T18:52:16.0630000Z,Popup,v3,471300,,,"Vaughan, Logan",1000232024,Right,GEO_PAT,7c8751cf-88a1-4b26-9c4c-4ea1502cd881,54.70923,-130.25528,14.57191,5.41184,-5.21385,-6.14428,-1.93607,5.8182,-4.33146,209.556406,2.41752,27.74549,-5.90279,1.10115,0.17322,-0.23898,0.07389,-0.00715,-0.00012,2.17541,47.50719,-18.36901,0.89286,0.19026,-0.3358,0.17713,-0.04177,0.00367,-0.24323,33.3985,-2.69019,0.80415,-0.08708,-0.01258,-0.01066,0.00748,-0.00105,,,,,,,,,,,,,,,,,,,,,,,High,High,High,High,High,,,
333,2025-10-18,14:52:46.22,2,1,"Hsu, Brandon",1000121044,Right,GEO_PAT,"Prizel, Cooper",10275157,Left,NIA_COM,Undefined,9,Top,1,0,0,Fastball,Four-Seam,StrikeCalled,Undefined,Undefined,Undefined,0,0,,89.19658,-1.916549,-2.676731,2201.302557,213.287402,1:00,5.4038,2.09085,5.64298,-17.2891,18.46143,11.31556,2.17251,0.53492,80.96048,-5.200947,-0.657867,0.430341,,,,,,,,,,,,-6.53788,10.29335,-1.87073,50,5.23004,5.54824,-129.25721,-4.85382,-10.98598,28.64369,-14.8775,GEO_PAT,NIA_COM,SpuhlerFieldMain,TeamExclusive,Team,20251018-SpuhlerFieldMain-Private-1,a33cf6f0-ac53-11f0-ae3b-9b4a908d198a,87.58739,,,8.2361,,,,,,,e9589120-7e22-442b-894a-3d9ff1c37833,2025-10-18,18:52:46.22,2025-10-18T14:52:46.2280000-04:00,2025-10-18T18:52:46.2280000Z,,v3,471300,,,"Vaughan, Logan",1000232024,Right,GEO_PAT,a44011f8-9df0-4ced-9f0e-b2243688855f,54.85773,-130.32925,14.32184,5.40128,-4.297,-7.43875,-2.08608,5.9594,-5.49299,,,,,,,,,,,,,,,,,,,,,,,,,,,,,,,,,,,,,,,,,,,,,,,,,,,High,High,High,,,,,
334,2025-10-18,14:53:02.91,2,2,"Hsu, Brandon",1000121044,Right,GEO_PAT,"Prizel, Cooper",10275157,Left,NIA_COM,Undefined,9,Top,1,0,1,Fastball,Four-Seam,StrikeCalled,Undefined,Undefined,Undefined,0,0,,89.61108,-1.296563,-3.134111,2184.480441,202.268404,12:45,5.44181,1.93032,5.72163,-18.5941,16.48406,6.29311,2.68253,-0.46762,81.89338,-4.800852,-2.010806,0.426275,,,,,,,,,,,,-4.06177,9.07705,-1.67207,50,5.3219,6.84159,-129.94294,-3.52942,-6.95025,27.02936,-16.64201,GEO_PAT,NIA_COM,SpuhlerFieldMain,TeamExclusive,Team,20251018-SpuhlerFieldMain-Private-1,ad348a10-ac53-11f0-ae3b-9b4a908d198a,88.4228,,,7.7177,,,,,,,e9589120-7e22-442b-894a-3d9ff1c37833,2025-10-18,18:53:02.91,2025-10-18T14:53:02.9150000-04:00,2025-10-18T18:53:02.9150000Z,,v3,471300,,,"Vaughan, Logan",1000232024,Right,GEO_PAT,8131707e-9a8d-4ca4-8c0c-b8926d88b526,54.77928,-130.9333,13.51468,5.44005,-2.91965,-8.321,-1.92742,7.09625,-3.47513,,,,,,,,,,,,,,,,,,,,,,,,,,,,,,,,,,,,,,,,,,,,,,,,,,,High,High,High,,,,,
335,2025-10-18,14:53:26.14,2,3,"Hsu, Brandon",1000121044,Right,GEO_PAT,"Prizel, Cooper",10275157,Left,NIA_COM,Undefined,9,Top,1,0,2,Fastball,Four-Seam,FoulBallNotFieldable,Undefined,Undefined,Undefined,0,0,,88.54383,-0.965988,-2.971362,2188.819858,206.827931,1:00,5.41556,1.95569,5.90903,-17.47548,18.47914,8.71985,3.06132,-0.07826,80.20131,-4.309019,-1.408997,0.431568,71.54569,49.644479,-40.078546,,76.15895,84.59972,-79.37127,187.57186,148.24731,-46.58791,4.796388,-5.37729,10.12571,-1.72195,50,5.32805,6.29815,-128.36728,-2.66555,-8.89464,28.72408,-15.42496,GEO_PAT,NIA_COM,SpuhlerFieldMain,TeamExclusive,Team,20251018-SpuhlerFieldMain-Private-1,bb095760-ac53-11f0-ae3b-9b4a908d198a,87.33843,84.78816,,8.34252,,,,1.66785,3.20024,0.03766,e9589120-7e22-442b-894a-3d9ff1c37833,2025-10-18,18:53:26.14,2025-10-18T14:53:26.1450000-04:00,2025-10-18T18:53:26.1450000Z,Popup,v3,471300,,,"Vaughan, Logan",1000232024,Right,GEO_PAT,1d5eec4b-c0bd-4ef0-b0e8-b8f1895676a5,54.59168,-129.39066,14.36204,5.41323,-2.11599,-7.71248,-1.95198,6.61505,-4.44732,154.931207,1.68446,51.51005,-13.01932,-0.39395,4.10413,-2.57197,0.75009,-0.10592,0.00583,3.17527,80.4909,-25.46192,5.85787,-3.15203,1.19269,-0.24773,0.02564,-0.00104,0.05294,-44.05849,6.5157,-2.40123,1.41012,-0.53591,0.10853,-0.01081,0.00041,,,,,,,,,,,,,,,,,,,,,,,High,High,High,High,Medium,,,
336,2025-10-18,14:54:12.24,2,4,"Hsu, Brandon",1000121044,Right,GEO_PAT,"Prizel, Cooper",10275157,Left,NIA_COM,Undefined,9,Top,1,0,2,Slider,Curveball,BallCalled,Undefined,Undefined,Undefined,0,0,,79.6966,-0.004734,-1.978572,1892.517591,19.123224,6:45,5.46752,2.22317,5.42207,-54.41649,-9.67682,-3.82331,0.92838,0.05042,73.6694,-9.84295,-2.660224,0.481413,,,,,,,,,,,,1.39185,-4.59528,-2.04459,50,5.42844,4.14673,-115.7573,-1.9032,1.88691,21.78139,-38.40383,GEO_PAT,NIA_COM,SpuhlerFieldMain,TeamExclusive,Team,20251018-SpuhlerFieldMain-Private-1,d683cbb0-ac53-11f0-ae3b-9b4a908d198a,78.29545,,,6.02719,,,,,,,e9589120-7e22-442b-894a-3d9ff1c37833,2025-10-18,18:54:12.24,2025-10-18T14:54:12.2420000-04:00,2025-10-18T18:54:12.2420000Z,,v3,471300,,,"Vaughan, Logan",1000232024,Right,GEO_PAT,c7c1f795-11e6-43c0-a9d5-14f96f700c84,55.08392,-116.70999,10.8907,5.47494,-0.22346,-19.20192,-2.22415,4.06419,0.94345,,,,,,,,,,,,,,,,,,,,,,,,,,,,,,,,,,,,,,,,,,,,,,,,,,,High,High,High,,,,,
337,2025-10-18,14:54:34.46,2,5,"Hsu, Brandon",1000121044,Right,GEO_PAT,"Prizel, Cooper",10275157,Left,NIA_COM,Undefined,9,Top,1,1,2,Fastball,Four-Seam,BallCalled,Undefined,Undefined,Undefined,0,0,,88.88125,-0.779338,-3.757783,2265.267159,203.43069,12:45,5.42479,1.92157,5.94562,-15.93595,19.81568,8.045,3.37228,-0.89873,80.30096,-3.852201,-2.317621,0.430348,,,,,,,,,,,,-5.24528,10.7317,-1.62616,50,5.35358,8.10746,-128.71219,-2.17676,-8.71269,29.16941,-14.34807,GEO_PAT,NIA_COM,SpuhlerFieldMain,TeamExclusive,Team,20251018-SpuhlerFieldMain-Private-1,e3a638f0-ac53-11f0-ae3b-9b4a908d198a,87.58603,,,8.58028,,,,,,,e9589120-7e22-442b-894a-3d9ff1c37833,2025-10-18,18:54:34.46,2025-10-18T14:54:34.4670000-04:00,2025-10-18T18:54:34.4670000Z,,v3,471300,,,"Vaughan, Logan",1000232024,Right,GEO_PAT,10104ca5-2376-4286-8ec6-e4945161ca8e,54.55298,-129.73991,14.58471,5.42137,-1.67124,-7.17404,-1.91721,8.41444,-4.35634,,,,,,,,,,,,,,,,,,,,,,,,,,,,,,,,,,,,,,,,,,,,,,,,,,,High,High,High,,,,,
338,2025-10-18,14:54:53.65,2,6,"Hsu, Brandon",1000121044,Right,GEO_PAT,"Prizel, Cooper",10275157,Left,NIA_COM,Undefined,9,Top,1,2,2,Fastball,Four-Seam,FoulBallNotFieldable,Undefined,Undefined,Undefined,0,0,,88.94528,-0.96553,-2.960517,2174.705001,214.286448,1:15,5.38017,2.08917,5.90396,-14.60328,21.05478,13.51016,3.26562,0.46425,80.43337,-3.797558,-0.5396,0.429784,71.05518,27.082818,-171.609267,2075.075844,-108.78258,25.44232,-16.31874,176.18373,49.87011,-171.96446,2.252989,-7.86418,11.46142,-1.85894,50,5.29434,6.10526,-128.96224,-2.56026,-13.11478,29.26106,-13.06025,GEO_PAT,NIA_COM,SpuhlerFieldMain,TeamExclusive,Team,20251018-SpuhlerFieldMain-Private-1,ef307a00-ac53-11f0-ae3b-9b4a908d198a,87.70094,26.94137,,8.51191,,,,2.15082,3.32029,-0.47609,e9589120-7e22-442b-894a-3d9ff1c37833,2025-10-18,18:54:53.65,2025-10-18T14:54:53.6520000-04:00,2025-10-18T18:54:53.6520000Z,FlyBall,v3,471300,,,"Vaughan, Logan",1000232024,Right,GEO_PAT,e25f3d69-f759-4b33-8fe7-8468b74f3998,54.59766,-130.00125,14.63053,5.37701,-2.09651,-6.53013,-2.084,6.57094,-6.55739,1.234172,2.15094,-91.80112,6.13102,-0.36454,0.4704,-0.44959,0.24751,-0.06658,0.00677,3.32028,47.4474,-26.32098,3.00808,-0.70402,0.21754,-0.07638,0.02104,-0.00258,-0.47606,-13.54161,1.06459,0.06119,0.08362,-0.10467,0.06023,-0.01626,0.00164,,,,,,,,,,,,,,,,,,,,,,,High,High,High,High,Low,,,
339,2025-10-18,14:55:17.02,2,7,"Hsu, Brandon",1000121044,Right,GEO_PAT,"Prizel, Cooper",10275157,Left,NIA_COM,Undefined,9,Top,1,2,2,Slider,Curveball,InPlay,Undefined,LineDrive,Out,1,0,,78.78861,0.312045,-2.404301,1883.680337,21.94036,6:45,5.46121,2.16066,5.46893,-57.99314,-11.89501,-5.39614,0.92075,-0.54057,72.32551,-10.189632,-3.366841,0.488667,86.57521,18.247195,21.541289,2361.466027,101.87568,29.82482,41.48899,282.27246,276.95509,24.167686,3.452358,2.01504,-5.80233,-1.9451,50,5.4483,5.00646,-114.32722,-1.36453,2.64075,23.01347,-39.77815,GEO_PAT,NIA_COM,SpuhlerFieldMain,TeamExclusive,Team,20251018-SpuhlerFieldMain-Private-1,fd28d4e0-ac53-11f0-ae3b-9b4a908d198a,77.13317,34.79876,,6.4631,,,,3.45228,1.31424,0.43922,e9589120-7e22-442b-894a-3d9ff1c37833,2025-10-18,18:55:17.02,2025-10-18T14:55:17.0230000-04:00,2025-10-18T18:55:17.0230000Z,LineDrive,v3,471300,,,"Vaughan, Logan",1000232024,Right,GEO_PAT,889a006c-c701-4103-832b-52e1034ed2b8,55.03677,-115.33664,11.50674,5.46989,0.38022,-19.88908,-2.16216,4.89063,1.32038,193.116404,3.45234,112.16656,-20.33842,4.53398,-0.87882,0.1379,-0.01241,-0.00032,0.00014,1.31428,39.75703,-11.58293,-0.37131,0.20468,-0.03445,-0.00592,0.0036,-0.00042,0.43931,44.27472,-5.28555,0.92643,-0.09819,-0.01186,0.00853,-0.00178,0.00014,,,,,,,,,,,,,,,,,,,,,,,High,High,High,High,High,,,
340,2025-10-18,14:55:50.98,3,1,"Hsu, Brandon",1000121044,Right,GEO_PAT,"Farber, Ian",10961307,Right,NIA_COM,Undefined,9,Top,2,0,0,Slider,Slider,StrikeCalled,Undefined,Undefined,Undefined,0,0,,78.90026,1.119729,-1.394535,2297.220784,82.030123,8:45,5.30706,2.39311,5.24914,-46.26117,-0.40346,-12.67127,2.50468,0.02639,72.68716,-7.283217,-3.641449,0.487391,,,,,,,,,,,,5.96681,-0.0952,-2.25525,50,5.37541,3.29662,-114.5541,0.62671,7.94691,20.70705,-32.30081,GEO_PAT,NIA_COM,SpuhlerFieldMain,TeamExclusive,Team,20251018-SpuhlerFieldMain-Private-1,114b1910-ac54-11f0-ae3b-9b4a908d198a,77.3351,,,6.2131,,,,,,,e9589120-7e22-442b-894a-3d9ff1c37833,2025-10-18,18:55:50.98,2025-10-18T14:55:50.9890000-04:00,2025-10-18T18:55:50.9890000Z,,v3,471300,,,"Vaughan, Logan",1000232024,Right,GEO_PAT,809ad353-8907-4415-83c3-dae747807e94,55.25443,-115.5,10.35352,5.31308,2.10221,-16.15041,-2.39754,2.93361,3.97345,,,,,,,,,,,,,,,,,,,,,,,,,,,,,,,,,,,,,,,,,,,,,,,,,,,High,High,High,,,,,
341,2025-10-18,14:56:06.18,3,2,"Hsu, Brandon",1000121044,Right,GEO_PAT,"Farber, Ian",10961307,Right,NIA_COM,Undefined,9,Top,2,0,1,Fastball,Four-Seam,StrikeCalled,Undefined,Undefined,Undefined,0,0,,89.222,-2.536416,-3.582514,2204.552306,200.57471,12:45,5.38493,1.99594,6.00754,-17.89017,17.36694,6.07303,1.53791,-0.82156,81.23813,-5.933869,-2.493362,0.427361,,,,,,,,,,,,-4.19028,10.04197,-1.71745,50,5.17538,7.84171,-129.23573,-6.25605,-7.04923,28.26391,-15.28053,GEO_PAT,NIA_COM,SpuhlerFieldMain,TeamExclusive,Team,20251018-SpuhlerFieldMain-Private-1,1a5ba790-ac54-11f0-ae3b-9b4a908d198a,88.19818,,,7.98388,,,,,,,e9589120-7e22-442b-894a-3d9ff1c37833,2025-10-18,18:56:06.18,2025-10-18T14:56:06.1870000-04:00,2025-10-18T18:56:06.1870000Z,,v3,471300,,,"Vaughan, Logan",1000232024,Right,GEO_PAT,29353575-3248-4d71-9fae-2fc1152a93f2,54.49399,-130.21486,14.13196,5.38293,-5.7267,-7.64026,-1.99333,8.08591,-3.52462,,,,,,,,,,,,,,,,,,,,,,,,,,,,,,,,,,,,,,,,,,,,,,,,,,,High,High,High,,,,,
342,2025-10-18,14:56:26.01,3,3,"Hsu, Brandon",1000121044,Right,GEO_PAT,"Farber, Ian",10961307,Right,NIA_COM,Undefined,9,Top,2,0,2,Fastball,Four-Seam,InPlay,Undefined,Popup,Single,0,0,,89.72703,-1.040627,-3.077365,2240.865254,218.530052,1:15,5.48241,1.93242,5.8096,-18.48359,16.35186,12.1419,2.97285,0.07962,81.98809,-4.533065,-0.905476,0.424798,69.60971,22.351618,27.235964,4241.392451,91.03458,26.13369,61.74691,183.7289,160.80348,39.074732,2.640749,-7.07311,8.97469,-1.68719,50,5.386,6.48423,-130.18412,-2.9427,-12.14851,27.11973,-16.7595,GEO_PAT,NIA_COM,SpuhlerFieldMain,TeamExclusive,Team,20251018-SpuhlerFieldMain-Private-1,263b0d80-ac54-11f0-ae3b-9b4a908d198a,88.73033,26.46987,,7.73894,,,,0.80088,2.97384,-0.05294,e9589120-7e22-442b-894a-3d9ff1c37833,2025-10-18,18:56:26.01,2025-10-18T14:56:26.0120000-04:00,2025-10-18T18:56:26.0120000Z,LineDrive,v3,471300,,,"Vaughan, Logan",1000232024,Right,GEO_PAT,27b86ac5-a42d-4234-b769-4df05fb814fc,54.69284,-131.15808,13.55986,5.48088,-2.34081,-8.37975,-1.92789,6.92052,-6.07425,235.601959,0.80086,83.95684,-18.40973,4.24004,-1.05623,0.33719,-0.10823,0.02188,-0.00186,2.97386,38.82311,-16.92785,0.70147,0.15734,-0.18897,0.0857,-0.01862,0.00163,-0.05292,43.211,1.71899,-1.22852,0.59059,-0.29127,0.10839,-0.02276,0.00199,,,,,,,,,,,,,,,,,,,,,,,High,High,High,High,High,,,
343,2025-10-18,14:57:03.20,4,1,"Hsu, Brandon",1000121044,Right,GEO_PAT,"Gravelle, Cameron",10005014,Left,NIA_COM,Undefined,9,Top,2,0,0,Fastball,Four-Seam,InPlay,Undefined,LineDrive,Single,0,0,,88.59336,-2.001276,-3.327264,2169.723337,205.45863,12:45,5.37309,2.21526,5.82805,-18.21257,17.55509,7.81304,1.99099,-0.23033,81.03334,-5.442774,-1.930068,0.430444,97.40669,16.22294,5.868968,1320.602829,109.15397,27.84562,13.61033,293.21643,293.21643,8.198694,3.200837,-4.93012,9.87886,-1.94783,50,5.19856,7.14184,-128.44151,-5.04559,-8.24094,26.44895,-15.66111,GEO_PAT,NIA_COM,SpuhlerFieldMain,TeamExclusive,Team,20251018-SpuhlerFieldMain-Private-1,3c6b2310-ac54-11f0-ae3b-9b4a908d198a,87.56642,32.7711,,7.56002,,,,1.30694,1.97792,0.23965,e9589120-7e22-442b-894a-3d9ff1c37833,2025-10-18,18:57:03.20,2025-10-18T14:57:03.2050000-04:00,2025-10-18T18:57:03.2050000Z,LineDrive,v3,471300,,,"Vaughan, Logan",1000232024,Right,GEO_PAT,cf013277-28bb-4ea6-943a-cddb8294c9f2,54.67404,-129.40042,13.22448,5.3712,-4.4778,-7.83055,-2.21218,7.44062,-4.12047,199.963552,1.30686,136.45998,-26.09524,6.21012,-1.25966,0.20151,-0.02265,0.0014,-1E-05,1.97807,39.90435,-12.50556,-0.66722,0.3411,-0.05973,0.00052,0.00194,-0.00024,0.23977,14.02049,1.41525,-1.34454,0.46544,-0.10527,0.01569,-0.00131,4E-05,,,,,,,,,,,,,,,,,,,,,,,High,High,High,High,High,,,
344,2025-10-18,14:57:48.97,5,1,"Hsu, Brandon",1000121044,Right,GEO_PAT,"Rossano, Cooper",10108170,Right,NIA_COM,Undefined,9,Top,2,0,0,Slider,Slider,BallCalled,Undefined,Undefined,Undefined,0,0,,80.34355,0.833986,-3.817355,2285.554231,146.04326,10:45,5.32815,2.36834,5.24841,-35.69211,8.85134,-5.02319,3.13936,-1.643,73.55832,-5.701716,-4.703916,0.480356,,,,,,,,,,,,1.44043,4.61949,-2.01343,50,5.37866,7.9695,-116.33284,0.48061,1.97362,21.85791,-25.84465,GEO_PAT,NIA_COM,SpuhlerFieldMain,TeamExclusive,Team,20251018-SpuhlerFieldMain-Private-1,579f1880-ac54-11f0-ae3b-9b4a908d198a,78.4677,,,6.78523,,,,,,,e9589120-7e22-442b-894a-3d9ff1c37833,2025-10-18,18:57:48.97,2025-10-18T14:57:48.9740000-04:00,2025-10-18T18:57:48.9740000Z,,v3,471300,,,"Vaughan, Logan",1000232024,Right,GEO_PAT,a19d140c-61a0-48ad-b7bc-2ef07781e359,55.25198,-117.31548,10.92896,5.33093,1.64249,-12.92233,-2.36971,7.88078,0.98681,,,,,,,,,,,,,,,,,,,,,,,,,,,,,,,,,,,,,,,,,,,,,,,,,,,High,High,High,,,,,
345,2025-10-18,14:58:07.35,5,2,"Hsu, Brandon",1000121044,Right,GEO_PAT,"Rossano, Cooper",10108170,Right,NIA_COM,Undefined,9,Top,2,1,0,Slider,Slider,InPlay,Undefined,Popup,Out,1,0,,79.28897,0.20738,-2.184769,2298.756708,84.708569,8:45,5.26845,2.55796,5.41947,-44.53432,0.31236,-10.08619,1.75168,-0.3302,73.64627,-7.876373,-3.978306,0.481988,73.07107,75.989246,20.726857,,,,,42.38791,23.32772,46.484016,5.380101,4.58154,0.41965,-2.35632,50,5.25535,4.78105,-115.20931,-1.09062,6.21145,19.65729,-31.60512,GEO_PAT,NIA_COM,SpuhlerFieldMain,TeamExclusive,Team,20251018-SpuhlerFieldMain-Private-1,62af4790-ac54-11f0-ae3b-9b4a908d198a,78.20199,123.04651,,5.6427,,,,2.75077,1.58955,-0.43003,e9589120-7e22-442b-894a-3d9ff1c37833,2025-10-18,18:58:07.35,2025-10-18T14:58:07.3570000-04:00,2025-10-18T18:58:07.3570000Z,Popup,v3,471300,,,"Vaughan, Logan",1000232024,Right,GEO_PAT,bcbbd9c9-a995-45ab-9bd5-d2ff1cf3fc3b,55.08567,-116.0738,9.82865,5.27275,0.2993,-15.80256,-2.56057,4.50788,3.10573,,2.74815,24.32611,-14.14744,5.50361,-1.69968,0.45204,-0.08648,0.00946,-0.00043,1.58979,104.00972,-28.00882,3.71356,-1.03321,0.34558,-0.08608,0.01128,-0.00058,-0.43207,9.21617,-1.87957,0.59439,-0.16828,0.03548,-0.00383,8E-05,1E-05,,,,,,,,,,,,,,,,,,,,,,,High,High,High,Medium,Low,,,
346,2025-10-18,15:00:55.41,1,1,"Czaja, Joey",1000150034,Left,NIA_COM,"Tignor, Laken",1000091229,Right,GEO_PAT,Undefined,9,Bottom,0,0,0,Fastball,Four-Seam,BallCalled,Undefined,Undefined,Undefined,0,0,,86.23255,0.297129,4.219546,2414.706856,146.114034,10:45,5.31105,-2.52254,6.03283,-22.37324,15.0445,-9.32741,3.72253,0.61488,78.86349,-3.918321,2.548559,0.440261,,,,,,,,,,,,5.90508,8.00493,2.19709,50,5.3221,-8.84284,-125.00116,-0.01391,9.37361,24.42822,-19.4672,GEO_PAT,NIA_COM,SpuhlerFieldMain,TeamExclusive,Team,20251018-SpuhlerFieldMain-Private-1,c6ba8bf0-ac54-11f0-ae3b-9b4a908d198a,85.61385,,,7.36906,,,,,,,e9589120-7e22-442b-894a-3d9ff1c37833,2025-10-18,19:00:55.41,2025-10-18T15:00:55.4140000-04:00,2025-10-18T19:00:55.4140000Z,,v3,471300,,,"Harper, Dalton",1000115726,Right,NIA_COM,85c04a66-40dc-4720-b00f-d6d2ce244fd0,54.46777,-125.87124,12.21411,5.31025,0.67947,-9.7336,2.518,-9.17671,4.6868,,,,,,,,,,,,,,,,,,,,,,,,,,,,,,,,,,,,,,,,,,,,,,,,,,,High,High,High,,,,,
347,2025-10-18,15:01:09.67,1,2,"Czaja, Joey",1000150034,Left,NIA_COM,"Tignor, Laken",1000091229,Right,GEO_PAT,Undefined,9,Bottom,0,1,0,Fastball,Sinker,StrikeSwinging,Undefined,Undefined,Undefined,0,0,,86.47852,-0.369963,4.371228,2353.399557,135.909818,10:30,5.24657,-2.55413,6.19299,-23.48706,13.49875,-11.96158,2.94673,0.49279,79.15637,-4.792782,2.221362,0.437713,,,,,,,,,,,,7.34855,7.43693,2.22991,50,5.20663,-9.10975,-125.38,-1.50569,11.73207,24.65061,-20.30086,GEO_PAT,NIA_COM,SpuhlerFieldMain,TeamExclusive,Team,20251018-SpuhlerFieldMain-Private-1,cf3bd2c0-ac54-11f0-ae3b-9b4a908d198a,86.11229,,,7.32215,,,,,,,e9589120-7e22-442b-894a-3d9ff1c37833,2025-10-18,19:01:09.67,2025-10-18T15:01:09.6700000-04:00,2025-10-18T19:01:09.6700000Z,,v3,471300,,,"Harper, Dalton",1000115726,Right,NIA_COM,181d96cf-19ad-497a-b63d-612af334d5a8,54.30848,-126.22424,12.32531,5.2463,-0.81043,-10.15043,2.54878,-9.51156,5.86604,,,,,,,,,,,,,,,,,,,,,,,,,,,,,,,,,,,,,,,,,,,,,,,,,,,High,High,High,,,,,
348,2025-10-18,15:01:24.88,1,3,"Czaja, Joey",1000150034,Left,NIA_COM,"Tignor, Laken",1000091229,Right,GEO_PAT,Undefined,9,Bottom,0,1,1,Fastball,Four-Seam,BallCalled,Undefined,Undefined,Undefined,0,0,,86.79573,0.642952,3.371723,2428.858005,141.456315,10:45,5.28587,-2.73926,6.13656,-20.78733,16.02375,-11.84103,4.14891,-0.60604,79.14142,-3.30345,1.242435,0.436677,,,,,,,,,,,,7.01343,8.43591,2.48741,50,5.32412,-6.93933,-125.92907,0.82318,11.26601,25.48999,-18.62304,GEO_PAT,NIA_COM,SpuhlerFieldMain,TeamExclusive,Team,20251018-SpuhlerFieldMain-Private-1,d84905e0-ac54-11f0-ae3b-9b4a908d198a,86.31644,,,7.65431,,,,,,,e9589120-7e22-442b-894a-3d9ff1c37833,2025-10-18,19:01:24.88,2025-10-18T15:01:24.8850000-04:00,2025-10-18T19:01:24.8850000Z,,v3,471300,,,"Harper, Dalton",1000115726,Right,NIA_COM,a2c5d165-b7e3-4a86-a6ac-d67b643a97c5,54.36403,-126.80934,12.74499,5.28459,1.46631,-9.31152,2.73377,-7.32839,5.63301,,,,,,,,,,,,,,,,,,,,,,,,,,,,,,,,,,,,,,,,,,,,,,,,,,,High,High,High,,,,,
349,2025-10-18,15:01:39.95,1,4,"Czaja, Joey",1000150034,Left,NIA_COM,"Tignor, Laken",1000091229,Right,GEO_PAT,Undefined,9,Bottom,0,2,1,Fastball,Four-Seam,InPlay,Undefined,FlyBall,Out,1,0,,85.67329,0.098531,3.349528,2397.09347,150.255575,11:00,5.28425,-2.5614,6.17412,-22.05544,15.85225,-8.34138,3.53746,-0.15933,77.84831,-4.090971,1.848593,0.443134,97.77689,35.431922,4.072366,3497.114472,109.36153,79.13559,11.83359,320.4271,320.4271,10.456791,5.789588,5.32055,8.54977,2.3119,50,5.28047,-6.9504,-124.27674,-0.40988,8.27447,26.20754,-18.87757,GEO_PAT,NIA_COM,SpuhlerFieldMain,TeamExclusive,Team,20251018-SpuhlerFieldMain-Private-1,e1613580-ac54-11f0-ae3b-9b4a908d198a,85.05879,112.56123,,7.82497,,,,1.2538,3.81057,0.16598,e9589120-7e22-442b-894a-3d9ff1c37833,2025-10-18,19:01:39.95,2025-10-18T15:01:39.9500000-04:00,2025-10-18T19:01:39.9500000Z,FlyBall,v3,471300,,,"Harper, Dalton",1000115726,Right,NIA_COM,0c8f9409-d5b6-4a62-ad54-8b7ad069d0f0,54.32735,-125.18596,13.10377,5.28333,0.24505,-9.43879,2.55801,-7.23747,4.13723,192.109415,1.25918,116.45875,-28.33776,6.89436,-1.35134,0.21192,-0.02582,0.00219,-9E-05,3.81087,83.12179,-17.49854,0.42296,0.27325,-0.14302,0.03394,-0.00395,0.00018,0.1658,8.30321,1.99829,-0.87961,0.24512,-0.04633,0.00533,-0.00033,1E-05,,,,,,,,,,,,,,,,,,,,,,,High,High,High,High,Medium,,,
350,2025-10-18,15:02:16.12,2,1,"Czaja, Joey",1000150034,Left,NIA_COM,"Blanchard, Evan",10073877,Right,GEO_PAT,Undefined,9,Bottom,1,0,0,Slider,Curveball,StrikeCalled,Undefined,Undefined,Undefined,0,0,,73.88986,1.808091,1.865751,1501.1583,310.816446,4:15,5.28887,-2.61708,5.73666,-54.20948,-2.65673,4.92756,2.45665,-0.46836,67.90938,-8.123869,2.747335,0.51677,,,,,,,,,,,,-1.96874,-1.32228,2.45859,50,5.40659,-3.67211,-107.25517,1.71611,-2.29017,18.78885,-33.71222,GEO_PAT,NIA_COM,SpuhlerFieldMain,TeamExclusive,Team,20251018-SpuhlerFieldMain-Private-1,f6ddb280-ac54-11f0-ae3b-9b4a908d198a,72.9385,,,5.98048,,,,,,,e9589120-7e22-442b-894a-3d9ff1c37833,2025-10-18,19:02:16.12,2025-10-18T15:02:16.1200000-04:00,2025-10-18T19:02:16.1200000Z,,v3,471300,,,"Harper, Dalton",1000115726,Right,NIA_COM,80b88b4f-637a-49d8-98eb-9b99063f52a6,54.76596,-108.08684,9.39443,5.29761,3.20835,-16.85611,2.61889,-3.57074,-1.14509,,,,,,,,,,,,,,,,,,,,,,,,,,,,,,,,,,,,,,,,,,,,,,,,,,,High,High,High,,,,,
351,2025-10-18,15:02:29.93,2,2,"Czaja, Joey",1000150034,Left,NIA_COM,"Blanchard, Evan",10073877,Right,GEO_PAT,Undefined,9,Bottom,1,0,1,Slider,Curveball,BallCalled,Undefined,Undefined,Undefined,0,0,,70.36608,4.425814,-1.545404,1650.66895,302.097787,4:00,5.35371,-2.57406,5.54705,-61.33574,-4.27036,9.45079,4.38832,-3.23111,64.7347,-6.767678,0.136803,0.543698,,,,,,,,,,,,-5.08374,-2.59067,2.70196,50,5.69814,2.40569,-101.96282,6.00875,-5.39129,15.60919,-34.92143,GEO_PAT,NIA_COM,SpuhlerFieldMain,TeamExclusive,Team,20251018-SpuhlerFieldMain-Private-1,ff1f7f50-ac54-11f0-ae3b-9b4a908d198a,69.32605,,,5.63138,,,,,,,e9589120-7e22-442b-894a-3d9ff1c37833,2025-10-18,19:02:29.93,2025-10-18T15:02:29.9300000-04:00,2025-10-18T19:02:29.9300000Z,,v3,471300,,,"Harper, Dalton",1000115726,Right,NIA_COM,2f7d1197-88b7-4972-adb5-5581ac13868a,54.95617,-102.71874,7.8046,5.3662,7.69993,-17.46072,2.57914,2.66678,-2.69565,,,,,,,,,,,,,,,,,,,,,,,,,,,,,,,,,,,,,,,,,,,,,,,,,,,High,High,High,,,,,
352,2025-10-18,15:02:47.38,2,3,"Czaja, Joey",1000150034,Left,NIA_COM,"Blanchard, Evan",10073877,Right,GEO_PAT,Undefined,9,Bottom,1,1,1,Fastball,Four-Seam,StrikeSwinging,Undefined,Undefined,Undefined,0,0,,86.02285,0.149936,3.049986,2313.304935,158.018559,11:15,5.3239,-2.527,6.17456,-21.70895,15.72733,-5.86847,3.6535,-0.19641,78.47756,-3.966112,1.993663,0.44037,,,,,,,,,,,,3.8791,8.44689,2.29886,50,5.32409,-6.41872,-124.84015,-0.2893,6.11668,25.32826,-18.85478,GEO_PAT,NIA_COM,SpuhlerFieldMain,TeamExclusive,Team,20251018-SpuhlerFieldMain-Private-1,097ab640-ac55-11f0-ae3b-9b4a908d198a,85.59268,,,7.54529,,,,,,,e9589120-7e22-442b-894a-3d9ff1c37833,2025-10-18,19:02:47.38,2025-10-18T15:02:47.3860000-04:00,2025-10-18T19:02:47.3860000Z,,v3,471300,,,"Harper, Dalton",1000115726,Right,NIA_COM,66dca541-7bd5-42a9-9dab-8a146cdd2df4,54.32571,-125.71472,12.66413,5.32284,0.36174,-9.42739,2.52413,-6.62992,3.05834,,,,,,,,,,,,,,,,,,,,,,,,,,,,,,,,,,,,,,,,,,,,,,,,,,,High,High,High,,,,,
353,2025-10-18,15:03:04.08,2,4,"Czaja, Joey",1000150034,Left,NIA_COM,"Blanchard, Evan",10073877,Right,GEO_PAT,Undefined,9,Bottom,1,1,2,Fastball,Four-Seam,InPlay,Undefined,FlyBall,Out,1,0,,88.01372,-1.013256,4.290886,2452.348415,140.993386,10:45,5.30265,-2.52004,6.32493,-21.81037,14.08457,-10.40981,2.54922,0.5717,79.81264,-5.156922,2.414907,0.431209,68.66702,43.580299,-1.22963,4433.03729,109.8808,73.86931,5.11811,195.84911,193.60335,5.427591,4.469735,6.74933,8.00264,2.21093,50,5.21803,-9.16291,-127.52237,-2.88509,11.01606,28.3837,-19.11243,GEO_PAT,NIA_COM,SpuhlerFieldMain,TeamExclusive,Team,20251018-SpuhlerFieldMain-Private-1,13858340-ac55-11f0-ae3b-9b4a908d198a,87.41103,73.92551,,8.20108,,,,1.03997,2.56403,-0.59218,e9589120-7e22-442b-894a-3d9ff1c37833,2025-10-18,19:03:04.08,2025-10-18T15:03:04.0860000-04:00,2025-10-18T19:03:04.0860000Z,Popup,v3,471300,,,"Harper, Dalton",1000115726,Right,NIA_COM,e367008d-71b2-4b74-9613-0b1552e04f78,54.17676,-128.44866,14.19185,5.302,-2.26136,-9.55621,2.51583,-9.52241,5.50803,194.147267,1.04138,72.90469,-15.66085,3.76299,-0.5486,0.03236,4E-05,0.00052,-8E-05,2.56448,69.41557,-18.54023,0.9,0.0641,-0.12087,0.04432,-0.00713,0.00043,-0.59252,-1.55628,3.45272,-0.91449,0.12806,0.00201,-0.00405,0.00057,-3E-05,,,,,,,,,,,,,,,,,,,,,,,High,High,High,High,Medium,,,
354,2025-10-18,15:03:43.15,3,1,"Czaja, Joey",1000150034,Left,NIA_COM,"Vaughan, Logan",1000232024,Right,GEO_PAT,Undefined,9,Bottom,2,0,0,Fastball,Four-Seam,HitByPitch,Undefined,Undefined,Undefined,0,0,,87.62134,-0.152663,5.601257,2352.64982,161.196626,11:15,5.34501,-2.54858,6.21535,-17.78418,18.79202,-5.96626,3.72142,2.14011,79.17756,-3.571019,4.533346,0.435282,,,,,,,,,,,,4.89736,10.21103,2.13055,50,5.32479,-12.19777,-126.69387,-0.81442,7.8676,28.68965,-15.77012,GEO_PAT,NIA_COM,SpuhlerFieldMain,TeamExclusive,Team,20251018-SpuhlerFieldMain-Private-1,2ac708d0-ac55-11f0-ae3b-9b4a908d198a,86.59313,,,8.44379,,,,,,,e9589120-7e22-442b-894a-3d9ff1c37833,2025-10-18,19:03:43.15,2025-10-18T15:03:43.1520000-04:00,2025-10-18T19:03:43.1520000Z,,v3,471300,,,"Harper, Dalton",1000115726,Right,NIA_COM,de66167a-6ff9-421e-99fc-6f4e238e9f3f,54.2875,-127.66108,14.34483,5.34329,-0.28277,-7.88506,2.54624,-12.46301,3.9338,,,,,,,,,,,,,,,,,,,,,,,,,,,,,,,,,,,,,,,,,,,,,,,,,,,High,High,High,,,,,
355,2025-10-18,15:04:17.74,4,1,"Czaja, Joey",1000150034,Left,NIA_COM,"Bagnerise , Julius",1000469309,Right,GEO_PAT,Undefined,9,Bottom,2,0,0,Fastball,Four-Seam,StrikeCalled,Undefined,Undefined,Undefined,0,0,,85.37732,0.16353,4.535034,2354.050098,141.653691,10:45,5.24793,-2.4862,6.20996,-23.61163,14.71544,-10.60493,3.4317,0.82458,77.33017,-4.314385,2.629824,0.445579,,,,,,,,,,,,6.82985,7.94973,2.15018,50,5.24838,-9.38625,-123.62628,-0.31621,10.48756,26.43927,-19.96683,GEO_PAT,NIA_COM,SpuhlerFieldMain,TeamExclusive,Team,20251018-SpuhlerFieldMain-Private-1,3f70a570-ac55-11f0-ae3b-9b4a908d198a,84.59211,,,8.04715,,,,,,,e9589120-7e22-442b-894a-3d9ff1c37833,2025-10-18,19:04:17.74,2025-10-18T15:04:17.7460000-04:00,2025-10-18T19:04:17.7460000Z,,v3,471300,,,"Harper, Dalton",1000115726,Right,NIA_COM,b4394666-2cd9-4470-b201-db313a766dc7,54.28983,-124.54035,13.21963,5.24738,0.37409,-9.98342,2.48095,-9.74883,5.24378,,,,,,,,,,,,,,,,,,,,,,,,,,,,,,,,,,,,,,,,,,,,,,,,,,,High,High,High,,,,,
356,2025-10-18,15:05:10.43,4,2,"Czaja, Joey",1000150034,Left,NIA_COM,"Bagnerise , Julius",1000469309,Right,GEO_PAT,Undefined,9,Bottom,2,0,1,Fastball,Four-Seam,FoulBallNotFieldable,Undefined,Undefined,Undefined,0,0,,85.7535,0.39265,3.530621,2379.596957,139.127523,10:45,5.24696,-2.53403,6.18508,-22.54619,14.91091,-11.93028,3.73138,-0.26385,78.63333,-3.863972,1.383676,0.440493,73.295,14.536568,-167.411511,2972.661234,-108.83777,12.57904,-15.94423,162.53668,50.42462,-173.722545,1.82254,7.1187,7.96229,2.27318,50,5.26508,-7.22061,-124.49508,0.20343,11.23086,23.76809,-19.61229,GEO_PAT,NIA_COM,SpuhlerFieldMain,TeamExclusive,Team,20251018-SpuhlerFieldMain-Private-1,5ece2050-ac55-11f0-ae3b-9b4a908d198a,85.56883,14.39116,,7.12018,,,,0.09635,3.60479,0.22891,e9589120-7e22-442b-894a-3d9ff1c37833,2025-10-18,19:05:10.43,2025-10-18T15:05:10.4310000-04:00,2025-10-18T19:05:10.4310000Z,LineDrive,v3,471300,,,"Harper, Dalton",1000115726,Right,NIA_COM,0a38d7ed-57a6-498b-bdf3-0e29365984b5,54.31751,-125.31665,11.88405,5.24633,0.88135,-9.80615,2.52948,-7.60881,5.61543,92.575291,0.09637,-101.55768,7.84792,-0.64008,0.16608,-0.0451,-0.00656,0.01788,-0.00528,3.6048,26.98175,-17.83968,1.34754,-0.23251,0.08258,-0.04785,0.02292,-0.00456,0.22892,-22.67993,9.05612,-1.67617,0.51939,-0.24834,0.12039,-0.03039,0.00228,,,,,,,,,,,,,,,,,,,,,,,High,High,High,High,Low,,,
357,2025-10-18,15:05:34.63,4,3,"Czaja, Joey",1000150034,Left,NIA_COM,"Bagnerise , Julius",1000469309,Right,GEO_PAT,Undefined,9,Bottom,2,0,2,Slider,Slider,InPlay,Undefined,GroundBall,Out,1,0,,73.16603,1.230466,2.115403,1614.071028,328.086769,5:00,5.3095,-2.53033,5.52751,-55.15109,-2.50488,2.51433,1.8649,-0.34222,67.78153,-8.802838,2.563702,0.522222,92.27976,2.617924,14.00823,2542.571,,,,60.04317,55.96546,14.974835,0.456059,-0.72449,-1.21374,2.34452,50,5.3791,-4.01393,-106.27747,0.57502,-0.83269,17.3734,-33.56906,GEO_PAT,NIA_COM,SpuhlerFieldMain,TeamExclusive,Team,20251018-SpuhlerFieldMain-Private-1,6d4c25f0-ac55-11f0-ae3b-9b4a908d198a,72.17708,2.37878,,5.3845,,,,1.99531,1.98409,0.39989,e9589120-7e22-442b-894a-3d9ff1c37833,2025-10-18,19:05:34.63,2025-10-18T15:05:34.6370000-04:00,2025-10-18T19:05:34.6370000Z,GroundBall,v3,471300,,,"Harper, Dalton",1000115726,Right,NIA_COM,48042c76-27ff-41b7-8be1-1d234318b467,54.97753,-107.08806,8.6867,5.31573,2.14126,-16.78453,2.5309,-3.97508,-0.41635,320.998735,2.00532,130.88767,-17.80484,,,,,,,1.99769,5.7821,-22.34546,,,,,,,0.39618,32.83683,0.70486,,,,,,,,,,,,,,,,,,,,,,,,,,,,,High,High,High,High,High,,,