PitchNo,Date,Time,PAofInning,PitchofPA,Pitcher,PitcherId,PitcherThrows,PitcherTeam,Batter,BatterId,BatterSide,BatterTeam,PitcherSet,Inning,Top/Bottom,Outs,Balls,Strikes,TaggedPitchType,AutoPitchType,PitchCall,KorBB,TaggedHitType,PlayResult,OutsOnPlay,RunsScored,Notes,RelSpeed,VertRelAngle,HorzRelAngle,SpinRate,SpinAxis,Tilt,RelHeight,RelSide,Extension,VertBreak,InducedVertBreak,HorzBreak,PlateLocHeight,PlateLocSide,ZoneSpeed,VertApprAngle,HorzApprAngle,ZoneTime,ExitSpeed,Angle,Direction,HitSpinRate,PositionAt110X,PositionAt110Y,PositionAt110Z,Distance,LastTrackedDistance,Bearing,HangTime,pfxx,pfxz,x0,y0,z0,vx0,vy0,vz0,ax0,ay0,az0,HomeTeam,AwayTeam,Stadium,Level,League,GameID,PitchUID,EffectiveVelo,MaxHeight,MeasuredDuration,SpeedDrop,PitchLastMeasuredX,PitchLastMeasuredY,PitchLastMeasuredZ,ContactPositionX,ContactPositionY,ContactPositionZ,GameUID,UTCDate,UTCTime,LocalDateTime,UTCDateTime,AutoHitType,System,HomeTeamForeignID,AwayTeamForeignID,GameForeignID,Catcher,CatcherId,CatcherThrows,CatcherTeam,PlayID,PitchTrajectoryXc0,PitchTrajectoryXc1,PitchTrajectoryXc2,PitchTrajectoryYc0,PitchTrajectoryYc1,PitchTrajectoryYc2,PitchTrajectoryZc0,PitchTrajectoryZc1,PitchTrajectoryZc2,HitSpinAxis,HitTrajectoryXc0,HitTrajectoryXc1,HitTrajectoryXc2,HitTrajectoryXc3,HitTrajectoryXc4,HitTrajectoryXc5,HitTrajectoryXc6,HitTrajectoryXc7,HitTrajectoryXc8,HitTrajectoryYc0,HitTrajectoryYc1,HitTrajectoryYc2,HitTrajectoryYc3,HitTrajectoryYc4,HitTrajectoryYc5,HitTrajectoryYc6,HitTrajectoryYc7,HitTrajectoryYc8,HitTrajectoryZc0,HitTrajectoryZc1,HitTrajectoryZc2,HitTrajectoryZc3,HitTrajectoryZc4,HitTrajectoryZc5,HitTrajectoryZc6,HitTrajectoryZc7,HitTrajectoryZc8,ThrowSpeed,PopTime,ExchangeTime,TimeToBase,CatchPositionX,CatchPositionY,CatchPositionZ,ThrowPositionX,ThrowPositionY,ThrowPositionZ,BasePositionX,BasePositionY,BasePositionZ,ThrowTrajectoryXc0,ThrowTrajectoryXc1,ThrowTrajectoryXc2,ThrowTrajectoryYc0,ThrowTrajectoryYc1,ThrowTrajectoryYc2,ThrowTrajectoryZc0,ThrowTrajectoryZc1,ThrowTrajectoryZc2,PitchReleaseConfidence,PitchLocationConfidence,PitchMovementConfidence,HitLaunchConfidence,HitLandingConfidence,CatcherThrowCatchConfidence,CatcherThrowReleaseConfidence,CatcherThrowLocationConfidence
1,2025-03-15,14:16:17.50,1,1,"Cassedy, Brandon",1000183671,Right,GEO_PAT,"DiMartini, Michael",1000136501,Right,DAY_FLY,Undefined,1,Top,0,0,0,Fastball,Four-Seam,BallCalled,Undefined,Undefined,Undefined,0,0,,89.19799,-3.225584,0.431159,2193.487774,191.19032,12:15,5.67483,0.46572,6.46234,-14.04867,20.34729,3.80756,1.53792,1.17908,81.69893,-5.939862,1.121951,0.42211,,,,,,,,,,,,-1.89354,11.9365,-0.49788,50,5.44032,-1.11817,-129.54556,-7.64097,-3.21545,27.24584,-11.90446,GEO_PAT,DAY_FLY,SpuhlerFieldMain,D1,A10,20250315-SpuhlerFieldMain-2,96fc8070-01c9-11f0-9269-ed641e036766,89.29539,,,7.49906,,,,,,,b0b8cc55-1461-41bf-b18a-f9f6bd8e04da,2025-03-15,18:16:17.50,2025-03-15T14:16:17.5050000-04:00,2025-03-15T18:16:17.5050000Z,,v3,471300,471281,15 March 2025 14:00-dayton@georgemas,"Raymond, Andrew",10148052,Right,GEO_PAT,88a20347-7232-4753-8ac9-f19dd648911c,54.04102,-130.39269,13.62292,5.67214,-7.27084,-5.95223,-0.46467,-1.01819,-1.60773,,,,,,,,,,,,,,,,,,,,,,,,,,,,,,,,,,,,,,,,,,,,,,,,,,,High,High,High,,,,,
2,2025-03-15,14:16:37.04,1,2,"Cassedy, Brandon",1000183671,Right,GEO_PAT,"DiMartini, Michael",1000136501,Right,DAY_FLY,Undefined,1,Top,0,1,0,Cutter,Slider,FoulBallNotFieldable,Undefined,Undefined,Undefined,0,0,,81.57668,-0.689109,0.292161,2563.137951,85.4614,8:45,5.71829,0.53987,5.79832,-41.37699,0.21583,-11.56071,1.62918,-0.15176,75.96352,-8.247646,-1.783535,0.464174,70.19091,-33.683745,-50.900889,,,,,5.95324,3.79387,-21.040887,0.034075,6.05166,0.5565,-0.5566,50,5.63626,-0.17512,-118.71307,-2.789,8.73251,20.34587,-31.37105,GEO_PAT,DAY_FLY,SpuhlerFieldMain,D1,A10,20250315-SpuhlerFieldMain-2,a2ab3970-01c9-11f0-9269-ed641e036766,81.20327,1.95102,,5.61316,,,,3.71021,1.95102,0.13427,b0b8cc55-1461-41bf-b18a-f9f6bd8e04da,2025-03-15,18:16:37.04,2025-03-15T14:16:37.0460000-04:00,2025-03-15T18:16:37.0460000Z,GroundBall,v3,471300,471281,15 March 2025 14:00-dayton@georgemas,"Raymond, Andrew",10148052,Right,GEO_PAT,ff35788e-de86-4aba-8a85-c0b94965c0df,54.70771,-119.51719,10.17293,5.72198,-1.54914,-15.68553,-0.54286,-0.52026,4.36625,,3.70937,54.17742,,,,,,,,1.9519,-57.25658,,,,,,,,0.13531,-66.66742,,,,,,,,,,,,,,,,,,,,,,,,,,,,,,High,High,High,Low,Low,,,
3,2025-03-15,14:17:02.80,1,3,"Cassedy, Brandon",1000183671,Right,GEO_PAT,"DiMartini, Michael",1000136501,Right,DAY_FLY,Undefined,1,Top,0,1,1,Cutter,Slider,FoulBallNotFieldable,Undefined,Undefined,Undefined,0,0,,82.8214,-1.323488,0.645863,2581.176507,94.181274,9:15,5.70407,0.54564,5.78151,-39.03534,1.47874,-4.52618,1.21937,0.76944,76.9094,-8.45835,-0.166647,0.458115,,,,,,,,,,,,2.50957,1.36228,-0.59605,50,5.57074,-1.18706,-120.44625,-4.08091,3.71678,21.59915,-30.15644,GEO_PAT,DAY_FLY,SpuhlerFieldMain,D1,A10,20250315-SpuhlerFieldMain-2,b20a2930-01c9-11f0-9269-ed641e036766,82.27727,,,5.912,,,,,,,b0b8cc55-1461-41bf-b18a-f9f6bd8e04da,2025-03-15,18:17:02.80,2025-03-15T14:17:02.8080000-04:00,2025-03-15T18:17:02.8080000Z,,v3,471300,471281,15 March 2025 14:00-dayton@georgemas,"Raymond, Andrew",10148052,Right,GEO_PAT,b0031b39-4931-43c1-8425-ef02ad69e112,54.72394,-121.29042,10.79957,5.7072,-2.9023,-15.07822,-0.54681,-1.33232,1.85839,,,,,,,,,,,,,,,,,,,,,,,,,,,,,,,,,,,,,,,,,,,,,,,,,,,High,High,High,,,,,
4,2025-03-15,14:17:30.26,1,4,"Cassedy, Brandon",1000183671,Right,GEO_PAT,"DiMartini, Michael",1000136501,Right,DAY_FLY,Undefined,1,Top,0,1,2,Fastball,Four-Seam,StrikeSwinging,Strikeout,Undefined,Undefined,0,0,,90.72572,-0.66791,-0.26261,2280.411871,180.439585,12:00,5.73982,0.47119,6.42941,-13.25914,20.09233,0.14579,4.02094,0.24196,82.49785,-3.260807,-0.236181,0.415651,,,,,,,,,,,,-0.15217,10.98764,-0.45255,50,5.68576,0.59835,-131.84737,-1.83553,-0.26658,29.24373,-12.92217,GEO_PAT,DAY_FLY,SpuhlerFieldMain,D1,A10,20250315-SpuhlerFieldMain-2,c268aea0-01c9-11f0-9269-ed641e036766,90.68289,,,8.22787,,,,,,,b0b8cc55-1461-41bf-b18a-f9f6bd8e04da,2025-03-15,18:17:30.26,2025-03-15T14:17:30.2610000-04:00,2025-03-15T18:17:30.2610000Z,,v3,471300,471281,15 March 2025 14:00-dayton@georgemas,"Raymond, Andrew",10148052,Right,GEO_PAT,4efb22f2-e437-4427-bcb9-122ecb46d699,54.07042,-132.74712,14.62186,5.73612,-1.43795,-6.46108,-0.47109,0.60656,-0.13329,,,,,,,,,,,,,,,,,,,,,,,,,,,,,,,,,,,,,,,,,,,,,,,,,,,High,High,High,,,,,
5,2025-03-15,14:18:07.43,2,1,"Cassedy, Brandon",1000183671,Right,GEO_PAT,"Lujo, Rylan",1000102832,Right,DAY_FLY,Undefined,1,Top,1,0,0,Cutter,Slider,BallCalled,Undefined,Undefined,Undefined,0,0,,82.31835,1.161623,1.239907,2565.925146,74.837066,8:30,5.68935,0.62962,5.6293,-42.78302,-1.31138,-9.42351,3.20844,1.00149,75.70751,-6.673096,-0.444153,0.463497,,,,,,,,,,,,5.10225,-0.58236,-0.72911,50,5.76084,-2.20819,-119.59641,0.94029,7.41524,22.32433,-33.02044,GEO_PAT,DAY_FLY,SpuhlerFieldMain,D1,A10,20250315-SpuhlerFieldMain-2,d8792e40-01c9-11f0-9269-ed641e036766,81.32185,,,6.61084,,,,,,,b0b8cc55-1461-41bf-b18a-f9f6bd8e04da,2025-03-15,18:18:07.43,2025-03-15T14:18:07.4370000-04:00,2025-03-15T18:18:07.4370000Z,,v3,471300,471281,15 March 2025 14:00-dayton@georgemas,"Raymond, Andrew",10148052,Right,GEO_PAT,5cca006a-03b6-4f9a-9c1e-d0a9219930ff,54.87421,-120.50281,11.16217,5.69544,2.28097,-16.51022,-0.63335,-2.50926,3.70762,,,,,,,,,,,,,,,,,,,,,,,,,,,,,,,,,,,,,,,,,,,,,,,,,,,High,High,High,,,,,
6,2025-03-15,14:18:27.51,2,2,"Cassedy, Brandon",1000183671,Right,GEO_PAT,"Lujo, Rylan",1000102832,Right,DAY_FLY,Undefined,1,Top,1,1,0,Cutter,Slider,StrikeCalled,Undefined,Undefined,Undefined,0,0,,82.4606,-0.70222,0.49834,2531.300478,93.824839,9:15,5.67327,0.55636,5.89101,-38.93443,1.72591,-8.71319,1.77663,0.29301,76.52604,-7.844668,-1.068324,0.458941,,,,,,,,,,,,4.64449,1.3528,-0.59127,50,5.59376,-0.71826,-119.97077,-2.73956,6.82832,21.30653,-30.18518,GEO_PAT,DAY_FLY,SpuhlerFieldMain,D1,A10,20250315-SpuhlerFieldMain-2,e4894120-01c9-11f0-9269-ed641e036766,82.12914,,,5.93456,,,,,,,b0b8cc55-1461-41bf-b18a-f9f6bd8e04da,2025-03-15,18:18:27.51,2025-03-15T14:18:27.5100000-04:00,2025-03-15T18:18:27.5100000Z,,v3,471300,471281,15 March 2025 14:00-dayton@georgemas,"Raymond, Andrew",10148052,Right,GEO_PAT,8081a3cd-34c9-4e07-ade5-0e04b29e091a,54.61431,-120.78748,10.65326,5.6766,-1.58251,-15.09259,-0.55872,-0.98,3.41416,,,,,,,,,,,,,,,,,,,,,,,,,,,,,,,,,,,,,,,,,,,,,,,,,,,High,High,High,,,,,
7,2025-03-15,14:18:47.82,2,3,"Cassedy, Brandon",1000183671,Right,GEO_PAT,"Lujo, Rylan",1000102832,Right,DAY_FLY,Undefined,1,Top,1,1,1,Curveball,Curveball,BallCalled,Undefined,Undefined,Undefined,0,0,,74.78702,3.244763,1.773843,2530.798381,70.449511,8:15,5.72655,0.4792,5.83359,-55.11373,-4.60185,-17.67769,4.15461,0.65548,68.01748,-6.904072,-1.393658,0.511527,,,,,,,,,,,,9.46591,-2.72949,-0.6139,50,5.95984,-2.70448,-108.42794,4.43671,11.18252,20.3168,-35.39852,GEO_PAT,DAY_FLY,SpuhlerFieldMain,D1,A10,20250315-SpuhlerFieldMain-2,f08f41e0-01c9-11f0-9269-ed641e036766,73.68616,,,6.76955,,,,,,,b0b8cc55-1461-41bf-b18a-f9f6bd8e04da,2025-03-15,18:18:47.82,2025-03-15T14:18:47.8270000-04:00,2025-03-15T18:18:47.8270000Z,,v3,471300,471281,15 March 2025 14:00-dayton@georgemas,"Raymond, Andrew",10148052,Right,GEO_PAT,62bf7e8f-7b60-4011-9516-c14e6f49ab75,54.66985,-109.29946,10.1584,5.73695,5.95517,-17.69926,-0.4876,-3.18416,5.59126,,,,,,,,,,,,,,,,,,,,,,,,,,,,,,,,,,,,,,,,,,,,,,,,,,,High,High,High,,,,,
8,2025-03-15,14:19:11.10,2,4,"Cassedy, Brandon",1000183671,Right,GEO_PAT,"Lujo, Rylan",1000102832,Right,DAY_FLY,Undefined,1,Top,1,2,1,Cutter,Slider,InPlay,Undefined,FlyBall,Out,1,0,,81.35388,1.061966,0.957617,2531.597106,82.648656,8:45,5.69036,0.52574,5.56629,-42.39616,0.09657,-8.97863,3.14972,0.67224,74.9437,-6.695278,-0.6453,0.469168,93.23269,36.410529,-23.90263,3465.808089,99.42855,79.1518,-47.05234,307.19161,303.53221,-25.445798,5.743308,4.84583,0.07465,-0.60211,50,5.75364,-1.62731,-118.2321,0.74959,6.88953,21.61047,-32.06793,GEO_PAT,DAY_FLY,SpuhlerFieldMain,D1,A10,20250315-SpuhlerFieldMain-2,fe7e4df0-01c9-11f0-9269-ed641e036766,80.33883,107.02385,,6.41018,,,,2.00992,3.28834,-0.6939,b0b8cc55-1461-41bf-b18a-f9f6bd8e04da,2025-03-15,18:19:11.10,2025-03-15T14:19:11.1000000-04:00,2025-03-15T18:19:11.1000000Z,FlyBall,v3,471300,471281,15 March 2025 14:00-dayton@georgemas,"Raymond, Andrew",10148052,Right,GEO_PAT,3a49a428-9561-41e5-83a5-03dfcfd356e4,54.93861,-119.13136,10.80523,5.69468,2.08401,-16.03396,-0.52843,-1.914,3.44477,168.846544,2.01946,100.4248,-24.19642,5.32692,-0.53178,-0.10043,0.04107,-0.00504,0.00022,3.28126,81.28454,-17.92971,1.20239,-0.31706,0.07485,-0.00606,-0.00035,5E-05,-0.69666,-44.53838,7.1639,-0.69627,-0.14458,0.0939,-0.02179,0.0024,-0.0001,,,,,,,,,,,,,,,,,,,,,,,High,High,High,High,Medium,,,
9,2025-03-15,14:19:49.17,3,1,"Cassedy, Brandon",1000183671,Right,GEO_PAT,"MacDougall, Ryan",1000268563,Left,DAY_FLY,Undefined,1,Top,2,0,0,Fastball,Four-Seam,StrikeCalled,Undefined,Undefined,Undefined,0,0,,89.51211,-2.520664,0.182837,2267.167978,187.247208,12:15,5.70637,0.50425,6.50949,-15.42166,18.84607,2.24969,2.10636,0.85953,81.45453,-5.503181,0.591421,0.421322,,,,,,,,,,,,-1.1239,10.97134,-0.51792,50,5.52324,-0.50278,-129.98442,-6.09633,-1.90985,28.96796,-13.5303,GEO_PAT,DAY_FLY,SpuhlerFieldMain,D1,A10,20250315-SpuhlerFieldMain-2,152c1f00-01ca-11f0-9269-ed641e036766,89.46229,,,8.05757,,,,,,,b0b8cc55-1461-41bf-b18a-f9f6bd8e04da,2025-03-15,18:19:49.17,2025-03-15T14:19:49.1700000-04:00,2025-03-15T18:19:49.1700000Z,,v3,471300,471281,15 March 2025 14:00-dayton@georgemas,"Raymond, Andrew",10148052,Right,GEO_PAT,544efe9b-1e37-4a78-84a8-31e9b43a6d52,53.9913,-130.87089,14.48398,5.70347,-5.68228,-6.76515,-0.50343,-0.44433,-0.95492,,,,,,,,,,,,,,,,,,,,,,,,,,,,,,,,,,,,,,,,,,,,,,,,,,,High,High,High,,,,,
10,2025-03-15,14:20:06.82,3,2,"Cassedy, Brandon",1000183671,Right,GEO_PAT,"MacDougall, Ryan",1000268563,Left,DAY_FLY,Undefined,1,Top,2,0,1,Curveball,Curveball,StrikeSwinging,Undefined,Undefined,Undefined,0,0,,75.40369,1.717266,0.816154,2486.210098,34.576227,7:15,5.67518,0.66238,5.6792,-61.64346,-11.57253,-9.15516,2.13979,0.66036,68.757,-9.544288,-0.824553,0.509289,,,,,,,,,,,,4.88929,-5.86209,-0.72541,50,5.78154,-1.21716,-109.4389,1.2796,5.85077,21.71129,-39.18894,GEO_PAT,DAY_FLY,SpuhlerFieldMain,D1,A10,20250315-SpuhlerFieldMain-2,1fc681d0-01ca-11f0-9269-ed641e036766,74.00995,,,6.64669,,,,,,,b0b8cc55-1461-41bf-b18a-f9f6bd8e04da,2025-03-15,18:20:06.82,2025-03-15T14:20:06.8270000-04:00,2025-03-15T18:20:06.8270000Z,,v3,471300,471281,15 March 2025 14:00-dayton@georgemas,"Raymond, Andrew",10148052,Right,GEO_PAT,5774a4fb-6bca-47b8-913d-8e266eb3e2b8,54.8253,-110.39203,10.85564,5.6876,3,-19.59447,-0.66634,-1.47401,2.92538,,,,,,,,,,,,,,,,,,,,,,,,,,,,,,,,,,,,,,,,,,,,,,,,,,,High,High,High,,,,,
11,2025-03-15,14:20:30.35,3,3,"Cassedy, Brandon",1000183671,Right,GEO_PAT,"MacDougall, Ryan",1000268563,Left,DAY_FLY,Undefined,1,Top,2,0,2,Fastball,Four-Seam,BallCalled,Undefined,Undefined,Undefined,0,0,,91.318,-0.56292,-0.144731,2376.92833,187.150079,12:15,5.71443,0.57958,6.5365,-13.77808,19.28851,2.27323,4.04988,0.63626,82.34249,-3.270664,0.268223,0.413872,,,,,,,,,,,,-1.22961,10.60465,-0.57039,50,5.66901,0.24201,-132.62588,-1.60904,-2.15965,32.04775,-13.54856,GEO_PAT,DAY_FLY,SpuhlerFieldMain,D1,A10,20250315-SpuhlerFieldMain-2,2db9ac90-01ca-11f0-9269-ed641e036766,91.07269,,,8.97552,,,,,,,b0b8cc55-1461-41bf-b18a-f9f6bd8e04da,2025-03-15,18:20:30.35,2025-03-15T14:20:30.3520000-04:00,2025-03-15T18:20:30.3520000Z,,v3,471300,471281,15 March 2025 14:00-dayton@georgemas,"Raymond, Andrew",10148052,Right,GEO_PAT,f595ef96-41bb-4331-b50f-28d934d3a8c1,53.96226,-133.57989,16.02387,5.7109,-1.20573,-6.77428,-0.57855,0.3063,-1.07982,,,,,,,,,,,,,,,,,,,,,,,,,,,,,,,,,,,,,,,,,,,,,,,,,,,High,High,High,,,,,
12,2025-03-15,14:20:53.34,3,4,"Cassedy, Brandon",1000183671,Right,GEO_PAT,"MacDougall, Ryan",1000268563,Left,DAY_FLY,Undefined,1,Top,2,1,2,Cutter,Slider,BallCalled,Undefined,Undefined,Undefined,0,0,,83.18529,-2.798118,-0.102008,2458.630786,96.976696,9:15,5.67875,0.56806,5.7472,-38.31396,2.11539,-7.5541,-0.12138,-0.15643,77.2052,-9.772372,-1.458439,0.457636,,,,,,,,,,,,3.9011,2.08158,-0.55463,50,5.42198,0.49921,-120.831,-7.18227,5.79038,22.66645,-29.08435,GEO_PAT,DAY_FLY,SpuhlerFieldMain,D1,A10,20250315-SpuhlerFieldMain-2,3b6c4be0-01ca-11f0-9269-ed641e036766,82.36344,,,5.98009,,,,,,,b0b8cc55-1461-41bf-b18a-f9f6bd8e04da,2025-03-15,18:20:53.34,2025-03-15T14:20:53.3490000-04:00,2025-03-15T18:20:53.3490000Z,,v3,471300,471281,15 March 2025 14:00-dayton@georgemas,"Raymond, Andrew",10148052,Right,GEO_PAT,cf7ccba7-121e-46f9-8b6a-647104e96f16,54.75848,-121.72036,11.33323,5.6814,-6.0411,-14.54218,-0.56976,0.27201,2.89519,,,,,,,,,,,,,,,,,,,,,,,,,,,,,,,,,,,,,,,,,,,,,,,,,,,High,High,High,,,,,
13,2025-03-15,14:21:17.96,3,5,"Cassedy, Brandon",1000183671,Right,GEO_PAT,"MacDougall, Ryan",1000268563,Left,DAY_FLY,Undefined,1,Top,2,2,2,Fastball,Four-Seam,FoulBallNotFieldable,Undefined,Undefined,Undefined,0,0,,89.574,-2.468409,-0.386451,2249.233631,175.487987,11:45,5.6499,0.50514,6.47496,-14.66139,19.63855,-1.45756,2.15976,0.02877,81.40443,-5.315075,-0.65097,0.42152,78.8738,-31.005871,74.005448,,,,,5.59513,5.59513,40.900297,0.038841,0.65114,11.40012,-0.4773,50,5.4693,0.93355,-130.07738,-5.96011,1.10627,29.42493,-12.80587,GEO_PAT,DAY_FLY,SpuhlerFieldMain,D1,A10,20250315-SpuhlerFieldMain-2,4a13f990-01ca-11f0-9269-ed641e036766,89.42032,2.32068,,8.16957,,,,3.1651,2.32068,-0.0485,b0b8cc55-1461-41bf-b18a-f9f6bd8e04da,2025-03-15,18:21:17.96,2025-03-15T14:21:17.9660000-04:00,2025-03-15T18:21:17.9660000Z,GroundBall,v3,471300,471281,15 March 2025 14:00-dayton@georgemas,"Raymond, Andrew",10148052,Right,GEO_PAT,5252dec9-1bd3-41bf-8e71-9af20035b091,54.0269,-130.98515,14.71246,5.64708,-5.56505,-6.40293,-0.50557,0.89942,0.55314,,3.16465,27.39317,,,,,,,,2.32167,-59.74793,,,,,,,,-0.05008,95.56564,,,,,,,,,,,,,,,,,,,,,,,,,,,,,,High,High,High,Estimated,Estimated,,,
14,2025-03-15,14:21:46.96,3,6,"Cassedy, Brandon",1000183671,Right,GEO_PAT,"MacDougall, Ryan",1000268563,Left,DAY_FLY,Undefined,1,Top,2,2,2,Curveball,Curveball,FoulBallNotFieldable,Undefined,Undefined,Undefined,0,0,,74.79034,1.394167,1.036982,2512.530592,38.209166,7:15,5.66055,0.57013,5.80046,-63.17185,-13.00721,-11.46091,1.69346,0.57969,68.96766,-10.126291,-1.022703,0.509765,,,,,,,,,,,,6.22024,-6.75544,-0.64815,50,5.73651,-1.57045,-108.72335,0.68734,7.41477,19.79607,-40.22679,GEO_PAT,DAY_FLY,SpuhlerFieldMain,D1,A10,20250315-SpuhlerFieldMain-2,5b6e6b30-01ca-11f0-9269-ed641e036766,73.94077,,,5.82267,,,,,,,b0b8cc55-1461-41bf-b18a-f9f6bd8e04da,2025-03-15,18:21:46.96,2025-03-15T14:21:46.9660000-04:00,2025-03-15T18:21:46.9660000Z,,v3,471300,471281,15 March 2025 14:00-dayton@georgemas,"Raymond, Andrew",10148052,Right,GEO_PAT,b345824b-a0ba-4add-8198-a6a83e8c0123,54.70719,-109.57707,9.89804,5.66946,2.42215,-20.1134,-0.57353,-1.89022,3.70739,,,,,,,,,,,,,,,,,,,,,,,,,,,,,,,,,,,,,,,,,,,,,,,,,,,High,High,High,,,,,
15,2025-03-15,14:22:15.64,3,7,"Cassedy, Brandon",1000183671,Right,GEO_PAT,"MacDougall, Ryan",1000268563,Left,DAY_FLY,Undefined,1,Top,2,2,2,Fastball,Four-Seam,FoulBallNotFieldable,Undefined,Undefined,Undefined,0,0,,89.90138,-1.33122,-0.065761,2326.588757,187.653172,12:15,5.67668,0.55286,6.51345,-12.2254,21.52852,2.74835,3.43602,0.72154,82.05229,-3.733572,0.433277,0.418151,73.96889,21.308349,-169.125008,1428.978312,,,,,50.62089,,,-1.46614,12.01438,-0.54942,50,5.57819,0.04425,-130.7183,-3.2998,-2.5318,28.06317,-11.42712,GEO_PAT,DAY_FLY,SpuhlerFieldMain,D1,A10,20250315-SpuhlerFieldMain-2,6c7e8d60-01ca-11f0-9269-ed641e036766,90.14066,18.59111,,7.84909,,,,1.93377,3.46941,-0.72305,b0b8cc55-1461-41bf-b18a-f9f6bd8e04da,2025-03-15,18:22:15.64,2025-03-15T14:22:15.6420000-04:00,2025-03-15T18:22:15.6420000Z,,v3,471300,471281,15 March 2025 14:00-dayton@georgemas,"Raymond, Andrew",10148052,Right,GEO_PAT,3d109f50-7103-4121-812a-bf999b13bec0,53.98884,-131.57186,14.03159,5.67326,-2.95224,-5.71356,-0.55193,0.12126,-1.2659,24.757467,1.93377,-99.25602,7.18796,-0.4426,0.05423,0.16906,-0.32701,0.332,-0.14067,3.46941,39.423,-22.08544,1.89354,0.0604,-1.28736,2.57996,-2.6395,1.11866,-0.72305,-19.06875,2.82863,0.13783,0.16906,-0.61092,1.18962,-1.21652,0.51554,,,,,,,,,,,,,,,,,,,,,,,High,High,High,High,Undefined,,,
16,2025-03-15,14:22:41.70,3,8,"Cassedy, Brandon",1000183671,Right,GEO_PAT,"MacDougall, Ryan",1000268563,Left,DAY_FLY,Undefined,1,Top,2,2,2,Cutter,Slider,BallCalled,Undefined,Undefined,Undefined,0,0,,82.49797,-1.044635,1.750325,2566.36977,83.911524,8:45,5.64427,0.75627,5.61205,-40.94463,-0.03303,-10.60512,1.25657,1.50681,76.95379,-8.489139,-0.146648,0.460357,,,,,,,,,,,,5.84429,0.52677,-0.89876,50,5.52794,-3.25384,-119.97816,-3.59861,8.63785,20.17198,-31.39546,GEO_PAT,DAY_FLY,SpuhlerFieldMain,D1,A10,20250315-SpuhlerFieldMain-2,7c104cf0-01ca-11f0-9269-ed641e036766,81.87658,,,5.54418,,,,,,,b0b8cc55-1461-41bf-b18a-f9f6bd8e04da,2025-03-15,18:22:41.70,2025-03-15T14:22:41.7060000-04:00,2025-03-15T18:22:41.7060000Z,,v3,471300,471281,15 March 2025 14:00-dayton@georgemas,"Raymond, Andrew",10148052,Right,GEO_PAT,47e4d8eb-d1e0-45c3-a654-8dec5681f4e5,54.89373,-120.79814,10.08599,5.64828,-2.3224,-15.69773,-0.75935,-3.60497,4.31893,,,,,,,,,,,,,,,,,,,,,,,,,,,,,,,,,,,,,,,,,,,,,,,,,,,High,High,High,,,,,
17,2025-03-15,14:23:03.13,3,9,"Cassedy, Brandon",1000183671,Right,GEO_PAT,"MacDougall, Ryan",1000268563,Left,DAY_FLY,Undefined,1,Top,2,3,2,Curveball,Curveball,InPlay,Undefined,FlyBall,Out,1,0,,75.59768,1.312054,1.010102,2574.838762,37.516136,7:15,5.64248,0.73802,5.76285,-61.832,-12.59949,-10.86048,1.71147,0.77327,69.58997,-9.962784,-0.940184,0.505007,96.78463,27.969546,8.743757,2414.246094,108.82855,56.36881,16.00725,355.65481,352.67959,7.41426,5.254716,5.88536,-6.48469,-0.8148,50,5.71292,-1.55188,-109.87238,0.56169,7.15565,20.4443,-40.0584,GEO_PAT,DAY_FLY,SpuhlerFieldMain,D1,A10,20250315-SpuhlerFieldMain-2,88d271c0-01ca-11f0-9269-ed641e036766,74.63746,84.18148,,6.00771,,,,3.1889,2.12319,-0.79582,b0b8cc55-1461-41bf-b18a-f9f6bd8e04da,2025-03-15,18:23:03.13,2025-03-15T14:23:03.1340000-04:00,2025-03-15T18:23:03.1340000Z,FlyBall,v3,471300,471281,15 March 2025 14:00-dayton@georgemas,"Raymond, Andrew",10148052,Right,GEO_PAT,d1d9d92a-e3ee-4883-9399-9faa1eabae0e,54.74428,-110.75165,10.22215,5.65172,2.28452,-20.0292,-0.74144,-1.85963,3.57783,184.094499,3.19254,123.84494,-26.3649,6.05495,-1.03373,0.11987,-0.00968,0.00079,-5E-05,2.12188,66.5889,-13.64647,-0.26613,0.29002,-0.12382,0.03402,-0.00474,0.00025,-0.79578,19.05753,-2.89493,0.11029,0.05938,-0.016,0.00151,2E-05,-1E-05,,,,,,,,,,,,,,,,,,,,,,,High,High,High,High,Medium,,,
18,2025-03-15,14:26:32.46,1,1,"Gatti, JJ",1000236662,Right,DAY_FLY,"Hueber, Toby",1000091691,Right,GEO_PAT,Undefined,1,Bottom,0,0,0,Fastball,Changeup,BallCalled,Undefined,Undefined,Undefined,0,0,,85.35561,-3.183304,-4.35071,2135.164722,216.688332,1:15,6.09895,0.86378,6.57046,-20.45029,16.87808,11.73465,1.46519,-2.15429,78.76861,-7.056031,-2.22543,0.439735,,,,,,,,,,,,-7.27996,10.03886,-0.56864,50,5.87024,8.98676,-123.70774,-7.429,-11.37286,22.8041,-16.49118,GEO_PAT,DAY_FLY,SpuhlerFieldMain,D1,A10,20250315-SpuhlerFieldMain-2,059783d0-01cb-11f0-9269-ed641e036766,85.7163,,,6.58699,,,,,,,b0b8cc55-1461-41bf-b18a-f9f6bd8e04da,2025-03-15,18:26:32.46,2025-03-15T14:26:32.4670000-04:00,2025-03-15T18:26:32.4670000Z,,v3,471300,471281,15 March 2025 14:00-dayton@georgemas,"MacDougall, Ryan",1000268563,Right,DAY_FLY,ea48221b-06bf-40e4-8775-3001318f65e9,53.93255,-124.43055,11.40205,6.09743,-6.90629,-8.24559,-0.8592,9.34723,-5.68643,,,,,,,,,,,,,,,,,,,,,,,,,,,,,,,,,,,,,,,,,,,,,,,,,,,High,High,High,,,,,
19,2025-03-15,14:26:51.40,1,2,"Gatti, JJ",1000236662,Right,DAY_FLY,"Hueber, Toby",1000091691,Right,GEO_PAT,Undefined,1,Bottom,0,1,0,Fastball,Changeup,BallCalled,Undefined,Undefined,Undefined,0,0,,85.28434,-1.520349,-4.197085,2141.923289,216.57556,1:15,6.14398,0.99097,6.51544,-20.87202,16.76473,11.54662,3.00541,-1.9052,78.01458,-5.498437,-2.108137,0.441548,,,,,,,,,,,,-7.20016,9.56957,-0.7024,50,6.02833,8.64642,-123.67518,-3.83103,-11.15821,24.53322,-17.34394,GEO_PAT,DAY_FLY,SpuhlerFieldMain,D1,A10,20250315-SpuhlerFieldMain-2,10e0c440-01cb-11f0-9269-ed641e036766,85.3644,,,7.26976,,,,,,,b0b8cc55-1461-41bf-b18a-f9f6bd8e04da,2025-03-15,18:26:51.40,2025-03-15T14:26:51.4060000-04:00,2025-03-15T18:26:51.4060000Z,,v3,471300,471281,15 March 2025 14:00-dayton@georgemas,"MacDougall, Ryan",1000268563,Right,DAY_FLY,d4422be2-005b-4e28-a666-77c1b39ed29a,53.98627,-124.46342,12.26661,6.14247,-3.27378,-8.67197,-0.98596,9.00493,-5.5791,,,,,,,,,,,,,,,,,,,,,,,,,,,,,,,,,,,,,,,,,,,,,,,,,,,High,High,High,,,,,
20,2025-03-15,14:27:10.06,1,3,"Gatti, JJ",1000236662,Right,DAY_FLY,"Hueber, Toby",1000091691,Right,GEO_PAT,Undefined,1,Bottom,0,2,0,Fastball,Four-Seam,FoulBallNotFieldable,Undefined,Undefined,Undefined,0,0,,85.09706,-1.813055,-2.915446,2075.696113,208.150163,1:00,6.1288,1.01701,6.5825,-19.02249,18.50899,9.27871,2.87925,-0.88405,78.07119,-5.45504,-1.231099,0.44093,70.27496,51.09215,88.011318,4559.55332,,,,,65.27991,,,-5.67689,10.58623,-0.82062,50,5.99599,5.95939,-123.59922,-4.38623,-8.80453,24.04079,-15.75545,GEO_PAT,DAY_FLY,SpuhlerFieldMain,D1,A10,20250315-SpuhlerFieldMain-2,1bfcda30-01cb-11f0-9269-ed641e036766,85.48404,74.21116,,7.02587,,,,,,,b0b8cc55-1461-41bf-b18a-f9f6bd8e04da,2025-03-15,18:27:10.06,2025-03-15T14:27:10.0690000-04:00,2025-03-15T18:27:10.0690000Z,,v3,471300,471281,15 March 2025 14:00-dayton@georgemas,"MacDougall, Ryan",1000268563,Right,DAY_FLY,e1a03957-c08c-4023-b11a-223039cd2e2f,53.91993,-124.35932,12.0204,6.1268,-3.88808,-7.87773,-1.01344,6.23776,-4.40226,,5.22912,2.24645,8.26811,-3.56709,1.0974,-0.29143,0.07048,-0.01524,0.0025,17.41167,80.20447,-23.84872,2.10837,-0.13972,-0.05726,0.03004,-0.00515,-0.00038,14.61459,64.69599,-17.82116,5.14691,-1.23144,0.26216,-0.05741,0.01858,-0.00528,,,,,,,,,,,,,,,,,,,,,,,High,High,High,Low,Undefined,,,
21,2025-03-15,14:27:30.63,1,4,"Gatti, JJ",1000236662,Right,DAY_FLY,"Hueber, Toby",1000091691,Right,GEO_PAT,Undefined,1,Bottom,0,2,1,Fastball,Four-Seam,FoulBallNotFieldable,Undefined,Undefined,Undefined,0,0,,86.1029,-1.697215,-1.248411,2125.448568,208.867202,1:00,6.0846,0.96859,6.65093,-18.11347,18.36221,9.50473,3.02087,0.61781,79.04276,-5.174101,0.482094,0.434683,68.94592,67.846015,142.769902,4720.06358,,,,,23.47907,,,-5.38634,10.50961,-0.88818,50,5.96258,2.39107,-125.23055,-4.15498,-8.57294,24.75611,-15.4468,GEO_PAT,DAY_FLY,SpuhlerFieldMain,D1,A10,20250315-SpuhlerFieldMain-2,283adae0-01cb-11f0-9269-ed641e036766,86.71238,52.50842,,7.06015,,,,2.08772,3.10403,-0.61154,b0b8cc55-1461-41bf-b18a-f9f6bd8e04da,2025-03-15,18:27:30.63,2025-03-15T14:27:30.6390000-04:00,2025-03-15T18:27:30.6390000Z,,v3,471300,471281,15 March 2025 14:00-dayton@georgemas,"MacDougall, Ryan",1000268563,Right,DAY_FLY,fe287e2a-88f1-4e01-a747-2a328d6c9f0d,53.8524,-125.9898,12.37805,6.08275,-3.68123,-7.7234,-0.96555,2.654,-4.28647,344.540661,2.08772,-30.36137,-5.69243,1.40102,-0.30461,0.07053,-0.01727,0.00439,-0.00084,3.10403,93.65518,-29.36618,4.21056,-0.96381,0.21629,-0.05143,0.01124,-0.00163,-0.61154,23.07068,-4.20268,0.94755,-0.19604,0.04549,-0.01071,0.00228,-0.00032,,,,,,,,,,,,,,,,,,,,,,,High,High,High,High,Undefined,,,
22,2025-03-15,14:27:52.51,1,5,"Gatti, JJ",1000236662,Right,DAY_FLY,"Hueber, Toby",1000091691,Right,GEO_PAT,Undefined,1,Bottom,0,2,2,Slider,Slider,BallCalled,Undefined,Undefined,Undefined,0,0,,77.23954,-0.43422,-1.37783,2298.376401,86.738947,9:00,6.02486,1.21511,5.82398,-46.84014,0.63346,-17.19088,1.71769,-1.49871,70.56382,-9.034573,-4.462226,0.495904,,,,,,,,,,,,8.35103,0.94087,-1.09218,50,5.96181,3.33148,-112.10229,-2.31077,10.48339,22.81989,-30.99295,GEO_PAT,DAY_FLY,SpuhlerFieldMain,D1,A10,20250315-SpuhlerFieldMain-2,3551fd80-01cb-11f0-9269-ed641e036766,76.00756,,,6.67572,,,,,,,b0b8cc55-1461-41bf-b18a-f9f6bd8e04da,2025-03-15,18:27:52.51,2025-03-15T14:27:52.5170000-04:00,2025-03-15T18:27:52.5170000Z,,v3,471300,471281,15 March 2025 14:00-dayton@georgemas,"MacDougall, Ryan",1000268563,Right,DAY_FLY,0b5b8ec7-9d23-48b8-9eb8-eda7132a7850,54.67853,-113.05066,11.40994,6.03108,-1.02274,-15.49648,-1.22158,2.8958,5.24169,,,,,,,,,,,,,,,,,,,,,,,,,,,,,,,,,,,,,,,,,,,,,,,,,,,High,High,High,,,,,
23,2025-03-15,14:28:10.82,1,6,"Gatti, JJ",1000236662,Right,DAY_FLY,"Hueber, Toby",1000091691,Right,GEO_PAT,Undefined,1,Bottom,0,3,2,Fastball,Four-Seam,InPlay,Undefined,GroundBall,Single,0,0,,86.31005,-2.389012,-1.940615,2075.248447,214.650156,1:15,6.15105,0.77926,6.57513,-18.41489,18.61371,11.94599,2.42414,-0.00472,78.07247,-5.946675,0.23067,0.437966,99.63552,-1.701014,-24.521456,,,,,38.79111,37.42823,-23.878655,0.257614,-6.9667,10.96536,-0.65087,50,5.97895,3.80986,-125.25768,-5.67837,-10.90658,28.74671,-15.00742,GEO_PAT,DAY_FLY,SpuhlerFieldMain,D1,A10,20250315-SpuhlerFieldMain-2,403417b0-01cb-11f0-9269-ed641e036766,86.06254,2.59668,,8.23758,,,,2.89847,2.59668,-0.05394,b0b8cc55-1461-41bf-b18a-f9f6bd8e04da,2025-03-15,18:28:10.82,2025-03-15T14:28:10.8260000-04:00,2025-03-15T18:28:10.8260000Z,GroundBall,v3,471300,471281,15 March 2025 14:00-dayton@georgemas,"MacDougall, Ryan",1000268563,Right,DAY_FLY,50ee88c7-7e0a-43ed-ade6-b0fb04cc82a1,53.9272,-126.15576,14.37336,6.14902,-5.20953,-7.50371,-0.77522,4.15059,-5.45329,57.96049,2.90171,132.72638,-24.50488,,,,,,,2.59947,-4.4818,-21.81255,,,,,,,-0.0527,-60.68743,-0.25953,,,,,,,,,,,,,,,,,,,,,,,,,,,,,High,High,High,High,High,,,
24,2025-03-15,14:28:54.06,2,1,"Gatti, JJ",1000236662,Right,DAY_FLY,"Hull, Owen",10054797,Left,GEO_PAT,Undefined,1,Bottom,0,0,0,Curveball,Curveball,BallCalled,Undefined,Undefined,Undefined,0,0,,65.76201,1.780638,1.1805,2154.957246,49.609583,7:45,6.04881,0.91206,5.69619,-76.72555,-11.15556,-15.64324,1.31537,0.70879,60.67586,-12.179631,-1.62756,0.582806,,,,,,,,,,,,8.33937,-5.62772,-1.0012,50,6.15035,-1.47098,-95.5114,0.83935,7.62197,16.16286,-37.31763,GEO_PAT,DAY_FLY,SpuhlerFieldMain,D1,A10,20250315-SpuhlerFieldMain-2,5a135290-01cb-11f0-9269-ed641e036766,64.67407,,,5.08616,,,,,,,b0b8cc55-1461-41bf-b18a-f9f6bd8e04da,2025-03-15,18:28:54.06,2025-03-15T14:28:54.0620000-04:00,2025-03-15T18:28:54.0620000Z,,v3,471300,471281,15 March 2025 14:00-dayton@georgemas,"MacDougall, Ryan",1000268563,Right,DAY_FLY,0e150d81-c569-4f75-a04e-36a733db6366,54.81115,-96.32212,8.08143,6.0613,2.71119,-18.65882,-0.91782,-1.8533,3.81098,,,,,,,,,,,,,,,,,,,,,,,,,,,,,,,,,,,,,,,,,,,,,,,,,,,High,High,High,,,,,
25,2025-03-15,14:29:16.21,2,2,"Gatti, JJ",1000236662,Right,DAY_FLY,"Hull, Owen",10054797,Left,GEO_PAT,Undefined,1,Bottom,0,1,0,Fastball,Four-Seam,InPlay,Undefined,LineDrive,Single,0,0,,86.02888,-1.369624,-2.76584,2149.761497,213.613649,1:00,6.16423,1.27636,6.40657,-17.82828,19.43513,12.08386,3.41739,-0.26198,78.18622,-4.807402,-0.579087,0.439352,84.8665,19.515882,-23.351635,3136.052382,96.97365,29.44425,-51.92342,250.70059,250.57643,-34.616799,2.914203,-7.14363,10.93154,-1.08343,50,6.05767,5.57487,-124.86863,-3.4309,-11.2054,26.67317,-15.02702,GEO_PAT,DAY_FLY,SpuhlerFieldMain,D1,A10,20250315-SpuhlerFieldMain-2,67341220-01cb-11f0-9269-ed641e036766,85.79096,30.57196,,7.84267,,,,1.05875,3.40878,0.25583,b0b8cc55-1461-41bf-b18a-f9f6bd8e04da,2025-03-15,18:29:16.21,2025-03-15T14:29:16.2190000-04:00,2025-03-15T18:29:16.2190000Z,LineDrive,v3,471300,471281,15 March 2025 14:00-dayton@georgemas,"MacDougall, Ryan",1000268563,Right,DAY_FLY,aff4f126-5fe7-4f6e-8bb4-412780b2d655,54.09513,-125.74035,13.33658,6.16178,-2.9398,-7.51351,-1.27161,5.94107,-5.6027,118.937115,1.05876,107.70896,-20.96574,4.65377,-0.91889,0.10311,0.01055,-0.00697,0.00093,3.40874,41.58381,-17.07194,0.95787,-0.11053,0.06813,-0.03675,0.01066,-0.00119,0.25584,-46.50273,-3.84369,2.26278,-0.76225,0.19392,-0.03884,0.00516,-0.00033,,,,,,,,,,,,,,,,,,,,,,,High,High,High,High,High,,,
26,2025-03-15,14:29:53.44,3,1,"Gatti, JJ",1000236662,Right,DAY_FLY,"Quinn-Irons, Jaime",1000216379,Right,GEO_PAT,Undefined,1,Bottom,0,0,0,Slider,Curveball,StrikeCalled,Undefined,Undefined,Undefined,0,0,,73.5868,-0.372793,-1.768054,2222.723773,110.880531,9:45,6.05787,1.2667,5.75979,-46.02912,5.62,-10.71099,1.87492,-1.27219,68.17971,-8.801068,-3.68643,0.517253,,,,,,,,,,,,5.00429,3.43209,-1.11343,50,5.99884,3.67311,-106.91076,-2.05673,5.81203,17.83263,-28.18799,GEO_PAT,DAY_FLY,SpuhlerFieldMain,D1,A10,20250315-SpuhlerFieldMain-2,7d6cb330-01cb-11f0-9269-ed641e036766,72.87044,,,5.4071,,,,,,,b0b8cc55-1461-41bf-b18a-f9f6bd8e04da,2025-03-15,18:29:53.44,2025-03-15T14:29:53.4420000-04:00,2025-03-15T18:29:53.4420000Z,,v3,471300,471281,15 March 2025 14:00-dayton@georgemas,"MacDougall, Ryan",1000268563,Right,DAY_FLY,7ed7739d-d5e3-4cee-bafb-a068d1f6e9d8,54.74326,-107.69903,8.91632,6.06221,-0.81073,-14.094,-1.27012,3.41619,2.90602,,,,,,,,,,,,,,,,,,,,,,,,,,,,,,,,,,,,,,,,,,,,,,,,,,,High,High,High,,,,,
27,2025-03-15,14:30:11.46,3,2,"Gatti, JJ",1000236662,Right,DAY_FLY,"Quinn-Irons, Jaime",1000216379,Right,GEO_PAT,Undefined,1,Bottom,0,0,1,Fastball,Four-Seam,StrikeSwinging,Undefined,Undefined,Undefined,0,0,,87.95309,-2.452429,-2.709631,2224.824072,201.610222,12:45,6.20869,1.07875,6.29134,-13.94977,22.18604,8.26611,2.78222,-0.73138,79.32992,-5.189075,-1.217373,0.432654,,,,,,,,,,,,-5.11835,12.64367,-0.8827,50,6.0207,5.69232,-127.42646,-5.76344,-8.29958,29.55479,-11.6719,GEO_PAT,DAY_FLY,SpuhlerFieldMain,D1,A10,20250315-SpuhlerFieldMain-2,88058f60-01cb-11f0-9269-ed641e036766,87.11921,,,8.62317,,,,,,,b0b8cc55-1461-41bf-b18a-f9f6bd8e04da,2025-03-15,18:30:11.46,2025-03-15T14:30:11.4610000-04:00,2025-03-15T18:30:11.4610000Z,,v3,471300,471281,15 March 2025 14:00-dayton@georgemas,"MacDougall, Ryan",1000268563,Right,DAY_FLY,0bd3225b-f186-426b-a6e0-779f4a1151bb,54.20711,-128.39853,14.7774,6.20395,-5.37954,-5.83595,-1.07442,5.96529,-4.14979,,,,,,,,,,,,,,,,,,,,,,,,,,,,,,,,,,,,,,,,,,,,,,,,,,,High,High,High,,,,,
28,2025-03-15,14:30:31.30,3,3,"Gatti, JJ",1000236662,Right,DAY_FLY,"Quinn-Irons, Jaime",1000216379,Right,GEO_PAT,Undefined,1,Bottom,0,0,2,Slider,Changeup,BallinDirt,Undefined,Undefined,Undefined,0,0,,77.9784,-3.390235,-3.590412,2082.148721,258.015166,2:30,5.95138,0.96608,6.73175,-40.07227,4.59709,15.06481,-0.49596,-1.06403,72.21462,-10.819479,-0.84014,0.481035,,,,,,,,,,,,-9.10595,3.72496,-0.73486,50,5.7113,6.63577,-113.11946,-7.75421,-11.79213,20.74368,-27.35025,GEO_PAT,DAY_FLY,SpuhlerFieldMain,D1,A10,20250315-SpuhlerFieldMain-2,93f4d3d0-01cb-11f0-9269-ed641e036766,78.35702,,,5.76378,,,,,,,b0b8cc55-1461-41bf-b18a-f9f6bd8e04da,2025-03-15,18:30:31.30,2025-03-15T14:30:31.3050000-04:00,2025-03-15T18:30:31.3050000Z,,v3,471300,471281,15 March 2025 14:00-dayton@georgemas,"MacDougall, Ryan",1000268563,Right,DAY_FLY,4e9ea9f1-e2f1-4b30-ae20-22c3167f9810,53.7738,-113.80939,10.37184,5.95408,-6.84455,-13.67512,-0.96209,7.02797,-5.89606,,,,,,,,,,,,,,,,,,,,,,,,,,,,,,,,,,,,,,,,,,,,,,,,,,,High,High,High,,,,,
29,2025-03-15,14:31:00.31,3,4,"Gatti, JJ",1000236662,Right,DAY_FLY,"Quinn-Irons, Jaime",1000216379,Right,GEO_PAT,Undefined,1,Bottom,0,1,2,ChangeUp,Changeup,BallCalled,Undefined,Undefined,Undefined,0,0,,76.90865,-2.283779,-2.950702,1987.667137,233.304294,1:45,5.92529,0.90546,6.76163,-34.00927,11.59134,13.67485,1.0014,-0.65241,71.09582,-8.661714,-0.45515,0.486023,,,,,,,,,,,,-8.08922,7.1752,-0.71717,50,5.76243,5.33553,-111.73591,-5.3006,-10.25994,19.5184,-23.07341,GEO_PAT,DAY_FLY,SpuhlerFieldMain,D1,A10,20250315-SpuhlerFieldMain-2,a53bbd70-01cb-11f0-9269-ed641e036766,77.55281,,,5.81283,,,,,,,b0b8cc55-1461-41bf-b18a-f9f6bd8e04da,2025-03-15,18:31:00.31,2025-03-15T14:31:00.3120000-04:00,2025-03-15T18:31:00.3120000Z,,v3,471300,471281,15 March 2025 14:00-dayton@georgemas,"MacDougall, Ryan",1000268563,Right,DAY_FLY,2102a75d-1a51-42d7-aa61-a176f7be92cb,53.7422,-112.38771,9.7592,5.92657,-4.53009,-11.5367,-0.90107,5.67815,-5.12997,,,,,,,,,,,,,,,,,,,,,,,,,,,,,,,,,,,,,,,,,,,,,,,,,,,High,High,High,,,,,
30,2025-03-15,14:31:24.12,3,5,"Gatti, JJ",1000236662,Right,DAY_FLY,"Quinn-Irons, Jaime",1000216379,Right,GEO_PAT,Undefined,1,Bottom,0,2,2,Fastball,Four-Seam,StrikeCalled,Strikeout,Undefined,Undefined,0,0,,89.77788,-2.377467,-3.271633,2261.081814,217.323805,1:15,6.15507,1.01753,6.46865,-16.66489,17.48115,12.45698,2.57787,-0.95256,81.75132,-5.582289,-1.015794,0.420573,,,,,,,,,,,,-7.45823,10.1752,-0.79162,50,5.97933,6.95014,-130.20534,-5.84335,-12.74554,28.49725,-14.78541,GEO_PAT,DAY_FLY,SpuhlerFieldMain,D1,A10,20250315-SpuhlerFieldMain-2,b368bce0-01cb-11f0-9269-ed641e036766,89.62156,,,8.02656,,,,,,,b0b8cc55-1461-41bf-b18a-f9f6bd8e04da,2025-03-15,18:31:24.12,2025-03-15T14:31:24.1220000-04:00,2025-03-15T18:31:24.1220000Z,,v3,471300,471281,15 March 2025 14:00-dayton@georgemas,"MacDougall, Ryan",1000268563,Right,DAY_FLY,91ea0c43-1984-42f0-ad85-a33125a1c033,54.03286,-131.08501,14.24863,6.15267,-5.38694,-7.39271,-1.01223,7.34358,-6.37277,,,,,,,,,,,,,,,,,,,,,,,,,,,,,,,,,,,,,,,,,,,,,,,,,,,High,High,High,,,,,
31,2025-03-15,14:31:57.14,4,1,"Gatti, JJ",1000236662,Right,DAY_FLY,"Butler, Jake",1000176047,Right,GEO_PAT,Undefined,1,Bottom,1,0,0,Fastball,Sinker,StrikeCalled,Undefined,Undefined,Undefined,0,0,,88.73006,-2.290293,-2.365119,2131.41208,234.244835,1:45,6.10822,1.12127,6.4309,-21.45836,13.53233,17.16434,2.21203,0.37654,80.85559,-6.3596,0.746786,0.425743,,,,,,,,,,,,-9.68827,8.1026,-0.96018,50,5.93514,4.65256,-128.79852,-5.7662,-16.17195,28.32585,-18.64899,GEO_PAT,DAY_FLY,SpuhlerFieldMain,D1,A10,20250315-SpuhlerFieldMain-2,c718de50-01cb-11f0-9269-ed641e036766,88.5333,,,7.87447,,,,,,,b0b8cc55-1461-41bf-b18a-f9f6bd8e04da,2025-03-15,18:31:57.14,2025-03-15T14:31:57.1470000-04:00,2025-03-15T18:31:57.1470000Z,,v3,471300,471281,15 March 2025 14:00-dayton@georgemas,"MacDougall, Ryan",1000268563,Right,DAY_FLY,8490d05f-3c90-4243-815c-84ee894c88a3,54.07167,-129.69088,14.16293,6.10755,-5.17869,-9.32449,-1.11478,5.16203,-8.08597,,,,,,,,,,,,,,,,,,,,,,,,,,,,,,,,,,,,,,,,,,,,,,,,,,,High,High,High,,,,,
32,2025-03-15,14:32:14.60,4,2,"Gatti, JJ",1000236662,Right,DAY_FLY,"Butler, Jake",1000176047,Right,GEO_PAT,Undefined,1,Bottom,1,0,1,Fastball,Four-Seam,StrikeSwinging,Undefined,Undefined,Undefined,0,0,,89.043,-2.907822,-2.494167,2272.660273,205.881697,12:45,6.09628,0.97394,6.55178,-13.02741,21.83119,9.98209,2.3393,-0.48287,80.46242,-5.477904,-0.68244,0.424939,,,,,,,,,,,,-6.00756,12.72327,-0.80533,50,5.88903,5.23095,-129.08341,-6.82493,-10.00561,30.10331,-10.98348,GEO_PAT,DAY_FLY,SpuhlerFieldMain,D1,A10,20250315-SpuhlerFieldMain-2,d1821f00-01cb-11f0-9269-ed641e036766,88.70086,,,8.58058,,,,,,,b0b8cc55-1461-41bf-b18a-f9f6bd8e04da,2025-03-15,18:32:14.60,2025-03-15T14:32:14.6020000-04:00,2025-03-15T18:32:14.6020000Z,,v3,471300,471281,15 March 2025 14:00-dayton@georgemas,"MacDougall, Ryan",1000268563,Right,DAY_FLY,4ca5e21f-d212-4017-b6c3-2f52af2d0760,53.94832,-130.00093,15.05166,6.09194,-6.49016,-5.49174,-0.96941,5.53591,-5.0028,,,,,,,,,,,,,,,,,,,,,,,,,,,,,,,,,,,,,,,,,,,,,,,,,,,High,High,High,,,,,
33,2025-03-15,14:32:33.44,4,3,"Gatti, JJ",1000236662,Right,DAY_FLY,"Butler, Jake",1000176047,Right,GEO_PAT,Undefined,1,Bottom,1,0,2,Fastball,Sinker,FoulBallNotFieldable,Undefined,Undefined,Undefined,0,0,,88.60547,-1.423221,-2.939224,2274.020482,231.753156,1:45,6.18434,0.9316,6.45352,-20.23088,14.80143,17.29631,3.18887,-0.32979,80.64304,-5.282452,0.194678,0.425996,65.22045,57.574325,83.170933,5784.696562,-14.92145,68.60609,108.98323,149.19284,64.08065,99.060869,4.496701,-9.92831,8.5089,-0.73069,50,6.07424,5.93478,-128.63302,-3.75809,-16.5421,28.07254,-17.99688,GEO_PAT,DAY_FLY,SpuhlerFieldMain,D1,A10,20250315-SpuhlerFieldMain-2,dcbc9260-01cb-11f0-9269-ed641e036766,88.4807,82.3235,,7.96243,,,,2.10384,3.44783,0.4801,b0b8cc55-1461-41bf-b18a-f9f6bd8e04da,2025-03-15,18:32:33.44,2025-03-15T14:32:33.4400000-04:00,2025-03-15T18:32:33.4400000Z,Popup,v3,471300,471281,15 March 2025 14:00-dayton@georgemas,"MacDougall, Ryan",1000268563,Right,DAY_FLY,60e72d70-84c9-4702-9e53-f183416d9825,54.04912,-129.51367,14.03627,6.18327,-3.19352,-8.99844,-0.925,6.45372,-8.27105,,2.1249,5.5358,-6.49263,-2.31457,4.8347,-2.83995,0.82666,-0.11923,0.00678,3.43523,81.00918,-25.50292,4.19062,-1.6246,0.47362,-0.06835,0.00255,0.00018,0.48419,50.78537,-8.32515,0.28801,1.65312,-1.10565,0.33973,-0.05081,0.00298,,,,,,,,,,,,,,,,,,,,,,,High,High,High,Medium,Low,,,
34,2025-03-15,14:34:30.70,4,4,"Gatti, JJ",1000236662,Right,DAY_FLY,"Butler, Jake",1000176047,Right,GEO_PAT,Undefined,1,Bottom,1,0,2,Fastball,Sinker,FoulBallNotFieldable,Undefined,Undefined,Undefined,0,0,,89.02772,-0.894907,-2.087032,2196.648322,229.005763,1:45,6.25538,0.81927,6.51383,-20.45485,14.12324,14.93513,3.72895,0.14778,81.01367,-4.799542,0.624177,0.423226,61.66144,55.034468,144.370951,4876.016355,-99.11739,54.64604,47.70474,159.06741,48.45644,155.90803,3.619984,-8.4826,8.01426,-0.67986,50,6.1839,4.14248,-129.36055,-2.58692,-14.28477,28.5468,-18.67799,GEO_PAT,DAY_FLY,SpuhlerFieldMain,D1,A10,20250315-SpuhlerFieldMain-2,229e9620-01cc-11f0-9269-ed641e036766,89.05993,62.44062,,8.01405,,,,1.37931,3.75982,-0.14358,b0b8cc55-1461-41bf-b18a-f9f6bd8e04da,2025-03-15,18:34:30.70,2025-03-15T14:34:30.7010000-04:00,2025-03-15T18:34:30.7010000Z,Popup,v3,471300,471281,15 March 2025 14:00-dayton@georgemas,"MacDougall, Ryan",1000268563,Right,DAY_FLY,b548b732-8357-4b36-9481-605143f0c97b,53.98887,-130.23782,14.2734,6.25458,-2.01293,-9.339,-0.8139,4.58146,-7.14239,329.97257,1.38053,-42.16885,-2.1963,0.95101,0.50196,-0.54138,0.20374,-0.03522,0.00232,3.75981,74.11533,-27.48695,3.3842,-0.79832,0.26771,-0.09771,0.02061,-0.00169,-0.14344,30.18825,-7.2997,1.96965,-0.39444,0.09977,-0.0409,0.01023,-0.00094,,,,,,,,,,,,,,,,,,,,,,,High,High,High,High,Low,,,
35,2025-03-15,14:34:52.71,4,5,"Gatti, JJ",1000236662,Right,DAY_FLY,"Butler, Jake",1000176047,Right,GEO_PAT,Undefined,1,Bottom,1,0,2,Slider,Slider,FoulBallNotFieldable,Undefined,Undefined,Undefined,0,0,,78.20092,-1.788391,-0.729621,2355.551005,112.202616,9:45,6.15343,1.14554,5.83632,-38.95329,7.30674,-14.00505,1.24432,-0.69977,71.43865,-8.968632,-3.244763,0.489524,,,,,,,,,,,,6.98059,4.73996,-1.07752,50,5.98459,1.95886,-113.46474,-4.7291,8.99045,23.0989,-26.06935,GEO_PAT,DAY_FLY,SpuhlerFieldMain,D1,A10,20250315-SpuhlerFieldMain-2,2fc940c0-01cc-11f0-9269-ed641e036766,76.99807,,,6.76227,,,,,,,b0b8cc55-1461-41bf-b18a-f9f6bd8e04da,2025-03-15,18:34:52.71,2025-03-15T14:34:52.7110000-04:00,2025-03-15T18:34:52.7110000Z,,v3,471300,471281,15 March 2025 14:00-dayton@georgemas,"MacDougall, Ryan",1000268563,Right,DAY_FLY,170557ef-5cd4-4e7a-a1c6-20d25514cf95,54.66584,-114.41066,11.54945,6.15639,-3.66154,-13.03468,-1.1502,1.5907,4.49522,,,,,,,,,,,,,,,,,,,,,,,,,,,,,,,,,,,,,,,,,,,,,,,,,,,High,High,High,,,,,
36,2025-03-15,14:35:17.52,4,6,"Gatti, JJ",1000236662,Right,DAY_FLY,"Butler, Jake",1000176047,Right,GEO_PAT,Undefined,1,Bottom,1,0,2,Fastball,Four-Seam,BallCalled,Undefined,Undefined,Undefined,0,0,,89.0861,-1.143564,-3.167909,2260.833337,214.49349,1:15,6.22582,1.01147,6.33435,-16.43985,19.39099,12.28678,3.80107,-0.88468,78.75424,-4.378594,-0.948881,0.430824,,,,,,,,,,,,-7.48733,10.87127,-0.78534,50,6.13435,6.60638,-128.85249,-2.95604,-12.16486,35.14917,-14.51123,GEO_PAT,DAY_FLY,SpuhlerFieldMain,D1,A10,20250315-SpuhlerFieldMain-2,3e6a85d0-01cc-11f0-9269-ed641e036766,87.4892,,,10.33186,,,,,,,b0b8cc55-1461-41bf-b18a-f9f6bd8e04da,2025-03-15,18:35:17.52,2025-03-15T14:35:17.5230000-04:00,2025-03-15T18:35:17.5230000Z,,v3,471300,471281,15 March 2025 14:00-dayton@georgemas,"MacDougall, Ryan",1000268563,Right,DAY_FLY,833ae417-2944-482a-ab58-6848e58fc91e,54.16032,-129.98241,17.57459,6.22188,-2.48955,-7.25562,-1.004,6.99744,-6.08243,,,,,,,,,,,,,,,,,,,,,,,,,,,,,,,,,,,,,,,,,,,,,,,,,,,High,High,High,,,,,
37,2025-03-15,14:35:40.19,4,7,"Gatti, JJ",1000236662,Right,DAY_FLY,"Butler, Jake",1000176047,Right,GEO_PAT,Undefined,1,Bottom,1,1,2,Fastball,Sinker,FoulBallNotFieldable,Undefined,Undefined,Undefined,0,0,,88.9088,-2.817227,-3.079658,2296.442797,224.020272,1:30,6.26454,1.06472,6.34903,-19.43938,16.22934,14.32111,2.04532,-0.57961,79.55253,-6.556252,-0.490188,0.429848,76.86231,46.891419,68.951115,5236.633129,18.56075,77.42194,108.42263,201.98447,97.89618,87.466691,4.277651,-8.51756,9.83016,-0.84715,50,6.05038,6.34029,-128.65852,-6.86275,-13.92382,32.84439,-16.10449,GEO_PAT,DAY_FLY,SpuhlerFieldMain,D1,A10,20250315-SpuhlerFieldMain-2,4c07ef70-01cc-11f0-9269-ed641e036766,87.68776,77.97727,,9.35628,,,,1.46924,1.73531,0.55525,b0b8cc55-1461-41bf-b18a-f9f6bd8e04da,2025-03-15,18:35:40.19,2025-03-15T14:35:40.1910000-04:00,2025-03-15T18:35:40.1910000Z,FlyBall,v3,471300,471281,15 March 2025 14:00-dayton@georgemas,"MacDougall, Ryan",1000268563,Right,DAY_FLY,6669c1a9-ea8d-4b88-a094-4098d9a7443d,54.15,-129.71362,16.4222,6.26253,-6.34541,-8.05224,-1.05801,6.78758,-6.96191,,1.48375,27.36453,-15.65607,3.94412,-0.43364,0.13203,-0.12422,0.03654,-0.00332,1.71889,82.72439,-28.80314,7.35223,-4.72708,2.31942,-0.66424,0.09852,-0.00585,0.54176,72.25245,-10.76773,4.82684,-3.78879,2.02317,-0.60747,0.09287,-0.00562,,,,,,,,,,,,,,,,,,,,,,,High,High,High,Medium,Low,,,
38,2025-03-15,14:36:11.02,4,8,"Gatti, JJ",1000236662,Right,DAY_FLY,"Butler, Jake",1000176047,Right,GEO_PAT,Undefined,1,Bottom,1,1,2,Curveball,Curveball,BallCalled,Undefined,Undefined,Undefined,0,0,,67.85689,0.377389,-1.248695,2235.725327,29.278418,7:00,6.06457,0.6648,5.81963,-80.08654,-17.44324,-11.13997,-0.25832,-1.42475,61.7807,-14.191145,-3.25886,0.569651,,,,,,,,,,,,5.30473,-8.68115,-0.5556,50,6.04742,2.49743,-98.42735,-1.58822,5.02039,20.75186,-40.38987,GEO_PAT,DAY_FLY,SpuhlerFieldMain,D1,A10,20250315-SpuhlerFieldMain-2,5e7a60c0-01cc-11f0-9269-ed641e036766,66.16763,,,6.07619,,,,,,,b0b8cc55-1461-41bf-b18a-f9f6bd8e04da,2025-03-15,18:36:11.02,2025-03-15T14:36:11.0240000-04:00,2025-03-15T18:36:11.0240000Z,,v3,471300,471281,15 March 2025 14:00-dayton@georgemas,"MacDougall, Ryan",1000268563,Right,DAY_FLY,591700ae-53b6-4a25-b140-c712651b293f,54.68702,-99.41062,10.37593,6.07734,0.32555,-20.19494,-0.6683,2.25956,2.51019,,,,,,,,,,,,,,,,,,,,,,,,,,,,,,,,,,,,,,,,,,,,,,,,,,,High,High,High,,,,,
39,2025-03-15,14:36:36.96,4,9,"Gatti, JJ",1000236662,Right,DAY_FLY,"Butler, Jake",1000176047,Right,GEO_PAT,Undefined,1,Bottom,1,2,2,Slider,Slider,StrikeSwinging,Strikeout,Undefined,Undefined,0,0,,76.03338,-0.345737,-1.372465,2328.328041,102.563557,9:30,6.03976,1.26637,5.63581,-43.70924,5.95004,-18.63777,2.07465,-1.56754,68.94697,-8.396575,-4.702238,0.507191,,,,,,,,,,,,8.98178,3.66512,-1.1375,50,5.98279,3.34151,-110.2193,-2.01552,10.83391,23.14448,-27.75315,GEO_PAT,DAY_FLY,SpuhlerFieldMain,D1,A10,20250315-SpuhlerFieldMain-2,6deead40-01cc-11f0-9269-ed641e036766,74.31607,,,7.08641,,,,,,,b0b8cc55-1461-41bf-b18a-f9f6bd8e04da,2025-03-15,18:36:36.96,2025-03-15T14:36:36.9620000-04:00,2025-03-15T18:36:36.9620000Z,,v3,471300,471281,15 March 2025 14:00-dayton@georgemas,"MacDougall, Ryan",1000268563,Right,DAY_FLY,aa0a0119-7653-437a-96e3-344b8945b89e,54.8647,-111.23613,11.57224,6.04455,-0.79621,-13.87658,-1.27385,2.86553,5.41696,,,,,,,,,,,,,,,,,,,,,,,,,,,,,,,,,,,,,,,,,,,,,,,,,,,High,High,High,,,,,
40,,,5,1,"Gatti, JJ",1000236662,Right,DAY_FLY,"Raymond, Andrew",10148052,Left,GEO_PAT,Undefined,1,Bottom,2,3,0,Other,,BallCalled,Walk,Undefined,Undefined,0,0,ib00,,,,,,,,,,,,,,,,,,,,,,,,,,,,,,,,,,,,,,,,,GEO_PAT,DAY_FLY,SpuhlerFieldMain,D1,A10,20250315-SpuhlerFieldMain-2,7f568c60-01cc-11f0-9269-ed641e036766,,,,,,,,,,,b0b8cc55-1461-41bf-b18a-f9f6bd8e04da,,,,,,v3,471300,471281,15 March 2025 14:00-dayton@georgemas,"MacDougall, Ryan",1000268563,Right,DAY_FLY,,,,,,,,,,,,,,,,,,,,,,,,,,,,,,,,,,,,,,,,,,,,,,,,,,,,,,,,,,,,,,,,,,,,
41,2025-03-15,14:37:27.16,6,1,"Gatti, JJ",1000236662,Right,DAY_FLY,"Alberti, Lucas",1000145512,Right,GEO_PAT,Undefined,1,Bottom,2,0,0,Slider,Curveball,StrikeCalled,Undefined,Undefined,Undefined,0,0,,75.67356,-0.744438,-0.486984,2191.605809,143.942414,10:45,6.03677,1.2744,5.80495,-36.20089,12.83457,-8.19,2.3276,0.13897,69.39431,-7.457169,-1.955632,0.503995,,,,,,,,,,,,4.08386,7.22489,-1.22928,50,5.954,1.22279,-109.90851,-2.47285,4.97763,20.12749,-23.36794,GEO_PAT,DAY_FLY,SpuhlerFieldMain,D1,A10,20250315-SpuhlerFieldMain-2,8bd84cd0-01cc-11f0-9269-ed641e036766,74.78728,,,6.27924,,,,,,,b0b8cc55-1461-41bf-b18a-f9f6bd8e04da,2025-03-15,18:37:27.16,2025-03-15T14:37:27.1660000-04:00,2025-03-15T18:37:27.1660000Z,,v3,471300,471281,15 March 2025 14:00-dayton@georgemas,"MacDougall, Ryan",1000268563,Right,DAY_FLY,5f5344dd-5e97-4f72-9683-67abdf1ff303,54.69748,-110.76541,10.06375,6.0381,-1.47798,-11.68397,-1.27683,1.01088,2.48882,,,,,,,,,,,,,,,,,,,,,,,,,,,,,,,,,,,,,,,,,,,,,,,,,,,High,High,High,,,,,
42,2025-03-15,14:37:47.54,6,2,"Gatti, JJ",1000236662,Right,DAY_FLY,"Alberti, Lucas",1000145512,Right,GEO_PAT,Undefined,1,Bottom,2,0,1,Slider,Slider,FoulBallNotFieldable,Undefined,Undefined,Undefined,0,0,,76.54593,-0.653889,-1.162331,2336.798289,103.915253,9:30,6.09056,1.23826,5.55068,-43.29254,4.97382,-14.07253,1.87164,-1.02079,70.61674,-8.561725,-3.674267,0.500027,,,,,,,,,,,,6.82418,3.13528,-1.12801,50,6.00523,2.77921,-111.17004,-2.64255,8.53636,20.01101,-28.25214,GEO_PAT,DAY_FLY,SpuhlerFieldMain,D1,A10,20250315-SpuhlerFieldMain-2,97f7f010-01cc-11f0-9269-ed641e036766,75.38075,,,5.92919,,,,,,,b0b8cc55-1461-41bf-b18a-f9f6bd8e04da,2025-03-15,18:37:47.54,2025-03-15T14:37:47.5440000-04:00,2025-03-15T18:37:47.5440000Z,,v3,471300,471281,15 March 2025 14:00-dayton@georgemas,"MacDougall, Ryan",1000268563,Right,DAY_FLY,2b28b211-b256-42f0-aafc-18f5708a06ca,54.95253,-112.05796,10.00551,6.09467,-1.38895,-14.12607,-1.24292,2.40043,4.26818,,,,,,,,,,,,,,,,,,,,,,,,,,,,,,,,,,,,,,,,,,,,,,,,,,,High,High,High,,,,,
43,2025-03-15,14:38:05.61,6,3,"Gatti, JJ",1000236662,Right,DAY_FLY,"Alberti, Lucas",1000145512,Right,GEO_PAT,Undefined,1,Bottom,2,0,2,Slider,Slider,BallCalled,Undefined,Undefined,Undefined,0,0,,78.03199,-0.400308,-1.534052,2342.553291,108.735839,9:30,6.01699,1.07025,5.6469,-40.05053,6.11937,-13.96564,2.30589,-1.52489,72.05158,-7.73914,-4.029098,0.489047,,,,,,,,,,,,6.69382,3.63473,-0.93089,50,5.95743,3.56021,-113.35538,-2.06305,8.72969,20.27253,-27.43382,GEO_PAT,DAY_FLY,SpuhlerFieldMain,D1,A10,20250315-SpuhlerFieldMain-2,a2c019a0-01cc-11f0-9269-ed641e036766,77.07318,,,5.9804,,,,,,,b0b8cc55-1461-41bf-b18a-f9f6bd8e04da,2025-03-15,18:38:05.61,2025-03-15T14:38:05.6140000-04:00,2025-03-15T18:38:05.6140000Z,,v3,471300,471281,15 March 2025 14:00-dayton@georgemas,"MacDougall, Ryan",1000268563,Right,DAY_FLY,d27f30d9-86e9-438e-a93c-6e026c17132c,54.85623,-114.22056,10.13626,6.0205,-0.89223,-13.71691,-1.07488,3.18764,4.36484,,,,,,,,,,,,,,,,,,,,,,,,,,,,,,,,,,,,,,,,,,,,,,,,,,,High,High,High,,,,,
44,2025-03-15,14:38:28.44,6,4,"Gatti, JJ",1000236662,Right,DAY_FLY,"Alberti, Lucas",1000145512,Right,GEO_PAT,Undefined,1,Bottom,2,1,2,Slider,Slider,BallCalled,Undefined,Undefined,Undefined,0,0,,77.23513,-1.684112,-2.096025,2358.663591,77.210268,8:30,6.11577,0.98895,5.70092,-50.02428,-2.23831,-16.9456,0.3762,-2.37728,70.90815,-10.776191,-5.131435,0.497533,,,,,,,,,,,,8.04886,-0.21724,-0.80192,50,5.94289,4.71528,-112.0149,-4.8811,10.0792,22.95268,-32.44608,GEO_PAT,DAY_FLY,SpuhlerFieldMain,D1,A10,20250315-SpuhlerFieldMain-2,b058a140-01cc-11f0-9269-ed641e036766,75.75871,,,6.32698,,,,,,,b0b8cc55-1461-41bf-b18a-f9f6bd8e04da,2025-03-15,18:38:28.44,2025-03-15T14:38:28.4420000-04:00,2025-03-15T18:38:28.4420000Z,,v3,471300,471281,15 March 2025 14:00-dayton@georgemas,"MacDougall, Ryan",1000268563,Right,DAY_FLY,e575c865-e915-4328-9954-c1f0cdf4e4c9,54.80342,-112.99487,11.47634,6.12172,-3.49581,-16.22304,-0.99405,4.28494,5.0396,,,,,,,,,,,,,,,,,,,,,,,,,,,,,,,,,,,,,,,,,,,,,,,,,,,High,High,High,,,,,
45,2025-03-15,14:39:32.99,6,5,"Gatti, JJ",1000236662,Right,DAY_FLY,"Alberti, Lucas",1000145512,Right,GEO_PAT,Undefined,1,Bottom,2,2,2,Slider,Slider,BallCalled,Undefined,Undefined,Undefined,0,0,,77.96431,-1.534714,-0.269928,2354.622173,81.522763,8:45,6.05021,1.18935,5.78393,-47.65601,-1.06185,-17.653,0.65059,-0.53288,71.48994,-10.241,-3.442241,0.491289,,,,,,,,,,,,9.03697,0.30457,-1.15594,50,5.8946,1.17292,-113.19087,-4.53358,11.57669,23.08794,-31.78387,GEO_PAT,DAY_FLY,SpuhlerFieldMain,D1,A10,20250315-SpuhlerFieldMain-2,d6d00ac0-01cc-11f0-9269-ed641e036766,76.72151,,,6.47438,,,,,,,b0b8cc55-1461-41bf-b18a-f9f6bd8e04da,2025-03-15,18:39:32.99,2025-03-15T14:39:32.9940000-04:00,2025-03-15T18:39:32.9940000Z,,v3,471300,471281,15 March 2025 14:00-dayton@georgemas,"MacDougall, Ryan",1000268563,Right,DAY_FLY,0f7d78eb-0a31-45f8-b2f1-6dda956f0561,54.72065,-114.1497,11.54397,6.05547,-3.21362,-15.89194,-1.19467,0.69215,5.78835,,,,,,,,,,,,,,,,,,,,,,,,,,,,,,,,,,,,,,,,,,,,,,,,,,,High,High,High,,,,,
46,2025-03-15,14:39:51.96,6,6,"Gatti, JJ",1000236662,Right,DAY_FLY,"Alberti, Lucas",1000145512,Right,GEO_PAT,Undefined,1,Bottom,2,3,2,Fastball,Sinker,BallCalled,Walk,Undefined,Undefined,0,0,,87.90363,-4.794696,-2.664619,2209.105074,222.766283,1:30,6.16756,0.68946,6.56693,-20.11493,15.32276,13.11745,0.08068,-0.662,80.82031,-8.588888,-0.280341,0.428454,,,,,,,,,,,,-7.72115,9.75615,-0.5115,50,5.82779,5.4532,-127.34297,-11.2371,-12.68097,26.10303,-16.1508,GEO_PAT,DAY_FLY,SpuhlerFieldMain,D1,A10,20250315-SpuhlerFieldMain-2,e2141b10-01cc-11f0-9269-ed641e036766,87.97313,,,7.08332,,,,,,,b0b8cc55-1461-41bf-b18a-f9f6bd8e04da,2025-03-15,18:39:51.96,2025-03-15T14:39:51.9670000-04:00,2025-03-15T18:39:51.9670000Z,,v3,471300,471281,15 March 2025 14:00-dayton@georgemas,"MacDougall, Ryan",1000268563,Right,DAY_FLY,4d3e212e-0b4d-4a52-a97d-13fe406c395d,53.9374,-128.14753,13.05152,6.16646,-10.73929,-8.0754,-0.6856,5.84405,-6.34048,,,,,,,,,,,,,,,,,,,,,,,,,,,,,,,,,,,,,,,,,,,,,,,,,,,High,High,High,,,,,
47,2025-03-15,14:40:22.67,7,1,"Gatti, JJ",1000236662,Right,DAY_FLY,"Clyne, Owen",1000230336,Left,GEO_PAT,Undefined,1,Bottom,2,0,0,Fastball,Four-Seam,StrikeCalled,Undefined,Undefined,Undefined,0,0,,87.90594,-2.590841,-2.396407,2218.037863,216.08728,1:15,6.16959,1.15201,6.57431,-18.59769,16.29654,11.15257,2.24125,-0.11651,81.3792,-6.11861,-0.37,0.425156,,,,,,,,,,,,-6.47441,9.5317,-0.99176,50,5.98318,4.93742,-127.77666,-6.28057,-10.827,23.49227,-16.23437,GEO_PAT,DAY_FLY,SpuhlerFieldMain,D1,A10,20250315-SpuhlerFieldMain-2,f46c74b0-01cc-11f0-9269-ed641e036766,88.65561,,,6.52673,,,,,,,b0b8cc55-1461-41bf-b18a-f9f6bd8e04da,2025-03-15,18:40:22.67,2025-03-15T14:40:22.6730000-04:00,2025-03-15T18:40:22.6730000Z,,v3,471300,471281,15 March 2025 14:00-dayton@georgemas,"MacDougall, Ryan",1000268563,Right,DAY_FLY,f233f5aa-c5ed-4246-a535-a78a31be6bde,53.92959,-128.4971,11.74614,6.16815,-5.7827,-8.11719,-1.14826,5.26946,-5.4135,,,,,,,,,,,,,,,,,,,,,,,,,,,,,,,,,,,,,,,,,,,,,,,,,,,High,High,High,,,,,
48,2025-03-15,14:40:36.65,7,2,"Gatti, JJ",1000236662,Right,DAY_FLY,"Clyne, Owen",1000230336,Left,GEO_PAT,Undefined,1,Bottom,2,0,1,Fastball,Four-Seam,BallCalled,Undefined,Undefined,Undefined,0,0,,88.59538,-3.443195,-2.256018,2283.6591,218.478086,1:15,6.14172,1.29752,6.40264,-16.52028,18.50745,13.80485,1.59231,0.37217,81.09972,-6.604085,0.244584,0.425968,,,,,,,,,,,,-7.85252,10.98012,-1.14177,50,5.8866,4.5281,-128.52372,-8.16509,-13.12482,26.82318,-13.82167,GEO_PAT,DAY_FLY,SpuhlerFieldMain,D1,A10,20250315-SpuhlerFieldMain-2,fcc10630-01cc-11f0-9269-ed641e036766,88.48647,,,7.49566,,,,,,,b0b8cc55-1461-41bf-b18a-f9f6bd8e04da,2025-03-15,18:40:36.65,2025-03-15T14:40:36.6520000-04:00,2025-03-15T18:40:36.6520000Z,,v3,471300,471281,15 March 2025 14:00-dayton@georgemas,"MacDougall, Ryan",1000268563,Right,DAY_FLY,1bd78674-1e5f-432c-8c0c-effa06660ffb,54.09996,-129.37656,13.41159,6.13922,-7.72563,-6.91083,-1.29237,4.9454,-6.56241,,,,,,,,,,,,,,,,,,,,,,,,,,,,,,,,,,,,,,,,,,,,,,,,,,,High,High,High,,,,,
49,2025-03-15,14:40:58.71,7,3,"Gatti, JJ",1000236662,Right,DAY_FLY,"Clyne, Owen",1000230336,Left,GEO_PAT,Undefined,1,Bottom,2,1,1,Slider,Changeup,StrikeSwinging,Undefined,Undefined,Undefined,0,0,,77.29198,-1.294331,-3.132772,1947.031182,256.46677,2:30,5.94983,1.31901,6.54737,-39.41301,6.19618,19.81828,1.4764,0.0946,71.23843,-8.641165,0.47031,0.486069,,,,,,,,,,,,-11.32253,4.03103,-1.11019,50,5.84333,5.49779,-112.29966,-3.59803,-14.46254,20.29004,-27.02512,GEO_PAT,DAY_FLY,SpuhlerFieldMain,D1,A10,20250315-SpuhlerFieldMain-2,09ee9700-01cd-11f0-9269-ed641e036766,77.54549,,,6.05355,,,,,,,b0b8cc55-1461-41bf-b18a-f9f6bd8e04da,2025-03-15,18:40:58.71,2025-03-15T14:40:58.7110000-04:00,2025-03-15T18:40:58.7110000Z,,v3,471300,471281,15 March 2025 14:00-dayton@georgemas,"MacDougall, Ryan",1000268563,Right,DAY_FLY,599a3011-79f5-42c5-9e4e-60fc61d70c41,53.95713,-113.01237,10.14502,5.95304,-2.64875,-13.51256,-1.31223,6.0058,-7.23127,,,,,,,,,,,,,,,,,,,,,,,,,,,,,,,,,,,,,,,,,,,,,,,,,,,High,High,High,,,,,
50,2025-03-15,14:41:15.40,7,4,"Gatti, JJ",1000236662,Right,DAY_FLY,"Clyne, Owen",1000230336,Left,GEO_PAT,Undefined,1,Bottom,2,1,2,Slider,Changeup,StrikeSwinging,Strikeout,Undefined,Undefined,0,0,,77.46593,-2.140822,-1.958502,2054.709759,256.230841,2:30,5.91277,1.28188,6.55238,-40.28384,5.23874,15.42434,0.59056,0.77057,71.38309,-9.629731,0.851195,0.485607,,,,,,,,,,,,-8.68646,3.80898,-1.15266,50,5.74776,3.33984,-112.55271,-5.29954,-11.10448,21.08473,-27.30478,GEO_PAT,DAY_FLY,SpuhlerFieldMain,D1,A10,20250315-SpuhlerFieldMain-2,13e16f30-01cd-11f0-9269-ed641e036766,77.61926,,,6.08285,,,,,,,b0b8cc55-1461-41bf-b18a-f9f6bd8e04da,2025-03-15,18:41:15.40,2025-03-15T14:41:15.4030000-04:00,2025-03-15T18:41:15.4030000Z,,v3,471300,471281,15 March 2025 14:00-dayton@georgemas,"MacDougall, Ryan",1000268563,Right,DAY_FLY,9f5eeedf-702c-47ab-8a04-0001bfd4feb6,53.95096,-113.29043,10.54237,5.91647,-4.34419,-13.65239,-1.27631,3.72837,-5.55224,,,,,,,,,,,,,,,,,,,,,,,,,,,,,,,,,,,,,,,,,,,,,,,,,,,High,High,High,,,,,
51,2025-03-15,14:43:46.42,1,1,"Cassedy, Brandon",1000183671,Right,GEO_PAT,"Dobie, Mason",692154,Left,DAY_FLY,Undefined,2,Top,0,0,0,Fastball,Four-Seam,BallCalled,Undefined,Undefined,Undefined,0,0,,88.39901,-3.528357,-0.263509,2258.568757,186.872638,12:15,5.71135,0.60152,6.42184,-12.4689,22.97505,2.61807,1.42455,0.57744,80.15229,-5.98211,0.211072,0.428492,,,,,,,,,,,,-1.45043,13.4654,-0.58384,50,5.45335,0.48741,-128.19336,-8.15842,-2.38816,29.10757,-10.00288,GEO_PAT,DAY_FLY,SpuhlerFieldMain,D1,A10,20250315-SpuhlerFieldMain-2,6dd75f40-01cd-11f0-9269-ed641e036766,87.96535,,,8.24671,,,,,,,b0b8cc55-1461-41bf-b18a-f9f6bd8e04da,2025-03-15,18:43:46.42,2025-03-15T14:43:46.4280000-04:00,2025-03-15T18:43:46.4280000Z,,v3,471300,471281,15 March 2025 14:00-dayton@georgemas,"Raymond, Andrew",10148052,Right,GEO_PAT,7caaad8d-a652-46a3-847e-ca8cc1d49ee0,54.07888,-129.11619,14.55379,5.70698,-7.84129,-5.00144,-0.60049,0.56313,-1.19408,,,,,,,,,,,,,,,,,,,,,,,,,,,,,,,,,,,,,,,,,,,,,,,,,,,High,High,High,,,,,
52,2025-03-15,14:44:04.40,1,2,"Cassedy, Brandon",1000183671,Right,GEO_PAT,"Dobie, Mason",692154,Left,DAY_FLY,Undefined,2,Top,0,1,0,Fastball,Four-Seam,InPlay,Undefined,FlyBall,Single,0,0,,88.73294,-1.716652,-2.072073,2265.632954,195.948157,12:30,5.65826,0.54103,6.49627,-14.21536,20.98422,5.63087,2.89627,-0.89271,79.94433,-4.51176,-1.050904,0.427012,71.30219,24.617758,8.76296,2361.235378,109.37465,36.54035,11.70837,216.03149,216.03149,3.079843,3.358237,-3.63685,11.93835,-0.39817,50,5.53149,4.44034,-128.74493,-4.1748,-6.0044,30.80285,-12.46389,GEO_PAT,DAY_FLY,SpuhlerFieldMain,D1,A10,20250315-SpuhlerFieldMain-2,788e23b0-01cd-11f0-9269-ed641e036766,88.27017,37.01888,,8.7886,,,,1.29931,3.03982,0.94392,b0b8cc55-1461-41bf-b18a-f9f6bd8e04da,2025-03-15,18:44:04.40,2025-03-15T14:44:04.4030000-04:00,2025-03-15T18:44:04.4030000Z,LineDrive,v3,471300,471281,15 March 2025 14:00-dayton@georgemas,"Raymond, Andrew",10148052,Right,GEO_PAT,778e02e6-2d3d-4851-a078-e89883d42090,54.00444,-129.69947,15.40143,5.65488,-3.78856,-6.23195,-0.53865,4.62641,-3.0022,153.045387,1.29904,93.97017,-15.64559,3.40136,-0.78721,0.23035,-0.06665,0.01214,-0.00091,3.04007,43.5563,-14.47995,0.23936,0.15764,-0.11745,0.04663,-0.00846,0.00055,0.94399,14.47961,-6.84798,1.86405,-0.38302,0.06369,-0.01244,0.0023,-0.00019,,,,,,,,,,,,,,,,,,,,,,,High,High,High,High,High,,,
53,2025-03-15,14:44:41.17,2,1,"Cassedy, Brandon",1000183671,Right,GEO_PAT,"Zorn, Adin",10148886,Right,DAY_FLY,Undefined,2,Top,0,0,0,Cutter,Slider,StrikeCalled,Undefined,Undefined,Undefined,0,0,,80.67084,0.272572,-0.222839,2539.730461,98.298598,9:15,5.70109,0.68341,5.84685,-39.91171,2.45051,-9.06308,2.62842,-0.27893,75.08891,-7.047992,-1.849813,0.468447,,,,,,,,,,,,4.6002,1.53476,-0.65986,50,5.69956,0.79636,-117.40528,-0.73194,6.51111,19.30007,-30.00176,GEO_PAT,DAY_FLY,SpuhlerFieldMain,D1,A10,20250315-SpuhlerFieldMain-2,8e891f80-01cd-11f0-9269-ed641e036766,80.46249,,,5.58193,,,,,,,b0b8cc55-1461-41bf-b18a-f9f6bd8e04da,2025-03-15,18:44:41.17,2025-03-15T14:44:41.1730000-04:00,2025-03-15T18:44:41.1730000Z,,v3,471300,471281,15 March 2025 14:00-dayton@georgemas,"Raymond, Andrew",10148052,Right,GEO_PAT,b17d196c-4ed4-4cbd-abef-e0813226459d,54.65782,-118.16849,9.65003,5.70504,0.45447,-15.00088,-0.68626,0.53888,3.25555,,,,,,,,,,,,,,,,,,,,,,,,,,,,,,,,,,,,,,,,,,,,,,,,,,,High,High,High,,,,,
54,2025-03-15,14:45:09.83,2,2,"Cassedy, Brandon",1000183671,Right,GEO_PAT,"Zorn, Adin",10148886,Right,DAY_FLY,Undefined,2,Top,0,0,1,Curveball,Curveball,StrikeCalled,Undefined,Undefined,Undefined,0,0,,74.22132,2.008858,0.866001,2563.778018,53.251832,7:45,5.72055,0.63534,5.60265,-61.54515,-9.94993,-15.58414,2.46822,0.14522,67.95271,-9.21758,-1.921319,0.516983,,,,,,,,,,,,8.15619,-5.15193,-0.69914,50,5.85263,-1.05877,-107.75716,1.8119,9.5096,20.1904,-38.18087,GEO_PAT,DAY_FLY,SpuhlerFieldMain,D1,A10,20250315-SpuhlerFieldMain-2,9fa0e2d0-01cd-11f0-9269-ed641e036766,72.90849,,,6.26861,,,,,,,b0b8cc55-1461-41bf-b18a-f9f6bd8e04da,2025-03-15,18:45:09.83,2025-03-15T14:45:09.8300000-04:00,2025-03-15T18:45:09.8300000Z,,v3,471300,471281,15 March 2025 14:00-dayton@georgemas,"Raymond, Andrew",10148052,Right,GEO_PAT,9350c9bd-2955-47e7-95ff-506582ea66d2,54.90315,-108.67198,10.0952,5.73134,3.54185,-19.09043,-0.6414,-1.48965,4.7548,,,,,,,,,,,,,,,,,,,,,,,,,,,,,,,,,,,,,,,,,,,,,,,,,,,High,High,High,,,,,
55,2025-03-15,14:45:30.95,2,3,"Cassedy, Brandon",1000183671,Right,GEO_PAT,"Zorn, Adin",10148886,Right,DAY_FLY,Undefined,2,Top,0,0,2,Fastball,Four-Seam,FoulBallNotFieldable,Undefined,Undefined,Undefined,0,0,,87.78447,-0.489586,-0.596913,2258.644558,175.98173,11:45,5.81335,0.30847,6.52584,-14.66095,20.84509,-1.3826,4.14239,-0.35441,79.8168,-3.354083,-0.847976,0.428867,75.59912,45.168389,162.003725,2821.557256,,,,,66.30542,,,0.55047,11.43213,-0.26641,50,5.77264,1.38202,-127.60792,-1.41898,0.90244,27.67236,-13.4322,GEO_PAT,DAY_FLY,SpuhlerFieldMain,D1,A10,20250315-SpuhlerFieldMain-2,ac282180-01cd-11f0-9269-ed641e036766,87.88842,54.26886,,7.96767,,,,1.48653,4.18411,0.35517,b0b8cc55-1461-41bf-b18a-f9f6bd8e04da,2025-03-15,18:45:30.95,2025-03-15T14:45:30.9580000-04:00,2025-03-15T18:45:30.9580000Z,,v3,471300,471281,15 March 2025 14:00-dayton@georgemas,"Raymond, Andrew",10148052,Right,GEO_PAT,3277cb38-eb6d-40f2-b3b3-374655d2d621,53.97538,-128.46711,13.83618,5.81022,-1.00192,-6.7161,-0.30888,1.354,0.45122,325.867635,1.48653,-74.34776,3.64031,-0.77089,0.15649,-0.03999,0.01422,-0.00593,0.00146,4.18411,78.63304,-29.24147,4.13866,-0.94639,0.21355,-0.05256,0.01241,-0.00195,0.35517,24.1517,-7.48826,1.84677,-0.39567,0.07256,0.00644,-0.0159,0.00543,,,,,,,,,,,,,,,,,,,,,,,High,High,High,High,Undefined,,,
56,2025-03-15,14:46:07.46,2,4,"Cassedy, Brandon",1000183671,Right,GEO_PAT,"Zorn, Adin",10148886,Right,DAY_FLY,Undefined,2,Top,0,0,2,Cutter,Slider,BallCalled,Undefined,Undefined,Undefined,0,0,,83.1404,1.772093,0.088268,2514.646666,113.145104,9:45,5.7529,0.61628,5.59427,-35.31222,5.01229,-9.19469,4.46541,-0.06753,76.9838,-4.710201,-1.552514,0.457042,,,,,,,,,,,,4.6789,2.46091,-0.61773,50,5.88183,0.18566,-120.87903,2.52893,7.02085,20.43725,-28.48136,GEO_PAT,DAY_FLY,SpuhlerFieldMain,D1,A10,20250315-SpuhlerFieldMain-2,c1d59990-01cd-11f0-9269-ed641e036766,82.47042,,,6.1566,,,,,,,b0b8cc55-1461-41bf-b18a-f9f6bd8e04da,2025-03-15,18:46:07.46,2025-03-15T14:46:07.4670000-04:00,2025-03-15T18:46:07.4670000Z,,v3,471300,471281,15 March 2025 14:00-dayton@georgemas,"Raymond, Andrew",10148052,Right,GEO_PAT,0f249ed3-555f-4e6f-8117-5e2ae758d50b,54.90939,-121.70624,10.21863,5.75615,3.68173,-14.24068,-0.61949,-0.09852,3.51042,,,,,,,,,,,,,,,,,,,,,,,,,,,,,,,,,,,,,,,,,,,,,,,,,,,High,High,High,,,,,
57,2025-03-15,14:46:52.72,2,5,"Cassedy, Brandon",1000183671,Right,GEO_PAT,"Zorn, Adin",10148886,Right,DAY_FLY,Undefined,2,Top,0,1,2,Curveball,Curveball,BallCalled,Undefined,Undefined,Undefined,0,0,,74.02676,4.677315,1.356455,2530.081631,52.53849,7:45,5.75766,0.60243,5.46869,-64.28291,-11.63654,-17.55843,4.78936,0.40901,66.92358,-7.055684,-1.765772,0.522222,,,,,,,,,,,,9.17571,-6.6787,-0.70962,50,6.12656,-1.86262,-107.09466,6.64471,10.52432,20.63625,-39.83439,GEO_PAT,DAY_FLY,SpuhlerFieldMain,D1,A10,20250315-SpuhlerFieldMain-2,dcdfbfe0-01cd-11f0-9269-ed641e036766,72.17697,,,7.10318,,,,,,,b0b8cc55-1461-41bf-b18a-f9f6bd8e04da,2025-03-15,18:46:52.72,2025-03-15T14:46:52.7290000-04:00,2025-03-15T18:46:52.7290000Z,,v3,471300,471281,15 March 2025 14:00-dayton@georgemas,"Raymond, Andrew",10148052,Right,GEO_PAT,6728c585-1410-44ed-bfcb-a96b2955b118,55.03637,-108.06077,10.31813,5.77183,8.5096,-19.9172,-0.61089,-2.35533,5.26216,,,,,,,,,,,,,,,,,,,,,,,,,,,,,,,,,,,,,,,,,,,,,,,,,,,High,High,High,,,,,
58,2025-03-15,14:47:15.03,2,6,"Cassedy, Brandon",1000183671,Right,GEO_PAT,"Zorn, Adin",10148886,Right,DAY_FLY,Undefined,2,Top,0,2,2,Cutter,Curveball,BallCalled,Undefined,Undefined,Undefined,0,0,,79.47413,-0.373914,0.355011,2569.670944,65.679431,8:15,5.72502,0.59459,5.72961,-47.85282,-3.59984,-10.83969,1.38902,0.02194,73.61367,-9.099641,-1.589914,0.478787,,,,,,,,,,,,5.68457,-1.44276,-0.61717,50,5.66372,-0.31646,-115.57702,-2.31973,7.71352,20.9031,-34.13177,GEO_PAT,DAY_FLY,SpuhlerFieldMain,D1,A10,20250315-SpuhlerFieldMain-2,ea379500-01cd-11f0-9269-ed641e036766,78.72479,,,5.86047,,,,,,,b0b8cc55-1461-41bf-b18a-f9f6bd8e04da,2025-03-15,18:47:15.03,2025-03-15T14:47:15.0320000-04:00,2025-03-15T18:47:15.0320000Z,,v3,471300,471281,15 March 2025 14:00-dayton@georgemas,"Raymond, Andrew",10148052,Right,GEO_PAT,4456971a-1841-4eaa-992e-70c2a370e8e6,54.77627,-116.43764,10.45155,5.7303,-0.91445,-17.06588,-0.5976,-0.63404,3.85676,,,,,,,,,,,,,,,,,,,,,,,,,,,,,,,,,,,,,,,,,,,,,,,,,,,High,High,High,,,,,
59,2025-03-15,14:47:37.75,2,7,"Cassedy, Brandon",1000183671,Right,GEO_PAT,"Zorn, Adin",10148886,Right,DAY_FLY,Undefined,2,Top,0,3,2,Fastball,Four-Seam,FoulBallNotFieldable,Undefined,Undefined,Undefined,0,0,,89.01843,-1.470054,-0.492177,2302.214129,176.327833,12:00,5.73517,0.44334,6.6348,-14.5993,20.14237,-1.21221,3.17227,-0.10832,80.23147,-4.339625,-0.712801,0.424226,74.12907,56.800973,144.35436,3788.419253,,,,,43.33059,,,0.48,11.46501,-0.40959,50,5.62948,1.15669,-129.28015,-3.6375,0.79889,31.12561,-13.09274,GEO_PAT,DAY_FLY,SpuhlerFieldMain,D1,A10,20250315-SpuhlerFieldMain-2,f7b827d0-01cd-11f0-9269-ed641e036766,88.85,57.14367,,8.78696,,,,1.88207,3.26601,0.10825,b0b8cc55-1461-41bf-b18a-f9f6bd8e04da,2025-03-15,18:47:37.75,2025-03-15T14:47:37.7560000-04:00,2025-03-15T18:47:37.7560000Z,,v3,471300,471281,15 March 2025 14:00-dayton@georgemas,"Raymond, Andrew",10148052,Right,GEO_PAT,1deca6e3-1ab4-4a1f-b7d4-924f63cdb1f9,53.86574,-130.20754,15.5628,5.73204,-3.2474,-6.54637,-0.4437,1.13289,0.39945,334.190465,1.88207,-48.37783,-2.25185,1.80934,0.749,-3.74,5.62818,-4.02764,1.12028,3.26601,90.97564,-30.927,4.07989,-0.14072,-1.77906,2.68145,-1.84341,0.48673,0.10825,34.69229,-7.60433,1.97029,0.39596,-2.34131,3.47984,-2.45242,0.67011,,,,,,,,,,,,,,,,,,,,,,,High,High,High,High,Undefined,,,
60,2025-03-15,14:48:02.52,2,8,"Cassedy, Brandon",1000183671,Right,GEO_PAT,"Zorn, Adin",10148886,Right,DAY_FLY,Undefined,2,Top,0,3,2,Fastball,Four-Seam,StrikeSwinging,Strikeout,Undefined,Undefined,0,0,,88.62161,-1.948189,-0.396085,2244.20072,180.378685,12:00,5.71033,0.39975,6.62005,-14.44339,20.11194,0.12575,2.72177,0.04747,81.11155,-4.753161,-0.373206,0.423086,,,,,,,,,,,,-0.17606,11.4628,-0.3729,50,5.5716,0.88595,-128.84207,-4.70947,-0.29603,26.723,-12.90212,GEO_PAT,DAY_FLY,SpuhlerFieldMain,D1,A10,20250315-SpuhlerFieldMain-2,0682c6d0-01ce-11f0-9269-ed641e036766,89.08925,,,7.51006,,,,,,,b0b8cc55-1461-41bf-b18a-f9f6bd8e04da,2025-03-15,18:48:02.52,2025-03-15T14:48:02.5280000-04:00,2025-03-15T18:48:02.5280000Z,,v3,471300,471281,15 March 2025 14:00-dayton@georgemas,"Raymond, Andrew",10148052,Right,GEO_PAT,8eb2da3d-30d3-4769-8208-f6343d479843,53.88163,-129.64466,13.3615,5.70722,-4.32198,-6.45106,-0.39964,0.89484,-0.14802,,,,,,,,,,,,,,,,,,,,,,,,,,,,,,,,,,,,,,,,,,,,,,,,,,,High,High,High,,,,,
61,2025-03-15,14:48:29.16,3,1,"Cassedy, Brandon",1000183671,Right,GEO_PAT,"Cazorla, Alejandro",1000268561,Right,DAY_FLY,Undefined,2,Top,1,0,0,Curveball,Curveball,FoulBallNotFieldable,Undefined,Undefined,Undefined,0,0,,73.00311,1.528258,1.022269,2515.300587,35.288837,7:15,5.65694,0.69439,5.5795,-68.17724,-15.0593,-11.82501,1.40345,0.66386,67.41611,-10.838554,-1.095456,0.524556,,,,,,,,,,,,6.35445,-7.76682,-0.77415,50,5.74281,-1.48112,-106.0963,0.6934,7.21011,18.92115,-40.98672,GEO_PAT,DAY_FLY,SpuhlerFieldMain,D1,A10,20250315-SpuhlerFieldMain-2,166824a0-01ce-11f0-9269-ed641e036766,71.85586,,,5.587,,,,,,,b0b8cc55-1461-41bf-b18a-f9f6bd8e04da,2025-03-15,18:48:29.16,2025-03-15T14:48:29.1650000-04:00,2025-03-15T18:48:29.1650000Z,,v3,471300,471281,15 March 2025 14:00-dayton@georgemas,"Raymond, Andrew",10148052,Right,GEO_PAT,243d4598-8ec4-4447-994e-df513d15aa02,54.92884,-106.97169,9.46057,5.66686,2.58967,-20.49336,-0.69791,-1.8147,3.60506,,,,,,,,,,,,,,,,,,,,,,,,,,,,,,,,,,,,,,,,,,,,,,,,,,,High,High,High,,,,,
62,2025-03-15,14:49:08.02,3,2,"Cassedy, Brandon",1000183671,Right,GEO_PAT,"Cazorla, Alejandro",1000268561,Right,DAY_FLY,Undefined,2,Top,1,0,1,Fastball,Four-Seam,FoulBallNotFieldable,Undefined,Undefined,Undefined,0,0,,88.73597,-1.633062,-0.186939,2292.581216,170.45182,11:45,5.72976,0.34351,6.58519,-14.87206,19.61411,-3.11799,2.99341,-0.08764,81.23742,-4.514385,-0.753939,0.422663,72.8845,22.332193,157.086684,2740.679199,,,,,51.65318,,,1.59079,11.10272,-0.32949,50,5.61125,0.53876,-129.03632,-4.02751,2.68343,26.72743,-13.44529,GEO_PAT,DAY_FLY,SpuhlerFieldMain,D1,A10,20250315-SpuhlerFieldMain-2,2d8cd360-01ce-11f0-9269-ed641e036766,89.17857,19.13434,,7.49855,,,,0.72767,2.85444,0.06049,b0b8cc55-1461-41bf-b18a-f9f6bd8e04da,2025-03-15,18:49:08.02,2025-03-15T14:49:08.0280000-04:00,2025-03-15T18:49:08.0280000Z,,v3,471300,471281,15 March 2025 14:00-dayton@georgemas,"Raymond, Andrew",10148052,Right,GEO_PAT,aa2d0de1-e3c0-4568-968e-445cb2f076d2,53.91685,-129.84509,13.36372,5.72696,-3.62066,-6.72264,-0.34457,0.45756,1.34171,294.473231,0.72767,-91.07732,5.28579,0.20908,-0.04504,0.157,-0.26238,0.22683,-0.0778,2.85444,40.61837,-21.3867,2.1315,-0.51104,0.72879,-1.0226,0.7314,-0.18507,0.06049,38.49754,-8.69054,0.45506,-0.19311,0.28322,-0.3886,0.24226,-0.04141,,,,,,,,,,,,,,,,,,,,,,,High,High,High,High,Undefined,,,
63,2025-03-15,14:49:32.73,3,3,"Cassedy, Brandon",1000183671,Right,GEO_PAT,"Cazorla, Alejandro",1000268561,Right,DAY_FLY,Undefined,2,Top,1,0,2,Fastball,Four-Seam,StrikeSwinging,Strikeout,Undefined,Undefined,0,0,,91.07317,-2.870867,-0.753588,2235.211001,184.340525,12:15,5.72345,0.41978,6.50406,-12.40005,20.48875,1.47626,2.05263,-0.14893,83.41924,-5.285366,-0.48559,0.412758,,,,,,,,,,,,-0.98197,11.85386,-0.36769,50,5.51675,1.68223,-132.30239,-6.91479,-1.74231,27.95329,-11.14196,GEO_PAT,DAY_FLY,SpuhlerFieldMain,D1,A10,20250315-SpuhlerFieldMain-2,3c40dd20-01ce-11f0-9269-ed641e036766,91.3185,,,7.65393,,,,,,,b0b8cc55-1461-41bf-b18a-f9f6bd8e04da,2025-03-15,18:49:32.73,2025-03-15T14:49:32.7330000-04:00,2025-03-15T18:49:32.7330000Z,,v3,471300,471281,15 March 2025 14:00-dayton@georgemas,"Raymond, Andrew",10148052,Right,GEO_PAT,6d7085a7-c51c-40e6-97f9-23c289cdb6bd,53.99804,-133.14443,13.97664,5.71999,-6.57916,-5.57098,-0.41915,1.73472,-0.87115,,,,,,,,,,,,,,,,,,,,,,,,,,,,,,,,,,,,,,,,,,,,,,,,,,,High,High,High,,,,,
64,2025-03-15,14:50:14.52,4,1,"Cassedy, Brandon",1000183671,Right,GEO_PAT,"Wouters, Dyrenson",821727,Right,DAY_FLY,Undefined,2,Top,2,0,0,Curveball,Curveball,BallCalled,Undefined,Undefined,Undefined,0,0,,74.20005,0.739506,0.002866,2506.618671,44.771994,7:30,5.6833,0.59078,5.77286,-63.75677,-12.60977,-14.11328,1.05847,-0.58266,68.43887,-10.867702,-2.534482,0.514732,,,,,,,,,,,,7.24398,-6.25477,-0.58221,50,5.70547,0.48911,-107.86646,-0.59013,8.47082,20.07467,-39.48811,GEO_PAT,DAY_FLY,SpuhlerFieldMain,D1,A10,20250315-SpuhlerFieldMain-2,5532f8e0-01ce-11f0-9269-ed641e036766,73.22727,,,5.76119,,,,,,,b0b8cc55-1461-41bf-b18a-f9f6bd8e04da,2025-03-15,18:50:14.52,2025-03-15T14:50:14.5260000-04:00,2025-03-15T18:50:14.5260000Z,,v3,471300,471281,15 March 2025 14:00-dayton@georgemas,"Raymond, Andrew",10148052,Right,GEO_PAT,079ba266-cbd5-4ca0-8c2e-3dba1918cabd,54.73433,-108.74398,10.03733,5.69354,1.136,-19.74406,-0.5955,0.11883,4.23541,,,,,,,,,,,,,,,,,,,,,,,,,,,,,,,,,,,,,,,,,,,,,,,,,,,High,High,High,,,,,
65,2025-03-15,14:50:33.69,4,2,"Cassedy, Brandon",1000183671,Right,GEO_PAT,"Wouters, Dyrenson",821727,Right,DAY_FLY,Undefined,2,Top,2,1,0,Fastball,Four-Seam,StrikeCalled,Undefined,Undefined,Undefined,0,0,,88.17393,-2.10781,-0.646196,2171.71972,183.408206,12:00,5.68788,0.46419,6.60018,-15.41914,19.49222,1.09583,2.47083,-0.03655,80.80495,-5.086548,-0.446863,0.42526,,,,,,,,,,,,-0.75165,11.1565,-0.4205,50,5.53706,1.40397,-128.171,-5.07765,-1.25221,26.13091,-13.58842,GEO_PAT,DAY_FLY,SpuhlerFieldMain,D1,A10,20250315-SpuhlerFieldMain-2,609f9fd0-01ce-11f0-9269-ed641e036766,88.63385,,,7.36898,,,,,,,b0b8cc55-1461-41bf-b18a-f9f6bd8e04da,2025-03-15,18:50:33.69,2025-03-15T14:50:33.6980000-04:00,2025-03-15T18:50:33.6980000Z,,v3,471300,471281,15 March 2025 14:00-dayton@georgemas,"Raymond, Andrew",10148052,Right,GEO_PAT,84be6201-033e-4964-962a-d36d944829ef,53.90103,-128.96388,13.06546,5.68487,-4.66535,-6.79421,-0.46367,1.44197,-0.6261,,,,,,,,,,,,,,,,,,,,,,,,,,,,,,,,,,,,,,,,,,,,,,,,,,,High,High,High,,,,,
66,2025-03-15,14:51:02.82,4,3,"Cassedy, Brandon",1000183671,Right,GEO_PAT,"Wouters, Dyrenson",821727,Right,DAY_FLY,Undefined,2,Top,2,1,1,Cutter,Slider,InPlay,Undefined,FlyBall,Out,1,0,,81.64691,-0.33768,-0.280173,2640.93814,92.522618,9:00,5.62583,0.73169,5.83759,-39.84979,1.55473,-10.05949,1.99114,-0.36702,76.03781,-7.633297,-2.086471,0.463122,96.1108,26.593755,-26.7748,3645.715979,97.06578,55.12992,-51.75102,331.47751,279.85623,-33.729486,5.108651,5.16882,1.12366,-0.70251,50,5.57413,0.9488,-118.84234,-1.99212,7.48338,20.14432,-30.54725,GEO_PAT,DAY_FLY,SpuhlerFieldMain,D1,A10,20250315-SpuhlerFieldMain-2,71f7c780-01ce-11f0-9269-ed641e036766,81.38776,80.54996,,5.6091,,,,2.84897,2.34909,0.16655,b0b8cc55-1461-41bf-b18a-f9f6bd8e04da,2025-03-15,18:51:02.82,2025-03-15T14:51:02.8260000-04:00,2025-03-15T18:51:02.8260000Z,FlyBall,v3,471300,471281,15 March 2025 14:00-dayton@georgemas,"Raymond, Andrew",10148052,Right,GEO_PAT,32f26610-d85a-4518-af65-b7aa94d906bf,54.66875,-119.63109,10.07216,5.62872,-0.79603,-15.27363,-0.73392,0.65578,3.74169,165.369869,2.84983,112.5194,-28.26568,6.97917,-1.45402,0.27248,-0.04338,0.00467,-0.00023,2.35037,63.07039,-11.77527,-1.15587,0.64868,-0.23233,0.05329,-0.00651,0.00032,0.16659,-56.78475,9.07028,-2.00241,0.40284,-0.0813,0.01461,-0.00171,9E-05,,,,,,,,,,,,,,,,,,,,,,,High,High,High,High,Medium,,,
67,2025-03-15,14:53:38.48,1,1,"Gatti, JJ",1000236662,Right,DAY_FLY,"Lavin, Sam",1000364332,Left,GEO_PAT,Undefined,2,Bottom,0,0,0,Fastball,Sinker,StrikeCalled,Undefined,Undefined,Undefined,0,0,,87.35148,-2.24548,-2.552689,2258.115071,221.922009,1:30,6.18344,1.03135,6.46512,-19.52139,16.35501,13.65383,2.491,-0.17712,79.95604,-5.96414,-0.077159,0.431098,,,,,,,,,,,,-7.84052,9.5302,-0.8566,50,6.01574,5.1304,-126.82728,-5.49789,-12.76807,25.98462,-16.65435,GEO_PAT,DAY_FLY,SpuhlerFieldMain,D1,A10,20250315-SpuhlerFieldMain-2,cec604e0-01ce-11f0-9269-ed641e036766,87.43363,,,7.39544,,,,,,,b0b8cc55-1461-41bf-b18a-f9f6bd8e04da,2025-03-15,18:53:38.48,2025-03-15T14:53:38.4890000-04:00,2025-03-15T18:53:38.4890000Z,,v3,471300,471281,15 March 2025 14:00-dayton@georgemas,"MacDougall, Ryan",1000268563,Right,DAY_FLY,c41a5795-c7da-4ef6-8876-60794fc74cb3,54.03685,-127.65168,12.99231,6.18179,-4.96951,-8.32718,-1.0258,5.53549,-6.38403,,,,,,,,,,,,,,,,,,,,,,,,,,,,,,,,,,,,,,,,,,,,,,,,,,,High,High,High,,,,,
68,2025-03-15,14:53:53.46,1,2,"Gatti, JJ",1000236662,Right,DAY_FLY,"Lavin, Sam",1000364332,Left,GEO_PAT,Undefined,2,Bottom,0,0,1,ChangeUp,Changeup,BallCalled,Undefined,Undefined,Undefined,0,0,,77.32428,-2.761609,-2.660316,2043.998195,233.975802,1:45,5.96857,1.27856,6.43894,-34.0875,11.85276,14.24469,0.58534,0.01905,71.15758,-9.120867,-0.075186,0.487829,,,,,,,,,,,,-8.31264,7.41634,-1.09592,50,5.75645,4.75268,-112.22803,-6.31628,-10.57256,20.83439,-22.74147,GEO_PAT,DAY_FLY,SpuhlerFieldMain,D1,A10,20250315-SpuhlerFieldMain-2,d7b0bbe0-01ce-11f0-9269-ed641e036766,77.2656,,,6.16671,,,,,,,b0b8cc55-1461-41bf-b18a-f9f6bd8e04da,2025-03-15,18:53:53.46,2025-03-15T14:53:53.4600000-04:00,2025-03-15T18:53:53.4600000Z,,v3,471300,471281,15 March 2025 14:00-dayton@georgemas,"MacDougall, Ryan",1000268563,Right,DAY_FLY,b6f5ec64-c3d5-427d-90ea-2100cbaf0b74,54.06509,-112.98016,10.4172,5.96966,-5.4953,-11.37074,-1.27438,5.13435,-5.28628,,,,,,,,,,,,,,,,,,,,,,,,,,,,,,,,,,,,,,,,,,,,,,,,,,,High,High,High,,,,,
69,2025-03-15,14:54:07.98,1,3,"Gatti, JJ",1000236662,Right,DAY_FLY,"Lavin, Sam",1000364332,Left,GEO_PAT,Undefined,2,Bottom,0,1,1,ChangeUp,Changeup,InPlay,Undefined,LineDrive,Single,0,0,,76.62131,-0.258894,-2.381552,2054.275752,250.445872,2:15,5.96583,1.2276,6.27547,-39.49459,7.23697,16.37532,2.43575,0.39552,70.63984,-7.602214,0.579903,0.492013,99.26769,11.698318,-6.713981,1630.246976,107.88106,14.76714,-21.48532,207.61419,207.61419,-15.350346,1.85125,-9.22567,4.23103,-1.05953,50,5.92726,4.08554,-111.38621,-1.60019,-11.62091,19.51511,-26.84454,GEO_PAT,DAY_FLY,SpuhlerFieldMain,D1,A10,20250315-SpuhlerFieldMain-2,e0615010-01ce-11f0-9269-ed641e036766,76.60864,14.75804,,5.98147,,,,2.80241,2.66024,-0.3976,b0b8cc55-1461-41bf-b18a-f9f6bd8e04da,2025-03-15,18:54:07.98,2025-03-15T14:54:07.9850000-04:00,2025-03-15T18:54:07.9850000Z,LineDrive,v3,471300,471281,15 March 2025 14:00-dayton@georgemas,"MacDougall, Ryan",1000268563,Right,DAY_FLY,c55a3f68-0039-4d5b-a5bf-b2ae8727ea9a,54.22896,-112.12468,9.75756,5.9686,-0.58436,-13.42227,-1.22245,4.52529,-5.81045,97.321332,2.80241,141.59053,-25.28541,4.73722,-0.87787,0.12512,-0.01521,0.00129,-5E-05,2.66024,29.5201,-19.3301,1.8094,-0.28161,0.04135,-0.00382,0.00033,-4E-05,-0.3976,-16.66815,-12.82676,5.16402,-1.61309,0.42878,-0.09644,0.01576,-0.0013,,,,,,,,,,,,,,,,,,,,,,,High,High,High,High,High,,,
70,2025-03-15,14:54:44.78,2,1,"Gatti, JJ",1000236662,Right,DAY_FLY,"Wall, Jonny",1000119703,Right,GEO_PAT,Undefined,2,Bottom,0,0,0,Slider,Slider,StrikeSwinging,Undefined,Undefined,Undefined,0,0,,74.60067,-0.314869,-1.608792,2199.528664,127.936689,10:15,5.96759,1.12295,5.96507,-45.96762,4.02402,-3.18792,1.84487,-0.63488,68.85248,-8.775713,-2.182341,0.508886,,,,,,,,,,,,1.19756,2.60914,-0.99351,50,5.91687,3.1542,-108.39459,-1.93434,1.42523,18.89202,-29.0689,GEO_PAT,DAY_FLY,SpuhlerFieldMain,D1,A10,20250315-SpuhlerFieldMain-2,f6508c10-01ce-11f0-9269-ed641e036766,74.06858,,,5.74818,,,,,,,b0b8cc55-1461-41bf-b18a-f9f6bd8e04da,2025-03-15,18:54:44.78,2025-03-15T14:54:44.7880000-04:00,2025-03-15T18:54:44.7880000Z,,v3,471300,471281,15 March 2025 14:00-dayton@georgemas,"MacDougall, Ryan",1000268563,Right,DAY_FLY,6efc10f3-6f9a-47e6-8fcd-dfba77dc7df7,54.53771,-109.18261,9.44601,5.97226,-0.72184,-14.53445,-1.12384,3.09475,0.71261,,,,,,,,,,,,,,,,,,,,,,,,,,,,,,,,,,,,,,,,,,,,,,,,,,,High,High,High,,,,,
71,2025-03-15,14:55:01.80,2,2,"Gatti, JJ",1000236662,Right,DAY_FLY,"Wall, Jonny",1000119703,Right,GEO_PAT,Undefined,2,Bottom,0,0,1,Slider,Curveball,FoulBallNotFieldable,Undefined,Undefined,Undefined,0,0,,74.03593,1.294839,-0.448884,2260.955935,73.155788,8:30,6.07063,1.2639,5.70216,-55.87255,-4.18154,-19.40344,2.62142,-0.77135,67.809,-8.932151,-3.92364,0.517463,,,,,,,,,,,,9.8389,-2.14354,-1.21349,50,6.14403,1.52172,-107.5275,0.72277,11.40278,20.40547,-34.65831,GEO_PAT,DAY_FLY,SpuhlerFieldMain,D1,A10,20250315-SpuhlerFieldMain-2,00768230-01cf-11f0-9269-ed641e036766,72.8409,,,6.22693,,,,,,,b0b8cc55-1461-41bf-b18a-f9f6bd8e04da,2025-03-15,18:55:01.80,2025-03-15T14:55:01.8070000-04:00,2025-03-15T18:55:01.8070000Z,,v3,471300,471281,15 March 2025 14:00-dayton@georgemas,"MacDougall, Ryan",1000268563,Right,DAY_FLY,0961df9b-b6d5-4f4b-8f4f-ec40604e9deb,54.80344,-108.43522,10.20273,6.07759,2.26451,-17.32915,-1.2699,1.01448,5.70139,,,,,,,,,,,,,,,,,,,,,,,,,,,,,,,,,,,,,,,,,,,,,,,,,,,High,High,High,,,,,
72,2025-03-15,14:55:33.80,2,3,"Gatti, JJ",1000236662,Right,DAY_FLY,"Wall, Jonny",1000119703,Right,GEO_PAT,Undefined,2,Bottom,0,0,2,Slider,Slider,BallCalled,Undefined,Undefined,Undefined,0,0,,75.85936,-0.345446,-1.604324,2372.705743,86.010917,8:45,6.10416,1.13604,5.50701,-48.70373,0.32402,-15.76639,1.72231,-1.67867,70.42126,-9.186336,-4.416068,0.503956,,,,,,,,,,,,7.58315,0.65992,-0.98488,50,6.0409,3.66646,-110.22784,-2.2294,9.36361,18.931,-31.35916,GEO_PAT,DAY_FLY,SpuhlerFieldMain,D1,A10,20250315-SpuhlerFieldMain-2,13850c70-01cf-11f0-9269-ed641e036766,74.79317,,,5.4381,,,,,,,b0b8cc55-1461-41bf-b18a-f9f6bd8e04da,2025-03-15,18:55:33.80,2025-03-15T14:55:33.8000000-04:00,2025-03-15T18:55:33.8000000Z,,v3,471300,471281,15 March 2025 14:00-dayton@georgemas,"MacDougall, Ryan",1000268563,Right,DAY_FLY,4fc74588-c6ce-4bf3-bfec-831b86a3c211,54.99795,-111.0829,9.4655,6.10961,-0.81301,-15.67958,-1.14093,3.24354,4.6818,,,,,,,,,,,,,,,,,,,,,,,,,,,,,,,,,,,,,,,,,,,,,,,,,,,High,High,High,,,,,
73,2025-03-15,14:55:55.00,2,4,"Gatti, JJ",1000236662,Right,DAY_FLY,"Wall, Jonny",1000119703,Right,GEO_PAT,Undefined,2,Bottom,0,1,2,Slider,Curveball,InPlay,Undefined,Bunt,Sacrifice,0,0,,75.36502,1.697586,0.804588,2212.489349,91.203025,9:00,6.05991,1.1973,5.31128,-48.46262,2.01752,-18.28324,3.61546,0.429,68.87797,-7.159065,-2.443123,0.511366,24.90069,46.90203,-35.245321,2209.355814,,,,42.63848,34.22521,-37.907419,1.830764,9.45516,0.94512,-1.25624,50,6.17865,-0.84424,-109.3595,1.66406,11.3915,20.21267,-31.03538,GEO_PAT,DAY_FLY,SpuhlerFieldMain,D1,A10,20250315-SpuhlerFieldMain-2,2029e540-01cf-11f0-9269-ed641e036766,73.70932,14.82608,,6.48705,,,,1.91291,3.75914,-0.47228,b0b8cc55-1461-41bf-b18a-f9f6bd8e04da,2025-03-15,18:55:55.00,2025-03-15T14:55:55.0000000-04:00,2025-03-15T18:55:55.0000000Z,GroundBall,v3,471300,471281,15 March 2025 14:00-dayton@georgemas,"MacDougall, Ryan",1000268563,Right,DAY_FLY,431c84d3-a406-4b15-be3a-a09a84a16475,55.19268,-110.31508,10.10634,6.0653,3.13129,-15.51769,-1.2036,-1.38278,5.69575,153.054967,1.9129,20.37984,-1.98376,0.40184,-0.47204,0.44746,-0.23894,0.06918,-0.00838,3.75914,26.66671,-16.4086,0.45345,-0.0458,0.04224,-0.03522,0.01129,-0.00141,-0.47227,-14.40014,0.25322,-0.03875,0.09959,-0.133,0.07236,-0.01994,0.00231,,,,,,,,,,,,,,,,,,,,,,,High,High,High,High,Medium,,,
74,2025-03-15,14:56:32.48,3,1,"Gatti, JJ",1000236662,Right,DAY_FLY,"Hueber, Toby",1000091691,Right,GEO_PAT,Undefined,2,Bottom,0,0,0,Fastball,Four-Seam,InPlay,Undefined,LineDrive,Single,0,1,,88.32453,-2.846792,-1.899282,2307.807965,215.304066,1:15,6.05004,1.08795,6.46615,-16.23107,19.17662,12.7032,2.07903,0.40139,80.13956,-5.984377,0.404874,0.428273,82.31635,18.29389,4.416425,2091.478818,109.05059,25.98859,14.41978,236.92636,236.92636,12.24429,2.828331,-7.27918,11.30162,-0.95937,50,5.84151,3.76577,-128.14983,-6.77615,-11.97802,29.07179,-13.57701,GEO_PAT,DAY_FLY,SpuhlerFieldMain,D1,A10,20250315-SpuhlerFieldMain-2,3674fce0-01cf-11f0-9269-ed641e036766,88.01039,26.80394,,8.18497,,,,1.77028,2.13046,-0.39514,b0b8cc55-1461-41bf-b18a-f9f6bd8e04da,2025-03-15,18:56:32.48,2025-03-15T14:56:32.4880000-04:00,2025-03-15T18:56:32.4880000Z,LineDrive,v3,471300,471281,15 March 2025 14:00-dayton@georgemas,"MacDougall, Ryan",1000268563,Right,DAY_FLY,c3e60164-a570-4e2f-9f09-5cdca184f690,54.03612,-129.06221,14.5359,6.04749,-6.35005,-6.7885,-1.08345,4.14168,-5.98901,226.955512,1.77025,114.2898,-17.90686,3.47829,-0.68303,0.11581,-0.01574,0.00147,-6E-05,2.13058,37.88894,-15.58377,1.00049,-0.25121,0.09896,-0.03041,0.00582,-0.00048,-0.39501,8.81948,5.509,-1.31409,0.21994,0.00719,-0.01687,0.00428,-0.00039,,,,,,,,,,,,,,,,,,,,,,,High,High,High,High,High,,,
75,2025-03-15,14:57:39.90,4,1,"Gatti, JJ",1000236662,Right,DAY_FLY,"Hull, Owen",10054797,Left,GEO_PAT,Undefined,2,Bottom,0,0,0,Curveball,Curveball,InPlay,Undefined,LineDrive,Single,0,0,,74.11221,0.179278,-0.397624,2108.641178,113.904182,9:45,6.00984,1.44926,5.57493,-44.44317,7.11004,-12.33119,2.47371,0.05024,68.05731,-7.981985,-2.599913,0.516772,108.06499,12.465853,15.831702,1497.351391,103.42927,17.23893,37.44747,227.43053,227.43053,24.902636,1.940408,6.18095,3.99827,-1.4065,50,5.99604,1.18706,-107.63084,-1.00758,7.22615,19.26633,-27.49965,GEO_PAT,DAY_FLY,SpuhlerFieldMain,D1,A10,20250315-SpuhlerFieldMain-2,5eaab830-01cf-11f0-9269-ed641e036766,72.93818,17.41172,,6.0549,,,,2.49665,2.64012,-0.08229,b0b8cc55-1461-41bf-b18a-f9f6bd8e04da,2025-03-15,18:57:39.90,2025-03-15T14:57:39.9070000-04:00,2025-03-15T18:57:39.9070000Z,LineDrive,v3,471300,471281,15 March 2025 14:00-dayton@georgemas,"MacDougall, Ryan",1000268563,Right,DAY_FLY,afb9be95-428c-4e51-b8b7-3eed192f7f43,54.9281,-108.5094,9.63316,6.01339,0.24643,-13.74983,-1.45312,0.85754,3.61307,263.371255,2.49668,148.88375,-32.42175,7.03182,-1.09524,-0.1075,0.13977,-0.04179,0.0047,2.64011,34.21396,-21.41832,2.1964,-0.5792,0.28275,-0.12436,0.03244,-0.00359,-0.08234,42.2276,9.25221,-4.35661,0.56788,0.50229,-0.36619,0.10639,-0.01213,,,,,,,,,,,,,,,,,,,,,,,High,High,High,High,High,,,
76,2025-03-15,14:58:21.62,5,1,"Gatti, JJ",1000236662,Right,DAY_FLY,"Quinn-Irons, Jaime",1000216379,Right,GEO_PAT,Undefined,2,Bottom,0,0,0,Curveball,Changeup,FoulBallNotFieldable,Undefined,Undefined,Undefined,0,0,,75.76322,0.043167,-2.30133,1871.872777,252.970841,2:30,5.92699,1.13983,6.35018,-41.42022,5.88709,14.89623,2.51508,0.26157,70.36441,-7.641574,0.396422,0.495035,,,,,,,,,,,,-8.43701,3.41197,-0.97985,50,5.91024,3.95372,-110.24064,-1.04408,-10.48881,17.72237,-27.9323,GEO_PAT,DAY_FLY,SpuhlerFieldMain,D1,A10,20250315-SpuhlerFieldMain-2,778a3650-01cf-11f0-9269-ed641e036766,76.14102,,,5.39881,,,,,,,b0b8cc55-1461-41bf-b18a-f9f6bd8e04da,2025-03-15,18:58:21.62,2025-03-15T14:58:21.6210000-04:00,2025-03-15T18:58:21.6210000Z,,v3,471300,471281,15 March 2025 14:00-dayton@georgemas,"MacDougall, Ryan",1000268563,Right,DAY_FLY,ad0b09ce-c342-4e84-928d-22bb65633b34,54.15548,-110.90666,8.86118,5.92976,0.00565,-13.96615,-1.13584,4.3479,-5.2444,,,,,,,,,,,,,,,,,,,,,,,,,,,,,,,,,,,,,,,,,,,,,,,,,,,High,High,High,,,,,
77,2025-03-15,14:58:43.26,5,2,"Gatti, JJ",1000236662,Right,DAY_FLY,"Quinn-Irons, Jaime",1000216379,Right,GEO_PAT,Undefined,2,Bottom,0,0,1,Fastball,Four-Seam,HitByPitch,Undefined,Undefined,Undefined,0,0,,86.9845,0.693843,-0.435968,2176.412244,217.692059,1:15,6.1269,0.97016,6.30618,-22.32765,14.13312,10.008,4.90556,1.40249,79.11555,-3.551176,1.374035,0.434594,55.85796,-2.898185,152.077311,4434.214546,,,,31.02372,31.02372,155.013318,0.388852,-5.32567,7.49784,-0.94273,50,6.16702,0.56929,-126.40389,0.89552,-8.57213,27.00739,-20.10564,GEO_PAT,DAY_FLY,SpuhlerFieldMain,D1,A10,20250315-SpuhlerFieldMain-2,846dece0-01cf-11f0-9269-ed641e036766,86.73013,4.65833,,7.86895,,,,-0.21844,4.65833,-1.44004,b0b8cc55-1461-41bf-b18a-f9f6bd8e04da,2025-03-15,18:58:43.26,2025-03-15T14:58:43.2680000-04:00,2025-03-15T18:58:43.2680000Z,GroundBall,v3,471300,471281,15 March 2025 14:00-dayton@georgemas,"MacDougall, Ryan",1000268563,Right,DAY_FLY,522618f3-2afd-47ef-a7ca-7f42c6670468,54.19489,-127.29701,13.50369,6.12641,1.5604,-10.05282,-0.96625,0.85277,-4.28606,339.335657,-0.21678,-72.35055,1.51231,,,,,,,4.65932,-4.17615,-20.08128,,,,,,,-1.44082,38.34092,-2.39846,,,,,,,,,,,,,,,,,,,,,,,,,,,,,High,High,High,High,High,,,
78,2025-03-15,15:00:39.55,6,1,"Gatti, JJ",1000236662,Right,DAY_FLY,"Butler, Jake",1000176047,Right,GEO_PAT,Undefined,2,Bottom,0,0,0,Fastball,Four-Seam,BallCalled,Undefined,Undefined,Undefined,0,0,,86.86657,-0.595886,-2.275825,2126.093032,219.682928,1:15,6.14277,1.07677,6.4631,-20.75918,15.64198,11.97875,3.86502,-0.0166,79.01245,-4.563959,-0.104298,0.434239,,,,,,,,,,,,-6.88536,8.70363,-0.92063,50,6.09117,4.54569,-126.15599,-1.86644,-11.03868,26.91173,-18.2203,GEO_PAT,DAY_FLY,SpuhlerFieldMain,D1,A10,20250315-SpuhlerFieldMain-2,c9a00190-01cf-11f0-9269-ed641e036766,86.80112,,,7.85413,,,,,,,b0b8cc55-1461-41bf-b18a-f9f6bd8e04da,2025-03-15,19:00:39.55,2025-03-15T15:00:39.5540000-04:00,2025-03-15T19:00:39.5540000Z,,v3,471300,471281,15 March 2025 14:00-dayton@georgemas,"MacDougall, Ryan",1000268563,Right,DAY_FLY,b07d1432-1b17-490f-b66f-3574f3fd27ec,54.03709,-127.01427,13.45587,6.14143,-1.28535,-9.11015,-1.07122,4.89773,-5.51934,,,,,,,,,,,,,,,,,,,,,,,,,,,,,,,,,,,,,,,,,,,,,,,,,,,High,High,High,,,,,
79,2025-03-15,15:00:58.20,6,2,"Gatti, JJ",1000236662,Right,DAY_FLY,"Butler, Jake",1000176047,Right,GEO_PAT,Undefined,2,Bottom,0,1,0,ChangeUp,Changeup,StrikeCalled,Undefined,Undefined,Undefined,0,0,,75.81938,-0.780655,-3.482331,1879.481614,259.217956,2:45,5.9713,0.96043,6.65743,-42.57105,4.99229,17.84615,1.70791,-0.74328,69.38763,-8.747011,-0.233228,0.496372,,,,,,,,,,,,-10.4528,3.34358,-0.73248,50,5.90185,6.12227,-110.07308,-2.60916,-12.72825,20.90768,-28.10258,GEO_PAT,DAY_FLY,SpuhlerFieldMain,D1,A10,20250315-SpuhlerFieldMain-2,d4e6d100-01cf-11f0-9269-ed641e036766,75.93581,,,6.43175,,,,,,,b0b8cc55-1461-41bf-b18a-f9f6bd8e04da,2025-03-15,19:00:58.20,2025-03-15T15:00:58.2080000-04:00,2025-03-15T19:00:58.2080000Z,,v3,471300,471281,15 March 2025 14:00-dayton@georgemas,"MacDougall, Ryan",1000268563,Right,DAY_FLY,cfbf05d1-c42c-4237-9d38-db538e21e4a3,53.84561,-110.80112,10.45384,5.97566,-1.63058,-14.05129,-0.95338,6.56549,-6.36413,,,,,,,,,,,,,,,,,,,,,,,,,,,,,,,,,,,,,,,,,,,,,,,,,,,High,High,High,,,,,
80,2025-03-15,15:01:19.69,6,3,"Gatti, JJ",1000236662,Right,DAY_FLY,"Butler, Jake",1000176047,Right,GEO_PAT,Undefined,2,Bottom,0,1,1,ChangeUp,Changeup,InPlay,Undefined,GroundBall,Single,0,2,,76.17456,-0.202209,-3.203677,1835.280223,261.693474,2:45,5.99756,1.01438,6.67602,-43.06156,3.96477,16.48237,2.22381,-0.54604,69.69147,-8.266556,-0.201634,0.493562,92.59798,-5.261497,2.926035,,,,,20.42504,18.05592,4.415946,0.142118,-9.70111,2.58307,-0.80597,50,5.96692,5.66919,-110.64795,-1.5101,-11.93961,21.07824,-28.99495,GEO_PAT,DAY_FLY,SpuhlerFieldMain,D1,A10,20250315-SpuhlerFieldMain-2,e1b021c0-01cf-11f0-9269-ed641e036766,76.36816,2.24504,,6.4831,,,,1.57873,2.24504,0.53883,b0b8cc55-1461-41bf-b18a-f9f6bd8e04da,2025-03-15,19:01:19.69,2025-03-15T15:01:19.6930000-04:00,2025-03-15T19:01:19.6930000Z,GroundBall,v3,471300,471281,15 March 2025 14:00-dayton@georgemas,"MacDougall, Ryan",1000268563,Right,DAY_FLY,1c64c250-1573-4856-be03-b307dcac852d,53.82775,-111.37474,10.53912,6.00175,-0.51033,-14.49747,-1.00854,6.08088,-5.96981,339.069907,1.57905,135.03192,-20.07471,,,,,,,2.24553,-12.49949,-23.25313,,,,,,,0.53872,6.91362,2.54954,,,,,,,,,,,,,,,,,,,,,,,,,,,,,High,High,High,High,High,,,
81,2025-03-15,15:02:26.38,7,1,"Gatti, JJ",1000236662,Right,DAY_FLY,"Raymond, Andrew",10148052,Left,GEO_PAT,Undefined,2,Bottom,0,0,0,Fastball,Four-Seam,FoulBallNotFieldable,Undefined,Undefined,Undefined,0,0,,88.22362,-2.998552,-1.747394,2214.250853,219.587628,1:15,6.14391,1.2676,6.24724,-18.42733,17.36658,13.32635,1.83881,0.76594,80.11294,-6.515619,0.660693,0.430602,,,,,,,,,,,,-7.40705,10.28071,-1.14365,50,5.9113,3.35991,-127.91596,-7.20279,-12.15867,28.67156,-15.29826,GEO_PAT,DAY_FLY,SpuhlerFieldMain,D1,A10,20250315-SpuhlerFieldMain-2,09633f90-01d0-11f0-9269-ed641e036766,87.53428,,,8.11067,,,,,,,b0b8cc55-1461-41bf-b18a-f9f6bd8e04da,2025-03-15,19:02:26.38,2025-03-15T15:02:26.3830000-04:00,2025-03-15T19:02:26.3830000Z,,v3,471300,471281,15 March 2025 14:00-dayton@georgemas,"MacDougall, Ryan",1000268563,Right,DAY_FLY,159283db-9a8d-4e3d-8770-e49e80a2c8d9,54.25287,-128.86568,14.33578,6.1415,-6.69604,-7.64913,-1.26162,3.76266,-6.07934,,,,,,,,,,,,,,,,,,,,,,,,,,,,,,,,,,,,,,,,,,,,,,,,,,,High,High,High,,,,,
82,2025-03-15,15:02:56.29,7,2,"Gatti, JJ",1000236662,Right,DAY_FLY,"Raymond, Andrew",10148052,Left,GEO_PAT,Undefined,2,Bottom,0,0,1,Fastball,Four-Seam,StrikeCalled,Undefined,Undefined,Undefined,0,0,,86.61393,-2.746478,-3.224986,2209.431681,209.536145,1:00,6.11308,1.28268,6.31708,-16.10985,20.82863,11.09201,2.23481,-0.76672,78.85653,-5.855553,-1.222392,0.437432,,,,,,,,,,,,-6.73248,12.02548,-1.05159,50,5.90379,6.64791,-125.55355,-6.42599,-10.69151,26.63868,-13.07705,GEO_PAT,DAY_FLY,SpuhlerFieldMain,D1,A10,20250315-SpuhlerFieldMain-2,1b3a0d20-01d0-11f0-9269-ed641e036766,86.16747,,,7.7574,,,,,,,b0b8cc55-1461-41bf-b18a-f9f6bd8e04da,2025-03-15,19:02:56.29,2025-03-15T15:02:56.2960000-04:00,2025-03-15T19:02:56.2960000Z,,v3,471300,471281,15 March 2025 14:00-dayton@georgemas,"MacDougall, Ryan",1000268563,Right,DAY_FLY,3419ce7d-6fcd-4167-8747-6e10f9e642a9,54.18479,-126.43832,13.31934,6.11001,-5.99165,-6.53853,-1.27829,7.00301,-5.34575,,,,,,,,,,,,,,,,,,,,,,,,,,,,,,,,,,,,,,,,,,,,,,,,,,,High,High,High,,,,,
83,2025-03-15,15:04:04.36,7,3,"Gatti, JJ",1000236662,Right,DAY_FLY,"Raymond, Andrew",10148052,Left,GEO_PAT,Undefined,2,Bottom,0,0,2,ChangeUp,Changeup,BallCalled,Undefined,Undefined,Undefined,0,0,,77.6267,-2.452076,-3.109973,2040.95102,251.542558,2:30,5.95604,1.39247,6.54771,-37.51585,7.91146,19.27564,0.57624,0.14383,71.42853,-9.442316,0.396036,0.485099,,,,,,,,,,,,-11.12327,5.2724,-1.1853,50,5.76998,5.49875,-112.68272,-5.82733,-14.24994,21.16733,-25.41963,GEO_PAT,DAY_FLY,SpuhlerFieldMain,D1,A10,20250315-SpuhlerFieldMain-2,43d4f2e0-01d0-11f0-9269-ed641e036766,77.70057,,,6.19817,,,,,,,b0b8cc55-1461-41bf-b18a-f9f6bd8e04da,2025-03-15,19:04:04.36,2025-03-15T15:04:04.3630000-04:00,2025-03-15T19:04:04.3630000Z,,v3,471300,471281,15 March 2025 14:00-dayton@georgemas,"MacDougall, Ryan",1000268563,Right,DAY_FLY,ee16fafc-5f5b-4724-b59a-153bd42e8d45,53.95682,-113.42357,10.58366,5.95836,-4.93765,-12.70982,-1.38648,5.99749,-7.12497,,,,,,,,,,,,,,,,,,,,,,,,,,,,,,,,,,,,,,,,,,,,,,,,,,,High,High,High,,,,,
84,2025-03-15,15:04:28.03,7,4,"Gatti, JJ",1000236662,Right,DAY_FLY,"Raymond, Andrew",10148052,Left,GEO_PAT,Undefined,2,Bottom,0,1,2,Slider,Curveball,InPlay,Undefined,LineDrive,Sacrifice,1,1,,74.75467,0.083124,-0.623176,2176.628576,108.740374,9:30,6.09862,1.4532,5.65167,-44.45443,6.02205,-13.06737,2.47162,-0.21702,68.74509,-8.079824,-2.960143,0.511347,99.7684,19.75054,26.402883,1728.032359,95.32952,29.51009,54.88378,277.09363,277.09363,34.980425,2.697466,6.5052,3.47512,-1.39168,50,6.07727,1.64777,-108.58841,-1.18951,7.74849,19.44345,-28.03473,GEO_PAT,DAY_FLY,SpuhlerFieldMain,D1,A10,20250315-SpuhlerFieldMain-2,51f37360-01d0-11f0-9269-ed641e036766,73.71204,31.86044,,6.00958,,,,2.20057,2.59387,0.13382,b0b8cc55-1461-41bf-b18a-f9f6bd8e04da,2025-03-15,19:04:28.03,2025-03-15T15:04:28.0330000-04:00,2025-03-15T19:04:28.0330000Z,LineDrive,v3,471300,471281,15 March 2025 14:00-dayton@georgemas,"MacDougall, Ryan",1000268563,Right,DAY_FLY,7f486053-f0a6-4516-9044-719de4a9d2d9,54.85155,-109.45366,9.72173,6.10244,0.05806,-14.01737,-1.45734,1.30295,3.87425,259.803282,2.20065,123.34936,-25.06754,6.38855,-1.37703,0.16284,0.01726,-0.01159,0.00148,2.59383,49.44957,-23.4308,2.49301,-0.41106,0.09766,-0.03376,0.00881,-0.00098,0.13383,61.24032,2.75732,-3.09366,1.23342,-0.37684,0.08992,-0.01425,0.00102,,,,,,,,,,,,,,,,,,,,,,,High,High,High,High,High,,,
85,2025-03-15,15:05:10.45,8,1,"Gatti, JJ",1000236662,Right,DAY_FLY,"Alberti, Lucas",1000145512,Right,GEO_PAT,Undefined,2,Bottom,1,0,0,Fastball,Four-Seam,StrikeCalled,Undefined,Undefined,Undefined,0,0,,87.65863,-2.625305,-2.659735,2347.251064,214.879345,1:15,6.13315,1.02703,6.40987,-17.73879,18.10056,11.78812,2.23665,-0.43801,79.97791,-6.023191,-0.525489,0.430875,,,,,,,,,,,,-6.9204,10.56493,-0.84164,50,5.93662,5.45182,-127.17715,-6.29573,-11.29419,26.94047,-14.93195,GEO_PAT,DAY_FLY,SpuhlerFieldMain,D1,A10,20250315-SpuhlerFieldMain-2,6b3d7320-01d0-11f0-9269-ed641e036766,87.47879,,,7.68071,,,,,,,b0b8cc55-1461-41bf-b18a-f9f6bd8e04da,2025-03-15,19:05:10.45,2025-03-15T15:05:10.4580000-04:00,2025-03-15T19:05:10.4580000Z,,v3,471300,471281,15 March 2025 14:00-dayton@georgemas,"MacDougall, Ryan",1000268563,Right,DAY_FLY,9e7a8a8b-af8c-441a-bb6e-c683ab179b0f,54.09182,-128.041,13.47023,6.13081,-5.81693,-7.46597,-1.02226,5.81397,-5.64709,,,,,,,,,,,,,,,,,,,,,,,,,,,,,77.52465,2.089022,0.808602,1.28042,0.54258,2.14391,0.44575,2.02612,5.43571,2.66807,127.27684,-0.78806,7.96914,2.19967,111.49348,-10.91017,5.42748,8.18204,-10.17972,2.59176,-0.11194,3.42081,High,High,High,,,High,High,High
86,2025-03-15,15:05:54.11,8,2,"Gatti, JJ",1000236662,Right,DAY_FLY,"Alberti, Lucas",1000145512,Right,GEO_PAT,Undefined,2,Bottom,1,0,1,Fastball,Four-Seam,StrikeCalled,Undefined,Undefined,Undefined,0,0,,88.74564,-2.720614,-2.39853,2257.487693,208.391389,1:00,6.09677,0.99639,6.24878,-14.41564,20.93249,10.64922,2.38212,-0.32966,80.51358,-5.520694,-0.47638,0.427912,,,,,,,,,,,,-6.23024,12.02883,-0.82286,50,5.88678,4.95613,-128.6642,-6.46216,-10.35739,28.75885,-12.17692,GEO_PAT,DAY_FLY,SpuhlerFieldMain,D1,A10,20250315-SpuhlerFieldMain-2,8540b0c0-01d0-11f0-9269-ed641e036766,88.08454,,,8.23206,,,,,,,b0b8cc55-1461-41bf-b18a-f9f6bd8e04da,2025-03-15,19:05:54.11,2025-03-15T15:05:54.1190000-04:00,2025-03-15T19:05:54.1190000Z,,v3,471300,471281,15 March 2025 14:00-dayton@georgemas,"MacDougall, Ryan",1000268563,Right,DAY_FLY,b96c94fa-ead2-4b26-bf39-53c197d00a38,54.25164,-129.61104,14.37943,6.09294,-6.06126,-6.08846,-0.99165,5.29713,-5.17869,,,,,,,,,,,,,,,,,,,,,,,,,,,,,,,,,,,,,,,,,,,,,,,,,,,High,High,High,,,,,
87,2025-03-15,15:06:11.14,8,3,"Gatti, JJ",1000236662,Right,DAY_FLY,"Alberti, Lucas",1000145512,Right,GEO_PAT,Undefined,2,Bottom,1,0,2,Slider,Slider,InPlay,Undefined,GroundBall,Out,1,0,,77.86692,-0.92844,-0.867421,2310.845081,98.875355,9:15,6.06162,1.16789,5.89651,-42.16294,3.92701,-15.96836,1.68585,-0.96823,71.77393,-8.674739,-3.737588,0.488624,63.30705,-15.405367,-1.927786,,,,,9.499,8.78902,3.93363,0.076058,8.00981,2.66705,-1.08856,50,5.96242,2.28425,-113.15588,-3.12069,10.35729,21.16671,-28.72537,GEO_PAT,DAY_FLY,SpuhlerFieldMain,D1,A10,20250315-SpuhlerFieldMain-2,8f6435e0-01d0-11f0-9269-ed641e036766,77.14002,1.88204,,6.09299,,,,2.65029,1.88204,0.88141,b0b8cc55-1461-41bf-b18a-f9f6bd8e04da,2025-03-15,19:06:11.14,2025-03-15T15:06:11.1410000-04:00,2025-03-15T19:06:11.1410000Z,GroundBall,v3,471300,471281,15 March 2025 14:00-dayton@georgemas,"MacDougall, Ryan",1000268563,Right,DAY_FLY,cf7d0489-266e-4253-9886-f38f6bb5ff61,54.60769,-114.01453,10.58336,6.06538,-1.95542,-14.36269,-1.1727,1.86409,5.17865,180,2.64675,89.75206,,,,,,,,1.88301,-24.74489,,,,,,,,0.88153,-3.02096,,,,,,,,,,,,,,,,,,,,,,,,,,,,,,High,High,High,High,High,,,
88,2025-03-15,15:08:36.31,1,1,"Cassedy, Brandon",1000183671,Right,GEO_PAT,"Mainolfi, Ty",10109715,Left,DAY_FLY,Undefined,3,Top,0,0,0,Fastball,Four-Seam,BallCalled,Undefined,Undefined,Undefined,0,0,,87.23942,-2.774006,0.452282,2137.874159,191.551757,12:30,5.70403,0.70994,6.18812,-15.18391,21.49426,4.13016,1.87519,1.47175,79.10883,-5.714474,1.197691,0.435888,,,,,,,,,,,,-1.98953,12.33745,-0.74603,50,5.48675,-1.16596,-126.52747,-6.49347,-3.19314,28.21453,-12.37289,GEO_PAT,DAY_FLY,SpuhlerFieldMain,D1,A10,20250315-SpuhlerFieldMain-2,e5e830b0-01d0-11f0-9269-ed641e036766,86.47271,,,8.13059,,,,,,,b0b8cc55-1461-41bf-b18a-f9f6bd8e04da,2025-03-15,19:08:36.31,2025-03-15T15:08:36.3120000-04:00,2025-03-15T19:08:36.3120000Z,,v3,471300,471281,15 March 2025 14:00-dayton@georgemas,"Raymond, Andrew",10148052,Right,GEO_PAT,f065db92-f366-4d06-aa3f-8c4d8a6cba31,54.31126,-127.48522,14.10727,5.70004,-6.07347,-6.18644,-0.70829,-1.05757,-1.59657,,,,,,,,,,,,,,,,,,,,,,,,,,,,,,,,,,,,,,,,,,,,,,,,,,,High,High,High,,,,,
89,2025-03-15,15:08:55.21,1,2,"Cassedy, Brandon",1000183671,Right,GEO_PAT,"Mainolfi, Ty",10109715,Left,DAY_FLY,Undefined,3,Top,0,1,0,Fastball,Four-Seam,BallCalled,Undefined,Undefined,Undefined,0,0,,88.46999,-0.660643,0.298879,2216.621296,180.525388,12:00,5.67361,0.75358,6.40164,-14.20237,21.00454,0.18177,3.88249,1.0436,80.25006,-3.438484,0.331812,0.427056,,,,,,,,,,,,-0.00469,11.47603,-0.77509,50,5.61926,-0.67775,-128.52489,-1.79711,-0.00781,28.47563,-13.12011,GEO_PAT,DAY_FLY,SpuhlerFieldMain,D1,A10,20250315-SpuhlerFieldMain-2,f10ecdf0-01d0-11f0-9269-ed641e036766,88.26102,,,8.21994,,,,,,,b0b8cc55-1461-41bf-b18a-f9f6bd8e04da,2025-03-15,19:08:55.21,2025-03-15T15:08:55.2170000-04:00,2025-03-15T19:08:55.2170000Z,,v3,471300,471281,15 March 2025 14:00-dayton@georgemas,"Raymond, Andrew",10148052,Right,GEO_PAT,b9e558fc-061e-4f46-ae44-63dd451bcfe6,54.09762,-129.42956,14.23782,5.66973,-1.38028,-6.56006,-0.75356,-0.6775,-0.0039,,,,,,,,,,,,,,,,,,,,,,,,,,,,,,,,,,,,,,,,,,,,,,,,,,,High,High,High,,,,,
90,2025-03-15,15:09:16.70,1,3,"Cassedy, Brandon",1000183671,Right,GEO_PAT,"Mainolfi, Ty",10109715,Left,DAY_FLY,Undefined,3,Top,0,2,0,Fastball,Four-Seam,StrikeCalled,Undefined,Undefined,Undefined,0,0,,87.68572,-2.245549,-1.372455,2283.818417,179.8333,12:00,5.67014,0.60249,6.69136,-14.85898,20.4719,-0.05622,2.37651,-0.65766,80.06889,-5.13619,-1.382694,0.427808,,,,,,,,,,,,-0.36425,11.81237,-0.51099,50,5.51405,3.05466,-127.41233,-5.32531,-0.59686,26.94808,-12.81738,GEO_PAT,DAY_FLY,SpuhlerFieldMain,D1,A10,20250315-SpuhlerFieldMain-2,fdf606f0-01d0-11f0-9269-ed641e036766,88.10605,,,7.61683,,,,,,,b0b8cc55-1461-41bf-b18a-f9f6bd8e04da,2025-03-15,19:09:16.70,2025-03-15T15:09:16.7060000-04:00,2025-03-15T19:09:16.7060000Z,,v3,471300,471281,15 March 2025 14:00-dayton@georgemas,"Raymond, Andrew",10148052,Right,GEO_PAT,780e4b3d-80ed-4304-8a39-d3205f08e5c8,53.81047,-128.21572,13.47404,5.66711,-4.94319,-6.40869,-0.60232,3.07246,-0.29843,,,,,,,,,,,,,,,,,,,,,,,,,,,,,,,,,,,,,,,,,,,,,,,,,,,High,High,High,,,,,
91,2025-03-15,15:09:38.48,1,4,"Cassedy, Brandon",1000183671,Right,GEO_PAT,"Mainolfi, Ty",10109715,Left,DAY_FLY,Undefined,3,Top,0,2,1,Fastball,Four-Seam,BallCalled,Undefined,Undefined,Undefined,0,0,,87.97131,-2.177192,0.396418,2164.580489,198.34337,12:30,5.66845,0.62932,6.42483,-15.79024,19.86749,6.18189,2.35023,1.50889,79.87901,-5.235106,1.517143,0.429782,,,,,,,,,,,,-3.09311,11.3828,-0.66012,50,5.50563,-1.12789,-127.71949,-5.23069,-5.06468,28.44458,-13.53588,GEO_PAT,DAY_FLY,SpuhlerFieldMain,D1,A10,20250315-SpuhlerFieldMain-2,0af5f810-01d1-11f0-9269-ed641e036766,87.70131,,,8.0923,,,,,,,b0b8cc55-1461-41bf-b18a-f9f6bd8e04da,2025-03-15,19:09:38.48,2025-03-15T15:09:38.4860000-04:00,2025-03-15T19:09:38.4860000Z,,v3,471300,471281,15 March 2025 14:00-dayton@georgemas,"Raymond, Andrew",10148052,Right,GEO_PAT,52fe02f4-27d4-469e-aa3b-e6521897ac76,54.07492,-128.62382,14.22229,5.66509,-4.80035,-6.76794,-0.62682,-0.96687,-2.53234,,,,,,,,,,,,,,,,,,,,,,,,,,,,,,,,,,,,,,,,,,,,,,,,,,,High,High,High,,,,,
92,2025-03-15,15:09:57.87,1,5,"Cassedy, Brandon",1000183671,Right,GEO_PAT,"Mainolfi, Ty",10109715,Left,DAY_FLY,Undefined,3,Top,0,3,1,Fastball,Four-Seam,BallCalled,Walk,Undefined,Undefined,0,0,,88.12778,-3.401267,-1.546284,2176.299483,193.848044,12:30,5.60834,0.5421,6.6916,-15.82576,19.56643,4.50977,1.17399,-0.49663,79.79502,-6.477752,-0.724727,0.428179,,,,,,,,,,,,-2.90362,11.83398,-0.44077,50,5.37488,3.28738,-127.83378,-7.96429,-4.73593,29.87471,-12.87239,GEO_PAT,DAY_FLY,SpuhlerFieldMain,D1,A10,20250315-SpuhlerFieldMain-2,167c8fa0-01d1-11f0-9269-ed641e036766,88.02968,,,8.33277,,,,,,,b0b8cc55-1461-41bf-b18a-f9f6bd8e04da,2025-03-15,19:09:57.87,2025-03-15T15:09:57.8710000-04:00,2025-03-15T19:09:57.8710000Z,,v3,471300,471281,15 March 2025 14:00-dayton@georgemas,"Raymond, Andrew",10148052,Right,GEO_PAT,18a0666e-0f73-49c2-baaa-7c428f9333f8,53.81071,-128.72126,14.93736,5.60579,-7.58189,-6.43619,-0.54052,3.42807,-2.36796,,,,,,,,,,,,,,,,,,,,,,,,,,,,,,,,,,,,,,,,,,,,,,,,,,,High,High,High,,,,,
93,2025-03-15,15:10:34.30,2,1,"Cassedy, Brandon",1000183671,Right,GEO_PAT,"Heberlie, Aiden",809345,Right,DAY_FLY,Undefined,3,Top,0,0,0,Cutter,Slider,BallCalled,Undefined,Undefined,Undefined,0,0,,81.39261,-0.936385,1.370718,2534.047396,97.236947,9:15,5.69637,0.76102,5.83624,-39.06077,2.41532,-10.68985,1.57059,1.14454,76.209,-8.072387,-0.549162,0.463522,,,,,,,,,,,,5.85252,1.71784,-0.8662,50,5.59629,-2.44348,-118.481,-3.20335,8.47238,18.72854,-29.68721,GEO_PAT,DAY_FLY,SpuhlerFieldMain,D1,A10,20250315-SpuhlerFieldMain-2,2c41ae60-01d1-11f0-9269-ed641e036766,81.31748,,,5.18361,,,,,,,b0b8cc55-1461-41bf-b18a-f9f6bd8e04da,2025-03-15,19:10:34.30,2025-03-15T15:10:34.3070000-04:00,2025-03-15T19:10:34.3070000Z,,v3,471300,471281,15 March 2025 14:00-dayton@georgemas,"Raymond, Andrew",10148052,Right,GEO_PAT,d8932259-9d69-4206-ae5b-9a6c9898e0ea,54.67012,-119.21693,9.36427,5.69924,-2.0368,-14.84361,-0.76365,-2.77639,4.23619,,,,,,,,,,,,,,,,,,,,,,,,,,,,,,,,,,,,,,,,,,,,,,,,,,,High,High,High,,,,,
94,2025-03-15,15:10:52.73,2,2,"Cassedy, Brandon",1000183671,Right,GEO_PAT,"Heberlie, Aiden",809345,Right,DAY_FLY,Undefined,3,Top,0,1,0,Fastball,Four-Seam,StrikeCalled,Undefined,Undefined,Undefined,0,0,,87.73363,-1.623249,0.001343,2215.928218,179.356543,12:00,5.68345,0.54808,6.47246,-17.40757,18.10202,-0.19055,2.74161,0.53344,80.19128,-4.965445,-0.033241,0.428888,,,,,,,,,,,,0.10039,10.28938,-0.5481,50,5.56108,0.00425,-127.53112,-4.05822,0.16508,26.65608,-15.25798,GEO_PAT,DAY_FLY,SpuhlerFieldMain,D1,A10,20250315-SpuhlerFieldMain-2,37372980-01d1-11f0-9269-ed641e036766,87.88404,,,7.54235,,,,,,,b0b8cc55-1461-41bf-b18a-f9f6bd8e04da,2025-03-15,19:10:52.73,2025-03-15T15:10:52.7310000-04:00,2025-03-15T19:10:52.7310000Z,,v3,471300,471281,15 March 2025 14:00-dayton@georgemas,"Raymond, Andrew",10148052,Right,GEO_PAT,87c9a9b7-b43e-4f55-88a3-e99fd0b5d747,54.02933,-128.37056,13.32804,5.68131,-3.57772,-7.62899,-0.54815,-0.00095,0.08254,,,,,,,,,,,,,,,,,,,,,,,,,,,,,,,,,,,,,,,,,,,,,,,,,,,High,High,High,,,,,
95,2025-03-15,15:11:24.86,2,3,"Cassedy, Brandon",1000183671,Right,GEO_PAT,"Heberlie, Aiden",809345,Right,DAY_FLY,Undefined,3,Top,0,1,1,Cutter,Slider,StrikeCalled,Undefined,Undefined,Undefined,0,0,,81.71044,0.232237,0.807189,2498.946273,97.935046,9:15,5.69205,0.75198,5.74655,-38.86404,2.54984,-10.42241,2.66964,0.63505,76.0678,-6.884644,-1.060351,0.463174,,,,,,,,,,,,5.54055,1.55847,-0.81246,50,5.68716,-1.27847,-118.91279,-0.80636,8.05242,19.59185,-29.90901,GEO_PAT,DAY_FLY,SpuhlerFieldMain,D1,A10,20250315-SpuhlerFieldMain-2,4a5e44d0-01d1-11f0-9269-ed641e036766,81.37856,,,5.64264,,,,,,,b0b8cc55-1461-41bf-b18a-f9f6bd8e04da,2025-03-15,19:11:24.86,2025-03-15T15:11:24.8660000-04:00,2025-03-15T19:11:24.8660000Z,,v3,471300,471281,15 March 2025 14:00-dayton@georgemas,"Raymond, Andrew",10148052,Right,GEO_PAT,da8636ea-4d96-4011-9efa-58d6cc439f2f,54.75874,-119.69426,9.79593,5.69553,0.38664,-14.9545,-0.75506,-1.59967,4.02621,,,,,,,,,,,,,,,,,,,,,,,,,,,,,,,,,,,,,,,,,,,,,,,,,,,High,High,High,,,,,
96,2025-03-15,15:12:00.48,2,4,"Cassedy, Brandon",1000183671,Right,GEO_PAT,"Heberlie, Aiden",809345,Right,DAY_FLY,Undefined,3,Top,0,1,2,Curveball,Curveball,BallCalled,Undefined,Undefined,Undefined,0,0,,74.10152,0.621688,0.593123,2539.338042,39.110938,7:15,5.71368,0.66092,5.71048,-64.45905,-12.97221,-11.89438,0.92138,0.22236,68.25472,-11.101389,-1.543641,0.51644,,,,,,,,,,,,6.30229,-6.46788,-0.70283,50,5.72498,-0.7003,-107.69359,-0.83856,7.33386,20.29728,-39.70061,GEO_PAT,DAY_FLY,SpuhlerFieldMain,D1,A10,20250315-SpuhlerFieldMain-2,5fa5f630-01d1-11f0-9269-ed641e036766,72.98519,,,5.8468,,,,,,,b0b8cc55-1461-41bf-b18a-f9f6bd8e04da,2025-03-15,19:12:00.48,2025-03-15T15:12:00.4890000-04:00,2025-03-15T19:12:00.4890000Z,,v3,471300,471281,15 March 2025 14:00-dayton@georgemas,"Raymond, Andrew",10148052,Right,GEO_PAT,647c56e5-0393-43c0-812c-babf6a90dbdd,54.79672,-108.59388,10.14864,5.72312,0.92237,-19.85031,-0.66456,-1.02559,3.66693,,,,,,,,,,,,,,,,,,,,,,,,,,,,,,,,,,,,,,,,,,,,,,,,,,,High,High,High,,,,,
97,2025-03-15,15:12:23.78,2,5,"Cassedy, Brandon",1000183671,Right,GEO_PAT,"Heberlie, Aiden",809345,Right,DAY_FLY,Undefined,3,Top,0,2,2,Fastball,Four-Seam,BallCalled,Undefined,Undefined,Undefined,0,0,,87.95783,-2.725407,-1.302304,2261.436124,172.339707,11:45,5.66865,0.54739,6.63174,-14.29883,20.99619,-2.66579,1.97909,-0.86739,80.17624,-5.511152,-1.787228,0.42759,,,,,,,,,,,,1.0191,12.19709,-0.45826,50,5.4776,3.00433,-127.71249,-6.38785,1.67468,27.53913,-12.13073,GEO_PAT,DAY_FLY,SpuhlerFieldMain,D1,A10,20250315-SpuhlerFieldMain-2,6d801ab0-01d1-11f0-9269-ed641e036766,88.1508,,,7.78159,,,,,,,b0b8cc55-1461-41bf-b18a-f9f6bd8e04da,2025-03-15,19:12:23.78,2025-03-15T15:12:23.7830000-04:00,2025-03-15T19:12:23.7830000Z,,v3,471300,471281,15 March 2025 14:00-dayton@georgemas,"Raymond, Andrew",10148052,Right,GEO_PAT,3574e884-315c-451b-9c38-5353b196559c,53.86891,-128.54406,13.76956,5.66496,-6.02156,-6.06536,-0.54822,2.95376,0.83734,,,,,,,,,,,,,,,,,,,,,,,,,,,,,,,,,,,,,,,,,,,,,,,,,,,High,High,High,,,,,
98,2025-03-15,15:12:47.73,2,6,"Cassedy, Brandon",1000183671,Right,GEO_PAT,"Heberlie, Aiden",809345,Right,DAY_FLY,Undefined,3,Top,0,3,2,Fastball,Four-Seam,BallCalled,Walk,Undefined,Undefined,0,0,,89.00626,-3.482297,-0.654588,2274.111307,180.488952,12:00,5.66567,0.38051,6.70807,-14.66198,20.09907,0.16063,1.25585,-0.20462,80.35749,-6.350741,-0.625309,0.424344,,,,,,,,,,,,-0.29913,12.14079,-0.33713,50,5.42822,1.46875,-129.08132,-8.17325,-0.49625,31.07179,-12.03359,GEO_PAT,DAY_FLY,SpuhlerFieldMain,D1,A10,20250315-SpuhlerFieldMain-2,7bbbc020-01d1-11f0-9269-ed641e036766,88.82523,,,8.64877,,,,,,,b0b8cc55-1461-41bf-b18a-f9f6bd8e04da,2025-03-15,19:12:47.73,2025-03-15T15:12:47.7320000-04:00,2025-03-15T19:12:47.7320000Z,,v3,471300,471281,15 March 2025 14:00-dayton@georgemas,"Raymond, Andrew",10148052,Right,GEO_PAT,e59810e4-1425-4c45-bcf3-ba063872037c,53.79258,-129.99104,15.5359,5.66236,-7.82093,-6.01679,-0.38034,1.48328,-0.24813,,,,,,,,,,,,,,,,,,,,,,,,,,,,,,,,,,,,,,,,,,,,,,,,,,,High,High,High,,,,,
99,2025-03-15,15:14:21.94,3,1,"Cassedy, Brandon",1000183671,Right,GEO_PAT,"DiMartini, Michael",1000136501,Right,DAY_FLY,Undefined,3,Top,0,0,0,Fastball,Four-Seam,StrikeCalled,Undefined,Undefined,Undefined,0,0,,87.4707,-2.686925,-1.476988,2137.11559,194.390097,12:30,5.67834,0.44449,6.62011,-18.29737,16.81875,4.06248,1.69017,-0.56994,81.11272,-6.158951,-0.73779,0.426505,,,,,,,,,,,,-2.50988,9.84382,-0.34578,50,5.48784,3.13365,-127.21293,-6.44831,-4.16453,23.03123,-15.84058,GEO_PAT,DAY_FLY,SpuhlerFieldMain,D1,A10,20250315-SpuhlerFieldMain-2,b3e928c0-01d1-11f0-9269-ed641e036766,88.37506,,,6.35798,,,,,,,b0b8cc55-1461-41bf-b18a-f9f6bd8e04da,2025-03-15,19:14:21.94,2025-03-15T15:14:21.9490000-04:00,2025-03-15T19:14:21.9490000Z,,v3,471300,471281,15 March 2025 14:00-dayton@georgemas,"Raymond, Andrew",10148052,Right,GEO_PAT,feed3d66-ee63-4d5b-8b76-910aafdf505d,53.88367,-127.91411,11.51561,5.67682,-5.96605,-7.92029,-0.44312,3.26044,-2.08226,,,,,,,,,,,,,,,,,,,,,,,,,,,,,,,,,,,,,,,,,,,,,,,,,,,High,High,High,,,,,
100,2025-03-15,15:14:45.22,3,2,"Cassedy, Brandon",1000183671,Right,GEO_PAT,"DiMartini, Michael",1000136501,Right,DAY_FLY,Undefined,3,Top,0,0,1,Fastball,Four-Seam,StrikeSwinging,Undefined,Undefined,Undefined,0,0,,88.6831,-1.071586,-0.866903,2158.648989,190.414009,12:15,5.71691,0.42617,6.62028,-16.51532,17.64044,3.06512,3.35902,-0.1124,81.90552,-4.235701,-0.309218,0.420633,,,,,,,,,,,,-1.83614,9.87701,-0.3685,50,5.63696,1.8403,-129.09506,-2.8325,-3.13066,24.27225,-15.33346,GEO_PAT,DAY_FLY,SpuhlerFieldMain,D1,A10,20250315-SpuhlerFieldMain-2,c1c60c60-01d1-11f0-9269-ed641e036766,89.60882,,,6.77758,,,,,,,b0b8cc55-1461-41bf-b18a-f9f6bd8e04da,2025-03-15,19:14:45.22,2025-03-15T15:14:45.2220000-04:00,2025-03-15T19:14:45.2220000Z,,v3,471300,471281,15 March 2025 14:00-dayton@georgemas,"Raymond, Andrew",10148052,Right,GEO_PAT,551b9713-5bae-4012-92d2-1c1b89f4c3b9,53.88305,-129.82309,12.13613,5.71502,-2.37258,-7.66673,-0.42511,1.9342,-1.56533,,,,,,,,,,,,,,,,,,,,,,,,,,,,,,,,,,,,,,,,,,,,,,,,,,,High,High,High,,,,,
101,2025-03-15,15:15:07.59,3,3,"Cassedy, Brandon",1000183671,Right,GEO_PAT,"DiMartini, Michael",1000136501,Right,DAY_FLY,Undefined,3,Top,0,0,2,Fastball,Four-Seam,FoulBallNotFieldable,Undefined,Undefined,Undefined,0,0,,89.89814,-2.018318,-0.742009,2200.292446,190.006812,12:15,5.75111,0.2587,6.51058,-16.15662,17.01288,2.84862,2.5515,-0.18492,83.67466,-5.085828,-0.224674,0.414516,76.88653,59.040872,115.426742,4519.566842,,,,,21.75774,,,-1.67945,9.70418,-0.20815,50,5.60284,1.59008,-130.89221,-5.05135,-2.96562,23.00488,-15.038,GEO_PAT,DAY_FLY,SpuhlerFieldMain,D1,A10,20250315-SpuhlerFieldMain-2,cf181520-01d1-11f0-9269-ed641e036766,90.93127,36.39303,,6.22348,,,,1.57369,2.44072,0.17314,b0b8cc55-1461-41bf-b18a-f9f6bd8e04da,2025-03-15,19:15:07.59,2025-03-15T15:15:07.5910000-04:00,2025-03-15T19:15:07.5910000Z,,v3,471300,471281,15 March 2025 14:00-dayton@georgemas,"Raymond, Andrew",10148052,Right,GEO_PAT,9c9c8d5f-8f8b-4ff2-a6b7-c2bc56100906,53.99439,-131.59237,11.50244,5.74961,-4.59366,-7.519,-0.25792,1.68034,-1.48281,329.216089,1.58471,-25.2808,-6.94994,,,,,,,2.45156,96.33815,-28.0222,,,,,,,0.17997,52.16216,-9.01483,,,,,,,,,,,,,,,,,,,,,,,,,,,,,High,High,High,High,Undefined,,,
102,2025-03-15,15:15:39.73,3,4,"Cassedy, Brandon",1000183671,Right,GEO_PAT,"DiMartini, Michael",1000136501,Right,DAY_FLY,Undefined,3,Top,0,0,2,Fastball,Four-Seam,InPlay,Undefined,LineDrive,Single,0,1,,88.27458,-1.163499,-0.132616,2216.470973,181.247648,12:00,5.71654,0.57883,6.50994,-14.50324,20.57938,0.42339,3.43998,0.4924,80.43461,-3.989452,-0.05574,0.426302,72.45145,13.912714,-9.138048,973.010598,109.10256,12.47638,-14.02243,161.94424,161.94424,-6.460236,1.912162,-0.26098,11.48048,-0.56974,50,5.62868,0.28091,-128.32701,-2.93864,-0.43347,27.55294,-13.10688,GEO_PAT,DAY_FLY,SpuhlerFieldMain,D1,A10,20250315-SpuhlerFieldMain-2,e2468370-01d1-11f0-9269-ed641e036766,88.41718,14.09817,,7.83997,,,,1.38403,3.49729,-0.51223,b0b8cc55-1461-41bf-b18a-f9f6bd8e04da,2025-03-15,19:15:39.73,2025-03-15T15:15:39.7340000-04:00,2025-03-15T19:15:39.7340000Z,LineDrive,v3,471300,471281,15 March 2025 14:00-dayton@georgemas,"Raymond, Andrew",10148052,Right,GEO_PAT,7d049b96-eae2-4836-92d1-e3fb2115a509,53.99172,-129.18122,13.77647,5.71349,-2.53229,-6.55344,-0.57866,0.29434,-0.21673,235.102149,1.38398,101.83932,-12.4013,2.18295,-0.77195,0.51019,-0.2945,0.0907,-0.01073,3.49731,25.54787,-16.3382,1.16265,0.0666,-0.21355,0.1426,-0.04203,0.00438,-0.51222,-16.38195,6.05375,-2.08014,0.73367,-0.28115,0.11998,-0.03396,0.00398,,,,,,,,,,,,,,,,,,,,,,,High,High,High,High,High,,,
103,2025-03-15,15:16:33.72,4,1,"Cassedy, Brandon",1000183671,Right,GEO_PAT,"Lujo, Rylan",1000102832,Right,DAY_FLY,Undefined,3,Top,0,0,0,Cutter,Slider,InPlay,Undefined,FlyBall,Sacrifice,1,1,,82.24906,0.275604,0.166181,2473.85376,83.445479,8:45,5.64823,0.71577,5.87987,-40.85093,-0.35039,-11.86304,2.49995,-0.11847,76.94201,-7.197469,-1.965433,0.458038,90.75687,23.386942,18.394395,4348.652284,100.34989,43.71436,45.05375,294.34477,289.2777,35.757112,4.172077,6.17544,0.02602,-0.72205,50,5.64626,0.09383,-119.79412,-0.76861,9.14224,19.06968,-32.13554,GEO_PAT,DAY_FLY,SpuhlerFieldMain,D1,A10,20250315-SpuhlerFieldMain-2,0277c910-01d2-11f0-9269-ed641e036766,82.29102,53.84389,,5.30706,,,,1.01557,2.48125,0.14025,b0b8cc55-1461-41bf-b18a-f9f6bd8e04da,2025-03-15,19:16:33.72,2025-03-15T15:16:33.7230000-04:00,2025-03-15T19:16:33.7230000Z,LineDrive,v3,471300,471281,15 March 2025 14:00-dayton@georgemas,"Raymond, Andrew",10148052,Right,GEO_PAT,9d3483c5-0699-4b1f-8f86-9652a3115ae6,54.62665,-120.52837,9.53484,5.65203,0.46873,-16.06777,-0.71888,-0.25818,4.57112,221.950952,1.01442,115.95933,-28.65439,6.85253,-1.55306,0.33938,-0.06564,0.00849,-0.00048,2.48277,52.79996,-13.51956,-0.51238,0.45315,-0.1634,0.03839,-0.00468,0.00021,0.14052,38.54847,4.364,-2.27082,0.60981,-0.09681,0.00734,0.00013,-5E-05,,,,,,,,,,,,,,,,,,,,,,,High,High,High,High,High,,,
104,2025-03-15,15:17:13.00,5,1,"Cassedy, Brandon",1000183671,Right,GEO_PAT,"MacDougall, Ryan",1000268563,Left,DAY_FLY,Undefined,3,Top,1,0,0,Curveball,Curveball,BallCalled,Undefined,Undefined,Undefined,0,0,,74.89345,1.935729,1.428423,2563.151743,44.246889,7:30,5.60926,0.80816,5.64429,-62.06259,-12.36359,-13.35186,2.24439,1.02831,69.78268,-9.329144,-0.961643,0.507394,,,,,,,,,,,,7.14855,-6.36563,-0.92073,50,5.73358,-2.23636,-108.94759,1.68626,8.68209,17.26058,-39.90525,GEO_PAT,DAY_FLY,SpuhlerFieldMain,D1,A10,20250315-SpuhlerFieldMain-2,19d11c60-01d2-11f0-9269-ed641e036766,74.28635,,,5.11077,,,,,,,b0b8cc55-1461-41bf-b18a-f9f6bd8e04da,2025-03-15,19:17:13.00,2025-03-15T15:17:13.0000000-04:00,2025-03-15T19:17:13.0000000Z,,v3,471300,471281,15 March 2025 14:00-dayton@georgemas,"Raymond, Andrew",10148052,Right,GEO_PAT,c328195d-e8c3-438a-8785-aab31284d785,54.86448,-109.71556,8.63029,5.61905,3.46176,-19.95263,-0.81263,-2.62265,4.34105,,,,,,,,,,,,,,,,,,,,,,,,,,,,,,,,,,,,,,,,,,,,,,,,,,,High,High,High,,,,,
105,2025-03-15,15:18:01.00,5,2,"Cassedy, Brandon",1000183671,Right,GEO_PAT,"MacDougall, Ryan",1000268563,Left,DAY_FLY,Undefined,3,Top,1,1,0,Fastball,Four-Seam,StrikeCalled,Undefined,Undefined,Undefined,0,0,,89.57662,-1.805615,0.095554,2244.997569,180.781226,12:00,5.70334,0.64644,6.52773,-13.46237,20.29375,0.26299,2.92438,0.75603,82.37884,-4.415105,0.143328,0.418165,,,,,,,,,,,,-0.11299,11.4302,-0.65319,50,5.57151,-0.22743,-130.28872,-4.41717,-0.19543,25.81331,-12.40692,GEO_PAT,DAY_FLY,SpuhlerFieldMain,D1,A10,20250315-SpuhlerFieldMain-2,365f71b0-01d2-11f0-9269-ed641e036766,90.13769,,,7.19778,,,,,,,b0b8cc55-1461-41bf-b18a-f9f6bd8e04da,2025-03-15,19:18:01.00,2025-03-15T15:18:01.0050000-04:00,2025-03-15T19:18:01.0050000Z,,v3,471300,471281,15 March 2025 14:00-dayton@georgemas,"Raymond, Andrew",10148052,Right,GEO_PAT,5acc977a-b2f9-4d17-bef6-e67d4757f0b9,53.9744,-131.07378,12.90666,5.70012,-4.03983,-6.20346,-0.64636,-0.22149,-0.09772,,,,,,,,,,,,,,,,,,,,,,,,,,,,,,,,,,,,,,,,,,,,,,,,,,,High,High,High,,,,,
106,2025-03-15,15:18:22.37,5,3,"Cassedy, Brandon",1000183671,Right,GEO_PAT,"MacDougall, Ryan",1000268563,Left,DAY_FLY,Undefined,3,Top,1,1,1,Fastball,Four-Seam,BallCalled,Undefined,Undefined,Undefined,0,0,,88.84535,0.158309,0.945615,2242.208142,185.675649,12:15,5.7272,0.75992,6.3983,-15.15359,19.43993,1.82768,4.61002,1.78199,81.2981,-2.77121,1.276625,0.42332,,,,,,,,,,,,-0.69346,10.40894,-0.82856,50,5.73117,-2.20478,-129.18629,-0.01235,-1.17473,26.30447,-14.54107,GEO_PAT,DAY_FLY,SpuhlerFieldMain,D1,A10,20250315-SpuhlerFieldMain-2,431eb050-01d2-11f0-9269-ed641e036766,89.04003,,,7.54725,,,,,,,b0b8cc55-1461-41bf-b18a-f9f6bd8e04da,2025-03-15,19:18:22.37,2025-03-15T15:18:22.3710000-04:00,2025-03-15T19:18:22.3710000Z,,v3,471300,471281,15 March 2025 14:00-dayton@georgemas,"Raymond, Andrew",10148052,Right,GEO_PAT,8e1f44c6-c675-49db-98ef-77f8e045b5b4,54.1026,-130.01897,13.15223,5.72428,0.44795,-7.27054,-0.75935,-2.16759,-0.58737,,,,,,,,,,,,,,,,,,,,,,,,,,,,,,,,,,,,,,,,,,,,,,,,,,,High,High,High,,,,,
107,2025-03-15,15:18:51.07,5,4,"Cassedy, Brandon",1000183671,Right,GEO_PAT,"MacDougall, Ryan",1000268563,Left,DAY_FLY,Undefined,3,Top,1,2,1,Fastball,Four-Seam,StrikeCalled,Undefined,Undefined,Undefined,0,0,,89.46933,-1.703205,0.329487,2305.285309,195.964878,12:30,5.61145,0.4981,6.30213,-14.8578,19.2869,5.22583,2.80351,1.23718,82.27064,-4.554929,1.27463,0.420565,,,,,,,,,,,,-2.63004,10.79327,-0.52469,50,5.47887,-0.95648,-130.09062,-4.24979,-4.53344,25.79675,-13.56965,GEO_PAT,DAY_FLY,SpuhlerFieldMain,D1,A10,20250315-SpuhlerFieldMain-2,545175b0-01d2-11f0-9269-ed641e036766,89.62335,,,7.19869,,,,,,,b0b8cc55-1461-41bf-b18a-f9f6bd8e04da,2025-03-15,19:18:51.07,2025-03-15T15:18:51.0770000-04:00,2025-03-15T19:18:51.0770000Z,,v3,471300,471281,15 March 2025 14:00-dayton@georgemas,"Raymond, Andrew",10148052,Right,GEO_PAT,ebcac650-a998-4f8a-b5e3-646c204d49f1,54.19991,-130.92081,12.89838,5.60861,-3.8131,-6.78482,-0.49626,-0.81059,-2.26672,,,,,,,,,,,,,,,,,,,,,,,,,,,,,,,,,,,,,,,,,,,,,,,,,,,High,High,High,,,,,
108,2025-03-15,15:19:13.71,5,5,"Cassedy, Brandon",1000183671,Right,GEO_PAT,"MacDougall, Ryan",1000268563,Left,DAY_FLY,Undefined,3,Top,1,2,2,Fastball,Four-Seam,InPlay,Undefined,LineDrive,Out,1,0,,90.96901,-2.190697,-0.157054,2329.430925,172.159135,11:45,5.62864,0.42442,6.48873,-13.30225,19.66529,-2.56492,2.5078,0.06648,83.25096,-4.773049,-0.622624,0.413252,81.983,20.062162,-26.562362,3150.818751,93.0993,28.60912,-58.58684,232.22622,224.50264,-38.538931,2.785875,1.30799,11.25489,-0.4123,50,5.46872,0.46201,-132.23141,-5.37679,2.3157,28.21372,-12.24804,GEO_PAT,DAY_FLY,SpuhlerFieldMain,D1,A10,20250315-SpuhlerFieldMain-2,61cf4960-01d2-11f0-9269-ed641e036766,91.20939,29.18318,,7.71806,,,,1.49277,2.52999,-0.07594,b0b8cc55-1461-41bf-b18a-f9f6bd8e04da,2025-03-15,19:19:13.71,2025-03-15T15:19:13.7190000-04:00,2025-03-15T19:19:13.7190000Z,LineDrive,v3,471300,471281,15 March 2025 14:00-dayton@georgemas,"Raymond, Andrew",10148052,Right,GEO_PAT,3b166d05-04da-40cc-b070-7db997cb8d48,54.01399,-133.0851,14.10686,5.6258,-5.00619,-6.12402,-0.42522,0.39195,1.15785,121.794601,1.49268,101.02811,-22.26226,5.31406,-1.02851,0.12735,-0.00149,-0.00258,0.00033,2.5301,41.24231,-16.63786,0.50561,-0.00972,0.04068,-0.02515,0.00656,-0.00062,-0.07603,-50.50133,-2.61733,1.52669,-0.41452,0.04727,0.00822,-0.00374,0.0004,,,,,,,,,,,,,,,,,,,,,,,High,High,High,High,Medium,,,
109,2025-03-15,15:19:52.00,6,1,"Cassedy, Brandon",1000183671,Right,GEO_PAT,"Dobie, Mason",692154,Left,DAY_FLY,Undefined,3,Top,2,0,0,Fastball,Four-Seam,InPlay,Undefined,Popup,Out,1,0,,88.81365,-1.023129,-0.970818,2292.753843,171.405411,11:45,5.7078,0.47106,6.48474,-15.02835,19.54033,-2.79036,3.51578,-0.65295,81.23498,-3.931659,-1.477048,0.423168,60.96119,60.095696,-37.874669,,,,,130.00483,71.24149,-51.420682,4.449292,1.19354,10.85193,-0.4017,50,5.62895,2.29573,-129.13424,-2.66826,2.01573,26.84556,-13.84639,GEO_PAT,DAY_FLY,SpuhlerFieldMain,D1,A10,20250315-SpuhlerFieldMain-2,78a36720-01d2-11f0-9269-ed641e036766,89.07203,79.72169,,7.57867,,,,0.6158,3.18695,0.96894,b0b8cc55-1461-41bf-b18a-f9f6bd8e04da,2025-03-15,19:19:52.00,2025-03-15T15:19:52.0040000-04:00,2025-03-15T19:19:52.0040000Z,Popup,v3,471300,471281,15 March 2025 14:00-dayton@georgemas,"Raymond, Andrew",10148052,Right,GEO_PAT,3c10910b-9199-4036-a1fe-c85b919ab274,54.01703,-129.96665,13.42278,5.70503,-2.23892,-6.9232,-0.47192,2.23323,1.00786,156.289209,0.61741,35.10665,-10.50608,2.11498,0.79478,-0.81216,0.27751,-0.04361,0.00262,3.17905,77.68799,-23.59085,3.46157,-1.43168,0.47751,-0.08703,0.00677,-0.00011,0.97201,-27.44747,1.25338,-0.53349,0.67561,-0.40321,0.12132,-0.01808,0.00106,,,,,,,,,,,,,,,,,,,,,,,High,High,High,High,Medium,,,
110,2025-03-15,15:22:18.04,1,1,"Gatti, JJ",1000236662,Right,DAY_FLY,"Clyne, Owen",1000230336,Left,GEO_PAT,Undefined,3,Bottom,0,0,0,Fastball,Four-Seam,BallCalled,Undefined,Undefined,Undefined,0,0,,84.80439,-2.384081,-3.797142,2263.430615,204.84807,12:45,6.10293,1.09208,6.61874,-18.01517,20.00261,8.68229,2.41213,-1.66713,77.43253,-5.85455,-2.222505,0.443777,,,,,,,,,,,,-5.66607,11.59575,-0.83713,50,5.93279,7.84928,-122.96941,-5.55104,-8.65255,24.99786,-14.46638,GEO_PAT,DAY_FLY,SpuhlerFieldMain,D1,A10,20250315-SpuhlerFieldMain-2,cfb5bf40-01d2-11f0-9269-ed641e036766,84.93557,,,7.37186,,,,,,,b0b8cc55-1461-41bf-b18a-f9f6bd8e04da,2025-03-15,19:22:18.04,2025-03-15T15:22:18.0430000-04:00,2025-03-15T19:22:18.0430000Z,,v3,471300,471281,15 March 2025 14:00-dayton@georgemas,"MacDougall, Ryan",1000268563,Right,DAY_FLY,6a9fdc67-5f2a-4590-ae58-3136f2a67d0a,53.88314,-123.75628,12.49893,6.10035,-5.09568,-7.23319,-1.08849,8.12164,-4.32628,,,,,,,,,,,,,,,,,,,,,,,,,,,,,,,,,,,,,,,,,,,,,,,,,,,High,High,High,,,,,
111,2025-03-15,15:22:32.86,1,2,"Gatti, JJ",1000236662,Right,DAY_FLY,"Clyne, Owen",1000230336,Left,GEO_PAT,Undefined,3,Bottom,0,1,0,Fastball,Four-Seam,InPlay,Undefined,LineDrive,Double,0,0,,85.76156,-2.511389,-2.028895,2230.867385,216.219637,1:15,6.10413,1.08023,6.46256,-19.72564,17.58568,11.98107,2.15049,0.21417,78.35738,-6.275666,0.144295,0.439635,101.79944,13.998685,-4.230022,1581.527578,109.15984,23.50366,-13.56385,303.0254,170.29811,-12.805437,3.05128,-6.86343,10.29914,-0.9419,50,5.91751,3.96391,-124.51057,-5.97448,-10.73919,25.76371,-16.05904,GEO_PAT,DAY_FLY,SpuhlerFieldMain,D1,A10,20250315-SpuhlerFieldMain-2,d887be20-01d2-11f0-9269-ed641e036766,85.73585,27.63302,,7.40418,,,,1.2711,2.26804,-0.23916,b0b8cc55-1461-41bf-b18a-f9f6bd8e04da,2025-03-15,19:22:32.86,2025-03-15T15:22:32.8650000-04:00,2025-03-15T19:22:32.8650000Z,LineDrive,v3,471300,471281,15 March 2025 14:00-dayton@georgemas,"MacDougall, Ryan",1000268563,Right,DAY_FLY,dd1cb69a-54e9-49e6-9f4a-fa04a5d404c6,54.03944,-125.34363,12.88185,6.10229,-5.45522,-8.02952,-1.07568,4.31115,-5.3696,133.061788,1.27113,144.47552,-24.55218,4.77038,-0.98347,0.17852,-0.02556,0.00237,-0.0001,2.26801,36.11845,-13.68432,0.70026,-0.13168,0.05199,-0.01666,0.00335,-0.00028,-0.23908,-10.68914,-7.31304,2.17912,-0.50524,0.06326,0.00566,-0.00337,0.00035,,,,,,,,,,,,,,,,,,,,,,,High,High,High,High,Medium,,,
112,2025-03-15,15:23:17.98,2,1,"Gatti, JJ",1000236662,Right,DAY_FLY,"Lavin, Sam",1000364332,Left,GEO_PAT,Undefined,3,Bottom,0,0,0,Fastball,Four-Seam,FoulBallNotFieldable,Undefined,Undefined,Undefined,0,0,,87.10864,-1.722578,-2.096494,2267.858801,216.681159,1:15,6.0623,1.19462,6.31244,-19.19926,17.03198,11.83052,2.87398,0.24834,79.73011,-5.377937,0.042725,0.433225,90.79419,32.793099,-36.202398,3027.873004,81.92862,63.45213,-73.40081,310.12702,206.0341,-52.334243,4.763748,-6.77638,9.70497,-1.04658,50,5.92667,4.18073,-126.54342,-4.33331,-10.98653,25.85238,-16.4394,GEO_PAT,DAY_FLY,SpuhlerFieldMain,D1,A10,20250315-SpuhlerFieldMain-2,f365f270-01d2-11f0-9269-ed641e036766,87.00437,78.77903,,7.37853,,,,2.01425,3.37562,-0.68202,b0b8cc55-1461-41bf-b18a-f9f6bd8e04da,2025-03-15,19:23:17.98,2025-03-15T15:23:17.9840000-04:00,2025-03-15T19:23:17.9840000Z,FlyBall,v3,471300,471281,15 March 2025 14:00-dayton@georgemas,"MacDougall, Ryan",1000268563,Right,DAY_FLY,3d945baa-67c7-41c2-a72b-176f66be4e8f,54.19053,-127.39665,12.92619,6.06074,-3.79074,-8.2197,-1.19054,4.54333,-5.49326,139.517214,2.016,90.29726,-25.59628,6.87847,-1.60392,0.3402,-0.0668,0.00923,-0.00055,3.37723,72.08128,-18.85551,0.36427,0.54925,-0.30404,0.08419,-0.0115,0.00061,-0.68345,-66.08878,3.72393,0.58501,-0.50886,0.17284,-0.03322,0.00323,-0.00012,,,,,,,,,,,,,,,,,,,,,,,High,High,High,High,Medium,,,
113,2025-03-15,15:23:44.39,2,2,"Gatti, JJ",1000236662,Right,DAY_FLY,"Lavin, Sam",1000364332,Left,GEO_PAT,Undefined,3,Bottom,0,0,1,Fastball,Four-Seam,BallCalled,Undefined,Undefined,Undefined,0,0,,86.31832,-0.494536,-1.259502,2227.356255,219.560584,1:15,6.10278,1.30155,6.19965,-21.83934,15.51265,11.75985,3.82617,1.11861,78.24834,-4.651073,0.863296,0.439874,,,,,,,,,,,,-6.44937,8.5543,-1.21239,50,6.05454,2.28539,-125.33262,-1.69896,-10.1616,27.56598,-18.69599,GEO_PAT,DAY_FLY,SpuhlerFieldMain,D1,A10,20250315-SpuhlerFieldMain-2,03152510-01d3-11f0-9269-ed641e036766,85.68917,,,8.06997,,,,,,,b0b8cc55-1461-41bf-b18a-f9f6bd8e04da,2025-03-15,19:23:44.39,2025-03-15T15:23:44.3920000-04:00,2025-03-15T19:23:44.3920000Z,,v3,471300,471281,15 March 2025 14:00-dayton@georgemas,"MacDougall, Ryan",1000268563,Right,DAY_FLY,cd7c353a-f884-44ba-a8e5-306f7555c00c,54.30043,-126.27492,13.78299,6.10169,-1.05987,-9.348,-1.29645,2.63275,-5.0808,,,,,,,,,,,,,,,,,,,,,,,,,,,,,,,,,,,,,,,,,,,,,,,,,,,High,High,High,,,,,
114,2025-03-15,15:24:02.56,2,3,"Gatti, JJ",1000236662,Right,DAY_FLY,"Lavin, Sam",1000364332,Left,GEO_PAT,Undefined,3,Bottom,0,1,1,Fastball,Four-Seam,StrikeSwinging,Undefined,Undefined,Undefined,0,0,,86.43897,-2.966491,-2.032472,2282.750678,220.991943,1:15,6.1048,1.2222,6.32949,-19.8654,17.41422,13.97241,1.71334,0.51407,78.31519,-6.760906,0.496028,0.439448,,,,,,,,,,,,-7.87878,10.37678,-1.07999,50,5.87849,3.89684,-125.29981,-7.02256,-12.371,28.23438,-15.88074,GEO_PAT,DAY_FLY,SpuhlerFieldMain,D1,A10,20250315-SpuhlerFieldMain-2,0dfe6b30-01d3-11f0-9269-ed641e036766,85.7723,,,8.12378,,,,,,,b0b8cc55-1461-41bf-b18a-f9f6bd8e04da,2025-03-15,19:24:02.56,2025-03-15T15:24:02.5630000-04:00,2025-03-15T19:24:02.5630000Z,,v3,471300,471281,15 March 2025 14:00-dayton@georgemas,"MacDougall, Ryan",1000268563,Right,DAY_FLY,891b1c3b-ac19-4218-bb31-2994e035afdf,54.17059,-126.23609,14.11719,6.10263,-6.49594,-7.94037,-1.21601,4.30708,-6.1855,,,,,,,,,,,,,,,,,,,,,,,,,,,,,,,,,,,,,,,,,,,,,,,,,,,High,High,High,,,,,
115,2025-03-15,15:24:21.45,2,4,"Gatti, JJ",1000236662,Right,DAY_FLY,"Lavin, Sam",1000364332,Left,GEO_PAT,Undefined,3,Bottom,0,1,2,Slider,Slider,FoulBallNotFieldable,Undefined,Undefined,Undefined,0,0,,77.79666,-1.745738,-0.261379,2307.157846,109.516736,9:45,6.07622,1.40664,5.61976,-41.58227,4.89603,-9.84977,0.98124,0.34188,72.03936,-9.329981,-2.024621,0.490678,,,,,,,,,,,,5.01508,3.29606,-1.37753,50,5.89995,0.87129,-113.03019,-4.75927,6.50156,20.19757,-27.90106,GEO_PAT,DAY_FLY,SpuhlerFieldMain,D1,A10,20250315-SpuhlerFieldMain-2,192ecc70-01d3-11f0-9269-ed641e036766,76.81709,,,5.75731,,,,,,,b0b8cc55-1461-41bf-b18a-f9f6bd8e04da,2025-03-15,19:24:21.45,2025-03-15T15:24:21.4510000-04:00,2025-03-15T19:24:21.4510000Z,,v3,471300,471281,15 March 2025 14:00-dayton@georgemas,"MacDougall, Ryan",1000268563,Right,DAY_FLY,581a04cf-89ba-4f4d-a616-c62c59ba15b2,54.88525,-113.89979,10.09878,6.079,-3.55799,-13.95053,-1.40902,0.59136,3.25078,,,,,,,,,,,,,,,,,,,,,,,,,,,,,,,,,,,,,,,,,,,,,,,,,,,High,High,High,,,,,
116,2025-03-15,15:24:44.15,2,5,"Gatti, JJ",1000236662,Right,DAY_FLY,"Lavin, Sam",1000364332,Left,GEO_PAT,Undefined,3,Bottom,0,1,2,Fastball,Four-Seam,BallCalled,Undefined,Undefined,Undefined,0,0,,87.1287,-1.911923,-0.603334,2252.174475,221.861334,1:30,6.20134,1.28171,6.09387,-20.67769,16.09135,13.30202,2.70888,1.8321,79.26029,-5.830186,1.794253,0.436428,,,,,,,,,,,,-7.01933,9.24016,-1.24197,50,6.04298,0.79012,-126.47426,-4.81865,-11.28336,27.61914,-17.32079,GEO_PAT,DAY_FLY,SpuhlerFieldMain,D1,A10,20250315-SpuhlerFieldMain-2,26c1aec0-01d3-11f0-9269-ed641e036766,86.36578,,,7.86841,,,,,,,b0b8cc55-1461-41bf-b18a-f9f6bd8e04da,2025-03-15,19:24:44.15,2025-03-15T15:24:44.1580000-04:00,2025-03-15T19:24:44.1580000Z,,v3,471300,471281,15 March 2025 14:00-dayton@georgemas,"MacDougall, Ryan",1000268563,Right,DAY_FLY,50e89381-8452-45cf-a1fd-4532be1c4a1a,54.40667,-127.43295,13.80957,6.1998,-4.21742,-8.6604,-1.27619,1.18177,-5.64168,,,,,,,,,,,,,,,,,,,,,,,,,,,,,,,,,,,,,,,,,,,,,,,,,,,High,High,High,,,,,
117,2025-03-15,15:25:06.88,2,6,"Gatti, JJ",1000236662,Right,DAY_FLY,"Lavin, Sam",1000364332,Left,GEO_PAT,Undefined,3,Bottom,0,2,2,Slider,Slider,BallCalled,Undefined,Undefined,Undefined,0,0,,78.31539,-2.023787,-0.360567,2280.650198,114.198944,9:45,6.03817,1.4618,5.73153,-41.10577,5.32433,-8.19993,0.72704,0.44265,71.41214,-9.576139,-1.831645,0.490423,,,,,,,,,,,,4.07984,3.81721,-1.42653,50,5.84413,1.02232,-113.56296,-5.30198,5.25195,23.56438,-27.26023,GEO_PAT,DAY_FLY,SpuhlerFieldMain,D1,A10,20250315-SpuhlerFieldMain-2,34546a00-01d3-11f0-9269-ed641e036766,76.85693,,,6.90325,,,,,,,b0b8cc55-1461-41bf-b18a-f9f6bd8e04da,2025-03-15,19:25:06.88,2025-03-15T15:25:06.8810000-04:00,2025-03-15T19:25:06.8810000Z,,v3,471300,471281,15 March 2025 14:00-dayton@georgemas,"MacDougall, Ryan",1000268563,Right,DAY_FLY,99f132e5-97f5-4f70-b7b4-c91a5e98d971,54.76976,-114.54841,11.78219,6.04202,-4.16197,-13.63012,-1.46469,0.80269,2.62597,,,,,,,,,,,,,,,,,,,,,,,,,,,,,,,,,,,,,,,,,,,,,,,,,,,High,High,High,,,,,
118,2025-03-15,15:25:27.62,2,7,"Gatti, JJ",1000236662,Right,DAY_FLY,"Lavin, Sam",1000364332,Left,GEO_PAT,Undefined,3,Bottom,0,3,2,Fastball,Four-Seam,FoulBallNotFieldable,Undefined,Undefined,Undefined,0,0,,87.50761,-1.890923,-0.478536,2305.493139,210.337676,1:00,6.15211,1.10643,6.23018,-16.68528,19.62718,10.75442,3.01635,1.56111,79.39916,-5.10612,1.464156,0.43371,73.29903,25.248791,-161.080479,1778.65596,-103.85258,25.18558,-36.25724,184.60186,52.92858,-161.483962,2.240614,-5.73347,11.1319,-1.07591,50,6.00246,0.63494,-127.04639,-4.62207,-9.28078,28.36522,-14.15483,GEO_PAT,DAY_FLY,SpuhlerFieldMain,D1,A10,20250315-SpuhlerFieldMain-2,40b0c820-01d3-11f0-9269-ed641e036766,86.90706,25.9703,,8.10846,,,,1.52011,3.10273,-1.6062,b0b8cc55-1461-41bf-b18a-f9f6bd8e04da,2025-03-15,19:25:27.62,2025-03-15T15:25:27.6220000-04:00,2025-03-15T19:25:27.6220000Z,LineDrive,v3,471300,471281,15 March 2025 14:00-dayton@georgemas,"MacDougall, Ryan",1000268563,Right,DAY_FLY,5612519b-4358-46c1-a8fd-d1d15e6ac4e6,54.2709,-127.99638,14.18261,6.14932,-4.148,-7.07741,-1.10238,0.94577,-4.64039,12.877036,1.52016,-91.98369,6.2825,-0.38159,0.14962,-0.05684,0.01476,0.0025,-0.00135,3.10272,45.85679,-25.23212,2.69381,-0.60272,0.16844,-0.05366,0.01471,-0.00186,-1.60618,-31.52805,3.52844,-0.56589,0.1463,-0.04487,0.01242,-0.00121,-0.00017,,,,,,,,,,,,,,,,,,,,,,,High,High,High,High,Low,,,
119,2025-03-15,15:25:48.08,2,8,"Gatti, JJ",1000236662,Right,DAY_FLY,"Lavin, Sam",1000364332,Left,GEO_PAT,Undefined,3,Bottom,0,3,2,Fastball,Four-Seam,FoulBallNotFieldable,Undefined,Undefined,Undefined,0,0,,87.64604,-2.511284,-1.046569,2323.057014,214.256904,1:15,6.09973,1.06598,6.31298,-18.94977,16.82839,10.69028,2.20535,0.99265,80.35661,-6.10922,0.888093,0.430507,77.02187,48.046382,-94.421589,5330.528261,,,,,67.22322,,,-5.88929,9.81587,-0.99439,50,5.90645,1.91659,-127.32633,-6.10837,-9.66975,26.09904,-16.05713,GEO_PAT,DAY_FLY,SpuhlerFieldMain,D1,A10,20250315-SpuhlerFieldMain-2,4cdcc770-01d3-11f0-9269-ed641e036766,87.55355,64.9729,,7.28942,,,,,,,b0b8cc55-1461-41bf-b18a-f9f6bd8e04da,2025-03-15,19:25:48.08,2025-03-15T15:25:48.0890000-04:00,2025-03-15T19:25:48.0890000Z,,v3,471300,471281,15 March 2025 14:00-dayton@georgemas,"MacDougall, Ryan",1000268563,Right,DAY_FLY,e8b6c6e3-9f5f-4035-8352-875b710216bf,54.19001,-128.18231,13.04952,6.09815,-5.58174,-8.02857,-1.06245,2.23373,-4.83488,,3.23587,-5.82228,-7.17127,2.37922,-0.5613,-0.04135,0.22925,-0.17278,0.04705,5.09694,84.01069,-24.40312,2.58914,-0.50961,0.11207,-0.05187,0.0278,-0.00704,-3.13286,-75.29573,10.85244,-2.29904,0.43128,-0.02487,-0.06488,0.05274,-0.01442,,,,,,,,,,,,,,,,,,,,,,,High,High,High,Low,Undefined,,,
120,2025-03-15,15:26:07.43,2,9,"Gatti, JJ",1000236662,Right,DAY_FLY,"Lavin, Sam",1000364332,Left,GEO_PAT,Undefined,3,Bottom,0,3,2,Fastball,Four-Seam,InPlay,Undefined,FlyBall,Out,1,0,,87.826,-1.716701,-1.326993,2261.62835,219.850068,1:15,6.11119,1.0231,6.34538,-19.22981,16.95816,13.03926,2.92738,0.88782,79.07715,-5.414968,1.033651,0.432966,88.36642,37.788386,-24.214392,4195.777591,94.89971,77.84255,-55.62408,287.39601,280.92615,-38.613273,5.17363,-7.28563,9.8043,-0.93273,50,5.97734,2.44616,-127.43981,-4.3341,-11.75621,30.78643,-16.35372,GEO_PAT,DAY_FLY,SpuhlerFieldMain,D1,A10,20250315-SpuhlerFieldMain-2,5866e170-01d3-11f0-9269-ed641e036766,87.05639,93.82437,,8.74885,,,,2.63704,3.98618,-1.34041,b0b8cc55-1461-41bf-b18a-f9f6bd8e04da,2025-03-15,19:26:07.43,2025-03-15T15:26:07.4350000-04:00,2025-03-15T19:26:07.4350000Z,FlyBall,v3,471300,471281,15 March 2025 14:00-dayton@georgemas,"MacDougall, Ryan",1000268563,Right,DAY_FLY,714574df-6515-4248-8695-c0bcf57cee9e,54.156,-128.43988,15.39322,6.1095,-3.80287,-8.17686,-1.0184,2.82804,-5.8781,149.536926,2.64579,93.22837,-25.34788,6.0266,-0.65776,-0.13154,0.05967,-0.00803,0.00038,3.98274,79.47171,-19.69117,0.89652,0.14115,-0.12604,0.04229,-0.00655,0.00037,-1.33994,-42.01876,0.7372,0.91514,-0.41016,0.10799,-0.01913,0.00204,-0.0001,,,,,,,,,,,,,,,,,,,,,,,High,High,High,High,Medium,,,
121,2025-03-15,15:26:51.21,3,1,"Gatti, JJ",1000236662,Right,DAY_FLY,"Wall, Jonny",1000119703,Right,GEO_PAT,Undefined,3,Bottom,1,0,0,Fastball,Four-Seam,StrikeCalled,Undefined,Undefined,Undefined,0,0,,86.17858,-2.424256,-2.258275,2285.360469,203.73039,12:45,6.0831,0.95763,6.4279,-18.44052,18.85875,7.71091,2.31499,-0.47664,78.09873,-5.973013,-0.861352,0.439564,,,,,,,,,,,,-4.71662,10.98213,-0.79986,50,5.90158,4.63148,-124.98184,-5.75336,-7.37757,27.80014,-14.99612,GEO_PAT,DAY_FLY,SpuhlerFieldMain,D1,A10,20250315-SpuhlerFieldMain-2,7280b450-01d3-11f0-9269-ed641e036766,85.74969,,,8.07985,,,,,,,b0b8cc55-1461-41bf-b18a-f9f6bd8e04da,2025-03-15,19:26:51.21,2025-03-15T15:26:51.2160000-04:00,2025-03-15T19:26:51.2160000Z,,v3,471300,471281,15 March 2025 14:00-dayton@georgemas,"MacDougall, Ryan",1000268563,Right,DAY_FLY,0296361d-cc9a-4c50-9c12-8a4948f3958a,54.07196,-125.88432,13.90007,6.08045,-5.26653,-7.49806,-0.9541,4.87098,-3.68878,,,,,,,,,,,,,,,,,,,,,,,,,,,,,,,,,,,,,,,,,,,,,,,,,,,High,High,High,,,,,
122,2025-03-15,15:27:09.54,3,2,"Gatti, JJ",1000236662,Right,DAY_FLY,"Wall, Jonny",1000119703,Right,GEO_PAT,Undefined,3,Bottom,1,0,1,Slider,Slider,InPlay,Undefined,LineDrive,Single,0,1,,75.79286,-0.863812,-0.276327,2305.069177,134.814525,10:30,6.08315,1.04188,5.65845,-40.2103,8.99705,-7.4402,1.92662,0.16415,69.53342,-8.266615,-1.607777,0.504878,97.12104,10.170093,-31.723992,2057.555055,89.66821,9.42966,-63.71368,168.83826,167.14836,-38.141237,1.445248,3.73134,5.26748,-1.01353,50,5.98446,0.79931,-110.04938,-2.87534,4.55498,20.36499,-25.74385,GEO_PAT,DAY_FLY,SpuhlerFieldMain,D1,A10,20250315-SpuhlerFieldMain-2,7d7740e0-01d3-11f0-9269-ed641e036766,74.65655,10.17495,,6.25944,,,,2.89677,2.11162,-0.14608,b0b8cc55-1461-41bf-b18a-f9f6bd8e04da,2025-03-15,19:27:09.54,2025-03-15T15:27:09.5460000-04:00,2025-03-15T19:27:09.5460000Z,LineDrive,v3,471300,471281,15 March 2025 14:00-dayton@georgemas,"MacDougall, Ryan",1000268563,Right,DAY_FLY,71b25584-27e5-416a-afdc-2bfb9310dfa7,54.84397,-110.94216,10.1825,6.08577,-1.74677,-12.87193,-1.0442,0.59963,2.27749,,2.89678,119.25714,-26.52013,5.68887,-1.19914,0.1594,-0.01135,0.01614,-0.00659,2.11162,25.15159,-20.85649,2.1735,-0.45283,0.11979,-0.03711,0.00853,-0.00069,-0.14608,-73.72495,-0.41241,1.68763,-0.51511,0.02474,0.04461,-0.00538,-0.00291,,,,,,,,,,,,,,,,,,,,,,,High,High,High,High,High,,,
123,2025-03-15,15:30:32.91,4,1,"Dean, Ben",10264251,Right,DAY_FLY,"Hueber, Toby",1000091691,Right,GEO_PAT,Undefined,3,Bottom,1,0,0,Fastball,Four-Seam,InPlay,Undefined,FlyBall,Out,1,0,,91.996,-2.554766,-3.505666,2380.355909,201.349524,12:45,6.19732,2.484,5.51527,-13.9117,19.71225,7.27906,2.64295,-0.1917,84.01739,-5.203628,-2.212322,0.417346,91.64382,53.490059,15.929499,,97.59224,131.54503,50.75163,206.00631,113.49227,33.875942,5.866165,-4.67666,11.01812,-2.18318,50,5.96515,7.83687,-133.23703,-6.38198,-8.40798,28.58574,-12.36508,GEO_PAT,DAY_FLY,SpuhlerFieldMain,D1,A10,20250315-SpuhlerFieldMain-2,f69f2f00-01d3-11f0-9269-ed641e036766,90.31468,135.10736,,7.97861,,,,2.60039,1.31738,-0.29738,b0b8cc55-1461-41bf-b18a-f9f6bd8e04da,2025-03-15,19:30:32.91,2025-03-15T15:30:32.9140000-04:00,2025-03-15T19:30:32.9140000Z,FlyBall,v3,471300,471281,15 March 2025 14:00-dayton@georgemas,"MacDougall, Ryan",1000268563,Right,DAY_FLY,a4a66f11-98c3-4144-9cea-1c2dca0e8374,54.98742,-134.30281,14.29287,6.1945,-5.92096,-6.18254,-2.48121,8.15035,-4.20399,199.915716,2.60213,76.81435,-27.5935,8.08433,-1.40919,0.04277,0.03634,-0.00655,0.00035,1.30096,108.31258,-27.69574,3.5459,-0.854,0.17864,-0.01809,-4E-05,9E-05,-0.29789,21.97929,2.23422,-1.51789,0.32695,0.00369,-0.01597,0.00282,-0.00016,,,,,,,,,,,,,,,,,,,,,,,High,High,High,Medium,Low,,,
124,2025-03-15,15:31:14.76,5,1,"Dean, Ben",10264251,Right,DAY_FLY,"Hull, Owen",10054797,Left,GEO_PAT,Undefined,3,Bottom,2,0,0,Fastball,Four-Seam,StrikeSwinging,Undefined,Undefined,Undefined,0,0,,93.19589,-1.48726,-3.478032,2388.713661,201.987612,12:45,6.22284,2.44021,5.48319,-13.74938,18.9332,7.23142,3.68259,-0.21548,85.23009,-4.102423,-2.193978,0.411462,,,,,,,,,,,,-4.58658,10.25934,-2.13978,50,6.08306,7.87582,-135.07862,-3.94163,-8.50067,28.56484,-13.15961,GEO_PAT,DAY_FLY,SpuhlerFieldMain,D1,A10,20250315-SpuhlerFieldMain-2,0f99d640-01d4-11f0-9269-ed641e036766,91.6062,,,7.96579,,,,,,,b0b8cc55-1461-41bf-b18a-f9f6bd8e04da,2025-03-15,19:31:14.76,2025-03-15T15:31:14.7670000-04:00,2025-03-15T19:31:14.7670000Z,,v3,471300,471281,15 March 2025 14:00-dayton@georgemas,"MacDougall, Ryan",1000268563,Right,DAY_FLY,b1fdee51-6a4c-41e9-82d7-8e4fe3e0999c,55.01875,-136.13579,14.28242,6.21993,-3.4546,-6.5798,-2.43709,8.19042,-4.25033,,,,,,,,,,,,,,,,,,,,,,,,,,,,,,,,,,,,,,,,,,,,,,,,,,,High,High,High,,,,,
125,2025-03-15,15:31:34.21,5,2,"Dean, Ben",10264251,Right,DAY_FLY,"Hull, Owen",10054797,Left,GEO_PAT,Undefined,3,Bottom,2,0,1,Fastball,Four-Seam,FoulBallNotFieldable,Undefined,Undefined,Undefined,0,0,,91.51826,-2.402919,-4.263323,2381.890026,210.589221,1:00,6.03042,2.75424,5.7949,-15.7771,17.8832,9.92674,2.47287,-0.39175,83.58965,-5.398328,-2.492434,0.417571,91.81718,15.475004,-58.816625,4343.295073,49.88541,22.30429,-98.03776,223.69533,199.44391,-69.231397,2.449983,-6.25402,10.12099,-2.40883,50,5.82267,9.44441,-132.49197,-6.05122,-11.12182,28.18534,-14.17538,GEO_PAT,DAY_FLY,SpuhlerFieldMain,D1,A10,20250315-SpuhlerFieldMain-2,1b31abe0-01d4-11f0-9269-ed641e036766,90.26594,22.61375,,7.92861,,,,0.53674,2.33434,0.68445,b0b8cc55-1461-41bf-b18a-f9f6bd8e04da,2025-03-15,19:31:34.21,2025-03-15T15:31:34.2160000-04:00,2025-03-15T19:31:34.2160000Z,LineDrive,v3,471300,471281,15 March 2025 14:00-dayton@georgemas,"MacDougall, Ryan",1000268563,Right,DAY_FLY,90c6c1b9-8194-466d-b19c-f3bb5ebfda12,54.70721,-133.48959,14.09267,6.02797,-5.54948,-7.08769,-2.75008,9.83807,-5.56091,,0.53675,67.19862,-22.69712,5.37568,-1.24827,0.28334,-0.05614,0.00777,-0.00052,2.33434,35.93107,-16.89275,0.96095,-0.0935,-0.00237,0.00335,-0.00057,4E-05,0.68445,-111.03096,17.10849,-4.4526,1.11128,-0.26442,0.05364,-0.00755,0.00052,,,,,,,,,,,,,,,,,,,,,,,High,High,High,High,Medium,,,
126,2025-03-15,15:31:56.79,5,3,"Dean, Ben",10264251,Right,DAY_FLY,"Hull, Owen",10054797,Left,GEO_PAT,Undefined,3,Bottom,2,0,2,Fastball,Four-Seam,BallCalled,Undefined,Undefined,Undefined,0,0,,93.44314,-4.226209,-2.531934,2361.477886,207.750499,1:00,6.14178,2.41705,5.53364,-12.74914,19.83037,9.87666,1.11767,0.87173,85.53702,-6.652091,-0.773247,0.410812,,,,,,,,,,,,-5.65099,11.46493,-2.20364,50,5.76537,5.51784,-135.21791,-10.37743,-10.4863,28.85318,-10.89901,GEO_PAT,DAY_FLY,SpuhlerFieldMain,D1,A10,20250315-SpuhlerFieldMain-2,28a630c0-01d4-11f0-9269-ed641e036766,91.751,,,7.90612,,,,,,,b0b8cc55-1461-41bf-b18a-f9f6bd8e04da,2025-03-15,19:31:56.79,2025-03-15T15:31:56.7960000-04:00,2025-03-15T19:31:56.7960000Z,,v3,471300,471281,15 March 2025 14:00-dayton@georgemas,"MacDougall, Ryan",1000268563,Right,DAY_FLY,92b29686-cf36-43ec-9703-e8e6e3a9438b,54.96744,-136.27376,14.42659,6.13782,-9.97859,-5.4495,-2.41258,5.90157,-5.24315,,,,,,,,,,,,,,,,,,,,,,,,,,,,,,,,,,,,,,,,,,,,,,,,,,,High,High,High,,,,,
127,2025-03-15,15:32:18.16,5,4,"Dean, Ben",10264251,Right,DAY_FLY,"Hull, Owen",10054797,Left,GEO_PAT,Undefined,3,Bottom,2,1,2,Fastball,Four-Seam,InPlay,Undefined,LineDrive,Single,0,0,,94.60381,-3.316977,-2.788353,2389.800676,203.699813,12:45,6.25488,2.32191,5.44094,-11.72068,20.02092,8.35386,2.16494,0.40496,86.7808,-5.554255,-1.304244,0.405495,106.69937,7.387796,-8.000091,1075.998545,108.29035,9.44121,-19.31705,190.82661,190.82661,-11.755949,1.604317,-4.97544,11.29335,-2.08113,50,5.95311,6.29004,-137.07243,-8.31334,-9.51285,28.89706,-10.58156,GEO_PAT,DAY_FLY,SpuhlerFieldMain,D1,A10,20250315-SpuhlerFieldMain-2,355d0af0-01d4-11f0-9269-ed641e036766,92.95408,9.51023,,7.82301,,,,1.57573,2.1891,-0.39583,b0b8cc55-1461-41bf-b18a-f9f6bd8e04da,2025-03-15,19:32:18.16,2025-03-15T15:32:18.1670000-04:00,2025-03-15T19:32:18.1670000Z,LineDrive,v3,471300,471281,15 March 2025 14:00-dayton@georgemas,"MacDougall, Ryan",1000268563,Right,DAY_FLY,983d04db-ba15-4789-abe9-28d3e022edce,55.06246,-138.13555,14.44853,6.25179,-7.92404,-5.29078,-2.31898,6.64001,-4.75643,128.744824,1.57573,153.68265,-32.67991,7.70936,-1.91207,0.47798,-0.11179,0.01993,-0.00185,2.1891,20.12245,-14.21609,0.55219,-0.01103,-0.01763,0.00807,-0.00172,0.00017,-0.39582,-21.59895,-3.07332,1.56925,-0.54415,0.16357,-0.04219,0.00794,-0.00076,,,,,,,,,,,,,,,,,,,,,,,High,High,High,High,High,,,
128,,,6,1,"Dean, Ben",10264251,Right,DAY_FLY,"Quinn-Irons, Jaime",1000216379,Right,GEO_PAT,Undefined,3,Bottom,2,4,0,Other,,BallCalled,Walk,Undefined,Undefined,0,0,ibb,,,,,,,,,,,,,,,,,,,,,,,,,,,,,,,,,,,,,,,,,GEO_PAT,DAY_FLY,SpuhlerFieldMain,D1,A10,20250315-SpuhlerFieldMain-2,4f12c4d0-01d4-11f0-9269-ed641e036766,,,,,,,,,,,b0b8cc55-1461-41bf-b18a-f9f6bd8e04da,,,,,,v3,471300,471281,15 March 2025 14:00-dayton@georgemas,"MacDougall, Ryan",1000268563,Right,DAY_FLY,,,,,,,,,,,,,,,,,,,,,,,,,,,,,,,,,,,,,,,,,,,,,,,,,,,,,,,,,,,,,,,,,,,,
129,2025-03-15,15:33:28.30,7,1,"Dean, Ben",10264251,Right,DAY_FLY,"Butler, Jake",1000176047,Right,GEO_PAT,Undefined,3,Bottom,2,0,0,Fastball,Four-Seam,StrikeCalled,Undefined,Undefined,Undefined,0,0,,94.54674,-2.154764,-3.120721,2403.274443,196.469052,12:30,6.37109,2.30139,5.60081,-11.51233,20.11288,5.65126,3.39606,-0.14412,86.46635,-4.370479,-2.114542,0.404751,,,,,,,,,,,,-3.69532,11.05449,-2.03746,50,6.1788,7.20794,-137.04395,-5.48774,-7.04807,29.46103,-11.08975,GEO_PAT,DAY_FLY,SpuhlerFieldMain,D1,A10,20250315-SpuhlerFieldMain-2,5f119e10-01d4-11f0-9269-ed641e036766,93.12495,,,8.08039,,,,,,,b0b8cc55-1461-41bf-b18a-f9f6bd8e04da,2025-03-15,19:33:28.30,2025-03-15T15:33:28.3060000-04:00,2025-03-15T19:33:28.3060000Z,,v3,471300,471281,15 March 2025 14:00-dayton@georgemas,"MacDougall, Ryan",1000268563,Right,DAY_FLY,d52eaa40-5ce0-466b-bdd5-5ab8fa0dc6cc,54.90047,-138.09342,14.73052,6.36725,-5.0927,-5.54488,-2.29869,7.459,-3.52404,,,,,,,,,,,,,,,,,,,,,,,,,,,,,,,,,,,,,,,,,,,,,,,,,,,High,High,High,,,,,
130,2025-03-15,15:33:46.15,7,2,"Dean, Ben",10264251,Right,DAY_FLY,"Butler, Jake",1000176047,Right,GEO_PAT,Undefined,3,Bottom,2,0,1,Fastball,Four-Seam,FoulBallNotFieldable,Undefined,Undefined,Undefined,0,0,,93.87776,-3.780254,-2.546398,2429.117159,191.52273,12:30,6.37094,2.15789,5.34484,-9.94312,22.75454,4.40894,1.98747,0.13498,85.28672,-5.719816,-1.764606,0.411557,76.14582,58.398751,133.939655,4794.35394,,,,,32.83243,,,-2.97945,12.90438,-1.93155,50,6.02301,5.83386,-135.80697,-9.24748,-5.53335,31.29294,-8.20844,GEO_PAT,DAY_FLY,SpuhlerFieldMain,D1,A10,20250315-SpuhlerFieldMain-2,69d1ff70-01d4-11f0-9269-ed641e036766,91.58499,50.16955,,8.59105,,,,2.67806,1.94115,-0.26609,b0b8cc55-1461-41bf-b18a-f9f6bd8e04da,2025-03-15,19:33:46.15,2025-03-15T15:33:46.1550000-04:00,2025-03-15T19:33:46.1550000Z,,v3,471300,471281,15 March 2025 14:00-dayton@georgemas,"MacDougall, Ryan",1000268563,Right,DAY_FLY,7d9cda9a-698a-4e2d-a196-1d585cff3bce,55.15733,-136.99018,15.64647,6.36679,-8.93712,-4.10422,-2.15608,6.04308,-2.76668,331.250976,2.67806,-40.60795,-3.8449,1.79283,1.36471,-5.40914,8.89737,-7.76247,2.82892,1.94115,95.11985,-29.44682,3.72868,-0.40506,-0.79207,1.45776,-1.29581,0.47795,-0.26609,42.13915,-8.27505,2.12347,0.742,-3.43992,5.68055,-4.96185,1.81042,,,,,,,,,,,,,,,,,,,,,,,High,High,High,High,Undefined,,,
131,2025-03-15,15:34:08.70,7,3,"Dean, Ben",10264251,Right,DAY_FLY,"Butler, Jake",1000176047,Right,GEO_PAT,Undefined,3,Bottom,2,0,2,Fastball,Four-Seam,BallCalled,Undefined,Undefined,Undefined,0,0,,94.13322,-5.082633,-3.851411,2401.764076,191.008843,12:15,6.2254,2.21033,5.42675,-13.88599,18.64131,3.4126,0.28422,-1.11819,85.94172,-7.696068,-3.246507,0.410483,,,,,,,,,,,,-2.84386,11.21493,-1.87066,50,5.76316,8.98855,-135.83029,-12.55955,-5.29709,30.58353,-11.28462,GEO_PAT,DAY_FLY,SpuhlerFieldMain,D1,A10,20250315-SpuhlerFieldMain-2,773f7f70-01d4-11f0-9269-ed641e036766,91.82452,,,8.19151,,,,,,,b0b8cc55-1461-41bf-b18a-f9f6bd8e04da,2025-03-15,19:34:08.70,2025-03-15T15:34:08.7000000-04:00,2025-03-15T19:34:08.7000000Z,,v3,471300,471281,15 March 2025 14:00-dayton@georgemas,"MacDougall, Ryan",1000268563,Right,DAY_FLY,98476b8e-9ea7-4c76-8304-b6850b62dd7b,55.07625,-136.96849,15.29177,6.22277,-12.13958,-5.64231,-2.20884,9.18568,-2.64855,,,,,,,,,,,,,,,,,,,,,,,,,,,,,,,,,,,,,,,,,,,,,,,,,,,High,High,High,,,,,
132,2025-03-15,15:34:27.95,7,4,"Dean, Ben",10264251,Right,DAY_FLY,"Butler, Jake",1000176047,Right,GEO_PAT,Undefined,3,Bottom,2,1,2,Fastball,Four-Seam,FoulBallNotFieldable,Undefined,Undefined,Undefined,0,0,,93.81639,-2.509583,-2.901316,2327.197627,192.155588,12:30,6.35703,2.07399,5.53693,-14.33312,17.9543,3.64252,2.8123,-0.33675,85.6829,-5.226241,-2.253268,0.408967,78.62506,65.618292,123.448427,5004.356877,,,,,18.94187,,,-2.66319,10.10835,-1.8245,50,6.12962,6.72372,-135.94708,-6.42456,-4.98163,29.93558,-13.26579,GEO_PAT,DAY_FLY,SpuhlerFieldMain,D1,A10,20250315-SpuhlerFieldMain-2,82b8d090-01d4-11f0-9269-ed641e036766,92.16501,41.43009,,8.13349,,,,2.19031,2.78053,0.2969,b0b8cc55-1461-41bf-b18a-f9f6bd8e04da,2025-03-15,19:34:27.95,2025-03-15T15:34:27.9550000-04:00,2025-03-15T19:34:27.9550000Z,,v3,471300,471281,15 March 2025 14:00-dayton@georgemas,"MacDougall, Ryan",1000268563,Right,DAY_FLY,737a215e-828b-4925-b644-41d3942dac41,54.96539,-137.0361,14.96779,6.35455,-5.94196,-6.6329,-2.0724,6.90494,-2.49082,339.618718,2.2031,-26.65038,-6.40184,,,,,,,2.79618,104.53453,-30.28004,,,,,,,0.30094,39.59244,-5.4022,,,,,,,,,,,,,,,,,,,,,,,,,,,,,High,High,High,Medium,Undefined,,,
133,2025-03-15,15:34:51.87,7,5,"Dean, Ben",10264251,Right,DAY_FLY,"Butler, Jake",1000176047,Right,GEO_PAT,Undefined,3,Bottom,2,1,2,Slider,Curveball,BallinDirt,Undefined,Undefined,Undefined,1,2,,78.45924,3.308309,1.079863,2003.763732,50.007894,7:45,6.31028,1.96945,4.83713,-49.54971,-2.10669,-4.31748,5.31798,2.63235,71.47996,-5.658356,0.320766,0.495744,,,,,,,,,,,,2.40945,-1.45256,-2.07251,50,6.59585,-1.95545,-113.6018,4.73148,3.14436,21.0763,-34.06964,GEO_PAT,DAY_FLY,SpuhlerFieldMain,D1,A10,20250315-SpuhlerFieldMain-2,90ef6cf0-01d4-11f0-9269-ed641e036766,76.03206,,,6.97928,,,,,,,b0b8cc55-1461-41bf-b18a-f9f6bd8e04da,2025-03-15,19:34:51.87,2025-03-15T15:34:51.8770000-04:00,2025-03-15T19:34:51.8770000Z,,v3,471300,471281,15 March 2025 14:00-dayton@georgemas,"MacDougall, Ryan",1000268563,Right,DAY_FLY,aff33138-6df3-4e78-9933-7c479ac66797,55.6643,-114.64787,10.53815,6.31906,6.42244,-17.03482,-1.97159,-2.11151,1.57218,,,,,,,,,,,,,,,,,,,,,,,,,,,,,,,,,,,,,,,,,,,,,,,,,,,High,High,High,,,,,
134,2025-03-15,15:37:42.79,1,1,"Cassedy, Brandon",1000183671,Right,GEO_PAT,"Zorn, Adin",10148886,Right,DAY_FLY,Undefined,4,Top,0,0,0,Fastball,Four-Seam,BallCalled,Undefined,Undefined,Undefined,0,0,,88.68165,-1.260249,0.862357,2239.796747,185.613742,12:15,5.67107,0.34783,6.46684,-16.02143,18.85682,1.74075,3.17809,1.28503,80.73402,-4.358078,1.178116,0.425059,,,,,,,,,,,,-0.65484,10.56359,-0.40939,50,5.57463,-2.00814,-128.85247,-3.22564,-1.09558,27.99521,-14.50107,GEO_PAT,DAY_FLY,SpuhlerFieldMain,D1,A10,20250315-SpuhlerFieldMain-2,f6c86c70-01d4-11f0-9269-ed641e036766,88.67587,,,7.94763,,,,,,,b0b8cc55-1461-41bf-b18a-f9f6bd8e04da,2025-03-15,19:37:42.79,2025-03-15T15:37:42.7920000-04:00,2025-03-15T19:37:42.7920000Z,,v3,471300,471281,15 March 2025 14:00-dayton@georgemas,"Raymond, Andrew",10148052,Right,GEO_PAT,850719c6-a466-40ad-95f0-ccf20be16f81,54.03333,-129.72582,13.99761,5.6682,-2.77326,-7.25054,-0.34727,-1.97396,-0.54779,,,,,,,,,,,,,,,,,,,,,,,,,,,,,,,,,,,,,,,,,,,,,,,,,,,High,High,High,,,,,
135,2025-03-15,15:38:03.32,1,2,"Cassedy, Brandon",1000183671,Right,GEO_PAT,"Zorn, Adin",10148886,Right,DAY_FLY,Undefined,4,Top,0,1,0,Fastball,Cutter,FoulBallNotFieldable,Undefined,Undefined,Undefined,0,0,,87.27191,-1.288476,-0.878044,2223.602071,174.687036,11:45,5.63496,0.23342,6.63019,-17.48529,18.17056,-1.58465,2.99772,-0.70268,79.78228,-4.656488,-1.16641,0.429771,73.01223,21.287238,155.916955,2776.919332,,,,,52.90885,,,0.58654,10.27603,-0.17337,50,5.54013,2.00373,-126.88935,-3.27894,0.95494,26.29474,-15.44304,GEO_PAT,DAY_FLY,SpuhlerFieldMain,D1,A10,20250315-SpuhlerFieldMain-2,0320d2f0-01d5-11f0-9269-ed641e036766,87.70364,18.19017,,7.48963,,,,0.4755,2.85521,0.70332,b0b8cc55-1461-41bf-b18a-f9f6bd8e04da,2025-03-15,19:38:03.32,2025-03-15T15:38:03.3260000-04:00,2025-03-15T19:38:03.3260000Z,,v3,471300,471281,15 March 2025 14:00-dayton@georgemas,"Raymond, Andrew",10148052,Right,GEO_PAT,56511067-d67e-40bd-baed-861e35f91536,53.87111,-127.68903,13.14737,5.63271,-2.80929,-7.72152,-0.23387,1.97469,0.47747,299.936764,0.4755,-91.09308,6.09106,0.107,0.00887,0.01276,-0.00753,0.00308,-0.0011,2.85521,38.87633,-21.60171,2.16701,-0.32116,0.08056,-0.00924,-0.00226,0.00137,0.70332,40.71556,-7.78134,0.23924,-0.06876,0.00152,0.0037,-0.00076,0.00014,,,,,,,,,,,,,,,,,,,,,,,High,High,High,High,Undefined,,,
136,2025-03-15,15:38:26.24,1,3,"Cassedy, Brandon",1000183671,Right,GEO_PAT,"Zorn, Adin",10148886,Right,DAY_FLY,Undefined,4,Top,0,1,1,Fastball,Four-Seam,FoulBallNotFieldable,Undefined,Undefined,Undefined,0,0,,88.59763,-0.451924,-0.28467,2180.864583,171.818394,11:45,5.71408,0.21138,6.66604,-16.36505,18.1691,-2.45579,3.93679,-0.25376,80.88624,-3.619842,-0.731882,0.422957,76.32264,8.006867,178.759716,1478.508936,,,,76.92751,47.57372,173.623333,0.717757,1.18953,9.97134,-0.19159,50,5.6763,0.73869,-128.80512,-1.3912,1.99801,26.80324,-15.42565,GEO_PAT,DAY_FLY,SpuhlerFieldMain,D1,A10,20250315-SpuhlerFieldMain-2,10ab02b0-01d5-11f0-9269-ed641e036766,89.11656,5.49312,,7.71139,,,,1.04773,3.37728,0.70175,b0b8cc55-1461-41bf-b18a-f9f6bd8e04da,2025-03-15,19:38:26.24,2025-03-15T15:38:26.2400000-04:00,2025-03-15T19:38:26.2400000Z,GroundBall,v3,471300,471281,15 March 2025 14:00-dayton@georgemas,"Raymond, Andrew",10148052,Right,GEO_PAT,72258d90-6e5a-443a-8c59-88d3b9aa6dc2,53.83149,-129.59996,13.40162,5.71077,-0.93375,-7.71283,-0.21262,0.67945,0.99901,45.113239,1.09316,-111.66141,4.96245,,,,,,,3.39378,15.2889,-27.92023,,,,,,,0.68396,2.72683,11.49171,,,,,,,,,,,,,,,,,,,,,,,,,,,,,High,High,High,Medium,Medium,,,
137,2025-03-15,15:38:53.06,1,4,"Cassedy, Brandon",1000183671,Right,GEO_PAT,"Zorn, Adin",10148886,Right,DAY_FLY,Undefined,4,Top,0,1,2,Curveball,Curveball,BallCalled,Undefined,Undefined,Undefined,0,0,,74.14334,3.293781,1.64313,2610.525514,37.007148,7:15,5.68519,0.43064,5.35239,-68.59945,-16.49158,-13.67485,3.06267,0.83267,67.97639,-9.130943,-0.789016,0.519545,,,,,,,,,,,,7.33437,-8.74245,-0.56838,50,5.93248,-2.56989,-107.54808,3.89263,8.55298,19.40832,-42.36906,GEO_PAT,DAY_FLY,SpuhlerFieldMain,D1,A10,20250315-SpuhlerFieldMain-2,20d4e390-01d5-11f0-9269-ed641e036766,72.54897,,,6.16695,,,,,,,b0b8cc55-1461-41bf-b18a-f9f6bd8e04da,2025-03-15,19:38:53.06,2025-03-15T15:38:53.0610000-04:00,2025-03-15T19:38:53.0610000Z,,v3,471300,471281,15 March 2025 14:00-dayton@georgemas,"Raymond, Andrew",10148052,Right,GEO_PAT,a212712c-f0c9-4b39-b0a3-c5e827599db2,55.15583,-108.47452,9.70416,5.6984,5.91509,-21.18453,-0.43597,-2.97816,4.27649,,,,,,,,,,,,,,,,,,,,,,,,,,,,,,,,,,,,,,,,,,,,,,,,,,,High,High,High,,,,,
138,2025-03-15,15:39:18.46,1,5,"Cassedy, Brandon",1000183671,Right,GEO_PAT,"Zorn, Adin",10148886,Right,DAY_FLY,Undefined,4,Top,0,2,2,Cutter,Slider,InPlay,Undefined,GroundBall,Out,1,0,,82.2717,-0.01678,0.394278,2578.183768,81.455029,8:45,5.74479,0.39276,5.77528,-41.1449,-0.38626,-9.62504,2.30043,-0.04241,76.77632,-7.531958,-1.332267,0.459495,65.33465,-14.089754,-52.092484,,,,,10.93113,7.30361,-27.915345,0.067983,5.08055,0.04094,-0.41915,50,5.71778,-0.46539,-119.77892,-1.40438,7.49536,19.77464,-32.11363,GEO_PAT,DAY_FLY,SpuhlerFieldMain,D1,A10,20250315-SpuhlerFieldMain-2,2fe983e0-01d5-11f0-9269-ed641e036766,82.03006,1.58989,,5.49537,,,,,,,b0b8cc55-1461-41bf-b18a-f9f6bd8e04da,2025-03-15,19:39:18.46,2025-03-15T15:39:18.4670000-04:00,2025-03-15T19:39:18.4670000Z,GroundBall,v3,471300,471281,15 March 2025 14:00-dayton@georgemas,"Raymond, Andrew",10148052,Right,GEO_PAT,a8602d9f-a103-434e-90ba-8135b7bae553,54.73132,-120.55749,9.88732,5.74818,-0.13998,-16.05681,-0.39501,-0.7605,3.74768,180,5.76582,57.24668,,,,,,,,1.59053,-23.38664,,,,,,,,-0.11769,-73.5167,,,,,,,,,,,,,,,,,,,,,,,,,,,,,,High,High,High,Low,Low,,,
139,2025-03-15,15:39:56.39,2,1,"Cassedy, Brandon",1000183671,Right,GEO_PAT,"Cazorla, Alejandro",1000268561,Right,DAY_FLY,Undefined,4,Top,1,0,0,Curveball,Curveball,BallCalled,Undefined,Undefined,Undefined,0,0,,73.38102,3.732613,1.445414,2589.95465,44.907798,7:30,5.6655,0.39331,5.67891,-65.06984,-12.7652,-14.29485,3.72881,0.54985,67.47737,-8.134207,-1.110102,0.520525,,,,,,,,,,,,7.62493,-6.97563,-0.50611,50,5.93973,-2.17098,-106.49097,4.89169,8.76838,18.04274,-40.19579,GEO_PAT,DAY_FLY,SpuhlerFieldMain,D1,A10,20250315-SpuhlerFieldMain-2,4674ffe0-01d5-11f0-9269-ed641e036766,72.41236,,,5.90365,,,,,,,b0b8cc55-1461-41bf-b18a-f9f6bd8e04da,2025-03-15,19:39:56.39,2025-03-15T15:39:56.3980000-04:00,2025-03-15T19:39:56.3980000Z,,v3,471300,471281,15 March 2025 14:00-dayton@georgemas,"Raymond, Andrew",10148052,Right,GEO_PAT,ed40d51c-c848-4a56-9cd0-2009fc4923bd,54.82876,-107.30599,9.02137,5.67775,6.70739,-20.0979,-0.3991,-2.56706,4.38419,,,,,,,,,,,,,,,,,,,,,,,,,,,,,,,,,,,,,,,,,,,,,,,,,,,High,High,High,,,,,
140,2025-03-15,15:40:17.04,2,2,"Cassedy, Brandon",1000183671,Right,GEO_PAT,"Cazorla, Alejandro",1000268561,Right,DAY_FLY,Undefined,4,Top,1,1,0,Cutter,Slider,FoulBallNotFieldable,Undefined,Undefined,Undefined,0,0,,81.32817,0.87717,0.25942,2579.370909,87.728386,9:00,5.7043,0.36447,5.819,-40.87223,0.63689,-10.04127,3.11396,-0.23109,76.0033,-6.603473,-1.54182,0.463706,68.41649,23.079551,164.771839,3107.654075,-106.98529,17.61892,25.57477,160.44801,51.57845,168.020943,1.995102,5.23823,0.40913,-0.37948,50,5.75125,-0.16286,-118.42731,0.47339,7.58425,18.48335,-31.58166,GEO_PAT,DAY_FLY,SpuhlerFieldMain,D1,A10,20250315-SpuhlerFieldMain-2,52d9c270-01d5-11f0-9269-ed641e036766,81.28514,20.44815,,5.32487,,,,1.59393,3.1048,0.21878,b0b8cc55-1461-41bf-b18a-f9f6bd8e04da,2025-03-15,19:40:17.04,2025-03-15T15:40:17.0470000-04:00,2025-03-15T19:40:17.0470000Z,LineDrive,v3,471300,471281,15 March 2025 14:00-dayton@georgemas,"Raymond, Andrew",10148052,Right,GEO_PAT,862f6c08-7af2-4c35-8ad6-710b015d3db4,54.68721,-119.15661,9.24167,5.70799,1.71951,-15.79083,-0.36715,-0.46212,3.79213,340.109951,1.59385,-89.06617,4.3816,0.43207,-0.36484,0.2324,-0.02981,-0.02469,0.00672,3.10485,39.33208,-24.23747,2.40364,-0.15478,-0.27697,0.20445,-0.05896,0.00615,0.21884,24.24304,-3.42087,-0.39892,0.30204,-0.18485,0.02065,0.0212,-0.00559,,,,,,,,,,,,,,,,,,,,,,,High,High,High,High,Medium,,,
141,2025-03-15,15:41:04.08,2,3,"Cassedy, Brandon",1000183671,Right,GEO_PAT,"Cazorla, Alejandro",1000268561,Right,DAY_FLY,Undefined,4,Top,1,1,1,Fastball,Four-Seam,FoulBallNotFieldable,Undefined,Undefined,Undefined,0,0,,89.8418,-1.715872,0.056766,2280.426097,178.878526,12:00,5.74719,0.34539,6.54564,-15.43733,18.35639,-0.33807,2.88659,0.36928,82.02611,-4.69898,-0.004673,0.418398,77.07869,63.076674,70.431282,4539.630109,-0.51782,105.2126,109.99873,159.78562,66.83744,92.380813,5.162559,0.19433,10.46855,-0.34919,50,5.62155,-0.11642,-130.60145,-4.29394,0.33473,28.19906,-14.14188,GEO_PAT,DAY_FLY,SpuhlerFieldMain,D1,A10,20250315-SpuhlerFieldMain-2,6ed65f10-01d5-11f0-9269-ed641e036766,90.08754,113.98658,,7.81569,,,,2.37287,2.1164,-1.09119,b0b8cc55-1461-41bf-b18a-f9f6bd8e04da,2025-03-15,19:41:04.08,2025-03-15T15:41:04.0840000-04:00,2025-03-15T19:41:04.0840000Z,Popup,v3,471300,471281,15 March 2025 14:00-dayton@georgemas,"Raymond, Andrew",10148052,Right,GEO_PAT,b8fbb727-4fac-4c30-b8f3-1e96dab9384a,53.95634,-131.45292,14.09953,5.74476,-3.86693,-7.07094,-0.34552,-0.12652,0.16737,,2.37175,17.05318,-13.23125,3.13941,0.81337,-0.90058,0.28767,-0.04116,0.00223,2.14334,100.24413,-25.89866,-0.42491,2.48521,-1.23846,0.29896,-0.03621,0.00175,-1.07604,47.91964,-5.64003,-0.76391,1.45985,-0.66592,0.14973,-0.01671,0.00074,,,,,,,,,,,,,,,,,,,,,,,High,High,High,Medium,Low,,,
142,2025-03-15,15:41:34.74,2,4,"Cassedy, Brandon",1000183671,Right,GEO_PAT,"Cazorla, Alejandro",1000268561,Right,DAY_FLY,Undefined,4,Top,1,1,2,Fastball,Four-Seam,StrikeSwinging,Strikeout,Undefined,Undefined,0,0,,89.30316,-1.032997,0.270139,2222.845524,188.560312,12:15,5.74411,0.31885,6.37473,-16.26883,17.94969,2.54634,3.43779,0.77961,81.94483,-4.15159,0.731333,0.421019,,,,,,,,,,,,-1.2548,9.95552,-0.33947,50,5.66169,-0.71285,-129.87436,-2.76845,-2.15153,26.21324,-15.10421,GEO_PAT,DAY_FLY,SpuhlerFieldMain,D1,A10,20250315-SpuhlerFieldMain-2,8126c970-01d5-11f0-9269-ed641e036766,89.52665,,,7.35833,,,,,,,b0b8cc55-1461-41bf-b18a-f9f6bd8e04da,2025-03-15,19:41:34.74,2025-03-15T15:41:34.7400000-04:00,2025-03-15T19:41:34.7400000Z,,v3,471300,471281,15 March 2025 14:00-dayton@georgemas,"Raymond, Andrew",10148052,Right,GEO_PAT,353085c3-51b4-4915-8c86-0d40e0ffbbc0,54.12702,-130.70468,13.10662,5.7418,-2.29001,-7.55211,-0.31797,-0.6447,-1.07576,,,,,,,,,,,,,,,,,,,,,,,,,,,,,63.15924,,,1.118799,,,,-1.1532,5.53471,-0.25286,68.2047,5.88263,-56.57787,-1.10091,67.08633,-4.59642,5.59053,15.46157,-13.58825,-0.4004,-59.51331,8.32008,High,High,High,,,High,High,High
143,2025-03-15,15:42:04.61,3,1,"Cassedy, Brandon",1000183671,Right,GEO_PAT,"Wouters, Dyrenson",821727,Right,DAY_FLY,Undefined,4,Top,2,0,0,Fastball,Four-Seam,BallCalled,Undefined,Undefined,Undefined,0,0,,89.2759,-2.262598,-1.537706,2234.594916,175.093785,11:45,5.60789,0.17478,6.8526,-15.46143,18.47391,-1.49004,2.25465,-1.35177,81.41292,-5.265935,-1.809891,0.419273,,,,,,,,,,,,0.33949,10.79343,-0.07616,50,5.4571,3.53759,-129.70646,-5.46832,0.57565,28.31338,-13.87244,GEO_PAT,DAY_FLY,SpuhlerFieldMain,D1,A10,20250315-SpuhlerFieldMain-2,92f5ced0-01d5-11f0-9269-ed641e036766,89.89941,,,7.86297,,,,,,,b0b8cc55-1461-41bf-b18a-f9f6bd8e04da,2025-03-15,19:42:04.61,2025-03-15T15:42:04.6110000-04:00,2025-03-15T19:42:04.6110000Z,,v3,471300,471281,15 March 2025 14:00-dayton@georgemas,"Raymond, Andrew",10148052,Right,GEO_PAT,d47fd5d9-7845-4c05-a668-f5ada68ce49f,53.6479,-130.50033,14.15669,5.60497,-5.07936,-6.93622,-0.17512,3.52145,0.28782,,,,,,,,,,,,,,,,,,,,,,,,,,,,,,,,,,,,,,,,,,,,,,,,,,,High,High,High,,,,,
144,2025-03-15,15:42:24.97,3,2,"Cassedy, Brandon",1000183671,Right,GEO_PAT,"Wouters, Dyrenson",821727,Right,DAY_FLY,Undefined,4,Top,2,1,0,Fastball,Four-Seam,InPlay,Undefined,LineDrive,Double,0,0,,89.15039,-1.311989,-0.830955,2196.664225,186.437764,12:15,5.66957,0.21776,6.76792,-15.24985,19.00119,2.01209,3.20024,-0.37349,80.83067,-4.292545,-0.46384,0.421219,101.95262,19.800114,-28.062429,2156.599146,93.88388,35.54122,-57.32197,326.0071,301.51701,-39.154748,3.667624,-1.33236,10.84697,-0.16421,50,5.57779,1.80634,-129.59159,-3.31363,-2.24138,29.7998,-13.92641,GEO_PAT,DAY_FLY,SpuhlerFieldMain,D1,A10,20250315-SpuhlerFieldMain-2,9f062fd0-01d5-11f0-9269-ed641e036766,89.48408,44.32281,,8.31972,,,,1.90457,3.19051,0.4084,b0b8cc55-1461-41bf-b18a-f9f6bd8e04da,2025-03-15,19:42:24.97,2025-03-15T15:42:24.9730000-04:00,2025-03-15T19:42:24.9730000Z,LineDrive,v3,471300,471281,15 March 2025 14:00-dayton@georgemas,"Raymond, Andrew",10148052,Right,GEO_PAT,1efc3bd4-cc5f-4eda-9afd-feea74bb700a,53.73437,-130.44749,14.8999,5.66721,-2.91365,-6.96321,-0.21701,1.87072,-1.12069,126.520868,1.90392,124.17013,-29.5345,7.83776,-2.11136,0.56198,-0.1295,0.01899,-0.00119,3.19113,50.6327,-16.76395,0.42285,0.42907,-0.25463,0.07997,-0.01271,0.00079,0.40877,-66.19749,0.61279,1.98174,-0.77701,0.16594,-0.01787,0.00022,8E-05,,,,,,,,,,,,,,,,,,,,,,,High,High,High,High,High,,,
145,2025-03-15,15:43:07.71,4,1,"Cassedy, Brandon",1000183671,Right,GEO_PAT,"Mainolfi, Ty",10109715,Left,DAY_FLY,Undefined,4,Top,2,0,0,Curveball,Curveball,BallCalled,Undefined,Undefined,Undefined,0,0,,73.97699,3.093004,1.293644,2514.667589,52.702684,7:45,5.75422,0.47658,5.52257,-62.33476,-10.55347,-15.92587,3.45512,0.35916,68.00449,-8.252581,-1.546473,0.517914,,,,,,,,,,,,8.37619,-5.6776,-0.57828,50,5.98184,-1.83578,-107.37811,3.7834,9.78052,18.57486,-38.80354,GEO_PAT,DAY_FLY,SpuhlerFieldMain,D1,A10,20250315-SpuhlerFieldMain-2,b88151b0-01d5-11f0-9269-ed641e036766,72.77738,,,5.97249,,,,,,,b0b8cc55-1461-41bf-b18a-f9f6bd8e04da,2025-03-15,19:43:07.71,2025-03-15T15:43:07.7140000-04:00,2025-03-15T19:43:07.7140000Z,,v3,471300,471281,15 March 2025 14:00-dayton@georgemas,"Raymond, Andrew",10148052,Right,GEO_PAT,93d21e81-a7b6-47c4-8e0c-ff648727c40e,54.98431,-108.23689,9.28743,5.76545,5.57742,-19.40177,-0.48296,-2.28797,4.89026,,,,,,,,,,,,,,,,,,,,,,,,,,,,,,,,,,,,,,,,,,,,,,,,,,,High,High,High,,,,,
146,2025-03-15,15:43:30.01,4,2,"Cassedy, Brandon",1000183671,Right,GEO_PAT,"Mainolfi, Ty",10109715,Left,DAY_FLY,Undefined,4,Top,2,1,0,Fastball,Four-Seam,FoulBallNotFieldable,Undefined,Undefined,Undefined,0,0,,89.04167,-2.021754,-0.509025,2243.029886,182.736305,12:00,5.74899,0.34704,6.65144,-13.99757,20.41895,0.92067,2.7312,-0.04216,80.97039,-4.75999,-0.341403,0.422236,65.81746,42.013063,-156.947168,3699.729952,-104.41896,43.01897,-34.59185,171.88866,68.17976,-165.325419,3.01845,-0.63941,11.72953,-0.3131,50,5.60676,1.11498,-129.38699,-4.87487,-1.0761,28.82095,-12.43408,GEO_PAT,DAY_FLY,SpuhlerFieldMain,D1,A10,20250315-SpuhlerFieldMain-2,c5d492f0-01d5-11f0-9269-ed641e036766,89.26873,45.12799,,8.07127,,,,1.41222,2.75528,0.02735,b0b8cc55-1461-41bf-b18a-f9f6bd8e04da,2025-03-15,19:43:30.01,2025-03-15T15:43:30.0190000-04:00,2025-03-15T19:43:30.0190000Z,Popup,v3,471300,471281,15 March 2025 14:00-dayton@georgemas,"Raymond, Andrew",10148052,Right,GEO_PAT,1c802a70-3a8f-4112-b66f-367362ba1359,53.85025,-130.24181,14.41048,5.74587,-4.50608,-6.21704,-0.34665,1.1469,-0.53805,22.475169,1.41189,-65.98508,1.8038,1.03321,-0.33387,0.05845,0.0236,-0.01256,0.00153,2.75572,64.58854,-28.21659,3.08941,-0.11682,-0.28928,0.13941,-0.02755,0.00204,0.02693,-28.06959,5.02033,-0.0457,-0.2602,0.15269,-0.02849,-0.00106,0.00058,,,,,,,,,,,,,,,,,,,,,,,High,High,High,High,Low,,,
147,2025-03-15,15:43:54.87,4,3,"Cassedy, Brandon",1000183671,Right,GEO_PAT,"Mainolfi, Ty",10109715,Left,DAY_FLY,Undefined,4,Top,2,1,1,Fastball,Four-Seam,StrikeCalled,Undefined,Undefined,Undefined,0,0,,89.38097,-2.703276,-0.754306,2204.064022,189.518352,12:15,5.69081,0.38251,6.36271,-15.07044,19.15832,3.03618,1.94499,-0.05871,82.13776,-5.593016,-0.204482,0.421082,,,,,,,,,,,,-1.79106,11.05253,-0.3293,50,5.48772,1.59186,-129.87363,-6.52033,-3.07134,26.18567,-13.22114,GEO_PAT,DAY_FLY,SpuhlerFieldMain,D1,A10,20250315-SpuhlerFieldMain-2,d4aaa3a0-01d5-11f0-9269-ed641e036766,89.51323,,,7.24321,,,,,,,b0b8cc55-1461-41bf-b18a-f9f6bd8e04da,2025-03-15,19:43:54.87,2025-03-15T15:43:54.8780000-04:00,2025-03-15T19:43:54.8780000Z,,v3,471300,471281,15 March 2025 14:00-dayton@georgemas,"Raymond, Andrew",10148052,Right,GEO_PAT,90db022d-886b-4d58-a705-ead8dc5d122a,54.14001,-130.70569,13.09283,5.68823,-6.10022,-6.61057,-0.38143,1.68946,-1.53567,,,,,,,,,,,,,,,,,,,,,,,,,,,,,,,,,,,,,,,,,,,,,,,,,,,High,High,High,,,,,
148,2025-03-15,15:44:18.10,4,4,"Cassedy, Brandon",1000183671,Right,GEO_PAT,"Mainolfi, Ty",10109715,Left,DAY_FLY,Undefined,4,Top,2,1,2,Fastball,Four-Seam,FoulBallNotFieldable,Undefined,Undefined,Undefined,0,0,,90.44473,-1.970832,0.014152,2250.630311,182.770319,12:00,5.62019,0.55636,6.40814,-13.67922,19.99119,0.91264,2.6673,0.64542,82.21544,-4.63587,0.179552,0.417634,,,,,,,,,,,,-0.47169,11.35453,-0.55776,50,5.47249,-0.06913,-131.3659,-4.84088,-0.81878,29.54683,-12.46376,GEO_PAT,DAY_FLY,SpuhlerFieldMain,D1,A10,20250315-SpuhlerFieldMain-2,e281e1f0-01d5-11f0-9269-ed641e036766,90.25236,,,8.22928,,,,,,,b0b8cc55-1461-41bf-b18a-f9f6bd8e04da,2025-03-15,19:44:18.10,2025-03-15T15:44:18.1000000-04:00,2025-03-15T19:44:18.1000000Z,,v3,471300,471281,15 March 2025 14:00-dayton@georgemas,"Raymond, Andrew",10148052,Right,GEO_PAT,ad8bb169-d098-4cb0-80a0-a19713ab6560,54.09255,-132.2832,14.77341,5.61677,-4.45394,-6.23188,-0.55601,-0.04372,-0.40939,,,,,,,,,,,,,,,,,,,,,,,,,,,,,,,,,,,,,,,,,,,,,,,,,,,High,High,High,,,,,
149,2025-03-15,15:44:48.07,4,5,"Cassedy, Brandon",1000183671,Right,GEO_PAT,"Mainolfi, Ty",10109715,Left,DAY_FLY,Undefined,4,Top,2,1,2,Fastball,Four-Seam,BallCalled,Undefined,Undefined,Undefined,0,0,,90.4788,-1.406235,1.045253,2238.148428,189.638413,12:15,5.67897,0.46721,6.45611,-13.76339,19.43367,3.13236,3.23965,1.68862,83.14821,-4.066002,1.613203,0.414688,,,,,,,,,,,,-1.36244,10.84005,-0.54246,50,5.57285,-2.52452,-131.58256,-3.56328,-2.40182,26.48038,-13.06439,GEO_PAT,DAY_FLY,SpuhlerFieldMain,D1,A10,20250315-SpuhlerFieldMain-2,f461d740-01d5-11f0-9269-ed641e036766,90.89357,,,7.33059,,,,,,,b0b8cc55-1461-41bf-b18a-f9f6bd8e04da,2025-03-15,19:44:48.07,2025-03-15T15:44:48.0760000-04:00,2025-03-15T19:44:48.0760000Z,,v3,471300,471281,15 March 2025 14:00-dayton@georgemas,"Raymond, Andrew",10148052,Right,GEO_PAT,191e8a84-838e-4a4a-a944-0de7a5e555d7,54.04585,-132.39426,13.24019,5.67594,-3.16282,-6.5322,-0.46621,-2.4509,-1.20091,,,,,,,,,,,,,,,,,,,,,,,,,,,,,,,,,,,,,,,,,,,,,,,,,,,High,High,High,,,,,
150,2025-03-15,15:45:11.85,4,6,"Cassedy, Brandon",1000183671,Right,GEO_PAT,"Mainolfi, Ty",10109715,Left,DAY_FLY,Undefined,4,Top,2,2,2,Fastball,Four-Seam,FoulBallNotFieldable,Undefined,Undefined,Undefined,0,0,,91.18831,-2.967523,-0.377944,2275.627696,189.24572,12:15,5.66641,0.32902,6.37637,-13.71324,18.96509,2.93414,1.79076,0.22579,84.28892,-5.59292,0.153579,0.411435,79.54599,52.936093,-59.366677,4934.362481,29.15754,95.74156,-106.065,191.10523,74.62259,-80.287921,4.735368,-1.63744,10.96615,-0.30311,50,5.44555,0.76044,-132.56886,-7.23115,-2.9441,25.60048,-12.45725,GEO_PAT,DAY_FLY,SpuhlerFieldMain,D1,A10,20250315-SpuhlerFieldMain-2,028ab800-01d6-11f0-9269-ed641e036766,91.61207,95.81371,,6.89939,,,,0.68105,2.17973,-0.59625,b0b8cc55-1461-41bf-b18a-f9f6bd8e04da,2025-03-15,19:45:11.85,2025-03-15T15:45:11.8520000-04:00,2025-03-15T19:45:11.8520000Z,Popup,v3,471300,471281,15 March 2025 14:00-dayton@georgemas,"Raymond, Andrew",10148052,Right,GEO_PAT,2f9a1b50-3491-4a12-b151-8ab4e3e33e3a,54.12763,-133.36357,12.80024,5.66402,-6.84444,-6.22863,-0.32814,0.85183,-1.47205,145.370907,0.73541,34.57399,-13.54232,-3.74094,7.47052,-4.02624,1.07261,-0.14167,0.00739,2.19382,92.84353,-27.58883,2.29918,0.0425,-0.00398,-0.04361,0.01262,-0.00103,-0.60376,-60.38936,6.22216,-0.33893,0.15392,-0.2697,0.12653,-0.02379,0.00159,,,,,,,,,,,,,,,,,,,,,,,High,High,High,High,Low,,,
151,2025-03-15,15:45:41.49,4,7,"Cassedy, Brandon",1000183671,Right,GEO_PAT,"Mainolfi, Ty",10109715,Left,DAY_FLY,Undefined,4,Top,2,2,2,Fastball,Four-Seam,BallCalled,Undefined,Undefined,Undefined,0,0,,90.44502,-3.704846,-1.050229,2319.19471,178.462759,12:00,5.60116,0.35352,6.72915,-12.89548,20.18875,-0.51386,1.13529,-0.64924,83.0122,-6.210192,-1.143908,0.413983,,,,,,,,,,,,-0.01366,12.06103,-0.28402,50,5.35098,2.42669,-131.35105,-8.79444,-0.02388,27.49598,-11.0764,GEO_PAT,DAY_FLY,SpuhlerFieldMain,D1,A10,20250315-SpuhlerFieldMain-2,142762c0-01d6-11f0-9269-ed641e036766,91.04839,,,7.43281,,,,,,,b0b8cc55-1461-41bf-b18a-f9f6bd8e04da,2025-03-15,19:45:41.49,2025-03-15T15:45:41.4920000-04:00,2025-03-15T19:45:41.4920000Z,,v3,471300,471281,15 March 2025 14:00-dayton@georgemas,"Raymond, Andrew",10148052,Right,GEO_PAT,726722c1-b7d7-4fbd-a304-177be35b6ae1,53.77448,-132.13881,13.74799,5.5984,-8.4771,-5.5382,-0.35355,2.42737,-0.01194,,,,,,,,,,,,,,,,,,,,,,,,,,,,,,,,,,,,,,,,,,,,,,,,,,,High,High,High,,,,,
152,2025-03-15,15:46:05.99,4,8,"Cassedy, Brandon",1000183671,Right,GEO_PAT,"Mainolfi, Ty",10109715,Left,DAY_FLY,Undefined,4,Top,2,3,2,Fastball,Four-Seam,FoulBallNotFieldable,Undefined,Undefined,Undefined,0,0,,91.53405,-3.400394,-1.090562,2344.401986,182.161671,12:00,5.68652,0.46496,6.50905,-10.49993,22.06576,0.79406,1.68652,-0.46988,83.88744,-5.466565,-0.946442,0.410725,61.48677,39.809787,-153.049283,4070.445184,-101.03634,35.34912,-43.4928,171.29642,71.09013,-157.534633,2.807459,-0.71957,12.8717,-0.38914,50,5.44398,2.49991,-132.92689,-8.11845,-1.28908,28.1641,-9.11529,GEO_PAT,DAY_FLY,SpuhlerFieldMain,D1,A10,20250315-SpuhlerFieldMain-2,22cbb510-01d6-11f0-9269-ed641e036766,91.77042,38.18007,,7.64662,,,,1.81264,1.71867,0.45078,b0b8cc55-1461-41bf-b18a-f9f6bd8e04da,2025-03-15,19:46:05.99,2025-03-15T15:46:05.9910000-04:00,2025-03-15T19:46:05.9910000Z,Popup,v3,471300,471281,15 March 2025 14:00-dayton@georgemas,"Raymond, Andrew",10148052,Right,GEO_PAT,6b7039b7-e1da-4cb1-892c-b185e0da7103,53.99447,-133.77055,14.08205,5.68308,-7.8454,-4.55764,-0.4646,2.53852,-0.64454,28.087329,1.81291,-61.76496,0.28656,0.57353,0.37493,-0.47805,0.22265,-0.04779,0.00391,1.71861,57.73931,-25.79414,2.87893,-0.62573,0.19287,-0.08445,0.02296,-0.00238,0.45087,-31.39948,5.18833,-1.40512,0.33362,-0.12062,0.05798,-0.01603,0.00166,,,,,,,,,,,,,,,,,,,,,,,High,High,High,High,Medium,,,
153,2025-03-15,15:46:33.75,4,9,"Cassedy, Brandon",1000183671,Right,GEO_PAT,"Mainolfi, Ty",10109715,Left,DAY_FLY,Undefined,4,Top,2,3,2,Cutter,Slider,StrikeCalled,Strikeout,Undefined,Undefined,0,0,,83.14883,0.761766,1.003415,2571.351602,79.624843,8:45,5.72751,0.54123,5.66413,-40.62644,-0.64717,-9.05205,3.05249,0.72268,77.6225,-6.64945,-0.615847,0.455081,,,,,,,,,,,,4.83197,-0.17803,-0.62025,50,5.7659,-1.76056,-121.02467,0.19606,7.30457,19.35537,-32.44321,GEO_PAT,DAY_FLY,SpuhlerFieldMain,D1,A10,20250315-SpuhlerFieldMain-2,33445230-01d6-11f0-9269-ed641e036766,82.82578,,,5.52634,,,,,,,b0b8cc55-1461-41bf-b18a-f9f6bd8e04da,2025-03-15,19:46:33.75,2025-03-15T15:46:33.7530000-04:00,2025-03-15T19:46:33.7530000Z,,v3,471300,471281,15 March 2025 14:00-dayton@georgemas,"Raymond, Andrew",10148052,Right,GEO_PAT,6eca7363-4336-4adf-b9cf-9d411857be10,54.84131,-121.79647,9.67768,5.73229,1.48975,-16.2216,-0.54424,-2.05183,3.65229,,,,,,,,,,,,,,,,,,,,,,,,,,,,,,,,,,,,,,,,,,,,,,,,,,,High,High,High,,,,,
154,2025-03-15,15:49:05.54,1,1,"Dean, Ben",10264251,Right,DAY_FLY,"Butler, Jake",1000176047,Right,GEO_PAT,Undefined,4,Bottom,0,0,0,Fastball,Four-Seam,InPlay,Undefined,LineDrive,Double,0,0,,93.04017,-2.866858,-3.326623,2419.329121,206.918374,1:00,6.22895,2.25158,5.46703,-14.68583,17.98336,8.63477,2.31511,-0.14593,85.68562,-5.628207,-1.79286,0.411378,96.92224,14.969235,4.082328,2101.229347,109.00312,24.99299,14.77549,291.35699,291.35699,13.555587,3.000199,-5.21689,10.10993,-1.96466,50,5.96621,7.44628,-134.848,-7.24719,-9.69299,26.83614,-13.38991,GEO_PAT,DAY_FLY,SpuhlerFieldMain,D1,A10,20250315-SpuhlerFieldMain-2,8dd2ffd0-01d6-11f0-9269-ed641e036766,91.62493,28.53255,,7.35456,,,,1.50396,2.36933,0.13269,b0b8cc55-1461-41bf-b18a-f9f6bd8e04da,2025-03-15,19:49:05.54,2025-03-15T15:49:05.5480000-04:00,2025-03-15T19:49:05.5480000Z,LineDrive,v3,471300,471281,15 March 2025 14:00-dayton@georgemas,"MacDougall, Ryan",1000268563,Right,DAY_FLY,ddf5e414-6db2-411d-9708-f4fd97967637,55.03638,-135.84659,13.41807,6.22662,-6.74893,-6.69495,-2.24845,7.80696,-4.84649,229.286358,1.5039,136.98268,-23.71894,5.02031,-0.94555,0.14294,-0.01666,0.00138,-5E-05,2.36947,36.71108,-12.76902,-0.33533,0.232,-0.03659,-0.00102,0.00166,-0.0002,0.13283,9.76893,9.54373,-3.32506,0.85966,-0.15337,0.0155,-0.00014,-0.0001,,,,,,,,,,,,,,,,,,,,,,,High,High,High,High,High,,,
155,2025-03-15,15:50:45.47,2,1,"Dean, Ben",10264251,Right,DAY_FLY,"Raymond, Andrew",10148052,Left,GEO_PAT,Undefined,4,Bottom,0,0,0,Fastball,Four-Seam,BallCalled,Undefined,Undefined,Undefined,0,0,,93.75555,-4.788337,-3.137186,2386.303235,206.897236,1:00,6.27625,2.2364,5.53878,-14.45603,17.81777,8.53178,0.57873,0.01211,86.33521,-7.497411,-1.618832,0.408881,,,,,,,,,,,,-5.19083,10.60737,-1.97002,50,5.84993,7.05527,-135.61656,-11.855,-9.72988,27.85782,-12.2912,GEO_PAT,DAY_FLY,SpuhlerFieldMain,D1,A10,20250315-SpuhlerFieldMain-2,c9590950-01d6-11f0-9269-ed641e036766,92.18449,,,7.42035,,,,,,,b0b8cc55-1461-41bf-b18a-f9f6bd8e04da,2025-03-15,19:50:45.47,2025-03-15T15:50:45.4710000-04:00,2025-03-15T19:50:45.4710000Z,,v3,471300,471281,15 March 2025 14:00-dayton@georgemas,"MacDougall, Ryan",1000268563,Right,DAY_FLY,405d488b-1a34-4351-bfb7-1fccef488721,54.96576,-136.63279,13.92891,6.27421,-11.40662,-6.1456,-2.23386,7.41021,-4.86494,,,,,,,,,,,,,,,,,,,,,,,,,,,,,,,,,,,,,,,,,,,,,,,,,,,High,High,High,,,,,
156,2025-03-15,15:51:27.46,2,2,"Dean, Ben",10264251,Right,DAY_FLY,"Raymond, Andrew",10148052,Left,GEO_PAT,Undefined,4,Bottom,0,1,0,Slider,Curveball,BallCalled,Undefined,Undefined,Undefined,0,0,,80.31127,-3.038299,-3.621387,2218.491,18.718316,6:30,6.26481,2.40685,5.28178,-49.90766,-5.79603,-2.36847,-0.75609,-1.19623,75.39491,-11.931213,-4.042263,0.478022,,,,,,,,,,,,0.30736,-2.01469,-2.07408,50,5.949,7.4574,-116.41873,-7.93213,0.42581,19.92434,-34.96511,GEO_PAT,DAY_FLY,SpuhlerFieldMain,D1,A10,20250315-SpuhlerFieldMain-2,e267d4d0-01d6-11f0-9269-ed641e036766,78.85084,,,4.91636,,,,,,,b0b8cc55-1461-41bf-b18a-f9f6bd8e04da,2025-03-15,19:51:27.46,2025-03-15T15:51:27.4610000-04:00,2025-03-15T19:51:27.4610000Z,,v3,471300,471281,15 March 2025 14:00-dayton@georgemas,"MacDougall, Ryan",1000268563,Right,DAY_FLY,c1d63985-b840-422c-aab4-7d10f9dfd39e,55.22572,-117.30967,9.96217,6.26873,-6.36862,-17.48256,-2.40712,7.43836,0.2129,,,,,,,,,,,,,,,,,,,,,,,,,,,,,,,,,,,,,,,,,,,,,,,,,,,High,High,High,,,,,
157,2025-03-15,15:52:04.41,2,3,"Dean, Ben",10264251,Right,DAY_FLY,"Raymond, Andrew",10148052,Left,GEO_PAT,Undefined,4,Bottom,0,2,0,Fastball,Four-Seam,BallCalled,Undefined,Undefined,Undefined,0,0,,93.548,-3.422979,-4.605997,2388.941734,214.61784,1:15,6.28202,2.38045,5.77067,-18.60718,13.52312,8.65977,1.53168,-1.19376,86.13548,-6.887063,-3.062458,0.40797,,,,,,,,,,,,-5.65473,8.09839,-2.00415,50,5.98639,10.52905,-135.35082,-8.75454,-10.55997,27.69636,-17.05065,GEO_PAT,DAY_FLY,SpuhlerFieldMain,D1,A10,20250315-SpuhlerFieldMain-2,f86df430-01d6-11f0-9269-ed641e036766,92.39017,,,7.41252,,,,,,,b0b8cc55-1461-41bf-b18a-f9f6bd8e04da,2025-03-15,19:52:04.41,2025-03-15T15:52:04.4180000-04:00,2025-03-15T19:52:04.4180000Z,,v3,471300,471281,15 March 2025 14:00-dayton@georgemas,"MacDougall, Ryan",1000268563,Right,DAY_FLY,08d068c3-9723-4302-884b-73fb83e55da4,54.73338,-136.31595,13.84818,6.28111,-8.16037,-8.52533,-2.37747,10.89703,-5.27998,,,,,,,,,,,,,,,,,,,,,,,,,,,,,,,,,,,,,,,,,,,,,,,,,,,High,High,High,,,,,
158,2025-03-15,15:52:21.32,2,4,"Dean, Ben",10264251,Right,DAY_FLY,"Raymond, Andrew",10148052,Left,GEO_PAT,Undefined,4,Bottom,0,3,0,Fastball,Four-Seam,BallCalled,Walk,Undefined,Undefined,0,0,,93.01594,-4.535732,-3.42323,2412.150625,209.484676,1:00,6.19088,2.30489,5.43309,-14.1143,18.82859,10.06225,0.75025,-0.06643,85.52523,-7.188707,-1.636973,0.413097,,,,,,,,,,,,-6.00174,11.01001,-2.00859,50,5.77802,7.59089,-134.51217,-11.14865,-11.063,27.51513,-11.87923,GEO_PAT,DAY_FLY,SpuhlerFieldMain,D1,A10,20250315-SpuhlerFieldMain-2,0282ac40-01d7-11f0-9269-ed641e036766,91.24351,,,7.49071,,,,,,,b0b8cc55-1461-41bf-b18a-f9f6bd8e04da,2025-03-15,19:52:21.32,2025-03-15T15:52:21.3280000-04:00,2025-03-15T19:52:21.3280000Z,,v3,471300,471281,15 March 2025 14:00-dayton@georgemas,"MacDougall, Ryan",1000268563,Right,DAY_FLY,d2f2e455-9a3c-41c5-ac3a-5cae28dcf097,55.07058,-135.54541,13.75757,6.1883,-10.70256,-5.93962,-2.30144,8.00633,-5.5315,,,,,,,,,,,,,,,,,,,,,,,,,,,,,,,,,,,,,,,,,,,,,,,,,,,High,High,High,,,,,
159,2025-03-15,15:53:21.54,3,1,"Dean, Ben",10264251,Right,DAY_FLY,"Alberti, Lucas",1000145512,Right,GEO_PAT,Undefined,4,Bottom,0,0,0,Fastball,Four-Seam,BallCalled,Undefined,Undefined,Undefined,0,0,,92.64068,-2.56397,-5.203658,2336.270275,219.99455,1:15,6.26727,2.17649,6.16777,-19.3834,12.72221,9.90099,2.27219,-1.81844,85.6666,-6.189815,-3.428445,0.407814,,,,,,,,,,,,-6.38292,7.49933,-1.78595,50,6.06193,11.80399,-134.14674,-6.64586,-11.77833,25.57643,-18.33562,GEO_PAT,DAY_FLY,SpuhlerFieldMain,D1,A10,20250315-SpuhlerFieldMain-2,266f2520-01d7-11f0-9269-ed641e036766,92.42561,,,6.97408,,,,,,,b0b8cc55-1461-41bf-b18a-f9f6bd8e04da,2025-03-15,19:53:21.54,2025-03-15T15:53:21.5450000-04:00,2025-03-15T19:53:21.5450000Z,,v3,471300,471281,15 March 2025 14:00-dayton@georgemas,"MacDougall, Ryan",1000268563,Right,DAY_FLY,2a794191-d260-4a10-8a9d-52f4ae21ce3b,54.33554,-134.97082,12.78822,6.26654,-6.05508,-9.16781,-2.1724,12.18349,-5.88917,,,,,,,,,,,,,,,,,,,,,,,,,,,,,,,,,,,,,,,,,,,,,,,,,,,High,High,High,,,,,
160,2025-03-15,15:53:39.91,3,2,"Dean, Ben",10264251,Right,DAY_FLY,"Alberti, Lucas",1000145512,Right,GEO_PAT,Undefined,4,Bottom,0,1,0,Fastball,Four-Seam,BallCalled,Undefined,Undefined,Undefined,0,0,,93.11081,-1.476573,-1.307759,2383.677804,206.508428,1:00,6.32843,2.3259,5.34463,-14.34768,18.37115,8.67,3.74696,1.82139,85.45815,-4.186054,0.232079,0.41169,,,,,,,,,,,,-4.67055,9.88745,-2.21433,50,6.18524,2.67425,-135.17186,-3.95184,-8.69798,27.65511,-13.76065,GEO_PAT,DAY_FLY,SpuhlerFieldMain,D1,A10,20250315-SpuhlerFieldMain-2,313f6500-01d7-11f0-9269-ed641e036766,91.5554,,,7.65266,,,,,,,b0b8cc55-1461-41bf-b18a-f9f6bd8e04da,2025-03-15,19:53:39.91,2025-03-15T15:53:39.9150000-04:00,2025-03-15T19:53:39.9150000Z,,v3,471300,471281,15 March 2025 14:00-dayton@georgemas,"MacDougall, Ryan",1000268563,Right,DAY_FLY,38a29adc-b401-4d14-a7c4-dc40360dcf16,55.15676,-136.22281,13.82756,6.32548,-3.4289,-6.88033,-2.32224,3.00479,-4.34899,,,,,,,,,,,,,,,,,,,,,,,,,,,,,,,,,,,,,,,,,,,,,,,,,,,High,High,High,,,,,
161,2025-03-15,15:54:05.97,3,3,"Dean, Ben",10264251,Right,DAY_FLY,"Alberti, Lucas",1000145512,Right,GEO_PAT,Undefined,4,Bottom,0,2,0,Fastball,Four-Seam,FoulBallNotFieldable,Undefined,Undefined,Undefined,0,0,,93.0445,-2.191286,-3.266519,2303.979006,192.928528,12:30,6.39552,2.08622,5.51863,-11.2439,21.49056,4.69847,3.40522,-0.57992,85.17915,-4.35913,-2.431594,0.411789,80.78372,12.323224,173.702827,1750.23646,-109.71902,8.15346,7.85563,145.99084,49.65334,176.807749,1.44601,-3.18658,11.64056,-1.80431,50,6.19642,7.46544,-134.7927,-5.4515,-5.89338,27.86151,-10.64543,GEO_PAT,DAY_FLY,SpuhlerFieldMain,D1,A10,20250315-SpuhlerFieldMain-2,40c89910-01d7-11f0-9269-ed641e036766,91.53349,11.23481,,7.86535,,,,1.38017,3.34509,0.60756,b0b8cc55-1461-41bf-b18a-f9f6bd8e04da,2025-03-15,19:54:05.97,2025-03-15T15:54:05.9760000-04:00,2025-03-15T19:54:05.9760000Z,LineDrive,v3,471300,471281,15 March 2025 14:00-dayton@georgemas,"MacDougall, Ryan",1000268563,Right,DAY_FLY,41d268cf-6acd-4c61-b248-368deba49fa1,54.97952,-135.81806,13.93076,6.38984,-5.05972,-5.32272,-2.08305,7.68233,-2.94669,298.546795,1.29199,-114.20333,8.68415,,,,,,,3.52745,23.55056,-18.05202,,,,,,,0.72593,11.55266,-4.49733,,,,,,,,,,,,,,,,,,,,,,,,,,,,,High,High,High,High,Low,,,
162,2025-03-15,15:54:30.24,3,4,"Dean, Ben",10264251,Right,DAY_FLY,"Alberti, Lucas",1000145512,Right,GEO_PAT,Undefined,4,Bottom,0,2,1,Fastball,Four-Seam,BallCalled,Undefined,Undefined,Undefined,0,0,,92.41101,-0.173373,-2.260142,2266.674923,198.932438,12:45,6.35203,2.28981,5.71865,-15.06583,18.09186,5.82378,4.93491,0.66856,83.74077,-3.060278,-1.219701,0.414442,,,,,,,,,,,,-3.60941,9.55245,-2.10427,50,6.32832,5.0223,-134.01658,-0.85003,-6.52322,30.6595,-14.91021,GEO_PAT,DAY_FLY,SpuhlerFieldMain,D1,A10,20250315-SpuhlerFieldMain-2,4f451810-01d7-11f0-9269-ed641e036766,90.94744,,,8.67024,,,,,,,b0b8cc55-1461-41bf-b18a-f9f6bd8e04da,2025-03-15,19:54:30.24,2025-03-15T15:54:30.2440000-04:00,2025-03-15T19:54:30.2440000Z,,v3,471300,471281,15 March 2025 14:00-dayton@georgemas,"MacDougall, Ryan",1000268563,Right,DAY_FLY,7dfb37ff-f3c9-415b-9a27-a5b2121cc156,54.78063,-135.10583,15.32975,6.34911,-0.32031,-7.45511,-2.28681,5.25405,-3.26161,,,,,,,,,,,,,,,,,,,,,,,,,,,,,,,,,,,,,,,,,,,,,,,,,,,High,High,High,,,,,
163,2025-03-15,15:54:53.60,3,5,"Dean, Ben",10264251,Right,DAY_FLY,"Alberti, Lucas",1000145512,Right,GEO_PAT,Undefined,4,Bottom,0,3,1,Fastball,Four-Seam,BallCalled,Walk,Undefined,Undefined,0,0,,93.47783,-2.842909,-4.481837,2378.327409,204.939906,12:45,6.28403,2.02622,5.71192,-18.17536,14.14465,6.10725,2.11043,-1.64902,85.74749,-6.237424,-3.394611,0.409173,,,,,,,,,,,,-4.3091,8.26752,-1.654,50,6.03383,10.32733,-135.25586,-7.35013,-8.01138,28.50174,-16.80328,GEO_PAT,DAY_FLY,SpuhlerFieldMain,D1,A10,20250315-SpuhlerFieldMain-2,5d4dedb0-01d7-11f0-9269-ed641e036766,92.11859,,,7.73034,,,,,,,b0b8cc55-1461-41bf-b18a-f9f6bd8e04da,2025-03-15,19:54:53.60,2025-03-15T15:54:53.6050000-04:00,2025-03-15T19:54:53.6050000Z,,v3,471300,471281,15 March 2025 14:00-dayton@georgemas,"MacDougall, Ryan",1000268563,Right,DAY_FLY,3db02b47-52a4-457a-b775-607d838150c3,54.79008,-136.26151,14.25087,6.2827,-6.75725,-8.40164,-2.02337,10.61,-4.00569,,,,,,,,,,,,,,,,,,,,,,,,,,,,,,,,,,,,,,,,,,,,,,,,,,,High,High,High,,,,,
164,2025-03-15,15:55:26.53,4,1,"Dean, Ben",10264251,Right,DAY_FLY,"Clyne, Owen",1000230336,Left,GEO_PAT,Undefined,4,Bottom,0,0,0,Fastball,Four-Seam,InPlay,Undefined,GroundBall,Out,2,1,,93.31171,-2.102507,-3.511833,2297.562015,203.723726,12:45,6.3382,2.20085,5.72244,-15.82367,16.4904,6.80374,3.05652,-0.50754,85.48285,-5.090409,-2.298116,0.409136,82.62302,-6.045489,-3.453316,,,,,21.00539,19.92702,-2.166629,0.173001,-4.42331,9.27595,-1.91139,50,6.15248,7.9989,-135.26155,-5.48238,-8.2206,28.63161,-14.93497,GEO_PAT,DAY_FLY,SpuhlerFieldMain,D1,A10,20250315-SpuhlerFieldMain-2,70e92790-01d7-11f0-9269-ed641e036766,92.12701,2.9682,,7.82886,,,,0.70182,2.9682,0.55207,b0b8cc55-1461-41bf-b18a-f9f6bd8e04da,2025-03-15,19:55:26.53,2025-03-15T15:55:26.5350000-04:00,2025-03-15T19:55:26.5350000Z,GroundBall,v3,471300,471281,15 March 2025 14:00-dayton@georgemas,"MacDougall, Ryan",1000268563,Right,DAY_FLY,554aeb3b-89d2-4899-b92f-5bd01604787a,54.78021,-136.26965,14.31581,6.33625,-4.95653,-7.46749,-2.19812,8.28835,-4.1103,19.613619,0.70209,120.26703,-17.3163,,,,,,,2.96913,-12.83371,-25.06216,,,,,,,0.55229,-7.27493,-2.94195,,,,,,,,,,,,,,,,,,,,,,,,,,,,,High,High,High,High,High,,,
165,2025-03-15,15:55:57.85,5,1,"Dean, Ben",10264251,Right,DAY_FLY,"Lavin, Sam",1000364332,Left,GEO_PAT,Undefined,4,Bottom,2,0,0,Fastball,Four-Seam,BallCalled,Undefined,Undefined,Undefined,0,0,,94.04098,-2.643588,-0.875498,2338.300239,205.750339,12:45,6.3529,1.99963,5.34843,-15.50335,16.62891,7.54607,2.57915,1.80716,86.37305,-5.546711,0.465433,0.407983,,,,,,,,,,,,-4.00981,9.33532,-1.92631,50,6.10373,1.72604,-136.43739,-6.83301,-7.60072,28.44594,-14.47872,GEO_PAT,DAY_FLY,SpuhlerFieldMain,D1,A10,20250315-SpuhlerFieldMain-2,83775e40-01d7-11f0-9269-ed641e036766,92.3873,,,7.66793,,,,,,,b0b8cc55-1461-41bf-b18a-f9f6bd8e04da,2025-03-15,19:55:57.85,2025-03-15T15:55:57.8540000-04:00,2025-03-15T19:55:57.8540000Z,,v3,471300,471281,15 March 2025 14:00-dayton@georgemas,"MacDougall, Ryan",1000268563,Right,DAY_FLY,93244b93-d15d-4ef7-9f18-d1a6d32a0d9f,55.15327,-137.50761,14.22297,6.35056,-6.28828,-7.23936,-1.99663,2.01199,-3.80036,,,,,,,,,,,,,,,,,,,,,,,,,,,,,,,,,,,,,,,,,,,,,,,,,,,High,High,High,,,,,
166,2025-03-15,15:56:13.68,5,2,"Dean, Ben",10264251,Right,DAY_FLY,"Lavin, Sam",1000364332,Left,GEO_PAT,Undefined,4,Bottom,2,1,0,Fastball,Four-Seam,InPlay,Undefined,LineDrive,Single,0,1,,92.99936,-3.583035,-3.57461,2326.905361,203.38454,12:45,6.28858,2.20426,5.83959,-15.57765,16.53068,6.75874,1.64934,-0.55927,86.26159,-6.499739,-2.366173,0.407831,106.78753,11.986214,22.359147,1538.335531,99.55815,18.09843,46.7779,260.55124,260.55124,29.557267,2.271243,-4.34362,9.62284,-1.9167,50,5.98642,8.1376,-134.82488,-8.95966,-8.11328,25.25808,-14.19994,GEO_PAT,DAY_FLY,SpuhlerFieldMain,D1,A10,20250315-SpuhlerFieldMain-2,8d0496d0-01d7-11f0-9269-ed641e036766,92.42172,19.34377,,6.73776,,,,3.03458,1.8575,0.44355,b0b8cc55-1461-41bf-b18a-f9f6bd8e04da,2025-03-15,19:56:13.68,2025-03-15T15:56:13.6820000-04:00,2025-03-15T19:56:13.6820000Z,LineDrive,v3,471300,471281,15 March 2025 14:00-dayton@georgemas,"MacDougall, Ryan",1000268563,Right,DAY_FLY,6dcdfb84-b3b6-4c76-900c-4b7f02db5311,54.66535,-135.69607,12.62904,6.287,-8.46988,-7.09997,-2.2022,8.41744,-4.05664,240.508052,3.03458,141.68813,-30.37631,7.72942,-1.79249,0.3748,-0.06878,0.00911,-0.00058,1.8575,32.52672,-15.19433,-0.25628,0.43081,-0.16269,0.04111,-0.00622,0.00045,0.44355,58.28172,1.41703,-2.13534,0.8865,-0.26817,0.06197,-0.00952,0.00071,,,,,,,,,,,,,,,,,,,,,,,High,High,High,High,High,,,
167,2025-03-15,15:56:52.95,6,1,"Dean, Ben",10264251,Right,DAY_FLY,"Wall, Jonny",1000119703,Right,GEO_PAT,Undefined,4,Bottom,2,0,0,Fastball,Four-Seam,StrikeCalled,Undefined,Undefined,Undefined,0,0,,93.43321,-3.059119,-3.657149,2338.935174,205.987518,12:45,6.26401,2.12587,5.55936,-14.44985,18.07572,8.30374,2.19303,-0.60383,85.50495,-5.793373,-2.180612,0.410472,,,,,,,,,,,,-5.18882,10.28323,-1.81507,50,5.98959,8.26299,-135.25477,-7.69886,-9.63561,28.82105,-13.0781,GEO_PAT,DAY_FLY,SpuhlerFieldMain,D1,A10,20250315-SpuhlerFieldMain-2,a44de490-01d7-11f0-9269-ed641e036766,91.82701,,,7.92826,,,,,,,b0b8cc55-1461-41bf-b18a-f9f6bd8e04da,2025-03-15,19:56:52.95,2025-03-15T15:56:52.9530000-04:00,2025-03-15T19:56:52.9530000Z,,v3,471300,471281,15 March 2025 14:00-dayton@georgemas,"MacDougall, Ryan",1000268563,Right,DAY_FLY,72f0fffa-88ef-452f-8584-b299eb49f679,54.9424,-136.30387,14.41053,6.26117,-7.22282,-6.53905,-2.12223,8.61373,-4.8178,,,,,,,,,,,,,,,,,,,,,,,,,,,,,,,,,,,,,,,,,,,,,,,,,,,High,High,High,,,,,
168,2025-03-15,15:57:10.16,6,2,"Dean, Ben",10264251,Right,DAY_FLY,"Wall, Jonny",1000119703,Right,GEO_PAT,Undefined,4,Bottom,2,0,1,Fastball,Four-Seam,BallCalled,Undefined,Undefined,Undefined,0,0,,93.05304,-4.050525,-4.15547,2313.977882,199.249523,12:45,6.24075,2.25499,5.6544,-16.89174,15.89383,5.18335,1.03897,-1.19562,85.33005,-7.207748,-3.233006,0.41211,,,,,,,,,,,,-3.78894,9.51493,-1.90567,50,5.88548,9.54441,-134.51632,-10.10989,-6.95443,28.70458,-14.70987,GEO_PAT,DAY_FLY,SpuhlerFieldMain,D1,A10,20250315-SpuhlerFieldMain-2,aeac28c0-01d7-11f0-9269-ed641e036766,91.46218,,,7.72298,,,,,,,b0b8cc55-1461-41bf-b18a-f9f6bd8e04da,2025-03-15,19:57:10.16,2025-03-15T15:57:10.1690000-04:00,2025-03-15T19:57:10.1690000Z,,v3,471300,471281,15 March 2025 14:00-dayton@georgemas,"MacDougall, Ryan",1000268563,Right,DAY_FLY,3ceb9c59-fdd2-4668-b6d7-aa706815d6d1,54.84858,-135.54701,14.35229,6.23901,-9.5817,-7.35494,-2.25286,9.79412,-3.47721,,,,,,,,,,,,,,,,,,,,,,,,,,,,,,,,,,,,,,,,,,,,,,,,,,,High,High,High,,,,,
169,2025-03-15,15:57:48.57,6,3,"Dean, Ben",10264251,Right,DAY_FLY,"Wall, Jonny",1000119703,Right,GEO_PAT,Undefined,4,Bottom,2,1,1,Fastball,Four-Seam,BallCalled,Undefined,Undefined,Undefined,0,0,,93.67031,-3.293035,-4.087369,2296.411134,204.009477,12:45,6.22905,2.28274,5.61694,-16.2595,15.69717,6.59091,1.78934,-0.9894,86.80512,-6.320232,-2.915097,0.406867,,,,,,,,,,,,-4.32284,9.03615,-1.9375,50,5.93636,9.40201,-135.69124,-8.37898,-8.17913,25.56394,-15.07698,GEO_PAT,DAY_FLY,SpuhlerFieldMain,D1,A10,20250315-SpuhlerFieldMain-2,c59220d0-01d7-11f0-9269-ed641e036766,92.64073,,,6.86519,,,,,,,b0b8cc55-1461-41bf-b18a-f9f6bd8e04da,2025-03-15,19:57:48.57,2025-03-15T15:57:48.5710000-04:00,2025-03-15T19:57:48.5710000Z,,v3,471300,471281,15 March 2025 14:00-dayton@georgemas,"MacDougall, Ryan",1000268563,Right,DAY_FLY,cc6111bc-6479-45b3-ace5-797f8b9c73b5,54.88684,-136.60881,12.78197,6.2274,-7.83783,-7.53849,-2.28024,9.69558,-4.08957,,,,,,,,,,,,,,,,,,,,,,,,,,,,,,,,,,,,,,,,,,,,,,,,,,,High,High,High,,,,,
170,2025-03-15,15:58:07.11,6,4,"Dean, Ben",10264251,Right,DAY_FLY,"Wall, Jonny",1000119703,Right,GEO_PAT,Undefined,4,Bottom,2,2,1,Fastball,Four-Seam,InPlay,Undefined,GroundBall,Single,0,0,,93.63298,-2.781012,-2.339778,2418.881536,204.178657,12:45,6.21829,2.07878,5.47407,-12.15831,19.93926,8.53552,2.59832,0.59922,86.44166,-5.089282,-0.821548,0.407763,80.07961,-16.749911,-29.745381,,,,,10.44741,5.49849,-24.760034,0.073263,-4.91461,11.06481,-1.87918,50,5.96553,5.16645,-135.8846,-6.98571,-9.298,26.46781,-11.24045,GEO_PAT,DAY_FLY,SpuhlerFieldMain,D1,A10,20250315-SpuhlerFieldMain-2,d097c890-01d7-11f0-9269-ed641e036766,92.43719,2.48636,,7.19131,,,,2.31418,2.48636,-0.27675,b0b8cc55-1461-41bf-b18a-f9f6bd8e04da,2025-03-15,19:58:07.11,2025-03-15T15:58:07.1110000-04:00,2025-03-15T19:58:07.1110000Z,GroundBall,v3,471300,471281,15 March 2025 14:00-dayton@georgemas,"MacDougall, Ryan",1000268563,Right,DAY_FLY,4e9ab931-97a8-451c-9f6f-6ebce6877cbd,55.03014,-136.86088,13.2339,6.21555,-6.5711,-5.62022,-2.07607,5.50941,-4.649,180,2.31116,97.90457,,,,,,,,2.48741,-33.9374,,,,,,,,-0.27502,-55.9466,,,,,,,,,,,,,,,,,,,,,,,,,,,,,,High,High,High,Low,Low,,,
171,2025-03-15,15:58:44.87,7,1,"Dean, Ben",10264251,Right,DAY_FLY,"Hueber, Toby",1000091691,Right,GEO_PAT,Undefined,4,Bottom,2,0,0,Fastball,Four-Seam,StrikeCalled,Undefined,Undefined,Undefined,0,0,,93.60044,-3.921615,-3.761482,2306.028984,203.836422,12:45,6.36422,1.98239,5.64342,-12.50922,19.9817,8.34713,1.64976,-0.83607,85.35535,-6.31846,-2.275392,0.410253,,,,,,,,,,,,-5.31307,11.58505,-1.66796,50,6.02221,8.51936,-135.3324,-9.65836,-9.83591,30.02486,-10.72702,GEO_PAT,DAY_FLY,SpuhlerFieldMain,D1,A10,20250315-SpuhlerFieldMain-2,e7295f10-01d7-11f0-9269-ed641e036766,91.87599,,,8.24509,,,,,,,b0b8cc55-1461-41bf-b18a-f9f6bd8e04da,2025-03-15,19:58:44.87,2025-03-15T15:58:44.8760000-04:00,2025-03-15T19:58:44.8760000Z,,v3,471300,471281,15 March 2025 14:00-dayton@georgemas,"MacDougall, Ryan",1000268563,Right,DAY_FLY,fb04c6f4-aad5-4ef5-bbfd-1d84e12b275e,54.8586,-136.40607,15.01243,6.36073,-9.27477,-5.36351,-1.97889,8.87109,-4.91795,,,,,,,,,,,,,,,,,,,,,,,,,,,,,,,,,,,,,,,,,,,,,,,,,,,High,High,High,,,,,
172,2025-03-15,15:59:03.12,7,2,"Dean, Ben",10264251,Right,DAY_FLY,"Hueber, Toby",1000091691,Right,GEO_PAT,Undefined,4,Bottom,2,0,1,Fastball,Four-Seam,FoulBallNotFieldable,Undefined,Undefined,Undefined,0,0,,94.10414,-3.256487,-4.026109,2482.84303,200.281722,12:45,6.31679,1.9066,5.60144,-10.77705,21.20131,7.46296,2.36761,-1.23649,86.22887,-5.336009,-2.699579,0.407005,65.58033,50.235425,132.131814,4348.355342,,,,,43.52009,,,-4.86563,11.93123,-1.56616,50,6.03015,9.24721,-136.19757,-8.06567,-9.18049,28.65276,-9.66207,GEO_PAT,DAY_FLY,SpuhlerFieldMain,D1,A10,20250315-SpuhlerFieldMain-2,f1fa6240-01d7-11f0-9269-ed641e036766,92.60935,44.64788,,7.87528,,,,1.49216,2.33641,1.21662,b0b8cc55-1461-41bf-b18a-f9f6bd8e04da,2025-03-15,19:59:03.12,2025-03-15T15:59:03.1210000-04:00,2025-03-15T19:59:03.1210000Z,,v3,471300,471281,15 March 2025 14:00-dayton@georgemas,"MacDougall, Ryan",1000268563,Right,DAY_FLY,bb5b3b3b-3a82-416e-b380-dfda6ac240dc,54.90145,-137.22485,14.32638,6.31312,-7.71926,-4.83103,-1.9036,9.57636,-4.59025,319.15736,1.49216,-41.27244,-3.36812,1.36,0.91961,-4.12541,6.93731,-5.69341,1.84134,2.33641,73.9348,-24.75546,2.58615,-0.31282,-0.54638,1.00387,-0.81046,0.25615,1.21662,45.62525,-8.98603,1.77999,0.30566,-2.03466,3.41934,-2.78884,0.8963,,,,,,,,,,,,,,,,,,,,,,,High,High,High,High,Undefined,,,
173,2025-03-15,15:59:30.07,7,3,"Dean, Ben",10264251,Right,DAY_FLY,"Hueber, Toby",1000091691,Right,GEO_PAT,Undefined,4,Bottom,2,0,2,Slider,Slider,StrikeSwinging,Strikeout,Undefined,Undefined,0,0,,81.89813,-1.923324,-1.945728,2260.857643,4.093737,6:15,6.28627,1.83812,5.094,-46.72896,-4.40618,-0.39406,0.5778,-0.02921,76.85419,-10.275987,-2.015614,0.468229,,,,,,,,,,,,-0.25701,-1.55047,-1.6538,50,6.06661,4.0586,-119.00266,-5.7194,-0.37414,19.57493,-34.43133,GEO_PAT,DAY_FLY,SpuhlerFieldMain,D1,A10,20250315-SpuhlerFieldMain-2,021946a0-01d8-11f0-9269-ed641e036766,80.49996,,,5.04394,,,,,,,b0b8cc55-1461-41bf-b18a-f9f6bd8e04da,2025-03-15,19:59:30.07,2025-03-15T15:59:30.0750000-04:00,2025-03-15T19:59:30.0750000Z,,v3,471300,471281,15 March 2025 14:00-dayton@georgemas,"MacDougall, Ryan",1000268563,Right,DAY_FLY,1d4b757b-be07-4ef4-b7dc-b7489e5919c1,55.41303,-119.88975,9.78746,6.29045,-4.15905,-17.21566,-1.83811,4.07555,-0.18707,,,,,,,,,,,,,,,,,,,,,,,,,,,,,,,,,,,,,,,,,,,,,,,,,,,High,High,High,,,,,
174,2025-03-15,16:01:57.34,1,1,"Cassedy, Brandon",1000183671,Right,GEO_PAT,"Heberlie, Aiden",809345,Right,DAY_FLY,Undefined,5,Top,0,0,0,Fastball,Four-Seam,BallCalled,Undefined,Undefined,Undefined,0,0,,87.27957,-0.099777,-0.059006,2173.343583,183.7466,12:00,5.73145,0.3626,6.51688,-17.20438,18.52344,1.14055,4.20619,0.4035,79.79138,-3.415665,0.148103,0.430204,,,,,,,,,,,,-0.61134,10.06146,-0.35893,50,5.71659,0.0869,-126.92799,-0.64286,-0.99798,25.81264,-15.74878,GEO_PAT,DAY_FLY,SpuhlerFieldMain,D1,A10,20250315-SpuhlerFieldMain-2,59c43540-01d8-11f0-9269-ed641e036766,87.61525,,,7.48819,,,,,,,b0b8cc55-1461-41bf-b18a-f9f6bd8e04da,2025-03-15,20:01:57.34,2025-03-15T16:01:57.3480000-04:00,2025-03-15T20:01:57.3480000Z,,v3,471300,471281,15 March 2025 14:00-dayton@georgemas,"Raymond, Andrew",10148052,Right,GEO_PAT,263dff26-d0d5-4eef-8c46-81a8594249e1,53.98372,-127.73557,12.90632,5.729,-0.15014,-7.87439,-0.36214,0.11812,-0.49899,,,,,,,,,,,,,,,,,,,,,,,,,,,,,,,,,,,,,,,,,,,,,,,,,,,High,High,High,,,,,
175,2025-03-15,16:02:17.25,1,2,"Cassedy, Brandon",1000183671,Right,GEO_PAT,"Heberlie, Aiden",809345,Right,DAY_FLY,Undefined,5,Top,0,1,0,Curveball,Slider,BallCalled,Undefined,Undefined,Undefined,0,0,,77.54273,0.925277,1.700705,2441.441935,74.926353,8:30,5.64215,0.88855,5.70447,-49.88448,-3.20858,-17.17284,2.34776,1.04268,71.44358,-8.199503,-1.374717,0.49172,,,,,,,,,,,,9.25245,-1.51099,-1.02012,50,5.68835,-2.71179,-112.68465,0.21356,11.9083,20.28856,-34.11876,GEO_PAT,DAY_FLY,SpuhlerFieldMain,D1,A10,20250315-SpuhlerFieldMain-2,65ccce10-01d8-11f0-9269-ed641e036766,76.6543,,,6.09914,,,,,,,b0b8cc55-1461-41bf-b18a-f9f6bd8e04da,2025-03-15,20:02:17.25,2025-03-15T16:02:17.2590000-04:00,2025-03-15T20:02:17.2590000Z,,v3,471300,471281,15 March 2025 14:00-dayton@georgemas,"Raymond, Andrew",10148052,Right,GEO_PAT,76585d4d-b3c4-456c-92dd-bd3ed938e988,54.80119,-113.5458,10.14428,5.64855,1.66173,-17.05938,-0.89429,-3.21724,5.95415,,,,,,,,,,,,,,,,,,,,,,,,,,,,,,,,,,,,,,,,,,,,,,,,,,,High,High,High,,,,,
176,2025-03-15,16:02:38.74,1,3,"Cassedy, Brandon",1000183671,Right,GEO_PAT,"Heberlie, Aiden",809345,Right,DAY_FLY,Undefined,5,Top,0,2,0,Fastball,Four-Seam,StrikeCalled,Undefined,Undefined,Undefined,0,0,,88.11027,-2.016373,-0.757923,2246.757523,191.454227,12:30,5.67096,0.35774,6.60009,-16.0306,18.54481,3.56288,2.48679,-0.03978,81.62926,-5.082031,-0.109825,0.423209,,,,,,,,,,,,-2.06272,10.56646,-0.3074,50,5.52618,1.56516,-128.22803,-4.91416,-3.47924,23.27048,-14.35146,GEO_PAT,DAY_FLY,SpuhlerFieldMain,D1,A10,20250315-SpuhlerFieldMain-2,72879fe0-01d8-11f0-9269-ed641e036766,89.06338,,,6.48101,,,,,,,b0b8cc55-1461-41bf-b18a-f9f6bd8e04da,2025-03-15,20:02:38.74,2025-03-15T16:02:38.7490000-04:00,2025-03-15T20:02:38.7490000Z,,v3,471300,471281,15 March 2025 14:00-dayton@georgemas,"Raymond, Andrew",10148052,Right,GEO_PAT,999386e3-6e3a-45c5-983f-0e02edcfaf9e,53.90326,-128.93444,11.63524,5.66875,-4.4785,-7.17573,-0.35652,1.67078,-1.73962,,,,,,,,,,,,,,,,,,,,,,,,,,,,,,,,,,,,,,,,,,,,,,,,,,,High,High,High,,,,,
177,2025-03-15,16:02:55.49,1,4,"Cassedy, Brandon",1000183671,Right,GEO_PAT,"Heberlie, Aiden",809345,Right,DAY_FLY,Undefined,5,Top,0,2,1,Fastball,Four-Seam,FoulBallNotFieldable,Undefined,Undefined,Undefined,0,0,,87.8783,-1.416089,-1.047439,2147.431129,191.993203,12:30,5.61769,0.2938,6.63904,-16.29182,18.50639,3.72016,2.96313,-0.35523,81.12262,-4.543193,-0.370349,0.424571,76.59239,13.405906,171.780748,1591.727789,,,,136.55798,51.54251,173.373315,1.390081,-2.19394,10.37666,-0.2242,50,5.51454,2.19357,-127.84689,-3.54741,-3.67007,23.71028,-14.81567,GEO_PAT,DAY_FLY,SpuhlerFieldMain,D1,A10,20250315-SpuhlerFieldMain-2,7c6a4b70-01d8-11f0-9269-ed641e036766,88.7778,10.84302,,6.75568,,,,1.45519,2.89854,0.36045,b0b8cc55-1461-41bf-b18a-f9f6bd8e04da,2025-03-15,20:02:55.49,2025-03-15T16:02:55.4960000-04:00,2025-03-15T20:02:55.4960000Z,LineDrive,v3,471300,471281,15 March 2025 14:00-dayton@georgemas,"Raymond, Andrew",10148052,Right,GEO_PAT,c0d34643-1900-4eab-a83a-32b8ef27e560,53.8612,-128.56099,11.85514,5.61466,-3.1012,-7.40783,-0.29193,2.3041,-1.83504,322.636817,1.45519,-108.15206,8.03836,-1.10287,0.21807,-0.04421,0.01461,-0.00201,-7E-05,2.89854,26.0452,-22.49746,2.15036,-0.6233,0.37988,-0.25168,0.09823,-0.01584,0.36044,15.6235,-4.5984,1.43907,-0.93859,1.09059,-0.84817,0.34435,-0.05663,,,,,,,,,,,,,,,,,,,,,,,High,High,High,High,Low,,,
178,2025-03-15,16:03:20.40,1,5,"Cassedy, Brandon",1000183671,Right,GEO_PAT,"Heberlie, Aiden",809345,Right,DAY_FLY,Undefined,5,Top,0,2,2,Fastball,Four-Seam,StrikeCalled,Strikeout,Undefined,Undefined,0,0,,90.87135,-2.328343,-1.142689,2347.385118,175.488194,11:45,5.64102,0.27656,6.54133,-15.05737,17.76092,-1.32421,2.24907,-0.88202,83.64639,-5.216622,-1.383233,0.412315,,,,,,,,,,,,0.39697,10.238,-0.19687,50,5.47278,2.68668,-132.10711,-5.75477,0.7058,26.55103,-13.97188,GEO_PAT,DAY_FLY,SpuhlerFieldMain,D1,A10,20250315-SpuhlerFieldMain-2,8b626310-01d8-11f0-9269-ed641e036766,91.41655,,,7.22497,,,,,,,b0b8cc55-1461-41bf-b18a-f9f6bd8e04da,2025-03-15,20:03:20.40,2025-03-15T16:03:20.4090000-04:00,2025-03-15T20:03:20.4090000Z,,v3,471300,471281,15 March 2025 14:00-dayton@georgemas,"Raymond, Andrew",10148052,Right,GEO_PAT,39e190f4-970c-4755-a4bb-5f94e423f4e7,53.9609,-132.90079,13.27552,5.63856,-5.33711,-6.98594,-0.27687,2.66558,0.3529,,,,,,,,,,,,,,,,,,,,,,,,,,,,,72.13349,2.724652,1.762714,0.961938,-0.15075,2.10453,0.91996,4.0738,5.39876,3.55802,73.32628,9.58885,-51.45705,4.14759,77.96385,-6.26144,5.41629,15.92312,-12.03591,3.39587,-66.73606,10.04236,High,High,High,,,High,High,High
179,2025-03-15,16:03:57.90,2,1,"Cassedy, Brandon",1000183671,Right,GEO_PAT,"DiMartini, Michael",1000136501,Right,DAY_FLY,Undefined,5,Top,1,0,0,Curveball,Slider,StrikeCalled,Undefined,Undefined,Undefined,0,0,,77.48148,1.473942,0.85481,2435.643152,83.159837,8:45,5.63845,0.69608,5.68815,-47.72003,-0.88201,-19.32922,3.03609,-0.11786,71.19229,-7.277322,-2.604129,0.492573,,,,,,,,,,,,10.02934,-0.39504,-0.75585,50,5.7327,-0.9465,-112.57159,1.35333,12.86812,20.45883,-32.68092,GEO_PAT,DAY_FLY,SpuhlerFieldMain,D1,A10,20250315-SpuhlerFieldMain-2,a1a76030-01d8-11f0-9269-ed641e036766,76.52152,,,6.2892,,,,,,,b0b8cc55-1461-41bf-b18a-f9f6bd8e04da,2025-03-15,20:03:57.90,2025-03-15T16:03:57.9040000-04:00,2025-03-15T20:03:57.9040000Z,,v3,471300,471281,15 March 2025 14:00-dayton@georgemas,"Raymond, Andrew",10148052,Right,GEO_PAT,37407b3a-08d4-4633-9da6-ef7bf16ccfe9,54.81616,-113.44351,10.22941,5.64535,2.74613,-16.34046,-0.70382,-1.49492,6.43406,,,,,,,,,,,,,,,,,,,,,,,,,,,,,,,,,,,,,,,,,,,,,,,,,,,High,High,High,,,,,
180,2025-03-15,16:04:14.88,2,2,"Cassedy, Brandon",1000183671,Right,GEO_PAT,"DiMartini, Michael",1000136501,Right,DAY_FLY,Undefined,5,Top,1,0,1,Cutter,Slider,InPlay,Undefined,LineDrive,Single,0,0,,82.43149,-0.644668,-0.411704,2561.691282,72.463947,8:30,5.65004,0.54951,5.81435,-41.59742,-1.22004,-6.99977,1.58407,-0.41665,77.37931,-8.221022,-1.668825,0.457341,105.14834,9.263379,-5.405605,2385.039121,109.91765,8.57646,-4.25042,172.60274,172.60274,-0.756006,1.389878,3.52721,-0.22807,-0.51141,50,5.57179,1.12425,-120.05331,-2.74052,5.25198,18.83021,-32.51367,GEO_PAT,DAY_FLY,SpuhlerFieldMain,D1,A10,20250315-SpuhlerFieldMain-2,abd1ea30-01d8-11f0-9269-ed641e036766,82.41641,9.12272,,5.05217,,,,2.196,1.74137,0.42922,b0b8cc55-1461-41bf-b18a-f9f6bd8e04da,2025-03-15,20:04:14.88,2025-03-15T16:04:14.8820000-04:00,2025-03-15T20:04:14.8820000Z,LineDrive,v3,471300,471281,15 March 2025 14:00-dayton@georgemas,"Raymond, Andrew",10148052,Right,GEO_PAT,1f167adf-584d-4a2f-ab63-92008dca2b5b,54.69219,-120.78704,9.41511,5.65389,-1.47362,-16.25683,-0.55123,0.91961,2.62599,284.445605,2.196,151.52924,-24.44736,3.16638,-0.41158,-0.01026,0.01965,-0.00516,0.00062,1.74137,24.82482,-23.07169,4.15943,-1.0473,0.27085,-0.05999,0.01069,-0.00107,0.42922,-14.33868,13.87243,-5.05792,1.48329,-0.39243,0.08963,-0.01643,0.00165,,,,,,,,,,,,,,,,,,,,,,,High,High,High,High,High,,,
181,2025-03-15,16:04:57.67,3,1,"Cassedy, Brandon",1000183671,Right,GEO_PAT,"Lujo, Rylan",1000102832,Right,DAY_FLY,Undefined,5,Top,1,0,0,Curveball,Slider,StrikeCalled,Undefined,Undefined,Undefined,0,0,,76.60174,1.041503,1.051577,2448.644852,92.434311,9:00,5.60489,0.6217,5.71255,-45.38699,1.86347,-14.0578,2.79325,0.43005,71.28079,-7.262536,-1.465112,0.494737,,,,,,,,,,,,7.44008,1.07138,-0.70074,50,5.66354,-1.53722,-111.44423,0.60116,9.48685,17.4221,-30.80793,GEO_PAT,DAY_FLY,SpuhlerFieldMain,D1,A10,20250315-SpuhlerFieldMain-2,c5610940-01d8-11f0-9269-ed641e036766,76.18682,,,5.32096,,,,,,,b0b8cc55-1461-41bf-b18a-f9f6bd8e04da,2025-03-15,20:04:57.67,2025-03-15T16:04:57.6730000-04:00,2025-03-15T20:04:57.6730000Z,,v3,471300,471281,15 March 2025 14:00-dayton@georgemas,"Raymond, Andrew",10148052,Right,GEO_PAT,52d45010-7e20-4d50-bb85-2939906ac329,54.79287,-112.191,8.71105,5.60947,1.92169,-15.40396,-0.62614,-1.94386,4.74343,,,,,,,,,,,,,,,,,,,,,,,,,,,,,,,,,,,,,,,,,,,,,,,,,,,High,High,High,,,,,
182,2025-03-15,16:05:16.85,3,2,"Cassedy, Brandon",1000183671,Right,GEO_PAT,"Lujo, Rylan",1000102832,Right,DAY_FLY,Undefined,5,Top,1,0,1,Curveball,Slider,InPlay,Undefined,Popup,Double,0,0,,78.23756,1.184949,-0.021763,2381.142199,96.815666,9:15,5.51159,0.75244,5.81234,-42.19522,3.04559,-15.10977,3.0974,-0.52695,72.56661,-6.566285,-2.730795,0.484102,60.4325,30.142626,27.246443,6384.801617,87.56136,24.79478,66.58067,149.53702,107.91019,41.598512,2.603247,7.79886,1.58646,-0.74119,50,5.58313,0.58589,-113.82721,1.03809,10.33906,18.84669,-30.07083,GEO_PAT,DAY_FLY,SpuhlerFieldMain,D1,A10,20250315-SpuhlerFieldMain-2,d0cbdb70-01d8-11f0-9269-ed641e036766,77.86058,29.25277,,5.67094,,,,2.78062,3.25396,0.45603,b0b8cc55-1461-41bf-b18a-f9f6bd8e04da,2025-03-15,20:05:16.85,2025-03-15T16:05:16.8560000-04:00,2025-03-15T20:05:16.8560000Z,LineDrive,v3,471300,471281,15 March 2025 14:00-dayton@georgemas,"Raymond, Andrew",10148052,Right,GEO_PAT,c2e96af3-3940-45a9-85d3-b17ccb6e40fd,54.69336,-114.60166,9.42335,5.51509,2.27377,-15.03542,-0.75654,0.16103,5.16953,245.354114,2.78076,68.1367,-15.11142,2.89868,-0.33675,-0.11711,0.08234,-0.023,0.00257,3.25391,44.51105,-20.84108,1.87343,-0.43764,0.15621,-0.0568,0.01394,-0.00148,0.45591,35.09821,3.43295,-1.55414,0.32365,-0.02732,0.00235,-0.00162,0.00028,,,,,,,,,,,,,,,,,,,,,,,High,High,High,High,High,,,
183,2025-03-15,16:06:59.41,4,1,"Cassedy, Brandon",1000183671,Right,GEO_PAT,"MacDougall, Ryan",1000268563,Left,DAY_FLY,Undefined,5,Top,1,0,0,Fastball,Four-Seam,StrikeCalled,Undefined,Undefined,Undefined,0,0,,89.99579,-2.39132,0.225202,2341.489348,183.047194,12:00,5.67998,0.44055,6.51386,-13.46938,20.24623,1.02016,2.36177,0.73222,82.24792,-5.010795,0.410463,0.417914,,,,,,,,,,,,-0.47028,11.6076,-0.45666,50,5.5068,-0.55404,-130.75907,-5.7662,-0.81322,27.87717,-12.10117,GEO_PAT,DAY_FLY,SpuhlerFieldMain,D1,A10,20250315-SpuhlerFieldMain-2,0de6b5c0-01d9-11f0-9269-ed641e036766,90.19187,,,7.74787,,,,,,,b0b8cc55-1461-41bf-b18a-f9f6bd8e04da,2025-03-15,20:06:59.41,2025-03-15T16:06:59.4140000-04:00,2025-03-15T20:06:59.4140000Z,,v3,471300,471281,15 March 2025 14:00-dayton@georgemas,"Raymond, Andrew",10148052,Right,GEO_PAT,dcff3378-7e9e-4311-9bbe-ef2990d3761e,53.98729,-131.60639,13.93858,5.67647,-5.39839,-6.05059,-0.44019,-0.52932,-0.40661,,,,,,,,,,,,,,,,,,,,,,,,,,,,,,,,,,,,,,,,,,,,,,,,,,,High,High,High,,,,,
184,2025-03-15,16:07:18.30,4,2,"Cassedy, Brandon",1000183671,Right,GEO_PAT,"MacDougall, Ryan",1000268563,Left,DAY_FLY,Undefined,5,Top,1,0,1,Fastball,Four-Seam,InPlay,Undefined,FlyBall,Sacrifice,1,1,,90.08912,-2.62535,0.25758,2277.503295,169.221718,11:45,5.60224,0.37529,6.62515,-15.58217,17.6932,-3.17894,1.89788,0.34625,82.98209,-5.61296,-0.32108,0.415177,93.5814,26.629699,-10.310417,3284.767343,106.56682,51.20824,-27.26599,313.90056,304.05429,-23.237888,4.534007,1.75567,10.34634,-0.39149,50,5.41742,-0.47109,-131.00837,-6.40214,3.06846,26.21783,-14.09135,GEO_PAT,DAY_FLY,SpuhlerFieldMain,D1,A10,20250315-SpuhlerFieldMain-2,1926f580-01d9-11f0-9269-ed641e036766,90.78649,67.4646,,7.10703,,,,2.00273,1.96827,-0.34624,b0b8cc55-1461-41bf-b18a-f9f6bd8e04da,2025-03-15,20:07:18.30,2025-03-15T16:07:18.3050000-04:00,2025-03-15T20:07:18.3050000Z,FlyBall,v3,471300,471281,15 March 2025 14:00-dayton@georgemas,"Raymond, Andrew",10148052,Right,GEO_PAT,ef902acb-e836-4891-bef7-d783d1a3f7b6,53.8785,-131.78226,13.10892,5.60026,-5.98619,-7.04568,-0.37625,-0.56166,1.53423,149.697208,2.00236,120.7187,-28.25743,7.05626,-1.64486,0.37289,-0.0696,0.00817,-0.00042,1.96928,61.49917,-14.83525,-0.204,0.42037,-0.18367,0.04369,-0.00518,0.00024,-0.34591,-21.96875,-3.90879,1.42777,-0.38221,0.08257,-0.01331,0.00137,-7E-05,,,,,,,,,,,,,,,,,,,,,,,High,High,High,High,High,,,
185,2025-03-15,16:08:00.57,5,1,"Cassedy, Brandon",1000183671,Right,GEO_PAT,"Dobie, Mason",692154,Left,DAY_FLY,Undefined,5,Top,2,0,0,ChangeUp,Changeup,BallCalled,Undefined,Undefined,Undefined,0,0,,82.53414,-1.326772,-0.987028,1273.81103,241.338824,2:00,5.62182,0.62902,5.80263,-34.11218,6.865,10.29233,1.54471,0.56859,76.11921,-7.60912,0.859865,0.460726,,,,,,,,,,,,-5.54748,4.22725,-0.55424,50,5.49226,1.66795,-119.93135,-3.88612,-8.10802,22.43608,-25.99562,GEO_PAT,DAY_FLY,SpuhlerFieldMain,D1,A10,20250315-SpuhlerFieldMain-2,3260a190-01d9-11f0-9269-ed641e036766,81.81102,,,6.41494,,,,,,,b0b8cc55-1461-41bf-b18a-f9f6bd8e04da,2025-03-15,20:08:00.57,2025-03-15T16:08:00.5770000-04:00,2025-03-15T20:08:00.5770000Z,,v3,471300,471281,15 March 2025 14:00-dayton@georgemas,"Raymond, Andrew",10148052,Right,GEO_PAT,3c8c12f4-eef0-4e0e-82ea-dc82a10033a7,54.7007,-120.80752,11.21804,5.6242,-2.87093,-12.99781,-0.62556,1.98459,-4.05401,,,,,,,,,,,,,,,,,,,,,,,,,,,,,,,,,,,,,,,,,,,,,,,,,,,High,High,High,,,,,
186,2025-03-15,16:08:20.91,5,2,"Cassedy, Brandon",1000183671,Right,GEO_PAT,"Dobie, Mason",692154,Left,DAY_FLY,Undefined,5,Top,2,1,0,Fastball,Four-Seam,InPlay,Undefined,GroundBall,Out,1,0,,90.17038,-1.585881,-1.001916,2298.039853,172.968128,11:45,5.73095,0.41336,6.52024,-14.07816,19.44265,-2.26799,3.10202,-0.69507,82.4575,-4.316841,-1.413673,0.416705,66.4312,-22.561036,15.67146,,,,,7.66463,7.33346,20.715531,0.079904,0.91051,10.96382,-0.34267,50,5.61401,2.38075,-131.07886,-3.9629,1.58361,27.7941,-13.10544,GEO_PAT,DAY_FLY,SpuhlerFieldMain,D1,A10,20250315-SpuhlerFieldMain-2,3e7c4d30-01d9-11f0-9269-ed641e036766,90.45352,3.0012,,7.71288,,,,0.21385,3.0012,0.7599,b0b8cc55-1461-41bf-b18a-f9f6bd8e04da,2025-03-15,20:08:20.91,2025-03-15T16:08:20.9130000-04:00,2025-03-15T20:08:20.9130000Z,GroundBall,v3,471300,471281,15 March 2025 14:00-dayton@georgemas,"Raymond, Andrew",10148052,Right,GEO_PAT,1178044e-e70c-4590-8f43-41c14c622173,53.98149,-131.9204,13.89705,5.72799,-3.5661,-6.55272,-0.41403,2.33281,0.7918,180,0.20854,87.04465,,,,,,,,3.0035,-37.56,,,,,,,,0.75841,24.42037,,,,,,,,,,,,,,,,,,,,,,,,,,,,,,High,High,High,High,High,,,
187,2025-03-15,16:11:32.67,1,1,"Samuels, Carson",1000106990,Left,DAY_FLY,"Hull, Owen",10054797,Left,GEO_PAT,Undefined,5,Bottom,0,0,0,Fastball,Changeup,InPlay,Undefined,GroundBall,Single,0,0,,84.85945,-0.493046,2.147785,2075.858082,105.441776,9:30,6.16879,-1.54739,5.24405,-33.75561,5.93823,-17.02946,2.8921,-0.94697,77.87997,-6.66252,-0.87334,0.453454,64.81805,-1.086805,-16.758173,5237.564291,,,,31.60304,29.97053,-16.993064,0.344378,9.1528,3.45209,1.3633,50,6.09829,-3.89147,-123.16305,-2.28989,14.08184,24.08921,-26.86291,GEO_PAT,DAY_FLY,SpuhlerFieldMain,D1,A10,20250315-SpuhlerFieldMain-2,b0c7cae0-01d9-11f0-9269-ed641e036766,83.12302,2.61216,,6.97947,,,,0.73069,2.61216,0.85279,b0b8cc55-1461-41bf-b18a-f9f6bd8e04da,2025-03-15,20:11:32.67,2025-03-15T16:11:32.6720000-04:00,2025-03-15T20:11:32.6720000Z,GroundBall,v3,471300,471281,15 March 2025 14:00-dayton@georgemas,"MacDougall, Ryan",1000268563,Right,DAY_FLY,a9dea5a4-d0b8-453f-9eae-d8b06e27ea59,55.25982,-124.18755,12.04461,6.17138,-1.14742,-13.43145,1.54154,-4.49036,7.04092,81.482104,0.73468,90.85783,-15.21727,,,,,,,2.61537,-1.92759,-16.48159,,,,,,,0.8566,-27.55391,-5.12185,,,,,,,,,,,,,,,,,,,,,,,,,,,,,High,High,High,High,High,,,
188,2025-03-15,16:12:17.14,2,1,"Samuels, Carson",1000106990,Left,DAY_FLY,"Quinn-Irons, Jaime",1000216379,Right,GEO_PAT,Undefined,5,Bottom,0,0,0,ChangeUp,Changeup,BallCalled,Undefined,Undefined,Undefined,0,0,,80.32441,-0.454381,0.817384,1779.013982,92.341449,9:00,6.03026,-1.80779,4.97496,-43.1705,2.06437,-12.45316,2.00349,-2.07344,73.16957,-8.288467,-1.384077,0.48407,,,,,,,,,,,,6.4087,1.62228,1.73953,50,5.95123,-1.13023,-116.42984,-2.49938,8.70809,23.92394,-29.9697,GEO_PAT,DAY_FLY,SpuhlerFieldMain,D1,A10,20250315-SpuhlerFieldMain-2,cb35b130-01d9-11f0-9269-ed641e036766,77.86572,,,7.15484,,,,,,,b0b8cc55-1461-41bf-b18a-f9f6bd8e04da,2025-03-15,20:12:17.14,2025-03-15T16:12:17.1470000-04:00,2025-03-15T20:12:17.1470000Z,,v3,471300,471281,15 March 2025 14:00-dayton@georgemas,"MacDougall, Ryan",1000268563,Right,DAY_FLY,ff3d25ea-7462-4a59-8679-2b8876633932,55.52633,-117.5599,11.96197,6.03585,-1.08374,-14.98485,1.80263,-1.54157,4.35405,,,,,,,,,,,,,,,,,,,,,,,,,,,,,,,,,,,,,,,,,,,,,,,,,,,High,High,High,,,,,
189,2025-03-15,16:13:22.61,2,2,"Samuels, Carson",1000106990,Left,DAY_FLY,"Quinn-Irons, Jaime",1000216379,Right,GEO_PAT,Undefined,5,Bottom,0,1,0,Fastball,Changeup,InPlay,Undefined,GroundBall,FieldersChoice,1,0,,84.92981,-0.66895,3.296077,1961.294554,125.652857,10:15,6.07,-1.64459,4.93524,-29.69974,10.4876,-12.84741,2.96163,0.40381,77.77104,-6.096211,1.034491,0.456264,95.86639,-9.550886,-8.864921,,,,,19.38277,16.6721,-8.847965,0.126449,7.29453,5.73142,1.33494,50,5.98043,-6.51933,-123.05967,-2.53962,11.20636,24.00062,-23.36907,GEO_PAT,DAY_FLY,SpuhlerFieldMain,D1,A10,20250315-SpuhlerFieldMain-2,f25345c0-01d9-11f0-9269-ed641e036766,82.61103,2.95572,,7.15877,,,,1.79512,2.95572,-0.27418,b0b8cc55-1461-41bf-b18a-f9f6bd8e04da,2025-03-15,20:13:22.61,2025-03-15T16:13:22.6120000-04:00,2025-03-15T20:13:22.6120000Z,GroundBall,v3,471300,471281,15 March 2025 14:00-dayton@georgemas,"MacDougall, Ryan",1000268563,Right,DAY_FLY,c111cc9b-eec5-4d95-8dcb-bc865f74445f,55.56773,-124.14081,12.00031,6.07112,-1.48693,-11.68453,1.63998,-7.02413,5.60318,180,1.7897,137.26494,,,,,,,,2.95664,-23.37484,,,,,,,,-0.27333,-21.40903,,,,,,,,,,,,,,,,,,,,,,,,,,,,,,High,High,High,Medium,Medium,,,
190,2025-03-15,16:14:35.68,3,1,"Samuels, Carson",1000106990,Left,DAY_FLY,"Butler, Jake",1000176047,Right,GEO_PAT,Undefined,5,Bottom,1,0,0,Fastball,Changeup,BallCalled,Undefined,Undefined,Undefined,0,0,,85.41095,-0.634965,0.583097,1957.41408,113.325352,9:45,6.11711,-1.73474,4.85803,-31.04954,8.75985,-17.39607,2.92854,-2.63244,78.23052,-6.289971,-2.482062,0.454113,,,,,,,,,,,,8.73174,4.87256,1.69282,50,6.02836,-0.4671,-123.9111,-2.55798,13.57344,24.79667,-24.59966,GEO_PAT,DAY_FLY,SpuhlerFieldMain,D1,A10,20250315-SpuhlerFieldMain-2,1dc54050-01da-11f0-9269-ed641e036766,83.00228,,,7.18043,,,,,,,b0b8cc55-1461-41bf-b18a-f9f6bd8e04da,2025-03-15,20:14:35.68,2025-03-15T16:14:35.6880000-04:00,2025-03-15T20:14:35.6880000Z,,v3,471300,471281,15 March 2025 14:00-dayton@georgemas,"MacDougall, Ryan",1000268563,Right,DAY_FLY,12461fb4-dbe9-4952-a7dd-55afa3ce626b,55.64416,-125.03548,12.39834,6.11906,-1.44253,-12.29983,1.72796,-1.08258,6.78672,,,,,,,,,,,,,,,,,,,,,,,,,,,,,,,,,,,,,,,,,,,,,,,,,,,High,High,High,,,,,
191,2025-03-15,16:14:57.65,3,2,"Samuels, Carson",1000106990,Left,DAY_FLY,"Butler, Jake",1000176047,Right,GEO_PAT,Undefined,5,Bottom,1,1,0,Fastball,Changeup,InPlay,Undefined,FlyBall,Out,1,0,,85.72171,-1.053006,2.792621,2022.503576,107.834799,9:30,6.15546,-1.6916,5.13021,-32.18777,7.28536,-18.44237,2.4801,-0.59619,77.95283,-6.948448,-0.470562,0.452191,89.43162,46.304241,18.664946,4219.719736,97.82863,98.34508,50.29416,265.2323,210.86936,36.785115,5.449087,10.1389,4.29591,1.44459,50,6.03162,-5.25824,-124.20143,-3.46985,15.70602,26.80269,-25.51931,GEO_PAT,DAY_FLY,SpuhlerFieldMain,D1,A10,20250315-SpuhlerFieldMain-2,2af409a0-01da-11f0-9269-ed641e036766,83.35511,111.22382,,7.76888,,,,1.96684,1.11508,-1.16089,b0b8cc55-1461-41bf-b18a-f9f6bd8e04da,2025-03-15,20:14:57.65,2025-03-15T16:14:57.6530000-04:00,2025-03-15T20:14:57.6530000Z,FlyBall,v3,471300,471281,15 March 2025 14:00-dayton@georgemas,"MacDougall, Ryan",1000268563,Right,DAY_FLY,45c35397-7c62-410e-b4ec-73f11e6e6977,55.37345,-125.35566,13.40134,6.15739,-2.37089,-12.75966,1.68559,-5.9346,7.85301,213.71182,1.9933,85.31623,-22.48537,3.58284,1.09882,-0.85538,0.22207,-0.02659,0.00123,1.10419,95.00468,-24.84923,2.52638,-0.31139,-0.05663,0.04071,-0.00739,0.00044,-1.17393,29.24211,3.41527,-1.25749,-0.13783,0.19093,-0.05003,0.00557,-0.00023,,,,,,,,,,,,,,,,,,,,,,,High,High,High,Medium,Medium,,,
192,2025-03-15,16:15:38.10,4,1,"Samuels, Carson",1000106990,Left,DAY_FLY,"Raymond, Andrew",10148052,Left,GEO_PAT,Undefined,5,Bottom,2,0,0,Slider,Curveball,StrikeCalled,Undefined,Undefined,Undefined,0,0,,74.64821,0.348748,0.207031,2122.572628,289.830725,3:45,6.07449,-1.69692,4.73153,-53.77121,-1.30012,8.25308,1.92445,-0.81273,68.65774,-9.313529,1.659893,0.521352,,,,,,,,,,,,-4.01815,-0.30319,1.66819,50,6.06158,-0.71943,-108.28585,-1.23253,-4.75613,19.4591,-32.53291,GEO_PAT,DAY_FLY,SpuhlerFieldMain,D1,A10,20250315-SpuhlerFieldMain-2,431fef30-01da-11f0-9269-ed641e036766,72.29742,,,5.99047,,,,,,,b0b8cc55-1461-41bf-b18a-f9f6bd8e04da,2025-03-15,20:15:38.10,2025-03-15T16:15:38.1070000-04:00,2025-03-15T20:15:38.1070000Z,,v3,471300,471281,15 March 2025 14:00-dayton@georgemas,"MacDougall, Ryan",1000268563,Right,DAY_FLY,cd6c6ca6-729c-4c24-9b0c-e6b3a4888211,55.77217,-109.3182,9.72955,6.08118,0.49341,-16.26646,1.69967,-0.46711,-2.37806,,,,,,,,,,,,,,,,,,,,,,,,,,,,,,,,,,,,,,,,,,,,,,,,,,,High,High,High,,,,,
193,2025-03-15,16:15:57.21,4,2,"Samuels, Carson",1000106990,Left,DAY_FLY,"Raymond, Andrew",10148052,Left,GEO_PAT,Undefined,5,Bottom,2,0,1,Slider,Curveball,BallCalled,Undefined,Undefined,Undefined,0,0,,76.0273,-0.74912,2.758428,2235.199776,293.143158,3:45,6.07983,-1.5705,4.72422,-55.07755,-3.58981,12.70721,0.77832,2.10799,69.29316,-10.613646,4.991083,0.516444,,,,,,,,,,,,-5.31252,-0.96429,1.27981,50,5.95529,-5.82317,-109.9583,-3.42866,-6.38384,22.86346,-33.3328,GEO_PAT,DAY_FLY,SpuhlerFieldMain,D1,A10,20250315-SpuhlerFieldMain-2,4e681e30-01da-11f0-9269-ed641e036766,72.98454,,,6.73414,,,,,,,b0b8cc55-1461-41bf-b18a-f9f6bd8e04da,2025-03-15,20:15:57.21,2025-03-15T16:15:57.2150000-04:00,2025-03-15T20:15:57.2150000Z,,v3,471300,471281,15 March 2025 14:00-dayton@georgemas,"MacDougall, Ryan",1000268563,Right,DAY_FLY,54b8ac77-f805-4b69-951e-6a5b1cb46e73,55.77725,-111.15307,11.43173,6.08895,-1.68681,-16.6664,1.5754,-5.48957,-3.19192,,,,,,,,,,,,,,,,,,,,,,,,,,,,,75.37866,,,1.328394,,,,1.32934,5.45883,-0.00324,127.28586,1.87276,1.25027,1.50388,107.91195,-10.08108,5.47257,12.37682,-11.37167,-0.07019,-2.73617,2.85503,High,High,High,,,High,High,High
194,2025-03-15,16:16:24.86,4,3,"Samuels, Carson",1000106990,Left,DAY_FLY,"Raymond, Andrew",10148052,Left,GEO_PAT,Undefined,5,Bottom,2,1,1,Fastball,Sinker,InPlay,Undefined,GroundBall,Out,1,0,,85.74633,-1.194807,2.536232,1959.547233,124.483373,10:15,6.1829,-1.4865,5.00316,-27.54127,11.69615,-15.24209,2.75857,-0.36077,78.65653,-6.239601,-0.153531,0.450839,72.69059,-47.39074,36.719028,,,,,4.08085,4.08085,27.53945,0.035239,8.29745,6.47811,1.25579,50,6.0459,-4.83461,-124.34469,-3.60771,13.0282,24.26206,-22.00246,GEO_PAT,DAY_FLY,SpuhlerFieldMain,D1,A10,20250315-SpuhlerFieldMain-2,5ef86200-01da-11f0-9269-ed641e036766,83.60509,2.77553,,7.0898,,,,1.57199,2.77553,0.36037,b0b8cc55-1461-41bf-b18a-f9f6bd8e04da,2025-03-15,20:16:24.86,2025-03-15T16:16:24.8670000-04:00,2025-03-15T20:16:24.8670000Z,GroundBall,v3,471300,471281,15 March 2025 14:00-dayton@georgemas,"MacDougall, Ryan",1000268563,Right,DAY_FLY,1fd527e9-0f11-4a9d-b29a-3b3a946537c1,55.50027,-125.41331,12.13103,6.18346,-2.63861,-11.00123,1.48137,-5.40844,6.5141,,1.57075,58.07388,,,,,,,,2.77721,-78.76271,,,,,,,,0.35944,43.31694,,,,,,,,,,,,,,,,,,,,,,,,,,,,,,High,High,High,Estimated,Estimated,,,
195,2025-03-15,16:19:38.15,1,1,"Yount, Britt",1000122819,Right,GEO_PAT,"Zorn, Adin",10148886,Right,DAY_FLY,Undefined,6,Top,0,0,0,Fastball,Sinker,BallCalled,Undefined,Undefined,Undefined,0,0,,87.888,-2.084873,-3.61265,2114.838717,241.225789,2:00,5.35036,1.75167,5.46138,-25.68226,11.35942,18.41863,1.25388,-0.09957,80.12086,-6.838869,-0.338057,0.438043,,,,,,,,,,,,-10.35997,6.69138,-1.44614,50,5.1488,7.23318,-127.27158,-5.53893,-16.92341,27.11468,-21.24343,GEO_PAT,DAY_FLY,SpuhlerFieldMain,D1,A10,20250315-SpuhlerFieldMain-2,d2287350-01da-11f0-9269-ed641e036766,86.04739,,,7.76715,,,,,,,b0b8cc55-1461-41bf-b18a-f9f6bd8e04da,2025-03-15,20:19:38.15,2025-03-15T16:19:38.1580000-04:00,2025-03-15T20:19:38.1580000Z,,v3,471300,471281,15 March 2025 14:00-dayton@georgemas,"Raymond, Andrew",10148052,Right,GEO_PAT,ffc5d023-d9c8-4649-b688-c8566fdfadbf,55.04139,-128.34113,13.55734,5.35076,-4.70097,-10.62171,-1.74462,7.90073,-8.46171,,,,,,,,,,,,,,,,,,,,,,,,,,,,,,,,,,,,,,,,,,,,,,,,,,,High,High,High,,,,,
196,2025-03-15,16:19:52.88,1,2,"Yount, Britt",1000122819,Right,GEO_PAT,"Zorn, Adin",10148886,Right,DAY_FLY,Undefined,6,Top,0,1,0,Slider,Curveball,StrikeCalled,Undefined,Undefined,Undefined,0,0,,72.61336,2.470795,0.152879,2345.368454,79.724875,8:45,5.54314,1.74866,5.02674,-56.37625,-1.07835,-16.27387,3.17812,0.53677,66.0773,-7.771957,-2.72181,0.535212,,,,,,,,,,,,8.08516,-0.7226,-1.74957,50,5.73455,0.3482,-105.20663,2.67201,8.97166,19.50613,-32.97589,GEO_PAT,DAY_FLY,SpuhlerFieldMain,D1,A10,20250315-SpuhlerFieldMain-2,dae22f40-01da-11f0-9269-ed641e036766,70.42527,,,6.53606,,,,,,,b0b8cc55-1461-41bf-b18a-f9f6bd8e04da,2025-03-15,20:19:52.88,2025-03-15T16:19:52.8830000-04:00,2025-03-15T20:19:52.8830000Z,,v3,471300,471281,15 March 2025 14:00-dayton@georgemas,"Raymond, Andrew",10148052,Right,GEO_PAT,d9f9f297-8b81-454c-8b55-69a9724c0167,55.47567,-106.21701,9.75306,5.55191,4.3801,-16.48795,-1.75557,-0.11652,4.48583,,,,,,,,,,,,,,,,,,,,,,,,,,,,,,,,,,,,,,,,,,,,,,,,,,,High,High,High,,,,,
197,2025-03-15,16:20:07.63,1,3,"Yount, Britt",1000122819,Right,GEO_PAT,"Zorn, Adin",10148886,Right,DAY_FLY,Undefined,6,Top,0,1,1,Slider,Curveball,StrikeSwinging,Undefined,Undefined,Undefined,0,0,,74.11583,-0.10316,-1.009984,2388.044532,76.939052,8:30,5.6197,1.70066,5.30722,-54.97806,-2,-16.95777,0.94134,-0.66071,67.33231,-10.101937,-4.026958,0.523865,,,,,,,,,,,,8.19772,-0.45969,-1.59598,50,5.57046,2.52981,-107.41642,-1.97204,9.37196,22.33796,-32.6996,GEO_PAT,DAY_FLY,SpuhlerFieldMain,D1,A10,20250315-SpuhlerFieldMain-2,e3c7b620-01da-11f0-9269-ed641e036766,71.95067,,,6.78352,,,,,,,b0b8cc55-1461-41bf-b18a-f9f6bd8e04da,2025-03-15,20:20:07.63,2025-03-15T16:20:07.6360000-04:00,2025-03-15T20:20:07.6360000Z,,v3,471300,471281,15 March 2025 14:00-dayton@georgemas,"Raymond, Andrew",10148052,Right,GEO_PAT,229f8e6a-f18c-4b39-92d4-e0ef5917f0ba,55.1953,-108.49143,11.16898,5.62749,-0.39837,-16.3498,-1.70688,2.07878,4.68598,,,,,,,,,,,,,,,,,,,,,,,,,,,,,,,,,,,,,,,,,,,,,,,,,,,High,High,High,,,,,
198,,,1,4,"Yount, Britt",1000122819,Right,GEO_PAT,"Zorn, Adin",10148886,Right,DAY_FLY,Undefined,6,Top,0,1,2,Slider,,InPlay,Undefined,GroundBall,Double,0,0,,,,,,,,,,,,,,,,,,,,,,,,,,,,,,,,,,,,,,,,,,GEO_PAT,DAY_FLY,SpuhlerFieldMain,D1,A10,20250315-SpuhlerFieldMain-2,f65d3fd0-01da-11f0-9269-ed641e036766,,,,,,,,,,,b0b8cc55-1461-41bf-b18a-f9f6bd8e04da,,,,,,v3,471300,471281,15 March 2025 14:00-dayton@georgemas,"Raymond, Andrew",10148052,Right,GEO_PAT,,,,,,,,,,,,,,,,,,,,,,,,,,,,,,,,,,,,,,,,,,,,,,,,,,,,,,,,,,,,,,,,,,,,
199,2025-03-15,16:21:07.69,2,1,"Yount, Britt",1000122819,Right,GEO_PAT,"Cazorla, Alejandro",1000268561,Right,DAY_FLY,Undefined,6,Top,0,0,0,Fastball,Sinker,InPlay,Undefined,GroundBall,Out,1,0,,87.16011,-0.427033,-2.889024,2160.404381,247.652002,2:15,5.36737,1.94129,5.56762,-28.00572,9.38812,19.843,2.6341,0.89366,79.41285,-5.618575,0.648367,0.440121,68.97891,13.328386,-19.608651,3253.867423,,,,103.52638,102.09829,-15.330386,1.211538,-10.9317,5.22418,-1.70557,50,5.31215,5.53761,-126.42812,-1.91302,-17.62253,26.74138,-23.75235,GEO_PAT,DAY_FLY,SpuhlerFieldMain,D1,A10,20250315-SpuhlerFieldMain-2,07894e70-01db-11f0-9269-ed641e036766,85.64117,8.32613,,7.74727,,,,0.8664,2.22373,-0.33755,b0b8cc55-1461-41bf-b18a-f9f6bd8e04da,2025-03-15,20:21:07.69,2025-03-15T16:21:07.6930000-04:00,2025-03-15T20:21:07.6930000Z,LineDrive,v3,471300,471281,15 March 2025 14:00-dayton@georgemas,"Raymond, Andrew",10148052,Right,GEO_PAT,b7c662d4-36cf-471b-b891-b936351ea54f,54.93584,-127.46785,13.37069,5.36857,-0.98951,-11.87617,-1.9342,6.22278,-8.81127,310.627115,0.8664,92.73482,-9.50824,0.42337,-0.08781,0.00416,0.00241,-0.00034,1E-05,2.22373,23.32265,-23.68506,2.87441,-0.50172,0.11957,-0.02119,0.00286,-0.00027,-0.33755,-33.03716,9.45414,-0.62797,0.12549,-0.01453,-8E-05,-1E-05,3E-05,,,,,,,,,,,,,,,,,,,,,,,High,High,High,High,High,,,
200,2025-03-15,16:21:43.36,3,1,"Yount, Britt",1000122819,Right,GEO_PAT,"Wouters, Dyrenson",821727,Right,DAY_FLY,Undefined,6,Top,1,0,0,Slider,Curveball,StrikeCalled,Undefined,Undefined,Undefined,0,0,,75.29797,1.784048,-1.025593,2344.541214,79.480577,8:45,5.5315,1.81855,5.06028,-51.26542,-0.51571,-11.03351,2.94265,-0.0682,69.30838,-7.501713,-2.975512,0.512729,,,,,,,,,,,,5.20449,-0.28614,-1.71178,50,5.66035,2.38839,-109.26797,1.65362,6.3051,18.88433,-32.52071,GEO_PAT,DAY_FLY,SpuhlerFieldMain,D1,A10,20250315-SpuhlerFieldMain-2,1cbc6660-01db-11f0-9269-ed641e036766,73.51332,,,5.98959,,,,,,,b0b8cc55-1461-41bf-b18a-f9f6bd8e04da,2025-03-15,20:21:43.36,2025-03-15T16:21:43.3650000-04:00,2025-03-15T20:21:43.3650000Z,,v3,471300,471281,15 March 2025 14:00-dayton@georgemas,"Raymond, Andrew",10148052,Right,GEO_PAT,5dca6705-a704-4468-9de5-2760fed5b95c,55.44334,-110.2047,9.44217,5.53832,3.26677,-16.26036,-1.8225,2.07563,3.15255,,,,,,,,,,,,,,,,,,,,,,,,,,,,,,,,,,,,,,,,,,,,,,,,,,,High,High,High,,,,,
201,2025-03-15,16:22:01.95,3,2,"Yount, Britt",1000122819,Right,GEO_PAT,"Wouters, Dyrenson",821727,Right,DAY_FLY,Undefined,6,Top,1,0,1,Fastball,Sinker,BallCalled,Undefined,Undefined,Undefined,0,0,,87.92557,-1.867504,-4.720827,2166.385434,248.242479,2:15,5.36753,1.81673,5.69838,-28.39411,7.90682,17.11792,1.25446,-1.16618,81.16212,-7.091187,-1.670405,0.433641,,,,,,,,,,,,-9.93123,4.8137,-1.43046,50,5.19224,9.80534,-127.38902,-5.15581,-16.47167,23.8857,-24.19014,GEO_PAT,DAY_FLY,SpuhlerFieldMain,D1,A10,20250315-SpuhlerFieldMain-2,27daed50-01db-11f0-9269-ed641e036766,86.92086,,,6.76345,,,,,,,b0b8cc55-1461-41bf-b18a-f9f6bd8e04da,2025-03-15,20:22:01.95,2025-03-15T16:22:01.9500000-04:00,2025-03-15T20:22:01.9500000Z,,v3,471300,471281,15 March 2025 14:00-dayton@georgemas,"Raymond, Andrew",10148052,Right,GEO_PAT,2bec0c24-da90-4780-a4d3-11217f8a896c,54.80618,-128.28703,11.94285,5.36899,-4.24636,-12.09507,-1.81074,10.4246,-8.23583,,,,,,,,,,,,,,,,,,,,,,,,,,,,,,,,,,,,,,,,,,,,,,,,,,,High,High,High,,,,,
202,2025-03-15,16:22:22.57,3,3,"Yount, Britt",1000122819,Right,GEO_PAT,"Wouters, Dyrenson",821727,Right,DAY_FLY,Undefined,6,Top,1,1,1,Slider,Slider,BallCalled,Undefined,Undefined,Undefined,0,0,,75.61634,0.948264,-2.568372,2390.916323,92.760844,9:00,5.55163,1.83719,5.26076,-47.77585,2.0741,-13.14725,2.46223,-1.67315,69.97709,-7.71725,-4.895796,0.508164,,,,,,,,,,,,5.90737,1.23335,-1.59165,50,5.60319,5.42566,-109.73695,0.23595,7.23991,18.49826,-30.6625,GEO_PAT,DAY_FLY,SpuhlerFieldMain,D1,A10,20250315-SpuhlerFieldMain-2,341a2680-01db-11f0-9269-ed641e036766,74.17378,,,5.63924,,,,,,,b0b8cc55-1461-41bf-b18a-f9f6bd8e04da,2025-03-15,20:22:22.57,2025-03-15T16:22:22.5750000-04:00,2025-03-15T20:22:22.5750000Z,,v3,471300,471281,15 March 2025 14:00-dayton@georgemas,"Raymond, Andrew",10148052,Right,GEO_PAT,d0559a52-0e77-4b37-9e99-fd98832eebdd,55.24286,-110.6172,9.24913,5.55725,1.69505,-15.33125,-1.84164,5.08114,3.61995,,,,,,,,,,,,,,,,,,,,,,,,,,,,,,,,,,,,,,,,,,,,,,,,,,,High,High,High,,,,,
203,2025-03-15,16:22:41.43,3,4,"Yount, Britt",1000122819,Right,GEO_PAT,"Wouters, Dyrenson",821727,Right,DAY_FLY,Undefined,6,Top,1,2,1,Fastball,Sinker,BallCalled,Undefined,Undefined,Undefined,0,0,,87.98261,-1.760182,-4.389946,2158.115274,246.652956,2:15,5.32279,1.83719,5.85539,-27.82564,8.10091,16.3693,1.36313,-0.88574,81.39034,-6.893416,-1.462394,0.431399,,,,,,,,,,,,-9.43567,4.90508,-1.48942,50,5.16295,9.11431,-127.57857,-4.87919,-15.73413,23.35666,-23.99473,GEO_PAT,DAY_FLY,SpuhlerFieldMain,D1,A10,20250315-SpuhlerFieldMain-2,3f4f69c0-01db-11f0-9269-ed641e036766,87.37255,,,6.59227,,,,,,,b0b8cc55-1461-41bf-b18a-f9f6bd8e04da,2025-03-15,20:22:41.43,2025-03-15T16:22:41.4370000-04:00,2025-03-15T20:22:41.4370000Z,,v3,471300,471281,15 March 2025 14:00-dayton@georgemas,"Raymond, Andrew",10148052,Right,GEO_PAT,3160129d-c1bd-4b96-af4a-beef0eaf92e4,54.64857,-128.4268,11.67833,5.32432,-4.00779,-11.99737,-1.83079,9.68571,-7.86706,,,,,,,,,,,,,,,,,,,,,,,,,,,,,,,,,,,,,,,,,,,,,,,,,,,High,High,High,,,,,
204,2025-03-15,16:22:59.19,3,5,"Yount, Britt",1000122819,Right,GEO_PAT,"Wouters, Dyrenson",821727,Right,DAY_FLY,Undefined,6,Top,1,3,1,Fastball,Sinker,StrikeCalled,Undefined,Undefined,Undefined,0,0,,87.09238,-0.958346,-4.579115,2214.010757,245.442549,2:15,5.33302,1.90343,5.59609,-28.31958,9.01312,17.15288,2.0753,-0.95182,79.79274,-6.187427,-1.528721,0.43976,,,,,,,,,,,,-9.89394,5.1802,-1.52122,50,5.2322,9.36518,-126.13559,-3.10174,-15.9906,24.89169,-23.80183,GEO_PAT,DAY_FLY,SpuhlerFieldMain,D1,A10,20250315-SpuhlerFieldMain-2,49e40030-01db-11f0-9269-ed641e036766,85.71132,,,7.29964,,,,,,,b0b8cc55-1461-41bf-b18a-f9f6bd8e04da,2025-03-15,20:22:59.19,2025-03-15T16:22:59.1930000-04:00,2025-03-15T20:22:59.1930000Z,,v3,471300,471281,15 March 2025 14:00-dayton@georgemas,"Raymond, Andrew",10148052,Right,GEO_PAT,3d7a2291-ffc4-4ae5-a1e2-759b4f5f45f7,54.90663,-127.10018,12.44585,5.33453,-2.17938,-11.90092,-1.89614,9.98484,-7.9953,,,,,,,,,,,,,,,,,,,,,,,,,,,,,,,,,,,,,,,,,,,,,,,,,,,High,High,High,,,,,
205,2025-03-15,16:23:18.65,3,6,"Yount, Britt",1000122819,Right,GEO_PAT,"Wouters, Dyrenson",821727,Right,DAY_FLY,Undefined,6,Top,1,3,2,Fastball,Sinker,InPlay,Undefined,LineDrive,Out,1,0,,87.36254,-0.309786,-3.726729,2206.635427,257.517616,2:30,5.31744,1.83951,5.82533,-32.15053,4.58607,15.5208,2.34961,-0.33673,80.03219,-6.247269,-0.949807,0.436235,98.02256,17.246015,-25.228505,2007.293234,97.05111,30.55039,-51.77905,316.82369,305.4784,-34.600579,3.523109,-9.05934,2.72205,-1.54411,50,5.27274,7.63063,-126.74426,-1.78818,-14.74539,25.757,-27.74355,GEO_PAT,DAY_FLY,SpuhlerFieldMain,D1,A10,20250315-SpuhlerFieldMain-2,55932e60-01db-11f0-9269-ed641e036766,86.40389,37.55049,,7.33034,,,,2.03589,2.39301,0.38954,b0b8cc55-1461-41bf-b18a-f9f6bd8e04da,2025-03-15,20:23:18.65,2025-03-15T16:23:18.6520000-04:00,2025-03-15T20:23:18.6520000Z,LineDrive,v3,471300,471281,15 March 2025 14:00-dayton@georgemas,"Raymond, Andrew",10148052,Right,GEO_PAT,893cdf63-7b29-4a6e-aded-c0940f95c9dd,54.67951,-127.69169,12.8785,5.31975,-0.76768,-13.87178,-1.83476,8.17302,-7.3727,136.772939,2.03574,124.20976,-27.62478,6.94313,-1.59813,0.32727,-0.05589,0.00644,-0.00032,2.39309,42.62163,-12.71493,-0.61254,0.45329,-0.12477,0.01916,-0.00042,-0.00016,0.38962,-58.5252,0.95206,1.27846,-0.58712,0.16241,-0.03091,0.00358,-0.00019,,,,,,,,,,,,,,,,,,,,,,,High,High,High,High,High,,,
206,2025-03-15,16:23:56.16,4,1,"Yount, Britt",1000122819,Right,GEO_PAT,"Mainolfi, Ty",10109715,Left,DAY_FLY,Undefined,6,Top,2,0,0,Slider,Curveball,BallCalled,Undefined,Undefined,Undefined,0,0,,74.87447,2.469319,-0.515197,2300.935697,83.188761,8:45,5.51804,1.82685,4.90449,-51.15778,0.13362,-10.95115,3.59185,0.42698,69.24371,-6.765645,-2.444394,0.515458,,,,,,,,,,,,5.28118,-0.11378,-1.76676,50,5.71658,1.41018,-108.67956,2.91423,6.37863,17.288,-32.31147,GEO_PAT,DAY_FLY,SpuhlerFieldMain,D1,A10,20250315-SpuhlerFieldMain-2,6be10520-01db-11f0-9269-ed641e036766,73.12411,,,5.63076,,,,,,,b0b8cc55-1461-41bf-b18a-f9f6bd8e04da,2025-03-15,20:23:56.16,2025-03-15T16:23:56.1610000-04:00,2025-03-15T20:23:56.1610000Z,,v3,471300,471281,15 March 2025 14:00-dayton@georgemas,"Raymond, Andrew",10148052,Right,GEO_PAT,19271e67-7082-4ed4-abee-5c93392708b1,55.59975,-109.56671,8.644,5.52449,4.57232,-16.15574,-1.83072,1.08285,3.18931,,,,,,,,,,,,,,,,,,,,,,,,,,,,,,,,,,,,,,,,,,,,,,,,,,,High,High,High,,,,,
207,2025-03-15,16:24:10.99,4,2,"Yount, Britt",1000122819,Right,GEO_PAT,"Mainolfi, Ty",10109715,Left,DAY_FLY,Undefined,6,Top,2,1,0,Fastball,Changeup,StrikeCalled,Undefined,Undefined,Undefined,0,0,,87.38841,-0.762458,-4.347565,2270.437388,245.238316,2:15,5.38624,1.8016,5.90856,-26.43572,10.03489,19.36662,2.47343,-0.6279,80.31874,-5.677873,-0.881519,0.434653,,,,,,,,,,,,-11.02544,5.67784,-1.46281,50,5.30965,8.83499,-126.73056,-2.55963,-18.05419,24.2293,-22.87655,GEO_PAT,DAY_FLY,SpuhlerFieldMain,D1,A10,20250315-SpuhlerFieldMain-2,74c2e280-01db-11f0-9269-ed641e036766,86.71841,,,7.06967,,,,,,,b0b8cc55-1461-41bf-b18a-f9f6bd8e04da,2025-03-15,20:24:10.99,2025-03-15T16:24:10.9970000-04:00,2025-03-15T20:24:10.9970000Z,,v3,471300,471281,15 March 2025 14:00-dayton@georgemas,"Raymond, Andrew",10148052,Right,GEO_PAT,4de41fed-01e6-4f00-b731-b424c33c36da,54.59513,-127.60607,12.11465,5.3872,-1.733,-11.43827,-1.79384,9.48737,-9.0271,,,,,,,,,,,,,,,,,,,,,,,,,,,,,,,,,,,,,,,,,,,,,,,,,,,High,High,High,,,,,
208,2025-03-15,16:24:31.07,4,3,"Yount, Britt",1000122819,Right,GEO_PAT,"Mainolfi, Ty",10109715,Left,DAY_FLY,Undefined,6,Top,2,1,1,Fastball,Sinker,FoulBallNotFieldable,Undefined,Undefined,Undefined,0,0,,88.13187,-0.234495,-3.339697,2301.025886,248.453658,2:15,5.35485,1.95084,5.88677,-27.60675,8.20697,18.07599,2.83615,0.35232,81.01374,-5.358319,-0.100623,0.430721,,,,,,,,,,,,-10.23619,4.56681,-1.69205,50,5.31976,6.74071,-127.98497,-1.44979,-17.07502,25.00668,-24.55617,GEO_PAT,DAY_FLY,SpuhlerFieldMain,D1,A10,20250315-SpuhlerFieldMain-2,80b9ef20-01db-11f0-9269-ed641e036766,87.51012,,,7.11813,,,,,,,b0b8cc55-1461-41bf-b18a-f9f6bd8e04da,2025-03-15,20:24:31.07,2025-03-15T16:24:31.0750000-04:00,2025-03-15T20:24:31.0750000Z,,v3,471300,471281,15 March 2025 14:00-dayton@georgemas,"Raymond, Andrew",10148052,Right,GEO_PAT,6599aa65-c80a-4e59-9d6c-b74b4d5cb8b0,54.61844,-128.88419,12.50334,5.35601,-0.56676,-12.27809,-1.94548,7.35472,-8.53751,,,,,,,,,,,,,,,,,,,,,,,,,,,,,,,,,,,,,,,,,,,,,,,,,,,High,High,High,,,,,
209,2025-03-15,16:25:04.27,4,4,"Yount, Britt",1000122819,Right,GEO_PAT,"Mainolfi, Ty",10109715,Left,DAY_FLY,Undefined,6,Top,2,1,2,Slider,Slider,BallCalled,Undefined,Undefined,Undefined,0,0,,76.48513,1.70337,0.959787,2328.994058,86.423134,9:00,5.51335,1.86468,5.10408,-48.11196,0.59449,-12.35111,3.10979,1.7399,70.81772,-7.011979,-1.225713,0.502302,,,,,,,,,,,,6.51937,0.11744,-1.94471,50,5.63565,-1.39717,-111.13217,1.67685,8.23085,18.13811,-32.02577,GEO_PAT,DAY_FLY,SpuhlerFieldMain,D1,A10,20250315-SpuhlerFieldMain-2,9490f980-01db-11f0-9269-ed641e036766,75.03945,,,5.66741,,,,,,,b0b8cc55-1461-41bf-b18a-f9f6bd8e04da,2025-03-15,20:25:04.27,2025-03-15T16:25:04.2720000-04:00,2025-03-15T20:25:04.2720000Z,,v3,471300,471281,15 March 2025 14:00-dayton@georgemas,"Raymond, Andrew",10148052,Right,GEO_PAT,0a560319-4c05-4674-84c0-a2dc9c251935,55.4025,-112.01045,9.06906,5.51691,3.2276,-16.01288,-1.86741,-1.79572,4.11542,,,,,,,,,,,,,,,,,,,,,,,,,,,,,,,,,,,,,,,,,,,,,,,,,,,High,High,High,,,,,
210,2025-03-15,16:25:18.75,4,5,"Yount, Britt",1000122819,Right,GEO_PAT,"Mainolfi, Ty",10109715,Left,DAY_FLY,Undefined,6,Top,2,2,2,Slider,Slider,InPlay,Undefined,LineDrive,Out,1,0,,75.68549,1.725898,-1.25341,2389.559297,82.93414,8:45,5.48663,1.81671,5.08424,-49.69601,0.24953,-9.5478,2.97307,-0.16064,69.97083,-7.270689,-2.941009,0.508651,72.88484,11.035781,-33.733668,1955.589164,,,,127.22933,112.28638,-37.970516,1.383672,4.4904,-0.00291,-1.68988,50,5.61035,2.76688,-109.90457,1.63452,5.52865,18.27146,-32.17765,GEO_PAT,DAY_FLY,SpuhlerFieldMain,D1,A10,20250315-SpuhlerFieldMain-2,9d32c0a0-01db-11f0-9269-ed641e036766,74.10279,9.21531,,5.71466,,,,2.53357,3.11737,0.11309,b0b8cc55-1461-41bf-b18a-f9f6bd8e04da,2025-03-15,20:25:18.75,2025-03-15T16:25:18.7530000-04:00,2025-03-15T20:25:18.7530000Z,GroundBall,v3,471300,471281,15 March 2025 14:00-dayton@georgemas,"Raymond, Andrew",10148052,Right,GEO_PAT,e5ba7e18-8ada-4c25-8012-bd0fff475887,55.42124,-110.80218,9.13573,5.49122,3.21529,-16.08883,-1.81914,2.49528,2.76433,100.744351,2.53357,87.25542,-15.17797,3.04068,-0.74999,0.30628,-0.20078,0.08819,-0.01607,3.11737,20.46243,-17.83559,1.21291,-0.13943,-0.04089,0.06278,-0.03041,0.00569,0.11309,-58.2657,0.59084,0.71505,-0.38496,0.2639,-0.19061,0.08469,-0.01552,,,,,,,,,,,,,,,,,,,,,,,High,High,High,High,High,,,
211,2025-03-15,16:27:38.84,1,1,"Samuels, Carson",1000106990,Left,DAY_FLY,"Alberti, Lucas",1000145512,Right,GEO_PAT,Undefined,6,Bottom,0,0,0,Fastball,Changeup,BallCalled,Undefined,Undefined,Undefined,0,0,,84.29968,0.058312,1.797499,1882.463277,101.089919,9:15,6.07544,-1.77544,5.23424,-36.39805,4.71382,-16.13493,3.09711,-1.42978,75.72703,-6.639466,-1.06479,0.461482,,,,,,,,,,,,8.5815,2.8174,1.62216,50,6.05423,-3.10632,-122.03605,-1.20679,12.67971,28.54374,-28.01116,GEO_PAT,DAY_FLY,SpuhlerFieldMain,D1,A10,20250315-SpuhlerFieldMain-2,f093f7a0-01db-11f0-9269-ed641e036766,81.67691,,,8.57266,,,,,,,b0b8cc55-1461-41bf-b18a-f9f6bd8e04da,2025-03-15,20:27:38.84,2025-03-15T16:27:38.8410000-04:00,2025-03-15T20:27:38.8410000Z,,v3,471300,471281,15 March 2025 14:00-dayton@georgemas,"MacDougall, Ryan",1000268563,Right,DAY_FLY,cac42962-8d92-47a0-950f-0a67a1513e9f,55.26415,-123.26117,14.27187,6.08022,-0.00454,-14.00558,1.76716,-3.65054,6.33985,,,,,,,,,,,,,,,,,,,,,,,,,,,,,,,,,,,,,,,,,,,,,,,,,,,High,High,High,,,,,
212,2025-03-15,16:27:56.15,1,2,"Samuels, Carson",1000106990,Left,DAY_FLY,"Alberti, Lucas",1000145512,Right,GEO_PAT,Undefined,6,Bottom,0,1,0,Fastball,Changeup,InPlay,Undefined,LineDrive,Single,0,0,,84.70115,-0.712233,3.280938,1935.020522,105.779916,9:30,6.05272,-1.63613,5.22467,-34.77907,5.58882,-14.83332,2.48371,0.21582,76.93616,-7.082724,0.653726,0.457287,107.01481,12.150386,-25.582567,1825.815474,96.68746,12.35242,-52.45498,180.11741,178.09757,-30.587983,1.437152,8.45638,3.38559,1.34497,50,5.96095,-6.39347,-122.66059,-2.79086,12.7642,26.36031,-27.06379,GEO_PAT,DAY_FLY,SpuhlerFieldMain,D1,A10,20250315-SpuhlerFieldMain-2,fafbd8c0-01db-11f0-9269-ed641e036766,82.42609,12.83692,,7.76499,,,,2.45149,2.60814,-0.17301,b0b8cc55-1461-41bf-b18a-f9f6bd8e04da,2025-03-15,20:27:56.15,2025-03-15T16:27:56.1500000-04:00,2025-03-15T20:27:56.1500000Z,LineDrive,v3,471300,471281,15 March 2025 14:00-dayton@georgemas,"MacDougall, Ryan",1000268563,Right,DAY_FLY,cf19aa35-f359-41f2-be92-f041b5a52830,55.27779,-123.78962,13.18016,6.05566,-1.63171,-13.5319,1.63051,-6.94017,6.3821,69.110558,2.45148,138.39784,-29.89814,6.99622,-1.53324,0.17572,0.05869,-0.03919,0.00719,2.60813,33.03604,-29.21802,4.5972,-1.02166,0.18163,-0.00971,-0.00662,0.00161,-0.17302,-66.2542,-1.45047,3.68918,-1.37069,0.26155,0.05102,-0.04685,0.00924,,,,,,,,,,,,,,,,,,,,,,,High,High,High,High,High,,,
213,2025-03-15,16:28:34.12,2,1,"Samuels, Carson",1000106990,Left,DAY_FLY,"Clyne, Owen",1000230336,Left,GEO_PAT,Undefined,6,Bottom,0,0,0,Slider,Curveball,BallinDirt,Undefined,Undefined,Undefined,0,0,,74.78864,0.03406,2.376588,2269.184523,287.207622,3:30,5.99475,-1.64314,4.78038,-57.06684,-4.03319,19.07218,1.2715,2.20036,68.18722,-10.207391,5.729883,0.52414,,,,,,,,,,,,-8.51193,-1.35287,1.38809,50,5.94887,-5.27642,-108.23292,-1.9664,-9.91299,22.09894,-33.74962,GEO_PAT,DAY_FLY,SpuhlerFieldMain,D1,A10,20250315-SpuhlerFieldMain-2,118fe040-01dc-11f0-9269-ed641e036766,71.91294,,,6.60142,,,,,,,b0b8cc55-1461-41bf-b18a-f9f6bd8e04da,2025-03-15,20:28:34.12,2025-03-15T16:28:34.1210000-04:00,2025-03-15T20:28:34.1210000Z,,v3,471300,471281,15 March 2025 14:00-dayton@georgemas,"MacDougall, Ryan",1000268563,Right,DAY_FLY,c3501340-d3d7-4bd9-bcb1-e24f929f2133,55.72115,-109.39482,11.04947,6.00561,-0.19193,-16.87481,1.65181,-4.75522,-4.9565,,,,,,,,,,,,,,,,,,,,,,,,,,,,,,,,,,,,,,,,,,,,,,,,,,,High,High,High,,,,,
214,2025-03-15,16:29:03.32,2,2,"Samuels, Carson",1000106990,Left,DAY_FLY,"Clyne, Owen",1000230336,Left,GEO_PAT,Undefined,6,Bottom,0,1,0,Slider,Curveball,StrikeCalled,Undefined,Undefined,Undefined,0,0,,73.55591,2.158257,0.406704,2250.102808,283.68512,3:30,6.08102,-1.68382,4.67437,-56.12818,-2.12949,15.49229,3.45459,-0.0065,67.69695,-7.929208,3.126027,0.528887,,,,,,,,,,,,-7.47115,-1.1413,1.62752,50,6.24992,-1.37714,-106.67876,2.04547,-8.6222,18.10011,-33.4912,GEO_PAT,DAY_FLY,SpuhlerFieldMain,D1,A10,20250315-SpuhlerFieldMain-2,22fb8ff0-01dc-11f0-9269-ed641e036766,71.26745,,,5.85896,,,,,,,b0b8cc55-1461-41bf-b18a-f9f6bd8e04da,2025-03-15,20:29:03.32,2025-03-15T16:29:03.3250000-04:00,2025-03-15T20:29:03.3250000Z,,v3,471300,471281,15 March 2025 14:00-dayton@georgemas,"MacDougall, Ryan",1000268563,Right,DAY_FLY,36f2f12c-6702-4025-ba5f-5a7beb57105e,55.82989,-107.66337,9.05005,6.08909,3.86732,-16.7456,1.68967,-0.90811,-4.3111,,,,,,,,,,,,,,,,,,,,,,,,,,,,,,,,,,,,,,,,,,,,,,,,,,,High,High,High,,,,,
215,2025-03-15,16:29:20.42,2,3,"Samuels, Carson",1000106990,Left,DAY_FLY,"Clyne, Owen",1000230336,Left,GEO_PAT,Undefined,6,Bottom,0,1,1,Slider,Curveball,BallCalled,Undefined,Undefined,Undefined,0,0,,74.96613,-0.042403,2.378252,2382.627112,288.915065,3:45,6.10576,-1.7643,4.79884,-55.04373,-3.2937,14.10725,1.47857,1.66627,69.50868,-9.884283,4.859928,0.517758,,,,,,,,,,,,-6.36252,-1.24083,1.51402,50,6.05316,-5.06738,-108.75104,-2.00969,-7.62691,18.90109,-33.66144,GEO_PAT,DAY_FLY,SpuhlerFieldMain,D1,A10,20250315-SpuhlerFieldMain-2,2d3a8c50-01dc-11f0-9269-ed641e036766,72.79935,,,5.45745,,,,,,,b0b8cc55-1461-41bf-b18a-f9f6bd8e04da,2025-03-15,20:29:20.42,2025-03-15T16:29:20.4220000-04:00,2025-03-15T20:29:20.4220000Z,,v3,471300,471281,15 March 2025 14:00-dayton@georgemas,"MacDougall, Ryan",1000268563,Right,DAY_FLY,c4fdae4f-97bb-499c-872b-59aa844a36a7,55.70672,-109.73839,9.45054,6.11222,-0.25129,-16.83072,1.76832,-4.66896,-3.81345,,,,,,,,,,,,,,,,,,,,,,,,,,,,,,,,,,,,,,,,,,,,,,,,,,,High,High,High,,,,,
216,2025-03-15,16:29:39.84,2,4,"Samuels, Carson",1000106990,Left,DAY_FLY,"Clyne, Owen",1000230336,Left,GEO_PAT,Undefined,6,Bottom,0,2,1,Fastball,Changeup,InPlay,Undefined,Popup,Out,1,0,,85.21385,-1.142022,2.975778,2021.572169,130.778718,10:15,6.17611,-1.76361,5.34105,-27.77261,11.57331,-11.95981,2.78874,0.03399,77.99953,-6.263781,0.853534,0.451462,83.38087,65.328541,-21.181305,,,,,126.85561,125.45037,-39.462751,5.851286,6.89996,6.48772,1.5041,50,6.05315,-5.92213,-123.56005,-3.42931,10.666,24.64048,-22.14527,GEO_PAT,DAY_FLY,SpuhlerFieldMain,D1,A10,20250315-SpuhlerFieldMain-2,38c8c500-01dc-11f0-9269-ed641e036766,83.48971,142.04094,,7.21433,,,,1.92531,2.32261,-0.02037,b0b8cc55-1461-41bf-b18a-f9f6bd8e04da,2025-03-15,20:29:39.84,2025-03-15T16:29:39.8480000-04:00,2025-03-15T20:29:39.8480000Z,Popup,v3,471300,471281,15 March 2025 14:00-dayton@georgemas,"MacDougall, Ryan",1000268563,Right,DAY_FLY,6b557be3-2dc7-46c4-a242-ed885f1358dc,55.16246,-124.5853,12.32024,6.17667,-2.50789,-11.07264,1.75974,-6.36592,5.333,169.330211,1.91482,47.73851,-20.09332,6.97431,-1.76127,0.30892,-0.03068,0.00107,2E-05,2.29378,111.63232,-29.48228,5.49723,-2.16854,0.69875,-0.13713,0.01402,-0.00057,-0.02728,-18.32469,0.72084,0.70894,-0.52543,0.18738,-0.03692,0.00377,-0.00015,,,,,,,,,,,,,,,,,,,,,,,High,High,High,High,Low,,,
217,2025-03-15,16:30:16.70,3,1,"Samuels, Carson",1000106990,Left,DAY_FLY,"Lavin, Sam",1000364332,Left,GEO_PAT,Undefined,6,Bottom,1,0,0,Slider,Curveball,InPlay,Undefined,LineDrive,Out,1,0,,74.81541,0.874764,0.791876,2319.939386,295.55037,3:45,6.02714,-1.7719,4.73992,-56.84275,-4.87878,13.45698,2.12024,0.10077,69.19895,-9.308045,3.160062,0.518827,99.26864,22.488877,-9.061285,3032.818434,107.32098,41.92694,-24.12883,330.24937,312.17994,-22.067226,4.238112,-6.45839,-2.2737,1.67936,50,6.06418,-2.03106,-108.60839,-0.35391,-7.72772,18.70872,-34.89461,GEO_PAT,DAY_FLY,SpuhlerFieldMain,D1,A10,20250315-SpuhlerFieldMain-2,4ec40ef0-01dc-11f0-9269-ed641e036766,72.64935,56.63757,,5.61646,,,,2.45865,2.28094,-0.04807,b0b8cc55-1461-41bf-b18a-f9f6bd8e04da,2025-03-15,20:30:16.70,2025-03-15T16:30:16.7010000-04:00,2025-03-15T20:30:16.7010000Z,LineDrive,v3,471300,471281,15 March 2025 14:00-dayton@georgemas,"MacDougall, Ryan",1000268563,Right,DAY_FLY,8c30dc5f-fdde-4b8b-81e2-c82bcb264113,55.76596,-109.59712,9.35436,6.03415,1.49023,-17.44731,1.77591,-1.62266,-3.86386,140.642128,2.45804,132.85697,-28.97868,6.8406,-1.58761,0.34349,-0.0596,0.00651,-0.00031,2.2817,55.67286,-14.94207,0.12893,0.22952,-0.08963,0.01709,-0.00117,-1E-05,-0.04828,-21.18168,-6.2242,2.52506,-0.76541,0.17996,-0.02997,0.00299,-0.00013,,,,,,,,,,,,,,,,,,,,,,,High,High,High,High,High,,,
218,2025-03-15,16:30:57.10,4,1,"Samuels, Carson",1000106990,Left,DAY_FLY,"Wall, Jonny",1000119703,Right,GEO_PAT,Undefined,6,Bottom,2,0,0,ChangeUp,Changeup,BallCalled,Undefined,Undefined,Undefined,0,0,,81.70298,-1.521384,3.432012,1713.060106,96.133179,9:15,5.90171,-1.94626,5.3697,-39.77313,3.12142,-16.07977,1.15785,-0.06435,74.96836,-8.765577,0.573788,0.471382,,,,,,,,,,,,9.13646,2.3639,1.65012,50,5.73648,-6.45443,-118.40311,-4.53357,12.93477,23.18235,-28.82742,GEO_PAT,DAY_FLY,SpuhlerFieldMain,D1,A10,20250315-SpuhlerFieldMain-2,66d65200-01dc-11f0-9269-ed641e036766,79.96163,,,6.73462,,,,,,,b0b8cc55-1461-41bf-b18a-f9f6bd8e04da,2025-03-15,20:30:57.10,2025-03-15T16:30:57.1040000-04:00,2025-03-15T20:30:57.1040000Z,,v3,471300,471281,15 March 2025 14:00-dayton@georgemas,"MacDougall, Ryan",1000268563,Right,DAY_FLY,02d6603a-c440-4312-96ec-6592cc94a8ca,55.1345,-119.40418,11.59118,5.90537,-3.28874,-14.41371,1.9409,-7.01298,6.46739,,,,,,,,,,,,,,,,,,,,,,,,,,,,,,,,,,,,,,,,,,,,,,,,,,,High,High,High,,,,,
219,2025-03-15,16:31:31.09,4,2,"Samuels, Carson",1000106990,Left,DAY_FLY,"Wall, Jonny",1000119703,Right,GEO_PAT,Undefined,6,Bottom,2,1,0,Fastball,Sinker,InPlay,Undefined,GroundBall,Out,1,0,,86.82015,-0.744983,2.965366,2006.177123,116.881603,10:00,6.05934,-1.76302,5.34081,-30.00895,7.48973,-12.66812,2.85871,-0.03424,80.28475,-6.232751,0.716898,0.440737,94.76448,-17.583883,18.221132,,,,,8.77158,8.26555,17.230203,0.059706,7.13158,4.25689,1.50486,50,5.97037,-5.98724,-126.04999,-2.73624,11.60323,22.91614,-25.24799,GEO_PAT,DAY_FLY,SpuhlerFieldMain,D1,A10,20250315-SpuhlerFieldMain-2,7b1c4ad0-01dc-11f0-9269-ed641e036766,85.52144,2.51164,,6.5354,,,,0.84991,2.51164,0.12008,b0b8cc55-1461-41bf-b18a-f9f6bd8e04da,2025-03-15,20:31:31.09,2025-03-15T16:31:31.0940000-04:00,2025-03-15T20:31:31.0940000Z,GroundBall,v3,471300,471281,15 March 2025 14:00-dayton@georgemas,"MacDougall, Ryan",1000268563,Right,DAY_FLY,ffa3f9a0-765c-42e8-bb2b-b76a057a8a7e,55.16357,-126.98527,11.45807,6.06101,-1.7058,-12.62399,1.75888,-6.46081,5.80162,180,0.84764,126.08554,,,,,,,,2.5124,-42.06703,,,,,,,,0.11933,41.50635,,,,,,,,,,,,,,,,,,,,,,,,,,,,,,High,High,High,Low,High,,,
220,2025-03-15,16:33:52.04,1,1,"Yount, Britt",1000122819,Right,GEO_PAT,"Heberlie, Aiden",809345,Right,DAY_FLY,Undefined,7,Top,0,0,0,Slider,Curveball,BallCalled,Undefined,Undefined,Undefined,0,0,,74.39855,1.407229,0.458886,2331.233748,83.537937,8:45,5.54418,1.81718,4.92074,-52.46893,-0.09185,-15.30658,2.5026,0.97551,68.34266,-8.078805,-2.24208,0.520885,,,,,,,,,,,,7.73989,-0.01157,-1.8483,50,5.63742,-0.2693,-107.95407,0.86109,9.12159,19.02795,-32.1877,GEO_PAT,DAY_FLY,SpuhlerFieldMain,D1,A10,20250315-SpuhlerFieldMain-2,cf27cb90-01dc-11f0-9269-ed641e036766,72.36229,,,6.05589,,,,,,,b0b8cc55-1461-41bf-b18a-f9f6bd8e04da,2025-03-15,20:33:52.04,2025-03-15T16:33:52.0430000-04:00,2025-03-15T20:33:52.0430000Z,,v3,471300,471281,15 March 2025 14:00-dayton@georgemas,"Raymond, Andrew",10148052,Right,GEO_PAT,b625fbd1-7e59-4262-969e-beb4ee024028,55.58356,-108.93378,9.51397,5.55042,2.51837,-16.09385,-1.82235,-0.73895,4.5608,,,,,,,,,,,,,,,,,,,,,,,,,,,,,,,,,,,,,,,,,,,,,,,,,,,High,High,High,,,,,
221,2025-03-15,16:34:06.37,1,2,"Yount, Britt",1000122819,Right,GEO_PAT,"Heberlie, Aiden",809345,Right,DAY_FLY,Undefined,7,Top,0,1,0,Fastball,Changeup,StrikeCalled,Undefined,Undefined,Undefined,0,0,,86.76367,-0.030588,-4.1011,2213.974958,252.332885,2:30,5.37792,1.87803,5.74681,-30.80305,6.53973,16.88399,2.78244,-0.53992,79.47395,-5.723418,-1.087576,0.43982,,,,,,,,,,,,-9.69508,3.69103,-1.54698,50,5.35651,8.31238,-125.79381,-1.12749,-15.57922,24.83659,-26.24284,GEO_PAT,DAY_FLY,SpuhlerFieldMain,D1,A10,20250315-SpuhlerFieldMain-2,d78d4d00-01dc-11f0-9269-ed641e036766,85.69974,,,7.28972,,,,,,,b0b8cc55-1461-41bf-b18a-f9f6bd8e04da,2025-03-15,20:34:06.37,2025-03-15T16:34:06.3770000-04:00,2025-03-15T20:34:06.3770000Z,,v3,471300,471281,15 March 2025 14:00-dayton@georgemas,"Raymond, Andrew",10148052,Right,GEO_PAT,ae42049e-ca1d-4c5c-af60-15953744764e,54.75639,-126.72943,12.4183,5.38036,-0.1389,-13.12142,-1.87117,8.89926,-7.78961,,,,,,,,,,,,,,,,,,,,,,,,,,,,,,,,,,,,,,,,,,,,,,,,,,,High,High,High,,,,,
222,2025-03-15,16:34:19.95,1,3,"Yount, Britt",1000122819,Right,GEO_PAT,"Heberlie, Aiden",809345,Right,DAY_FLY,Undefined,7,Top,0,1,1,Slider,Curveball,InPlay,Undefined,GroundBall,Out,1,0,,74.46176,1.942882,-0.707604,2441.665731,80.950413,8:45,5.52027,1.78673,5.11984,-52.87755,-1.55209,-18.49855,2.94487,-0.42143,69.20049,-7.610588,-3.980094,0.51563,71.06914,-35.396296,-24.739726,,,,,6.12819,6.12819,-12.825917,0.050083,9.1167,-0.90028,-1.70483,50,5.66132,2.03017,-108.20665,1.90586,10.9223,17.02758,-33.25262,GEO_PAT,DAY_FLY,SpuhlerFieldMain,D1,A10,20250315-SpuhlerFieldMain-2,dfc7c6d0-01dc-11f0-9269-ed641e036766,73.09983,3.03678,,5.26127,,,,2.09378,3.03678,0.42816,b0b8cc55-1461-41bf-b18a-f9f6bd8e04da,2025-03-15,20:34:19.95,2025-03-15T16:34:19.9510000-04:00,2025-03-15T20:34:19.9510000Z,GroundBall,v3,471300,471281,15 March 2025 14:00-dayton@georgemas,"Raymond, Andrew",10148052,Right,GEO_PAT,5e54dc11-517f-4264-8fa8-052719306a34,55.38678,-109.05103,8.51379,5.52592,3.55482,-16.62631,-1.79207,1.48855,5.46115,,2.09111,77.50135,,,,,,,,3.03887,-60.63499,,,,,,,,0.42939,-35.71176,,,,,,,,,,,,,,,,,,,,,,,,,,,,,,High,High,High,Low,Low,,,
223,2025-03-15,16:34:54.39,2,1,"Yount, Britt",1000122819,Right,GEO_PAT,"DiMartini, Michael",1000136501,Right,DAY_FLY,Undefined,7,Top,1,0,0,Fastball,Changeup,BallCalled,Undefined,Undefined,Undefined,0,0,,87.50411,-1.866908,-4.110784,2333.207712,252.2128,2:30,5.31312,1.8133,5.89984,-28.21781,8.26107,22.22052,1.22332,-0.15801,80.42394,-7.092497,-0.128893,0.434702,,,,,,,,,,,,-12.47867,5.07544,-1.49479,50,5.14622,8.20369,-126.87182,-5.08947,-20.42166,24.97418,-23.86798,GEO_PAT,DAY_FLY,SpuhlerFieldMain,D1,A10,20250315-SpuhlerFieldMain-2,f44c2830-01dc-11f0-9269-ed641e036766,86.70863,,,7.08017,,,,,,,b0b8cc55-1461-41bf-b18a-f9f6bd8e04da,2025-03-15,20:34:54.39,2025-03-15T16:34:54.3970000-04:00,2025-03-15T20:34:54.3970000Z,,v3,471300,471281,15 March 2025 14:00-dayton@georgemas,"Raymond, Andrew",10148052,Right,GEO_PAT,f1fa87e8-2eb6-4422-a965-d607952497ba,54.60453,-127.77498,12.48709,5.31466,-4.22631,-11.93399,-1.80482,8.94222,-10.21083,,,,,,,,,,,,,,,,,,,,,,,,,,,,,,,,,,,,,,,,,,,,,,,,,,,High,High,High,,,,,
224,2025-03-15,16:35:08.57,2,2,"Yount, Britt",1000122819,Right,GEO_PAT,"DiMartini, Michael",1000136501,Right,DAY_FLY,Undefined,7,Top,1,1,0,Fastball,Changeup,FoulBallNotFieldable,Undefined,Undefined,Undefined,0,0,,86.15256,-2.212644,-3.38114,2272.157947,245.140513,2:15,5.30365,1.90825,5.42565,-27.23438,11.01103,21.2206,0.95693,0.50591,79.29601,-7.221083,0.391896,0.445104,,,,,,,,,,,,-11.68875,6.47363,-1.62358,50,5.08795,6.49242,-124.91761,-5.78317,-18.55932,24.0177,-21.89528,GEO_PAT,DAY_FLY,SpuhlerFieldMain,D1,A10,20250315-SpuhlerFieldMain-2,fcb5ef60-01dc-11f0-9269-ed641e036766,84.68238,,,6.85655,,,,,,,b0b8cc55-1461-41bf-b18a-f9f6bd8e04da,2025-03-15,20:35:08.57,2025-03-15T16:35:08.5790000-04:00,2025-03-15T20:35:08.5790000Z,,v3,471300,471281,15 March 2025 14:00-dayton@georgemas,"Raymond, Andrew",10148052,Right,GEO_PAT,19fad869-ea36-4791-9e41-ac41226d784d,55.07942,-125.89043,12.00885,5.30424,-4.89632,-10.94764,-1.90177,7.24415,-9.27966,,,,,,,,,,,,,,,,,,,,,,,,,,,,,,,,,,,,,,,,,,,,,,,,,,,High,High,High,,,,,
225,2025-03-15,16:35:42.64,2,3,"Yount, Britt",1000122819,Right,GEO_PAT,"DiMartini, Michael",1000136501,Right,DAY_FLY,Undefined,7,Top,1,1,1,ChangeUp,Changeup,FoulBallNotFieldable,Undefined,Undefined,Undefined,0,0,,79.717,0.851176,-2.309602,1728.276347,259.819557,2:45,5.13097,1.96608,5.45084,-39.88994,4.71032,18.61383,2.60442,1.35372,73.19436,-6.460946,1.00345,0.480662,40.87467,4.453275,52.499816,3317.544192,,,,34.36955,33.53599,51.97813,0.617199,-10.0489,2.52697,-1.77549,50,5.17857,3.9364,-115.73311,0.38502,-13.66211,21.11241,-28.73847,GEO_PAT,DAY_FLY,SpuhlerFieldMain,D1,A10,20250315-SpuhlerFieldMain-2,1110f6d0-01dd-11f0-9269-ed641e036766,78.41769,2.95643,,6.52264,,,,1.06471,2.58779,-1.35584,b0b8cc55-1461-41bf-b18a-f9f6bd8e04da,2025-03-15,20:35:42.64,2025-03-15T16:35:42.6460000-04:00,2025-03-15T20:35:42.6460000Z,GroundBall,v3,471300,471281,15 March 2025 14:00-dayton@georgemas,"Raymond, Andrew",10148052,Right,GEO_PAT,5393aebe-32a1-4cb7-8ab1-85c8c7f0f269,55.05343,-116.65133,10.5562,5.13465,1.63492,-14.36924,-1.95962,4.5306,-6.83106,251.035866,1.06471,36.38486,-6.70677,1.01326,-0.2604,0.0391,-0.00283,-0.00029,0.00028,2.58779,4.65484,-14.73392,0.65588,-0.02667,0.018,-0.00077,-0.00062,6E-05,-1.35584,47.41736,-2.30023,0.1697,0.01528,-0.00769,0.00508,-0.00215,0.00062,,,,,,,,,,,,,,,,,,,,,,,High,High,High,High,High,,,
226,2025-03-15,16:36:08.70,2,4,"Yount, Britt",1000122819,Right,GEO_PAT,"DiMartini, Michael",1000136501,Right,DAY_FLY,Undefined,7,Top,1,1,2,ChangeUp,Changeup,StrikeSwinging,Strikeout,Undefined,Undefined,0,0,,81.142,1.386643,-2.782406,1668.282802,268.351917,3:00,5.14902,1.86842,5.52109,-40.93223,1.69622,17.27458,3.03632,0.70433,75.00108,-6.094504,0.293989,0.469917,,,,,,,,,,,,-9.43654,0.86756,-1.638,50,5.24218,5.04334,-117.85695,1.45399,-13.42005,20.07184,-30.94027,GEO_PAT,DAY_FLY,SpuhlerFieldMain,D1,A10,20250315-SpuhlerFieldMain-2,207cdee0-01dd-11f0-9269-ed641e036766,80.21088,,,6.14092,,,,,,,b0b8cc55-1461-41bf-b18a-f9f6bd8e04da,2025-03-15,20:36:08.70,2025-03-15T16:36:08.7030000-04:00,2025-03-15T20:36:08.7030000Z,,v3,471300,471281,15 March 2025 14:00-dayton@georgemas,"Raymond, Andrew",10148052,Right,GEO_PAT,1d3380eb-2c06-46b3-94af-79c7b16aa9a6,54.98419,-118.70276,10.03592,5.15344,2.75779,-15.47014,-1.86243,5.60885,-6.71003,,,,,,,,,,,,,,,,,,,,,,,,,,,,,59.33799,3.182925,1.952358,1.230566,-0.5121,2.82542,-0.7161,-2.44777,6.58739,1.528,72.60937,10.27962,-52.18091,-2.40712,67.31232,-5.33774,6.60285,19.15753,-13.22166,1.48171,-50.22335,5.57477,High,High,High,,,High,Low,Low
227,2025-03-15,16:36:47.01,3,1,"Yount, Britt",1000122819,Right,GEO_PAT,"Lujo, Rylan",1000102832,Right,DAY_FLY,Undefined,7,Top,2,0,0,Slider,Curveball,FoulBallNotFieldable,Undefined,Undefined,Undefined,0,0,,74.26796,1.177007,-1.571197,2398.024209,81.214067,8:45,5.54387,1.72101,5.03256,-52.10652,0.34799,-8.49497,2.31279,-0.46976,68.19383,-8.258541,-3.071948,0.52127,67.13451,-30.918429,-95.945379,,,,,5.26559,5.20265,-30.369368,0.040653,3.82358,0.20189,-1.56341,50,5.61418,3.275,-107.73359,0.48022,4.4786,19.30693,-31.93755,GEO_PAT,DAY_FLY,SpuhlerFieldMain,D1,A10,20250315-SpuhlerFieldMain-2,37730390-01dd-11f0-9269-ed641e036766,72.30885,2.06347,,6.07413,,,,4.89993,2.06347,0.76462,b0b8cc55-1461-41bf-b18a-f9f6bd8e04da,2025-03-15,20:36:47.01,2025-03-15T16:36:47.0190000-04:00,2025-03-15T20:36:47.0190000Z,GroundBall,v3,471300,471281,15 March 2025 14:00-dayton@georgemas,"Raymond, Andrew",10148052,Right,GEO_PAT,f6754965-bc78-468b-973e-d7771d2efec8,55.47188,-108.70978,9.65347,5.54907,2.09505,-15.96878,-1.72328,3.04856,2.2393,180,4.90012,-8.77822,,,,,,,,2.06455,-50.75762,,,,,,,,0.76641,-84.29207,,,,,,,,,,,,,,,,,,,,,,,,,,,,,,High,High,High,Low,Low,,,
228,2025-03-15,16:37:10.53,3,2,"Yount, Britt",1000122819,Right,GEO_PAT,"Lujo, Rylan",1000102832,Right,DAY_FLY,Undefined,7,Top,2,0,1,Fastball,Sinker,InPlay,Undefined,GroundBall,Single,0,0,,88.8668,-1.673476,-4.178311,2337.265847,241.566903,2:00,5.33091,1.894,5.7687,-23.51891,11.88603,19.99785,1.80892,-0.33513,81.84363,-6.043519,-0.606915,0.428256,96.99001,7.080431,19.908189,2957.258667,99.67398,4.63512,46.53042,141.41032,140.23684,26.479655,1.192746,-11.31477,6.80867,-1.56023,50,5.17769,8.57942,-128.87163,-4.56285,-19.18798,24.6772,-20.6277,GEO_PAT,DAY_FLY,SpuhlerFieldMain,D1,A10,20250315-SpuhlerFieldMain-2,4570b5a0-01dd-11f0-9269-ed641e036766,88.01386,6.50389,,7.02317,,,,0.82387,1.76614,0.30214,b0b8cc55-1461-41bf-b18a-f9f6bd8e04da,2025-03-15,20:37:10.53,2025-03-15T16:37:10.5380000-04:00,2025-03-15T20:37:10.5380000Z,GroundBall,v3,471300,471281,15 March 2025 14:00-dayton@georgemas,"Raymond, Andrew",10148052,Right,GEO_PAT,a2cff575-8dfe-4a75-9a64-d5dbc172c959,54.73612,-129.77536,12.3386,5.33096,-3.80742,-10.31385,-1.88729,9.28212,-9.59399,258.211889,0.82387,132.73096,-29.68565,7.25936,-1.6325,0.33454,-0.06253,0.00868,-0.00056,1.76614,17.5341,-16.34123,0.07538,0.34885,-0.15274,0.04423,-0.00797,0.00069,0.30214,48.06905,6.78033,-3.59906,1.26266,-0.3695,0.09177,-0.01659,0.00153,,,,,,,,,,,,,,,,,,,,,,,High,High,High,High,High,,,
229,2025-03-15,16:37:47.74,4,1,"Yount, Britt",1000122819,Right,GEO_PAT,"Stang, Bobby",1000138110,Right,DAY_FLY,Undefined,7,Top,2,0,0,Fastball,Changeup,StrikeCalled,Undefined,Undefined,Undefined,0,0,,86.14528,-0.301789,-4.418412,2310.350848,245.968997,2:15,5.33906,1.82185,6.04922,-26.54978,10.78213,21.64753,2.84635,-0.47285,79.10933,-5.259083,-0.534384,0.439756,,,,,,,,,,,,-12.24784,5.97941,-1.48849,50,5.30112,8.7843,-124.95465,-1.49421,-19.49349,23.60678,-22.65731,GEO_PAT,DAY_FLY,SpuhlerFieldMain,D1,A10,20250315-SpuhlerFieldMain-2,5b7e7620-01dd-11f0-9269-ed641e036766,85.71223,,,7.03595,,,,,,,b0b8cc55-1461-41bf-b18a-f9f6bd8e04da,2025-03-15,20:37:47.74,2025-03-15T16:37:47.7440000-04:00,2025-03-15T20:37:47.7440000Z,,v3,471300,471281,15 March 2025 14:00-dayton@georgemas,"Raymond, Andrew",10148052,Right,GEO_PAT,c506d6c6-4132-4363-b30e-83dfcc278de9,54.45459,-125.79341,11.80339,5.33991,-0.68919,-11.32866,-1.81291,9.47691,-9.74675,,,,,,,,,,,,,,,,,,,,,,,,,,,,,,,,,,,,,,,,,,,,,,,,,,,High,High,High,,,,,
230,2025-03-15,16:38:03.54,4,2,"Yount, Britt",1000122819,Right,GEO_PAT,"Stang, Bobby",1000138110,Right,DAY_FLY,Undefined,7,Top,2,0,1,Slider,Curveball,BallCalled,Undefined,Undefined,Undefined,0,0,,75.77079,0.118159,-2.912967,2455.824551,104.859857,9:30,5.42578,1.95832,5.1526,-44.49782,5.95677,-16.28233,1.82902,-2.1433,69.4459,-7.968535,-5.787374,0.511236,,,,,,,,,,,,7.22122,3.44599,-1.6728,50,5.40302,6.2274,-109.76474,-1.24988,8.75041,20.65673,-27.99837,GEO_PAT,DAY_FLY,SpuhlerFieldMain,D1,A10,20250315-SpuhlerFieldMain-2,64f62ae0-01dd-11f0-9269-ed641e036766,73.728,,,6.32489,,,,,,,b0b8cc55-1461-41bf-b18a-f9f6bd8e04da,2025-03-15,20:38:03.54,2025-03-15T16:38:03.5480000-04:00,2025-03-15T20:38:03.5480000Z,,v3,471300,471281,15 March 2025 14:00-dayton@georgemas,"Raymond, Andrew",10148052,Right,GEO_PAT,790b21f6-1882-42be-8706-810731bca0e0,55.3485,-110.76671,10.32836,5.43071,0.1082,-13.99918,-1.96457,5.80295,4.3752,,,,,,,,,,,,,,,,,,,,,,,,,,,,,,,,,,,,,,,,,,,,,,,,,,,High,High,High,,,,,
231,2025-03-15,16:38:21.18,4,3,"Yount, Britt",1000122819,Right,GEO_PAT,"Stang, Bobby",1000138110,Right,DAY_FLY,Undefined,7,Top,2,1,1,Slider,Curveball,BallCalled,Undefined,Undefined,Undefined,0,0,,74.55221,0.937041,-2.934748,2406.746261,93.936665,9:15,5.47077,1.9682,5.19188,-49.24979,2.66583,-14.93741,2.24938,-2.03988,68.47204,-8.002619,-5.573721,0.518586,,,,,,,,,,,,6.60178,1.55382,-1.68379,50,5.52066,6.11064,-108.039,0.15325,7.76867,19.59634,-30.34558,GEO_PAT,DAY_FLY,SpuhlerFieldMain,D1,A10,20250315-SpuhlerFieldMain-2,6f78bff0-01dd-11f0-9269-ed641e036766,72.68315,,,6.08017,,,,,,,b0b8cc55-1461-41bf-b18a-f9f6bd8e04da,2025-03-15,20:38:21.18,2025-03-15T16:38:21.1800000-04:00,2025-03-15T20:38:21.1800000Z,,v3,471300,471281,15 March 2025 14:00-dayton@georgemas,"Raymond, Andrew",10148052,Right,GEO_PAT,1552fa0d-fdf7-45ea-b6a9-8ac019d4eaaf,55.31058,-108.99799,9.79817,5.47682,1.63828,-15.17279,-1.97353,5.73046,3.88433,,,,,,,,,,,,,,,,,,,,,,,,,,,,,,,,,,,,,,,,,,,,,,,,,,,High,High,High,,,,,
232,2025-03-15,16:38:37.69,4,4,"Yount, Britt",1000122819,Right,GEO_PAT,"Stang, Bobby",1000138110,Right,DAY_FLY,Undefined,7,Top,2,2,1,Fastball,Changeup,BallCalled,Undefined,Undefined,Undefined,0,0,,87.05513,-1.183289,-4.421342,2307.844267,257.481724,2:30,5.25005,1.86749,5.97353,-31.09025,5.61138,20.24938,1.55872,-0.55231,80.1123,-6.930732,-0.790459,0.436028,,,,,,,,,,,,-11.59351,3.52437,-1.52814,50,5.13863,8.94817,-126.24657,-3.65466,-18.81431,24.375,-26.45461,GEO_PAT,DAY_FLY,SpuhlerFieldMain,D1,A10,20250315-SpuhlerFieldMain-2,795fff60-01dd-11f0-9269-ed641e036766,86.44503,,,6.94284,,,,,,,b0b8cc55-1461-41bf-b18a-f9f6bd8e04da,2025-03-15,20:38:37.69,2025-03-15T16:38:37.6920000-04:00,2025-03-15T20:38:37.6920000Z,,v3,471300,471281,15 March 2025 14:00-dayton@georgemas,"Raymond, Andrew",10148052,Right,GEO_PAT,cba38c1d-d465-467f-812c-62eca941804e,54.5313,-127.11844,12.1875,5.25243,-2.7084,-13.22731,-1.86024,9.62114,-9.40716,,,,,,,,,,,,,,,,,,,,,,,,,,,,,,,,,,,,,,,,,,,,,,,,,,,High,High,High,,,,,
233,2025-03-15,16:38:55.13,4,5,"Yount, Britt",1000122819,Right,GEO_PAT,"Stang, Bobby",1000138110,Right,DAY_FLY,Undefined,7,Top,2,3,1,Fastball,Four-Seam,InPlay,Undefined,Popup,Out,1,0,,85.77737,-0.64233,-3.388426,2202.487418,223.708888,1:30,5.22351,1.99258,5.70076,-21.54214,16.45336,14.66143,2.82869,0.05308,78.97067,-4.67354,-0.772167,0.443647,98.88621,55.275319,-7.552365,4427.827529,109.0978,161.87324,-14.05944,181.55467,96.13469,-7.118104,6.35341,-8.38524,8.8893,-1.71748,50,5.15615,6.78247,-124.52223,-2.07491,-13.28266,22.92632,-18.09292,GEO_PAT,DAY_FLY,SpuhlerFieldMain,D1,A10,20250315-SpuhlerFieldMain-2,83bdf570-01dd-11f0-9269-ed641e036766,84.96044,163.45273,,6.8067,,,,2.00597,2.01102,-0.54674,b0b8cc55-1461-41bf-b18a-f9f6bd8e04da,2025-03-15,20:38:55.13,2025-03-15T16:38:55.1370000-04:00,2025-03-15T20:38:55.1370000Z,FlyBall,v3,471300,471281,15 March 2025 14:00-dayton@georgemas,"Raymond, Andrew",10148052,Right,GEO_PAT,cf24f33b-a0b5-4075-b77e-8857288b74a2,54.80356,-125.40352,11.46316,5.22254,-1.37942,-9.04646,-1.98802,7.29305,-6.64133,180.394749,2.01564,81.69666,-31.0999,9.41252,-1.84629,0.19965,-0.00241,-0.00171,0.00012,1.96536,119.89927,-29.25507,4.73386,-1.61709,0.46453,-0.08025,0.00706,-0.00024,-0.54777,-10.83511,4.37838,-1.36749,0.284,-0.03559,0.00166,0.00012,-1E-05,,,,,,,,,,,,,,,,,,,,,,,High,High,High,Medium,Low,,,
234,2025-03-15,16:41:36.78,1,1,"Samuels, Carson",1000106990,Left,DAY_FLY,"Hueber, Toby",1000091691,Right,GEO_PAT,Undefined,7,Bottom,0,0,0,Fastball,Changeup,BallCalled,Undefined,Undefined,Undefined,0,0,,85.32705,-1.380984,1.368157,1946.335134,136.129009,10:30,5.97618,-1.89547,5.14259,-26.68403,12.35442,-10.81138,2.45153,-1.50789,79.00066,-6.264317,-0.546215,0.449695,,,,,,,,,,,,5.72953,6.83886,1.776,50,5.82629,-2.48863,-123.93141,-3.94825,9.02056,21.91245,-21.40698,GEO_PAT,DAY_FLY,SpuhlerFieldMain,D1,A10,20250315-SpuhlerFieldMain-2,e422ee20-01dd-11f0-9269-ed641e036766,83.81785,,,6.32639,,,,,,,b0b8cc55-1461-41bf-b18a-f9f6bd8e04da,2025-03-15,20:41:36.78,2025-03-15T16:41:36.7830000-04:00,2025-03-15T20:41:36.7830000Z,,v3,471300,471281,15 March 2025 14:00-dayton@georgemas,"Stang, Bobby",1000138110,Right,DAY_FLY,d44d6fd9-8631-452c-9690-13ba34f9ade7,55.3604,-124.87559,10.95622,5.97655,-3.02585,-10.70349,1.89161,-2.87731,4.51028,,,,,,,,,,,,,,,,,,,,,,,,,,,,,,,,,,,,,,,,,,,,,,,,,,,High,High,High,,,,,
235,2025-03-15,16:41:57.05,1,2,"Samuels, Carson",1000106990,Left,DAY_FLY,"Hueber, Toby",1000091691,Right,GEO_PAT,Undefined,7,Bottom,0,1,0,ChangeUp,Changeup,BallCalled,Undefined,Undefined,Undefined,0,0,,81.22851,-0.601192,1.136328,1812.27845,111.394849,9:45,5.79938,-2.00703,5.30993,-37.63053,5.38626,-10.48638,2.09903,-1.81409,74.99749,-7.461439,-0.72779,0.472053,,,,,,,,,,,,5.55485,3.25205,1.91177,50,5.71746,-1.91033,-117.98279,-2.55275,7.87704,21.17732,-27.56247,GEO_PAT,DAY_FLY,SpuhlerFieldMain,D1,A10,20250315-SpuhlerFieldMain-2,f01a6ff0-01dd-11f0-9269-ed641e036766,79.84796,,,6.23102,,,,,,,b0b8cc55-1461-41bf-b18a-f9f6bd8e04da,2025-03-15,20:41:57.05,2025-03-15T16:41:57.0530000-04:00,2025-03-15T20:41:57.0530000Z,,v3,471300,471281,15 March 2025 14:00-dayton@georgemas,"Stang, Bobby",1000138110,Right,DAY_FLY,4bce69f3-942c-46d6-9c5b-15ef6571fcd8,55.19289,-118.91123,10.58866,5.80289,-1.34437,-13.78123,2.00309,-2.25567,3.93852,,,,,,,,,,,,,,,,,,,,,,,,,,,,,,,,,,,,,,,,,,,,,,,,,,,High,High,High,,,,,
236,2025-03-15,16:42:16.35,1,3,"Samuels, Carson",1000106990,Left,DAY_FLY,"Hueber, Toby",1000091691,Right,GEO_PAT,Undefined,7,Bottom,0,2,0,Fastball,Changeup,FoulBallNotFieldable,Undefined,Undefined,Undefined,0,0,,85.79417,-1.466012,2.200478,2037.307203,120.207977,10:00,6.08043,-1.64299,5.18288,-27.59423,11.40808,-17.45966,2.4002,-1.02648,78.59748,-6.536523,-0.892588,0.449486,75.46084,43.001492,71.604694,4345.113718,19.18171,69.01872,108.31464,221.89369,105.90628,87.592094,4.093577,9.35091,6.46343,1.45232,50,5.92326,-4.01722,-124.43341,-4.17654,14.66917,24.84079,-22.03457,GEO_PAT,DAY_FLY,SpuhlerFieldMain,D1,A10,20250315-SpuhlerFieldMain-2,fbb1f770-01dd-11f0-9269-ed641e036766,83.85669,70.50198,,7.19669,,,,1.59384,2.18443,0.59727,b0b8cc55-1461-41bf-b18a-f9f6bd8e04da,2025-03-15,20:42:16.35,2025-03-15T16:42:16.3510000-04:00,2025-03-15T20:42:16.3510000Z,FlyBall,v3,471300,471281,15 March 2025 14:00-dayton@georgemas,"Stang, Bobby",1000138110,Right,DAY_FLY,135473fa-5506-480c-a3d9-5a2699a9701e,55.32009,-125.49097,12.42039,6.0811,-3.23845,-11.01729,1.63664,-4.64174,7.33458,,1.57918,25.94071,-16.16333,8.90849,-5.83236,2.91457,-0.88305,0.1408,-0.00898,2.18358,75.48791,-24.31101,2.19377,0.10152,-0.35756,0.16219,-0.033,0.00254,0.59709,76.79867,-8.25886,0.77943,0.35047,-0.32016,0.12179,-0.02379,0.00186,,,,,,,,,,,,,,,,,,,,,,,High,High,High,Medium,Low,,,
237,2025-03-15,16:42:36.62,1,4,"Samuels, Carson",1000106990,Left,DAY_FLY,"Hueber, Toby",1000091691,Right,GEO_PAT,Undefined,7,Bottom,0,2,1,Fastball,Changeup,BallCalled,Undefined,Undefined,Undefined,0,0,,85.52148,1.4541,2.604359,2023.33861,117.882501,10:00,6.0787,-1.73132,5.13687,-30.79832,8.75221,-14.06914,4.88324,-0.44948,77.62299,-4.215502,0.118247,0.452634,,,,,,,,,,,,7.70115,4.32929,1.49813,50,6.1918,-4.99674,-123.88399,2.01919,11.91953,25.68707,-25.47335,GEO_PAT,DAY_FLY,SpuhlerFieldMain,D1,A10,20250315-SpuhlerFieldMain-2,07b49cd0-01de-11f0-9269-ed641e036766,83.27348,,,7.89849,,,,,,,b0b8cc55-1461-41bf-b18a-f9f6bd8e04da,2025-03-15,20:42:36.62,2025-03-15T16:42:36.6270000-04:00,2025-03-15T20:42:36.6270000Z,,v3,471300,471281,15 March 2025 14:00-dayton@georgemas,"Stang, Bobby",1000138110,Right,DAY_FLY,bf5df744-e743-4329-b600-54294ab80f64,55.36332,-124.99112,12.84353,6.08112,3.11711,-12.73667,1.72456,-5.51047,5.95976,,,,,,,,,,,,,,,,,,,,,,,,,,,,,,,,,,,,,,,,,,,,,,,,,,,High,High,High,,,,,
238,2025-03-15,16:42:57.11,1,5,"Samuels, Carson",1000106990,Left,DAY_FLY,"Hueber, Toby",1000091691,Right,GEO_PAT,Undefined,7,Bottom,0,3,1,Fastball,Changeup,FoulBallNotFieldable,Undefined,Undefined,Undefined,0,0,,85.38832,-0.987013,2.830882,1976.821199,113.830246,9:45,5.96669,-1.95028,5.35079,-30.59935,8.41229,-16.33221,2.48972,-0.65381,78.47804,-6.599968,-0.06973,0.44954,76.9003,36.061366,112.022124,4434.416482,,,,,31.48565,,,8.98067,4.8402,1.70741,50,5.85584,-5.42953,-123.88847,-3.22751,14.01424,23.81006,-24.62096,GEO_PAT,DAY_FLY,SpuhlerFieldMain,D1,A10,20250315-SpuhlerFieldMain-2,14027c00-01de-11f0-9269-ed641e036766,83.84664,23.99506,,6.91028,,,,0.67889,2.36939,0.58899,b0b8cc55-1461-41bf-b18a-f9f6bd8e04da,2025-03-15,20:42:57.11,2025-03-15T16:42:57.1180000-04:00,2025-03-15T20:42:57.1180000Z,,v3,471300,471281,15 March 2025 14:00-dayton@georgemas,"Stang, Bobby",1000138110,Right,DAY_FLY,3f5c412a-27fb-4dd3-a71e-7d0ac51b3414,55.15271,-124.87484,11.90503,5.96842,-2.20755,-12.31048,1.94436,-6.01009,7.00712,,0.68306,-34.34164,-2.54566,,,,,,,2.37249,66.27999,-19.51654,,,,,,,0.60027,84.11048,-17.4558,,,,,,,,,,,,,,,,,,,,,,,,,,,,,High,High,High,Medium,Undefined,,,
239,2025-03-15,16:43:18.14,1,6,"Samuels, Carson",1000106990,Left,DAY_FLY,"Hueber, Toby",1000091691,Right,GEO_PAT,Undefined,7,Bottom,0,3,2,Fastball,Changeup,BallCalled,Walk,Undefined,Undefined,0,0,,86.779,-2.975569,3.434452,2052.602373,111.186513,9:45,5.98717,-1.70174,5.10738,-30.99092,7.46099,-16.0043,0.59334,0.20451,79.57342,-8.609563,0.604195,0.446304,,,,,,,,,,,,9.06016,4.88532,1.391,50,5.68162,-6.84267,-125.59072,-7.69803,14.44368,25.87935,-24.38587,GEO_PAT,DAY_FLY,SpuhlerFieldMain,D1,A10,20250315-SpuhlerFieldMain-2,2087e5f0-01de-11f0-9269-ed641e036766,84.45468,,,7.20558,,,,,,,b0b8cc55-1461-41bf-b18a-f9f6bd8e04da,2025-03-15,20:43:18.14,2025-03-15T16:43:18.1480000-04:00,2025-03-15T20:43:18.1480000Z,,v3,471300,471281,15 March 2025 14:00-dayton@georgemas,"Stang, Bobby",1000138110,Right,DAY_FLY,98d7111f-b154-4cfa-b57c-d03ae8170288,55.39708,-126.69797,12.93967,5.98866,-6.65468,-12.19293,1.69699,-7.46065,7.22184,,,,,,,,,,,,,,,,,,,,,,,,,,,,,,,,,,,,,,,,,,,,,,,,,,,High,High,High,,,,,
240,2025-03-15,16:43:55.51,2,1,"Samuels, Carson",1000106990,Left,DAY_FLY,"Hull, Owen",10054797,Left,GEO_PAT,Undefined,7,Bottom,0,0,0,Slider,Curveball,BallCalled,Undefined,Undefined,Undefined,0,0,,76.55277,-1.301206,3.299354,2273.819868,290.10926,3:45,5.95595,-1.64623,4.60799,-52.97408,-2.75043,11.70965,0.3018,2.47056,70.95598,-10.708041,5.350666,0.510065,,,,,,,,,,,,-4.84201,-0.58217,1.29447,50,5.77236,-6.86843,-110.8569,-4.46259,-6.01698,20.07796,-32.8975,GEO_PAT,DAY_FLY,SpuhlerFieldMain,D1,A10,20250315-SpuhlerFieldMain-2,36d82db0-01de-11f0-9269-ed641e036766,73.89735,,,5.59679,,,,,,,b0b8cc55-1461-41bf-b18a-f9f6bd8e04da,2025-03-15,20:43:55.51,2025-03-15T16:43:55.5190000-04:00,2025-03-15T20:43:55.5190000Z,,v3,471300,471281,15 March 2025 14:00-dayton@georgemas,"Stang, Bobby",1000138110,Right,DAY_FLY,8588198c-d0ef-4b88-a49a-a4e96749385f,55.89658,-111.91977,10.03898,5.9625,-2.72109,-16.44875,1.64963,-6.54991,-3.00849,,,,,,,,,,,,,,,,,,,,,,,,,,,,,,,,,,,,,,,,,,,,,,,,,,,High,High,High,,,,,
241,2025-03-15,16:44:23.59,2,2,"Samuels, Carson",1000106990,Left,DAY_FLY,"Hull, Owen",10054797,Left,GEO_PAT,Undefined,7,Bottom,0,1,0,Fastball,Changeup,InPlay,Undefined,GroundBall,Out,1,0,,85.20215,-1.005633,2.678089,2021.214265,115.212944,9:45,6.02505,-1.61027,5.21027,-30.58179,9.02048,-16.42623,2.5297,-0.45871,77.88465,-6.616303,-0.232177,0.45293,70.06635,-62.761007,27.086837,,,,,3.10124,2.1149,18.388757,0.027578,9.0189,5.15299,1.37553,50,5.90903,-5.07096,-123.53598,-3.27203,13.91071,25.04836,-24.22607,GEO_PAT,DAY_FLY,SpuhlerFieldMain,D1,A10,20250315-SpuhlerFieldMain-2,478aeda0-01de-11f0-9269-ed641e036766,83.21907,2.52914,,7.3175,,,,1.78371,2.52914,0.38548,b0b8cc55-1461-41bf-b18a-f9f6bd8e04da,2025-03-15,20:44:23.59,2025-03-15T16:44:23.5960000-04:00,2025-03-15T20:44:23.5960000Z,GroundBall,v3,471300,471281,15 March 2025 14:00-dayton@georgemas,"Stang, Bobby",1000138110,Right,DAY_FLY,2497866b-02d3-4dd4-8d46-aa7a27fc817f,55.29296,-124.60456,12.52418,6.02657,-2.23853,-12.11304,1.60452,-5.66441,6.95536,,1.78302,42.03293,,,,,,,,2.53065,-91.70943,,,,,,,,0.38513,21.49715,,,,,,,,,,,,,,,,,,,,,,,,,,,,,,High,High,High,Low,Low,,,
242,2025-03-15,16:45:00.33,3,1,"Samuels, Carson",1000106990,Left,DAY_FLY,"Quinn-Irons, Jaime",1000216379,Right,GEO_PAT,Undefined,7,Bottom,1,0,0,Slider,Curveball,FoulBallNotFieldable,Undefined,Undefined,Undefined,0,0,,77.56385,-0.441858,1.29628,2326.203937,277.60375,3:15,5.93172,-1.89507,4.78913,-48.26436,-0.00283,10.89426,1.49079,0.24159,71.7459,-9.101759,3.214949,0.500002,107.64804,-37.535721,-69.703999,,,,,5.32081,4.20534,-25.483985,0.020286,-5.07536,0.46177,1.75542,50,5.84508,-2.98657,-112.57354,-2.60803,-6.52737,20.01317,-31.58018,GEO_PAT,DAY_FLY,SpuhlerFieldMain,D1,A10,20250315-SpuhlerFieldMain-2,5d74f980-01de-11f0-9269-ed641e036766,75.38454,1.95368,,5.81795,,,,3.9211,1.95368,0.0956,b0b8cc55-1461-41bf-b18a-f9f6bd8e04da,2025-03-15,20:45:00.33,2025-03-15T16:45:00.3380000-04:00,2025-03-15T20:45:00.3380000Z,GroundBall,v3,471300,471281,15 March 2025 14:00-dayton@georgemas,"Stang, Bobby",1000138110,Right,DAY_FLY,17335997-748c-40b5-93b0-4248ed82f43f,55.71574,-113.58513,10.00658,5.93657,-1.01177,-15.79009,1.89804,-2.65663,-3.26368,,3.92093,43.47879,,,,,,,,1.95405,-96.30559,,,,,,,,0.09606,-117.56366,,,,,,,,,,,,,,,,,,,,,,,,,,,,,,High,High,High,Low,Low,,,
243,2025-03-15,16:45:23.11,3,2,"Samuels, Carson",1000106990,Left,DAY_FLY,"Quinn-Irons, Jaime",1000216379,Right,GEO_PAT,Undefined,7,Bottom,1,0,1,ChangeUp,Changeup,FoulBallNotFieldable,Undefined,Undefined,Undefined,0,0,,81.28923,0.591998,2.750003,1702.899627,110.577344,9:45,5.91888,-1.92897,5.20425,-38.49742,4.40126,-8.57083,3.26823,-0.05472,75.35432,-6.404081,1.232821,0.471404,72.38256,62.073493,119.770144,4657.954329,,,,,20.54724,,,4.9787,2.38158,1.681,50,5.94435,-5.32299,-118.04954,-0.14318,7.11893,19.67545,-28.76869,GEO_PAT,DAY_FLY,SpuhlerFieldMain,D1,A10,20250315-SpuhlerFieldMain-2,6b0766a0-01de-11f0-9269-ed641e036766,79.95779,38.18459,,5.93491,,,,2.18654,3.19071,0.02399,b0b8cc55-1461-41bf-b18a-f9f6bd8e04da,2025-03-15,20:45:23.11,2025-03-15T16:45:23.1180000-04:00,2025-03-15T20:45:23.1180000Z,,v3,471300,471281,15 March 2025 14:00-dayton@georgemas,"Stang, Bobby",1000138110,Right,DAY_FLY,06b5350f-7349-4b75-9b42-9072a302144c,55.30047,-118.9297,9.83773,5.92197,1.14375,-14.38434,1.92624,-5.64145,3.55947,339.789938,2.19844,-25.05893,-5.70816,,,,,,,3.20527,93.34771,-28.71448,,,,,,,0.02382,43.16459,-2.92421,,,,,,,,,,,,,,,,,,,,,,,,,,,,,High,High,High,High,Undefined,,,
244,2025-03-15,16:45:46.47,3,3,"Samuels, Carson",1000106990,Left,DAY_FLY,"Quinn-Irons, Jaime",1000216379,Right,GEO_PAT,Undefined,7,Bottom,1,0,2,Fastball,Changeup,BallCalled,Undefined,Undefined,Undefined,0,0,,86.17804,-0.565273,0.88648,1988.7198,107.98589,9:30,6.10677,-1.77055,5.20276,-32.59348,5.87985,-14.49493,2.85888,-2.1446,79.20649,-6.515427,-1.684467,0.446428,,,,,,,,,,,,7.49536,3.43603,1.69991,50,6.02981,-1.30006,-125.1378,-2.45004,11.91935,24.57457,-26.70996,GEO_PAT,DAY_FLY,SpuhlerFieldMain,D1,A10,20250315-SpuhlerFieldMain-2,78ee0e40-01de-11f0-9269-ed641e036766,84.4312,,,6.97155,,,,,,,b0b8cc55-1461-41bf-b18a-f9f6bd8e04da,2025-03-15,20:45:46.47,2025-03-15T16:45:46.4700000-04:00,2025-03-15T20:45:46.4700000Z,,v3,471300,471281,15 March 2025 14:00-dayton@georgemas,"Stang, Bobby",1000138110,Right,DAY_FLY,df751a4d-44d9-48e7-bc13-40e8a2366398,55.30042,-126.1744,12.28728,6.10939,-1.32336,-13.35498,1.76535,-1.80284,5.95968,,,,,,,,,,,,,,,,,,,,,,,,,,,,,,,,,,,,,,,,,,,,,,,,,,,High,High,High,,,,,
245,2025-03-15,16:46:07.33,3,4,"Samuels, Carson",1000106990,Left,DAY_FLY,"Quinn-Irons, Jaime",1000216379,Right,GEO_PAT,Undefined,7,Bottom,1,1,2,Slider,Slider,FoulBallNotFieldable,Undefined,Undefined,Undefined,0,0,,77.08023,-0.633753,2.644297,2276.723278,291.960221,3:45,5.97596,-1.86798,4.68061,-50.90652,-1.47768,7.55453,1.13122,1.27459,71.02277,-9.738662,3.970551,0.506013,95.65981,1.673948,-76.722638,3960.283172,,,,48.79584,48.79584,-73.299291,0.364454,-2.995,-0.21016,1.59139,50,5.86496,-5.46342,-111.69117,-3.08203,-3.76883,20.83628,-32.43849,GEO_PAT,DAY_FLY,SpuhlerFieldMain,D1,A10,20250315-SpuhlerFieldMain-2,856a9e90-01de-11f0-9269-ed641e036766,74.48907,1.73101,,6.05745,,,,4.20955,1.56136,-0.90758,b0b8cc55-1461-41bf-b18a-f9f6bd8e04da,2025-03-15,20:46:07.33,2025-03-15T16:46:07.3300000-04:00,2025-03-15T20:46:07.3300000Z,GroundBall,v3,471300,471281,15 March 2025 14:00-dayton@georgemas,"Stang, Bobby",1000138110,Right,DAY_FLY,d6a06c54-ff09-412c-a489-7174d380a404,55.82403,-112.77242,10.41814,5.98122,-1.3987,-16.21925,1.86983,-5.26784,-1.88442,,4.22101,31.78275,-13.49426,,,,,,,1.57353,3.64662,-21.93724,,,,,,,-0.92414,-135.88004,28.03718,,,,,,,,,,,,,,,,,,,,,,,,,,,,,High,High,High,Medium,High,,,
246,2025-03-15,16:46:30.59,3,5,"Samuels, Carson",1000106990,Left,DAY_FLY,"Quinn-Irons, Jaime",1000216379,Right,GEO_PAT,Undefined,7,Bottom,1,1,2,Slider,Curveball,StrikeCalled,Strikeout,Undefined,Undefined,0,0,,77.68998,0.257215,-0.258132,2255.969528,287.18566,3:30,5.92392,-1.89932,4.79132,-51.84853,-3.68925,16.69454,1.84699,-0.75276,71.67362,-9.049979,2.684356,0.499472,,,,,,,,,,,,-8.28497,-1.43949,1.90977,50,5.9042,-0.18688,-112.77608,-1.40362,-10.674,20.43645,-34.02862,GEO_PAT,DAY_FLY,SpuhlerFieldMain,D1,A10,20250315-SpuhlerFieldMain-2,9331d750-01de-11f0-9269-ed641e036766,75.46454,,,6.01636,,,,,,,b0b8cc55-1461-41bf-b18a-f9f6bd8e04da,2025-03-15,20:46:30.59,2025-03-15T16:46:30.5960000-04:00,2025-03-15T20:46:30.5960000Z,,v3,471300,471281,15 March 2025 14:00-dayton@georgemas,"Stang, Bobby",1000138110,Right,DAY_FLY,bd98763d-8c54-4067-92a7-8bdaac15bfdf,55.71335,-113.8067,10.21823,5.93171,0.31247,-17.01431,1.90562,0.35141,-5.337,,,,,,,,,,,,,,,,,,,,,,,,,,,,,,,,,,,,,,,,,,,,,,,,,,,High,High,High,,,,,
247,2025-03-15,16:47:04.92,4,1,"Samuels, Carson",1000106990,Left,DAY_FLY,"Butler, Jake",1000176047,Right,GEO_PAT,Undefined,7,Bottom,2,0,0,Slider,Curveball,BallCalled,Undefined,Undefined,Undefined,0,0,,77.41007,-0.974427,2.940125,2324.799935,305.933085,4:15,5.89775,-1.84795,4.72492,-52.7607,-4.08516,7.62993,0.57508,1.58023,71.86717,-10.372151,4.280928,0.502142,,,,,,,,,,,,-3.02512,-1.51532,1.54349,50,5.7514,-6.06676,-112.23603,-3.82289,-3.86558,19.97718,-34.11036,GEO_PAT,DAY_FLY,SpuhlerFieldMain,D1,A10,20250315-SpuhlerFieldMain-2,a7b6ade0-01de-11f0-9269-ed641e036766,75.06324,,,5.5429,,,,,,,b0b8cc55-1461-41bf-b18a-f9f6bd8e04da,2025-03-15,20:47:04.92,2025-03-15T16:47:04.9250000-04:00,2025-03-15T20:47:04.9250000Z,,v3,471300,471281,15 March 2025 14:00-dayton@georgemas,"Stang, Bobby",1000138110,Right,DAY_FLY,2aab4024-a3f8-46d2-bfe2-5653c3b7022f,55.78142,-113.2604,9.98859,5.90258,-2.0738,-17.05518,1.84949,-5.86855,-1.93279,,,,,,,,,,,,,,,,,,,,,,,,,,,,,,,,,,,,,,,,,,,,,,,,,,,High,High,High,,,,,
248,2025-03-15,16:47:28.01,4,2,"Samuels, Carson",1000106990,Left,DAY_FLY,"Butler, Jake",1000176047,Right,GEO_PAT,Undefined,7,Bottom,2,1,0,Fastball,Changeup,BallCalled,Undefined,Undefined,Undefined,0,0,,85.45026,-0.701945,1.942822,2075.138619,128.283998,10:15,6.0038,-1.77384,5.27209,-27.10974,12.24552,-13.85595,3.08487,-1.1028,77.81302,-5.71739,-0.515317,0.451516,,,,,,,,,,,,7.48122,6.71654,1.60674,50,5.91999,-3.59372,-123.90326,-2.46513,11.57942,25.76046,-21.77821,GEO_PAT,DAY_FLY,SpuhlerFieldMain,D1,A10,20250315-SpuhlerFieldMain-2,b55d6650-01de-11f0-9269-ed641e036766,83.47983,,,7.63724,,,,,,,b0b8cc55-1461-41bf-b18a-f9f6bd8e04da,2025-03-15,20:47:28.01,2025-03-15T16:47:28.0170000-04:00,2025-03-15T20:47:28.0170000Z,,v3,471300,471281,15 March 2025 14:00-dayton@georgemas,"Stang, Bobby",1000138110,Right,DAY_FLY,a9160eff-b188-4fdf-9674-688477daae5d,55.22876,-124.98563,12.88023,6.00435,-1.55008,-10.8891,1.76796,-4.08025,5.78971,,,,,,,,,,,,,,,,,,,,,,,,,,,,,,,,,,,,,,,,,,,,,,,,,,,High,High,High,,,,,
249,2025-03-15,16:47:47.25,4,3,"Samuels, Carson",1000106990,Left,DAY_FLY,"Butler, Jake",1000176047,Right,GEO_PAT,Undefined,7,Bottom,2,2,0,ChangeUp,Changeup,StrikeSwinging,Undefined,Undefined,Undefined,0,0,,81.81583,-2.056289,3.18048,1635.799988,117.511346,10:00,5.83076,-1.89349,5.23169,-35.44081,7.33646,-11.54182,0.9405,0.13761,75.44545,-8.501196,1.134686,0.470737,,,,,,,,,,,,6.70492,4.57315,1.60946,50,5.61432,-6.12412,-118.5903,-5.50138,9.57879,22.00366,-25.64077,GEO_PAT,DAY_FLY,SpuhlerFieldMain,D1,A10,20250315-SpuhlerFieldMain-2,c0f22eb0-01de-11f0-9269-ed641e036766,80.0712,,,6.37039,,,,,,,b0b8cc55-1461-41bf-b18a-f9f6bd8e04da,2025-03-15,20:47:47.25,2025-03-15T16:47:47.2500000-04:00,2025-03-15T20:47:47.2500000Z,,v3,471300,471281,15 March 2025 14:00-dayton@georgemas,"Stang, Bobby",1000138110,Right,DAY_FLY,d7521aa3-3a09-4ddc-81df-33c359ff8e83,55.27264,-119.5646,11.00183,5.83278,-4.36604,-12.82039,1.89001,-6.54826,4.7894,,,,,,,,,,,,,,,,,,,,,,,,,,,,,,,,,,,,,,,,,,,,,,,,,,,High,High,High,,,,,
250,2025-03-15,16:48:08.38,4,4,"Samuels, Carson",1000106990,Left,DAY_FLY,"Butler, Jake",1000176047,Right,GEO_PAT,Undefined,7,Bottom,2,2,1,Fastball,Changeup,InPlay,Undefined,GroundBall,Error,0,0,,85.88669,-1.808775,3.632936,2027.382555,131.445796,10:30,6.02662,-1.73461,5.13316,-25.5858,13.66662,-13.9865,2.187,0.52588,78.29943,-6.52946,1.162888,0.450925,86.95162,1.586131,-13.127321,919.061435,,,,56.29176,54.82919,-13.738545,0.458418,8.04449,7.70847,1.40474,50,5.8371,-7.27741,-124.31382,-4.83779,12.54764,25.67728,-20.15049,GEO_PAT,DAY_FLY,SpuhlerFieldMain,D1,A10,20250315-SpuhlerFieldMain-2,cd8442d0-01de-11f0-9269-ed641e036766,83.58908,2.43458,,7.58726,,,,1.36886,2.2737,-0.54922,b0b8cc55-1461-41bf-b18a-f9f6bd8e04da,2025-03-15,20:48:08.38,2025-03-15T16:48:08.3870000-04:00,2025-03-15T20:48:08.3870000Z,GroundBall,v3,471300,471281,15 March 2025 14:00-dayton@georgemas,"Stang, Bobby",1000138110,Right,DAY_FLY,35455298-61c2-4310-8cd7-b706bc255a52,55.36902,-125.4179,12.83864,6.02649,-3.97135,-10.07524,1.72926,-7.81694,6.27382,35.161031,1.38095,123.79443,-16.46833,,,,,,,2.28285,3.26221,-18.02068,,,,,,,-0.54989,-28.93313,2.11849,,,,,,,,,,,,,,,,,,,,,,,,,,,,,High,High,High,High,High,,,
251,2025-03-15,16:48:50.18,5,1,"Samuels, Carson",1000106990,Left,DAY_FLY,"Raymond, Andrew",10148052,Left,GEO_PAT,Undefined,7,Bottom,2,0,0,Fastball,Changeup,InPlay,Undefined,GroundBall,Out,1,0,,85.84638,-1.483088,2.991102,1991.973823,115.803409,9:45,6.10208,-1.4671,5.0578,-29.29899,9.78264,-17.70997,2.25958,-0.11947,78.83553,-6.835215,-0.137099,0.449943,91.33408,-19.32178,7.395344,,,,,7.60833,7.14761,7.039052,0.052665,9.65142,5.61083,1.1972,50,5.93759,-5.72232,-124.45401,-4.31087,15.18805,24.19285,-23.34452,GEO_PAT,DAY_FLY,SpuhlerFieldMain,D1,A10,20250315-SpuhlerFieldMain-2,e672dc20-01de-11f0-9269-ed641e036766,83.7715,2.33871,,7.01085,,,,0.93629,2.33871,0.07382,b0b8cc55-1461-41bf-b18a-f9f6bd8e04da,2025-03-15,20:48:50.18,2025-03-15T16:48:50.1820000-04:00,2025-03-15T20:48:50.1820000Z,GroundBall,v3,471300,471281,15 March 2025 14:00-dayton@georgemas,"Stang, Bobby",1000138110,Right,DAY_FLY,2ae40ac6-fab2-4ea1-b1fe-44a93bfb842a,55.44594,-125.50819,12.09642,6.10327,-3.29365,-11.67226,1.46097,-6.38412,7.59403,,0.93427,125.59836,,,,,,,,2.33943,-44.40692,,,,,,,,0.07355,16.302,,,,,,,,,,,,,,,,,,,,,,,,,,,,,,High,High,High,Low,Low,,,
252,2025-03-15,16:51:48.45,1,1,"Egan, Cole",10103738,Left,GEO_PAT,"Dobie, Mason",692154,Left,DAY_FLY,Undefined,8,Top,0,0,0,Slider,Slider,BallCalled,Undefined,Undefined,Undefined,0,0,,78.9977,1.12778,2.08282,2462.522712,270.810275,3:00,5.60703,-1.98211,5.5101,-44.37939,1.14256,17.98611,2.96429,1.46545,72.55943,-6.982083,5.28228,0.485604,,,,,,,,,,,,-8.4489,0.71547,1.78809,50,5.67588,-4.88108,-114.64425,0.7686,-11.21827,21.65783,-31.22408,GEO_PAT,DAY_FLY,SpuhlerFieldMain,D1,A10,20250315-SpuhlerFieldMain-2,50a1c840-01df-11f0-9269-ed641e036766,77.61977,,,6.43828,,,,,,,b0b8cc55-1461-41bf-b18a-f9f6bd8e04da,2025-03-15,20:51:48.45,2025-03-15T16:51:48.4560000-04:00,2025-03-15T20:51:48.4560000Z,,v3,471300,471281,15 March 2025 14:00-dayton@georgemas,"Raymond, Andrew",10148052,Right,GEO_PAT,b7f47c6d-8a3b-4113-962e-90e76f0eae4b,54.99286,-115.58362,10.82892,5.61318,2.12288,-15.61204,1.98925,-4.39451,-5.60913,,,,,,,,,,,,,,,,,,,,,,,,,,,,,,,,,,,,,,,,,,,,,,,,,,,High,High,High,,,,,
253,2025-03-15,16:52:05.73,1,2,"Egan, Cole",10103738,Left,GEO_PAT,"Dobie, Mason",692154,Left,DAY_FLY,Undefined,8,Top,0,1,0,Fastball,Four-Seam,HitByPitch,Undefined,Undefined,Undefined,0,0,,90.25965,-0.194084,0.25509,2125.597488,142.840893,10:45,6.05998,-1.65331,6.20209,-18.54229,15.41753,-10.85524,4.33562,-2.32243,82.19737,-3.729148,-1.704508,0.419425,,,,,,,,,,,,5.5765,8.32934,1.6386,50,6.03573,-0.10796,-131.1104,-0.97106,9.68126,28.40036,-17.71362,GEO_PAT,DAY_FLY,SpuhlerFieldMain,D1,A10,20250315-SpuhlerFieldMain-2,5ae4e350-01df-11f0-9269-ed641e036766,89.867,,,8.06228,,,,,,,b0b8cc55-1461-41bf-b18a-f9f6bd8e04da,2025-03-15,20:52:05.73,2025-03-15T16:52:05.7300000-04:00,2025-03-15T20:52:05.7300000Z,,v3,471300,471281,15 March 2025 14:00-dayton@georgemas,"Raymond, Andrew",10148052,Right,GEO_PAT,1c8a7ace-63ec-49f7-bb3f-bc139f4ab33a,54.29538,-132.03757,14.20018,6.05799,-0.39278,-8.85681,1.64728,-0.42402,4.84063,,,,,,,,,,,,,,,,,,,,,,,,,,,,,,,,,,,,,,,,,,,,,,,,,,,High,High,High,,,,,
254,2025-03-15,16:52:38.20,2,1,"Egan, Cole",10103738,Left,GEO_PAT,"Zorn, Adin",10148886,Right,DAY_FLY,Undefined,8,Top,0,0,0,Fastball,Four-Seam,BallCalled,Undefined,Undefined,Undefined,0,0,,90.27402,-1.998264,3.86136,2254.129476,151.421524,11:00,6.02201,-1.49609,6.58139,-17.69158,15.52926,-7.9313,2.71138,1.38729,83.26594,-5.363699,2.42411,0.414836,,,,,,,,,,,,5.15961,8.98319,1.23407,50,5.87688,-8.54547,-131.05797,-5.06059,9.05507,25.35568,-16.4086,GEO_PAT,DAY_FLY,SpuhlerFieldMain,D1,A10,20250315-SpuhlerFieldMain-2,6e547950-01df-11f0-9269-ed641e036766,90.861,,,7.00808,,,,,,,b0b8cc55-1461-41bf-b18a-f9f6bd8e04da,2025-03-15,20:52:38.20,2025-03-15T16:52:38.2020000-04:00,2025-03-15T20:52:38.2020000Z,,v3,471300,471281,15 March 2025 14:00-dayton@georgemas,"Raymond, Andrew",10148052,Right,GEO_PAT,cbd95225-8004-48d9-93a7-566c1f13d8c3,53.92208,-131.81459,12.67784,6.02059,-4.57095,-8.2043,1.4931,-8.81568,4.52754,,,,,,,,,,,,,,,,,,,,,,,,,,,,,,,,,,,,,,,,,,,,,,,,,,,High,High,High,,,,,
255,2025-03-15,16:52:52.06,2,2,"Egan, Cole",10103738,Left,GEO_PAT,"Zorn, Adin",10148886,Right,DAY_FLY,Undefined,8,Top,0,1,0,Fastball,Four-Seam,StrikeCalled,Undefined,Undefined,Undefined,0,0,,90.71112,-3.26413,2.774676,2223.459123,148.038565,11:00,5.97983,-1.57312,6.22732,-16.12147,17.53277,-10.25808,1.61781,0.13419,82.98424,-6.338522,0.924174,0.417533,,,,,,,,,,,,6.11307,10.34682,1.3706,50,5.72717,-5.95848,-131.52452,-7.95679,10.70234,28.03518,-14.05955,GEO_PAT,DAY_FLY,SpuhlerFieldMain,D1,A10,20250315-SpuhlerFieldMain-2,769ab2f0-01df-11f0-9269-ed641e036766,90.27406,,,7.72688,,,,,,,b0b8cc55-1461-41bf-b18a-f9f6bd8e04da,2025-03-15,20:52:52.06,2025-03-15T16:52:52.0690000-04:00,2025-03-15T20:52:52.0690000Z,,v3,471300,471281,15 March 2025 14:00-dayton@georgemas,"Raymond, Andrew",10148052,Right,GEO_PAT,1c163cf7-b67b-4461-a901-b6a355972085,54.27517,-132.43266,14.01759,5.97754,-7.50136,-7.02978,1.56923,-6.30516,5.35117,,,,,,,,,,,,,,,,,,,,,,,,,,,,,,,,,,,,,,,,,,,,,,,,,,,High,High,High,,,,,
256,2025-03-15,16:53:06.99,2,3,"Egan, Cole",10103738,Left,GEO_PAT,"Zorn, Adin",10148886,Right,DAY_FLY,Undefined,8,Top,0,1,1,Fastball,Four-Seam,FoulBallNotFieldable,Undefined,Undefined,Undefined,0,0,,90.38556,-2.841317,2.247839,2209.205297,150.776164,11:00,6.11637,-1.43061,6.25561,-16.19548,17.38068,-9.15823,2.14233,-0.11979,83.244,-5.919451,0.594008,0.417049,80.91714,42.34666,69.626776,4181.178567,24.16188,71.83388,107.31344,247.12652,103.42817,85.995282,4.219398,5.35713,10.08878,1.26806,50,5.89692,-4.78678,-131.24895,-6.97161,9.40809,26.0134,-14.45624,GEO_PAT,DAY_FLY,SpuhlerFieldMain,D1,A10,20250315-SpuhlerFieldMain-2,7f812430-01df-11f0-9269-ed641e036766,90.37899,76.26024,,7.14156,,,,1.46627,1.96845,-0.05787,b0b8cc55-1461-41bf-b18a-f9f6bd8e04da,2025-03-15,20:53:06.99,2025-03-15T16:53:06.9920000-04:00,2025-03-15T20:53:06.9920000Z,FlyBall,v3,471300,471281,15 March 2025 14:00-dayton@georgemas,"Raymond, Andrew",10148052,Right,GEO_PAT,0a7a79a5-c8ad-4c36-bc9d-13ca0baeb0ec,54.24767,-132.08815,13.0067,6.11431,-6.50525,-7.22812,1.42738,-5.09029,4.70404,,1.45877,30.72718,-16.00518,6.33704,-3.03405,1.33353,-0.38907,0.06092,-0.0038,1.9682,79.94052,-25.39897,2.60054,-0.20174,-0.15533,0.08187,-0.0169,0.00129,-0.05655,82.18888,-7.87343,0.47486,0.42081,-0.29321,0.0965,-0.017,0.00123,,,,,,,,,,,,,,,,,,,,,,,High,High,High,Medium,Low,,,
257,2025-03-15,16:53:26.29,2,4,"Egan, Cole",10103738,Left,GEO_PAT,"Zorn, Adin",10148886,Right,DAY_FLY,Undefined,8,Top,0,1,2,Slider,Slider,BallCalled,Undefined,Undefined,Undefined,0,0,,78.86286,-0.681226,2.949502,2443.524901,282.808435,3:30,5.89085,-1.55574,5.80696,-45.67703,-0.88071,9.39666,1.45001,1.97284,73.37853,-9.000202,4.631884,0.481718,,,,,,,,,,,,-4.13402,-0.04307,1.3074,50,5.80679,-6.23421,-114.57995,-2.80244,-5.52946,19.95697,-32.23167,GEO_PAT,DAY_FLY,SpuhlerFieldMain,D1,A10,20250315-SpuhlerFieldMain-2,8b021670-01df-11f0-9269-ed641e036766,78.24592,,,5.48433,,,,,,,b0b8cc55-1461-41bf-b18a-f9f6bd8e04da,2025-03-15,20:53:26.29,2025-03-15T16:53:26.2950000-04:00,2025-03-15T20:53:26.2950000Z,,v3,471300,471281,15 March 2025 14:00-dayton@georgemas,"Raymond, Andrew",10148052,Right,GEO_PAT,d2d77662-bcf6-479d-b1e2-dad39266bc54,54.69953,-115.39558,9.97848,5.89441,-1.48514,-16.11584,1.55757,-6.00822,-2.76473,,,,,,,,,,,,,,,,,,,,,,,,,,,,,,,,,,,,,,,,,,,,,,,,,,,High,High,High,,,,,
258,2025-03-15,16:53:44.70,2,5,"Egan, Cole",10103738,Left,GEO_PAT,"Zorn, Adin",10148886,Right,DAY_FLY,Undefined,8,Top,0,2,2,Fastball,Four-Seam,FoulBallNotFieldable,Undefined,Undefined,Undefined,0,0,,92.09623,-2.950984,3.220353,2285.378545,162.975728,11:30,6.06142,-1.478,6.52597,-13.33548,19.08253,-5.50985,2.236,1.02054,83.85108,-5.543581,2.222101,0.409793,,,,,,,,,,,,3.84992,11.22064,1.25612,50,5.84973,-7.29592,-133.52729,-7.21214,6.91321,30.20229,-12.02544,GEO_PAT,DAY_FLY,SpuhlerFieldMain,D1,A10,20250315-SpuhlerFieldMain-2,95f26170-01df-11f0-9269-ed641e036766,91.97923,,,8.24515,,,,,,,b0b8cc55-1461-41bf-b18a-f9f6bd8e04da,2025-03-15,20:53:44.70,2025-03-15T16:53:44.7090000-04:00,2025-03-15T20:53:44.7090000Z,,v3,471300,471281,15 March 2025 14:00-dayton@georgemas,"Raymond, Andrew",10148052,Right,GEO_PAT,a6d70e28-bd34-4ae1-8503-bdd0ddf82e60,53.97621,-134.42366,15.10114,6.05848,-6.85524,-6.01272,1.4757,-7.50109,3.4566,,,,,,,,,,,,,,,,,,,,,,,,,,,,,,,,,,,,,,,,,,,,,,,,,,,High,High,High,,,,,
259,2025-03-15,16:54:03.29,2,6,"Egan, Cole",10103738,Left,GEO_PAT,"Zorn, Adin",10148886,Right,DAY_FLY,Undefined,8,Top,0,2,2,Fastball,Four-Seam,BallCalled,Undefined,Undefined,Undefined,0,0,,90.80184,-2.790783,1.059822,2209.482395,145.695251,10:45,6.12936,-1.41675,6.12635,-16.60359,16.59706,-10.68859,2.16331,-1.3276,84.14912,-5.919773,-0.867565,0.41471,,,,,,,,,,,,5.78847,9.55441,1.34114,50,5.90678,-2.00485,-131.9847,-6.92542,10.34601,24.60032,-15.09697,GEO_PAT,DAY_FLY,SpuhlerFieldMain,D1,A10,20250315-SpuhlerFieldMain-2,a1113680-01df-11f0-9269-ed641e036766,90.88862,,,6.65272,,,,,,,b0b8cc55-1461-41bf-b18a-f9f6bd8e04da,2025-03-15,20:54:03.29,2025-03-15T16:54:03.2910000-04:00,2025-03-15T20:54:03.2910000Z,,v3,471300,471281,15 March 2025 14:00-dayton@georgemas,"Raymond, Andrew",10148052,Right,GEO_PAT,2819990b-4bfc-480d-b1b2-5fdfbf7c9d5e,54.37722,-132.79805,12.30016,6.1275,-6.42627,-7.54848,1.41308,-2.34691,5.17301,,,,,,,,,,,,,,,,,,,,,,,,,,,,,,,,,,,,,,,,,,,,,,,,,,,High,High,High,,,,,
260,2025-03-15,16:54:19.77,2,7,"Egan, Cole",10103738,Left,GEO_PAT,"Zorn, Adin",10148886,Right,DAY_FLY,Undefined,8,Top,0,3,2,Fastball,Four-Seam,StrikeSwinging,Strikeout,Undefined,Undefined,0,0,,91.10944,-1.21046,2.969823,2311.708341,155.299801,11:15,5.95942,-1.47277,6.46427,-15.12776,17.36115,-7.58079,3.58524,0.62588,84.42457,-4.09831,1.597286,0.410241,,,,,,,,,,,,4.66788,9.66095,1.26607,50,5.86669,-6.57752,-132.48651,-3.20532,8.4262,24.16253,-14.73459,GEO_PAT,DAY_FLY,SpuhlerFieldMain,D1,A10,20250315-SpuhlerFieldMain-2,aae27cf0-01df-11f0-9269-ed641e036766,91.87879,,,6.68486,,,,,,,b0b8cc55-1461-41bf-b18a-f9f6bd8e04da,2025-03-15,20:54:19.77,2025-03-15T16:54:19.7740000-04:00,2025-03-15T20:54:19.7740000Z,,v3,471300,471281,15 March 2025 14:00-dayton@georgemas,"Raymond, Andrew",10148052,Right,GEO_PAT,710365d6-65f8-4754-884a-6a51d21a815c,54.03938,-133.22116,12.08126,5.95733,-2.75732,-7.3673,1.46995,-6.83371,4.2131,,,,,,,,,,,,,,,,,,,,,,,,,,,,,,,,,,,,,,,,,,,,,,,,,,,High,High,High,,,,,
261,2025-03-15,16:54:46.28,3,1,"Egan, Cole",10103738,Left,GEO_PAT,"Cazorla, Alejandro",1000268561,Right,DAY_FLY,Undefined,8,Top,1,0,0,Fastball,Four-Seam,InPlay,Undefined,LineDrive,Double,0,0,,91.33889,-2.162801,2.221466,2214.479442,145.274729,10:45,6.02958,-1.48543,6.32002,-17.05426,15.57706,-10.15064,2.61386,-0.28417,84.41999,-5.392113,0.386028,0.411139,93.0385,18.375085,28.218595,3530.126099,90.81748,28.71338,62.06489,262.71425,260.62515,42.973344,2.899918,5.86823,8.95544,1.32772,50,5.86289,-4.74987,-132.7763,-5.51237,10.58978,25.53233,-16.01314,GEO_PAT,DAY_FLY,SpuhlerFieldMain,D1,A10,20250315-SpuhlerFieldMain-2,baa844d0-01df-11f0-9269-ed641e036766,91.67809,30.82765,,6.9189,,,,0.64426,2.55817,0.24767,b0b8cc55-1461-41bf-b18a-f9f6bd8e04da,2025-03-15,20:54:46.28,2025-03-15T16:54:46.2850000-04:00,2025-03-15T20:54:46.2850000Z,LineDrive,v3,471300,471281,15 March 2025 14:00-dayton@georgemas,"Raymond, Andrew",10148052,Right,GEO_PAT,390b09b0-c971-4ee2-9e1c-6c36a673f1f0,54.18414,-133.57847,12.76617,6.02817,-5.00927,-8.00657,1.48218,-5.08258,5.29489,244.409118,0.64428,114.10673,-27.84105,6.57656,-1.44399,0.26305,-0.03907,0.00386,-0.00016,2.55815,43.01673,-17.51368,0.86064,0.03349,-0.03603,0.00874,-0.00064,-2E-05,0.24766,61.23252,4.00767,-3.03134,1.10228,-0.29865,0.06047,-0.00788,0.00048,,,,,,,,,,,,,,,,,,,,,,,High,High,High,High,High,,,
262,2025-03-15,16:55:25.20,4,1,"Egan, Cole",10103738,Left,GEO_PAT,"Wouters, Dyrenson",821727,Right,DAY_FLY,Undefined,8,Top,1,0,0,Slider,Slider,HitByPitch,Undefined,Undefined,Undefined,0,0,,78.6823,1.257022,2.55945,2403.732847,274.578223,3:15,6.04115,-1.52501,5.35083,-45.46719,0.19319,13.11965,3.43265,1.97061,73.04989,-6.992913,4.885451,0.486341,,,,,,,,,,,,-6.06071,0.04354,1.2843,50,6.12124,-5.60337,-114.28595,0.97735,-8.09134,19.20411,-32.11594,GEO_PAT,DAY_FLY,SpuhlerFieldMain,D1,A10,20250315-SpuhlerFieldMain-2,d1e44c20-01df-11f0-9269-ed641e036766,77.50203,,,5.6324,,,,,,,b0b8cc55-1461-41bf-b18a-f9f6bd8e04da,2025-03-15,20:55:25.20,2025-03-15T16:55:25.2070000-04:00,2025-03-15T20:55:25.2070000Z,,v3,471300,471281,15 March 2025 14:00-dayton@georgemas,"Raymond, Andrew",10148052,Right,GEO_PAT,0977905b-d883-430c-ae53-a23889ea62c6,55.1555,-115.149,9.60205,6.04489,2.42066,-16.05797,1.52795,-5.23974,-4.04567,,,,,,,,,,,,,,,,,,,,,,,,,,,,,,,,,,,,,,,,,,,,,,,,,,,High,High,High,,,,,
263,2025-03-15,16:57:04.20,5,1,"Egan, Cole",10103738,Left,GEO_PAT,"Sardinas, Alejandro",1000180208,Right,DAY_FLY,Undefined,8,Top,1,0,0,Fastball,Sinker,BallCalled,Undefined,Undefined,Undefined,0,0,,90.3789,-2.201609,1.414866,2247.450398,136.007612,10:30,6.01769,-1.63581,5.94785,-20.43348,13.36977,-11.97351,2.27114,-1.32096,83.579,-6.015197,-0.737211,0.418457,,,,,,,,,,,,6.50319,7.71748,1.52986,50,5.83064,-2.74283,-131.34978,-5.71147,11.48334,25.02055,-18.54651,GEO_PAT,DAY_FLY,SpuhlerFieldMain,D1,A10,20250315-SpuhlerFieldMain-2,0cc87050-01e0-11f0-9269-ed641e036766,90.0749,,,6.7999,,,,,,,b0b8cc55-1461-41bf-b18a-f9f6bd8e04da,2025-03-15,20:57:04.20,2025-03-15T16:57:04.2060000-04:00,2025-03-15T20:57:04.2060000Z,,v3,471300,471281,15 March 2025 14:00-dayton@georgemas,"Raymond, Andrew",10148052,Right,GEO_PAT,fdfde75b-fcb6-4d93-973d-9ac0b06c4dfb,54.55547,-132.2147,12.51028,6.01699,-5.07035,-9.27325,1.63154,-3.13978,5.74167,,,,,,,,,,,,,,,,,,,,,,,,,,,,,,,,,,,,,,,,,,,,,,,,,,,High,High,High,,,,,
264,2025-03-15,16:57:18.77,5,2,"Egan, Cole",10103738,Left,GEO_PAT,"Sardinas, Alejandro",1000180208,Right,DAY_FLY,Undefined,8,Top,1,1,0,Fastball,Four-Seam,StrikeCalled,Undefined,Undefined,Undefined,0,0,,90.19606,-2.613802,1.896371,2272.677149,150.16211,11:00,6.03957,-1.57677,6.23823,-17.11757,16.63143,-8.95363,2.19889,-0.57287,83.00166,-5.860217,0.279375,0.418121,,,,,,,,,,,,5.13689,9.62922,1.43959,50,5.83576,-3.97439,-130.99694,-6.46896,8.97955,26.12034,-15.34166,GEO_PAT,DAY_FLY,SpuhlerFieldMain,D1,A10,20250315-SpuhlerFieldMain-2,1577f310-01e0-11f0-9269-ed641e036766,90.14726,,,7.1944,,,,,,,b0b8cc55-1461-41bf-b18a-f9f6bd8e04da,2025-03-15,20:57:18.77,2025-03-15T16:57:18.7740000-04:00,2025-03-15T20:57:18.7740000Z,,v3,471300,471281,15 March 2025 14:00-dayton@georgemas,"Raymond, Andrew",10148052,Right,GEO_PAT,17cc6644-5981-450a-bb3b-7ea4b1da326f,54.26411,-131.84445,13.06017,6.03758,-5.97118,-7.67083,1.57326,-4.26574,4.48977,,,,,,,,,,,,,,,,,,,,,,,,,,,,,,,,,,,,,,,,,,,,,,,,,,,High,High,High,,,,,
265,2025-03-15,16:57:34.60,5,3,"Egan, Cole",10103738,Left,GEO_PAT,"Sardinas, Alejandro",1000180208,Right,DAY_FLY,Undefined,8,Top,1,1,1,Fastball,Four-Seam,StrikeSwinging,Undefined,Undefined,Undefined,0,0,,90.54034,-2.74204,1.625229,2260.823726,145.655676,10:45,6.0646,-1.43285,6.16794,-19.04434,14.46209,-9.20737,1.94173,-0.69847,83.56754,-6.320793,-0.03623,0.416616,,,,,,,,,,,,5.18465,8.49756,1.31426,50,5.84666,-3.35672,-131.52413,-6.87996,9.15705,25.72906,-17.16576,GEO_PAT,DAY_FLY,SpuhlerFieldMain,D1,A10,20250315-SpuhlerFieldMain-2,1f0308c0-01e0-11f0-9269-ed641e036766,90.47293,,,6.9728,,,,,,,b0b8cc55-1461-41bf-b18a-f9f6bd8e04da,2025-03-15,20:57:34.60,2025-03-15T16:57:34.6070000-04:00,2025-03-15T20:57:34.6070000Z,,v3,471300,471281,15 March 2025 14:00-dayton@georgemas,"Raymond, Andrew",10148052,Right,GEO_PAT,eb31cea4-6177-43ff-88a6-0c5fb12247d3,54.33498,-132.36943,12.86453,6.06343,-6.316,-8.58288,1.42948,-3.65756,4.57853,,,,,,,,,,,,,,,,,,,,,,,,,,,,,,,,,,,,,,,,,,,,,,,,,,,High,High,High,,,,,
266,2025-03-15,16:57:51.28,5,4,"Egan, Cole",10103738,Left,GEO_PAT,"Sardinas, Alejandro",1000180208,Right,DAY_FLY,Undefined,8,Top,1,1,2,Fastball,Four-Seam,FoulBallNotFieldable,Undefined,Undefined,Undefined,0,0,,91.89433,-2.303024,1.977159,2343.877285,154.894688,11:15,6.09324,-1.42062,6.31566,-16.46556,15.72702,-6.94634,2.59728,-0.17751,85.07582,-5.419515,0.721058,0.408366,76.94083,46.95769,94.407019,4545.124887,,,,,73.15627,,,4.12378,9.05445,1.27915,50,5.91639,-4.33783,-133.60664,-5.85526,7.54713,25.41702,-15.60304,GEO_PAT,DAY_FLY,SpuhlerFieldMain,D1,A10,20250315-SpuhlerFieldMain-2,28ef2a30-01e0-11f0-9269-ed641e036766,92.30068,63.24019,,6.81851,,,,2.03313,2.65555,0.18535,b0b8cc55-1461-41bf-b18a-f9f6bd8e04da,2025-03-15,20:57:51.28,2025-03-15T16:57:51.2820000-04:00,2025-03-15T20:57:51.2820000Z,,v3,471300,471281,15 March 2025 14:00-dayton@georgemas,"Raymond, Andrew",10148052,Right,GEO_PAT,f90efc12-75a4-428c-af1a-7adcdd624fe1,54.1886,-134.40111,12.70851,6.09178,-5.36755,-7.80152,1.41843,-4.57374,3.77356,,2.03313,-5.91846,-5.31566,-0.58321,0.21227,-0.0876,0.02047,-0.0036,0.00052,2.65555,82.47375,-26.30765,3.42203,-0.70807,0.15162,-0.02339,0.00406,-0.00057,0.18535,76.79423,-7.78445,0.67252,-0.10198,-0.00802,0.00564,-0.00106,0.00019,,,,,,,,,,,,,,,,,,,,,,,High,High,High,Low,Undefined,,,
267,2025-03-15,16:58:09.26,5,5,"Egan, Cole",10103738,Left,GEO_PAT,"Sardinas, Alejandro",1000180208,Right,DAY_FLY,Undefined,8,Top,1,1,2,Fastball,Four-Seam,BallCalled,Undefined,Undefined,Undefined,0,0,,91.58704,-0.554465,-0.13204,2198.091804,163.766339,11:30,6.09415,-1.37981,6.035,-14.52217,18.55434,-5.10114,4.37049,-1.92718,83.6483,-3.344814,-1.049931,0.413934,,,,,,,,,,,,2.57555,9.99934,1.39278,50,6.0428,0.52695,-133.08576,-1.685,4.62136,28.43869,-14.232,GEO_PAT,DAY_FLY,SpuhlerFieldMain,D1,A10,20250315-SpuhlerFieldMain-2,338d0f70-01e0-11f0-9269-ed641e036766,91.05901,,,7.93874,,,,,,,b0b8cc55-1461-41bf-b18a-f9f6bd8e04da,2025-03-15,20:58:09.26,2025-03-15T16:58:09.2660000-04:00,2025-03-15T20:58:09.2660000Z,,v3,471300,471281,15 March 2025 14:00-dayton@georgemas,"Raymond, Andrew",10148052,Right,GEO_PAT,757338a6-68d4-4719-aef5-bb56504ebea1,54.46557,-134.0366,14.21934,6.09118,-1.20916,-7.116,1.37774,0.37244,2.31068,,,,,,,,,,,,,,,,,,,,,,,,,,,,,,,,,,,,,,,,,,,,,,,,,,,High,High,High,,,,,
268,2025-03-15,16:58:27.56,5,6,"Egan, Cole",10103738,Left,GEO_PAT,"Sardinas, Alejandro",1000180208,Right,DAY_FLY,Undefined,8,Top,1,2,2,Fastball,Four-Seam,BallCalled,Undefined,Undefined,Undefined,0,0,,90.68094,-3.367069,1.94217,2243.591285,146.593538,11:00,6.01137,-1.49874,6.40787,-18.83316,14.58977,-8.91237,1.34045,-0.45486,83.0663,-6.933239,0.326817,0.416096,,,,,,,,,,,,5.21634,8.90201,1.36356,50,5.76113,-4.11043,-131.5774,-8.28341,9.1344,28.21082,-16.58568,GEO_PAT,DAY_FLY,SpuhlerFieldMain,D1,A10,20250315-SpuhlerFieldMain-2,3e930550-01e0-11f0-9269-ed641e036766,90.58589,,,7.61464,,,,,,,b0b8cc55-1461-41bf-b18a-f9f6bd8e04da,2025-03-15,20:58:27.56,2025-03-15T16:58:27.5650000-04:00,2025-03-15T20:58:27.5650000Z,,v3,471300,471281,15 March 2025 14:00-dayton@georgemas,"Raymond, Andrew",10148052,Right,GEO_PAT,0784c3ba-4072-4b19-8224-c169a9ce1361,54.09459,-132.45239,14.10541,6.01007,-7.76899,-8.29284,1.49545,-4.39374,4.5672,,,,,,,,,,,,,,,,,,,,,,,,,,,,,,,,,,,,,,,,,,,,,,,,,,,High,High,High,,,,,
269,2025-03-15,16:58:44.44,5,7,"Egan, Cole",10103738,Left,GEO_PAT,"Sardinas, Alejandro",1000180208,Right,DAY_FLY,Undefined,8,Top,1,3,2,Fastball,Four-Seam,BallCalled,Walk,Undefined,Undefined,0,1,,91.44693,-2.252768,2.964745,2226.427398,169.911059,11:45,6.07417,-1.39595,6.2044,-16.0445,16.98863,-2.83914,2.65378,1.10661,83.80153,-5.308683,2.453292,0.413663,,,,,,,,,,,,2.28551,9.74501,1.17437,50,5.89639,-6.75611,-132.69255,-5.68138,4.08222,27.91553,-14.76816,GEO_PAT,DAY_FLY,SpuhlerFieldMain,D1,A10,20250315-SpuhlerFieldMain-2,488fefa0-01e0-11f0-9269-ed641e036766,91.11877,,,7.6454,,,,,,,b0b8cc55-1461-41bf-b18a-f9f6bd8e04da,2025-03-15,20:58:44.44,2025-03-15T16:58:44.4420000-04:00,2025-03-15T20:58:44.4420000Z,,v3,471300,471281,15 March 2025 14:00-dayton@georgemas,"Raymond, Andrew",10148052,Right,GEO_PAT,c0ddf3c6-5e7f-4a77-a8d2-5dec8266fdf2,54.29791,-133.59367,13.95777,6.0721,-5.20466,-7.38408,1.39459,-6.88788,2.04111,,,,,,,,,,,,,,,,,,,,,,,,,,,,,,,,,,,,,,,,,,,,,,,,,,,High,High,High,,,,,
270,2025-03-15,16:59:16.33,6,1,"Egan, Cole",10103738,Left,GEO_PAT,"Heberlie, Aiden",809345,Right,DAY_FLY,Undefined,8,Top,1,0,0,Slider,Curveball,StrikeCalled,Undefined,Undefined,Undefined,0,0,,75.30344,1.368537,1.738499,2345.176832,319.385972,4:45,5.84215,-1.67448,5.16468,-57.78641,-7.60796,7.71402,2.31556,0.60519,70.05915,-9.03909,3.10554,0.509836,,,,,,,,,,,,-3.43473,-3.78654,1.50599,50,5.92485,-3.61326,-109.41539,0.64624,-4.20078,17.69947,-36.80511,GEO_PAT,DAY_FLY,SpuhlerFieldMain,D1,A10,20250315-SpuhlerFieldMain-2,5baf90e0-01e0-11f0-9269-ed641e036766,73.93059,,,5.2443,,,,,,,b0b8cc55-1461-41bf-b18a-f9f6bd8e04da,2025-03-15,20:59:16.33,2025-03-15T16:59:16.3330000-04:00,2025-03-15T20:59:16.3330000Z,,v3,471300,471281,15 March 2025 14:00-dayton@georgemas,"Raymond, Andrew",10148052,Right,GEO_PAT,b32daed4-ef5c-4436-ac85-614b3dce48cb,55.342,-110.27615,8.84973,5.8499,2.43614,-18.40256,1.67675,-3.40897,-2.10039,,,,,,,,,,,,,,,,,,,,,,,,,,,,,,,,,,,,,,,,,,,,,,,,,,,High,High,High,,,,,
271,2025-03-15,16:59:30.91,6,2,"Egan, Cole",10103738,Left,GEO_PAT,"Heberlie, Aiden",809345,Right,DAY_FLY,Undefined,8,Top,1,0,1,Slider,Curveball,StrikeCalled,Undefined,Undefined,Undefined,0,0,,75.60296,1.19502,1.422181,2326.0726,331.923835,5:00,6.06452,-1.53969,5.21061,-60.57236,-10.75024,6.49118,2.14117,0.33897,70.22764,-9.713567,2.57475,0.508022,,,,,,,,,,,,-2.88977,-5.328,1.40297,50,6.12866,-2.97399,-109.86246,0.2199,-3.55066,18.49299,-38.72054,GEO_PAT,DAY_FLY,SpuhlerFieldMain,D1,A10,20250315-SpuhlerFieldMain-2,6467ed40-01e0-11f0-9269-ed641e036766,74.1945,,,5.37532,,,,,,,b0b8cc55-1461-41bf-b18a-f9f6bd8e04da,2025-03-15,20:59:30.91,2025-03-15T16:59:30.9180000-04:00,2025-03-15T20:59:30.9180000Z,,v3,471300,471281,15 March 2025 14:00-dayton@georgemas,"Raymond, Andrew",10148052,Right,GEO_PAT,7e08740f-91f5-45da-a716-d3766cb3b619,55.2965,-110.75042,9.2465,6.07346,2.07912,-19.36027,1.54168,-2.8035,-1.77533,,,,,,,,,,,,,,,,,,,,,,,,,,,,,,,,,,,,,,,,,,,,,,,,,,,High,High,High,,,,,
272,2025-03-15,16:59:45.94,6,3,"Egan, Cole",10103738,Left,GEO_PAT,"Heberlie, Aiden",809345,Right,DAY_FLY,Undefined,8,Top,1,0,2,Slider,Curveball,BallCalled,Undefined,Undefined,Undefined,0,0,,74.02069,1.582502,-0.397605,2314.513683,333.070362,5:00,6.04499,-1.38871,5.98296,-61.76858,-11.41997,6.51374,2.36492,-1.21446,68.87502,-9.704815,0.776587,0.510699,,,,,,,,,,,,-3.44921,-5.82237,1.41656,50,6.1359,0.52373,-107.72426,1.10543,-4.0812,17.49805,-39.06323,GEO_PAT,DAY_FLY,SpuhlerFieldMain,D1,A10,20250315-SpuhlerFieldMain-2,6d40f100-01e0-11f0-9269-ed641e036766,73.80554,,,5.14567,,,,,,,b0b8cc55-1461-41bf-b18a-f9f6bd8e04da,2025-03-15,20:59:45.94,2025-03-15T16:59:45.9450000-04:00,2025-03-15T20:59:45.9450000Z,,v3,471300,471281,15 March 2025 14:00-dayton@georgemas,"Raymond, Andrew",10148052,Right,GEO_PAT,91fc4b40-0012-4fa8-86b5-8514a45b0d82,54.52451,-108.4567,8.74903,6.0554,2.74056,-19.53161,1.39106,0.69457,-2.0406,,,,,,,,,,,,,,,,,,,,,,,,,,,,,,,,,,,,,,,,,,,,,,,,,,,High,High,High,,,,,
273,2025-03-15,17:00:01.76,6,4,"Egan, Cole",10103738,Left,GEO_PAT,"Heberlie, Aiden",809345,Right,DAY_FLY,Undefined,8,Top,1,1,2,Fastball,Four-Seam,StrikeCalled,Strikeout,Undefined,Undefined,0,0,,92.39172,-3.160528,2.78606,2329.594402,155.761065,11:15,6.10905,-1.31665,6.56866,-16.23351,15.65521,-6.60426,1.85254,0.68907,84.87881,-6.257004,1.587169,0.406434,,,,,,,,,,,,4.2413,9.39867,1.12753,50,5.88406,-6.26987,-134.09573,-7.85321,7.74655,28.15682,-15.00774,GEO_PAT,DAY_FLY,SpuhlerFieldMain,D1,A10,20250315-SpuhlerFieldMain-2,76b48710-01e0-11f0-9269-ed641e036766,92.7394,,,7.51292,,,,,,,b0b8cc55-1461-41bf-b18a-f9f6bd8e04da,2025-03-15,21:00:01.76,2025-03-15T17:00:01.7610000-04:00,2025-03-15T21:00:01.7610000Z,,v3,471300,471281,15 March 2025 14:00-dayton@georgemas,"Raymond, Andrew",10148052,Right,GEO_PAT,a2647cfa-7ae8-4e98-a005-6f4b969d6eeb,53.93463,-134.91937,14.07841,6.10736,-7.4142,-7.50387,1.31425,-6.49647,3.87328,,,,,,,,,,,,,,,,,,,,,,,,,,,,,,,,,,,,,,,,,,,,,,,,,,,High,High,High,,,,,
274,2025-03-15,17:00:30.37,7,1,"Egan, Cole",10103738,Left,GEO_PAT,"DiMartini, Michael",1000136501,Right,DAY_FLY,Undefined,8,Top,2,0,0,Slider,Curveball,BallCalled,Undefined,Undefined,Undefined,0,0,,76.3169,1.923392,2.437135,2316.117093,325.13664,4:45,6.01637,-1.38927,5.04274,-57.86125,-8.29056,6.82433,3.01138,1.47991,70.28708,-8.502353,3.64189,0.506738,,,,,,,,,,,,-2.71016,-4.19177,1.15086,50,6.15347,-4.98251,-110.67321,1.67349,-3.36221,19.70503,-37.37436,GEO_PAT,DAY_FLY,SpuhlerFieldMain,D1,A10,20250315-SpuhlerFieldMain-2,87bc6be0-01e0-11f0-9269-ed641e036766,74.38244,,,6.02982,,,,,,,b0b8cc55-1461-41bf-b18a-f9f6bd8e04da,2025-03-15,21:00:30.37,2025-03-15T17:00:30.3720000-04:00,2025-03-15T21:00:30.3720000Z,,v3,471300,471281,15 March 2025 14:00-dayton@georgemas,"Raymond, Andrew",10148052,Right,GEO_PAT,a0d5d4e6-9bd4-486f-8ec6-17db396b406f,55.46231,-111.64152,9.85251,6.02611,3.51008,-18.68718,1.39164,-4.81729,-1.68111,,,,,,,,,,,,,,,,,,,,,,,,,,,,,,,,,,,,,,,,,,,,,,,,,,,High,High,High,,,,,
275,2025-03-15,17:00:45.81,7,2,"Egan, Cole",10103738,Left,GEO_PAT,"DiMartini, Michael",1000136501,Right,DAY_FLY,Undefined,8,Top,2,1,0,Slider,Curveball,FoulBallNotFieldable,Undefined,Undefined,Undefined,0,0,,75.75027,1.273532,0.788197,2292.786181,326.299004,5:00,6.09667,-1.36352,5.11731,-58.73452,-8.72937,6.82465,2.40218,-0.05222,69.97464,-9.315622,1.998034,0.508954,77.76338,73.911551,49.02436,6812.4379,,,,89.75202,38.0375,87.205461,5.469543,-3.2074,-4.34095,1.28367,50,6.17001,-1.776,-110.01585,0.41914,-3.93473,19.34511,-37.49933,GEO_PAT,DAY_FLY,SpuhlerFieldMain,D1,A10,20250315-SpuhlerFieldMain-2,9105e4b0-01e0-11f0-9269-ed641e036766,74.05861,129.47981,,5.77563,,,,2.83761,2.33149,-0.45039,b0b8cc55-1461-41bf-b18a-f9f6bd8e04da,2025-03-15,21:00:45.81,2025-03-15T17:00:45.8170000-04:00,2025-03-15T21:00:45.8170000Z,Popup,v3,471300,471281,15 March 2025 14:00-dayton@georgemas,"Raymond, Andrew",10148052,Right,GEO_PAT,1be46e7e-0d4a-46d7-bfa6-c178deea719d,55.38883,-110.95937,9.67256,6.10497,2.2481,-18.74966,1.36561,-1.58409,-1.96737,192.665703,2.81012,21.19895,-16.92175,7.99686,-3.02164,0.82958,-0.14009,0.01256,-0.00045,2.3212,109.75082,-30.61724,4.45472,-1.01731,0.2104,-0.03299,0.00293,-0.0001,-0.44025,23.65978,-1.76077,-1.02326,1.03665,-0.43725,0.09766,-0.0111,0.00051,,,,,,,,,,,,,,,,,,,,,,,High,High,High,Medium,Low,,,
276,2025-03-15,17:01:18.93,7,3,"Egan, Cole",10103738,Left,GEO_PAT,"DiMartini, Michael",1000136501,Right,DAY_FLY,Undefined,8,Top,2,1,1,Slider,Curveball,FoulBallNotFieldable,Undefined,Undefined,Undefined,0,0,,74.98713,1.011232,1.732596,2244.080679,312.379183,4:30,6.07532,-1.34257,5.48969,-57.45326,-7.29016,9.56599,2.23414,1.07603,69.6149,-9.400145,3.438611,0.509758,73.54229,-21.455105,-64.396764,,,,,8.91581,8.58873,-51.97397,0.065263,-4.41729,-3.61988,1.18387,50,6.12423,-3.64145,-108.98066,0.07071,-5.33548,18.37386,-36.54639,GEO_PAT,DAY_FLY,SpuhlerFieldMain,D1,A10,20250315-SpuhlerFieldMain-2,a4c39ab0-01e0-11f0-9269-ed641e036766,73.9419,2.58336,,5.37223,,,,2.65173,2.58336,-1.09537,b0b8cc55-1461-41bf-b18a-f9f6bd8e04da,2025-03-15,21:01:18.93,2025-03-15T17:01:18.9320000-04:00,2025-03-15T21:01:18.9320000Z,GroundBall,v3,471300,471281,15 March 2025 14:00-dayton@georgemas,"Raymond, Andrew",10148052,Right,GEO_PAT,bc24ec43-af1f-4d0a-a66f-27dcbc6f1898,55.01694,-109.82324,9.18693,6.08256,1.74665,-18.2732,1.34525,-3.39678,-2.66774,180,2.65022,43.52534,,,,,,,,2.58474,-39.58401,,,,,,,,-1.09221,-90.83123,,,,,,,,,,,,,,,,,,,,,,,,,,,,,,High,High,High,Low,Medium,,,
277,2025-03-15,17:01:39.30,7,4,"Egan, Cole",10103738,Left,GEO_PAT,"DiMartini, Michael",1000136501,Right,DAY_FLY,Undefined,8,Top,2,1,2,Slider,Curveball,InPlay,Undefined,GroundBall,Out,1,0,,75.8269,1.090784,0.467465,2374.925083,334.024382,5:15,6.00997,-1.24685,5.4505,-63.01515,-13.13918,7.21906,1.78011,-0.20759,69.38793,-10.342725,1.756906,0.508297,81.05047,-38.267344,-37.903425,,,,,4.86492,2.89309,-14.916953,0.027542,-3.5224,-6.6067,1.20031,50,6.06223,-1.16695,-110.07899,0.00191,-4.26618,21.8963,-40.17582,GEO_PAT,DAY_FLY,SpuhlerFieldMain,D1,A10,20250315-SpuhlerFieldMain-2,b0e81ff0-01e0-11f0-9269-ed641e036766,74.15442,2.03218,,6.43896,,,,2.66823,2.03218,0.33032,b0b8cc55-1461-41bf-b18a-f9f6bd8e04da,2025-03-15,21:01:39.30,2025-03-15T17:01:39.3060000-04:00,2025-03-15T21:01:39.3060000Z,GroundBall,v3,471300,471281,15 March 2025 14:00-dayton@georgemas,"Raymond, Andrew",10148052,Right,GEO_PAT,cd3280c6-a246-47f0-8876-6eb624ecac35,55.05552,-111.08005,10.94815,6.02015,1.83868,-20.08791,1.24921,-0.97191,-2.13309,,2.66751,73.80553,,,,,,,,2.0329,-73.78496,,,,,,,,0.33088,-57.46313,,,,,,,,,,,,,,,,,,,,,,,,,,,,,,High,High,High,Low,Low,,,
278,2025-03-15,17:04:53.80,1,1,"McGovern, Jacob",1000317444,Left,DAY_FLY,"Alberti, Lucas",1000145512,Right,GEO_PAT,Undefined,8,Bottom,0,0,0,ChangeUp,Changeup,BallCalled,Undefined,Undefined,Undefined,0,0,,85.09623,-1.399218,3.995968,1938.703284,124.625162,10:15,5.09949,-1.36617,5.23859,-29.04722,11.13418,-14.02792,1.36024,1.22692,76.96835,-6.763524,1.515032,0.45623,,,,,,,,,,,,8.34461,6.40115,1.00917,50,4.94914,-7.9959,-123.0616,-4.02999,12.63422,27.31168,-22.48235,GEO_PAT,DAY_FLY,SpuhlerFieldMain,D1,A10,20250315-SpuhlerFieldMain-2,24cf7350-01e1-11f0-9269-ed641e036766,82.61717,,,8.12788,,,,,,,b0b8cc55-1461-41bf-b18a-f9f6bd8e04da,2025-03-15,21:04:53.80,2025-03-15T17:04:53.8040000-04:00,2025-03-15T21:04:53.8040000Z,,v3,471300,471281,15 March 2025 14:00-dayton@georgemas,"Stang, Bobby",1000138110,Right,DAY_FLY,162906f0-67f7-44cd-98b1-c1ef53065869,55.26357,-124.22427,13.65584,5.10032,-3.0729,-11.24117,1.361,-8.53375,6.31711,,,,,,,,,,,,,,,,,,,,,,,,,,,,,,,,,,,,,,,,,,,,,,,,,,,High,High,High,,,,,
279,2025-03-15,17:05:09.74,1,2,"McGovern, Jacob",1000317444,Left,DAY_FLY,"Alberti, Lucas",1000145512,Right,GEO_PAT,Undefined,8,Bottom,0,1,0,Fastball,Sinker,FoulBallNotFieldable,Undefined,Undefined,Undefined,0,0,,85.86484,0.09761,2.396249,2179.621336,133.304783,10:30,5.13821,-1.30805,5.32931,-23.38375,16.16922,-15.54702,3.28124,-0.35379,76.76193,-4.312294,-0.362286,0.452648,75.53349,62.252408,161.705106,4547.452554,,,,,39.64506,,,8.66725,8.49784,1.10321,50,5.13095,-4.52365,-124.2795,-0.5511,13.25469,30.0624,-19.17847,GEO_PAT,DAY_FLY,SpuhlerFieldMain,D1,A10,20250315-SpuhlerFieldMain-2,2e4ccd60-01e1-11f0-9269-ed641e036766,83.27091,62.2941,,9.10291,,,,2.32753,3.33957,0.32853,b0b8cc55-1461-41bf-b18a-f9f6bd8e04da,2025-03-15,21:05:09.74,2025-03-15T17:05:09.7450000-04:00,2025-03-15T21:05:09.7450000Z,,v3,471300,471281,15 March 2025 14:00-dayton@georgemas,"Stang, Bobby",1000138110,Right,DAY_FLY,ce5db089-20b0-4d95-a078-a7958942b3bb,55.17094,-125.52409,15.0312,5.13733,0.24289,-9.58923,1.30184,-5.0724,6.62735,1.783494,2.32753,-48.97064,-1.77366,1.23765,-0.39352,0.11031,-0.02893,0.00686,-0.00099,3.33957,98.04311,-33.51915,5.01031,-1.11133,0.23399,-0.05087,0.00955,-0.00103,0.32853,16.19065,1.23971,-1.357,0.45615,-0.13073,0.03411,-0.00782,0.00105,,,,,,,,,,,,,,,,,,,,,,,High,High,High,High,Undefined,,,
280,2025-03-15,17:05:28.19,1,3,"McGovern, Jacob",1000317444,Left,DAY_FLY,"Alberti, Lucas",1000145512,Right,GEO_PAT,Undefined,8,Bottom,0,1,1,ChangeUp,Changeup,InPlay,Undefined,GroundBall,Single,0,0,,81.81613,-0.130371,3.532418,1502.468752,98.316666,9:15,4.89955,-1.62113,4.9788,-39.65522,3.78811,-16.12131,1.47159,0.37595,74.72611,-7.333226,0.690837,0.474387,95.49815,-1.061625,8.282136,,,,,31.57134,28.49907,8.177503,0.222249,9.08406,2.27177,1.29388,50,4.85439,-6.6354,-118.50424,-1.72208,12.87135,23.40533,-28.95511,GEO_PAT,DAY_FLY,SpuhlerFieldMain,D1,A10,20250315-SpuhlerFieldMain-2,394ad400-01e1-11f0-9269-ed641e036766,79.45503,1.52729,,7.09001,,,,1.59778,1.52729,-0.36747,b0b8cc55-1461-41bf-b18a-f9f6bd8e04da,2025-03-15,21:05:28.19,2025-03-15T17:05:28.1970000-04:00,2025-03-15T21:05:28.1970000Z,GroundBall,v3,471300,471281,15 March 2025 14:00-dayton@georgemas,"Stang, Bobby",1000138110,Right,DAY_FLY,55578dfe-66bc-4ac0-838b-07584f041e99,55.52513,-119.59051,11.70267,4.90313,-0.37823,-14.47756,1.6157,-7.23278,6.43568,289.88847,1.59972,138.46314,-22.76856,,,,,,,1.52863,-2.67532,-18.93614,,,,,,,-0.36885,20.25459,7.27434,,,,,,,,,,,,,,,,,,,,,,,,,,,,,High,High,High,High,High,,,
281,2025-03-15,17:06:04.55,2,1,"McGovern, Jacob",1000317444,Left,DAY_FLY,"Clyne, Owen",1000230336,Left,GEO_PAT,Undefined,8,Bottom,0,0,0,Fastball,Changeup,BallCalled,Undefined,Undefined,Undefined,0,0,,84.84662,0.920215,1.68873,1985.90963,143.4944,10:45,5.13003,-1.3721,5.47483,-24.69415,15.15469,-10.19233,3.93378,-0.64065,76.61094,-3.715504,-0.12506,0.454338,,,,,,,,,,,,5.61311,7.74284,1.23065,50,5.19451,-3.18141,-122.96368,1.18049,8.50571,26.72137,-20.44108,GEO_PAT,DAY_FLY,SpuhlerFieldMain,D1,A10,20250315-SpuhlerFieldMain-2,4ee0cc70-01e1-11f0-9269-ed641e036766,82.96121,,,8.23567,,,,,,,b0b8cc55-1461-41bf-b18a-f9f6bd8e04da,2025-03-15,21:06:04.55,2025-03-15T17:06:04.5510000-04:00,2025-03-15T21:06:04.5510000Z,,v3,471300,471281,15 March 2025 14:00-dayton@georgemas,"Stang, Bobby",1000138110,Right,DAY_FLY,aa93c364-a477-43d3-b393-659e24901134,55.02357,-124.05055,13.36069,5.12958,2.01192,-10.22054,1.36709,-3.52737,4.25285,,,,,,,,,,,,,,,,,,,,,,,,,,,,,,,,,,,,,,,,,,,,,,,,,,,High,High,High,,,,,
282,2025-03-15,17:06:20.74,2,2,"McGovern, Jacob",1000317444,Left,DAY_FLY,"Clyne, Owen",1000230336,Left,GEO_PAT,Undefined,8,Bottom,0,1,0,Fastball,Changeup,BallCalled,Undefined,Undefined,Undefined,0,0,,83.57957,-0.93468,3.493034,1912.359917,126.813509,10:15,5.0769,-1.43465,5.33832,-28.8486,12.19847,-14.4902,1.79422,0.63907,76.27063,-6.263063,0.923818,0.461118,,,,,,,,,,,,8.25658,6.78272,1.12979,50,4.97192,-6.77596,-121.07794,-2.95993,12.23105,24.09964,-22.1263,GEO_PAT,DAY_FLY,SpuhlerFieldMain,D1,A10,20250315-SpuhlerFieldMain-2,58a78b90-01e1-11f0-9269-ed641e036766,81.74134,,,7.30894,,,,,,,b0b8cc55-1461-41bf-b18a-f9f6bd8e04da,2025-03-15,21:06:20.74,2025-03-15T17:06:20.7400000-04:00,2025-03-15T21:06:20.7400000Z,,v3,471300,471281,15 March 2025 14:00-dayton@georgemas,"Stang, Bobby",1000138110,Right,DAY_FLY,760d0679-7f58-41f5-bb2c-e6d9eff409c9,55.16321,-122.10132,12.04982,5.07766,-2.02035,-11.06315,1.42856,-7.29534,6.11553,,,,,,,,,,,,,,,,,,,,,,,,,,,,,,,,,,,,,,,,,,,,,,,,,,,High,High,High,,,,,
283,2025-03-15,17:06:40.23,2,3,"McGovern, Jacob",1000317444,Left,DAY_FLY,"Clyne, Owen",1000230336,Left,GEO_PAT,Undefined,8,Bottom,0,2,0,Fastball,Changeup,FoulBallNotFieldable,Undefined,Undefined,Undefined,0,0,,85.34579,0.272985,2.282876,1957.574169,122.317024,10:00,5.16988,-1.2317,5.18541,-29.73368,9.86953,-13.52209,2.94913,-0.20951,77.61025,-5.207036,-0.110784,0.452936,73.51446,4.900926,-174.596395,2138.00247,,,,95.82443,43.90254,-174.9105,1.017376,7.26111,5.26453,1.02947,50,5.17324,-4.30167,-123.66807,-0.48923,11.20768,25.42652,-24.04816,GEO_PAT,DAY_FLY,SpuhlerFieldMain,D1,A10,20250315-SpuhlerFieldMain-2,642d86e0-01e1-11f0-9269-ed641e036766,83.21807,4.70697,,7.73555,,,,1.65693,2.9488,0.08456,b0b8cc55-1461-41bf-b18a-f9f6bd8e04da,2025-03-15,21:06:40.23,2025-03-15T17:06:40.2320000-04:00,2025-03-15T21:06:40.2320000Z,GroundBall,v3,471300,471281,15 March 2025 14:00-dayton@georgemas,"Stang, Bobby",1000138110,Right,DAY_FLY,6042b044-96bd-4c6a-8172-46263ad6d566,55.31211,-124.75548,12.71326,5.17217,0.53923,-12.02408,1.22369,-4.78098,5.60384,171.802287,1.56743,-105.74262,10.28581,,,,,,,2.96134,9.05326,-11.77246,,,,,,,0.07015,-9.92159,1.48392,,,,,,,,,,,,,,,,,,,,,,,,,,,,,High,High,High,Medium,Low,,,
284,2025-03-15,17:07:21.71,2,4,"McGovern, Jacob",1000317444,Left,DAY_FLY,"Clyne, Owen",1000230336,Left,GEO_PAT,Undefined,8,Bottom,0,2,1,Fastball,Changeup,InPlay,Undefined,GroundBall,Single,0,0,,85.87571,-0.089637,1.797072,1950.35114,139.19999,10:45,5.22515,-1.37144,5.07707,-25.66285,13.37091,-10.48056,3.00204,-0.55006,78.51097,-4.825159,-0.054854,0.449668,97.69771,-5.112682,24.897389,,,,,26.23408,25.09852,25.318831,0.176836,5.7474,7.03272,1.20985,50,5.19678,-3.44901,-124.59253,-1.11357,9.0422,24.82781,-21.10972,GEO_PAT,DAY_FLY,SpuhlerFieldMain,D1,A10,20250315-SpuhlerFieldMain-2,7cf9a410-01e1-11f0-9269-ed641e036766,83.82287,3.03757,,7.36474,,,,1.67251,3.03757,0.56494,b0b8cc55-1461-41bf-b18a-f9f6bd8e04da,2025-03-15,21:07:21.71,2025-03-15T17:07:21.7170000-04:00,2025-03-15T21:07:21.7170000Z,GroundBall,v3,471300,471281,15 March 2025 14:00-dayton@georgemas,"Stang, Bobby",1000138110,Right,DAY_FLY,fdf427ff-e0fd-4896-b8cc-2e38c7b337ae,55.42571,-125.66907,12.4139,5.22522,-0.19825,-10.55486,1.3679,-3.84109,4.5211,311.154694,1.67358,129.37615,-26.82576,,,,,,,3.03879,-12.86065,-24.49678,,,,,,,0.5644,60.12494,0.73598,,,,,,,,,,,,,,,,,,,,,,,,,,,,,High,High,High,High,High,,,
285,2025-03-15,17:07:58.61,3,1,"McGovern, Jacob",1000317444,Left,DAY_FLY,"Lavin, Sam",1000364332,Left,GEO_PAT,Undefined,8,Bottom,0,0,0,Slider,Curveball,BallCalled,Undefined,Undefined,Undefined,0,0,,77.26573,2.323952,0.51006,2001.054487,233.70484,1:45,4.93988,-1.63329,4.83807,-43.84148,4.42827,4.17355,3.48834,-0.80249,71.30123,-5.610323,1.244243,0.500045,,,,,,,,,,,,-1.93618,1.9991,1.57899,50,5.1323,-1.16859,-112.13023,2.99414,-2.4909,18.28821,-29.60223,GEO_PAT,DAY_FLY,SpuhlerFieldMain,D1,A10,20250315-SpuhlerFieldMain-2,92e20240-01e1-11f0-9269-ed641e036766,75.37812,,,5.96451,,,,,,,b0b8cc55-1461-41bf-b18a-f9f6bd8e04da,2025-03-15,21:07:58.61,2025-03-15T17:07:58.6100000-04:00,2025-03-15T21:07:58.6100000Z,,v3,471300,471281,15 March 2025 14:00-dayton@georgemas,"Stang, Bobby",1000138110,Right,DAY_FLY,d37550a2-964b-4e96-b82e-2cbcfac93fa3,55.66523,-113.05044,9.1441,4.94417,4.48365,-14.80112,1.63464,-1.04326,-1.24545,,,,,,,,,,,,,,,,,,,,,,,,,,,,,,,,,,,,,,,,,,,,,,,,,,,High,High,High,,,,,
286,2025-03-15,17:08:17.47,3,2,"McGovern, Jacob",1000317444,Left,DAY_FLY,"Lavin, Sam",1000364332,Left,GEO_PAT,Undefined,8,Bottom,0,1,0,Fastball,Changeup,BallCalled,Undefined,Undefined,Undefined,0,0,,84.34751,-0.005649,1.005797,1831.700325,121.127628,10:00,5.09408,-1.47944,5.13656,-29.03387,11.56816,-16.92107,2.66927,-1.94225,76.74314,-5.360825,-1.989459,0.458612,,,,,,,,,,,,8.83993,6.13926,1.39923,50,5.07144,-1.42855,-122.36717,-1.03634,13.31517,25.63267,-22.92682,GEO_PAT,DAY_FLY,SpuhlerFieldMain,D1,A10,20250315-SpuhlerFieldMain-2,9e2fd690-01e1-11f0-9269-ed641e036766,82.18809,,,7.60437,,,,,,,b0b8cc55-1461-41bf-b18a-f9f6bd8e04da,2025-03-15,21:08:17.47,2025-03-15T17:08:17.4710000-04:00,2025-03-15T21:08:17.4710000Z,,v3,471300,471281,15 March 2025 14:00-dayton@georgemas,"Stang, Bobby",1000138110,Right,DAY_FLY,dd98833e-63b6-4c96-8cd8-605aead3a9a8,55.36688,-123.48627,12.81634,5.09484,-0.03537,-11.46341,1.47429,-2.00988,6.65759,,,,,,,,,,,,,,,,,,,,,,,,,,,,,,,,,,,,,,,,,,,,,,,,,,,High,High,High,,,,,
287,2025-03-15,17:08:36.11,3,3,"McGovern, Jacob",1000317444,Left,DAY_FLY,"Lavin, Sam",1000364332,Left,GEO_PAT,Undefined,8,Bottom,0,2,0,Slider,Slider,BallCalled,Undefined,Undefined,Undefined,0,0,,77.03158,1.441814,2.799744,2153.475491,206.778411,1:00,4.98222,-1.60646,4.88261,-42.33179,6.78138,2.63236,2.82067,1.264,70.41968,-6.252037,3.2623,0.504395,,,,,,,,,,,,-0.5063,3.41079,1.32893,50,5.08857,-5.56389,-111.55203,1.33575,-0.63715,20.30352,-27.88164,GEO_PAT,DAY_FLY,SpuhlerFieldMain,D1,A10,20250315-SpuhlerFieldMain-2,a93c8330-01e1-11f0-9269-ed641e036766,74.72808,,,6.6119,,,,,,,b0b8cc55-1461-41bf-b18a-f9f6bd8e04da,2025-03-15,21:08:36.11,2025-03-15T17:08:36.1100000-04:00,2025-03-15T21:08:36.1100000Z,,v3,471300,471281,15 March 2025 14:00-dayton@georgemas,"Stang, Bobby",1000138110,Right,DAY_FLY,5b51e184-736b-40c7-9217-3ab5ecc957ae,55.61795,-112.56991,10.15176,4.98656,2.73354,-13.94082,1.60706,-5.53195,-0.31858,,,,,,,,,,,,,,,,,,,,,,,,,,,,,,,,,,,,,,,,,,,,,,,,,,,High,High,High,,,,,
288,2025-03-15,17:08:55.13,3,4,"McGovern, Jacob",1000317444,Left,DAY_FLY,"Lavin, Sam",1000364332,Left,GEO_PAT,Undefined,8,Bottom,0,3,0,Fastball,Changeup,StrikeCalled,Undefined,Undefined,Undefined,0,0,,84.64048,-1.05275,2.314824,1872.154571,138.487799,10:30,5.12953,-1.43033,5.12624,-25.39234,14.96052,-12.0469,2.02099,-0.25271,77.07152,-5.755017,0.184473,0.457202,,,,,,,,,,,,6.71945,8.15056,1.22271,50,5.01133,-4.43869,-122.67758,-3.13293,10.19317,25.3074,-19.80994,GEO_PAT,DAY_FLY,SpuhlerFieldMain,D1,A10,20250315-SpuhlerFieldMain-2,b4a95130-01e1-11f0-9269-ed641e036766,82.44146,,,7.56895,,,,,,,b0b8cc55-1461-41bf-b18a-f9f6bd8e04da,2025-03-15,21:08:55.13,2025-03-15T17:08:55.1390000-04:00,2025-03-15T21:08:55.1390000Z,,v3,471300,471281,15 March 2025 14:00-dayton@georgemas,"Stang, Bobby",1000138110,Right,DAY_FLY,7f681cc2-f6ff-4b1b-9cd6-ff45fb088e3a,55.37593,-123.78162,12.6537,5.12916,-2.26871,-9.90497,1.42605,-4.88337,5.09658,,,,,,,,,,,,,,,,,,,,,,,,,,,,,,,,,,,,,,,,,,,,,,,,,,,High,High,High,,,,,
289,2025-03-15,17:09:10.03,3,5,"McGovern, Jacob",1000317444,Left,DAY_FLY,"Lavin, Sam",1000364332,Left,GEO_PAT,Undefined,8,Bottom,0,3,1,Fastball,Changeup,FoulBallNotFieldable,Undefined,Undefined,Undefined,0,0,,83.56432,0.731154,1.393672,1885.95263,131.477554,10:30,5.06196,-1.37869,5.24395,-29.12301,12.27733,-12.26788,3.32246,-1.09092,75.59143,-4.672856,-0.781092,0.463098,55.45649,52.293734,-160.521873,4085.635142,-106.81167,40.4291,-26.29191,151.60441,73.48903,-166.392598,3.330025,6.60024,6.31374,1.26029,50,5.10796,-2.42597,-121.1347,0.55104,9.70302,26.00522,-22.89221,GEO_PAT,DAY_FLY,SpuhlerFieldMain,D1,A10,20250315-SpuhlerFieldMain-2,bd83b480-01e1-11f0-9269-ed641e036766,81.39186,51.39719,,7.97289,,,,2.59671,3.40944,1.08012,b0b8cc55-1461-41bf-b18a-f9f6bd8e04da,2025-03-15,21:09:10.03,2025-03-15T17:09:10.0330000-04:00,2025-03-15T21:09:10.0330000Z,Popup,v3,471300,471281,15 March 2025 14:00-dayton@georgemas,"Stang, Bobby",1000138110,Right,DAY_FLY,87b29519-6973-454e-a392-609b3011f70a,55.25739,-122.25815,13.00261,5.06279,1.54001,-11.44611,1.37415,-2.84515,4.85151,25.875477,2.59764,-46.93251,-0.26868,0.11632,0.44782,-0.36958,0.1364,-0.02409,0.00163,3.40924,64.35986,-24.66958,2.86767,-0.94209,0.43592,-0.16554,0.03423,-0.00281,1.07973,-16.57559,4.20652,-1.28383,0.25299,-0.07835,0.03615,-0.00952,0.00094,,,,,,,,,,,,,,,,,,,,,,,High,High,High,High,Low,,,
290,2025-03-15,17:09:30.89,3,6,"McGovern, Jacob",1000317444,Left,DAY_FLY,"Lavin, Sam",1000364332,Left,GEO_PAT,Undefined,8,Bottom,0,3,2,Fastball,Changeup,StrikeCalled,Strikeout,Undefined,Undefined,0,0,,84.72239,-1.348014,2.96766,1929.030152,124.732089,10:15,5.18402,-1.2409,5.07073,-27.67234,12.21272,-15.91465,1.60505,0.23351,78.17088,-6.410063,0.157043,0.454545,,,,,,,,,,,,8.70827,6.76363,0.97233,50,5.03412,-5.68347,-122.902,-3.89349,13.44208,22.25891,-21.7337,GEO_PAT,DAY_FLY,SpuhlerFieldMain,D1,A10,20250315-SpuhlerFieldMain-2,c9f4d320-01e1-11f0-9269-ed641e036766,82.92352,,,6.55151,,,,,,,b0b8cc55-1461-41bf-b18a-f9f6bd8e04da,2025-03-15,21:09:30.89,2025-03-15T17:09:30.8970000-04:00,2025-03-15T21:09:30.8970000Z,,v3,471300,471281,15 March 2025 14:00-dayton@georgemas,"Stang, Bobby",1000138110,Right,DAY_FLY,cc4f0b97-5842-422a-9f8e-c17f528d4194,55.43325,-123.88211,11.12946,5.18449,-2.93651,-10.86685,1.23562,-6.27536,6.72104,,,,,,,,,,,,,,,,,,,,,,,,,,,,,,,,,,,,,,,,,,,,,,,,,,,High,High,High,,,,,
291,2025-03-15,17:10:04.99,4,1,"McGovern, Jacob",1000317444,Left,DAY_FLY,"Wall, Jonny",1000119703,Right,GEO_PAT,Undefined,8,Bottom,1,0,0,Fastball,Changeup,StrikeCalled,Undefined,Undefined,Undefined,0,0,,84.11734,-1.193951,2.338106,2172.762588,128.369169,10:15,5.24745,-1.40415,5.111,-27.69092,12.58918,-14.43595,1.81387,-0.40303,77.7829,-6.261342,-0.214874,0.45679,,,,,,,,,,,,7.80268,6.91496,1.19566,50,5.11336,-4.36926,-122.11895,-3.53283,11.91556,21.51203,-21.61412,GEO_PAT,DAY_FLY,SpuhlerFieldMain,D1,A10,20250315-SpuhlerFieldMain-2,de4a8360-01e1-11f0-9269-ed641e036766,82.51591,,,6.33444,,,,,,,b0b8cc55-1461-41bf-b18a-f9f6bd8e04da,2025-03-15,21:10:04.99,2025-03-15T17:10:04.9940000-04:00,2025-03-15T21:10:04.9940000Z,,v3,471300,471281,15 March 2025 14:00-dayton@georgemas,"Stang, Bobby",1000138110,Right,DAY_FLY,d925e1f1-6c85-41ba-8c03-d727b349a751,55.39286,-123.06527,10.75602,5.24786,-2.58202,-10.80706,1.39939,-4.89343,5.95778,,,,,,,,,,,,,,,,,,,,,,,,,,,,,,,,,,,,,,,,,,,,,,,,,,,High,High,High,,,,,
292,2025-03-15,17:10:21.99,4,2,"McGovern, Jacob",1000317444,Left,DAY_FLY,"Wall, Jonny",1000119703,Right,GEO_PAT,Undefined,8,Bottom,1,0,1,Fastball,Changeup,InPlay,Undefined,FlyBall,Out,1,0,,82.50482,0.276287,3.006106,1726.568494,105.767035,9:30,4.92259,-1.53374,4.86855,-35.75195,6.75465,-19.34903,2.2051,-0.29857,75.81768,-6.215323,-0.398304,0.469245,85.10024,54.237163,23.335913,,89.47749,117.29584,63.98262,218.44512,106.0639,42.457908,5.523947,10.42339,3.60614,1.25516,50,4.91945,-5.45229,-119.65526,-0.75071,15.18966,21.97206,-26.91892,GEO_PAT,DAY_FLY,SpuhlerFieldMain,D1,A10,20250315-SpuhlerFieldMain-2,e86703a0-01e1-11f0-9269-ed641e036766,80.32572,120.07016,,6.68714,,,,2.84109,1.15388,-0.60374,b0b8cc55-1461-41bf-b18a-f9f6bd8e04da,2025-03-15,21:10:21.99,2025-03-15T17:10:21.9920000-04:00,2025-03-15T21:10:21.9920000Z,FlyBall,v3,471300,471281,15 March 2025 14:00-dayton@georgemas,"Stang, Bobby",1000138110,Right,DAY_FLY,754dc81d-cd09-49b7-aafe-e7f90c656882,55.6362,-120.68579,10.98603,4.92505,0.51184,-13.45946,1.52759,-6.16471,7.59483,208.486959,2.85284,66.67607,-20.06192,3.93111,0.70274,-0.7414,0.21029,-0.02677,0.0013,1.13168,101.66262,-27.73341,4.40867,-1.42268,0.35623,-0.04736,0.00234,1E-05,-0.61834,29.18917,1.5758,-0.09233,-0.83974,0.48701,-0.12317,0.0149,-0.0007,,,,,,,,,,,,,,,,,,,,,,,High,High,High,Medium,Low,,,
293,2025-03-15,17:11:03.66,5,1,"McGovern, Jacob",1000317444,Left,DAY_FLY,"Hueber, Toby",1000091691,Right,GEO_PAT,Undefined,8,Bottom,2,0,0,Fastball,Changeup,StrikeSwinging,Undefined,Undefined,Undefined,0,0,,81.88951,-0.044055,3.272309,1752.142186,112.609073,9:45,5.06253,-1.55858,4.80424,-35.54529,7.15642,-14.49371,2.05862,0.33758,76.2855,-6.454724,0.726587,0.470321,,,,,,,,,,,,7.9576,3.83878,1.2459,50,5.02702,-6.18671,-118.89758,-1.41866,11.61347,18.6259,-26.57167,GEO_PAT,DAY_FLY,SpuhlerFieldMain,D1,A10,20250315-SpuhlerFieldMain-2,013eb990-01e2-11f0-9269-ed641e036766,80.142,,,5.60401,,,,,,,b0b8cc55-1461-41bf-b18a-f9f6bd8e04da,2025-03-15,21:11:03.66,2025-03-15T17:11:03.6630000-04:00,2025-03-15T21:11:03.6630000Z,,v3,471300,471281,15 March 2025 14:00-dayton@georgemas,"Stang, Bobby",1000138110,Right,DAY_FLY,130c92f7-e2b4-41e5-ac52-460cf416960f,55.70164,-119.78744,9.31295,5.06447,-0.14919,-13.28584,1.55473,-6.74155,5.80674,,,,,,,,,,,,,,,,,,,,,,,,,,,,,,,,,,,,,,,,,,,,,,,,,,,High,High,High,,,,,
294,2025-03-15,17:11:21.65,5,2,"McGovern, Jacob",1000317444,Left,DAY_FLY,"Hueber, Toby",1000091691,Right,GEO_PAT,Undefined,8,Bottom,2,0,1,ChangeUp,Slider,StrikeCalled,Undefined,Undefined,Undefined,0,0,,79.86546,0.76728,1.041315,2139.12227,186.904441,12:15,5.02271,-1.50785,4.95701,-40.28593,4.47866,0.39465,2.39068,-0.49096,74.12826,-6.520468,1.110942,0.481547,,,,,,,,,,,,0.05161,2.40528,1.40657,50,5.06372,-2.12554,-116.03713,0.09453,0.07139,18.82252,-28.84801,GEO_PAT,DAY_FLY,SpuhlerFieldMain,D1,A10,20250315-SpuhlerFieldMain-2,0be77440-01e2-11f0-9269-ed641e036766,78.27364,,,5.7372,,,,,,,b0b8cc55-1461-41bf-b18a-f9f6bd8e04da,2025-03-15,21:11:21.65,2025-03-15T17:11:21.6540000-04:00,2025-03-15T21:11:21.6540000Z,,v3,471300,471281,15 March 2025 14:00-dayton@georgemas,"Stang, Bobby",1000138110,Right,DAY_FLY,5cecf63d-a032-4123-ae1a-c93c311de0a2,55.54648,-116.93337,9.41126,5.02651,1.46814,-14.424,1.50786,-2.12894,0.0357,,,,,,,,,,,,,,,,,,,,,,,,,,,,,,,,,,,,,,,,,,,,,,,,,,,High,High,High,,,,,
295,2025-03-15,17:11:55.57,5,3,"McGovern, Jacob",1000317444,Left,DAY_FLY,"Hueber, Toby",1000091691,Right,GEO_PAT,Undefined,8,Bottom,2,0,2,ChangeUp,Slider,FoulBallNotFieldable,Undefined,Undefined,Undefined,0,0,,80.22304,-0.235544,1.821368,2101.217496,169.565184,11:45,5.23298,-1.47322,5.01476,-37.50333,6.22681,-0.95866,1.88527,0.16657,75.48867,-6.992234,1.652079,0.475951,74.61995,-39.0152,-74.59957,,,,,4.79755,4.53362,-33.166375,0.030575,0.84941,3.41799,1.2993,50,5.17953,-3.6735,-116.72089,-1.8227,1.20389,16.32886,-27.32973,GEO_PAT,DAY_FLY,SpuhlerFieldMain,D1,A10,20250315-SpuhlerFieldMain-2,2033aea0-01e2-11f0-9269-ed641e036766,79.19401,2.11223,,4.73437,,,,3.32364,2.11223,-0.11123,b0b8cc55-1461-41bf-b18a-f9f6bd8e04da,2025-03-15,21:11:55.57,2025-03-15T17:11:55.5720000-04:00,2025-03-15T21:11:55.5720000Z,GroundBall,v3,471300,471281,15 March 2025 14:00-dayton@georgemas,"Stang, Bobby",1000138110,Right,DAY_FLY,156d5cf1-f6dc-40c8-941a-491aa58580d6,55.49136,-117.4866,8.16443,5.23495,-0.54112,-13.66487,1.47288,-3.72995,0.60195,,3.32334,22.64343,,,,,,,,2.11316,-69.08422,,,,,,,,-0.11014,-82.20405,,,,,,,,,,,,,,,,,,,,,,,,,,,,,,High,High,High,Estimated,Estimated,,,
296,2025-03-15,17:12:26.41,5,4,"McGovern, Jacob",1000317444,Left,DAY_FLY,"Hueber, Toby",1000091691,Right,GEO_PAT,Undefined,8,Bottom,2,0,2,Fastball,Changeup,BallCalled,Undefined,Undefined,Undefined,0,0,,85.19467,-0.17486,1.527424,1975.279353,127.359494,10:15,5.33766,-1.49143,5.20968,-25.25682,14.27564,-17.03808,3.06842,-1.47447,77.75867,-4.856753,-1.491662,0.452531,,,,,,,,,,,,8.93583,7.55099,1.36352,50,5.30286,-2.54936,-123.61389,-1.24874,13.81105,24.8958,-20.50338,GEO_PAT,DAY_FLY,SpuhlerFieldMain,D1,A10,20250315-SpuhlerFieldMain-2,329493c0-01e2-11f0-9269-ed641e036766,83.2925,,,7.436,,,,,,,b0b8cc55-1461-41bf-b18a-f9f6bd8e04da,2025-03-15,21:12:26.41,2025-03-15T17:12:26.4190000-04:00,2025-03-15T21:12:26.4190000Z,,v3,471300,471281,15 March 2025 14:00-dayton@georgemas,"Stang, Bobby",1000138110,Right,DAY_FLY,e87e5ed6-6a5a-42db-9127-4a8debbfd2f0,55.29221,-124.67518,12.4479,5.33746,-0.37469,-10.25169,1.48475,-3.13811,6.90552,,,,,,,,,,,,,,,,,,,,,,,,,,,,,,,,,,,,,,,,,,,,,,,,,,,High,High,High,,,,,
297,2025-03-15,17:12:54.91,5,5,"McGovern, Jacob",1000317444,Left,DAY_FLY,"Hueber, Toby",1000091691,Right,GEO_PAT,Undefined,8,Bottom,2,1,2,ChangeUp,Curveball,InPlay,Undefined,FlyBall,Out,1,0,,75.62674,2.076536,0.22005,2105.438274,280.583238,3:15,5.00199,-1.5847,4.67412,-50.77101,0.21193,7.09044,2.74423,-0.78483,69.55271,-7.066266,1.464479,0.513906,87.20997,26.791442,-12.275113,2664.534493,107.58161,54.46183,-22.93775,284.79872,280.89683,-13.359229,4.757052,-3.44658,-0.07925,1.55536,50,5.16718,-0.70663,-109.69992,2.16552,-4.21426,18.78522,-32.27094,GEO_PAT,DAY_FLY,SpuhlerFieldMain,D1,A10,20250315-SpuhlerFieldMain-2,439859e0-01e2-11f0-9269-ed641e036766,73.34499,69.75989,,6.07403,,,,2.76649,2.93005,0.81073,b0b8cc55-1461-41bf-b18a-f9f6bd8e04da,2025-03-15,21:12:54.91,2025-03-15T17:12:54.9150000-04:00,2025-03-15T21:12:54.9150000Z,LineDrive,v3,471300,471281,15 March 2025 14:00-dayton@georgemas,"Stang, Bobby",1000138110,Right,DAY_FLY,0751ab20-05e4-47da-a289-a43ded900479,55.83023,-110.6938,9.39261,5.00744,3.87289,-16.13547,1.58685,-0.48366,-2.10713,177.036058,2.76637,111.56637,-26.19511,6.38461,-1.32766,0.25723,-0.04432,0.00523,-0.00028,2.93158,57.62701,-11.37537,-1.18386,0.60723,-0.21026,0.04939,-0.00632,0.00032,0.81081,-24.27663,4.77062,-1.09925,0.22862,-0.04794,0.00909,-0.00113,6E-05,,,,,,,,,,,,,,,,,,,,,,,High,High,High,High,High,,,
298,2025-03-15,17:15:18.51,1,1,"Egan, Cole",10103738,Left,GEO_PAT,"Lujo, Rylan",1000102832,Right,DAY_FLY,Undefined,9,Top,0,0,0,Slider,Curveball,InPlay,Undefined,FlyBall,Out,1,0,,74.56913,0.58919,1.554867,2189.726618,316.290016,4:30,5.96945,-1.48711,5.60838,-60.08834,-8.74599,10.02052,1.51232,0.79974,68.26822,-10.349935,3.347991,0.515714,95.41864,30.909596,-31.231135,3266.743939,92.34424,66.11076,-59.77016,329.32582,213.99601,-36.608484,5.397502,-4.64575,-4.27067,1.3472,50,5.9804,-3.2945,-108.23168,-0.77927,-5.43331,21.36513,-37.1687,GEO_PAT,DAY_FLY,SpuhlerFieldMain,D1,A10,20250315-SpuhlerFieldMain-2,99332d30-01e2-11f0-9269-ed641e036766,73.08782,94.0622,,6.30091,,,,2.72183,2.9944,-1.12693,b0b8cc55-1461-41bf-b18a-f9f6bd8e04da,2025-03-15,21:15:18.51,2025-03-15T17:15:18.5120000-04:00,2025-03-15T21:15:18.5120000Z,FlyBall,v3,471300,471281,15 March 2025 14:00-dayton@georgemas,"Raymond, Andrew",10148052,Right,GEO_PAT,58361d44-e468-490a-958a-f068b5bac0ef,54.89697,-109.19408,10.68257,5.9778,0.895,-18.58435,1.49009,-3.04976,-2.71666,167.18865,2.7259,102.59234,-27.17445,7.10581,-1.39012,0.19443,-0.01859,0.00124,-5E-05,2.99251,71.91886,-13.60191,-1.1586,0.72526,-0.23525,0.04929,-0.00573,0.00027,-1.12867,-62.22445,11.58625,-2.52283,0.39303,-0.03897,0.0025,-0.00021,2E-05,,,,,,,,,,,,,,,,,,,,,,,High,High,High,Medium,Medium,,,
299,2025-03-15,17:15:49.82,2,1,"Egan, Cole",10103738,Left,GEO_PAT,"Stang, Bobby",1000138110,Right,DAY_FLY,Undefined,9,Top,1,0,0,Fastball,Four-Seam,BallCalled,Undefined,Undefined,Undefined,0,0,,89.59622,-1.520509,0.816526,2195.463942,150.608316,11:00,6.10564,-1.6164,6.18364,-15.68489,19.05958,-10.05457,3.39398,-1.70021,81.10138,-4.551821,-0.99801,0.424243,,,,,,,,,,,,5.41957,10.66237,1.5595,50,5.98265,-1.43158,-130.04096,-3.8549,9.18304,29.93864,-14.10741,GEO_PAT,DAY_FLY,SpuhlerFieldMain,D1,A10,20250315-SpuhlerFieldMain-2,abd8bc70-01e2-11f0-9269-ed641e036766,88.84644,,,8.49484,,,,,,,b0b8cc55-1461-41bf-b18a-f9f6bd8e04da,2025-03-15,21:15:49.82,2025-03-15T17:15:49.8210000-04:00,2025-03-15T21:15:49.8210000Z,,v3,471300,471281,15 March 2025 14:00-dayton@georgemas,"Raymond, Andrew",10148052,Right,GEO_PAT,5f11b1db-a9ff-4d3b-9705-610d1ddfabdd,54.31572,-131.03078,14.96932,6.10239,-3.38849,-7.05371,1.61185,-1.73519,4.59152,,,,,,,,,,,,,,,,,,,,,,,,,,,,,,,,,,,,,,,,,,,,,,,,,,,High,High,High,,,,,
300,2025-03-15,17:16:03.07,2,2,"Egan, Cole",10103738,Left,GEO_PAT,"Stang, Bobby",1000138110,Right,DAY_FLY,Undefined,9,Top,1,1,0,Fastball,Four-Seam,InPlay,Undefined,GroundBall,Out,1,0,,88.81638,-2.57456,2.009557,2191.41468,144.391931,10:45,6.01724,-1.49961,6.47671,-18.52013,15.91127,-10.66225,2.10655,-0.54194,81.90698,-6.087679,0.075123,0.422327,102.03428,-8.343095,-14.453621,,,,,15.64174,14.13766,-10.886092,0.095858,6.13548,9.33142,1.36269,50,5.82734,-4.12747,-129.0743,-6.31464,10.42376,25.0884,-16.32056,GEO_PAT,DAY_FLY,SpuhlerFieldMain,D1,A10,20250315-SpuhlerFieldMain-2,b3b49b80-01e2-11f0-9269-ed641e036766,89.24946,2.08388,,6.9094,,,,1.60032,2.08388,0.59263,b0b8cc55-1461-41bf-b18a-f9f6bd8e04da,2025-03-15,21:16:03.07,2025-03-15T17:16:03.0750000-04:00,2025-03-15T21:16:03.0750000Z,GroundBall,v3,471300,471281,15 March 2025 14:00-dayton@georgemas,"Raymond, Andrew",10148052,Right,GEO_PAT,5e87b0d8-112a-45d4-a9f1-7bd5f3eed3a1,54.02704,-129.85468,12.5442,6.01586,-5.80699,-8.16028,1.49612,-4.45171,5.21188,180,1.59778,143.54485,,,,,,,,2.08427,-21.73925,,,,,,,,0.59328,-36.99928,,,,,,,,,,,,,,,,,,,,,,,,,,,,,,High,High,High,Low,Low,,,
301,2025-03-15,17:16:32.65,3,1,"Egan, Cole",10103738,Left,GEO_PAT,"Dobie, Mason",692154,Left,DAY_FLY,Undefined,9,Top,2,0,0,Slider,Curveball,StrikeCalled,Undefined,Undefined,Undefined,0,0,,75.63248,1.244852,0.334766,2289.813226,311.277539,4:30,5.8775,-1.52331,5.82129,-56.64676,-8.10827,10.78682,2.31457,-0.31315,70.28384,-9.088814,2.272305,0.501435,,,,,,,,,,,,-5.45351,-4.09638,1.48935,50,5.94533,-1.02361,-110.0405,0.6201,-6.73157,18.30403,-37.23042,GEO_PAT,DAY_FLY,SpuhlerFieldMain,D1,A10,20250315-SpuhlerFieldMain-2,c5636eb0-01e2-11f0-9269-ed641e036766,75.16918,,,5.34865,,,,,,,b0b8cc55-1461-41bf-b18a-f9f6bd8e04da,2025-03-15,21:16:32.65,2025-03-15T17:16:32.6540000-04:00,2025-03-15T21:16:32.6540000Z,,v3,471300,471281,15 March 2025 14:00-dayton@georgemas,"Raymond, Andrew",10148052,Right,GEO_PAT,83358f14-6fad-48af-a900-2fcb3f0255cb,54.68558,-110.81715,9.15201,5.88551,2.19982,-18.61521,1.52672,-0.73799,-3.36579,,,,,,,,,,,,,,,,,,,,,,,,,,,,,,,,,,,,,,,,,,,,,,,,,,,High,High,High,,,,,
302,2025-03-15,17:16:45.47,3,2,"Egan, Cole",10103738,Left,GEO_PAT,"Dobie, Mason",692154,Left,DAY_FLY,Undefined,9,Top,2,0,1,Slider,Curveball,BallCalled,Undefined,Undefined,Undefined,0,0,,75.69797,-0.438924,0.885264,2312.870529,304.032293,4:15,5.91959,-1.50051,5.9933,-56.23243,-7.73288,13.60221,0.82671,0.45351,70.2206,-10.700277,3.339677,0.501234,,,,,,,,,,,,-6.83768,-3.55748,1.42292,50,5.8534,-2.16134,-110.10429,-2.53466,-8.37587,19.93847,-36.53182,GEO_PAT,DAY_FLY,SpuhlerFieldMain,D1,A10,20250315-SpuhlerFieldMain-2,ccfee960-01e2-11f0-9269-ed641e036766,75.19931,,,5.47736,,,,,,,b0b8cc55-1461-41bf-b18a-f9f6bd8e04da,2025-03-15,21:16:45.47,2025-03-15T17:16:45.4700000-04:00,2025-03-15T21:16:45.4700000Z,,v3,471300,471281,15 March 2025 14:00-dayton@georgemas,"Raymond, Andrew",10148052,Right,GEO_PAT,949fa835-acba-4b65-8e57-91a888333f3e,54.51353,-110.91862,9.96924,5.92645,-1.04262,-18.26591,1.50421,-1.81926,-4.18794,,,,,,,,,,,,,,,,,,,,,,,,,,,,,,,,,,,,,,,,,,,,,,,,,,,High,High,High,,,,,
303,2025-03-15,17:17:00.03,3,3,"Egan, Cole",10103738,Left,GEO_PAT,"Dobie, Mason",692154,Left,DAY_FLY,Undefined,9,Top,2,1,1,Fastball,Four-Seam,BallCalled,Undefined,Undefined,Undefined,0,0,,88.95834,-0.39543,1.073831,2203.019742,151.702115,11:00,6.03561,-1.65702,6.48537,-20.57907,13.75666,-6.85118,3.95754,-1.24187,81.64188,-4.303697,-0.16962,0.42174,,,,,,,,,,,,3.84862,7.62319,1.58423,50,5.99851,-2.15476,-129.38203,-1.47091,6.55096,25.93615,-19.1981,GEO_PAT,DAY_FLY,SpuhlerFieldMain,D1,A10,20250315-SpuhlerFieldMain-2,d58f9980-01e2-11f0-9269-ed641e036766,89.37373,,,7.31646,,,,,,,b0b8cc55-1461-41bf-b18a-f9f6bd8e04da,2025-03-15,21:17:00.03,2025-03-15T17:17:00.0320000-04:00,2025-03-15T21:17:00.0320000Z,,v3,471300,471281,15 March 2025 14:00-dayton@georgemas,"Raymond, Andrew",10148052,Right,GEO_PAT,e043f89e-c310-4de5-9e55-98e7d93c9704,54.01564,-130.18452,12.96807,6.03483,-0.8769,-9.59905,1.65403,-2.35745,3.27548,,,,,,,,,,,,,,,,,,,,,,,,,,,,,,,,,,,,,,,,,,,,,,,,,,,High,High,High,,,,,
304,2025-03-15,17:17:15.95,3,4,"Egan, Cole",10103738,Left,GEO_PAT,"Dobie, Mason",692154,Left,DAY_FLY,Undefined,9,Top,2,2,1,Slider,Curveball,BallCalled,Undefined,Undefined,Undefined,0,0,,73.76027,2.862242,-0.601905,2290.486457,313.301877,4:30,6.04215,-1.50491,5.60351,-62.68094,-10.55615,12.95926,3.49323,-0.98692,67.59476,-8.572742,1.714003,0.519629,,,,,,,,,,,,-6.70111,-5.61024,1.548,50,6.24699,0.64694,-107.05696,3.34319,-7.74119,19.27881,-38.65505,GEO_PAT,DAY_FLY,SpuhlerFieldMain,D1,A10,20250315-SpuhlerFieldMain-2,df1753d0-01e2-11f0-9269-ed641e036766,72.53717,,,6.16551,,,,,,,b0b8cc55-1461-41bf-b18a-f9f6bd8e04da,2025-03-15,21:17:15.95,2025-03-15T17:17:15.9500000-04:00,2025-03-15T21:17:15.9500000Z,,v3,471300,471281,15 March 2025 14:00-dayton@georgemas,"Raymond, Andrew",10148052,Right,GEO_PAT,72d607ab-61ec-4e37-a2ab-5992596a4af2,54.90219,-107.93614,9.63941,6.05433,5.10598,-19.32752,1.51045,0.99996,-3.87059,,,,,,,,,,,,,,,,,,,,,,,,,,,,,,,,,,,,,,,,,,,,,,,,,,,High,High,High,,,,,
305,2025-03-15,17:17:31.55,3,5,"Egan, Cole",10103738,Left,GEO_PAT,"Dobie, Mason",692154,Left,DAY_FLY,Undefined,9,Top,2,3,1,Fastball,Four-Seam,FoulBallNotFieldable,Undefined,Undefined,Undefined,0,0,,89.33975,-2.071569,1.643945,2238.060436,162.609259,11:30,5.95489,-1.55214,6.3738,-15.75269,18.6569,-5.49733,2.73444,-0.49719,81.64205,-5.101328,0.648709,0.422193,72.94427,64.874921,-88.614314,5978.593727,,,,,40.22755,,,3.3391,10.65985,1.4359,50,5.7977,-3.50894,-129.76926,-5.10104,5.68594,27.51177,-14.0221,GEO_PAT,DAY_FLY,SpuhlerFieldMain,D1,A10,20250315-SpuhlerFieldMain-2,e872f510-01e2-11f0-9269-ed641e036766,89.27774,65.0514,,7.6977,,,,,,,b0b8cc55-1461-41bf-b18a-f9f6bd8e04da,2025-03-15,21:17:31.55,2025-03-15T17:17:31.5590000-04:00,2025-03-15T21:17:31.5590000Z,,v3,471300,471281,15 March 2025 14:00-dayton@georgemas,"Raymond, Andrew",10148052,Right,GEO_PAT,e71964a6-853e-4bf0-b728-63cf56280ae8,54.12823,-130.64153,13.75588,5.95238,-4.65646,-7.01105,1.55001,-3.68922,2.84297,,0.23127,1.0985,-12.52266,5.51569,-1.71956,0.49683,-0.16081,0.05723,-0.0128,3.22954,96.86219,-34.35334,5.36655,-1.05754,0.21824,-0.10647,0.06758,-0.01996,-2.60177,-45.41199,3.27263,0.68178,-0.4661,0.16079,-0.02201,-0.01216,0.00584,,,,,,,,,,,,,,,,,,,,,,,High,High,High,Low,Undefined,,,
306,2025-03-15,17:17:51.28,3,6,"Egan, Cole",10103738,Left,GEO_PAT,"Dobie, Mason",692154,Left,DAY_FLY,Undefined,9,Top,2,3,2,Fastball,Four-Seam,BallCalled,Walk,Undefined,Undefined,0,0,,90.22429,-3.820323,2.974708,2205.606648,157.644184,11:15,5.85694,-1.33064,6.44133,-16.88647,16.24056,-6.32288,0.92909,0.87852,84.26978,-6.994041,1.829875,0.41425,,,,,,,,,,,,3.99024,9.65008,1.12205,50,5.57698,-6.57055,-131.00725,-9.23634,7.07827,22.30402,-15.05578,GEO_PAT,DAY_FLY,SpuhlerFieldMain,D1,A10,20250315-SpuhlerFieldMain-2,f43472c0-01e2-11f0-9269-ed641e036766,90.98961,,,5.95451,,,,,,,b0b8cc55-1461-41bf-b18a-f9f6bd8e04da,2025-03-15,21:17:51.28,2025-03-15T17:17:51.2880000-04:00,2025-03-15T21:17:51.2880000Z,,v3,471300,471281,15 March 2025 14:00-dayton@georgemas,"Raymond, Andrew",10148052,Right,GEO_PAT,9b10f139-f135-4c21-87c1-8938804a3131,54.06369,-131.69728,11.15201,5.85553,-8.77055,-7.52789,1.32871,-6.78954,3.53913,,,,,,,,,,,,,,,,,,,,,,,,,,,,,,,,,,,,,,,,,,,,,,,,,,,High,High,High,,,,,
307,2025-03-15,17:18:20.20,4,1,"Egan, Cole",10103738,Left,GEO_PAT,"Zorn, Adin",10148886,Right,DAY_FLY,Undefined,9,Top,2,0,0,Slider,Curveball,BallCalled,Undefined,Undefined,Undefined,0,0,,74.45793,-0.165467,2.40596,2234.50919,313.175363,4:30,5.94221,-1.53777,6.0206,-59.77515,-9.7641,11.93701,0.80755,1.68692,69.37745,-11.047063,4.557383,0.508984,,,,,,,,,,,,-5.59004,-4.76233,1.34229,50,5.89578,-4.93819,-108.2687,-2.06616,-6.63867,18.81266,-37.82971,GEO_PAT,DAY_FLY,SpuhlerFieldMain,D1,A10,20250315-SpuhlerFieldMain-2,05787630-01e3-11f0-9269-ed641e036766,74.05423,,,5.08048,,,,,,,b0b8cc55-1461-41bf-b18a-f9f6bd8e04da,2025-03-15,21:18:20.20,2025-03-15T17:18:20.2030000-04:00,2025-03-15T21:18:20.2030000Z,,v3,471300,471281,15 March 2025 14:00-dayton@georgemas,"Raymond, Andrew",10148052,Right,GEO_PAT,859b8a1a-88af-4754-9492-44cc65e4136f,54.48719,-109.04561,9.40633,5.94885,-0.50391,-18.91486,1.54056,-4.66403,-3.31933,,,,,,,,,,,,,,,,,,,,,,,,,,,,,,,,,,,,,,,,,,,,,,,,,,,High,High,High,,,,,
308,2025-03-15,17:18:36.60,4,2,"Egan, Cole",10103738,Left,GEO_PAT,"Zorn, Adin",10148886,Right,DAY_FLY,Undefined,9,Top,2,1,0,Fastball,Four-Seam,InPlay,Undefined,LineDrive,Double,0,1,,88.73352,-1.30491,1.899244,2185.092875,146.742044,11:00,5.96121,-1.45317,6.48188,-20.73076,13.57524,-8.27126,3.03456,-0.39783,82.07903,-5.21878,0.398545,0.421557,108.47898,17.483714,5.305496,2528.334422,108.56906,33.58849,17.68403,360.10121,350.52801,19.44777,4.016884,4.83969,7.75059,1.32321,50,5.86002,-3.97398,-129.10615,-3.53438,8.25829,24.11662,-18.94871,GEO_PAT,DAY_FLY,SpuhlerFieldMain,D1,A10,20250315-SpuhlerFieldMain-2,0f359860-01e3-11f0-9269-ed641e036766,89.41238,47.62555,,6.65449,,,,2.03753,3.12029,0.39515,b0b8cc55-1461-41bf-b18a-f9f6bd8e04da,2025-03-15,21:18:36.60,2025-03-15T17:18:36.6040000-04:00,2025-03-15T21:18:36.6040000Z,LineDrive,v3,471300,471281,15 March 2025 14:00-dayton@georgemas,"Raymond, Andrew",10148052,Right,GEO_PAT,95566533-f5b2-4c6e-be39-f3b0106225c8,54.02247,-129.85536,12.05831,5.96067,-2.94572,-9.47435,1.45065,-4.23053,4.12914,228.123737,2.0372,151.1093,-30.81625,6.5893,-1.34438,0.23003,-0.02827,0.00166,1E-05,3.12078,47.78679,-13.08911,-0.05862,0.14949,-0.02267,-0.00346,0.00203,-0.00022,0.39601,14.00823,11.39808,-4.35155,1.27485,-0.30065,0.05242,-0.00557,0.00026,,,,,,,,,,,,,,,,,,,,,,,High,High,High,High,High,,,
309,2025-03-15,17:19:20.27,5,1,"Egan, Cole",10103738,Left,GEO_PAT,"Cazorla, Alejandro",1000268561,Right,DAY_FLY,Undefined,9,Top,2,0,0,Fastball,Four-Seam,InPlay,Undefined,LineDrive,Out,1,0,,89.91848,-2.40362,3.112852,2235.462088,153.993526,11:15,6.06611,-1.45462,6.29686,-14.68662,19.13485,-8.84957,2.62278,0.67915,82.8948,-5.214677,1.515789,0.41857,84.70564,12.21701,-18.967624,2846.174674,103.90139,7.64512,-36.11784,141.77592,140.30219,-19.137441,1.406868,5.41925,10.89709,1.22976,50,5.88175,-6.75476,-130.56412,-5.87686,9.4388,25.17385,-13.19447,GEO_PAT,DAY_FLY,SpuhlerFieldMain,D1,A10,20250315-SpuhlerFieldMain-2,2942e820-01e3-11f0-9269-ed641e036766,90.05059,10.71946,,7.02368,,,,1.19334,2.70009,-0.70999,b0b8cc55-1461-41bf-b18a-f9f6bd8e04da,2025-03-15,21:19:20.27,2025-03-15T17:19:20.2750000-04:00,2025-03-15T21:19:20.2750000Z,LineDrive,v3,471300,471281,15 March 2025 14:00-dayton@georgemas,"Raymond, Andrew",10148052,Right,GEO_PAT,0fb45f0d-ca9f-408f-bbd1-ff09f3288edf,54.20698,-131.37276,12.58692,6.06371,-5.45303,-6.59723,1.45161,-7.05795,4.7194,4.481786,1.19334,114.82833,-19.19837,4.35792,-0.99479,0.23216,-0.05271,0.00947,-0.00092,2.70009,26.28993,-23.11754,2.90379,-0.68561,0.16106,-0.03623,0.00668,-0.00066,-0.70999,-39.466,6.39201,-1.3626,0.3026,-0.07012,0.01618,-0.00292,0.00029,,,,,,,,,,,,,,,,,,,,,,,High,High,High,High,High,,,