PitchNo,Date,Time,PAofInning,PitchofPA,Pitcher,PitcherId,PitcherThrows,PitcherTeam,Batter,BatterId,BatterSide,BatterTeam,PitcherSet,Inning,Top/Bottom,Outs,Balls,Strikes,TaggedPitchType,AutoPitchType,PitchCall,KorBB,TaggedHitType,PlayResult,OutsOnPlay,RunsScored,Notes,RelSpeed,VertRelAngle,HorzRelAngle,SpinRate,SpinAxis,Tilt,RelHeight,RelSide,Extension,VertBreak,InducedVertBreak,HorzBreak,PlateLocHeight,PlateLocSide,ZoneSpeed,VertApprAngle,HorzApprAngle,ZoneTime,ExitSpeed,Angle,Direction,HitSpinRate,PositionAt110X,PositionAt110Y,PositionAt110Z,Distance,LastTrackedDistance,Bearing,HangTime,pfxx,pfxz,x0,y0,z0,vx0,vy0,vz0,ax0,ay0,az0,HomeTeam,AwayTeam,Stadium,Level,League,GameID,PitchUID,EffectiveVelo,MaxHeight,MeasuredDuration,SpeedDrop,PitchLastMeasuredX,PitchLastMeasuredY,PitchLastMeasuredZ,ContactPositionX,ContactPositionY,ContactPositionZ,GameUID,UTCDate,UTCTime,LocalDateTime,UTCDateTime,AutoHitType,System,HomeTeamForeignID,AwayTeamForeignID,GameForeignID,Catcher,CatcherId,CatcherThrows,CatcherTeam,PlayID,PitchTrajectoryXc0,PitchTrajectoryXc1,PitchTrajectoryXc2,PitchTrajectoryYc0,PitchTrajectoryYc1,PitchTrajectoryYc2,PitchTrajectoryZc0,PitchTrajectoryZc1,PitchTrajectoryZc2,HitSpinAxis,HitTrajectoryXc0,HitTrajectoryXc1,HitTrajectoryXc2,HitTrajectoryXc3,HitTrajectoryXc4,HitTrajectoryXc5,HitTrajectoryXc6,HitTrajectoryXc7,HitTrajectoryXc8,HitTrajectoryYc0,HitTrajectoryYc1,HitTrajectoryYc2,HitTrajectoryYc3,HitTrajectoryYc4,HitTrajectoryYc5,HitTrajectoryYc6,HitTrajectoryYc7,HitTrajectoryYc8,HitTrajectoryZc0,HitTrajectoryZc1,HitTrajectoryZc2,HitTrajectoryZc3,HitTrajectoryZc4,HitTrajectoryZc5,HitTrajectoryZc6,HitTrajectoryZc7,HitTrajectoryZc8,ThrowSpeed,PopTime,ExchangeTime,TimeToBase,CatchPositionX,CatchPositionY,CatchPositionZ,ThrowPositionX,ThrowPositionY,ThrowPositionZ,BasePositionX,BasePositionY,BasePositionZ,ThrowTrajectoryXc0,ThrowTrajectoryXc1,ThrowTrajectoryXc2,ThrowTrajectoryYc0,ThrowTrajectoryYc1,ThrowTrajectoryYc2,ThrowTrajectoryZc0,ThrowTrajectoryZc1,ThrowTrajectoryZc2,PitchReleaseConfidence,PitchLocationConfidence,PitchMovementConfidence,HitLaunchConfidence,HitLandingConfidence,CatcherThrowCatchConfidence,CatcherThrowReleaseConfidence,CatcherThrowLocationConfidence
1,2025-05-04,12:06:47.06,1,1,"Cassedy, Brandon",1000183671,Right,GEO_PAT,"Kelsey, Alex",1000263851,Left,STJ_HAW,Undefined,1,Top,0,0,0,Fastball,Four-Seam,StrikeCalled,Undefined,Undefined,Undefined,0,0,,89.16691,-2.746672,-0.663906,2285.790676,187.278934,12:15,5.68397,0.52608,6.45015,-14.40989,19.83635,2.40063,1.95741,0.11612,82.01095,-5.520204,-0.22847,0.42119,,,,,,,,,,,,-1.43036,11.42473,-0.48004,50,5.48235,1.40844,-129.57681,-6.567,-2.44458,25.74664,-12.6482,GEO_PAT,STJ_HAW,SpuhlerFieldMain,D1,A10,20250504-SpuhlerFieldMain-1,c83f8ec0-2901-11f0-84c1-cbb9d7630631,89.49036,,,7.15596,,,,,,,40d32ed5-cd22-4191-9dae-36c451206e6c,2025-05-04,16:06:47.06,2025-05-04T12:06:47.0683136-04:00,2025-05-04T16:06:47.0683136Z,,v3,471300,471426,04 May 2025 13:00-stjosephs@georgemas,"Barenz, Nick",1000218914,Right,GEO_PAT,0d214f00-4927-4661-b9b1-a47550c1d210,54.05198,-130.37944,12.87332,5.68092,-6.1727,-6.3241,-0.52514,1.48464,-1.22229,,,,,,,,,,,,,,,,,,,,,,,,,,,,,,,,,,,,,,,,,,,,,,,,,,,High,High,High,,,,,
2,2025-05-04,12:07:06.30,1,2,"Cassedy, Brandon",1000183671,Right,GEO_PAT,"Kelsey, Alex",1000263851,Left,STJ_HAW,Undefined,1,Top,0,0,1,Fastball,Four-Seam,StrikeCalled,Undefined,Undefined,Undefined,0,0,,89.55301,-1.903232,-0.922547,2258.726817,191.916737,12:30,5.76263,0.34312,6.28478,-12.79572,21.3921,4.2928,2.94127,-0.14951,82.12686,-4.38833,-0.146551,0.42083,,,,,,,,,,,,-2.47508,11.94564,-0.27706,50,5.61567,1.92344,-130.15379,-4.62345,-4.26135,26.36999,-11.60723,GEO_PAT,STJ_HAW,SpuhlerFieldMain,D1,A10,20250504-SpuhlerFieldMain-1,d3ba1860-2901-11f0-84c1-cbb9d7630631,89.56684,,,7.42614,,,,,,,40d32ed5-cd22-4191-9dae-36c451206e6c,2025-05-04,16:07:06.30,2025-05-04T12:07:06.3097344-04:00,2025-05-04T16:07:06.3097344Z,,v3,471300,471426,04 May 2025 13:00-stjosephs@georgemas,"Barenz, Nick",1000218914,Right,GEO_PAT,00f20e5f-76f0-4f83-aced-2fe00fe8a80d,54.21699,-131.00539,13.18499,5.75893,-4.24861,-5.80361,-0.3414,2.06106,-2.13068,,,,,,,,,,,,,,,,,,,,,,,,,,,,,,,,,,,,,,,,,,,,,,,,,,,High,High,High,,,,,
3,2025-05-04,12:07:27.69,1,3,"Cassedy, Brandon",1000183671,Right,GEO_PAT,"Kelsey, Alex",1000263851,Left,STJ_HAW,Undefined,1,Top,0,0,2,Fastball,Four-Seam,InPlay,Undefined,GroundBall,Out,1,0,,90.62653,-2.245589,-0.238503,2429.189836,187.746327,12:15,5.8092,0.43138,6.13001,-14.74265,18.79552,2.4187,2.50377,0.41246,83.29931,-5.062932,0.197607,0.416813,69.11348,-35.643029,-40.939808,,,,,5.00775,5.00775,-32.783059,0.04244,-1.31917,10.63949,-0.41441,50,5.6297,0.44983,-131.70555,-5.57086,-2.32881,26.64986,-13.3914,GEO_PAT,STJ_HAW,SpuhlerFieldMain,D1,A10,20250504-SpuhlerFieldMain-1,e0738aa0-2901-11f0-84c1-cbb9d7630631,90.4301,2.51639,,7.32722,,,,1.55924,2.51639,-0.41198,40d32ed5-cd22-4191-9dae-36c451206e6c,2025-05-04,16:07:27.69,2025-05-04T12:07:27.6904448-04:00,2025-05-04T16:07:27.6904448Z,GroundBall,v3,471300,471426,04 May 2025 13:00-stjosephs@georgemas,"Barenz, Nick",1000218914,Right,GEO_PAT,114f4d39-55b8-44cc-b628-4fa3c783d1da,54.37282,-132.58741,13.32493,5.80671,-5.12773,-6.6957,-0.43057,0.52689,-1.1644,,1.55763,62.46189,,,,,,,,2.51791,-59.29231,,,,,,,,-0.41058,-54.18219,,,,,,,,,,,,,,,,,,,,,,,,,,,,,,High,High,High,Estimated,Estimated,,,
4,2025-05-04,12:08:09.24,2,1,"Cassedy, Brandon",1000183671,Right,GEO_PAT,"Applegate, Carson",1000069466,Right,STJ_HAW,Undefined,1,Top,1,0,0,Cutter,Slider,BallCalled,Undefined,Undefined,Undefined,0,0,,78.67531,-1.920104,-1.784227,2504.533369,91.916032,9:00,5.5852,0.66175,5.82392,-43.27928,1.63795,-11.3026,0.19189,-1.93952,73.38072,-9.793798,-3.813376,0.482367,,,,,,,,,,,,5.4067,1.63803,-0.50871,50,5.40183,3.96315,-114.34404,-5.19201,7.2105,19.63835,-29.98952,GEO_PAT,STJ_HAW,SpuhlerFieldMain,D1,A10,20250504-SpuhlerFieldMain-1,f93854d0-2901-11f0-84c1-cbb9d7630631,78.14053,,,5.29459,,,,,,,40d32ed5-cd22-4191-9dae-36c451206e6c,2025-05-04,16:08:09.24,2025-05-04T12:08:09.2499456-04:00,2025-05-04T16:08:09.2499456Z,,v3,471300,471426,04 May 2025 13:00-stjosephs@georgemas,"Barenz, Nick",1000218914,Right,GEO_PAT,670d1b36-08fd-4831-ab57-d8235d9c1429,54.68181,-115.14532,9.81917,5.58871,-3.96838,-14.99476,-0.66442,3.66895,3.60525,,,,,,,,,,,,,,,,,,,,,,,,,,,,,,,,,,,,,,,,,,,,,,,,,,,High,High,High,,,,,
5,2025-05-04,12:08:33.05,2,2,"Cassedy, Brandon",1000183671,Right,GEO_PAT,"Applegate, Carson",1000069466,Right,STJ_HAW,Undefined,1,Top,1,1,0,Cutter,Slider,StrikeSwinging,Undefined,Undefined,Undefined,0,0,,84.84497,-0.772898,-0.438001,2501.531339,134.150623,10:30,5.74016,0.45417,5.78604,-28.93198,9.45682,-8.67804,2.61,-0.67651,78.8575,-6.107134,-1.993289,0.445937,,,,,,,,,,,,4.33859,5.34048,-0.41275,50,5.65884,1.28919,-123.43535,-2.62107,6.79205,21.18749,-23.81355,GEO_PAT,STJ_HAW,SpuhlerFieldMain,D1,A10,20250504-SpuhlerFieldMain-1,076cce50-2902-11f0-84c1-cbb9d7630631,84.52408,,,5.98747,,,,,,,40d32ed5-cd22-4191-9dae-36c451206e6c,2025-05-04,16:08:33.05,2025-05-04T12:08:33.0534912-04:00,2025-05-04T16:08:33.0534912Z,,v3,471300,471426,04 May 2025 13:00-stjosephs@georgemas,"Barenz, Nick",1000218914,Right,GEO_PAT,26ce83c4-f6bc-4143-9b35-366d9de593e6,54.7176,-124.24247,10.59374,5.74141,-1.7139,-11.90678,-0.45693,1.03045,3.39602,,,,,,,,,,,,,,,,,,,,,,,,,,,,,,,,,,,,,,,,,,,,,,,,,,,High,High,High,,,,,
6,2025-05-04,12:08:53.08,2,3,"Cassedy, Brandon",1000183671,Right,GEO_PAT,"Applegate, Carson",1000069466,Right,STJ_HAW,Undefined,1,Top,1,1,1,Curveball,Slider,InPlay,Undefined,Popup,Out,1,0,,79.75165,-0.917241,-0.419719,2397.18172,122.409769,10:00,5.59947,0.61285,5.93616,-34.77179,8.79973,-11.83705,1.85074,-0.76298,73.71632,-7.341075,-2.547961,0.475087,75.45216,62.17681,19.145307,,96.2959,99.87377,53.17037,145.62227,145.62227,29.841999,5.470326,6.00634,5.14095,-0.57248,50,5.50642,1.28156,-115.9602,-2.91441,8.21938,20.66681,-25.13896,GEO_PAT,STJ_HAW,SpuhlerFieldMain,D1,A10,20250504-SpuhlerFieldMain-1,135c87f0-2902-11f0-84c1-cbb9d7630631,79.33805,120.5711,,6.03533,,,,1.82898,1.69384,0.34658,40d32ed5-cd22-4191-9dae-36c451206e6c,2025-05-04,16:08:53.08,2025-05-04T12:08:53.0828288-04:00,2025-05-04T16:08:53.0828288Z,Popup,v3,471300,471426,04 May 2025 13:00-stjosephs@georgemas,"Barenz, Nick",1000218914,Right,GEO_PAT,03957676-a07c-46ce-8c4c-54bbca720ac6,54.56747,-116.77139,10.33341,5.60144,-1.92768,-12.56948,-0.61645,0.95894,4.10969,190.50297,1.83612,48.64431,-15.26134,3.92861,-0.25926,-0.18901,0.06798,-0.00939,0.00048,1.68113,98.09022,-24.94832,3.25089,-0.97247,0.25028,-0.0392,0.00283,-6E-05,0.35037,16.87137,-0.85198,-0.34466,0.30619,-0.11158,0.0217,-0.00215,9E-05,,,,,,,,,,,,,,,,,,,,,,,High,High,High,High,Low,,,
7,2025-05-04,12:09:31.69,3,1,"Cassedy, Brandon",1000183671,Right,GEO_PAT,"Pagano, Joey",10113708,Left,STJ_HAW,Undefined,1,Top,2,0,0,Fastball,Four-Seam,StrikeCalled,Undefined,Undefined,Undefined,0,0,,89.77831,-3.066133,-0.840673,2304.884976,193.79482,12:30,5.72667,0.60661,6.2788,-13.52457,20.4297,4.76677,1.7703,0.22886,82.72921,-5.66459,0.021088,0.419391,,,,,,,,,,,,-2.69721,11.73146,-0.54677,50,5.49316,1.72436,-130.42418,-7.32528,-4.68106,25.48558,-11.81375,GEO_PAT,STJ_HAW,SpuhlerFieldMain,D1,A10,20250504-SpuhlerFieldMain-1,2a5e1e50-2902-11f0-84c1-cbb9d7630631,89.87432,,,7.04909,,,,,,,40d32ed5-cd22-4191-9dae-36c451206e6c,2025-05-04,16:09:31.69,2025-05-04T12:09:31.6911104-04:00,2025-05-04T16:09:31.6911104Z,,v3,471300,471426,04 May 2025 13:00-stjosephs@georgemas,"Barenz, Nick",1000218914,Right,GEO_PAT,80f95082-ed99-4e4a-8895-047f16ad9e65,54.22389,-131.24696,12.74279,5.72349,-6.94388,-5.90687,-0.60488,1.87549,-2.34053,,,,,,,,,,,,,,,,,,,,,,,,,,,,,,,,,,,,,,,,,,,,,,,,,,,High,High,High,,,,,
8,2025-05-04,12:09:49.24,3,2,"Cassedy, Brandon",1000183671,Right,GEO_PAT,"Pagano, Joey",10113708,Left,STJ_HAW,Undefined,1,Top,2,0,1,Fastball,Four-Seam,BallCalled,Undefined,Undefined,Undefined,0,0,,89.97494,-3.843423,-1.208277,2363.567967,184.328921,12:15,5.70085,0.33503,6.48061,-14.21922,19.41887,1.39264,0.98054,-0.6586,82.92019,-6.568717,-0.955572,0.417433,,,,,,,,,,,,-1.05307,11.54012,-0.25066,50,5.42362,2.70295,-130.6358,-9.13616,-1.8303,26.03708,-12.11703,GEO_PAT,STJ_HAW,SpuhlerFieldMain,D1,A10,20250504-SpuhlerFieldMain-1,34caba60-2902-11f0-84c1-cbb9d7630631,90.29569,,,7.05475,,,,,,,40d32ed5-cd22-4191-9dae-36c451206e6c,2025-05-04,16:09:49.24,2025-05-04T12:09:49.2459008-04:00,2025-05-04T16:09:49.2459008Z,,v3,471300,471426,04 May 2025 13:00-stjosephs@georgemas,"Barenz, Nick",1000218914,Right,GEO_PAT,8ba1e5ac-2a75-4d43-96a0-59330623c9ff,54.0233,-131.43524,13.01854,5.69843,-8.76412,-6.05851,-0.33451,2.75914,-0.91515,,,,,,,,,,,,,,,,,,,,,,,,,,,,,,,,,,,,,,,,,,,,,,,,,,,High,High,High,,,,,
9,2025-05-04,12:10:12.78,3,3,"Cassedy, Brandon",1000183671,Right,GEO_PAT,"Pagano, Joey",10113708,Left,STJ_HAW,Undefined,1,Top,2,1,1,Cutter,Slider,BallCalled,Undefined,Undefined,Undefined,0,0,,84.45062,-1.919071,-0.956153,2536.976967,117.741149,10:00,5.72576,0.5556,5.84511,-33.11939,5.36717,-8.37745,1.18139,-1.03121,79.21614,-7.967747,-2.460382,0.446504,,,,,,,,,,,,4.14603,3.43323,-0.47251,50,5.54944,2.36585,-122.90675,-5.21591,6.46799,19.8198,-26.81803,GEO_PAT,STJ_HAW,SpuhlerFieldMain,D1,A10,20250504-SpuhlerFieldMain-1,42da94e0-2902-11f0-84c1-cbb9d7630631,84.41672,,,5.23447,,,,,,,40d32ed5-cd22-4191-9dae-36c451206e6c,2025-05-04,16:10:12.78,2025-05-04T12:10:12.7876608-04:00,2025-05-04T16:10:12.7876608Z,,v3,471300,471426,04 May 2025 13:00-stjosephs@georgemas,"Barenz, Nick",1000218914,Right,GEO_PAT,686475b8-a4b3-40b2-875c-56f949bd9ec6,54.66116,-123.65612,9.9099,5.72747,-4.20194,-13.40901,-0.55734,2.1213,3.234,,,,,,,,,,,,,,,,,,,,,,,,,,,,,,,,,,,,,,,,,,,,,,,,,,,High,High,High,,,,,
10,2025-05-04,12:10:38.11,3,4,"Cassedy, Brandon",1000183671,Right,GEO_PAT,"Pagano, Joey",10113708,Left,STJ_HAW,Undefined,1,Top,2,2,1,Fastball,Four-Seam,BallCalled,Undefined,Undefined,Undefined,0,0,,88.99271,-3.732809,-0.176768,2241.211819,191.597043,12:30,5.7625,0.63002,6.3275,-14.12505,20.41048,3.97512,1.14284,0.79849,82.07412,-6.437066,0.542697,0.422965,,,,,,,,,,,,-2.14236,11.97835,-0.61906,50,5.48284,0.24841,-129.24071,-8.79413,-3.64766,25.25438,-11.77923,GEO_PAT,STJ_HAW,SpuhlerFieldMain,D1,A10,20250504-SpuhlerFieldMain-1,51ea5330-2902-11f0-84c1-cbb9d7630631,89.11477,,,6.91858,,,,,,,40d32ed5-cd22-4191-9dae-36c451206e6c,2025-05-04,16:10:38.11,2025-05-04T12:10:38.1163008-04:00,2025-05-04T16:10:38.1163008Z,,v3,471300,471426,04 May 2025 13:00-stjosephs@georgemas,"Barenz, Nick",1000218914,Right,GEO_PAT,326da049-6ff6-467b-8c70-4fa220b78112,54.17675,-130.05431,12.62719,5.76004,-8.41465,-5.88961,-0.62895,0.36592,-1.82383,,,,,,,,,,,,,,,,,,,,,,,,,,,,,,,,,,,,,,,,,,,,,,,,,,,High,High,High,,,,,
11,2025-05-04,12:11:04.52,3,5,"Cassedy, Brandon",1000183671,Right,GEO_PAT,"Pagano, Joey",10113708,Left,STJ_HAW,Undefined,1,Top,2,3,1,Fastball,Four-Seam,BallCalled,Walk,Undefined,Undefined,0,0,,89.5219,-1.703799,0.605215,2257.207616,194.168777,12:30,5.69765,0.52584,6.26969,-13.4882,20.7032,4.96551,3.00227,1.49763,82.1964,-4.310264,1.502556,0.420852,,,,,,,,,,,,-2.42232,11.53473,-0.57298,50,5.56468,-1.57283,-130.14627,-4.20173,-4.17299,26.18542,-12.30293,GEO_PAT,STJ_HAW,SpuhlerFieldMain,D1,A10,20250504-SpuhlerFieldMain-1,61b74700-2902-11f0-84c1-cbb9d7630631,89.56214,,,7.32551,,,,,,,40d32ed5-cd22-4191-9dae-36c451206e6c,2025-05-04,16:11:04.52,2025-05-04T12:11:04.5228032-04:00,2025-05-04T16:11:04.5228032Z,,v3,471300,471426,04 May 2025 13:00-stjosephs@georgemas,"Barenz, Nick",1000218914,Right,GEO_PAT,2da9c694-d680-40df-b8de-df2810dc11f0,54.23256,-130.99509,13.09271,5.69441,-3.80292,-6.15146,-0.52419,-1.43756,-2.08649,,,,,,,,,,,,,,,,,,,,,,,,,,,,,,,,,,,,,,,,,,,,,,,,,,,High,High,High,,,,,
12,2025-05-04,12:11:40.34,4,1,"Cassedy, Brandon",1000183671,Right,GEO_PAT,"Petrich, Owen",1000125049,Right,STJ_HAW,Undefined,1,Top,2,0,0,Cutter,Slider,StrikeCalled,Undefined,Undefined,Undefined,0,0,,84.39885,-1.426872,-0.74614,2524.822627,134.468062,10:30,5.72071,0.66077,5.74229,-29.78667,9.09878,-8.20012,1.90947,-0.71739,78.5458,-6.900136,-2.214876,0.448813,,,,,,,,,,,,4.03347,5.30225,-0.59346,50,5.58346,1.92083,-122.75421,-4.04547,6.24275,21.03471,-23.96756,GEO_PAT,STJ_HAW,SpuhlerFieldMain,D1,A10,20250504-SpuhlerFieldMain-1,770f9a30-2902-11f0-84c1-cbb9d7630631,83.98258,,,5.85305,,,,,,,40d32ed5-cd22-4191-9dae-36c451206e6c,2025-05-04,16:11:40.34,2025-05-04T12:11:40.3470848-04:00,2025-05-04T16:11:40.3470848Z,,v3,471300,471426,04 May 2025 13:00-stjosephs@georgemas,"Barenz, Nick",1000218914,Right,GEO_PAT,54c2d61e-bfbb-4e02-845e-10f2e4ef7bba,54.76198,-123.56751,10.51736,5.72196,-3.11877,-11.98378,-0.66306,1.67946,3.12137,,,,,,,,,,,,,,,,,,,,,,,,,,,,,,,,,,,,,,,,,,,,,,,,,,,High,High,High,,,,,
13,2025-05-04,12:12:01.54,4,2,"Cassedy, Brandon",1000183671,Right,GEO_PAT,"Petrich, Owen",1000125049,Right,STJ_HAW,Undefined,1,Top,2,0,1,Curveball,Slider,BallCalled,Undefined,Undefined,Undefined,0,0,,79.5503,-2.527013,-1.453624,2416.296873,111.912057,9:45,5.66523,0.7881,5.88796,-38.39754,5.74713,-10.9341,0.11655,-1.47321,73.62703,-9.55376,-3.419027,0.478201,,,,,,,,,,,,5.28626,3.99579,-0.66417,50,5.4387,3.32235,-115.50698,-6.28349,7.14314,21.47491,-26.77468,GEO_PAT,STJ_HAW,SpuhlerFieldMain,D1,A10,20250504-SpuhlerFieldMain-1,83b25020-2902-11f0-84c1-cbb9d7630631,78.82131,,,5.92327,,,,,,,40d32ed5-cd22-4191-9dae-36c451206e6c,2025-05-04,16:12:01.54,2025-05-04T12:12:01.5437312-04:00,2025-05-04T16:12:01.5437312Z,,v3,471300,471426,04 May 2025 13:00-stjosephs@georgemas,"Barenz, Nick",1000218914,Right,GEO_PAT,ea22ac2a-375c-4fab-b019-d8331a5996ed,54.61665,-116.36213,10.73745,5.66769,-5.21729,-13.38734,-0.79081,3.0379,3.57157,,,,,,,,,,,,,,,,,,,,,,,,,,,,,,,,,,,,,,,,,,,,,,,,,,,High,High,High,,,,,
14,2025-05-04,12:12:36.33,4,3,"Cassedy, Brandon",1000183671,Right,GEO_PAT,"Petrich, Owen",1000125049,Right,STJ_HAW,Undefined,1,Top,2,1,1,Cutter,Slider,StrikeCalled,Undefined,Undefined,Undefined,0,0,,85.80665,-0.673205,-1.05557,2486.685788,137.578832,10:30,5.78927,0.50202,5.75614,-28.9125,8.56705,-6.94063,2.75307,-1.05912,79.96095,-5.991158,-2.29834,0.440625,,,,,,,,,,,,3.31473,4.83323,-0.41009,50,5.71555,2.57898,-124.85384,-2.44312,5.32472,20.97451,-24.41004,GEO_PAT,STJ_HAW,SpuhlerFieldMain,D1,A10,20250504-SpuhlerFieldMain-1,986eff90-2902-11f0-84c1-cbb9d7630631,85.54322,,,5.8457,,,,,,,40d32ed5-cd22-4191-9dae-36c451206e6c,2025-05-04,16:12:36.33,2025-05-04T12:12:36.3387392-04:00,2025-05-04T16:12:36.3387392Z,,v3,471300,471426,04 May 2025 13:00-stjosephs@georgemas,"Barenz, Nick",1000218914,Right,GEO_PAT,28b5195c-37e7-4aa1-93a8-b24c4f615b01,54.748,-125.64894,10.48726,5.79063,-1.51779,-12.20502,-0.50403,2.37713,2.66236,,,,,,,,,,,,,,,,,,,,,,,,,,,,,,,,,,,,,,,,,,,,,,,,,,,High,High,High,,,,,
15,2025-05-04,12:12:58.75,4,4,"Cassedy, Brandon",1000183671,Right,GEO_PAT,"Petrich, Owen",1000125049,Right,STJ_HAW,Undefined,1,Top,2,1,2,Curveball,Slider,InPlay,Undefined,LineDrive,Out,1,0,,80.17944,0.370817,-0.859821,2387.038889,111.038855,9:45,5.66478,0.84629,5.69406,-39.2003,3.93465,-7.24563,2.74374,-0.55892,74.61717,-6.805893,-2.156112,0.472701,105.59969,13.96589,0.971788,2129.261751,109.77654,26.77037,7.00222,313.24006,308.77266,8.319385,3.236664,3.50949,2.24449,-0.76929,50,5.67105,2.02323,-116.65358,-0.52356,4.90533,18.99394,-29.03686,GEO_PAT,STJ_HAW,SpuhlerFieldMain,D1,A10,20250504-SpuhlerFieldMain-1,a5cca110-2902-11f0-84c1-cbb9d7630631,79.73851,33.61025,,5.56227,,,,1.57118,2.79072,0.5365,40d32ed5-cd22-4191-9dae-36c451206e6c,2025-05-04,16:12:58.75,2025-05-04T12:12:58.7506688-04:00,2025-05-04T16:12:58.7506688Z,LineDrive,v3,471300,471426,04 May 2025 13:00-stjosephs@georgemas,"Barenz, Nick",1000218914,Right,GEO_PAT,98742847-a095-4de1-bd2f-9ac49d6762dc,54.81072,-117.43427,9.49697,5.66804,0.6699,-14.51843,-0.84831,1.8216,2.45267,209.33426,1.57116,150.28202,-32.11178,8.13667,-1.77661,0.34212,-0.05414,0.00587,-0.00031,2.79078,37.37212,-9.12443,-2.54264,1.10046,-0.30966,0.05964,-0.00691,0.00036,0.53652,2.547,7.82926,-2.62486,0.72048,-0.16564,0.02927,-0.00337,0.00018,,,,,,,,,,,,,,,,,,,,,,,High,High,High,High,High,,,
16,2025-05-04,12:15:51.53,1,1,"Book, Colton",10038706,Left,STJ_HAW,"Clyne, Owen",1000230336,Left,GEO_PAT,Undefined,1,Bottom,0,0,0,Fastball,Four-Seam,StrikeCalled,Undefined,Undefined,Undefined,0,0,,87.50568,-1.003195,4.02484,2166.640809,152.392999,11:00,5.33185,-2.72016,7.04585,-18.84576,15.81898,-7.75552,2.84772,0.29574,80.77501,-4.618447,2.607668,0.423755,,,,,,,,,,,,5.13583,9.02363,2.47836,50,5.2643,-8.67621,-127.14795,-2.67095,8.49517,23.52552,-17.24811,GEO_PAT,STJ_HAW,SpuhlerFieldMain,D1,A10,20250504-SpuhlerFieldMain-1,0cc98720-2903-11f0-84c1-cbb9d7630631,88.94858,,,6.73067,,,,,,,40d32ed5-cd22-4191-9dae-36c451206e6c,2025-05-04,16:15:51.53,2025-05-04T12:15:51.5365376-04:00,2025-05-04T16:15:51.5365376Z,,v3,471300,471426,04 May 2025 13:00-stjosephs@georgemas,"Primrose, Blake",10091373,Right,STJ_HAW,ef9c4e4b-69b4-45e5-828a-2b0d81d7f0de,53.45668,-127.78592,11.76276,5.33039,-2.20322,-8.62406,2.71677,-8.90659,4.24758,,,,,,,,,,,,,,,,,,,,,,,,,,,,,,,,,,,,,,,,,,,,,,,,,,,High,High,High,,,,,
17,2025-05-04,12:16:09.12,1,2,"Book, Colton",10038706,Left,STJ_HAW,"Clyne, Owen",1000230336,Left,GEO_PAT,Undefined,1,Bottom,0,0,1,Slider,Cutter,BallCalled,Undefined,Undefined,Undefined,0,0,,83.44979,-1.488187,4.190968,2015.122249,212.228007,1:00,5.17859,-2.83413,6.59726,-29.21072,9.35493,5.27575,1.37688,1.45226,78.01598,-6.916487,5.145934,0.446963,,,,,,,,,,,,-1.83484,5.5902,2.54532,50,5.06425,-9.06277,-121.22494,-3.9734,-2.77782,19.83972,-23.71096,GEO_PAT,STJ_HAW,SpuhlerFieldMain,D1,A10,20250504-SpuhlerFieldMain-1,1740d190-2903-11f0-84c1-cbb9d7630631,84.33006,,,5.43381,,,,,,,40d32ed5-cd22-4191-9dae-36c451206e6c,2025-05-04,16:16:09.12,2025-05-04T12:16:09.1237888-04:00,2025-05-04T16:16:09.1237888Z,,v3,471300,471426,04 May 2025 13:00-stjosephs@georgemas,"Primrose, Blake",10091373,Right,STJ_HAW,ce678d08-d010-4b11-91ba-2a009a96fb44,53.90719,-121.86272,9.91986,5.17972,-3.21118,-11.85548,2.83522,-8.97347,-1.38891,,,,,,,,,,,,,,,,,,,,,,,,,,,,,,,,,,,,,,,,,,,,,,,,,,,High,High,High,,,,,
18,2025-05-04,12:16:27.46,1,3,"Book, Colton",10038706,Left,STJ_HAW,"Clyne, Owen",1000230336,Left,GEO_PAT,Undefined,1,Bottom,0,1,1,Slider,Slider,StrikeSwinging,Undefined,Undefined,Undefined,0,0,,83.43855,-0.641933,3.241456,1956.770244,226.950717,1:30,5.25583,-2.85478,6.54794,-32.56518,5.93985,5.32453,1.95239,0.56481,78.0366,-6.684878,4.206522,0.446612,,,,,,,,,,,,-2.08181,3.57398,2.62821,50,5.19725,-7.05786,-121.38389,-2.30239,-3.16325,19.65524,-26.74349,GEO_PAT,STJ_HAW,SpuhlerFieldMain,D1,A10,20250504-SpuhlerFieldMain-1,222cfde0-2903-11f0-84c1-cbb9d7630631,84.39642,,,5.40194,,,,,,,40d32ed5-cd22-4191-9dae-36c451206e6c,2025-05-04,16:16:27.46,2025-05-04T12:16:27.4696704-04:00,2025-05-04T16:16:27.4696704Z,,v3,471300,471426,04 May 2025 13:00-stjosephs@georgemas,"Primrose, Blake",10091373,Right,STJ_HAW,5dda7ee0-4269-45b9-abe5-76880315696b,53.95689,-122.02294,9.82762,5.25797,-1.43289,-13.37175,2.85601,-6.95501,-1.58163,,,,,,,,,,,,,,,,,,,,,,,,,,,,,,,,,,,,,,,,,,,,,,,,,,,High,High,High,,,,,
19,2025-05-04,12:16:47.97,1,4,"Book, Colton",10038706,Left,STJ_HAW,"Clyne, Owen",1000230336,Left,GEO_PAT,Undefined,1,Bottom,0,1,2,Fastball,Four-Seam,BallCalled,Undefined,Undefined,Undefined,0,0,,88.90104,-1.914852,4.819513,2262.335808,161.963216,11:30,5.53106,-2.4678,6.87459,-16.96131,16.91611,-5.19481,2.3656,1.50214,82.1832,-5.16076,3.875466,0.418915,,,,,,,,,,,,3.92839,9.75981,2.16278,50,5.40235,-10.68346,-128.95734,-4.73055,6.69329,23.85356,-15.545,GEO_PAT,STJ_HAW,SpuhlerFieldMain,D1,A10,20250504-SpuhlerFieldMain-1,2e4a3020-2903-11f0-84c1-cbb9d7630631,89.97624,,,6.71784,,,,,,,40d32ed5-cd22-4191-9dae-36c451206e6c,2025-05-04,16:16:47.97,2025-05-04T12:16:47.9762432-04:00,2025-05-04T16:16:47.9762432Z,,v3,471300,471426,04 May 2025 13:00-stjosephs@georgemas,"Primrose, Blake",10091373,Right,STJ_HAW,71b47f05-0b3e-48b5-8c43-9d2b854dae3f,53.62762,-129.62661,11.92678,5.52896,-4.2944,-7.7725,2.46516,-10.87126,3.34665,,,,,,,,,,,,,,,,,,,,,,,,,,,,,,,,,,,,,,,,,,,,,,,,,,,High,High,High,,,,,
20,2025-05-04,12:17:07.24,1,5,"Book, Colton",10038706,Left,STJ_HAW,"Clyne, Owen",1000230336,Left,GEO_PAT,Undefined,1,Bottom,0,2,2,Fastball,Four-Seam,FoulBallNotFieldable,Undefined,Undefined,Undefined,0,0,,88.86073,-0.666095,3.434295,2273.196315,143.438608,10:45,5.29008,-2.6243,7.03683,-18.55036,15.0895,-10.46697,3.13791,-0.37256,81.82728,-4.230691,1.519291,0.417444,77.39482,65.363631,-62.673577,5052.291568,16.17116,114.8862,-108.80476,164.57867,75.88886,-83.791564,5.370505,6.50992,8.56103,2.41887,50,5.2431,-7.39452,-129.22325,-1.94991,11.09148,25.00857,-17.58793,GEO_PAT,STJ_HAW,SpuhlerFieldMain,D1,A10,20250504-SpuhlerFieldMain-1,39e14270-2903-11f0-84c1-cbb9d7630631,90.29335,122.82969,,7.03345,,,,2.19857,2.31299,0.67026,40d32ed5-cd22-4191-9dae-36c451206e6c,2025-05-04,16:17:07.24,2025-05-04T12:17:07.2442368-04:00,2025-05-04T16:17:07.2442368Z,Popup,v3,471300,471426,04 May 2025 13:00-stjosephs@georgemas,"Primrose, Blake",10091373,Right,STJ_HAW,97832afe-b4a5-444f-ab4d-6210b10ab280,53.46713,-129.89251,12.50428,5.28898,-1.47924,-8.79397,2.62073,-7.69135,5.54574,,2.19676,21.66121,-11.86372,2.40027,0.80608,-0.72778,0.2143,-0.02886,0.00149,2.33258,102.78419,-25.82265,0.65015,1.4456,-0.76583,0.18325,-0.02173,0.00103,0.65534,-41.76199,2.81448,1.00744,-1.02947,0.38982,-0.07483,0.00708,-0.00026,,,,,,,,,,,,,,,,,,,,,,,High,High,High,Medium,Low,,,
21,2025-05-04,12:17:34.04,1,6,"Book, Colton",10038706,Left,STJ_HAW,"Clyne, Owen",1000230336,Left,GEO_PAT,Undefined,1,Bottom,0,2,2,Fastball,Four-Seam,StrikeCalled,Strikeout,Undefined,Undefined,0,0,,90.12358,-2.228555,3.617141,2221.442984,164.406143,11:30,5.35423,-2.40625,7.15383,-15.84843,16.88032,-4.43441,2.00825,0.50757,82.83939,-5.296311,2.804601,0.411752,,,,,,,,,,,,3.3376,9.9669,2.19509,50,5.21782,-8.11806,-130.8969,-5.44775,5.81569,26.51424,-14.80696,GEO_PAT,STJ_HAW,SpuhlerFieldMain,D1,A10,20250504-SpuhlerFieldMain-1,49dc4b20-2903-11f0-84c1-cbb9d7630631,91.54153,,,7.28419,,,,,,,40d32ed5-cd22-4191-9dae-36c451206e6c,2025-05-04,16:17:34.04,2025-05-04T12:17:34.0470000-04:00,2025-05-04T16:17:34.0470000Z,,v3,471300,471426,04 May 2025 13:00-stjosephs@georgemas,"Primrose, Blake",10091373,Right,STJ_HAW,b88a8966-967f-4980-bf11-1e49fe553d88,53.34821,-131.57336,13.25712,5.35199,-5.06998,-7.40348,2.4041,-8.26643,2.90784,,,,,,,,,,,,,,,,,,,,,,,,,,,,,57.32115,,1.982208,,-0.05374,1.87047,-0.57931,-3.32256,5.85495,-2.25011,,,,-2.99795,71.97649,-5.1334,6.05412,28.21865,-14.20543,-2.32155,-25.35675,1.33872,High,High,High,,,High,High,Low
22,2025-05-04,12:18:15.08,2,1,"Book, Colton",10038706,Left,STJ_HAW,"Hull, Owen",10054797,Left,GEO_PAT,Undefined,1,Bottom,1,0,0,Slider,Cutter,FoulBallNotFieldable,Undefined,Undefined,Undefined,0,0,,81.84969,0.270275,2.674153,1930.186083,206.050357,12:45,5.23995,-2.64739,6.61393,-30.1075,10.1643,4.41044,2.97882,0.17129,75.60886,-5.385172,3.474871,0.456743,86.13357,55.191338,-33.798982,,,,,,76.29755,,,-1.65374,5.63075,2.46365,50,5.24569,-5.70816,-119.0357,-0.25046,-2.39016,21.28482,-24.03594,GEO_PAT,STJ_HAW,SpuhlerFieldMain,D1,A10,20250504-SpuhlerFieldMain-1,625edc30-2903-11f0-84c1-cbb9d7630631,82.52443,102.492,,6.24083,,,,2.70596,2.81677,-0.14902,40d32ed5-cd22-4191-9dae-36c451206e6c,2025-05-04,16:18:15.08,2025-05-04T12:18:15.0840832-04:00,2025-05-04T16:18:15.0840832Z,,v3,471300,471426,04 May 2025 13:00-stjosephs@georgemas,"Primrose, Blake",10091373,Right,STJ_HAW,00405cf6-3985-40c9-b5e3-a6d9b0894c33,53.88986,-119.72923,10.64241,5.24109,0.5327,-12.01797,2.64837,-5.63028,-1.19508,157.320097,2.70596,59.92582,-22.37722,7.26289,-1.94583,0.49254,-0.12232,0.02549,-0.00298,2.81677,103.7241,-26.14493,2.42653,-0.181,-0.04922,0.02231,-0.00403,0.00029,-0.14902,-40.1153,2.99608,0.07842,-0.21917,0.08982,-0.02421,0.00411,-0.00032,,,,,,,,,,,,,,,,,,,,,,,High,High,High,High,Undefined,,,
23,2025-05-04,12:19:09.24,2,2,"Book, Colton",10038706,Left,STJ_HAW,"Hull, Owen",10054797,Left,GEO_PAT,Undefined,1,Bottom,1,0,1,Fastball,Four-Seam,BallCalled,Undefined,Undefined,Undefined,0,0,,87.54121,-1.370149,2.448621,2156.828417,142.424184,10:45,5.34523,-2.5967,6.97985,-20.36718,14.48757,-10.32981,2.40036,-1.22901,80.38972,-5.272469,0.557505,0.424915,,,,,,,,,,,,6.15642,8.4289,2.44853,50,5.2534,-5.07794,-127.30646,-3.54452,10.13525,25.36421,-18.29761,GEO_PAT,STJ_HAW,SpuhlerFieldMain,D1,A10,20250504-SpuhlerFieldMain-1,82a49430-2903-11f0-84c1-cbb9d7630631,88.70579,,,7.1515,,,,,,,40d32ed5-cd22-4191-9dae-36c451206e6c,2025-05-04,16:19:09.24,2025-05-04T12:19:09.2481536-04:00,2025-05-04T16:19:09.2481536Z,,v3,471300,471426,04 May 2025 13:00-stjosephs@georgemas,"Primrose, Blake",10091373,Right,STJ_HAW,9696baba-c959-4d7a-80da-f726f409d5fd,53.52233,-128.00632,12.68211,5.34424,-3.03965,-9.14881,2.5925,-5.3576,5.06762,,,,,,,,,,,,,,,,,,,,,,,,,,,,,,,,,,,,,,,,,,,,,,,,,,,High,High,High,,,,,
24,2025-05-04,12:19:30.78,2,3,"Book, Colton",10038706,Left,STJ_HAW,"Hull, Owen",10054797,Left,GEO_PAT,Undefined,1,Bottom,1,1,1,Slider,Cutter,FoulBallNotFieldable,Undefined,Undefined,Undefined,0,0,,83.21303,-1.595411,2.839244,1835.896025,196.82954,12:30,5.23319,-2.71208,6.62167,-29.1647,9.68764,2.60606,1.33954,0.1074,77.32718,-7.043371,3.312789,0.448622,53.84368,-28.906506,71.809747,,,,,5.70965,5.70965,30.330751,0.043097,-0.69028,5.8217,2.51817,50,5.11245,-6.08828,-121.01044,-4.1758,-1.03463,21.22244,-23.44826,GEO_PAT,STJ_HAW,SpuhlerFieldMain,D1,A10,20250504-SpuhlerFieldMain-1,8f731510-2903-11f0-84c1-cbb9d7630631,84.01834,1.65187,,5.88585,,,,3.99426,1.65187,0.04127,40d32ed5-cd22-4191-9dae-36c451206e6c,2025-05-04,16:19:30.78,2025-05-04T12:19:30.7869184-04:00,2025-05-04T16:19:30.7869184Z,GroundBall,v3,471300,471426,04 May 2025 13:00-stjosephs@georgemas,"Primrose, Blake",10091373,Right,STJ_HAW,5c280d7a-b7fb-497a-ab60-399d2b555747,53.88328,-121.68957,10.61122,5.23407,-3.42544,-11.72413,2.71246,-6.05517,-0.51731,,3.99365,21.66927,,,,,,,,1.65295,-38.329,,,,,,,,0.03941,65.94527,,,,,,,,,,,,,,,,,,,,,,,,,,,,,,High,High,High,Estimated,Estimated,,,
25,2025-05-04,12:20:03.65,2,4,"Book, Colton",10038706,Left,STJ_HAW,"Hull, Owen",10054797,Left,GEO_PAT,Undefined,1,Bottom,1,1,2,Fastball,Four-Seam,StrikeCalled,Strikeout,Undefined,Undefined,0,0,,90.21138,-1.32927,3.926579,2360.362496,153.187504,11:00,5.35832,-2.35959,7.13557,-16.61418,15.94402,-7.58012,2.76533,0.57508,83.11819,-4.535431,2.538752,0.410678,,,,,,,,,,,,5.05611,9.19233,2.12971,50,5.27405,-8.72913,-131.08242,-3.42408,8.87071,25.54098,-16.04658,GEO_PAT,STJ_HAW,SpuhlerFieldMain,D1,A10,20250504-SpuhlerFieldMain-1,a30d8ba0-2903-11f0-84c1-cbb9d7630631,91.78099,,,7.09319,,,,,,,40d32ed5-cd22-4191-9dae-36c451206e6c,2025-05-04,16:20:03.65,2025-05-04T12:20:03.6570000-04:00,2025-05-04T16:20:03.6570000Z,,v3,471300,471426,04 May 2025 13:00-stjosephs@georgemas,"Primrose, Blake",10091373,Right,STJ_HAW,7af63727-4bf9-489a-8226-49185aeefb4f,53.367,-131.73683,12.77049,5.35651,-3.01294,-8.02329,2.35629,-8.95642,4.43536,,,,,,,,,,,,,,,,,,,,,,,,,,,,,56.36318,2.818456,1.379686,1.43877,-1.473,2.53065,-0.70125,-3.27404,5.9987,-0.33906,85.00588,17.06501,-39.78651,-2.96396,68.35504,-4.94944,6.22399,28.4206,-14.46267,-0.4461,-30.06642,1.87089,High,High,High,,,High,High,High
26,2025-05-04,12:20:55.37,3,1,"Book, Colton",10038706,Left,STJ_HAW,"Quinn-Irons, Jaime",1000216379,Right,GEO_PAT,Undefined,1,Bottom,2,0,0,Fastball,Four-Seam,StrikeCalled,Undefined,Undefined,Undefined,0,0,,88.80229,-1.468384,3.755892,2245.935147,151.445994,11:00,5.23267,-2.64495,7.06907,-17.86403,16.14099,-8.18815,2.40756,0.08793,81.08135,-4.92454,2.257953,0.419704,,,,,,,,,,,,5.43189,9.38256,2.42104,50,5.13796,-8.17066,-128.931,-3.7162,9.12477,27.31541,-16.41278,GEO_PAT,STJ_HAW,SpuhlerFieldMain,D1,A10,20250504-SpuhlerFieldMain-1,c1dd6c80-2903-11f0-84c1-cbb9d7630631,89.80726,,,7.72094,,,,,,,40d32ed5-cd22-4191-9dae-36c451206e6c,2025-05-04,16:20:55.37,2025-05-04T12:20:55.3776640-04:00,2025-05-04T16:20:55.3776640Z,,v3,471300,471426,04 May 2025 13:00-stjosephs@georgemas,"Primrose, Blake",10091373,Right,STJ_HAW,7752c8eb-ad30-4fff-90ca-2751227538af,53.4322,-129.65611,13.65771,5.23083,-3.28051,-8.20639,2.64115,-8.41289,4.56238,,,,,,,,,,,,,,,,,,,,,,,,,,,,,,,,,,,,,,,,,,,,,,,,,,,High,High,High,,,,,
27,2025-05-04,12:21:15.56,3,2,"Book, Colton",10038706,Left,STJ_HAW,"Quinn-Irons, Jaime",1000216379,Right,GEO_PAT,Undefined,1,Bottom,2,0,1,Fastball,Four-Seam,BallCalled,Undefined,Undefined,Undefined,0,0,,89.32111,-0.746357,2.649932,2295.070559,160.478546,11:15,5.27838,-2.70919,6.89026,-15.39816,18.30698,-6.1163,3.31442,-0.80277,81.62005,-3.742734,1.53315,0.417849,,,,,,,,,,,,3.96374,10.23879,2.54334,50,5.22494,-5.77943,-129.82274,-2.02855,6.76562,27.14173,-14.69773,GEO_PAT,STJ_HAW,SpuhlerFieldMain,D1,A10,20250504-SpuhlerFieldMain-1,cde038f0-2903-11f0-84c1-cbb9d7630631,90.20583,,,7.70106,,,,,,,40d32ed5-cd22-4191-9dae-36c451206e6c,2025-05-04,16:21:15.56,2025-05-04T12:21:15.5618304-04:00,2025-05-04T16:21:15.5618304Z,,v3,471300,471426,04 May 2025 13:00-stjosephs@georgemas,"Primrose, Blake",10091373,Right,STJ_HAW,122223a5-ae6d-4022-beb1-fa8cc5bf53cd,53.61037,-130.57537,13.57087,5.27554,-1.62099,-7.34887,2.7062,-5.96704,3.38281,,,,,,,,,,,,,,,,,,,,,,,,,,,,,,,,,,,,,,,,,,,,,,,,,,,High,High,High,,,,,
28,2025-05-04,12:21:38.61,3,3,"Book, Colton",10038706,Left,STJ_HAW,"Quinn-Irons, Jaime",1000216379,Right,GEO_PAT,Undefined,1,Bottom,2,1,1,Fastball,Four-Seam,BallCalled,Undefined,Undefined,Undefined,0,0,,86.9903,-2.770623,4.810133,2097.192816,175.526897,11:45,5.15087,-2.81538,6.74682,-23.003,12.5817,-0.90626,0.69173,1.51407,80.76733,-7.086364,4.645797,0.429342,,,,,,,,,,,,1.67291,7.67107,2.49906,50,4.95895,-10.58364,-126.13729,-6.74561,2.72537,22.97303,-19.67702,GEO_PAT,STJ_HAW,SpuhlerFieldMain,D1,A10,20250504-SpuhlerFieldMain-1,db9e9810-2903-11f0-84c1-cbb9d7630631,87.79121,,,6.22297,,,,,,,40d32ed5-cd22-4191-9dae-36c451206e6c,2025-05-04,16:21:38.61,2025-05-04T12:21:38.6141184-04:00,2025-05-04T16:21:38.6141184Z,,v3,471300,471426,04 May 2025 13:00-stjosephs@georgemas,"Primrose, Blake",10091373,Right,STJ_HAW,3fd26d33-4743-4f9f-af2e-832184249d4d,53.75806,-126.81989,11.48651,5.1507,-6.16095,-9.83851,2.81473,-10.66462,1.36269,,,,,,,,,,,,,,,,,,,,,,,,,,,,,,,,,,,,,,,,,,,,,,,,,,,High,High,High,,,,,
29,2025-05-04,12:22:00.37,3,4,"Book, Colton",10038706,Left,STJ_HAW,"Quinn-Irons, Jaime",1000216379,Right,GEO_PAT,Undefined,1,Bottom,2,2,1,Fastball,Four-Seam,FoulBallNotFieldable,Undefined,Undefined,Undefined,0,0,,91.14571,-1.951145,3.068334,2287.369532,145.652031,10:45,5.28423,-2.74638,6.826,-14.70772,18.03761,-11.56131,2.27543,-0.9081,82.69669,-4.823885,0.960162,0.411857,93.82916,26.37199,62.123901,4104.197611,40.26956,45.5075,102.36345,309.02509,126.88461,85.232094,4.050102,7.05193,10.48394,2.55254,50,5.15262,-6.65072,-132.29378,-4.84262,12.39258,30.4376,-13.75031,GEO_PAT,STJ_HAW,SpuhlerFieldMain,D1,A10,20250504-SpuhlerFieldMain-1,e897ab60-2903-11f0-84c1-cbb9d7630631,91.51835,55.69885,,8.44903,,,,0.676,2.19093,1.08044,40d32ed5-cd22-4191-9dae-36c451206e6c,2025-05-04,16:22:00.37,2025-05-04T12:22:00.3741696-04:00,2025-05-04T16:22:00.3741696Z,FlyBall,v3,471300,471426,04 May 2025 13:00-stjosephs@georgemas,"Primrose, Blake",10091373,Right,STJ_HAW,cc7a6612-62d6-4593-8bbb-c3c975239a14,53.67539,-133.13671,15.2188,5.28145,-4.46182,-6.87515,2.74148,-6.99392,6.19629,,0.67504,57.67476,-23.02028,5.36888,-1.4959,0.40893,-0.08959,0.01195,-0.00068,2.19206,61.0981,-20.43065,2.08635,-0.21018,-0.06185,0.03394,-0.00581,0.00034,1.07924,109.01762,-12.08975,1.93608,-0.61143,0.23065,-0.0636,0.00949,-0.00056,,,,,,,,,,,,,,,,,,,,,,,High,High,High,High,Low,,,
30,2025-05-04,12:22:26.31,3,5,"Book, Colton",10038706,Left,STJ_HAW,"Quinn-Irons, Jaime",1000216379,Right,GEO_PAT,Undefined,1,Bottom,2,2,2,Fastball,Four-Seam,FoulBallNotFieldable,Undefined,Undefined,Undefined,0,0,,91.71616,-1.928487,2.78105,2259.05217,144.719672,10:45,5.27917,-2.58887,6.92675,-15.60485,16.43213,-10.8893,2.22019,-0.96224,83.65951,-4.955592,0.790633,0.407378,87.10707,32.619506,45.438973,4235.318865,68.27897,59.612,86.24361,291.30837,194.90153,61.429692,4.478294,6.61107,9.62713,2.41808,50,5.15248,-6.06855,-133.24626,-4.85844,11.84485,29.54814,-14.92545,GEO_PAT,STJ_HAW,SpuhlerFieldMain,D1,A10,20250504-SpuhlerFieldMain-1,f80e68e0-2903-11f0-84c1-cbb9d7630631,92.52455,70.17975,,8.05665,,,,0.85959,2.14276,0.55219,40d32ed5-cd22-4191-9dae-36c451206e6c,2025-05-04,16:22:26.31,2025-05-04T12:22:26.3147008-04:00,2025-05-04T16:22:26.3147008Z,FlyBall,v3,471300,471426,04 May 2025 13:00-stjosephs@georgemas,"Primrose, Blake",10091373,Right,STJ_HAW,1f15fd6b-2511-4249-a42b-9081492ccff4,53.57571,-134.03684,14.77407,5.27713,-4.45909,-7.46272,2.58469,-6.38547,5.92242,,0.85956,75.50882,-23.08667,6.52408,-1.73023,0.44267,-0.09837,0.01398,-0.00084,2.14383,68.83912,-19.21264,0.67623,0.37741,-0.24234,0.07126,-0.01007,0.00054,0.55276,76.6597,-6.66067,0.40013,0.13719,-0.04142,-0.00056,0.00178,-0.00019,,,,,,,,,,,,,,,,,,,,,,,High,High,High,High,Medium,,,
31,2025-05-04,12:22:53.45,3,6,"Book, Colton",10038706,Left,STJ_HAW,"Quinn-Irons, Jaime",1000216379,Right,GEO_PAT,Undefined,1,Bottom,2,2,2,ChangeUp,Changeup,BallCalled,Undefined,Undefined,Undefined,0,0,,82.57247,-1.480253,3.201625,1211.870836,97.150806,9:15,4.97698,-2.95566,7.18037,-37.19561,2.24953,-7.20918,0.53376,-0.65257,75.31212,-8.501673,1.875793,0.452031,,,,,,,,,,,,4.93374,2.0113,2.77131,50,4.87982,-6.48601,-119.95782,-4.04329,7.0965,25.99373,-29.28107,GEO_PAT,STJ_HAW,SpuhlerFieldMain,D1,A10,20250504-SpuhlerFieldMain-1,0841e6b0-2904-11f0-84c1-cbb9d7630631,83.38466,,,7.26035,,,,,,,40d32ed5-cd22-4191-9dae-36c451206e6c,2025-05-04,16:22:53.45,2025-05-04T12:22:53.4548480-04:00,2025-05-04T16:22:53.4548480Z,,v3,471300,471426,04 May 2025 13:00-stjosephs@georgemas,"Primrose, Blake",10091373,Right,STJ_HAW,56807697-143d-40af-98aa-1d2df20ef5dd,53.32328,-120.67579,12.99686,4.98032,-3.23451,-14.64054,2.95317,-6.68202,3.54825,,,,,,,,,,,,,,,,,,,,,,,,,,,,,,,,,,,,,,,,,,,,,,,,,,,High,High,High,,,,,
32,2025-05-04,12:23:19.73,3,7,"Book, Colton",10038706,Left,STJ_HAW,"Quinn-Irons, Jaime",1000216379,Right,GEO_PAT,Undefined,1,Bottom,2,3,2,Fastball,Four-Seam,FoulBallNotFieldable,Undefined,Undefined,Undefined,0,0,,89.94194,-0.559108,3.36926,2249.09012,168.083853,11:30,5.23963,-2.66177,6.76159,-16.25024,17.15103,-3.40248,3.37387,0.1356,82.31093,-3.696467,2.750403,0.415961,66.2426,38.820872,162.831539,3309.359005,-106.42519,40.32251,27.81341,182.32718,76.74735,166.508302,2.863442,2.7354,9.55945,2.44228,50,5.19639,-7.56688,-130.66454,-1.67171,4.73404,27.26157,-15.63,GEO_PAT,STJ_HAW,SpuhlerFieldMain,D1,A10,20250504-SpuhlerFieldMain-1,17e3abd0-2904-11f0-84c1-cbb9d7630631,90.61527,41.65414,,7.63101,,,,1.62909,3.39037,-0.12127,40d32ed5-cd22-4191-9dae-36c451206e6c,2025-05-04,16:23:19.73,2025-05-04T12:23:19.7331968-04:00,2025-05-04T16:23:19.7331968Z,Popup,v3,471300,471426,04 May 2025 13:00-stjosephs@georgemas,"Primrose, Blake",10091373,Right,STJ_HAW,0a584f48-0357-4a31-b05b-f1b133b14d9b,53.74101,-131.44274,13.63078,5.23774,-1.22554,-7.815,2.66021,-7.70201,2.36702,341.026133,1.62926,-72.33081,2.0935,0.63211,0.14151,-0.30657,0.17677,-0.04506,0.00428,3.39059,60.89822,-27.5475,3.22123,-0.63207,0.13691,-0.04614,0.01332,-0.00155,-0.12122,22.34303,-3.99691,0.82862,-0.25406,0.13713,-0.06718,0.01749,-0.00175,,,,,,,,,,,,,,,,,,,,,,,High,High,High,High,Medium,,,
33,2025-05-04,12:23:44.96,3,8,"Book, Colton",10038706,Left,STJ_HAW,"Quinn-Irons, Jaime",1000216379,Right,GEO_PAT,Undefined,1,Bottom,2,3,2,Fastball,Four-Seam,InPlay,Undefined,FlyBall,Out,1,0,,89.01128,-0.806055,2.890779,2165.118191,149.176611,11:00,5.13581,-2.6624,7.20077,-20.45651,12.66001,-7.0163,2.70009,-0.6267,82.47362,-4.715671,1.60195,0.414184,89.11809,29.408797,32.664416,3241.083903,86.75473,54.08872,67.62783,307.84595,268.77931,47.410911,4.422487,4.49744,7.31052,2.49704,50,5.08271,-6.31097,-129.58462,-2.3217,7.74626,23.79825,-19.58261,GEO_PAT,STJ_HAW,SpuhlerFieldMain,D1,A10,20250504-SpuhlerFieldMain-1,26f0d210-2904-11f0-84c1-cbb9d7630631,91.00398,66.11368,,6.53766,,,,0.9344,2.61801,0.56866,40d32ed5-cd22-4191-9dae-36c451206e6c,2025-05-04,16:23:44.96,2025-05-04T12:23:44.9691136-04:00,2025-05-04T16:23:44.9691136Z,FlyBall,v3,471300,471426,04 May 2025 13:00-stjosephs@georgemas,"Primrose, Blake",10091373,Right,STJ_HAW,e9eb5aea-edc3-439c-bd37-b825d490b169,53.30358,-130.18991,11.89913,5.13543,-1.82363,-9.79131,2.66006,-6.50799,3.87313,222.182034,0.93475,95.84516,-23.61979,5.74463,-1.26165,0.27466,-0.05975,0.00896,-0.00056,2.61888,64.16107,-17.6847,0.64771,0.21433,-0.16615,0.05449,-0.00831,0.00048,0.56847,61.46432,-2.42297,-0.32991,0.12085,0.00645,-0.01076,0.00241,-0.00018,,,,,,,,,,,,,,,,,,,,,,,High,High,High,High,Medium,,,
34,2025-05-04,12:26:12.73,1,1,"Cassedy, Brandon",1000183671,Right,GEO_PAT,"Primrose, Blake",10091373,Right,STJ_HAW,Undefined,2,Top,0,0,0,Cutter,Slider,BallCalled,Undefined,Undefined,Undefined,0,0,,83.38856,-2.672777,-0.529407,2451.119364,139.597725,10:45,5.74956,0.47603,5.89536,-32.60002,7.14217,-5.13941,0.54937,-0.44381,77.68297,-8.64613,-1.45368,0.45373,,,,,,,,,,,,2.54697,4.62303,-0.43026,50,5.51499,1.31083,-121.21407,-6.70623,3.83255,21.16696,-25.21756,GEO_PAT,STJ_HAW,SpuhlerFieldMain,D1,A10,20250504-SpuhlerFieldMain-1,7f0afd40-2904-11f0-84c1-cbb9d7630631,83.07242,,,5.70559,,,,,,,40d32ed5-cd22-4191-9dae-36c451206e6c,2025-05-04,16:26:12.73,2025-05-04T12:26:12.7393792-04:00,2025-05-04T16:26:12.7393792Z,,v3,471300,471426,04 May 2025 13:00-stjosephs@georgemas,"Barenz, Nick",1000218914,Right,GEO_PAT,9b6c03ab-07ff-4442-8907-a8c4ad0a4b56,54.60989,-122.01642,10.58348,5.75108,-5.75035,-12.60878,-0.47719,1.16556,1.91628,,,,,,,,,,,,,,,,,,,,,,,,,,,,,,,,,,,,,,,,,,,,,,,,,,,High,High,High,,,,,
35,2025-05-04,12:26:34.50,1,2,"Cassedy, Brandon",1000183671,Right,GEO_PAT,"Primrose, Blake",10091373,Right,STJ_HAW,Undefined,2,Top,0,1,0,Fastball,Four-Seam,InPlay,Undefined,FlyBall,Out,1,0,,88.29808,-2.872585,-0.900364,2245.810237,196.529313,12:30,5.7226,0.33454,6.26889,-14.84611,20.406,5.72965,1.83447,-0.01816,81.05163,-5.723398,0.135321,0.427331,106.98543,31.396945,-2.362276,2753.554749,109.99278,66.47984,1.25882,394.48943,391.38746,7.67705,5.912485,-3.24701,11.7556,-0.27072,50,5.50244,1.79513,-128.25776,-6.81649,-5.42235,25.89767,-12.54272,GEO_PAT,STJ_HAW,SpuhlerFieldMain,D1,A10,20250504-SpuhlerFieldMain-1,8bfd80e0-2904-11f0-84c1-cbb9d7630631,88.20437,111.0993,,7.24645,,,,2.35654,1.95411,0.03144,40d32ed5-cd22-4191-9dae-36c451206e6c,2025-05-04,16:26:34.50,2025-05-04T12:26:34.5018880-04:00,2025-05-04T16:26:34.5018880Z,FlyBall,v3,471300,471426,04 May 2025 13:00-stjosephs@georgemas,"Barenz, Nick",1000218914,Right,GEO_PAT,ae8c1450-4abc-4741-a102-4c6e699ee383,54.23441,-129.10994,12.94884,5.71995,-6.40376,-6.27136,-0.33273,1.97356,-2.71117,204.543012,2.36704,133.63479,-29.50182,6.36221,-0.84114,0.00928,0.01613,-0.00216,9E-05,1.94883,81.82465,-16.70653,0.56974,-0.00623,-0.02979,0.01352,-0.00218,0.00012,0.02791,-5.45478,9.23979,-2.93521,0.58377,-0.06902,0.00408,-8E-05,0,,,,,,,,,,,,,,,,,,,,,,,High,High,High,High,High,,,
36,2025-05-04,12:27:23.39,2,1,"Cassedy, Brandon",1000183671,Right,GEO_PAT,"Dickinson, Tim",10075773,Left,STJ_HAW,Undefined,2,Top,1,0,0,Cutter,Slider,StrikeCalled,Undefined,Undefined,Undefined,0,0,,85.1402,-0.75302,-0.723867,2443.386691,157.220243,11:15,5.77324,0.63949,5.84503,-30.4451,7.81154,-2.81921,2.53623,-0.26821,78.7045,-6.375611,-1.229763,0.445169,,,,,,,,,,,,1.26201,4.52693,-0.57887,50,5.69392,1.67653,-123.79425,-2.63453,1.97521,22.7255,-25.08874,GEO_PAT,STJ_HAW,SpuhlerFieldMain,D1,A10,20250504-SpuhlerFieldMain-1,a92493c0-2904-11f0-84c1-cbb9d7630631,84.66998,,,6.4357,,,,,,,40d32ed5-cd22-4191-9dae-36c451206e6c,2025-05-04,16:27:23.39,2025-05-04T12:27:23.3943552-04:00,2025-05-04T16:27:23.3943552Z,,v3,471300,471426,04 May 2025 13:00-stjosephs@georgemas,"Barenz, Nick",1000218914,Right,GEO_PAT,b94170b4-4d08-46c3-85ac-027639bcd985,54.6579,-124.64639,11.36275,5.77507,-1.69378,-12.54437,-0.64035,1.60247,0.98761,,,,,,,,,,,,,,,,,,,,,,,,,,,,,,,,,,,,,,,,,,,,,,,,,,,High,High,High,,,,,
37,2025-05-04,12:27:41.30,2,2,"Cassedy, Brandon",1000183671,Right,GEO_PAT,"Dickinson, Tim",10075773,Left,STJ_HAW,Undefined,2,Top,1,0,1,Fastball,Four-Seam,StrikeSwinging,Undefined,Undefined,Undefined,0,0,,89.37142,-2.028101,-0.433139,2294.666851,200.885725,12:45,5.69058,0.4194,6.50036,-14.84434,19.2204,6.93307,2.59109,0.59956,81.9794,-4.891532,0.82566,0.420072,,,,,,,,,,,,-3.74382,10.93906,-0.39186,50,5.54168,0.71248,-129.92836,-4.96064,-6.41708,26.53151,-13.42395,GEO_PAT,STJ_HAW,SpuhlerFieldMain,D1,A10,20250504-SpuhlerFieldMain-1,b3d6eb60-2904-11f0-84c1-cbb9d7630631,89.72843,,,7.39202,,,,,,,40d32ed5-cd22-4191-9dae-36c451206e6c,2025-05-04,16:27:41.30,2025-05-04T12:27:41.3004288-04:00,2025-05-04T16:27:41.3004288Z,,v3,471300,471426,04 May 2025 13:00-stjosephs@georgemas,"Barenz, Nick",1000218914,Right,GEO_PAT,7e72579e-9da5-49f2-b2a8-2fc93ff9c59f,54.00141,-130.7429,13.26576,5.68765,-4.54852,-6.71198,-0.41675,0.90949,-3.20854,,,,,,,,,,,,,,,,,,,,,,,,,,,,,,,,,,,,,,,,,,,,,,,,,,,High,High,High,,,,,
38,2025-05-04,12:27:57.64,2,3,"Cassedy, Brandon",1000183671,Right,GEO_PAT,"Dickinson, Tim",10075773,Left,STJ_HAW,Undefined,2,Top,1,0,2,Cutter,Changeup,InPlay,Undefined,LineDrive,Single,0,0,,83.11559,-0.694984,-0.636076,1347.221055,220.12443,1:15,5.6466,0.49988,5.97792,-28.84446,11.21859,8.44741,2.59855,0.61414,76.55356,-6.063727,0.883429,0.455558,93.48327,12.151428,22.354611,1668.441297,99.33962,13.36053,47.23998,188.0307,188.0307,28.395094,1.688971,-4.55603,6.30713,-0.45445,50,5.57546,1.02463,-120.85525,-2.35208,-6.76894,22.55399,-22.80348,GEO_PAT,STJ_HAW,SpuhlerFieldMain,D1,A10,20250504-SpuhlerFieldMain-1,bd940d90-2904-11f0-84c1-cbb9d7630631,82.73913,13.63856,,6.56203,,,,2.66953,2.75026,-0.57838,40d32ed5-cd22-4191-9dae-36c451206e6c,2025-05-04,16:27:57.64,2025-05-04T12:27:57.6436736-04:00,2025-05-04T16:27:57.6436736Z,LineDrive,v3,471300,471426,04 May 2025 13:00-stjosephs@georgemas,"Barenz, Nick",1000218914,Right,GEO_PAT,486bf82a-3574-41ed-b2df-5b72f65846b8,54.52584,-121.69693,11.27699,5.64736,-1.50109,-11.40174,-0.4974,1.27723,-3.38447,265.018381,2.66953,123.96281,-22.62619,5.01729,-0.73849,-0.35687,0.41172,-0.16895,0.02599,2.75026,28.86095,-20.22829,1.64338,-0.39343,0.30126,-0.22368,0.08749,-0.01339,-0.57838,50.97966,3.63754,-2.04103,0.28816,0.47475,-0.48627,0.19915,-0.03081,,,,,,,,,,,,,,,,,,,,,,,High,High,High,High,High,,,
39,2025-05-04,12:28:34.87,3,1,"Cassedy, Brandon",1000183671,Right,GEO_PAT,"Duda, Aidan",10915287,Right,STJ_HAW,Undefined,2,Top,1,0,0,Cutter,Slider,BallCalled,Undefined,Undefined,Undefined,0,0,,84.25638,-0.341321,-1.505525,2433.258706,152.442816,11:00,5.79612,0.50297,5.78152,-30.70195,8.48182,-3.83941,2.91993,-1.21815,77.83677,-6.010105,-2.193085,0.450531,,,,,,,,,,,,1.58413,4.75847,-0.37632,50,5.7493,3.37105,-122.47272,-1.74066,2.426,22.31049,-24.88667,GEO_PAT,STJ_HAW,SpuhlerFieldMain,D1,A10,20250504-SpuhlerFieldMain-1,d3c24e60-2904-11f0-84c1-cbb9d7630631,83.66227,,,6.41961,,,,,,,40d32ed5-cd22-4191-9dae-36c451206e6c,2025-05-04,16:28:34.87,2025-05-04T12:28:34.8760064-04:00,2025-05-04T16:28:34.8760064Z,,v3,471300,471426,04 May 2025 13:00-stjosephs@georgemas,"Barenz, Nick",1000218914,Right,GEO_PAT,5db88915-87f0-4434-830f-7a2883b39639,54.72155,-123.32983,11.15524,5.79781,-0.78457,-12.44333,-0.50403,3.27785,1.213,,,,,,,,,,,,,,,,,,,,,,,,,,,,,,,,,,,,,,,,,,,,,,,,,,,High,High,High,,,,,
40,2025-05-04,12:29:13.02,3,2,"Cassedy, Brandon",1000183671,Right,GEO_PAT,"Duda, Aidan",10915287,Right,STJ_HAW,Undefined,2,Top,1,1,0,Cutter,Slider,BallCalled,Undefined,Undefined,Undefined,0,0,,85.98786,0.326178,-0.625471,2415.553912,149.307291,11:00,5.8248,0.58637,5.77641,-27.1232,10.49493,-5.58815,3.86808,-0.46136,79.24546,-4.708341,-1.626189,0.441438,,,,,,,,,,,,2.69295,5.60681,-0.53128,50,5.8353,1.59347,-125.01036,-0.18408,4.29667,23.25364,-23.22829,GEO_PAT,STJ_HAW,SpuhlerFieldMain,D1,A10,20250504-SpuhlerFieldMain-1,ea660d50-2904-11f0-84c1-cbb9d7630631,85.38552,,,6.74241,,,,,,,40d32ed5-cd22-4191-9dae-36c451206e6c,2025-05-04,16:29:13.02,2025-05-04T12:29:13.0258432-04:00,2025-05-04T16:29:13.0258432Z,,v3,471300,471426,04 May 2025 13:00-stjosephs@georgemas,"Barenz, Nick",1000218914,Right,GEO_PAT,50100776-759e-452d-a1cf-7fd76cd8d38b,54.72601,-125.8864,11.62682,5.82574,0.69099,-11.61415,-0.58826,1.4316,2.14833,,,,,,,,,,,,,,,,,,,,,,,,,,,,,,,,,,,,,,,,,,,,,,,,,,,High,High,High,,,,,
41,2025-05-04,12:32:09.72,3,3,"Cassedy, Brandon",1000183671,Right,GEO_PAT,"Duda, Aidan",10915287,Right,STJ_HAW,Undefined,2,Top,1,2,0,Cutter,Slider,BallCalled,Undefined,Undefined,Undefined,0,0,,83.81447,0.233404,-0.467099,2426.847499,155.86868,11:15,5.74661,0.60034,5.68711,-30.14076,9.82906,-3.85303,3.45245,-0.15615,76.83986,-5.353789,-1.156143,0.455027,,,,,,,,,,,,1.82858,5.30823,-0.55858,50,5.74742,1.14968,-121.75461,-0.49642,2.75031,23.46295,-24.19014,GEO_PAT,STJ_HAW,SpuhlerFieldMain,D1,A10,20250504-SpuhlerFieldMain-1,53b96680-2905-11f0-84c1-cbb9d7630631,82.83556,,,6.97462,,,,,,,40d32ed5-cd22-4191-9dae-36c451206e6c,2025-05-04,16:32:09.72,2025-05-04T12:32:09.7200128-04:00,2025-05-04T16:32:09.7200128Z,,v3,471300,471426,04 May 2025 13:00-stjosephs@georgemas,"Barenz, Nick",1000218914,Right,GEO_PAT,fe9c3800-1cac-406d-a67e-9b66b2edd32a,54.81421,-122.67884,11.73148,5.74821,0.45645,-12.09507,-0.60173,1.04134,1.37515,,,,,,,,,,,,,,,,,,,,,,,,,,,,,,,,,,,,,,,,,,,,,,,,,,,High,High,High,,,,,
42,2025-05-04,12:32:27.62,3,4,"Cassedy, Brandon",1000183671,Right,GEO_PAT,"Duda, Aidan",10915287,Right,STJ_HAW,Undefined,2,Top,1,3,0,Fastball,Four-Seam,BallCalled,Walk,Undefined,Undefined,0,0,,88.21052,-3.610742,-1.524398,2276.293726,189.542952,12:15,5.70123,0.50172,6.34755,-12.54449,22.87273,3.65012,1.32627,-0.59778,80.65408,-6.05645,-0.864028,0.42833,,,,,,,,,,,,-2.34752,13.33213,-0.39266,50,5.43247,3.26602,-127.97425,-8.3576,-3.8869,26.80134,-10.09938,GEO_PAT,STJ_HAW,SpuhlerFieldMain,D1,A10,20250504-SpuhlerFieldMain-1,5e73fb80-2905-11f0-84c1-cbb9d7630631,87.99856,,,7.55644,,,,,,,40d32ed5-cd22-4191-9dae-36c451206e6c,2025-05-04,16:32:27.62,2025-05-04T12:32:27.6271616-04:00,2025-05-04T16:32:27.6271616Z,,v3,471300,471426,04 May 2025 13:00-stjosephs@georgemas,"Barenz, Nick",1000218914,Right,GEO_PAT,bbb4f595-d4ad-44a5-beb5-8fdf63c0a878,54.15524,-128.84153,13.40067,5.69763,-8.03079,-5.04969,-0.50039,3.3918,-1.94345,,,,,,,,,,,,,,,,,,,,,,,,,,,,,,,,,,,,,,,,,,,,,,,,,,,High,High,High,,,,,
43,2025-05-04,12:33:05.16,4,1,"Cassedy, Brandon",1000183671,Right,GEO_PAT,"Bergmann, Dean",1000123131,Right,STJ_HAW,Undefined,2,Top,1,0,0,Curveball,Slider,StrikeCalled,Undefined,Undefined,Undefined,0,0,,78.79416,0.132338,-0.508428,2295.51708,123.113921,10:00,5.68858,0.67015,5.7791,-35.17191,9.99646,-13.16284,2.88074,-0.89987,72.27439,-6.38286,-2.866342,0.483714,,,,,,,,,,,,6.57075,5.49118,-0.62014,50,5.67834,1.513,-114.46604,-0.81441,8.71055,21.29282,-24.89462,GEO_PAT,STJ_HAW,SpuhlerFieldMain,D1,A10,20250504-SpuhlerFieldMain-1,74c57bc0-2905-11f0-84c1-cbb9d7630631,77.92299,,,6.51978,,,,,,,40d32ed5-cd22-4191-9dae-36c451206e6c,2025-05-04,16:33:05.16,2025-05-04T12:33:05.1667456-04:00,2025-05-04T16:33:05.1667456Z,,v3,471300,471426,04 May 2025 13:00-stjosephs@georgemas,"Barenz, Nick",1000218914,Right,GEO_PAT,46b86020-1b71-4df2-9183-156cef40b44e,54.7227,-115.3412,10.64641,5.69078,0.20879,-12.44731,-0.67497,1.15498,4.35528,,,,,,,,,,,,,,,,,,,,,,,,,,,,,,,,,,,,,,,,,,,,,,,,,,,High,High,High,,,,,
44,2025-05-04,12:33:23.65,4,2,"Cassedy, Brandon",1000183671,Right,GEO_PAT,"Bergmann, Dean",1000123131,Right,STJ_HAW,Undefined,2,Top,1,0,1,Cutter,Slider,InPlay,Undefined,GroundBall,Out,2,0,,84.24921,-1.139623,-0.926723,2477.755956,149.911199,11:00,5.77232,0.4956,5.71029,-31.24777,8.01359,-3.99347,2.10627,-0.70071,78.00041,-6.886852,-1.641615,0.450977,86.73894,-7.805269,-10.466859,,,,,18.54211,16.45536,-7.044757,0.128764,1.81776,4.69555,-0.41536,50,5.65721,2.13839,-122.47833,-3.47909,2.78565,22.17961,-24.9782,GEO_PAT,STJ_HAW,SpuhlerFieldMain,D1,A10,20250504-SpuhlerFieldMain-1,7fea9260-2905-11f0-84c1-cbb9d7630631,83.57959,2.22853,,6.2488,,,,2.41509,2.22853,0.67937,40d32ed5-cd22-4191-9dae-36c451206e6c,2025-05-04,16:33:23.65,2025-05-04T12:33:23.6555776-04:00,2025-05-04T16:33:23.6555776Z,GroundBall,v3,471300,471426,04 May 2025 13:00-stjosephs@georgemas,"Barenz, Nick",1000218914,Right,GEO_PAT,2fb4d77c-edd7-459c-b85c-d3a9547667cb,54.79369,-123.34336,11.08981,5.7739,-2.50491,-12.4891,-0.49664,2.02974,1.39283,180,2.41061,124.15757,,,,,,,,2.22916,-17.30709,,,,,,,,0.6802,-22.93697,,,,,,,,,,,,,,,,,,,,,,,,,,,,,,High,High,High,High,High,,,
45,2025-05-04,12:35:45.67,1,1,"Book, Colton",10038706,Left,STJ_HAW,"Butler, Jake",1000176047,Right,GEO_PAT,Undefined,2,Bottom,0,0,0,Slider,Four-Seam,StrikeCalled,Undefined,Undefined,Undefined,0,0,,84.05861,-0.200324,2.624253,2071.936098,176.38252,12:00,5.18058,-2.93467,6.68699,-23.01962,14.81269,-0.87244,3.07886,-0.60539,77.98289,-4.556703,2.465601,0.442693,,,,,,,,,,,,1.07847,8.19922,2.75975,50,5.15766,-5.57511,-122.30397,-1.02331,1.65797,20.73872,-19.56898,GEO_PAT,STJ_HAW,SpuhlerFieldMain,D1,A10,20250504-SpuhlerFieldMain-1,d48b7550-2905-11f0-84c1-cbb9d7630631,85.14351,,,6.07572,,,,,,,40d32ed5-cd22-4191-9dae-36c451206e6c,2025-05-04,16:35:45.67,2025-05-04T12:35:45.6743424-04:00,2025-05-04T16:35:45.6743424Z,,v3,471300,471426,04 May 2025 13:00-stjosephs@georgemas,"Primrose, Blake",10091373,Right,STJ_HAW,ad40f317-2c00-42a4-8d8a-ca914d970aca,53.81568,-122.94929,10.36936,5.18003,-0.4144,-9.78449,2.93404,-5.6267,0.82899,,,,,,,,,,,,,,,,,,,,,,,,,,,,,,,,,,,,,,,,,,,,,,,,,,,High,High,High,,,,,
46,2025-05-04,12:36:05.73,1,2,"Book, Colton",10038706,Left,STJ_HAW,"Butler, Jake",1000176047,Right,GEO_PAT,Undefined,2,Bottom,0,0,1,Fastball,Four-Seam,FoulBallNotFieldable,Undefined,Undefined,Undefined,0,0,,88.98575,-1.046688,2.803721,2260.276207,141.922717,10:45,5.23758,-2.75838,6.99153,-18.99804,14.63812,-10.68839,2.70136,-1.09749,81.85436,-4.691868,0.847652,0.417421,70.91444,42.495069,159.928965,3497.965023,-103.54378,53.16973,37.13032,214.4588,70.30582,160.032266,3.2874,6.48642,8.4167,2.58931,50,5.16645,-5.96968,-129.44606,-2.83453,11.06504,25.65888,-17.81614,GEO_PAT,STJ_HAW,SpuhlerFieldMain,D1,A10,20250504-SpuhlerFieldMain-1,e073b4e0-2905-11f0-84c1-cbb9d7630631,90.29833,53.162,,7.13139,,,,1.85493,2.76909,1.10335,40d32ed5-cd22-4191-9dae-36c451206e6c,2025-05-04,16:36:05.73,2025-05-04T12:36:05.7382400-04:00,2025-05-04T16:36:05.7382400Z,FlyBall,v3,471300,471426,04 May 2025 13:00-stjosephs@georgemas,"Primrose, Blake",10091373,Right,STJ_HAW,fd557507-54ed-4221-9a4d-8be907bf2f49,53.51252,-130.14046,12.82944,5.23663,-2.35238,-8.90807,2.75492,-6.26912,5.53252,347.816945,1.85487,-72.03147,1.487,0.86214,-0.07889,-0.13994,0.0938,-0.02338,0.00207,2.76978,70.23638,-28.32224,3.15859,-0.30249,-0.11372,0.05285,-0.00777,0.00034,1.10355,26.31171,-2.86328,0.73789,-0.06936,-0.02923,0.01264,-0.00173,7E-05,,,,,,,,,,,,,,,,,,,,,,,High,High,High,High,Low,,,
47,2025-05-04,12:36:28.52,1,3,"Book, Colton",10038706,Left,STJ_HAW,"Butler, Jake",1000176047,Right,GEO_PAT,Undefined,2,Bottom,0,0,2,Fastball,Four-Seam,BallCalled,Undefined,Undefined,Undefined,0,0,,89.85222,0.168951,3.344592,2157.848175,157.763776,11:15,5.34116,-2.59788,6.75639,-16.55899,16.89883,-6.49024,4.11584,-0.08013,82.1689,-3.028521,2.164033,0.416313,,,,,,,,,,,,4.31555,9.18552,2.38053,50,5.34531,-7.37787,-130.5163,-0.0113,7.46083,26.88774,-16.29392,GEO_PAT,STJ_HAW,SpuhlerFieldMain,D1,A10,20250504-SpuhlerFieldMain-1,edf6dfc0-2905-11f0-84c1-cbb9d7630631,90.53865,,,7.68332,,,,,,,40d32ed5-cd22-4191-9dae-36c451206e6c,2025-05-04,16:36:28.52,2025-05-04T12:36:28.5241856-04:00,2025-05-04T16:36:28.5241856Z,,v3,471300,471426,04 May 2025 13:00-stjosephs@georgemas,"Primrose, Blake",10091373,Right,STJ_HAW,b1fef903-1f5d-4834-a31d-ef48817b299b,53.74439,-131.28542,13.44387,5.33896,0.45478,-8.14696,2.59462,-7.59129,3.73042,,,,,,,,,,,,,,,,,,,,,,,,,,,,,,,,,,,,,,,,,,,,,,,,,,,High,High,High,,,,,
48,2025-05-04,12:36:49.25,1,4,"Book, Colton",10038706,Left,STJ_HAW,"Butler, Jake",1000176047,Right,GEO_PAT,Undefined,2,Bottom,0,1,2,Fastball,Four-Seam,FoulBallNotFieldable,Undefined,Undefined,Undefined,0,0,,89.46891,-0.995084,4.251615,2175.475192,150.145991,11:00,5.27706,-2.60841,6.91705,-17.95875,15.48135,-8.32071,2.87174,0.57704,82.31281,-4.44046,2.735596,0.416203,70.76788,16.343858,170.586992,1349.271995,-108.44717,9.28187,18.41764,141.31916,50.43887,170.173504,1.634796,5.54756,8.818,2.3439,50,5.20775,-9.36317,-129.93126,-2.70415,9.54877,25.47023,-16.99608,GEO_PAT,STJ_HAW,SpuhlerFieldMain,D1,A10,20250504-SpuhlerFieldMain-1,fa6a2140-2905-11f0-84c1-cbb9d7630631,90.56264,13.47384,,7.15611,,,,1.40979,2.8412,-0.5999,40d32ed5-cd22-4191-9dae-36c451206e6c,2025-05-04,16:36:49.25,2025-05-04T12:36:49.2549120-04:00,2025-05-04T16:36:49.2549120Z,LineDrive,v3,471300,471426,04 May 2025 13:00-stjosephs@georgemas,"Primrose, Blake",10091373,Right,STJ_HAW,3265844c-f98f-40b6-b4c9-cc3f8d8e6b55,53.58642,-130.63241,12.73512,5.27575,-2.23628,-8.49804,2.60527,-9.62603,4.77439,12.154339,1.40979,-98.25739,8.53114,-0.93933,0.22338,-0.0335,0.00556,-0.00121,0.00013,2.8412,29.20741,-21.19295,1.75122,-0.31401,0.06727,-0.00909,0.00115,-0.00012,-0.5999,16.28932,-0.8612,0.11866,-0.02323,0.00403,-0.00065,0.00011,-1E-05,,,,,,,,,,,,,,,,,,,,,,,High,High,High,High,Medium,,,
49,2025-05-04,12:37:16.91,1,5,"Book, Colton",10038706,Left,STJ_HAW,"Butler, Jake",1000176047,Right,GEO_PAT,Undefined,2,Bottom,0,1,2,ChangeUp,Changeup,StrikeSwinging,Strikeout,Undefined,Undefined,0,0,,84.80096,-0.067078,2.83659,1547.784312,104.57693,9:30,5.04144,-2.97144,6.98942,-33.33266,3.86701,-10.48886,2.20264,-1.26386,77.85956,-6.352844,0.915742,0.438976,,,,,,,,,,,,6.41874,2.4098,2.80011,50,5.02617,-5.76163,-123.34198,-1.04331,9.89026,24.48108,-28.46094,GEO_PAT,STJ_HAW,SpuhlerFieldMain,D1,A10,20250504-SpuhlerFieldMain-1,0ae667e0-2906-11f0-84c1-cbb9d7630631,85.86446,,,6.9414,,,,,,,40d32ed5-cd22-4191-9dae-36c451206e6c,2025-05-04,16:37:16.91,2025-05-04T12:37:16.9110000-04:00,2025-05-04T16:37:16.9110000Z,,v3,471300,471426,04 May 2025 13:00-stjosephs@georgemas,"Primrose, Blake",10091373,Right,STJ_HAW,40cf5241-0e75-4787-b734-ef44e9da4dda,53.51459,-124.0376,12.24054,5.04432,-0.23461,-14.23047,2.96782,-6.04265,4.94513,,,,,,,,,,,,,,,,,,,,,,,,,,,,,48.28919,3.175004,1.458842,1.716162,2.45616,2.31714,1.28082,-4.29472,4.4312,2.60161,71.4038,13.84194,-53.38721,-4.08505,49.37409,-3.12621,4.68394,31.54099,-15.2462,2.50088,-35.70137,1.82131,High,High,High,,,High,High,High
50,2025-05-04,12:37:49.56,2,1,"Book, Colton",10038706,Left,STJ_HAW,"Alberti, Lucas",1000145512,Right,GEO_PAT,Undefined,2,Bottom,1,0,0,Fastball,Four-Seam,BallCalled,Undefined,Undefined,Undefined,0,0,,86.94241,0.027764,2.003543,2101.781073,155.025685,11:15,5.21929,-2.72958,6.91506,-19.11981,16.53462,-7.16315,3.65127,-1.50118,79.12853,-3.671868,0.69393,0.429762,,,,,,,,,,,,4.37992,9.12973,2.60583,50,5.21382,-4.16306,-126.39871,-0.38223,7.05238,26.90093,-17.47379,GEO_PAT,STJ_HAW,SpuhlerFieldMain,D1,A10,20250504-SpuhlerFieldMain-1,1e61bdb0-2906-11f0-84c1-cbb9d7630631,87.70535,,,7.81388,,,,,,,40d32ed5-cd22-4191-9dae-36c451206e6c,2025-05-04,16:37:49.56,2025-05-04T12:37:49.5660032-04:00,2025-05-04T16:37:49.5660032Z,,v3,471300,471426,04 May 2025 13:00-stjosephs@georgemas,"Primrose, Blake",10091373,Right,STJ_HAW,2411e070-be47-47bd-8885-d0112a4d8944,53.5856,-127.15953,13.45046,5.21764,0.11197,-8.7369,2.72639,-4.36252,3.52619,,,,,,,,,,,,,,,,,,,,,,,,,,,,,,,,,,,,,,,,,,,,,,,,,,,High,High,High,,,,,
51,2025-05-04,12:38:10.28,2,2,"Book, Colton",10038706,Left,STJ_HAW,"Alberti, Lucas",1000145512,Right,GEO_PAT,Undefined,2,Bottom,1,1,0,Fastball,Four-Seam,StrikeCalled,Undefined,Undefined,Undefined,0,0,,88.01124,-1.608737,4.05011,2105.45745,142.766508,10:45,5.18573,-2.64445,6.97446,-18.47119,16.50603,-11.63355,2.17904,0.0764,79.87475,-5.187589,1.926244,0.425661,,,,,,,,,,,,7.41867,9.64119,2.3973,50,5.07946,-8.61995,-127.65898,-4.0176,12.13905,28.35284,-16.39833,GEO_PAT,STJ_HAW,SpuhlerFieldMain,D1,A10,20250504-SpuhlerFieldMain-1,2aba9960-2906-11f0-84c1-cbb9d7630631,88.5503,,,8.13649,,,,,,,40d32ed5-cd22-4191-9dae-36c451206e6c,2025-05-04,16:38:10.28,2025-05-04T12:38:10.2893056-04:00,2025-05-04T16:38:10.2893056Z,,v3,471300,471426,04 May 2025 13:00-stjosephs@georgemas,"Primrose, Blake",10091373,Right,STJ_HAW,67f3c961-7228-4d6d-be60-d399c546a3f6,53.52676,-128.43988,14.17642,5.18389,-3.56595,-8.19917,2.63932,-8.95429,6.06953,,,,,,,,,,,,,,,,,,,,,,,,,,,,,,,,,,,,,,,,,,,,,,,,,,,High,High,High,,,,,
52,2025-05-04,12:38:33.08,2,3,"Book, Colton",10038706,Left,STJ_HAW,"Alberti, Lucas",1000145512,Right,GEO_PAT,Undefined,2,Bottom,1,1,1,ChangeUp,Changeup,FoulBallNotFieldable,Undefined,Undefined,Undefined,0,0,,82.29082,0.58999,3.085086,1462.918241,131.547757,10:30,5.03857,-2.77376,6.89144,-31.29195,8.93729,-8.49701,2.96925,-0.66832,74.41947,-5.3672,1.533876,0.456502,83.30921,62.893039,70.354076,3897.359166,3.18923,130.68197,109.95375,194.91569,68.26112,92.69624,5.494303,5.49922,4.97418,2.58129,50,5.06488,-6.14857,-119.46095,0.42831,7.8368,25.98585,-25.08549,GEO_PAT,STJ_HAW,SpuhlerFieldMain,D1,A10,20250504-SpuhlerFieldMain-1,3853bd40-2906-11f0-84c1-cbb9d7630631,82.56805,130.6993,,7.87136,,,,0.79711,2.62825,0.24636,40d32ed5-cd22-4191-9dae-36c451206e6c,2025-05-04,16:38:33.08,2025-05-04T12:38:33.0847232-04:00,2025-05-04T16:38:33.0847232Z,Popup,v3,471300,471426,04 May 2025 13:00-stjosephs@georgemas,"Primrose, Blake",10091373,Right,STJ_HAW,69a0a304-04e9-48a9-bc4b-8039c1021854,53.6094,-120.24352,12.99293,5.0406,1.18377,-12.54275,2.77001,-6.38458,3.9184,,0.80254,18.5192,-12.81968,2.24186,1.15199,-0.87443,0.2419,-0.03107,0.00153,2.65938,108.17916,-26.91705,0.21963,1.89675,-0.92222,0.20841,-0.02338,0.00105,0.26527,52.09105,-4.76429,-0.8529,1.15391,-0.44862,0.08562,-0.00797,0.00029,,,,,,,,,,,,,,,,,,,,,,,High,High,High,Medium,Low,,,
53,2025-05-04,12:39:00.77,2,4,"Book, Colton",10038706,Left,STJ_HAW,"Alberti, Lucas",1000145512,Right,GEO_PAT,Undefined,2,Bottom,1,1,2,Fastball,Four-Seam,BallCalled,Undefined,Undefined,Undefined,0,0,,89.52663,-0.4063,4.767614,2186.810963,148.384358,11:00,5.27362,-2.39736,6.93588,-20.9447,12.61989,-7.13473,3.15708,1.35818,82.00145,-4.405369,3.469042,0.416977,,,,,,,,,,,,5.07362,7.14737,2.10121,50,5.2406,-10.56842,-129.86695,-1.46386,8.68657,26.55512,-19.937,GEO_PAT,STJ_HAW,SpuhlerFieldMain,D1,A10,20250504-SpuhlerFieldMain-1,48d0a020-2906-11f0-84c1-cbb9d7630631,90.39457,,,7.52518,,,,,,,40d32ed5-cd22-4191-9dae-36c451206e6c,2025-05-04,16:39:00.77,2025-05-04T12:39:00.7753728-04:00,2025-05-04T16:39:00.7753728Z,,v3,471300,471426,04 May 2025 13:00-stjosephs@georgemas,"Primrose, Blake",10091373,Right,STJ_HAW,dde68047-cef1-4432-b140-da1d2292221b,53.56567,-130.59402,13.27756,5.27321,-0.91799,-9.9685,2.39382,-10.80625,4.34329,,,,,,,,,,,,,,,,,,,,,,,,,,,,,,,,,,,,,,,,,,,,,,,,,,,High,High,High,,,,,
54,2025-05-04,12:39:22.63,2,5,"Book, Colton",10038706,Left,STJ_HAW,"Alberti, Lucas",1000145512,Right,GEO_PAT,Undefined,2,Bottom,1,2,2,Slider,Four-Seam,StrikeSwinging,Strikeout,Undefined,Undefined,0,0,,85.20466,-1.140228,2.35745,2092.021382,196.284853,12:30,5.15291,-2.80793,6.54816,-24.31367,13.15394,3.50831,2.08006,-0.35237,78.27777,-5.73237,2.994086,0.440554,,,,,,,,,,,,-1.19835,7.57528,2.64346,50,5.06344,-5.2259,-123.82045,-3.13177,-1.86381,24.30249,-20.39227,GEO_PAT,STJ_HAW,SpuhlerFieldMain,D1,A10,20250504-SpuhlerFieldMain-1,55db66b0-2906-11f0-84c1-cbb9d7630631,85.55683,,,6.92689,,,,,,,40d32ed5-cd22-4191-9dae-36c451206e6c,2025-05-04,16:39:22.63,2025-05-04T12:39:22.6360000-04:00,2025-05-04T16:39:22.6360000Z,,v3,471300,471426,04 May 2025 13:00-stjosephs@georgemas,"Primrose, Blake",10091373,Right,STJ_HAW,9f5a61f2-5e0a-4175-bb60-b234243d0e40,53.95355,-124.59401,12.15125,5.1528,-2.48267,-10.19614,2.80886,-5.16657,-0.9319,,,,,,,,,,,,,,,,,,,,,,,,,,,,,48.70693,2.68835,1.06921,1.619141,-0.37618,1.89704,0.25825,-4.05914,4.74359,-0.43263,71.66967,10.13463,-53.11691,-3.9282,52.10282,-3.3449,4.94804,28.3125,-15.50779,-0.53282,-36.4427,2.451,High,High,High,,,High,High,High
55,2025-05-04,12:39:57.88,3,1,"Book, Colton",10038706,Left,STJ_HAW,"Hueber, Toby",1000091691,Right,GEO_PAT,Undefined,2,Bottom,2,0,0,Slider,Cutter,BallCalled,Undefined,Undefined,Undefined,0,0,,85.26199,0.464546,1.811565,1931.493886,196.654523,12:30,5.08257,-2.95809,6.55229,-25.76021,11.66745,3.14669,3.3621,-1.03408,78.05849,-4.40957,2.382797,0.440319,,,,,,,,,,,,-1.14504,6.35244,2.83172,50,5.1036,-4.03691,-123.94396,0.28981,-1.78195,24.67141,-22.28805,GEO_PAT,STJ_HAW,SpuhlerFieldMain,D1,A10,20250504-SpuhlerFieldMain-1,6ae12d10-2906-11f0-84c1-cbb9d7630631,85.60249,,,7.2035,,,,,,,40d32ed5-cd22-4191-9dae-36c451206e6c,2025-05-04,16:39:57.88,2025-05-04T12:39:57.8851328-04:00,2025-05-04T16:39:57.8851328Z,,v3,471300,471426,04 May 2025 13:00-stjosephs@georgemas,"Primrose, Blake",10091373,Right,STJ_HAW,f7f07501-19ee-4f12-8ea3-ed2ea1597fa4,53.9488,-124.7275,12.33571,5.08316,0.99765,-11.14402,2.95903,-3.98032,-0.89097,,,,,,,,,,,,,,,,,,,,,,,,,,,,,,,,,,,,,,,,,,,,,,,,,,,High,High,High,,,,,
56,2025-05-04,12:40:16.63,3,2,"Book, Colton",10038706,Left,STJ_HAW,"Hueber, Toby",1000091691,Right,GEO_PAT,Undefined,2,Bottom,2,1,0,Fastball,Sinker,FoulBallNotFieldable,Undefined,Undefined,Undefined,0,0,,89.07448,-0.100274,3.269808,2177.712181,136.961571,10:30,5.2036,-2.61334,6.95826,-21.03922,12.62674,-10.85438,3.35894,-0.53935,81.77497,-4.122079,1.286286,0.417606,80.30071,63.319127,100.617257,6820.777622,,,,,56.50125,,,6.68162,7.07441,2.4137,50,5.18985,-7.01672,-129.51714,-0.76684,11.39984,25.92729,-20.10405,GEO_PAT,STJ_HAW,SpuhlerFieldMain,D1,A10,20250504-SpuhlerFieldMain-1,7605ce80-2906-11f0-84c1-cbb9d7630631,90.2583,85.39787,,7.29951,,,,0.92157,3.47695,0.70983,40d32ed5-cd22-4191-9dae-36c451206e6c,2025-05-04,16:40:16.63,2025-05-04T12:40:16.6393856-04:00,2025-05-04T16:40:16.6393856Z,,v3,471300,471426,04 May 2025 13:00-stjosephs@georgemas,"Primrose, Blake",10091373,Right,STJ_HAW,ff6580cd-7f7b-449d-98cf-d029a9dba4fc,53.54534,-130.22493,12.96365,5.20329,-0.21802,-10.05202,2.6095,-7.32792,5.69992,334.924956,0.92157,-9.74356,-10.70822,4.71578,-1.4417,0.38941,-0.09811,0.02036,-0.00233,3.47695,105.23375,-33.36046,4.91208,-0.96433,0.16422,-0.03037,0.00553,-0.00059,0.70983,51.97769,-5.07183,0.26,0.14762,-0.07769,0.02337,-0.00523,0.00063,,,,,,,,,,,,,,,,,,,,,,,High,High,High,Medium,Undefined,,,
57,2025-05-04,12:40:44.05,3,3,"Book, Colton",10038706,Left,STJ_HAW,"Hueber, Toby",1000091691,Right,GEO_PAT,Undefined,2,Bottom,2,1,1,Fastball,Four-Seam,BallCalled,Undefined,Undefined,Undefined,0,0,,88.59267,-0.908556,2.495597,2073.889281,144.909191,10:45,5.2231,-2.63547,7.0007,-19.0041,15.08891,-9.85229,2.81253,-1.18609,81.05665,-4.569774,0.691714,0.420246,,,,,,,,,,,,5.9313,8.63044,2.48507,50,5.16056,-5.25894,-128.81917,-2.49762,9.96822,26.72022,-17.66962,GEO_PAT,STJ_HAW,SpuhlerFieldMain,D1,A10,20250504-SpuhlerFieldMain-1,8660aa70-2906-11f0-84c1-cbb9d7630631,89.69129,,,7.53602,,,,,,,40d32ed5-cd22-4191-9dae-36c451206e6c,2025-05-04,16:40:44.05,2025-05-04T12:40:44.0569856-04:00,2025-05-04T16:40:44.0569856Z,,v3,471300,471426,04 May 2025 13:00-stjosephs@georgemas,"Primrose, Blake",10091373,Right,STJ_HAW,5f1bdedf-3ba6-4732-9ad3-d3d2bad78124,53.50089,-129.5433,13.36011,5.22176,-2.01876,-8.83481,2.63125,-5.52908,4.98411,,,,,,,,,,,,,,,,,,,,,,,,,,,,,,,,,,,,,,,,,,,,,,,,,,,High,High,High,,,,,
58,2025-05-04,12:41:08.23,3,4,"Book, Colton",10038706,Left,STJ_HAW,"Hueber, Toby",1000091691,Right,GEO_PAT,Undefined,2,Bottom,2,2,1,Fastball,Four-Seam,StrikeSwinging,Undefined,Undefined,Undefined,0,0,,88.71601,-1.682511,4.512243,2182.420333,140.906979,10:45,5.10981,-2.79015,6.98454,-19.70021,14.32564,-10.80064,1.93273,0.42205,81.52939,-5.452246,2.541991,0.419832,,,,,,,,,,,,6.98941,8.4215,2.51514,50,4.9989,-9.78487,-128.75768,-4.28058,11.78792,25.57326,-17.97089,GEO_PAT,STJ_HAW,SpuhlerFieldMain,D1,A10,20250504-SpuhlerFieldMain-1,94c73070-2906-11f0-84c1-cbb9d7630631,89.77978,,,7.18663,,,,,,,40d32ed5-cd22-4191-9dae-36c451206e6c,2025-05-04,16:41:08.23,2025-05-04T12:41:08.2341888-04:00,2025-05-04T16:41:08.2341888Z,,v3,471300,471426,04 May 2025 13:00-stjosephs@georgemas,"Primrose, Blake",10091373,Right,STJ_HAW,75ab6952-a3a1-4deb-97fb-4cc6021d0984,53.5191,-129.45474,12.78663,5.1089,-3.79074,-8.98545,2.78623,-10.10617,5.89396,,,,,,,,,,,,,,,,,,,,,,,,,,,,,,,,,,,,,,,,,,,,,,,,,,,High,High,High,,,,,
59,2025-05-04,12:41:30.96,3,5,"Book, Colton",10038706,Left,STJ_HAW,"Hueber, Toby",1000091691,Right,GEO_PAT,Undefined,2,Bottom,2,2,2,ChangeUp,Changeup,BallCalled,Undefined,Undefined,Undefined,0,0,,84.34949,-2.569152,4.749792,1331.082241,114.176243,9:45,4.8808,-2.82866,6.93548,-30.79872,6.88823,-12.86355,-0.03416,0.43317,78.07641,-8.339928,2.402596,0.441842,,,,,,,,,,,,8.2113,4.63697,2.53609,50,4.70885,-9.7583,-122.3662,-6.32109,12.52983,22.69912,-25.09838,GEO_PAT,STJ_HAW,SpuhlerFieldMain,D1,A10,20250504-SpuhlerFieldMain-1,a251d560-2906-11f0-84c1-cbb9d7630631,85.30752,,,6.27307,,,,,,,40d32ed5-cd22-4191-9dae-36c451206e6c,2025-05-04,16:41:30.96,2025-05-04T12:41:30.9643264-04:00,2025-05-04T16:41:30.9643264Z,,v3,471300,471426,04 May 2025 13:00-stjosephs@georgemas,"Primrose, Blake",10091373,Right,STJ_HAW,b107bfc5-0da1-442d-bcff-b45a6702a555,53.57039,-123.02673,11.34956,4.88217,-5.59075,-12.54919,2.82535,-10.12291,6.26491,,,,,,,,,,,,,,,,,,,,,,,,,,,,,,,,,,,,,,,,,,,,,,,,,,,High,High,High,,,,,
60,2025-05-04,12:41:59.60,3,6,"Book, Colton",10038706,Left,STJ_HAW,"Hueber, Toby",1000091691,Right,GEO_PAT,Undefined,2,Bottom,2,3,2,Fastball,Four-Seam,InPlay,Undefined,FlyBall,Out,1,0,,90.12542,-1.309784,3.746745,2218.723618,145.255698,10:45,5.17533,-2.50429,7.00738,-18.97426,13.98032,-8.99146,2.4007,0.15734,82.61114,-4.951775,2.10349,0.413171,92.94365,45.840285,-8.933166,4133.392982,109.40334,110.39919,-11.43911,268.78036,268.78036,-4.354991,6.171596,5.86394,8.15193,2.27759,50,5.08841,-8.25841,-130.92971,-3.47113,10.1948,27.24268,-18.00148,GEO_PAT,STJ_HAW,SpuhlerFieldMain,D1,A10,20250504-SpuhlerFieldMain-1,b3626cc0-2906-11f0-84c1-cbb9d7630631,91.2273,136.09269,,7.51428,,,,2.22783,2.54941,-0.12403,40d32ed5-cd22-4191-9dae-36c451206e6c,2025-05-04,16:41:59.60,2025-05-04T12:41:59.6060672-04:00,2025-05-04T16:41:59.6060672Z,FlyBall,v3,471300,471426,04 May 2025 13:00-stjosephs@georgemas,"Primrose, Blake",10091373,Right,STJ_HAW,1b269618-2117-4074-ba96-58173d6761b9,53.49622,-131.65516,13.62134,5.17446,-2.99176,-9.00074,2.50112,-8.52989,5.0974,191.035934,2.23275,93.71069,-23.66818,5.47032,-0.71593,-0.00901,0.01959,-0.00265,0.00011,2.543,97.8945,-21.20137,1.83013,-0.39624,0.07011,-0.00431,-0.00041,5E-05,-0.12622,-14.69947,7.55115,-2.2616,0.34245,0.00281,-0.01049,0.00154,-7E-05,,,,,,,,,,,,,,,,,,,,,,,High,High,High,High,Medium,,,
61,2025-05-04,12:44:29.18,1,1,"Cassedy, Brandon",1000183671,Right,GEO_PAT,"Gale, Joe",10139876,Right,STJ_HAW,Undefined,3,Top,0,0,0,Fastball,Four-Seam,StrikeCalled,Undefined,Undefined,Undefined,0,0,,88.10632,-2.216444,-0.00443,2195.945293,192.315748,12:30,5.69539,0.31588,6.12465,-16.1693,19.43375,3.99969,2.29788,0.64509,80.76977,-5.304989,0.716694,0.429452,,,,,,,,,,,,-2.07433,10.99898,-0.31761,50,5.51716,-0.14974,-127.99838,-5.39022,-3.44751,25.97876,-13.89402,GEO_PAT,STJ_HAW,SpuhlerFieldMain,D1,A10,20250504-SpuhlerFieldMain-1,0c8fdcb0-2907-11f0-84c1-cbb9d7630631,87.76862,,,7.33654,,,,,,,40d32ed5-cd22-4191-9dae-36c451206e6c,2025-05-04,16:44:29.18,2025-05-04T12:44:29.1864576-04:00,2025-05-04T16:44:29.1864576Z,,v3,471300,471426,04 May 2025 13:00-stjosephs@georgemas,"Barenz, Nick",1000218914,Right,GEO_PAT,042945ae-1114-4824-8de8-743158ade881,54.37746,-128.88377,12.98938,5.6928,-4.91669,-6.94701,-0.31451,-0.03224,-1.72375,,,,,,,,,,,,,,,,,,,,,,,,,,,,,,,,,,,,,,,,,,,,,,,,,,,High,High,High,,,,,
62,2025-05-04,12:44:47.35,1,2,"Cassedy, Brandon",1000183671,Right,GEO_PAT,"Gale, Joe",10139876,Right,STJ_HAW,Undefined,3,Top,0,0,1,Fastball,Four-Seam,StrikeCalled,Undefined,Undefined,Undefined,0,0,,89.77,-3.193074,0.003554,2229.412014,190.667818,12:15,5.69583,0.37888,6.23881,-15.88958,18.04383,3.21327,1.42308,0.64994,82.9987,-6.205086,0.584243,0.419261,,,,,,,,,,,,-1.68662,10.51875,-0.38078,50,5.44959,-0.13238,-130.45503,-7.72344,-2.93421,24.99447,-13.87431,GEO_PAT,STJ_HAW,SpuhlerFieldMain,D1,A10,20250504-SpuhlerFieldMain-1,175965d0-2907-11f0-84c1-cbb9d7630631,89.90199,,,6.7713,,,,,,,40d32ed5-cd22-4191-9dae-36c451206e6c,2025-05-04,16:44:47.35,2025-05-04T12:44:47.3534464-04:00,2025-05-04T16:44:47.3534464Z,,v3,471300,471426,04 May 2025 13:00-stjosephs@georgemas,"Barenz, Nick",1000218914,Right,GEO_PAT,6eeab73f-5d7b-464c-9772-9d268809d178,54.26549,-131.26973,12.49723,5.69397,-7.2712,-6.93716,-0.37803,-0.03674,-1.46711,,,,,,,,,,,,,,,,,,,,,,,,,,,,,,,,,,,,,,,,,,,,,,,,,,,High,High,High,,,,,
63,2025-05-04,12:45:07.19,1,3,"Cassedy, Brandon",1000183671,Right,GEO_PAT,"Gale, Joe",10139876,Right,STJ_HAW,Undefined,3,Top,0,0,2,Fastball,Four-Seam,InPlay,Undefined,GroundBall,Out,1,0,,90.55567,-2.448703,0.26938,2293.676495,190.811701,12:15,5.67312,0.3993,6.04754,-15.15056,18.37651,3.32614,2.1421,0.92587,83.70002,-5.321838,0.868185,0.416744,36.22527,-25.727105,1.156529,,,,,5.47665,3.87556,-9.551381,0.08081,-1.65602,10.39693,-0.42209,50,5.47401,-0.75499,-131.63671,-6.06503,-2.93759,25.08259,-13.73133,GEO_PAT,STJ_HAW,SpuhlerFieldMain,D1,A10,20250504-SpuhlerFieldMain-1,23385690-2907-11f0-84c1-cbb9d7630631,90.44509,1.88297,,6.85565,,,,1.49373,1.88297,-0.98763,40d32ed5-cd22-4191-9dae-36c451206e6c,2025-05-04,16:45:07.19,2025-05-04T12:45:07.1910400-04:00,2025-05-04T16:45:07.1910400Z,GroundBall,v3,471300,471426,04 May 2025 13:00-stjosephs@georgemas,"Barenz, Nick",1000218914,Right,GEO_PAT,ce5b3f89-c523-4d74-839f-19851d66ca17,54.45581,-132.48302,12.5413,5.67084,-5.60173,-6.86567,-0.39829,-0.65587,-1.4688,180,1.4873,48.34805,,,,,,,,1.88607,-23.30127,,,,,,,,-0.98776,0.97605,,,,,,,,,,,,,,,,,,,,,,,,,,,,,,High,High,High,Low,Low,,,
64,2025-05-04,12:45:45.01,2,1,"Cassedy, Brandon",1000183671,Right,GEO_PAT,"Kelsey, Alex",1000263851,Left,STJ_HAW,Undefined,3,Top,1,0,0,Fastball,Four-Seam,FoulBallNotFieldable,Undefined,Undefined,Undefined,0,0,,89.10768,-2.534255,-1.854069,2249.779092,191.226557,12:15,5.61167,0.30281,6.68905,-16.15434,17.82363,3.33457,1.94486,-1.11569,82.02108,-5.634126,-1.246865,0.419537,,,,,,,,,,,,-2.26984,10.43591,-0.18042,50,5.43577,4.07301,-129.53486,-6.13834,-3.87499,25.8517,-14.3582,GEO_PAT,STJ_HAW,SpuhlerFieldMain,D1,A10,20250504-SpuhlerFieldMain-1,39b8fd20-2907-11f0-84c1-cbb9d7630631,89.843,,,7.0866,,,,,,,40d32ed5-cd22-4191-9dae-36c451206e6c,2025-05-04,16:45:45.01,2025-05-04T12:45:45.0198016-04:00,2025-05-04T16:45:45.0198016Z,,v3,471300,471426,04 May 2025 13:00-stjosephs@georgemas,"Barenz, Nick",1000218914,Right,GEO_PAT,a964e7f0-a299-4c10-8c7e-9f6713061020,53.8149,-130.29399,12.92585,5.60984,-5.71672,-7.1791,-0.30169,4.1868,-1.9375,,,,,,,,,,,,,,,,,,,,,,,,,,,,,,,,,,,,,,,,,,,,,,,,,,,High,High,High,,,,,
65,2025-05-04,12:46:09.95,2,2,"Cassedy, Brandon",1000183671,Right,GEO_PAT,"Kelsey, Alex",1000263851,Left,STJ_HAW,Undefined,3,Top,1,0,1,Fastball,Four-Seam,InPlay,Undefined,GroundBall,Single,0,0,,88.76868,-2.482906,-0.467504,2229.416221,190.620315,12:15,5.60631,0.3706,6.48899,-15.46072,19.05284,3.37508,2.03681,0.22263,81.59166,-5.452384,0.145215,0.422831,101.37835,-3.113879,5.508371,,,,,26.39741,24.52748,4.234185,0.171747,-1.90402,10.99591,-0.33924,50,5.42489,0.92581,-129.04366,-5.9835,-3.22303,25.88037,-13.56088,GEO_PAT,STJ_HAW,SpuhlerFieldMain,D1,A10,20250504-SpuhlerFieldMain-1,489aa690-2907-11f0-84c1-cbb9d7630631,89.14313,2.05145,,7.17701,,,,1.59391,2.05145,-0.23928,40d32ed5-cd22-4191-9dae-36c451206e6c,2025-05-04,16:46:09.95,2025-05-04T12:46:09.9509248-04:00,2025-05-04T16:46:09.9509248Z,GroundBall,v3,471300,471426,04 May 2025 13:00-stjosephs@georgemas,"Barenz, Nick",1000218914,Right,GEO_PAT,fb50c8f0-42b1-41f8-aa40-a7a4ab161f2f,54.01405,-129.8462,12.94019,5.60392,-5.56298,-6.78044,-0.36949,1.02576,-1.61152,40.087966,1.59464,147.72674,-21.75229,,,,,,,2.05229,-8.14145,-22.20009,,,,,,,-0.23877,14.21225,-8.59869,,,,,,,,,,,,,,,,,,,,,,,,,,,,,High,High,High,High,High,,,
66,2025-05-04,12:46:46.89,3,1,"Cassedy, Brandon",1000183671,Right,GEO_PAT,"Applegate, Carson",1000069466,Right,STJ_HAW,Undefined,3,Top,1,0,0,Cutter,Slider,BallCalled,Undefined,Undefined,Undefined,0,0,,82.90021,0.870137,-0.791393,2480.6567,108.832523,9:45,5.76172,0.59929,5.6768,-35.95833,4.55685,-10.08997,3.57656,-0.9794,76.75747,-5.73274,-2.594918,0.458121,,,,,,,,,,,,4.93402,2.45555,-0.52608,50,5.81237,2.06786,-120.54714,0.61451,7.34161,20.97526,-28.52031,GEO_PAT,STJ_HAW,SpuhlerFieldMain,D1,A10,20250504-SpuhlerFieldMain-1,5e907240-2907-11f0-84c1-cbb9d7630631,82.27617,,,6.14274,,,,,,,40d32ed5-cd22-4191-9dae-36c451206e6c,2025-05-04,16:46:46.89,2025-05-04T12:46:46.8940288-04:00,2025-05-04T16:46:46.8940288Z,,v3,471300,471426,04 May 2025 13:00-stjosephs@georgemas,"Barenz, Nick",1000218914,Right,GEO_PAT,5d63f504-e162-47ba-84ee-93f628f14f6e,54.82677,-121.3841,10.48763,5.76514,1.75253,-14.26015,-0.60275,1.77491,3.6708,,,,,,,,,,,,,,,,,,,,,,,,,,,,,,,,,,,,,,,,,,,,,,,,,,,High,High,High,,,,,
67,2025-05-04,12:47:08.37,3,2,"Cassedy, Brandon",1000183671,Right,GEO_PAT,"Applegate, Carson",1000069466,Right,STJ_HAW,Undefined,3,Top,1,1,0,Curveball,Curveball,InPlay,Undefined,FlyBall,Out,1,0,,74.67748,1.545267,-0.150148,2563.422806,43.688532,7:30,5.63604,0.5809,5.61225,-62.81602,-11.9167,-12.95237,1.84411,-0.63862,68.56146,-9.888944,-2.468921,0.513485,96.35615,30.72634,-16.416595,2284.217825,106.63107,62.27799,-27.01506,349.26032,309.65801,-13.408328,5.389517,6.55894,-6.1063,-0.55933,50,5.72707,0.75225,-108.47567,0.91513,7.74902,20.47481,-39.38832,GEO_PAT,STJ_HAW,SpuhlerFieldMain,D1,A10,20250504-SpuhlerFieldMain-1,6b7cdb60-2907-11f0-84c1-cbb9d7630631,73.4052,89.37018,,6.11602,,,,1.58832,1.9398,0.63752,40d32ed5-cd22-4191-9dae-36c451206e6c,2025-05-04,16:47:08.37,2025-05-04T12:47:08.3782144-04:00,2025-05-04T16:47:08.3782144Z,FlyBall,v3,471300,471426,04 May 2025 13:00-stjosephs@georgemas,"Barenz, Nick",1000218914,Right,GEO_PAT,306b0cc6-aa08-452a-a066-e44f0b586999,54.8943,-109.39557,10.23741,5.6462,2.68478,-19.69416,-0.58531,0.40409,3.87451,197.431709,1.59501,116.40273,-22.83525,4.47381,-0.39178,-0.10385,0.03925,-0.00479,0.00021,1.93601,72.264,-16.01535,0.36623,0.06877,-0.04219,0.01659,-0.00285,0.00017,0.63537,-34.29848,11.37969,-3.65763,0.81638,-0.11888,0.01127,-0.00078,3E-05,,,,,,,,,,,,,,,,,,,,,,,High,High,High,High,Medium,,,
68,2025-05-04,12:47:49.95,4,1,"Cassedy, Brandon",1000183671,Right,GEO_PAT,"Pagano, Joey",10113708,Left,STJ_HAW,Undefined,3,Top,2,0,0,Cutter,Slider,StrikeCalled,Undefined,Undefined,Undefined,0,0,,82.22078,0.075995,0.832137,2484.863798,109.222127,9:45,5.73405,0.61119,5.55249,-36.71486,4.53091,-9.81048,2.74551,0.5713,76.42618,-6.635834,-0.919145,0.462233,,,,,,,,,,,,5.17945,2.61414,-0.67647,50,5.71607,-1.3475,-119.59728,-1.09734,7.61025,19.94135,-28.33307,GEO_PAT,STJ_HAW,SpuhlerFieldMain,D1,A10,20250504-SpuhlerFieldMain-1,84240b70-2907-11f0-84c1-cbb9d7630631,81.54422,,,5.7946,,,,,,,40d32ed5-cd22-4191-9dae-36c451206e6c,2025-05-04,16:47:49.95,2025-05-04T12:47:49.9593216-04:00,2025-05-04T16:47:49.9593216Z,,v3,471300,471426,04 May 2025 13:00-stjosephs@georgemas,"Barenz, Nick",1000218914,Right,GEO_PAT,1217234b-c2c0-4a11-a6d8-a51110abcb22,54.95186,-120.42011,9.97068,5.73723,0.07175,-14.16653,-0.61439,-1.66151,3.80513,,,,,,,,,,,,,,,,,,,,,,,,,,,,,,,,,,,,,,,,,,,,,,,,,,,High,High,High,,,,,
69,2025-05-04,12:48:24.23,4,2,"Cassedy, Brandon",1000183671,Right,GEO_PAT,"Pagano, Joey",10113708,Left,STJ_HAW,Undefined,3,Top,2,0,1,Cutter,Slider,BallCalled,Undefined,Undefined,Undefined,0,0,,84.04507,1.176552,0.882466,2430.113801,114.777395,9:45,5.68854,0.74133,5.62897,-34.92096,4.82811,-7.89477,3.87662,0.90695,77.19452,-5.254869,-0.527684,0.453769,,,,,,,,,,,,4.22921,2.50709,-0.81137,50,5.76638,-1.55547,-122.09821,1.30467,6.41453,22.97691,-28.37149,GEO_PAT,STJ_HAW,SpuhlerFieldMain,D1,A10,20250504-SpuhlerFieldMain-1,9891b080-2907-11f0-84c1-cbb9d7630631,83.06523,,,6.85055,,,,,,,40d32ed5-cd22-4191-9dae-36c451206e6c,2025-05-04,16:48:24.23,2025-05-04T12:48:24.2317824-04:00,2025-05-04T16:48:24.2317824Z,,v3,471300,471426,04 May 2025 13:00-stjosephs@georgemas,"Barenz, Nick",1000218914,Right,GEO_PAT,d4bd988f-3b17-4acb-aaa0-014eff73cc47,54.87339,-123.01188,11.48845,5.69207,2.43286,-14.18574,-0.74444,-1.81055,3.20727,,,,,,,,,,,,,,,,,,,,,,,,,,,,,,,,,,,,,,,,,,,,,,,,,,,High,High,High,,,,,
70,2025-05-04,12:49:04.90,4,3,"Cassedy, Brandon",1000183671,Right,GEO_PAT,"Pagano, Joey",10113708,Left,STJ_HAW,Undefined,3,Top,2,1,1,Fastball,Four-Seam,BallCalled,Undefined,Undefined,Undefined,0,0,,88.61095,-2.743836,0.81237,2279.327358,192.425378,12:30,5.72742,0.51578,6.16166,-15.9719,19.26312,3.99697,1.8594,1.5994,81.16619,-5.794161,1.533338,0.427227,,,,,,,,,,,,-1.8437,11.07087,-0.57943,50,5.51068,-1.98521,-128.64953,-6.5927,-3.09109,26.5928,-13.61295,GEO_PAT,STJ_HAW,SpuhlerFieldMain,D1,A10,20250504-SpuhlerFieldMain-1,b0e4f430-2907-11f0-84c1-cbb9d7630631,88.22582,,,7.44476,,,,,,,40d32ed5-cd22-4191-9dae-36c451206e6c,2025-05-04,16:49:04.90,2025-05-04T12:49:04.9033728-04:00,2025-05-04T16:49:04.9033728Z,,v3,471300,471426,04 May 2025 13:00-stjosephs@georgemas,"Barenz, Nick",1000218914,Right,GEO_PAT,2dbd045c-7d4d-42fa-acd9-eb26d4f8b0bf,54.33986,-129.54351,13.2964,5.72462,-6.13507,-6.80647,-0.51444,-1.8813,-1.54555,,,,,,,,,,,,,,,,,,,,,,,,,,,,,,,,,,,,,,,,,,,,,,,,,,,High,High,High,,,,,
71,2025-05-04,12:49:26.42,4,4,"Cassedy, Brandon",1000183671,Right,GEO_PAT,"Pagano, Joey",10113708,Left,STJ_HAW,Undefined,3,Top,2,2,1,Fastball,Four-Seam,StrikeCalled,Undefined,Undefined,Undefined,0,0,,89.1361,-3.314896,-0.082673,2265.112373,194.54314,12:30,5.74314,0.45136,6.31068,-15.0004,19.7684,4.82965,1.43591,0.77767,81.38587,-6.200304,0.79122,0.424391,,,,,,,,,,,,-2.55358,11.61863,-0.4476,50,5.49265,-0.00206,-129.36427,-7.87406,-4.31026,27.97903,-12.56258,GEO_PAT,STJ_HAW,SpuhlerFieldMain,D1,A10,20250504-SpuhlerFieldMain-1,bdb10410-2907-11f0-84c1-cbb9d7630631,88.81531,,,7.75023,,,,,,,40d32ed5-cd22-4191-9dae-36c451206e6c,2025-05-04,16:49:26.42,2025-05-04T12:49:26.4208384-04:00,2025-05-04T16:49:26.4208384Z,,v3,471300,471426,04 May 2025 13:00-stjosephs@georgemas,"Barenz, Nick",1000218914,Right,GEO_PAT,4562a5a0-0ab2-4cc0-8531-05fd53c2edce,54.19165,-130.26769,13.98952,5.74035,-7.46842,-6.28129,-0.44978,0.13712,-2.15513,,,,,,,,,,,,,,,,,,,,,,,,,,,,,,,,,,,,,,,,,,,,,,,,,,,High,High,High,,,,,
72,2025-05-04,12:50:04.19,4,5,"Cassedy, Brandon",1000183671,Right,GEO_PAT,"Pagano, Joey",10113708,Left,STJ_HAW,Undefined,3,Top,2,2,2,Fastball,Four-Seam,BallCalled,Undefined,Undefined,Undefined,1,0,,90.75943,-0.395456,1.47524,2352.760972,193.312413,12:30,5.80299,0.49088,5.9038,-13.70965,20.20123,4.52709,4.29327,2.23795,82.79793,-3.039219,2.287115,0.419123,,,,,,,,,,,,-1.90197,10.77568,-0.61208,50,5.76333,-3.58953,-131.80989,-1.2767,-3.34328,28.2387,-13.23272,GEO_PAT,STJ_HAW,SpuhlerFieldMain,D1,A10,20250504-SpuhlerFieldMain-1,d420e1c0-2907-11f0-84c1-cbb9d7630631,89.93177,,,7.9615,,,,,,,40d32ed5-cd22-4191-9dae-36c451206e6c,2025-05-04,16:50:04.19,2025-05-04T12:50:04.1930000-04:00,2025-05-04T16:50:04.1930000Z,,v3,471300,471426,04 May 2025 13:00-stjosephs@georgemas,"Barenz, Nick",1000218914,Right,GEO_PAT,23909866-7b8e-41ea-a2a4-d7ef95b99e41,54.59719,-132.79113,14.11935,5.7997,-0.81689,-6.61636,-0.48937,-3.47336,-1.67164,,,,,,,,,,,,,,,,,,,,,,,,,,,,,81.64756,2.089867,0.847923,1.241943,-0.48485,4.19031,-2.31437,0.10879,6.80731,-1.72066,127.29886,5.03846,4.0543,0.29496,117.16489,-12.15938,6.78245,10.45936,-9.53614,-1.76674,2.1024,2.11929,High,High,High,,,High,High,Medium
73,2025-05-04,12:52:25.26,1,1,"Book, Colton",10038706,Left,STJ_HAW,"Wall, Jonny",1000119703,Right,GEO_PAT,Undefined,3,Bottom,0,0,0,Slider,Cutter,StrikeCalled,Undefined,Undefined,Undefined,0,0,,82.92808,-0.787449,2.102613,2042.748619,200.447731,12:45,5.12226,-2.95767,6.41666,-27.7582,11.35654,3.86185,2.08458,-0.70188,77.4061,-5.963211,2.801985,0.450134,,,,,,,,,,,,-1.55602,6.44532,2.80568,50,5.05303,-4.56735,-120.71042,-2.4493,-2.33875,19.38246,-22.48657,GEO_PAT,STJ_HAW,SpuhlerFieldMain,D1,A10,20250504-SpuhlerFieldMain-1,28567fc0-2908-11f0-84c1-cbb9d7630631,83.73606,,,5.52199,,,,,,,40d32ed5-cd22-4191-9dae-36c451206e6c,2025-05-04,16:52:25.26,2025-05-04T12:52:25.2688896-04:00,2025-05-04T16:52:25.2688896Z,,v3,471300,471426,04 May 2025 13:00-stjosephs@georgemas,"Primrose, Blake",10091373,Right,STJ_HAW,ae1b843f-955b-4b2d-9651-f4403939fa92,54.08744,-121.36497,9.69123,5.12292,-1.68993,-11.24329,2.95858,-4.48837,-1.16938,,,,,,,,,,,,,,,,,,,,,,,,,,,,,,,,,,,,,,,,,,,,,,,,,,,High,High,High,,,,,
74,2025-05-04,12:52:43.78,1,2,"Book, Colton",10038706,Left,STJ_HAW,"Wall, Jonny",1000119703,Right,GEO_PAT,Undefined,3,Bottom,0,0,1,Slider,Cutter,StrikeCalled,Undefined,Undefined,Undefined,0,0,,82.88179,-0.01918,1.664649,2038.715301,215.834354,1:15,5.14467,-3.03159,6.29891,-29.33403,10.0817,6.53512,2.68248,-0.9527,77.10973,-5.482641,2.84569,0.451862,,,,,,,,,,,,-3.01803,5.58941,2.90618,50,5.12893,-3.74304,-120.63246,-0.90162,-4.5182,19.95793,-23.80628,GEO_PAT,STJ_HAW,SpuhlerFieldMain,D1,A10,20250504-SpuhlerFieldMain-1,3366aed0-2908-11f0-84c1-cbb9d7630631,83.41577,,,5.77207,,,,,,,40d32ed5-cd22-4191-9dae-36c451206e6c,2025-05-04,16:52:43.78,2025-05-04T12:52:43.7861888-04:00,2025-05-04T16:52:43.7861888Z,,v3,471300,471426,04 May 2025 13:00-stjosephs@georgemas,"Primrose, Blake",10091373,Right,STJ_HAW,c850f93c-4f04-4bb4-9dee-3c43be124f20,54.20455,-121.32608,9.97896,5.14589,-0.07425,-11.90314,3.03354,-3.58602,-2.2591,,,,,,,,,,,,,,,,,,,,,,,,,,,,,,,,,,,,,,,,,,,,,,,,,,,High,High,High,,,,,
75,2025-05-04,12:53:06.30,1,3,"Book, Colton",10038706,Left,STJ_HAW,"Wall, Jonny",1000119703,Right,GEO_PAT,Undefined,3,Bottom,0,0,2,Fastball,Four-Seam,StrikeSwinging,Strikeout,Undefined,Undefined,0,0,,88.96268,0.059741,2.312843,2284.044258,162.710262,11:30,5.35869,-2.68083,6.91141,-15.11528,18.8508,-5.53591,4.15353,-1.0346,81.15175,-2.893502,1.301333,0.419463,,,,,,,,,,,,3.57587,10.31229,2.53699,50,5.35633,-5.0178,-129.33609,-0.1829,6.05008,27.26442,-14.7265,GEO_PAT,STJ_HAW,SpuhlerFieldMain,D1,A10,20250504-SpuhlerFieldMain-1,40cb7c40-2908-11f0-84c1-cbb9d7630631,89.8587,,,7.81094,,,,,,,40d32ed5-cd22-4191-9dae-36c451206e6c,2025-05-04,16:53:06.30,2025-05-04T12:53:06.3000000-04:00,2025-05-04T16:53:06.3000000Z,,v3,471300,471426,04 May 2025 13:00-stjosephs@georgemas,"Primrose, Blake",10091373,Right,STJ_HAW,15d21fbc-6453-4400-838e-139f91bb454a,53.58911,-130.09049,13.63221,5.35575,0.22458,-7.36325,2.67815,-5.1852,3.02504,,,,,,,,,,,,,,,,,,,,,,,,,,,,,55.67584,,,1.288428,,,,0.01872,5.85828,1.69546,71.21061,3.49119,-53.5729,0.12362,61.50934,-4.93287,5.9304,15.47763,-13.49304,1.58921,-48.82056,4.67782,High,High,High,,,High,High,High
76,2025-05-04,12:53:41.30,2,1,"Book, Colton",10038706,Left,STJ_HAW,"Barenz, Nick",1000218914,Right,GEO_PAT,Undefined,3,Bottom,1,0,0,Fastball,Four-Seam,BallCalled,Undefined,Undefined,Undefined,0,0,,88.44851,-2.644543,3.072844,2235.65649,152.962341,11:00,5.24589,-2.66327,6.96259,-17.19847,16.86879,-8.10126,1.40137,-0.53986,81.68537,-5.943737,1.591722,0.420088,,,,,,,,,,,,5.10611,9.99095,2.47521,50,5.0754,-6.61571,-128.52291,-6.34876,8.61716,24.40247,-15.31315,GEO_PAT,STJ_HAW,SpuhlerFieldMain,D1,A10,20250504-SpuhlerFieldMain-1,55a8ac00-2908-11f0-84c1-cbb9d7630631,89.72514,,,6.76314,,,,,,,40d32ed5-cd22-4191-9dae-36c451206e6c,2025-05-04,16:53:41.30,2025-05-04T12:53:41.3080064-04:00,2025-05-04T16:53:41.3080064Z,,v3,471300,471426,04 May 2025 13:00-stjosephs@georgemas,"Primrose, Blake",10091373,Right,STJ_HAW,488e6b1b-0f47-4720-bcee-37795d4a0d2b,53.54072,-129.19344,12.20123,5.24407,-5.92799,-7.65657,2.66025,-6.85248,4.30858,,,,,,,,,,,,,,,,,,,,,,,,,,,,,,,,,,,,,,,,,,,,,,,,,,,High,High,High,,,,,
77,2025-05-04,12:54:00.75,2,2,"Book, Colton",10038706,Left,STJ_HAW,"Barenz, Nick",1000218914,Right,GEO_PAT,Undefined,3,Bottom,1,1,0,Fastball,Four-Seam,FoulBallNotFieldable,Undefined,Undefined,Undefined,0,0,,88.17751,-1.034682,3.642345,2251.049645,153.625188,11:00,5.16558,-2.6869,7.08979,-19.29871,14.63906,-6.79894,2.61624,0.0569,81.69767,-4.725151,2.397918,0.419289,56.56077,-42.80608,-83.556395,,,,,3.72797,3.72797,-50.875886,0.047023,4.54717,8.41166,2.47109,50,5.0971,-7.93739,-128.25027,-2.78448,7.67433,23.21674,-17.97757,GEO_PAT,STJ_HAW,SpuhlerFieldMain,D1,A10,20250504-SpuhlerFieldMain-1,613c62f0-2908-11f0-84c1-cbb9d7630631,89.89613,2.66665,,6.47984,,,,2.02925,2.66665,-0.03117,40d32ed5-cd22-4191-9dae-36c451206e6c,2025-05-04,16:54:00.75,2025-05-04T12:54:00.7522816-04:00,2025-05-04T16:54:00.7522816Z,GroundBall,v3,471300,471426,04 May 2025 13:00-stjosephs@georgemas,"Primrose, Blake",10091373,Right,STJ_HAW,3dc1c2d7-d414-400e-8ac8-436f42acd3b4,53.41466,-128.86694,11.60837,5.16471,-2.30698,-8.98879,2.68462,-8.14123,3.83717,,2.02894,6.8713,,,,,,,,2.66922,-56.70965,,,,,,,,-0.02841,-60.84103,,,,,,,,,,,,,,,,,,,,,,,,,,,,,,High,High,High,Estimated,Estimated,,,
78,2025-05-04,12:54:25.66,2,3,"Book, Colton",10038706,Left,STJ_HAW,"Barenz, Nick",1000218914,Right,GEO_PAT,Undefined,3,Bottom,1,1,1,Fastball,Four-Seam,InPlay,Undefined,Bunt,Single,0,0,,87.97927,-0.035103,3.45846,2174.976278,150.791134,11:00,5.30098,-2.76941,6.88552,-20.29139,14.23891,-7.40307,3.57799,-0.23115,80.98419,-3.912541,2.108505,0.422933,43.80036,-51.455516,29.99001,,,,,4.84686,4.82897,19.89515,0.069794,4.86103,7.90709,2.55283,50,5.29116,-7.47402,-127.91486,-0.59251,8.11243,24.59161,-18.97813,GEO_PAT,STJ_HAW,SpuhlerFieldMain,D1,A10,20250504-SpuhlerFieldMain-1,701755a0-2908-11f0-84c1-cbb9d7630631,89.1215,3.55378,,6.99508,,,,2.10534,3.55378,0.23415,40d32ed5-cd22-4191-9dae-36c451206e6c,2025-05-04,16:54:25.66,2025-05-04T12:54:25.6636416-04:00,2025-05-04T16:54:25.6636416Z,GroundBall,v3,471300,471426,04 May 2025 13:00-stjosephs@georgemas,"Primrose, Blake",10091373,Right,STJ_HAW,f26bcd01-c189-47d5-b98d-46397e59f655,53.61853,-128.60864,12.2958,5.30033,-0.0571,-9.48907,2.76692,-7.70289,4.05622,180,2.10012,35.13525,,,,,,,,3.56135,-50.91802,,,,,,,,0.23114,20.27718,,,,,,,,,,,,,,,,,,,,,,,,,,,,,,High,High,High,Medium,High,,,
79,2025-05-04,12:55:20.93,3,1,"Book, Colton",10038706,Left,STJ_HAW,"Blanchard, Evan",10073877,Right,GEO_PAT,Undefined,3,Bottom,1,0,0,Fastball,Four-Seam,StrikeCalled,Undefined,Undefined,Undefined,0,0,,87.5981,-1.239161,4.346413,2183.487141,148.316472,11:00,5.15863,-2.55584,7.02291,-18.44253,16.37253,-9.45745,2.49218,0.61366,80.47408,-4.789081,2.61992,0.424673,,,,,,,,,,,,6.20658,9.40859,2.2934,50,5.07636,-9.33862,-127.1815,-3.18493,10.21731,24.84567,-16.68557,GEO_PAT,STJ_HAW,SpuhlerFieldMain,D1,A10,20250504-SpuhlerFieldMain-1,91097a40-2908-11f0-84c1-cbb9d7630631,88.75633,,,7.12402,,,,,,,40d32ed5-cd22-4191-9dae-36c451206e6c,2025-05-04,16:55:20.93,2025-05-04T12:55:20.9328128-04:00,2025-05-04T16:55:20.9328128Z,,v3,471300,471426,04 May 2025 13:00-stjosephs@georgemas,"Primrose, Blake",10091373,Right,STJ_HAW,881bca38-3198-4709-a496-c27a099e6ef6,53.47997,-127.85952,12.42284,5.15706,-2.72959,-8.34279,2.55204,-9.61744,5.10866,,,,,,,,,,,,,,,,,,,,,,,,,,,,,,,,,,,,,,,,,,,,,,,,,,,High,High,High,,,,,
80,2025-05-04,12:55:44.33,3,2,"Book, Colton",10038706,Left,STJ_HAW,"Blanchard, Evan",10073877,Right,GEO_PAT,Undefined,3,Bottom,1,0,1,Fastball,Four-Seam,StrikeCalled,Undefined,Undefined,Undefined,0,0,,87.89165,-1.428168,3.417816,2201.013662,138.854761,10:45,5.12714,-2.76097,7.06209,-20.67076,13.88473,-11.1982,2.10506,-0.5867,80.61218,-5.391582,1.36726,0.423087,,,,,,,,,,,,6.91091,8.15083,2.55787,50,5.03396,-7.23478,-127.71439,-3.68963,11.4384,25.78615,-18.68349,GEO_PAT,STJ_HAW,SpuhlerFieldMain,D1,A10,20250504-SpuhlerFieldMain-1,9ef997c0-2908-11f0-84c1-cbb9d7630631,89.08908,,,7.27947,,,,,,,40d32ed5-cd22-4191-9dae-36c451206e6c,2025-05-04,16:55:44.33,2025-05-04T12:55:44.3322880-04:00,2025-05-04T16:55:44.3322880Z,,v3,471300,471426,04 May 2025 13:00-stjosephs@georgemas,"Primrose, Blake",10091373,Right,STJ_HAW,a2677b58-ae2e-49d6-ada2-47f1ee4ea9db,53.44025,-128.40711,12.89307,5.12634,-3.18771,-9.34174,2.75636,-7.54207,5.7192,,,,,,,,,,,,,,,,,,,,,,,,,,,,,,,,,,,,,,,,,,,,,,,,,,,High,High,High,,,,,
81,2025-05-04,12:56:07.91,3,3,"Book, Colton",10038706,Left,STJ_HAW,"Blanchard, Evan",10073877,Right,GEO_PAT,Undefined,3,Bottom,1,0,2,Fastball,Four-Seam,InPlay,Undefined,LineDrive,Double,0,1,,89.19144,-0.974963,3.289913,2257.93901,147.620129,11:00,5.26727,-2.63539,6.98603,-16.28812,17.30403,-10.3252,3.02171,-0.50054,81.78476,-4.130987,1.402362,0.417148,92.5411,16.371454,-33.651278,2813.350715,87.55094,24.70656,-66.59336,246.52102,245.04733,-42.827844,2.592624,6.41945,9.82839,2.43586,50,5.20119,-7.08928,-129.65415,-2.58016,10.96207,26.29901,-15.3908,GEO_PAT,STJ_HAW,SpuhlerFieldMain,D1,A10,20250504-SpuhlerFieldMain-1,ad0616e0-2908-11f0-84c1-cbb9d7630631,90.35749,25.64089,,7.40668,,,,1.67711,3.01675,0.56668,40d32ed5-cd22-4191-9dae-36c451206e6c,2025-05-04,16:56:07.91,2025-05-04T12:56:07.9107584-04:00,2025-05-04T16:56:07.9107584Z,LineDrive,v3,471300,471426,04 May 2025 13:00-stjosephs@georgemas,"Primrose, Blake",10091373,Right,STJ_HAW,a741411c-d49f-4cd3-bd9d-07591ac72c1d,53.51728,-130.36564,13.14951,5.26536,-2.16378,-7.6954,2.63166,-7.38585,5.48103,118.042378,1.6771,108.40354,-24.78137,6.04609,-1.37411,0.26941,-0.04598,0.00565,-0.00033,3.01675,38.25499,-17.04331,0.70785,0.05128,-0.04122,0.01155,-0.0014,7E-05,0.56667,-72.16,1.8851,1.11085,-0.54811,0.16152,-0.03323,0.00429,-0.00027,,,,,,,,,,,,,,,,,,,,,,,High,High,High,High,Medium,,,
82,2025-05-04,12:57:02.11,4,1,"Book, Colton",10038706,Left,STJ_HAW,"Clyne, Owen",1000230336,Left,GEO_PAT,Undefined,3,Bottom,1,0,0,ChangeUp,Slider,FoulBallNotFieldable,Undefined,Undefined,Undefined,0,0,,82.22979,0.023458,3.40521,1790.342937,210.244608,1:00,5.11676,-2.85587,6.58583,-31.91238,7.96937,4.00878,2.47893,0.6025,76.24794,-5.938232,4.131783,0.454526,,,,,,,,,,,,-1.27862,4.51973,2.62075,50,5.10479,-7.24868,-119.53785,-0.83702,-1.86946,20.77934,-25.56568,GEO_PAT,STJ_HAW,SpuhlerFieldMain,D1,A10,20250504-SpuhlerFieldMain-1,cd5c2290-2908-11f0-84c1-cbb9d7630631,82.92694,,,5.98185,,,,,,,40d32ed5-cd22-4191-9dae-36c451206e6c,2025-05-04,16:57:02.11,2025-05-04T12:57:02.1185536-04:00,2025-05-04T16:57:02.1185536Z,,v3,471300,471426,04 May 2025 13:00-stjosephs@georgemas,"Primrose, Blake",10091373,Right,STJ_HAW,0229f6aa-2c38-40ea-b2e0-f69276bff8b7,53.91828,-120.21703,10.38967,5.11849,-0.00139,-12.78284,2.85668,-7.18758,-0.93473,,,,,,,,,,,,,,,,,,,,,,,,,,,,,,,,,,,,,,,,,,,,,,,,,,,High,High,High,,,,,
83,2025-05-04,12:57:51.41,4,2,"Book, Colton",10038706,Left,STJ_HAW,"Clyne, Owen",1000230336,Left,GEO_PAT,Undefined,3,Bottom,1,0,1,Slider,Cutter,InPlay,Undefined,GroundBall,Out,1,0,,80.86943,0.098655,2.982761,2012.852583,211.818089,1:00,5.13228,-2.83197,6.68212,-32.08557,8.96134,4.86276,2.54885,0.3042,74.99853,-5.912882,3.866415,0.461117,68.16804,2.816327,20.888103,1796.050434,,,,53.48612,52.41305,21.45778,0.544493,-1.85051,5.0463,2.63063,50,5.12582,-6.28747,-117.62759,-0.65029,-2.61935,20.1615,-25.0311,GEO_PAT,STJ_HAW,SpuhlerFieldMain,D1,A10,20250504-SpuhlerFieldMain-1,eac06580-2908-11f0-84c1-cbb9d7630631,81.74151,2.95094,,5.8709,,,,2.41197,2.62499,-0.22549,40d32ed5-cd22-4191-9dae-36c451206e6c,2025-05-04,16:57:51.41,2025-05-04T12:57:51.4188800-04:00,2025-05-04T16:57:51.4188800Z,GroundBall,v3,471300,471426,04 May 2025 13:00-stjosephs@georgemas,"Primrose, Blake",10091373,Right,STJ_HAW,1c845bda-5399-4ae1-a90b-641eaf67787c,53.82226,-118.28091,10.08075,5.13375,0.16084,-12.51555,2.833,-6.2026,-1.30968,287.110571,2.42125,93.06676,-11.21617,,,,,,,2.63557,4.65251,-17.46855,,,,,,,-0.23071,35.73318,1.16435,,,,,,,,,,,,,,,,,,,,,,,,,,,,,High,High,High,High,High,,,
84,2025-05-04,12:58:33.98,5,1,"Book, Colton",10038706,Left,STJ_HAW,"Hull, Owen",10054797,Left,GEO_PAT,Undefined,3,Bottom,2,0,0,Fastball,Four-Seam,BallCalled,Undefined,Undefined,Undefined,0,0,,88.45277,-2.394529,5.112783,2289.766273,146.266727,11:00,5.21269,-2.63819,7.04681,-18.33552,15.57087,-9.77363,1.49962,1.20407,82.08634,-5.893343,3.330757,0.419095,,,,,,,,,,,,6.43937,9.20587,2.331,50,5.06078,-11.14553,-128.31049,-5.82449,10.90156,22.69165,-16.58895,GEO_PAT,STJ_HAW,SpuhlerFieldMain,D1,A10,20250504-SpuhlerFieldMain-1,0407f440-2909-11f0-84c1-cbb9d7630631,89.93775,,,6.36643,,,,,,,40d32ed5-cd22-4191-9dae-36c451206e6c,2025-05-04,16:58:33.98,2025-05-04T12:58:33.9855872-04:00,2025-05-04T16:58:33.9855872Z,,v3,471300,471426,04 May 2025 13:00-stjosephs@georgemas,"Primrose, Blake",10091373,Right,STJ_HAW,ef1a169c-5d49-4875-8a91-5eeff7d869a4,53.45726,-128.92045,11.34582,5.21136,-5.37857,-8.29448,2.63454,-11.43857,5.45078,,,,,,,,,,,,,,,,,,,,,,,,,,,,,,,,,,,,,,,,,,,,,,,,,,,High,High,High,,,,,
85,2025-05-04,12:58:56.72,5,2,"Book, Colton",10038706,Left,STJ_HAW,"Hull, Owen",10054797,Left,GEO_PAT,Undefined,3,Bottom,2,1,0,ChangeUp,Slider,InPlay,Undefined,LineDrive,Single,0,1,,82.24055,-0.981126,2.642704,1777.037925,201.718561,12:45,5.08148,-2.70395,6.60309,-32.22474,7.66867,2.60351,1.4962,-0.06422,76.19826,-6.998605,3.115796,0.454592,71.9316,21.085795,29.519152,2036.278267,93.22763,24.38937,58.38316,204.4773,204.4773,35.568378,2.566844,-0.71083,4.60969,2.52253,50,5.00084,-5.60739,-119.61239,-2.94085,-1.03749,21.45757,-25.44587,GEO_PAT,STJ_HAW,SpuhlerFieldMain,D1,A10,20250504-SpuhlerFieldMain-1,11a4e8b0-2909-11f0-84c1-cbb9d7630631,82.91484,24.38865,,6.04229,,,,4.21023,1.80566,0.21116,40d32ed5-cd22-4191-9dae-36c451206e6c,2025-05-04,16:58:56.72,2025-05-04T12:58:56.7267328-04:00,2025-05-04T16:58:56.7267328Z,LineDrive,v3,471300,471426,04 May 2025 13:00-stjosephs@georgemas,"Primrose, Blake",10091373,Right,STJ_HAW,df2a3c5d-bec3-48f5-a26e-c218f6ef6d02,53.90167,-120.31028,10.72879,5.08303,-2.11324,-12.72294,2.70436,-5.57364,-0.51875,233.196256,4.21027,85.65636,-13.42745,2.75509,-0.46153,0.00396,0.03178,-0.01041,0.0012,1.80563,37.9561,-16.95888,1.01545,-0.22685,0.10429,-0.04397,0.01159,-0.00126,0.21118,48.49934,-0.79436,-0.17172,0.11543,-0.04804,0.01668,-0.00376,0.00037,,,,,,,,,,,,,,,,,,,,,,,High,High,High,High,High,,,
86,2025-05-04,13:00:20.80,6,1,"Book, Colton",10038706,Left,STJ_HAW,"Quinn-Irons, Jaime",1000216379,Right,GEO_PAT,Undefined,3,Bottom,2,0,0,Fastball,Four-Seam,BallCalled,Undefined,Undefined,Undefined,0,0,,89.50128,-1.497286,4.780485,2289.551814,153.537042,11:00,5.23303,-2.80888,6.90069,-16.97442,16.30993,-7.66134,2.4495,0.9175,82.87614,-4.744871,3.38696,0.415232,,,,,,,,,,,,5.21898,9.33725,2.50938,50,5.13181,-10.59092,-129.9178,-3.82023,9.04661,23.59709,-15.98883,GEO_PAT,STJ_HAW,SpuhlerFieldMain,D1,A10,20250504-SpuhlerFieldMain-1,43c4c9a0-2909-11f0-84c1-cbb9d7630631,90.77431,,,6.62514,,,,,,,40d32ed5-cd22-4191-9dae-36c451206e6c,2025-05-04,17:00:20.80,2025-05-04T13:00:20.8075776-04:00,2025-05-04T17:00:20.8075776Z,,v3,471300,471426,04 May 2025 13:00-stjosephs@georgemas,"Primrose, Blake",10091373,Right,STJ_HAW,e5be57a1-ccd4-41a5-8a3c-28e5f3a9c334,53.6029,-130.57056,11.79854,5.23137,-3.37794,-7.99441,2.80582,-10.84117,4.52331,,,,,,,,,,,,,,,,,,,,,,,,,,,,,,,,,,,,,,,,,,,,,,,,,,,High,High,High,,,,,
87,2025-05-04,13:04:09.58,6,2,"Book, Colton",10038706,Left,STJ_HAW,"Quinn-Irons, Jaime",1000216379,Right,GEO_PAT,Undefined,3,Bottom,2,1,0,Fastball,Cutter,BallCalled,Undefined,Undefined,Undefined,0,0,,84.75492,-3.984147,4.236616,2006.435323,202.68076,12:45,5.07024,-2.91125,6.59813,-26.87942,10.76158,4.07315,-0.83595,1.31692,79.24187,-8.953269,4.974512,0.441572,,,,,,,,,,,,-1.17736,6.93563,2.61968,50,4.78547,-9.23521,-122.86408,-9.3276,-1.82401,21.26509,-21.42926,GEO_PAT,STJ_HAW,SpuhlerFieldMain,D1,A10,20250504-SpuhlerFieldMain-1,cc188990-2909-11f0-84c1-cbb9d7630631,85.35958,,,5.51305,,,,,,,40d32ed5-cd22-4191-9dae-36c451206e6c,2025-05-04,17:04:09.58,2025-05-04T13:04:09.5810048-04:00,2025-05-04T17:04:09.5810048Z,,v3,471300,471426,04 May 2025 13:00-stjosephs@georgemas,"Primrose, Blake",10091373,Right,STJ_HAW,32e7b4d2-036b-4216-a186-6f1a818c1c4f,53.90811,-123.53864,10.63255,5.07057,-8.64784,-10.71463,2.91172,-9.17735,-0.91201,,,,,,,,,,,,,,,,,,,,,,,,,,,,,,,,,,,,,,,,,,,,,,,,,,,High,High,High,,,,,
88,2025-05-04,13:04:32.30,6,3,"Book, Colton",10038706,Left,STJ_HAW,"Quinn-Irons, Jaime",1000216379,Right,GEO_PAT,Undefined,3,Bottom,2,2,0,Fastball,Four-Seam,FoulBallNotFieldable,Undefined,Undefined,Undefined,0,0,,89.80926,-2.31025,3.260198,2390.881469,151.695105,11:00,5.17245,-2.57313,7.05889,-16.7256,16.19308,-8.20473,1.67601,-0.29284,82.88591,-5.527316,1.757906,0.412945,80.62024,-51.555042,-116.577095,,,,,2.21466,2.28084,-25.189649,0.019225,5.25772,9.58504,2.37892,50,5.02713,-7.155,-130.54311,-5.66701,9.1479,25.35305,-15.49707,GEO_PAT,STJ_HAW,SpuhlerFieldMain,D1,A10,20250504-SpuhlerFieldMain-1,d9a10ba0-2909-11f0-84c1-cbb9d7630631,91.27709,1.7839,,6.92334,,,,2.63766,1.7839,0.32395,40d32ed5-cd22-4191-9dae-36c451206e6c,2025-05-04,17:04:32.30,2025-05-04T13:04:32.3078656-04:00,2025-05-04T17:04:32.3078656Z,GroundBall,v3,471300,471426,04 May 2025 13:00-stjosephs@georgemas,"Primrose, Blake",10091373,Right,STJ_HAW,26335bc5-dd13-4815-acdf-91ffb9336a5b,53.44534,-131.21053,12.67653,5.17095,-5.25905,-7.74853,2.57045,-7.39582,4.57395,,2.63786,-32.9576,,,,,,,,1.78447,-92.79175,,,,,,,,0.32435,-65.88057,,,,,,,,,,,,,,,,,,,,,,,,,,,,,,High,High,High,Low,Low,,,
89,2025-05-04,13:04:56.84,6,4,"Book, Colton",10038706,Left,STJ_HAW,"Quinn-Irons, Jaime",1000216379,Right,GEO_PAT,Undefined,3,Bottom,2,2,1,Fastball,Four-Seam,InPlay,Undefined,FlyBall,Out,1,0,,89.50532,-1.264375,3.019034,2256.664166,150.251472,11:00,5.23484,-2.7598,6.90729,-20.82403,12.84284,-6.7191,2.34611,-0.56739,81.70645,-5.249095,1.791881,0.417612,95.1232,39.972873,17.084331,4433.826629,100.58004,86.89244,44.53771,290.9158,237.03592,33.329724,5.561288,4.47449,7.53532,2.57194,50,5.14763,-6.6187,-130.04612,-3.4131,7.63247,28.27395,-19.32045,GEO_PAT,STJ_HAW,SpuhlerFieldMain,D1,A10,20250504-SpuhlerFieldMain-1,e84b9f80-2909-11f0-84c1-cbb9d7630631,90.25713,109.17923,,7.79888,,,,1.39274,1.36215,0.17008,40d32ed5-cd22-4191-9dae-36c451206e6c,2025-05-04,17:04:56.84,2025-05-04T13:04:56.8460800-04:00,2025-05-04T17:04:56.8460800Z,FlyBall,v3,471300,471426,04 May 2025 13:00-stjosephs@georgemas,"Primrose, Blake",10091373,Right,STJ_HAW,4f201452-8e26-4542-8298-0e31945de73d,53.59558,-130.82552,14.13698,5.23437,-2.88052,-9.66022,2.75729,-6.82909,3.81623,209.05801,1.40633,101.92557,-29.58375,7.14147,-0.74458,-0.17297,0.07388,-0.00983,0.00047,1.35256,89.78828,-21.62334,1.45356,-0.1124,-0.02757,0.01864,-0.00347,0.00021,0.16593,31.49042,2.43164,-1.75296,0.4494,-0.05409,0.00115,0.00032,-2E-05,,,,,,,,,,,,,,,,,,,,,,,High,High,High,Medium,Medium,,,
90,2025-05-04,13:07:23.74,1,1,"Cassedy, Brandon",1000183671,Right,GEO_PAT,"Pagano, Joey",10113708,Left,STJ_HAW,Undefined,4,Top,0,0,0,Fastball,Four-Seam,BallCalled,Undefined,Undefined,Undefined,0,0,,89.37167,-2.793995,1.026309,2218.820304,194.869087,12:30,5.71465,0.50695,6.31367,-17.36198,16.78788,4.19421,1.6916,1.80198,82.60461,-6.077689,1.785072,0.420597,,,,,,,,,,,,-1.9274,9.76012,-0.58404,50,5.50126,-2.49173,-129.88063,-6.8246,-3.32322,24.80934,-15.34561,GEO_PAT,STJ_HAW,SpuhlerFieldMain,D1,A10,20250504-SpuhlerFieldMain-1,3fde4b30-290a-11f0-84c1-cbb9d7630631,89.6166,,,6.76706,,,,,,,40d32ed5-cd22-4191-9dae-36c451206e6c,2025-05-04,17:07:23.74,2025-05-04T13:07:23.7456896-04:00,2025-05-04T17:07:23.7456896Z,,v3,471300,471426,04 May 2025 13:00-stjosephs@georgemas,"Barenz, Nick",1000218914,Right,GEO_PAT,4e5815cc-37a1-42d4-a943-48cdda9afe8a,54.18896,-130.67834,12.40467,5.71277,-6.33118,-7.67281,-0.50564,-2.38488,-1.66161,,,,,,,,,,,,,,,,,,,,,,,,,,,,,,,,,,,,,,,,,,,,,,,,,,,High,High,High,,,,,
91,2025-05-04,13:07:42.77,1,2,"Cassedy, Brandon",1000183671,Right,GEO_PAT,"Pagano, Joey",10113708,Left,STJ_HAW,Undefined,4,Top,0,1,0,Fastball,Four-Seam,BallCalled,Undefined,Undefined,Undefined,0,0,,88.50682,-3.433726,-0.435426,2190.57129,188.544571,12:15,5.69072,0.28599,6.39103,-17.2721,17.40273,2.46543,1.08906,0.09092,82.00749,-6.699635,0.011464,0.423817,,,,,,,,,,,,-1.40898,10.28426,-0.25584,50,5.43541,0.88574,-128.62618,-8.19195,-2.38642,23.93183,-14.75515,GEO_PAT,STJ_HAW,SpuhlerFieldMain,D1,A10,20250504-SpuhlerFieldMain-1,4b2c94b0-290a-11f0-84c1-cbb9d7630631,88.93563,,,6.49933,,,,,,,40d32ed5-cd22-4191-9dae-36c451206e6c,2025-05-04,17:07:42.77,2025-05-04T13:07:42.7738624-04:00,2025-05-04T17:07:42.7738624Z,,v3,471300,471426,04 May 2025 13:00-stjosephs@georgemas,"Barenz, Nick",1000218914,Right,GEO_PAT,d4708e09-3af3-45f2-85ed-b414a9da005e,54.11331,-129.38923,11.96592,5.6891,-7.7215,-7.37758,-0.28529,0.96183,-1.19321,,,,,,,,,,,,,,,,,,,,,,,,,,,,,,,,,,,,,,,,,,,,,,,,,,,High,High,High,,,,,
92,2025-05-04,13:08:00.43,1,3,"Cassedy, Brandon",1000183671,Right,GEO_PAT,"Pagano, Joey",10113708,Left,STJ_HAW,Undefined,4,Top,0,2,0,Fastball,Four-Seam,BallCalled,Undefined,Undefined,Undefined,0,0,,87.237,-1.868281,0.674118,2110.94767,191.591136,12:30,5.70002,0.41199,5.97993,-17.55556,18.75745,3.6276,2.50443,1.33923,80.40212,-5.189884,1.326232,0.433713,,,,,,,,,,,,-1.69933,10.46768,-0.46733,50,5.54245,-1.63705,-126.7942,-4.63916,-2.78764,24.06234,-15.00256,GEO_PAT,STJ_HAW,SpuhlerFieldMain,D1,A10,20250504-SpuhlerFieldMain-1,55c17940-290a-11f0-84c1-cbb9d7630631,86.90639,,,6.83489,,,,,,,40d32ed5-cd22-4191-9dae-36c451206e6c,2025-05-04,17:08:00.43,2025-05-04T13:08:00.4381696-04:00,2025-05-04T17:08:00.4381696Z,,v3,471300,471426,04 May 2025 13:00-stjosephs@georgemas,"Barenz, Nick",1000218914,Right,GEO_PAT,345972f2-3004-4830-a41c-05612fc029d6,54.52275,-127.64961,12.03117,5.69789,-4.10581,-7.50128,-0.4109,-1.53795,-1.39382,,,,,,,,,,,,,,,,,,,,,,,,,,,,,,,,,,,,,,,,,,,,,,,,,,,High,High,High,,,,,
93,2025-05-04,13:08:15.18,1,4,"Cassedy, Brandon",1000183671,Right,GEO_PAT,"Pagano, Joey",10113708,Left,STJ_HAW,Undefined,4,Top,0,3,0,Fastball,Four-Seam,StrikeCalled,Undefined,Undefined,Undefined,0,0,,87.55106,-2.151848,-0.01563,2115.577752,186.480171,12:15,5.69444,0.30523,6.12703,-17.07946,18.78879,2.01311,2.28097,0.45854,80.6741,-5.394552,0.347356,0.431049,,,,,,,,,,,,-1.04595,10.60197,-0.30507,50,5.52069,-0.04511,-127.25419,-5.25299,-1.72778,24.30523,-14.66063,GEO_PAT,STJ_HAW,SpuhlerFieldMain,D1,A10,20250504-SpuhlerFieldMain-1,5e8cc160-290a-11f0-84c1-cbb9d7630631,87.44356,,,6.87696,,,,,,,40d32ed5-cd22-4191-9dae-36c451206e6c,2025-05-04,17:08:15.18,2025-05-04T13:08:15.1801344-04:00,2025-05-04T17:08:15.1801344Z,,v3,471300,471426,04 May 2025 13:00-stjosephs@georgemas,"Barenz, Nick",1000218914,Right,GEO_PAT,c5f6e3d7-5447-48d9-9cfe-127e42128f29,54.37526,-128.08713,12.15262,5.6921,-4.75057,-7.33031,-0.30453,0.0141,-0.86389,,,,,,,,,,,,,,,,,,,,,,,,,,,,,,,,,,,,,,,,,,,,,,,,,,,High,High,High,,,,,
94,2025-05-04,13:08:31.22,1,5,"Cassedy, Brandon",1000183671,Right,GEO_PAT,"Pagano, Joey",10113708,Left,STJ_HAW,Undefined,4,Top,0,3,1,Fastball,Four-Seam,InPlay,Undefined,FlyBall,Out,1,0,,88.23663,-0.926882,-0.446089,2120.278319,187.872221,12:15,5.68151,0.34377,6.12232,-16.16032,19.13592,2.50213,3.4778,0.13985,81.15247,-4.012424,0.004905,0.427598,85.76735,31.759107,-19.471144,4044.960383,99.27468,60.58013,-47.37617,282.73302,271.82377,-35.258639,4.522353,-1.41425,10.468,-0.31092,50,5.60199,0.89981,-128.32301,-2.51836,-2.37396,24.89221,-14.60265,GEO_PAT,STJ_HAW,SpuhlerFieldMain,D1,A10,20250504-SpuhlerFieldMain-1,68182530-290a-11f0-84c1-cbb9d7630631,88.14926,70.93779,,7.08416,,,,1.01073,3.49649,-0.1543,40d32ed5-cd22-4191-9dae-36c451206e6c,2025-05-04,17:08:31.22,2025-05-04T13:08:31.2225792-04:00,2025-05-04T17:08:31.2225792Z,FlyBall,v3,471300,471426,04 May 2025 13:00-stjosephs@georgemas,"Barenz, Nick",1000218914,Right,GEO_PAT,811412fc-490d-4ee2-b0d4-9d81580cae48,54.38046,-129.16994,12.44611,5.67922,-2.02152,-7.30133,-0.34291,0.98058,-1.18698,142.526988,1.01132,100.82742,-24.47272,5.96057,-1.2707,0.26533,-0.05428,0.0078,-0.00048,3.49782,66.17738,-17.48796,0.37242,0.36559,-0.22551,0.06748,-0.00977,0.00054,-0.15375,-35.66738,-2.39455,1.32276,-0.33035,0.04992,-0.0049,0.00032,-1E-05,,,,,,,,,,,,,,,,,,,,,,,High,High,High,High,Medium,,,
95,2025-05-04,13:09:08.40,2,1,"Cassedy, Brandon",1000183671,Right,GEO_PAT,"Petrich, Owen",1000125049,Right,STJ_HAW,Undefined,4,Top,1,0,0,Cutter,Slider,BallCalled,Undefined,Undefined,Undefined,0,0,,83.61801,-2.12749,0.555124,2428.620995,119.615438,10:00,5.63888,0.46618,5.78765,-33.3225,6.12158,-8.96115,0.88167,0.2359,78.22743,-8.215882,-1.053208,0.452025,,,,,,,,,,,,4.76835,3.90091,-0.50623,50,5.44293,-0.83977,-121.64657,-5.62109,7.26882,19.98879,-26.22752,GEO_PAT,STJ_HAW,SpuhlerFieldMain,D1,A10,20250504-SpuhlerFieldMain-1,7e3ec4e0-290a-11f0-84c1-cbb9d7630631,83.38575,,,5.39058,,,,,,,40d32ed5-cd22-4191-9dae-36c451206e6c,2025-05-04,17:09:08.40,2025-05-04T13:09:08.4082176-04:00,2025-05-04T17:09:08.4082176Z,,v3,471300,471426,04 May 2025 13:00-stjosephs@georgemas,"Barenz, Nick",1000218914,Right,GEO_PAT,6c327f7d-8ca8-46a3-b644-00508ae29dab,54.71812,-122.41939,9.9944,5.64065,-4.60706,-13.11376,-0.46833,-1.12081,3.63441,,,,,,,,,,,,,,,,,,,,,,,,,,,,,,,,,,,,,,,,,,,,,,,,,,,High,High,High,,,,,
96,2025-05-04,13:09:25.12,2,2,"Cassedy, Brandon",1000183671,Right,GEO_PAT,"Petrich, Owen",1000125049,Right,STJ_HAW,Undefined,4,Top,1,1,0,Fastball,Four-Seam,BallCalled,Undefined,Undefined,Undefined,0,0,,88.40061,-4.182467,-2.055377,2217.839041,180.300968,12:00,5.61714,0.17704,6.76954,-15.24615,19.31603,0.09587,0.51785,-1.69279,81.44411,-7.108428,-2.037897,0.423128,,,,,,,,,,,,-0.59748,11.70575,-0.04283,50,5.33724,4.60013,-128.2736,-9.74068,-0.99973,25.47198,-12.58716,GEO_PAT,STJ_HAW,SpuhlerFieldMain,D1,A10,20250504-SpuhlerFieldMain-1,88326060-290a-11f0-84c1-cbb9d7630631,89.08044,,,6.95651,,,,,,,40d32ed5-cd22-4191-9dae-36c451206e6c,2025-05-04,17:09:25.12,2025-05-04T13:09:25.1280384-04:00,2025-05-04T17:09:25.1280384Z,,v3,471300,471426,04 May 2025 13:00-stjosephs@georgemas,"Barenz, Nick",1000218914,Right,GEO_PAT,82ad2db2-6cd5-4e6d-8d0a-fc53f9901f7a,53.73382,-129.01292,12.73599,5.61466,-9.37534,-6.29358,-0.17677,4.62915,-0.49987,,,,,,,,,,,,,,,,,,,,,,,,,,,,,,,,,,,,,,,,,,,,,,,,,,,High,High,High,,,,,
97,2025-05-04,13:09:47.53,2,3,"Cassedy, Brandon",1000183671,Right,GEO_PAT,"Petrich, Owen",1000125049,Right,STJ_HAW,Undefined,4,Top,1,2,0,Cutter,Slider,BallCalled,Undefined,Undefined,Undefined,0,0,,83.22921,-2.140392,-0.533423,2451.094516,128.488377,10:15,5.62044,0.32989,5.81816,-32.37502,7.28654,-7.91032,0.93132,-0.82531,78.0783,-8.056256,-1.953433,0.453269,,,,,,,,,,,,3.98866,4.48642,-0.28123,50,5.42537,1.42233,-121.11446,-5.5823,6.04459,19.16345,-25.37518,GEO_PAT,STJ_HAW,SpuhlerFieldMain,D1,A10,20250504-SpuhlerFieldMain-1,9593ab60-290a-11f0-84c1-cbb9d7630631,83.15682,,,5.15091,,,,,,,40d32ed5-cd22-4191-9dae-36c451206e6c,2025-05-04,17:09:47.53,2025-05-04T13:09:47.5384832-04:00,2025-05-04T17:09:47.5384832Z,,v3,471300,471426,04 May 2025 13:00-stjosephs@georgemas,"Barenz, Nick",1000218914,Right,GEO_PAT,7f61ca37-a7a4-4767-b0ee-ff4e1f6b3a16,54.68778,-121.85393,9.58172,5.62188,-4.60313,-12.68759,-0.33161,1.18908,3.0223,,,,,,,,,,,,,,,,,,,,,,,,,,,,,,,,,,,,,,,,,,,,,,,,,,,High,High,High,,,,,
98,2025-05-04,13:10:08.88,2,4,"Cassedy, Brandon",1000183671,Right,GEO_PAT,"Petrich, Owen",1000125049,Right,STJ_HAW,Undefined,4,Top,1,3,0,Fastball,Four-Seam,StrikeCalled,Undefined,Undefined,Undefined,0,0,,86.76434,-1.457395,-0.70187,2094.86392,176.448002,12:00,5.73664,0.13943,6.39167,-16.5491,19.67698,-1.15331,3.01662,-0.6023,79.69445,-4.633364,-0.910796,0.433194,,,,,,,,,,,,0.41512,10.99363,-0.08848,50,5.62387,1.58962,-126.15811,-3.6224,0.67202,24.59751,-14.37743,GEO_PAT,STJ_HAW,SpuhlerFieldMain,D1,A10,20250504-SpuhlerFieldMain-1,a24f4080-290a-11f0-84c1-cbb9d7630631,87.0106,,,7.06989,,,,,,,40d32ed5-cd22-4191-9dae-36c451206e6c,2025-05-04,17:10:08.88,2025-05-04T13:10:08.8867840-04:00,2025-05-04T17:10:08.8867840Z,,v3,471300,471426,04 May 2025 13:00-stjosephs@georgemas,"Barenz, Nick",1000218914,Right,GEO_PAT,a36995eb-c73f-4540-96e1-3a804591350c,54.10995,-126.95691,12.29875,5.73393,-3.15549,-7.18871,-0.13975,1.5678,0.33601,,,,,,,,,,,,,,,,,,,,,,,,,,,,,,,,,,,,,,,,,,,,,,,,,,,High,High,High,,,,,
99,2025-05-04,13:10:25.74,2,5,"Cassedy, Brandon",1000183671,Right,GEO_PAT,"Petrich, Owen",1000125049,Right,STJ_HAW,Undefined,4,Top,1,3,1,Fastball,Four-Seam,InPlay,Undefined,FlyBall,Out,1,0,,87.84895,-1.638852,0.12664,2131.942099,190.018003,12:15,5.70299,0.27839,6.3177,-18.2156,17.10973,2.8398,2.67505,0.63169,80.98834,-5.097307,0.640535,0.427774,88.84711,49.312804,-2.689883,4251.335809,109.94105,119.98694,3.59948,230.32952,219.87161,5.312123,5.836823,-1.45685,9.67315,-0.28901,50,5.57418,-0.39037,-127.78337,-4.1595,-2.42647,24.52249,-16.06276,GEO_PAT,STJ_HAW,SpuhlerFieldMain,D1,A10,20250504-SpuhlerFieldMain-1,ac550470-290a-11f0-84c1-cbb9d7630631,88.11295,129.63623,,6.86061,,,,1.80664,2.84188,-0.53833,40d32ed5-cd22-4191-9dae-36c451206e6c,2025-05-04,17:10:25.74,2025-05-04T13:10:25.7449472-04:00,2025-05-04T17:10:25.7449472Z,FlyBall,v3,471300,471426,04 May 2025 13:00-stjosephs@georgemas,"Barenz, Nick",1000218914,Right,GEO_PAT,187527b2-b1c4-43b6-aa4a-d7c060c599aa,54.1857,-128.58413,12.26124,5.70144,-3.63499,-8.03138,-0.27756,-0.31114,-1.21323,191.543992,1.81309,84.73199,-24.56603,6.72738,-1.20582,0.11533,-0.00041,-0.00083,4E-05,2.84058,98.82312,-22.36467,1.09679,0.29332,-0.19831,0.0526,-0.00682,0.00034,-0.53923,-3.96424,5.75149,-2.06014,0.46836,-0.06294,0.00292,0.00027,-3E-05,,,,,,,,,,,,,,,,,,,,,,,High,High,High,High,Low,,,
100,2025-05-04,13:11:05.59,3,1,"Cassedy, Brandon",1000183671,Right,GEO_PAT,"Primrose, Blake",10091373,Right,STJ_HAW,Undefined,4,Top,2,0,0,Fastball,Four-Seam,StrikeCalled,Undefined,Undefined,Undefined,0,0,,90.80185,-2.910004,0.001837,2325.484524,185.0031,12:15,5.73107,0.36208,6.17961,-12.15095,21.33379,1.77512,2.02874,0.5117,83.18829,-5.267456,0.32215,0.416481,,,,,,,,,,,,-0.92047,12.17312,-0.3631,50,5.50462,-0.07692,-131.85589,-6.99441,-1.62335,27.56909,-10.70502,GEO_PAT,STJ_HAW,SpuhlerFieldMain,D1,A10,20250504-SpuhlerFieldMain-1,c41493a0-290a-11f0-84c1-cbb9d7630631,90.50228,,,7.61356,,,,,,,40d32ed5-cd22-4191-9dae-36c451206e6c,2025-05-04,17:11:05.59,2025-05-04T13:11:05.5943168-04:00,2025-05-04T17:11:05.5943168Z,,v3,471300,471426,04 May 2025 13:00-stjosephs@georgemas,"Barenz, Nick",1000218914,Right,GEO_PAT,ed60aba5-52e3-48a6-a633-27baf1350d1e,54.32252,-132.75659,13.78455,5.72742,-6.64467,-5.35251,-0.36146,-0.02388,-0.81168,,,,,,,,,,,,,,,,,,,,,,,,,,,,,,,,,,,,,,,,,,,,,,,,,,,High,High,High,,,,,
101,2025-05-04,13:11:19.90,3,2,"Cassedy, Brandon",1000183671,Right,GEO_PAT,"Primrose, Blake",10091373,Right,STJ_HAW,Undefined,4,Top,2,0,1,Fastball,Four-Seam,BallCalled,Undefined,Undefined,Undefined,0,0,,89.98992,-4.773637,-0.584805,2303.050519,180.044852,12:00,5.59996,0.27083,6.58055,-12.96426,20.70592,0.01539,0.13409,-0.26389,82.71917,-7.275892,-0.582009,0.417632,,,,,,,,,,,,-0.1672,12.57831,-0.23073,50,5.26619,1.33158,-130.51153,-11.20205,-0.289,26.92669,-10.43342,GEO_PAT,STJ_HAW,SpuhlerFieldMain,D1,A10,20250504-SpuhlerFieldMain-1,cc990ec0-290a-11f0-84c1-cbb9d7630631,90.2527,,,7.27076,,,,,,,40d32ed5-cd22-4191-9dae-36c451206e6c,2025-05-04,17:11:19.90,2025-05-04T13:11:19.9059456-04:00,2025-05-04T17:11:19.9059456Z,,v3,471300,471426,04 May 2025 13:00-stjosephs@georgemas,"Barenz, Nick",1000218914,Right,GEO_PAT,3a23fe4e-28dc-45fb-bfe8-fe7ba495b1f8,53.92352,-131.31852,13.46335,5.59722,-10.88937,-5.21671,-0.27076,1.34024,-0.1445,,,,,,,,,,,,,,,,,,,,,,,,,,,,,,,,,,,,,,,,,,,,,,,,,,,High,High,High,,,,,
102,2025-05-04,13:11:52.19,3,3,"Cassedy, Brandon",1000183671,Right,GEO_PAT,"Primrose, Blake",10091373,Right,STJ_HAW,Undefined,4,Top,2,1,1,Curveball,Curveball,BallCalled,Undefined,Undefined,Undefined,0,0,,75.35749,-0.040577,-0.340339,2500.125831,45.032747,7:30,5.64682,0.39857,5.72935,-59.73566,-10.72674,-12.08272,0.63105,-0.92531,70.45212,-10.862831,-2.511081,0.503859,,,,,,,,,,,,6.14445,-5.1902,-0.36235,50,5.6057,1.07132,-109.68624,-1.95466,7.53724,18.14746,-38.54074,GEO_PAT,STJ_HAW,SpuhlerFieldMain,D1,A10,20250504-SpuhlerFieldMain-1,dfe56550-290a-11f0-84c1-cbb9d7630631,74.80752,,,4.90537,,,,,,,40d32ed5-cd22-4191-9dae-36c451206e6c,2025-05-04,17:11:52.19,2025-05-04T13:11:52.1964032-04:00,2025-05-04T17:11:52.1964032Z,,v3,471300,471426,04 May 2025 13:00-stjosephs@georgemas,"Barenz, Nick",1000218914,Right,GEO_PAT,b2acd1a2-cf24-4820-9be8-ed3da3ebe99a,54.77888,-110.47407,9.07373,5.65424,-0.2815,-19.27037,-0.40175,0.74411,3.76862,,,,,,,,,,,,,,,,,,,,,,,,,,,,,,,,,,,,,,,,,,,,,,,,,,,High,High,High,,,,,
103,2025-05-04,13:12:10.73,3,4,"Cassedy, Brandon",1000183671,Right,GEO_PAT,"Primrose, Blake",10091373,Right,STJ_HAW,Undefined,4,Top,2,2,1,Fastball,Four-Seam,InPlay,Undefined,LineDrive,Double,0,0,,88.42292,-2.341886,-0.101826,2204.413648,192.810001,12:30,5.69945,0.18842,6.32727,-14.85619,20.1706,4.34059,2.30349,0.45636,81.16988,-5.199473,0.683688,0.425963,100.57443,22.942906,-10.689155,1137.557065,107.75949,44.12847,-22.0882,377.4726,376.96073,-12.763205,4.526808,-2.30291,11.49615,-0.18304,50,5.52118,0.06152,-128.51672,-5.6307,-3.86282,25.90507,-12.89086,GEO_PAT,STJ_HAW,SpuhlerFieldMain,D1,A10,20250504-SpuhlerFieldMain-1,eaece1d0-290a-11f0-84c1-cbb9d7630631,88.48765,64.31993,,7.25304,,,,2.06176,2.38253,-0.4461,40d32ed5-cd22-4191-9dae-36c451206e6c,2025-05-04,17:12:10.73,2025-05-04T13:12:10.7394048-04:00,2025-05-04T17:12:10.7394048Z,FlyBall,v3,471300,471426,04 May 2025 13:00-stjosephs@georgemas,"Barenz, Nick",1000218914,Right,GEO_PAT,26a52d05-6302-458e-8ad9-801c39d8909a,54.17571,-129.35568,12.95253,5.69678,-5.21322,-6.44543,-0.18705,0.18662,-1.93141,168.569785,2.06131,133.49679,-25.81692,6.34976,-1.43036,0.31978,-0.06219,0.00784,-0.00043,2.38407,57.45873,-13.09164,-0.69818,0.60358,-0.26371,0.06907,-0.00934,0.0005,-0.44572,-25.20327,2.08735,-0.09323,-0.01081,-0.0063,0.00378,-0.00068,4E-05,,,,,,,,,,,,,,,,,,,,,,,High,High,High,High,Medium,,,
104,2025-05-04,13:12:59.87,4,1,"Cassedy, Brandon",1000183671,Right,GEO_PAT,"Dickinson, Tim",10075773,Left,STJ_HAW,Undefined,4,Top,2,0,0,ChangeUp,Changeup,BallCalled,Undefined,Undefined,Undefined,0,0,,83.75233,-2.432464,-0.581909,1256.661595,205.128739,12:45,5.73607,0.66652,5.61451,-29.1082,10.733,4.50398,1.03849,0.49869,77.77508,-7.771764,0.223415,0.454295,,,,,,,,,,,,-2.45248,6.38744,-0.61987,50,5.50916,1.05859,-121.6875,-6.13669,-3.71854,21.37447,-22.48916,GEO_PAT,STJ_HAW,SpuhlerFieldMain,D1,A10,20250504-SpuhlerFieldMain-1,0835d490-290b-11f0-84c1-cbb9d7630631,82.96914,,,5.97725,,,,,,,40d32ed5-cd22-4191-9dae-36c451206e6c,2025-05-04,17:12:59.87,2025-05-04T13:12:59.8793728-04:00,2025-05-04T17:12:59.8793728Z,,v3,471300,471426,04 May 2025 13:00-stjosephs@georgemas,"Barenz, Nick",1000218914,Right,GEO_PAT,1ccd6dbe-0026-470a-8930-0ab37eb10742,54.88962,-122.54335,10.68723,5.73685,-5.2362,-11.24458,-0.66524,1.20748,-1.85927,,,,,,,,,,,,,,,,,,,,,,,,,,,,,,,,,,,,,,,,,,,,,,,,,,,High,High,High,,,,,
105,2025-05-04,13:13:34.59,4,2,"Cassedy, Brandon",1000183671,Right,GEO_PAT,"Dickinson, Tim",10075773,Left,STJ_HAW,Undefined,4,Top,2,1,0,Curveball,Curveball,BallCalled,Undefined,Undefined,Undefined,0,0,,75.61936,1.011802,-0.847305,2551.975265,42.317874,7:30,5.74676,0.58724,5.63321,-60.39062,-11.34363,-11.60906,1.65848,-1.17082,70.24313,-9.944682,-2.92634,0.504055,,,,,,,,,,,,5.72815,-5.74059,-0.50729,50,5.79331,2.04033,-109.98369,0.00452,7.03872,18.92409,-39.22805,GEO_PAT,STJ_HAW,SpuhlerFieldMain,D1,A10,20250504-SpuhlerFieldMain-1,1cf3e390-290b-11f0-84c1-cbb9d7630631,74.77847,,,5.37623,,,,,,,40d32ed5-cd22-4191-9dae-36c451206e6c,2025-05-04,17:13:34.59,2025-05-04T13:13:34.5933312-04:00,2025-05-04T17:13:34.5933312Z,,v3,471300,471426,04 May 2025 13:00-stjosephs@georgemas,"Barenz, Nick",1000218914,Right,GEO_PAT,2cbd8b94-30ca-4c61-a3b2-7696c5f75b65,54.8746,-110.81925,9.46205,5.75488,1.73657,-19.61403,-0.59051,1.72955,3.51936,,,,,,,,,,,,,,,,,,,,,,,,,,,,,,,,,,,,,,,,,,,,,,,,,,,High,High,High,,,,,
106,2025-05-04,13:13:59.08,4,3,"Cassedy, Brandon",1000183671,Right,GEO_PAT,"Dickinson, Tim",10075773,Left,STJ_HAW,Undefined,4,Top,2,2,0,Curveball,Curveball,BallCalled,Undefined,Undefined,Undefined,0,0,,76.33643,0.507069,-1.171003,2580.739044,48.287605,7:30,5.76077,0.64443,5.60295,-58.21235,-10.30808,-12.99989,1.38324,-1.53228,71.38166,-10.023476,-3.497568,0.498148,,,,,,,,,,,,6.37681,-5.09544,-0.53524,50,5.76549,2.73596,-111.08809,-0.90548,8.04432,18.12738,-38.60191,GEO_PAT,STJ_HAW,SpuhlerFieldMain,D1,A10,20250504-SpuhlerFieldMain-1,2b84ade0-290b-11f0-84c1-cbb9d7630631,75.66512,,,4.95477,,,,,,,40d32ed5-cd22-4191-9dae-36c451206e6c,2025-05-04,17:13:59.08,2025-05-04T13:13:59.0819840-04:00,2025-05-04T17:13:59.0819840Z,,v3,471300,471426,04 May 2025 13:00-stjosephs@georgemas,"Barenz, Nick",1000218914,Right,GEO_PAT,ebfd6edf-7cca-4667-adce-f9abef0d7afc,54.90535,-111.88568,9.06369,5.76796,0.79298,-19.30096,-0.64783,2.38201,4.02216,,,,,,,,,,,,,,,,,,,,,,,,,,,,,,,,,,,,,,,,,,,,,,,,,,,High,High,High,,,,,
107,2025-05-04,13:14:24.09,4,4,"Cassedy, Brandon",1000183671,Right,GEO_PAT,"Dickinson, Tim",10075773,Left,STJ_HAW,Undefined,4,Top,2,3,0,Fastball,Four-Seam,BallCalled,Walk,Undefined,Undefined,0,0,,88.82499,-0.841006,-0.073833,2287.08483,183.471264,12:00,5.74642,0.39227,6.28755,-14.60595,20.06714,1.15421,3.7541,0.42041,81.51642,-3.657664,0.134858,0.423806,,,,,,,,,,,,-0.6198,10.97831,-0.38737,50,5.67709,0.12077,-129.1823,-2.26196,-1.05228,25.72174,-13.53488,GEO_PAT,STJ_HAW,SpuhlerFieldMain,D1,A10,20250504-SpuhlerFieldMain-1,3a691670-290b-11f0-84c1-cbb9d7630631,88.93786,,,7.30857,,,,,,,40d32ed5-cd22-4191-9dae-36c451206e6c,2025-05-04,17:14:24.09,2025-05-04T13:14:24.0903680-04:00,2025-05-04T17:14:24.0903680Z,,v3,471300,471426,04 May 2025 13:00-stjosephs@georgemas,"Barenz, Nick",1000218914,Right,GEO_PAT,f89ee085-e9d0-4413-b3c2-0b51373d49de,54.21443,-130.01873,12.86087,5.74349,-1.82182,-6.76744,-0.39185,0.15499,-0.52614,,,,,,,,,,,,,,,,,,,,,,,,,,,,,,,,,,,,,,,,,,,,,,,,,,,High,High,High,,,,,
108,2025-05-04,13:15:47.13,5,1,"Cassedy, Brandon",1000183671,Right,GEO_PAT,"Duda, Aidan",10915287,Right,STJ_HAW,Undefined,4,Top,2,0,0,Curveball,Slider,BallCalled,Undefined,Undefined,Undefined,0,0,,79.9882,-0.152837,-1.135202,2379.311573,102.866055,9:30,5.64356,0.71018,5.72141,-39.20679,4.5974,-14.38383,2.23392,-1.54607,73.7638,-7.350585,-3.709231,0.476354,,,,,,,,,,,,7.0352,2.77496,-0.60619,50,5.60646,2.85214,-116.23729,-1.5769,9.64386,21.3909,-28.37011,GEO_PAT,STJ_HAW,SpuhlerFieldMain,D1,A10,20250504-SpuhlerFieldMain-1,6bf36e20-290b-11f0-84c1-cbb9d7630631,79.12703,,,6.2244,,,,,,,40d32ed5-cd22-4191-9dae-36c451206e6c,2025-05-04,17:15:47.13,2025-05-04T13:15:47.1377408-04:00,2025-05-04T17:15:47.1377408Z,,v3,471300,471426,04 May 2025 13:00-stjosephs@georgemas,"Barenz, Nick",1000218914,Right,GEO_PAT,ab1516e2-e031-4aa6-930d-bd5721ae83d3,54.78206,-117.11401,10.69545,5.64726,-0.41413,-14.18506,-0.71499,2.45688,4.82193,,,,,,,,,,,,,,,,,,,,,,,,,,,,,,,,,,,,,,,,,,,,,,,,,,,High,High,High,,,,,
109,2025-05-04,13:16:02.25,5,2,"Cassedy, Brandon",1000183671,Right,GEO_PAT,"Duda, Aidan",10915287,Right,STJ_HAW,Undefined,4,Top,2,1,0,Fastball,Four-Seam,FoulBallNotFieldable,Undefined,Undefined,Undefined,0,0,,88.56739,-1.935224,-0.772116,2151.850768,190.098978,12:15,5.73606,0.52037,6.17766,-14.57292,20.39481,3.44823,2.73353,0.09459,81.55408,-4.729776,-0.149963,0.425604,,,,,,,,,,,,-1.99185,11.40052,-0.46374,50,5.5821,1.59915,-128.76124,-4.73052,-3.36877,24.8829,-12.89269,GEO_PAT,STJ_HAW,SpuhlerFieldMain,D1,A10,20250504-SpuhlerFieldMain-1,74eca410-290b-11f0-84c1-cbb9d7630631,88.56232,,,7.01332,,,,,,,40d32ed5-cd22-4191-9dae-36c451206e6c,2025-05-04,17:16:02.25,2025-05-04T13:16:02.2580736-04:00,2025-05-04T17:16:02.2580736Z,,v3,471300,471426,04 May 2025 13:00-stjosephs@georgemas,"Barenz, Nick",1000218914,Right,GEO_PAT,fd8a9cfe-800e-4429-bad9-b24e31a47c1f,54.32529,-129.5944,12.44145,5.73327,-4.29883,-6.44635,-0.51917,1.71195,-1.68438,,,,,,,,,,,,,,,,,,,,,,,,,,,,,,,,,,,,,,,,,,,,,,,,,,,High,High,High,,,,,
110,2025-05-04,13:16:23.42,5,3,"Cassedy, Brandon",1000183671,Right,GEO_PAT,"Duda, Aidan",10915287,Right,STJ_HAW,Undefined,4,Top,2,1,1,Curveball,Slider,BallCalled,Undefined,Undefined,Undefined,0,0,,78.68314,1.726602,0.081172,2255.79093,88.334736,9:00,5.5795,0.81769,5.4992,-44.65345,1.14248,-9.63973,3.47392,0.09031,72.08788,-6.455558,-1.636879,0.487063,,,,,,,,,,,,4.87177,0.54358,-0.81814,50,5.70043,0.21822,-114.23059,1.94751,6.43531,21.09706,-31.45599,GEO_PAT,STJ_HAW,SpuhlerFieldMain,D1,A10,20250504-SpuhlerFieldMain-1,81767ad0-290b-11f0-84c1-cbb9d7630631,77.38725,,,6.59526,,,,,,,40d32ed5-cd22-4191-9dae-36c451206e6c,2025-05-04,17:16:23.42,2025-05-04T13:16:23.4286592-04:00,2025-05-04T17:16:23.4286592Z,,v3,471300,471426,04 May 2025 13:00-stjosephs@georgemas,"Barenz, Nick",1000218914,Right,GEO_PAT,4ae60905-20f1-4926-8910-2c9520396a83,55.00319,-115.15091,10.54853,5.58555,3.31972,-15.728,-0.82154,-0.06251,3.21765,,,,,,,,,,,,,,,,,,,,,,,,,,,,,,,,,,,,,,,,,,,,,,,,,,,High,High,High,,,,,
111,2025-05-04,13:16:43.68,5,4,"Cassedy, Brandon",1000183671,Right,GEO_PAT,"Duda, Aidan",10915287,Right,STJ_HAW,Undefined,4,Top,2,2,1,Fastball,Four-Seam,StrikeSwinging,Undefined,Undefined,Undefined,0,0,,88.03194,-1.746718,-1.424467,2200.169459,184.910702,12:15,5.71264,0.39472,6.26006,-15.07269,20.70277,1.67492,2.84491,-0.77949,79.9845,-4.668551,-1.121928,0.430491,,,,,,,,,,,,-1.28988,11.60985,-0.28982,50,5.57537,3.11028,-127.78959,-4.26137,-2.11864,27.98081,-13.10459,GEO_PAT,STJ_HAW,SpuhlerFieldMain,D1,A10,20250504-SpuhlerFieldMain-1,8d8491e0-290b-11f0-84c1-cbb9d7630631,87.55684,,,8.04744,,,,,,,40d32ed5-cd22-4191-9dae-36c451206e6c,2025-05-04,17:16:43.68,2025-05-04T13:16:43.6877312-04:00,2025-05-04T17:16:43.6877312Z,,v3,471300,471426,04 May 2025 13:00-stjosephs@georgemas,"Barenz, Nick",1000218914,Right,GEO_PAT,c93f3e6d-4554-47d3-85aa-2a772b70af27,54.2399,-128.71461,13.9904,5.70908,-3.82815,-6.55229,-0.3938,3.18032,-1.05932,,,,,,,,,,,,,,,,,,,,,,,,,,,,,,,,,,,,,,,,,,,,,,,,,,,High,High,High,,,,,
112,2025-05-04,13:17:03.12,5,5,"Cassedy, Brandon",1000183671,Right,GEO_PAT,"Duda, Aidan",10915287,Right,STJ_HAW,Undefined,4,Top,2,2,2,Fastball,Four-Seam,BallCalled,Undefined,Undefined,Undefined,0,0,,89.46621,-2.620133,-2.707722,2236.956249,184.857669,12:15,5.6769,0.29444,6.58461,-15.61367,18.3171,1.46862,1.97018,-2.06652,82.24171,-5.61601,-2.441159,0.419245,,,,,,,,,,,,-1.49228,10.6526,-0.10935,50,5.49012,6.08784,-129.90625,-6.3372,-2.56096,26.12417,-13.89268,GEO_PAT,STJ_HAW,SpuhlerFieldMain,D1,A10,20250504-SpuhlerFieldMain-1,99345c50-290b-11f0-84c1-cbb9d7630631,89.90544,,,7.2245,,,,,,,40d32ed5-cd22-4191-9dae-36c451206e6c,2025-05-04,17:17:03.12,2025-05-04T13:17:03.1276544-04:00,2025-05-04T17:17:03.1276544Z,,v3,471300,471426,04 May 2025 13:00-stjosephs@georgemas,"Barenz, Nick",1000218914,Right,GEO_PAT,fc27a7d9-34d7-40dc-9a90-1dfbdc14b770,53.91752,-130.69169,13.06208,5.67437,-5.91951,-6.94634,-0.29355,6.16484,-1.28048,,,,,,,,,,,,,,,,,,,,,,,,,,,,,,,,,,,,,,,,,,,,,,,,,,,High,High,High,,,,,
113,2025-05-04,13:17:24.62,5,6,"Cassedy, Brandon",1000183671,Right,GEO_PAT,"Duda, Aidan",10915287,Right,STJ_HAW,Undefined,4,Top,2,3,2,Fastball,Four-Seam,StrikeCalled,Strikeout,Undefined,Undefined,0,0,,88.60512,-2.748429,-0.845686,2242.422797,183.639965,12:00,5.69614,0.45389,6.09554,-14.69635,20.60466,1.23949,1.92696,-0.22512,81.16856,-5.568125,-0.622393,0.427627,,,,,,,,,,,,-0.87555,11.75383,-0.38939,50,5.47642,1.84927,-128.64811,-6.56188,-1.46878,26.43818,-12.4562,GEO_PAT,STJ_HAW,SpuhlerFieldMain,D1,A10,20250504-SpuhlerFieldMain-1,a6012f80-290b-11f0-84c1-cbb9d7630631,88.14327,,,7.43655,,,,,,,40d32ed5-cd22-4191-9dae-36c451206e6c,2025-05-04,17:17:24.62,2025-05-04T13:17:24.6252032-04:00,2025-05-04T17:17:24.6252032Z,,v3,471300,471426,04 May 2025 13:00-stjosephs@georgemas,"Barenz, Nick",1000218914,Right,GEO_PAT,36a58d2b-ebd6-4e3b-911c-07185234bc23,54.40679,-129.55058,13.21909,5.69316,-6.13669,-6.2281,-0.45337,1.89941,-0.73439,,,,,,,,,,,,,,,,,,,,,,,,,,,,,,,,,,,,,,,,,,,,,,,,,,,High,High,High,,,,,
114,2025-05-04,13:19:45.04,1,1,"Book, Colton",10038706,Left,STJ_HAW,"Butler, Jake",1000176047,Right,GEO_PAT,Undefined,4,Bottom,0,0,0,Slider,Slider,InPlay,Undefined,FlyBall,Out,1,0,,81.34856,0.187363,2.477561,1897.058428,238.532781,2:00,5.19786,-2.97918,6.44489,-34.72679,6.13929,8.23422,2.4763,-0.01497,75.57653,-6.269929,3.968428,0.460101,96.62818,31.93862,-17.075734,3444.700883,104.49284,66.08363,-34.36852,360.06187,352.77554,-19.221747,5.622336,-3.7404,3.48866,2.79961,50,5.19531,-5.40144,-118.3551,-0.60521,-5.36597,20.18014,-27.1692,GEO_PAT,STJ_HAW,SpuhlerFieldMain,D1,A10,20250504-SpuhlerFieldMain-1,f9afc330-290b-11f0-84c1-cbb9d7630631,81.92215,96.97379,,5.77203,,,,2.26275,2.60128,0.07471,40d32ed5-cd22-4191-9dae-36c451206e6c,2025-05-04,17:19:45.04,2025-05-04T13:19:45.0440704-04:00,2025-05-04T17:19:45.0440704Z,FlyBall,v3,471300,471426,04 May 2025 13:00-stjosephs@georgemas,"Primrose, Blake",10091373,Right,STJ_HAW,0735f2a8-b9e8-4656-aa6b-450a5f60e599,54.05989,-119.04532,10.09007,5.20012,0.32405,-13.5846,2.98121,-5.2179,-2.68299,165.541934,2.27117,114.80106,-24.9053,5.58424,-0.66969,-0.06816,0.0383,-0.00507,0.00023,2.5937,75.10494,-16.27837,0.686,-0.16918,0.0563,-0.00585,-0.00022,4E-05,0.07366,-35.29286,3.3817,0.44471,-0.41262,0.14154,-0.02832,0.00302,-0.00013,,,,,,,,,,,,,,,,,,,,,,,High,High,High,High,Medium,,,
115,2025-05-04,13:20:21.93,2,1,"Book, Colton",10038706,Left,STJ_HAW,"Alberti, Lucas",1000145512,Right,GEO_PAT,Undefined,4,Bottom,1,0,0,Fastball,Four-Seam,BallCalled,Undefined,Undefined,Undefined,0,0,,87.92108,0.438425,1.553555,2125.371422,148.415567,11:00,5.22151,-2.79669,6.84165,-22.92915,11.57355,-6.51768,3.71073,-1.92269,81.06644,-3.918375,0.363066,0.422764,,,,,,,,,,,,3.84236,6.34512,2.69919,50,5.24094,-3.23517,-127.9885,0.36687,6.43176,24.15562,-21.55292,GEO_PAT,STJ_HAW,SpuhlerFieldMain,D1,A10,20250504-SpuhlerFieldMain-1,0f953b30-290c-11f0-84c1-cbb9d7630631,89.15714,,,6.85464,,,,,,,40d32ed5-cd22-4191-9dae-36c451206e6c,2025-05-04,17:20:21.93,2025-05-04T13:20:21.9319808-04:00,2025-05-04T17:20:21.9319808Z,,v3,471300,471426,04 May 2025 13:00-stjosephs@georgemas,"Primrose, Blake",10091373,Right,STJ_HAW,414243dc-e68d-4a8e-af44-f6c2fa879991,53.66085,-128.67757,12.07781,5.2217,0.98169,-10.77646,2.79409,-3.41864,3.21588,,,,,,,,,,,,,,,,,,,,,,,,,,,,,,,,,,,,,,,,,,,,,,,,,,,High,High,High,,,,,
116,2025-05-04,13:20:39.10,2,2,"Book, Colton",10038706,Left,STJ_HAW,"Alberti, Lucas",1000145512,Right,GEO_PAT,Undefined,4,Bottom,1,1,0,Fastball,Four-Seam,FoulBallNotFieldable,Undefined,Undefined,Undefined,0,0,,87.55044,-0.448461,2.7796,2169.199166,148.360289,11:00,5.2388,-2.78807,6.84189,-21.07415,13.75095,-7.86441,3.07315,-0.90656,80.79683,-4.461922,1.344791,0.424734,77.64704,64.130713,107.984541,4387.172256,,,,,13.62585,,,4.88784,7.73268,2.61256,50,5.20199,-5.90685,-127.3695,-1.54204,8.10618,23.82432,-19.3499,GEO_PAT,STJ_HAW,SpuhlerFieldMain,D1,A10,20250504-SpuhlerFieldMain-1,19ecefb0-290c-11f0-84c1-cbb9d7630631,88.74353,29.05298,,6.75362,,,,1.22908,2.9768,0.87963,40d32ed5-cd22-4191-9dae-36c451206e6c,2025-05-04,17:20:39.10,2025-05-04T13:20:39.1091200-04:00,2025-05-04T17:20:39.1091200Z,,v3,471300,471426,04 May 2025 13:00-stjosephs@georgemas,"Primrose, Blake",10091373,Right,STJ_HAW,91e300b4-6757-4ae0-9281-3b7fe75e4552,53.66164,-128.05257,11.91216,5.23824,-0.98726,-9.67495,2.78525,-6.13927,4.05309,332.402535,1.23305,-15.53463,-8.16154,,,,,,,2.98045,102.29472,-28.18395,,,,,,,0.88255,47.12039,-9.97013,,,,,,,,,,,,,,,,,,,,,,,,,,,,,High,High,High,High,Undefined,,,
117,2025-05-04,13:21:00.99,2,3,"Book, Colton",10038706,Left,STJ_HAW,"Alberti, Lucas",1000145512,Right,GEO_PAT,Undefined,4,Bottom,1,1,1,Fastball,Four-Seam,BallCalled,Undefined,Undefined,Undefined,0,0,,87.21052,1.469283,2.194819,2112.048894,154.142447,11:15,5.28817,-2.68203,6.77816,-20.09438,15.48619,-6.96382,4.95648,-1.25734,79.40981,-2.398026,0.925703,0.429317,,,,,,,,,,,,4.26248,8.09689,2.541,50,5.37586,-4.59181,-126.70415,2.75895,6.91763,26.29151,-19.03348,GEO_PAT,STJ_HAW,SpuhlerFieldMain,D1,A10,20250504-SpuhlerFieldMain-1,26deb000-290c-11f0-84c1-cbb9d7630631,87.79635,,,7.80071,,,,,,,40d32ed5-cd22-4191-9dae-36c451206e6c,2025-05-04,17:21:00.99,2025-05-04T13:21:00.9930240-04:00,2025-05-04T17:21:00.9930240Z,,v3,471300,471426,04 May 2025 13:00-stjosephs@georgemas,"Primrose, Blake",10091373,Right,STJ_HAW,e26ec061-a55b-4e3d-92f2-2af307f390a4,53.72125,-127.47398,13.14576,5.28692,3.31627,-9.51674,2.67842,-4.79436,3.45882,,,,,,,,,,,,,,,,,,,,,,,,,,,,,,,,,,,,,,,,,,,,,,,,,,,High,High,High,,,,,
118,2025-05-04,13:21:24.96,2,4,"Book, Colton",10038706,Left,STJ_HAW,"Alberti, Lucas",1000145512,Right,GEO_PAT,Undefined,4,Bottom,1,2,1,Fastball,Four-Seam,BallCalled,Undefined,Undefined,Undefined,0,0,,86.86234,0.446165,2.812592,2231.425543,157.637906,11:15,5.25733,-2.67913,6.78227,-19.43997,16.48324,-6.30591,4.04518,-0.63466,79.05723,-3.302899,1.663997,0.431379,,,,,,,,,,,,4.11559,8.92465,2.49785,50,5.27854,-5.96205,-126.16688,0.51803,6.61176,26.46582,-17.83648,GEO_PAT,STJ_HAW,SpuhlerFieldMain,D1,A10,20250504-SpuhlerFieldMain-1,352af740-290c-11f0-84c1-cbb9d7630631,87.37666,,,7.80511,,,,,,,40d32ed5-cd22-4191-9dae-36c451206e6c,2025-05-04,17:21:24.96,2025-05-04T13:21:24.9615872-04:00,2025-05-04T17:21:24.9615872Z,,v3,471300,471426,04 May 2025 13:00-stjosephs@georgemas,"Primrose, Blake",10091373,Right,STJ_HAW,37898578-d0f0-46bf-ae8d-5e7d52e8dd1f,53.71736,-126.94427,13.23291,5.25563,1.04195,-8.91824,2.67583,-6.15626,3.30588,,,,,,,,,,,,,,,,,,,,,,,,,,,,,,,,,,,,,,,,,,,,,,,,,,,High,High,High,,,,,
119,2025-05-04,13:21:47.96,2,5,"Book, Colton",10038706,Left,STJ_HAW,"Alberti, Lucas",1000145512,Right,GEO_PAT,Undefined,4,Bottom,1,3,1,Fastball,Four-Seam,StrikeSwinging,Undefined,Undefined,Undefined,0,0,,86.65047,0.004233,3.482948,2154.424044,150.383613,11:00,5.14805,-2.79155,7.00586,-21.38966,14.18068,-7.45319,3.36943,-0.2424,79.4805,-4.095564,2.120701,0.429255,,,,,,,,,,,,4.89768,7.90233,2.58021,50,5.14075,-7.40332,-125.92846,-0.50776,7.89427,24.66862,-19.43671,GEO_PAT,STJ_HAW,SpuhlerFieldMain,D1,A10,20250504-SpuhlerFieldMain-1,42fcb750-290c-11f0-84c1-cbb9d7630631,87.80894,,,7.16997,,,,,,,40d32ed5-cd22-4191-9dae-36c451206e6c,2025-05-04,17:21:47.96,2025-05-04T13:21:47.9617024-04:00,2025-05-04T17:21:47.9617024Z,,v3,471300,471426,04 May 2025 13:00-stjosephs@georgemas,"Primrose, Blake",10091373,Right,STJ_HAW,2e2529b7-6aaa-4d83-9691-85e0659c2a4e,53.49594,-126.61144,12.33431,5.14737,0.03037,-9.71835,2.78821,-7.62188,3.94714,,,,,,,,,,,,,,,,,,,,,,,,,,,,,,,,,,,,,,,,,,,,,,,,,,,High,High,High,,,,,
120,2025-05-04,13:22:07.94,2,6,"Book, Colton",10038706,Left,STJ_HAW,"Alberti, Lucas",1000145512,Right,GEO_PAT,Undefined,4,Bottom,1,3,2,Fastball,Four-Seam,InPlay,Undefined,Popup,Out,1,0,,86.87643,0.007153,3.149306,2151.408885,150.898773,11:00,5.21485,-2.57655,6.8988,-21.5019,14.07938,-7.22918,3.42956,-0.30717,79.53865,-4.109872,1.829982,0.429321,91.23267,70.662728,-2.909844,,,,,67.41191,38.40517,12.86643,6.251351,4.72559,7.82772,2.38012,50,5.20736,-6.69521,-126.27633,-0.52117,7.63908,25.43465,-19.52024,GEO_PAT,STJ_HAW,SpuhlerFieldMain,D1,A10,20250504-SpuhlerFieldMain-1,4ee12650-290c-11f0-84c1-cbb9d7630631,87.7955,167.92413,,7.33778,,,,1.81161,2.84282,-0.1541,40d32ed5-cd22-4191-9dae-36c451206e6c,2025-05-04,17:22:07.94,2025-05-04T13:22:07.9499264-04:00,2025-05-04T17:22:07.9499264Z,Popup,v3,471300,471426,04 May 2025 13:00-stjosephs@georgemas,"Primrose, Blake",10091373,Right,STJ_HAW,8102ff5c-8635-42a3-8684-cb51faebe322,53.60393,-127.00016,12.71733,5.21428,0.03435,-9.76012,2.57375,-6.9126,3.81954,183.087777,1.81088,44.26399,-22.48934,8.12213,-2.22147,0.48138,-0.07313,0.00645,-0.00024,2.84751,126.23309,-31.60966,4.07796,-0.83528,0.21515,-0.04711,0.00555,-0.00025,-0.15669,-2.21405,3.66248,-1.43578,0.39558,-0.08784,0.01438,-0.0014,6E-05,,,,,,,,,,,,,,,,,,,,,,,High,High,High,Medium,Low,,,
121,2025-05-04,13:22:50.07,3,1,"Book, Colton",10038706,Left,STJ_HAW,"Hueber, Toby",1000091691,Right,GEO_PAT,Undefined,4,Bottom,2,0,0,Slider,Cutter,BallCalled,Undefined,Undefined,Undefined,0,0,,82.34182,-0.393795,1.035212,1983.208009,177.096637,12:00,5.13803,-3.06822,6.47321,-26.87793,13.19264,-0.60843,2.53648,-2.16808,75.76385,-5.462084,0.924799,0.455601,,,,,,,,,,,,0.59087,7.38705,2.99552,50,5.09823,-2.14208,-119.76161,-1.55487,0.86227,22.08862,-21.39385,GEO_PAT,STJ_HAW,SpuhlerFieldMain,D1,A10,20250504-SpuhlerFieldMain-1,67ed0ba0-290c-11f0-84c1-cbb9d7630631,82.73131,,,6.57797,,,,,,,40d32ed5-cd22-4191-9dae-36c451206e6c,2025-05-04,17:22:50.07,2025-05-04T13:22:50.0759040-04:00,2025-05-04T17:22:50.0759040Z,,v3,471300,471426,04 May 2025 13:00-stjosephs@georgemas,"Primrose, Blake",10091373,Right,STJ_HAW,965d1f32-a06f-46e1-bedb-6fba98a3ca07,54.02794,-120.50223,11.04431,5.13834,-0.83755,-10.69693,3.06782,-2.17099,0.43114,,,,,,,,,,,,,,,,,,,,,,,,,,,,,,,,,,,,,,,,,,,,,,,,,,,High,High,High,,,,,
122,2025-05-04,13:23:10.31,3,2,"Book, Colton",10038706,Left,STJ_HAW,"Hueber, Toby",1000091691,Right,GEO_PAT,Undefined,4,Bottom,2,1,0,Fastball,Four-Seam,BallCalled,Undefined,Undefined,Undefined,0,0,,87.83615,1.64339,2.670701,2121.730814,141.112896,10:45,5.25217,-2.77164,6.81675,-19.64592,15.35954,-11.50989,5.11648,-1.29229,80.02229,-2.139593,0.572298,0.425833,,,,,,,,,,,,6.78461,7.99119,2.60262,50,5.35045,-5.51746,-127.59786,3.18456,11.17888,26.3966,-19.0071,GEO_PAT,STJ_HAW,SpuhlerFieldMain,D1,A10,20250504-SpuhlerFieldMain-1,73f11090-290c-11f0-84c1-cbb9d7630631,88.51463,,,7.81386,,,,,,,40d32ed5-cd22-4191-9dae-36c451206e6c,2025-05-04,17:23:10.31,2025-05-04T13:23:10.3158784-04:00,2025-05-04T17:23:10.3158784Z,,v3,471300,471426,04 May 2025 13:00-stjosephs@georgemas,"Primrose, Blake",10091373,Right,STJ_HAW,9456c9ff-1083-46d8-9a91-bf68c9d56d2b,53.68365,-128.35765,13.1983,5.25092,3.73165,-9.50355,2.76607,-5.83923,5.58944,,,,,,,,,,,,,,,,,,,,,,,,,,,,,,,,,,,,,,,,,,,,,,,,,,,High,High,High,,,,,
123,2025-05-04,13:23:38.57,3,3,"Book, Colton",10038706,Left,STJ_HAW,"Hueber, Toby",1000091691,Right,GEO_PAT,Undefined,4,Bottom,2,2,0,Fastball,Four-Seam,FoulBallNotFieldable,Undefined,Undefined,Undefined,0,0,,85.80212,-1.598779,3.440669,2178.441179,147.202915,11:00,5.1075,-2.64801,7.02736,-20.7567,15.98871,-9.48245,1.92193,-0.30784,77.83034,-5.609385,1.70577,0.436288,65.95721,40.393095,164.896092,3061.197008,-105.8511,41.89098,29.92441,182.82578,76.62867,164.083632,2.952038,6.15185,9.4243,2.44125,50,5.00293,-7.16311,-124.53996,-3.95797,9.55668,27.55379,-17.53369,GEO_PAT,STJ_HAW,SpuhlerFieldMain,D1,A10,20250504-SpuhlerFieldMain-1,84e79040-290c-11f0-84c1-cbb9d7630631,86.39352,43.22356,,7.97178,,,,2.51195,2.04998,0.34196,40d32ed5-cd22-4191-9dae-36c451206e6c,2025-05-04,17:23:38.57,2025-05-04T13:23:38.5723904-04:00,2025-05-04T17:23:38.5723904Z,Popup,v3,471300,471426,04 May 2025 13:00-stjosephs@georgemas,"Primrose, Blake",10091373,Right,STJ_HAW,22342479-c7bb-4cab-a1f0-354fe47e1bec,53.47426,-125.30626,13.7769,5.10622,-3.47033,-8.76685,2.64416,-7.42889,4.77834,359.975386,2.5124,-71.15104,3.55482,-0.33077,0.54453,-0.42996,0.18705,-0.04055,0.00342,2.05012,62.68383,-27.09188,3.09738,-0.71436,0.21855,-0.07537,0.01749,-0.00169,0.3419,19.20093,-0.94613,0.14707,-0.11303,0.08063,-0.03482,0.00761,-0.00065,,,,,,,,,,,,,,,,,,,,,,,High,High,High,High,Medium,,,
124,2025-05-04,13:24:02.54,3,4,"Book, Colton",10038706,Left,STJ_HAW,"Hueber, Toby",1000091691,Right,GEO_PAT,Undefined,4,Bottom,2,2,1,Fastball,Four-Seam,BallCalled,Undefined,Undefined,Undefined,0,0,,86.57579,0.308635,3.506322,2222.249725,157.077663,11:15,5.24924,-2.55311,6.80961,-18.14324,17.88013,-7.08851,4.01948,0.05978,79.0799,-3.196844,2.215989,0.43198,,,,,,,,,,,,4.69662,9.7115,2.32848,50,5.26183,-7.44323,-125.72723,0.26212,7.52402,25.28866,-16.61613,GEO_PAT,STJ_HAW,SpuhlerFieldMain,D1,A10,20250504-SpuhlerFieldMain-1,931cf420-290c-11f0-84c1-cbb9d7630631,87.25508,,,7.49588,,,,,,,40d32ed5-cd22-4191-9dae-36c451206e6c,2025-05-04,17:24:02.54,2025-05-04T13:24:02.5441792-04:00,2025-05-04T17:24:02.5441792Z,,v3,471300,471426,04 May 2025 13:00-stjosephs@georgemas,"Primrose, Blake",10091373,Right,STJ_HAW,f0ee6925-4307-4a72-8d28-52aa3c0eb9f7,53.69097,-126.46745,12.64433,5.24704,0.74849,-8.30806,2.54958,-7.66346,3.76201,,,,,,,,,,,,,,,,,,,,,,,,,,,,,,,,,,,,,,,,,,,,,,,,,,,High,High,High,,,,,
125,2025-05-04,13:24:27.11,3,5,"Book, Colton",10038706,Left,STJ_HAW,"Hueber, Toby",1000091691,Right,GEO_PAT,Undefined,4,Bottom,2,3,1,Fastball,Four-Seam,InPlay,Undefined,FlyBall,Out,1,0,,86.12371,-0.327953,3.862581,2160.152447,152.309848,11:00,5.19302,-2.61727,7.05959,-20.4043,15.61524,-7.6143,3.19415,0.26137,78.88056,-4.25522,2.470481,0.431957,99.35688,33.740486,-9.864693,3295.444012,108.48877,72.52502,-18.17035,354.6071,354.57109,-8.376942,5.795548,5.16918,8.80359,2.38649,50,5.16622,-8.19554,-125.12984,-1.19101,8.20537,24.96673,-18.19948,GEO_PAT,STJ_HAW,SpuhlerFieldMain,D1,A10,20250504-SpuhlerFieldMain-1,a1d088b0-290c-11f0-84c1-cbb9d7630631,87.25974,110.00115,,7.24315,,,,2.06946,3.30307,-0.23368,40d32ed5-cd22-4191-9dae-36c451206e6c,2025-05-04,17:24:27.11,2025-05-04T13:24:27.1163904-04:00,2025-05-04T17:24:27.1163904Z,FlyBall,v3,471300,471426,04 May 2025 13:00-stjosephs@georgemas,"Primrose, Blake",10091373,Right,STJ_HAW,74fa4944-b762-4b33-b181-4580d3649876,53.4438,-125.81509,12.48336,5.19206,-0.69149,-9.09974,2.61452,-8.42075,4.10269,181.955472,2.07472,119.28845,-25.83736,5.89045,-1.0369,0.13877,-0.01494,0.00127,-6E-05,3.30204,80.96056,-17.40571,1.12591,-0.16927,0.00034,0.00756,-0.00136,8E-05,-0.23473,-20.74188,5.055,-1.12419,0.19755,-0.02751,0.00327,-0.00031,1E-05,,,,,,,,,,,,,,,,,,,,,,,High,High,High,High,Medium,,,
126,2025-05-04,13:26:51.46,1,1,"Cassedy, Brandon",1000183671,Right,GEO_PAT,"Bergmann, Dean",1000123131,Right,STJ_HAW,Undefined,5,Top,0,0,0,Fastball,Four-Seam,StrikeCalled,Undefined,Undefined,Undefined,0,0,,86.74746,-2.214402,-0.237694,2165.403688,181.080828,12:00,5.63349,0.32324,6.38044,-16.54977,20.01777,0.35488,2.21603,0.13414,79.12028,-5.402705,-0.173399,0.43523,,,,,,,,,,,,-0.25469,11.45906,-0.30627,50,5.46595,0.5092,-126.00357,-5.28064,-0.40767,26.63247,-13.83065,GEO_PAT,STJ_HAW,SpuhlerFieldMain,D1,A10,20250504-SpuhlerFieldMain-1,f7e016d0-290c-11f0-84c1-cbb9d7630631,86.60345,,,7.62719,,,,,,,40d32ed5-cd22-4191-9dae-36c451206e6c,2025-05-04,17:26:51.46,2025-05-04T13:26:51.4604544-04:00,2025-05-04T17:26:51.4604544Z,,v3,471300,471426,04 May 2025 13:00-stjosephs@georgemas,"Barenz, Nick",1000218914,Right,GEO_PAT,2c0cc1f4-28e4-430c-b2a0-6dd0ea8ac3b8,54.121,-126.87161,13.31624,5.63072,-4.82985,-6.91533,-0.32308,0.52249,-0.20384,,,,,,,,,,,,,,,,,,,,,,,,,,,,,,,,,,,,,,,,,,,,,,,,,,,High,High,High,,,,,
127,2025-05-04,13:27:07.35,1,2,"Cassedy, Brandon",1000183671,Right,GEO_PAT,"Bergmann, Dean",1000123131,Right,STJ_HAW,Undefined,5,Top,0,0,1,Fastball,Four-Seam,StrikeSwinging,Undefined,Undefined,Undefined,0,0,,87.35982,-1.257383,0.181006,2170.869831,183.484814,12:00,5.63413,0.36916,6.3429,-18.11517,17.61009,1.00799,2.96672,0.6198,80.39361,-4.707533,0.36349,0.430189,,,,,,,,,,,,-0.47815,9.83315,-0.38277,50,5.53385,-0.4403,-127.05974,-3.27488,-0.78665,24.48054,-15.9967,GEO_PAT,STJ_HAW,SpuhlerFieldMain,D1,A10,20250504-SpuhlerFieldMain-1,015840c0-290d-11f0-84c1-cbb9d7630631,87.61837,,,6.96622,,,,,,,40d32ed5-cd22-4191-9dae-36c451206e6c,2025-05-04,17:27:07.35,2025-05-04T13:27:07.3533440-04:00,2025-05-04T17:27:07.3533440Z,,v3,471300,471426,04 May 2025 13:00-stjosephs@georgemas,"Barenz, Nick",1000218914,Right,GEO_PAT,de5c6624-abf9-4e28-bbbf-e621727229d1,54.15911,-127.85856,12.24027,5.6322,-2.75289,-7.99835,-0.36882,-0.41463,-0.39333,,,,,,,,,,,,,,,,,,,,,,,,,,,,,,,,,,,,,,,,,,,,,,,,,,,High,High,High,,,,,
128,2025-05-04,13:27:25.48,1,3,"Cassedy, Brandon",1000183671,Right,GEO_PAT,"Bergmann, Dean",1000123131,Right,STJ_HAW,Undefined,5,Top,0,0,2,Fastball,Four-Seam,StrikeCalled,Strikeout,Undefined,Undefined,0,0,,87.78354,-2.17979,-1.273899,2256.162565,182.487737,12:00,5.62955,0.22213,6.56267,-16.02836,19.14556,0.78555,2.29389,-0.88056,80.72424,-5.259631,-1.13116,0.426856,,,,,,,,,,,,-0.74933,10.96894,-0.13466,50,5.47206,2.80835,-127.61386,-5.24786,-1.24166,25.07402,-13.99833,GEO_PAT,STJ_HAW,SpuhlerFieldMain,D1,A10,20250504-SpuhlerFieldMain-1,0c2b66d0-290d-11f0-84c1-cbb9d7630631,88.30237,,,7.0593,,,,,,,40d32ed5-cd22-4191-9dae-36c451206e6c,2025-05-04,17:27:25.48,2025-05-04T13:27:25.4874624-04:00,2025-05-04T17:27:25.4874624Z,,v3,471300,471426,04 May 2025 13:00-stjosephs@georgemas,"Barenz, Nick",1000218914,Right,GEO_PAT,03a03269-8a97-42a7-85a9-feec5f02e577,53.93942,-128.38555,12.53701,5.62694,-4.81703,-6.99916,-0.22167,2.84656,-0.62083,,,,,,,,,,,,,,,,,,,,,,,,,,,,,,,,,,,,,,,,,,,,,,,,,,,High,High,High,,,,,
129,2025-05-04,13:27:51.67,2,1,"Cassedy, Brandon",1000183671,Right,GEO_PAT,"Gale, Joe",10139876,Right,STJ_HAW,Undefined,5,Top,1,0,0,Fastball,Four-Seam,BallCalled,Undefined,Undefined,Undefined,0,0,,87.9941,-3.897267,-1.325979,2298.455006,185.481587,12:15,5.6354,0.24508,6.54077,-13.78804,21.54025,1.95662,0.90529,-0.80829,80.56564,-6.569737,-0.970599,0.427792,,,,,,,,,,,,-1.40937,12.79717,-0.15403,50,5.35879,2.88297,-127.6737,-9.01185,-2.32321,26.61273,-11.07919,GEO_PAT,STJ_HAW,SpuhlerFieldMain,D1,A10,20250504-SpuhlerFieldMain-1,1bbf4940-290d-11f0-84c1-cbb9d7630631,88.10922,,,7.42846,,,,,,,40d32ed5-cd22-4191-9dae-36c451206e6c,2025-05-04,17:27:51.67,2025-05-04T13:27:51.6720128-04:00,2025-05-04T17:27:51.6720128Z,,v3,471300,471426,04 May 2025 13:00-stjosephs@georgemas,"Barenz, Nick",1000218914,Right,GEO_PAT,b09501b8-1687-4a40-bbab-fa4d4e02116b,53.96215,-128.49693,13.30637,5.63226,-8.66913,-5.53959,-0.24432,2.95483,-1.1616,,,,,,,,,,,,,,,,,,,,,,,,,,,,,,,,,,,,,,,,,,,,,,,,,,,High,High,High,,,,,
130,2025-05-04,13:28:09.99,2,2,"Cassedy, Brandon",1000183671,Right,GEO_PAT,"Gale, Joe",10139876,Right,STJ_HAW,Undefined,5,Top,1,1,0,Curveball,Slider,StrikeCalled,Undefined,Undefined,Undefined,0,0,,78.66211,-0.130075,1.184759,2312.236296,98.107814,9:15,5.50921,0.75053,5.65112,-42.41746,3.69532,-14.53406,1.85307,0.64459,71.42428,-7.947198,-1.415769,0.488745,,,,,,,,,,,,7.77764,2.36776,-0.84145,50,5.4713,-1.80232,-114.11506,-1.62187,10.11061,23.77564,-29.09608,GEO_PAT,STJ_HAW,SpuhlerFieldMain,D1,A10,20250504-SpuhlerFieldMain-1,26b560a0-290d-11f0-84c1-cbb9d7630631,77.12091,,,7.23783,,,,,,,40d32ed5-cd22-4191-9dae-36c451206e6c,2025-05-04,17:28:09.99,2025-05-04T13:28:09.9914240-04:00,2025-05-04T17:28:09.9914240Z,,v3,471300,471426,04 May 2025 13:00-stjosephs@georgemas,"Barenz, Nick",1000218914,Right,GEO_PAT,85e588b3-b4a1-4d19-a58c-349c17259a94,54.85073,-115.12127,11.88782,5.51388,-0.39051,-14.54804,-0.75612,-2.23021,5.05531,,,,,,,,,,,,,,,,,,,,,,,,,,,,,,,,,,,,,,,,,,,,,,,,,,,High,High,High,,,,,
131,2025-05-04,13:28:25.71,2,3,"Cassedy, Brandon",1000183671,Right,GEO_PAT,"Gale, Joe",10139876,Right,STJ_HAW,Undefined,5,Top,1,1,1,Fastball,Four-Seam,BallCalled,Undefined,Undefined,Undefined,0,0,,89.62092,-4.012119,-1.10645,2280.530896,185.886758,12:15,5.5816,0.46351,6.38208,-13.37705,20.86474,2.03721,0.76903,-0.38477,82.10729,-6.595192,-0.737481,0.421162,,,,,,,,,,,,-1.38299,12.39375,-0.38473,50,5.28574,2.433,-130.01133,-9.44483,-2.36615,27.36369,-10.96982,GEO_PAT,STJ_HAW,SpuhlerFieldMain,D1,A10,20250504-SpuhlerFieldMain-1,3009aee0-290d-11f0-84c1-cbb9d7630631,89.49622,,,7.51364,,,,,,,40d32ed5-cd22-4191-9dae-36c451206e6c,2025-05-04,17:28:25.71,2025-05-04T13:28:25.7196544-04:00,2025-05-04T17:28:25.7196544Z,,v3,471300,471426,04 May 2025 13:00-stjosephs@georgemas,"Barenz, Nick",1000218914,Right,GEO_PAT,e72fb7a5-2212-44a3-9cca-94a9e1c4e5a8,54.12124,-130.87586,13.68185,5.57866,-9.09825,-5.48491,-0.46278,2.50775,-1.18307,,,,,,,,,,,,,,,,,,,,,,,,,,,,,,,,,,,,,,,,,,,,,,,,,,,High,High,High,,,,,
132,2025-05-04,13:28:45.84,2,4,"Cassedy, Brandon",1000183671,Right,GEO_PAT,"Gale, Joe",10139876,Right,STJ_HAW,Undefined,5,Top,1,2,1,Cutter,Slider,BallCalled,Undefined,Undefined,Undefined,0,0,,82.25572,1.219323,0.541777,2437.546487,103.524695,9:30,5.61055,0.5781,5.85524,-37.24671,3.16445,-9.11237,3.63986,0.32217,76.95196,-5.614452,-1.093029,0.457533,,,,,,,,,,,,4.78859,1.67606,-0.61673,50,5.68749,-0.78516,-119.77879,1.32393,7.11928,18.06667,-29.68225,GEO_PAT,STJ_HAW,SpuhlerFieldMain,D1,A10,20250504-SpuhlerFieldMain-1,3bfdae40-290d-11f0-84c1-cbb9d7630631,82.38197,,,5.30376,,,,,,,40d32ed5-cd22-4191-9dae-36c451206e6c,2025-05-04,17:28:45.84,2025-05-04T13:28:45.8423808-04:00,2025-05-04T17:28:45.8423808Z,,v3,471300,471426,04 May 2025 13:00-stjosephs@georgemas,"Barenz, Nick",1000218914,Right,GEO_PAT,cce31367-9a60-4f1c-a687-0d5465cabf88,54.64998,-120.47812,9.03333,5.61401,2.47288,-14.84113,-0.581,-1.06074,3.55964,,,,,,,,,,,,,,,,,,,,,,,,,,,,,,,,,,,,,,,,,,,,,,,,,,,High,High,High,,,,,
133,2025-05-04,13:29:05.01,2,5,"Cassedy, Brandon",1000183671,Right,GEO_PAT,"Gale, Joe",10139876,Right,STJ_HAW,Undefined,5,Top,1,3,1,Fastball,Four-Seam,StrikeCalled,Undefined,Undefined,Undefined,0,0,,87.47313,-1.69025,-0.345989,2261.359701,188.122087,12:15,5.6422,0.45053,6.53646,-15.74375,19.97344,2.6837,2.77929,0.3568,79.74892,-4.741914,0.141596,0.43014,,,,,,,,,,,,-1.50571,11.31438,-0.42759,50,5.51778,0.66534,-127.12002,-4.1176,-2.45416,27.01017,-13.73256,GEO_PAT,STJ_HAW,SpuhlerFieldMain,D1,A10,20250504-SpuhlerFieldMain-1,477ec790-290d-11f0-84c1-cbb9d7630631,87.62828,,,7.72421,,,,,,,40d32ed5-cd22-4191-9dae-36c451206e6c,2025-05-04,17:29:05.01,2025-05-04T13:29:05.0108928-04:00,2025-05-04T17:29:05.0108928Z,,v3,471300,471426,04 May 2025 13:00-stjosephs@georgemas,"Barenz, Nick",1000218914,Right,GEO_PAT,bdba6897-3159-4f26-867f-d274809cd31e,53.96435,-127.95958,13.50509,5.63913,-3.69074,-6.86628,-0.44945,0.74162,-1.22708,,,,,,,,,,,,,,,,,,,,,,,,,,,,,,,,,,,,,,,,,,,,,,,,,,,High,High,High,,,,,
134,2025-05-04,13:29:20.92,2,6,"Cassedy, Brandon",1000183671,Right,GEO_PAT,"Gale, Joe",10139876,Right,STJ_HAW,Undefined,5,Top,1,3,2,Fastball,Four-Seam,InPlay,Undefined,LineDrive,Out,1,0,,87.73213,-1.95606,-0.784552,2219.269824,187.139676,12:15,5.57868,0.29278,6.20464,-15.62517,20.24462,2.39228,2.47011,-0.23211,80.21952,-4.960322,-0.352688,0.431058,96.34585,25.379254,6.90398,3600.888279,108.24884,49.30578,19.54964,344.17859,341.33797,17.42744,4.716268,-1.46256,11.39694,-0.23501,50,5.42366,1.65094,-127.45027,-4.75398,-2.40424,26.33717,-13.439,GEO_PAT,STJ_HAW,SpuhlerFieldMain,D1,A10,20250504-SpuhlerFieldMain-1,50f67c50-290d-11f0-84c1-cbb9d7630631,87.4417,68.32573,,7.51261,,,,1.09051,2.46426,0.25089,40d32ed5-cd22-4191-9dae-36c451206e6c,2025-05-04,17:29:20.92,2025-05-04T13:29:20.9248768-04:00,2025-05-04T17:29:20.9248768Z,FlyBall,v3,471300,471426,04 May 2025 13:00-stjosephs@georgemas,"Barenz, Nick",1000218914,Right,GEO_PAT,778083ba-da7a-4ed4-b78f-cc82e20c103a,54.29716,-128.33519,13.16859,5.57581,-4.30243,-6.7195,-0.29184,1.73172,-1.20212,210.572333,1.0902,126.75205,-26.17451,6.07598,-1.34337,0.29479,-0.05737,0.00739,-0.00041,2.46671,60.50792,-14.28077,-0.32448,0.55857,-0.26874,0.07282,-0.00997,0.00053,0.25119,15.34144,5.13603,-2.02052,0.55651,-0.12115,0.02004,-0.0021,0.0001,,,,,,,,,,,,,,,,,,,,,,,High,High,High,High,High,,,
135,2025-05-04,13:29:55.95,3,1,"Cassedy, Brandon",1000183671,Right,GEO_PAT,"Kelsey, Alex",1000263851,Left,STJ_HAW,Undefined,5,Top,2,0,0,Curveball,Curveball,BallCalled,Undefined,Undefined,Undefined,0,0,,74.07907,1.282223,1.176995,2503.92048,43.039401,7:30,5.59057,0.5128,5.64704,-63.49917,-12.30406,-12.90654,1.4955,0.53532,68.64837,-10.250874,-1.136297,0.514974,,,,,,,,,,,,6.91055,-6.20922,-0.60418,50,5.65837,-1.75514,-107.71128,0.40086,8.12751,18.51403,-39.47668,GEO_PAT,STJ_HAW,SpuhlerFieldMain,D1,A10,20250504-SpuhlerFieldMain-1,65e622a0-290d-11f0-84c1-cbb9d7630631,73.19284,,,5.4307,,,,,,,40d32ed5-cd22-4191-9dae-36c451206e6c,2025-05-04,17:29:55.95,2025-05-04T13:29:55.9511040-04:00,2025-05-04T17:29:55.9511040Z,,v3,471300,471426,04 May 2025 13:00-stjosephs@georgemas,"Barenz, Nick",1000218914,Right,GEO_PAT,2f207c1f-c5f4-43ca-847f-1211aead9fab,54.86082,-108.54357,9.25702,5.60046,2.17551,-19.73834,-0.51706,-2.12051,4.06376,,,,,,,,,,,,,,,,,,,,,,,,,,,,,,,,,,,,,,,,,,,,,,,,,,,High,High,High,,,,,
136,2025-05-04,13:30:12.00,3,2,"Cassedy, Brandon",1000183671,Right,GEO_PAT,"Kelsey, Alex",1000263851,Left,STJ_HAW,Undefined,5,Top,2,1,0,Curveball,Curveball,StrikeCalled,Undefined,Undefined,Undefined,0,0,,73.89017,2.308816,0.74316,2489.244402,44.736782,7:30,5.60027,0.46594,5.69974,-61.23543,-10.36501,-11.6065,2.65023,0.19132,68.89147,-8.828179,-1.335551,0.513339,,,,,,,,,,,,6.09453,-5.42744,-0.52092,50,5.7555,-0.98493,-107.49622,2.41336,7.22044,16.45117,-38.60417,GEO_PAT,STJ_HAW,SpuhlerFieldMain,D1,A10,20250504-SpuhlerFieldMain-1,6f7752d0-290d-11f0-84c1-cbb9d7630631,73.42605,,,4.9987,,,,,,,40d32ed5-cd22-4191-9dae-36c451206e6c,2025-05-04,17:30:12.00,2025-05-04T13:30:12.0090112-04:00,2025-05-04T17:30:12.0090112Z,,v3,471300,471426,04 May 2025 13:00-stjosephs@georgemas,"Barenz, Nick",1000218914,Right,GEO_PAT,75f296d6-4260-4365-adfc-75501c670b6c,54.80843,-108.2296,8.22558,5.60955,4.1343,-19.30209,-0.46984,-1.30681,3.61022,,,,,,,,,,,,,,,,,,,,,,,,,,,,,,,,,,,,,,,,,,,,,,,,,,,High,High,High,,,,,
137,2025-05-04,13:30:29.10,3,3,"Cassedy, Brandon",1000183671,Right,GEO_PAT,"Kelsey, Alex",1000263851,Left,STJ_HAW,Undefined,5,Top,2,1,1,ChangeUp,Changeup,BallCalled,Undefined,Undefined,Undefined,0,0,,80.20459,1.06483,1.088946,1217.190883,194.69514,12:30,5.54623,0.40948,5.60957,-33.96943,9.85449,2.23079,3.70972,1.612,73.47172,-5.220317,1.487064,0.476461,,,,,,,,,,,,-0.83063,5.11559,-0.5041,50,5.61546,-2.30158,-116.44911,1.07533,-1.14256,21.51199,-25.1375,GEO_PAT,STJ_HAW,SpuhlerFieldMain,D1,A10,20250504-SpuhlerFieldMain-1,7984def0-290d-11f0-84c1-cbb9d7630631,79.10923,,,6.73287,,,,,,,40d32ed5-cd22-4191-9dae-36c451206e6c,2025-05-04,17:30:29.10,2025-05-04T13:30:29.1040256-04:00,2025-05-04T17:30:29.1040256Z,,v3,471300,471426,04 May 2025 13:00-stjosephs@georgemas,"Barenz, Nick",1000218914,Right,GEO_PAT,402ce0e7-d8bf-4632-9409-a407af83502c,54.89136,-117.34923,10.75599,5.54846,2.12714,-12.56875,-0.40879,-2.25378,-0.57128,,,,,,,,,,,,,,,,,,,,,,,,,,,,,,,,,,,,,,,,,,,,,,,,,,,High,High,High,,,,,
138,2025-05-04,13:30:45.83,3,4,"Cassedy, Brandon",1000183671,Right,GEO_PAT,"Kelsey, Alex",1000263851,Left,STJ_HAW,Undefined,5,Top,2,2,1,Fastball,Four-Seam,StrikeSwinging,Undefined,Undefined,Undefined,0,0,,88.66231,-3.146536,-0.904277,2258.260796,194.389233,12:30,5.60166,0.28922,6.48397,-16.17052,18.55934,4.48103,1.36168,-0.16774,81.36582,-6.243142,-0.090832,0.424153,,,,,,,,,,,,-2.61441,10.9502,-0.22761,50,5.37299,1.86459,-128.78097,-7.49346,-4.39573,26.44637,-13.76291,GEO_PAT,STJ_HAW,SpuhlerFieldMain,D1,A10,20250504-SpuhlerFieldMain-1,838bb450-290d-11f0-84c1-cbb9d7630631,88.8651,,,7.29649,,,,,,,40d32ed5-cd22-4191-9dae-36c451206e6c,2025-05-04,17:30:45.83,2025-05-04T13:30:45.8358784-04:00,2025-05-04T17:30:45.8358784Z,,v3,471300,471426,04 May 2025 13:00-stjosephs@georgemas,"Barenz, Nick",1000218914,Right,GEO_PAT,1f9a77bd-af6f-4581-b0e5-87f9c6b8a1fa,54.01914,-129.6037,13.22319,5.59945,-7.06531,-6.88146,-0.28775,2.00134,-2.19787,,,,,,,,,,,,,,,,,,,,,,,,,,,,,,,,,,,,,,,,,,,,,,,,,,,High,High,High,,,,,
139,2025-05-04,13:31:02.94,3,5,"Cassedy, Brandon",1000183671,Right,GEO_PAT,"Kelsey, Alex",1000263851,Left,STJ_HAW,Undefined,5,Top,2,2,2,Fastball,Four-Seam,BallCalled,Undefined,Undefined,Undefined,0,0,,90.11747,-3.609249,-1.891081,2298.539513,190.4104,12:15,5.53912,0.34422,6.68632,-14.34481,18.75324,3.27118,1.03626,-1.11353,83.45547,-6.35768,-1.295473,0.414069,,,,,,,,,,,,-2.21394,11.14288,-0.21926,50,5.2918,4.20549,-130.93973,-8.61662,-3.88637,24.7737,-12.61381,GEO_PAT,STJ_HAW,SpuhlerFieldMain,D1,A10,20250504-SpuhlerFieldMain-1,8dc0ecb0-290d-11f0-84c1-cbb9d7630631,91.0294,,,6.66201,,,,,,,40d32ed5-cd22-4191-9dae-36c451206e6c,2025-05-04,17:31:02.94,2025-05-04T13:31:02.9477376-04:00,2025-05-04T17:31:02.9477376Z,,v3,471300,471426,04 May 2025 13:00-stjosephs@georgemas,"Barenz, Nick",1000218914,Right,GEO_PAT,dfa253ae-4141-4367-9dd9-74b8b1e79a09,53.81839,-131.66018,12.38685,5.53705,-8.2498,-6.3069,-0.3432,4.31851,-1.94319,,,,,,,,,,,,,,,,,,,,,,,,,,,,,,,,,,,,,,,,,,,,,,,,,,,High,High,High,,,,,
140,2025-05-04,13:31:20.19,3,6,"Cassedy, Brandon",1000183671,Right,GEO_PAT,"Kelsey, Alex",1000263851,Left,STJ_HAW,Undefined,5,Top,2,3,2,Fastball,Four-Seam,StrikeCalled,Strikeout,Undefined,Undefined,0,0,,88.40447,-2.190457,-1.877986,2254.250992,197.09459,12:30,5.5715,0.42576,6.61855,-17.01387,17.38418,5.04752,2.14547,-0.8742,81.82194,-5.434967,-0.96005,0.422122,,,,,,,,,,,,-3.14614,10.03461,-0.30021,50,5.41526,4.03457,-128.59385,-5.36038,-5.3276,23.84636,-15.18162,GEO_PAT,STJ_HAW,SpuhlerFieldMain,D1,A10,20250504-SpuhlerFieldMain-1,98087490-290d-11f0-84c1-cbb9d7630631,89.2927,,,6.58253,,,,,,,40d32ed5-cd22-4191-9dae-36c451206e6c,2025-05-04,17:31:20.19,2025-05-04T13:31:20.1940000-04:00,2025-05-04T17:31:20.1940000Z,,v3,471300,471426,04 May 2025 13:00-stjosephs@georgemas,"Barenz, Nick",1000218914,Right,GEO_PAT,487c05e5-0512-49fb-abac-8eb606a3be17,53.8858,-129.31242,11.92318,5.5699,-4.90291,-7.59081,-0.42421,4.19511,-2.6638,,,,,,,,,,,,,,,,,,,,,,,,,,,,,66.2105,,,1.03728,,,,0.78925,4.35534,-2.03435,77.5364,1.44651,47.24306,0.82792,81.89949,-7.78525,4.37418,11.59478,-13.96495,-2.02756,49.7472,-2.18861,High,High,High,,,High,High,High
141,2025-05-04,13:33:33.91,1,1,"Book, Colton",10038706,Left,STJ_HAW,"Wall, Jonny",1000119703,Right,GEO_PAT,Undefined,5,Bottom,0,0,0,Slider,Changeup,BallCalled,Undefined,Undefined,Undefined,0,0,,78.42753,0.457455,2.466402,1283.362186,121.951504,10:00,5.07946,-2.886,6.54375,-36.47329,7.17693,-9.64709,2.45997,-1.42644,72.95981,-6.345065,0.714685,0.475515,,,,,,,,,,,,5.63902,4.04394,2.71896,50,5.09548,-4.59421,-114.13338,-0.08106,7.55492,17.91801,-26.75617,GEO_PAT,STJ_HAW,SpuhlerFieldMain,D1,A10,20250504-SpuhlerFieldMain-1,e7b1aca0-290d-11f0-84c1-cbb9d7630631,79.26649,,,5.46772,,,,,,,40d32ed5-cd22-4191-9dae-36c451206e6c,2025-05-04,17:33:33.91,2025-05-04T13:33:33.9121152-04:00,2025-05-04T17:33:33.9121152Z,,v3,471300,471426,04 May 2025 13:00-stjosephs@georgemas,"Primrose, Blake",10091373,Right,STJ_HAW,d69b2552-121a-4503-bba2-1710678c0eb5,53.96005,-114.7534,8.95901,5.08227,0.84478,-13.37809,2.88245,-4.85563,3.77746,,,,,,,,,,,,,,,,,,,,,,,,,,,,,,,,,,,,,,,,,,,,,,,,,,,High,High,High,,,,,
142,2025-05-04,13:33:52.80,1,2,"Book, Colton",10038706,Left,STJ_HAW,"Wall, Jonny",1000119703,Right,GEO_PAT,Undefined,5,Bottom,0,1,0,Fastball,Four-Seam,StrikeCalled,Undefined,Undefined,Undefined,0,0,,86.7232,-1.999015,3.077627,2084.114467,145.714199,10:45,5.26545,-2.71064,6.79477,-21.58714,13.99068,-8.84827,1.63848,-0.63609,80.26437,-6.090016,1.464636,0.4293,,,,,,,,,,,,5.47303,8.24193,2.51393,50,5.12714,-6.46889,-126.06711,-4.96829,8.90256,23.05002,-18.76752,GEO_PAT,STJ_HAW,SpuhlerFieldMain,D1,A10,20250504-SpuhlerFieldMain-1,f304b110-290d-11f0-84c1-cbb9d7630631,87.79976,,,6.45884,,,,,,,40d32ed5-cd22-4191-9dae-36c451206e6c,2025-05-04,17:33:52.80,2025-05-04T13:33:52.8063488-04:00,2025-05-04T17:33:52.8063488Z,,v3,471300,471426,04 May 2025 13:00-stjosephs@georgemas,"Primrose, Blake",10091373,Right,STJ_HAW,452b1123-2a54-4265-a01b-95d1d1dde0de,53.70903,-126.74345,11.52501,5.26484,-4.41761,-9.38376,2.70757,-6.73011,4.45128,,,,,,,,,,,,,,,,,,,,,,,,,,,,,,,,,,,,,,,,,,,,,,,,,,,High,High,High,,,,,
143,2025-05-04,13:34:12.10,1,3,"Book, Colton",10038706,Left,STJ_HAW,"Wall, Jonny",1000119703,Right,GEO_PAT,Undefined,5,Bottom,0,1,1,Fastball,Cutter,StrikeCalled,Undefined,Undefined,Undefined,0,0,,85.81648,-1.651104,3.223861,2123.01895,183.437283,12:00,5.22645,-2.89082,6.66659,-24.26966,12.09201,0.66815,1.69038,0.11787,79.87973,-6.20487,3.345251,0.434004,,,,,,,,,,,,0.40146,7.08914,2.67408,50,5.10543,-7.05151,-124.77881,-4.26762,0.6426,21.50711,-20.82627,GEO_PAT,STJ_HAW,SpuhlerFieldMain,D1,A10,20250504-SpuhlerFieldMain-1,fe886270-290d-11f0-84c1-cbb9d7630631,86.84822,,,5.93675,,,,,,,40d32ed5-cd22-4191-9dae-36c451206e6c,2025-05-04,17:34:12.10,2025-05-04T13:34:12.1062400-04:00,2025-05-04T17:34:12.1062400Z,,v3,471300,471426,04 May 2025 13:00-stjosephs@georgemas,"Primrose, Blake",10091373,Right,STJ_HAW,0e712823-8ee5-404f-85bb-d0c9360e58b8,53.83773,-125.43854,10.75356,5.22654,-3.62877,-10.41314,2.89069,-7.07123,0.3213,,,,,,,,,,,,,,,,,,,,,,,,,,,,,,,,,,,,,,,,,,,,,,,,,,,High,High,High,,,,,
144,2025-05-04,13:34:32.98,1,4,"Book, Colton",10038706,Left,STJ_HAW,"Wall, Jonny",1000119703,Right,GEO_PAT,Undefined,5,Bottom,0,1,2,Fastball,Four-Seam,BallCalled,Undefined,Undefined,Undefined,0,0,,88.45817,-2.491472,4.363274,2208.370075,141.230052,10:45,5.25765,-2.48071,6.91351,-18.90784,15.49639,-11.58383,1.40496,0.53534,81.19194,-6.11299,2.251955,0.42216,,,,,,,,,,,,7.37426,9.26398,2.20992,50,5.09367,-9.38148,-128.30949,-6.0628,12.32675,25.87593,-16.68848,GEO_PAT,STJ_HAW,SpuhlerFieldMain,D1,A10,20250504-SpuhlerFieldMain-1,0af4ed30-290e-11f0-84c1-cbb9d7630631,89.28471,,,7.26623,,,,,,,40d32ed5-cd22-4191-9dae-36c451206e6c,2025-05-04,17:34:32.98,2025-05-04T13:34:32.9857536-04:00,2025-05-04T17:34:32.9857536Z,,v3,471300,471426,04 May 2025 13:00-stjosephs@georgemas,"Primrose, Blake",10091373,Right,STJ_HAW,7ca0f578-6f0a-466f-bdf8-9f593d0792eb,53.5899,-129.03143,12.93797,5.25633,-5.59719,-8.34424,2.47646,-9.7254,6.16337,,,,,,,,,,,,,,,,,,,,,,,,,,,,,,,,,,,,,,,,,,,,,,,,,,,High,High,High,,,,,
145,2025-05-04,13:34:58.01,1,5,"Book, Colton",10038706,Left,STJ_HAW,"Wall, Jonny",1000119703,Right,GEO_PAT,Undefined,5,Bottom,0,2,2,Fastball,Four-Seam,InPlay,Undefined,LineDrive,Single,0,0,,88.06267,-0.900827,2.699931,2123.568626,141.872908,10:45,5.27292,-2.52269,6.91053,-19.49064,15.058,-10.99056,2.82728,-0.97775,80.76363,-4.641794,0.691456,0.423045,94.93739,7.202942,20.098079,2611.57755,100.33864,8.12095,45.07916,172.81837,172.81837,26.175335,1.494492,6.58804,8.58768,2.35628,50,5.20899,-5.64764,-128.05553,-2.49504,10.96781,25.7994,-17.8772,GEO_PAT,STJ_HAW,SpuhlerFieldMain,D1,A10,20250504-SpuhlerFieldMain-1,19e081b0-290e-11f0-84c1-cbb9d7630631,89.09788,8.72079,,7.29904,,,,0.87371,2.81984,0.98875,40d32ed5-cd22-4191-9dae-36c451206e6c,2025-05-04,17:34:58.01,2025-05-04T13:34:58.0182016-04:00,2025-05-04T17:34:58.0182016Z,GroundBall,v3,471300,471426,04 May 2025 13:00-stjosephs@georgemas,"Primrose, Blake",10091373,Right,STJ_HAW,133e5931-cc6c-45a9-8eff-38ca71b04df5,53.59229,-128.77723,12.8997,5.27179,-1.99494,-8.9386,2.51856,-5.95446,5.48391,242.21109,0.87371,129.73131,-24.05048,5.51194,-1.03597,0.06467,0.0705,-0.03538,0.00592,2.81985,17.45696,-12.68988,-0.47719,0.18286,0.13662,-0.15477,0.06484,-0.01042,0.98876,47.46835,3.76074,-1.82313,0.463,0.03292,-0.1034,0.04668,-0.00766,,,,,,,,,,,,,,,,,,,,,,,High,High,High,High,High,,,
146,2025-05-04,13:35:56.58,2,1,"Book, Colton",10038706,Left,STJ_HAW,"Barenz, Nick",1000218914,Right,GEO_PAT,Undefined,5,Bottom,0,0,0,Fastball,Four-Seam,InPlay,Undefined,Bunt,FieldersChoice,1,0,,86.61084,-0.642244,3.691442,2104.06062,156.277746,11:15,5.23398,-2.50362,6.90203,-20.23119,15.2517,-6.26985,2.96178,0.34112,80.11507,-4.500977,2.548259,0.428727,35.0656,-68.45708,32.557542,,,,,4.23369,4.23366,5.373231,0.063616,4.27303,8.60847,2.27294,50,5.1859,-7.9138,-125.93187,-1.91558,6.94279,22.7518,-18.1871,GEO_PAT,STJ_HAW,SpuhlerFieldMain,D1,A10,20250504-SpuhlerFieldMain-1,3cc8f810-290e-11f0-84c1-cbb9d7630631,87.91708,3.09876,,6.49577,,,,3.18401,3.09876,-0.26187,40d32ed5-cd22-4191-9dae-36c451206e6c,2025-05-04,17:35:56.58,2025-05-04T13:35:56.5803520-04:00,2025-05-04T17:35:56.5803520Z,GroundBall,v3,471300,471426,04 May 2025 13:00-stjosephs@georgemas,"Primrose, Blake",10091373,Right,STJ_HAW,8f955c28-e2cf-41a4-b9f6-5cb6ffcbb3f8,53.60245,-126.58104,11.3759,5.23315,-1.39665,-9.09355,2.50157,-8.11189,3.47139,,3.18103,16.20797,,,,,,,,3.10771,-48.71098,,,,,,,,-0.26377,10.34851,,,,,,,,,,,,,,,,,,,,,,,,,,,,,,High,High,High,Estimated,Estimated,,,
147,2025-05-04,13:37:18.70,3,1,"Book, Colton",10038706,Left,STJ_HAW,"Blanchard, Evan",10073877,Right,GEO_PAT,Undefined,5,Bottom,1,0,0,Fastball,Changeup,InPlay,Undefined,FlyBall,Out,1,0,,85.12515,-0.544762,3.928724,2093.392532,137.301403,10:30,5.1395,-2.60396,7.13425,-22.08379,14.68064,-12.49572,2.80399,-0.07689,77.97714,-4.789424,1.639951,0.4364,82.51812,56.1993,14.070183,,99.29857,125.53111,47.32625,192.82466,176.83251,29.205304,5.634474,7.80701,8.38335,2.37531,50,5.10009,-8.08269,-123.68145,-1.68666,12.10997,24.34331,-19.17011,GEO_PAT,STJ_HAW,SpuhlerFieldMain,D1,A10,20250504-SpuhlerFieldMain-1,6dbc66f0-290e-11f0-84c1-cbb9d7630631,86.37121,125.56722,,7.14801,,,,1.1334,2.76738,0.04189,40d32ed5-cd22-4191-9dae-36c451206e6c,2025-05-04,17:37:18.70,2025-05-04T13:37:18.7066880-04:00,2025-05-04T17:37:18.7066880Z,FlyBall,v3,471300,471426,04 May 2025 13:00-stjosephs@georgemas,"Primrose, Blake",10091373,Right,STJ_HAW,ce61a1dd-5270-41cd-b4ae-deda26f986c1,53.36894,-124.34277,12.17165,5.13884,-1.16588,-9.58506,2.59936,-8.41167,6.05498,198.954776,1.1366,65.21896,-19.95159,5.42964,-0.75464,-0.05765,0.04365,-0.00658,0.00033,2.75722,100.7449,-25.46435,2.97107,-0.66992,0.11837,-0.00666,-0.00119,0.00013,0.04196,16.38197,2.55598,-1.2922,0.24158,0.01712,-0.01702,0.00288,-0.00016,,,,,,,,,,,,,,,,,,,,,,,High,High,High,High,Low,,,
148,2025-05-04,13:38:00.17,4,1,"Book, Colton",10038706,Left,STJ_HAW,"Clyne, Owen",1000230336,Left,GEO_PAT,Undefined,5,Bottom,2,0,0,Fastball,Four-Seam,InPlay,Undefined,Bunt,Out,1,0,,87.86731,-0.52218,3.684172,2292.25134,154.341625,11:15,5.28176,-2.39144,6.90299,-16.0717,19.04572,-8.58182,3.4658,0.25393,79.69778,-3.664741,2.119403,0.426513,42.03357,-52.208016,1.071939,,,,,4.64993,3.76863,-2.480752,0.071002,5.69146,10.65044,2.16184,50,5.24264,-7.90583,-127.54631,-1.51063,9.29975,28.21494,-14.77137,GEO_PAT,STJ_HAW,SpuhlerFieldMain,D1,A10,20250504-SpuhlerFieldMain-1,8671a0c0-290e-11f0-84c1-cbb9d7630631,88.37344,3.50881,,8.16953,,,,1.92511,3.50881,-0.25217,40d32ed5-cd22-4191-9dae-36c451206e6c,2025-05-04,17:38:00.17,2025-05-04T13:38:00.1760768-04:00,2025-05-04T17:38:00.1760768Z,GroundBall,v3,471300,471426,04 May 2025 13:00-stjosephs@georgemas,"Primrose, Blake",10091373,Right,STJ_HAW,6c4b804a-063c-489d-a2aa-4244c45ebc52,53.5988,-128.33995,14.10747,5.27929,-1.09514,-7.38568,2.3879,-8.16742,4.64988,180,1.9189,38.31505,,,,,,,,3.51682,-49.41838,,,,,,,,-0.25229,0.71692,,,,,,,,,,,,,,,,,,,,,,,,,,,,,,High,High,High,High,High,,,
149,2025-05-04,13:40:26.34,1,1,"Cassedy, Brandon",1000183671,Right,GEO_PAT,"Applegate, Carson",1000069466,Right,STJ_HAW,Undefined,6,Top,0,0,0,Fastball,Four-Seam,StrikeCalled,Undefined,Undefined,Undefined,0,0,,88.30856,-3.060365,-0.411132,2303.877874,187.310169,12:15,5.71709,0.37025,6.44425,-15.5332,19.13454,2.32996,1.60774,0.18662,81.90247,-6.018193,0.011511,0.423774,,,,,,,,,,,,-1.32784,11.09233,-0.34212,50,5.49246,0.83496,-128.41053,-7.26788,-2.24642,23.29636,-13.40817,GEO_PAT,STJ_HAW,SpuhlerFieldMain,D1,A10,20250504-SpuhlerFieldMain-1,dd949ab0-290e-11f0-84c1-cbb9d7630631,88.94472,,,6.40609,,,,,,,40d32ed5-cd22-4191-9dae-36c451206e6c,2025-05-04,17:40:26.34,2025-05-04T13:40:26.3477760-04:00,2025-05-04T17:40:26.3477760Z,,v3,471300,471426,04 May 2025 13:00-stjosephs@georgemas,"Barenz, Nick",1000218914,Right,GEO_PAT,19890096-1795-4838-98ed-e212b42d8a4e,54.05987,-129.14498,11.64818,5.71492,-6.84517,-6.70408,-0.36956,0.90578,-1.12321,,,,,,,,,,,,,,,,,,,,,,,,,,,,,,,,,,,,,,,,,,,,,,,,,,,High,High,High,,,,,
150,2025-05-04,13:40:43.22,1,2,"Cassedy, Brandon",1000183671,Right,GEO_PAT,"Applegate, Carson",1000069466,Right,STJ_HAW,Undefined,6,Top,0,0,1,Curveball,Slider,BallCalled,Undefined,Undefined,Undefined,0,0,,79.45406,-2.21895,0.367758,2351.656897,105.395006,9:30,5.42825,0.60654,5.83563,-39.19821,4.47685,-12.078,0.0981,-0.05811,74.45976,-9.360912,-1.803488,0.475651,,,,,,,,,,,,6.37866,3.09516,-0.62895,50,5.22336,-0.31552,-115.59128,-5.70642,8.76182,18.46576,-27.92246,GEO_PAT,STJ_HAW,SpuhlerFieldMain,D1,A10,20250504-SpuhlerFieldMain-1,e7a693a0-290e-11f0-84c1-cbb9d7630631,79.24395,,,4.9943,,,,,,,40d32ed5-cd22-4191-9dae-36c451206e6c,2025-05-04,17:40:43.22,2025-05-04T13:40:43.2238592-04:00,2025-05-04T17:40:43.2238592Z,,v3,471300,471426,04 May 2025 13:00-stjosephs@georgemas,"Barenz, Nick",1000218914,Right,GEO_PAT,9837812b-12c7-4556-b61f-8170a595201d,54.67081,-116.33505,9.23288,5.43056,-4.58175,-13.96123,-0.60913,-0.66844,4.38091,,,,,,,,,,,,,,,,,,,,,,,,,,,,,,,,,,,,,,,,,,,,,,,,,,,High,High,High,,,,,
151,2025-05-04,13:41:01.13,1,3,"Cassedy, Brandon",1000183671,Right,GEO_PAT,"Applegate, Carson",1000069466,Right,STJ_HAW,Undefined,6,Top,0,1,1,Curveball,Curveball,BallCalled,Undefined,Undefined,Undefined,0,0,,74.57073,2.118786,1.603634,2472.128243,48.271467,7:30,5.57405,0.46799,5.67393,-60.33503,-10.31587,-13.06768,2.52324,0.87454,69.49287,-8.848095,-0.735528,0.509025,,,,,,,,,,,,7.17158,-5.62744,-0.59444,50,5.71342,-2.59269,-108.4721,2.14388,8.6475,16.83311,-38.95965,GEO_PAT,STJ_HAW,SpuhlerFieldMain,D1,A10,20250504-SpuhlerFieldMain-1,f2591250-290e-11f0-84c1-cbb9d7630631,74.04825,,,5.07785,,,,,,,40d32ed5-cd22-4191-9dae-36c451206e6c,2025-05-04,17:41:01.13,2025-05-04T13:41:01.1393536-04:00,2025-05-04T17:41:01.1393536Z,,v3,471300,471426,04 May 2025 13:00-stjosephs@georgemas,"Barenz, Nick",1000218914,Right,GEO_PAT,cc6c0bd6-fb93-4750-8ab2-83bf517d6f24,54.83495,-109.21983,8.41655,5.57975,3.87447,-19.47982,-0.47073,-2.97681,4.32375,,,,,,,,,,,,,,,,,,,,,,,,,,,,,,,,,,,,,,,,,,,,,,,,,,,High,High,High,,,,,
152,2025-05-04,13:41:18.91,1,4,"Cassedy, Brandon",1000183671,Right,GEO_PAT,"Applegate, Carson",1000069466,Right,STJ_HAW,Undefined,6,Top,0,2,1,Fastball,Four-Seam,BallCalled,Undefined,Undefined,Undefined,0,0,,87.3152,-1.925554,0.613464,2228.5357,180.46854,12:00,5.6503,0.25844,6.49138,-16.84595,18.48277,0.14319,2.4779,0.83359,80.95755,-5.134056,0.639456,0.427795,,,,,,,,,,,,0.07181,10.53209,-0.30153,50,5.50764,-1.36601,-127.10528,-4.7173,0.11895,22.94532,-14.72488,GEO_PAT,STJ_HAW,SpuhlerFieldMain,D1,A10,20250504-SpuhlerFieldMain-1,fce23710-290e-11f0-84c1-cbb9d7630631,88.10875,,,6.35765,,,,,,,40d32ed5-cd22-4191-9dae-36c451206e6c,2025-05-04,17:41:18.91,2025-05-04T13:41:18.9112320-04:00,2025-05-04T17:41:18.9112320Z,,v3,471300,471426,04 May 2025 13:00-stjosephs@georgemas,"Barenz, Nick",1000218914,Right,GEO_PAT,5cacf796-fef2-490b-b351-9fc97c2067a1,54.01414,-127.82786,11.47266,5.64889,-4.25359,-7.36244,-0.25845,-1.36976,0.05948,,,,,,,,,,,,,,,,,,,,,,,,,,,,,,,,,,,,,,,,,,,,,,,,,,,High,High,High,,,,,
153,2025-05-04,13:41:37.22,1,5,"Cassedy, Brandon",1000183671,Right,GEO_PAT,"Applegate, Carson",1000069466,Right,STJ_HAW,Undefined,6,Top,0,3,1,Fastball,Four-Seam,StrikeCalled,Undefined,Undefined,Undefined,0,0,,87.77648,-1.89797,-0.025902,2267.637608,188.550013,12:15,5.66906,0.24336,6.3299,-16.27091,18.923,2.69807,2.56468,0.44435,81.31039,-4.994838,0.462425,0.426978,,,,,,,,,,,,-1.41886,10.64725,-0.24274,50,5.52255,-0.04469,-127.71871,-4.66438,-2.37448,23.0656,-14.35589,GEO_PAT,STJ_HAW,SpuhlerFieldMain,D1,A10,20250504-SpuhlerFieldMain-1,07d197b0-290f-11f0-84c1-cbb9d7630631,88.2773,,,6.46609,,,,,,,40d32ed5-cd22-4191-9dae-36c451206e6c,2025-05-04,17:41:37.22,2025-05-04T13:41:37.2219904-04:00,2025-05-04T17:41:37.2219904Z,,v3,471300,471426,04 May 2025 13:00-stjosephs@georgemas,"Barenz, Nick",1000218914,Right,GEO_PAT,221bcf5a-f28a-4952-be36-080c8ba00e29,54.17365,-128.47025,11.5328,5.6669,-4.19663,-7.17794,-0.24254,0.03268,-1.18724,,,,,,,,,,,,,,,,,,,,,,,,,,,,,,,,,,,,,,,,,,,,,,,,,,,High,High,High,,,,,
154,2025-05-04,13:41:53.43,1,6,"Cassedy, Brandon",1000183671,Right,GEO_PAT,"Applegate, Carson",1000069466,Right,STJ_HAW,Undefined,6,Top,0,3,2,Fastball,Four-Seam,StrikeCalled,Strikeout,Undefined,Undefined,0,0,,88.33713,-2.58223,-0.500366,2253.64148,193.91665,12:30,5.58672,0.33092,6.49044,-16.70276,17.81851,4.17996,1.8224,0.21986,82.00554,-5.754434,0.258586,0.422878,,,,,,,,,,,,-2.32551,10.2843,-0.29761,50,5.39779,0.96805,-128.52202,-6.23815,-3.94545,23.05894,-14.72589,GEO_PAT,STJ_HAW,SpuhlerFieldMain,D1,A10,20250504-SpuhlerFieldMain-1,1177d680-290f-11f0-84c1-cbb9d7630631,89.13318,,,6.33158,,,,,,,40d32ed5-cd22-4191-9dae-36c451206e6c,2025-05-04,17:41:53.43,2025-05-04T13:41:53.4370000-04:00,2025-05-04T17:41:53.4370000Z,,v3,471300,471426,04 May 2025 13:00-stjosephs@georgemas,"Barenz, Nick",1000218914,Right,GEO_PAT,49d34a83-c65d-4717-a959-0c5f06bfab6b,54.0137,-129.24014,11.52947,5.58492,-5.77955,-7.36295,-0.32968,1.09093,-1.97273,,,,,,,,,,,,,,,,,,,,,,,,,,,,,73.89198,,,0.870679,,,,1.06254,5.28857,-4.74736,68.52401,6.79991,-56.25798,1.08969,82.20857,-5.45708,5.3276,14.39732,-14.58157,-4.83042,-67.46352,9.62125,High,High,High,,,High,High,High
155,2025-05-04,13:42:23.70,2,1,"Cassedy, Brandon",1000183671,Right,GEO_PAT,"Pagano, Joey",10113708,Left,STJ_HAW,Undefined,6,Top,1,0,0,Fastball,Four-Seam,BallCalled,Undefined,Undefined,Undefined,0,0,,88.57057,-3.062987,0.916045,2293.444958,195.797023,12:30,5.60454,0.38176,6.40642,-14.48249,20.40934,5.46508,1.57802,1.67961,81.28935,-5.85052,1.906212,0.425141,,,,,,,,,,,,-2.60705,11.83347,-0.44973,50,5.37798,-2.26843,-128.62704,-7.23284,-4.37679,26.16016,-12.30766,GEO_PAT,STJ_HAW,SpuhlerFieldMain,D1,A10,20250504-SpuhlerFieldMain-1,2386cb10-290f-11f0-84c1-cbb9d7630631,88.65866,,,7.28122,,,,,,,40d32ed5-cd22-4191-9dae-36c451206e6c,2025-05-04,17:42:23.70,2025-05-04T13:42:23.7034496-04:00,2025-05-04T17:42:23.7034496Z,,v3,471300,471426,04 May 2025 13:00-stjosephs@georgemas,"Barenz, Nick",1000218914,Right,GEO_PAT,e68b2df8-6772-4df8-9312-df104ce100d0,54.09557,-129.45732,13.08008,5.60133,-6.84222,-6.15383,-0.37994,-2.12951,-2.1884,,,,,,,,,,,,,,,,,,,,,,,,,,,,,,,,,,,,,,,,,,,,,,,,,,,High,High,High,,,,,
156,2025-05-04,13:42:43.26,2,2,"Cassedy, Brandon",1000183671,Right,GEO_PAT,"Pagano, Joey",10113708,Left,STJ_HAW,Undefined,6,Top,1,1,0,Fastball,Four-Seam,InPlay,Undefined,GroundBall,Out,1,0,,88.61389,-2.715096,0.139941,2294.920416,186.861336,12:15,5.64475,0.45784,6.41734,-16.40733,17.99304,2.05146,1.77942,0.75745,82.28514,-5.827418,0.511914,0.422136,99.34656,7.388679,-0.76803,726.750642,,,,109.86888,109.86888,-1.49142,0.848815,-1.0476,10.38008,-0.46876,50,5.44292,-0.39156,-128.90527,-6.554,-1.78844,23.12311,-14.45308,GEO_PAT,STJ_HAW,SpuhlerFieldMain,D1,A10,20250504-SpuhlerFieldMain-1,2f30a210-290f-11f0-84c1-cbb9d7630631,89.28972,5.13802,,6.32876,,,,1.46776,1.79012,-0.72324,40d32ed5-cd22-4191-9dae-36c451206e6c,2025-05-04,17:42:43.26,2025-05-04T13:42:43.2638976-04:00,2025-05-04T17:42:43.2638976Z,GroundBall,v3,471300,471426,04 May 2025 13:00-stjosephs@georgemas,"Barenz, Nick",1000218914,Right,GEO_PAT,a9c4309f-7d74-484f-9b10-dc54f6109411,54.08683,-129.63629,11.56156,5.6429,-6.09708,-7.22654,-0.45728,-0.33502,-0.89422,10.55008,1.46776,144.48519,-22.25962,3.43016,-0.76464,0.16085,-0.03539,0.00721,-0.00087,1.79012,18.73801,-27.6433,4.36342,-1.05321,0.27277,-0.06566,0.01422,-0.00189,-0.72324,-1.93689,-1.31588,0.92134,-0.26027,0.07648,-0.02012,0.00455,-0.00062,,,,,,,,,,,,,,,,,,,,,,,High,High,High,High,High,,,
157,2025-05-04,13:43:19.03,3,1,"Cassedy, Brandon",1000183671,Right,GEO_PAT,"Petrich, Owen",1000125049,Right,STJ_HAW,Undefined,6,Top,2,0,0,Curveball,Slider,FoulBallNotFieldable,Undefined,Undefined,Undefined,0,0,,79.40391,-0.853246,-0.619401,2357.232931,97.814662,9:15,5.50369,0.65357,5.75017,-41.53424,3.1648,-12.56532,1.24802,-0.97024,72.87965,-8.477077,-2.872423,0.481194,,,,,,,,,,,,6.26752,2.25665,-0.59415,50,5.4073,1.71792,-115.32542,-3.04576,8.39428,22.55171,-29.15161,GEO_PAT,STJ_HAW,SpuhlerFieldMain,D1,A10,20250504-SpuhlerFieldMain-1,448524b0-290f-11f0-84c1-cbb9d7630631,78.33103,,,6.52425,,,,,,,40d32ed5-cd22-4191-9dae-36c451206e6c,2025-05-04,17:43:19.03,2025-05-04T13:43:19.0334976-04:00,2025-05-04T17:43:19.0334976Z,,v3,471300,471426,04 May 2025 13:00-stjosephs@georgemas,"Barenz, Nick",1000218914,Right,GEO_PAT,203b9a67-3a2b-4577-b800-fadb38c997c6,54.75316,-116.25118,11.27586,5.50777,-1.84907,-14.57581,-0.6576,1.37333,4.19714,,,,,,,,,,,,,,,,,,,,,,,,,,,,,,,,,,,,,,,,,,,,,,,,,,,High,High,High,,,,,
158,2025-05-04,13:43:42.30,3,2,"Cassedy, Brandon",1000183671,Right,GEO_PAT,"Petrich, Owen",1000125049,Right,STJ_HAW,Undefined,6,Top,2,0,1,Curveball,Slider,BallCalled,Undefined,Undefined,Undefined,0,0,,78.35313,-1.019302,0.416963,2299.989599,91.90829,9:00,5.5284,0.54007,5.80963,-43.79081,1.76705,-11.04217,0.93112,0.00766,72.34158,-9.040799,-1.566909,0.485795,,,,,,,,,,,,5.83032,1.5278,-0.56734,50,5.41825,-0.43136,-113.88444,-3.39761,7.65513,20.96202,-30.16809,GEO_PAT,STJ_HAW,SpuhlerFieldMain,D1,A10,20250504-SpuhlerFieldMain-1,52669c30-290f-11f0-84c1-cbb9d7630631,77.58919,,,6.01155,,,,,,,40d32ed5-cd22-4191-9dae-36c451206e6c,2025-05-04,17:43:42.30,2025-05-04T13:43:42.3054848-04:00,2025-05-04T17:43:42.3054848Z,,v3,471300,471426,04 May 2025 13:00-stjosephs@georgemas,"Barenz, Nick",1000218914,Right,GEO_PAT,e2cf664e-f549-49b4-acbe-f563dbd43bad,54.69515,-114.74539,10.48101,5.53235,-2.15854,-15.08405,-0.54317,-0.74577,3.82757,,,,,,,,,,,,,,,,,,,,,,,,,,,,,,,,,,,,,,,,,,,,,,,,,,,High,High,High,,,,,
159,2025-05-04,13:44:00.85,3,3,"Cassedy, Brandon",1000183671,Right,GEO_PAT,"Petrich, Owen",1000125049,Right,STJ_HAW,Undefined,6,Top,2,1,1,Cutter,Slider,FoulBallNotFieldable,Undefined,Undefined,Undefined,0,0,,82.3895,0.112944,-0.648025,2523.316105,91.006458,9:00,5.59733,0.37531,5.73064,-39.40104,1.12213,-7.43701,2.41911,-0.84801,77.20039,-7.075296,-1.980153,0.458166,,,,,,,,,,,,3.68465,0.81972,-0.31646,50,5.58189,1.63953,-119.97747,-1.08908,5.48434,18.6083,-30.95397,GEO_PAT,STJ_HAW,SpuhlerFieldMain,D1,A10,20250504-SpuhlerFieldMain-1,5d762f00-290f-11f0-84c1-cbb9d7630631,82.26801,,,5.18911,,,,,,,40d32ed5-cd22-4191-9dae-36c451206e6c,2025-05-04,17:44:00.85,2025-05-04T13:44:00.8544256-04:00,2025-05-04T17:44:00.8544256Z,,v3,471300,471426,04 May 2025 13:00-stjosephs@georgemas,"Barenz, Nick",1000218914,Right,GEO_PAT,419eb067-3a27-4eb9-948d-9714a1a4d64c,54.77543,-120.71586,9.30415,5.60074,0.13919,-15.47698,-0.3772,1.42191,2.74217,,,,,,,,,,,,,,,,,,,,,,,,,,,,,,,,,,,,,,,,,,,,,,,,,,,High,High,High,,,,,
160,2025-05-04,13:44:30.17,3,4,"Cassedy, Brandon",1000183671,Right,GEO_PAT,"Petrich, Owen",1000125049,Right,STJ_HAW,Undefined,6,Top,2,1,2,Fastball,Four-Seam,FoulBallNotFieldable,Undefined,Undefined,Undefined,0,0,,90.37181,-1.915102,-0.735034,2274.798572,185.024214,12:15,5.63154,0.28094,6.51531,-15.66347,17.7106,1.46461,2.56804,-0.27156,82.70813,-4.929088,-0.469042,0.415792,85.95858,59.895503,61.002966,4794.85425,17.2111,127.77199,108.64518,178.58921,70.88431,85.421538,5.566509,-0.97587,10.15544,-0.2303,50,5.4909,1.62882,-131.37027,-4.79368,-1.70499,27.89144,-14.43095,GEO_PAT,STJ_HAW,SpuhlerFieldMain,D1,A10,20250504-SpuhlerFieldMain-1,6ee31730-290f-11f0-84c1-cbb9d7630631,90.65217,128.77665,,7.66369,,,,1.47967,2.21272,-0.26666,40d32ed5-cd22-4191-9dae-36c451206e6c,2025-05-04,17:44:30.17,2025-05-04T13:44:30.1713408-04:00,2025-05-04T17:44:30.1713408Z,FlyBall,v3,471300,471426,04 May 2025 13:00-stjosephs@georgemas,"Barenz, Nick",1000218914,Right,GEO_PAT,75d0fc0c-0732-4c3e-ad08-1a23f51b8094,53.98702,-132.21405,13.94572,5.62932,-4.35711,-7.21548,-0.28035,1.6804,-0.8525,,1.47158,30.64611,-19.38825,5.62007,-0.10496,-0.58292,0.20551,-0.02912,0.00152,2.19784,109.32131,-30.56059,4.59871,-1.12875,0.21668,-0.01943,-0.0004,0.00012,-0.26955,55.33327,-10.04179,2.03393,-0.1555,-0.07529,0.02809,-0.00373,0.00018,,,,,,,,,,,,,,,,,,,,,,,High,High,High,Medium,Low,,,
161,2025-05-04,13:44:54.59,3,5,"Cassedy, Brandon",1000183671,Right,GEO_PAT,"Petrich, Owen",1000125049,Right,STJ_HAW,Undefined,6,Top,2,1,2,Fastball,Four-Seam,BallCalled,Undefined,Undefined,Undefined,0,0,,90.36776,-4.012963,-1.652275,2398.350325,184.769609,12:15,5.58522,0.19405,6.70117,-13.46698,19.79225,1.56264,0.78592,-1.18702,82.86019,-6.62074,-1.36764,0.415076,,,,,,,,,,,,-1.29154,11.9339,-0.08477,50,5.31228,3.72501,-131.13381,-9.51072,-2.24903,27.71896,-11.39293,GEO_PAT,STJ_HAW,SpuhlerFieldMain,D1,A10,20250504-SpuhlerFieldMain-1,7d70ad30-290f-11f0-84c1-cbb9d7630631,90.80853,,,7.50757,,,,,,,40d32ed5-cd22-4191-9dae-36c451206e6c,2025-05-04,17:44:54.59,2025-05-04T13:44:54.5936896-04:00,2025-05-04T17:44:54.5936896Z,,v3,471300,471426,04 May 2025 13:00-stjosephs@georgemas,"Barenz, Nick",1000218914,Right,GEO_PAT,20c7edd3-6727-4ab1-99c4-5536c263d761,53.80207,-131.93504,13.85948,5.58243,-9.1814,-5.69646,-0.19338,3.79002,-1.12451,,,,,,,,,,,,,,,,,,,,,,,,,,,,,,,,,,,,,,,,,,,,,,,,,,,High,High,High,,,,,
162,2025-05-04,13:45:18.39,3,6,"Cassedy, Brandon",1000183671,Right,GEO_PAT,"Petrich, Owen",1000125049,Right,STJ_HAW,Undefined,6,Top,2,2,2,Curveball,Curveball,StrikeSwinging,Strikeout,Undefined,Undefined,0,0,,77.10122,-1.241275,-0.255538,2646.38893,35.291156,7:15,5.59226,0.43511,5.63788,-63.97574,-15.88336,-12.39512,-0.89732,-0.83623,70.89159,-12.798426,-2.484684,0.499125,,,,,,,,,,,,6.35496,-7.54678,-0.40486,50,5.4446,0.94073,-111.95558,-4.49817,7.91855,23.6521,-41.57766,GEO_PAT,STJ_HAW,SpuhlerFieldMain,D1,A10,20250504-SpuhlerFieldMain-1,8ba85b00-290f-11f0-84c1-cbb9d7630631,75.51699,,,6.20964,,,,,,,40d32ed5-cd22-4191-9dae-36c451206e6c,2025-05-04,17:45:18.39,2025-05-04T13:45:18.3980032-04:00,2025-05-04T17:45:18.3980032Z,,v3,471300,471426,04 May 2025 13:00-stjosephs@georgemas,"Barenz, Nick",1000218914,Right,GEO_PAT,b41406f8-55ab-4efb-94c9-fd0d1d108258,54.86967,-112.97968,11.82605,5.60039,-2.69792,-20.78883,-0.43817,0.59787,3.95927,,,,,,,,,,,,,,,,,,,,,,,,,,,,,,,,,,,,,,,,,,,,,,,,,,,High,High,High,,,,,
163,2025-05-04,13:47:41.37,1,1,"Book, Colton",10038706,Left,STJ_HAW,"Hull, Owen",10054797,Left,GEO_PAT,Undefined,6,Bottom,0,0,0,Fastball,Cutter,StrikeCalled,Undefined,Undefined,Undefined,0,0,,86.20129,-1.556796,3.691083,2140.024098,161.869761,11:30,5.28408,-2.64507,6.93915,-24.72446,10.65812,-3.21177,1.80333,0.45179,80.87961,-6.197152,3.104836,0.428121,,,,,,,,,,,,2.4939,6.30201,2.41573,50,5.1779,-7.9848,-125.41862,-4.06766,4.07059,19.47832,-21.88779,GEO_PAT,STJ_HAW,SpuhlerFieldMain,D1,A10,20250504-SpuhlerFieldMain-1,e0e1d470-290f-11f0-84c1-cbb9d7630631,88.04163,,,5.32168,,,,,,,40d32ed5-cd22-4191-9dae-36c451206e6c,2025-05-04,17:47:41.37,2025-05-04T13:47:41.3708800-04:00,2025-05-04T17:47:41.3708800Z,,v3,471300,471426,04 May 2025 13:00-stjosephs@georgemas,"Primrose, Blake",10091373,Right,STJ_HAW,490050b1-3863-45ec-97f0-3f6ab731f9e5,53.56594,-125.97121,9.73916,5.28449,-3.44671,-10.9439,2.64389,-8.10028,2.0353,,,,,,,,,,,,,,,,,,,,,,,,,,,,,,,,,,,,,,,,,,,,,,,,,,,High,High,High,,,,,
164,2025-05-04,13:48:02.56,1,2,"Book, Colton",10038706,Left,STJ_HAW,"Hull, Owen",10054797,Left,GEO_PAT,Undefined,6,Bottom,0,0,1,Slider,Slider,FoulBallNotFieldable,Undefined,Undefined,Undefined,0,0,,79.49854,0.52554,2.681719,1966.990121,203.329178,12:45,5.23381,-2.66742,6.58362,-35.53785,6.96414,2.51543,2.7545,0.0017,73.90368,-6.105242,3.138284,0.46922,71.84195,49.386459,-105.560555,4698.862685,,,,,20.53073,,,-0.69122,3.8726,2.48248,50,5.25468,-5.4999,-115.67173,0.09864,-0.94906,18.86606,-26.85689,GEO_PAT,STJ_HAW,SpuhlerFieldMain,D1,A10,20250504-SpuhlerFieldMain-1,ed85c2e0-290f-11f0-84c1-cbb9d7630631,80.33007,26.15273,,5.59486,,,,2.01982,2.84012,0.21283,40d32ed5-cd22-4191-9dae-36c451206e6c,2025-05-04,17:48:02.56,2025-05-04T13:48:02.5629696-04:00,2025-05-04T17:48:02.5629696Z,,v3,471300,471426,04 May 2025 13:00-stjosephs@georgemas,"Primrose, Blake",10091373,Right,STJ_HAW,c6262531-166c-4865-bc97-258406e9a56a,53.92098,-116.30948,9.43303,5.236,1.00652,-13.42845,2.66786,-5.46782,-0.47453,,2.03088,-18.85049,-9.87012,,,,,,,2.84835,79.65631,-28.7189,,,,,,,0.20353,-65.7007,16.33842,,,,,,,,,,,,,,,,,,,,,,,,,,,,,High,High,High,High,Undefined,,,
165,2025-05-04,13:48:27.57,1,3,"Book, Colton",10038706,Left,STJ_HAW,"Hull, Owen",10054797,Left,GEO_PAT,Undefined,6,Bottom,0,0,2,Slider,Slider,BallCalled,Undefined,Undefined,Undefined,0,0,,82.18286,-0.283177,4.181475,2093.216589,231.609406,1:45,5.29483,-2.49153,6.41444,-32.40785,7.75611,8.45772,2.33312,2.06465,76.53977,-6.292756,5.706005,0.456131,,,,,,,,,,,,-3.42303,4.47382,2.18849,50,5.25967,-9.02504,-119.35073,-1.52919,-5.0055,20.00446,-25.63203,GEO_PAT,STJ_HAW,SpuhlerFieldMain,D1,A10,20250504-SpuhlerFieldMain-1,fc71f3a0-290f-11f0-84c1-cbb9d7630631,82.6351,,,5.64309,,,,,,,40d32ed5-cd22-4191-9dae-36c451206e6c,2025-05-04,17:48:27.57,2025-05-04T13:48:27.5700224-04:00,2025-05-04T17:48:27.5700224Z,,v3,471300,471426,04 May 2025 13:00-stjosephs@georgemas,"Primrose, Blake",10091373,Right,STJ_HAW,d66a7c62-cb40-4510-a7f8-ccc9c34a9dba,54.08906,-120.03414,10.00223,5.29696,-0.65352,-12.81602,2.4939,-8.85404,-2.50275,,,,,,,,,,,,,,,,,,,,,,,,,,,,,,,,,,,,,,,,,,,,,,,,,,,High,High,High,,,,,
166,2025-05-04,13:48:52.44,1,4,"Book, Colton",10038706,Left,STJ_HAW,"Hull, Owen",10054797,Left,GEO_PAT,Undefined,6,Bottom,0,1,2,Fastball,Four-Seam,StrikeCalled,Strikeout,Undefined,Undefined,0,0,,88.76426,-2.241829,3.960061,2225.411547,154.558855,11:15,5.34475,-2.42219,6.91147,-17.52662,16.03087,-7.21733,1.83654,0.58872,82.83949,-5.574209,2.644255,0.416933,,,,,,,,,,,,4.72996,9.33197,2.1754,50,5.19687,-8.68253,-129.01816,-5.49797,8.14195,21.49482,-16.11037,GEO_PAT,STJ_HAW,SpuhlerFieldMain,D1,A10,20250504-SpuhlerFieldMain-1,0b3b8130-2910-11f0-84c1-cbb9d7630631,90.40409,,,5.92477,,,,,,,40d32ed5-cd22-4191-9dae-36c451206e6c,2025-05-04,17:48:52.44,2025-05-04T13:48:52.4450000-04:00,2025-05-04T17:48:52.4450000Z,,v3,471300,471426,04 May 2025 13:00-stjosephs@georgemas,"Primrose, Blake",10091373,Right,STJ_HAW,aa4c78b4-5ab3-4e5d-be4a-bec732fcf62a,53.59334,-129.61544,10.74741,5.34343,-5.05031,-8.05518,2.4198,-8.90877,4.07097,,,,,,,,,,,,,,,,,,,,,,,,,,,,,57.26328,,1.322496,,0.28092,1.72476,-0.64089,-3.41523,5.55047,-1.58608,,,,-3.09306,72.23979,-5.29276,5.83583,27.62363,-14.65413,-1.79068,-23.48419,2.63597,High,High,High,,,High,High,Low
167,2025-05-04,13:49:29.53,2,1,"Book, Colton",10038706,Left,STJ_HAW,"Quinn-Irons, Jaime",1000216379,Right,GEO_PAT,Undefined,6,Bottom,1,0,0,Fastball,Four-Seam,FoulBallNotFieldable,Undefined,Undefined,Undefined,0,0,,88.35433,-0.931395,3.167996,2193.006524,152.656457,11:00,5.20632,-2.59592,6.95044,-18.01332,15.9728,-7.77319,2.85621,-0.35766,81.74036,-4.383109,1.747856,0.419587,48.59623,55.916932,-177.473092,2869.251019,,,,125.2997,51.38526,176.98924,3.298412,4.95063,9.06737,2.40137,50,5.14172,-6.84874,-128.54207,-2.53004,8.38412,23.59931,-16.81802,GEO_PAT,STJ_HAW,SpuhlerFieldMain,D1,A10,20250504-SpuhlerFieldMain-1,2154b360-2910-11f0-84c1-cbb9d7630631,89.83221,47.70588,,6.61396,,,,2.02765,2.94015,0.37519,40d32ed5-cd22-4191-9dae-36c451206e6c,2025-05-04,17:49:29.53,2025-05-04T13:49:29.5310336-04:00,2025-05-04T17:49:29.5310336Z,Popup,v3,471300,471426,04 May 2025 13:00-stjosephs@georgemas,"Primrose, Blake",10091373,Right,STJ_HAW,4da3359a-673d-4f66-9c13-706a36d2c857,53.55404,-129.19291,11.79966,5.2051,-2.06621,-8.40901,2.59344,-7.07996,4.19206,10.57294,2.02716,-39.88551,-1.08888,0.97841,-0.39467,0.13039,-0.01837,-0.00089,0.00031,2.94057,59.01237,-21.35605,1.30991,0.29793,-0.42832,0.17885,-0.03453,0.00258,0.37468,-1.74122,1.10193,0.30013,-0.44466,0.27952,-0.08815,0.01362,-0.00083,,,,,,,,,,,,,,,,,,,,,,,High,High,High,High,Medium,,,
168,2025-05-04,13:49:58.75,2,2,"Book, Colton",10038706,Left,STJ_HAW,"Quinn-Irons, Jaime",1000216379,Right,GEO_PAT,Undefined,6,Bottom,1,0,1,Slider,Slider,BallCalled,Undefined,Undefined,Undefined,0,0,,82.40284,2.104143,2.076189,2137.300625,214.681005,1:15,5.19977,-2.61484,6.39274,-29.83305,10.27024,6.32599,4.65121,-0.17717,75.8579,-3.494608,3.219745,0.455787,,,,,,,,,,,,-2.75366,5.18823,2.46295,50,5.33735,-4.57332,-119.73762,3.55299,-4.03051,21.34331,-24.58005,GEO_PAT,STJ_HAW,SpuhlerFieldMain,D1,A10,20250504-SpuhlerFieldMain-1,32afc140-2910-11f0-84c1-cbb9d7630631,82.69756,,,6.54493,,,,,,,40d32ed5-cd22-4191-9dae-36c451206e6c,2025-05-04,17:49:58.75,2025-05-04T13:49:58.7598336-04:00,2025-05-04T17:49:58.7598336Z,,v3,471300,471426,04 May 2025 13:00-stjosephs@georgemas,"Primrose, Blake",10091373,Right,STJ_HAW,b02a5ef2-ace0-4ad2-bb64-b1d49fb8269e,54.10876,-120.46778,10.67165,5.20141,4.39388,-12.29003,2.61705,-4.43543,-2.01525,,,,,,,,,,,,,,,,,,,,,,,,,,,,,,,,,,,,,,,,,,,,,,,,,,,High,High,High,,,,,
169,2025-05-04,13:50:18.47,2,3,"Book, Colton",10038706,Left,STJ_HAW,"Quinn-Irons, Jaime",1000216379,Right,GEO_PAT,Undefined,6,Bottom,1,1,1,Fastball,Sinker,BallCalled,Undefined,Undefined,Undefined,0,0,,89.10523,-2.076817,3.376996,2243.449844,134.086765,10:30,5.15208,-2.52193,6.98236,-21.29855,12.26111,-11.6441,1.4842,-0.4173,82.23962,-6.126546,1.247159,0.416946,,,,,,,,,,,,7.06138,7.388,2.31693,50,5.01642,-7.22429,-129.48819,-5.25436,12.08702,24.97252,-19.528,GEO_PAT,STJ_HAW,SpuhlerFieldMain,D1,A10,20250504-SpuhlerFieldMain-1,3e8933c0-2910-11f0-84c1-cbb9d7630631,90.40117,,,6.86561,,,,,,,40d32ed5-cd22-4191-9dae-36c451206e6c,2025-05-04,17:50:18.47,2025-05-04T13:50:18.4732160-04:00,2025-05-04T17:50:18.4732160Z,,v3,471300,471426,04 May 2025 13:00-stjosephs@georgemas,"Primrose, Blake",10091373,Right,STJ_HAW,c8771109-d853-4d45-a32b-9068c330a1d8,53.52068,-130.1654,12.48626,5.15173,-4.7248,-9.764,2.51728,-7.55207,6.04351,,,,,,,,,,,,,,,,,,,,,,,,,,,,,,,,,,,,,,,,,,,,,,,,,,,High,High,High,,,,,
170,2025-05-04,13:50:41.05,2,4,"Book, Colton",10038706,Left,STJ_HAW,"Quinn-Irons, Jaime",1000216379,Right,GEO_PAT,Undefined,6,Bottom,1,2,1,Fastball,Four-Seam,StrikeSwinging,Undefined,Undefined,Undefined,0,0,,88.77932,0.014632,3.053897,2320.317641,161.099181,11:15,5.28734,-2.66646,6.61134,-17.27261,16.96005,-5.47111,3.86138,-0.32242,81.71836,-3.294436,2.060985,0.421106,,,,,,,,,,,,3.63606,9.21733,2.46043,50,5.28069,-6.67552,-129.04404,-0.40386,6.18628,24.59471,-16.49196,GEO_PAT,STJ_HAW,SpuhlerFieldMain,D1,A10,20250504-SpuhlerFieldMain-1,4bdf3420-2910-11f0-84c1-cbb9d7630631,89.50816,,,7.06096,,,,,,,40d32ed5-cd22-4191-9dae-36c451206e6c,2025-05-04,17:50:41.05,2025-05-04T13:50:41.0597376-04:00,2025-05-04T17:50:41.0597376Z,,v3,471300,471426,04 May 2025 13:00-stjosephs@georgemas,"Primrose, Blake",10091373,Right,STJ_HAW,d7730752-86cb-4574-bcba-6f07c1bae90e,53.89042,-129.7834,12.29736,5.28537,0.09192,-8.24598,2.6639,-6.86149,3.09314,,,,,,,,,,,,,,,,,,,,,,,,,,,,,,,,,,,,,,,,,,,,,,,,,,,High,High,High,,,,,
171,2025-05-04,13:51:03.60,2,5,"Book, Colton",10038706,Left,STJ_HAW,"Quinn-Irons, Jaime",1000216379,Right,GEO_PAT,Undefined,6,Bottom,1,2,2,Fastball,Four-Seam,InPlay,Undefined,LineDrive,Out,1,0,,89.38103,-1.082112,3.14846,2335.412262,154.737601,11:15,5.23944,-2.55256,6.87685,-16.30497,16.94462,-7.56969,2.8929,-0.31113,82.80597,-4.211138,1.767512,0.415016,104.04183,12.967821,11.249304,3264.51151,105.83043,24.46192,29.99731,301.50677,298.08448,24.224824,3.057186,4.79055,9.57524,2.35517,50,5.16435,-6.88431,-130.0295,-2.85367,8.32006,23.58515,-15.54415,GEO_PAT,STJ_HAW,SpuhlerFieldMain,D1,A10,20250504-SpuhlerFieldMain-1,596a2730-2910-11f0-84c1-cbb9d7630631,90.82174,29.38007,,6.57506,,,,0.78055,2.85679,0.30693,40d32ed5-cd22-4191-9dae-36c451206e6c,2025-05-04,17:51:03.60,2025-05-04T13:51:03.6091392-04:00,2025-05-04T17:51:03.6091392Z,LineDrive,v3,471300,471426,04 May 2025 13:00-stjosephs@georgemas,"Primrose, Blake",10091373,Right,STJ_HAW,06640fbd-6ff8-4304-84e3-7aafd8b32ddc,53.62728,-130.68577,11.79258,5.23774,-2.42115,-7.77207,2.54995,-7.11582,4.16003,226.623474,0.78073,145.83647,-32.80031,7.76502,-1.49077,0.2154,-0.02026,0.00087,1E-05,2.85646,34.26135,-9.4818,-1.53549,0.28829,0.08342,-0.05381,0.01119,-0.00086,0.30674,29.01957,8.69935,-2.97663,0.62617,-0.04805,-0.01352,0.00411,-0.00035,,,,,,,,,,,,,,,,,,,,,,,High,High,High,High,High,,,
172,2025-05-04,13:51:42.14,3,1,"Book, Colton",10038706,Left,STJ_HAW,"Butler, Jake",1000176047,Right,GEO_PAT,Undefined,6,Bottom,2,0,0,Fastball,Four-Seam,FoulBallNotFieldable,Undefined,Undefined,Undefined,0,0,,89.43144,-1.72099,3.76845,2310.576575,141.963071,10:45,5.06878,-2.70912,7.1741,-17.68221,15.08981,-11.12938,2.03192,-0.21681,83.17899,-5.107378,1.727644,0.412024,81.25921,42.287129,30.599566,4346.593065,84.60398,74.34297,70.30055,234.98452,129.65972,49.178314,4.44813,6.90741,8.81796,2.49243,50,4.9625,-8.20452,-130.09405,-4.33383,12.04675,22.77587,-16.79522,GEO_PAT,STJ_HAW,SpuhlerFieldMain,D1,A10,20250504-SpuhlerFieldMain-1,705bb800-2910-11f0-84c1-cbb9d7630631,91.48109,78.27334,,6.25245,,,,1.25152,1.09382,-0.90273,40d32ed5-cd22-4191-9dae-36c451206e6c,2025-05-04,17:51:42.14,2025-05-04T13:51:42.1488128-04:00,2025-05-04T17:51:42.1488128Z,FlyBall,v3,471300,471426,04 May 2025 13:00-stjosephs@georgemas,"Primrose, Blake",10091373,Right,STJ_HAW,cd5b60fe-89da-4717-b0b2-be140cf3092e,53.33145,-130.67599,11.38794,5.06776,-3.90469,-8.39761,2.70599,-8.51233,6.02337,226.177435,1.22124,76.65732,-25.31057,13.57496,-8.98664,4.35528,-1.25303,0.18879,-0.0114,1.08784,80.31319,-25.11029,3.2069,-0.87326,0.21323,-0.02619,6E-05,0.00018,-0.8923,44.59638,3.55728,-5.33375,4.0191,-1.98701,0.57875,-0.08862,0.00546,,,,,,,,,,,,,,,,,,,,,,,High,High,High,Medium,Low,,,
173,2025-05-04,13:52:18.20,3,2,"Book, Colton",10038706,Left,STJ_HAW,"Butler, Jake",1000176047,Right,GEO_PAT,Undefined,6,Bottom,2,0,1,Fastball,Four-Seam,FoulBallNotFieldable,Undefined,Undefined,Undefined,0,0,,88.48911,-0.973453,3.721242,2225.311356,162.353487,11:30,5.25004,-2.59328,6.84088,-19.01218,15.47721,-4.57847,2.77596,0.42365,80.9218,-4.623105,2.887574,0.422682,28.59512,32.086577,-45.122087,2890.588559,,,,53.29597,52.45273,-47.466651,1.581019,3.48835,8.8315,2.35617,50,5.18027,-8.19332,-128.49374,-2.66016,5.82691,26.84576,-17.42202,GEO_PAT,STJ_HAW,SpuhlerFieldMain,D1,A10,20250504-SpuhlerFieldMain-1,85e04b50-2910-11f0-84c1-cbb9d7630631,89.17436,10.78361,,7.5673,,,,2.28975,2.84285,-0.38193,40d32ed5-cd22-4191-9dae-36c451206e6c,2025-05-04,17:52:18.20,2025-05-04T13:52:18.2068736-04:00,2025-05-04T17:52:18.2068736Z,GroundBall,v3,471300,471426,04 May 2025 13:00-stjosephs@georgemas,"Primrose, Blake",10091373,Right,STJ_HAW,03b952e4-3a73-42dd-a9dd-b4b79fcd5900,53.66177,-129.25652,13.42288,5.24882,-2.16514,-8.71101,2.59132,-8.35888,2.91346,138.171074,2.28973,25.07451,-2.9165,0.64717,-0.49953,0.33308,-0.09733,0.00282,0.00305,2.84286,22.27769,-15.96986,0.49102,-0.04565,0.10084,-0.09861,0.03988,-0.00634,-0.38192,-25.17984,0.51131,-0.1093,0.09358,-0.08842,0.02182,0.00332,-0.00163,,,,,,,,,,,,,,,,,,,,,,,High,High,High,High,High,,,
174,2025-05-04,13:52:50.92,3,3,"Book, Colton",10038706,Left,STJ_HAW,"Butler, Jake",1000176047,Right,GEO_PAT,Undefined,6,Bottom,2,0,2,Fastball,Four-Seam,InPlay,Undefined,LineDrive,Out,1,0,,90.84009,-1.166422,3.051128,2249.977703,147.283285,11:00,5.40608,-2.73219,6.58769,-19.18883,13.57953,-8.10725,2.73644,-0.60911,83.64904,-4.810065,1.579551,0.412002,80.15248,26.508307,19.408709,3962.161979,99.58788,43.76338,46.71354,247.57306,242.67502,32.566162,3.690106,5.0665,7.74784,2.52634,50,5.31782,-6.72882,-132.03163,-3.23016,9.00852,26.19566,-18.39797,GEO_PAT,STJ_HAW,SpuhlerFieldMain,D1,A10,20250504-SpuhlerFieldMain-1,995d4ed0-2910-11f0-84c1-cbb9d7630631,91.48615,46.90399,,7.19105,,,,0.86623,2.78531,0.61367,40d32ed5-cd22-4191-9dae-36c451206e6c,2025-05-04,17:52:50.92,2025-05-04T13:52:50.9246464-04:00,2025-05-04T17:52:50.9246464Z,LineDrive,v3,471300,471426,04 May 2025 13:00-stjosephs@georgemas,"Primrose, Blake",10091373,Right,STJ_HAW,1e2e325a-9982-4565-b156-0f44e09a45ab,53.91578,-132.80627,13.09783,5.40529,-2.68612,-9.19898,2.72925,-6.99521,4.50426,222.897254,0.86581,99.23572,-21.7878,5.17906,-1.31687,0.37837,-0.09646,0.01503,-0.00096,2.78566,52.45531,-16.65977,0.52713,0.21157,-0.15763,0.05145,-0.00769,0.00042,0.61343,34.96128,2.39585,-1.40732,0.45851,-0.12516,0.02785,-0.00386,0.00023,,,,,,,,,,,,,,,,,,,,,,,High,High,High,High,High,,,
175,2025-05-04,13:55:44.28,1,1,"Stewart, Owen",10069636,Right,GEO_PAT,"Primrose, Blake",10091373,Right,STJ_HAW,Undefined,7,Top,0,0,0,Fastball,Four-Seam,InPlay,Undefined,LineDrive,Single,0,0,,90.41043,-2.451825,-1.377238,2374.630805,205.699836,12:45,5.96045,1.23085,6.06143,-18.80828,14.69265,6.63004,2.12169,0.50837,83.95438,-5.971235,-0.183291,0.416581,104.42464,11.385992,-28.911301,3083.837024,92.02905,13.50128,-60.2542,197.54371,179.81483,-37.245917,1.665892,-3.77528,8.46693,-1.12756,50,5.75969,2.89476,-131.45784,-6.21802,-6.7051,23.9639,-17.1363,GEO_PAT,STJ_HAW,SpuhlerFieldMain,D1,A10,20250504-SpuhlerFieldMain-1,00ad0fd0-2911-11f0-84c1-cbb9d7630631,90.48042,13.55177,,6.45605,,,,2.06459,2.35387,-0.51983,40d32ed5-cd22-4191-9dae-36c451206e6c,2025-05-04,17:55:44.28,2025-05-04T13:55:44.2807296-04:00,2025-05-04T17:55:44.2807296Z,LineDrive,v3,471300,471426,04 May 2025 13:00-stjosephs@georgemas,"Barenz, Nick",1000218914,Right,GEO_PAT,7d1edbcd-d2bc-4906-bbcc-c15ffecc469d,54.4431,-132.26531,11.98195,5.95948,-5.64061,-8.56815,-1.2289,3.12069,-3.35255,,2.06459,131.4294,-32.06326,7.74156,-1.92984,0.47675,-0.11752,0.02378,-0.00262,2.35387,30.23568,-21.93204,2.31977,-0.44311,0.08168,-0.01166,0.00074,9E-05,-0.51983,-72.58679,-1.38577,2.16313,-0.87097,0.28633,-0.08329,0.01895,-0.00226,,,,,,,,,,,,,,,,,,,,,,,High,High,High,Medium,High,,,
176,2025-05-04,13:56:17.74,2,1,"Stewart, Owen",10069636,Right,GEO_PAT,"Dickinson, Tim",10075773,Left,STJ_HAW,Undefined,7,Top,0,0,0,Fastball,Four-Seam,BallCalled,Undefined,Undefined,Undefined,0,0,,90.09278,-3.522325,-3.823892,2349.788093,210.806888,1:00,6.06014,1.28697,6.39733,-18.86828,14.74757,8.21241,1.23692,-1.5508,83.39628,-7.070982,-2.340038,0.417295,,,,,,,,,,,,-5.26847,8.89721,-1.01584,50,5.79754,8.41766,-130.63215,-8.60375,-9.20275,24.71744,-16.63274,GEO_PAT,STJ_HAW,SpuhlerFieldMain,D1,A10,20250504-SpuhlerFieldMain-1,14a20270-2911-11f0-84c1-cbb9d7630631,90.32559,,,6.69649,,,,,,,40d32ed5-cd22-4191-9dae-36c451206e6c,2025-05-04,17:56:17.74,2025-05-04T13:56:17.7444864-04:00,2025-05-04T17:56:17.7444864Z,,v3,471300,471426,04 May 2025 13:00-stjosephs@georgemas,"Barenz, Nick",1000218914,Right,GEO_PAT,f141b81a-b470-46d9-aa1a-a3fef0db83ae,54.10692,-131.40694,12.35872,6.05906,-8.08239,-8.31637,-1.28422,8.70613,-4.60137,,,,,,,,,,,,,,,,,,,,,,,,,,,,,,,,,,,,,,,,,,,,,,,,,,,High,High,High,,,,,
177,2025-05-04,13:56:35.33,2,2,"Stewart, Owen",10069636,Right,GEO_PAT,"Dickinson, Tim",10075773,Left,STJ_HAW,Undefined,7,Top,0,1,0,Slider,Slider,FoulBallNotFieldable,Undefined,Undefined,Undefined,0,0,,84.48288,-0.459278,-0.758028,2429.406275,103.533844,9:30,5.8987,1.44217,5.72701,-36.12738,2.78555,-7.12658,2.46027,0.1422,78.43644,-7.074174,-2.034519,0.448971,87.09671,17.403012,-38.584602,4886.537925,78.016,23.43614,-77.54677,220.29173,205.41611,-51.213635,2.435617,3.46756,1.84043,-1.37433,50,5.83776,1.90814,-122.88882,-2.22477,5.3621,21.7949,-29.3281,GEO_PAT,STJ_HAW,SpuhlerFieldMain,D1,A10,20250504-SpuhlerFieldMain-1,1f20c6f0-2911-11f0-84c1-cbb9d7630631,83.95292,23.57102,,6.04644,,,,1.17071,2.45296,-0.11122,40d32ed5-cd22-4191-9dae-36c451206e6c,2025-05-04,17:56:35.33,2025-05-04T13:56:35.3329664-04:00,2025-05-04T17:56:35.3329664Z,LineDrive,v3,471300,471426,04 May 2025 13:00-stjosephs@georgemas,"Barenz, Nick",1000218914,Right,GEO_PAT,aa08fca7-28b5-45aa-865b-b3aff71b6714,54.77755,-123.73324,10.89745,5.90195,-1.08849,-14.66405,-1.44423,1.70039,2.68105,112.380887,1.17071,95.28284,-26.65615,7.04032,-1.66859,0.33536,-0.05612,0.00637,-0.00031,2.45296,38.20654,-18.30731,0.8677,0.10956,-0.07675,0.0222,-0.00316,0.0002,-0.11122,-76.0219,0.69517,1.69029,-0.78866,0.24531,-0.05646,0.00839,-0.0006,,,,,,,,,,,,,,,,,,,,,,,High,High,High,High,Medium,,,
178,2025-05-04,13:56:58.45,2,3,"Stewart, Owen",10069636,Right,GEO_PAT,"Dickinson, Tim",10075773,Left,STJ_HAW,Undefined,7,Top,0,1,1,Slider,Slider,StrikeSwinging,Undefined,Undefined,Undefined,0,0,,79.51791,-0.457286,-0.781844,2539.420823,79.934774,8:45,5.88542,1.43398,5.51824,-46.46652,-1.03469,-14.8293,1.58558,-0.53291,72.33117,-8.950022,-3.429901,0.485123,,,,,,,,,,,,7.30197,0.01929,-1.35539,50,5.8143,2.1497,-115.34787,-2.4786,9.67375,24.79383,-32.14847,GEO_PAT,STJ_HAW,SpuhlerFieldMain,D1,A10,20250504-SpuhlerFieldMain-1,2cefa0d0-2911-11f0-84c1-cbb9d7630631,77.69674,,,7.18674,,,,,,,40d32ed5-cd22-4191-9dae-36c451206e6c,2025-05-04,17:56:58.45,2025-05-04T13:56:58.4552960-04:00,2025-05-04T17:56:58.4552960Z,,v3,471300,471426,04 May 2025 13:00-stjosephs@georgemas,"Barenz, Nick",1000218914,Right,GEO_PAT,3d0f5469-5873-4f8e-b041-dd2d08afa34e,54.98487,-116.41443,12.39691,5.89118,-1.09566,-16.07424,-1.43892,1.73357,4.83688,,,,,,,,,,,,,,,,,,,,,,,,,,,,,,,,,,,,,,,,,,,,,,,,,,,High,High,High,,,,,
179,2025-05-04,13:57:14.67,2,4,"Stewart, Owen",10069636,Right,GEO_PAT,"Dickinson, Tim",10075773,Left,STJ_HAW,Undefined,7,Top,0,1,2,Slider,Slider,BallCalled,Undefined,Undefined,Undefined,0,0,,79.85065,-2.059456,-0.849138,2541.893745,75.432511,8:30,5.94133,1.52377,5.34417,-45.55904,-0.44272,-7.50489,0.21172,0.10173,73.28213,-10.311138,-2.18677,0.483435,,,,,,,,,,,,3.56209,0.74606,-1.44146,50,5.72255,2.009,-115.79991,-5.72887,4.78977,23.58785,-31.17086,GEO_PAT,STJ_HAW,SpuhlerFieldMain,D1,A10,20250504-SpuhlerFieldMain-1,3696a2f0-2911-11f0-84c1-cbb9d7630631,77.96794,,,6.56852,,,,,,,40d32ed5-cd22-4191-9dae-36c451206e6c,2025-05-04,17:57:14.67,2025-05-04T13:57:14.6782720-04:00,2025-05-04T17:57:14.6782720Z,,v3,471300,471426,04 May 2025 13:00-stjosephs@georgemas,"Barenz, Nick",1000218914,Right,GEO_PAT,f44c0a90-4b92-4f9e-a436-a6892b723a87,55.15973,-116.84619,11.79392,5.946,-4.34623,-15.58543,-1.52587,1.79654,2.39489,,,,,,,,,,,,,,,,,,,,,,,,,,,,,,,,,,,,,,,,,,,,,,,,,,,High,High,High,,,,,
180,2025-05-04,13:57:33.72,2,5,"Stewart, Owen",10069636,Right,GEO_PAT,"Dickinson, Tim",10075773,Left,STJ_HAW,Undefined,7,Top,0,2,2,Cutter,Slider,BallCalled,Undefined,Undefined,Undefined,0,0,,85.66814,-2.833741,-1.803364,2450.183583,117.389881,10:00,6.00467,1.36558,5.72827,-33.32494,5.20343,-7.64433,0.58479,-0.95164,78.6928,-8.933796,-3.172634,0.446747,,,,,,,,,,,,3.4391,3.78201,-1.20999,50,5.74707,4.21182,-124.24526,-7.2816,5.34679,26.14719,-26.29414,GEO_PAT,STJ_HAW,SpuhlerFieldMain,D1,A10,20250504-SpuhlerFieldMain-1,41f455c0-2911-11f0-84c1-cbb9d7630631,84.37087,,,6.97534,,,,,,,40d32ed5-cd22-4191-9dae-36c451206e6c,2025-05-04,17:57:33.72,2025-05-04T13:57:33.7299456-04:00,2025-05-04T17:57:33.7299456Z,,v3,471300,471426,04 May 2025 13:00-stjosephs@georgemas,"Barenz, Nick",1000218914,Right,GEO_PAT,d31ac653-08ee-435b-ab68-18b95f2dbc9b,54.77615,-125.24636,13.0736,6.00658,-6.27488,-13.14707,-1.36733,4.00711,2.6734,,,,,,,,,,,,,,,,,,,,,,,,,,,,,,,,,,,,,,,,,,,,,,,,,,,High,High,High,,,,,
181,2025-05-04,13:57:52.30,2,6,"Stewart, Owen",10069636,Right,GEO_PAT,"Dickinson, Tim",10075773,Left,STJ_HAW,Undefined,7,Top,0,3,2,Fastball,Four-Seam,BallCalled,Walk,Undefined,Undefined,0,0,,89.70055,-3.156396,-3.752829,2339.725825,213.894082,1:15,5.98391,1.51204,6.46887,-18.41481,15.85328,9.88032,1.54112,-1.11639,81.83142,-6.665765,-1.964935,0.421324,,,,,,,,,,,,-6.28693,9.56949,-1.2512,50,5.75225,8.14266,-129.95888,-7.68258,-10.70486,28.35187,-15.87999,GEO_PAT,STJ_HAW,SpuhlerFieldMain,D1,A10,20250504-SpuhlerFieldMain-1,4d0213d0-2911-11f0-84c1-cbb9d7630631,89.46186,,,7.86913,,,,,,,40d32ed5-cd22-4191-9dae-36c451206e6c,2025-05-04,17:57:52.30,2025-05-04T13:57:52.3060736-04:00,2025-05-04T17:57:52.3060736Z,,v3,471300,471426,04 May 2025 13:00-stjosephs@georgemas,"Barenz, Nick",1000218914,Right,GEO_PAT,f17d7f99-40d9-42e0-affe-d97f7f59cdb8,54.03354,-130.83588,14.17594,5.9823,-7.19137,-7.94,-1.5082,8.47379,-5.35243,,,,,,,,,,,,,,,,,,,,,,,,,,,,,,,,,,,,,,,,,,,,,,,,,,,High,High,High,,,,,
182,2025-05-04,13:58:20.80,3,1,"Stewart, Owen",10069636,Right,GEO_PAT,"Duda, Aidan",10915287,Right,STJ_HAW,Undefined,7,Top,0,0,0,Slider,Slider,BallCalled,Undefined,Undefined,Undefined,0,0,,86.14016,-2.225986,-3.062259,2401.433739,151.673338,11:00,6.04166,1.49912,5.94103,-32.18218,5.62181,-2.3761,1.29081,-1.5424,79.03697,-8.155045,-3.488653,0.442527,,,,,,,,,,,,0.34201,3.87673,-1.25332,50,5.8456,6.77542,-124.88995,-5.92655,0.5381,26.0434,-26.07434,GEO_PAT,STJ_HAW,SpuhlerFieldMain,D1,A10,20250504-SpuhlerFieldMain-1,5e03de20-2911-11f0-84c1-cbb9d7630631,85.17538,,,7.10319,,,,,,,40d32ed5-cd22-4191-9dae-36c451206e6c,2025-05-04,17:58:20.80,2025-05-04T13:58:20.8024576-04:00,2025-05-04T17:58:20.8024576Z,,v3,471300,471426,04 May 2025 13:00-stjosephs@georgemas,"Barenz, Nick",1000218914,Right,GEO_PAT,d01e62ad-f619-435e-9770-cc5df531bcb5,54.56158,-125.83758,13.0217,6.04398,-4.97779,-13.03717,-1.4995,6.75584,0.26905,,,,,,,,,,,,,,,,,,,,,,,,,,,,,,,,,,,,,,,,,,,,,,,,,,,High,High,High,,,,,
183,2025-05-04,13:59:25.22,3,2,"Stewart, Owen",10069636,Right,GEO_PAT,"Duda, Aidan",10915287,Right,STJ_HAW,Undefined,7,Top,0,1,0,Fastball,Four-Seam,BallCalled,Undefined,Undefined,Undefined,0,0,,88.77316,-3.222463,-3.516918,2235.940318,213.843556,1:15,5.91059,1.68869,6.48349,-21.94048,12.88812,7.89367,1.11459,-0.88685,81.41707,-7.355809,-2.087015,0.424756,,,,,,,,,,,,-5.14351,7.99819,-1.4446,50,5.67365,7.61074,-128.68823,-7.887,-8.62043,26.84621,-18.76916,GEO_PAT,STJ_HAW,SpuhlerFieldMain,D1,A10,20250504-SpuhlerFieldMain-1,84666010-2911-11f0-84c1-cbb9d7630631,88.73906,,,7.35609,,,,,,,40d32ed5-cd22-4191-9dae-36c451206e6c,2025-05-04,17:59:25.22,2025-05-04T13:59:25.2285440-04:00,2025-05-04T17:59:25.2285440Z,,v3,471300,471426,04 May 2025 13:00-stjosephs@georgemas,"Barenz, Nick",1000218914,Right,GEO_PAT,20cf1d54-caf7-43c3-ad00-ee88a00f8418,54.01941,-129.52402,13.4231,5.9101,-7.30266,-9.38458,-1.68572,7.87911,-4.31021,,,,,,,,,,,,,,,,,,,,,,,,,,,,,,,,,,,,,,,,,,,,,,,,,,,High,High,High,,,,,
184,2025-05-04,13:59:40.64,3,3,"Stewart, Owen",10069636,Right,GEO_PAT,"Duda, Aidan",10915287,Right,STJ_HAW,Undefined,7,Top,0,2,0,Fastball,Four-Seam,BallCalled,Undefined,Undefined,Undefined,0,0,,88.86202,-3.538026,-2.858818,2360.571275,206.329546,1:00,5.88393,1.43808,6.39897,-19.71525,14.83922,6.83949,0.97891,-0.62337,82.1714,-7.245133,-1.620852,0.423081,,,,,,,,,,,,-4.35221,8.99563,-1.23602,50,5.62021,6.18681,-128.96028,-8.54869,-7.38979,24.74598,-16.90005,GEO_PAT,STJ_HAW,SpuhlerFieldMain,D1,A10,20250504-SpuhlerFieldMain-1,8d99dfe0-2911-11f0-84c1-cbb9d7630631,89.09033,,,6.69063,,,,,,,40d32ed5-cd22-4191-9dae-36c451206e6c,2025-05-04,17:59:40.64,2025-05-04T13:59:40.6465024-04:00,2025-05-04T17:59:40.6465024Z,,v3,471300,471426,04 May 2025 13:00-stjosephs@georgemas,"Barenz, Nick",1000218914,Right,GEO_PAT,bbb16ea2-cf31-4e40-86af-7234054d927c,54.10584,-129.74575,12.37299,5.88305,-8.01227,-8.45002,-1.43612,6.42138,-3.6949,,,,,,,,,,,,,,,,,,,,,,,,,,,,,,,,,,,,,,,,,,,,,,,,,,,High,High,High,,,,,
185,2025-05-04,13:59:56.68,3,4,"Stewart, Owen",10069636,Right,GEO_PAT,"Duda, Aidan",10915287,Right,STJ_HAW,Undefined,7,Top,0,3,0,Fastball,Four-Seam,StrikeCalled,Undefined,Undefined,Undefined,0,0,,89.36657,-1.399986,-2.559206,2286.410492,209.356922,1:00,5.95704,1.45789,6.12445,-21.33647,13.28387,6.87012,2.8832,-0.33711,81.9566,-5.413583,-1.322079,0.423484,,,,,,,,,,,,-4.24831,7.57174,-1.26541,50,5.83856,5.52101,-129.77024,-3.83104,-7.26269,26.51668,-19.22979,GEO_PAT,STJ_HAW,SpuhlerFieldMain,D1,A10,20250504-SpuhlerFieldMain-1,9726a340-2911-11f0-84c1-cbb9d7630631,89.00559,,,7.40997,,,,,,,40d32ed5-cd22-4191-9dae-36c451206e6c,2025-05-04,17:59:56.68,2025-05-04T13:59:56.6871552-04:00,2025-05-04T17:59:56.6871552Z,,v3,471300,471426,04 May 2025 13:00-stjosephs@georgemas,"Barenz, Nick",1000218914,Right,GEO_PAT,4eaaf230-1c18-4ffe-a293-f71d20e42184,54.37778,-130.66171,13.25834,5.95649,-3.18455,-9.6149,-1.45513,5.76518,-3.63135,,,,,,,,,,,,,,,,,,,,,,,,,,,,,,,,,,,,,,,,,,,,,,,,,,,High,High,High,,,,,
186,2025-05-04,14:00:15.32,3,5,"Stewart, Owen",10069636,Right,GEO_PAT,"Duda, Aidan",10915287,Right,STJ_HAW,Undefined,7,Top,0,3,1,Fastball,Four-Seam,StrikeSwinging,Undefined,Undefined,Undefined,0,0,,89.80243,-2.530408,-2.774992,2340.745817,196.436889,12:30,5.95162,1.54079,6.4434,-21.92966,12.16701,3.2624,1.79468,-0.73932,82.12053,-6.667008,-2.184038,0.420269,,,,,,,,,,,,-2.50957,7.42933,-1.34508,50,5.76175,6.18838,-130.29574,-6.4073,-4.29974,28.23251,-19.44508,GEO_PAT,STJ_HAW,SpuhlerFieldMain,D1,A10,20250504-SpuhlerFieldMain-1,a251d460-2911-11f0-84c1-cbb9d7630631,89.68647,,,7.6819,,,,,,,40d32ed5-cd22-4191-9dae-36c451206e6c,2025-05-04,18:00:15.32,2025-05-04T14:00:15.3215488-04:00,2025-05-04T18:00:15.3215488Z,,v3,471300,471426,04 May 2025 13:00-stjosephs@georgemas,"Barenz, Nick",1000218914,Right,GEO_PAT,a72b8792-9d7d-4b76-bae1-33807ee810f4,54.05853,-131.1722,14.11626,5.95129,-5.80365,-9.72254,-1.53927,6.32186,-2.14987,,,,,,,,,,,,,,,,,,,,,,,,,,,,,,,,,,,,,,,,,,,,,,,,,,,High,High,High,,,,,
187,2025-05-04,14:00:34.16,3,6,"Stewart, Owen",10069636,Right,GEO_PAT,"Duda, Aidan",10915287,Right,STJ_HAW,Undefined,7,Top,0,3,2,Fastball,Four-Seam,BallCalled,Walk,Undefined,Undefined,0,0,,88.93682,-1.680517,-1.148632,2311.333542,194.762522,12:30,6.02237,1.79821,6.27136,-19.0732,15.53627,3.82122,2.88288,1.05756,81.83507,-5.290549,-0.457859,0.423418,,,,,,,,,,,,-2.30039,8.84989,-1.71508,50,5.88854,2.44383,-129.30529,-4.34437,-3.9154,25.61954,-17.11096,GEO_PAT,STJ_HAW,SpuhlerFieldMain,D1,A10,20250504-SpuhlerFieldMain-1,ad7d2c90-2911-11f0-84c1-cbb9d7630631,89.01951,,,7.10175,,,,,,,40d32ed5-cd22-4191-9dae-36c451206e6c,2025-05-04,18:00:34.16,2025-05-04T14:00:34.1653504-04:00,2025-05-04T18:00:34.1653504Z,,v3,471300,471426,04 May 2025 13:00-stjosephs@georgemas,"Barenz, Nick",1000218914,Right,GEO_PAT,540b0f50-aa60-44ab-971f-c039e5238448,54.23179,-130.14104,12.80977,6.02116,-3.78618,-8.55548,-1.79689,2.57156,-1.9577,,,,,,,,,,,,,,,,,,,,,,,,,,,,,,,,,,,,,,,,,,,,,,,,,,,High,High,High,,,,,
188,2025-05-04,14:01:07.31,4,1,"Stewart, Owen",10069636,Right,GEO_PAT,"Bergmann, Dean",1000123131,Right,STJ_HAW,Undefined,7,Top,0,0,0,Slider,Slider,BallCalled,Undefined,Undefined,Undefined,0,0,,80.35253,-0.803471,-3.399038,2560.557423,103.279048,9:30,5.92926,1.616,5.33411,-40.28526,4.71563,-13.26127,1.8169,-2.68208,73.011,-8.156418,-5.747315,0.482816,,,,,,,,,,,,5.53902,3.09977,-1.29875,50,5.82795,7.44811,-116.25834,-3.01183,7.45818,25.08738,-28.00026,GEO_PAT,STJ_HAW,SpuhlerFieldMain,D1,A10,20250504-SpuhlerFieldMain-1,c14fca20-2911-11f0-84c1-cbb9d7630631,78.06785,,,7.34153,,,,,,,40d32ed5-cd22-4191-9dae-36c451206e6c,2025-05-04,18:01:07.31,2025-05-04T14:01:07.3139200-04:00,2025-05-04T18:01:07.3139200Z,,v3,471300,471426,04 May 2025 13:00-stjosephs@georgemas,"Barenz, Nick",1000218914,Right,GEO_PAT,4226aacf-8e71-4bbc-b451-67848ff95e5a,55.16611,-117.36784,12.54369,5.93376,-1.7735,-14.00013,-1.62086,7.11827,3.72909,,,,,,,,,,,,,,,,,,,,,,,,,,,,,,,,,,,,,,,,,,,,,,,,,,,High,High,High,,,,,
189,2025-05-04,14:01:22.24,4,2,"Stewart, Owen",10069636,Right,GEO_PAT,"Bergmann, Dean",1000123131,Right,STJ_HAW,Undefined,7,Top,0,1,0,Fastball,Four-Seam,BallCalled,Undefined,Undefined,Undefined,0,0,,90.22261,-3.221223,-3.833836,2370.608087,216.324821,1:15,5.92594,1.37404,6.5796,-18.11513,15.40674,10.55245,1.45424,-1.2657,82.8193,-6.667362,-1.920433,0.416712,,,,,,,,,,,,-6.63571,9.31658,-1.11497,50,5.69642,8.36979,-130.80679,-7.86852,-11.52191,27.03336,-15.99719,GEO_PAT,STJ_HAW,SpuhlerFieldMain,D1,A10,20250504-SpuhlerFieldMain-1,ca20dea0-2911-11f0-84c1-cbb9d7630631,90.4521,,,7.40331,,,,,,,40d32ed5-cd22-4191-9dae-36c451206e6c,2025-05-04,18:01:22.24,2025-05-04T14:01:22.2481408-04:00,2025-05-04T18:01:22.2481408Z,,v3,471300,471426,04 May 2025 13:00-stjosephs@georgemas,"Barenz, Nick",1000218914,Right,GEO_PAT,5e35dccf-709a-4e67-9201-5bdf2eb7fb39,53.92414,-131.61527,13.51668,5.92459,-7.3901,-7.9986,-1.37044,8.71438,-5.76095,,,,,,,,,,,,,,,,,,,,,,,,,,,,,,,,,,,,,,,,,,,,,,,,,,,High,High,High,,,,,
190,2025-05-04,14:01:38.78,4,3,"Stewart, Owen",10069636,Right,GEO_PAT,"Bergmann, Dean",1000123131,Right,STJ_HAW,Undefined,7,Top,0,2,0,Fastball,Four-Seam,StrikeCalled,Undefined,Undefined,Undefined,0,0,,90.80377,-2.587251,-3.635745,2371.659278,209.719543,1:00,5.9325,1.33523,6.25247,-17.50351,15.94221,8.50654,2.08135,-1.31345,83.33455,-5.906418,-2.102898,0.416238,,,,,,,,,,,,-5.39677,9.29315,-1.06878,50,5.73095,8.02201,-131.67162,-6.4651,-9.50844,27.02037,-15.80058,GEO_PAT,STJ_HAW,SpuhlerFieldMain,D1,A10,20250504-SpuhlerFieldMain-1,d4055ef0-2911-11f0-84c1-cbb9d7630631,90.55502,,,7.46922,,,,,,,40d32ed5-cd22-4191-9dae-36c451206e6c,2025-05-04,18:01:38.78,2025-05-04T14:01:38.7891200-04:00,2025-05-04T18:01:38.7891200Z,,v3,471300,471426,04 May 2025 13:00-stjosephs@georgemas,"Barenz, Nick",1000218914,Right,GEO_PAT,8dafe27a-31c8-4e88-a7d8-a57c57fdf943,54.25004,-132.54091,13.51018,5.93077,-5.95677,-7.90029,-1.33178,8.32791,-4.75422,,,,,,,,,,,,,,,,,,,,,,,,,,,,,,,,,,,,,,,,,,,,,,,,,,,High,High,High,,,,,
191,2025-05-04,14:01:54.62,4,4,"Stewart, Owen",10069636,Right,GEO_PAT,"Bergmann, Dean",1000123131,Right,STJ_HAW,Undefined,7,Top,0,2,1,Fastball,Four-Seam,FoulBallNotFieldable,Undefined,Undefined,Undefined,0,0,,90.33527,-2.158812,-3.10442,2390.685841,203.787235,12:45,5.99941,1.57788,6.0942,-19.10733,14.78036,6.06233,2.40633,-0.79135,83.07352,-5.755486,-2.014378,0.418979,82.8588,44.149217,81.084956,4794.092684,,,,,88.47284,,,-3.95441,8.51937,-1.34159,50,5.82253,6.86183,-131.09372,-5.53204,-6.91873,26.31128,-17.26839,GEO_PAT,STJ_HAW,SpuhlerFieldMain,D1,A10,20250504-SpuhlerFieldMain-1,dd74af40-2911-11f0-84c1-cbb9d7630631,89.96256,74.90274,,7.26174,,,,1.71233,2.27709,0.0854,40d32ed5-cd22-4191-9dae-36c451206e6c,2025-05-04,18:01:54.62,2025-05-04T14:01:54.6276864-04:00,2025-05-04T18:01:54.6276864Z,,v3,471300,471426,04 May 2025 13:00-stjosephs@georgemas,"Barenz, Nick",1000218914,Right,GEO_PAT,ee3a1e01-89fc-4e99-93f1-718ea0b0f754,54.40852,-131.97557,13.15564,5.99824,-4.95327,-8.63419,-1.57546,7.09371,-3.45936,,1.71232,13.51561,-12.50875,4.32982,-1.82009,1.1716,-0.51158,0.0542,0.01922,2.2771,84.64536,-22.79901,1.88154,0.06961,-0.41891,0.24828,-0.04698,-0.00296,0.08539,86.14572,-14.89793,3.4331,-0.88511,0.37198,-0.11949,-0.00803,0.01136,,,,,,,,,,,,,,,,,,,,,,,High,High,High,Medium,Undefined,,,
192,2025-05-04,14:02:17.13,4,5,"Stewart, Owen",10069636,Right,GEO_PAT,"Bergmann, Dean",1000123131,Right,STJ_HAW,Undefined,7,Top,0,2,2,Slider,Slider,BallCalled,Undefined,Undefined,Undefined,0,0,,80.41837,-0.589806,-3.973073,2495.744319,103.034053,9:30,5.89977,1.67004,5.44295,-41.06455,3.3204,-8.09264,1.9241,-2.73061,73.64922,-8.074293,-5.407817,0.479501,,,,,,,,,,,,2.9011,2.27303,-1.31233,50,5.81922,8.40929,-116.42698,-2.59499,3.9549,23.2531,-29.0754,GEO_PAT,STJ_HAW,SpuhlerFieldMain,D1,A10,20250504-SpuhlerFieldMain-1,eae95b30-2911-11f0-84c1-cbb9d7630631,78.60768,,,6.76915,,,,,,,40d32ed5-cd22-4191-9dae-36c451206e6c,2025-05-04,18:02:17.13,2025-05-04T14:02:17.1306496-04:00,2025-05-04T18:02:17.1306496Z,,v3,471300,471426,04 May 2025 13:00-stjosephs@georgemas,"Barenz, Nick",1000218914,Right,GEO_PAT,5d9812ba-f017-4776-84ac-4d4201640c55,55.05886,-117.43301,11.62655,5.90428,-1.33707,-14.5377,-1.67245,8.23819,1.97745,,,,,,,,,,,,,,,,,,,,,,,,,,,,,,,,,,,,,,,,,,,,,,,,,,,High,High,High,,,,,
193,2025-05-04,14:02:35.84,4,6,"Stewart, Owen",10069636,Right,GEO_PAT,"Bergmann, Dean",1000123131,Right,STJ_HAW,Undefined,7,Top,0,3,2,Fastball,Four-Seam,InPlay,Undefined,GroundBall,Out,2,1,,91.1812,-2.544524,-2.613584,2345.525983,187.005376,12:15,6.05698,1.32734,6.11368,-17.26458,16.01591,1.84232,2.26142,-0.93751,83.75919,-5.808214,-2.282048,0.415208,71.66253,9.211058,11.78331,1338.532259,,,,127.10112,126.00657,14.732435,1.440234,-1.65957,9.28815,-1.12764,50,5.85232,5.96544,-132.3313,-6.40184,-2.95287,27.33075,-15.64747,GEO_PAT,STJ_HAW,SpuhlerFieldMain,D1,A10,20250504-SpuhlerFieldMain-1,f5fc7070-2911-11f0-84c1-cbb9d7630631,90.77956,7.79388,,7.42201,,,,2.07542,2.33867,0.90271,40d32ed5-cd22-4191-9dae-36c451206e6c,2025-05-04,18:02:35.84,2025-05-04T14:02:35.8410240-04:00,2025-05-04T18:02:35.8410240Z,GroundBall,v3,471300,471426,04 May 2025 13:00-stjosephs@georgemas,"Barenz, Nick",1000218914,Right,GEO_PAT,e2644e31-6f63-49ca-b774-78f8dff342e6,54.38935,-133.23476,13.66537,6.05539,-5.88459,-7.82373,-1.32645,6.06305,-1.47643,218.145519,2.07542,101.56331,-16.04239,3.39209,-0.6645,0.11355,-0.01758,0.00226,-0.00011,2.33867,16.82423,-13.02545,0.00678,0.14267,-0.04372,0.01186,-0.00167,8E-05,0.90271,21.18674,1.14655,-0.76897,0.26604,-0.06924,0.01558,-0.00266,0.00024,,,,,,,,,,,,,,,,,,,,,,,High,High,High,High,High,,,
194,2025-05-04,14:04:08.59,5,1,"Stewart, Owen",10069636,Right,GEO_PAT,"Gale, Joe",10139876,Right,STJ_HAW,Undefined,7,Top,2,0,0,Fastball,Slider,InPlay,Undefined,LineDrive,Out,1,0,,86.56474,-1.178616,-1.786144,2326.057725,151.104153,11:00,6.08805,1.45482,5.82198,-32.1864,5.00146,-2.15473,2.30934,-0.38596,79.8949,-7.100201,-2.172503,0.438906,92.2048,21.563914,25.311011,4372.58832,94.67487,37.85971,56.00584,265.22737,252.41897,39.676691,3.645413,0.63709,3.18788,-1.30732,50,5.97231,4.00907,-125.77301,-3.68897,1.02572,24.28704,-27.04151,GEO_PAT,STJ_HAW,SpuhlerFieldMain,D1,A10,20250504-SpuhlerFieldMain-1,2d4f0970-2912-11f0-84c1-cbb9d7630631,85.87807,43.78245,,6.66984,,,,0.68566,2.22732,0.3541,40d32ed5-cd22-4191-9dae-36c451206e6c,2025-05-04,18:04:08.59,2025-05-04T14:04:08.5935104-04:00,2025-05-04T18:04:08.5935104Z,LineDrive,v3,471300,471426,04 May 2025 13:00-stjosephs@georgemas,"Barenz, Nick",1000218914,Right,GEO_PAT,cb52ec50-c26f-41ef-8b1a-392fcbafa021,54.68143,-126.67378,12.14352,6.09053,-2.68604,-13.52076,-1.4553,3.97103,0.51286,226.427336,0.68585,113.68302,-29.60405,6.77809,-1.21949,0.1009,0.01573,-0.00569,0.00052,2.22718,49.71193,-15.79184,0.65955,-0.19106,0.13144,-0.04842,0.00934,-0.00073,0.35409,53.77467,-0.06627,-1.52943,0.4569,-0.05872,-0.00072,0.00107,-8E-05,,,,,,,,,,,,,,,,,,,,,,,High,High,High,High,High,,,
195,2025-05-04,14:06:21.58,1,1,"Book, Colton",10038706,Left,STJ_HAW,"Alberti, Lucas",1000145512,Right,GEO_PAT,Undefined,7,Bottom,0,0,0,Slider,Slider,BallCalled,Undefined,Undefined,Undefined,0,0,,80.3773,0.746513,1.06654,1804.214937,218.590362,1:15,5.18339,-3.00333,6.16895,-33.73644,8.81367,6.03319,3.06174,-1.51529,73.98426,-5.541864,2.154752,0.469485,,,,,,,,,,,,-2.83079,4.76555,2.91958,50,5.22276,-2.39757,-116.85668,0.52784,-3.93385,20.99103,-25.55155,GEO_PAT,STJ_HAW,SpuhlerFieldMain,D1,A10,20250504-SpuhlerFieldMain-1,7c847110-2912-11f0-84c1-cbb9d7630631,80.28462,,,6.39304,,,,,,,40d32ed5-cd22-4191-9dae-36c451206e6c,2025-05-04,18:06:21.58,2025-05-04T14:06:21.5814656-04:00,2025-05-04T18:06:21.5814656Z,,v3,471300,471426,04 May 2025 13:00-stjosephs@georgemas,"Primrose, Blake",10091373,Right,STJ_HAW,1df0818e-bea0-4c56-8cc9-ad0f65d11bef,54.33267,-117.63239,10.49552,5.18581,1.47208,-12.77578,3.0055,-2.25219,-1.96693,,,,,,,,,,,,,,,,,,,,,,,,,,,,,,,,,,,,,,,,,,,,,,,,,,,High,High,High,,,,,
196,2025-05-04,14:06:40.76,1,2,"Book, Colton",10038706,Left,STJ_HAW,"Alberti, Lucas",1000145512,Right,GEO_PAT,Undefined,7,Bottom,0,1,0,Fastball,Four-Seam,FoulBallNotFieldable,Undefined,Undefined,Undefined,0,0,,87.75909,-1.451933,3.052861,2199.414857,154.472471,11:15,5.31431,-2.52544,6.82052,-21.39706,13.50245,-5.94634,2.20441,-0.23311,80.70538,-5.523598,1.968696,0.425188,93.73691,45.330229,38.355201,4642.322199,73.24557,97.44619,82.06722,268.24315,170.48651,59.627955,5.433053,3.98607,7.8843,2.33069,50,5.21245,-6.59219,-127.54866,-3.79486,6.5928,25.25276,-19.13378,GEO_PAT,STJ_HAW,SpuhlerFieldMain,D1,A10,20250504-SpuhlerFieldMain-1,8801e0e0-2912-11f0-84c1-cbb9d7630631,88.64886,111.99814,,7.05371,,,,1.26003,1.35279,-0.61325,40d32ed5-cd22-4191-9dae-36c451206e6c,2025-05-04,18:06:40.76,2025-05-04T14:06:40.7625216-04:00,2025-05-04T18:06:40.7625216Z,FlyBall,v3,471300,471426,04 May 2025 13:00-stjosephs@georgemas,"Primrose, Blake",10091373,Right,STJ_HAW,31edcdd1-91ec-443e-a7f2-c0db07409dc2,53.68271,-128.27571,12.62638,5.31378,-3.24398,-9.56689,2.52322,-6.782,3.2964,215.192781,1.32323,74.58971,-23.9573,1.82572,3.1464,-1.74428,0.41462,-0.04719,0.00209,1.34816,97.79978,-26.04012,1.81093,0.58613,-0.47941,0.14401,-0.02009,0.00106,-0.61881,60.04838,-3.87471,-0.67769,0.62659,-0.2643,0.06682,-0.00889,0.00047,,,,,,,,,,,,,,,,,,,,,,,High,High,High,Medium,Low,,,
197,2025-05-04,14:07:10.99,1,3,"Book, Colton",10038706,Left,STJ_HAW,"Alberti, Lucas",1000145512,Right,GEO_PAT,Undefined,7,Bottom,0,1,1,Fastball,Four-Seam,StrikeCalled,Undefined,Undefined,Undefined,0,0,,87.67672,-1.70947,3.876955,2095.220504,158.467433,11:15,5.2102,-2.57319,7.06422,-20.10989,14.48513,-5.31634,1.97802,0.50975,80.87332,-5.55315,2.904767,0.423329,,,,,,,,,,,,3.84721,8.52146,2.34108,50,5.1002,-8.44995,-127.37082,-4.29326,6.36743,24.32737,-18.07034,GEO_PAT,STJ_HAW,SpuhlerFieldMain,D1,A10,20250504-SpuhlerFieldMain-1,9a073880-2912-11f0-84c1-cbb9d7630631,89.03814,,,6.8034,,,,,,,40d32ed5-cd22-4191-9dae-36c451206e6c,2025-05-04,18:07:10.99,2025-05-04T14:07:10.9992448-04:00,2025-05-04T18:07:10.9992448Z,,v3,471300,471426,04 May 2025 13:00-stjosephs@georgemas,"Primrose, Blake",10091373,Right,STJ_HAW,644964f5-9015-4e91-bbc7-b62d77adc771,53.43875,-128.02592,12.16369,5.20927,-3.80665,-9.03517,2.57094,-8.62141,3.18371,,,,,,,,,,,,,,,,,,,,,,,,,,,,,,,,,,,,,,,,,,,,,,,,,,,High,High,High,,,,,
198,2025-05-04,14:07:33.05,1,4,"Book, Colton",10038706,Left,STJ_HAW,"Alberti, Lucas",1000145512,Right,GEO_PAT,Undefined,7,Bottom,0,1,2,ChangeUp,Slider,BallCalled,Undefined,Undefined,Undefined,0,0,,81.77972,0.156323,1.825752,1098.670393,119.096142,10:00,4.98346,-2.83723,6.83639,-34.25482,5.50359,-7.9491,2.27155,-1.83391,75.91263,-6.269137,0.373054,0.453822,,,,,,,,,,,,4.65898,3.24225,2.72263,50,4.98101,-3.53117,-119.08839,-0.59713,6.77472,20.17768,-27.45943,GEO_PAT,STJ_HAW,SpuhlerFieldMain,D1,A10,20250504-SpuhlerFieldMain-1,a714be30-2912-11f0-84c1-cbb9d7630631,83.05549,,,5.86709,,,,,,,40d32ed5-cd22-4191-9dae-36c451206e6c,2025-05-04,18:07:33.05,2025-05-04T14:07:33.0568192-04:00,2025-05-04T18:07:33.0568192Z,,v3,471300,471426,04 May 2025 13:00-stjosephs@georgemas,"Primrose, Blake",10091373,Right,STJ_HAW,1eee594d-a9fd-4037-8ecd-8e04a9456e05,53.66732,-119.70815,10.08884,4.9864,0.24628,-13.72972,2.83428,-3.73925,3.38736,,,,,,,,,,,,,,,,,,,,,,,,,,,,,,,,,,,,,,,,,,,,,,,,,,,High,High,High,,,,,
199,2025-05-04,14:07:54.68,1,5,"Book, Colton",10038706,Left,STJ_HAW,"Alberti, Lucas",1000145512,Right,GEO_PAT,Undefined,7,Bottom,0,2,2,Fastball,Four-Seam,InPlay,Undefined,GroundBall,Single,0,0,,88.7183,-0.849489,3.238469,2121.596865,163.004633,11:30,5.26164,-2.47093,7.01982,-20.96521,13.02674,-3.66103,2.74119,0.17042,81.2917,-4.862921,2.568886,0.419623,91.58349,-1.191997,-18.437129,2267.551821,,,,38.63486,36.51131,-18.227899,0.291702,2.86878,7.52863,2.27451,50,5.20257,-7.16977,-128.95265,-2.43913,4.8315,26.7645,-19.49453,GEO_PAT,STJ_HAW,SpuhlerFieldMain,D1,A10,20250504-SpuhlerFieldMain-1,b40d5c50-2912-11f0-84c1-cbb9d7630631,89.8245,2.80908,,7.42659,,,,1.55696,2.80908,-0.13412,40d32ed5-cd22-4191-9dae-36c451206e6c,2025-05-04,18:07:54.68,2025-05-04T14:07:54.6869760-04:00,2025-05-04T18:07:54.6869760Z,GroundBall,v3,471300,471426,04 May 2025 13:00-stjosephs@georgemas,"Primrose, Blake",10091373,Right,STJ_HAW,665a4cef-d98c-48d7-940f-390a387d74f1,53.48327,-129.67359,13.38225,5.2612,-1.91401,-9.74727,2.4694,-7.29992,2.41575,18.222805,1.56209,127.1653,-23.09571,,,,,,,2.81424,-3.03062,-22.74251,,,,,,,-0.13476,-42.44336,5.06867,,,,,,,,,,,,,,,,,,,,,,,,,,,,,High,High,High,High,High,,,
200,2025-05-04,14:09:25.27,2,1,"Book, Colton",10038706,Left,STJ_HAW,"Hueber, Toby",1000091691,Right,GEO_PAT,Undefined,7,Bottom,0,0,0,Fastball,Cutter,InPlay,Undefined,Bunt,Single,0,0,,84.0725,-0.092953,3.049231,1968.446454,154.762274,11:15,5.24241,-2.57732,6.94252,-26.5673,11.42386,-4.82725,2.94375,-0.20155,76.9729,-5.148777,2.16726,0.443622,,,,,,,,,,,,3.44945,6.47146,2.3888,50,5.22722,-6.34976,-122.20911,-0.86741,5.21099,24.331,-22.39784,GEO_PAT,STJ_HAW,SpuhlerFieldMain,D1,A10,20250504-SpuhlerFieldMain-1,ea0f3260-2912-11f0-84c1-cbb9d7630631,84.96527,,,7.0996,,,,,,,40d32ed5-cd22-4191-9dae-36c451206e6c,2025-05-04,18:09:25.27,2025-05-04T14:09:25.2791808-04:00,2025-05-04T18:09:25.2791808Z,,v3,471300,471426,04 May 2025 13:00-stjosephs@georgemas,"Primrose, Blake",10091373,Right,STJ_HAW,083ae6bd-2b46-4419-b07d-14f118290178,53.56052,-122.91594,12.1655,5.24297,-0.21674,-11.19892,2.57546,-6.50114,2.6055,,,,,,,,,,,,,,,,,,,,,,,,,,,,,,,,,,,,,,,,,,,,,,,,,,,High,High,High,,,,,
201,2025-05-04,14:10:09.07,3,1,"Book, Colton",10038706,Left,STJ_HAW,"Wall, Jonny",1000119703,Right,GEO_PAT,Undefined,7,Bottom,0,0,0,Slider,Cutter,InPlay,Undefined,Bunt,Error,0,1,,81.42984,-0.391154,3.520505,1863.945088,209.171673,1:00,5.07718,-3.02668,6.42345,-31.73628,9.45886,4.60197,2.07223,0.59717,75.0995,-6.31695,4.351869,0.461949,31.61565,-26.909914,-59.531527,,,,,7.25786,6.90498,-32.069539,0.101525,-1.4913,5.4013,2.77315,50,5.0346,-7.4333,-118.27026,-1.69755,-2.11964,21.82255,-24.49698,GEO_PAT,STJ_HAW,SpuhlerFieldMain,D1,A10,20250504-SpuhlerFieldMain-1,042a64d0-2913-11f0-84c1-cbb9d7630631,81.59431,2.16381,,6.33034,,,,3.98858,2.16381,-0.17898,40d32ed5-cd22-4191-9dae-36c451206e6c,2025-05-04,18:10:09.07,2025-05-04T14:10:09.0721280-04:00,2025-05-04T18:10:09.0721280Z,GroundBall,v3,471300,471426,04 May 2025 13:00-stjosephs@georgemas,"Primrose, Blake",10091373,Right,STJ_HAW,7d9328f1-63d2-4bc5-b050-04fd3799bd6b,54.08059,-119.02081,10.91128,5.07849,-0.85502,-12.24849,3.02755,-7.3604,-1.05982,180,3.98324,21.29283,,,,,,,,2.16915,-21.31308,,,,,,,,-0.16992,-36.19357,,,,,,,,,,,,,,,,,,,,,,,,,,,,,,High,High,High,Low,Low,,,
202,2025-05-04,14:12:06.49,4,1,"Book, Colton",10038706,Left,STJ_HAW,"Barenz, Nick",1000218914,Right,GEO_PAT,Undefined,7,Bottom,1,0,0,Fastball,Sinker,InPlay,Undefined,LineDrive,Double,0,2,,85.63531,-0.400524,2.99414,2088.335314,151.241465,11:00,5.26356,-2.77927,6.80219,-24.51348,12.33497,-6.1315,2.85473,-0.55513,78.30495,-5.065512,1.876657,0.436899,99.94799,17.632844,-10.861226,1432.685534,107.78319,31.65886,-21.97183,334.12193,334.12193,-14.128224,3.627789,4.1152,7.00563,2.58743,50,5.22824,-6.29497,-124.44272,-1.51021,6.44169,25.385,-21.20786,GEO_PAT,STJ_HAW,SpuhlerFieldMain,D1,A10,20250504-SpuhlerFieldMain-1,4a26f570-2913-11f0-84c1-cbb9d7630631,86.27269,40.2295,,7.33035,,,,1.26605,2.78831,0.62957,40d32ed5-cd22-4191-9dae-36c451206e6c,2025-05-04,18:12:06.49,2025-05-04T14:12:06.4978432-04:00,2025-05-04T18:12:06.4978432Z,LineDrive,v3,471300,471426,04 May 2025 13:00-stjosephs@georgemas,"Primrose, Blake",10091373,Right,STJ_HAW,30de98b2-fef4-4b2c-ade2-6bfcc02ba665,53.70044,-125.1953,12.6925,5.2637,-0.88147,-10.60393,2.77688,-6.48595,3.22084,160.498959,1.26628,137.19296,-23.79143,5.15025,-1.02913,0.15876,-0.01338,-0.00026,0.00011,2.78811,44.41074,-13.91726,0.53614,-0.1116,0.05586,-0.01977,0.0039,-0.00031,0.62953,-26.32306,1.05193,0.12013,-0.10251,0.0393,-0.01011,0.00158,-0.00011,,,,,,,,,,,,,,,,,,,,,,,High,High,High,High,High,,,
203,2025-05-04,14:16:03.45,5,1,"Book, Colton",10038706,Left,STJ_HAW,"Blanchard, Evan",10073877,Right,GEO_PAT,Undefined,7,Bottom,1,0,0,Curveball,Curveball,BallCalled,Undefined,Undefined,Undefined,0,0,,74.70991,3.187492,-0.307496,2154.926221,42.262369,7:30,5.83239,1.47038,4.61795,-61.34909,-8.12662,-9.06083,3.75373,0.42295,67.73172,-7.849131,-1.895859,0.525072,,,,,,,,,,,,4.31307,-4.41016,-1.42985,50,6.10366,0.95621,-108.09636,3.78366,5.04161,20.96829,-37.32912,GEO_PAT,STJ_HAW,SpuhlerFieldMain,D1,A10,20250504-SpuhlerFieldMain-1,d757ac50-2913-11f0-84c1-cbb9d7630631,71.78527,,,6.97819,,,,,,,40d32ed5-cd22-4191-9dae-36c451206e6c,2025-05-04,18:16:03.45,2025-05-04T14:16:03.4595840-04:00,2025-05-04T18:16:03.4595840Z,,v3,471300,471426,04 May 2025 13:00-stjosephs@georgemas,"Primrose, Blake",10091373,Right,STJ_HAW,c4e7ffc6-60e2-486b-9ba9-6f63d72ffa63,55.88514,-109.23198,10.48414,5.84399,5.80536,-18.66456,-1.47424,0.68317,2.5208,,,,,,,,,,,,,,,,,,,,,,,,,,,,,,,,,,,,,,,,,,,,,,,,,,,High,High,High,,,,,
204,2025-05-04,14:16:23.80,5,2,"Book, Colton",10038706,Left,STJ_HAW,"Blanchard, Evan",10073877,Right,GEO_PAT,Undefined,7,Bottom,0,1,0,Fastball,Four-Seam,BallCalled,Undefined,Undefined,Undefined,0,0,,89.4272,-0.140757,-2.331198,2138.730832,192.171464,12:30,6.11594,0.76179,5.97215,-19.3769,15.6865,3.13087,4.37058,-1.13984,81.15004,-3.82198,-1.769249,0.426185,,,,,,,,,,,,-2.2891,8.42981,-0.57875,50,6.09401,5.14754,-129.73794,-0.89866,-3.87663,28.76149,-17.89794,GEO_PAT,STJ_HAW,SpuhlerFieldMain,D1,A10,20250504-SpuhlerFieldMain-1,e36c04f0-2913-11f0-84c1-cbb9d7630631,88.44141,,,8.27716,,,,,,,40d32ed5-cd22-4191-9dae-36c451206e6c,2025-05-04,18:16:23.80,2025-05-04T14:16:23.8075904-04:00,2025-05-04T18:16:23.8075904Z,,v3,471300,471426,04 May 2025 13:00-stjosephs@georgemas,"Primrose, Blake",10091373,Right,STJ_HAW,ed150e21-347b-44e1-8799-81d0e642fa29,54.52728,-130.73773,14.38074,6.11443,-0.2765,-8.94897,-0.76003,5.2823,-1.93831,,,,,,,,,,,,,,,,,,,,,,,,,,,,,,,,,,,,,,,,,,,,,,,,,,,High,High,High,,,,,
205,2025-05-04,14:16:46.97,5,3,"Book, Colton",10038706,Left,STJ_HAW,"Blanchard, Evan",10073877,Right,GEO_PAT,Undefined,7,Bottom,0,2,0,Fastball,Four-Seam,InPlay,Undefined,Bunt,Single,0,0,,88.80276,-1.628476,-1.715811,2215.478286,193.962255,12:30,6.14123,0.69227,6.05819,-17.37001,18.16662,4.21036,3.18527,-0.54556,80.47125,-4.955965,-0.958202,0.429052,22.95854,0.752329,-46.514725,2200.479637,,,,17.79984,17.30026,-39.088529,0.492538,-2.70866,10.23733,-0.5612,50,6.0054,3.68783,-128.84621,-4.15004,-4.50692,29.3219,-15.14014,GEO_PAT,STJ_HAW,SpuhlerFieldMain,D1,A10,20250504-SpuhlerFieldMain-1,f14da380-2913-11f0-84c1-cbb9d7630631,87.85056,3.31219,,8.33151,,,,2.82079,3.30895,0.55064,40d32ed5-cd22-4191-9dae-36c451206e6c,2025-05-04,18:16:46.97,2025-05-04T14:16:46.9791232-04:00,2025-05-04T18:16:46.9791232Z,GroundBall,v3,471300,471426,04 May 2025 13:00-stjosephs@georgemas,"Primrose, Blake",10091373,Right,STJ_HAW,99eb0a79-68fe-4b0d-9eff-2f9b9b7a6946,54.44302,-129.85339,14.66095,6.13902,-3.63,-7.57007,-0.69053,3.84263,-2.25346,148.873038,2.82249,23.1231,-1.63771,,,,,,,3.31215,0.35845,-14.39463,,,,,,,0.54912,-24.38727,0.99265,,,,,,,,,,,,,,,,,,,,,,,,,,,,,High,High,High,High,High,,,
206,2025-05-04,14:17:31.79,6,1,"Book, Colton",10038706,Left,STJ_HAW,"Clyne, Owen",1000230336,Left,GEO_PAT,Undefined,7,Bottom,0,0,0,Slider,Slider,BallCalled,Undefined,Undefined,Undefined,0,0,,84.70858,-1.447967,-2.791569,2297.852851,187.939622,12:15,5.87712,1.19332,5.33694,-34.48246,5.26414,0.56398,1.64316,-1.38088,77.99537,-7.731268,-2.691481,0.453755,,,,,,,,,,,,-1.04173,3.39154,-0.94151,50,5.72137,5.96607,-122.84202,-4.35143,-1.59556,23.79538,-26.97932,GEO_PAT,STJ_HAW,SpuhlerFieldMain,D1,A10,20250504-SpuhlerFieldMain-1,0c0f9d40-2914-11f0-84c1-cbb9d7630631,83.06785,,,6.71321,,,,,,,40d32ed5-cd22-4191-9dae-36c451206e6c,2025-05-04,18:17:31.79,2025-05-04T14:17:31.7915648-04:00,2025-05-04T18:17:31.7915648Z,,v3,471300,471426,04 May 2025 13:00-stjosephs@georgemas,"Primrose, Blake",10091373,Right,STJ_HAW,3e926386-7a9c-485c-9207-7899e9026ce5,55.16571,-123.83861,11.89769,5.87995,-3.22149,-13.48966,-1.19278,6.0329,-0.79778,,,,,,,,,,,,,,,,,,,,,,,,,,,,,,,,,,,,,,,,,,,,,,,,,,,High,High,High,,,,,
207,2025-05-04,14:17:51.25,6,2,"Book, Colton",10038706,Left,STJ_HAW,"Clyne, Owen",1000230336,Left,GEO_PAT,Undefined,7,Bottom,0,1,0,Fastball,Four-Seam,StrikeCalled,Undefined,Undefined,Undefined,0,0,,90.51519,-2.245121,-0.569186,2172.20406,201.530319,12:45,6.10131,0.92364,5.81085,-16.74934,17.42966,6.45032,2.6165,0.93183,82.88203,-5.41403,0.587033,0.420776,,,,,,,,,,,,-3.44122,9.83615,-0.88079,50,5.90713,1.02502,-131.40275,-5.65973,-6.02518,27.47923,-14.9522,GEO_PAT,STJ_HAW,SpuhlerFieldMain,D1,A10,20250504-SpuhlerFieldMain-1,1789d8c0-2914-11f0-84c1-cbb9d7630631,89.57841,,,7.63316,,,,,,,40d32ed5-cd22-4191-9dae-36c451206e6c,2025-05-04,18:17:51.25,2025-05-04T14:17:51.2579072-04:00,2025-05-04T18:17:51.2579072Z,,v3,471300,471426,04 May 2025 13:00-stjosephs@georgemas,"Primrose, Blake",10091373,Right,STJ_HAW,afe14869-8c71-4204-9562-476c5e1a595f,54.69028,-132.37996,13.73961,6.09894,-5.12801,-7.4761,-0.92105,1.23928,-3.01259,,,,,,,,,,,,,,,,,,,,,,,,,,,,,,,,,,,,,,,,,,,,,,,,,,,High,High,High,,,,,
208,2025-05-04,14:18:13.53,6,3,"Book, Colton",10038706,Left,STJ_HAW,"Clyne, Owen",1000230336,Left,GEO_PAT,Undefined,7,Bottom,0,1,1,Fastball,Four-Seam,InPlay,Undefined,GroundBall,Single,0,1,,88.69679,-1.020397,-0.540302,2169.406273,193.52032,12:30,6.02007,0.90875,5.75534,-18.40643,17.56048,3.92626,3.53615,0.73294,80.40129,-4.519417,0.162614,0.431641,92.09558,-17.807807,-10.903748,,,,,11.91678,11.54973,-14.135485,0.088423,-2.16602,9.61741,-0.86635,50,5.9244,1.04543,-128.7055,-2.84729,-3.60129,28.90766,-16.18381,GEO_PAT,STJ_HAW,SpuhlerFieldMain,D1,A10,20250504-SpuhlerFieldMain-1,24f11730-2914-11f0-84c1-cbb9d7630631,87.32353,3.48055,,8.2955,,,,0.57577,3.48055,-0.77896,40d32ed5-cd22-4191-9dae-36c451206e6c,2025-05-04,18:18:13.53,2025-05-04T14:18:13.5374336-04:00,2025-05-04T18:18:13.5374336Z,GroundBall,v3,471300,471426,04 May 2025 13:00-stjosephs@georgemas,"Primrose, Blake",10091373,Right,STJ_HAW,abb4fe21-9123-4f06-afe6-b1a9e35bf3f2,54.74502,-129.76687,14.45383,6.01804,-2.25308,-8.0919,-0.90717,1.17765,-1.80064,176.08155,0.57591,126.25951,-23.57385,,,,,,,3.48016,-41.25012,21.44552,,,,,,,-0.77896,-24.32671,2.52371,,,,,,,,,,,,,,,,,,,,,,,,,,,,,High,High,High,High,High,,,
209,2025-05-04,14:19:24.55,7,1,"Book, Colton",10038706,Left,STJ_HAW,"Hull, Owen",10054797,Left,GEO_PAT,Undefined,7,Bottom,0,0,0,Fastball,Four-Seam,StrikeSwinging,Undefined,Undefined,Undefined,0,0,,90.93828,-2.284783,-0.583416,2174.026657,194.453987,12:30,6.14317,0.7084,5.75761,-19.19792,14.97532,3.56311,2.41524,0.46221,82.7529,-5.898419,0.054789,0.420741,,,,,,,,,,,,-1.98268,8.64221,-0.66218,50,5.942,1.18558,-131.90124,-5.88045,-3.47202,29.62436,-17.04002,GEO_PAT,STJ_HAW,SpuhlerFieldMain,D1,A10,20250504-SpuhlerFieldMain-1,4f414e10-2914-11f0-84c1-cbb9d7630631,89.58591,,,8.18539,,,,,,,40d32ed5-cd22-4191-9dae-36c451206e6c,2025-05-04,18:19:24.55,2025-05-04T14:19:24.5510144-04:00,2025-05-04T18:19:24.5510144Z,,v3,471300,471426,04 May 2025 13:00-stjosephs@georgemas,"Primrose, Blake",10091373,Right,STJ_HAW,3d81c22c-b6bc-4139-be90-e48956ab946c,54.74252,-132.96212,14.81218,6.14166,-5.27023,-8.52001,-0.70687,1.30991,-1.73601,,,,,,,,,,,,,,,,,,,,,,,,,,,,,,,,,,,,,,,,,,,,,,,,,,,High,High,High,,,,,
210,2025-05-04,14:20:02.24,7,2,"Book, Colton",10038706,Left,STJ_HAW,"Hull, Owen",10054797,Left,GEO_PAT,Undefined,7,Bottom,0,0,1,Fastball,Four-Seam,BallCalled,Undefined,Undefined,Undefined,0,0,,91.05275,-4.087963,-0.175072,2137.683699,180.097232,12:00,6.1198,0.43158,5.58955,-16.23261,18.08462,0.02874,0.94317,0.27049,83.16757,-7.142607,-0.169939,0.421626,,,,,,,,,,,,-0.06496,10.69835,-0.41656,50,5.7579,0.4017,-131.87535,-9.93816,-0.11402,28.89449,-13.39507,GEO_PAT,STJ_HAW,SpuhlerFieldMain,D1,A10,20250504-SpuhlerFieldMain-1,65b682f0-2914-11f0-84c1-cbb9d7630631,89.39779,,,7.88518,,,,,,,40d32ed5-cd22-4191-9dae-36c451206e6c,2025-05-04,18:20:02.24,2025-05-04T14:20:02.2402048-04:00,2025-05-04T18:20:02.2402048Z,,v3,471300,471426,04 May 2025 13:00-stjosephs@georgemas,"Primrose, Blake",10091373,Right,STJ_HAW,2fb16901-9380-4a4e-a7f7-9d40f9124c96,54.9125,-132.94734,14.44724,6.11739,-9.4412,-6.69753,-0.43155,0.40593,-0.05701,,,,,,,,,,,,,,,,,,,,,,,,,,,,,,,,,,,,,,,,,,,,,,,,,,,High,High,High,,,,,
211,2025-05-04,14:20:24.50,7,3,"Book, Colton",10038706,Left,STJ_HAW,"Hull, Owen",10054797,Left,GEO_PAT,Undefined,7,Bottom,0,1,1,Fastball,Slider,BallCalled,Undefined,Undefined,Undefined,0,0,,88.59248,-2.409709,-3.149277,2285.595232,198.700065,12:30,5.85644,1.08914,5.64477,-28.14986,8.08855,2.33024,1.25798,-1.65745,80.92791,-7.597166,-2.73351,0.433267,,,,,,,,,,,,-2.10492,5.17362,-0.82297,50,5.63357,6.95866,-128.30478,-6.39736,-3.49087,27.81605,-23.59398,GEO_PAT,STJ_HAW,SpuhlerFieldMain,D1,A10,20250504-SpuhlerFieldMain-1,72e5e880-2914-11f0-84c1-cbb9d7630631,86.9958,,,7.66456,,,,,,,40d32ed5-cd22-4191-9dae-36c451206e6c,2025-05-04,18:20:24.50,2025-05-04T14:20:24.5057536-04:00,2025-05-04T18:20:24.5057536Z,,v3,471300,471426,04 May 2025 13:00-stjosephs@georgemas,"Primrose, Blake",10091373,Right,STJ_HAW,35262125-d9a0-46a9-9f28-2eb9405ca628,54.85616,-129.35329,13.90803,5.85796,-5.50799,-11.79699,-1.08775,7.09025,-1.74544,,,,,,,,,,,,,,,,,,,,,,,,,,,,,,,,,,,,,,,,,,,,,,,,,,,High,High,High,,,,,
212,2025-05-04,14:20:53.39,7,4,"Book, Colton",10038706,Left,STJ_HAW,"Hull, Owen",10054797,Left,GEO_PAT,Undefined,7,Bottom,0,2,1,ChangeUp,Changeup,StrikeSwinging,Undefined,Undefined,Undefined,0,0,,80.41485,-2.375521,-1.137726,1240.308083,211.587943,1:00,5.85523,0.78606,5.37834,-35.43919,8.45918,4.38158,0.67319,0.08443,74.37635,-8.83118,-0.357397,0.476865,,,,,,,,,,,,-2.54295,5.24225,-0.68747,50,5.61704,2.1489,-116.72149,-6.02812,-3.52215,21.14977,-24.91323,GEO_PAT,STJ_HAW,SpuhlerFieldMain,D1,A10,20250504-SpuhlerFieldMain-1,8436e440-2914-11f0-84c1-cbb9d7630631,79.04214,,,6.03851,,,,,,,40d32ed5-cd22-4191-9dae-36c451206e6c,2025-05-04,18:20:53.39,2025-05-04T14:20:53.3963264-04:00,2025-05-04T18:20:53.3963264Z,,v3,471300,471426,04 May 2025 13:00-stjosephs@georgemas,"Primrose, Blake",10091373,Right,STJ_HAW,d623209c-08a6-4656-94aa-5ebfac8fb80a,55.12601,-117.64665,10.57489,5.8569,-4.93833,-12.45662,-0.78485,2.30298,-1.76108,,,,,,,,,,,,,,,,,,,,,,,,,,,,,,,,,,,,,,,,,,,,,,,,,,,High,High,High,,,,,
213,2025-05-04,14:21:19.21,7,5,"Book, Colton",10038706,Left,STJ_HAW,"Hull, Owen",10054797,Left,GEO_PAT,Undefined,7,Bottom,0,2,2,ChangeUp,Splitter,StrikeSwinging,Strikeout,Undefined,Undefined,0,0,,81.31382,-2.966893,-1.694412,1026.445169,270.244421,3:00,5.92962,0.73224,5.39323,-41.59168,1.16595,11.61453,-0.32076,0.11158,75.84135,-10.463711,0.377801,0.470628,,,,,,,,,,,,-6.41229,1.5674,-0.58972,50,5.6343,3.04983,-118.04821,-7.55281,-9.12491,20.6916,-29.9436,GEO_PAT,STJ_HAW,SpuhlerFieldMain,D1,A10,20250504-SpuhlerFieldMain-1,939c63b0-2914-11f0-84c1-cbb9d7630631,80.08961,,,5.47247,,,,,,,40d32ed5-cd22-4191-9dae-36c451206e6c,2025-05-04,18:21:19.21,2025-05-04T14:21:19.2125952-04:00,2025-05-04T18:21:19.2125952Z,,v3,471300,471426,04 May 2025 13:00-stjosephs@georgemas,"Primrose, Blake",10091373,Right,STJ_HAW,b56903a4-369f-4066-9bf2-c8aedc3b18a5,55.11343,-118.94112,10.3458,5.93235,-6.26065,-14.9718,-0.72983,3.4436,-4.56246,,,,,,,,,,,,,,,,,,,,,,,,,,,,,,,,,,,,,,,,,,,,,,,,,,,High,High,High,,,,,
214,2025-05-04,14:21:59.78,8,1,"Book, Colton",10038706,Left,STJ_HAW,"Quinn-Irons, Jaime",1000216379,Right,GEO_PAT,Undefined,7,Bottom,1,0,0,ChangeUp,Splitter,BallCalled,Undefined,Undefined,Undefined,0,0,,81.3204,-5.287141,-1.943749,1054.61422,244.902204,2:15,5.92741,0.71547,5.54518,-36.93707,6.40996,10.60253,-2.10892,-0.2183,75.03027,-11.95928,-0.0463,0.473861,,,,,,,,,,,,-6.15796,5.08236,-0.55472,50,5.44276,3.60392,-117.5691,-12.08976,-8.55778,23.77139,-25.11106,GEO_PAT,STJ_HAW,SpuhlerFieldMain,D1,A10,20250504-SpuhlerFieldMain-1,abba8da0-2914-11f0-84c1-cbb9d7630631,79.54322,,,6.29013,,,,,,,40d32ed5-cd22-4191-9dae-36c451206e6c,2025-05-04,18:21:59.78,2025-05-04T14:21:59.7886976-04:00,2025-05-04T18:21:59.7886976Z,,v3,471300,471426,04 May 2025 13:00-stjosephs@georgemas,"Primrose, Blake",10091373,Right,STJ_HAW,2a5704ff-1009-4549-8bb2-34ae29ce448b,54.96137,-118.568,11.8857,5.92862,-11.03456,-12.55553,-0.71371,3.96353,-4.27889,,,,,,,,,,,,,,,,,,,,,,,,,,,,,,,,,,,,,,,,,,,,,,,,,,,High,High,High,,,,,
215,2025-05-04,14:22:22.60,8,2,"Book, Colton",10038706,Left,STJ_HAW,"Quinn-Irons, Jaime",1000216379,Right,GEO_PAT,Undefined,7,Bottom,1,1,0,Curveball,Curveball,StrikeSwinging,Undefined,Undefined,Undefined,0,0,,77.2268,-0.692194,-0.214309,2147.560365,53.452279,7:45,5.93977,1.16676,4.94438,-54.4529,-5.7091,-9.82064,0.74781,0.14584,71.11408,-10.469235,-1.95259,0.502495,,,,,,,,,,,,4.86461,-2.30622,-1.13721,50,5.82679,0.80703,-112.06446,-3.28775,6.14681,21.45552,-35.08815,GEO_PAT,STJ_HAW,SpuhlerFieldMain,D1,A10,20250504-SpuhlerFieldMain-1,b969f8a0-2914-11f0-84c1-cbb9d7630631,75.01063,,,6.11272,,,,,,,40d32ed5-cd22-4191-9dae-36c451206e6c,2025-05-04,18:22:22.60,2025-05-04T14:22:22.6078208-04:00,2025-05-04T18:22:22.6078208Z,,v3,471300,471426,04 May 2025 13:00-stjosephs@georgemas,"Primrose, Blake",10091373,Right,STJ_HAW,d686c95b-3d8d-4512-a0e6-69b92185837d,55.56092,-113.12412,10.72776,5.94638,-1.55479,-17.54408,-1.16957,0.50345,3.07341,,,,,,,,,,,,,,,,,,,,,,,,,,,,,,,,,,,,,,,,,,,,,,,,,,,High,High,High,,,,,
216,2025-05-04,14:22:45.44,8,3,"Book, Colton",10038706,Left,STJ_HAW,"Quinn-Irons, Jaime",1000216379,Right,GEO_PAT,Undefined,7,Bottom,1,1,1,Fastball,Four-Seam,BallCalled,Undefined,Undefined,Undefined,0,0,,91.71655,-5.240849,-0.800685,2202.892047,199.060329,12:45,6.17072,0.48362,5.97472,-13.47961,20.12265,6.54185,0.17458,0.28641,83.38683,-7.823622,0.375508,0.417211,,,,,,,,,,,,-3.64343,12.33505,-0.42404,50,5.74744,1.58087,-132.64402,-12.53487,-6.43172,30.79989,-10.39905,GEO_PAT,STJ_HAW,SpuhlerFieldMain,D1,A10,20250504-SpuhlerFieldMain-1,c6f8e350-2914-11f0-84c1-cbb9d7630631,90.34386,,,8.32972,,,,,,,40d32ed5-cd22-4191-9dae-36c451206e6c,2025-05-04,18:22:45.44,2025-05-04T14:22:45.4483456-04:00,2025-05-04T18:22:45.4483456Z,,v3,471300,471426,04 May 2025 13:00-stjosephs@georgemas,"Primrose, Blake",10091373,Right,STJ_HAW,2c352906-ffc4-4b2b-9771-7a878a829269,54.52789,-133.69126,15.39994,6.16763,-12.18129,-5.19952,-0.48151,1.79955,-3.21586,,,,,,,,,,,,,,,,,,,,,,,,,,,,,,,,,,,,,,,,,,,,,,,,,,,High,High,High,,,,,
217,2025-05-04,14:23:25.38,8,4,"Book, Colton",10038706,Left,STJ_HAW,"Quinn-Irons, Jaime",1000216379,Right,GEO_PAT,Undefined,7,Bottom,1,2,1,ChangeUp,Changeup,BallCalled,Undefined,Undefined,Undefined,0,0,,81.44746,-2.081359,-2.419187,1161.86714,231.840809,1:45,5.96717,0.76615,5.40303,-35.81502,6.87347,7.13804,1.0296,-0.90731,75.43811,-8.600815,-1.14874,0.470248,,,,,,,,,,,,-4.2639,4.3415,-0.55573,50,5.75605,4.71332,-118.19681,-5.51852,-6.07281,21.10002,-25.99072,GEO_PAT,STJ_HAW,SpuhlerFieldMain,D1,A10,20250504-SpuhlerFieldMain-1,dece4470-2914-11f0-84c1-cbb9d7630631,80.15441,,,6.00935,,,,,,,40d32ed5-cd22-4191-9dae-36c451206e6c,2025-05-04,18:23:25.38,2025-05-04T14:23:25.3807616-04:00,2025-05-04T18:23:25.3807616Z,,v3,471300,471426,04 May 2025 13:00-stjosephs@georgemas,"Primrose, Blake",10091373,Right,STJ_HAW,e256b300-f521-4ffe-81b3-df80d359fbda,55.10134,-119.104,10.55001,5.96929,-4.40106,-12.99536,-0.76399,4.97442,-3.03641,,,,,,,,,,,,,,,,,,,,,,,,,,,,,,,,,,,,,,,,,,,,,,,,,,,High,High,High,,,,,
218,2025-05-04,14:23:48.98,8,5,"Book, Colton",10038706,Left,STJ_HAW,"Quinn-Irons, Jaime",1000216379,Right,GEO_PAT,Undefined,7,Bottom,1,3,1,Fastball,Slider,InPlay,Undefined,GroundBall,Out,1,1,,87.43279,-0.820475,-2.575261,2298.618544,232.481387,1:45,5.99247,0.99595,5.51164,-31.54407,5.34158,5.53614,2.59568,-0.95265,80.60257,-6.599664,-1.589167,0.43712,52.38369,-68.193345,-26.421394,,,,,1.89537,1.89537,15.759673,0.035333,-3.47693,3.23366,-0.77502,50,5.89949,5.47313,-126.93282,-2.96197,-5.70888,24.42525,-26.86459,GEO_PAT,STJ_HAW,SpuhlerFieldMain,D1,A10,20250504-SpuhlerFieldMain-1,ece43970-2914-11f0-84c1-cbb9d7630631,86.22914,2.53735,,6.83022,,,,0.91495,2.53735,0.96653,40d32ed5-cd22-4191-9dae-36c451206e6c,2025-05-04,18:23:48.98,2025-05-04T14:23:48.9866752-04:00,2025-05-04T18:23:48.9866752Z,GroundBall,v3,471300,471426,04 May 2025 13:00-stjosephs@georgemas,"Primrose, Blake",10091373,Right,STJ_HAW,2bbfd84a-2b3b-43ba-9989-496d549720b3,54.99162,-127.88974,12.21263,5.99492,-1.90949,-13.43229,-0.99382,5.69679,-2.85444,,0.91398,25.73135,,,,,,,,2.54008,-71.81243,,,,,,,,0.96701,-12.78513,,,,,,,,,,,,,,,,,,,,,,,,,,,,,,High,High,High,Estimated,Estimated,,,
219,2025-05-04,14:24:29.94,9,1,"Book, Colton",10038706,Left,STJ_HAW,"Butler, Jake",1000176047,Right,GEO_PAT,Undefined,7,Bottom,2,0,0,Fastball,Cutter,BallinDirt,Undefined,Undefined,Undefined,0,1,,88.0558,-4.276365,-2.943244,2326.552127,193.027902,12:30,5.9779,0.93429,5.59689,-26.61127,10.12658,2.06689,-0.24522,-1.64396,80.90671,-9.150499,-2.574479,0.436243,,,,,,,,,,,,-1.89327,6.69579,-0.6831,50,5.59277,6.46253,-127.37443,-10.45846,-3.10454,26.62053,-21.1943,GEO_PAT,STJ_HAW,SpuhlerFieldMain,D1,A10,20250504-SpuhlerFieldMain-1,0542c7c0-2915-11f0-84c1-cbb9d7630631,86.40239,,,7.14909,,,,,,,40d32ed5-cd22-4191-9dae-36c451206e6c,2025-05-04,18:24:29.94,2025-05-04T14:24:29.9450880-04:00,2025-05-04T18:24:29.9450880Z,,v3,471300,471426,04 May 2025 13:00-stjosephs@georgemas,"Primrose, Blake",10091373,Right,STJ_HAW,a9eda15d-fb0a-405b-8401-1df76c412fbf,54.90607,-128.39567,13.31026,5.97839,-9.64539,-10.59715,-0.93331,6.58163,-1.55227,,,,,,,,,,,,,,,,,,,,,,,,,,,,,,,,,,,,,,,,,,,,,,,,,,,High,High,High,,,,,
220,2025-05-04,14:27:16.73,9,2,"Duke, Dylan",10056616,Left,STJ_HAW,"Butler, Jake",1000176047,Right,GEO_PAT,Undefined,7,Bottom,2,1,0,Fastball,Changeup,BallCalled,Undefined,Undefined,Undefined,0,0,,84.98985,-1.568108,0.887179,1917.099112,133.477561,10:30,5.88189,-1.2648,4.99239,-24.78816,15.54796,-14.93056,2.33499,-1.67124,77.2154,-6.153208,-1.749357,0.457108,,,,,,,,,,,,7.58989,8.56528,1.19187,50,5.71134,-1.22136,-123.12769,-4.23842,11.56778,26.09045,-19.1197,GEO_PAT,STJ_HAW,SpuhlerFieldMain,D1,A10,20250504-SpuhlerFieldMain-1,689d32b0-2915-11f0-84c1-cbb9d7630631,82.45855,,,7.77445,,,,,,,40d32ed5-cd22-4191-9dae-36c451206e6c,2025-05-04,18:27:16.73,2025-05-04T14:27:16.7395840-04:00,2025-05-04T18:27:16.7395840Z,,v3,471300,471426,04 May 2025 13:00-stjosephs@georgemas,"Primrose, Blake",10091373,Right,STJ_HAW,cf426c81-9acd-4f82-b753-9700447eb75e,55.50644,-124.28901,13.04523,5.88106,-3.38738,-9.55985,1.25769,-1.73625,5.78389,,,,,,,,,,,,,,,,,,,,,,,,,,,,,,,,,,,,,,,,,,,,,,,,,,,High,High,High,,,,,
221,2025-05-04,14:27:35.20,9,3,"Duke, Dylan",10056616,Left,STJ_HAW,"Butler, Jake",1000176047,Right,GEO_PAT,Undefined,7,Bottom,2,2,0,Fastball,Changeup,InPlay,Undefined,LineDrive,Out,1,0,,85.7742,-1.268901,2.703639,1980.530405,125.029814,10:15,5.71717,-1.18903,5.16497,-25.58312,13.80906,-17.75359,2.3894,-0.12186,77.84191,-6.009586,-0.437946,0.451728,99.6809,22.548444,-18.274873,2129.739142,104.7128,43.22147,-33.69229,351.53774,347.18299,-18.209813,4.432173,9.713,7.65768,0.95109,50,5.57957,-5.0871,-124.24893,-3.64909,15.05987,26.79075,-20.30094,GEO_PAT,STJ_HAW,SpuhlerFieldMain,D1,A10,20250504-SpuhlerFieldMain-1,73b529f0-2915-11f0-84c1-cbb9d7630631,83.44065,61.21338,,7.93229,,,,1.97264,2.46677,0.11644,40d32ed5-cd22-4191-9dae-36c451206e6c,2025-05-04,18:27:35.20,2025-05-04T14:27:35.2021504-04:00,2025-05-04T18:27:35.2021504Z,LineDrive,v3,471300,471426,04 May 2025 13:00-stjosephs@georgemas,"Primrose, Blake",10091373,Right,STJ_HAW,9c78f43e-bdd6-4d45-ab69-b0380a9bba77,55.33715,-125.39445,13.39537,5.71704,-2.78106,-10.15047,1.18238,-5.73103,7.52993,181.054509,1.97243,128.21297,-25.24796,5.90405,-1.26239,0.24885,-0.04013,0.00413,-0.00018,2.46657,56.07549,-14.04564,0.46051,-0.1347,0.04883,-0.01156,0.00176,-0.00012,0.11637,-42.33577,8.55686,-2.05712,0.42693,-0.07739,0.0114,-0.00111,5E-05,,,,,,,,,,,,,,,,,,,,,,,High,High,High,High,High,,,
222,2025-05-04,14:30:13.33,1,1,"Elliot, Daniel",1000023402,Right,GEO_PAT,"Kelsey, Alex",1000263851,Left,STJ_HAW,Undefined,8,Top,0,0,0,Fastball,Changeup,BallCalled,Undefined,Undefined,Undefined,0,0,,85.96896,-0.685358,0.846339,1997.586784,223.014711,1:30,6.18354,0.40942,4.53567,-23.46182,16.51379,14.17024,3.57568,2.39622,78.24808,-4.998662,3.325101,0.45506,,,,,,,,,,,,-6.65367,8.62906,-0.51195,50,6.09089,-2.51387,-124.55111,-2.36665,-10.40369,26.09439,-18.68165,GEO_PAT,STJ_HAW,SpuhlerFieldMain,D1,A10,20250504-SpuhlerFieldMain-1,d1e1e5e0-2915-11f0-84c1-cbb9d7630631,82.82953,,,7.72088,,,,,,,40d32ed5-cd22-4191-9dae-36c451206e6c,2025-05-04,18:30:13.33,2025-05-04T14:30:13.3391872-04:00,2025-05-04T18:30:13.3391872Z,,v3,471300,471426,04 May 2025 13:00-stjosephs@georgemas,"Barenz, Nick",1000218914,Right,GEO_PAT,3193ac7e-6ebf-4638-84ea-98ee9879f5c2,55.9648,-125.79457,13.0472,6.18246,-1.47642,-9.34082,-0.40396,-2.01811,-5.20185,,,,,,,,,,,,,,,,,,,,,,,,,,,,,,,,,,,,,,,,,,,,,,,,,,,High,High,High,,,,,
223,2025-05-04,14:30:26.29,1,2,"Elliot, Daniel",1000023402,Right,GEO_PAT,"Kelsey, Alex",1000263851,Left,STJ_HAW,Undefined,8,Top,0,1,0,Fastball,Four-Seam,BallCalled,Undefined,Undefined,Undefined,0,0,,85.27242,-1.764274,-0.011655,2124.37692,216.717357,1:15,6.0007,0.48618,4.4623,-20.76918,20.09544,13.93544,2.58718,1.63635,77.42497,-5.608149,2.424248,0.460093,,,,,,,,,,,,-6.75996,10.68705,-0.49932,50,5.79565,-0.6401,-123.44713,-4.54534,-10.35997,26.1474,-15.7956,GEO_PAT,STJ_HAW,SpuhlerFieldMain,D1,A10,20250504-SpuhlerFieldMain-1,d9b4c440-2915-11f0-84c1-cbb9d7630631,81.9236,,,7.84745,,,,,,,40d32ed5-cd22-4191-9dae-36c451206e6c,2025-05-04,18:30:26.29,2025-05-04T14:30:26.2923776-04:00,2025-05-04T18:30:26.2923776Z,,v3,471300,471426,04 May 2025 13:00-stjosephs@georgemas,"Barenz, Nick",1000218914,Right,GEO_PAT,55cc1c9f-eea5-46e9-af91-34d269c86c15,56.0374,-124.71936,13.0737,5.99811,-3.77679,-7.8978,-0.48044,-0.13603,-5.17998,,,,,,,,,,,,,,,,,,,,,,,,,,,,,,,,,,,,,,,,,,,,,,,,,,,High,High,High,,,,,
224,2025-05-04,14:30:40.45,1,3,"Elliot, Daniel",1000023402,Right,GEO_PAT,"Kelsey, Alex",1000263851,Left,STJ_HAW,Undefined,8,Top,0,2,0,Fastball,Four-Seam,FoulBallNotFieldable,Undefined,Undefined,Undefined,0,0,,86.11279,-1.595607,-1.3291,2139.870542,219.12305,1:15,6.1665,0.24647,4.48821,-21.32903,18.54769,14.00213,2.86761,0.1464,78.43586,-5.529691,1.11959,0.454497,,,,,,,,,,,,-7.25154,9.88367,-0.12128,50,5.97942,2.23658,-124.73983,-4.2644,-11.38792,25.86531,-16.65262,GEO_PAT,STJ_HAW,SpuhlerFieldMain,D1,A10,20250504-SpuhlerFieldMain-1,e21e1640-2915-11f0-84c1-cbb9d7630631,82.93218,,,7.67693,,,,,,,40d32ed5-cd22-4191-9dae-36c451206e6c,2025-05-04,18:30:40.45,2025-05-04T14:30:40.4587008-04:00,2025-05-04T18:30:40.4587008Z,,v3,471300,471426,04 May 2025 13:00-stjosephs@georgemas,"Barenz, Nick",1000218914,Right,GEO_PAT,c26fc8a4-5b01-495a-92f7-c55b1a0cd4d3,56.014,-125.98069,12.93266,6.16484,-3.46551,-8.32631,-0.24169,2.78291,-5.69396,,,,,,,,,,,,,,,,,,,,,,,,,,,,,,,,,,,,,,,,,,,,,,,,,,,High,High,High,,,,,
225,2025-05-04,14:31:04.76,1,4,"Elliot, Daniel",1000023402,Right,GEO_PAT,"Kelsey, Alex",1000263851,Left,STJ_HAW,Undefined,8,Top,0,2,1,Fastball,Changeup,InPlay,Undefined,GroundBall,Single,0,0,,85.25495,-2.827431,-1.445535,2019.946669,221.434169,1:30,6.11092,0.3883,4.59127,-25.77375,14.95446,11.95635,1.2705,0.00932,77.64848,-7.533623,0.650874,0.459324,84.98498,-3.263099,8.407441,,,,,32.35175,32.35175,7.386862,0.227398,-6.32859,8.55323,-0.25096,50,5.79543,2.56504,-123.36303,-7.06283,-9.68598,26.10505,-19.08329,GEO_PAT,STJ_HAW,SpuhlerFieldMain,D1,A10,20250504-SpuhlerFieldMain-1,f09f5030-2915-11f0-84c1-cbb9d7630631,82.06067,1.61473,,7.60646,,,,4.06563,1.61473,0.01841,40d32ed5-cd22-4191-9dae-36c451206e6c,2025-05-04,18:31:04.76,2025-05-04T14:31:04.7662080-04:00,2025-05-04T18:31:04.7662080Z,GroundBall,v3,471300,471426,04 May 2025 13:00-stjosephs@georgemas,"Barenz, Nick",1000218914,Right,GEO_PAT,8fba7433-e1cb-49aa-90f4-1db060340ddb,55.91077,-124.60754,13.05253,6.11045,-6.15307,-9.54165,-0.38425,3.0268,-4.84299,,4.06179,123.20978,,,,,,,,1.61496,-7.10093,,,,,,,,0.01784,18.21039,,,,,,,,,,,,,,,,,,,,,,,,,,,,,,High,High,High,Estimated,Estimated,,,
226,2025-05-04,14:31:38.41,2,1,"Elliot, Daniel",1000023402,Right,GEO_PAT,"Applegate, Carson",1000069466,Right,STJ_HAW,Undefined,8,Top,0,0,0,Slider,Slider,BallCalled,Undefined,Undefined,Undefined,0,0,,78.16221,0.668553,1.433579,2298.858006,60.919066,8:00,6.22437,0.29135,4.41397,-50.84774,-2.44977,-7.17032,2.62531,1.06222,71.74403,-8.424405,0.179593,0.500709,,,,,,,,,,,,3.94921,-1.09748,-0.43624,50,6.24493,-2.53436,-113.32388,-0.61029,5.12526,21.09987,-33.59833,GEO_PAT,STJ_HAW,SpuhlerFieldMain,D1,A10,20250504-SpuhlerFieldMain-1,04b0a470-2916-11f0-84c1-cbb9d7630631,75.2782,,,6.41818,,,,,,,40d32ed5-cd22-4191-9dae-36c451206e6c,2025-05-04,18:31:38.41,2025-05-04T14:31:38.4199168-04:00,2025-05-04T18:31:38.4199168Z,,v3,471300,471426,04 May 2025 13:00-stjosephs@georgemas,"Barenz, Nick",1000218914,Right,GEO_PAT,8daab3f0-2ea8-4e89-8aa6-9c27e942b471,56.09119,-114.45239,10.54994,6.22952,1.18669,-16.79916,-0.29336,-2.80848,2.56263,,,,,,,,,,,,,,,,,,,,,,,,,,,,,,,,,,,,,,,,,,,,,,,,,,,High,High,High,,,,,
227,2025-05-04,14:31:52.45,2,2,"Elliot, Daniel",1000023402,Right,GEO_PAT,"Applegate, Carson",1000069466,Right,STJ_HAW,Undefined,8,Top,0,1,0,Slider,Slider,InPlay,Undefined,GroundBall,FieldersChoice,1,0,,78.14368,-0.441684,-0.072485,2278.965029,76.150134,8:30,6.15388,0.2308,4.43924,-47.99148,0.28059,-4.98327,1.73326,-0.25362,71.99559,-9.0177,-0.945197,0.500057,91.25628,-5.419915,-42.435957,,,,,18.38157,16.92089,-38.878315,0.133163,2.41984,0.64587,-0.2179,50,6.06005,0.35601,-113.33307,-2.69764,3.14823,20.65623,-31.33378,GEO_PAT,STJ_HAW,SpuhlerFieldMain,D1,A10,20250504-SpuhlerFieldMain-1,0d12a370-2916-11f0-84c1-cbb9d7630631,75.3763,1.86397,,6.1481,,,,1.70825,1.86397,0.28182,40d32ed5-cd22-4191-9dae-36c451206e6c,2025-05-04,18:31:52.45,2025-05-04T14:31:52.4500992-04:00,2025-05-04T18:31:52.4500992Z,GroundBall,v3,471300,471426,04 May 2025 13:00-stjosephs@georgemas,"Barenz, Nick",1000218914,Right,GEO_PAT,29cafaaf-290c-4646-ace7-579f3aac005f,56.06432,-114.43303,10.32811,6.15928,-1.02911,-15.66689,-0.2324,0.18836,1.57412,96.892862,1.70907,98.25609,-27.3069,,,,,,,1.864,-12.64501,-10.16189,,,,,,,0.28176,-89.90157,8.58906,,,,,,,,,,,,,,,,,,,,,,,,,,,,,High,High,High,High,High,,,
228,2025-05-04,14:33:12.83,3,1,"Elliot, Daniel",1000023402,Right,GEO_PAT,"Pagano, Joey",10113708,Left,STJ_HAW,Undefined,8,Top,1,0,0,Slider,Changeup,InPlay,Undefined,Popup,Out,1,0,,76.38391,0.713192,-1.991064,1512.978622,225.202042,1:30,5.99073,0.88663,5.2785,-36.1299,12.68902,11.28579,3.65021,-0.04374,70.19365,-5.929163,0.010376,0.502881,72.01868,69.022221,-15.291739,,,,,102.75031,101.91035,-42.064914,5.490788,-6.20217,6.60107,-0.71351,50,6.0295,3.42054,-110.86158,0.23175,-7.75444,18.96121,-23.9209,GEO_PAT,STJ_HAW,SpuhlerFieldMain,D1,A10,20250504-SpuhlerFieldMain-1,3cfa2090-2916-11f0-84c1-cbb9d7630631,74.95296,123.02588,,6.19026,,,,1.1813,3.74566,0.04755,40d32ed5-cd22-4191-9dae-36c451206e6c,2025-05-04,18:33:12.83,2025-05-04T14:33:12.8380416-04:00,2025-05-04T18:33:12.8380416Z,Popup,v3,471300,471426,04 May 2025 13:00-stjosephs@georgemas,"Barenz, Nick",1000218914,Right,GEO_PAT,0af3104c-7f57-4558-8073-cd1e88e33ae5,55.22385,-111.75146,9.48061,5.99228,1.35441,-11.96045,-0.88258,3.78448,-3.87722,169.307364,1.16948,36.69128,-15.8618,6.28326,-2.10614,0.57662,-0.10504,0.01056,-0.00044,3.73568,98.87032,-26.02593,4.46845,-2.05707,0.81948,-0.19613,0.02397,-0.00115,0.04613,-9.94471,-2.02637,0.89044,-0.32849,0.09887,-0.01959,0.00212,-0.0001,,,,,,,,,,,,,,,,,,,,,,,High,High,High,High,Medium,,,
229,2025-05-04,14:33:44.93,4,1,"Elliot, Daniel",1000023402,Right,GEO_PAT,"Petrich, Owen",1000125049,Right,STJ_HAW,Undefined,8,Top,2,0,0,Slider,Curveball,BallCalled,Undefined,Undefined,Undefined,0,0,,78.26442,-1.853466,-0.059008,2303.769295,52.947117,7:45,6.22009,0.1853,4.55517,-49.71066,-1.61929,-4.17874,0.31266,-0.2191,72.23811,-10.708572,-0.793614,0.49912,,,,,,,,,,,,2.05831,0.04551,-0.17492,50,5.98014,0.28957,-113.46036,-5.52926,2.67413,21.40843,-32.11493,GEO_PAT,STJ_HAW,SpuhlerFieldMain,D1,A10,20250504-SpuhlerFieldMain-1,5006fd20-2916-11f0-84c1-cbb9d7630631,75.51779,,,6.02631,,,,,,,40d32ed5-cd22-4191-9dae-36c451206e6c,2025-05-04,18:33:44.93,2025-05-04T14:33:44.9328128-04:00,2025-05-04T18:33:44.9328128Z,,v3,471300,471426,04 May 2025 13:00-stjosephs@georgemas,"Barenz, Nick",1000218914,Right,GEO_PAT,dd01e036-55b9-4b09-a106-43c1cb675d25,55.94966,-114.57748,10.70422,6.22494,-3.85346,-16.05746,-0.18639,0.15004,1.33706,,,,,,,,,,,,,,,,,,,,,,,,,,,,,,,,,,,,,,,,,,,,,,,,,,,High,High,High,,,,,
230,2025-05-04,14:34:05.57,4,2,"Elliot, Daniel",1000023402,Right,GEO_PAT,"Petrich, Owen",1000125049,Right,STJ_HAW,Undefined,8,Top,2,1,0,Slider,Slider,InPlay,Undefined,FlyBall,Out,1,0,,78.47953,-0.28403,0.319371,2279.599443,77.700263,8:30,6.27286,0.28619,4.62504,-46.25991,0.52165,-3.25193,2.14785,0.31881,73.3582,-8.545868,-0.25192,0.492276,85.76484,50.984598,-24.475281,5138.3515,95.6587,119.57425,-54.30816,219.3013,108.61877,-32.837188,5.725402,1.68437,0.62098,-0.31579,50,6.2005,-0.50172,-114.07219,-2.29419,2.25651,17.69465,-31.34213,GEO_PAT,STJ_HAW,SpuhlerFieldMain,D1,A10,20250504-SpuhlerFieldMain-1,5c6a1200-2916-11f0-84c1-cbb9d7630631,76.56767,125.11099,,5.12132,,,,2.2883,1.57881,-0.41149,40d32ed5-cd22-4191-9dae-36c451206e6c,2025-05-04,18:34:05.57,2025-05-04T14:34:05.5753216-04:00,2025-05-04T18:34:05.5753216Z,FlyBall,v3,471300,471426,04 May 2025 13:00-stjosephs@georgemas,"Barenz, Nick",1000218914,Right,GEO_PAT,54e7028c-c439-468c-8a07-35dd6a1b6aec,55.88067,-114.98077,8.84733,6.27698,-0.68485,-15.67107,-0.28705,-0.61759,1.12826,168.080437,2.29377,71.95965,-22.40057,6.2839,-1.11897,0.09393,0.00459,-0.00149,8E-05,1.57737,97.74935,-22.60815,1.31279,0.19752,-0.17586,0.05012,-0.00679,0.00035,-0.41339,-32.77407,5.11825,-0.96849,0.08071,0.01008,-0.00277,0.00012,1E-05,,,,,,,,,,,,,,,,,,,,,,,High,High,High,Medium,Low,,,
231,,,1,1,"Duke, Dylan",10056616,Left,STJ_HAW,"Alberti, Lucas",1000145512,Right,GEO_PAT,Undefined,8,Bottom,0,0,0,Fastball,,BallCalled,Undefined,Undefined,Undefined,0,0,,,,,,,,,,,,,,,,,,,,,,,,,,,,,,,,,,,,,,,,,,GEO_PAT,STJ_HAW,SpuhlerFieldMain,D1,A10,20250504-SpuhlerFieldMain-1,af7d9e30-2916-11f0-84c1-cbb9d7630631,,,,,,,,,,,40d32ed5-cd22-4191-9dae-36c451206e6c,,,,,,v3,471300,471426,04 May 2025 13:00-stjosephs@georgemas,"Primrose, Blake",10091373,Right,STJ_HAW,,,,,,,,,,,,,,,,,,,,,,,,,,,,,,,,,,,,,,,,,,,,,,,,,,,,,,,,,,,,,,,,,,,,
232,2025-05-04,14:36:35.13,1,2,"Duke, Dylan",10056616,Left,STJ_HAW,"Alberti, Lucas",1000145512,Right,GEO_PAT,Undefined,8,Bottom,0,1,0,Slider,Curveball,BallCalled,Undefined,Undefined,Undefined,0,0,,74.61814,3.005365,-0.826627,2110.301617,302.759522,4:00,5.46345,-1.34803,5.14141,-58.90483,-6.45516,12.9302,3.38757,-1.04896,67.4614,-7.711733,1.462428,0.521246,,,,,,,,,,,,-6.65768,-3.58,1.41511,50,5.70001,1.04544,-108.02639,3.66085,-7.74684,21.50521,-36.3397,GEO_PAT,STJ_HAW,SpuhlerFieldMain,D1,A10,20250504-SpuhlerFieldMain-1,b578fd70-2916-11f0-84c1-cbb9d7630631,72.31219,,,7.15674,,,,,,,40d32ed5-cd22-4191-9dae-36c451206e6c,2025-05-04,18:36:35.13,2025-05-04T14:36:35.1311360-04:00,2025-05-04T18:36:35.1311360Z,,v3,471300,471426,04 May 2025 13:00-stjosephs@georgemas,"Primrose, Blake",10091373,Right,STJ_HAW,a545b3c1-070d-4959-a88b-b82527daa592,55.3609,-109.08839,10.75261,5.47491,5.45542,-18.16985,1.35404,1.428,-3.87342,,,,,,,,,,,,,,,,,,,,,,,,,,,,,,,,,,,,,,,,,,,,,,,,,,,High,High,High,,,,,
233,2025-05-04,14:36:52.82,1,3,"Duke, Dylan",10056616,Left,STJ_HAW,"Alberti, Lucas",1000145512,Right,GEO_PAT,Undefined,8,Bottom,0,2,0,Fastball,Changeup,StrikeSwinging,Undefined,Undefined,Undefined,0,0,,84.75819,-2.63811,2.396766,2064.562532,145.160848,10:45,5.87333,-1.12231,5.05278,-21.31895,19.14229,-12.35725,1.60458,0.10983,77.16867,-6.607284,0.214535,0.457816,,,,,,,,,,,,6.86225,10.68875,0.90437,50,5.60545,-4.59242,-122.69537,-6.36701,10.40815,25.41558,-15.96214,GEO_PAT,STJ_HAW,SpuhlerFieldMain,D1,A10,20250504-SpuhlerFieldMain-1,c00f68a0-2916-11f0-84c1-cbb9d7630631,82.33095,,,7.58951,,,,,,,40d32ed5-cd22-4191-9dae-36c451206e6c,2025-05-04,18:36:52.82,2025-05-04T14:36:52.8215552-04:00,2025-05-04T18:36:52.8215552Z,,v3,471300,471426,04 May 2025 13:00-stjosephs@georgemas,"Primrose, Blake",10091373,Right,STJ_HAW,8d1b2cff-fbf8-4009-a4a6-3b156077caaa,55.44859,-123.81886,12.70779,5.87131,-5.6614,-7.98107,1.11755,-5.05251,5.20408,,,,,,,,,,,,,,,,,,,,,,,,,,,,,,,,,,,,,,,,,,,,,,,,,,,High,High,High,,,,,
234,2025-05-04,14:37:13.93,1,4,"Duke, Dylan",10056616,Left,STJ_HAW,"Alberti, Lucas",1000145512,Right,GEO_PAT,Undefined,8,Bottom,0,2,1,Slider,Curveball,BallCalled,Undefined,Undefined,Undefined,0,0,,75.05248,2.595365,-0.197262,2122.693465,283.492457,3:30,5.33841,-1.41317,4.92945,-52.15314,-0.68221,9.5126,3.4475,-0.80693,68.7581,-6.849328,1.479727,0.51636,,,,,,,,,,,,-4.73425,-0.54756,1.42409,50,5.54798,-0.00783,-108.81322,3.11949,-5.67904,19.00249,-32.83087,GEO_PAT,STJ_HAW,SpuhlerFieldMain,D1,A10,20250504-SpuhlerFieldMain-1,cc99b490-2916-11f0-84c1-cbb9d7630631,72.99648,,,6.29438,,,,,,,40d32ed5-cd22-4191-9dae-36c451206e6c,2025-05-04,18:37:13.93,2025-05-04T14:37:13.9312640-04:00,2025-05-04T18:37:13.9312640Z,,v3,471300,471426,04 May 2025 13:00-stjosephs@georgemas,"Primrose, Blake",10091373,Right,STJ_HAW,4d654cb8-6438-4415-98c8-250555418b70,55.57315,-109.78217,9.50124,5.34623,4.79355,-16.41544,1.41711,0.28175,-2.83952,,,,,,,,,,,,,,,,,,,,,,,,,,,,,,,,,,,,,,,,,,,,,,,,,,,High,High,High,,,,,
235,2025-05-04,14:37:33.54,1,5,"Duke, Dylan",10056616,Left,STJ_HAW,"Alberti, Lucas",1000145512,Right,GEO_PAT,Undefined,8,Bottom,0,3,1,Fastball,Changeup,BallCalled,Walk,Undefined,Undefined,0,0,,84.66058,-1.960103,0.385273,1999.198863,133.288514,10:30,5.69421,-1.31574,5.03324,-24.49958,16.63576,-15.97792,1.8024,-2.28372,76.00586,-6.525491,-2.438485,0.461614,,,,,,,,,,,,7.96819,9.3443,1.29211,50,5.48805,-0.08887,-122.45172,-5.01909,11.84775,28.85152,-18.28021,GEO_PAT,STJ_HAW,SpuhlerFieldMain,D1,A10,20250504-SpuhlerFieldMain-1,d84204f0-2916-11f0-84c1-cbb9d7630631,81.65362,,,8.65472,,,,,,,40d32ed5-cd22-4191-9dae-36c451206e6c,2025-05-04,18:37:33.54,2025-05-04T14:37:33.5447040-04:00,2025-05-04T18:37:33.5447040Z,,v3,471300,471426,04 May 2025 13:00-stjosephs@georgemas,"Primrose, Blake",10091373,Right,STJ_HAW,d1a66f44-b787-4764-ab64-6d0b4de0cbb3,55.46348,-123.7323,14.42576,5.69282,-4.20772,-9.14011,1.30772,-0.61474,5.92387,,,,,,,,,,,,,,,,,,,,,,,,,,,,,,,,,,,,,,,,,,,,,,,,,,,High,High,High,,,,,
236,2025-05-04,14:38:08.91,2,1,"Duke, Dylan",10056616,Left,STJ_HAW,"Hueber, Toby",1000091691,Right,GEO_PAT,Undefined,8,Bottom,0,0,0,Fastball,Sinker,InPlay,Undefined,FlyBall,Out,1,0,,86.8438,-1.899154,1.832435,2002.691135,126.692248,10:15,5.76165,-1.19726,5.07479,-26.20301,11.87465,-14.3665,1.78597,-0.66626,79.88244,-6.697444,-0.708277,0.444126,88.54331,25.830229,21.039981,3901.26917,98.37647,47.10287,49.21352,276.22443,276.08907,36.173403,4.035686,7.67603,6.75461,1.03546,50,5.56087,-3.39359,-125.98691,-5.1432,12.39403,24.49849,-21.2678,GEO_PAT,STJ_HAW,SpuhlerFieldMain,D1,A10,20250504-SpuhlerFieldMain-1,ed6dc9e0-2916-11f0-84c1-cbb9d7630631,84.86875,55.69106,,6.96136,,,,1.33423,1.83656,0.68979,40d32ed5-cd22-4191-9dae-36c451206e6c,2025-05-04,18:38:08.91,2025-05-04T14:38:08.9141760-04:00,2025-05-04T18:38:08.9141760Z,LineDrive,v3,471300,471426,04 May 2025 13:00-stjosephs@georgemas,"Primrose, Blake",10091373,Right,STJ_HAW,fa3d9e69-99b4-434b-bf9c-c555235e6d93,55.42866,-127.03815,12.24925,5.76199,-4.23059,-10.6339,1.19249,-3.92542,6.19701,216.389753,1.33412,109.09502,-28.33241,7.0574,-1.52769,0.30235,-0.04954,0.00524,-0.00024,1.83679,56.57998,-15.35093,0.10766,0.14035,-0.04219,0.00369,0.00083,-0.00014,0.6899,41.96333,0.48732,-0.66916,0.25449,-0.07393,0.01596,-0.00213,0.00012,,,,,,,,,,,,,,,,,,,,,,,High,High,High,High,Medium,,,
237,2025-05-04,14:38:49.05,3,1,"Duke, Dylan",10056616,Left,STJ_HAW,"Wall, Jonny",1000119703,Right,GEO_PAT,Undefined,8,Bottom,1,0,0,Slider,Curveball,StrikeCalled,Undefined,Undefined,Undefined,0,0,,76.413,2.102521,0.691629,2017.913468,309.518985,4:15,5.31554,-1.34157,5.22152,-52.06377,-3.35996,5.75583,2.95481,-0.21159,70.64762,-7.334068,1.712183,0.502288,,,,,,,,,,,,-2.70248,-1.80083,1.27322,50,5.47025,-1.56361,-110.98117,2.29342,-3.3974,18.38109,-34.43792,GEO_PAT,STJ_HAW,SpuhlerFieldMain,D1,A10,20250504-SpuhlerFieldMain-1,054d6430-2917-11f0-84c1-cbb9d7630631,75.04149,,,5.76538,,,,,,,40d32ed5-cd22-4191-9dae-36c451206e6c,2025-05-04,18:38:49.05,2025-05-04T14:38:49.0507264-04:00,2025-05-04T18:38:49.0507264Z,,v3,471300,471426,04 May 2025 13:00-stjosephs@georgemas,"Primrose, Blake",10091373,Right,STJ_HAW,051f0ab1-6612-4ebc-80f3-61b43f4aeb3a,55.28317,-111.85277,9.19054,5.32279,3.9264,-17.21896,1.34354,-1.40251,-1.6987,,,,,,,,,,,,,,,,,,,,,,,,,,,,,,,,,,,,,,,,,,,,,,,,,,,High,High,High,,,,,
238,2025-05-04,14:39:54.47,3,2,"Duke, Dylan",10056616,Left,STJ_HAW,"Wall, Jonny",1000119703,Right,GEO_PAT,Undefined,8,Bottom,1,0,1,Fastball,Changeup,InPlay,Undefined,LineDrive,Single,0,0,,85.83743,-1.084268,2.020578,2032.782016,129.157468,10:15,5.657,-1.12976,5.05389,-26.13726,13.12379,-14.53221,2.4555,-0.43425,78.31337,-5.901032,-0.547066,0.450975,93.88603,5.868835,-30.228022,2165.115341,,,,120.79265,95.20488,-34.211811,0.984238,7.8591,7.20197,0.94968,50,5.5333,-3.75118,-124.45682,-3.29608,12.29062,25.66179,-20.91105,GEO_PAT,STJ_HAW,SpuhlerFieldMain,D1,A10,20250504-SpuhlerFieldMain-1,2c59bab0-2917-11f0-84c1-cbb9d7630631,83.57991,5.39892,,7.52406,,,,2.89325,2.60894,0.43224,40d32ed5-cd22-4191-9dae-36c451206e6c,2025-05-04,18:39:54.47,2025-05-04T14:39:54.4766976-04:00,2025-05-04T18:39:54.4766976Z,GroundBall,v3,471300,471426,04 May 2025 13:00-stjosephs@georgemas,"Primrose, Blake",10091373,Right,STJ_HAW,100bc15c-3159-4767-a2ec-b125849af4cb,55.44895,-125.57532,12.8309,5.6571,-2.38466,-10.45552,1.12486,-4.28688,6.14531,92.053192,2.89325,118.35242,-23.97914,4.74859,-0.91189,-0.07475,0.32791,-0.25154,0.07315,2.60894,14.07997,-18.3712,1.63342,-0.30475,0.10027,-0.0695,0.04409,-0.01235,0.43224,-68.96045,-1.95562,2.00893,-0.59209,-0.09398,0.35462,-0.27595,0.08077,,,,,,,,,,,,,,,,,,,,,,,High,High,High,High,Medium,,,
239,2025-05-04,14:40:33.31,4,1,"Duke, Dylan",10056616,Left,STJ_HAW,"Barenz, Nick",1000218914,Right,GEO_PAT,Undefined,8,Bottom,1,0,0,Slider,Curveball,BallCalled,Undefined,Undefined,Undefined,0,0,,76.25386,1.197907,-0.218228,2049.09776,298.121752,4:00,5.33993,-1.53934,5.23544,-52.64837,-3.1724,8.95315,2.07877,-0.99838,69.78437,-8.370419,1.371544,0.506254,,,,,,,,,,,,-4.51843,-1.41685,1.55254,50,5.41104,0.06683,-110.64112,0.51285,-5.56913,20.78651,-33.92037,GEO_PAT,STJ_HAW,SpuhlerFieldMain,D1,A10,20250504-SpuhlerFieldMain-1,436fea80-2917-11f0-84c1-cbb9d7630631,74.45362,,,6.46949,,,,,,,40d32ed5-cd22-4191-9dae-36c451206e6c,2025-05-04,18:40:33.31,2025-05-04T14:40:33.3121024-04:00,2025-05-04T18:40:33.3121024Z,,v3,471300,471426,04 May 2025 13:00-stjosephs@georgemas,"Primrose, Blake",10091373,Right,STJ_HAW,676b04e1-eeef-464d-a42e-7f5035c02fff,55.26708,-111.62628,10.39325,5.34864,2.12048,-16.96019,1.54312,0.33078,-2.78457,,,,,,,,,,,,,,,,,,,,,,,,,,,,,,,,,,,,,,,,,,,,,,,,,,,High,High,High,,,,,
240,2025-05-04,14:40:51.36,4,2,"Duke, Dylan",10056616,Left,STJ_HAW,"Barenz, Nick",1000218914,Right,GEO_PAT,Undefined,8,Bottom,1,1,0,Slider,Curveball,BallCalled,Undefined,Undefined,Undefined,0,0,,75.95032,2.422045,-0.804514,1915.232313,296.949437,4:00,5.3472,-1.43133,4.99217,-51.28538,-1.51032,5.79886,3.362,-1.7078,70.06797,-6.851431,0.219068,0.507782,,,,,,,,,,,,-3.06874,-0.90362,1.50388,50,5.53866,1.31517,-110.22396,2.86647,-3.8058,18.11092,-33.29468,GEO_PAT,STJ_HAW,SpuhlerFieldMain,D1,A10,20250504-SpuhlerFieldMain-1,4e2fd6b0-2917-11f0-84c1-cbb9d7630631,74.22956,,,5.88235,,,,,,,40d32ed5-cd22-4191-9dae-36c451206e6c,2025-05-04,18:40:51.36,2025-05-04T14:40:51.3613824-04:00,2025-05-04T18:40:51.3613824Z,,v3,471300,471426,04 May 2025 13:00-stjosephs@georgemas,"Primrose, Blake",10091373,Right,STJ_HAW,1023e419-512d-4a6e-8ae8-fb2dddcf3fad,55.51146,-111.12586,9.05546,5.35463,4.5245,-16.64734,1.43367,1.50469,-1.9029,,,,,,,,,,,,,,,,,,,,,,,,,,,,,,,,,,,,,,,,,,,,,,,,,,,High,High,High,,,,,
241,2025-05-04,14:41:11.51,4,3,"Duke, Dylan",10056616,Left,STJ_HAW,"Barenz, Nick",1000218914,Right,GEO_PAT,Undefined,8,Bottom,1,2,0,Fastball,Sinker,BallCalled,Undefined,Undefined,Undefined,0,0,,85.69244,-2.211852,1.510482,1946.295974,132.305591,10:30,5.69939,-1.17656,5.25771,-23.7956,15.43808,-15.49895,1.63639,-1.04855,78.05747,-6.627197,-1.239868,0.450818,,,,,,,,,,,,8.19304,8.76355,1.05002,50,5.47932,-2.59367,-124.18674,-5.60486,12.72223,26.18782,-18.56589,GEO_PAT,STJ_HAW,SpuhlerFieldMain,D1,A10,20250504-SpuhlerFieldMain-1,5a4a97f0-2917-11f0-84c1-cbb9d7630631,83.60906,,,7.63496,,,,,,,40d32ed5-cd22-4191-9dae-36c451206e6c,2025-05-04,18:41:11.51,2025-05-04T14:41:11.5190784-04:00,2025-05-04T18:41:11.5190784Z,,v3,471300,471426,04 May 2025 13:00-stjosephs@georgemas,"Primrose, Blake",10091373,Right,STJ_HAW,bf18e3df-a451-4355-9294-174b84bd3cd8,55.24335,-125.28755,13.09391,5.69851,-4.82444,-9.28295,1.17029,-3.12845,6.36111,,,,,,,,,,,,,,,,,,,,,,,,,,,,,,,,,,,,,,,,,,,,,,,,,,,High,High,High,,,,,
242,2025-05-04,14:41:31.30,4,4,"Duke, Dylan",10056616,Left,STJ_HAW,"Barenz, Nick",1000218914,Right,GEO_PAT,Undefined,8,Bottom,1,3,0,Fastball,Sinker,BallCalled,Walk,Undefined,Undefined,0,0,,85.75719,-1.79344,3.90166,1981.017661,128.309288,10:15,5.6517,-1.27722,5.0212,-25.69434,14.09111,-16.0508,1.81348,1.07305,77.71241,-6.540622,1.074028,0.453977,,,,,,,,,,,,9.11587,7.93024,0.91647,50,5.45936,-7.72495,-123.97158,-4.80512,14.06517,26.76625,-19.93822,GEO_PAT,STJ_HAW,SpuhlerFieldMain,D1,A10,20250504-SpuhlerFieldMain-1,6615d9a0-2917-11f0-84c1-cbb9d7630631,83.02727,,,8.04478,,,,,,,40d32ed5-cd22-4191-9dae-36c451206e6c,2025-05-04,18:41:31.30,2025-05-04T14:41:31.3036800-04:00,2025-05-04T18:41:31.3036800Z,,v3,471300,471426,04 May 2025 13:00-stjosephs@georgemas,"Primrose, Blake",10091373,Right,STJ_HAW,eb9e6176-b699-4d6b-9c6f-8713e616e2aa,55.47914,-125.14897,13.38312,5.65144,-3.92809,-9.96911,1.26988,-8.34364,7.03259,,,,,,,,,,,,,,,,,,,,,,,,,,,,,,,,,,,,,,,,,,,,,,,,,,,High,High,High,,,,,
243,2025-05-04,14:45:16.62,5,1,"Campbell, Jackson",813573,Right,STJ_HAW,"Blanchard, Evan",10073877,Right,GEO_PAT,Undefined,8,Bottom,1,0,0,Slider,Curveball,BallCalled,Undefined,Undefined,Undefined,0,0,,78.92626,1.99413,-1.76552,2416.046288,55.277286,7:45,5.69072,1.80673,4.21489,-50.70554,-3.31937,-6.72032,3.37694,-0.44486,72.99024,-7.023347,-2.934002,0.495447,,,,,,,,,,,,2.79977,-1.70162,-1.6052,50,5.85661,3.82733,-114.44402,1.95864,3.75033,19.14235,-34.4534,GEO_PAT,STJ_HAW,SpuhlerFieldMain,D1,A10,20250504-SpuhlerFieldMain-1,ec4f9330-2917-11f0-84c1-cbb9d7630631,76.07767,,,5.93602,,,,,,,40d32ed5-cd22-4191-9dae-36c451206e6c,2025-05-04,18:45:16.62,2025-05-04T14:45:16.6283264-04:00,2025-05-04T18:45:16.6283264Z,,v3,471300,471426,04 May 2025 13:00-stjosephs@georgemas,"Primrose, Blake",10091373,Right,STJ_HAW,9c24f7da-007d-4e05-afb9-312ed8a7a36b,56.28959,-115.49124,9.57117,5.6979,3.8435,-17.2267,-1.80897,3.62216,1.87516,,,,,,,,,,,,,,,,,,,,,,,,,,,,,,,,,,,,,,,,,,,,,,,,,,,High,High,High,,,,,
244,2025-05-04,14:45:31.50,5,2,"Campbell, Jackson",813573,Right,STJ_HAW,"Blanchard, Evan",10073877,Right,GEO_PAT,Undefined,8,Bottom,1,1,0,Slider,Curveball,StrikeCalled,Undefined,Undefined,Undefined,0,0,,79.35774,2.245497,-1.077886,2545.630179,43.028038,7:30,5.85309,1.77066,4.34778,-61.05712,-14.16017,-14.51135,2.91203,-0.46865,73.21061,-8.594744,-3.611037,0.492883,,,,,,,,,,,,6.73146,-7.05079,-1.63921,50,6.03252,2.81106,-115.10354,2.04544,9.05144,20.90682,-41.65488,GEO_PAT,STJ_HAW,SpuhlerFieldMain,D1,A10,20250504-SpuhlerFieldMain-1,f52f26a0-2917-11f0-84c1-cbb9d7630631,76.47343,,,6.14713,,,,,,,40d32ed5-cd22-4191-9dae-36c451206e6c,2025-05-04,18:45:31.50,2025-05-04T14:45:31.5050496-04:00,2025-05-04T18:45:31.5050496Z,,v3,471300,471426,04 May 2025 13:00-stjosephs@georgemas,"Primrose, Blake",10091373,Right,STJ_HAW,cc654c64-0129-4242-bea1-8e7ca29014ed,56.15973,-116.21697,10.45341,5.86452,4.26386,-20.82744,-1.77608,2.32901,4.52572,,,,,,,,,,,,,,,,,,,,,,,,,,,,,,,,,,,,,,,,,,,,,,,,,,,High,High,High,,,,,
245,2025-05-04,14:45:51.61,5,3,"Campbell, Jackson",813573,Right,STJ_HAW,"Blanchard, Evan",10073877,Right,GEO_PAT,Undefined,8,Bottom,1,1,1,Slider,Curveball,InPlay,Undefined,GroundBall,Out,2,0,,78.97892,2.22968,-1.268552,2466.294943,43.374605,7:30,5.83083,1.69324,4.54669,-61.62543,-14.67828,-15.15517,2.81967,-0.77757,72.99939,-8.741927,-3.923355,0.493147,93.01554,-1.19354,1.349291,1334.983936,,,,41.81683,40.26723,3.581889,0.313023,7.10591,-7.46386,-1.54585,50,6.00363,3.18393,-114.60914,2.05929,9.48062,20.56946,-42.13226,GEO_PAT,STJ_HAW,SpuhlerFieldMain,D1,A10,20250504-SpuhlerFieldMain-1,013ffcd0-2918-11f0-84c1-cbb9d7630631,76.4325,2.76925,,5.97954,,,,1.04379,2.76925,0.8006,40d32ed5-cd22-4191-9dae-36c451206e6c,2025-05-04,18:45:51.61,2025-05-04T14:45:51.6160512-04:00,2025-05-04T18:45:51.6160512Z,GroundBall,v3,471300,471426,04 May 2025 13:00-stjosephs@georgemas,"Primrose, Blake",10091373,Right,STJ_HAW,5ddcd398-8a3f-4b26-8c42-ac9e05d6dbe5,55.96164,-115.67416,10.28473,5.84053,4.24075,-21.06613,-1.69799,2.69305,4.74031,294.75046,1.04807,136.17305,-19.82367,,,,,,,2.77277,-2.99165,-18.77577,,,,,,,0.79726,3.35451,7.8422,,,,,,,,,,,,,,,,,,,,,,,,,,,,,High,High,High,High,High,,,
246,2025-05-04,14:48:11.54,1,1,"Elliot, Daniel",1000023402,Right,GEO_PAT,"Primrose, Blake",10091373,Right,STJ_HAW,Undefined,9,Top,0,0,0,Slider,Curveball,BallCalled,Undefined,Undefined,Undefined,0,0,,77.6402,-0.919909,1.25574,2174.524437,63.368343,8:00,6.1912,0.23131,4.50593,-50.63333,-2.06213,-6.98792,1.09505,0.84555,72.02438,-9.935807,0.029672,0.501604,,,,,,,,,,,,3.77154,-0.41894,-0.35575,50,6.04586,-2.17834,-112.66117,-3.71481,4.87174,19.50567,-32.71519,GEO_PAT,STJ_HAW,SpuhlerFieldMain,D1,A10,20250504-SpuhlerFieldMain-1,54a6b210-2918-11f0-84c1-cbb9d7630631,75.14382,,,5.61582,,,,,,,40d32ed5-cd22-4191-9dae-36c451206e6c,2025-05-04,18:48:11.54,2025-05-04T14:48:11.5407872-04:00,2025-05-04T18:48:11.5407872Z,,v3,471300,471426,04 May 2025 13:00-stjosephs@georgemas,"Barenz, Nick",1000218914,Right,GEO_PAT,a0055c24-029d-407e-967e-6e493210a4a5,55.99912,-113.69508,9.75283,6.1968,-1.98071,-16.3576,-0.23344,-2.43657,2.43587,,,,,,,,,,,,,,,,,,,,,,,,,,,,,,,,,,,,,,,,,,,,,,,,,,,High,High,High,,,,,
247,2025-05-04,14:48:25.51,1,2,"Elliot, Daniel",1000023402,Right,GEO_PAT,"Primrose, Blake",10091373,Right,STJ_HAW,Undefined,9,Top,0,1,0,Slider,Slider,StrikeCalled,Undefined,Undefined,Undefined,0,0,,77.49758,-0.117264,-0.1676,2258.635613,97.087726,9:15,6.30304,0.15896,4.43163,-46.46747,1.99169,-5.39095,2.31888,-0.45018,72.21846,-8.402475,-1.111056,0.501025,,,,,,,,,,,,2.59681,1.3628,-0.13555,50,6.24482,0.55654,-112.56733,-1.986,3.37922,17.71928,-30.40065,GEO_PAT,STJ_HAW,SpuhlerFieldMain,D1,A10,20250504-SpuhlerFieldMain-1,5cfbb8c0-2918-11f0-84c1-cbb9d7630631,75.23065,,,5.27912,,,,,,,40d32ed5-cd22-4191-9dae-36c451206e6c,2025-05-04,18:48:25.51,2025-05-04T14:48:25.5164928-04:00,2025-05-04T18:48:25.5164928Z,,v3,471300,471426,04 May 2025 13:00-stjosephs@georgemas,"Barenz, Nick",1000218914,Right,GEO_PAT,aa0ad7af-2747-4590-ac9b-aa4695f6c7cf,56.07291,-113.51924,8.85964,6.30764,-0.35282,-15.20033,-0.16057,0.375,1.68961,,,,,,,,,,,,,,,,,,,,,,,,,,,,,,,,,,,,,,,,,,,,,,,,,,,High,High,High,,,,,
248,2025-05-04,14:48:37.31,1,3,"Elliot, Daniel",1000023402,Right,GEO_PAT,"Primrose, Blake",10091373,Right,STJ_HAW,Undefined,9,Top,0,1,1,Slider,Slider,InPlay,Undefined,LineDrive,Out,1,0,,78.33377,-0.549728,0.028643,2279.326142,84.020762,8:45,6.36217,-0.00905,4.454,-46.91877,0.67874,-6.49674,1.92801,-0.52313,72.77693,-8.914696,-1.109404,0.496551,95.81191,11.731971,-17.634437,2220.387472,102.88655,9.83676,-38.91462,161.10479,144.08859,-22.514118,1.413733,3.19945,0.80736,0.01279,50,6.25808,0.21758,-113.73437,-2.87556,4.22973,19.04594,-31.1067,GEO_PAT,STJ_HAW,SpuhlerFieldMain,D1,A10,20250504-SpuhlerFieldMain-1,6403f420-2918-11f0-84c1-cbb9d7630631,75.90854,11.0611,,5.55684,,,,2.20989,2.09136,0.47991,40d32ed5-cd22-4191-9dae-36c451206e6c,2025-05-04,18:48:37.31,2025-05-04T14:48:37.3132800-04:00,2025-05-04T18:48:37.3132800Z,LineDrive,v3,471300,471426,04 May 2025 13:00-stjosephs@georgemas,"Barenz, Nick",1000218914,Right,GEO_PAT,8f429cac-9e04-4c40-b07f-3c5367a045e8,56.05085,-114.74317,9.52297,6.36676,-1.22794,-15.55335,0.0072,-0.00646,2.11486,78.22185,2.2099,131.12103,-25.60173,5.65743,-0.69197,-0.7344,0.78694,-0.34,0.05614,2.09136,28.5734,-24.29752,2.74343,-0.58147,0.21515,-0.12714,0.05216,-0.0089,0.47993,-41.68348,-4.41434,2.79596,-0.27284,-0.96059,0.99751,-0.43786,0.07368,,,,,,,,,,,,,,,,,,,,,,,High,High,High,High,High,,,
249,2025-05-04,14:49:05.23,2,1,"Elliot, Daniel",1000023402,Right,GEO_PAT,"Dickinson, Tim",10075773,Left,STJ_HAW,Undefined,9,Top,1,0,0,Fastball,Four-Seam,BallCalled,Undefined,Undefined,Undefined,0,0,,85.27598,0.140296,0.202509,2056.61926,212.555714,1:00,6.21149,0.30399,4.64211,-21.59855,18.91344,11.20528,4.54494,1.43022,77.34674,-3.874091,2.166793,0.458103,,,,,,,,,,,,-5.41721,9.5965,-0.33564,50,6.20724,-0.96082,-123.55725,-0.46114,-8.32339,26.01695,-17.42927,GEO_PAT,STJ_HAW,SpuhlerFieldMain,D1,A10,20250504-SpuhlerFieldMain-1,74a30500-2918-11f0-84c1-cbb9d7630631,82.27941,,,7.92924,,,,,,,40d32ed5-cd22-4191-9dae-36c451206e6c,2025-05-04,18:49:05.23,2025-05-04T14:49:05.2386304-04:00,2025-05-04T18:49:05.2386304Z,,v3,471300,471426,04 May 2025 13:00-stjosephs@georgemas,"Barenz, Nick",1000218914,Right,GEO_PAT,f2e8432a-b33f-4307-ac12-9d4865af6a3a,55.85783,-124.78461,13.00847,6.2096,0.3611,-8.71464,-0.29958,-0.56816,-4.16169,,,,,,,,,,,,,,,,,,,,,,,,,,,,,,,,,,,,,,,,,,,,,,,,,,,High,High,High,,,,,
250,2025-05-04,14:49:16.28,2,2,"Elliot, Daniel",1000023402,Right,GEO_PAT,"Dickinson, Tim",10075773,Left,STJ_HAW,Undefined,9,Top,1,1,0,Fastball,Four-Seam,FoulBallNotFieldable,Undefined,Undefined,Undefined,0,0,,84.45557,-2.188949,-1.47643,2028.71127,205.560338,12:45,6.06132,0.29112,4.60611,-19.92722,21.2306,9.51276,2.31737,-0.32052,77.2276,-5.880482,0.190387,0.46174,100.53026,7.385834,40.148763,3851.092156,,,,127.58487,125.38201,45.086598,0.992349,-5.09792,11.39949,-0.14844,50,5.81834,2.72239,-122.35615,-5.37425,-7.73268,24.01325,-14.88294,GEO_PAT,STJ_HAW,SpuhlerFieldMain,D1,A10,20250504-SpuhlerFieldMain-1,7b3218c0-2918-11f0-84c1-cbb9d7630631,81.63127,6.21903,,7.22798,,,,2.46717,2.4067,0.63011,40d32ed5-cd22-4191-9dae-36c451206e6c,2025-05-04,18:49:16.28,2025-05-04T14:49:16.2814464-04:00,2025-05-04T18:49:16.2814464Z,LineDrive,v3,471300,471426,04 May 2025 13:00-stjosephs@georgemas,"Barenz, Nick",1000218914,Right,GEO_PAT,c9dbcdb4-a8ad-4ed8-8d5e-0953edd3c6eb,55.89619,-123.5079,12.00662,6.05898,-4.66041,-7.44147,-0.28791,3.09327,-3.86634,,2.46717,111.76722,-28.24615,5.64723,-1.22222,0.22017,-0.03528,0.00506,-0.00039,2.4067,18.954,-25.31704,4.75646,-1.21573,0.3162,-0.07386,0.01503,-0.00183,0.63011,94.27943,-2.04615,-2.69274,1.13573,-0.38865,0.10804,-0.02423,0.00311,,,,,,,,,,,,,,,,,,,,,,,High,High,High,High,High,,,
251,2025-05-04,14:49:49.61,2,3,"Elliot, Daniel",1000023402,Right,GEO_PAT,"Dickinson, Tim",10075773,Left,STJ_HAW,Undefined,9,Top,1,1,1,Slider,Changeup,BallCalled,Undefined,Undefined,Undefined,0,0,,78.12547,-1.615861,0.015789,1674.178187,226.020141,1:30,5.79483,0.60661,4.81109,-33.96876,14.23387,12.98398,1.43282,1.70357,71.0472,-7.824226,2.302235,0.499697,,,,,,,,,,,,-6.38126,7.99662,-0.62007,50,5.60549,-0.57795,-113.12912,-4.35252,-8.18167,22.69178,-21.92127,GEO_PAT,STJ_HAW,SpuhlerFieldMain,D1,A10,20250504-SpuhlerFieldMain-1,8f07c390-2918-11f0-84c1-cbb9d7630631,75.43057,,,7.07827,,,,,,,40d32ed5-cd22-4191-9dae-36c451206e6c,2025-05-04,18:49:49.61,2025-05-04T14:49:49.6152064-04:00,2025-05-04T18:49:49.6152064Z,,v3,471300,471426,04 May 2025 13:00-stjosephs@georgemas,"Barenz, Nick",1000218914,Right,GEO_PAT,32627788-e96e-4b44-9509-01bbfd3dcaad,55.68842,-114.26443,11.34589,5.79582,-3.25577,-10.96063,-0.60139,-0.16861,-4.09083,,,,,,,,,,,,,,,,,,,,,,,,,,,,,,,,,,,,,,,,,,,,,,,,,,,High,High,High,,,,,
252,2025-05-04,14:50:00.99,2,4,"Elliot, Daniel",1000023402,Right,GEO_PAT,"Dickinson, Tim",10075773,Left,STJ_HAW,Undefined,9,Top,1,2,1,ChangeUp,Changeup,BallCalled,Undefined,Undefined,Undefined,0,0,,78.49185,-2.254543,-1.782592,1752.419544,228.94533,1:45,5.93643,0.61838,4.96197,-33.75927,13.19174,13.43414,0.99101,0.05321,72.28932,-8.395557,0.589767,0.493167,,,,,,,,,,,,-7.21453,7.5752,-0.45758,50,5.69045,3.00174,-113.79392,-5.63047,-9.47707,20.52581,-22.22317,GEO_PAT,STJ_HAW,SpuhlerFieldMain,D1,A10,20250504-SpuhlerFieldMain-1,95e349a0-2918-11f0-84c1-cbb9d7630631,76.42941,,,6.20253,,,,,,,40d32ed5-cd22-4191-9dae-36c451206e6c,2025-05-04,18:50:00.99,2025-05-04T14:50:00.9983488-04:00,2025-05-04T18:50:00.9983488Z,,v3,471300,471426,04 May 2025 13:00-stjosephs@georgemas,"Barenz, Nick",1000218914,Right,GEO_PAT,d08b13d8-bef5-4102-a0f9-fc1a000fb384,55.54139,-114.78911,10.2629,5.93732,-4.55298,-11.11159,-0.61426,3.46123,-4.73853,,,,,,,,,,,,,,,,,,,,,,,,,,,,,,,,,,,,,,,,,,,,,,,,,,,High,High,High,,,,,
253,2025-05-04,14:50:14.97,2,5,"Elliot, Daniel",1000023402,Right,GEO_PAT,"Dickinson, Tim",10075773,Left,STJ_HAW,Undefined,9,Top,1,3,1,Fastball,Four-Seam,InPlay,Undefined,Popup,Out,1,0,,85.51722,-2.124431,-1.747181,2122.721952,214.158028,1:15,6.07214,0.40449,4.56154,-20.14269,20.26544,12.81705,2.36977,-0.19083,77.8125,-5.859004,0.496682,0.457516,83.33509,56.933681,-26.519176,,82.95434,123.49166,-72.23942,193.07557,193.07557,-45.924246,5.557396,-6.79197,10.91075,-0.23599,50,5.83373,3.17914,-123.80245,-5.30982,-10.49661,25.69515,-15.31214,GEO_PAT,STJ_HAW,SpuhlerFieldMain,D1,A10,20250504-SpuhlerFieldMain-1,9e2f9dc0-2918-11f0-84c1-cbb9d7630631,82.38505,123.4987,,7.70471,,,,1.90621,2.55408,0.044,40d32ed5-cd22-4191-9dae-36c451206e6c,2025-05-04,18:50:14.97,2025-05-04T14:50:14.9707776-04:00,2025-05-04T18:50:14.9707776Z,FlyBall,v3,471300,471426,04 May 2025 13:00-stjosephs@georgemas,"Barenz, Nick",1000218914,Right,GEO_PAT,711a3e78-b451-4f6d-a896-f4aac3b87c6d,55.93992,-125.02921,12.84758,6.06978,-4.57878,-7.65607,-0.39973,3.68028,-5.2483,156.264815,1.90539,59.6087,-20.63003,5.52024,-0.45139,-0.28532,0.11169,-0.01585,0.00081,2.53408,102.78635,-27.93369,4.46717,-1.48609,0.40054,-0.06094,0.00416,-8E-05,0.04928,-29.89668,-0.22378,0.32793,0.31505,-0.24166,0.06816,-0.00886,0.00044,,,,,,,,,,,,,,,,,,,,,,,High,High,High,High,Low,,,
254,2025-05-04,14:50:46.84,3,1,"Elliot, Daniel",1000023402,Right,GEO_PAT,"Duda, Aidan",10915287,Right,STJ_HAW,Undefined,9,Top,2,0,0,Fastball,Four-Seam,StrikeCalled,Undefined,Undefined,Undefined,0,0,,85.89464,-2.443216,-0.972246,2129.379764,210.473814,1:00,6.13961,-0.12002,4.67877,-18.55517,21.46942,11.80379,2.27125,-0.05981,77.89462,-5.91157,1.099278,0.455339,,,,,,,,,,,,-6.07717,11.65351,0.20759,50,5.87527,1.55711,-124.31307,-5.93282,-9.43389,26.77889,-14.08365,GEO_PAT,STJ_HAW,SpuhlerFieldMain,D1,A10,20250504-SpuhlerFieldMain-1,b132dd60-2918-11f0-84c1-cbb9d7630631,82.77882,,,8.00003,,,,,,,40d32ed5-cd22-4191-9dae-36c451206e6c,2025-05-04,18:50:46.84,2025-05-04T14:50:46.8478464-04:00,2025-05-04T18:50:46.8478464Z,,v3,471300,471426,04 May 2025 13:00-stjosephs@georgemas,"Barenz, Nick",1000218914,Right,GEO_PAT,4e7ee19b-62d8-43f0-ba0b-7e4caa1f9658,55.82134,-125.56081,13.38945,6.13642,-5.27661,-7.04183,0.1248,1.99668,-4.71694,,,,,,,,,,,,,,,,,,,,,,,,,,,,,,,,,,,,,,,,,,,,,,,,,,,High,High,High,,,,,
255,2025-05-04,14:50:58.97,3,2,"Elliot, Daniel",1000023402,Right,GEO_PAT,"Duda, Aidan",10915287,Right,STJ_HAW,Undefined,9,Top,2,0,1,Fastball,Four-Seam,BallCalled,Undefined,Undefined,Undefined,0,0,,85.5105,-0.985405,-1.868753,2150.98911,211.448117,1:00,6.1841,-0.13369,4.6769,-20.61765,19.62194,11.16438,3.52949,-0.9788,77.65017,-4.822005,0.089208,0.45656,,,,,,,,,,,,-6.00166,10.28079,0.31328,50,6.06617,3.5176,-123.83815,-2.85085,-9.27621,25.81797,-16.28402,GEO_PAT,STJ_HAW,SpuhlerFieldMain,D1,A10,20250504-SpuhlerFieldMain-1,b85334a0-2918-11f0-84c1-cbb9d7630631,82.55742,,,7.86033,,,,,,,40d32ed5-cd22-4191-9dae-36c451206e6c,2025-05-04,18:50:58.97,2025-05-04T14:50:58.9762560-04:00,2025-05-04T18:50:58.9762560Z,,v3,471300,471426,04 May 2025 13:00-stjosephs@georgemas,"Barenz, Nick",1000218914,Right,GEO_PAT,17ef687b-30b1-4347-aaa4-ea141e92d1cf,55.82306,-125.04626,12.90898,6.18175,-2.08887,-8.14201,0.13852,3.95166,-4.63811,,,,,,,,,,,,,,,,,,,,,,,,,,,,,,,,,,,,,,,,,,,,,,,,,,,High,High,High,,,,,
256,2025-05-04,14:51:12.84,3,3,"Elliot, Daniel",1000023402,Right,GEO_PAT,"Duda, Aidan",10915287,Right,STJ_HAW,Undefined,9,Top,2,1,1,Slider,Slider,StrikeCalled,Undefined,Undefined,Undefined,0,0,,77.84919,-0.341112,-1.504268,2288.908134,121.300975,10:00,6.10417,0.14091,4.6238,-45.58026,2.6298,-1.90642,1.98142,-1.44835,71.84194,-8.521299,-1.838863,0.499736,,,,,,,,,,,,0.53032,1.81417,0.01552,50,6.02717,3.04568,-112.91186,-2.35984,0.687,19.88732,-29.82381,GEO_PAT,STJ_HAW,SpuhlerFieldMain,D1,A10,20250504-SpuhlerFieldMain-1,c0a26ef0-2918-11f0-84c1-cbb9d7630631,75.42477,,,6.00725,,,,,,,40d32ed5-cd22-4191-9dae-36c451206e6c,2025-05-04,18:51:12.84,2025-05-04T14:51:12.8402944-04:00,2025-05-04T18:51:12.8402944Z,,v3,471300,471426,04 May 2025 13:00-stjosephs@georgemas,"Barenz, Nick",1000218914,Right,GEO_PAT,7f47883d-b062-4167-91f7-501130be794c,55.87863,-113.94257,9.94366,6.10942,-0.81415,-14.91191,-0.14141,3.01007,0.3435,,,,,,,,,,,,,,,,,,,,,,,,,,,,,,,,,,,,,,,,,,,,,,,,,,,High,High,High,,,,,
257,2025-05-04,14:51:26.73,3,4,"Elliot, Daniel",1000023402,Right,GEO_PAT,"Duda, Aidan",10915287,Right,STJ_HAW,Undefined,9,Top,2,1,2,Fastball,Four-Seam,BallCalled,Undefined,Undefined,Undefined,0,0,,84.78864,2.094667,-1.733928,2033.208233,203.381065,12:45,6.34439,0.34243,4.44274,-20.49651,21.16344,8.51123,6.63611,-0.60269,76.11809,-1.745655,-0.248691,0.464548,,,,,,,,,,,,-4.63571,9.98914,-0.16756,50,6.54804,3.2969,-122.53777,3.78035,-6.96354,26.93784,-17.16888,GEO_PAT,STJ_HAW,SpuhlerFieldMain,D1,A10,20250504-SpuhlerFieldMain-1,c8dfcef0-2918-11f0-84c1-cbb9d7630631,81.13784,,,8.67055,,,,,,,40d32ed5-cd22-4191-9dae-36c451206e6c,2025-05-04,18:51:26.73,2025-05-04T14:51:26.7322368-04:00,2025-05-04T18:51:26.7322368Z,,v3,471300,471426,04 May 2025 13:00-stjosephs@georgemas,"Barenz, Nick",1000218914,Right,GEO_PAT,4eaa25f1-c0c6-4bca-a52d-b49755c878be,56.05414,-123.86152,13.46892,6.34154,4.62404,-8.58444,-0.33798,3.6391,-3.48177,,,,,,,,,,,,,,,,,,,,,,,,,,,,,,,,,,,,,,,,,,,,,,,,,,,High,High,High,,,,,
258,2025-05-04,14:51:43.47,3,5,"Elliot, Daniel",1000023402,Right,GEO_PAT,"Duda, Aidan",10915287,Right,STJ_HAW,Undefined,9,Top,2,2,2,Slider,Slider,BallCalled,Undefined,Undefined,Undefined,0,0,,79.22614,0.85222,-0.252491,2304.337598,87.638815,9:00,6.29284,-0.10297,4.59226,-45.06483,1.14287,-3.58016,3.34817,-0.64149,73.44916,-7.2303,-0.880354,0.489247,,,,,,,,,,,,1.68965,0.73807,0.13258,50,6.33873,0.66103,-115.04955,-0.00399,2.29152,18.97344,-31.17307,GEO_PAT,STJ_HAW,SpuhlerFieldMain,D1,A10,20250504-SpuhlerFieldMain-1,d2df2a40-2918-11f0-84c1-cbb9d7630631,77.04168,,,5.77698,,,,,,,40d32ed5-cd22-4191-9dae-36c451206e6c,2025-05-04,18:51:43.47,2025-05-04T14:51:43.4751488-04:00,2025-05-04T18:51:43.4751488Z,,v3,471300,471426,04 May 2025 13:00-stjosephs@georgemas,"Barenz, Nick",1000218914,Right,GEO_PAT,f24f209a-a4aa-4c08-b73f-284d98b0415e,55.91144,-116.02034,9.48672,6.29813,1.591,-15.58654,0.10176,0.54379,1.14576,,,,,,,,,,,,,,,,,,,,,,,,,,,,,,,,,,,,,,,,,,,,,,,,,,,High,High,High,,,,,
259,2025-05-04,14:52:00.46,3,6,"Elliot, Daniel",1000023402,Right,GEO_PAT,"Duda, Aidan",10915287,Right,STJ_HAW,Undefined,9,Top,2,3,2,Fastball,Four-Seam,InPlay,Undefined,FlyBall,Out,1,0,,86.3739,-1.778347,-0.791386,2107.892119,203.393356,12:45,6.12519,0.07396,4.55597,-21.09009,18.37784,7.38902,2.67425,-0.06363,78.82707,-5.667554,0.502611,0.452162,98.18555,38.377344,-22.350389,3207.982221,102.76365,90.62246,-39.23738,316.23803,247.50901,-20.207328,5.984572,-3.85508,9.85898,0.0008,50,5.92157,1.38308,-125.15167,-4.66283,-6.10526,25.60578,-16.56047,GEO_PAT,STJ_HAW,SpuhlerFieldMain,D1,A10,20250504-SpuhlerFieldMain-1,dd154d00-2918-11f0-84c1-cbb9d7630631,83.36054,125.65502,,7.54683,,,,1.68503,3.68732,0.76787,40d32ed5-cd22-4191-9dae-36c451206e6c,2025-05-04,18:52:00.46,2025-05-04T14:52:00.4658176-04:00,2025-05-04T18:52:00.4658176Z,FlyBall,v3,471300,471426,04 May 2025 13:00-stjosephs@georgemas,"Barenz, Nick",1000218914,Right,GEO_PAT,dcf60b85-c3f2-4402-a5d1-316c4ea6c2ff,55.94586,-126.36232,12.80289,6.12352,-3.87984,-8.28024,-0.07142,1.67174,-3.05263,183.672512,1.69334,104.26219,-27.33134,7.08046,-1.26947,0.14148,-0.00763,6E-05,1E-05,3.68258,89.47764,-17.23667,-0.27023,0.47616,-0.16788,0.03434,-0.00376,0.00016,0.7642,-42.86261,12.68659,-3.45509,0.6596,-0.08218,0.00576,-0.00018,0,,,,,,,,,,,,,,,,,,,,,,,High,High,High,Medium,Medium,,,