PitchNo,Date,Time,PAofInning,PitchofPA,Pitcher,PitcherId,PitcherThrows,PitcherTeam,Batter,BatterId,BatterSide,BatterTeam,PitcherSet,Inning,Top/Bottom,Outs,Balls,Strikes,TaggedPitchType,AutoPitchType,PitchCall,KorBB,TaggedHitType,PlayResult,OutsOnPlay,RunsScored,Notes,RelSpeed,VertRelAngle,HorzRelAngle,SpinRate,SpinAxis,Tilt,RelHeight,RelSide,Extension,VertBreak,InducedVertBreak,HorzBreak,PlateLocHeight,PlateLocSide,ZoneSpeed,VertApprAngle,HorzApprAngle,ZoneTime,ExitSpeed,Angle,Direction,HitSpinRate,PositionAt110X,PositionAt110Y,PositionAt110Z,Distance,LastTrackedDistance,Bearing,HangTime,pfxx,pfxz,x0,y0,z0,vx0,vy0,vz0,ax0,ay0,az0,HomeTeam,AwayTeam,Stadium,Level,League,GameID,PitchUID,EffectiveVelo,MaxHeight,MeasuredDuration,SpeedDrop,PitchLastMeasuredX,PitchLastMeasuredY,PitchLastMeasuredZ,ContactPositionX,ContactPositionY,ContactPositionZ,GameUID,UTCDate,UTCTime,LocalDateTime,UTCDateTime,AutoHitType,System,HomeTeamForeignID,AwayTeamForeignID,GameForeignID,Catcher,CatcherId,CatcherThrows,CatcherTeam,PlayID,PitchTrajectoryXc0,PitchTrajectoryXc1,PitchTrajectoryXc2,PitchTrajectoryYc0,PitchTrajectoryYc1,PitchTrajectoryYc2,PitchTrajectoryZc0,PitchTrajectoryZc1,PitchTrajectoryZc2,HitSpinAxis,HitTrajectoryXc0,HitTrajectoryXc1,HitTrajectoryXc2,HitTrajectoryXc3,HitTrajectoryXc4,HitTrajectoryXc5,HitTrajectoryXc6,HitTrajectoryXc7,HitTrajectoryXc8,HitTrajectoryYc0,HitTrajectoryYc1,HitTrajectoryYc2,HitTrajectoryYc3,HitTrajectoryYc4,HitTrajectoryYc5,HitTrajectoryYc6,HitTrajectoryYc7,HitTrajectoryYc8,HitTrajectoryZc0,HitTrajectoryZc1,HitTrajectoryZc2,HitTrajectoryZc3,HitTrajectoryZc4,HitTrajectoryZc5,HitTrajectoryZc6,HitTrajectoryZc7,HitTrajectoryZc8,ThrowSpeed,PopTime,ExchangeTime,TimeToBase,CatchPositionX,CatchPositionY,CatchPositionZ,ThrowPositionX,ThrowPositionY,ThrowPositionZ,BasePositionX,BasePositionY,BasePositionZ,ThrowTrajectoryXc0,ThrowTrajectoryXc1,ThrowTrajectoryXc2,ThrowTrajectoryYc0,ThrowTrajectoryYc1,ThrowTrajectoryYc2,ThrowTrajectoryZc0,ThrowTrajectoryZc1,ThrowTrajectoryZc2,PitchReleaseConfidence,PitchLocationConfidence,PitchMovementConfidence,HitLaunchConfidence,HitLandingConfidence,CatcherThrowCatchConfidence,CatcherThrowReleaseConfidence,CatcherThrowLocationConfidence
1,2025-10-25,11:29:27.66,1,1,"Thomas, Parker",814826,Right,GEO_PAT,"Clyne , Owen",1000230336,Left,GEO_PAT,Undefined,1,Top,0,0,0,Fastball,Changeup,BallCalled,Undefined,Undefined,Undefined,0,0,,86.81478,-2.903599,-4.421499,1744.364058,245.442844,2:15,5.54502,2.59226,6.47474,-26.54474,10.32871,19.71466,0.65615,0.16652,78.75049,-7.904744,-0.852188,0.437047,,,,,,,,,,,,-11.78528,6.69607,-2.28879,50,5.32799,8.97986,-125.66132,-7.15971,-18.60829,28.44219,-21.60137,GEO_PAT,GEO_PAT,SpuhlerFieldMain,TeamExclusive,Team,20251025-SpuhlerFieldMain-Private-1,65377470-b1b7-11f0-a778-c7ed5b55c38a,86.24341,,,8.0643,,,,,,,725e81a6-ec22-4817-99f1-2faee8aa9fef,2025-10-25,15:29:27.66,2025-10-25T11:29:27.6624896-04:00,2025-10-25T15:29:27.6624896Z,,v3,471300,471300,,"McCarthy, Jack",1000469298,,GEO_PAT,0ca38f74-aa8f-491d-9ff9-6accedb91d03,54.02822,-126.56978,14.22109,5.54566,-6.46974,-10.80069,-2.58511,9.57422,-9.30415,,,,,,,,,,,,,,,,,,,,,,,,,,,,,,,,,,,,,,,,,,,,,,,,,,,High,High,High,,,,,
2,2025-10-25,11:29:41.04,1,2,"Thomas, Parker",814826,Right,GEO_PAT,"Rozich, Landen",1000469268,Right,GEO_PAT,Undefined,1,Top,0,1,0,ChangeUp,Slider,StrikeCalled,Undefined,Undefined,Undefined,0,0,,82.73433,-1.053798,-2.318825,2077.901917,199.951357,12:45,5.67074,2.8179,6.21472,-30.40639,9.82815,3.11961,2.16341,0.93666,76.09206,-6.724501,-1.755758,0.456532,,,,,,,,,,,,-2.24126,5.76922,-2.64547,50,5.57646,4.74932,-120.17859,-3.11721,-3.28636,22.72186,-23.71464,GEO_PAT,GEO_PAT,SpuhlerFieldMain,TeamExclusive,Team,20251025-SpuhlerFieldMain-Private-1,6d1ec530-b1b7-11f0-a778-c7ed5b55c38a,82.5626,,,6.64227,,,,,,,725e81a6-ec22-4817-99f1-2faee8aa9fef,2025-10-25,15:29:41.04,2025-10-25T11:29:41.0453504-04:00,2025-10-25T15:29:41.0453504Z,,v3,471300,471300,,"McCarthy, Jack",1000469298,,GEO_PAT,54c63dcb-607a-400a-9ab6-78a7bcf3f47c,54.2865,-120.98631,11.36093,5.67229,-2.2742,-11.85732,-2.81638,4.86615,-1.64318,,,,,,,,,,,,,,,,,,,,,,,,,,,,,,,,,,,,,,,,,,,,,,,,,,,High,High,High,,,,,
3,2025-10-25,11:29:59.22,1,3,"Thomas, Parker",814826,Right,GEO_PAT,"Rozich, Landen",1000469268,Right,GEO_PAT,Undefined,1,Top,0,1,1,Cutter,Changeup,BallCalled,Undefined,Undefined,Undefined,0,0,,82.83697,-0.779907,-1.92146,2034.699288,207.353781,1:00,5.7686,2.61349,6.26165,-29.02809,11.55544,5.24469,2.63001,1.27814,75.1089,-6.248931,-0.973683,0.458507,,,,,,,,,,,,-3.29858,6.66882,-2.47331,50,5.69671,3.83051,-120.19796,-2.47477,-4.77045,25.78776,-22.52948,GEO_PAT,GEO_PAT,SpuhlerFieldMain,TeamExclusive,Team,20251025-SpuhlerFieldMain-Private-1,77f100e0-b1b7-11f0-a778-c7ed5b55c38a,82.20685,,,7.72808,,,,,,,725e81a6-ec22-4817-99f1-2faee8aa9fef,2025-10-25,15:29:59.22,2025-10-25T11:29:59.2288256-04:00,2025-10-25T15:29:59.2288256Z,,v3,471300,471300,,"McCarthy, Jack",1000469298,,GEO_PAT,9a88fc04-2341-43bf-9d0a-4df49ab67f3d,54.2368,-121.10353,12.89388,5.76972,-1.68362,-11.26474,-2.61076,3.99803,-2.38522,,,,,,,,,,,,,,,,,,,,,,,,,,,,,,,,,,,,,,,,,,,,,,,,,,,High,High,High,,,,,
4,2025-10-25,11:30:16.04,1,4,"Thomas, Parker",814826,Right,GEO_PAT,"Rozich, Landen",1000469268,Right,GEO_PAT,Undefined,1,Top,0,2,1,Sweeper,Curveball,BallCalled,Undefined,Undefined,Undefined,0,0,,73.95384,0.487194,-0.925224,2165.353791,88.209932,9:00,5.60346,2.74597,5.84574,-50.30448,1.02331,-19.20229,1.86427,0.28586,68.02345,-8.748391,-4.371617,0.515641,,,,,,,,,,,,9.58158,0.8476,-2.6592,50,5.61357,2.40418,-107.45124,-0.5792,11.13858,19.60577,-31.18869,GEO_PAT,GEO_PAT,SpuhlerFieldMain,TeamExclusive,Team,20251025-SpuhlerFieldMain-Private-1,821e4a00-b1b7-11f0-a778-c7ed5b55c38a,73.09818,,,5.93039,,,,,,,725e81a6-ec22-4817-99f1-2faee8aa9fef,2025-10-25,15:30:16.04,2025-10-25T11:30:16.0414208-04:00,2025-10-25T15:30:16.0414208Z,,v3,471300,471300,,"McCarthy, Jack",1000469298,,GEO_PAT,bccdbe26-8150-47f8-b02b-18c5e925d19b,54.65819,-108.29785,9.80288,5.6095,0.76758,-15.59435,-2.75263,1.9232,5.56929,,,,,,,,,,,,,,,,,,,,,,,,,,,,,,,,,,,,,,,,,,,,,,,,,,,High,High,High,,,,,
5,2025-10-25,11:30:32.30,1,5,"Thomas, Parker",814826,Right,GEO_PAT,"Rozich, Landen",1000469268,Right,GEO_PAT,Undefined,1,Top,0,3,1,Sweeper,Curveball,StrikeCalled,Undefined,Undefined,Undefined,1,0,,75.72112,-0.083522,-1.660745,2154.346471,90.639031,9:00,5.63977,2.6599,6.06777,-47.18605,1.97043,-23.09899,1.63027,-0.80241,68.97122,-8.80029,-5.819388,0.504617,,,,,,,,,,,,11.26953,1.61508,-2.5196,50,5.60888,4.01774,-109.88768,-1.55014,13.53,22.76521,-30.23499,GEO_PAT,GEO_PAT,SpuhlerFieldMain,TeamExclusive,Team,20251025-SpuhlerFieldMain-Private-1,8bb2fca0-b1b7-11f0-a778-c7ed5b55c38a,74.69515,,,6.74991,,,,,,,725e81a6-ec22-4817-99f1-2faee8aa9fef,2025-10-25,15:30:32.30,2025-10-25T11:30:32.3030000-04:00,2025-10-25T15:30:32.3030000Z,,v3,471300,471300,,"McCarthy, Jack",1000469298,,GEO_PAT,98dc95cb-251e-44a4-97bc-2d8edfc51d62,54.43361,-110.80238,11.3826,5.64676,-0.33531,-15.1175,-2.67011,3.47411,6.765,,,,,,,,,,,,,,,,,,,,,,,,,,,,,70.34976,2.56678,1.660774,0.906006,-1.62951,1.14106,1.11937,-1.59245,5.24229,6.12581,66.95578,6.72445,57.8279,-1.51321,84.15887,-9.44075,5.26711,13.8155,-13.46063,6.10222,56.85601,0.24995,High,High,High,,,High,High,High
6,2025-10-25,11:31:04.73,1,6,"Thomas, Parker",814826,Right,GEO_PAT,"Bagnerise , Julius",1000469309,Right,GEO_PAT,Undefined,1,Top,1,0,0,Cutter,Slider,InPlay,Undefined,Popup,Out,1,0,,81.8855,-0.786829,-2.422029,2092.053739,166.774833,11:30,5.48608,2.92738,6.14681,-32.35025,8.94067,-1.79784,2.06243,0.53806,75.17127,-6.807824,-2.745975,0.462486,71.38187,65.899868,-7.894724,,,,,111.5262,55.24395,-23.578718,5.223767,0.25736,5.21677,-2.74189,50,5.40931,5.09584,-118.93021,-2.59935,0.36824,23.03132,-24.71006,GEO_PAT,GEO_PAT,SpuhlerFieldMain,TeamExclusive,Team,20251025-SpuhlerFieldMain-Private-1,9f188080-b1b7-11f0-a778-c7ed5b55c38a,81.49961,112.58618,,6.71423,,,,2.36231,3.14187,-1.00144,725e81a6-ec22-4817-99f1-2faee8aa9fef,2025-10-25,15:31:04.73,2025-10-25T11:31:04.7382528-04:00,2025-10-25T15:31:04.7382528Z,Popup,v3,471300,471300,,"McCarthy, Jack",1000469298,,GEO_PAT,93bbee6d-044c-4cf0-8368-f7659387b7c0,54.35593,-119.77078,11.51566,5.48772,-1.69751,-12.35503,-2.92763,5.0824,0.18412,168.19706,2.36051,42.35207,-14.70094,4.51339,-0.76751,-0.00993,0.03768,-0.00722,0.00045,3.1231,95.93367,-26.70197,4.75977,-2.04508,0.71491,-0.14995,0.01617,-0.00069,-1.00694,-5.77285,-3.36582,1.89308,-0.74019,0.20318,-0.03359,0.00284,-9E-05,,,,,,,,,,,,,,,,,,,,,,,High,High,High,Medium,Low,,,
7,2025-10-25,11:31:40.60,2,1,"Thomas, Parker",814826,Right,GEO_PAT,"Clyne , Owen",1000230336,Left,GEO_PAT,Undefined,1,Top,2,0,0,Cutter,Slider,StrikeSwinging,Undefined,Undefined,Undefined,0,0,,82.93373,-2.287051,-2.751088,2065.199642,185.541128,12:15,5.7102,2.46483,6.2863,-31.40974,8.80138,0.72791,0.98131,-0.01201,76.1076,-8.131383,-2.61953,0.456399,,,,,,,,,,,,-1.17878,5.60807,-2.26223,50,5.52602,5.75655,-120.34146,-5.73448,-1.72188,24.20521,-23.98216,GEO_PAT,GEO_PAT,SpuhlerFieldMain,TeamExclusive,Team,20251025-SpuhlerFieldMain-Private-1,b47874d0-b1b7-11f0-a778-c7ed5b55c38a,82.58664,,,6.82613,,,,,,,725e81a6-ec22-4817-99f1-2faee8aa9fef,2025-10-25,15:31:40.60,2025-10-25T11:31:40.6085120-04:00,2025-10-25T15:31:40.6085120Z,,v3,471300,471300,,"McCarthy, Jack",1000469298,,GEO_PAT,e09b2ba9-3354-43ad-b2d5-6a77a6873408,54.21652,-121.1866,12.10261,5.71163,-4.89713,-11.99108,-2.46428,5.81667,-0.86094,,,,,,,,,,,,,,,,,,,,,,,,,,,,,,,,,,,,,,,,,,,,,,,,,,,High,High,High,,,,,
8,2025-10-25,11:31:59.01,2,2,"Thomas, Parker",814826,Right,GEO_PAT,"Clyne , Owen",1000230336,Left,GEO_PAT,Undefined,1,Top,2,0,1,Sweeper,Slider,FoulBallNotFieldable,Undefined,Undefined,Undefined,0,0,,76.28464,0.547649,-0.815782,2243.43353,88.618913,9:00,5.4881,2.73876,5.75642,-47.6427,1.0091,-24.68635,2.02775,-0.0779,69.77293,-8.202514,-5.236891,0.50202,,,,,,,,,,,,12.46142,0.73858,-2.65532,50,5.5043,2.4623,-110.79431,-0.4061,15.30773,21.96518,-31.26678,GEO_PAT,GEO_PAT,SpuhlerFieldMain,TeamExclusive,Team,20251025-SpuhlerFieldMain-Private-1,bf782920-b1b7-11f0-a778-c7ed5b55c38a,75.08158,,,6.51172,,,,,,,725e81a6-ec22-4817-99f1-2faee8aa9fef,2025-10-25,15:31:59.01,2025-10-25T11:31:59.0192640-04:00,2025-10-25T15:31:59.0192640Z,,v3,471300,471300,,"McCarthy, Jack",1000469298,,GEO_PAT,de355ec2-2dda-4bc2-8a20-b3b38cf93cbc,54.74846,-111.73173,10.98259,5.49316,0.9283,-15.63339,-2.74646,1.809,7.65387,,,,,,,,,,,,,,,,,,,,,,,,,,,,,,,,,,,,,,,,,,,,,,,,,,,High,High,High,,,,,
9,2025-10-25,11:32:40.24,2,3,"Thomas, Parker",814826,Right,GEO_PAT,"O'Hara, Austin",10144739,Right,GEO_PAT,Undefined,1,Top,2,0,2,Sweeper,Curveball,StrikeSwinging,Strikeout,Undefined,Undefined,0,0,,76.52773,-0.84362,-1.932794,2185.454349,76.929002,8:30,5.78999,2.46711,6.10824,-51.00652,-3.17571,-20.47706,0.7588,-1.02736,70.28274,-10.197987,-5.626594,0.497766,,,,,,,,,,,,10.04414,-0.96472,-2.30779,50,5.69845,4.45547,-111.13754,-3.14884,12.38721,22.51026,-33.36383,GEO_PAT,GEO_PAT,SpuhlerFieldMain,TeamExclusive,Team,20251025-SpuhlerFieldMain-Private-1,d80f53a0-b1b7-11f0-a778-c7ed5b55c38a,75.7232,,,6.24499,,,,,,,725e81a6-ec22-4817-99f1-2faee8aa9fef,2025-10-25,15:32:40.24,2025-10-25T11:32:40.2455040-04:00,2025-10-25T15:32:40.2455040Z,,v3,471300,471300,,"McCarthy, Jack",1000469298,,GEO_PAT,f94c44f5-df68-439c-bb82-3b438137ef98,54.39641,-112.02447,11.25513,5.79662,-1.83427,-16.68191,-2.47372,3.9674,6.19361,,,,,,,,,,,,,,,,,,,,,,,,,,,,,,,,,,,,,,,,,,,,,,,,,,,High,High,High,,,,,
10,2025-10-25,11:35:26.13,1,1,"Hsu, Brandon",1000121044,Right,GEO_PAT,"Blanchard, Evan",10073877,Right,GEO_PAT,Undefined,1,Bottom,0,0,0,Fastball,Four-Seam,InPlay,Undefined,GroundBall,Single,0,0,,85.02121,-1.382918,-3.415677,2040.658082,218.722123,1:15,5.63446,1.84272,5.77999,-18.1295,21.73954,16.153,2.83434,0.00678,75.78432,-4.895099,-0.529145,0.454453,94.89824,-1.527514,-38.253648,4211.947824,,,,43.2071,40.64606,-36.765779,0.312196,-9.45382,12.01213,-1.57045,50,5.50968,6.6697,-122.96351,-3.45064,-14.10477,30.18369,-14.25235,GEO_PAT,GEO_PAT,SpuhlerFieldMain,TeamExclusive,Team,20251025-SpuhlerFieldMain-Private-1,3ad08bd0-b1b8-11f0-a778-c7ed5b55c38a,82.94015,2.93144,,9.2369,,,,2.55704,2.93144,0.07546,725e81a6-ec22-4817-99f1-2faee8aa9fef,2025-10-25,15:35:26.13,2025-10-25T11:35:26.1388288-04:00,2025-10-25T15:35:26.1388288Z,GroundBall,v3,471300,471300,,"Cowdrey, Vincent",1000469295,Right,GEO_PAT,4d78f8a8-72c5-43c9-a8dd-ebe3c188fc2e,54.71904,-124.11648,15.09184,5.63109,-2.90622,-7.12617,-1.83552,7.20848,-7.05239,,2.56313,108.99866,-20.36734,,,,,,,2.9349,-3.85859,-17.78666,,,,,,,0.07362,-86.06569,9.60427,,,,,,,,,,,,,,,,,,,,,,,,,,,,,High,High,High,High,High,,,
11,2025-10-25,11:36:09.73,2,1,"Hsu, Brandon",1000121044,Right,GEO_PAT,"Tignor, Laken",1000091229,Right,GEO_PAT,Undefined,1,Bottom,0,0,0,Slider,Curveball,BallCalled,Undefined,Undefined,Undefined,0,0,,75.41286,3.226234,-1.959309,2177.202394,104.479225,9:30,5.4638,2.52652,4.97315,-46.32904,6.01544,-15.52233,4.65547,-0.61844,67.30968,-5.281028,-4.689283,0.520723,,,,,,,,,,,,6.935,2.41618,-2.32375,50,5.73896,4.35948,-108.863,4.58787,8.109,23.67679,-29.34884,GEO_PAT,GEO_PAT,SpuhlerFieldMain,TeamExclusive,Team,20251025-SpuhlerFieldMain-Private-1,54d21bc0-b1b8-11f0-a778-c7ed5b55c38a,72.3848,,,8.10318,,,,,,,725e81a6-ec22-4817-99f1-2faee8aa9fef,2025-10-25,15:36:09.73,2025-10-25T11:36:09.7310000-04:00,2025-10-25T15:36:09.7310000Z,,v3,471300,471300,,"Cowdrey, Vincent",1000469295,Right,GEO_PAT,2fc2f40e-640d-43e0-80ee-2c4a655da808,55.52435,-110.05794,11.8384,5.47004,6.06907,-14.67442,-2.53344,3.95023,4.0545,,,,,,,,,,,,,,,,,,,,,,,,,,,,,75.71945,2.034386,0.757555,1.276831,-1.44664,4.37703,0.85694,2.0801,6.2583,1.22068,127.2764,-1.13587,0.90081,2.20004,109.31989,-9.00582,6.2728,8.72956,-11.39852,1.19393,-2.24781,1.6042,High,High,High,,,High,High,High
12,2025-10-25,11:37:14.51,2,2,"Hsu, Brandon",1000121044,Right,GEO_PAT,"Tignor, Laken",1000091229,Right,GEO_PAT,Undefined,1,Bottom,0,0,0,Slider,Curveball,BallCalled,Undefined,Undefined,Undefined,0,0,,75.03717,-0.076144,-2.738476,2177.564681,92.071053,9:00,5.51234,2.44933,5.21783,-49.374,2.15795,-11.10363,1.32616,-1.05293,68.5545,-9.044646,-4.704379,0.516666,,,,,,,,,,,,4.71992,1.57669,-2.18741,50,5.46827,5.62199,-108.69664,-1.76229,5.57826,21.21359,-30.31063,GEO_PAT,GEO_PAT,SpuhlerFieldMain,TeamExclusive,Team,20251025-SpuhlerFieldMain-Private-1,7b89e9a0-b1b8-11f0-a778-c7ed5b55c38a,72.95323,,,6.48267,,,,,,,725e81a6-ec22-4817-99f1-2faee8aa9fef,2025-10-25,15:37:14.51,2025-10-25T11:37:14.5159680-04:00,2025-10-25T15:37:14.5159680Z,,v3,471300,471300,,"Cowdrey, Vincent",1000469295,Right,GEO_PAT,be50dcea-eae2-4a50-a3a0-05ac96221135,55.28409,-109.72305,10.60679,5.51806,-0.29572,-15.15532,-2.4529,5.35209,2.78913,,,,,,,,,,,,,,,,,,,,,,,,,,,,,,,,,,,,,,,,,,,,,,,,,,,High,High,High,,,,,
13,2025-10-25,11:37:36.41,2,3,"Hsu, Brandon",1000121044,Right,GEO_PAT,"Tignor, Laken",1000091229,Right,GEO_PAT,Undefined,1,Bottom,0,1,1,Fastball,Four-Seam,BallCalled,Undefined,Undefined,Undefined,0,0,,84.52347,-1.810068,-3.946964,2103.806154,204.924188,12:45,5.60154,2.01396,5.60208,-16.40245,24.05623,10.45619,2.54022,-0.80539,75.75197,-4.990338,-2.087492,0.457802,,,,,,,,,,,,-6.56618,13.1756,-1.68217,50,5.43592,7.97904,-122.13552,-4.28133,-9.73403,28.22367,-12.64195,GEO_PAT,GEO_PAT,SpuhlerFieldMain,TeamExclusive,Team,20251025-SpuhlerFieldMain-Private-1,88904360-b1b8-11f0-a778-c7ed5b55c38a,82.33356,,,8.7715,,,,,,,725e81a6-ec22-4817-99f1-2faee8aa9fef,2025-10-25,15:37:36.41,2025-10-25T11:37:36.4140032-04:00,2025-10-25T15:37:36.4140032Z,,v3,471300,471300,,"Cowdrey, Vincent",1000469295,Right,GEO_PAT,44732fad-50a6-4710-9680-e0bb8a105d14,54.8952,-123.26154,14.11183,5.59667,-3.77697,-6.32097,-2.00825,8.36739,-4.86701,,,,,,,,,,,,,,,,,,,,,,,,,,,,,,,,,,,,,,,,,,,,,,,,,,,High,High,High,,,,,
14,2025-10-25,11:38:01.46,2,4,"Hsu, Brandon",1000121044,Right,GEO_PAT,"Tignor, Laken",1000091229,Right,GEO_PAT,Undefined,1,Bottom,0,3,1,Fastball,Four-Seam,BallCalled,Walk,Undefined,Undefined,0,0,,85.43064,-0.647789,-3.031831,2096.962229,195.311321,12:30,5.57598,2.01078,5.65432,-14.91477,24.951,6.38244,3.72803,-0.28773,75.68278,-3.594663,-1.894238,0.454435,,,,,,,,,,,,-4.3013,13.25615,-1.75758,50,5.51196,6.25725,-123.45025,-1.72872,-6.44067,31.37362,-12.32465,GEO_PAT,GEO_PAT,SpuhlerFieldMain,TeamExclusive,Team,20251025-SpuhlerFieldMain-Private-1,9766a230-b1b8-11f0-a778-c7ed5b55c38a,82.94356,,,9.74785,,,,,,,725e81a6-ec22-4817-99f1-2faee8aa9fef,2025-10-25,15:38:01.46,2025-10-25T11:38:01.4638080-04:00,2025-10-25T15:38:01.4638080Z,,v3,471300,471300,,"Cowdrey, Vincent",1000469295,Right,GEO_PAT,d3f75d25-1f6e-4f83-b379-1b3b5c927b3e,54.83964,-124.67412,15.68681,5.57002,-1.24794,-6.16232,-2.00657,6.5085,-3.22034,,,,,,,,,,,,,,,,,,,,,,,,,,,,,,,,,,,,,,,,,,,,,,,,,,,High,High,High,,,,,
15,2025-10-25,11:38:38.14,3,1,"Hsu, Brandon",1000121044,Right,GEO_PAT,"McCarthy, Jack",1000469298,Right,GEO_PAT,Undefined,1,Bottom,0,0,0,Slider,Curveball,InPlay,Undefined,Bunt,Single,0,0,,75.94524,0.829834,-2.180721,2274.337157,80.177535,8:45,5.48389,2.41435,5.04029,-50.8255,0.27661,-9.38567,2.03193,-0.42608,68.54729,-8.418348,-3.837939,0.514506,38.1085,-46.002879,-29.981788,,,,,3.92112,3.86532,-9.316345,0.052419,3.92492,0.36197,-2.1981,50,5.52272,4.55882,-109.88916,-0.14221,4.69462,23.43356,-31.7411,GEO_PAT,GEO_PAT,SpuhlerFieldMain,TeamExclusive,Team,20251025-SpuhlerFieldMain-Private-1,ad5ac030-b1b8-11f0-a778-c7ed5b55c38a,73.25942,2.1301,,7.39795,,,,2.08782,2.1301,0.39307,725e81a6-ec22-4817-99f1-2faee8aa9fef,2025-10-25,15:38:38.14,2025-10-25T11:38:38.1482496-04:00,2025-10-25T15:38:38.1482496Z,GroundBall,v3,471300,471300,,"Cowdrey, Vincent",1000469295,Right,GEO_PAT,a14b8ded-75f1-4302-815d-49bc32163d7a,55.46014,-111.04742,11.71678,5.49098,1.42667,-15.87055,-2.41769,4.32678,2.34731,180,2.0848,33.98738,,,,,,,,2.13372,-40.63627,,,,,,,,0.39481,-19.60822,,,,,,,,,,,,,,,,,,,,,,,,,,,,,,High,High,High,High,High,,,
16,2025-10-25,11:39:16.29,4,1,"Hsu, Brandon",1000121044,Right,GEO_PAT,"Terilli, Lucas",1000469290,Left,GEO_PAT,Undefined,1,Bottom,0,0,0,Fastball,Four-Seam,BallCalled,Undefined,Undefined,Undefined,0,0,,86.69151,-2.990812,-5.093498,2120.292299,211.796553,1:00,5.60109,2.05012,5.73727,-14.80532,23.22458,13.55387,1.56858,-1.57617,78.4854,-5.852071,-2.682786,0.443848,,,,,,,,,,,,-8.4043,13.09142,-1.63312,50,5.3419,10.58083,-125.16481,-6.94027,-13.2282,27.10486,-11.56838,GEO_PAT,GEO_PAT,SpuhlerFieldMain,TeamExclusive,Team,20251025-SpuhlerFieldMain-Private-1,c4145110-b1b8-11f0-a778-c7ed5b55c38a,84.92198,,,8.20611,,,,,,,725e81a6-ec22-4817-99f1-2faee8aa9fef,2025-10-25,15:39:16.29,2025-10-25T11:39:16.2906112-04:00,2025-10-25T15:39:16.2906112Z,,v3,471300,471300,,"Cowdrey, Vincent",1000469295,Right,GEO_PAT,ee81a10e-b49a-4db3-96d5-f219b0c8ed7c,54.76283,-126.192,13.55243,5.5966,-6.50186,-5.78419,-2.04361,11.08214,-6.6141,,,,,,,,,,,,,,,,,,,,,,,,,,,,,,,,,,,,,,,,,,,,,,,,,,,High,High,High,,,,,
17,2025-10-25,11:39:38.68,4,2,"Hsu, Brandon",1000121044,Right,GEO_PAT,"Terilli, Lucas",1000469290,Left,GEO_PAT,Undefined,1,Bottom,0,1,0,Fastball,Four-Seam,BallCalled,Undefined,Undefined,Undefined,0,0,,86.32299,-0.467639,-3.507891,2160.190255,206.260587,1:00,5.55498,2.09783,5.58388,-14.64186,23.9869,11.13064,3.89727,-0.25477,77.46784,-3.324436,-1.527647,0.447329,,,,,,,,,,,,-6.70441,12.62824,-1.8031,50,5.5055,7.16441,-124.88772,-1.37751,-10.42587,28.75806,-12.53616,GEO_PAT,GEO_PAT,SpuhlerFieldMain,TeamExclusive,Team,20251025-SpuhlerFieldMain-Private-1,d14f0140-b1b8-11f0-a778-c7ed5b55c38a,84.26117,,,8.85516,,,,,,,725e81a6-ec22-4817-99f1-2faee8aa9fef,2025-10-25,15:39:38.68,2025-10-25T11:39:38.6824192-04:00,2025-10-25T15:39:38.6824192Z,,v3,471300,471300,,"Cowdrey, Vincent",1000469295,Right,GEO_PAT,95d8c29b-7e42-4e8a-adb1-3188c2d82cfa,54.91337,-126.01405,14.37903,5.54983,-0.88652,-6.26808,-2.0917,7.57275,-5.21294,,,,,,,,,,,,,,,,,,,,,,,,,,,,,,,,,,,,,,,,,,,,,,,,,,,High,High,High,,,,,
18,2025-10-25,11:40:00.71,4,3,"Hsu, Brandon",1000121044,Right,GEO_PAT,"Terilli, Lucas",1000469290,Left,GEO_PAT,Undefined,1,Bottom,0,2,0,Fastball,Curveball,BallCalled,Undefined,Undefined,Undefined,0,0,,75.47838,-1.0331,-2.677754,1912.014215,22.258131,6:45,5.56866,2.21494,5.35977,-66.88248,-16.17402,-7.30697,-0.97491,-0.90707,69.63378,-13.029051,-3.981988,0.512521,,,,,,,,,,,,2.88925,-7.67016,-1.96847,50,5.42675,5.38253,-109.45714,-4.17925,3.45061,22.12829,-41.33443,GEO_PAT,GEO_PAT,SpuhlerFieldMain,TeamExclusive,Team,20251025-SpuhlerFieldMain-Private-1,de8e6c60-b1b8-11f0-a778-c7ed5b55c38a,73.54323,,,5.8446,,,,,,,725e81a6-ec22-4817-99f1-2faee8aa9fef,2025-10-25,15:40:00.71,2025-10-25T11:40:00.7151104-04:00,2025-10-25T15:40:00.7151104Z,,v3,471300,471300,,"Cowdrey, Vincent",1000469295,Right,GEO_PAT,3c4fd0be-4f05-4be2-a4d4-d1c541fd0987,55.14762,-110.4929,11.06414,5.57708,-2.2445,-20.66722,-2.21663,5.22102,1.72531,,,,,,,,,,,,,,,,,,,,,,,,,,,,,,,,,,,,,,,,,,,,,,,,,,,High,High,High,,,,,
19,2025-10-25,11:40:26.00,4,4,"Hsu, Brandon",1000121044,Right,GEO_PAT,"Terilli, Lucas",1000469290,Left,GEO_PAT,Undefined,1,Bottom,0,3,0,Fastball,Four-Seam,StrikeCalled,Undefined,Undefined,Undefined,0,0,,86.81793,-2.39461,-3.379006,2164.213067,215.287627,1:15,5.4683,2.21164,5.69319,-16.9921,21.48202,14.0928,1.81532,0.23314,77.3093,-5.686063,-0.864566,0.446432,,,,,,,,,,,,-8.32646,12.17465,-1.93615,50,5.25642,6.79243,-125.42531,-5.70512,-12.91047,31.66562,-13.29678,GEO_PAT,GEO_PAT,SpuhlerFieldMain,TeamExclusive,Team,20251025-SpuhlerFieldMain-Private-1,ed9c07d0-b1b8-11f0-a778-c7ed5b55c38a,84.43033,,,9.50863,,,,,,,725e81a6-ec22-4817-99f1-2faee8aa9fef,2025-10-25,15:40:26.00,2025-10-25T11:40:26.0003840-04:00,2025-10-25T15:40:26.0003840Z,,v3,471300,471300,,"Cowdrey, Vincent",1000469295,Right,GEO_PAT,468ad9b8-1727-45b5-96fb-8910db7014f1,54.80412,-126.63238,15.83281,5.46424,-5.19826,-6.64839,-2.20445,7.28457,-6.45524,,,,,,,,,,,,,,,,,,,,,,,,,,,,,,,,,,,,,,,,,,,,,,,,,,,High,High,High,,,,,
20,2025-10-25,11:40:48.22,4,5,"Hsu, Brandon",1000121044,Right,GEO_PAT,"Terilli, Lucas",1000469290,Left,GEO_PAT,Undefined,1,Bottom,0,3,1,Fastball,Four-Seam,StrikeCalled,Undefined,Undefined,Undefined,0,0,,86.6671,-2.621853,-4.258252,2153.567622,216.25882,1:15,5.52463,2.09452,5.74171,-17.17343,21.32659,14.51162,1.64369,-0.66859,77.39711,-5.940396,-1.670929,0.446583,,,,,,,,,,,,-8.84052,12.17611,-1.74853,50,5.29562,8.69464,-125.12204,-6.20318,-13.68604,30.76532,-13.32417,GEO_PAT,GEO_PAT,SpuhlerFieldMain,TeamExclusive,Team,20251025-SpuhlerFieldMain-Private-1,fadc0f30-b1b8-11f0-a778-c7ed5b55c38a,84.40194,,,9.26998,,,,,,,725e81a6-ec22-4817-99f1-2faee8aa9fef,2025-10-25,15:40:48.22,2025-10-25T11:40:48.2240512-04:00,2025-10-25T15:40:48.2240512Z,,v3,471300,471300,,"Cowdrey, Vincent",1000469295,Right,GEO_PAT,df322efa-edc4-4216-a8e9-f6d1fb21e50c,54.75657,-126.28618,15.38266,5.52081,-5.699,-6.66208,-2.08732,9.21251,-6.84302,,,,,,,,,,,,,,,,,,,,,,,,,,,,,,,,,,,,,,,,,,,,,,,,,,,High,High,High,,,,,
21,2025-10-25,11:41:11.91,4,6,"Hsu, Brandon",1000121044,Right,GEO_PAT,"Terilli, Lucas",1000469290,Left,GEO_PAT,Undefined,1,Bottom,0,3,2,Slider,Curveball,BallCalled,Walk,Undefined,Undefined,0,1,,75.88623,0.317417,-2.944425,1878.492936,25.944988,6:45,5.57397,2.21424,5.38442,-63.89169,-13.16355,-7.32788,0.54761,-1.15893,68.7835,-11.252115,-4.249131,0.51262,,,,,,,,,,,,2.65929,-6.31429,-1.94516,50,5.55694,5.92808,-109.8621,-1.5305,3.16207,24.37806,-39.68209,GEO_PAT,GEO_PAT,SpuhlerFieldMain,TeamExclusive,Team,20251025-SpuhlerFieldMain-Private-1,09078800-b1b9-11f0-a778-c7ed5b55c38a,73.52895,,,7.10274,,,,,,,725e81a6-ec22-4817-99f1-2faee8aa9fef,2025-10-25,15:41:11.91,2025-10-25T11:41:11.9129088-04:00,2025-10-25T15:41:11.9129088Z,,v3,471300,471300,,"Cowdrey, Vincent",1000469295,Right,GEO_PAT,eee52937-515a-447b-9a25-c4ff722ef225,55.11952,-110.99229,12.18903,5.58525,0.3092,-19.84105,-2.21659,5.78148,1.58103,,,,,,,,,,,,,,,,,,,,,,,,,,,,,,,,,,,,,,,,,,,,,,,,,,,High,High,High,,,,,
22,2025-10-25,11:41:43.07,5,1,"Hsu, Brandon",1000121044,Right,GEO_PAT,"Hueber, Toby",1000091691,Right,GEO_PAT,Undefined,1,Bottom,0,0,0,Slider,Slider,BallCalled,Undefined,Undefined,Undefined,0,0,,78.2963,-0.629111,-2.614164,2391.431749,100.969062,9:15,5.44341,2.44405,5.0848,-43.64455,3.64626,-10.89875,1.21271,-0.93007,71.83307,-8.533978,-4.539255,0.494948,,,,,,,,,,,,4.69851,2.39917,-2.18721,50,5.34934,5.61479,-113.47279,-2.75647,6.08889,21.9408,-29.0649,GEO_PAT,GEO_PAT,SpuhlerFieldMain,TeamExclusive,Team,20251025-SpuhlerFieldMain-Private-1,1b9aa0b0-b1b9-11f0-a778-c7ed5b55c38a,76.15431,,,6.46323,,,,,,,725e81a6-ec22-4817-99f1-2faee8aa9fef,2025-10-25,15:41:43.07,2025-10-25T11:41:43.0762496-04:00,2025-10-25T15:41:43.0762496Z,,v3,471300,471300,,"Cowdrey, Vincent",1000469295,Right,GEO_PAT,2812ad2c-ecc2-4625-a1fa-4a41eafb2962,55.41805,-114.51561,10.9704,5.44753,-1.37504,-14.53245,-2.44719,5.32539,3.04445,,,,,,,,,,,,,,,,,,,,,,,,,,,,,,,,,,,,,,,,,,,,,,,,,,,High,High,High,,,,,
23,2025-10-25,11:42:10.61,5,2,"Hsu, Brandon",1000121044,Right,GEO_PAT,"Hueber, Toby",1000091691,Right,GEO_PAT,Undefined,1,Bottom,0,1,0,Slider,Slider,StrikeCalled,Undefined,Undefined,Undefined,0,0,,77.811,0.402969,-2.088993,2253.920536,97.936829,9:15,5.46545,2.36734,5.26428,-44.77951,3.82736,-13.76166,2.11267,-0.74292,69.72117,-7.819367,-4.527814,0.501788,,,,,,,,,,,,6.09406,2.32776,-2.1655,50,5.46998,4.66538,-112.53376,-0.71229,7.58953,25.903,-29.2751,GEO_PAT,GEO_PAT,SpuhlerFieldMain,TeamExclusive,Team,20251025-SpuhlerFieldMain-Private-1,2c072fe0-b1b9-11f0-a778-c7ed5b55c38a,75.11628,,,8.08983,,,,,,,725e81a6-ec22-4817-99f1-2faee8aa9fef,2025-10-25,15:42:10.61,2025-10-25T11:42:10.6171392-04:00,2025-10-25T15:42:10.6171392Z,,v3,471300,471300,,"Cowdrey, Vincent",1000469295,Right,GEO_PAT,66314c2f-a53c-445a-a6f5-5331cd4694af,55.23357,-113.73205,12.9515,5.4716,0.64198,-14.63755,-2.37321,4.31429,3.79476,,,,,,,,,,,,,,,,,,,,,,,,,,,,,,,,,,,,,,,,,,,,,,,,,,,High,High,High,,,,,
24,2025-10-25,11:42:36.16,5,3,"Hsu, Brandon",1000121044,Right,GEO_PAT,"Hueber, Toby",1000091691,Right,GEO_PAT,Undefined,1,Bottom,0,1,1,Slider,Curveball,StrikeCalled,Undefined,Undefined,Undefined,0,0,,74.82971,0.482828,-1.644672,2256.695009,66.218807,8:15,5.46581,2.4118,5.48614,-53.91341,-2.73815,-10.13717,1.42497,0.02783,68.41155,-9.345802,-3.452369,0.514875,,,,,,,,,,,,4.6204,-1.05976,-2.2604,50,5.47149,3.49189,-108.55008,-0.81132,5.4478,21.0959,-33.42357,GEO_PAT,GEO_PAT,SpuhlerFieldMain,TeamExclusive,Team,20251025-SpuhlerFieldMain-Private-1,3b409640-b1b9-11f0-a778-c7ed5b55c38a,73.20703,,,6.41816,,,,,,,725e81a6-ec22-4817-99f1-2faee8aa9fef,2025-10-25,15:42:36.16,2025-10-25T11:42:36.1643008-04:00,2025-10-25T15:42:36.1643008Z,,v3,471300,471300,,"Cowdrey, Vincent",1000469295,Right,GEO_PAT,78f83e09-a0bb-4132-8f9c-305dcb120ea7,55.01671,-109.5207,10.54795,5.47344,0.7265,-16.71179,-2.41529,3.24124,2.7239,,,,,,,,,,,,,,,,,,,,,,,,,,,,,,,,,,,,,,,,,,,,,,,,,,,High,High,High,,,,,
25,2025-10-25,11:43:00.33,5,4,"Hsu, Brandon",1000121044,Right,GEO_PAT,"Hueber, Toby",1000091691,Right,GEO_PAT,Undefined,1,Bottom,0,1,2,Fastball,Four-Seam,BallCalled,Undefined,Undefined,Undefined,0,0,,86.63205,-3.945931,-3.445971,2223.782922,209.602531,1:00,5.50598,2.23009,5.76661,-13.63516,24.59367,13.14572,0.68468,0.11445,78.00541,-6.609373,-1.098053,0.445007,,,,,,,,,,,,-7.85115,14.25387,-1.95277,50,5.17047,6.98986,-125.15426,-8.97424,-12.25207,29.05622,-9.93031,GEO_PAT,GEO_PAT,SpuhlerFieldMain,TeamExclusive,Team,20251025-SpuhlerFieldMain-Private-1,49978be0-b1b9-11f0-a778-c7ed5b55c38a,84.70075,,,8.62664,,,,,,,725e81a6-ec22-4817-99f1-2faee8aa9fef,2025-10-25,15:43:00.33,2025-10-25T11:43:00.3371008-04:00,2025-10-25T15:43:00.3371008Z,,v3,471300,471300,,"Cowdrey, Vincent",1000469295,Right,GEO_PAT,ba913314-78e0-4868-aff3-5a2554494bc3,54.73404,-126.24855,14.52811,5.5014,-8.60026,-4.96515,-2.2247,7.45128,-6.12604,,,,,,,,,,,,,,,,,,,,,,,,,,,,,,,,,,,,,,,,,,,,,,,,,,,High,High,High,,,,,
26,2025-10-25,11:43:22.68,5,5,"Hsu, Brandon",1000121044,Right,GEO_PAT,"Hueber, Toby",1000091691,Right,GEO_PAT,Undefined,1,Bottom,0,2,2,Slider,Slider,BallCalled,Undefined,Undefined,Undefined,0,0,,78.61977,-0.700412,-2.774131,2249.180911,122.13931,10:00,5.42282,2.48258,5.08351,-39.91817,7.8178,-9.5541,1.43526,-0.93066,70.82285,-8.005591,-4.460568,0.497272,,,,,,,,,,,,3.80008,4.62866,-2.21168,50,5.32554,5.90044,-113.66684,-2.74951,4.85612,25.34787,-26.25907,GEO_PAT,GEO_PAT,SpuhlerFieldMain,TeamExclusive,Team,20251025-SpuhlerFieldMain-Private-1,56f81390-b1b9-11f0-a778-c7ed5b55c38a,75.79839,,,7.79692,,,,,,,725e81a6-ec22-4817-99f1-2faee8aa9fef,2025-10-25,15:43:22.68,2025-10-25T11:43:22.6817536-04:00,2025-10-25T15:43:22.6817536Z,,v3,471300,471300,,"Cowdrey, Vincent",1000469295,Right,GEO_PAT,97dcf091-3d29-49d9-8580-03fdbb1ecad7,55.41534,-114.86812,12.67394,5.42636,-1.50504,-13.12954,-2.48586,5.67031,2.42806,,,,,,,,,,,,,,,,,,,,,,,,,,,,,,,,,,,,,,,,,,,,,,,,,,,High,High,High,,,,,
27,2025-10-25,11:43:44.52,5,6,"Hsu, Brandon",1000121044,Right,GEO_PAT,"Hueber, Toby",1000091691,Right,GEO_PAT,Undefined,1,Bottom,0,3,2,Fastball,Four-Seam,InPlay,Undefined,Popup,Out,1,0,,86.99539,-2.507441,-3.032335,2175.832376,197.951874,12:30,5.55115,2.14245,5.68886,-12.81316,25.11749,7.67516,2.14148,-0.04698,78.18977,-5.029527,-1.663312,0.443268,81.85719,61.760796,13.760554,,97.21475,121.18319,51.47125,153.65528,74.89851,29.842454,5.728216,-4.90977,14.01017,-1.89207,50,5.33234,6.34263,-125.86172,-5.81616,-7.74146,29.60704,-10.08362,GEO_PAT,GEO_PAT,SpuhlerFieldMain,TeamExclusive,Team,20251025-SpuhlerFieldMain-Private-1,63f5bac0-b1b9-11f0-a778-c7ed5b55c38a,85.033,133.68696,,8.80561,,,,2.01066,2.66412,-0.26181,725e81a6-ec22-4817-99f1-2faee8aa9fef,2025-10-25,15:43:44.52,2025-10-25T11:43:44.5213184-04:00,2025-10-25T15:43:44.5213184Z,Popup,v3,471300,471300,,"Cowdrey, Vincent",1000469295,Right,GEO_PAT,89cbd147-9761-4f1b-8203-ce540fb907a7,54.81106,-126.9884,14.80352,5.54637,-5.43243,-5.04181,-2.13904,6.63723,-3.87073,193.926493,2.01323,55.09293,-19.02915,5.43337,-0.78058,-0.05549,0.04587,-0.00726,0.00039,2.64161,106.15506,-27.63148,4.46493,-1.56989,0.46102,-0.08205,0.00741,-0.00026,-0.25603,13.42258,2.24453,-1.539,0.57481,-0.1362,0.01834,-0.00116,2E-05,,,,,,,,,,,,,,,,,,,,,,,High,High,High,High,Low,,,
28,2025-10-25,11:45:03.37,6,1,"Hsu, Brandon",1000121044,Right,GEO_PAT,"Westley, Matthew",824016,Right,GEO_PAT,Undefined,1,Bottom,1,0,0,Fastball,Four-Seam,FoulBallNotFieldable,Undefined,Undefined,Undefined,0,0,,85.98246,-1.725364,-2.975733,2146.823562,227.477395,1:30,5.38166,2.30333,5.53073,-21.19458,17.5895,17.67595,1.99985,0.99199,77.80437,-5.721099,0.171704,0.448227,,,,,,,,,,,,-9.87516,9.81949,-2.05683,50,5.21779,5.72119,-124.53141,-4.41764,-15.34093,27.51558,-16.91958,GEO_PAT,GEO_PAT,SpuhlerFieldMain,TeamExclusive,Team,20251025-SpuhlerFieldMain-Private-1,92f521d0-b1b9-11f0-a778-c7ed5b55c38a,84.09229,,,8.17809,,,,,,,725e81a6-ec22-4817-99f1-2faee8aa9fef,2025-10-25,15:45:03.37,2025-10-25T11:45:03.3762816-04:00,2025-10-25T15:45:03.3762816Z,,v3,471300,471300,,"Cowdrey, Vincent",1000469295,Right,GEO_PAT,fc17939b-c753-47c4-9671-d14c9545cb05,54.97052,-125.62486,13.75779,5.37998,-3.74527,-8.45979,-2.2963,6.33083,-7.67047,,,,,,,,,,,,,,,,,,,,,,,,,,,,,,,,,,,,,,,,,,,,,,,,,,,High,High,High,,,,,
29,2025-10-25,11:45:26.75,6,2,"Hsu, Brandon",1000121044,Right,GEO_PAT,"Westley, Matthew",824016,Right,GEO_PAT,Undefined,1,Bottom,1,0,1,Fastball,Changeup,InPlay,Undefined,LineDrive,Single,0,2,,86.3836,-1.616833,-4.335532,2167.639152,232.144743,1:45,5.34688,2.29487,5.69209,-22.81131,15.38481,18.07438,1.93429,-0.24748,78.30874,-5.903382,-1.114331,0.444817,102.4749,7.521938,-8.197227,2472.908729,,,,132.11704,132.11704,-9.715041,1.005367,-10.51469,8.69292,-1.94132,50,5.19648,8.71988,-125.00318,-4.25657,-16.50274,27.09828,-18.5306,GEO_PAT,GEO_PAT,SpuhlerFieldMain,TeamExclusive,Team,20251025-SpuhlerFieldMain-Private-1,a0e6c5f0-b1b9-11f0-a778-c7ed5b55c38a,84.73702,6.17722,,8.07486,,,,1.84314,1.94908,0.26424,725e81a6-ec22-4817-99f1-2faee8aa9fef,2025-10-25,15:45:26.75,2025-10-25T11:45:26.7516416-04:00,2025-10-25T15:45:26.7516416Z,LineDrive,v3,471300,471300,,"Cowdrey, Vincent",1000469295,Right,GEO_PAT,800c15ce-b88f-4be9-b979-faef23bc5028,54.80966,-126.04151,13.54914,5.34597,-3.54654,-9.2653,-2.28756,9.35221,-8.25137,42.61241,1.84314,147.48061,-23.27316,4.45436,-1.08758,0.26211,-0.06395,0.01343,-0.00163,1.94908,19.67465,-24.17868,3.28715,-0.7767,0.19645,-0.04632,0.00962,-0.00118,0.26424,-21.24499,-1.23339,0.0691,-0.02698,0.00548,-0.00165,0.00038,-5E-05,,,,,,,,,,,,,,,,,,,,,,,High,High,High,High,High,,,
30,2025-10-25,11:46:11.93,7,1,"Hsu, Brandon",1000121044,Right,GEO_PAT,"Vaughan, Logan",1000232024,Left,GEO_PAT,Undefined,1,Bottom,1,0,0,Curveball,Curveball,FoulBallNotFieldable,Undefined,Undefined,Undefined,0,0,,74.15533,1.963391,-1.557327,1963.206516,42.089923,7:30,5.66548,2.21751,5.17392,-65.33862,-13.06044,-13.23363,2.06968,-0.3512,68.43264,-9.809426,-3.903411,0.520393,84.77028,-10.080012,69.527673,,,,,14.8838,14.29054,58.648606,0.108883,6.21894,-6.74618,-2.06168,50,5.79757,3.42045,-107.64929,1.49416,7.27635,19.194,-40.06731,GEO_PAT,GEO_PAT,SpuhlerFieldMain,TeamExclusive,Team,20251025-SpuhlerFieldMain-Private-1,bbd88240-b1b9-11f0-a778-c7ed5b55c38a,72.43068,2.37428,,5.72269,,,,3.07246,2.37428,0.19811,725e81a6-ec22-4817-99f1-2faee8aa9fef,2025-10-25,15:46:11.93,2025-10-25T11:46:11.9392256-04:00,2025-10-25T15:46:11.9392256Z,GroundBall,v3,471300,471300,,"Cowdrey, Vincent",1000469295,Right,GEO_PAT,4bc3a49a-30aa-4be2-b5ed-0602a003d31f,55.33355,-108.59611,9.597,5.67511,3.47062,-20.03366,-2.22155,3.06152,3.63818,180,3.07091,42.90241,,,,,,,,2.37507,-21.80567,,,,,,,,0.19395,114.91688,,,,,,,,,,,,,,,,,,,,,,,,,,,,,,High,High,High,Low,Low,,,
31,2025-10-25,11:46:39.08,7,2,"Hsu, Brandon",1000121044,Right,GEO_PAT,"Vaughan, Logan",1000232024,Left,GEO_PAT,Undefined,1,Bottom,1,0,1,Curveball,Curveball,InPlay,Undefined,FlyBall,Single,0,1,,74.9596,2.050788,-1.582385,1853.458612,16.373286,6:30,5.60983,2.32935,5.14493,-64.81015,-12.95997,-4.33654,2.14151,0.47766,68.2361,-9.668227,-2.351123,0.518259,75.503,19.648995,20.26196,1894.854407,101.7247,25.66894,41.8574,216.86019,216.86019,25.169882,2.678723,1.66583,-6.71469,-2.17758,50,5.75125,3.16767,-108.63711,1.67316,1.96057,21.72898,-40.07673,GEO_PAT,GEO_PAT,SpuhlerFieldMain,TeamExclusive,Team,20251025-SpuhlerFieldMain-Private-1,cc026320-b1b9-11f0-a778-c7ed5b55c38a,72.72901,25.76692,,6.7235,,,,2.86364,2.43467,-0.51152,725e81a6-ec22-4817-99f1-2faee8aa9fef,2025-10-25,15:46:39.08,2025-10-25T11:46:39.0803968-04:00,2025-10-25T15:46:39.0803968Z,LineDrive,v3,471300,471300,,"Cowdrey, Vincent",1000469295,Right,GEO_PAT,9736d217-718c-4a9d-9e5b-51fba7b491f6,55.36018,-109.70398,10.86449,5.62079,3.6409,-20.03837,-2.33074,3.07141,0.98029,219.952236,2.86367,97.83413,-16.14335,3.85734,-0.73847,0.08368,0.00703,-0.00479,0.00063,2.43462,37.2389,-15.33598,0.35054,-0.00443,0.05216,-0.03664,0.01113,-0.00125,-0.51152,36.11647,-0.16202,-0.40408,0.18566,-0.06049,0.01615,-0.00295,0.00025,,,,,,,,,,,,,,,,,,,,,,,High,High,High,High,High,,,
32,2025-10-25,11:47:27.10,8,1,"Hsu, Brandon",1000121044,Right,GEO_PAT,"Canody, Andrew",1000415298,Right,GEO_PAT,Undefined,1,Bottom,1,0,0,Curveball,Slider,StrikeCalled,Undefined,Undefined,Undefined,0,0,,75.17859,1.188307,-0.591307,2335.42639,80.463577,8:45,5.47736,2.43609,5.01965,-53.35149,-0.69378,-16.75064,2.1531,0.48214,67.19895,-8.548289,-3.551943,0.522279,,,,,,,,,,,,8.01201,-0.12791,-2.36538,50,5.54903,1.80652,-108.70444,0.42685,9.28354,24.66914,-32.32227,GEO_PAT,GEO_PAT,SpuhlerFieldMain,TeamExclusive,Team,20251025-SpuhlerFieldMain-Private-1,e8904340-b1b9-11f0-a778-c7ed5b55c38a,72.16922,,,7.97964,,,,,,,725e81a6-ec22-4817-99f1-2faee8aa9fef,2025-10-25,15:47:27.10,2025-10-25T11:47:27.1053312-04:00,2025-10-25T15:47:27.1053312Z,,v3,471300,471300,,"Cowdrey, Vincent",1000469295,Right,GEO_PAT,bb8b0cad-46cf-4bbb-8365-4d4c503cd211,55.47837,-109.94066,12.33457,5.48705,2.04658,-16.16114,-2.44426,1.34131,4.64177,,,,,,,,,,,,,,,,,,,,,,,,,,,,,,,,,,,,,,,,,,,,,,,,,,,High,High,High,,,,,
33,2025-10-25,11:48:17.49,8,2,"Hsu, Brandon",1000121044,Right,GEO_PAT,"Canody, Andrew",1000415298,Right,GEO_PAT,Undefined,1,Bottom,1,0,1,Curveball,Curveball,BallCalled,Undefined,Undefined,Undefined,0,0,,75.74955,1.073169,-2.820725,1959.344635,25.87042,6:45,5.57936,2.2401,5.28817,-64.37925,-13.31705,-7.38304,1.22355,-1.02616,68.54254,-10.586155,-4.131986,0.514305,,,,,,,,,,,,2.71382,-6.58146,-1.97713,50,5.62988,5.68689,-109.64334,-0.13466,3.21768,24.08319,-39.97743,GEO_PAT,GEO_PAT,SpuhlerFieldMain,TeamExclusive,Team,20251025-SpuhlerFieldMain-Private-1,06af23a0-b1ba-11f0-a778-c7ed5b55c38a,73.28804,,,7.20701,,,,,,,725e81a6-ec22-4817-99f1-2faee8aa9fef,2025-10-25,15:48:17.49,2025-10-25T11:48:17.4937088-04:00,2025-10-25T15:48:17.4937088Z,,v3,471300,471300,,"Cowdrey, Vincent",1000469295,Right,GEO_PAT,7210093b-b9b3-48b6-bf41-e0d4fae3b944,55.21552,-110.783,12.04159,5.59149,1.75716,-19.98872,-2.24265,5.53462,1.60884,,,,,,,,,,,,,,,,,,,,,,,,,,,,,,,,,,,,,,,,,,,,,,,,,,,High,High,High,,,,,
34,2025-10-25,11:48:40.24,8,3,"Hsu, Brandon",1000121044,Right,GEO_PAT,"Canody, Andrew",1000415298,Right,GEO_PAT,Undefined,1,Bottom,1,1,1,Slider,Slider,BallCalled,Undefined,Undefined,Undefined,0,0,,77.31456,2.741146,-1.469266,2249.267358,81.380855,8:45,5.46861,2.41697,5.03768,-49.97554,0.52122,-11.25969,3.89293,0.09219,67.89017,-6.455677,-3.455251,0.51145,,,,,,,,,,,,4.89288,-0.14394,-2.26732,50,5.69188,3.34307,-111.45183,3.58765,5.88935,28.04736,-32.34731,GEO_PAT,GEO_PAT,SpuhlerFieldMain,TeamExclusive,Team,20251025-SpuhlerFieldMain-Private-1,1426b5c0-b1ba-11f0-a778-c7ed5b55c38a,73.69723,,,9.42439,,,,,,,725e81a6-ec22-4817-99f1-2faee8aa9fef,2025-10-25,15:48:40.24,2025-10-25T11:48:40.2470912-04:00,2025-10-25T15:48:40.2470912Z,,v3,471300,471300,,"Cowdrey, Vincent",1000469295,Right,GEO_PAT,8f20cfa9-03a9-411f-a61d-eb257b25d527,55.45572,-112.81643,14.02368,5.47905,5.16146,-16.17366,-2.423,3.05654,2.94468,,,,,,,,,,,,,,,,,,,,,,,,,,,,,,,,,,,,,,,,,,,,,,,,,,,High,High,High,,,,,
35,2025-10-25,11:49:00.34,8,4,"Hsu, Brandon",1000121044,Right,GEO_PAT,"Canody, Andrew",1000415298,Right,GEO_PAT,Undefined,1,Bottom,1,2,1,Slider,Curveball,FoulBallNotFieldable,Undefined,Undefined,Undefined,0,0,,75.85506,0.78527,-2.385021,2163.885643,86.127248,8:45,5.45042,2.29899,5.44788,-49.69172,1.39831,-10.23516,2.04536,-0.78829,67.66159,-8.365271,-4.205146,0.514446,66.55143,54.382307,93.223633,5293.88489,-25.88481,69.96326,106.91097,169.97026,71.86304,106.843055,4.007635,4.24855,0.9678,-2.08082,50,5.48614,4.96239,-109.66544,-0.08864,4.99269,25.71627,-31.03675,GEO_PAT,GEO_PAT,SpuhlerFieldMain,TeamExclusive,Team,20251025-SpuhlerFieldMain-Private-1,20380120-b1ba-11f0-a778-c7ed5b55c38a,73.26809,72.29375,,8.19348,,,,,,,725e81a6-ec22-4817-99f1-2faee8aa9fef,2025-10-25,15:49:00.34,2025-10-25T11:49:00.3469312-04:00,2025-10-25T15:49:00.3469312Z,Popup,v3,471300,471300,,"Cowdrey, Vincent",1000469295,Right,GEO_PAT,1584db21-166b-4041-9bc9-ec56f05dea5a,55.05048,-110.84344,12.85813,5.45764,1.33307,-15.51837,-2.30289,4.73369,2.49635,,1.84668,-3.34366,-7.57866,1.50602,1.00475,-0.89494,0.29959,-0.0465,0.00276,2.46542,79.30516,-26.57081,2.8345,-0.34331,0.01932,-0.01895,0.00727,-0.00075,2.49954,56.72108,-5.93861,0.58448,-0.02894,0.08795,-0.0671,0.01661,-0.00136,,,,,,,,,,,,,,,,,,,,,,,High,High,High,Low,Low,,,
36,2025-10-25,11:49:24.98,8,5,"Hsu, Brandon",1000121044,Right,GEO_PAT,"Canody, Andrew",1000415298,Right,GEO_PAT,Undefined,1,Bottom,1,2,2,Slider,Curveball,FoulBallNotFieldable,Undefined,Undefined,Undefined,0,0,,76.07747,0.155786,-1.138829,2007.761236,38.453991,7:15,5.66801,2.27791,5.06706,-59.81428,-9.74134,-9.02225,0.83041,0.45208,70.00111,-10.600937,-2.738688,0.509299,,,,,,,,,,,,4.18717,-4.54118,-2.16209,50,5.63465,2.5442,-110.40544,-1.7818,5.12647,21.1393,-37.73396,GEO_PAT,GEO_PAT,SpuhlerFieldMain,TeamExclusive,Team,20251025-SpuhlerFieldMain-Private-1,2eee7be0-b1ba-11f0-a778-c7ed5b55c38a,74.00846,,,6.07636,,,,,,,725e81a6-ec22-4817-99f1-2faee8aa9fef,2025-10-25,15:49:24.98,2025-10-25T11:49:24.9836032-04:00,2025-10-25T15:49:24.9836032Z,,v3,471300,471300,,"Cowdrey, Vincent",1000469295,Right,GEO_PAT,6acb499b-c260-4217-84e7-0404d1cb4b11,55.43845,-111.44188,10.56965,5.67665,0.06825,-18.86698,-2.28067,2.29285,2.56323,,,,,,,,,,,,,,,,,,,,,,,,,,,,,,,,,,,,,,,,,,,,,,,,,,,High,High,High,,,,,
37,2025-10-25,11:49:56.58,8,6,"Hsu, Brandon",1000121044,Right,GEO_PAT,"Canody, Andrew",1000415298,Right,GEO_PAT,Undefined,1,Bottom,1,2,2,Fastball,Four-Seam,BallCalled,Undefined,Undefined,Undefined,0,0,,86.85483,-2.190591,-4.097144,2222.345419,193.76775,12:30,5.57848,2.13956,5.67309,-15.59328,22.45769,5.16071,2.2304,-1.2569,78.29813,-5.197577,-3.178903,0.443971,,,,,,,,,,,,-3.90307,12.4641,-1.79636,50,5.38347,8.76859,-125.53584,-5.22081,-6.1451,28.5879,-12.55025,GEO_PAT,GEO_PAT,SpuhlerFieldMain,TeamExclusive,Team,20251025-SpuhlerFieldMain-Private-1,419f2eb0-b1ba-11f0-a778-c7ed5b55c38a,84.89849,,,8.5567,,,,,,,725e81a6-ec22-4817-99f1-2faee8aa9fef,2025-10-25,15:49:56.58,2025-10-25T11:49:56.5827584-04:00,2025-10-25T15:49:56.5827584Z,,v3,471300,471300,,"Cowdrey, Vincent",1000469295,Right,GEO_PAT,813d7258-8edd-4d37-821e-bbd218005b5e,54.8249,-126.62984,14.29395,5.57407,-4.74054,-6.27512,-2.13641,9.00375,-3.07255,,,,,,,,,,,,,,,,,,,,,,,,,,,,,,,,,,,,,,,,,,,,,,,,,,,High,High,High,,,,,
38,2025-10-25,11:50:17.33,8,7,"Hsu, Brandon",1000121044,Right,GEO_PAT,"Canody, Andrew",1000415298,Right,GEO_PAT,Undefined,1,Bottom,1,3,2,Slider,Slider,BallCalled,Walk,Undefined,Undefined,0,0,,77.14023,-0.119497,-3.236281,2354.372064,81.633761,8:45,5.55018,2.48374,5.187,-49.22585,-0.90461,-16.01753,1.33542,-1.89911,71.33666,-8.99488,-6.06703,0.500311,,,,,,,,,,,,7.1263,-0.00413,-2.17005,50,5.50151,6.94861,-111.84962,-1.91909,9.01997,20.33291,-32.17929,GEO_PAT,GEO_PAT,SpuhlerFieldMain,TeamExclusive,Team,20251025-SpuhlerFieldMain-Private-1,4e043f60-b1ba-11f0-a778-c7ed5b55c38a,75.33795,,,5.80357,,,,,,,725e81a6-ec22-4817-99f1-2faee8aa9fef,2025-10-25,15:50:17.33,2025-10-25T11:50:17.3397504-04:00,2025-10-25T15:50:17.3397504Z,,v3,471300,471300,,"Cowdrey, Vincent",1000469295,Right,GEO_PAT,f03bd296-95f5-49fc-ba9c-fe1df6965e83,55.31718,-112.81207,10.16646,5.5563,-0.39589,-16.08965,-2.48886,6.52165,4.50999,,,,,,,,,,,,,,,,,,,,,,,,,,,,,,,,,,,,,,,,,,,,,,,,,,,High,High,High,,,,,
39,2025-10-25,11:51:22.06,9,1,"Hsu, Brandon",1000121044,Right,GEO_PAT,"Morse, Jackson",1000469270,Right,GEO_PAT,Undefined,1,Bottom,1,0,0,Fastball,Four-Seam,StrikeCalled,Undefined,Undefined,Undefined,0,0,,85.67771,-2.252023,-3.504537,2116.945474,207.937662,1:00,5.51356,2.2908,5.65168,-20.59777,18.37178,9.00367,1.69153,-0.23176,77.55508,-6.144058,-1.899842,0.449298,,,,,,,,,,,,-5.6591,10.42414,-1.99918,50,5.30942,7.21475,-123.97491,-5.5028,-8.71121,27.31528,-16.12784,GEO_PAT,GEO_PAT,SpuhlerFieldMain,TeamExclusive,Team,20251025-SpuhlerFieldMain-Private-1,74ad1920-b1ba-11f0-a778-c7ed5b55c38a,83.89191,,,8.12264,,,,,,,725e81a6-ec22-4817-99f1-2faee8aa9fef,2025-10-25,15:51:22.06,2025-10-25T11:51:22.0682752-04:00,2025-10-25T15:51:22.0682752Z,,v3,471300,471300,,"Cowdrey, Vincent",1000469295,Right,GEO_PAT,5f503af2-a91f-4be4-9ef1-fb2c5cca30b4,54.84828,-125.03856,13.65764,5.51147,-4.87478,-8.06392,-2.28672,7.55397,-4.3556,,,,,,,,,,,,,,,,,,,,,,,,,,,,,,,,,,,,,,,,,,,,,,,,,,,High,High,High,,,,,
40,2025-10-25,11:52:01.61,9,2,"Hsu, Brandon",1000121044,Right,GEO_PAT,"Morse, Jackson",1000469270,Right,GEO_PAT,Undefined,1,Bottom,1,0,1,Slider,Slider,BallCalled,Undefined,Undefined,Undefined,0,1,,78.77959,0.348453,-2.981606,2278.213372,109.216949,9:45,5.46781,2.61694,5.15952,-41.20939,5.89083,-12.09635,2.36215,-1.20026,71.3525,-7.185691,-5.117607,0.49395,,,,,,,,,,,,5.05154,3.31083,-2.32859,50,5.46924,6.43338,-113.9892,-0.71531,6.53816,24.13793,-27.88884,GEO_PAT,GEO_PAT,SpuhlerFieldMain,TeamExclusive,Team,20251025-SpuhlerFieldMain-Private-1,8c4179a0-b1ba-11f0-a778-c7ed5b55c38a,76.30824,,,7.42709,,,,,,,725e81a6-ec22-4817-99f1-2faee8aa9fef,2025-10-25,15:52:01.61,2025-10-25T11:52:01.6120000-04:00,2025-10-25T15:52:01.6120000Z,,v3,471300,471300,,"Cowdrey, Vincent",1000469295,Right,GEO_PAT,aadd73e8-37d9-41fe-a8db-d649ba7ebc79,55.34006,-115.11443,12.06897,5.47228,0.58478,-13.94442,-2.62139,6.12859,3.26908,,,,,,,,,,,,,,,,,,,,,,,,,,,,,74.64023,2.295475,0.966349,1.329126,0.50922,2.24615,1.28182,2.12191,6.04603,2.0094,127.31663,9.16178,2.97965,2.38133,105.41327,-8.54874,6.10536,18.93435,-12.50384,1.91235,-2.32823,2.34142,High,High,High,,,High,High,High
41,2025-10-25,11:52:55.44,9,3,"Hsu, Brandon",1000121044,Right,GEO_PAT,"Morse, Jackson",1000469270,Right,GEO_PAT,Undefined,1,Bottom,1,1,1,Slider,Curveball,FoulBallNotFieldable,Undefined,Undefined,Undefined,0,0,,75.31005,1.449995,-1.881008,1916.197427,11.189824,6:15,5.6104,2.32684,5.19748,-66.19126,-13.96367,-3.17917,1.45944,0.2919,67.48363,-10.561905,-2.445581,0.520141,,,,,,,,,,,,0.87669,-7.01036,-2.14983,50,5.69459,3.70194,-108.93852,0.48819,1.01706,25.303,-40.30692,GEO_PAT,GEO_PAT,SpuhlerFieldMain,TeamExclusive,Team,20251025-SpuhlerFieldMain-Private-1,ac57e440-b1ba-11f0-a778-c7ed5b55c38a,72.46578,,,7.82641,,,,,,,725e81a6-ec22-4817-99f1-2faee8aa9fef,2025-10-25,15:52:55.44,2025-10-25T11:52:55.4484736-04:00,2025-10-25T15:52:55.4484736Z,,v3,471300,471300,,"Cowdrey, Vincent",1000469295,Right,GEO_PAT,feb1c0a3-5681-4e5f-af97-f2b2b4fa9cdb,55.30495,-110.1638,12.6515,5.62369,2.44002,-20.15346,-2.3279,3.65268,0.50853,,,,,,,,,,,,,,,,,,,,,,,,,,,,,,,,,,,,,,,,,,,,,,,,,,,High,High,High,,,,,
42,2025-10-25,11:53:24.23,9,4,"Hsu, Brandon",1000121044,Right,GEO_PAT,"Morse, Jackson",1000469270,Right,GEO_PAT,Undefined,1,Bottom,1,1,2,Slider,Curveball,StrikeSwinging,Strikeout,Undefined,Undefined,1,0,,75.28714,1.009556,-1.816542,1893.469719,10.733323,6:15,5.64825,2.29389,5.23235,-69.02067,-16.88993,-3.59429,0.84613,0.28616,67.70829,-11.484986,-2.456005,0.519659,,,,,,,,,,,,1.10473,-8.22154,-2.12372,50,5.68979,3.59706,-108.95884,-0.46603,1.28283,25.21154,-41.72121,GEO_PAT,GEO_PAT,SpuhlerFieldMain,TeamExclusive,Team,20251025-SpuhlerFieldMain-Private-1,bd88fbf0-b1ba-11f0-a778-c7ed5b55c38a,72.53304,,,7.57885,,,,,,,725e81a6-ec22-4817-99f1-2faee8aa9fef,2025-10-25,15:53:24.23,2025-10-25T11:53:24.2314240-04:00,2025-10-25T15:53:24.2314240Z,,v3,471300,471300,,"Cowdrey, Vincent",1000469295,Right,GEO_PAT,d0165c9b-78c9-4dd0-ae54-de9e8acf62d7,55.27056,-110.17162,12.60577,5.66393,1.54094,-20.8606,-2.29527,3.53535,0.64141,,,,,,,,,,,,,,,,,,,,,,,,,,,,,,,,,,,,,,,,,,,,,,,,,,,High,High,High,,,,,
43,2025-10-25,11:55:56.37,1,1,"Thomas, Parker",814826,Right,GEO_PAT,"Clyne , Owen",1000230336,Left,GEO_PAT,Undefined,2,Top,0,0,0,ChangeUp,Splitter,StrikeCalled,Undefined,Undefined,Undefined,0,0,,81.38157,-0.999929,-3.00357,1235.746263,242.060993,2:00,5.66992,2.59341,6.08675,-38.97486,4.08083,4.49044,1.49558,0.18636,72.96095,-8.263588,-2.195039,0.472266,,,,,,,,,,,,-3.38984,2.96382,-2.36363,50,5.57252,6.00754,-117.79781,-3.26482,-4.63042,28.18896,-28.12557,GEO_PAT,GEO_PAT,SpuhlerFieldMain,TeamExclusive,Team,20251025-SpuhlerFieldMain-Private-1,18340b30-b1bb-11f0-a778-c7ed5b55c38a,79.81189,,,8.42062,,,,,,,725e81a6-ec22-4817-99f1-2faee8aa9fef,2025-10-25,15:55:56.37,2025-10-25T11:55:56.3722752-04:00,2025-10-25T15:55:56.3722752Z,,v3,471300,471300,,"McCarthy, Jack",1000469298,,GEO_PAT,ae6b2414-f214-4a3e-905c-69ab0fdbda42,54.41132,-118.84874,14.09448,5.67469,-2.21625,-14.06279,-2.59082,6.18017,-2.31521,,,,,,,,,,,,,,,,,,,,,,,,,,,,,,,,,,,,,,,,,,,,,,,,,,,High,High,High,,,,,
44,2025-10-25,11:56:16.12,1,2,"Thomas, Parker",814826,Right,GEO_PAT,"Clyne , Owen",1000230336,Left,GEO_PAT,Undefined,2,Top,0,0,1,ChangeUp,Changeup,BallCalled,Undefined,Undefined,Undefined,0,0,,82.84245,-2.076655,-2.600231,1328.604678,260.536209,2:45,5.61664,2.63959,5.94901,-37.77758,3.65232,12.68772,0.5395,1.28343,74.96159,-9.063928,-0.317251,0.463264,,,,,,,,,,,,-7.39213,3.00788,-2.43961,50,5.4301,4.95294,-119.99676,-5.57369,-10.56818,27.44,-27.8738,GEO_PAT,GEO_PAT,SpuhlerFieldMain,TeamExclusive,Team,20251025-SpuhlerFieldMain-Private-1,23ef2040-b1bb-11f0-a778-c7ed5b55c38a,81.36282,,,7.88086,,,,,,,725e81a6-ec22-4817-99f1-2faee8aa9fef,2025-10-25,15:56:16.12,2025-10-25T11:56:16.1228288-04:00,2025-10-25T15:56:16.1228288Z,,v3,471300,471300,,"McCarthy, Jack",1000469298,,GEO_PAT,cecdf460-9762-4066-9166-dfb71aa1d1cd,54.55164,-121.03312,13.72,5.62073,-4.52095,-13.9369,-2.63422,5.35208,-5.28409,,,,,,,,,,,,,,,,,,,,,,,,,,,,,,,,,,,,,,,,,,,,,,,,,,,High,High,High,,,,,
45,2025-10-25,11:56:35.06,1,3,"Thomas, Parker",814826,Right,GEO_PAT,"Clyne , Owen",1000230336,Left,GEO_PAT,Undefined,2,Top,0,1,1,Cutter,Slider,StrikeCalled,Undefined,Undefined,Undefined,0,0,,83.14478,-0.196521,-2.236328,2127.240571,140.483371,10:45,5.58522,2.62958,6.16163,-29.02506,11.00477,-8.05075,2.98478,-0.10835,76.20324,-5.624423,-3.686294,0.455369,,,,,,,,,,,,3.51303,6.14103,-2.45594,50,5.55549,5.02589,-120.74479,-1.27921,5.18373,23.61789,-23.11245,GEO_PAT,GEO_PAT,SpuhlerFieldMain,TeamExclusive,Team,20251025-SpuhlerFieldMain-Private-1,2f259c00-b1bb-11f0-a778-c7ed5b55c38a,82.77344,,,6.94154,,,,,,,725e81a6-ec22-4817-99f1-2faee8aa9fef,2025-10-25,15:56:35.06,2025-10-25T11:56:35.0672896-04:00,2025-10-25T15:56:35.0672896Z,,v3,471300,471300,,"McCarthy, Jack",1000469298,,GEO_PAT,56bc04b8-d7c4-406f-b298-89b57978a6c1,54.33851,-121.59045,11.80895,5.58648,-0.45165,-11.55623,-2.63257,4.84028,2.59187,,,,,,,,,,,,,,,,,,,,,,,,,,,,,,,,,,,,,,,,,,,,,,,,,,,High,High,High,,,,,
46,2025-10-25,11:56:54.39,1,4,"Thomas, Parker",814826,Right,GEO_PAT,"Clyne , Owen",1000230336,Left,GEO_PAT,Undefined,2,Top,0,1,2,ChangeUp,Changeup,BallCalled,Undefined,Undefined,Undefined,0,0,,83.78504,-3.074922,-3.294605,1355.332354,235.847195,1:45,5.58569,2.5269,6.00037,-31.54128,8.71213,10.73882,0.10044,0.36551,76.25348,-8.923398,-1.363738,0.456639,,,,,,,,,,,,-6.60638,5.84335,-2.27339,50,5.32574,6.57056,-121.28889,-7.50955,-9.71919,26.4664,-23.57744,GEO_PAT,GEO_PAT,SpuhlerFieldMain,TeamExclusive,Team,20251025-SpuhlerFieldMain-Private-1,3ac735a0-b1bb-11f0-a778-c7ed5b55c38a,82.54327,,,7.53156,,,,,,,725e81a6-ec22-4817-99f1-2faee8aa9fef,2025-10-25,15:56:54.39,2025-10-25T11:56:54.3995904-04:00,2025-10-25T15:56:54.3995904Z,,v3,471300,471300,,"McCarthy, Jack",1000469298,,GEO_PAT,a7740e2e-0530-4a9a-a286-c60d993341c7,54.50161,-122.26724,13.2332,5.58722,-6.63799,-11.78872,-2.52292,6.92984,-4.85959,,,,,,,,,,,,,,,,,,,,,,,,,,,,,,,,,,,,,,,,,,,,,,,,,,,High,High,High,,,,,
47,2025-10-25,11:57:15.72,1,5,"Thomas, Parker",814826,Right,GEO_PAT,"Clyne , Owen",1000230336,Left,GEO_PAT,Undefined,2,Top,0,2,2,Cutter,Slider,InPlay,Undefined,GroundBall,Single,0,0,,80.64511,0.84431,-1.891068,2077.114362,117.461566,10:00,5.62336,2.70969,6.07109,-39.59538,3.37532,-3.7554,3.10556,0.64609,73.45957,-6.509387,-2.567029,0.4718,89.10127,-13.478527,-3.805031,,,,,14.63138,13.62305,-5.344572,0.102783,1.37158,1.88291,-2.56112,50,5.66772,4.00452,-117.07637,0.5078,1.88747,23.86043,-29.58287,GEO_PAT,GEO_PAT,SpuhlerFieldMain,TeamExclusive,Team,20251025-SpuhlerFieldMain-Private-1,477c1400-b1bb-11f0-a778-c7ed5b55c38a,79.89078,3.15035,,7.18553,,,,1.5971,3.15035,-0.60374,725e81a6-ec22-4817-99f1-2faee8aa9fef,2025-10-25,15:57:15.72,2025-10-25T11:57:15.7221888-04:00,2025-10-25T15:57:15.7221888Z,GroundBall,v3,471300,471300,,"McCarthy, Jack",1000469298,,GEO_PAT,95ea978f-d746-47f0-8ae1-3dab9e87b2b5,54.43078,-117.97591,11.93022,5.62756,1.62309,-14.79143,-2.71075,3.93337,0.94373,217.628298,1.59711,126.80163,-5.90046,,,,,,,3.15032,-30.45545,-1.89308,,,,,,,-0.60379,-8.42661,10.139,,,,,,,,,,,,,,,,,,,,,,,,,,,,,High,High,High,High,High,,,
48,2025-10-25,11:57:56.67,2,1,"Thomas, Parker",814826,Right,GEO_PAT,"Cowdrey, Vincent",1000469295,Right,GEO_PAT,Undefined,2,Top,0,0,0,Fastball,Changeup,BallCalled,Undefined,Undefined,Undefined,0,0,,87.32671,-1.467061,-3.391545,1710.75482,247.637625,2:15,5.59568,2.76376,6.22788,-27.91411,8.83441,18.24336,1.91322,1.1511,78.90976,-6.712846,-0.099651,0.436306,,,,,,,,,,,,-10.45977,5.45134,-2.51833,50,5.4722,6.75198,-126.54146,-4.11602,-16.71487,29.30556,-23.46276,GEO_PAT,GEO_PAT,SpuhlerFieldMain,TeamExclusive,Team,20251025-SpuhlerFieldMain-Private-1,5fc43420-b1bb-11f0-a778-c7ed5b55c38a,86.38988,,,8.41695,,,,,,,725e81a6-ec22-4817-99f1-2faee8aa9fef,2025-10-25,15:57:56.67,2025-10-25T11:57:56.6729728-04:00,2025-10-25T15:57:56.6729728Z,,v3,471300,471300,,"McCarthy, Jack",1000469298,,GEO_PAT,e7459797-63e2-417e-a782-56dd914c866d,54.27202,-127.52698,14.65278,5.59736,-3.32699,-11.73138,-2.75484,7.31408,-8.35743,,,,,,,,,,,,,,,,,,,,,,,,,,,,,,,,,,,,,,,,,,,,,,,,,,,High,High,High,,,,,
49,2025-10-25,11:58:17.48,2,2,"Thomas, Parker",814826,Right,GEO_PAT,"Cowdrey, Vincent",1000469295,Right,GEO_PAT,Undefined,2,Top,0,1,0,Fastball,Sinker,BallCalled,Undefined,Undefined,Undefined,0,0,,88.38233,-1.435959,-2.995743,1937.31816,231.911954,1:45,5.61151,2.60144,6.48481,-18.99194,16.68143,19.56206,2.70829,1.47845,79.29532,-5.108497,0.550557,0.429876,,,,,,,,,,,,-11.08926,9.55953,-2.39788,50,5.50185,5.901,-128.0952,-3.69669,-18.06437,31.28934,-16.60155,GEO_PAT,GEO_PAT,SpuhlerFieldMain,TeamExclusive,Team,20251025-SpuhlerFieldMain-Private-1,6c32e1c0-b1bb-11f0-a778-c7ed5b55c38a,87.68205,,,9.08702,,,,,,,725e81a6-ec22-4817-99f1-2faee8aa9fef,2025-10-25,15:58:17.48,2025-10-25T11:58:17.4841856-04:00,2025-10-25T15:58:17.4841856Z,,v3,471300,471300,,"McCarthy, Jack",1000469298,,GEO_PAT,bf585019-2efe-4ac9-9df5-41263b0a83b8,54.01323,-129.07178,15.64467,5.60914,-3.17854,-8.30078,-2.59085,6.46481,-9.03219,,,,,,,,,,,,,,,,,,,,,,,,,,,,,,,,,,,,,,,,,,,,,,,,,,,High,High,High,,,,,
50,2025-10-25,11:58:50.62,2,3,"Thomas, Parker",814826,Right,GEO_PAT,"Cowdrey, Vincent",1000469295,Right,GEO_PAT,Undefined,2,Top,0,2,0,Cutter,Slider,InPlay,Undefined,LineDrive,Single,0,0,,80.16477,0.040142,-2.429564,2020.774465,191.247061,12:15,5.53152,2.65543,6.05163,-38.61817,4.74855,0.66721,2.35053,0.46052,73.3783,-7.117443,-2.309519,0.473969,89.90809,16.724077,-22.689087,1056.938218,100.38244,21.12237,-44.98171,223.81326,223.81326,-26.069594,2.217188,-1.05091,2.82681,-2.46664,50,5.51381,4.91399,-116.39104,-1.09648,-1.43552,22.70392,-28.31263,GEO_PAT,GEO_PAT,SpuhlerFieldMain,TeamExclusive,Team,20251025-SpuhlerFieldMain-Private-1,800901c0-b1bb-11f0-a778-c7ed5b55c38a,79.52516,21.2159,,6.78647,,,,1.84701,2.38805,-0.40717,725e81a6-ec22-4817-99f1-2faee8aa9fef,2025-10-25,15:58:50.62,2025-10-25T11:58:50.6227200-04:00,2025-10-25T15:58:50.6227200Z,LineDrive,v3,471300,471300,,"McCarthy, Jack",1000469298,,GEO_PAT,b64c2748-814b-457d-9544-24443809d63d,54.45067,-117.256,11.35196,5.53504,-0.01784,-14.15632,-2.65489,4.96868,-0.71776,99.516786,1.84701,116.51408,-17.4032,3.60133,-0.77775,0.16245,-0.03153,0.00449,-0.00032,2.38805,37.94582,-21.01447,2.29323,-0.51089,0.11027,-0.02051,0.00303,-0.00023,-0.40717,-48.71284,2.85005,-0.53882,0.11377,-0.02299,0.00457,-0.00064,4E-05,,,,,,,,,,,,,,,,,,,,,,,High,High,High,Medium,High,,,
51,2025-10-25,11:59:31.07,3,1,"Thomas, Parker",814826,Right,GEO_PAT,"Butler, Jake",1000136500,Right,GEO_PAT,Undefined,2,Top,0,0,0,Fastball,Changeup,BallCalled,Undefined,Undefined,Undefined,0,0,,87.08696,-1.363217,-2.534289,1787.914504,251.066369,2:15,5.62023,2.77459,6.23454,-29.59254,7.16792,17.16674,1.89507,1.86561,79.04566,-6.902196,0.567637,0.436377,,,,,,,,,,,,-9.60571,4.54343,-2.5931,50,5.50403,4.89261,-126.33947,-3.94639,-15.35512,28.3771,-24.9112,GEO_PAT,GEO_PAT,SpuhlerFieldMain,TeamExclusive,Team,20251025-SpuhlerFieldMain-Private-1,980d3b10-b1bb-11f0-a778-c7ed5b55c38a,86.37585,,,8.04131,,,,,,,725e81a6-ec22-4817-99f1-2faee8aa9fef,2025-10-25,15:59:31.07,2025-10-25T11:59:31.0784000-04:00,2025-10-25T15:59:31.0784000Z,,v3,471300,471300,,"McCarthy, Jack",1000469298,,GEO_PAT,8fd34254-d8ab-4827-b71c-3ca198ebbc8d,54.26569,-127.29398,14.18855,5.62268,-3.10846,-12.4556,-2.76636,5.40911,-7.67756,,,,,,,,,,,,,,,,,,,,,,,,,,,,,,,,,,,,,,,,,,,,,,,,,,,High,High,High,,,,,
52,2025-10-25,12:00:15.12,3,2,"Thomas, Parker",814826,Right,GEO_PAT,"Butler, Jake",1000136500,Right,GEO_PAT,Undefined,2,Top,0,1,0,Sweeper,Slider,StrikeSwinging,Undefined,Undefined,Undefined,0,0,,75.93471,-0.539406,-1.145985,2279.843255,88.854816,9:00,5.66169,2.56329,5.37198,-48.56955,1.14744,-23.02517,1.10836,-0.4301,69.81453,-9.358069,-5.2432,0.507486,,,,,,,,,,,,11.29331,1.18315,-2.44345,50,5.57882,3.07243,-110.21876,-2.62164,13.77489,21.13484,-30.73089,GEO_PAT,GEO_PAT,SpuhlerFieldMain,TeamExclusive,Team,20251025-SpuhlerFieldMain-Private-1,b26eec60-b1bb-11f0-a778-c7ed5b55c38a,74.27292,,,6.12018,,,,,,,725e81a6-ec22-4817-99f1-2faee8aa9fef,2025-10-25,16:00:15.12,2025-10-25T12:00:15.1223296-04:00,2025-10-25T16:00:15.1223296Z,,v3,471300,471300,,"McCarthy, Jack",1000469298,,GEO_PAT,1d7b9058-7daf-44c3-9b05-4de66ea64c0c,55.13228,-111.19854,10.56742,5.66733,-1.19701,-15.36545,-2.57109,2.43385,6.88744,,,,,,,,,,,,,,,,,,,,,,,,,,,,,,,,,,,,,,,,,,,,,,,,,,,High,High,High,,,,,
53,2025-10-25,12:00:57.39,3,3,"Thomas, Parker",814826,Right,GEO_PAT,"Butler, Jake",1000136500,Right,GEO_PAT,Undefined,2,Top,0,1,1,Fastball,Sinker,BallCalled,Undefined,Undefined,Undefined,0,0,,88.93554,-0.975186,-2.907684,1963.140009,243.884592,2:15,5.63571,2.49053,6.34199,-24.64415,10.50989,18.90584,2.68295,1.38666,80.43295,-5.637363,0.512068,0.426736,,,,,,,,,,,,-10.66445,6.1463,-2.2868,50,5.55317,5.77553,-129.00869,-2.94428,-17.75152,29.9227,-21.9432,GEO_PAT,GEO_PAT,SpuhlerFieldMain,TeamExclusive,Team,20251025-SpuhlerFieldMain-Private-1,cb7b9500-b1bb-11f0-a778-c7ed5b55c38a,88.32735,,,8.50259,,,,,,,725e81a6-ec22-4817-99f1-2faee8aa9fef,2025-10-25,16:00:57.39,2025-10-25T12:00:57.3903872-04:00,2025-10-25T16:00:57.3903872Z,,v3,471300,471300,,"McCarthy, Jack",1000469298,,GEO_PAT,8243b0d6-49e6-4e4f-8dca-222bcdba53fe,54.15818,-129.96957,14.96135,5.6364,-2.23964,-10.9716,-2.48141,6.34557,-8.87576,,,,,,,,,,,,,,,,,,,,,,,,,,,,,,,,,,,,,,,,,,,,,,,,,,,High,High,High,,,,,
54,2025-10-25,12:01:17.39,3,4,"Thomas, Parker",814826,Right,GEO_PAT,"Butler, Jake",1000136500,Right,GEO_PAT,Undefined,2,Top,0,2,1,Sweeper,Slider,FoulBallNotFieldable,Undefined,Undefined,Undefined,0,0,,75.53137,0.676033,-1.326094,2245.535496,93.848271,9:15,5.57217,2.58243,5.58081,-46.70719,3.41721,-25.69938,2.31149,-0.79794,68.89907,-7.893281,-5.908276,0.509561,,,,,,,,,,,,12.68036,1.96532,-2.45077,50,5.59983,3.47949,-109.60151,-0.15781,15.20383,21.95446,-29.81764,GEO_PAT,GEO_PAT,SpuhlerFieldMain,TeamExclusive,Team,20251025-SpuhlerFieldMain-Private-1,d78d0770-b1bb-11f0-a778-c7ed5b55c38a,73.97042,,,6.6323,,,,,,,725e81a6-ec22-4817-99f1-2faee8aa9fef,2025-10-25,16:01:17.39,2025-10-25T12:01:17.3938688-04:00,2025-10-25T16:01:17.3938688Z,,v3,471300,471300,,"McCarthy, Jack",1000469298,,GEO_PAT,42133b7d-2282-41f3-9f83-93f2b4a5ed7f,54.92304,-110.58325,10.97723,5.57707,1.17556,-14.90882,-2.59116,2.79961,7.60192,,,,,,,,,,,,,,,,,,,,,,,,,,,,,,,,,,,,,,,,,,,,,,,,,,,High,High,High,,,,,
55,2025-10-25,12:01:41.74,3,5,"Thomas, Parker",814826,Right,GEO_PAT,"Butler, Jake",1000136500,Right,GEO_PAT,Undefined,2,Top,0,2,2,Cutter,Slider,BallCalled,Undefined,Undefined,Undefined,0,0,,81.42975,-2.157076,-4.031804,2105.778115,90.436556,9:00,5.91806,2.5449,6.08921,-41.17333,1.57402,-4.91303,0.48556,-1.60047,74.04658,-9.734409,-4.91485,0.470572,,,,,,,,,,,,1.18866,2.0028,-2.23082,50,5.72984,8.48929,-117.79942,-5.73987,1.63932,26.24651,-29.41198,GEO_PAT,GEO_PAT,SpuhlerFieldMain,TeamExclusive,Team,20251025-SpuhlerFieldMain-Private-1,e6140dc0-b1bb-11f0-a778-c7ed5b55c38a,80.09919,,,7.38317,,,,,,,725e81a6-ec22-4817-99f1-2faee8aa9fef,2025-10-25,16:01:41.74,2025-10-25T12:01:41.7473024-04:00,2025-10-25T16:01:41.7473024Z,,v3,471300,471300,,"McCarthy, Jack",1000469298,,GEO_PAT,f968a72f-4fda-4e7c-a91c-b86801a0dfb4,54.41073,-118.77809,13.12326,5.92342,-4.64316,-14.70599,-2.54623,8.42817,0.81966,,,,,,,,,,,,,,,,,,,,,,,,,,,,,,,,,,,,,,,,,,,,,,,,,,,High,High,High,,,,,
56,2025-10-25,12:02:05.08,3,6,"Thomas, Parker",814826,Right,GEO_PAT,"Butler, Jake",1000136500,Right,GEO_PAT,Undefined,2,Top,0,3,2,Sweeper,Slider,BallCalled,Walk,Undefined,Undefined,0,0,,75.49936,-0.226838,-1.973992,2266.926798,82.651617,8:45,5.60148,2.48064,5.84334,-50.76164,-0.43126,-18.07029,1.1604,-0.86053,68.24109,-9.568211,-5.215397,0.510607,,,,,,,,,,,,8.43052,0.51417,-2.30974,50,5.55425,4.44761,-109.38235,-1.99837,9.94338,24.05355,-31.5676,GEO_PAT,GEO_PAT,SpuhlerFieldMain,TeamExclusive,Team,20251025-SpuhlerFieldMain-Private-1,f3e558a0-b1bb-11f0-a778-c7ed5b55c38a,73.81893,,,7.25827,,,,,,,725e81a6-ec22-4817-99f1-2faee8aa9fef,2025-10-25,16:02:05.08,2025-10-25T12:02:05.0840576-04:00,2025-10-25T16:02:05.0840576Z,,v3,471300,471300,,"McCarthy, Jack",1000469298,,GEO_PAT,e1aafdf4-cdd6-4092-9dd8-dc18cbe4005d,54.65565,-110.4014,12.02678,5.61058,-0.66099,-15.7838,-2.48925,4.02635,4.97169,,,,,,,,,,,,,,,,,,,,,,,,,,,,,,,,,,,,,,,,,,,,,,,,,,,High,High,High,,,,,
57,2025-10-25,12:02:40.10,4,1,"Thomas, Parker",814826,Right,GEO_PAT,"Alberti, Lucas",1000145512,Right,GEO_PAT,Undefined,2,Top,0,0,0,Fastball,Changeup,StrikeSwinging,Undefined,Undefined,Undefined,0,0,,86.34216,0.933027,-3.578111,1895.567214,260.310885,2:45,5.51319,2.6583,6.51896,-33.14136,4.18347,16.40804,3.6093,0.73812,77.52053,-5.316571,-0.604482,0.439714,,,,,,,,,,,,-9.66804,2.33457,-2.41458,50,5.56468,7.17068,-125.12032,1.02791,-15.03662,29.6934,-28.54313,GEO_PAT,GEO_PAT,SpuhlerFieldMain,TeamExclusive,Team,20251025-SpuhlerFieldMain-Private-1,08bb8380-b1bc-11f0-a778-c7ed5b55c38a,85.72032,,,8.82163,,,,,,,725e81a6-ec22-4817-99f1-2faee8aa9fef,2025-10-25,16:02:40.10,2025-10-25T12:02:40.1064448-04:00,2025-10-25T16:02:40.1064448Z,,v3,471300,471300,,"McCarthy, Jack",1000469298,,GEO_PAT,2c7efb62-03d0-401e-9c13-3104ce5adadb,53.97987,-126.06128,14.8467,5.51777,1.93241,-14.27157,-2.64937,7.64718,-7.51831,,,,,,,,,,,,,,,,,,,,,,,,,,,,,,,,,,,,,,,,,,,,,,,,,,,High,High,High,,,,,
58,2025-10-25,12:02:58.09,4,2,"Thomas, Parker",814826,Right,GEO_PAT,"Alberti, Lucas",1000145512,Right,GEO_PAT,Undefined,2,Top,0,0,1,Fastball,Changeup,StrikeCalled,Undefined,Undefined,Undefined,0,0,,86.57714,-1.755662,-4.528416,1813.454685,260.028106,2:45,5.59441,2.50831,6.54893,-32.73352,4.65347,18.13725,1.25101,-0.14178,77.62658,-7.915981,-1.240022,0.44008,,,,,,,,,,,,-11.07186,3.49303,-2.20148,50,5.45915,9.21915,-125.24751,-4.83589,-17.14405,31.23961,-26.76532,GEO_PAT,GEO_PAT,SpuhlerFieldMain,TeamExclusive,Team,20251025-SpuhlerFieldMain-Private-1,138d7110-b1bc-11f0-a778-c7ed5b55c38a,85.64905,,,8.95056,,,,,,,725e81a6-ec22-4817-99f1-2faee8aa9fef,2025-10-25,16:02:58.09,2025-10-25T12:02:58.0924416-04:00,2025-10-25T16:02:58.0924416Z,,v3,471300,471300,,"McCarthy, Jack",1000469298,,GEO_PAT,a2124c49-13c5-4a0f-bc0c-62fb8dcf46cf,53.95103,-126.22913,15.6198,5.59789,-3.99486,-13.38266,-2.49963,9.75786,-8.57202,,,,,,,,,,,,,,,,,,,,,,,,,,,,,,,,,,,,,,,,,,,,,,,,,,,High,High,High,,,,,
59,2025-10-25,12:03:15.56,4,3,"Thomas, Parker",814826,Right,GEO_PAT,"Alberti, Lucas",1000145512,Right,GEO_PAT,Undefined,2,Top,0,0,2,Sweeper,Curveball,BallCalled,Undefined,Undefined,Undefined,0,0,,75.5133,-0.790225,-1.198687,2257.90623,79.314128,8:45,5.91392,2.35033,5.69702,-52.99881,-2.35784,-22.70151,0.76071,-0.65873,68.32751,-10.487376,-5.266662,0.51218,,,,,,,,,,,,11.19879,-0.43555,-2.23492,50,5.81459,3.11535,-109.45002,-3.15567,13.18295,24.63537,-32.68677,GEO_PAT,GEO_PAT,SpuhlerFieldMain,TeamExclusive,Team,20251025-SpuhlerFieldMain-Private-1,1dfd6880-b1bc-11f0-a778-c7ed5b55c38a,73.59219,,,7.18579,,,,,,,725e81a6-ec22-4817-99f1-2faee8aa9fef,2025-10-25,16:03:15.56,2025-10-25T12:03:15.5637248-04:00,2025-10-25T16:03:15.5637248Z,,v3,471300,471300,,"McCarthy, Jack",1000469298,,GEO_PAT,cc50b38e-35a3-4d23-9890-184be4a1fcfa,54.80571,-110.52641,12.31769,5.92127,-1.72749,-16.34339,-2.35846,2.53934,6.59147,,,,,,,,,,,,,,,,,,,,,,,,,,,,,,,,,,,,,,,,,,,,,,,,,,,High,High,High,,,,,
60,2025-10-25,12:03:37.35,4,4,"Thomas, Parker",814826,Right,GEO_PAT,"Alberti, Lucas",1000145512,Right,GEO_PAT,Undefined,2,Top,0,1,2,Fastball,Changeup,InPlay,Undefined,GroundBall,Single,0,2,,87.02361,-1.299527,-4.066739,1903.064756,256.427729,2:30,5.50802,2.54896,6.45859,-30.93045,6.26851,19.77383,1.73345,0.45461,77.67301,-7.141339,-0.485587,0.438972,99.47408,-4.112446,-1.020743,,,,,20.68662,18.31033,-2.014094,0.134337,-11.79627,4.17122,-2.26907,50,5.40246,8.17825,-125.93984,-3.79831,-18.4001,32.4375,-25.66765,GEO_PAT,GEO_PAT,SpuhlerFieldMain,TeamExclusive,Team,20251025-SpuhlerFieldMain-Private-1,2af59170-b1bc-11f0-a778-c7ed5b55c38a,85.86525,1.74166,,9.3506,,,,1.51844,1.74166,-0.4634,725e81a6-ec22-4817-99f1-2faee8aa9fef,2025-10-25,16:03:37.35,2025-10-25T12:03:37.3584384-04:00,2025-10-25T16:03:37.3584384Z,GroundBall,v3,471300,471300,,"McCarthy, Jack",1000469298,,GEO_PAT,8365f6f5-3eb3-4fa9-8aa5-799f593b4fb7,54.04128,-126.97646,16.21875,5.51074,-2.97804,-12.83383,-2.53982,8.76627,-9.20005,315.088655,1.51884,145.45748,-21.37093,,,,,,,1.74193,-10.48942,-18.4581,,,,,,,-0.46354,-2.57864,4.60148,,,,,,,,,,,,,,,,,,,,,,,,,,,,,High,High,High,High,High,,,
61,2025-10-25,12:04:39.82,5,1,"Thomas, Parker",814826,Right,GEO_PAT,"Smith, Cooper",1000469293,Right,GEO_PAT,Undefined,2,Top,0,0,0,Cutter,Slider,StrikeSwinging,Undefined,Undefined,Undefined,0,0,,83.4496,-1.913094,-3.036829,2182.342715,135.293367,10:30,5.61744,2.55935,6.22539,-36.23242,3.88488,-2.48795,0.82969,-0.45273,76.13464,-8.625934,-3.485882,0.455866,,,,,,,,,,,,0.34748,2.99756,-2.33083,50,5.45619,6.51138,-120.98828,-5.1644,0.50892,26.23012,-27.78382,GEO_PAT,GEO_PAT,SpuhlerFieldMain,TeamExclusive,Team,20251025-SpuhlerFieldMain-Private-1,502d00e0-b1bc-11f0-a778-c7ed5b55c38a,82.68314,,,7.31496,,,,,,,725e81a6-ec22-4817-99f1-2faee8aa9fef,2025-10-25,16:04:39.82,2025-10-25T12:04:39.8266368-04:00,2025-10-25T16:04:39.8266368Z,,v3,471300,471300,,"McCarthy, Jack",1000469298,,GEO_PAT,7c8fca05-9c18-4f1d-b411-871169dee158,54.2763,-121.91185,13.11506,5.62081,-4.18612,-13.89191,-2.55978,6.49346,0.25446,,,,,,,,,,,,,,,,,,,,,,,,,,,,,,,,,,,,,,,,,,,,,,,,,,,High,High,High,,,,,
62,2025-10-25,12:04:58.44,5,2,"Thomas, Parker",814826,Right,GEO_PAT,"Smith, Cooper",1000469293,Right,GEO_PAT,Undefined,2,Top,0,0,1,Sweeper,Slider,BallCalled,Undefined,Undefined,Undefined,0,0,,75.67171,2.431405,0.15048,2298.80945,95.214396,9:15,5.6135,2.73013,5.44685,-46.68892,3.85374,-22.15348,4.00066,1.02491,68.1523,-6.180919,-3.790435,0.511682,,,,,,,,,,,,11.05981,1.73008,-2.72822,50,5.79703,0.58831,-109.59037,3.15211,13.19982,22.73128,-30.10923,GEO_PAT,GEO_PAT,SpuhlerFieldMain,TeamExclusive,Team,20251025-SpuhlerFieldMain-Private-1,5b3bd060-b1bc-11f0-a778-c7ed5b55c38a,73.66374,,,7.51941,,,,,,,725e81a6-ec22-4817-99f1-2faee8aa9fef,2025-10-25,16:04:58.44,2025-10-25T12:04:58.4491008-04:00,2025-10-25T16:04:58.4491008Z,,v3,471300,471300,,"McCarthy, Jack",1000469298,,GEO_PAT,2c42696e-af9c-45c5-af0a-bace6972fc50,55.05258,-110.63342,11.36564,5.62069,4.5337,-15.05461,-2.74132,-0.01738,6.59991,,,,,,,,,,,,,,,,,,,,,,,,,,,,,,,,,,,,,,,,,,,,,,,,,,,High,High,High,,,,,
63,2025-10-25,12:05:15.61,5,3,"Thomas, Parker",814826,Right,GEO_PAT,"Smith, Cooper",1000469293,Right,GEO_PAT,Undefined,2,Top,0,1,1,Sweeper,Slider,InPlay,Undefined,Bunt,Sacrifice,1,1,,76.7182,1.35128,-0.770663,2245.322708,101.60919,9:30,5.85061,2.62383,5.87441,-43.42227,4.76048,-14.89237,3.48756,0.66694,69.4326,-6.709921,-3.442359,0.499594,27.60722,-31.806328,44.809991,,,,,7.43974,7.23851,23.42589,0.156234,7.4354,2.43087,-2.55249,50,5.93478,2.03261,-111.30477,1.32735,9.16939,23.13904,-29.17628,GEO_PAT,GEO_PAT,SpuhlerFieldMain,TeamExclusive,Team,20251025-SpuhlerFieldMain-Private-1,65874fe0-b1bc-11f0-a778-c7ed5b55c38a,75.44613,3.67248,,7.28561,,,,3.04875,3.67248,-0.78404,725e81a6-ec22-4817-99f1-2faee8aa9fef,2025-10-25,16:05:15.61,2025-10-25T12:05:15.6121088-04:00,2025-10-25T16:05:15.6121088Z,GroundBall,v3,471300,471300,,"McCarthy, Jack",1000469298,,GEO_PAT,189f4d8d-2e0b-473a-83f9-166b38d39f12,54.62769,-112.26269,11.56952,5.85483,2.53521,-14.58814,-2.62878,1.65302,4.5847,150.051659,3.04875,24.41168,-1.48175,,,,,,,3.67264,-21.35375,-13.7912,,,,,,,-0.78404,24.25114,-1.92721,,,,,,,,,,,,,,,,,,,,,,,,,,,,,High,High,High,High,High,,,
64,2025-10-25,12:05:52.48,6,1,"Thomas, Parker",814826,Right,GEO_PAT,"Rozich, Landen",1000469268,Right,GEO_PAT,Undefined,2,Top,1,0,0,Cutter,Slider,BallCalled,Undefined,Undefined,Undefined,0,0,,83.37356,0.576353,-2.947573,2175.322756,162.885746,11:30,5.71282,2.52595,6.04821,-29.43183,11.00453,-2.96126,3.79448,-0.45211,75.51983,-4.947169,-3.479141,0.457675,,,,,,,,,,,,0.59854,5.90902,-2.29474,50,5.74214,6.34075,-120.8424,0.32564,0.87568,25.8839,-23.52924,GEO_PAT,GEO_PAT,SpuhlerFieldMain,TeamExclusive,Team,20251025-SpuhlerFieldMain-Private-1,7b6526c0-b1bc-11f0-a778-c7ed5b55c38a,82.35629,,,7.85374,,,,,,,725e81a6-ec22-4817-99f1-2faee8aa9fef,2025-10-25,16:05:52.48,2025-10-25T12:05:52.4816896-04:00,2025-10-25T16:05:52.4816896Z,,v3,471300,471300,,"McCarthy, Jack",1000469298,,GEO_PAT,3743a94d-623a-40f7-b9e5-a6301c190713,54.44974,-121.79179,12.94195,5.71437,1.18865,-11.76462,-2.52672,6.30864,0.43784,,,,,,,,,,,,,,,,,,,,,,,,,,,,,,,,,,,,,,,,,,,,,,,,,,,High,High,High,,,,,
65,2025-10-25,12:06:11.39,6,2,"Thomas, Parker",814826,Right,GEO_PAT,"Rozich, Landen",1000469268,Right,GEO_PAT,Undefined,2,Top,1,1,0,Sweeper,Curveball,StrikeCalled,Undefined,Undefined,Undefined,0,0,,75.58603,1.755787,-0.698503,2264.990158,73.295917,8:30,5.49086,2.7324,5.6147,-55.11783,-4.78524,-21.98659,2.53715,0.24818,68.40648,-8.353364,-4.626186,0.510618,,,,,,,,,,,,10.82654,-2.42295,-2.65855,50,5.60594,2.17455,-109.58807,1.58011,12.8923,23.12083,-35.05933,GEO_PAT,GEO_PAT,SpuhlerFieldMain,TeamExclusive,Team,20251025-SpuhlerFieldMain-Private-1,86d35450-b1bc-11f0-a778-c7ed5b55c38a,73.8173,,,7.17956,,,,,,,725e81a6-ec22-4817-99f1-2faee8aa9fef,2025-10-25,16:06:11.39,2025-10-25T12:06:11.3975296-04:00,2025-10-25T16:06:11.3975296Z,,v3,471300,471300,,"McCarthy, Jack",1000469298,,GEO_PAT,decf61ed-ec1b-4f2f-98ff-e3bff25604c2,54.88768,-110.61447,11.56041,5.50125,3.13648,-17.52967,-2.74238,1.60222,6.44615,,,,,,,,,,,,,,,,,,,,,,,,,,,,,,,,,,,,,,,,,,,,,,,,,,,High,High,High,,,,,
66,2025-10-25,12:06:30.34,6,3,"Thomas, Parker",814826,Right,GEO_PAT,"Rozich, Landen",1000469268,Right,GEO_PAT,Undefined,2,Top,1,1,1,Sweeper,Slider,BallCalled,Undefined,Undefined,Undefined,0,0,,77.156,-0.324185,-2.926763,2263.230688,101.223264,9:15,5.6712,2.85461,5.44561,-43.52719,4.84953,-16.15383,1.74,-1.23433,70.41285,-8.278215,-5.795125,0.500599,,,,,,,,,,,,7.17304,3.06965,-2.58448,50,5.61298,6.3466,-111.75732,-2.04972,8.95852,22.48882,-28.34032,GEO_PAT,GEO_PAT,SpuhlerFieldMain,TeamExclusive,Team,20251025-SpuhlerFieldMain-Private-1,91fed390-b1bc-11f0-a778-c7ed5b55c38a,75.29475,,,6.74315,,,,,,,725e81a6-ec22-4817-99f1-2faee8aa9fef,2025-10-25,16:06:30.34,2025-10-25T12:06:30.3494656-04:00,2025-10-25T16:06:30.3494656Z,,v3,471300,471300,,"McCarthy, Jack",1000469298,,GEO_PAT,540b21f1-bae4-48f8-a1b3-31f54dd4eb3e,55.0545,-112.76985,11.24441,5.67654,-0.77374,-14.17016,-2.86114,5.94325,4.47926,,,,,,,,,,,,,,,,,,,,,,,,,,,,,,,,,,,,,,,,,,,,,,,,,,,High,High,High,,,,,
67,2025-10-25,12:06:50.49,6,4,"Thomas, Parker",814826,Right,GEO_PAT,"Rozich, Landen",1000469268,Right,GEO_PAT,Undefined,2,Top,1,2,1,Cutter,Slider,InPlay,Undefined,Bunt,Sacrifice,1,1,,84.12799,-1.871167,-1.419465,2108.14417,174.663427,11:45,5.80334,2.5373,6.26399,-29.68635,9.63528,-0.77303,1.60304,1.1638,76.53588,-7.430836,-1.559287,0.451323,24.92871,-18.957144,8.83125,,,,,7.91033,7.57951,-3.296736,0.133552,-0.03752,5.95363,-2.43169,50,5.64997,3.05433,-122.13981,-4.8645,-0.05597,26.93833,-23.29583,GEO_PAT,GEO_PAT,SpuhlerFieldMain,TeamExclusive,Team,20251025-SpuhlerFieldMain-Private-1,9e0bd930-b1bc-11f0-a778-c7ed5b55c38a,83.51547,1.83498,,7.59211,,,,3.3737,1.83498,-1.1903,725e81a6-ec22-4817-99f1-2faee8aa9fef,2025-10-25,16:06:50.49,2025-10-25T12:06:50.4913920-04:00,2025-10-25T16:06:50.4913920Z,GroundBall,v3,471300,471300,,"McCarthy, Jack",1000469298,,GEO_PAT,74f16c3b-ea26-45a8-86cc-167cf6087810,54.23946,-123.07128,13.46917,5.80425,-4.05898,-11.64792,-2.53734,3.05627,-0.02799,235.518995,3.37373,34.16663,-2.21686,,,,,,,1.83507,-11.88554,-13.89361,,,,,,,-1.19028,5.30713,1.4905,,,,,,,,,,,,,,,,,,,,,,,,,,,,,High,High,High,High,High,,,
68,2025-10-25,12:07:28.80,7,1,"Thomas, Parker",814826,Right,GEO_PAT,"Bagnerise , Julius",1000469309,Right,GEO_PAT,Undefined,2,Top,2,0,0,Fastball,Sinker,BallCalled,Undefined,Undefined,Undefined,0,0,,90.06222,-2.295963,-4.052116,1871.825043,251.051915,2:15,5.57527,2.67785,6.44657,-26.30037,8.00949,19.71899,1.2675,0.59157,81.45694,-7.248923,-0.481709,0.421581,,,,,,,,,,,,-11.64418,5.27693,-2.3985,50,5.40023,8.46234,-130.4496,-6.05061,-19.77008,31.20177,-23.21462,GEO_PAT,GEO_PAT,SpuhlerFieldMain,TeamExclusive,Team,20251025-SpuhlerFieldMain-Private-1,b4de7050-b1bc-11f0-a778-c7ed5b55c38a,89.40736,,,8.60528,,,,,,,725e81a6-ec22-4817-99f1-2faee8aa9fef,2025-10-25,16:07:28.80,2025-10-25T12:07:28.8055808-04:00,2025-10-25T16:07:28.8055808Z,,v3,471300,471300,,"McCarthy, Jack",1000469298,,GEO_PAT,c6aeb0a8-8b9f-49e7-ae6c-81b3db1e9b5a,54.05579,-131.41611,15.60089,5.57651,-5.33151,-11.60731,-2.67011,9.07474,-9.88504,,,,,,,,,,,,,,,,,,,,,,,,,,,,,,,,,,,,,,,,,,,,,,,,,,,High,High,High,,,,,
69,2025-10-25,12:07:45.05,7,2,"Thomas, Parker",814826,Right,GEO_PAT,"Bagnerise , Julius",1000469309,Right,GEO_PAT,Undefined,2,Top,2,1,0,Fastball,Changeup,BallCalled,Undefined,Undefined,Undefined,0,0,,87.48351,-1.143112,-6.160598,1859.656169,254.154309,2:30,5.49781,2.65626,6.61204,-28.53667,7.9978,23.19718,2.06648,-1.07539,78.39092,-6.551826,-1.969368,0.435034,,,,,,,,,,,,-14.10835,5.01988,-2.24326,50,5.4082,12.71208,-126.31609,-3.36769,-22.33573,30.56093,-24.22682,GEO_PAT,GEO_PAT,SpuhlerFieldMain,TeamExclusive,Team,20251025-SpuhlerFieldMain-Private-1,be7d3510-b1bc-11f0-a778-c7ed5b55c38a,86.64256,,,9.09259,,,,,,,725e81a6-ec22-4817-99f1-2faee8aa9fef,2025-10-25,16:07:45.05,2025-10-25T12:07:45.0566144-04:00,2025-10-25T16:07:45.0566144Z,,v3,471300,471300,,"McCarthy, Jack",1000469298,,GEO_PAT,395cd7c4-001e-4f85-a918-628a3fec5cc8,53.88771,-127.25321,15.28047,5.50007,-2.6248,-12.11341,-2.64357,13.39698,-11.16786,,,,,,,,,,,,,,,,,,,,,,,,,,,,,,,,,,,,,,,,,,,,,,,,,,,High,High,High,,,,,
70,2025-10-25,12:08:03.22,7,3,"Thomas, Parker",814826,Right,GEO_PAT,"Bagnerise , Julius",1000469309,Right,GEO_PAT,Undefined,2,Top,2,2,0,Sweeper,Curveball,BallCalled,Undefined,Undefined,Undefined,0,0,,72.56538,2.895813,0.937775,2228.763502,79.615865,8:45,5.45713,2.82728,6.01798,-56.0433,-1.98197,-21.94537,3.47199,1.86727,65.16716,-7.51597,-3.010325,0.529194,,,,,,,,,,,,11.43493,-1.30413,-2.8898,50,5.6551,-0.93218,-105.1275,3.68609,12.48603,21.85713,-33.59805,GEO_PAT,GEO_PAT,SpuhlerFieldMain,TeamExclusive,Team,20251025-SpuhlerFieldMain-Private-1,c95f9d60-b1bc-11f0-a778-c7ed5b55c38a,71.22614,,,7.39821,,,,,,,725e81a6-ec22-4817-99f1-2faee8aa9fef,2025-10-25,16:08:03.22,2025-10-25T12:08:03.2230912-04:00,2025-10-25T16:08:03.2230912Z,,v3,471300,471300,,"McCarthy, Jack",1000469298,,GEO_PAT,a29d713c-a67d-450f-a9a3-653c3915af3e,54.4823,-106.05532,10.92856,5.46836,5.11231,-16.79903,-2.83898,-1.4622,6.24302,,,,,,,,,,,,,,,,,,,,,,,,,,,,,,,,,,,,,,,,,,,,,,,,,,,High,High,High,,,,,
71,2025-10-25,12:08:26.72,7,4,"Thomas, Parker",814826,Right,GEO_PAT,"Bagnerise , Julius",1000469309,Right,GEO_PAT,Undefined,2,Top,2,3,0,Fastball,Changeup,StrikeCalled,Undefined,Undefined,Undefined,0,0,,87.73598,-0.80708,-3.422698,1827.72459,242.354151,2:00,5.66641,2.61683,6.60664,-25.216,10.67308,17.88942,2.82437,0.96848,79.10253,-5.607309,-0.172992,0.431174,,,,,,,,,,,,-10.41115,6.258,-2.38949,50,5.601,6.90457,-127.22569,-2.50771,-16.80035,29.86871,-22.07558,GEO_PAT,GEO_PAT,SpuhlerFieldMain,TeamExclusive,Team,20251025-SpuhlerFieldMain-Private-1,d75475d0-b1bc-11f0-a778-c7ed5b55c38a,87.41818,,,8.63345,,,,,,,725e81a6-ec22-4817-99f1-2faee8aa9fef,2025-10-25,16:08:26.72,2025-10-25T12:08:26.7296256-04:00,2025-10-25T16:08:26.7296256Z,,v3,471300,471300,,"McCarthy, Jack",1000469298,,GEO_PAT,76d70b44-ebca-4269-916d-1eb2b2d12046,53.89281,-128.13634,14.93436,5.6672,-1.83466,-11.03779,-2.60782,7.41679,-8.40017,,,,,,,,,,,,,,,,,,,,,,,,,,,,,,,,,,,,,,,,,,,,,,,,,,,High,High,High,,,,,
72,2025-10-25,12:08:45.59,7,5,"Thomas, Parker",814826,Right,GEO_PAT,"Bagnerise , Julius",1000469309,Right,GEO_PAT,Undefined,2,Top,2,3,1,Fastball,Changeup,StrikeCalled,Undefined,Undefined,Undefined,0,0,,86.98996,-1.80139,-5.331316,1860.990345,242.699076,2:00,5.53952,2.82784,6.55281,-26.08946,10.80709,18.22985,1.7058,-0.55598,78.21304,-6.75516,-2.035536,0.437184,,,,,,,,,,,,-11.23119,6.6765,-2.46512,50,5.40359,11.01517,-125.73045,-4.71034,-17.65089,29.82051,-21.68129,GEO_PAT,GEO_PAT,SpuhlerFieldMain,TeamExclusive,Team,20251025-SpuhlerFieldMain-Private-1,e2ac8350-b1bc-11f0-a778-c7ed5b55c38a,86.21643,,,8.77692,,,,,,,725e81a6-ec22-4817-99f1-2faee8aa9fef,2025-10-25,16:08:45.59,2025-10-25T12:08:45.5947264-04:00,2025-10-25T16:08:45.5947264Z,,v3,471300,471300,,"McCarthy, Jack",1000469298,,GEO_PAT,ce193380-2342-4d50-af00-294a82fd57c9,53.94636,-126.66298,14.91025,5.54029,-4.03233,-10.84064,-2.81821,11.56714,-8.82544,,,,,,,,,,,,,,,,,,,,,,,,,,,,,,,,,,,,,,,,,,,,,,,,,,,High,High,High,,,,,
73,2025-10-25,12:09:02.99,7,6,"Thomas, Parker",814826,Right,GEO_PAT,"Bagnerise , Julius",1000469309,Right,GEO_PAT,Undefined,2,Top,2,3,2,ChangeUp,Changeup,BallCalled,Walk,Undefined,Undefined,0,0,,80.71759,-1.19943,-1.703521,1201.137669,269.381969,3:00,5.683,2.66644,6.15797,-41.54235,1.80543,15.57324,1.11235,2.38988,72.84652,-8.918604,1.111964,0.473865,,,,,,,,,,,,-8.59748,1.85854,-2.54454,50,5.57118,2.88936,-117.0428,-3.73468,-11.65124,26.83787,-29.65538,GEO_PAT,GEO_PAT,SpuhlerFieldMain,TeamExclusive,Team,20251025-SpuhlerFieldMain-Private-1,ed137a10-b1bc-11f0-a778-c7ed5b55c38a,79.54252,,,7.87106,,,,,,,725e81a6-ec22-4817-99f1-2faee8aa9fef,2025-10-25,16:09:02.99,2025-10-25T12:09:02.9935616-04:00,2025-10-25T16:09:02.9935616Z,,v3,471300,471300,,"McCarthy, Jack",1000469298,,GEO_PAT,4508b3fa-dec4-4522-9b02-3c4f0e2cdaa5,54.34182,-118.03418,13.41894,5.6889,-2.63922,-14.82769,-2.65922,3.31975,-5.82562,,,,,,,,,,,,,,,,,,,,,,,,,,,,,,,,,,,,,,,,,,,,,,,,,,,High,High,High,,,,,
74,2025-10-25,12:09:39.06,8,1,"Thomas, Parker",814826,Right,GEO_PAT,"Clyne , Owen",1000230336,Left,GEO_PAT,Undefined,2,Top,2,0,0,Fastball,Changeup,BallCalled,Undefined,Undefined,Undefined,0,0,,87.11516,-1.801299,-3.138995,1861.43205,250.561962,2:15,5.69847,2.65995,6.21365,-27.58521,9.45319,22.89741,1.7342,1.66813,78.55512,-6.990449,0.994701,0.438023,,,,,,,,,,,,-12.75394,5.90489,-2.43466,50,5.54966,5.97445,-126.22162,-4.83001,-20.21855,29.84992,-22.81318,GEO_PAT,GEO_PAT,SpuhlerFieldMain,TeamExclusive,Team,20251025-SpuhlerFieldMain-Private-1,027235e0-b1bd-11f0-a778-c7ed5b55c38a,86.05119,,,8.56005,,,,,,,725e81a6-ec22-4817-99f1-2faee8aa9fef,2025-10-25,16:09:39.06,2025-10-25T12:09:39.0678528-04:00,2025-10-25T16:09:39.0678528Z,,v3,471300,471300,,"McCarthy, Jack",1000469298,,GEO_PAT,347c3226-1f1f-458f-8048-8782bcd7e1ea,54.28617,-127.23121,14.92496,5.69997,-4.05842,-11.40659,-2.64829,6.65828,-10.10928,,,,,,,,,,,,,,,,,,,,,,,,,,,,,,,,,,,,,,,,,,,,,,,,,,,High,High,High,,,,,
75,2025-10-25,12:10:15.39,8,2,"Thomas, Parker",814826,Right,GEO_PAT,"Clyne , Owen",1000230336,Left,GEO_PAT,Undefined,2,Top,2,1,0,Fastball,Changeup,FoulBallNotFieldable,Undefined,Undefined,Undefined,0,0,,86.9547,-0.114135,-3.60632,1881.420266,257.192193,2:30,5.7912,2.73089,6.26378,-30.4336,6.70166,23.39942,3.14963,1.35125,78.15443,-5.839994,0.617292,0.438596,,,,,,,,,,,,-13.40702,3.89244,-2.47462,50,5.76797,7.02322,-126.0362,-1.19848,-21.14448,30.28132,-26.03517,GEO_PAT,GEO_PAT,SpuhlerFieldMain,TeamExclusive,Team,20251025-SpuhlerFieldMain-Private-1,182c3110-b1bd-11f0-a778-c7ed5b55c38a,85.93887,,,8.80028,,,,,,,725e81a6-ec22-4817-99f1-2faee8aa9fef,2025-10-25,16:10:15.39,2025-10-25T12:10:15.3977856-04:00,2025-10-25T16:10:15.3977856Z,,v3,471300,471300,,"McCarthy, Jack",1000469298,,GEO_PAT,003a1249-fe36-4f1d-8b64-67cd38cc6b51,54.23866,-127.05049,15.14066,5.79351,-0.32641,-13.01759,-2.72173,7.73147,-10.57224,,,,,,,,,,,,,,,,,,,,,,,,,,,,,,,,,,,,,,,,,,,,,,,,,,,High,High,High,,,,,
76,2025-10-25,12:10:42.96,8,3,"Thomas, Parker",814826,Right,GEO_PAT,"Clyne , Owen",1000230336,Left,GEO_PAT,Undefined,2,Top,2,1,1,Fastball,Changeup,BallCalled,Undefined,Undefined,Undefined,0,0,,87.62101,-1.371754,-5.775074,1980.581373,249.996389,2:15,5.50801,2.81865,6.62064,-27.20108,9.44319,21.82466,1.97832,-0.66952,77.97624,-6.556494,-1.827676,0.435687,,,,,,,,,,,,-13.39489,5.8976,-2.43247,50,5.40359,11.91675,-126.48658,-3.8197,-21.09479,32.50656,-22.88629,GEO_PAT,GEO_PAT,SpuhlerFieldMain,TeamExclusive,Team,20251025-SpuhlerFieldMain-Private-1,28a36ea0-b1bd-11f0-a778-c7ed5b55c38a,86.51269,,,9.64476,,,,,,,725e81a6-ec22-4817-99f1-2faee8aa9fef,2025-10-25,16:10:42.96,2025-10-25T12:10:42.9670000-04:00,2025-10-25T16:10:42.9670000Z,,v3,471300,471300,,"McCarthy, Jack",1000469298,,GEO_PAT,27d94916-b695-46f7-95f9-92235c43d4c5,53.87737,-127.47915,16.25328,5.50955,-3.12088,-11.44314,-2.80617,12.56087,-10.5474,,,,,,,,,,,,,,,,,,,,,,,,,,,,,69.61671,,0.74583,,-1.61651,1.62027,0.76025,-2.09344,6.01514,0.77687,,,,-2.08111,78.89386,-8.17612,6.01703,-2.36019,-11.18576,0.7812,64.34261,-3.38654,High,High,High,,,High,High,Medium
77,2025-10-25,12:11:08.14,8,4,"Thomas, Parker",814826,Right,GEO_PAT,"Clyne , Owen",1000230336,Left,GEO_PAT,Undefined,2,Top,2,2,1,Cutter,Slider,StrikeCalled,Undefined,Undefined,Undefined,0,0,,81.89022,-1.119789,-1.79895,2161.927742,184.185768,12:15,5.6292,2.59102,6.10766,-35.64443,5.71922,0.32299,1.62265,0.95378,75.2125,-7.723652,-1.740699,0.462893,,,,,,,,,,,,-0.67449,3.67681,-2.45293,50,5.52452,3.72349,-118.9397,-3.42767,-0.96476,23.12814,-26.91481,GEO_PAT,GEO_PAT,SpuhlerFieldMain,TeamExclusive,Team,20251025-SpuhlerFieldMain-Private-1,37aaef90-b1bd-11f0-a778-c7ed5b55c38a,81.42794,,,6.67772,,,,,,,725e81a6-ec22-4817-99f1-2faee8aa9fef,2025-10-25,16:11:08.14,2025-10-25T12:11:08.1487872-04:00,2025-10-25T16:11:08.1487872Z,,v3,471300,471300,,"McCarthy, Jack",1000469298,,GEO_PAT,355e0d22-373d-4f6b-b5b3-8eece6315b56,54.39372,-119.79102,11.56407,5.63246,-2.43697,-13.45741,-2.59064,3.759,-0.48238,,,,,,,,,,,,,,,,,,,,,,,,,,,,,,,,,,,,,,,,,,,,,,,,,,,High,High,High,,,,,
78,2025-10-25,12:11:29.52,8,5,"Thomas, Parker",814826,Right,GEO_PAT,"Clyne , Owen",1000230336,Left,GEO_PAT,Undefined,2,Top,2,2,2,ChangeUp,Changeup,BallCalled,Undefined,Undefined,Undefined,0,0,,82.51766,-2.731106,-3.48287,1278.400232,249.801572,2:15,5.68917,2.55109,5.91173,-34.45061,7.34985,15.79859,0.27669,0.63088,74.80676,-9.110074,-0.646109,0.465331,,,,,,,,,,,,-9.29284,5.0789,-2.28053,50,5.44985,6.65912,-119.41023,-6.79171,-13.19346,26.5748,-24.96328,GEO_PAT,GEO_PAT,SpuhlerFieldMain,TeamExclusive,Team,20251025-SpuhlerFieldMain-Private-1,446684b0-b1bd-11f0-a778-c7ed5b55c38a,81.00135,,,7.7109,,,,,,,725e81a6-ec22-4817-99f1-2faee8aa9fef,2025-10-25,16:11:29.52,2025-10-25T12:11:29.5242752-04:00,2025-10-25T16:11:29.5242752Z,,v3,471300,471300,,"McCarthy, Jack",1000469298,,GEO_PAT,9df0ef73-7753-4df3-940e-e39a6859842e,54.59006,-120.42742,13.2874,5.69152,-5.8362,-12.48164,-2.54509,7.16412,-6.59673,,,,,,,,,,,,,,,,,,,,,,,,,,,,,,,,,,,,,,,,,,,,,,,,,,,High,High,High,,,,,
79,2025-10-25,12:11:57.07,8,6,"Thomas, Parker",814826,Right,GEO_PAT,"Clyne , Owen",1000230336,Left,GEO_PAT,Undefined,2,Top,2,3,2,Cutter,Slider,FoulBallNotFieldable,Undefined,Undefined,Undefined,0,0,,80.47878,-1.472492,-2.57942,2108.018896,165.21327,11:30,5.49893,2.6001,6.20344,-35.54281,6.91292,-1.49331,1.1761,0.09299,74.4564,-8.047261,-2.848938,0.468964,57.0542,-43.384601,92.47615,,,,,3.25244,3.25244,23.736949,0.024332,0.09835,4.3324,-2.40534,50,5.37003,5.31976,-116.92375,-4.05644,0.13678,21.10574,-26.14916,GEO_PAT,GEO_PAT,SpuhlerFieldMain,TeamExclusive,Team,20251025-SpuhlerFieldMain-Private-1,54cdbcb0-b1bd-11f0-a778-c7ed5b55c38a,80.37383,1.40292,,6.02238,,,,3.04143,1.40292,-0.17373,725e81a6-ec22-4817-99f1-2faee8aa9fef,2025-10-25,16:11:57.07,2025-10-25T12:11:57.0737152-04:00,2025-10-25T16:11:57.0737152Z,GroundBall,v3,471300,471300,,"McCarthy, Jack",1000469298,,GEO_PAT,aa92d9e2-e75c-4d50-97b2-9fc001779025,54.3002,-117.69741,10.55287,5.50116,-3.09791,-13.07458,-2.60025,5.31475,0.06839,,3.04146,-2.63562,,,,,,,,1.40362,-57.65833,,,,,,,,-0.17447,60.94784,,,,,,,,,,,,,,,,,,,,,,,,,,,,,,High,High,High,Estimated,Estimated,,,
80,2025-10-25,12:12:26.12,8,7,"Thomas, Parker",814826,Right,GEO_PAT,"Clyne , Owen",1000230336,Left,GEO_PAT,Undefined,2,Top,2,3,2,Sweeper,Curveball,StrikeSwinging,Strikeout,Undefined,Undefined,0,0,,75.74403,-1.336327,-1.570916,2189.66044,87.775378,9:00,5.83302,2.62283,6.12089,-47.91636,0.79547,-20.70682,0.60382,-0.55547,69.66153,-10.135628,-5.308629,0.502329,,,,,,,,,,,,10.26587,1.28252,-2.49177,50,5.70577,3.72534,-110.00324,-3.95689,12.43308,21.62618,-30.62076,GEO_PAT,GEO_PAT,SpuhlerFieldMain,TeamExclusive,Team,20251025-SpuhlerFieldMain-Private-1,66256f30-b1bd-11f0-a778-c7ed5b55c38a,75.0353,,,6.0825,,,,,,,725e81a6-ec22-4817-99f1-2faee8aa9fef,2025-10-25,16:12:26.12,2025-10-25T12:12:26.1204480-04:00,2025-10-25T16:12:26.1204480Z,,v3,471300,471300,,"McCarthy, Jack",1000469298,,GEO_PAT,78833637-f701-4d6d-a626-1569da0ae032,54.38294,-110.86156,10.81309,5.8387,-2.74159,-15.31038,-2.62983,3.23188,6.21654,,,,,,,,,,,,,,,,,,,,,,,,,,,,,,,,,,,,,,,,,,,,,,,,,,,High,High,High,,,,,
81,2025-10-25,12:15:37.28,1,1,"Parker, Aiden",10285505,Right,GEO_PAT,"Blanchard, Evan",10073877,Right,GEO_PAT,Undefined,2,Bottom,0,0,0,Curveball,Curveball,BallCalled,Undefined,Undefined,Undefined,0,0,,77.77382,-1.715366,-4.115597,1956.303915,59.275277,8:00,6.17485,1.94182,5.94584,-48.22235,-1.58681,-5.22807,0.56057,-2.31803,71.59353,-10.51159,-5.053122,0.491507,,,,,,,,,,,,1.45602,0.0989,-1.61042,50,6.01055,8.29152,-112.65315,-4.86499,1.85457,22.15308,-32.04808,GEO_PAT,GEO_PAT,SpuhlerFieldMain,TeamExclusive,Team,20251025-SpuhlerFieldMain-Private-1,d81d9cc0-b1bd-11f0-a778-c7ed5b55c38a,76.68745,,,6.18029,,,,,,,725e81a6-ec22-4817-99f1-2faee8aa9fef,2025-10-25,16:15:37.28,2025-10-25T12:15:37.2853248-04:00,2025-10-25T16:15:37.2853248Z,,v3,471300,471300,,"Cowdrey, Vincent",1000469295,Right,GEO_PAT,ca5e1da9-99db-49df-b640-c7e34f9f9d27,54.55757,-113.54585,11.07654,6.18057,-3.57355,-16.02404,-1.94303,8.21679,0.92728,,,,,,,,,,,,,,,,,,,,,,,,,,,,,,,,,,,,,,,,,,,,,,,,,,,High,High,High,,,,,
82,2025-10-25,12:15:52.41,1,2,"Parker, Aiden",10285505,Right,GEO_PAT,"Blanchard, Evan",10073877,Right,GEO_PAT,Undefined,2,Bottom,0,1,0,Fastball,Four-Seam,BallCalled,Undefined,Undefined,Undefined,0,0,,86.61738,-5.736918,-3.450414,2054.940463,198.814312,12:45,6.20294,1.69729,6.5899,-19.14733,17.82044,5.62571,-0.67693,-0.99952,79.00448,-9.367162,-2.429288,0.437606,,,,,,,,,,,,-4.0763,11.57784,-1.46336,50,5.80036,7.34533,-125.09826,-13.07739,-6.39473,27.60413,-14.01124,GEO_PAT,GEO_PAT,SpuhlerFieldMain,TeamExclusive,Team,20251025-SpuhlerFieldMain-Private-1,e10d5cd0-b1bd-11f0-a778-c7ed5b55c38a,86.13333,,,7.61291,,,,,,,725e81a6-ec22-4817-99f1-2faee8aa9fef,2025-10-25,16:15:52.41,2025-10-25T12:15:52.4181504-04:00,2025-10-25T16:15:52.4181504Z,,v3,471300,471300,,"Cowdrey, Vincent",1000469295,Right,GEO_PAT,fea40a3d-7027-43a7-8918-61de55312e33,53.91361,-125.95888,13.80207,6.20127,-12.64056,-7.00562,-1.69547,7.5447,-3.19736,,,,,,,,,,,,,,,,,,,,,,,,,,,,,,,,,,,,,,,,,,,,,,,,,,,High,High,High,,,,,
83,2025-10-25,12:16:11.10,1,3,"Parker, Aiden",10285505,Right,GEO_PAT,"Blanchard, Evan",10073877,Right,GEO_PAT,Undefined,2,Bottom,0,2,0,Fastball,Four-Seam,FoulBallNotFieldable,Undefined,Undefined,Undefined,0,0,,88.07456,-1.945255,-3.02257,2116.849358,192.813482,12:30,6.31915,2.06033,6.62714,-17.30072,18.23784,3.85918,3.09298,-0.38842,79.59045,-5.297968,-2.321793,0.429063,74.22072,61.021614,161.768155,4556.881245,,,,,45.99432,,,-3.00701,10.60615,-1.85679,50,6.17979,6.59967,-127.72926,-4.75989,-4.89644,29.831,-14.90368,GEO_PAT,GEO_PAT,SpuhlerFieldMain,TeamExclusive,Team,20251025-SpuhlerFieldMain-Private-1,ec366b10-b1bd-11f0-a778-c7ed5b55c38a,87.84823,65.10507,,8.48411,,,,1.9336,3.23843,0.37387,725e81a6-ec22-4817-99f1-2faee8aa9fef,2025-10-25,16:16:11.10,2025-10-25T12:16:11.1093760-04:00,2025-10-25T16:16:11.1093760Z,,v3,471300,471300,,"Cowdrey, Vincent",1000469295,Right,GEO_PAT,64c291e0-e407-4f2e-8f39-abfddb56f4b7,53.87349,-128.63073,14.9155,6.31682,-4.30951,-7.45184,-2.05846,6.74763,-2.44822,349.679599,1.93359,-50.09116,-2.10496,1.83742,0.14997,-1.17042,1.24374,-0.66274,0.15378,3.23842,95.2285,-33.75003,4.87058,-0.64877,-0.40647,0.43911,-0.1978,0.04511,0.37387,16.50001,-3.25287,-0.07949,-0.14833,0.47767,-0.52331,0.28907,-0.06739,,,,,,,,,,,,,,,,,,,,,,,High,High,High,High,Undefined,,,
84,2025-10-25,12:16:28.14,1,4,"Parker, Aiden",10285505,Right,GEO_PAT,"Blanchard, Evan",10073877,Right,GEO_PAT,Undefined,2,Bottom,0,2,1,Slider,Curveball,BallCalled,Undefined,Undefined,Undefined,0,0,,76.98606,1.679134,-0.777461,2109.958502,110.808631,9:45,6.17276,2.42225,5.88222,-42.73742,5.51831,-9.68465,4.17132,0.89312,68.99082,-6.293461,-2.514712,0.499972,,,,,,,,,,,,4.62008,2.82315,-2.35413,50,6.28449,1.88534,-111.51265,1.974,5.67846,24.5209,-28.7042,GEO_PAT,GEO_PAT,SpuhlerFieldMain,TeamExclusive,Team,20251025-SpuhlerFieldMain-Private-1,f6505340-b1bd-11f0-a778-c7ed5b55c38a,75.38906,,,7.99524,,,,,,,725e81a6-ec22-4817-99f1-2faee8aa9fef,2025-10-25,16:16:28.14,2025-10-25T12:16:28.1490944-04:00,2025-10-25T16:16:28.1490944Z,,v3,471300,471300,,"Cowdrey, Vincent",1000469295,Right,GEO_PAT,880bc559-7d3c-48ce-9459-6a55778fa89c,54.61442,-112.52275,12.26045,6.17883,3.15643,-14.3521,-2.42698,1.65143,2.83923,,,,,,,,,,,,,,,,,,,,,,,,,,,,,,,,,,,,,,,,,,,,,,,,,,,High,High,High,,,,,
85,2025-10-25,12:16:43.27,1,5,"Parker, Aiden",10285505,Right,GEO_PAT,"Blanchard, Evan",10073877,Right,GEO_PAT,Undefined,2,Bottom,0,3,1,Fastball,Four-Seam,BallCalled,Walk,Undefined,Undefined,0,0,,87.90547,-1.559155,-1.643379,2105.90758,202.285272,12:45,6.3162,2.01709,6.4734,-18.14773,17.89127,6.77622,3.37104,1.0721,78.91923,-5.077327,-0.414191,0.432074,,,,,,,,,,,,-4.1365,10.30469,-1.90422,50,6.19825,3.40048,-127.53575,-3.92988,-6.66643,31.48985,-15.56694,GEO_PAT,GEO_PAT,SpuhlerFieldMain,TeamExclusive,Team,20251025-SpuhlerFieldMain-Private-1,ff61a510-b1bd-11f0-a778-c7ed5b55c38a,87.23612,,,8.98624,,,,,,,725e81a6-ec22-4817-99f1-2faee8aa9fef,2025-10-25,16:16:43.27,2025-10-25T12:16:43.2728576-04:00,2025-10-25T16:16:43.2728576Z,,v3,471300,471300,,"Cowdrey, Vincent",1000469295,Right,GEO_PAT,1cfebc68-9f49-45e4-b68e-9a0686e447ff,54.02718,-128.52625,15.74493,6.31417,-3.44023,-7.78347,-2.01448,3.61016,-3.33322,,,,,,,,,,,,,,,,,,,,,,,,,,,,,,,,,,,,,,,,,,,,,,,,,,,High,High,High,,,,,
86,2025-10-25,12:17:15.07,2,1,"Parker, Aiden",10285505,Right,GEO_PAT,"Tignor, Laken",1000091229,Right,GEO_PAT,Undefined,2,Bottom,0,0,0,Fastball,Four-Seam,BallCalled,Undefined,Undefined,Undefined,0,0,,87.0523,-4.557332,-3.252288,2140.946933,193.00765,12:30,6.3172,1.97227,6.66465,-17.10737,19.35166,4.16673,0.70584,-0.6597,79.01094,-7.850422,-2.495136,0.434584,,,,,,,,,,,,-3.2102,12.01343,-1.75526,50,6.00297,6.99918,-125.90775,-10.44704,-5.09209,28.39427,-13.11814,GEO_PAT,GEO_PAT,SpuhlerFieldMain,TeamExclusive,Team,20251025-SpuhlerFieldMain-Private-1,125c3220-b1be-11f0-a778-c7ed5b55c38a,86.73219,,,8.04135,,,,,,,725e81a6-ec22-4817-99f1-2faee8aa9fef,2025-10-25,16:17:15.07,2025-10-25T12:17:15.0729216-04:00,2025-10-25T16:17:15.0729216Z,,v3,471300,471300,,"Cowdrey, Vincent",1000469295,Right,GEO_PAT,2c55bec5-84bd-4973-9bdd-6571d53f4153,53.83524,-126.76971,14.19714,6.31407,-10.04881,-6.55907,-1.97007,7.15376,-2.54605,,,,,,,,,,,,,,,,,,,,,,,,,,,,,,,,,,,,,,,,,,,,,,,,,,,High,High,High,,,,,
87,2025-10-25,12:17:39.15,2,2,"Parker, Aiden",10285505,Right,GEO_PAT,"Tignor, Laken",1000091229,Right,GEO_PAT,Undefined,2,Bottom,0,1,0,Fastball,Four-Seam,BallCalled,Undefined,Undefined,Undefined,1,0,,85.34598,-0.796957,-3.106688,2111.817798,195.073456,12:30,6.29125,1.85149,6.60067,-20.74277,16.95733,4.21996,3.83142,-0.64588,77.41118,-4.78146,-2.340952,0.441919,,,,,,,,,,,,-3.1515,9.52796,-1.64084,50,6.22788,6.56267,-123.83127,-2.24043,-4.84924,26.81474,-17.5133,GEO_PAT,GEO_PAT,SpuhlerFieldMain,TeamExclusive,Team,20251025-SpuhlerFieldMain-Private-1,20b327c0-b1be-11f0-a778-c7ed5b55c38a,85.29266,,,7.9348,,,,,,,725e81a6-ec22-4817-99f1-2faee8aa9fef,2025-10-25,16:17:39.15,2025-10-25T12:17:39.1500000-04:00,2025-10-25T16:17:39.1500000Z,,v3,471300,471300,,"Cowdrey, Vincent",1000469295,Right,GEO_PAT,ef1db5ce-a1d1-4231-945f-7f680fec03cd,53.89852,-124.67261,13.40737,6.28956,-1.69093,-8.75665,-1.84913,6.71482,-2.42462,,,,,,,,,,,,,,,,,,,,,,,,,,,,,76.11719,,0.714547,,-2.05502,3.53133,0.78626,0.68388,6.25296,2.19053,,,,0.77409,110.34245,-10.01346,6.25574,5.21005,-10.66103,2.16109,-0.99173,2.4998,High,High,High,,,High,High,Medium
88,2025-10-25,12:18:10.32,2,3,"Parker, Aiden",10285505,Right,GEO_PAT,"Tignor, Laken",1000091229,Right,GEO_PAT,Undefined,2,Bottom,1,2,0,Fastball,Four-Seam,FoulBallNotFieldable,Undefined,Undefined,Undefined,0,0,,87.71919,-3.421491,-2.781086,2125.761467,204.760682,12:45,6.37606,1.85305,6.70935,-17.24056,18.87777,8.05343,1.80377,-0.02049,78.63889,-6.780742,-1.315079,0.432549,71.11069,31.771824,132.619033,4970.679385,-83.02985,34.79076,72.15223,186.96791,59.35527,142.07651,2.741316,-5.19622,11.5417,-1.6711,50,6.14145,5.85972,-126.97508,-7.98739,-8.28281,31.72675,-13.77656,GEO_PAT,GEO_PAT,SpuhlerFieldMain,TeamExclusive,Team,20251025-SpuhlerFieldMain-Private-1,334507f0-b1be-11f0-a778-c7ed5b55c38a,87.14032,35.4101,,9.08031,,,,0.68787,1.67358,0.11995,725e81a6-ec22-4817-99f1-2faee8aa9fef,2025-10-25,16:18:10.32,2025-10-25T12:18:10.3258112-04:00,2025-10-25T16:18:10.3258112Z,FlyBall,v3,471300,471300,,"Cowdrey, Vincent",1000469295,Right,GEO_PAT,25af8bf4-995b-47f9-9f06-d793b9c84d0e,53.78871,-127.91825,15.86337,6.37281,-7.57784,-6.88828,-1.84896,6.10595,-4.1414,,0.68787,-60.0384,2.50249,0.09303,-0.17569,0.06513,-0.01676,0.00299,-0.00026,1.67357,54.91584,-24.89321,2.37404,-0.29393,0.0073,0.00709,-0.00236,0.00036,0.11999,65.24551,-16.92907,5.28984,-1.2554,0.21526,-0.01429,-0.004,0.00077,,,,,,,,,,,,,,,,,,,,,,,High,High,High,High,Low,,,
89,2025-10-25,12:18:32.95,2,4,"Parker, Aiden",10285505,Right,GEO_PAT,"Tignor, Laken",1000091229,Right,GEO_PAT,Undefined,2,Bottom,1,2,1,Fastball,Four-Seam,FoulBallNotFieldable,Undefined,Undefined,Undefined,0,0,,87.80673,-1.403944,-1.408352,2126.453173,189.671862,12:15,6.37237,1.98823,6.49325,-19.08111,17.11127,2.67906,3.49275,0.91829,78.61947,-5.09928,-0.922153,0.432992,,,,,,,,,,,,-1.87028,9.80615,-1.89045,50,6.2653,3.02131,-127.31026,-3.59713,-2.99927,31.71276,-16.44838,GEO_PAT,GEO_PAT,SpuhlerFieldMain,TeamExclusive,Team,20251025-SpuhlerFieldMain-Private-1,40c74870-b1be-11f0-a778-c7ed5b55c38a,87.0511,,,9.18726,,,,,,,725e81a6-ec22-4817-99f1-2faee8aa9fef,2025-10-25,16:18:32.95,2025-10-25T12:18:32.9590272-04:00,2025-10-25T16:18:32.9590272Z,,v3,471300,471300,,"Cowdrey, Vincent",1000469295,Right,GEO_PAT,f21f7ccf-68fb-49c2-92b0-805e48316ad1,54.00266,-128.30344,15.85638,6.36989,-3.082,-8.22419,-1.98655,3.11524,-1.49964,,,,,,,,,,,,,,,,,,,,,,,,,,,,,,,,,,,,,,,,,,,,,,,,,,,High,High,High,,,,,
90,2025-10-25,12:18:51.66,2,5,"Parker, Aiden",10285505,Right,GEO_PAT,"Tignor, Laken",1000091229,Right,GEO_PAT,Undefined,2,Bottom,1,2,2,Fastball,Four-Seam,InPlay,Undefined,Popup,Out,1,0,,87.81852,-1.345423,-1.862412,2107.213659,198.285399,12:30,6.2753,1.91556,6.59337,-18.95757,17.01792,5.17406,3.46182,0.63962,78.78256,-5.020148,-0.921918,0.431693,85.6786,63.407345,7.908028,,,,,130.75198,67.28686,15.982972,5.995139,-3.35307,9.78938,-1.79016,50,6.1752,3.94317,-127.39521,-3.46249,-5.3907,31.47598,-16.43585,GEO_PAT,GEO_PAT,SpuhlerFieldMain,TeamExclusive,Team,20251025-SpuhlerFieldMain-Private-1,4be84060-b1be-11f0-a778-c7ed5b55c38a,87.31308,149.1625,,9.03595,,,,1.04895,4.04053,-1.08551,725e81a6-ec22-4817-99f1-2faee8aa9fef,2025-10-25,16:18:51.66,2025-10-25T12:18:51.6662272-04:00,2025-10-25T16:18:51.6662272Z,Popup,v3,471300,471300,,"Cowdrey, Vincent",1000469295,Right,GEO_PAT,915e9bef-30b7-4c2b-a6b9-b2b8e3585987,53.90544,-128.35652,15.73799,6.27328,-2.96053,-8.21793,-1.9131,4.1078,-2.69535,185.085781,1.04517,55.74706,-21.47945,6.98458,-1.59795,0.25175,-0.02272,0.0007,2E-05,4.01105,112.86502,-28.80905,5.04669,-1.90588,0.59957,-0.11602,0.01171,-0.00047,-1.08216,7.68146,0.10078,-0.49331,0.29271,-0.09837,0.01891,-0.0019,8E-05,,,,,,,,,,,,,,,,,,,,,,,High,High,High,Medium,Low,,,
91,2025-10-25,12:19:24.90,3,1,"Parker, Aiden",10285505,Right,GEO_PAT,"McCarthy, Jack",1000469298,Right,GEO_PAT,Undefined,2,Bottom,2,0,0,Slider,Curveball,StrikeCalled,Undefined,Undefined,Undefined,0,0,,78.2151,-0.06166,-1.881397,2072.02256,91.703071,9:00,6.14056,1.93078,5.98053,-44.08585,1.84004,-10.14241,2.40955,-0.65908,71.42961,-8.199082,-3.705101,0.487753,,,,,,,,,,,,4.62831,1.43055,-1.77645,50,6.11149,4.10192,-113.52588,-1.47565,5.97648,22.82971,-30.32678,GEO_PAT,GEO_PAT,SpuhlerFieldMain,TeamExclusive,Team,20251025-SpuhlerFieldMain-Private-1,5fc3dea0-b1be-11f0-a778-c7ed5b55c38a,77.27768,,,6.78548,,,,,,,725e81a6-ec22-4817-99f1-2faee8aa9fef,2025-10-25,16:19:24.90,2025-10-25T12:19:24.9021440-04:00,2025-10-25T16:19:24.9021440Z,,v3,471300,471300,,"Cowdrey, Vincent",1000469295,Right,GEO_PAT,2164f591-93ff-4cd1-ae9e-8e7a25fe2b94,54.52094,-114.43141,11.41486,6.14616,-0.27275,-15.16339,-1.93445,3.86486,2.98824,,,,,,,,,,,,,,,,,,,,,,,,,,,,,,,,,,,,,,,,,,,,,,,,,,,High,High,High,,,,,
92,2025-10-25,12:19:42.86,3,2,"Parker, Aiden",10285505,Right,GEO_PAT,"McCarthy, Jack",1000469298,Right,GEO_PAT,Undefined,2,Bottom,2,0,1,Slider,Curveball,FoulBallNotFieldable,Undefined,Undefined,Undefined,0,0,,77.0209,-0.478032,-0.744445,1995.866001,58.467881,8:00,6.03293,1.96809,5.57842,-53.62621,-5.24929,-11.34851,1.11755,0.32703,70.17651,-10.254399,-2.775803,0.5006,,,,,,,,,,,,5.55555,-2.10646,-1.8962,50,5.95641,1.87443,-111.7392,-2.6772,6.89437,23.59653,-34.78816,GEO_PAT,GEO_PAT,SpuhlerFieldMain,TeamExclusive,Team,20251025-SpuhlerFieldMain-Private-1,6a739e30-b1be-11f0-a778-c7ed5b55c38a,75.29456,,,6.84439,,,,,,,725e81a6-ec22-4817-99f1-2faee8aa9fef,2025-10-25,16:19:42.86,2025-10-25T12:19:42.8653056-04:00,2025-10-25T16:19:42.8653056Z,,v3,471300,471300,,"Cowdrey, Vincent",1000469295,Right,GEO_PAT,5b48a017-7f94-4034-9eae-fadfc42d0c6b,54.92506,-112.77445,11.79826,6.04039,-1.15094,-17.39408,-1.9718,1.57196,3.44719,,,,,,,,,,,,,,,,,,,,,,,,,,,,,,,,,,,,,,,,,,,,,,,,,,,High,High,High,,,,,
93,2025-10-25,12:20:07.67,3,3,"Parker, Aiden",10285505,Right,GEO_PAT,"McCarthy, Jack",1000469298,Right,GEO_PAT,Undefined,2,Bottom,2,0,2,Fastball,Four-Seam,StrikeSwinging,Strikeout,Undefined,Undefined,0,0,,87.48251,-0.577778,-1.509343,2005.795732,202.845357,12:45,6.30289,1.86073,6.40569,-20.22375,16.29843,6.28323,4.08607,0.99606,78.35845,-4.479503,-0.371052,0.43496,,,,,,,,,,,,-3.75626,9.07138,-1.75507,50,6.25213,3.08741,-126.87037,-1.80844,-5.98999,31.18728,-17.70823,GEO_PAT,GEO_PAT,SpuhlerFieldMain,TeamExclusive,Team,20251025-SpuhlerFieldMain-Private-1,79233b20-b1be-11f0-a778-c7ed5b55c38a,86.65717,,,9.12407,,,,,,,725e81a6-ec22-4817-99f1-2faee8aa9fef,2025-10-25,16:20:07.67,2025-10-25T12:20:07.6720000-04:00,2025-10-25T16:20:07.6720000Z,,v3,471300,471300,,"Cowdrey, Vincent",1000469295,Right,GEO_PAT,3e83708d-c24e-479d-a6b7-b1b0c2ec4a21,54.09086,-127.87204,15.59364,6.30108,-1.23969,-8.85412,-1.85732,3.27979,-2.99499,,,,,,,,,,,,,,,,,,,,,,,,,,,,,65.5538,,,1.018115,,,,1.88519,5.99829,0.04258,75.02546,4.43961,-49.75478,1.93067,77.85528,-6.00179,6.01178,10.98514,-12.32303,0.00357,-53.88201,4.96142,High,High,High,,,High,High,High
94,2025-10-25,12:23:05.53,1,1,"Willis, Tyson",1000469267,Right,GEO_PAT,"Cowdrey, Vincent",1000469295,Right,GEO_PAT,Undefined,3,Top,0,0,0,Fastball,Four-Seam,FoulBallNotFieldable,Undefined,Undefined,Undefined,0,0,,86.2621,-2.913809,-2.017746,2061.849688,226.169039,1:30,6.30213,1.65748,5.82359,-20.93332,17.90127,16.97493,1.84462,1.19533,76.8284,-6.910474,1.025528,0.448519,,,,,,,,,,,,-9.4578,10.66922,-1.50278,50,6.05157,3.69009,-124.74216,-6.95752,-14.44357,32.28755,-15.88049,GEO_PAT,GEO_PAT,SpuhlerFieldMain,TeamExclusive,Team,20251025-SpuhlerFieldMain-Private-1,e33b1cd0-b1be-11f0-a778-c7ed5b55c38a,84.03757,,,9.43371,,,,,,,725e81a6-ec22-4817-99f1-2faee8aa9fef,2025-10-25,16:23:05.53,2025-10-25T12:23:05.5368704-04:00,2025-10-25T16:23:05.5368704Z,,v3,471300,471300,,"McCarthy, Jack",1000469298,,GEO_PAT,af97987e-0ca1-480b-be01-3f9cd14cbe00,54.67562,-125.94655,16.14377,6.30005,-6.36514,-7.94024,-1.65048,4.22887,-7.22179,,,,,,,,,,,,,,,,,,,,,,,,,,,,,,,,,,,,,,,,,,,,,,,,,,,High,High,High,,,,,
95,2025-10-25,12:23:27.94,1,2,"Willis, Tyson",1000469267,Right,GEO_PAT,"Cowdrey, Vincent",1000469295,Right,GEO_PAT,Undefined,3,Top,0,0,1,Fastball,Changeup,FoulBallNotFieldable,Undefined,Undefined,Undefined,0,0,,85.20477,-2.704596,-3.232877,2235.446891,230.152434,1:45,5.90477,1.92497,6.5235,-24.06277,14.3008,15.4004,1.41224,0.23898,76.78069,-7.289869,-0.438389,0.445791,,,,,,,,,,,,-9.18276,8.82154,-1.70608,50,5.70578,6.39905,-123.41767,-6.4814,-13.88662,29.03869,-18.83363,GEO_PAT,GEO_PAT,SpuhlerFieldMain,TeamExclusive,Team,20251025-SpuhlerFieldMain-Private-1,f0a01150-b1be-11f0-a778-c7ed5b55c38a,84.55188,,,8.42407,,,,,,,725e81a6-ec22-4817-99f1-2faee8aa9fef,2025-10-25,16:23:27.94,2025-10-25T12:23:27.9498752-04:00,2025-10-25T16:23:27.9498752Z,,v3,471300,471300,,"McCarthy, Jack",1000469298,,GEO_PAT,1ccca3e9-41a2-441d-a149-18c3f65b0213,53.97717,-124.34993,14.51935,5.90415,-5.87677,-9.41681,-1.91867,6.84486,-6.94331,,,,,,,,,,,,,,,,,,,,,,,,,,,,,,,,,,,,,,,,,,,,,,,,,,,High,High,High,,,,,
96,2025-10-25,12:23:54.46,1,3,"Willis, Tyson",1000469267,Right,GEO_PAT,"Cowdrey, Vincent",1000469295,Right,GEO_PAT,Undefined,3,Top,0,0,2,Fastball,Sinker,BallCalled,Undefined,Undefined,Undefined,0,0,,88.04273,0.713183,-2.335152,2033.207763,227.643903,1:30,6.37059,1.60501,5.70187,-22.30466,15.05619,14.86457,5.17704,0.6665,78.09938,-3.539267,0.320404,0.439926,,,,,,,,,,,,-8.24937,7.77756,-1.41773,50,6.41703,4.51217,-127.34134,0.89614,-13.16599,32.97685,-19.76104,GEO_PAT,GEO_PAT,SpuhlerFieldMain,TeamExclusive,Team,20251025-SpuhlerFieldMain-Private-1,004a61f0-b1bf-11f0-a778-c7ed5b55c38a,85.67899,,,9.94335,,,,,,,725e81a6-ec22-4817-99f1-2faee8aa9fef,2025-10-25,16:23:54.46,2025-10-25T12:23:54.4619008-04:00,2025-10-25T16:23:54.4619008Z,,v3,471300,471300,,"McCarthy, Jack",1000469298,,GEO_PAT,06e7ad83-6b1e-4516-a640-a7a4121b8236,54.79237,-128.5764,16.48843,6.36961,1.63624,-9.88052,-1.59595,5.00527,-6.583,,,,,,,,,,,,,,,,,,,,,,,,,,,,,,,,,,,,,,,,,,,,,,,,,,,High,High,High,,,,,
97,2025-10-25,12:24:11.13,1,4,"Willis, Tyson",1000469267,Right,GEO_PAT,"Cowdrey, Vincent",1000469295,Right,GEO_PAT,Undefined,3,Top,0,1,2,Fastball,Changeup,FoulBallNotFieldable,Undefined,Undefined,Undefined,0,0,,84.13856,-0.792309,-2.762006,2196.177352,255.820171,2:30,6.15093,1.81937,6.34106,-33.47565,6.38902,19.00414,2.63092,0.85811,75.18469,-7.100273,0.678467,0.454429,101.31103,17.300417,-48.072262,3412.188876,69.67252,19.8621,-85.12177,198.68367,149.02824,-54.295446,1.816531,-10.92292,4.04725,-1.62691,50,6.07773,5.15807,-121.92481,-2.68713,-15.963,30.48111,-26.25929,GEO_PAT,GEO_PAT,SpuhlerFieldMain,TeamExclusive,Team,20251025-SpuhlerFieldMain-Private-1,0a5c81f0-b1bf-11f0-a778-c7ed5b55c38a,82.94471,19.92641,,8.95387,,,,2.46536,2.7182,-0.58332,725e81a6-ec22-4817-99f1-2faee8aa9fef,2025-10-25,16:24:11.13,2025-10-25T12:24:11.1351808-04:00,2025-10-25T16:24:11.1351808Z,LineDrive,v3,471300,471300,,"McCarthy, Jack",1000469298,,GEO_PAT,5cde92cc-883a-4306-9381-beaaec2fd0c1,54.15922,-122.96022,15.24055,6.15386,-1.79513,-13.12965,-1.81133,5.70032,-7.9815,,2.46536,94.79435,-25.75618,6.56009,-1.79711,0.4882,-0.11897,0.02086,-0.00183,2.7182,44.18767,-32.19303,5.8368,-1.62636,0.44462,-0.10778,0.01904,-0.00168,-0.58332,-105.54724,13.29597,-3.20824,0.87369,-0.23871,0.05858,-0.01029,0.0009,,,,,,,,,,,,,,,,,,,,,,,High,High,High,High,Medium,,,
98,2025-10-25,12:24:32.85,1,5,"Willis, Tyson",1000469267,Right,GEO_PAT,"Cowdrey, Vincent",1000469295,Right,GEO_PAT,Undefined,3,Top,0,1,2,Slider,Slider,StrikeSwinging,Strikeout,Undefined,Undefined,0,0,,78.78792,-0.220469,-2.218758,2452.084179,98.894984,9:15,5.71541,2.11953,5.79008,-43.11176,4.18701,-13.29127,1.91751,-1.05325,69.49411,-8.252991,-4.598017,0.49499,,,,,,,,,,,,5.77,2.8687,-1.92896,50,5.67246,4.94173,-113.81587,-1.79454,7.21515,29.95774,-28.58689,GEO_PAT,GEO_PAT,SpuhlerFieldMain,TeamExclusive,Team,20251025-SpuhlerFieldMain-Private-1,173451a0-b1bf-11f0-a778-c7ed5b55c38a,76.14791,,,9.29381,,,,,,,725e81a6-ec22-4817-99f1-2faee8aa9fef,2025-10-25,16:24:32.85,2025-10-25T12:24:32.8550000-04:00,2025-10-25T16:24:32.8550000Z,,v3,471300,471300,,"McCarthy, Jack",1000469298,,GEO_PAT,32b19e6e-4cc3-4722-a245-03b2b7b5502a,54.70373,-115.04729,14.97887,5.72207,-0.61948,-14.29345,-2.12599,4.64515,3.60757,,,,,,,,,,,,,,,,,,,,,,,,,,,,,74.72104,2.88068,1.969254,0.911426,0.37703,1.76457,1.13728,-1.22453,5.62155,-0.71215,65.19057,4.26751,-59.58892,-1.18622,78.0432,-5.72259,5.63619,9.3701,-11.92784,-0.81846,-74.37092,10.85045,High,High,High,,,High,High,High
99,2025-10-25,12:25:08.79,2,1,"Willis, Tyson",1000469267,Right,GEO_PAT,"Butler, Jake",1000136500,Right,GEO_PAT,Undefined,3,Top,1,0,0,Fastball,Sinker,StrikeCalled,Undefined,Undefined,Undefined,0,0,,87.13107,-2.170153,-3.044239,2060.759988,222.701983,1:30,6.41179,1.75823,5.7559,-20.17993,18.18816,15.26568,2.7061,0.19379,77.07307,-6.048002,-0.314911,0.445817,,,,,,,,,,,,-8.79331,10.48394,-1.51429,50,6.21953,6.00669,-125.81462,-5.34761,-13.61826,33.55769,-15.9375,GEO_PAT,GEO_PAT,SpuhlerFieldMain,TeamExclusive,Team,20251025-SpuhlerFieldMain-Private-1,2c9c8350-b1bf-11f0-a778-c7ed5b55c38a,84.54691,,,10.058,,,,,,,725e81a6-ec22-4817-99f1-2faee8aa9fef,2025-10-25,16:25:08.79,2025-10-25T12:25:08.7982080-04:00,2025-10-25T16:25:08.7982080Z,,v3,471300,471300,,"McCarthy, Jack",1000469298,,GEO_PAT,27f3e38e-a867-4de5-92b8-d67a05a14494,54.73801,-127.07208,16.77885,6.40872,-4.75041,-7.96875,-1.74893,6.51699,-6.80913,,,,,,,,,,,,,,,,,,,,,,,,,,,,,,,,,,,,,,,,,,,,,,,,,,,High,High,High,,,,,
100,2025-10-25,12:25:28.77,2,2,"Willis, Tyson",1000469267,Right,GEO_PAT,"Butler, Jake",1000136500,Right,GEO_PAT,Undefined,3,Top,1,0,1,Fastball,Changeup,InPlay,Undefined,GroundBall,Double,0,0,,84.91193,-0.562822,-3.5217,2254.388227,242.421983,2:00,6.03026,1.88949,6.41826,-27.43568,12.45686,20.29887,3.22552,0.33931,74.13884,-5.84929,0.152089,0.454587,88.43189,-16.450849,-47.062285,,,,,13.58234,13.58234,-39.613869,0.091138,-12.18103,7.22678,-1.64665,50,5.97791,6.77212,-122.73035,-1.95748,-17.63658,35.736,-21.71061,GEO_PAT,GEO_PAT,SpuhlerFieldMain,TeamExclusive,Team,20251025-SpuhlerFieldMain-Private-1,389c1b70-b1bf-11f0-a778-c7ed5b55c38a,82.91574,3.35711,,10.77309,,,,2.71852,3.35711,-0.33688,725e81a6-ec22-4817-99f1-2faee8aa9fef,2025-10-25,16:25:28.77,2025-10-25T12:25:28.7730688-04:00,2025-10-25T16:25:28.7730688Z,GroundBall,v3,471300,471300,,"McCarthy, Jack",1000469298,,GEO_PAT,ccc90cae-3460-4c04-9cf0-87f2b9e4ad8e,54.07944,-123.91249,17.868,6.03078,-1.23929,-10.8553,-1.88032,7.35554,-8.81829,,2.71495,84.97846,,,,,,,,3.35866,-36.83556,,,,,,,,-0.33305,-91.32708,,,,,,,,,,,,,,,,,,,,,,,,,,,,,,High,High,High,Estimated,Estimated,,,
101,2025-10-25,12:26:24.49,3,1,"Willis, Tyson",1000469267,Right,GEO_PAT,"O'Hara, Austin",10144739,Right,GEO_PAT,Undefined,3,Top,1,0,0,Slider,Curveball,FoulBallNotFieldable,Undefined,Undefined,Undefined,0,0,,76.49892,-0.234408,-0.39636,2260.709632,76.950587,8:30,5.73303,1.95702,5.77286,-53.38286,-3.60732,-24.57596,1.06631,-0.45984,68.26514,-10.068013,-4.808771,0.507784,,,,,,,,,,,,12.51288,-1.28886,-1.90868,50,5.68151,1.66676,-110.79932,-2.11233,14.89287,27.6327,-33.70804,GEO_PAT,GEO_PAT,SpuhlerFieldMain,TeamExclusive,Team,20251025-SpuhlerFieldMain-Private-1,59d6bac0-b1bf-11f0-a778-c7ed5b55c38a,74.22922,,,8.23378,,,,,,,725e81a6-ec22-4817-99f1-2faee8aa9fef,2025-10-25,16:26:24.49,2025-10-25T12:26:24.4999680-04:00,2025-10-25T16:26:24.4999680Z,,v3,471300,471300,,"McCarthy, Jack",1000469298,,GEO_PAT,3ea9db2c-a4cc-4264-9200-d5714f551ff8,54.7291,-111.97252,13.81635,5.74081,-0.68119,-16.85402,-1.96602,1.03446,7.44644,,,,,,,,,,,,,,,,,,,,,,,,,,,,,,,,,,,,,,,,,,,,,,,,,,,High,High,High,,,,,
102,2025-10-25,12:26:57.80,3,2,"Willis, Tyson",1000469267,Right,GEO_PAT,"O'Hara, Austin",10144739,Right,GEO_PAT,Undefined,3,Top,1,0,1,Fastball,Sinker,BallCalled,Undefined,Undefined,Undefined,0,0,,86.54295,-0.959157,-2.422889,2069.53853,243.206048,2:00,6.21126,1.84243,5.96297,-26.61919,11.57418,19.90911,3.1027,1.25345,77.22567,-5.989799,1.154865,0.444801,,,,,,,,,,,,-10.95016,6.71304,-1.66051,50,6.1206,4.44887,-125.30137,-2.93058,-16.94379,31.62133,-21.7866,GEO_PAT,GEO_PAT,SpuhlerFieldMain,TeamExclusive,Team,20251025-SpuhlerFieldMain-Private-1,6d966c90-b1bf-11f0-a778-c7ed5b55c38a,84.74009,,,9.31728,,,,,,,725e81a6-ec22-4817-99f1-2faee8aa9fef,2025-10-25,16:26:57.80,2025-10-25T12:26:57.8031104-04:00,2025-10-25T16:26:57.8031104Z,,v3,471300,471300,,"McCarthy, Jack",1000469298,,GEO_PAT,4659cdce-b5a8-4edb-be30-cf1ff1a7ea4d,54.53422,-126.44045,15.81066,6.21203,-2.14577,-10.8933,-1.83176,5.05923,-8.47189,,,,,,,,,,,,,,,,,,,,,,,,,,,,,,,,,,,,,,,,,,,,,,,,,,,High,High,High,,,,,
103,2025-10-25,12:28:15.25,3,3,"Willis, Tyson",1000469267,Right,GEO_PAT,"O'Hara, Austin",10144739,Right,GEO_PAT,Undefined,3,Top,1,1,1,Slider,Curveball,StrikeCalled,Undefined,Undefined,Undefined,0,0,,74.77073,0.807161,0.724973,2240.509796,77.910386,8:30,5.64233,2.27113,5.55807,-54.35078,-3.02225,-22.59875,1.8674,1.06532,67.96869,-9.140451,-3.314432,0.515645,,,,,,,,,,,,11.97509,-1.55087,-2.31749,50,5.67547,-0.58155,-108.5163,-0.15382,14.01362,22.28538,-33.98891,GEO_PAT,GEO_PAT,SpuhlerFieldMain,TeamExclusive,Team,20251025-SpuhlerFieldMain-Private-1,9bc9d110-b1bf-11f0-a778-c7ed5b55c38a,73.09764,,,6.80203,,,,,,,725e81a6-ec22-4817-99f1-2faee8aa9fef,2025-10-25,16:28:15.25,2025-10-25T12:28:15.2552448-04:00,2025-10-25T16:28:15.2552448Z,,v3,471300,471300,,"McCarthy, Jack",1000469298,,GEO_PAT,71aa5980-ef91-47df-817b-f6c7dd4c1575,54.94788,-109.5277,11.14269,5.64744,1.38874,-16.99446,-2.27666,-1.21754,7.00681,,,,,,,,,,,,,,,,,,,,,,,,,,,,,,,,,,,,,,,,,,,,,,,,,,,High,High,High,,,,,
104,2025-10-25,12:28:37.51,3,4,"Willis, Tyson",1000469267,Right,GEO_PAT,"O'Hara, Austin",10144739,Right,GEO_PAT,Undefined,3,Top,1,1,2,Fastball,Sinker,InPlay,Undefined,GroundBall,Out,1,0,,86.62833,-1.681643,-3.345612,2132.815102,230.438556,1:45,6.3251,1.63727,5.69064,-22.39304,15.86336,17.4591,2.88852,-0.02963,77.88251,-5.913778,-0.228726,0.445167,68.1435,-41.610772,19.739835,,,,,4.08719,4.08719,15.765628,0.042567,-9.96654,9.01756,-1.36674,50,6.16974,6.58349,-125.36099,-4.38116,-15.57972,29.52329,-18.07778,GEO_PAT,GEO_PAT,SpuhlerFieldMain,TeamExclusive,Team,20251025-SpuhlerFieldMain-Private-1,a91aef70-b1bf-11f0-a778-c7ed5b55c38a,84.67024,2.83753,,8.74582,,,,0.92639,2.83753,0.03146,725e81a6-ec22-4817-99f1-2faee8aa9fef,2025-10-25,16:28:37.51,2025-10-25T12:28:37.5184896-04:00,2025-10-25T16:28:37.5184896Z,GroundBall,v3,471300,471300,,"McCarthy, Jack",1000469298,,GEO_PAT,81d6e1e3-f12c-494b-9130-2ee571e83a4e,54.80926,-126.48853,14.76165,6.32387,-3.69074,-9.03889,-1.62953,7.1785,-7.78986,,0.92427,70.64322,,,,,,,,2.83953,-66.66101,,,,,,,,0.03071,25.34936,,,,,,,,,,,,,,,,,,,,,,,,,,,,,,High,High,High,Estimated,Estimated,,,
105,2025-10-25,12:29:16.21,4,1,"Willis, Tyson",1000469267,Right,GEO_PAT,"Clyne , Owen",1000230336,Left,GEO_PAT,Undefined,3,Top,2,0,0,Slider,Curveball,StrikeCalled,Undefined,Undefined,Undefined,0,0,,76.29268,1.448514,0.460444,2184.710659,76.801525,8:30,5.80985,1.76727,5.59678,-51.75263,-1.82354,-16.25371,2.84992,0.84271,68.20718,-8.098184,-2.444477,0.508567,,,,,,,,,,,,8.26445,-0.75213,-1.7965,50,5.9016,-0.24118,-110.44546,1.10377,9.90285,25.15063,-33.07528,GEO_PAT,GEO_PAT,SpuhlerFieldMain,TeamExclusive,Team,20251025-SpuhlerFieldMain-Private-1,c0190360-b1bf-11f0-a778-c7ed5b55c38a,74.11499,,,8.08551,,,,,,,725e81a6-ec22-4817-99f1-2faee8aa9fef,2025-10-25,16:29:16.21,2025-10-25T12:29:16.2103808-04:00,2025-10-25T16:29:16.2103808Z,,v3,471300,471300,,"McCarthy, Jack",1000469298,,GEO_PAT,8669a68a-4aaa-4d47-a20c-91691dbcf7c0,54.90076,-111.55588,12.57532,5.82063,2.56406,-16.53764,-1.7762,-0.6784,4.95142,,,,,,,,,,,,,,,,,,,,,,,,,,,,,,,,,,,,,,,,,,,,,,,,,,,High,High,High,,,,,
106,2025-10-25,12:29:35.11,4,2,"Willis, Tyson",1000469267,Right,GEO_PAT,"Clyne , Owen",1000230336,Left,GEO_PAT,Undefined,3,Top,2,0,1,Fastball,Sinker,FoulBallNotFieldable,Undefined,Undefined,Undefined,0,0,,86.44484,-0.957156,-2.483154,2079.040125,242.004522,2:00,6.51289,1.46185,5.74105,-26.17151,12.21666,20.22733,3.43974,0.83378,77.54467,-5.876554,1.136427,0.445933,109.15382,21.781325,-38.81461,2675.734848,81.31767,36.69425,-74.07611,308.38854,300.27126,-51.926003,3.170742,-11.18308,6.95319,-1.26789,50,6.41742,4.58163,-125.22129,-2.93675,-17.37144,30.39793,-21.37319,GEO_PAT,GEO_PAT,SpuhlerFieldMain,TeamExclusive,Team,20251025-SpuhlerFieldMain-Private-1,cb6e03a0-b1bf-11f0-a778-c7ed5b55c38a,84.52481,43.52468,,8.90017,,,,2.5362,3.50047,-0.68517,725e81a6-ec22-4817-99f1-2faee8aa9fef,2025-10-25,16:29:35.11,2025-10-25T12:29:35.1115776-04:00,2025-10-25T16:29:35.1115776Z,FlyBall,v3,471300,471300,,"McCarthy, Jack",1000469298,,GEO_PAT,4e5fd11a-f59c-442a-b58d-3eae56959456,54.75968,-126.37144,15.19897,6.51324,-2.12806,-10.68659,-1.45367,5.2389,-8.68572,,2.53623,115.83534,-30.19373,7.13457,-1.79658,0.40459,-0.07413,0.00897,-0.00051,3.50049,59.40378,-26.13539,3.9498,-0.97411,0.22112,-0.03924,0.00474,-0.00027,-0.68518,-93.17869,5.97141,-0.05053,-0.16111,0.06306,-0.01319,0.00167,-0.0001,,,,,,,,,,,,,,,,,,,,,,,High,High,High,Medium,Medium,,,
107,2025-10-25,12:30:06.28,4,3,"Willis, Tyson",1000469267,Right,GEO_PAT,"Clyne , Owen",1000230336,Left,GEO_PAT,Undefined,3,Top,2,0,2,Fastball,Changeup,BallCalled,Undefined,Undefined,Undefined,0,0,,86.3028,-1.702862,-4.578791,1979.656736,236.781682,2:00,6.35143,1.3175,5.82837,-25.84509,12.6219,17.04843,2.60908,-1.52753,77.58365,-6.558617,-1.533598,0.446391,,,,,,,,,,,,-10.12961,7.41989,-0.95241,50,6.19683,9.25876,-124.70997,-4.53716,-15.6739,29.16897,-20.69301,GEO_PAT,GEO_PAT,SpuhlerFieldMain,TeamExclusive,Team,20251025-SpuhlerFieldMain-Private-1,ddec82e0-b1bf-11f0-a778-c7ed5b55c38a,84.4382,,,8.71915,,,,,,,725e81a6-ec22-4817-99f1-2faee8aa9fef,2025-10-25,16:30:06.28,2025-10-25T12:30:06.2800384-04:00,2025-10-25T16:30:06.2800384Z,,v3,471300,471300,,"McCarthy, Jack",1000469298,,GEO_PAT,f45a3a4b-4f58-412b-9e9b-8ba53e495d5b,54.67014,-125.79754,14.58449,6.35161,-3.76562,-10.34651,-1.30853,9.84317,-7.83695,,,,,,,,,,,,,,,,,,,,,,,,,,,,,,,,,,,,,,,,,,,,,,,,,,,High,High,High,,,,,
108,2025-10-25,12:30:25.05,4,4,"Willis, Tyson",1000469267,Right,GEO_PAT,"Clyne , Owen",1000230336,Left,GEO_PAT,Undefined,3,Top,2,1,2,Slider,Curveball,BallCalled,Undefined,Undefined,Undefined,0,0,,78.40049,-0.559129,-2.557735,2322.144945,70.436546,8:15,5.80675,1.92303,5.7908,-50.63644,-3.85075,-15.75879,1.06636,-1.77125,70.92954,-9.835782,-5.380937,0.492298,,,,,,,,,,,,7.07965,-1.19055,-1.703,50,5.73105,5.68083,-113.54935,-2.75572,8.99957,25.89748,-33.68747,GEO_PAT,GEO_PAT,SpuhlerFieldMain,TeamExclusive,Team,20251025-SpuhlerFieldMain-Private-1,e92e9760-b1bf-11f0-a778-c7ed5b55c38a,76.56428,,,7.47095,,,,,,,725e81a6-ec22-4817-99f1-2faee8aa9fef,2025-10-25,16:30:25.05,2025-10-25T12:30:25.0584576-04:00,2025-10-25T16:30:25.0584576Z,,v3,471300,471300,,"McCarthy, Jack",1000469298,,GEO_PAT,1fdc9668-23a7-43e9-a300-96cbb6c83628,54.70941,-114.61841,12.94874,5.8161,-1.36509,-16.84373,-1.92984,5.30932,4.49979,,,,,,,,,,,,,,,,,,,,,,,,,,,,,,,,,,,,,,,,,,,,,,,,,,,High,High,High,,,,,
109,2025-10-25,12:30:44.33,4,5,"Willis, Tyson",1000469267,Right,GEO_PAT,"Clyne , Owen",1000230336,Left,GEO_PAT,Undefined,3,Top,2,2,2,Fastball,Changeup,InPlay,Undefined,FlyBall,Out,1,0,,85.14449,-2.407863,-3.292548,2248.792263,245.024873,2:15,5.9941,1.78558,6.21101,-28.44494,10.43166,19.25123,1.39633,0.34759,76.76714,-7.754708,0.182329,0.448761,101.63167,29.462181,-18.437813,2966.719346,103.87475,59.88878,-36.19341,363.80373,363.21611,-22.187717,5.288143,-11.12245,6.62552,-1.54785,50,5.79893,6.34897,-123.30029,-6.04353,-16.78579,29.0127,-22.17498,GEO_PAT,GEO_PAT,SpuhlerFieldMain,TeamExclusive,Team,20251025-SpuhlerFieldMain-Private-1,f4b46ba0-b1bf-11f0-a778-c7ed5b55c38a,83.99218,91.96527,,8.37735,,,,2.50918,1.58576,-0.3578,725e81a6-ec22-4817-99f1-2faee8aa9fef,2025-10-25,16:30:44.33,2025-10-25T12:30:44.3305984-04:00,2025-10-25T16:30:44.3305984Z,FlyBall,v3,471300,471300,,"McCarthy, Jack",1000469298,,GEO_PAT,aa954ebd-e1d6-456f-9a73-e96cdd649f20,54.29037,-124.30572,14.50635,5.99506,-5.27507,-11.08749,-1.77795,6.93068,-8.3929,171.394242,2.51002,123.10774,-28.46208,7.29218,-1.67291,0.35122,-0.05842,0.00609,-0.00028,1.58801,73.2638,-15.42967,-0.34031,0.5945,-0.25261,0.05715,-0.00659,0.0003,-0.35789,-41.04635,6.86902,-1.65908,0.3684,-0.07824,0.01358,-0.00147,7E-05,,,,,,,,,,,,,,,,,,,,,,,High,High,High,High,Medium,,,
110,2025-10-25,12:33:33.85,1,1,"Parker, Aiden",10285505,Right,GEO_PAT,"Terilli, Lucas",1000469290,Left,GEO_PAT,Undefined,3,Bottom,0,0,0,Fastball,Four-Seam,BallCalled,Undefined,Undefined,Undefined,0,0,,86.55768,-4.151972,-3.817263,2139.496939,212.628542,1:00,6.28484,1.95435,6.5102,-19.45674,18.01249,10.5904,0.83782,-0.67158,77.76171,-7.893131,-1.899098,0.440564,,,,,,,,,,,,-6.87674,11.29442,-1.69181,50,5.98533,7.94212,-125.05301,-9.58194,-10.64423,30.51478,-14.69189,GEO_PAT,GEO_PAT,SpuhlerFieldMain,TeamExclusive,Team,20251025-SpuhlerFieldMain-Private-1,59ba3ca0-b1c0-11f0-a778-c7ed5b55c38a,85.55503,,,8.79597,,,,,,,725e81a6-ec22-4817-99f1-2faee8aa9fef,2025-10-25,16:33:33.85,2025-10-25T12:33:33.8506752-04:00,2025-10-25T16:33:33.8506752Z,,v3,471300,471300,,"Cowdrey, Vincent",1000469295,Right,GEO_PAT,08b00f96-71b2-4c93-ae56-7a664a343306,53.98944,-126.02273,15.25739,6.28242,-9.11505,-7.34595,-1.94958,8.28038,-5.32212,,,,,,,,,,,,,,,,,,,,,,,,,,,,,,,,,,,,,,,,,,,,,,,,,,,High,High,High,,,,,
111,2025-10-25,12:33:49.55,1,2,"Parker, Aiden",10285505,Right,GEO_PAT,"Terilli, Lucas",1000469290,Left,GEO_PAT,Undefined,3,Bottom,0,1,0,Fastball,Four-Seam,BallCalled,Undefined,Undefined,Undefined,0,0,,85.23994,-1.460637,-1.846337,2057.873924,204.662185,12:45,6.34467,1.89677,6.56583,-19.55544,18.86836,7.96599,3.37499,0.86734,76.10651,-5.268202,-0.398955,0.446141,,,,,,,,,,,,-4.77953,10.80949,-1.77236,50,6.23546,3.67077,-123.54324,-3.60403,-7.19521,30.56391,-15.90117,GEO_PAT,GEO_PAT,SpuhlerFieldMain,TeamExclusive,Team,20251025-SpuhlerFieldMain-Private-1,630737e0-b1c0-11f0-a778-c7ed5b55c38a,84.48557,,,9.13344,,,,,,,725e81a6-ec22-4817-99f1-2faee8aa9fef,2025-10-25,16:33:49.55,2025-10-25T12:33:49.5584768-04:00,2025-10-25T16:33:49.5584768Z,,v3,471300,471300,,"Cowdrey, Vincent",1000469295,Right,GEO_PAT,3fbaecec-03f8-40d2-9e73-17cd08d6c6ea,53.92977,-124.51164,15.28196,6.34167,-3.1002,-7.95058,-1.89228,3.89874,-3.59761,,,,,,,,,,,,,,,,,,,,,,,,,,,,,,,,,,,,,,,,,,,,,,,,,,,High,High,High,,,,,
112,2025-10-25,12:34:06.62,1,3,"Parker, Aiden",10285505,Right,GEO_PAT,"Terilli, Lucas",1000469290,Left,GEO_PAT,Undefined,3,Bottom,0,2,0,Fastball,Four-Seam,StrikeCalled,Undefined,Undefined,Undefined,0,0,,87.18158,-2.811532,-3.191811,2170.579167,203.677601,12:45,6.30039,2.02048,6.66464,-17.9678,18.68048,7.55874,2.22432,-0.27331,78.04605,-6.31006,-1.818035,0.435711,,,,,,,,,,,,-5.0774,11.2189,-1.80864,50,6.10374,6.74675,-126.19606,-6.61812,-7.9876,31.53613,-14.52481,GEO_PAT,GEO_PAT,SpuhlerFieldMain,TeamExclusive,Team,20251025-SpuhlerFieldMain-Private-1,6d46d080-b1c0-11f0-a778-c7ed5b55c38a,86.50791,,,9.13553,,,,,,,725e81a6-ec22-4817-99f1-2faee8aa9fef,2025-10-25,16:34:06.62,2025-10-25T12:34:06.6234368-04:00,2025-10-25T16:34:06.6234368Z,,v3,471300,471300,,"Cowdrey, Vincent",1000469295,Right,GEO_PAT,9e05538e-3604-4fdd-8633-600c452492d7,53.83305,-127.15033,15.76806,6.29735,-6.17861,-7.26241,-2.01644,6.98845,-3.9938,,,,,,,,,,,,,,,,,,,,,,,,,,,,,,,,,,,,,,,,,,,,,,,,,,,High,High,High,,,,,
113,2025-10-25,12:34:24.63,1,4,"Parker, Aiden",10285505,Right,GEO_PAT,"Terilli, Lucas",1000469290,Left,GEO_PAT,Undefined,3,Bottom,0,2,1,Fastball,Cutter,StrikeCalled,Undefined,Undefined,Undefined,0,0,,84.08465,-3.153818,-2.358852,2106.173032,195.777194,12:30,6.30062,1.85527,6.57723,-22.01222,17.4356,4.49315,1.57018,0.06641,75.56179,-7.379672,-1.54238,0.452046,,,,,,,,,,,,-3.18012,10.69367,-1.69501,50,6.07443,4.85107,-121.76888,-7.25725,-4.66324,29.11923,-16.4932,GEO_PAT,GEO_PAT,SpuhlerFieldMain,TeamExclusive,Team,20251025-SpuhlerFieldMain-Private-1,7806e3c0-b1c0-11f0-a778-c7ed5b55c38a,83.38182,,,8.52286,,,,,,,725e81a6-ec22-4817-99f1-2faee8aa9fef,2025-10-25,16:34:24.63,2025-10-25T12:34:24.6315008-04:00,2025-10-25T16:34:24.6315008Z,,v3,471300,471300,,"Cowdrey, Vincent",1000469295,Right,GEO_PAT,3000e958-31dc-4726-b9bc-6bb64de86384,53.92152,-122.70307,14.55961,6.29876,-6.72813,-8.2466,-1.85303,5.00068,-2.33162,,,,,,,,,,,,,,,,,,,,,,,,,,,,,,,,,,,,,,,,,,,,,,,,,,,High,High,High,,,,,
114,2025-10-25,12:34:45.29,1,5,"Parker, Aiden",10285505,Right,GEO_PAT,"Terilli, Lucas",1000469290,Left,GEO_PAT,Undefined,3,Bottom,0,2,2,Fastball,Four-Seam,FoulBallNotFieldable,Undefined,Undefined,Undefined,0,0,,86.49715,-1.650561,-1.73029,2141.544765,198.419997,12:30,6.33592,1.91177,6.56107,-18.0058,19.67501,6.01965,3.321,0.82649,76.505,-5.192614,-0.636681,0.441806,70.03555,16.284453,-168.887712,1045.682677,,,,125.16336,48.82117,-167.310927,1.474882,-3.81016,11.38166,-1.7947,50,6.21429,3.54843,-125.26946,-4.01294,-5.83347,33.89986,-14.74842,GEO_PAT,GEO_PAT,SpuhlerFieldMain,TeamExclusive,Team,20251025-SpuhlerFieldMain-Private-1,84581e50-b1c0-11f0-a778-c7ed5b55c38a,85.31449,12.42282,,9.99215,,,,0.44737,3.19895,-0.81673,725e81a6-ec22-4817-99f1-2faee8aa9fef,2025-10-25,16:34:45.29,2025-10-25T12:34:45.2922368-04:00,2025-10-25T16:34:45.2922368Z,LineDrive,v3,471300,471300,,"Cowdrey, Vincent",1000469295,Right,GEO_PAT,0def8d72-5593-4a6b-9fec-8b925b67809d,53.93476,-126.32978,16.94993,6.3326,-3.55163,-7.37421,-1.90855,3.73089,-2.91674,343.977722,0.44737,-96.74914,10.04245,-0.74439,0.16692,-0.01671,0.00169,-0.00064,9E-05,3.19895,28.80295,-23.9459,2.51601,-0.47724,0.1058,-0.01692,0.0024,-0.00024,-0.81673,-19.00298,0.57476,0.03285,-0.00424,0.00301,-0.00068,6E-05,-0,,,,,,,,,,,,,,,,,,,,,,,High,High,High,High,Medium,,,
115,2025-10-25,12:35:08.53,1,6,"Parker, Aiden",10285505,Right,GEO_PAT,"Terilli, Lucas",1000469290,Left,GEO_PAT,Undefined,3,Bottom,0,2,2,Slider,Slider,FoulBallNotFieldable,Undefined,Undefined,Undefined,0,0,,77.66277,-0.436166,-1.147929,2191.932187,121.960024,10:00,6.13231,2.04144,5.82247,-41.20825,6.11823,-6.98433,2.29268,0.39198,70.13552,-8.077622,-2.400973,0.495135,63.35155,9.102949,-170.190037,3370.970441,,,,71.02067,44.03576,-171.447787,0.862899,3.11012,3.885,-1.94376,50,6.07322,2.53165,-112.53064,-2.13827,3.91099,24.10009,-27.28866,GEO_PAT,GEO_PAT,SpuhlerFieldMain,TeamExclusive,Team,20251025-SpuhlerFieldMain-Private-1,921ebad0-b1c0-11f0-a778-c7ed5b55c38a,76.12562,4.78746,,7.52725,,,,1.35175,2.19212,-0.34774,725e81a6-ec22-4817-99f1-2faee8aa9fef,2025-10-25,16:35:08.53,2025-10-25T12:35:08.5394944-04:00,2025-10-25T16:35:08.5394944Z,GroundBall,v3,471300,471300,,"Cowdrey, Vincent",1000469295,Right,GEO_PAT,a30c86f6-9693-4282-8229-b8e1910c9959,54.67267,-113.52695,12.05004,6.1383,-1.01014,-13.64433,-2.04508,2.36997,1.9555,41.7316,1.35175,-90.40377,8.96052,-0.46952,0.09945,0.00443,-0.00208,-0.00022,6E-05,2.19212,14.70005,-21.48792,2.01329,-0.37034,0.08192,-0.0122,0.00205,-0.00031,-0.34774,-15.63163,5.06544,-0.91935,0.19774,-0.0374,0.0057,-0.00117,0.00017,,,,,,,,,,,,,,,,,,,,,,,High,High,High,Medium,Medium,,,
116,2025-10-25,12:35:30.26,1,7,"Parker, Aiden",10285505,Right,GEO_PAT,"Terilli, Lucas",1000469290,Left,GEO_PAT,Undefined,3,Bottom,0,2,2,Fastball,Four-Seam,InPlay,Undefined,LineDrive,Single,0,0,,87.49708,-2.514275,-2.19065,2110.501862,202.859723,12:45,6.26577,2.03909,6.29733,-19.73119,17.04367,6.58544,2.30152,0.5683,78.47303,-6.304704,-1.000317,0.436462,100.1874,15.722606,-11.849317,1996.909746,106.00187,23.92524,-29.38562,263.26637,263.26637,-20.587537,2.603819,-4.18697,10.13587,-1.88102,50,6.07124,4.58675,-126.73824,-6.09659,-6.65289,31.47757,-16.0687,GEO_PAT,GEO_PAT,SpuhlerFieldMain,TeamExclusive,Team,20251025-SpuhlerFieldMain-Private-1,9f1b77a0-b1c0-11f0-a778-c7ed5b55c38a,86.35895,25.71499,,9.02405,,,,1.29906,2.29632,-0.56848,725e81a6-ec22-4817-99f1-2faee8aa9fef,2025-10-25,16:35:30.26,2025-10-25T12:35:30.2600704-04:00,2025-10-25T16:35:30.2600704Z,LineDrive,v3,471300,471300,,"Cowdrey, Vincent",1000469295,Right,GEO_PAT,aed5e4cf-152d-490c-8a54-c5749c56f486,54.20173,-127.77755,15.73878,6.26378,-5.56604,-8.03435,-2.03609,4.80641,-3.32644,113.367985,1.29908,138.42843,-25.6201,5.23271,-1.10067,0.20038,-0.03204,0.00398,-0.00028,2.29631,39.81852,-18.45806,1.53602,-0.27007,0.05554,-0.01039,0.00161,-0.00012,-0.56844,-29.04537,-6.19428,2.69663,-0.78456,0.17093,-0.02673,0.0029,-0.00019,,,,,,,,,,,,,,,,,,,,,,,High,High,High,High,High,,,
117,2025-10-25,12:36:16.79,2,1,"Parker, Aiden",10285505,Right,GEO_PAT,"Hueber, Toby",1000091691,Right,GEO_PAT,Undefined,3,Bottom,0,0,0,Slider,Curveball,BallCalled,Undefined,Undefined,Undefined,0,0,,75.73533,1.330053,-1.738929,2047.065313,84.382671,8:45,6.14962,2.03795,5.88982,-49.20629,0.92425,-10.69772,3.28494,-0.46875,67.7708,-7.805539,-3.657903,0.509592,,,,,,,,,,,,4.78937,0.60661,-1.89172,50,6.22943,3.72931,-109.6522,1.05237,5.6558,24.81904,-31.45771,GEO_PAT,GEO_PAT,SpuhlerFieldMain,TeamExclusive,Team,20251025-SpuhlerFieldMain-Private-1,baed81d0-b1c0-11f0-a778-c7ed5b55c38a,73.96592,,,7.96454,,,,,,,725e81a6-ec22-4817-99f1-2faee8aa9fef,2025-10-25,16:36:16.79,2025-10-25T12:36:16.7940608-04:00,2025-10-25T16:36:16.7940608Z,,v3,471300,471300,,"Cowdrey, Vincent",1000469295,Right,GEO_PAT,f5777e3b-86b3-44c7-b954-2411635209f6,54.60789,-110.69025,12.40952,6.1579,2.36808,-15.72885,-2.04275,3.49276,2.8279,,,,,,,,,,,,,,,,,,,,,,,,,,,,,,,,,,,,,,,,,,,,,,,,,,,High,High,High,,,,,
118,2025-10-25,12:37:23.83,2,2,"Parker, Aiden",10285505,Right,GEO_PAT,"Hueber, Toby",1000091691,Right,GEO_PAT,Undefined,3,Bottom,0,1,0,Slider,Curveball,BallCalled,Undefined,Undefined,Undefined,1,0,,77.07403,-0.899657,-2.240416,1996.476862,68.939594,8:15,6.08217,2.30329,5.64494,-49.34444,-1.57165,-8.09595,1.13018,-0.4624,70.89955,-9.886726,-3.688573,0.497464,,,,,,,,,,,,3.47713,-0.13945,-2.10758,50,5.97398,4.67222,-111.84046,-3.33541,4.37187,21.54998,-32.34939,GEO_PAT,GEO_PAT,SpuhlerFieldMain,TeamExclusive,Team,20251025-SpuhlerFieldMain-Private-1,e2db85c0-b1c0-11f0-a778-c7ed5b55c38a,75.76918,,,6.17448,,,,,,,725e81a6-ec22-4817-99f1-2faee8aa9fef,2025-10-25,16:37:23.83,2025-10-25T12:37:23.8380000-04:00,2025-10-25T16:37:23.8380000Z,,v3,471300,471300,,"Cowdrey, Vincent",1000469295,Right,GEO_PAT,449f058b-d88f-462a-95ac-9ea40f1a4dda,54.85871,-112.77277,10.77499,6.08801,-1.93588,-16.17469,-2.30562,4.48308,2.18594,,,,,,,,,,,,,,,,,,,,,,,,,,,,,75.67165,,,1.292578,,,,1.6531,6.20341,1.54927,127.27599,-0.95525,4.10565,1.78253,109.15986,-9.47735,6.2127,8.76261,-11.08483,1.52603,0.33423,1.30951,High,High,High,,,High,Medium,Medium
119,2025-10-25,12:38:01.21,2,3,"Parker, Aiden",10285505,Right,GEO_PAT,"Hueber, Toby",1000091691,Right,GEO_PAT,Undefined,3,Bottom,1,2,0,Fastball,Four-Seam,BallCalled,Undefined,Undefined,Undefined,0,0,,88.43145,-4.122617,-2.485481,2061.251602,183.415818,12:00,6.19866,1.71413,6.57113,-16.52749,18.93536,1.05291,1.03214,-0.47795,80.04023,-7.309932,-2.294311,0.428606,,,,,,,,,,,,-1.35504,11.66839,-1.54358,50,5.90735,5.51731,-128.02596,-9.63311,-2.21534,30.12099,-13.09749,GEO_PAT,GEO_PAT,SpuhlerFieldMain,TeamExclusive,Team,20251025-SpuhlerFieldMain-Private-1,f915fb90-b1c0-11f0-a778-c7ed5b55c38a,87.94191,,,8.39121,,,,,,,725e81a6-ec22-4817-99f1-2faee8aa9fef,2025-10-25,16:38:01.21,2025-10-25T12:38:01.2119552-04:00,2025-10-25T16:38:01.2119552Z,,v3,471300,471300,,"Cowdrey, Vincent",1000469295,Right,GEO_PAT,11432e94-df20-4b00-ab4f-bcc105b50ed7,53.92937,-128.94711,15.0605,6.19582,-9.23256,-6.54874,-1.71335,5.58506,-1.10767,,,,,,,,,,,,,,,,,,,,,,,,,,,,,,,,,,,,,,,,,,,,,,,,,,,High,High,High,,,,,
120,2025-10-25,12:38:20.64,2,4,"Parker, Aiden",10285505,Right,GEO_PAT,"Hueber, Toby",1000091691,Right,GEO_PAT,Undefined,3,Bottom,1,3,0,Fastball,Four-Seam,StrikeCalled,Undefined,Undefined,Undefined,0,0,,87.58101,-2.980819,-2.815995,2114.567199,203.180362,12:45,6.17167,1.76222,6.72024,-19.20816,16.77647,6.61059,1.84053,-0.26301,78.97931,-6.685399,-1.612337,0.431748,,,,,,,,,,,,-4.41646,10.23158,-1.57806,50,5.96636,5.99385,-126.90307,-7.08292,-7.07289,30.31482,-15.78825,GEO_PAT,GEO_PAT,SpuhlerFieldMain,TeamExclusive,Team,20251025-SpuhlerFieldMain-Private-1,04b04230-b1c1-11f0-a778-c7ed5b55c38a,87.30203,,,8.6017,,,,,,,725e81a6-ec22-4817-99f1-2faee8aa9fef,2025-10-25,16:38:20.64,2025-10-25T12:38:20.6484992-04:00,2025-10-25T16:38:20.6484992Z,,v3,471300,471300,,"Cowdrey, Vincent",1000469295,Right,GEO_PAT,fb31d875-7fcd-4f50-9d70-fcdd7f8a7b55,53.77909,-127.80263,15.15741,6.16958,-6.61441,-7.89413,-1.75904,6.20373,-3.53645,,,,,,,,,,,,,,,,,,,,,,,,,,,,,,,,,,,,,,,,,,,,,,,,,,,High,High,High,,,,,
121,2025-10-25,12:38:41.96,2,5,"Parker, Aiden",10285505,Right,GEO_PAT,"Hueber, Toby",1000091691,Right,GEO_PAT,Undefined,3,Bottom,1,3,1,Fastball,Four-Seam,BallCalled,Walk,Undefined,Undefined,0,0,,86.86602,-0.638464,-1.328942,2091.478016,175.989524,11:45,6.2734,1.84653,6.44506,-17.25556,19.71462,-1.28445,4.24858,0.51813,77.82354,-4.007838,-1.561749,0.43762,,,,,,,,,,,,0.21079,10.86717,-1.75175,50,6.21996,2.97451,-125.98501,-1.80063,0.33162,30.62634,-15.07622,GEO_PAT,GEO_PAT,SpuhlerFieldMain,TeamExclusive,Team,20251025-SpuhlerFieldMain-Private-1,1148e600-b1c1-11f0-a778-c7ed5b55c38a,86.13052,,,9.04248,,,,,,,725e81a6-ec22-4817-99f1-2faee8aa9fef,2025-10-25,16:38:41.96,2025-10-25T12:38:41.9610624-04:00,2025-10-25T16:38:41.9610624Z,,v3,471300,471300,,"Cowdrey, Vincent",1000469295,Right,GEO_PAT,100c4974-49e6-464b-9b82-f7557a5f2ec2,54.05089,-126.96595,15.31317,6.2699,-1.31775,-7.53811,-1.84685,2.96389,0.16581,,,,,,,,,,,,,,,,,,,,,,,,,,,,,,,,,,,,,,,,,,,,,,,,,,,High,High,High,,,,,
122,2025-10-25,12:39:18.97,3,1,"Parker, Aiden",10285505,Right,GEO_PAT,"Westley, Matthew",824016,Right,GEO_PAT,Undefined,3,Bottom,1,0,0,Slider,Curveball,StrikeCalled,Undefined,Undefined,Undefined,0,0,,76.83771,-0.633505,-2.328227,1917.031451,77.004266,8:30,6.09549,2.21315,5.97723,-48.55837,-0.16126,-8.74441,1.46116,-0.67512,69.31363,-9.600029,-3.90124,0.500704,,,,,,,,,,,,3.65646,0.67693,-2.02406,50,6.01887,4.84452,-111.31201,-2.70362,4.46135,25.10176,-31.34808,GEO_PAT,GEO_PAT,SpuhlerFieldMain,TeamExclusive,Team,20251025-SpuhlerFieldMain-Private-1,277ddd90-b1c1-11f0-a778-c7ed5b55c38a,75.27887,,,7.52409,,,,,,,725e81a6-ec22-4817-99f1-2faee8aa9fef,2025-10-25,16:39:18.97,2025-10-25T12:39:18.9796352-04:00,2025-10-25T16:39:18.9796352Z,,v3,471300,471300,,"Cowdrey, Vincent",1000469295,Right,GEO_PAT,ede190d8-1902-4898-9b23-446e73734764,54.52254,-112.32725,12.55088,6.10258,-1.43575,-15.67404,-2.21635,4.66409,2.23068,,,,,,,,,,,,,,,,,,,,,,,,,,,,,,,,,,,,,,,,,,,,,,,,,,,High,High,High,,,,,
123,2025-10-25,12:40:52.89,3,2,"Parker, Aiden",10285505,Right,GEO_PAT,"Westley, Matthew",824016,Right,GEO_PAT,Undefined,3,Bottom,1,0,1,Slider,Curveball,FoulBallNotFieldable,Undefined,Undefined,Undefined,0,0,,77.36135,-0.065552,-1.127023,2039.582147,96.704197,9:15,6.13484,2.34058,5.58788,-45.02597,3.01677,-10.76158,2.32145,0.39119,70.0293,-8.349691,-3.049426,0.498868,69.52337,62.299157,92.161929,5473.705907,,,,,57.68543,,,5.11158,2.00091,-2.23639,50,6.09991,2.61232,-112.15747,-1.56108,6.38205,24.03243,-29.67579,GEO_PAT,GEO_PAT,SpuhlerFieldMain,TeamExclusive,Team,20251025-SpuhlerFieldMain-Private-1,5f747ec0-b1c1-11f0-a778-c7ed5b55c38a,75.55601,82.34495,,7.33205,,,,0.78739,1.37419,1.01154,725e81a6-ec22-4817-99f1-2faee8aa9fef,2025-10-25,16:40:52.89,2025-10-25T12:40:52.8973824-04:00,2025-10-25T16:40:52.8973824Z,,v3,471300,471300,,"Cowdrey, Vincent",1000469295,Right,GEO_PAT,2a1c94c1-8fb6-421b-9505-8da5d5943c29,54.91343,-113.2054,12.01621,6.13977,-0.26708,-14.83789,-2.34423,2.33404,3.19102,332.045119,0.78739,-1.7881,-10.07791,4.22757,-1.24492,0.31492,-0.06949,0.0105,-0.00072,1.37419,90.28067,-27.78469,3.33925,-0.54552,0.05729,0.00293,-0.0044,0.00087,1.01154,47.36637,-9.28176,2.25547,-0.45786,0.07754,-0.00746,-0.00188,0.00051,,,,,,,,,,,,,,,,,,,,,,,High,High,High,Low,Undefined,,,
124,2025-10-25,12:41:53.78,3,3,"Parker, Aiden",10285505,Right,GEO_PAT,"Westley, Matthew",824016,Right,GEO_PAT,Undefined,3,Bottom,1,0,2,Slider,Slider,FoulBallNotFieldable,Undefined,Undefined,Undefined,0,0,,79.18454,-0.670261,-1.930332,2042.997656,134.421065,10:30,6.26314,1.99717,6.00449,-39.50892,6.4104,-4.58603,2.34931,-0.17427,70.47904,-8.060501,-2.755414,0.487718,62.8337,25.401979,157.880093,3068.193949,,,,131.31726,51.32228,163.214714,1.924951,1.61075,4.08579,-1.84284,50,6.18929,4.03629,-114.60211,-2.52536,2.0642,28.35018,-26.93802,GEO_PAT,GEO_PAT,SpuhlerFieldMain,TeamExclusive,Team,20251025-SpuhlerFieldMain-Private-1,83bcd340-b1c1-11f0-a778-c7ed5b55c38a,77.28321,19.2886,,8.70551,,,,1.58223,2.34603,0.16521,725e81a6-ec22-4817-99f1-2faee8aa9fef,2025-10-25,16:41:53.78,2025-10-25T12:41:53.7848832-04:00,2025-10-25T16:41:53.7848832Z,LineDrive,v3,471300,471300,,"Cowdrey, Vincent",1000469295,Right,GEO_PAT,4386b7f1-3fa4-420e-9625-6d3515ffb362,54.49257,-115.70814,14.17509,6.26732,-1.47443,-13.46901,-1.99874,3.95576,1.0321,319.60278,1.5823,-77.12494,5.14961,0.16629,0.42196,-0.55475,0.35073,-0.10533,0.01179,2.34604,39.53141,-25.17749,2.86881,-0.69273,0.32714,-0.18271,0.06374,-0.00898,0.16517,31.34896,-7.61911,1.27908,-0.62954,0.53494,-0.33247,0.10631,-0.01308,,,,,,,,,,,,,,,,,,,,,,,High,High,High,High,Medium,,,
125,2025-10-25,12:42:19.89,3,4,"Parker, Aiden",10285505,Right,GEO_PAT,"Westley, Matthew",824016,Right,GEO_PAT,Undefined,3,Bottom,1,0,2,Slider,Curveball,BallCalled,Undefined,Undefined,Undefined,0,0,,77.97616,-1.73486,-2.393732,2077.013789,96.248787,9:15,6.13267,2.03948,5.57942,-44.40782,3.08977,-12.26512,0.80977,-1.21963,70.7918,-9.85366,-4.583215,0.496029,,,,,,,,,,,,5.43933,2.6165,-1.825,50,5.9543,5.1844,-112.90062,-4.84678,6.86809,24.71958,-28.87028,GEO_PAT,GEO_PAT,SpuhlerFieldMain,TeamExclusive,Team,20251025-SpuhlerFieldMain-Private-1,934fa440-b1c1-11f0-a778-c7ed5b55c38a,75.98834,,,7.18436,,,,,,,725e81a6-ec22-4817-99f1-2faee8aa9fef,2025-10-25,16:42:19.89,2025-10-25T12:42:19.8922240-04:00,2025-10-25T16:42:19.8922240Z,,v3,471300,471300,,"Cowdrey, Vincent",1000469295,Right,GEO_PAT,83d76efd-b478-4eb2-b93a-ba4af0ce8d34,54.92175,-113.97314,12.35979,6.13742,-3.59417,-14.43514,-2.04348,4.88641,3.43405,,,,,,,,,,,,,,,,,,,,,,,,,,,,,,,,,,,,,,,,,,,,,,,,,,,High,High,High,,,,,
126,2025-10-25,12:43:11.15,3,5,"Parker, Aiden",10285505,Right,GEO_PAT,"Westley, Matthew",824016,Right,GEO_PAT,Undefined,3,Bottom,1,1,2,Fastball,Four-Seam,InPlay,Undefined,FlyBall,Triple,0,1,,86.40647,-2.661913,-2.666819,2080.656526,197.029551,12:30,6.22458,1.8897,6.50825,-19.27907,17.76359,5.03847,2.17053,-0.13974,78.31945,-6.361725,-1.753138,0.438049,100.9274,24.679661,5.121913,3548.539095,108.99916,48.49995,14.80471,362.58708,360.85305,16.489383,4.792409,-3.48784,10.54107,-1.7054,50,6.02981,5.64697,-125.2796,-6.31832,-5.47516,28.207,-15.62685,GEO_PAT,GEO_PAT,SpuhlerFieldMain,TeamExclusive,Team,20251025-SpuhlerFieldMain-Private-1,b1dab3f0-b1c1-11f0-a778-c7ed5b55c38a,86.04624,71.68924,,8.08702,,,,1.71941,2.23976,0.12015,725e81a6-ec22-4817-99f1-2faee8aa9fef,2025-10-25,16:43:11.15,2025-10-25T12:43:11.1588864-04:00,2025-10-25T16:43:11.1588864Z,FlyBall,v3,471300,471300,,"Cowdrey, Vincent",1000469295,Right,GEO_PAT,eff69485-e85f-40cc-9550-42c760b6b78b,53.99249,-126.17532,14.1035,6.22257,-5.82209,-7.81342,-1.88748,5.82083,-2.73758,204.462694,1.71908,133.97364,-28.76372,7.06344,-1.66616,0.37291,-0.06615,0.00722,-0.00034,2.23984,61.80504,-14.54559,0.23537,0.20059,-0.12128,0.03258,-0.00413,0.0002,0.12042,12.00265,4.16945,-0.96396,0.22599,-0.05189,0.00945,-0.00104,5E-05,,,,,,,,,,,,,,,,,,,,,,,High,High,High,High,High,,,
127,2025-10-25,12:44:02.23,4,1,"Parker, Aiden",10285505,Right,GEO_PAT,"Vaughan, Logan",1000232024,Left,GEO_PAT,Undefined,3,Bottom,1,0,0,Fastball,Four-Seam,BallCalled,Undefined,Undefined,Undefined,0,0,,86.56016,-3.708913,-4.108921,2077.656625,210.217596,1:00,6.11913,2.14805,6.71219,-22.38741,13.92528,7.44307,0.84927,-0.99459,79.63451,-7.9338,-2.756368,0.433711,,,,,,,,,,,,-5.05642,8.72811,-1.87787,50,5.86331,8.73966,-125.38489,-8.74022,-8.0663,24.85793,-18.25042,GEO_PAT,GEO_PAT,SpuhlerFieldMain,TeamExclusive,Team,20251025-SpuhlerFieldMain-Private-1,d0493af0-b1c1-11f0-a778-c7ed5b55c38a,86.90675,,,6.92564,,,,,,,725e81a6-ec22-4817-99f1-2faee8aa9fef,2025-10-25,16:44:02.23,2025-10-25T12:44:02.2394880-04:00,2025-10-25T16:44:02.2394880Z,,v3,471300,471300,,"Cowdrey, Vincent",1000469295,Right,GEO_PAT,86ac6f9f-aefb-4363-9a72-18f791020fbf,53.78995,-126.13402,12.42897,6.11843,-8.19022,-9.12521,-2.14492,8.98275,-4.03315,,,,,,,,,,,,,,,,,,,,,,,,,,,,,,,,,,,,,,,,,,,,,,,,,,,High,High,High,,,,,
128,2025-10-25,12:44:25.20,4,2,"Parker, Aiden",10285505,Right,GEO_PAT,"Vaughan, Logan",1000232024,Left,GEO_PAT,Undefined,3,Bottom,1,1,0,ChangeUp,Changeup,InPlay,Undefined,GroundBall,Single,0,1,,83.02784,-1.557367,-2.207522,1731.91048,239.280684,2:00,6.09073,2.36434,6.81914,-31.45821,7.66087,10.82772,2.04694,1.25161,76.29138,-7.47752,-0.228539,0.450159,67.08883,6.317265,-1.949513,2335.720361,,,,83.56086,83.56086,-2.725628,0.91695,-6.42599,4.85303,-2.22587,50,5.97855,4.29523,-120.72723,-4.1225,-9.46965,23.8339,-25.02239,GEO_PAT,GEO_PAT,SpuhlerFieldMain,TeamExclusive,Team,20251025-SpuhlerFieldMain-Private-1,ddf96940-b1c1-11f0-a778-c7ed5b55c38a,83.73142,4.11675,,6.73646,,,,2.18645,2.13197,-1.18987,725e81a6-ec22-4817-99f1-2faee8aa9fef,2025-10-25,16:44:25.20,2025-10-25T12:44:25.2077056-04:00,2025-10-25T16:44:25.2077056Z,GroundBall,v3,471300,471300,,"Cowdrey, Vincent",1000469295,Right,GEO_PAT,6f021139-88e7-488b-bda1-158282f074af,53.68461,-121.45246,11.91695,6.09241,-3.3611,-12.51119,-2.36095,4.58338,-4.73482,179.373104,2.23912,96.95597,-9.18663,,,,,,,2.15718,10.45813,-13.99982,,,,,,,-1.19152,-3.3025,0.29452,,,,,,,,,,,,,,,,,,,,,,,,,,,,,High,High,High,High,High,,,
129,2025-10-25,12:45:39.70,5,1,"Parker, Aiden",10285505,Right,GEO_PAT,"Canody, Andrew",1000415298,Right,GEO_PAT,Undefined,3,Bottom,1,0,0,Slider,Curveball,FoulBallNotFieldable,Undefined,Undefined,Undefined,0,0,,76.89197,-0.280364,-1.434281,2044.234586,94.765282,9:15,6.16075,2.299,5.53499,-45.62306,1.86122,-6.13599,2.09667,0.44668,71.42588,-8.584012,-2.529452,0.49596,103.31266,4.880413,-43.379339,2978.799451,,,,105.71683,100.41947,-46.581837,0.778227,2.77547,1.3476,-2.17011,50,6.10546,3.02214,-111.77192,-2.01218,3.53799,18.69974,-30.45622,GEO_PAT,GEO_PAT,SpuhlerFieldMain,TeamExclusive,Team,20251025-SpuhlerFieldMain-Private-1,0a6c3200-b1c2-11f0-a778-c7ed5b55c38a,75.99899,4.23118,,5.4661,,,,3.4602,2.34046,-0.51977,725e81a6-ec22-4817-99f1-2faee8aa9fef,2025-10-25,16:45:39.70,2025-10-25T12:45:39.7058560-04:00,2025-10-25T16:45:39.7058560Z,GroundBall,v3,471300,471300,,"Cowdrey, Vincent",1000469295,Right,GEO_PAT,8eecfb72-42e7-41a3-a9ef-bcd28324dc8a,54.96987,-112.60032,9.34987,6.16472,-0.66296,-15.22811,-2.30052,2.8654,1.769,,3.5854,107.5252,-24.2983,,,,,,,2.40303,11.78766,-19.20767,,,,,,,-0.51235,-103.84279,7.48445,,,,,,,,,,,,,,,,,,,,,,,,,,,,,High,High,High,High,High,,,
130,2025-10-25,12:46:19.93,5,2,"Parker, Aiden",10285505,Right,GEO_PAT,"Canody, Andrew",1000415298,Right,GEO_PAT,Undefined,3,Bottom,1,0,1,Fastball,Four-Seam,BallCalled,Undefined,Undefined,Undefined,0,0,,83.87561,-0.067678,-0.765436,1933.468027,193.95334,12:30,6.34124,1.88179,6.46235,-23.61143,15.62914,3.54465,4.31144,1.47402,75.88348,-4.583015,-0.122388,0.450857,,,,,,,,,,,,-2.07689,8.58532,-1.82909,50,6.32583,1.49252,-121.80553,-0.76158,-3.08378,26.53555,-19.42656,GEO_PAT,GEO_PAT,SpuhlerFieldMain,TeamExclusive,Team,20251025-SpuhlerFieldMain-Private-1,22475f80-b1c2-11f0-a778-c7ed5b55c38a,83.6017,,,7.99213,,,,,,,725e81a6-ec22-4817-99f1-2faee8aa9fef,2025-10-25,16:46:19.93,2025-10-25T12:46:19.9300608-04:00,2025-10-25T16:46:19.9300608Z,,v3,471300,471300,,"Cowdrey, Vincent",1000469295,Right,GEO_PAT,fb25ab2a-4295-4c55-8b66-348d8bda6cd6,54.03581,-122.68159,13.26777,6.34038,-0.12023,-9.71328,-1.88005,1.59433,-1.54189,,,,,,,,,,,,,,,,,,,,,,,,,,,,,,,,,,,,,,,,,,,,,,,,,,,High,High,High,,,,,
131,2025-10-25,12:46:40.01,5,3,"Parker, Aiden",10285505,Right,GEO_PAT,"Canody, Andrew",1000415298,Right,GEO_PAT,Undefined,3,Bottom,1,1,1,Slider,Curveball,InPlay,Undefined,FlyBall,Out,1,0,,76.87407,1.76253,-1.808653,1944.170568,62.007933,8:00,6.16052,2.08959,5.79994,-51.05377,-2.63165,-8.303,3.54678,-0.28518,69.29823,-7.65915,-3.295539,0.500833,100.1249,23.922043,-17.04017,2414.721206,105.18016,46.12962,-32.20319,362.89083,359.97946,-17.272167,4.482761,3.64382,-1.51051,-1.93571,50,6.27493,3.82272,-111.40426,1.83558,4.47749,24.16292,-34.03016,GEO_PAT,GEO_PAT,SpuhlerFieldMain,TeamExclusive,Team,20251025-SpuhlerFieldMain-Private-1,2e635940-b1c2-11f0-a778-c7ed5b55c38a,75.25946,64.51598,,7.57584,,,,2.76106,3.71907,0.19945,725e81a6-ec22-4817-99f1-2faee8aa9fef,2025-10-25,16:46:40.01,2025-10-25T12:46:40.0107520-04:00,2025-10-25T16:46:40.0107520Z,LineDrive,v3,471300,471300,,"Cowdrey, Vincent",1000469295,Right,GEO_PAT,7ca7dce2-b802-4425-a282-62ded7244802,54.70196,-112.41946,12.08146,6.16778,3.26535,-17.01508,-2.09237,3.6346,2.23874,170.488304,2.76021,128.36184,-24.67544,6.13295,-1.50855,0.36018,-0.07068,0.0088,-0.00048,3.72087,59.50415,-15.38427,0.07543,0.40532,-0.20786,0.05577,-0.00746,0.00039,0.19991,-39.34879,5.60336,-0.76322,0.14439,-0.05594,0.01712,-0.0027,0.00016,,,,,,,,,,,,,,,,,,,,,,,High,High,High,High,High,,,
132,2025-10-25,12:47:18.10,6,1,"Parker, Aiden",10285505,Right,GEO_PAT,"Morse, Jackson",1000469270,Right,GEO_PAT,Undefined,3,Bottom,2,0,0,Slider,Slider,BallCalled,Undefined,Undefined,Undefined,0,0,,78.40166,-1.68998,-4.11173,2202.657385,128.855031,10:15,6.13171,2.04142,5.84532,-40.92675,5.43162,-4.72193,1.14606,-2.17988,71.46938,-9.211049,-4.955803,0.490044,,,,,,,,,,,,1.10024,3.79953,-1.70333,50,5.96995,8.32983,-113.42444,-4.61667,1.41282,23.51365,-27.29509,GEO_PAT,GEO_PAT,SpuhlerFieldMain,TeamExclusive,Team,20251025-SpuhlerFieldMain-Private-1,45119f80-b1c2-11f0-a778-c7ed5b55c38a,76.91638,,,6.93228,,,,,,,725e81a6-ec22-4817-99f1-2faee8aa9fef,2025-10-25,16:47:18.10,2025-10-25T12:47:18.1076480-04:00,2025-10-25T16:47:18.1076480Z,,v3,471300,471300,,"Cowdrey, Vincent",1000469295,Right,GEO_PAT,554fc3e5-f6fb-4014-b14e-df89bc0c6125,54.65487,-114.38536,11.75682,6.13582,-3.50122,-13.64754,-2.04256,8.2721,0.70641,,,,,,,,,,,,,,,,,,,,,,,,,,,,,,,,,,,,,,,,,,,,,,,,,,,High,High,High,,,,,
133,2025-10-25,12:47:41.57,6,2,"Parker, Aiden",10285505,Right,GEO_PAT,"Morse, Jackson",1000469270,Right,GEO_PAT,Undefined,3,Bottom,2,1,0,Fastball,Four-Seam,BallCalled,Undefined,Undefined,Undefined,0,0,,85.85105,-1.17112,-2.407494,2101.435039,198.177108,12:30,6.39313,1.85291,6.41836,-21.11332,16.45895,4.97264,3.55592,0.05267,77.73134,-5.211935,-1.507146,0.441169,,,,,,,,,,,,-3.33043,9.33402,-1.68293,50,6.29967,5.04407,-124.55949,-3.10384,-5.17315,27.66035,-17.67556,GEO_PAT,GEO_PAT,SpuhlerFieldMain,TeamExclusive,Team,20251025-SpuhlerFieldMain-Private-1,530a6f90-b1c2-11f0-a778-c7ed5b55c38a,85.43763,,,8.11971,,,,,,,725e81a6-ec22-4817-99f1-2faee8aa9fef,2025-10-25,16:47:41.57,2025-10-25T12:47:41.5786496-04:00,2025-10-25T16:47:41.5786496Z,,v3,471300,471300,,"Cowdrey, Vincent",1000469295,Right,GEO_PAT,54cc7eb3-0d77-4186-9528-0b3d4f6eb5f6,54.08056,-125.46237,13.83018,6.39157,-2.52688,-8.83778,-1.85033,5.21292,-2.58657,,,,,,,,,,,,,,,,,,,,,,,,,,,,,,,,,,,,,,,,,,,,,,,,,,,High,High,High,,,,,
134,2025-10-25,12:48:03.88,6,3,"Parker, Aiden",10285505,Right,GEO_PAT,"Morse, Jackson",1000469270,Right,GEO_PAT,Undefined,3,Bottom,2,2,0,Fastball,Cutter,BallCalled,Undefined,Undefined,Undefined,0,0,,84.16789,-1.020759,-3.430202,2055.761275,180.13192,12:00,6.33065,1.83888,6.53468,-22.7545,16.06914,0.03402,3.49631,-1.30864,76.58484,-5.357995,-3.424045,0.448456,,,,,,,,,,,,-1.0439,9.11969,-1.60063,50,6.24973,7.31653,-122.0852,-2.76531,-1.56416,25.65118,-18.50913,GEO_PAT,GEO_PAT,SpuhlerFieldMain,TeamExclusive,Team,20251025-SpuhlerFieldMain-Private-1,605acaa0-b1c2-11f0-a778-c7ed5b55c38a,84.04941,,,7.58305,,,,,,,725e81a6-ec22-4817-99f1-2faee8aa9fef,2025-10-25,16:48:03.88,2025-10-25T12:48:03.8873600-04:00,2025-10-25T16:48:03.8873600Z,,v3,471300,471300,,"Cowdrey, Vincent",1000469295,Right,GEO_PAT,35de7107-dc20-473e-8f83-92648b26258e,53.96497,-122.91545,12.82559,6.32954,-2.16622,-9.25457,-1.83826,7.36715,-0.78208,,,,,,,,,,,,,,,,,,,,,,,,,,,,,,,,,,,,,,,,,,,,,,,,,,,High,High,High,,,,,
135,2025-10-25,12:48:25.00,6,4,"Parker, Aiden",10285505,Right,GEO_PAT,"Morse, Jackson",1000469270,Right,GEO_PAT,Undefined,3,Bottom,2,3,0,Fastball,Cutter,StrikeCalled,Undefined,Undefined,Undefined,0,0,,84.10321,-1.677475,-1.242807,2055.215009,184.09606,12:15,6.44415,1.65123,6.64403,-23.16037,15.54481,1.01807,2.97775,0.59822,76.43671,-6.100903,-1.057442,0.447771,,,,,,,,,,,,-0.91528,9.09571,-1.56773,50,6.32132,2.61291,-122.14859,-4.16537,-1.3693,26.25282,-18.5661,GEO_PAT,GEO_PAT,SpuhlerFieldMain,TeamExclusive,Team,20251025-SpuhlerFieldMain-Private-1,6ceeb380-b1c2-11f0-a778-c7ed5b55c38a,84.17795,,,7.6665,,,,,,,725e81a6-ec22-4817-99f1-2faee8aa9fef,2025-10-25,16:48:25.00,2025-10-25T12:48:25.0092544-04:00,2025-10-25T16:48:25.0092544Z,,v3,471300,471300,,"Cowdrey, Vincent",1000469295,Right,GEO_PAT,2bb1d113-eeb6-4071-a17f-9e6bd8e48e8e,53.85553,-122.97445,13.12641,6.44317,-3.58133,-9.28305,-1.6506,2.65598,-0.68465,,,,,,,,,,,,,,,,,,,,,,,,,,,,,,,,,,,,,,,,,,,,,,,,,,,High,High,High,,,,,
136,2025-10-25,12:48:42.86,6,5,"Parker, Aiden",10285505,Right,GEO_PAT,"Morse, Jackson",1000469270,Right,GEO_PAT,Undefined,3,Bottom,2,3,1,Fastball,Four-Seam,BallCalled,Walk,Undefined,Undefined,0,0,,84.11587,-0.610328,-1.649584,2047.300206,197.476779,12:30,6.33173,1.82166,6.42527,-25.10946,14.17611,4.01355,3.67799,0.63936,75.82114,-5.397869,-0.922178,0.451116,,,,,,,,,,,,-2.61776,8.013,-1.70564,50,6.27685,3.36057,-122.04868,-1.97995,-3.88275,27.75292,-20.28885,GEO_PAT,GEO_PAT,SpuhlerFieldMain,TeamExclusive,Team,20251025-SpuhlerFieldMain-Private-1,7794fd30-b1c2-11f0-a778-c7ed5b55c38a,83.55383,,,8.29473,,,,,,,725e81a6-ec22-4817-99f1-2faee8aa9fef,2025-10-25,16:48:42.86,2025-10-25T12:48:42.8621824-04:00,2025-10-25T16:48:42.8621824Z,,v3,471300,471300,,"Cowdrey, Vincent",1000469295,Right,GEO_PAT,e2498384-5f62-4b89-96c3-9feacf2a9c35,54.07246,-122.97124,13.87646,6.33146,-1.30551,-10.14443,-1.8195,3.48964,-1.94137,,,,,,,,,,,,,,,,,,,,,,,,,,,,,,,,,,,,,,,,,,,,,,,,,,,High,High,High,,,,,
137,2025-10-25,12:49:11.08,7,1,"Parker, Aiden",10285505,Right,GEO_PAT,"Blanchard, Evan",10073877,Right,GEO_PAT,Undefined,3,Bottom,2,0,0,Slider,Slider,StrikeCalled,Undefined,Undefined,Undefined,0,0,,77.89494,-0.689296,-2.253229,2065.85389,80.763891,8:45,6.13583,2.33237,5.91228,-46.2718,0.48575,-7.23859,1.63953,-0.36332,70.83148,-9.20928,-3.553665,0.49215,,,,,,,,,,,,2.97417,0.95323,-2.14734,50,6.05431,4.71081,-112.94384,-2.79337,3.77455,23.92675,-30.96427,GEO_PAT,GEO_PAT,SpuhlerFieldMain,TeamExclusive,Team,20251025-SpuhlerFieldMain-Private-1,886ea610-b1c2-11f0-a778-c7ed5b55c38a,76.58733,,,7.06346,,,,,,,725e81a6-ec22-4817-99f1-2faee8aa9fef,2025-10-25,16:49:11.08,2025-10-25T12:49:11.0862848-04:00,2025-10-25T16:49:11.0862848Z,,v3,471300,471300,,"Cowdrey, Vincent",1000469295,Right,GEO_PAT,51522f79-c824-4bca-acf4-191875e41fc4,54.58873,-113.91179,11.96337,6.14198,-1.54071,-15.48213,-2.33482,4.55811,1.88728,,,,,,,,,,,,,,,,,,,,,,,,,,,,,,,,,,,,,,,,,,,,,,,,,,,High,High,High,,,,,
138,2025-10-25,12:49:30.32,7,2,"Parker, Aiden",10285505,Right,GEO_PAT,"Blanchard, Evan",10073877,Right,GEO_PAT,Undefined,3,Bottom,2,0,1,Fastball,Four-Seam,InPlay,Undefined,FlyBall,Out,1,0,,85.87035,-2.636655,-3.224636,2039.58059,194.048578,12:30,6.18893,1.88906,6.87617,-16.86253,20.86737,4.82985,2.37528,-0.65035,76.33251,-5.971925,-2.343694,0.442093,97.40562,25.491112,-6.17304,2030.547621,109.40637,47.28566,-11.41197,343.26493,341.65871,-6.849696,4.386925,-3.77654,12.51028,-1.6858,50,6.01487,6.82726,-124.2939,-6.06442,-5.71416,32.51859,-13.24513,GEO_PAT,GEO_PAT,SpuhlerFieldMain,TeamExclusive,Team,20251025-SpuhlerFieldMain-Private-1,93d8dc00-b1c2-11f0-a778-c7ed5b55c38a,85.25898,63.85556,,9.53784,,,,1.7102,2.42206,0.63235,725e81a6-ec22-4817-99f1-2faee8aa9fef,2025-10-25,16:49:30.32,2025-10-25T12:49:30.3258624-04:00,2025-10-25T16:49:30.3258624Z,FlyBall,v3,471300,471300,,"Cowdrey, Vincent",1000469295,Right,GEO_PAT,af5f39d9-7ae8-4190-9ee3-7214416a99c2,53.6216,-125.23783,16.2593,6.18533,-5.67995,-6.62256,-1.88638,6.99313,-2.85708,177.143324,1.70874,128.24053,-23.7299,5.54121,-1.25143,0.269,-0.04755,0.00529,-0.00025,2.42432,61.4294,-17.23567,1.36284,-0.33585,0.08286,-0.01582,0.00211,-0.00014,0.63248,-13.86994,2.06849,-0.48547,0.1067,-0.02172,0.00365,-0.00039,2E-05,,,,,,,,,,,,,,,,,,,,,,,High,High,High,High,High,,,
139,2025-10-25,12:52:27.04,1,1,"Willis, Tyson",1000469267,Right,GEO_PAT,"Smith, Cooper",1000469293,Right,GEO_PAT,Undefined,4,Top,0,0,0,Slider,Curveball,BallCalled,Undefined,Undefined,Undefined,0,0,,75.7466,0.689868,0.870118,2143.513808,159.692253,11:15,5.66254,1.87368,5.88981,-37.08821,12.91725,-4.04292,3.21256,2.3448,67.60228,-6.293602,0.144509,0.508956,,,,,,,,,,,,2.40705,6.88792,-1.94141,50,5.69719,-1.52184,-109.73644,0.28428,2.84841,24.76099,-24.02309,GEO_PAT,GEO_PAT,SpuhlerFieldMain,TeamExclusive,Team,20251025-SpuhlerFieldMain-Private-1,fd38df60-b1c2-11f0-a778-c7ed5b55c38a,74.05836,,,8.14432,,,,,,,725e81a6-ec22-4817-99f1-2faee8aa9fef,2025-10-25,16:52:27.04,2025-10-25T12:52:27.0451200-04:00,2025-10-25T16:52:27.0451200Z,,v3,471300,471300,,"McCarthy, Jack",1000469298,,GEO_PAT,2672b5bf-8d8e-4bc9-892e-68c0259514fd,54.60924,-110.77159,12.3805,5.66431,1.28858,-12.01155,-1.87531,-1.64092,1.42421,,,,,,,,,,,,,,,,,,,,,,,,,,,,,,,,,,,,,,,,,,,,,,,,,,,High,High,High,,,,,
140,2025-10-25,12:52:53.75,1,2,"Willis, Tyson",1000469267,Right,GEO_PAT,"Smith, Cooper",1000469293,Right,GEO_PAT,Undefined,4,Top,0,1,0,Slider,Curveball,FoulBallNotFieldable,Undefined,Undefined,Undefined,0,0,,76.90875,0.747953,-0.380348,2238.629251,80.482978,8:45,5.65721,1.98504,5.72236,-50.45759,-1.37264,-20.10084,2.14918,-0.04432,68.66064,-8.576618,-3.981238,0.50425,63.89287,31.093246,135.685336,4139.598093,-83.72694,21.22424,71.34279,152.72891,59.13889,140.310627,2.221941,10.00741,-0.36776,-1.94094,50,5.68936,1.51697,-111.37054,-0.15527,12.12551,26.57036,-32.61962,GEO_PAT,GEO_PAT,SpuhlerFieldMain,TeamExclusive,Team,20251025-SpuhlerFieldMain-Private-1,0d24f3f0-b1c3-11f0-a778-c7ed5b55c38a,74.74956,25.99377,,8.24811,,,,0.55052,1.94449,0.20064,725e81a6-ec22-4817-99f1-2faee8aa9fef,2025-10-25,16:52:53.75,2025-10-25T12:52:53.7577472-04:00,2025-10-25T16:52:53.7577472Z,FlyBall,v3,471300,471300,,"McCarthy, Jack",1000469298,,GEO_PAT,4b5ec0d4-c04a-4c88-b6e2-5d756bde88ab,54.77652,-112.50433,13.28518,5.66628,1.23666,-16.30981,-1.99463,0.99955,6.06276,,0.55052,-57.41647,0.91783,0.99144,-0.42149,0.11925,-0.02536,0.00399,-0.00019,1.9445,48.39463,-27.07666,3.2127,-0.59341,0.08001,-0.00698,-0.00083,0.00026,0.20064,56.06051,-9.84159,3.12214,-0.76856,0.1476,-0.01929,-0.00039,0.00047,,,,,,,,,,,,,,,,,,,,,,,High,High,High,High,Medium,,,
141,2025-10-25,12:53:14.38,1,3,"Willis, Tyson",1000469267,Right,GEO_PAT,"Smith, Cooper",1000469293,Right,GEO_PAT,Undefined,4,Top,0,1,1,Slider,Slider,StrikeCalled,Undefined,Undefined,Undefined,0,0,,76.16412,0.891471,-0.752165,2240.485328,123.061924,10:00,5.59387,1.95794,5.85635,-43.28983,5.67174,-6.00449,2.81484,0.75865,68.8622,-7.149248,-1.8296,0.503615,,,,,,,,,,,,2.79563,3.16925,-1.89346,50,5.64157,1.67543,-110.4405,0.41379,3.39612,22.684,-28.32406,GEO_PAT,GEO_PAT,SpuhlerFieldMain,TeamExclusive,Team,20251025-SpuhlerFieldMain-Private-1,1957f820-b1c3-11f0-a778-c7ed5b55c38a,74.84369,,,7.30192,,,,,,,725e81a6-ec22-4817-99f1-2faee8aa9fef,2025-10-25,16:53:14.38,2025-10-25T12:53:14.3846912-04:00,2025-10-25T16:53:14.3846912Z,,v3,471300,471300,,"McCarthy, Jack",1000469298,,GEO_PAT,e7663cbb-7597-49af-ab82-e93221dd42b0,54.64169,-111.3898,11.342,5.59945,1.59912,-14.16203,-1.9606,1.5333,1.69806,,,,,,,,,,,,,,,,,,,,,,,,,,,,,,,,,,,,,,,,,,,,,,,,,,,High,High,High,,,,,
142,2025-10-25,12:53:33.05,1,4,"Willis, Tyson",1000469267,Right,GEO_PAT,"Smith, Cooper",1000469293,Right,GEO_PAT,Undefined,4,Top,0,1,2,Slider,Curveball,BallCalled,Undefined,Undefined,Undefined,0,0,,76.12774,-1.213846,-1.165025,2063.934962,12.475807,6:30,6.42634,1.03143,5.63753,-69.21598,-18.93497,-4.6274,-0.47455,-0.44128,68.92226,-13.741949,-1.997979,0.510356,,,,,,,,,,,,1.93004,-8.85032,-0.92922,50,6.27829,2.4115,-110.30781,-4.58653,2.28858,26.48986,-42.66841,GEO_PAT,GEO_PAT,SpuhlerFieldMain,TeamExclusive,Team,20251025-SpuhlerFieldMain-Private-1,2486d2c0-b1c3-11f0-a778-c7ed5b55c38a,73.85514,,,7.20547,,,,,,,725e81a6-ec22-4817-99f1-2faee8aa9fef,2025-10-25,16:53:33.05,2025-10-25T12:53:33.0526720-04:00,2025-10-25T16:53:33.0526720Z,,v3,471300,471300,,"McCarthy, Jack",1000469298,,GEO_PAT,e8ce0f3e-7769-44d7-8e0c-831c1f1c5a3d,54.8675,-111.47058,13.24493,6.43851,-2.71359,-21.33421,-1.03287,2.31104,1.14429,,,,,,,,,,,,,,,,,,,,,,,,,,,,,,,,,,,,,,,,,,,,,,,,,,,High,High,High,,,,,
143,2025-10-25,12:53:58.36,1,5,"Willis, Tyson",1000469267,Right,GEO_PAT,"Smith, Cooper",1000469293,Right,GEO_PAT,Undefined,4,Top,0,2,2,Slider,Slider,InPlay,Undefined,LineDrive,Single,0,0,,77.72361,-0.342517,-1.325989,2240.110173,119.320955,10:00,5.58803,1.97591,5.83342,-38.75687,8.01906,-11.44457,2.03981,-0.2106,70.83506,-7.519725,-3.378143,0.492247,96.97018,8.236829,0.824313,6727.779015,109.90714,4.39255,4.51452,137.57258,137.57258,2.716438,1.115402,5.45359,4.66524,-1.8608,50,5.53733,3.03376,-112.79269,-1.84598,6.9493,22.59619,-26.22932,GEO_PAT,GEO_PAT,SpuhlerFieldMain,TeamExclusive,Team,20251025-SpuhlerFieldMain-Private-1,33a7cf20-b1c3-11f0-a778-c7ed5b55c38a,76.57228,6.90192,,6.88855,,,,1.29048,2.03923,0.11458,725e81a6-ec22-4817-99f1-2faee8aa9fef,2025-10-25,16:53:58.36,2025-10-25T12:53:58.3675392-04:00,2025-10-25T16:53:58.3675392Z,LineDrive,v3,471300,471300,,"McCarthy, Jack",1000469298,,GEO_PAT,7147dfa4-7ba8-4df2-b46e-1d53b9287bad,54.66756,-113.72392,11.29809,5.59114,-0.76502,-13.11466,-1.97993,2.74737,3.47465,307.991847,1.43588,138.9393,-15.36781,,,,,,,2.17062,18.74872,-18.64761,,,,,,,0.05985,2.70997,2.801,,,,,,,,,,,,,,,,,,,,,,,,,,,,,High,High,High,High,High,,,
144,2025-10-25,12:55:24.97,2,1,"Willis, Tyson",1000469267,Right,GEO_PAT,"Rozich, Landen",1000469268,Right,GEO_PAT,Undefined,4,Top,0,0,0,Fastball,Changeup,BallCalled,Undefined,Undefined,Undefined,0,0,,82.5771,-0.74176,-4.480065,2236.017635,235.436915,1:45,5.85627,2.07543,6.1955,-29.71222,12.31146,15.29469,2.6933,-0.79462,73.17805,-6.387755,-1.729523,0.466572,,,,,,,,,,,,-9.45615,7.15233,-1.74414,50,5.78578,8.72363,-119.24387,-2.39762,-13.16765,29.94758,-22.21448,GEO_PAT,GEO_PAT,SpuhlerFieldMain,TeamExclusive,Team,20251025-SpuhlerFieldMain-Private-1,672432d0-b1c3-11f0-a778-c7ed5b55c38a,80.78594,,,9.39906,,,,,,,725e81a6-ec22-4817-99f1-2faee8aa9fef,2025-10-25,16:55:24.97,2025-10-25T12:55:24.9702400-04:00,2025-10-25T16:55:24.9702400Z,,v3,471300,471300,,"McCarthy, Jack",1000469298,,GEO_PAT,e7dd7b50-fdcb-4647-9705-0286274f1c69,54.29888,-120.31867,14.97379,5.85752,-1.60036,-11.10724,-2.06571,9.19621,-6.58382,,,,,,,,,,,,,,,,,,,,,,,,,,,,,,,,,,,,,,,,,,,,,,,,,,,High,High,High,,,,,
145,2025-10-25,12:55:45.13,2,2,"Willis, Tyson",1000469267,Right,GEO_PAT,"Rozich, Landen",1000469268,Right,GEO_PAT,Undefined,4,Top,0,2,0,Slider,Curveball,StrikeCalled,Undefined,Undefined,Undefined,1,0,,76.487,1.528032,-0.656507,2230.160281,101.287153,9:30,5.63846,2.0633,5.82551,-45.21262,3.66918,-9.20469,3.29178,0.68587,68.74902,-6.872198,-2.306606,0.503205,,,,,,,,,,,,4.42418,1.9363,-2.00436,50,5.73738,1.62112,-110.82656,1.56879,5.38151,23.86609,-29.81874,GEO_PAT,GEO_PAT,SpuhlerFieldMain,TeamExclusive,Team,20251025-SpuhlerFieldMain-Private-1,73361a70-b1c3-11f0-a778-c7ed5b55c38a,74.90474,,,7.73798,,,,,,,725e81a6-ec22-4817-99f1-2faee8aa9fef,2025-10-25,16:55:45.13,2025-10-25T12:55:45.1310000-04:00,2025-10-25T16:55:45.1310000Z,,v3,471300,471300,,"McCarthy, Jack",1000469298,,GEO_PAT,1a99380c-8670-4c1c-8dcd-aef0ec7c02e2,54.67215,-111.82816,11.93305,5.64528,2.82021,-14.90937,-2.06765,1.39527,2.69075,,,,,,,,,,,,,,,,,,,,,,,,,,,,,77.98018,,0.750541,,-1.3446,2.94683,-0.57257,-0.0465,5.84494,1.09019,,,,0.02565,113.20075,-9.87988,5.85053,4.98404,-11.02462,1.0562,-4.02893,3.52813,High,High,High,,,High,High,Medium
146,2025-10-25,12:56:18.04,2,3,"Willis, Tyson",1000469267,Right,GEO_PAT,"Rozich, Landen",1000469268,Right,GEO_PAT,Undefined,4,Top,1,2,0,Fastball,Four-Seam,FoulBallNotFieldable,Undefined,Undefined,Undefined,0,0,,86.58271,-2.48319,-2.457701,2194.656921,188.122536,12:15,6.19342,1.62966,5.94113,-11.70316,26.52135,3.5661,2.91099,-0.35452,77.1863,-4.838506,-1.81827,0.444982,72.45245,14.095036,166.511572,3195.619095,,,,123.13718,48.65357,172.972558,1.432599,-2.64933,14.74891,-1.43537,50,5.98811,5.21661,-125.18521,-5.6176,-4.10178,31.00749,-9.33925,GEO_PAT,GEO_PAT,SpuhlerFieldMain,TeamExclusive,Team,20251025-SpuhlerFieldMain-Private-1,86c74230-b1c3-11f0-a778-c7ed5b55c38a,84.70554,10.9724,,9.39641,,,,1.88199,2.92673,0.30672,725e81a6-ec22-4817-99f1-2faee8aa9fef,2025-10-25,16:56:18.04,2025-10-25T12:56:18.0448256-04:00,2025-10-25T16:56:18.0448256Z,LineDrive,v3,471300,471300,,"McCarthy, Jack",1000469298,,GEO_PAT,a8146df2-4d9b-47ec-bd80-0500524ade43,54.55232,-126.30775,15.50374,6.18536,-5.27949,-4.66963,-1.62691,5.36511,-2.05089,288.522706,1.88199,-100.22134,10.58325,-0.92698,0.10724,0.01067,-0.00394,0.00043,3E-05,2.92673,25.87845,-22.1443,2.3913,-0.49519,0.1024,-0.01482,0.00075,0.00018,0.30672,24.03965,-12.45592,2.70128,-0.63303,0.12264,-0.01367,-0.00279,0.00112,,,,,,,,,,,,,,,,,,,,,,,High,High,High,High,Medium,,,
147,2025-10-25,12:56:41.59,2,4,"Willis, Tyson",1000469267,Right,GEO_PAT,"Rozich, Landen",1000469268,Right,GEO_PAT,Undefined,4,Top,1,2,1,Slider,Curveball,StrikeCalled,Undefined,Undefined,Undefined,0,0,,77.70798,-0.608826,-0.946747,2202.398398,61.862043,8:00,5.7144,1.91553,5.94883,-48.6744,-1.13787,-5.69319,1.09339,0.56287,69.69253,-9.614235,-1.972313,0.496232,,,,,,,,,,,,2.55713,0.21295,-1.83703,50,5.63928,2.07431,-112.57785,-2.70806,3.1759,26.57405,-31.90959,GEO_PAT,GEO_PAT,SpuhlerFieldMain,TeamExclusive,Team,20251025-SpuhlerFieldMain-Private-1,94f04a00-b1c3-11f0-a778-c7ed5b55c38a,75.95724,,,8.01545,,,,,,,725e81a6-ec22-4817-99f1-2faee8aa9fef,2025-10-25,16:56:41.59,2025-10-25T12:56:41.5983616-04:00,2025-10-25T16:56:41.5983616Z,,v3,471300,471300,,"McCarthy, Jack",1000469298,,GEO_PAT,649ae45b-a4c6-42c1-8727-ef38e9583124,54.54962,-113.64672,13.28702,5.72239,-1.42459,-15.95479,-1.91789,1.94657,1.58795,,,,,,,,,,,,,,,,,,,,,,,,,,,,,,,,,,,,,,,,,,,,,,,,,,,High,High,High,,,,,
148,2025-10-25,12:56:59.85,2,5,"Willis, Tyson",1000469267,Right,GEO_PAT,"Rozich, Landen",1000469268,Right,GEO_PAT,Undefined,4,Top,1,2,2,Slider,Curveball,BallCalled,Undefined,Undefined,Undefined,0,0,,76.46715,-0.047623,-1.588361,2203.89563,22.259439,6:45,6.39175,1.27783,5.65459,-67.0163,-17.57013,-7.95146,0.76262,-0.8666,69.36664,-12.218517,-3.016136,0.506101,,,,,,,,,,,,3.44209,-8.29839,-1.13816,50,6.34582,3.37694,-110.86109,-2.33168,4.15761,25.25317,-42.19742,GEO_PAT,GEO_PAT,SpuhlerFieldMain,TeamExclusive,Team,20251025-SpuhlerFieldMain-Private-1,9fd12bb0-b1c3-11f0-a778-c7ed5b55c38a,74.47605,,,7.10051,,,,,,,725e81a6-ec22-4817-99f1-2faee8aa9fef,2025-10-25,16:56:59.85,2025-10-25T12:56:59.8525440-04:00,2025-10-25T16:56:59.8525440Z,,v3,471300,471300,,"McCarthy, Jack",1000469298,,GEO_PAT,e00e5b83-0191-4124-bcfc-2c81c82a4532,54.84941,-111.9603,12.62659,6.40734,-0.49494,-21.09871,-1.2812,3.19597,2.07881,,,,,,,,,,,,,,,,,,,,,,,,,,,,,,,,,,,,,,,,,,,,,,,,,,,High,High,High,,,,,
149,2025-10-25,12:57:18.11,2,6,"Willis, Tyson",1000469267,Right,GEO_PAT,"Rozich, Landen",1000469268,Right,GEO_PAT,Undefined,4,Top,1,3,2,Slider,Curveball,StrikeSwinging,Strikeout,Undefined,Undefined,0,0,,76.60501,0.793154,-0.002631,2200.991473,72.178592,8:30,5.55707,1.94097,5.63419,-51.08841,-2.18937,-12.35119,2.03979,0.90925,69.31855,-8.593193,-2.212737,0.503294,,,,,,,,,,,,6.21118,-0.78602,-1.93289,50,5.59248,0.48273,-111.07565,-0.12018,7.61,23.4782,-33.13709,GEO_PAT,GEO_PAT,SpuhlerFieldMain,TeamExclusive,Team,20251025-SpuhlerFieldMain-Private-1,aa995540-b1c3-11f0-a778-c7ed5b55c38a,74.89151,,,7.28646,,,,,,,725e81a6-ec22-4817-99f1-2faee8aa9fef,2025-10-25,16:57:18.11,2025-10-25T12:57:18.1160000-04:00,2025-10-25T16:57:18.1160000Z,,v3,471300,471300,,"McCarthy, Jack",1000469298,,GEO_PAT,21efe6b4-8e79-433a-97bd-529300997a22,54.86594,-112.09945,11.7391,5.56621,1.32481,-16.56854,-1.94671,0.15089,3.805,,,,,,,,,,,,,,,,,,,,,,,,,,,,,64.22931,3.000882,1.955789,1.045093,-1.14801,1.64062,-0.80775,-3.27065,6.0691,4.48965,68.10816,8.84783,56.67655,-3.17221,74.91581,-6.38922,6.10887,16.54736,-13.31055,4.52356,52.67536,-2.64175,High,High,High,,,High,High,High
150,2025-10-25,12:57:53.06,3,1,"Willis, Tyson",1000469267,Right,GEO_PAT,"Bagnerise , Julius",1000469309,Right,GEO_PAT,Undefined,4,Top,2,0,0,Fastball,Sinker,BallCalled,Undefined,Undefined,Undefined,0,0,,87.16055,-3.419954,-3.615631,2024.469344,231.856795,1:45,6.33549,1.66984,5.8972,-21.53446,15.84064,18.45072,1.3556,-0.15397,78.98572,-7.478023,-0.30867,0.44001,,,,,,,,,,,,-10.60201,9.57355,-1.38919,50,6.04709,7.20687,-126.07158,-8.19993,-16.86624,28.39287,-16.94392,GEO_PAT,GEO_PAT,SpuhlerFieldMain,TeamExclusive,Team,20251025-SpuhlerFieldMain-Private-1,bf855210-b1c3-11f0-a778-c7ed5b55c38a,85.66269,,,8.17483,,,,,,,725e81a6-ec22-4817-99f1-2faee8aa9fef,2025-10-25,16:57:53.06,2025-10-25T12:57:53.0690048-04:00,2025-10-25T16:57:53.0690048Z,,v3,471300,471300,,"McCarthy, Jack",1000469298,,GEO_PAT,449753ef-872b-45e3-b0a2-4dbc89b2e71c,54.60441,-127.10432,14.19643,6.33414,-7.58362,-8.47196,-1.66248,7.82035,-8.43312,,,,,,,,,,,,,,,,,,,,,,,,,,,,,,,,,,,,,,,,,,,,,,,,,,,High,High,High,,,,,
151,2025-10-25,12:58:11.14,3,2,"Willis, Tyson",1000469267,Right,GEO_PAT,"Bagnerise , Julius",1000469309,Right,GEO_PAT,Undefined,4,Top,2,1,0,Fastball,Four-Seam,BallCalled,Undefined,Undefined,Undefined,0,0,,85.48786,-2.971355,-2.333784,2080.234184,229.726081,1:45,6.29963,1.75734,5.79216,-21.28316,18.37942,19.73029,1.75708,1.22927,76.03182,-7.036454,1.200697,0.453275,,,,,,,,,,,,-10.83445,10.90662,-1.57672,50,6.04223,4.19,-123.53379,-7.02166,-16.22157,31.73796,-15.84441,GEO_PAT,GEO_PAT,SpuhlerFieldMain,TeamExclusive,Team,20251025-SpuhlerFieldMain-Private-1,ca4b31b0-b1c3-11f0-a778-c7ed5b55c38a,83.15577,,,9.45603,,,,,,,725e81a6-ec22-4817-99f1-2faee8aa9fef,2025-10-25,16:58:11.14,2025-10-25T12:58:11.1432192-04:00,2025-10-25T16:58:11.1432192Z,,v3,471300,471300,,"McCarthy, Jack",1000469298,,GEO_PAT,94427db4-2765-4771-9071-dcfef02af3f4,54.70459,-124.73662,15.86898,6.29696,-6.42118,-7.92221,-1.74717,4.80478,-8.11078,,,,,,,,,,,,,,,,,,,,,,,,,,,,,,,,,,,,,,,,,,,,,,,,,,,High,High,High,,,,,
152,2025-10-25,12:58:30.94,3,3,"Willis, Tyson",1000469267,Right,GEO_PAT,"Bagnerise , Julius",1000469309,Right,GEO_PAT,Undefined,4,Top,2,2,0,Fastball,Changeup,BallCalled,Undefined,Undefined,Undefined,0,0,,84.31125,-2.853473,-2.833249,2127.90691,244.311081,2:15,5.88993,1.89901,6.19325,-28.55872,11.58182,20.62997,0.87009,1.00017,75.23977,-8.244623,0.892241,0.455998,,,,,,,,,,,,-11.6628,7.52174,-1.69517,50,5.66047,5.2121,-121.9289,-6.92246,-17.00991,30.93303,-21.20382,GEO_PAT,GEO_PAT,SpuhlerFieldMain,TeamExclusive,Team,20251025-SpuhlerFieldMain-Private-1,d6145080-b1c3-11f0-a778-c7ed5b55c38a,82.65923,,,9.07148,,,,,,,725e81a6-ec22-4817-99f1-2faee8aa9fef,2025-10-25,16:58:30.94,2025-10-25T12:58:30.9420032-04:00,2025-10-25T16:58:30.9420032Z,,v3,471300,471300,,"McCarthy, Jack",1000469298,,GEO_PAT,cc429b00-877e-47be-96c4-f8b1a1f09318,54.30487,-123.01619,15.46652,5.8907,-6.17716,-10.60191,-1.88888,5.80999,-8.50496,,,,,,,,,,,,,,,,,,,,,,,,,,,,,,,,,,,,,,,,,,,,,,,,,,,High,High,High,,,,,
153,2025-10-25,12:58:50.47,3,4,"Willis, Tyson",1000469267,Right,GEO_PAT,"Bagnerise , Julius",1000469309,Right,GEO_PAT,Undefined,4,Top,2,3,0,Fastball,Sinker,StrikeCalled,Undefined,Undefined,Undefined,0,0,,86.31335,-2.647064,-3.888144,2049.8973,233.02647,1:45,6.30429,1.63364,5.79803,-23.30316,15.10863,18.15529,1.89269,-0.47563,77.80318,-7.036365,-0.641978,0.446071,,,,,,,,,,,,-10.4465,8.96745,-1.3241,50,6.07225,7.70669,-124.78178,-6.49928,-16.21229,28.78425,-18.25715,GEO_PAT,GEO_PAT,SpuhlerFieldMain,TeamExclusive,Team,20251025-SpuhlerFieldMain-Private-1,e1bb6860-b1c3-11f0-a778-c7ed5b55c38a,84.49881,,,8.51018,,,,,,,725e81a6-ec22-4817-99f1-2faee8aa9fef,2025-10-25,16:58:50.47,2025-10-25T12:58:50.4774144-04:00,2025-10-25T16:58:50.4774144Z,,v3,471300,471300,,"McCarthy, Jack",1000469298,,GEO_PAT,e67c9520-9776-4be2-8151-0ef59225717f,54.70104,-125.86153,14.39212,6.30321,-5.81443,-9.12857,-1.6246,8.31485,-8.10615,,,,,,,,,,,,,,,,,,,,,,,,,,,,,,,,,,,,,,,,,,,,,,,,,,,High,High,High,,,,,
154,2025-10-25,12:59:09.56,3,5,"Willis, Tyson",1000469267,Right,GEO_PAT,"Bagnerise , Julius",1000469309,Right,GEO_PAT,Undefined,4,Top,2,3,1,Fastball,Sinker,BallCalled,Walk,Undefined,Undefined,0,0,,87.2545,-3.968738,-2.748304,2072.848039,237.692645,2:00,6.09296,1.84043,5.91394,-24.86261,12.77367,17.88403,0.32733,0.77797,78.51742,-8.626108,0.464137,0.441545,,,,,,,,,,,,-10.18071,8.32811,-1.63035,50,5.7598,5.32293,-126.11914,-9.5379,-16.02638,31.06306,-19.06404,GEO_PAT,GEO_PAT,SpuhlerFieldMain,TeamExclusive,Team,20251025-SpuhlerFieldMain-Private-1,ed14d570-b1c3-11f0-a778-c7ed5b55c38a,85.3649,,,8.73708,,,,,,,725e81a6-ec22-4817-99f1-2faee8aa9fef,2025-10-25,16:59:09.56,2025-10-25T12:59:09.5682048-04:00,2025-10-25T16:59:09.5682048Z,,v3,471300,471300,,"McCarthy, Jack",1000469298,,GEO_PAT,a2920947-6b11-49b0-840c-d0fb315b8e47,54.58714,-127.24394,15.53153,6.09267,-8.8476,-9.53202,-1.83361,5.90325,-8.01319,,,,,,,,,,,,,,,,,,,,,,,,,,,,,,,,,,,,,,,,,,,,,,,,,,,High,High,High,,,,,
155,2025-10-25,12:59:55.01,4,1,"Willis, Tyson",1000469267,Right,GEO_PAT,"Clyne , Owen",1000230336,Left,GEO_PAT,Undefined,4,Top,2,0,0,Fastball,Changeup,BallCalled,Undefined,Undefined,Undefined,0,0,,82.36029,-0.852528,-3.677129,2151.196635,239.914457,2:00,5.77264,1.97782,6.43203,-32.6549,8.57611,12.11985,2.26616,-0.39652,74.1058,-7.01074,-1.483594,0.46215,,,,,,,,,,,,-7.47264,5.2552,-1.72032,50,5.69765,7.19939,-119.27152,-2.71535,-10.55136,27.1727,-24.75373,GEO_PAT,GEO_PAT,SpuhlerFieldMain,TeamExclusive,Team,20251025-SpuhlerFieldMain-Private-1,081e1160-b1c4-11f0-a778-c7ed5b55c38a,81.5588,,,8.2545,,,,,,,725e81a6-ec22-4817-99f1-2faee8aa9fef,2025-10-25,16:59:55.01,2025-10-25T12:59:55.0192128-04:00,2025-10-25T16:59:55.0192128Z,,v3,471300,471300,,"McCarthy, Jack",1000469298,,GEO_PAT,aaf50b89-7b62-4810-9994-8235b8305cc0,54.06509,-120.19407,13.58635,5.77557,-1.87493,-12.37686,-1.97083,7.55762,-5.27568,,,,,,,,,,,,,,,,,,,,,,,,,,,,,,,,,,,,,,,,,,,,,,,,,,,High,High,High,,,,,
156,2025-10-25,13:00:17.02,4,2,"Willis, Tyson",1000469267,Right,GEO_PAT,"Clyne , Owen",1000230336,Left,GEO_PAT,Undefined,4,Top,2,1,0,Slider,Slider,BallCalled,Undefined,Undefined,Undefined,0,0,,76.29334,1.416164,-2.289033,2272.446986,83.871499,8:45,5.71865,2.04191,5.71053,-49.91361,0.54217,-15.25717,2.87994,-1.36335,67.44499,-7.846804,-5.013423,0.511242,,,,,,,,,,,,6.66406,0.46579,-1.8412,50,5.80803,5.01455,-110.19434,1.14107,7.84327,27.37404,-31.62582,GEO_PAT,GEO_PAT,SpuhlerFieldMain,TeamExclusive,Team,20251025-SpuhlerFieldMain-Private-1,153e5bc0-b1c4-11f0-a778-c7ed5b55c38a,73.72714,,,8.84835,,,,,,,725e81a6-ec22-4817-99f1-2faee8aa9fef,2025-10-25,17:00:17.02,2025-10-25T13:00:17.0200000-04:00,2025-10-25T17:00:17.0200000Z,,v3,471300,471300,,"McCarthy, Jack",1000469298,,GEO_PAT,79b9f288-b82c-4bf9-be7c-d3ac0fb8f56b,54.78296,-111.37617,13.68702,5.72929,2.50646,-15.81291,-2.05039,4.67593,3.92163,,,,,,,,,,,,,,,,,,,,,,,,,,,,,77.34204,,0.691661,,-3.44464,2.16587,1.8005,-0.54638,5.97369,0.58157,,,,-0.48485,112.33599,-8.87386,5.99923,7.66967,-13.28888,0.569,1.6147,1.27627,High,High,High,,,High,High,Medium
157,2025-10-25,13:00:48.14,4,3,"Willis, Tyson",1000469267,Right,GEO_PAT,"Clyne , Owen",1000230336,Left,GEO_PAT,Undefined,4,Top,2,2,0,ChangeUp,Changeup,BallCalled,Undefined,Undefined,Undefined,0,0,,82.22988,-1.061768,-1.908627,1751.898944,265.606807,2:45,5.62364,2.10957,5.93955,-39.28085,2.76791,15.58225,1.36457,1.63679,74.21737,-8.342168,0.895326,0.466711,,,,,,,,,,,,-8.59386,2.26492,-1.96581,50,5.5172,3.35249,-119.19651,-3.48418,-12.1069,27.35164,-28.98328,GEO_PAT,GEO_PAT,SpuhlerFieldMain,TeamExclusive,Team,20251025-SpuhlerFieldMain-Private-1,27e104d0-b1c4-11f0-a778-c7ed5b55c38a,80.76185,,,8.01252,,,,,,,725e81a6-ec22-4817-99f1-2faee8aa9fef,2025-10-25,17:00:48.14,2025-10-25T13:00:48.1467904-04:00,2025-10-25T17:00:48.1467904Z,,v3,471300,471300,,"McCarthy, Jack",1000469298,,GEO_PAT,6aa822cb-46aa-4136-8a90-95bdfd77aafe,54.56019,-120.23837,13.67582,5.62889,-2.38017,-14.49164,-2.1023,3.81366,-6.05345,,,,,,,,,,,,,,,,,,,,,,,,,,,,,,,,,,,,,,,,,,,,,,,,,,,High,High,High,,,,,
158,2025-10-25,13:01:07.02,4,4,"Willis, Tyson",1000469267,Right,GEO_PAT,"Clyne , Owen",1000230336,Left,GEO_PAT,Undefined,4,Top,2,3,0,Fastball,Changeup,BallCalled,Walk,Undefined,Undefined,0,0,,85.54006,-0.181422,-2.424952,2042.505619,236.230585,1:45,6.02811,1.88815,5.72745,-26.28836,12.91548,17.09387,3.66828,1.05267,76.67172,-5.13237,0.631777,0.450646,,,,,,,,,,,,-9.37268,7.05016,-1.6957,50,5.99716,4.49827,-123.86594,-1.22894,-14.27366,29.303,-21.43735,GEO_PAT,GEO_PAT,SpuhlerFieldMain,TeamExclusive,Team,20251025-SpuhlerFieldMain-Private-1,33066990-b1c4-11f0-a778-c7ed5b55c38a,83.64087,,,8.86834,,,,,,,725e81a6-ec22-4817-99f1-2faee8aa9fef,2025-10-25,17:01:07.02,2025-10-25T13:01:07.0227456-04:00,2025-10-25T17:01:07.0227456Z,,v3,471300,471300,,"McCarthy, Jack",1000469298,,GEO_PAT,282b5627-8cd1-458a-929a-ba8223c93ed9,54.76927,-124.98911,14.6515,6.02851,-0.40725,-10.71867,-1.8786,5.04538,-7.13683,,,,,,,,,,,,,,,,,,,,,,,,,,,,,,,,,,,,,,,,,,,,,,,,,,,High,High,High,,,,,
159,2025-10-25,13:01:46.61,5,1,"Willis, Tyson",1000469267,Right,GEO_PAT,"Cowdrey, Vincent",1000469295,Right,GEO_PAT,Undefined,4,Top,2,0,0,Slider,Slider,BallCalled,Undefined,Undefined,Undefined,0,0,,77.10352,1.804448,-0.251531,2145.650803,120.514176,10:00,5.64659,1.97926,5.75493,-42.77242,5.33205,-6.04823,3.76261,1.24108,69.36571,-6.14561,-1.334197,0.499188,,,,,,,,,,,,2.96666,2.66469,-1.95476,50,5.77089,0.72398,-111.72103,2.19509,3.679,23.65928,-28.86955,GEO_PAT,GEO_PAT,SpuhlerFieldMain,TeamExclusive,Team,20251025-SpuhlerFieldMain-Private-1,4aa5eda0-b1c4-11f0-a778-c7ed5b55c38a,75.50749,,,7.73781,,,,,,,725e81a6-ec22-4817-99f1-2faee8aa9fef,2025-10-25,17:01:46.61,2025-10-25T13:01:46.6190000-04:00,2025-10-25T17:01:46.6190000Z,,v3,471300,471300,,"McCarthy, Jack",1000469298,,GEO_PAT,aae1b3d0-68d0-48c6-9bb3-c93175b8af85,54.74282,-112.72095,11.82964,5.65233,3.41521,-14.43477,-1.98207,0.5685,1.8395,,,,,,,,,,,,,,,,,,,,,,,,,,,,,68.51302,1.741143,0.75689,0.984253,-3.01669,3.25611,-1.13433,-1.90093,5.83183,2.11228,70.66317,7.78233,54.12159,-1.81888,81.45583,-7.92856,5.86205,15.21002,-13.46633,2.12668,55.10288,-2.31055,High,High,High,,,High,High,High
160,2025-10-25,13:02:13.05,5,2,"Willis, Tyson",1000469267,Right,GEO_PAT,"Cowdrey, Vincent",1000469295,Right,GEO_PAT,Undefined,4,Top,2,1,0,Fastball,Sinker,FoulBallNotFieldable,Undefined,Undefined,Undefined,0,0,,86.15221,-1.129001,-2.522282,2025.799775,220.715097,1:15,6.13301,1.91076,5.67801,-26.00879,12.47666,9.54756,2.91192,0.35343,77.84195,-5.995348,-0.816757,0.446498,72.14936,31.524257,120.958111,5319.818384,,,,,45.95695,,,-5.63874,7.09272,-1.70403,50,6.02162,5.09252,-124.81697,-3.30966,-8.77562,28.28177,-21.13558,GEO_PAT,GEO_PAT,SpuhlerFieldMain,TeamExclusive,Team,20251025-SpuhlerFieldMain-Private-1,5a777550-b1c4-11f0-a778-c7ed5b55c38a,84.41789,25.90716,,8.31026,,,,0.65716,2.75094,-0.27465,725e81a6-ec22-4817-99f1-2faee8aa9fef,2025-10-25,17:02:13.05,2025-10-25T13:02:13.0554368-04:00,2025-10-25T17:02:13.0554368Z,,v3,471300,471300,,"McCarthy, Jack",1000469298,,GEO_PAT,3e676f3b-3f1d-4b56-b598-9e9451d066f8,54.82136,-125.90468,14.14088,6.13328,-2.49678,-10.56779,-1.90637,5.43003,-4.38781,,0.65716,-46.40051,-3.2054,2.43139,-3.68205,12.46452,-25.06693,25.80192,-10.75164,2.75094,55.32853,-25.30942,3.04647,-1.45467,3.47543,-6.74628,6.85056,-2.82806,-0.27465,77.35237,-14.00975,2.66929,-1.91952,5.75223,-11.39906,11.60899,-4.79866,,,,,,,,,,,,,,,,,,,,,,,High,High,High,Medium,Undefined,,,
161,2025-10-25,13:02:35.40,5,3,"Willis, Tyson",1000469267,Right,GEO_PAT,"Cowdrey, Vincent",1000469295,Right,GEO_PAT,Undefined,4,Top,2,1,1,Slider,Slider,BallCalled,Undefined,Undefined,Undefined,0,0,,78.39736,-0.834165,-2.739034,2416.070615,80.090805,8:45,5.67147,1.99317,5.76469,-46.15723,0.09024,-8.49012,1.04769,-1.26565,71.64442,-9.28612,-4.258816,0.489458,,,,,,,,,,,,3.49681,0.71748,-1.76082,50,5.57419,5.75238,-113.6673,-3.12267,4.51546,23.36203,-31.24758,GEO_PAT,GEO_PAT,SpuhlerFieldMain,TeamExclusive,Team,20251025-SpuhlerFieldMain-Private-1,67d20990-b1c4-11f0-a778-c7ed5b55c38a,77.00852,,,6.75294,,,,,,,725e81a6-ec22-4817-99f1-2faee8aa9fef,2025-10-25,17:02:35.40,2025-10-25T13:02:35.4020000-04:00,2025-10-25T17:02:35.4020000Z,,v3,471300,471300,,"McCarthy, Jack",1000469298,,GEO_PAT,dd1dc9a6-c8db-4a5f-b95b-1638f875bb84,54.73788,-114.63694,11.68101,5.67689,-1.82574,-15.62379,-1.99568,5.56496,2.25773,,,,,,,,,,,,,,,,,,,,,,,,,,,,,76.64594,,,,,,,0.54121,5.64114,2.28835,,,,0.60942,111.26605,-11.21296,5.66074,6.22104,-12.62348,2.23325,1.87281,5.46382,High,High,High,,,High,High,Medium
162,2025-10-25,13:03:00.20,5,4,"Willis, Tyson",1000469267,Right,GEO_PAT,"Cowdrey, Vincent",1000469295,Right,GEO_PAT,Undefined,4,Top,2,2,1,Fastball,Four-Seam,FoulBallNotFieldable,Undefined,Undefined,Undefined,0,0,,86.28594,-2.954906,-3.180839,2099.738772,218.539397,1:15,6.17249,1.69852,5.83899,-18.61005,19.81438,14.61331,1.86851,-0.04321,77.58101,-6.516812,-0.56482,0.446144,79.98081,57.337048,58.696456,5530.574643,28.83906,112.81891,106.15208,183.10427,73.49007,78.944102,5.306871,-8.52422,11.51981,-1.44769,50,5.92039,6.32712,-124.79078,-6.96752,-13.19364,29.437,-14.34386,GEO_PAT,GEO_PAT,SpuhlerFieldMain,TeamExclusive,Team,20251025-SpuhlerFieldMain-Private-1,76983bc0-b1c4-11f0-a778-c7ed5b55c38a,84.48487,113.46046,,8.70493,,,,1.28957,2.39397,-0.15037,725e81a6-ec22-4817-99f1-2faee8aa9fef,2025-10-25,17:03:00.20,2025-10-25T13:03:00.2050560-04:00,2025-10-25T17:03:00.2050560Z,FlyBall,v3,471300,471300,,"McCarthy, Jack",1000469298,,GEO_PAT,2ecf0081-a1f0-4a15-ae10-35c1525b97fe,54.66066,-125.88538,14.7185,6.16956,-6.43415,-7.17193,-1.69208,6.81772,-6.59682,205.877456,1.2976,32.63143,-16.31271,3.3287,1.07423,-0.98907,0.29141,-0.03911,0.002,2.37169,99.16659,-28.48329,5.05294,-1.86078,0.53662,-0.08722,0.00662,-0.00016,-0.15793,54.21536,-9.00006,2.22151,-0.525,0.09088,-0.00753,-1E-05,3E-05,,,,,,,,,,,,,,,,,,,,,,,High,High,High,Medium,Low,,,
163,2025-10-25,13:03:25.41,5,5,"Willis, Tyson",1000469267,Right,GEO_PAT,"Cowdrey, Vincent",1000469295,Right,GEO_PAT,Undefined,4,Top,2,2,2,Slider,Curveball,FoulBallNotFieldable,Undefined,Undefined,Undefined,0,0,,77.36983,0.139097,-0.863565,2125.307167,113.882204,9:45,5.61567,1.78314,5.78049,-42.944,6.10843,-8.77182,2.16645,0.24856,68.02631,-7.900622,-2.43603,0.504083,72.39827,-7.709321,-63.661543,,,,,20.96174,18.98425,-54.682064,0.176637,4.1137,3.63567,-1.70643,50,5.60199,2.0212,-111.84666,-1.02868,4.9573,29.29524,-27.79279,GEO_PAT,GEO_PAT,SpuhlerFieldMain,TeamExclusive,Team,20251025-SpuhlerFieldMain-Private-1,858f1ae0-b1c4-11f0-a778-c7ed5b55c38a,74.77434,2.5235,,9.34352,,,,3.8476,2.5235,-0.39771,725e81a6-ec22-4817-99f1-2faee8aa9fef,2025-10-25,17:03:25.41,2025-10-25T13:03:25.4190592-04:00,2025-10-25T17:03:25.4190592Z,GroundBall,v3,471300,471300,,"McCarthy, Jack",1000469298,,GEO_PAT,342a540d-3e60-4dbf-9572-27f65edc9526,54.71536,-113.07497,14.64762,5.62069,0.13664,-13.89639,-1.78682,1.81335,2.47865,180,3.84368,46.82296,,,,,,,,2.52469,-14.28636,,,,,,,,-0.38979,-94.5792,,,,,,,,,,,,,,,,,,,,,,,,,,,,,,High,High,High,High,Medium,,,
164,2025-10-25,13:03:47.94,5,6,"Willis, Tyson",1000469267,Right,GEO_PAT,"Cowdrey, Vincent",1000469295,Right,GEO_PAT,Undefined,4,Top,2,2,2,Slider,Slider,BallCalled,Undefined,Undefined,Undefined,0,0,,78.22486,-1.450489,-1.704324,2194.365579,82.17118,8:45,5.63831,1.93891,5.92533,-45.9168,1.60177,-3.41484,0.46505,0.07234,69.47985,-9.970221,-2.318968,0.496139,,,,,,,,,,,,1.0589,1.96354,-1.80055,50,5.49673,3.49463,-113.12781,-4.27625,1.31255,28.9868,-29.74016,GEO_PAT,GEO_PAT,SpuhlerFieldMain,TeamExclusive,Team,20251025-SpuhlerFieldMain-Private-1,930f86a0-b1c4-11f0-a778-c7ed5b55c38a,75.97158,,,8.74501,,,,,,,725e81a6-ec22-4817-99f1-2faee8aa9fef,2025-10-25,17:03:47.94,2025-10-25T13:03:47.9468544-04:00,2025-10-25T17:03:47.9468544Z,,v3,471300,471300,,"McCarthy, Jack",1000469298,,GEO_PAT,3b960013-696f-409c-ae96-e21b1d9d181f,54.57198,-114.29328,14.4934,5.64463,-3.08048,-14.87008,-1.94,3.44186,0.65628,,,,,,,,,,,,,,,,,,,,,,,,,,,,,,,,,,,,,,,,,,,,,,,,,,,High,High,High,,,,,
165,2025-10-25,13:04:07.91,5,7,"Willis, Tyson",1000469267,Right,GEO_PAT,"Cowdrey, Vincent",1000469295,Right,GEO_PAT,Undefined,4,Top,2,3,2,Fastball,Changeup,StrikeCalled,Strikeout,Undefined,Undefined,0,0,,86.4023,-2.428108,-3.735769,2014.135428,218.444097,1:15,6.14624,1.7294,5.92955,-20.87726,17.79284,12.84213,2.14733,-0.67168,76.76475,-6.431477,-1.435113,0.447568,,,,,,,,,,,,-7.85201,10.41729,-1.43716,50,5.94005,7.59003,-124.74859,-5.8822,-12.00361,32.08236,-16.24884,GEO_PAT,GEO_PAT,SpuhlerFieldMain,TeamExclusive,Team,20251025-SpuhlerFieldMain-Private-1,9ed6f7c0-b1c4-11f0-a778-c7ed5b55c38a,84.21614,,,9.63755,,,,,,,725e81a6-ec22-4817-99f1-2faee8aa9fef,2025-10-25,17:04:07.91,2025-10-25T13:04:07.9150000-04:00,2025-10-25T17:04:07.9150000Z,,v3,471300,471300,,"McCarthy, Jack",1000469298,,GEO_PAT,aa28e146-9784-4a26-bb91-c211e7b5601f,54.56522,-125.91719,16.04118,6.14352,-5.29034,-8.12442,-1.72159,8.02726,-6.00181,,,,,,,,,,,,,,,,,,,,,,,,,,,,,43.9529,,,1.781055,,,,-5.78436,4.78387,2.69261,75.09338,2.78527,49.68907,-5.72529,49.89022,-2.56772,4.89517,26.82199,-15.81584,2.72108,28.76592,-1.36038,High,High,High,,,High,High,High
166,2025-10-25,13:06:59.71,1,1,"Wrehe, Thomas",1000101597,Right,GEO_PAT,"Tignor, Laken",1000091229,Right,GEO_PAT,Undefined,4,Bottom,0,0,0,ChangeUp,Changeup,InPlay,Undefined,Popup,Out,1,0,,82.80647,0.150129,-2.666849,1762.077018,257.30815,2:30,5.91164,2.29217,4.50079,-38.21289,5.93768,18.46942,2.87044,1.28844,73.82207,-6.810979,0.563142,0.478233,80.07806,62.743638,-26.975829,,80.84735,116.78342,-74.59021,151.63756,69.89226,-44.285845,5.677157,-9.95615,3.30095,-2.0314,50,5.8916,4.71438,-119.57305,-1.16908,-14.02262,28.89491,-27.52488,GEO_PAT,GEO_PAT,SpuhlerFieldMain,TeamExclusive,Team,20251025-SpuhlerFieldMain-Private-1,055a19f0-b1c5-11f0-a778-c7ed5b55c38a,78.81602,131.90096,,8.9844,,,,1.61998,3.45868,-1.72483,725e81a6-ec22-4817-99f1-2faee8aa9fef,2025-10-25,17:06:59.71,2025-10-25T13:06:59.7196288-04:00,2025-10-25T17:06:59.7196288Z,Popup,v3,471300,471300,,"Cowdrey, Vincent",1000469295,Right,GEO_PAT,511b136c-c17c-49f8-b9b9-25c4b0b2269f,55.99834,-121.01387,14.44745,5.91568,0.20343,-13.76244,-2.28391,5.41361,-7.01131,165.649945,1.62033,47.89022,-17.70371,5.20936,-0.78076,-0.04878,0.04551,-0.00741,0.0004,3.43721,104.78202,-27.39444,4.46619,-1.60776,0.48014,-0.08703,0.00806,-0.00029,-1.73077,-24.29918,1.33365,0.48325,-0.40454,0.13778,-0.02509,0.00232,-9E-05,,,,,,,,,,,,,,,,,,,,,,,High,High,High,High,Low,,,
167,2025-10-25,13:07:38.96,2,1,"Wrehe, Thomas",1000101597,Right,GEO_PAT,"McCarthy, Jack",1000469298,Right,GEO_PAT,Undefined,4,Bottom,1,0,0,Sinker,Changeup,InPlay,Undefined,FlyBall,Out,1,0,,84.98999,-1.017286,-3.786928,1770.397203,269.748687,3:00,5.95875,2.04699,4.56121,-40.15246,1.80295,20.6904,1.64228,0.16169,75.84131,-8.290941,-0.165457,0.466193,92.3921,35.228033,12.999734,5233.894085,105.13958,69.00078,32.33535,299.19978,296.95476,25.342337,4.830555,-11.49127,1.68784,-1.67426,50,5.81559,7.14087,-122.59907,-3.79629,-16.99062,30.68031,-29.67847,GEO_PAT,GEO_PAT,SpuhlerFieldMain,TeamExclusive,Team,20251025-SpuhlerFieldMain-Private-1,1cb82830-b1c5-11f0-a778-c7ed5b55c38a,80.85165,86.10888,,9.14868,,,,2.08801,1.82591,-0.1535,725e81a6-ec22-4817-99f1-2faee8aa9fef,2025-10-25,17:07:38.96,2025-10-25T13:07:38.9684224-04:00,2025-10-25T17:07:38.9684224Z,FlyBall,v3,471300,471300,,"Cowdrey, Vincent",1000469295,Right,GEO_PAT,e7a3791e-b1f1-4755-8f79-4b463bc9f69f,55.93892,-124.07638,15.34016,5.96398,-2.36722,-14.83924,-2.03781,7.959,-8.49531,209.840827,2.08713,107.87398,-26.13311,6.99792,-1.74607,0.40865,-0.07518,0.00854,-0.00042,1.82861,78.10672,-20.4807,1.02641,0.24631,-0.17893,0.04604,-0.00558,0.00026,-0.15369,24.90467,2.12376,-0.99921,0.28834,-0.05764,0.00749,-0.00059,2E-05,,,,,,,,,,,,,,,,,,,,,,,High,High,High,High,Medium,,,
168,2025-10-25,13:08:19.57,3,1,"Wrehe, Thomas",1000101597,Right,GEO_PAT,"Terilli, Lucas",1000469290,Left,GEO_PAT,Undefined,4,Bottom,2,0,0,Sinker,Changeup,BallCalled,Undefined,Undefined,Undefined,0,0,,84.23816,-1.87472,-4.550389,1792.392909,271.885441,3:00,5.94346,1.90483,4.43655,-41.91479,1.00004,22.18048,0.65591,-0.59673,75.47006,-9.417105,-0.679159,0.471493,,,,,,,,,,,,-12.42087,1.59445,-1.44493,50,5.70344,8.61647,-121.37089,-5.68573,-18.0457,29.51273,-29.85753,GEO_PAT,GEO_PAT,SpuhlerFieldMain,TeamExclusive,Team,20251025-SpuhlerFieldMain-Private-1,34f5e810-b1c5-11f0-a778-c7ed5b55c38a,79.94278,,,8.7681,,,,,,,725e81a6-ec22-4817-99f1-2faee8aa9fef,2025-10-25,17:08:19.57,2025-10-25T13:08:19.5757568-04:00,2025-10-25T17:08:19.5757568Z,,v3,471300,471300,,"Cowdrey, Vincent",1000469295,Right,GEO_PAT,aa09da4c-a789-4868-80cc-64ea631aff78,56.06436,-122.83666,14.75636,5.949,-4.20283,-14.92876,-1.89513,9.51272,-9.02285,,,,,,,,,,,,,,,,,,,,,,,,,,,,,,,,,,,,,,,,,,,,,,,,,,,High,High,High,,,,,
169,2025-10-25,13:08:40.55,3,2,"Wrehe, Thomas",1000101597,Right,GEO_PAT,"Terilli, Lucas",1000469290,Left,GEO_PAT,Undefined,4,Bottom,2,1,0,Sinker,Changeup,BallCalled,Undefined,Undefined,Undefined,0,0,,83.37872,1.794828,-2.422261,1872.745895,285.566791,3:30,5.89332,2.09117,4.43174,-48.39034,-4.28599,22.17702,3.57519,1.62699,73.5869,-6.962577,1.45196,0.477983,,,,,,,,,,,,-11.53654,-2.14728,-1.85716,50,6.03723,4.0045,-120.21769,1.76451,-16.26653,31.22524,-35.20175,GEO_PAT,GEO_PAT,SpuhlerFieldMain,TeamExclusive,Team,20251025-SpuhlerFieldMain-Private-1,415ca670-b1c5-11f0-a778-c7ed5b55c38a,78.85735,,,9.79182,,,,,,,725e81a6-ec22-4817-99f1-2faee8aa9fef,2025-10-25,17:08:40.55,2025-10-25T13:08:40.5532160-04:00,2025-10-25T17:08:40.5532160Z,,v3,471300,471300,,"Cowdrey, Vincent",1000469295,Right,GEO_PAT,37e42ea3-3996-466a-adaf-a47c1e35e1d3,56.06543,-121.78293,15.61262,5.90455,3.52909,-17.60087,-2.07833,4.8199,-8.13326,,,,,,,,,,,,,,,,,,,,,,,,,,,,,,,,,,,,,,,,,,,,,,,,,,,High,High,High,,,,,
170,2025-10-25,13:09:00.98,3,3,"Wrehe, Thomas",1000101597,Right,GEO_PAT,"Terilli, Lucas",1000469290,Left,GEO_PAT,Undefined,4,Bottom,2,2,0,ChangeUp,Changeup,BallCalled,Undefined,Undefined,Undefined,0,0,,80.72472,-0.050902,-3.120268,1689.46628,268.801645,3:00,5.75612,2.05665,4.56294,-44.68837,2.73567,23.95682,1.98358,1.08046,70.59029,-8.216169,1.07638,0.495645,,,,,,,,,,,,-12.82414,2.02646,-1.75634,50,5.71021,5.21172,-116.19902,-1.81409,-16.68119,31.60809,-29.5381,GEO_PAT,GEO_PAT,SpuhlerFieldMain,TeamExclusive,Team,20251025-SpuhlerFieldMain-Private-1,4d8bb300-b1c5-11f0-a778-c7ed5b55c38a,76.04729,,,10.13442,,,,,,,725e81a6-ec22-4817-99f1-2faee8aa9fef,2025-10-25,17:09:00.98,2025-10-25T13:09:00.9874432-04:00,2025-10-25T17:09:00.9874432Z,,v3,471300,471300,,"Cowdrey, Vincent",1000469295,Right,GEO_PAT,43490a89-4844-4709-bf5e-202550aed509,55.9308,-117.80125,15.80404,5.76421,-0.31679,-14.76905,-2.04196,6.0573,-8.34059,,,,,,,,,,,,,,,,,,,,,,,,,,,,,,,,,,,,,,,,,,,,,,,,,,,High,High,High,,,,,
171,2025-10-25,13:09:20.97,3,4,"Wrehe, Thomas",1000101597,Right,GEO_PAT,"Terilli, Lucas",1000469290,Left,GEO_PAT,Undefined,4,Bottom,2,3,0,Sinker,Changeup,BallCalled,Walk,Undefined,Undefined,0,0,,84.58715,-1.588452,-4.970568,1796.565089,269.619634,3:00,5.84697,2.03166,4.46489,-40.97817,2.01209,20.84399,0.91152,-0.98241,74.9382,-9.003346,-1.335933,0.471907,,,,,,,,,,,,-11.92808,2.14217,-1.52748,50,5.63987,9.56471,-121.62638,-5.05274,-17.23933,31.66122,-29.07805,GEO_PAT,GEO_PAT,SpuhlerFieldMain,TeamExclusive,Team,20251025-SpuhlerFieldMain-Private-1,5973a470-b1c5-11f0-a778-c7ed5b55c38a,79.87258,,,9.64894,,,,,,,725e81a6-ec22-4817-99f1-2faee8aa9fef,2025-10-25,17:09:20.97,2025-10-25T13:09:20.9773056-04:00,2025-10-25T17:09:20.9773056Z,,v3,471300,471300,,"Cowdrey, Vincent",1000469295,Right,GEO_PAT,8fd4d5b9-2e69-4e7e-9141-7d1a376d48fc,56.03178,-123.18654,15.83061,5.85354,-3.61987,-14.53903,-2.01972,10.4142,-8.61967,,,,,,,,,,,,,,,,,,,,,,,,,,,,,,,,,,,,,,,,,,,,,,,,,,,High,High,High,,,,,
172,2025-10-25,13:09:54.11,4,1,"Wrehe, Thomas",1000101597,Right,GEO_PAT,"Hueber, Toby",1000091691,Right,GEO_PAT,Undefined,4,Bottom,2,0,0,Sinker,Changeup,StrikeSwinging,Undefined,Undefined,Undefined,0,0,,83.73011,-1.100705,-4.954694,1726.265467,275.931339,3:15,5.92824,1.74885,4.30885,-44.07337,-0.48516,21.39355,1.19893,-1.21771,75.0437,-9.009317,-1.234217,0.475178,,,,,,,,,,,,-12.00296,0.6574,-1.23461,50,5.76428,9.42503,-120.59305,-4.15232,-17.25922,28.59965,-31.22877,GEO_PAT,GEO_PAT,SpuhlerFieldMain,TeamExclusive,Team,20251025-SpuhlerFieldMain-Private-1,6d30be30-b1c5-11f0-a778-c7ed5b55c38a,79.32283,,,8.68641,,,,,,,725e81a6-ec22-4817-99f1-2faee8aa9fef,2025-10-25,17:09:54.11,2025-10-25T13:09:54.1120000-04:00,2025-10-25T17:09:54.1120000Z,,v3,471300,471300,,"Cowdrey, Vincent",1000469295,Right,GEO_PAT,2565ddb0-43eb-4f7e-a571-436c7699a397,56.19107,-122.05248,14.29982,5.93552,-2.55872,-15.61438,-1.73804,10.30576,-8.62961,,,,,,,,,,,,,,,,,,,,,,,,,,,,,74.64466,2.222594,0.860314,1.36228,-0.15635,0.94594,1.25011,0.74363,6.06133,2.5784,127.28023,-0.09129,-0.82419,0.93059,106.73724,-10.43932,6.08996,11.57455,-11.8602,2.56197,-3.49552,0.75607,High,High,High,,,High,High,Medium
173,2025-10-25,13:11:10.66,4,2,"Wrehe, Thomas",1000101597,Right,GEO_PAT,"Hueber, Toby",1000091691,Right,GEO_PAT,Undefined,4,Bottom,2,0,1,Sinker,Changeup,BallCalled,Undefined,Undefined,Undefined,0,0,,84.98474,-0.552904,-1.734734,1874.044761,273.348768,3:00,5.95631,2.1163,4.60533,-41.35321,0.66161,18.90851,1.98415,2.04178,75.47145,-8.062073,1.584596,0.466523,,,,,,,,,,,,-9.78115,1.08535,-1.95593,50,5.86183,2.79918,-122.68796,-2.86428,-14.3998,31.98253,-30.57618,GEO_PAT,GEO_PAT,SpuhlerFieldMain,TeamExclusive,Team,20251025-SpuhlerFieldMain-Private-1,9ad37b70-b1c5-11f0-a778-c7ed5b55c38a,80.79445,,,9.51329,,,,,,,725e81a6-ec22-4817-99f1-2faee8aa9fef,2025-10-25,17:11:10.66,2025-10-25T13:11:10.6688512-04:00,2025-10-25T17:11:10.6688512Z,,v3,471300,471300,,"Cowdrey, Vincent",1000469295,Right,GEO_PAT,f162ab09-4fa4-40fa-a945-83953b22d108,55.89105,-124.21415,15.99127,5.9637,-1.40519,-15.28809,-2.1059,3.48634,-7.1999,,,,,,,,,,,,,,,,,,,,,,,,,,,,,,,,,,,,,,,,,,,,,,,,,,,High,High,High,,,,,
174,2025-10-25,13:11:32.83,4,3,"Wrehe, Thomas",1000101597,Right,GEO_PAT,"Hueber, Toby",1000091691,Right,GEO_PAT,Undefined,4,Bottom,2,1,1,Slider,Curveball,StrikeCalled,Undefined,Undefined,Undefined,0,0,,76.46493,0.111267,-1.357788,2067.898206,33.296235,7:00,6.03879,2.10384,4.22345,-54.15404,-1.78571,-2.5589,1.63254,0.59006,68.5283,-9.599331,-1.804015,0.520842,,,,,,,,,,,,0.73177,-0.27063,-1.95198,50,5.99526,2.73042,-110.39784,-1.86225,0.87698,24.94754,-32.49839,GEO_PAT,GEO_PAT,SpuhlerFieldMain,TeamExclusive,Team,20251025-SpuhlerFieldMain-Private-1,a8124a50-b1c5-11f0-a778-c7ed5b55c38a,72.36832,,,7.93663,,,,,,,725e81a6-ec22-4817-99f1-2faee8aa9fef,2025-10-25,17:11:32.83,2025-10-25T13:11:32.8304640-04:00,2025-10-25T17:11:32.8304640Z,,v3,471300,471300,,"Cowdrey, Vincent",1000469295,Right,GEO_PAT,9a0f2ce2-1c98-4d2d-83b5-7610bb1d0b15,56.27392,-111.80662,12.47377,6.04861,-0.02707,-16.24919,-2.10477,2.6809,0.43849,,,,,,,,,,,,,,,,,,,,,,,,,,,,,,,,,,,,,,,,,,,,,,,,,,,High,High,High,,,,,
175,2025-10-25,13:12:17.63,4,4,"Wrehe, Thomas",1000101597,Right,GEO_PAT,"Hueber, Toby",1000091691,Right,GEO_PAT,Undefined,4,Bottom,2,1,2,Slider,Curveball,InPlay,Undefined,GroundBall,Single,0,1,,78.60998,1.463482,-1.354673,2264.293747,42.880765,7:30,6.09584,2.08221,4.13999,-51.31412,-2.68925,-4.00311,3.22401,0.4491,71.65672,-7.691524,-2.050522,0.501881,93.86783,3.989971,-12.086999,1131.171512,,,,84.52904,81.61393,-11.831729,0.664748,1.53551,-1.34595,-1.92695,50,6.20357,2.86903,-113.80258,0.87242,1.9999,22.22095,-33.92708,GEO_PAT,GEO_PAT,SpuhlerFieldMain,TeamExclusive,Team,20251025-SpuhlerFieldMain-Private-1,c2dbe530-b1c5-11f0-a778-c7ed5b55c38a,75.10237,4.3318,,6.95326,,,,1.89766,3.36038,-0.52508,725e81a6-ec22-4817-99f1-2faee8aa9fef,2025-10-25,17:12:17.63,2025-10-25T13:12:17.6369664-04:00,2025-10-25T17:12:17.6369664Z,GroundBall,v3,471300,471300,,"Cowdrey, Vincent",1000469295,Right,GEO_PAT,4f7acfb2-6a4e-4ade-be56-994a1f4d99e8,56.36299,-115.0383,11.11048,6.1026,2.75913,-16.96354,-2.08341,2.75781,0.99995,348.461902,1.93715,133.4875,-18.04959,,,,,,,3.40296,8.70794,-20.88897,,,,,,,-0.538,-28.49369,4.88647,,,,,,,,,,,,,,,,,,,,,,,,,,,,,High,High,High,High,High,,,
176,2025-10-25,13:13:08.44,5,1,"Wrehe, Thomas",1000101597,Right,GEO_PAT,"Westley, Matthew",824016,Right,GEO_PAT,Undefined,4,Bottom,2,0,0,Sinker,Changeup,BallCalled,Undefined,Undefined,Undefined,0,0,,82.89077,-1.482724,-5.229156,1822.446254,289.839035,3:45,6.15548,1.67475,4.24907,-49.67011,-4.9552,18.70446,0.59077,-1.78588,74.39971,-10.335249,-1.979007,0.48128,,,,,,,,,,,,-10.82316,-1.32354,-1.12252,50,5.94154,10.02242,-119.28437,-5.1781,-15.19331,28.44083,-34.032,GEO_PAT,GEO_PAT,SpuhlerFieldMain,TeamExclusive,Team,20251025-SpuhlerFieldMain-Private-1,e109b9b0-b1c5-11f0-a778-c7ed5b55c38a,78.31709,,,8.49106,,,,,,,725e81a6-ec22-4817-99f1-2faee8aa9fef,2025-10-25,17:13:08.44,2025-10-25T13:13:08.4435456-04:00,2025-10-25T17:13:08.4435456Z,,v3,471300,471300,,"Cowdrey, Vincent",1000469295,Right,GEO_PAT,83722446-a393-4284-8c5b-4bc8f426d509,56.25105,-120.76561,14.22041,6.16507,-3.40567,-17.016,-1.6651,10.8137,-7.59666,,,,,,,,,,,,,,,,,,,,,,,,,,,,,,,,,,,,,,,,,,,,,,,,,,,High,High,High,,,,,
177,2025-10-25,13:13:32.58,5,2,"Wrehe, Thomas",1000101597,Right,GEO_PAT,"Westley, Matthew",824016,Right,GEO_PAT,Undefined,4,Bottom,2,1,0,Sinker,Changeup,BallCalled,Undefined,Undefined,Undefined,0,0,,82.8449,-1.064626,-6.10292,1733.814235,282.141746,3:30,5.85733,2.13868,4.45981,-47.02314,-2.61508,20.35485,0.91768,-2.00651,74.32899,-9.495934,-2.563957,0.479626,,,,,,,,,,,,-11.93323,-0.36488,-1.51291,50,5.69891,11.78126,-119.13854,-4.13644,-16.75821,27.7818,-32.68649,GEO_PAT,GEO_PAT,SpuhlerFieldMain,TeamExclusive,Team,20251025-SpuhlerFieldMain-Private-1,ef6a7350-b1c5-11f0-a778-c7ed5b55c38a,78.58721,,,8.5159,,,,,,,725e81a6-ec22-4817-99f1-2faee8aa9fef,2025-10-25,17:13:32.58,2025-10-25T13:13:32.5895680-04:00,2025-10-25T17:13:32.5895680Z,,v3,471300,471300,,"Cowdrey, Vincent",1000469295,Right,GEO_PAT,0acfc11b-d900-448f-8d3c-de7f1f36eefb,56.04043,-120.53887,13.8909,5.86588,-2.48889,-16.34325,-2.12803,12.62595,-8.37911,,,,,,,,,,,,,,,,,,,,,,,,,,,,,,,,,,,,,,,,,,,,,,,,,,,High,High,High,,,,,
178,2025-10-25,13:14:42.38,5,3,"Wrehe, Thomas",1000101597,Right,GEO_PAT,"Westley, Matthew",824016,Right,GEO_PAT,Undefined,4,Bottom,2,2,0,Sinker,Changeup,BallCalled,Undefined,Undefined,Undefined,0,0,,82.5619,-1.193026,-4.909132,1760.220224,275.484824,3:15,5.91982,2.10413,4.44623,-44.44164,-0.22949,19.4554,1.07413,-0.96824,74.69211,-9.162634,-1.517204,0.478566,,,,,,,,,,,,-11.08107,0.69197,-1.6038,50,5.74983,9.33965,-119.08824,-4.26621,-15.66886,26.14649,-31.19557,GEO_PAT,GEO_PAT,SpuhlerFieldMain,TeamExclusive,Team,20251025-SpuhlerFieldMain-Private-1,191edf60-b1c6-11f0-a778-c7ed5b55c38a,78.76114,,,7.86979,,,,,,,725e81a6-ec22-4817-99f1-2faee8aa9fef,2025-10-25,17:14:42.38,2025-10-25T13:14:42.3830000-04:00,2025-10-25T17:14:42.3830000Z,,v3,471300,471300,,"Cowdrey, Vincent",1000469295,Right,GEO_PAT,3b0f86f6-3b6e-425f-aef8-71f6d39e835d,56.05617,-120.41056,13.07325,5.92569,-2.68853,-15.59779,-2.09618,10.13208,-7.83443,,,,,,,,,,,,,,,,,,,,,,,,,,,,,73.03205,,,,,,,-0.08476,5.92052,4.36883,,,,-0.04651,85.59141,-11.68619,5.9322,2.43952,-13.02648,4.37017,63.39766,-2.68111,High,High,High,,,High,High,High
179,2025-10-25,13:15:12.22,5,4,"Wrehe, Thomas",1000101597,Right,GEO_PAT,"Westley, Matthew",824016,Right,GEO_PAT,Undefined,4,Bottom,2,3,0,Sinker,Changeup,StrikeCalled,Undefined,Undefined,Undefined,0,0,,82.94919,0.539151,-4.252886,1802.651132,284.935797,3:30,5.80547,1.94718,4.56026,-47.38054,-3.59083,19.80769,2.37168,-0.45743,74.40837,-8.000827,-0.790521,0.476275,,,,,,,,,,,,-11.05894,-1.43154,-1.52465,50,5.81721,7.97856,-119.70513,-0.78285,-15.70102,27.74496,-34.20647,GEO_PAT,GEO_PAT,SpuhlerFieldMain,TeamExclusive,Team,20251025-SpuhlerFieldMain-Private-1,2ace75e0-b1c6-11f0-a778-c7ed5b55c38a,79.14015,,,8.54082,,,,,,,725e81a6-ec22-4817-99f1-2faee8aa9fef,2025-10-25,17:15:12.22,2025-10-25T13:15:12.2255360-04:00,2025-10-25T17:15:12.2255360Z,,v3,471300,471300,,"Cowdrey, Vincent",1000469295,Right,GEO_PAT,73ef8964-72d4-499a-9639-6742d4571e28,55.94061,-121.0742,13.87248,5.81419,0.90506,-17.10324,-1.93746,8.75332,-7.85051,,,,,,,,,,,,,,,,,,,,,,,,,,,,,,,,,,,,,,,,,,,,,,,,,,,High,High,High,,,,,
180,2025-10-25,13:15:36.72,5,5,"Wrehe, Thomas",1000101597,Right,GEO_PAT,"Westley, Matthew",824016,Right,GEO_PAT,Undefined,4,Bottom,2,3,1,Sinker,Changeup,InPlay,Undefined,LineDrive,Out,1,0,,84.4488,-1.015253,-3.782934,1750.274588,277.020951,3:15,5.94351,2.23278,4.22241,-43.82935,-1.11543,22.3856,1.31656,0.47015,75.98529,-8.861997,0.113187,0.470388,106.38334,-8.251148,6.483883,,,,,11.07486,11.07486,3.096973,0.063192,-12.08997,0.23661,-1.84229,50,5.78633,6.9803,-121.87415,-4.01018,-17.80623,28.59121,-31.82558,GEO_PAT,GEO_PAT,SpuhlerFieldMain,TeamExclusive,Team,20251025-SpuhlerFieldMain-Private-1,39825890-b1c6-11f0-a778-c7ed5b55c38a,80.13056,1.416,,8.46352,,,,1.35651,1.416,-0.50433,725e81a6-ec22-4817-99f1-2faee8aa9fef,2025-10-25,17:15:36.72,2025-10-25T13:15:36.7243264-04:00,2025-10-25T17:15:36.7243264Z,GroundBall,v3,471300,471300,,"Cowdrey, Vincent",1000469295,Right,GEO_PAT,fa8044df-510f-4267-abdb-a7fc1c3091f1,56.27932,-123.33846,14.2956,5.94997,-2.38023,-15.91279,-2.22315,7.89225,-8.90311,180,1.3554,153.53436,,,,,,,,1.41616,-22.40789,,,,,,,,-0.50445,17.44928,,,,,,,,,,,,,,,,,,,,,,,,,,,,,,High,High,High,Medium,High,,,
181,2025-10-25,13:18:18.36,1,1,"Willis, Tyson",1000469267,Right,GEO_PAT,"Butler, Jake",1000136500,Right,GEO_PAT,Undefined,5,Top,0,0,0,Fastball,Changeup,BallCalled,Undefined,Undefined,Undefined,0,0,,84.87381,-4.274078,-3.614955,1953.177277,231.879483,1:45,6.03056,1.57561,5.9054,-23.71529,16.06721,18.51245,0.07136,-0.24191,76.50724,-8.734195,-0.295024,0.45396,,,,,,,,,,,,-10.79902,10.11973,-1.2958,50,5.67248,7.01243,-122.56251,-9.87935,-16.09739,28.74674,-17.08927,GEO_PAT,GEO_PAT,SpuhlerFieldMain,TeamExclusive,Team,20251025-SpuhlerFieldMain-Private-1,99d6d680-b1c6-11f0-a778-c7ed5b55c38a,83.03031,,,8.36657,,,,,,,725e81a6-ec22-4817-99f1-2faee8aa9fef,2025-10-25,17:18:18.36,2025-10-25T13:18:18.3614464-04:00,2025-10-25T17:18:18.3614464Z,,v3,471300,471300,,"McCarthy, Jack",1000469298,,GEO_PAT,b595b27c-7bd2-4b1f-b54c-fdb0db39939a,54.59632,-123.63586,14.37337,6.02944,-9.24126,-8.54464,-1.56886,7.61347,-8.04869,,,,,,,,,,,,,,,,,,,,,,,,,,,,,,,,,,,,,,,,,,,,,,,,,,,High,High,High,,,,,
182,2025-10-25,13:18:36.93,1,2,"Willis, Tyson",1000469267,Right,GEO_PAT,"Butler, Jake",1000136500,Right,GEO_PAT,Undefined,5,Top,0,1,0,Fastball,Changeup,FoulBallNotFieldable,Undefined,Undefined,Undefined,0,0,,84.2122,-2.019074,-2.911848,2012.118514,224.10398,1:30,6.13121,1.59219,5.78504,-24.20238,16.21678,14.21603,2.23259,0.06534,75.66197,-6.591995,-0.367915,0.457578,99.99242,-17.703641,-70.43169,,,,,8.92888,8.2501,-49.890371,0.053497,-8.28808,9.39658,-1.36081,50,5.95024,5.62771,-121.88863,-5.02673,-12.20945,28.6014,-18.33157,GEO_PAT,GEO_PAT,SpuhlerFieldMain,TeamExclusive,Team,20251025-SpuhlerFieldMain-Private-1,a4e97690-b1c6-11f0-a778-c7ed5b55c38a,82.37382,2.38962,,8.55023,,,,3.24515,2.38962,0.22473,725e81a6-ec22-4817-99f1-2faee8aa9fef,2025-10-25,17:18:36.93,2025-10-25T13:18:36.9383936-04:00,2025-10-25T17:18:36.9383936Z,GroundBall,v3,471300,471300,,"McCarthy, Jack",1000469298,,GEO_PAT,e3378506-a3f1-4009-9bb1-9ca4dbb5db47,54.71541,-122.99014,14.3007,6.13023,-4.32074,-9.16579,-1.58659,6.09792,-6.10472,180,3.24451,46.86763,,,,,,,,2.39023,-44.66792,,,,,,,,0.22653,-131.85031,,,,,,,,,,,,,,,,,,,,,,,,,,,,,,High,High,High,Low,Low,,,
183,2025-10-25,13:19:01.50,1,3,"Willis, Tyson",1000469267,Right,GEO_PAT,"Butler, Jake",1000136500,Right,GEO_PAT,Undefined,5,Top,0,1,1,Sinker,Changeup,BallCalled,Undefined,Undefined,Undefined,0,0,,84.00659,-0.952391,-1.709649,2149.425641,259.957922,2:45,5.793,1.79198,6.27259,-34.33907,5.65811,23.12852,2.05294,2.14277,75.28376,-7.398445,2.4765,0.455183,,,,,,,,,,,,-12.24635,3.84847,-1.67381,50,5.70714,2.65921,-121.74769,-3.10056,-17.90419,29.67973,-26.54756,GEO_PAT,GEO_PAT,SpuhlerFieldMain,TeamExclusive,Team,20251025-SpuhlerFieldMain-Private-1,b37a8f00-b1c6-11f0-a778-c7ed5b55c38a,82.80721,,,8.72283,,,,,,,725e81a6-ec22-4817-99f1-2faee8aa9fef,2025-10-25,17:19:01.50,2025-10-25T13:19:01.5092736-04:00,2025-10-25T17:19:01.5092736Z,,v3,471300,471300,,"McCarthy, Jack",1000469298,,GEO_PAT,10ad472d-1f94-4f12-876d-d4b348c53c4b,54.22271,-122.77279,14.83986,5.7984,-2.18365,-13.27378,-1.77634,3.2776,-8.95209,,,,,,,,,,,,,,,,,,,,,,,,,,,,,,,,,,,,,,,,,,,,,,,,,,,High,High,High,,,,,
184,2025-10-25,13:19:26.94,1,4,"Willis, Tyson",1000469267,Right,GEO_PAT,"Butler, Jake",1000136500,Right,GEO_PAT,Undefined,5,Top,0,2,1,Slider,Curveball,HitByPitch,Undefined,Undefined,Undefined,0,0,,76.67428,2.462411,1.468689,2203.109156,91.744948,9:00,5.65878,1.79593,5.70882,-47.43861,2.52673,-10.56099,4.00204,2.28457,67.34643,-6.395685,-0.41941,0.508752,,,,,,,,,,,,6.00154,0.80732,-1.91214,50,5.83629,-2.4398,-110.77667,3.30344,7.12575,27.9737,-31.21549,GEO_PAT,GEO_PAT,SpuhlerFieldMain,TeamExclusive,Team,20251025-SpuhlerFieldMain-Private-1,c2c02a60-b1c6-11f0-a778-c7ed5b55c38a,74.08809,,,9.32786,,,,,,,725e81a6-ec22-4817-99f1-2faee8aa9fef,2025-10-25,17:19:26.94,2025-10-25T13:19:26.9414400-04:00,2025-10-25T17:19:26.9414400Z,,v3,471300,471300,,"McCarthy, Jack",1000469298,,GEO_PAT,6a57b493-f25c-4935-9623-e9cd3f5ef06d,54.78904,-111.97949,13.98685,5.66539,4.64564,-15.60774,-1.80064,-2.7462,3.56288,,,,,,,,,,,,,,,,,,,,,,,,,,,,,,,,,,,,,,,,,,,,,,,,,,,High,High,High,,,,,
185,2025-10-25,13:20:05.28,2,1,"Willis, Tyson",1000469267,Right,GEO_PAT,"Alberti, Lucas",1000145512,Right,GEO_PAT,Undefined,5,Top,0,0,0,Fastball,Changeup,StrikeCalled,Undefined,Undefined,Undefined,0,0,,85.04399,-1.391851,-2.649144,1963.34904,227.988461,1:30,6.03526,1.64575,5.68902,-23.97686,15.86812,15.89249,2.73824,0.49915,76.13297,-5.927178,0.19047,0.454316,,,,,,,,,,,,-8.87489,8.95599,-1.43239,50,5.90341,5.00427,-123.05111,-3.72469,-13.30765,29.43051,-18.74476,GEO_PAT,GEO_PAT,SpuhlerFieldMain,TeamExclusive,Team,20251025-SpuhlerFieldMain-Private-1,d979bb40-b1c6-11f0-a778-c7ed5b55c38a,82.96521,,,8.91102,,,,,,,725e81a6-ec22-4817-99f1-2faee8aa9fef,2025-10-25,17:20:05.28,2025-10-25T13:20:05.2870000-04:00,2025-10-25T17:20:05.2870000Z,,v3,471300,471300,,"McCarthy, Jack",1000469298,,GEO_PAT,820e6b70-d0ca-489d-9fe9-ad99a8f67613,54.8075,-124.19561,14.71525,6.03408,-2.99574,-9.37238,-1.63706,5.52178,-6.65382,,,,,,,,,,,,,,,,,,,,,,,,,,,,,76.15477,,0.737946,,-1.50632,2.42721,-0.51284,-0.46301,5.86034,1.38692,,,,-0.34788,109.91585,-10.03603,5.89041,9.11532,-12.47621,1.34148,-1.335,2.78278,High,High,High,,,High,Medium,Medium
186,2025-10-25,13:20:35.80,2,2,"Willis, Tyson",1000469267,Right,GEO_PAT,"Alberti, Lucas",1000145512,Right,GEO_PAT,Undefined,5,Top,0,0,1,Fastball,Changeup,FoulBallNotFieldable,Undefined,Undefined,Undefined,0,0,,85.53111,-0.97753,-3.454684,2006.434803,227.467196,1:30,5.96512,1.66066,5.79599,-24.66741,14.30414,14.03997,2.99845,-0.38683,77.09456,-5.624692,-0.944492,0.449309,88.32345,44.735674,44.511447,5537.370385,63.75582,95.56485,89.63924,249.45071,115.39159,63.626708,5.306549,-8.2589,8.01367,-1.3846,50,5.87002,6.89178,-123.83929,-2.88066,-12.63541,28.15704,-19.91384,GEO_PAT,GEO_PAT,SpuhlerFieldMain,TeamExclusive,Team,20251025-SpuhlerFieldMain-Private-1,ebc829d0-b1c6-11f0-a778-c7ed5b55c38a,83.88978,104.84675,,8.43654,,,,0.47627,3.2191,0.43524,725e81a6-ec22-4817-99f1-2faee8aa9fef,2025-10-25,17:20:35.80,2025-10-25T13:20:35.8051328-04:00,2025-10-25T17:20:35.8051328Z,FlyBall,v3,471300,471300,,"McCarthy, Jack",1000469298,,GEO_PAT,eabeaeb5-9a79-4dde-aa58-3af9b598ea21,54.70373,-124.90418,14.07852,5.96473,-2.12752,-9.95692,-1.65428,7.36965,-6.3177,212.296789,0.50503,65.02777,-23.59224,4.28595,1.14487,-0.98722,0.26639,-0.03282,0.00155,3.20643,91.38641,-24.92038,2.70729,-0.44475,-0.00431,0.03272,-0.00713,0.00047,0.43474,64.50234,-7.77141,0.589,0.38125,-0.23416,0.06324,-0.00834,0.00043,,,,,,,,,,,,,,,,,,,,,,,High,High,High,High,Low,,,
187,2025-10-25,13:21:24.27,2,3,"Willis, Tyson",1000469267,Right,GEO_PAT,"Alberti, Lucas",1000145512,Right,GEO_PAT,Undefined,5,Top,0,0,2,Fastball,Changeup,InPlay,Undefined,Bunt,Sacrifice,1,0,,84.04531,-0.8182,-2.086187,2034.381362,224.978404,1:30,6.09954,1.57744,5.71092,-24.61493,15.85969,14.35745,3.28543,0.82935,75.67188,-5.463352,0.481073,0.457892,30.69422,9.02722,-36.020289,2000.221122,,,,33.79963,32.6931,-37.513689,0.751526,-8.01359,8.7591,-1.41188,50,6.01606,3.85106,-121.80218,-2.49042,-11.8322,27.75047,-19.24109,GEO_PAT,GEO_PAT,SpuhlerFieldMain,TeamExclusive,Team,20251025-SpuhlerFieldMain-Private-1,08b89c50-b1c7-11f0-a778-c7ed5b55c38a,82.31735,4.09345,,8.37343,,,,1.54612,3.28825,-0.82173,725e81a6-ec22-4817-99f1-2faee8aa9fef,2025-10-25,17:21:24.27,2025-10-25T13:21:24.2755072-04:00,2025-10-25T17:21:24.2755072Z,GroundBall,v3,471300,471300,,"McCarthy, Jack",1000469298,,GEO_PAT,598a7baa-a9a3-4eec-9a9c-e8b2a2ac5839,54.78934,-122.8885,13.87524,6.09881,-1.7372,-9.62054,-1.5717,4.31425,-5.9161,113.028112,1.54612,35.96014,-3.51126,0.66322,-0.27626,0.20855,-0.10047,-0.11874,0.1296,3.28825,7.06347,-15.59955,0.50045,-0.00441,0.03333,-0.13393,0.24524,-0.14105,-0.82173,-26.14596,-0.21982,0.07387,-0.06448,0.01108,0.00765,-0.02752,0.01819,,,,,,,,,,,,,,,,,,,,,,,High,High,High,High,High,,,
188,2025-10-25,13:22:06.89,3,1,"Willis, Tyson",1000469267,Right,GEO_PAT,"Clyne , Owen",1000230336,Left,GEO_PAT,Undefined,5,Top,1,0,0,Fastball,Changeup,BallCalled,Undefined,Undefined,Undefined,0,0,,82.77609,-0.989616,-1.261597,1895.3903,258.05154,2:30,5.62805,1.97686,5.58766,-36.72541,5.46213,18.13395,1.64314,2.30969,74.37642,-7.782996,1.979623,0.467481,,,,,,,,,,,,-9.53245,3.61079,-1.88022,50,5.51965,1.87397,-119.88929,-3.31881,-13.54243,28.3426,-27.04433,GEO_PAT,GEO_PAT,SpuhlerFieldMain,TeamExclusive,Team,20251025-SpuhlerFieldMain-Private-1,22169940-b1c7-11f0-a778-c7ed5b55c38a,80.62888,,,8.39967,,,,,,,725e81a6-ec22-4817-99f1-2faee8aa9fef,2025-10-25,17:22:06.89,2025-10-25T13:22:06.8958720-04:00,2025-10-25T17:22:06.8958720Z,,v3,471300,471300,,"McCarthy, Jack",1000469298,,GEO_PAT,46af896d-4f61-4e60-a13a-23bc4fd205fa,54.91062,-121.04462,14.1713,5.63247,-2.21639,-13.52216,-1.96786,2.426,-6.77121,,,,,,,,,,,,,,,,,,,,,,,,,,,,,,,,,,,,,,,,,,,,,,,,,,,High,High,High,,,,,
189,2025-10-25,13:22:24.91,3,2,"Willis, Tyson",1000469267,Right,GEO_PAT,"Clyne , Owen",1000230336,Left,GEO_PAT,Undefined,5,Top,1,1,0,Slider,Slider,StrikeCalled,Undefined,Undefined,Undefined,0,0,,77.45315,-0.090068,-0.831618,2245.450699,153.185714,11:00,5.57786,1.85587,5.68777,-43.58416,4.27481,-1.25217,1.86188,0.97632,69.84768,-8.148254,-1.055821,0.497913,,,,,,,,,,,,0.34925,2.75429,-1.7851,50,5.54352,1.67774,-112.24246,-1.5531,0.4361,24.33587,-28.73493,GEO_PAT,GEO_PAT,SpuhlerFieldMain,TeamExclusive,Team,20251025-SpuhlerFieldMain-Private-1,2cd7e500-b1c7-11f0-a778-c7ed5b55c38a,75.7009,,,7.60547,,,,,,,725e81a6-ec22-4817-99f1-2faee8aa9fef,2025-10-25,17:22:24.91,2025-10-25T13:22:24.9144832-04:00,2025-10-25T17:22:24.9144832Z,,v3,471300,471300,,"McCarthy, Jack",1000469298,,GEO_PAT,6337655a-67d5-4f20-b840-027e385b6b68,54.81023,-113.28059,12.16793,5.58363,-0.32731,-14.36747,-1.85627,1.65913,0.21805,,,,,,,,,,,,,,,,,,,,,,,,,,,,,,,,,,,,,,,,,,,,,,,,,,,High,High,High,,,,,
190,2025-10-25,13:22:47.57,3,3,"Willis, Tyson",1000469267,Right,GEO_PAT,"Clyne , Owen",1000230336,Left,GEO_PAT,Undefined,5,Top,1,1,1,Slider,Slider,BallCalled,Undefined,Undefined,Undefined,0,0,,77.22948,-0.274381,-1.842195,2357.40314,77.656414,8:30,5.63123,1.77657,5.87782,-48.00589,-0.28193,-9.2054,1.37576,-0.70214,70.03567,-9.118303,-3.495518,0.49721,,,,,,,,,,,,4.04512,0.54441,-1.62252,50,5.5821,3.95083,-111.95645,-2.04368,5.03418,23.88266,-31.49654,GEO_PAT,GEO_PAT,SpuhlerFieldMain,TeamExclusive,Team,20251025-SpuhlerFieldMain-Private-1,3a3deaf0-b1c7-11f0-a778-c7ed5b55c38a,75.80791,,,7.19381,,,,,,,725e81a6-ec22-4817-99f1-2faee8aa9fef,2025-10-25,17:22:47.57,2025-10-25T13:22:47.5795456-04:00,2025-10-25T17:22:47.5795456Z,,v3,471300,471300,,"McCarthy, Jack",1000469298,,GEO_PAT,6bc44ff1-0b5a-4b28-a09a-d9ced22ed0d0,54.62113,-112.93793,11.94133,5.63949,-0.7493,-15.74827,-1.78063,3.74395,2.51709,,,,,,,,,,,,,,,,,,,,,,,,,,,,,,,,,,,,,,,,,,,,,,,,,,,High,High,High,,,,,
191,2025-10-25,13:23:11.84,3,4,"Willis, Tyson",1000469267,Right,GEO_PAT,"Clyne , Owen",1000230336,Left,GEO_PAT,Undefined,5,Top,1,2,1,Fastball,Sinker,BallCalled,Undefined,Undefined,Undefined,0,0,,86.51176,-4.248141,-3.69763,2085.764423,233.828892,1:45,6.15172,1.53585,5.87662,-23.77375,14.05666,17.4441,0.2094,-0.44962,78.99493,-8.676064,-0.571291,0.442682,,,,,,,,,,,,-10.10851,8.84075,-1.247,50,5.79316,7.38721,-125.08468,-10.05336,-15.92117,26.61571,-18.24962,GEO_PAT,GEO_PAT,SpuhlerFieldMain,TeamExclusive,Team,20251025-SpuhlerFieldMain-Private-1,48bd2910-b1c7-11f0-a778-c7ed5b55c38a,85.14562,,,7.51683,,,,,,,725e81a6-ec22-4817-99f1-2faee8aa9fef,2025-10-25,17:23:11.84,2025-10-25T13:23:11.8430720-04:00,2025-10-25T17:23:11.8430720Z,,v3,471300,471300,,"McCarthy, Jack",1000469298,,GEO_PAT,3c76b27e-8f33-4f30-9534-940868630c6f,54.62659,-126.06529,13.30785,6.15117,-9.38098,-9.12481,-1.52998,7.9738,-7.96059,,,,,,,,,,,,,,,,,,,,,,,,,,,,,,,,,,,,,,,,,,,,,,,,,,,High,High,High,,,,,
192,2025-10-25,13:23:37.08,3,5,"Willis, Tyson",1000469267,Right,GEO_PAT,"Clyne , Owen",1000230336,Left,GEO_PAT,Undefined,5,Top,1,3,1,Slider,Slider,BallCalled,Walk,Undefined,Undefined,0,0,,76.62004,1.185517,0.97328,2165.49368,121.121673,10:00,5.53759,1.81374,5.6752,-43.94719,4.8015,-5.02315,2.98093,2.30263,69.16469,-6.95187,0.074947,0.502519,,,,,,,,,,,,2.84036,2.61977,-1.89277,50,5.61059,-1.69169,-111.04329,0.92014,3.48789,22.94959,-28.95704,GEO_PAT,GEO_PAT,SpuhlerFieldMain,TeamExclusive,Team,20251025-SpuhlerFieldMain-Private-1,57c08b50-b1c7-11f0-a778-c7ed5b55c38a,75.00694,,,7.45536,,,,,,,725e81a6-ec22-4817-99f1-2faee8aa9fef,2025-10-25,17:23:37.08,2025-10-25T13:23:37.0865152-04:00,2025-10-25T17:23:37.0865152Z,,v3,471300,471300,,"McCarthy, Jack",1000469298,,GEO_PAT,b0e6282c-05b2-4ade-94b7-f82c15dd38e0,54.82257,-112.03555,11.4748,5.54374,2.17215,-14.47852,-1.81636,-1.84249,1.74394,,,,,,,,,,,,,,,,,,,,,,,,,,,,,,,,,,,,,,,,,,,,,,,,,,,High,High,High,,,,,
193,,,4,1,"Willis, Tyson",1000469267,Right,GEO_PAT,"Cowdrey, Vincent",1000469295,Right,GEO_PAT,Undefined,5,Top,1,0,0,Other,,BallCalled,Undefined,Undefined,Undefined,2,2,,,,,,,,,,,,,,,,,,,,,,,,,,,,,,,,,,,,,,,,,,GEO_PAT,GEO_PAT,SpuhlerFieldMain,TeamExclusive,Team,20251025-SpuhlerFieldMain-Private-1,84cb2740-b1c7-11f0-a778-c7ed5b55c38a,,,,,,,,,,,725e81a6-ec22-4817-99f1-2faee8aa9fef,,,,,,v3,471300,471300,,"McCarthy, Jack",1000469298,,GEO_PAT,02d95d76-df81-474d-8e11-7571416548b2,,,,,,,,,,,,,,,,,,,,,,,,,,,,,,,,,,,,,,,,,,,,,,,,,,,,,,,,,,,,,,,,,,,
194,2025-10-25,13:26:44.89,1,1,"Wrehe, Thomas",1000101597,Right,GEO_PAT,"Vaughan, Logan",1000232024,Left,GEO_PAT,Undefined,5,Bottom,0,0,0,Sinker,Changeup,StrikeCalled,Undefined,Undefined,Undefined,0,0,,81.87838,0.508654,-3.54634,1764.051589,266.401456,3:00,5.7597,2.60699,4.3234,-42.44219,3.00524,18.96351,2.71002,0.79297,73.10015,-7.166751,-0.244332,0.485206,,,,,,,,,,,,-10.31922,1.81358,-2.24412,50,5.77259,6.41813,-118.10618,-0.64842,-14.22012,27.60978,-29.67491,GEO_PAT,GEO_PAT,SpuhlerFieldMain,TeamExclusive,Team,20251025-SpuhlerFieldMain-Private-1,c7aedf20-b1c7-11f0-a778-c7ed5b55c38a,77.6834,,,8.77822,,,,,,,725e81a6-ec22-4817-99f1-2faee8aa9fef,2025-10-25,17:26:44.89,2025-10-25T13:26:44.8905728-04:00,2025-10-25T17:26:44.8905728Z,,v3,471300,471300,,"Cowdrey, Vincent",1000469295,Right,GEO_PAT,5718b3de-f020-451d-911e-a697343e6d94,56.17456,-119.5409,13.80489,5.76622,0.89361,-14.83746,-2.59683,7.15706,-7.11006,,,,,,,,,,,,,,,,,,,,,,,,,,,,,,,,,,,,,,,,,,,,,,,,,,,High,High,High,,,,,
195,2025-10-25,13:27:05.92,1,2,"Wrehe, Thomas",1000101597,Right,GEO_PAT,"Vaughan, Logan",1000232024,Left,GEO_PAT,Undefined,5,Bottom,0,0,1,Sinker,Changeup,StrikeCalled,Undefined,Undefined,Undefined,0,0,,82.7253,-0.349416,-4.703839,1697.135261,278.403188,3:15,5.80711,2.48436,4.45983,-45.79432,-0.92827,19.38647,1.65661,-0.39546,73.29396,-8.624944,-1.323103,0.482093,,,,,,,,,,,,-11.15717,0.23961,-2.00676,50,5.72625,8.88046,-119.06168,-2.56932,-15.45347,30.32468,-31.84219,GEO_PAT,GEO_PAT,SpuhlerFieldMain,TeamExclusive,Team,20251025-SpuhlerFieldMain-Private-1,d433acd0-b1c7-11f0-a778-c7ed5b55c38a,78.18508,,,9.43134,,,,,,,725e81a6-ec22-4817-99f1-2faee8aa9fef,2025-10-25,17:27:05.92,2025-10-25T13:27:05.9216896-04:00,2025-10-25T17:27:05.9216896Z,,v3,471300,471300,,"Cowdrey, Vincent",1000469295,Right,GEO_PAT,025affb5-cf62-40f7-a6d4-94183890b617,56.03794,-120.58972,15.16234,5.81529,-0.96481,-15.92109,-2.47386,9.65915,-7.72674,,,,,,,,,,,,,,,,,,,,,,,,,,,,,,,,,,,,,,,,,,,,,,,,,,,High,High,High,,,,,
196,2025-10-25,13:27:27.49,1,3,"Wrehe, Thomas",1000101597,Right,GEO_PAT,"Vaughan, Logan",1000232024,Left,GEO_PAT,Undefined,5,Bottom,0,0,2,Sinker,Changeup,BallCalled,Undefined,Undefined,Undefined,0,0,,79.67167,0.843546,0.25828,1597.97946,284.456169,3:30,5.63326,2.75421,4.19875,-52.1042,-3.18169,20.69926,2.0995,4.7266,70.33916,-8.540052,3.86418,0.503415,,,,,,,,,,,,-9.4828,-0.94043,-2.8048,50,5.67359,-1.54703,-114.79808,-0.45854,-12.13821,29.31538,-33.37781,GEO_PAT,GEO_PAT,SpuhlerFieldMain,TeamExclusive,Team,20251025-SpuhlerFieldMain-Private-1,e11c6c70-b1c7-11f0-a778-c7ed5b55c38a,74.87353,,,9.33251,,,,,,,725e81a6-ec22-4817-99f1-2faee8aa9fef,2025-10-25,17:27:27.49,2025-10-25T13:27:27.4942976-04:00,2025-10-25T17:27:27.4942976Z,,v3,471300,471300,,"Cowdrey, Vincent",1000469295,Right,GEO_PAT,9978973b-8b02-45a4-98ff-2e5d5887a96f,56.29159,-116.39365,14.65769,5.64911,1.35813,-16.68891,-2.73858,-0.88638,-6.0691,,,,,,,,,,,,,,,,,,,,,,,,,,,,,,,,,,,,,,,,,,,,,,,,,,,High,High,High,,,,,
197,2025-10-25,13:27:58.53,1,4,"Wrehe, Thomas",1000101597,Right,GEO_PAT,"Vaughan, Logan",1000232024,Left,GEO_PAT,Undefined,5,Bottom,0,1,2,Sinker,Changeup,InPlay,Undefined,LineDrive,Single,0,0,,83.34338,0.141499,-2.848562,1827.132859,287.003398,3:30,5.85584,2.45539,4.61438,-46.3614,-2.88036,15.1695,2.1271,1.00877,74.38552,-8.242893,-0.188132,0.474593,88.09592,10.019504,-15.067561,2889.450915,103.7424,12.74464,-36.5711,198.24172,197.45173,-22.55359,1.956206,-8.473,-1.01335,-2.17717,50,5.82771,5.29144,-120.35943,-1.55056,-12.06325,29.76411,-33.61679,GEO_PAT,GEO_PAT,SpuhlerFieldMain,TeamExclusive,Team,20251025-SpuhlerFieldMain-Private-1,f3aa7c10-b1c7-11f0-a778-c7ed5b55c38a,79.42053,12.76548,,8.95786,,,,1.5948,2.18108,-1.02435,725e81a6-ec22-4817-99f1-2faee8aa9fef,2025-10-25,17:27:58.53,2025-10-25T13:27:58.5371648-04:00,2025-10-25T17:27:58.5371648Z,LineDrive,v3,471300,471300,,"Cowdrey, Vincent",1000469295,Right,GEO_PAT,5cad2c7a-fabf-4963-89cb-cba10807d4cb,55.88575,-121.80624,14.88206,5.86337,0.08352,-16.8084,-2.44863,5.87783,-6.03162,128.496707,1.5948,122.86213,-22.51911,5.13681,-1.03866,0.19069,-0.03193,0.00417,-0.00027,2.18108,22.47994,-11.43045,-0.87293,0.46378,-0.14281,0.03394,-0.00514,0.00037,-1.02434,-33.07616,-4.97553,1.88398,-0.55569,0.1401,-0.02988,0.0046,-0.00035,,,,,,,,,,,,,,,,,,,,,,,High,High,High,High,High,,,
198,2025-10-25,13:28:39.32,2,1,"Wrehe, Thomas",1000101597,Right,GEO_PAT,"Canody, Andrew",1000415298,Right,GEO_PAT,Undefined,5,Bottom,0,0,0,Slider,Curveball,BallinDirt,Undefined,Undefined,Undefined,0,0,,76.24728,-1.272975,-3.367045,2131.901052,307.201085,4:15,5.86177,2.42669,4.5278,-52.3733,-1.39752,4.0476,0.28273,-0.44629,70.17258,-10.605591,-2.658213,0.51387,,,,,,,,,,,,-2.99142,0.04906,-2.0789,50,5.67851,6.32704,-110.33849,-4.36882,-3.66799,20.61792,-32.1139,GEO_PAT,GEO_PAT,SpuhlerFieldMain,TeamExclusive,Team,20251025-SpuhlerFieldMain-Private-1,0bfcae50-b1c8-11f0-a778-c7ed5b55c38a,73.35013,,,6.0747,,,,,,,725e81a6-ec22-4817-99f1-2faee8aa9fef,2025-10-25,17:28:39.32,2025-10-25T13:28:39.3221632-04:00,2025-10-25T17:28:39.3221632Z,,v3,471300,471300,,"Cowdrey, Vincent",1000469295,Right,GEO_PAT,86f36288-2a34-4dd9-8100-c36d6ac4e866,55.97624,-111.44962,10.30896,5.86732,-2.63816,-16.05695,-2.4252,6.52472,-1.834,,,,,,,,,,,,,,,,,,,,,,,,,,,,,,,,,,,,,,,,,,,,,,,,,,,High,High,High,,,,,
199,2025-10-25,13:29:10.54,2,2,"Wrehe, Thomas",1000101597,Right,GEO_PAT,"Canody, Andrew",1000415298,Right,GEO_PAT,Undefined,5,Bottom,0,1,0,Sinker,Changeup,FoulBallNotFieldable,Undefined,Undefined,Undefined,0,0,,84.02989,0.398977,-2.593026,1882.10275,268.590352,3:00,5.91877,2.19988,4.68041,-40.05703,1.85169,15.43552,2.95998,1.02195,76.1086,-6.85522,0.115487,0.465933,50.59857,31.650498,141.417827,5577.657813,,,,107.64159,55.75233,148.582323,2.058463,-8.39512,1.17173,-1.95087,50,5.9233,4.80512,-121.63304,-0.73061,-12.43528,26.36365,-30.43844,GEO_PAT,GEO_PAT,SpuhlerFieldMain,TeamExclusive,Team,20251025-SpuhlerFieldMain-Private-1,1e956c50-b1c8-11f0-a778-c7ed5b55c38a,80.89667,21.02267,,7.92129,,,,1.39383,2.93039,-1.07964,725e81a6-ec22-4817-99f1-2faee8aa9fef,2025-10-25,17:29:10.54,2025-10-25T13:29:10.5476608-04:00,2025-10-25T17:29:10.5476608Z,GroundBall,v3,471300,471300,,"Cowdrey, Vincent",1000469295,Right,GEO_PAT,a3bd082b-719a-4ebf-ae43-37176fc8ac57,55.82156,-122.88837,13.18183,5.92358,0.71875,-15.21922,-2.19377,5.39724,-6.21764,309.252777,1.39382,-49.38225,1.187,0.72201,-0.44728,0.33293,-0.1826,0.05887,-0.00786,2.93037,38.94272,-22.61655,2.16775,-0.5833,0.23923,-0.10372,0.0276,-0.003,-1.07967,39.3996,-7.79371,1.68997,-0.57434,0.27871,-0.11657,0.02302,-0.00109,,,,,,,,,,,,,,,,,,,,,,,High,High,High,High,Medium,,,
200,2025-10-25,13:29:34.64,2,3,"Wrehe, Thomas",1000101597,Right,GEO_PAT,"Canody, Andrew",1000415298,Right,GEO_PAT,Undefined,5,Bottom,0,1,1,Slider,Slider,BallinDirt,Undefined,Undefined,Undefined,0,0,,79.68729,-1.103063,-5.326285,2116.45894,30.405449,7:00,5.89893,2.34194,4.48078,-47.7055,-0.05543,-1.06673,0.86738,-2.83846,72.20122,-9.629116,-5.511736,0.496825,,,,,,,,,,,,-1.25437,0.86677,-1.77877,50,5.73682,10.74769,-114.77208,-4.05856,-1.64246,24.87975,-31.03914,GEO_PAT,GEO_PAT,SpuhlerFieldMain,TeamExclusive,Team,20251025-SpuhlerFieldMain-Private-1,2cddbbf0-b1c8-11f0-a778-c7ed5b55c38a,75.86666,,,7.48607,,,,,,,725e81a6-ec22-4817-99f1-2faee8aa9fef,2025-10-25,17:29:34.64,2025-10-25T13:29:34.6441728-04:00,2025-10-25T17:29:34.6441728Z,,v3,471300,471300,,"Cowdrey, Vincent",1000469295,Right,GEO_PAT,7286d5e1-d1fb-4b34-8e57-c90cb4410d16,56.01828,-116.06936,12.43988,5.90625,-2.44012,-15.51957,-2.3414,10.83334,-0.82123,,,,,,,,,,,,,,,,,,,,,,,,,,,,,,,,,,,,,,,,,,,,,,,,,,,High,High,High,,,,,
201,2025-10-25,13:30:09.11,2,4,"Wrehe, Thomas",1000101597,Right,GEO_PAT,"Canody, Andrew",1000415298,Right,GEO_PAT,Undefined,5,Bottom,0,2,1,Sinker,Changeup,FoulBallNotFieldable,Undefined,Undefined,Undefined,0,0,,84.1642,-0.859148,-3.398543,1886.916674,265.491609,2:45,5.87894,2.48805,4.55111,-39.07293,3.61925,24.05832,1.80351,1.25391,75.18881,-7.949859,0.81372,0.470268,,,,,,,,,,,,-12.97166,2.51973,-2.15868,50,5.75315,6.09118,-121.49213,-3.37278,-18.86371,29.79807,-28.50978,GEO_PAT,GEO_PAT,SpuhlerFieldMain,TeamExclusive,Team,20251025-SpuhlerFieldMain-Private-1,417ef420-b1c8-11f0-a778-c7ed5b55c38a,80.15091,,,8.97539,,,,,,,725e81a6-ec22-4817-99f1-2faee8aa9fef,2025-10-25,17:30:09.11,2025-10-25T13:30:09.1156992-04:00,2025-10-25T17:30:09.1156992Z,,v3,471300,471300,,"Cowdrey, Vincent",1000469295,Right,GEO_PAT,4d9c0e95-72a4-4113-9cf2-5ef5a2339b75,55.94946,-122.94268,14.89903,5.88355,-1.98495,-14.25489,-2.47755,7.00945,-9.43186,,,,,,,,,,,,,,,,,,,,,,,,,,,,,,,,,,,,,,,,,,,,,,,,,,,High,High,High,,,,,
202,2025-10-25,13:30:35.09,2,5,"Wrehe, Thomas",1000101597,Right,GEO_PAT,"Canody, Andrew",1000415298,Right,GEO_PAT,Undefined,5,Bottom,0,2,2,Slider,Slider,BallCalled,Undefined,Undefined,Undefined,0,0,,77.7885,-0.314562,-6.16954,2171.0664,292.548578,3:45,6.07668,2.27516,4.69799,-49.82881,-1.3524,6.72217,1.6239,-3.04459,72.03736,-9.197719,-4.998845,0.501114,,,,,,,,,,,,-4.88343,-0.13697,-1.6533,50,5.99955,11.85784,-112.2968,-2.46449,-6.2824,18.91499,-32.35026,GEO_PAT,GEO_PAT,SpuhlerFieldMain,TeamExclusive,Team,20251025-SpuhlerFieldMain-Private-1,50e6e490-b1c8-11f0-a778-c7ed5b55c38a,75.21728,,,5.75114,,,,,,,725e81a6-ec22-4817-99f1-2faee8aa9fef,2025-10-25,17:30:35.09,2025-10-25T13:30:35.0969856-04:00,2025-10-25T17:30:35.0969856Z,,v3,471300,471300,,"Cowdrey, Vincent",1000469295,Right,GEO_PAT,848ef302-3916-4ad2-9722-f8cc82c0273d,55.80557,-113.27046,9.45749,6.08355,-0.79926,-16.17513,-2.27201,12.18123,-3.1412,,,,,,,,,,,,,,,,,,,,,,,,,,,,,,,,,,,,,,,,,,,,,,,,,,,High,High,High,,,,,
203,2025-10-25,13:31:10.38,2,6,"Wrehe, Thomas",1000101597,Right,GEO_PAT,"Canody, Andrew",1000415298,Right,GEO_PAT,Undefined,5,Bottom,0,3,2,Sinker,Changeup,FoulBallNotFieldable,Undefined,Undefined,Undefined,0,0,,84.05394,-0.090448,-3.766116,1790.088806,277.993085,3:15,5.80332,2.42735,4.52636,-43.36195,-1.18697,18.99895,2.1035,0.41869,76.26695,-7.887009,-0.444214,0.467411,,,,,,,,,,,,-10.50312,-0.20587,-2.05304,50,5.75245,7.132,-121.54893,-1.94416,-15.54554,26.19535,-32.47878,GEO_PAT,GEO_PAT,SpuhlerFieldMain,TeamExclusive,Team,20251025-SpuhlerFieldMain-Private-1,65fb50f0-b1c8-11f0-a778-c7ed5b55c38a,80.64091,,,7.78699,,,,,,,725e81a6-ec22-4817-99f1-2faee8aa9fef,2025-10-25,17:31:10.38,2025-10-25T13:31:10.3833600-04:00,2025-10-25T17:31:10.3833600Z,,v3,471300,471300,,"Cowdrey, Vincent",1000469295,Right,GEO_PAT,a77059fb-2958-4957-a2dd-f2d892df23d3,55.9773,-122.83036,13.09768,5.8087,-0.35536,-16.23939,-2.42053,7.89246,-7.77277,,,,,,,,,,,,,,,,,,,,,,,,,,,,,,,,,,,,,,,,,,,,,,,,,,,High,High,High,,,,,
204,2025-10-25,13:31:39.01,2,7,"Wrehe, Thomas",1000101597,Right,GEO_PAT,"Canody, Andrew",1000415298,Right,GEO_PAT,Undefined,5,Bottom,0,3,2,Sinker,Changeup,FoulBallNotFieldable,Undefined,Undefined,Undefined,0,0,,84.57843,0.905712,-3.939248,1861.602231,267.304997,3:00,5.85017,2.34496,4.93682,-38.50506,2.09882,17.16643,3.4996,0.04622,77.29783,-6.079188,-0.920031,0.458622,61.71942,43.924027,172.638497,4683.528723,-109.83233,41.62594,6.06472,166.05746,81.98946,177.125522,3.072858,-9.63209,1.12217,-1.97649,50,5.90633,7.67741,-122.48254,0.46272,-14.64152,24.04616,-30.46826,GEO_PAT,GEO_PAT,SpuhlerFieldMain,TeamExclusive,Team,20251025-SpuhlerFieldMain-Private-1,770f43b0-b1c8-11f0-a778-c7ed5b55c38a,82.18623,45.56544,,7.2806,,,,2.02174,3.59869,-0.07215,725e81a6-ec22-4817-99f1-2faee8aa9fef,2025-10-25,17:31:39.01,2025-10-25T13:31:39.0142464-04:00,2025-10-25T17:31:39.0142464Z,Popup,v3,471300,471300,,"Cowdrey, Vincent",1000469295,Right,GEO_PAT,9cf4dac8-377b-4f63-b48a-592d1f5c30da,55.56724,-123.57068,12.02308,5.85419,1.84148,-15.23413,-2.3389,8.33997,-7.32076,330.97386,2.02146,-64.65378,2.14947,0.86649,-0.29375,-0.04898,0.09162,-0.02942,0.00301,3.59919,62.7747,-27.01391,3.02621,-0.13309,-0.28054,0.12474,-0.02169,0.00133,-0.07189,8.34229,-5.15949,1.80422,-0.16046,-0.18788,0.10691,-0.02295,0.00179,,,,,,,,,,,,,,,,,,,,,,,High,High,High,High,Medium,,,
205,2025-10-25,13:32:04.48,2,8,"Wrehe, Thomas",1000101597,Right,GEO_PAT,"Canody, Andrew",1000415298,Right,GEO_PAT,Undefined,5,Bottom,0,3,2,Sinker,Changeup,FoulBallNotFieldable,Undefined,Undefined,Undefined,0,0,,84.0813,0.623391,-2.440722,1808.396468,273.487165,3:00,5.82846,2.40802,4.40799,-42.45853,0.12787,24.02773,2.8858,2.07941,75.62137,-7.035229,1.756889,0.469685,,,,,,,,,,,,-12.75221,0.1189,-2.17395,50,5.853,4.09332,-121.61793,-0.38658,-18.71474,28.3313,-31.99955,GEO_PAT,GEO_PAT,SpuhlerFieldMain,TeamExclusive,Team,20251025-SpuhlerFieldMain-Private-1,862a4ca0-b1c8-11f0-a778-c7ed5b55c38a,80.25044,,,8.45994,,,,,,,725e81a6-ec22-4817-99f1-2faee8aa9fef,2025-10-25,17:32:04.48,2025-10-25T13:32:04.4889088-04:00,2025-10-25T17:32:04.4889088Z,,v3,471300,471300,,"Cowdrey, Vincent",1000469295,Right,GEO_PAT,9c8f1fa6-b187-4d91-9a27-908d64fe58b9,56.09658,-123.02995,14.16565,5.83252,1.20826,-15.99977,-2.4012,5.02606,-9.35737,,,,,,,,,,,,,,,,,,,,,,,,,,,,,,,,,,,,,,,,,,,,,,,,,,,High,High,High,,,,,
206,2025-10-25,13:32:34.34,2,9,"Wrehe, Thomas",1000101597,Right,GEO_PAT,"Canody, Andrew",1000415298,Right,GEO_PAT,Undefined,5,Bottom,0,3,2,Sinker,Changeup,FoulBallNotFieldable,Undefined,Undefined,Undefined,0,0,,84.09387,-0.947213,-3.621686,1809.345196,267.817747,3:00,5.83281,2.47116,4.6167,-39.86837,2.24268,18.96871,1.60796,0.60383,76.15881,-8.145019,-0.298193,0.467056,,,,,,,,,,,,-10.49351,1.77311,-2.11709,50,5.69848,6.83201,-121.57199,-3.59037,-15.49338,26.82508,-29.5561,GEO_PAT,GEO_PAT,SpuhlerFieldMain,TeamExclusive,Team,20251025-SpuhlerFieldMain-Private-1,980e1280-b1c8-11f0-a778-c7ed5b55c38a,80.70212,,,7.93506,,,,,,,725e81a6-ec22-4817-99f1-2faee8aa9fef,2025-10-25,17:32:34.34,2025-10-25T13:32:34.3490560-04:00,2025-10-25T17:32:34.3490560Z,,v3,471300,471300,,"Cowdrey, Vincent",1000469295,Right,GEO_PAT,fac44b7b-bfb9-4921-922b-ba38ba22ec00,55.88598,-122.86388,13.41254,5.83711,-2.16696,-14.77805,-2.46408,7.57816,-7.74669,,,,,,,,,,,,,,,,,,,,,,,,,,,,,,,,,,,,,,,,,,,,,,,,,,,High,High,High,,,,,
207,2025-10-25,13:33:07.24,2,10,"Wrehe, Thomas",1000101597,Right,GEO_PAT,"Canody, Andrew",1000415298,Right,GEO_PAT,Undefined,5,Bottom,0,3,2,Sinker,Changeup,InPlay,Undefined,GroundBall,Out,1,0,,84.67132,-0.067138,-4.236648,1862.263853,275.829899,3:15,5.80575,2.49766,4.3652,-42.14097,-0.27685,17.18745,2.2297,-0.12421,76.75129,-7.627303,-1.243955,0.465685,97.12575,-17.205439,-11.465547,,,,,8.7204,8.20329,-8.599172,0.052488,-9.6702,0.26083,-2.06104,50,5.7564,8.25067,-122.32065,-1.89112,-14.50216,26.41972,-31.78292,GEO_PAT,GEO_PAT,SpuhlerFieldMain,TeamExclusive,Team,20251025-SpuhlerFieldMain-Private-1,abae7c80-b1c8-11f0-a778-c7ed5b55c38a,80.93976,2.21515,,7.92003,,,,1.61152,2.21515,0.1181,725e81a6-ec22-4817-99f1-2faee8aa9fef,2025-10-25,17:33:07.24,2025-10-25T13:33:07.2464384-04:00,2025-10-25T17:33:07.2464384Z,GroundBall,v3,471300,471300,,"Cowdrey, Vincent",1000469295,Right,GEO_PAT,adae6ae2-de9a-42af-ad32-04786f46f8b6,56.13752,-123.63917,13.20986,5.8112,-0.30494,-15.89146,-2.49087,8.97442,-7.25108,180,1.60976,133.56933,,,,,,,,2.21571,-42.20269,,,,,,,,0.11846,-27.09135,,,,,,,,,,,,,,,,,,,,,,,,,,,,,,High,High,High,Medium,High,,,
208,2025-10-25,13:34:24.03,3,1,"Wrehe, Thomas",1000101597,Right,GEO_PAT,"Morse, Jackson",1000469270,Right,GEO_PAT,Undefined,5,Bottom,1,0,0,Slider,Curveball,StrikeSwinging,Undefined,Undefined,Undefined,0,0,,77.28133,0.023995,-3.65331,2035.431569,56.128859,7:45,5.96904,2.32744,4.55505,-49.64881,1.93752,-0.57213,1.85453,-1.20242,68.15897,-8.991467,-3.753313,0.516938,,,,,,,,,,,,-1.22181,1.59366,-1.94667,50,5.92595,7.12643,-111.22071,-1.77195,-1.46307,28.11164,-30.2657,GEO_PAT,GEO_PAT,SpuhlerFieldMain,TeamExclusive,Team,20251025-SpuhlerFieldMain-Private-1,d976c320-b1c8-11f0-a778-c7ed5b55c38a,72.91478,,,9.12236,,,,,,,725e81a6-ec22-4817-99f1-2faee8aa9fef,2025-10-25,17:34:24.03,2025-10-25T13:34:24.0330752-04:00,2025-10-25T17:34:24.0330752Z,,v3,471300,471300,,"Cowdrey, Vincent",1000469295,Right,GEO_PAT,de50ae76-f4f4-43f3-aeea-52e4788b0ecf,55.93908,-112.71185,14.05582,5.97737,-0.16656,-15.13285,-2.32674,7.20404,-0.73154,,,,,,,,,,,,,,,,,,,,,,,,,,,,,,,,,,,,,,,,,,,,,,,,,,,High,High,High,,,,,
209,2025-10-25,13:34:47.86,3,2,"Wrehe, Thomas",1000101597,Right,GEO_PAT,"Morse, Jackson",1000469270,Right,GEO_PAT,Undefined,5,Bottom,1,0,1,Sinker,Changeup,InPlay,Undefined,GroundBall,Out,1,0,,83.29548,-0.053003,-4.352374,1925.542317,261.976956,2:45,5.83992,2.50572,4.50083,-39.02329,3.98193,17.53611,2.53734,-0.18794,75.51435,-7.096728,-1.293663,0.471989,72.1907,2.274727,-17.159415,1486.742682,,,,54.40599,52.27885,-16.994071,0.518153,-9.91949,2.33654,-2.06657,50,5.79717,8.35983,-120.34852,-1.65344,-14.41659,25.33,-28.77824,GEO_PAT,GEO_PAT,SpuhlerFieldMain,TeamExclusive,Team,20251025-SpuhlerFieldMain-Private-1,e79ee090-b1c8-11f0-a778-c7ed5b55c38a,79.85872,2.94748,,7.78113,,,,2.69724,2.71404,0.15244,725e81a6-ec22-4817-99f1-2faee8aa9fef,2025-10-25,17:34:47.86,2025-10-25T13:34:47.8646784-04:00,2025-10-25T17:34:47.8646784Z,GroundBall,v3,471300,471300,,"Cowdrey, Vincent",1000469295,Right,GEO_PAT,e08df5e0-079d-4ee6-a0a8-f654bd472def,56.00178,-121.60517,12.665,5.84379,-0.22573,-14.38912,-2.49905,9.07505,-7.20829,53.79108,2.70519,100.88066,-11.00242,,,,,,,2.72374,3.95219,-17.80693,,,,,,,0.15397,-31.25308,0.51056,,,,,,,,,,,,,,,,,,,,,,,,,,,,,High,High,High,High,High,,,
210,2025-10-25,13:35:33.41,4,1,"Wrehe, Thomas",1000101597,Right,GEO_PAT,"Blanchard, Evan",10073877,Right,GEO_PAT,Undefined,5,Bottom,2,0,0,Slider,Curveball,InPlay,Undefined,FlyBall,Out,1,0,,76.98996,0.414652,-2.474385,2144.556616,329.528186,5:00,5.98068,2.42094,4.35309,-51.52377,-0.38161,1.38158,2.08356,0.17059,69.28668,-8.846005,-2.233323,0.514708,86.08468,40.534571,-20.377714,4132.626403,101.9593,84.65122,-41.28297,290.92344,288.67996,-24.691308,5.337012,-1.52917,0.16142,-2.15639,50,5.97393,4.74644,-111.21792,-1.13224,-1.87093,24.25967,-31.97655,GEO_PAT,GEO_PAT,SpuhlerFieldMain,TeamExclusive,Team,20251025-SpuhlerFieldMain-Private-1,02cb34e0-b1c9-11f0-a778-c7ed5b55c38a,73.23072,100.80828,,7.70327,,,,2.62454,2.31991,-0.22441,725e81a6-ec22-4817-99f1-2faee8aa9fef,2025-10-25,17:35:33.41,2025-10-25T13:35:33.4125056-04:00,2025-10-25T17:35:33.4125056Z,FlyBall,v3,471300,471300,,"Cowdrey, Vincent",1000469295,Right,GEO_PAT,b29634ef-aa52-45d2-9832-59fac1180f4a,56.14701,-112.55077,12.12983,5.98787,0.62457,-15.98827,-2.41999,4.84923,-0.93546,170.492475,2.62868,89.86114,-22.12525,5.89977,-0.9759,0.05348,0.01304,-0.00252,0.00013,2.31628,82.12142,-19.09326,0.81961,0.07337,-0.07179,0.0236,-0.00366,0.00021,-0.22564,-33.38682,5.27659,-1.23433,0.15243,0.00948,-0.0067,0.0009,-4E-05,,,,,,,,,,,,,,,,,,,,,,,High,High,High,High,Medium,,,