PitchNo,Date,Time,PAofInning,PitchofPA,Pitcher,PitcherId,PitcherThrows,PitcherTeam,Batter,BatterId,BatterSide,BatterTeam,PitcherSet,Inning,Top/Bottom,Outs,Balls,Strikes,TaggedPitchType,AutoPitchType,PitchCall,KorBB,TaggedHitType,PlayResult,OutsOnPlay,RunsScored,Notes,RelSpeed,VertRelAngle,HorzRelAngle,SpinRate,SpinAxis,Tilt,RelHeight,RelSide,Extension,VertBreak,InducedVertBreak,HorzBreak,PlateLocHeight,PlateLocSide,ZoneSpeed,VertApprAngle,HorzApprAngle,ZoneTime,ExitSpeed,Angle,Direction,HitSpinRate,PositionAt110X,PositionAt110Y,PositionAt110Z,Distance,LastTrackedDistance,Bearing,HangTime,pfxx,pfxz,x0,y0,z0,vx0,vy0,vz0,ax0,ay0,az0,HomeTeam,AwayTeam,Stadium,Level,League,GameID,PitchUID,EffectiveVelo,MaxHeight,MeasuredDuration,SpeedDrop,PitchLastMeasuredX,PitchLastMeasuredY,PitchLastMeasuredZ,ContactPositionX,ContactPositionY,ContactPositionZ,GameUID,UTCDate,UTCTime,LocalDateTime,UTCDateTime,AutoHitType,System,HomeTeamForeignID,AwayTeamForeignID,GameForeignID,Catcher,CatcherId,CatcherThrows,CatcherTeam,PlayID,PitchTrajectoryXc0,PitchTrajectoryXc1,PitchTrajectoryXc2,PitchTrajectoryYc0,PitchTrajectoryYc1,PitchTrajectoryYc2,PitchTrajectoryZc0,PitchTrajectoryZc1,PitchTrajectoryZc2,HitSpinAxis,HitTrajectoryXc0,HitTrajectoryXc1,HitTrajectoryXc2,HitTrajectoryXc3,HitTrajectoryXc4,HitTrajectoryXc5,HitTrajectoryXc6,HitTrajectoryXc7,HitTrajectoryXc8,HitTrajectoryYc0,HitTrajectoryYc1,HitTrajectoryYc2,HitTrajectoryYc3,HitTrajectoryYc4,HitTrajectoryYc5,HitTrajectoryYc6,HitTrajectoryYc7,HitTrajectoryYc8,HitTrajectoryZc0,HitTrajectoryZc1,HitTrajectoryZc2,HitTrajectoryZc3,HitTrajectoryZc4,HitTrajectoryZc5,HitTrajectoryZc6,HitTrajectoryZc7,HitTrajectoryZc8,ThrowSpeed,PopTime,ExchangeTime,TimeToBase,CatchPositionX,CatchPositionY,CatchPositionZ,ThrowPositionX,ThrowPositionY,ThrowPositionZ,BasePositionX,BasePositionY,BasePositionZ,ThrowTrajectoryXc0,ThrowTrajectoryXc1,ThrowTrajectoryXc2,ThrowTrajectoryYc0,ThrowTrajectoryYc1,ThrowTrajectoryYc2,ThrowTrajectoryZc0,ThrowTrajectoryZc1,ThrowTrajectoryZc2,PitchReleaseConfidence,PitchLocationConfidence,PitchMovementConfidence,HitLaunchConfidence,HitLandingConfidence,CatcherThrowCatchConfidence,CatcherThrowReleaseConfidence,CatcherThrowLocationConfidence
1,2025-04-02,13:18:38.52,1,1,"Madigan III, Michael",10289060,Left,GEO_PAT,"Blanchard, Evan",10073877,Right,GEO_PAT,Undefined,1,Top,0,0,0,Undefined,Changeup,Undefined,Undefined,Undefined,Undefined,0,0,,76.13114,0.05706,-2.745353,1751.608415,261.650243,2:45,5.54429,1.91052,4.79843,-46.44573,3.83355,15.23261,1.72795,0.57635,69.95795,-8.327557,-0.065505,0.510348,,,,,,,,,,,,-8.30823,2.29571,-1.65083,50,5.5095,4.67938,-110.35581,-1.52017,-10.24736,19.6067,-29.34253,GEO_PAT,GEO_PAT,SpuhlerFieldMain,TeamExclusive,Team,20250402-SpuhlerFieldMain-Private-1,86418160-0fe6-11f0-81ff-cd358c0e0d09,73.85642,,,6.17319,,,,,,,fb265006-3129-408d-b4ee-2139699d006d,2025-04-02,17:18:38.52,2025-04-02T13:18:38.5220000-04:00,2025-04-02T17:18:38.5220000Z,,v3,471300,471300,,"Blanchard, Evan",10073877,Right,GEO_PAT,229e5dc0-d91b-4df1-ad3c-a75107a1d5c0,55.70532,-111.36485,9.80335,5.54888,-0.01009,-14.67126,-1.90522,5.20676,-5.12368,,,,,,,,,,,,,,,,,,,,,,,,,,,,,,,,,,,,,,,,,,,,,,,,,,,High,High,High,,,,,
2,2025-04-02,13:19:04.32,1,2,"Madigan III, Michael",10289060,Left,GEO_PAT,"Blanchard, Evan",10073877,Right,GEO_PAT,Undefined,1,Top,0,0,0,Undefined,Changeup,Undefined,Undefined,Undefined,Undefined,0,0,,83.38406,-0.78257,-2.120809,2074.559696,223.061775,1:30,5.80493,1.96423,4.80219,-27.93301,13.77453,11.67615,2.7351,0.92674,76.59654,-5.889166,-0.067912,0.464813,,,,,,,,,,,,-6.28859,7.36634,-1.76353,50,5.70316,3.95431,-120.91937,-2.67199,-9.36309,22.33746,-21.20633,GEO_PAT,GEO_PAT,SpuhlerFieldMain,TeamExclusive,Team,20250402-SpuhlerFieldMain-Private-1,9582d700-0fe6-11f0-81ff-cd358c0e0d09,81.09156,,,6.78752,,,,,,,fb265006-3129-408d-b4ee-2139699d006d,2025-04-02,17:19:04.32,2025-04-02T13:19:04.3230000-04:00,2025-04-02T17:19:04.3230000Z,,v3,471300,471300,,"Blanchard, Evan",10073877,Right,GEO_PAT,7a6b4e35-bb5f-4f96-a47c-b324a30dd65d,55.69919,-121.96764,11.16873,5.8052,-1.6768,-10.60316,-1.95941,4.39371,-4.68155,,,,,,,,,,,,,,,,,,,,,,,,,,,,,,,,,,,,,,,,,,,,,,,,,,,High,High,High,,,,,
3,2025-04-02,13:19:18.35,1,3,"Madigan III, Michael",10289060,Left,GEO_PAT,"Blanchard, Evan",10073877,Right,GEO_PAT,Undefined,1,Top,0,0,0,Undefined,Changeup,Undefined,Undefined,Undefined,Undefined,0,0,,76.29798,-1.195426,-3.934625,1674.828994,275.238658,3:15,5.379,1.92651,4.97881,-49.15219,0.22929,12.98048,0.1511,-0.71379,71.04419,-10.00988,-1.644767,0.505771,,,,,,,,,,,,-7.46284,0.79335,-1.55736,50,5.22259,7.10072,-110.60539,-4.02343,-9.3379,17.86627,-31.18138,GEO_PAT,GEO_PAT,SpuhlerFieldMain,TeamExclusive,Team,20250402-SpuhlerFieldMain-Private-1,9e009b60-0fe6-11f0-81ff-cd358c0e0d09,74.52477,,,5.25379,,,,,,,fb265006-3129-408d-b4ee-2139699d006d,2025-04-02,17:19:18.35,2025-04-02T13:19:18.3520000-04:00,2025-04-02T17:19:18.3520000Z,,v3,471300,471300,,"Blanchard, Evan",10073877,Right,GEO_PAT,51c1de61-49ed-4c2c-9ce7-5a9782f24054,55.5266,-111.49454,8.93313,5.38421,-2.47163,-15.59069,-1.9223,7.56543,-4.66895,,,,,,,,,,,,,,,,,,,,,,,,,,,,,,,,,,,,,,,,,,,,,,,,,,,High,High,High,,,,,
4,2025-04-02,13:19:35.53,1,4,"Madigan III, Michael",10289060,Left,GEO_PAT,"Blanchard, Evan",10073877,Right,GEO_PAT,Undefined,1,Top,0,0,0,Undefined,Changeup,Undefined,Undefined,Undefined,Undefined,0,0,,79.13539,0.458416,-2.799726,1901.942858,224.464018,1:30,5.48475,1.9319,5.33795,-38.7216,6.70311,5.23229,2.68857,-0.2609,72.81635,-6.622883,-1.871503,0.485085,,,,,,,,,,,,-3.35803,3.66981,-1.68284,50,5.49843,5.40409,-114.79913,-0.38585,-4.50363,20.26045,-27.2523,GEO_PAT,GEO_PAT,SpuhlerFieldMain,TeamExclusive,Team,20250402-SpuhlerFieldMain-Private-1,a82272d0-0fe6-11f0-81ff-cd358c0e0d09,77.70282,,,6.31904,,,,,,,fb265006-3129-408d-b4ee-2139699d006d,2025-04-02,17:19:35.53,2025-04-02T13:19:35.5370000-04:00,2025-04-02T17:19:35.5370000Z,,v3,471300,471300,,"Blanchard, Evan",10073877,Right,GEO_PAT,fee365a3-6b92-4384-86d8-dfb754324ac8,55.16376,-115.70687,10.13023,5.48837,0.83516,-13.62615,-1.92948,5.60588,-2.25182,,,,,,,,,,,,,,,,,,,,,,,,,,,,,,,,,,,,,,,,,,,,,,,,,,,High,High,High,,,,,
5,2025-04-02,13:19:51.78,1,5,"Madigan III, Michael",10289060,Left,GEO_PAT,"Blanchard, Evan",10073877,Right,GEO_PAT,Undefined,1,Top,0,0,0,Undefined,Curveball,Undefined,Undefined,Undefined,Undefined,0,0,,78.34419,-0.608828,-2.157528,2070.215557,37.451904,7:15,5.55263,1.928,4.50425,-51.47948,-3.95445,-4.04453,0.68218,-0.46562,73.02104,-9.751433,-2.866108,0.496172,,,,,,,,,,,,1.45075,-1.45713,-1.6976,50,5.43885,4.45339,-113.70481,-3.17375,1.91787,18.93597,-34.10035,GEO_PAT,GEO_PAT,SpuhlerFieldMain,TeamExclusive,Team,20250402-SpuhlerFieldMain-Private-1,b1eb54d0-0fe6-11f0-81ff-cd358c0e0d09,75.96644,,,5.32316,,,,,,,fb265006-3129-408d-b4ee-2139699d006d,2025-04-02,17:19:51.78,2025-04-02T13:19:51.7850000-04:00,2025-04-02T17:19:51.7850000Z,,v3,471300,471300,,"Blanchard, Evan",10073877,Right,GEO_PAT,cfe8e15e-e81c-4851-81dd-6de9a7c0f895,56.00145,-114.69991,9.46799,5.55855,-1.38175,-17.05017,-1.92898,4.3526,0.95894,,,,,,,,,,,,,,,,,,,,,,,,,,,,,,,,,,,,,,,,,,,,,,,,,,,High,High,High,,,,,
6,2025-04-02,13:20:28.79,1,6,"Madigan III, Michael",10289060,Left,GEO_PAT,"Blanchard, Evan",10073877,Right,GEO_PAT,Undefined,1,Top,0,0,0,Undefined,Sinker,Undefined,Undefined,Undefined,Undefined,0,0,,87.39493,-1.82117,-4.102866,2111.080549,222.082805,1:30,5.61269,1.94006,5.14792,-23.13517,14.6167,12.10449,1.9651,-0.9208,79.97237,-6.094773,-1.967417,0.442222,,,,,,,,,,,,-7.13288,8.13453,-1.56516,50,5.42433,8.52374,-126.47536,-4.85148,-11.58008,25.2409,-18.96785,GEO_PAT,GEO_PAT,SpuhlerFieldMain,TeamExclusive,Team,20250402-SpuhlerFieldMain-Private-1,c7dcdac0-0fe6-11f0-81ff-cd358c0e0d09,85.23414,,,7.42255,,,,,,,fb265006-3129-408d-b4ee-2139699d006d,2025-04-02,17:20:28.79,2025-04-02T13:20:28.7920000-04:00,2025-04-02T17:20:28.7920000Z,,v3,471300,471300,,"Blanchard, Evan",10073877,Right,GEO_PAT,1c090a2b-1dc5-4d10-982b-10bb12a0eca5,55.35352,-127.5393,12.62045,5.61197,-4.05196,-9.48393,-1.93474,9.01186,-5.79004,,,,,,,,,,,,,,,,,,,,,,,,,,,,,,,,,,,,,,,,,,,,,,,,,,,High,High,High,,,,,
7,2025-04-02,13:20:40.98,1,7,"Madigan III, Michael",10289060,Left,GEO_PAT,"Blanchard, Evan",10073877,Right,GEO_PAT,Undefined,1,Top,0,0,0,Undefined,Changeup,Undefined,Undefined,Undefined,Undefined,0,0,,84.1495,-1.45656,-2.604137,2108.985122,245.552952,2:15,5.46747,1.89288,5.00601,-31.22517,9.72615,18.43552,1.48866,0.96917,76.93581,-7.160975,0.651035,0.46058,,,,,,,,,,,,-9.83099,5.64012,-1.65808,50,5.30246,4.72114,-121.92763,-4.24984,-14.77282,24.37374,-23.69876,GEO_PAT,GEO_PAT,SpuhlerFieldMain,TeamExclusive,Team,20250402-SpuhlerFieldMain-Private-1,cf21a9f0-0fe6-11f0-81ff-cd358c0e0d09,81.83683,,,7.21369,,,,,,,fb265006-3129-408d-b4ee-2139699d006d,2025-04-02,17:20:40.98,2025-04-02T13:20:40.9820000-04:00,2025-04-02T17:20:40.9820000Z,,v3,471300,471300,,"Blanchard, Evan",10073877,Right,GEO_PAT,0447838c-b6b9-4cc6-812e-23bce4b4d41e,55.49552,-123.0213,12.18687,5.4693,-3.18646,-11.84938,-1.8848,5.38401,-7.38641,,,,,,,,,,,,,,,,,,,,,,,,,,,,,,,,,,,,,,,,,,,,,,,,,,,High,High,High,,,,,
8,2025-04-02,13:20:53.05,1,8,"Madigan III, Michael",10289060,Left,GEO_PAT,"Blanchard, Evan",10073877,Right,GEO_PAT,Undefined,1,Top,0,0,0,Undefined,Changeup,Undefined,Undefined,Undefined,Undefined,0,0,,79.97128,-1.248851,-3.845,1952.85672,223.806546,1:30,5.41589,1.94121,5.33359,-36.58439,7.86248,6.28394,1.19259,-1.14826,73.99862,-7.910456,-2.731379,0.479835,,,,,,,,,,,,-4.13484,4.6676,-1.59801,50,5.27643,7.5392,-115.91487,-3.77229,-5.67326,19.95128,-25.76978,GEO_PAT,GEO_PAT,SpuhlerFieldMain,TeamExclusive,Team,20250402-SpuhlerFieldMain-Private-1,d651dfb0-0fe6-11f0-81ff-cd358c0e0d09,78.55289,,,5.97266,,,,,,,fb265006-3129-408d-b4ee-2139699d006d,2025-04-02,17:20:53.05,2025-04-02T13:20:53.0520000-04:00,2025-04-02T17:20:53.0520000Z,,v3,471300,471300,,"Blanchard, Evan",10073877,Right,GEO_PAT,f12bd28b-0fae-4f0a-a7c2-f0e82fdd6ee4,55.16897,-116.80116,9.97564,5.41858,-2.62752,-12.88489,-1.93852,7.79122,-2.83663,,,,,,,,,,,,,,,,,,,,,,,,,,,,,,,,,,,,,,,,,,,,,,,,,,,High,High,High,,,,,
9,2025-04-02,13:21:09.66,1,9,"Madigan III, Michael",10289060,Left,GEO_PAT,"Blanchard, Evan",10073877,Right,GEO_PAT,Undefined,1,Top,0,0,0,Undefined,Curveball,Undefined,Undefined,Undefined,Undefined,0,0,,79.16829,-0.776197,-0.968966,2038.532762,42.90484,7:30,5.45815,1.8873,4.72939,-48.37377,-2.70886,-3.57933,0.69037,0.66955,74.40657,-9.392036,-1.599303,0.486365,,,,,,,,,,,,1.56413,-0.88532,-1.78614,50,5.33596,2.09389,-115.12104,-3.37419,2.14073,17.39272,-33.38575,GEO_PAT,GEO_PAT,SpuhlerFieldMain,TeamExclusive,Team,20250402-SpuhlerFieldMain-Private-1,e057a3a0-0fe6-11f0-81ff-cd358c0e0d09,77.49821,,,4.76171,,,,,,,fb265006-3129-408d-b4ee-2139699d006d,2025-04-02,17:21:09.66,2025-04-02T13:21:09.6660000-04:00,2025-04-02T17:21:09.6660000Z,,v3,471300,471300,,"Blanchard, Evan",10073877,Right,GEO_PAT,57c3c13a-261a-419e-a18c-c5ae12042e70,55.77716,-115.99058,8.69636,5.46293,-1.70509,-16.69287,-1.88814,1.98687,1.07037,,,,,,,,,,,,,,,,,,,,,,,,,,,,,,,,,,,,,,,,,,,,,,,,,,,High,High,High,,,,,
10,2025-04-02,13:21:31.83,1,10,"Madigan III, Michael",10289060,Left,GEO_PAT,"Blanchard, Evan",10073877,Right,GEO_PAT,Undefined,1,Top,0,0,0,Undefined,Changeup,Undefined,Undefined,Undefined,Undefined,0,0,,78.00996,-0.388194,-3.277528,1840.212266,269.014072,3:00,5.4458,1.92391,5.19111,-45.60148,1.79697,14.05099,1.27988,0.00806,71.48173,-8.671208,-0.788618,0.495511,,,,,,,,,,,,-8.00626,1.42158,-1.63064,50,5.37493,5.91797,-113.04919,-2.33183,-10.31966,21.37782,-30.34173,GEO_PAT,GEO_PAT,SpuhlerFieldMain,TeamExclusive,Team,20250402-SpuhlerFieldMain-Private-1,ed88b6e0-0fe6-11f0-81ff-cd358c0e0d09,76.06777,,,6.52823,,,,,,,fb265006-3129-408d-b4ee-2139699d006d,2025-04-02,17:21:31.83,2025-04-02T13:21:31.8310000-04:00,2025-04-02T17:21:31.8310000Z,,v3,471300,471300,,"Blanchard, Evan",10073877,Right,GEO_PAT,d0d84c2e-8a8b-4e69-9e3f-711893698e20,55.31248,-114.04937,10.68891,5.45082,-0.91227,-15.17087,-1.91882,6.40078,-5.15983,,,,,,,,,,,,,,,,,,,,,,,,,,,,,,,,,,,,,,,,,,,,,,,,,,,High,High,High,,,,,
11,2025-04-02,13:21:54.52,1,11,"Madigan III, Michael",10289060,Left,GEO_PAT,"Blanchard, Evan",10073877,Right,GEO_PAT,Undefined,1,Top,0,0,0,Undefined,Changeup,Undefined,Undefined,Undefined,Undefined,0,0,,79.90658,-0.359493,-3.06283,1846.5287,248.423427,2:15,5.3991,1.94151,5.13202,-37.71431,7.44067,15.12458,1.91718,0.31456,73.16052,-7.243634,-0.388102,0.483642,,,,,,,,,,,,-8.38953,4.23697,-1.66605,50,5.33625,5.57058,-115.81075,-2.04025,-11.38446,21.79592,-26.42456,GEO_PAT,GEO_PAT,SpuhlerFieldMain,TeamExclusive,Team,20250402-SpuhlerFieldMain-Private-1,fb130db0-0fe6-11f0-81ff-cd358c0e0d09,77.93456,,,6.74606,,,,,,,fb265006-3129-408d-b4ee-2139699d006d,2025-04-02,17:21:54.52,2025-04-02T13:21:54.5280000-04:00,2025-04-02T17:21:54.5280000Z,,v3,471300,471300,,"Blanchard, Evan",10073877,Right,GEO_PAT,6129fed4-9e45-49ac-a3f0-2e468843b327,55.37016,-116.81706,10.89796,5.40229,-0.82024,-13.21228,-1.93537,6.09619,-5.69223,,,,,,,,,,,,,,,,,,,,,,,,,,,,,,,,,,,,,,,,,,,,,,,,,,,High,High,High,,,,,
12,2025-04-02,13:22:08.20,1,12,"Madigan III, Michael",10289060,Left,GEO_PAT,"Blanchard, Evan",10073877,Right,GEO_PAT,Undefined,1,Top,0,0,0,Undefined,Sinker,Undefined,Undefined,Undefined,Undefined,0,0,,88.83303,-1.738414,-3.129553,2141.345846,235.27529,1:45,5.56062,1.67345,5.27096,-24.70608,11.79012,15.24221,1.86581,0.00087,80.89844,-6.30582,-0.428268,0.434806,,,,,,,,,,,,-8.53288,6.76284,-1.39872,50,5.3835,6.3419,-128.66007,-4.80327,-14.24277,27.74041,-20.88575,GEO_PAT,GEO_PAT,SpuhlerFieldMain,TeamExclusive,Team,20250402-SpuhlerFieldMain-Private-1,0336cb30-0fe7-11f0-81ff-cd358c0e0d09,86.68801,,,7.93459,,,,,,,fb265006-3129-408d-b4ee-2139699d006d,2025-04-02,17:22:08.20,2025-04-02T13:22:08.2090000-04:00,2025-04-02T17:22:08.2090000Z,,v3,471300,471300,,"Blanchard, Evan",10073877,Right,GEO_PAT,7bf439c8-4703-4ad6-bd98-1136fdfdd0d7,55.23064,-129.78295,13.87021,5.56082,-3.95786,-10.44287,-1.6671,6.91842,-7.12138,,,,,,,,,,,,,,,,,,,,,,,,,,,,,,,,,,,,,,,,,,,,,,,,,,,High,High,High,,,,,
13,2025-04-02,13:22:56.32,1,13,"Madigan III, Michael",10289060,Left,GEO_PAT,"Blanchard, Evan",10073877,Right,GEO_PAT,Undefined,1,Top,0,0,0,Undefined,Sinker,Undefined,Undefined,Undefined,Undefined,0,0,,87.75967,-0.517833,-1.054863,2218.35448,242.561598,2:00,5.43809,1.82945,5.24773,-27.11879,9.90343,16.90111,2.69145,2.24642,80.56097,-5.503463,1.943631,0.437928,20.38157,-42.577747,1.872212,,,,,5.9569,4.47386,-20.622752,0.149801,-8.81103,5.42166,-1.74592,50,5.3705,1.6058,-127.45529,-2.14439,-14.53652,25.47292,-23.22933,GEO_PAT,GEO_PAT,SpuhlerFieldMain,TeamExclusive,Team,20250402-SpuhlerFieldMain-Private-1,1fe2baa0-0fe7-11f0-81ff-cd358c0e0d09,86.06994,3.19331,,7.1987,,,,2.10163,3.19331,-2.21164,fb265006-3129-408d-b4ee-2139699d006d,2025-04-02,17:22:56.32,2025-04-02T13:22:56.3270000-04:00,2025-04-02T17:22:56.3270000Z,GroundBall,v3,471300,471300,,"Blanchard, Evan",10073877,Right,GEO_PAT,3f8e7310-5f05-4b28-ac78-ab444728ec7c,55.2563,-128.50151,12.73646,5.43898,-1.19032,-11.61467,-1.82413,2.20284,-7.26826,,2.07301,23.18768,,,,,,,,3.21962,-21.31693,,,,,,,,-2.21258,0.75796,,,,,,,,,,,,,,,,,,,,,,,,,,,,,,High,High,High,Low,Low,,,
14,2025-04-02,13:23:13.22,1,14,"Madigan III, Michael",10289060,Left,GEO_PAT,"Blanchard, Evan",10073877,Right,GEO_PAT,Undefined,1,Top,0,0,0,Undefined,Changeup,Undefined,Undefined,Undefined,Undefined,0,0,,86.61182,-1.873307,-2.31931,2213.256199,230.902207,1:45,5.51164,1.75318,5.17524,-23.97489,14.34107,16.12973,1.74879,0.91355,79.2646,-6.302116,0.536749,0.445514,,,,,,,,,,,,-8.72819,8.04103,-1.55015,50,5.31911,4.3747,-125.57152,-4.95449,-13.93952,25.371,-19.33195,GEO_PAT,GEO_PAT,SpuhlerFieldMain,TeamExclusive,Team,20250402-SpuhlerFieldMain-Private-1,29f92060-0fe7-11f0-81ff-cd358c0e0d09,84.6044,,,7.34722,,,,,,,fb265006-3129-408d-b4ee-2139699d006d,2025-04-02,17:23:13.22,2025-04-02T13:23:13.2200000-04:00,2025-04-02T17:23:13.2200000Z,,v3,471300,471300,,"Blanchard, Evan",10073877,Right,GEO_PAT,5f8304ab-ef9a-4b1e-a553-575c7490d992,55.32757,-126.64335,12.6855,5.51117,-4.13779,-9.66597,-1.7474,4.96359,-6.96976,,,,,,,,,,,,,,,,,,,,,,,,,,,,,,,,,,,,,,,,,,,,,,,,,,,High,High,High,,,,,
15,2025-04-02,13:23:28.75,1,15,"Madigan III, Michael",10289060,Left,GEO_PAT,"Blanchard, Evan",10073877,Right,GEO_PAT,Undefined,1,Top,0,0,0,Undefined,Curveball,Undefined,Undefined,Undefined,Undefined,0,0,,81.24164,-0.580255,-3.332389,2059.858746,8.708729,6:15,5.42106,1.67511,4.88742,-45.34058,-1.89039,-0.46677,1.09277,-1.52002,75.84673,-8.693899,-3.414533,0.474424,,,,,,,,,,,,-0.55547,-0.50839,-1.34731,50,5.3251,6.88477,-117.90676,-2.90157,-0.79341,19.33967,-32.90021,GEO_PAT,GEO_PAT,SpuhlerFieldMain,TeamExclusive,Team,20250402-SpuhlerFieldMain-Private-1,33399880-0fe7-11f0-81ff-cd358c0e0d09,79.44877,,,5.39491,,,,,,,fb265006-3129-408d-b4ee-2139699d006d,2025-04-02,17:23:28.75,2025-04-02T13:23:28.7540000-04:00,2025-04-02T17:23:28.7540000Z,,v3,471300,471300,,"Blanchard, Evan",10073877,Right,GEO_PAT,d1709189-7455-4736-8490-988080ae153d,55.61827,-118.82472,9.66983,5.42576,-1.33994,-16.45011,-1.67499,6.92242,-0.3967,,,,,,,,,,,,,,,,,,,,,,,,,,,,,,,,,,,,,,,,,,,,,,,,,,,High,High,High,,,,,
16,2025-04-02,13:23:42.11,1,16,"Madigan III, Michael",10289060,Left,GEO_PAT,"Blanchard, Evan",10073877,Right,GEO_PAT,Undefined,1,Top,0,0,0,Undefined,Sinker,Undefined,Undefined,Undefined,Undefined,0,0,,87.96454,-1.451969,-2.559205,2232.60818,232.683251,1:45,5.47752,1.61327,5.14646,-22.57186,14.28328,17.3171,2.22777,0.64514,81.10449,-5.611673,0.504154,0.436939,,,,,,,,,,,,-9.28032,7.81327,-1.38754,50,5.3243,4.9252,-127.65756,-4.05158,-15.46483,23.85945,-19.15392,GEO_PAT,GEO_PAT,SpuhlerFieldMain,TeamExclusive,Team,20250402-SpuhlerFieldMain-Private-1,3b130690-0fe7-11f0-81ff-cd358c0e0d09,86.26482,,,6.86005,,,,,,,fb265006-3129-408d-b4ee-2139699d006d,2025-04-02,17:23:42.11,2025-04-02T13:23:42.1130000-04:00,2025-04-02T17:23:42.1130000Z,,v3,471300,471300,,"Blanchard, Evan",10073877,Right,GEO_PAT,5c34fc2a-bffa-4264-b77f-835cbc98cab4,55.35706,-128.65491,11.92972,5.47693,-3.25093,-9.57696,-1.60693,5.57164,-7.73241,,,,,,,,,,,,,,,,,,,,,,,,,,,,,,,,,,,,,,,,,,,,,,,,,,,High,High,High,,,,,
17,2025-04-02,13:24:02.22,1,17,"Madigan III, Michael",10289060,Left,GEO_PAT,"Blanchard, Evan",10073877,Right,GEO_PAT,Undefined,1,Top,0,0,0,Undefined,Sinker,Undefined,Undefined,Undefined,Undefined,0,0,,89.71681,0.12793,-1.476147,2132.14036,234.394917,1:45,5.59608,1.4992,4.8518,-23.0973,13.18737,16.72635,3.79246,1.4953,81.43894,-4.140074,1.467903,0.433544,,,,,,,,,,,,-8.80752,6.815,-1.36891,50,5.58966,2.57295,-130.07805,-0.58936,-14.99481,28.89968,-20.57153,GEO_PAT,GEO_PAT,SpuhlerFieldMain,TeamExclusive,Team,20250402-SpuhlerFieldMain-Private-1,4722f260-0fe7-11f0-81ff-cd358c0e0d09,86.94033,,,8.27787,,,,,,,fb265006-3129-408d-b4ee-2139699d006d,2025-04-02,17:24:02.22,2025-04-02T13:24:02.2250000-04:00,2025-04-02T17:24:02.2250000Z,,v3,471300,471300,,"Blanchard, Evan",10073877,Right,GEO_PAT,d12cca33-fa67-4388-9423-f46f5fd78298,55.6518,-131.32772,14.44984,5.59591,0.30018,-10.28576,-1.49419,3.22136,-7.49741,,,,,,,,,,,,,,,,,,,,,,,,,,,,,,,,,,,,,,,,,,,,,,,,,,,High,High,High,,,,,
18,2025-04-02,13:24:34.03,1,18,"Madigan III, Michael",10289060,Left,GEO_PAT,"Blanchard, Evan",10073877,Right,GEO_PAT,Undefined,1,Top,0,0,0,Undefined,Sinker,Undefined,Undefined,Undefined,Undefined,0,0,,87.46128,-2.062555,-3.816905,2136.427803,226.428819,1:30,5.58471,1.66354,5.17401,-22.95556,14.38087,13.95457,1.72559,-0.77088,80.69408,-6.286371,-1.351794,0.439782,,,,,,,,,,,,-7.91138,8.02437,-1.31869,50,5.37483,7.83161,-126.73087,-5.39369,-13.00344,23.31587,-18.98492,GEO_PAT,GEO_PAT,SpuhlerFieldMain,TeamExclusive,Team,20250402-SpuhlerFieldMain-Private-1,5a0340b0-0fe7-11f0-81ff-cd358c0e0d09,85.70702,,,6.7672,,,,,,,fb265006-3129-408d-b4ee-2139699d006d,2025-04-02,17:24:34.03,2025-04-02T13:24:34.0350000-04:00,2025-04-02T17:24:34.0350000Z,,v3,471300,471300,,"Blanchard, Evan",10073877,Right,GEO_PAT,42f81407-0f52-4cbe-87ee-b54bacde74ae,55.32903,-127.70754,11.65794,5.58411,-4.59844,-9.49246,-1.65815,8.3763,-6.50172,,,,,,,,,,,,,,,,,,,,,,,,,,,,,,,,,,,,,,,,,,,,,,,,,,,High,High,High,,,,,
19,2025-04-02,13:24:52.34,1,19,"Madigan III, Michael",10289060,Left,GEO_PAT,"Blanchard, Evan",10073877,Right,GEO_PAT,Undefined,1,Top,0,0,0,Undefined,Changeup,Undefined,Undefined,Undefined,Undefined,0,0,,81.19006,-1.854156,-3.041349,1717.437442,269.475489,3:00,5.34459,1.77785,5.36689,-41.37589,1.27095,14.90083,0.1549,0.16502,75.96512,-9.324292,-0.389911,0.470018,,,,,,,,,,,,-8.32288,1.32484,-1.51596,50,5.14771,5.69037,-117.92941,-5.26144,-11.91116,19.01306,-30.278,GEO_PAT,GEO_PAT,SpuhlerFieldMain,TeamExclusive,Team,20250402-SpuhlerFieldMain-Private-1,650df180-0fe7-11f0-81ff-cd358c0e0d09,80.19355,,,5.22494,,,,,,,fb265006-3129-408d-b4ee-2139699d006d,2025-04-02,17:24:52.34,2025-04-02T13:24:52.3400000-04:00,2025-04-02T17:24:52.3400000Z,,v3,471300,471300,,"Blanchard, Evan",10073877,Right,GEO_PAT,32b24ace-91f8-4775-94e8-fe1be566afb1,55.14002,-118.75521,9.50653,5.34768,-3.94636,-15.139,-1.77435,6.20771,-5.95558,,,,,,,,,,,,,,,,,,,,,,,,,,,,,,,,,,,,,,,,,,,,,,,,,,,High,High,High,,,,,
20,2025-04-02,13:25:04.34,1,20,"Madigan III, Michael",10289060,Left,GEO_PAT,"Blanchard, Evan",10073877,Right,GEO_PAT,Undefined,1,Top,0,0,0,Undefined,Four-Seam,Undefined,Undefined,Undefined,Undefined,0,0,,88.40413,-1.328098,-2.188993,2124.446246,221.846992,1:30,5.53744,1.51948,5.20413,-20.00174,16.78647,13.95587,2.62036,0.62263,80.60415,-5.063702,0.282451,0.436542,,,,,,,,,,,,-7.56567,9.10217,-1.32763,50,5.39972,4.26004,-128.16578,-3.65574,-12.56736,26.82262,-17.05439,GEO_PAT,GEO_PAT,SpuhlerFieldMain,TeamExclusive,Team,20250402-SpuhlerFieldMain-Private-1,6c1a2480-0fe7-11f0-81ff-cd358c0e0d09,86.34327,,,7.79997,,,,,,,fb265006-3129-408d-b4ee-2139699d006d,2025-04-02,17:25:04.34,2025-04-02T13:25:04.3440000-04:00,2025-04-02T17:25:04.3440000Z,,v3,471300,471300,,"Blanchard, Evan",10073877,Right,GEO_PAT,e1bc09a7-26e5-4eef-a777-ffd2ff2a6b7c,55.29696,-129.26958,13.41131,5.53572,-2.95392,-8.5272,-1.51358,4.77721,-6.28368,,,,,,,,,,,,,,,,,,,,,,,,,,,,,,,,,,,,,,,,,,,,,,,,,,,High,High,High,,,,,
21,2025-04-02,13:25:19.77,1,21,"Madigan III, Michael",10289060,Left,GEO_PAT,"Blanchard, Evan",10073877,Right,GEO_PAT,Undefined,1,Top,0,0,0,Undefined,Changeup,Undefined,Undefined,Undefined,Undefined,0,0,,83.14637,-1.444103,-2.577386,2019.797488,224.986521,1:30,5.38701,1.76699,5.51691,-29.46446,10.70453,9.69048,1.57963,0.16283,77.84387,-6.829917,-0.850953,0.45616,,,,,,,,,,,,-5.48225,6.04386,-1.54904,50,5.24098,5.05702,-120.88086,-4.04585,-8.29933,18.45151,-23.0245,GEO_PAT,GEO_PAT,SpuhlerFieldMain,TeamExclusive,Team,20250402-SpuhlerFieldMain-Private-1,7567bc00-0fe7-11f0-81ff-cd358c0e0d09,82.62995,,,5.3025,,,,,,,fb265006-3129-408d-b4ee-2139699d006d,2025-04-02,17:25:19.77,2025-04-02T13:25:19.7790000-04:00,2025-04-02T17:25:19.7790000Z,,v3,471300,471300,,"Blanchard, Evan",10073877,Right,GEO_PAT,a3dc3477-a995-4088-bcf0-2c5b3d0cfd84,54.98797,-121.63985,9.22575,5.38793,-3.09875,-11.51225,-1.76408,5.39841,-4.14967,,,,,,,,,,,,,,,,,,,,,,,,,,,,,,,,,,,,,,,,,,,,,,,,,,,High,High,High,,,,,
22,2025-04-02,13:25:32.92,1,22,"Madigan III, Michael",10289060,Left,GEO_PAT,"Blanchard, Evan",10073877,Right,GEO_PAT,Undefined,1,Top,0,0,0,Undefined,Sinker,Undefined,Undefined,Undefined,Undefined,0,0,,87.43341,-2.302686,-2.45908,2183.345,232.838202,1:45,5.3615,1.65713,5.41641,-24.28033,12.57146,15.19867,1.17775,0.61851,80.99878,-6.767233,0.244459,0.436919,,,,,,,,,,,,-8.34063,7.21874,-1.44969,50,5.13957,4.81118,-126.93791,-5.96007,-13.77337,23.04122,-20.25334,GEO_PAT,GEO_PAT,SpuhlerFieldMain,TeamExclusive,Team,20250402-SpuhlerFieldMain-Private-1,7d378d20-0fe7-11f0-81ff-cd358c0e0d09,86.26875,,,6.43463,,,,,,,fb265006-3129-408d-b4ee-2139699d006d,2025-04-02,17:25:32.92,2025-04-02T13:25:32.9240000-04:00,2025-04-02T17:25:32.9240000Z,,v3,471300,471300,,"Blanchard, Evan",10073877,Right,GEO_PAT,61351d18-ee69-4aef-bda4-4a0c7100f3d1,55.08864,-127.85824,11.52061,5.36148,-5.1511,-10.12667,-1.65284,5.36133,-6.88669,,,,,,,,,,,,,,,,,,,,,,,,,,,,,,,,,,,,,,,,,,,,,,,,,,,High,High,High,,,,,
23,2025-04-02,13:26:06.49,1,23,"Madigan III, Michael",10289060,Left,GEO_PAT,"Blanchard, Evan",10073877,Right,GEO_PAT,Undefined,1,Top,0,0,0,Undefined,Sinker,Undefined,Undefined,Undefined,Undefined,0,0,,87.73214,-2.478936,-2.990957,2142.198949,221.799642,1:30,5.45824,1.81249,5.23534,-19.10529,18.15706,15.16489,1.5313,0.26218,80.32542,-6.045018,-0.305822,0.439346,,,,,,,,,,,,-8.44359,10.12276,-1.54892,50,5.21583,5.97209,-127.11213,-6.14986,-13.84287,25.55739,-15.57831,GEO_PAT,GEO_PAT,SpuhlerFieldMain,TeamExclusive,Team,20250402-SpuhlerFieldMain-Private-1,913f9290-0fe7-11f0-81ff-cd358c0e0d09,85.79219,,,7.40672,,,,,,,fb265006-3129-408d-b4ee-2139699d006d,2025-04-02,17:26:06.49,2025-04-02T13:26:06.4990000-04:00,2025-04-02T17:26:06.4990000Z,,v3,471300,471300,,"Blanchard, Evan",10073877,Right,GEO_PAT,901a3d9c-c8a7-4630-913b-923231e77082,55.26777,-128.16689,12.77869,5.45637,-5.50694,-7.78915,-1.80718,6.5434,-6.92143,,,,,,,,,,,,,,,,,,,,,,,,,,,,,,,,,,,,,,,,,,,,,,,,,,,High,High,High,,,,,
24,2025-04-02,13:26:25.50,1,24,"Madigan III, Michael",10289060,Left,GEO_PAT,"Blanchard, Evan",10073877,Right,GEO_PAT,Undefined,1,Top,0,0,0,Undefined,Changeup,Undefined,Undefined,Undefined,Undefined,0,0,,81.14181,-2.426305,-4.437111,1811.814894,250.832559,2:15,5.3482,1.76956,5.39895,-36.45411,6.87788,15.89954,0.02836,-1.07202,74.87213,-9.061808,-1.614942,0.473779,,,,,,,,,,,,-9.218,4.50044,-1.38466,50,5.10529,8.47774,-117.44637,-6.23266,-12.92863,21.38015,-25.862,GEO_PAT,GEO_PAT,SpuhlerFieldMain,TeamExclusive,Team,20250402-SpuhlerFieldMain-Private-1,9c946bc0-0fe7-11f0-81ff-cd358c0e0d09,79.55701,,,6.26968,,,,,,,fb265006-3129-408d-b4ee-2139699d006d,2025-04-02,17:26:25.50,2025-04-02T13:26:25.5050000-04:00,2025-04-02T17:26:25.5050000Z,,v3,471300,471300,,"Blanchard, Evan",10073877,Right,GEO_PAT,6c3ead3a-c2e5-4382-bff4-5fdfb619c4b7,55.10485,-118.37201,10.69008,5.3509,-5.11297,-12.931,-1.76382,9.03748,-6.46432,,,,,,,,,,,,,,,,,,,,,,,,,,,,,,,,,,,,,,,,,,,,,,,,,,,High,High,High,,,,,
25,2025-04-02,13:26:41.17,1,25,"Madigan III, Michael",10289060,Left,GEO_PAT,"Blanchard, Evan",10073877,Right,GEO_PAT,Undefined,1,Top,0,0,0,Undefined,Changeup,Undefined,Undefined,Undefined,Undefined,0,0,,79.82549,-1.352867,-3.000365,1800.430295,248.153373,2:15,5.40597,1.79243,5.13947,-38.70538,6.58914,12.75142,0.90458,0.0271,73.21216,-8.394886,-0.743319,0.484389,,,,,,,,,,,,-7.26839,4.06327,-1.52147,50,5.24904,5.54847,-115.67557,-4.07735,-9.82483,22.05802,-26.68167,GEO_PAT,GEO_PAT,SpuhlerFieldMain,TeamExclusive,Team,20250402-SpuhlerFieldMain-Private-1,a5f00d00-0fe7-11f0-81ff-cd358c0e0d09,77.81438,,,6.61333,,,,,,,fb265006-3129-408d-b4ee-2139699d006d,2025-04-02,17:26:41.17,2025-04-02T13:26:41.1770000-04:00,2025-04-02T17:26:41.1770000Z,,v3,471300,471300,,"Blanchard, Evan",10073877,Right,GEO_PAT,9668c3d0-8d4c-4eee-a62d-af2e466a17d5,55.36386,-116.69391,11.02901,5.40884,-2.84555,-13.34083,-1.7881,6.00205,-4.91241,,,,,,,,,,,,,,,,,,,,,,,,,,,,,,,,,,,,,,,,,,,,,,,,,,,High,High,High,,,,,
26,2025-04-02,13:27:00.80,1,26,"Madigan III, Michael",10289060,Left,GEO_PAT,"Blanchard, Evan",10073877,Right,GEO_PAT,Undefined,1,Top,0,0,0,Undefined,Sinker,Undefined,Undefined,Undefined,Undefined,0,0,,89.5079,-2.901998,-4.140137,2262.781967,247.17298,2:15,5.48752,1.48844,5.51159,-26.32234,9.74788,20.00993,0.57068,-0.72258,80.9094,-7.777889,-0.58046,0.432261,,,,,,,,,,,,-11.50847,6.21713,-1.14089,50,5.216,8.48555,-129.35455,-7.50636,-19.21755,30.62186,-21.79232,GEO_PAT,GEO_PAT,SpuhlerFieldMain,TeamExclusive,Team,20250402-SpuhlerFieldMain-Private-1,b1980f40-0fe7-11f0-81ff-cd358c0e0d09,87.19837,,,8.5985,,,,,,,fb265006-3129-408d-b4ee-2139699d006d,2025-04-02,17:27:00.80,2025-04-02T13:27:00.8080000-04:00,2025-04-02T17:27:00.8080000Z,,v3,471300,471300,,"Blanchard, Evan",10073877,Right,GEO_PAT,ffece445-0335-43b1-a54f-88631b2974fe,54.99105,-130.53072,15.31093,5.48824,-6.66933,-10.89616,-1.48099,9.22369,-9.60878,,,,,,,,,,,,,,,,,,,,,,,,,,,,,,,,,,,,,,,,,,,,,,,,,,,High,High,High,,,,,
27,2025-04-02,13:27:27.10,1,27,"Madigan III, Michael",10289060,Left,GEO_PAT,"Blanchard, Evan",10073877,Right,GEO_PAT,Undefined,1,Top,0,0,0,Undefined,Four-Seam,Undefined,Undefined,Undefined,Undefined,0,0,,87.84696,-2.540826,-2.077892,2241.552535,219.244148,1:15,5.3697,1.55352,5.40615,-19.79214,17.4632,13.2006,1.33643,0.70569,79.72415,-6.257468,0.269341,0.439305,,,,,,,,,,,,-7.25288,9.92241,-1.37789,50,5.12967,4.02825,-127.22646,-6.28869,-11.7901,28.10742,-16.04446,GEO_PAT,GEO_PAT,SpuhlerFieldMain,TeamExclusive,Team,20250402-SpuhlerFieldMain-Private-1,c14f0a10-0fe7-11f0-81ff-cd358c0e0d09,85.80023,,,8.1228,,,,,,,fb265006-3129-408d-b4ee-2139699d006d,2025-04-02,17:27:27.10,2025-04-02T13:27:27.1080000-04:00,2025-04-02T17:27:27.1080000Z,,v3,471300,471300,,"Blanchard, Evan",10073877,Right,GEO_PAT,7e780441-eeb0-47b8-b494-1a1d2a8432bd,55.09424,-128.34697,14.05371,5.36762,-5.64908,-8.02223,-1.54785,4.49826,-5.89505,,,,,,,,,,,,,,,,,,,,,,,,,,,,,,,,,,,,,,,,,,,,,,,,,,,High,High,High,,,,,
28,2025-04-02,13:27:43.02,1,28,"Madigan III, Michael",10289060,Left,GEO_PAT,"Blanchard, Evan",10073877,Right,GEO_PAT,Undefined,1,Top,0,0,0,Undefined,Slider,Undefined,Undefined,Undefined,Undefined,0,0,,81.11641,-0.270427,-2.217168,2075.460513,35.862146,7:15,5.45051,1.85073,4.74017,-46.64987,-2.99323,-2.98213,1.30629,-0.50213,75.86463,-8.597241,-2.741464,0.47555,,,,,,,,,,,,0.96882,-1.13142,-1.62453,50,5.38116,4.68862,-117.84959,-2.34823,1.38526,18.89087,-33.79183,GEO_PAT,GEO_PAT,SpuhlerFieldMain,TeamExclusive,Team,20250402-SpuhlerFieldMain-Private-1,cace38e0-0fe7-11f0-81ff-cd358c0e0d09,79.26067,,,5.25178,,,,,,,fb265006-3129-408d-b4ee-2139699d006d,2025-04-02,17:27:43.02,2025-04-02T13:27:43.0220000-04:00,2025-04-02T17:27:43.0220000Z,,v3,471300,471300,,"Blanchard, Evan",10073877,Right,GEO_PAT,6e6427e2-4805-442a-82d0-47e8252fb867,55.76592,-118.77025,9.44543,5.45548,-0.70136,-16.89591,-1.85138,4.6211,0.69263,,,,,,,,,,,,,,,,,,,,,,,,,,,,,,,,,,,,,,,,,,,,,,,,,,,High,High,High,,,,,
29,2025-04-02,13:28:22.13,1,29,"Madigan III, Michael",10289060,Left,GEO_PAT,"Blanchard, Evan",10073877,Right,GEO_PAT,Undefined,1,Top,0,0,0,Undefined,Sinker,Undefined,Undefined,Undefined,Undefined,0,0,,88.07767,-2.542645,-2.492369,2177.517189,250.098757,2:15,5.39521,1.71319,5.26336,-29.2812,7.57036,17.7571,0.56243,0.84986,81.0733,-7.883998,0.659885,0.436917,,,,,,,,,,,,-9.66323,4.79201,-1.49884,50,5.14033,4.78671,-127.71812,-6.76557,-16.00708,25.5966,-24.23609,GEO_PAT,GEO_PAT,SpuhlerFieldMain,TeamExclusive,Team,20250402-SpuhlerFieldMain-Private-1,e20ed410-0fe7-11f0-81ff-cd358c0e0d09,86.26901,,,7.00437,,,,,,,fb265006-3129-408d-b4ee-2139699d006d,2025-04-02,17:28:22.13,2025-04-02T13:28:22.1360000-04:00,2025-04-02T17:28:22.1360000Z,,v3,471300,471300,,"Blanchard, Evan",10073877,Right,GEO_PAT,3ff2a48f-3123-44cd-b863-c6fffb5d3288,55.24138,-128.76428,12.7983,5.3966,-5.77502,-12.11805,-1.70784,5.44094,-8.00354,,,,,,,,,,,,,,,,,,,,,,,,,,,,,,,,,,,,,,,,,,,,,,,,,,,High,High,High,,,,,
30,2025-04-02,13:28:44.93,1,30,"Madigan III, Michael",10289060,Left,GEO_PAT,"Blanchard, Evan",10073877,Right,GEO_PAT,Undefined,1,Top,0,0,0,Undefined,Changeup,Undefined,Undefined,Undefined,Undefined,0,0,,82.08072,0.821764,-2.15416,1860.610773,243.383692,2:00,5.37655,1.68465,5.21715,-33.54836,9.33957,15.72536,3.35417,0.96854,74.44931,-5.362463,0.631444,0.471345,,,,,,,,,,,,-8.45276,4.8502,-1.49777,50,5.42772,3.79863,-118.94691,0.54107,-12.01937,24.40994,-25.27733,GEO_PAT,GEO_PAT,SpuhlerFieldMain,TeamExclusive,Team,20250402-SpuhlerFieldMain-Private-1,ef95f690-0fe7-11f0-81ff-cd358c0e0d09,79.96779,,,7.63141,,,,,,,fb265006-3129-408d-b4ee-2139699d006d,2025-04-02,17:28:44.93,2025-04-02T13:28:44.9320000-04:00,2025-04-02T17:28:44.9320000Z,,v3,471300,471300,,"Blanchard, Evan",10073877,Right,GEO_PAT,b2fcbb48-6f80-4388-bdd8-f6aa76fe894e,55.28316,-120.02621,12.20497,5.37909,1.65872,-12.63867,-1.67748,4.33007,-6.00969,,,,,,,,,,,,,,,,,,,,,,,,,,,,,,,,,,,,,,,,,,,,,,,,,,,High,High,High,,,,,
31,2025-04-02,13:29:08.40,1,31,"Madigan III, Michael",10289060,Left,GEO_PAT,"Blanchard, Evan",10073877,Right,GEO_PAT,Undefined,1,Top,0,0,0,Undefined,Sinker,Undefined,Undefined,Undefined,Undefined,0,0,,88.09591,-1.929288,-2.8691,2149.407526,241.88658,2:00,5.51038,1.56913,5.41471,-28.04722,8.51811,13.85426,1.36267,0.03344,81.0882,-7.073817,-0.405325,0.435217,,,,,,,,,,,,-7.78308,5.12311,-1.32398,50,5.31893,5.8065,-127.78508,-5.32579,-12.9301,25.16447,-23.66298,GEO_PAT,GEO_PAT,SpuhlerFieldMain,TeamExclusive,Team,20250402-SpuhlerFieldMain-Private-1,fdad7230-0fe7-11f0-81ff-cd358c0e0d09,86.60602,,,7.00771,,,,,,,fb265006-3129-408d-b4ee-2139699d006d,2025-04-02,17:29:08.40,2025-04-02T13:29:08.4080000-04:00,2025-04-02T17:29:08.4080000Z,,v3,471300,471300,,"Blanchard, Evan",10073877,Right,GEO_PAT,6f7a8e6d-12eb-4479-9a34-d8ee7d1029fd,55.08919,-128.78339,12.58223,5.51159,-4.38705,-11.83149,-1.56451,6.31945,-6.46505,,,,,,,,,,,,,,,,,,,,,,,,,,,,,,,,,,,,,,,,,,,,,,,,,,,High,High,High,,,,,
32,2025-04-02,13:29:29.19,1,32,"Madigan III, Michael",10289060,Left,GEO_PAT,"Blanchard, Evan",10073877,Right,GEO_PAT,Undefined,1,Top,0,0,0,Undefined,Changeup,Undefined,Undefined,Undefined,Undefined,0,0,,81.46317,-0.027897,-2.088544,1690.541955,271.65407,3:00,5.38399,1.71989,5.27277,-42.32892,0.88535,17.65154,1.83036,1.22811,74.59016,-7.738513,1.046572,0.473134,,,,,,,,,,,,-9.45776,0.84768,-1.54253,50,5.35018,3.58098,-118.20146,-1.56744,-13.33582,23.23665,-30.97882,GEO_PAT,GEO_PAT,SpuhlerFieldMain,TeamExclusive,Team,20250402-SpuhlerFieldMain-Private-1,0a1716c0-0fe8-11f0-81ff-cd358c0e0d09,79.66531,,,6.87301,,,,,,,fb265006-3129-408d-b4ee-2139699d006d,2025-04-02,17:29:29.19,2025-04-02T13:29:29.1980000-04:00,2025-04-02T17:29:29.1980000Z,,v3,471300,471300,,"Blanchard, Evan",10073877,Right,GEO_PAT,0330baf6-6478-4457-90e2-ff1b050dc68a,55.23096,-119.22535,11.61832,5.38917,-0.2024,-15.48941,-1.71326,4.16861,-6.66791,,,,,,,,,,,,,,,,,,,,,,,,,,,,,,,,,,,,,,,,,,,,,,,,,,,High,High,High,,,,,
33,2025-04-02,13:29:47.70,1,33,"Madigan III, Michael",10289060,Left,GEO_PAT,"Blanchard, Evan",10073877,Right,GEO_PAT,Undefined,1,Top,0,0,0,Undefined,Curveball,Undefined,Undefined,Undefined,Undefined,0,0,,81.90456,-1.446874,-2.933676,2084.826679,21.499324,6:45,5.42869,1.70773,4.83645,-47.5931,-4.0415,-2.13504,0.09038,-1.25069,75.45331,-9.963329,-3.309739,0.474978,,,,,,,,,,,,0.22106,-1.30158,-1.41501,50,5.24375,6.17097,-118.65983,-4.81037,0.31402,23.48957,-34.02294,GEO_PAT,GEO_PAT,SpuhlerFieldMain,TeamExclusive,Team,20250402-SpuhlerFieldMain-Private-1,15196320-0fe8-11f0-81ff-cd358c0e0d09,79.3562,,,6.45126,,,,,,,fb265006-3129-408d-b4ee-2139699d006d,2025-04-02,17:29:47.70,2025-04-02T13:29:47.7010000-04:00,2025-04-02T17:29:47.7010000Z,,v3,471300,471300,,"Blanchard, Evan",10073877,Right,GEO_PAT,10dd4f19-0c1c-4afa-be5b-e4880015dd96,55.6684,-119.77668,11.74478,5.434,-3.1927,-17.01147,-1.70806,6.15604,0.15701,,,,,,,,,,,,,,,,,,,,,,,,,,,,,,,,,,,,,,,,,,,,,,,,,,,High,High,High,,,,,
34,2025-04-02,13:30:08.82,1,34,"Madigan III, Michael",10289060,Left,GEO_PAT,"Blanchard, Evan",10073877,Right,GEO_PAT,Undefined,1,Top,0,0,0,Undefined,Sinker,Undefined,Undefined,Undefined,Undefined,0,0,,88.27706,-1.537269,-2.001662,2220.373869,230.691424,1:45,5.4239,1.62463,5.30899,-21.04021,15.69335,17.70599,2.22626,1.22038,80.57241,-5.459672,1.141308,0.436217,,,,,,,,,,,,-9.4317,8.65075,-1.45623,50,5.26934,3.67856,-128.02923,-4.15594,-15.63188,26.79399,-17.8365,GEO_PAT,GEO_PAT,SpuhlerFieldMain,TeamExclusive,Team,20250402-SpuhlerFieldMain-Private-1,21994ed0-0fe8-11f0-81ff-cd358c0e0d09,86.4075,,,7.70465,,,,,,,fb265006-3129-408d-b4ee-2139699d006d,2025-04-02,17:30:08.82,2025-04-02T13:30:08.8240000-04:00,2025-04-02T17:30:08.8240000Z,,v3,471300,471300,,"Blanchard, Evan",10073877,Right,GEO_PAT,13176db0-fef7-4dd7-ac0e-18def97998e1,55.19303,-129.11146,13.397,5.42265,-3.43551,-8.91825,-1.61756,4.30994,-7.81594,,,,,,,,,,,,,,,,,,,,,,,,,,,,,,,,,,,,,,,,,,,,,,,,,,,High,High,High,,,,,
35,2025-04-02,13:30:35.34,1,35,"Madigan III, Michael",10289060,Left,GEO_PAT,"Blanchard, Evan",10073877,Right,GEO_PAT,Undefined,1,Top,0,0,0,Undefined,Curveball,Undefined,Undefined,Undefined,Undefined,0,0,,82.05957,1.053962,-2.078644,2176.844956,25.021351,6:45,5.39961,1.44493,5.06794,-49.209,-6.78024,-3.71764,2.29343,-0.82573,76.07105,-7.80642,-2.735803,0.468815,,,,,,,,,,,,1.33051,-3.30284,-1.24431,50,5.46019,4.48225,-119.18026,0.33467,1.93117,20.94353,-36.96795,GEO_PAT,GEO_PAT,SpuhlerFieldMain,TeamExclusive,Team,20250402-SpuhlerFieldMain-Private-1,3166b7d0-0fe8-11f0-81ff-cd358c0e0d09,80.39937,,,5.98852,,,,,,,fb265006-3129-408d-b4ee-2139699d006d,2025-04-02,17:30:35.34,2025-04-02T13:30:35.3460000-04:00,2025-04-02T17:30:35.3460000Z,,v3,471300,471300,,"Blanchard, Evan",10073877,Right,GEO_PAT,89f860a8-9d6d-4641-b58d-2185aca2af36,55.43763,-120.13201,10.47177,5.40681,2.01464,-18.48397,-1.446,4.39449,0.96558,,,,,,,,,,,,,,,,,,,,,,,,,,,,,,,,,,,,,,,,,,,,,,,,,,,High,High,High,,,,,
36,2025-04-02,13:30:59.37,1,36,"Madigan III, Michael",10289060,Left,GEO_PAT,"Blanchard, Evan",10073877,Right,GEO_PAT,Undefined,1,Top,0,0,0,Undefined,Curveball,Undefined,Undefined,Undefined,Undefined,0,0,,82.89947,-1.321382,-2.284701,2139.888338,24.352714,6:45,5.32855,1.41875,4.9282,-46.65377,-4.89461,-2.7339,0.19034,-0.97009,77.31539,-9.658347,-2.767485,0.465101,,,,,,,,,,,,0.80512,-1.87221,-1.19362,50,5.16002,4.91688,-120.37315,-4.5621,1.19342,21.11513,-34.94925,GEO_PAT,GEO_PAT,SpuhlerFieldMain,TeamExclusive,Team,20250402-SpuhlerFieldMain-Private-1,3fd04b10-0fe8-11f0-81ff-cd358c0e0d09,81.0414,,,5.58408,,,,,,,fb265006-3129-408d-b4ee-2139699d006d,2025-04-02,17:30:59.37,2025-04-02T13:30:59.3720000-04:00,2025-04-02T17:30:59.3720000Z,,v3,471300,471300,,"Blanchard, Evan",10073877,Right,GEO_PAT,2ef9e281-49d7-43ed-a4c5-69f4d56aa983,55.57818,-121.3477,10.55757,5.33335,-2.94905,-17.47462,-1.41927,4.8618,0.59671,,,,,,,,,,,,,,,,,,,,,,,,,,,,,,,,,,,,,,,,,,,,,,,,,,,High,High,High,,,,,
37,2025-04-02,13:31:17.55,1,37,"Madigan III, Michael",10289060,Left,GEO_PAT,"Blanchard, Evan",10073877,Right,GEO_PAT,Undefined,1,Top,0,0,0,Undefined,Sinker,Undefined,Undefined,Undefined,Undefined,0,0,,87.89184,-2.892486,-2.833355,2171.166742,232.747694,1:45,5.48343,1.75085,5.38751,-22.69985,13.94934,16.91741,0.8749,0.50264,81.22125,-7.075333,0.173219,0.435716,,,,,,,,,,,,-9.31847,8.08264,-1.51007,50,5.20841,5.58883,-127.47284,-7.23987,-15.47901,23.86196,-18.74788,GEO_PAT,GEO_PAT,SpuhlerFieldMain,TeamExclusive,Team,20250402-SpuhlerFieldMain-Private-1,4a9d2f90-0fe8-11f0-81ff-cd358c0e0d09,86.50686,,,6.6706,,,,,,,fb265006-3129-408d-b4ee-2139699d006d,2025-04-02,17:31:17.55,2025-04-02T13:31:17.5530000-04:00,2025-04-02T17:31:17.5530000Z,,v3,471300,471300,,"Blanchard, Evan",10073877,Right,GEO_PAT,be363158-82d4-48b1-a5a5-c5ed9a24a28d,55.11747,-128.42722,11.93098,5.48298,-6.49003,-9.37394,-1.74598,6.20792,-7.7395,,,,,,,,,,,,,,,,,,,,,,,,,,,,,,,,,,,,,,,,,,,,,,,,,,,High,High,High,,,,,
38,2025-04-02,13:31:49.48,1,38,"Madigan III, Michael",10289060,Left,GEO_PAT,"Blanchard, Evan",10073877,Right,GEO_PAT,Undefined,1,Top,0,0,0,Undefined,Four-Seam,Undefined,Undefined,Undefined,Undefined,0,0,,88.80644,-0.39662,-1.359337,2200.782927,215.360696,1:15,5.49777,1.45531,5.43198,-19.62611,16.69127,10.96453,3.49069,1.09568,80.44924,-4.097272,0.591212,0.433739,,,,,,,,,,,,-6.00811,8.9102,-1.34298,50,5.44953,2.58158,-128.82857,-1.53792,-10.00439,29.06166,-17.33727,GEO_PAT,GEO_PAT,SpuhlerFieldMain,TeamExclusive,Team,20250402-SpuhlerFieldMain-Private-1,5da6d7d0-0fe8-11f0-81ff-cd358c0e0d09,86.90118,,,8.3572,,,,,,,fb265006-3129-408d-b4ee-2139699d006d,2025-04-02,17:31:49.48,2025-04-02T13:31:49.4850000-04:00,2025-04-02T17:31:49.4850000Z,,v3,471300,471300,,"Blanchard, Evan",10073877,Right,GEO_PAT,c182c014-883a-4a1f-b245-646573ae285c,55.0707,-129.9674,14.53083,5.49649,-0.85853,-8.66864,-1.45182,2.97362,-5.0022,,,,,,,,,,,,,,,,,,,,,,,,,,,,,,,,,,,,,,,,,,,,,,,,,,,High,High,High,,,,,
39,2025-04-02,13:32:28.14,1,39,"Madigan III, Michael",10289060,Left,GEO_PAT,"Blanchard, Evan",10073877,Right,GEO_PAT,Undefined,1,Top,0,0,0,Undefined,Four-Seam,Undefined,Undefined,Undefined,Undefined,0,0,,90.27093,-3.032702,-2.541161,2136.715892,212.264347,1:00,5.56554,1.49211,5.35848,-15.2845,19.92426,11.83087,1.44215,0.09323,82.24635,-5.928532,-0.441092,0.427068,,,,,,,,,,,,-6.69087,11.23434,-1.27237,50,5.282,5.26675,-130.7219,-7.41073,-11.54335,28.31701,-12.79208,GEO_PAT,GEO_PAT,SpuhlerFieldMain,TeamExclusive,Team,20250402-SpuhlerFieldMain-Private-1,74b5b4a0-0fe8-11f0-81ff-cd358c0e0d09,88.2587,,,8.02458,,,,,,,fb265006-3129-408d-b4ee-2139699d006d,2025-04-02,17:32:28.14,2025-04-02T13:32:28.1470000-04:00,2025-04-02T17:32:28.1470000Z,,v3,471300,471300,,"Blanchard, Evan",10073877,Right,GEO_PAT,49d841f0-05f7-4b65-bf52-cb23d9c3b93a,55.14351,-131.83138,14.1585,5.56254,-6.90952,-6.39604,-1.48758,5.71902,-5.77167,,,,,,,,,,,,,,,,,,,,,,,,,,,,,,,,,,,,,,,,,,,,,,,,,,,High,High,High,,,,,
40,2025-04-02,13:32:48.74,1,40,"Madigan III, Michael",10289060,Left,GEO_PAT,"Blanchard, Evan",10073877,Right,GEO_PAT,Undefined,1,Top,0,0,0,Undefined,Slider,Undefined,Undefined,Undefined,Undefined,0,0,,83.64183,-2.394134,-3.814823,2055.549375,55.95709,7:45,5.38082,1.63475,5.08354,-43.09305,-2.05106,-4.74051,-0.47342,-2.36165,77.96471,-10.094659,-4.651921,0.46109,,,,,,,,,,,,1.42067,-0.16626,-1.26892,50,5.11882,8.27673,-121.19051,-6.69134,2.12943,21.94404,-32.42327,GEO_PAT,GEO_PAT,SpuhlerFieldMain,TeamExclusive,Team,20250402-SpuhlerFieldMain-Private-1,80fcdd10-0fe8-11f0-81ff-cd358c0e0d09,81.7464,,,5.67712,,,,,,,fb265006-3129-408d-b4ee-2139699d006d,2025-04-02,17:32:48.74,2025-04-02T13:32:48.7460000-04:00,2025-04-02T17:32:48.7460000Z,,v3,471300,471300,,"Blanchard, Evan",10073877,Right,GEO_PAT,9715171d-310b-4a31-b377-b9e8d9480cdf,55.42228,-122.16838,10.97202,5.3848,-5.24649,-16.21164,-1.63563,8.18184,1.06471,,,,,,,,,,,,,,,,,,,,,,,,,,,,,,,,,,,,,,,,,,,,,,,,,,,High,High,High,,,,,
41,2025-04-02,13:33:09.37,1,41,"Madigan III, Michael",10289060,Left,GEO_PAT,"Blanchard, Evan",10073877,Right,GEO_PAT,Undefined,1,Top,0,0,0,Undefined,Sinker,Undefined,Undefined,Undefined,Undefined,0,0,,87.85437,-1.246425,-2.201796,2173.337066,236.236047,1:45,5.58008,1.47781,5.18954,-23.59635,13.50142,18.46395,2.44003,0.94401,80.52908,-5.605059,1.068476,0.438375,,,,,,,,,,,,-9.82367,7.42052,-1.28797,50,5.44664,4.07067,-127.46332,-3.62076,-16.20873,25.48342,-19.9304,GEO_PAT,GEO_PAT,SpuhlerFieldMain,TeamExclusive,Team,20250402-SpuhlerFieldMain-Private-1,8d318ef0-0fe8-11f0-81ff-cd358c0e0d09,85.98227,,,7.32528,,,,,,,fb265006-3129-408d-b4ee-2139699d006d,2025-04-02,17:33:09.37,2025-04-02T13:33:09.3780000-04:00,2025-04-02T17:33:09.3780000Z,,v3,471300,471300,,"Blanchard, Evan",10073877,Right,GEO_PAT,bd1a4a49-399b-48a5-93e6-25d5b3cd6a5b,55.3135,-128.52125,12.74171,5.57978,-2.79337,-9.9652,-1.47093,4.74356,-8.10436,,,,,,,,,,,,,,,,,,,,,,,,,,,,,,,,,,,,,,,,,,,,,,,,,,,High,High,High,,,,,
42,2025-04-02,13:33:29.72,1,42,"Madigan III, Michael",10289060,Left,GEO_PAT,"Blanchard, Evan",10073877,Right,GEO_PAT,Undefined,1,Top,0,0,0,Undefined,Changeup,Undefined,Undefined,Undefined,Undefined,0,0,,83.55599,-0.615521,-2.418797,1963.966942,264.616003,2:45,5.44679,1.53729,5.27817,-37.7573,3.18083,20.14387,1.72168,0.94274,76.729,-7.496835,1.158319,0.460506,,,,,,,,,,,,-10.75052,2.14949,-1.33168,50,5.36279,4.2649,-121.25107,-2.67598,-16.01601,23.54635,-28.97174,GEO_PAT,GEO_PAT,SpuhlerFieldMain,TeamExclusive,Team,20250402-SpuhlerFieldMain-Private-1,9953a330-0fe8-11f0-81ff-cd358c0e0d09,81.85001,,,6.82699,,,,,,,fb265006-3129-408d-b4ee-2139699d006d,2025-04-02,17:33:29.72,2025-04-02T13:33:29.7210000-04:00,2025-04-02T17:33:29.7210000Z,,v3,471300,471300,,"Blanchard, Evan",10073877,Right,GEO_PAT,7e1d5ef4-f631-4614-ba30-da6e41d9f8ed,55.2257,-122.26166,11.77317,5.45095,-1.43253,-14.48587,-1.52948,4.9523,-8.00801,,,,,,,,,,,,,,,,,,,,,,,,,,,,,,,,,,,,,,,,,,,,,,,,,,,High,High,High,,,,,
43,2025-04-02,13:33:47.80,1,43,"O'Hara, Connor",1000036031,Right,GEO_PAT,"Blanchard, Evan",10073877,Right,GEO_PAT,Undefined,1,Top,3,0,0,Fastball,Sinker,BallCalled,Undefined,Undefined,Undefined,0,0,,91.5429,-1.007903,-2.596318,2212.053157,246.601138,2:15,5.68747,1.39194,5.35154,-23.67356,10.89327,22.25415,2.76822,0.80951,82.4394,-5.418102,1.356514,0.423157,,,,,,,,,,,,-11.95879,6.14894,-1.17447,50,5.58013,4.96065,-132.57109,-3.1999,-20.95487,32.41317,-21.39951,GEO_PAT,GEO_PAT,SpuhlerFieldMain,TeamExclusive,Team,20250402-SpuhlerFieldMain-Private-1,a412cc10-0fe8-11f0-81ff-cd358c0e0d09,89.07443,,,9.1035,,,,,,,fb265006-3129-408d-b4ee-2139699d006d,2025-04-02,17:33:47.80,2025-04-02T13:33:47.8060000-04:00,2025-04-02T17:33:47.8060000Z,,v3,471300,471300,,"Blanchard, Evan",10073877,Right,GEO_PAT,53002993-324e-4af4-acdc-155ab19b7672,55.14931,-133.82415,16.20659,5.68784,-2.37262,-10.69976,-1.3819,5.77075,-10.47743,,,,,,,,,,,,,,,,,,,,,,,,,,,,,,,,,,,,,,,,,,,,,,,,,,,High,High,High,,,,,
44,2025-04-02,13:53:02.26,1,1,"O'Hara, Connor",1000036031,Right,GEO_PAT,"Blanchard, Evan",10073877,Right,GEO_PAT,Undefined,1,Bottom,0,0,0,Sinker,Changeup,BallCalled,Undefined,Undefined,Undefined,0,0,,84.78793,-2.207318,4.387637,1659.114967,109.794385,9:45,5.51833,-2.23744,6.85991,-30.92966,6.15272,-14.29296,0.92166,0.57928,78.99118,-7.983605,1.781204,0.438284,,,,,,,,,,,,8.68969,4.09839,1.9622,50,5.36584,-8.97437,-123.14585,-5.60725,13.54292,21.03763,-25.7867,GEO_PAT,GEO_PAT,SpuhlerFieldMain,TeamExclusive,Team,20250402-SpuhlerFieldMain-Private-1,544eb1a0-0feb-11f0-81ff-cd358c0e0d09,86.00013,,,5.79675,,,,,,,fb265006-3129-408d-b4ee-2139699d006d,2025-04-02,17:53:02.26,2025-04-02T13:53:02.2610000-04:00,2025-04-02T17:53:02.2610000Z,,v3,471300,471300,,"Blanchard, Evan",10073877,Right,GEO_PAT,17a77f70-2fd8-4963-8812-f7d7d7838791,53.64575,-123.7671,10.51882,5.52018,-4.84575,-12.89335,2.23313,-9.3743,6.77146,,,,,,,,,,,,,,,,,,,,,,,,,,,,,,,,,,,,,,,,,,,,,,,,,,,High,High,High,,,,,
45,2025-04-02,13:53:17.09,1,2,"O'Hara, Connor",1000036031,Right,GEO_PAT,"Blanchard, Evan",10073877,Right,GEO_PAT,Undefined,1,Bottom,0,1,0,Sinker,Changeup,StrikeSwinging,Undefined,Undefined,Undefined,0,0,,85.64997,-1.631883,2.381569,1678.918349,102.765461,9:30,5.4697,-2.04414,6.6349,-31.94537,4.71036,-16.24076,1.31179,-1.21578,79.47748,-7.585034,-0.577218,0.435755,,,,,,,,,,,,9.17642,3.21339,1.88911,50,5.34615,-4.60407,-124.60902,-4.49182,14.57212,22.7,-27.07122,GEO_PAT,GEO_PAT,SpuhlerFieldMain,TeamExclusive,Team,20250402-SpuhlerFieldMain-Private-1,5d22d360-0feb-11f0-81ff-cd358c0e0d09,86.49915,,,6.17249,,,,,,,fb265006-3129-408d-b4ee-2139699d006d,2025-04-02,17:53:17.09,2025-04-02T13:53:17.0930000-04:00,2025-04-02T17:53:17.0930000Z,,v3,471300,471300,,"Blanchard, Evan",10073877,Right,GEO_PAT,81300520-b731-4f8d-85bb-e0df5b2c95d3,53.87008,-125.31205,11.35,5.47228,-3.65341,-13.53561,2.03869,-5.05537,7.28606,,,,,,,,,,,,,,,,,,,,,,,,,,,,,,,,,,,,,,,,,,,,,,,,,,,High,High,High,,,,,
46,2025-04-02,13:53:32.52,1,3,"O'Hara, Connor",1000036031,Right,GEO_PAT,"Blanchard, Evan",10073877,Right,GEO_PAT,Undefined,1,Bottom,0,1,1,ChangeUp,Changeup,FoulBallNotFieldable,Undefined,Undefined,Undefined,0,0,,76.17862,-0.510209,2.734455,1248.308669,111.488841,9:45,5.22145,-2.47091,6.71423,-38.9375,7.30835,-15.1982,1.50969,-1.23572,70.65717,-7.790925,-0.03632,0.489449,,,,,,,,,,,,8.81398,4.36658,2.29543,50,5.17208,-4.82951,-110.83955,-1.97369,11.05591,18.27012,-26.69681,GEO_PAT,GEO_PAT,SpuhlerFieldMain,TeamExclusive,Team,20250402-SpuhlerFieldMain-Private-1,665ae710-0feb-11f0-81ff-cd358c0e0d09,77.00989,,,5.52145,,,,,,,fb265006-3129-408d-b4ee-2139699d006d,2025-04-02,17:53:32.52,2025-04-02T13:53:32.5290000-04:00,2025-04-02T17:53:32.5290000Z,,v3,471300,471300,,"Blanchard, Evan",10073877,Right,GEO_PAT,04efb88a-1a65-4e8a-bf6e-552ff4d9f24a,53.79103,-111.46269,9.13506,5.22387,-1.06315,-13.34841,2.46658,-5.20659,5.52795,,,,,,,,,,,,,,,,,,,,,,,,,,,,,,,,,,,,,,,,,,,,,,,,,,,High,High,High,,,,,
47,2025-04-02,13:54:00.81,1,4,"O'Hara, Connor",1000036031,Right,GEO_PAT,"Blanchard, Evan",10073877,Right,GEO_PAT,Undefined,1,Bottom,0,1,2,ChangeUp,Changeup,FoulBallNotFieldable,Undefined,Undefined,Undefined,0,0,,74.83562,0.621853,2.160291,1280.245057,114.895273,9:45,5.32831,-2.15578,6.54129,-40.13864,7.82804,-14.09099,2.55421,-1.34766,69.63541,-6.862691,-0.399786,0.498473,71.55819,33.347279,115.041706,3783.885595,,,,,82.24555,,,7.94811,4.35937,2.01188,50,5.35398,-3.66805,-108.93504,0.14469,9.68762,16.56945,-26.8606,GEO_PAT,GEO_PAT,SpuhlerFieldMain,TeamExclusive,Team,20250402-SpuhlerFieldMain-Private-1,773ca640-0feb-11f0-81ff-cd358c0e0d09,75.61587,40.99419,,5.20021,,,,1.13043,1.90776,1.29433,fb265006-3129-408d-b4ee-2139699d006d,2025-04-02,17:54:00.81,2025-04-02T13:54:00.8120000-04:00,2025-04-02T17:54:00.8120000Z,,v3,471300,471300,,"Blanchard, Evan",10073877,Right,GEO_PAT,53b7cac2-7df7-460f-88a8-d5a4fd18b1a7,53.96347,-109.53623,8.28472,5.33105,1.11929,-13.4303,2.15135,-4.01955,4.84381,,1.13043,-37.10978,1.35921,0.10563,-0.05615,-0.01636,-0.03569,0.0733,-0.02967,1.90776,57.69355,-21.49387,1.87599,-0.37032,0.1054,0.02606,-0.08526,0.03553,1.29434,79.43038,-14.57041,3.69077,-0.70632,0.06133,-0.08969,0.15402,-0.06171,,,,,,,,,,,,,,,,,,,,,,,High,High,High,Low,Undefined,,,
48,2025-04-02,13:54:27.27,1,5,"O'Hara, Connor",1000036031,Right,GEO_PAT,"Blanchard, Evan",10073877,Right,GEO_PAT,Undefined,1,Bottom,0,1,2,Sinker,Changeup,FoulBallNotFieldable,Undefined,Undefined,Undefined,0,0,,86.00072,-1.398572,3.580026,1842.419489,130.2405,10:15,5.48801,-1.85303,6.97875,-25.01738,11.42501,-12.08666,2.12839,0.40028,78.49103,-6.167324,1.370081,0.434485,63.0842,-12.671351,-52.337107,,,,,12.03346,12.03346,-43.646381,0.110602,7.52524,6.86433,1.63566,50,5.39298,-7.39964,-124.88593,-3.68977,11.82563,26.31755,-21.38703,GEO_PAT,GEO_PAT,SpuhlerFieldMain,TeamExclusive,Team,20250402-SpuhlerFieldMain-Private-1,86f798b0-0feb-11f0-81ff-cd358c0e0d09,86.75201,2.25332,,7.50969,,,,2.58391,2.25332,-0.37185,fb265006-3129-408d-b4ee-2139699d006d,2025-04-02,17:54:27.27,2025-04-02T13:54:27.2770000-04:00,2025-04-02T17:54:27.2770000Z,GroundBall,v3,471300,471300,,"Blanchard, Evan",10073877,Right,GEO_PAT,d1b0bd57-2905-4027-a8e1-476cd78c1bf6,53.52405,-125.62637,13.15877,5.48833,-3.08805,-10.69352,1.84853,-7.73236,5.91282,,2.58016,55.36682,,,,,,,,2.2547,-20.37327,,,,,,,,-0.367,-71.73226,,,,,,,,,,,,,,,,,,,,,,,,,,,,,,High,High,High,Estimated,Estimated,,,
49,2025-04-02,13:54:55.49,1,6,"Ament, Ryan",1000126783,Left,GEO_PAT,"Blanchard, Evan",10073877,Right,GEO_PAT,Undefined,1,Bottom,0,1,2,ChangeUp,Changeup,BallCalled,Undefined,Undefined,Undefined,0,0,,78.3284,-1.895465,2.9857,1340.782727,113.922847,9:45,5.2801,-2.24836,6.56476,-36.78943,6.99,-13.11076,0.47356,-0.60116,73.23035,-8.717026,0.601603,0.476219,,,,,,,,,,,,7.70347,4.44055,2.04828,50,5.13331,-5.53143,-113.93067,-4.76139,10.27989,17.93679,-26.24835,GEO_PAT,GEO_PAT,SpuhlerFieldMain,TeamExclusive,Team,20250402-SpuhlerFieldMain-Private-1,97d27a10-0feb-11f0-81ff-cd358c0e0d09,79.14941,,,5.09805,,,,,,,fb265006-3129-408d-b4ee-2139699d006d,2025-04-02,17:54:55.49,2025-04-02T13:54:55.4960000-04:00,2025-04-02T17:54:55.4960000Z,,v3,471300,471300,,"Blanchard, Evan",10073877,Right,GEO_PAT,58c7ea78-b7dd-4c88-b96f-d3eeafa716f5,53.94146,-114.54952,8.9684,5.28197,-3.85579,-13.12418,2.24524,-5.88611,5.13994,,,,,,,,,,,,,,,,,,,,,,,,,,,,,,,,,,,,,,,,,,,,,,,,,,,High,High,High,,,,,
50,2025-04-02,13:55:13.81,1,7,"Ament, Ryan",1000126783,Left,GEO_PAT,"Blanchard, Evan",10073877,Right,GEO_PAT,Undefined,1,Bottom,0,2,2,Sinker,Changeup,BallCalled,Undefined,Undefined,Undefined,0,0,,86.69134,-1.601355,1.471256,1831.072626,98.530476,9:15,5.49665,-2.09427,6.61668,-32.46892,3.36358,-15.64623,1.32338,-2.05032,80.36669,-7.6453,-1.38042,0.430834,,,,,,,,,,,,8.6443,2.4939,2.00028,50,5.37441,-2.67554,-126.17293,-4.50418,14.04493,23.77235,-28.12206,GEO_PAT,GEO_PAT,SpuhlerFieldMain,TeamExclusive,Team,20250402-SpuhlerFieldMain-Private-1,a2b77a70-0feb-11f0-81ff-cd358c0e0d09,87.48716,,,6.32465,,,,,,,fb265006-3129-408d-b4ee-2139699d006d,2025-04-02,17:55:13.81,2025-04-02T13:55:13.8130000-04:00,2025-04-02T17:55:13.8130000Z,,v3,471300,471300,,"Blanchard, Evan",10073877,Right,GEO_PAT,ac50d2c5-34dc-4608-aee9-4db6ca7830af,53.88827,-126.90341,11.88617,5.49953,-3.64005,-14.06103,2.08912,-3.10711,7.02247,,,,,,,,,,,,,,,,,,,,,,,,,,,,,,,,,,,,,,,,,,,,,,,,,,,High,High,High,,,,,
51,2025-04-02,13:55:32.90,1,8,"Ament, Ryan",1000126783,Left,GEO_PAT,"Blanchard, Evan",10073877,Right,GEO_PAT,Undefined,1,Bottom,0,3,2,Sinker,Changeup,BallCalled,Walk,Undefined,Undefined,0,0,,84.69677,-2.644293,4.29076,1727.410551,107.241017,9:30,5.46343,-2.28196,6.74939,-32.41124,5.09559,-12.97166,0.33822,0.56434,78.67712,-8.676793,1.928847,0.440785,,,,,,,,,,,,8.00398,3.66681,2.0046,50,5.27661,-8.7857,-122.92571,-6.60452,12.3684,22.10614,-26.50781,GEO_PAT,GEO_PAT,SpuhlerFieldMain,TeamExclusive,Team,20250402-SpuhlerFieldMain-Private-1,ae19c120-0feb-11f0-81ff-cd358c0e0d09,85.51211,,,6.01965,,,,,,,fb265006-3129-408d-b4ee-2139699d006d,2025-04-02,17:55:32.90,2025-04-02T13:55:32.9060000-04:00,2025-04-02T17:55:32.9060000Z,,v3,471300,471300,,"Blanchard, Evan",10073877,Right,GEO_PAT,0a082266-5297-498a-9708-08daa6d3d2d7,53.756,-123.59932,11.05307,5.46555,-5.79678,-13.2539,2.27805,-9.16259,6.1842,,,,,,,,,,,,,,,,,,,,,,,,,,,,,,,,,,,,,,,,,,,,,,,,,,,High,High,High,,,,,
52,2025-04-02,13:56:06.24,2,1,"Ament, Ryan",1000126783,Left,GEO_PAT,"Hueber, Toby",1000091691,Right,GEO_PAT,Undefined,1,Bottom,0,0,0,ChangeUp,Changeup,BallCalled,Undefined,Undefined,Undefined,0,0,,75.44207,-1.316726,4.64156,1292.525278,164.162974,11:30,5.39016,-2.25939,6.4305,-35.71596,12.58446,-3.13937,1.19938,1.75459,69.47704,-7.981366,4.075094,0.500204,,,,,,,,,,,,2.92571,7.40949,1.92953,50,5.27988,-8.7733,-109.32582,-3.44261,3.54391,19.12102,-23.19891,GEO_PAT,GEO_PAT,SpuhlerFieldMain,TeamExclusive,Team,20250402-SpuhlerFieldMain-Private-1,c1ef44e0-0feb-11f0-81ff-cd358c0e0d09,75.3542,,,5.96504,,,,,,,fb265006-3129-408d-b4ee-2139699d006d,2025-04-02,17:56:06.24,2025-04-02T13:56:06.2450000-04:00,2025-04-02T17:56:06.2450000Z,,v3,471300,471300,,"Blanchard, Evan",10073877,Right,GEO_PAT,3f5653d4-bfe3-44e7-8552-0802afa033b9,54.07108,-110.03554,9.56051,5.39168,-2.58153,-11.59946,2.25762,-8.90484,1.77196,,,,,,,,,,,,,,,,,,,,,,,,,,,,,,,,,,,,,,,,,,,,,,,,,,,High,High,High,,,,,
53,2025-04-02,13:56:36.41,2,2,"Ament, Ryan",1000126783,Left,GEO_PAT,"Hueber, Toby",1000091691,Right,GEO_PAT,Undefined,1,Bottom,0,1,0,Sinker,Changeup,StrikeCalled,Undefined,Undefined,Undefined,0,0,,85.22334,-0.52402,3.17107,1739.276447,80.502484,8:45,5.44702,-2.23071,6.65067,-37.85089,-0.89221,-11.37205,1.8124,-0.27294,79.1925,-7.55313,1.101093,0.437552,,,,,,,,,,,,6.8315,-0.07984,2.02139,50,5.39617,-6.47662,-123.99011,-2.26183,10.75651,22.13304,-32.29975,GEO_PAT,GEO_PAT,SpuhlerFieldMain,TeamExclusive,Team,20250402-SpuhlerFieldMain-Private-1,d3ed4980-0feb-11f0-81ff-cd358c0e0d09,86.14392,,,6.03084,,,,,,,fb265006-3129-408d-b4ee-2139699d006d,2025-04-02,17:56:36.41,2025-04-02T13:56:36.4170000-04:00,2025-04-02T17:56:36.4170000Z,,v3,471300,471300,,"Blanchard, Evan",10073877,Right,GEO_PAT,52c76e50-e2cf-44d9-aa26-04c225a137fc,53.85543,-124.67642,11.06652,5.45078,-1.26025,-16.14988,2.22739,-6.81017,5.37825,,,,,,,,,,,,,,,,,,,,,,,,,,,,,,,,,,,,,,,,,,,,,,,,,,,High,High,High,,,,,
54,2025-04-02,13:57:16.21,2,3,"Ament, Ryan",1000126783,Left,GEO_PAT,"Hueber, Toby",1000091691,Right,GEO_PAT,Undefined,1,Bottom,0,1,1,Sinker,Changeup,InPlay,Undefined,Bunt,Single,0,0,,83.78799,-1.369306,4.778919,1804.208636,127.849594,10:15,5.47742,-2.22829,7.22198,-25.87206,12.07721,-14.00017,2.07719,0.94156,76.80916,-6.311439,2.213223,0.443377,,,,,,,,,,,,8.95914,7.24867,1.95703,50,5.39068,-9.73256,-121.6059,-3.51817,13.41349,23.88328,-21.32145,GEO_PAT,GEO_PAT,SpuhlerFieldMain,TeamExclusive,Team,20250402-SpuhlerFieldMain-Private-1,eba9f280-0feb-11f0-81ff-cd358c0e0d09,85.01216,,,6.97883,,,,,,,fb265006-3129-408d-b4ee-2139699d006d,2025-04-02,17:57:16.21,2025-04-02T13:57:16.2120000-04:00,2025-04-02T17:57:16.2120000Z,,v3,471300,471300,,"Blanchard, Evan",10073877,Right,GEO_PAT,da225dcb-bcf6-43ce-9bba-8122a58701c5,53.28245,-122.24887,11.94164,5.47767,-2.94417,-10.66073,2.2239,-10.09367,6.70675,,,,,,,,,,,,,,,,,,,,,,,,,,,,,,,,,,,,,,,,,,,,,,,,,,,High,High,High,,,,,
55,2025-04-02,13:58:07.73,3,1,"Ament, Ryan",1000126783,Left,GEO_PAT,"Capers, Tripp",10118940,Right,GEO_PAT,Undefined,1,Bottom,0,0,0,Sinker,Changeup,StrikeCalled,Undefined,Undefined,Undefined,0,0,,86.5858,-0.548747,3.928034,1758.166491,90.378126,9:00,5.56417,-1.94476,6.68101,-34.92061,1.2139,-16.83343,2.15095,0.25133,79.60697,-7.070647,0.866113,0.432646,,,,,,,,,,,,9.99882,1.10004,1.68816,50,5.51354,-8.03328,-125.77643,-2.25073,16.04904,25.03528,-30.40838,GEO_PAT,GEO_PAT,SpuhlerFieldMain,TeamExclusive,Team,20250402-SpuhlerFieldMain-Private-1,0a622cb0-0fec-11f0-81ff-cd358c0e0d09,87.12077,,,6.97883,,,,,,,fb265006-3129-408d-b4ee-2139699d006d,2025-04-02,17:58:07.73,2025-04-02T13:58:07.7340000-04:00,2025-04-02T17:58:07.7340000Z,,v3,471300,471300,,"Blanchard, Evan",10073877,Right,GEO_PAT,8b245b87-7e22-4dcc-8609-2fc5b663f6ad,53.82405,-126.5353,12.51764,5.56779,-1.32898,-15.20419,1.93904,-8.51976,8.02452,,,,,,,,,,,,,,,,,,,,,,,,,,,,,,,,,,,,,,,,,,,,,,,,,,,High,High,High,,,,,
56,2025-04-02,13:58:25.46,3,2,"Ament, Ryan",1000126783,Left,GEO_PAT,"Capers, Tripp",10118940,Right,GEO_PAT,Undefined,1,Bottom,0,0,1,Sinker,Changeup,BallCalled,Undefined,Undefined,Undefined,0,0,,82.47822,-0.765487,2.963441,1741.79613,98.566807,9:15,5.51631,-2.15446,6.68451,-35.58285,3.99469,-18.86851,1.8499,-1.01373,76.26555,-7.411964,-0.474645,0.452789,,,,,,,,,,,,10.76414,2.65402,1.96338,50,5.45097,-5.56699,-119.96668,-2.60581,15.79013,21.7824,-28.28085,GEO_PAT,GEO_PAT,SpuhlerFieldMain,TeamExclusive,Team,20250402-SpuhlerFieldMain-Private-1,14f42b10-0fec-11f0-81ff-cd358c0e0d09,83.24503,,,6.21267,,,,,,,fb265006-3129-408d-b4ee-2139699d006d,2025-04-02,17:58:25.46,2025-04-02T13:58:25.4630000-04:00,2025-04-02T17:58:25.4630000Z,,v3,471300,471300,,"Blanchard, Evan",10073877,Right,GEO_PAT,53ef7f61-8c90-4f6e-852c-24ab3285c411,53.82076,-120.65842,10.8912,5.51946,-1.70769,-14.14042,2.14813,-6.06844,7.89507,,,,,,,,,,,,,,,,,,,,,,,,,,,,,76.20615,2.175243,0.827904,1.347339,0.71613,1.75813,1.01982,0.43484,5.95257,2.34504,127.28116,0.45837,3.11919,0.62677,109.14561,-11.47227,5.93506,9.25577,-9.87515,2.27026,-3.68376,3.28943,High,High,High,,,High,High,High
57,2025-04-02,13:58:51.74,3,3,"Ament, Ryan",1000126783,Left,GEO_PAT,"Capers, Tripp",10118940,Right,GEO_PAT,Undefined,1,Bottom,0,1,1,Slider,Curveball,BallCalled,Undefined,Undefined,Undefined,0,0,,75.33863,0.731204,4.319424,1936.929733,299.118653,4:00,5.32042,-2.46222,5.92018,-49.65692,-0.79256,3.81642,1.86291,1.87204,70.1469,-8.339184,5.001737,0.503115,,,,,,,,,,,,-0.89441,-0.20409,2.11334,50,5.35055,-8.38829,-109.31686,-0.09095,-1.0936,17.38443,-32.42358,GEO_PAT,GEO_PAT,SpuhlerFieldMain,TeamExclusive,Team,20250402-SpuhlerFieldMain-Private-1,24a5ceb0-0fec-11f0-81ff-cd358c0e0d09,74.9181,,,5.19173,,,,,,,fb265006-3129-408d-b4ee-2139699d006d,2025-04-02,17:58:51.74,2025-04-02T13:58:51.7430000-04:00,2025-04-02T17:58:51.7430000Z,,v3,471300,471300,,"Blanchard, Evan",10073877,Right,GEO_PAT,17537c42-59a8-4498-bbe1-9d5a7927e03c,54.58482,-110.04356,8.69221,5.32603,1.26441,-16.21179,2.46303,-8.34257,-0.5468,,,,,,,,,,,,,,,,,,,,,,,,,,,,,,,,,,,,,,,,,,,,,,,,,,,High,High,High,,,,,
58,2025-04-02,13:59:10.26,3,4,"Ament, Ryan",1000126783,Left,GEO_PAT,"Capers, Tripp",10118940,Right,GEO_PAT,Undefined,1,Bottom,0,2,1,ChangeUp,Changeup,StrikeSwinging,Undefined,Undefined,Undefined,0,0,,77.4104,-1.397444,3.624265,1339.809402,98.030042,9:15,5.33732,-2.43781,6.44344,-42.63809,2.81414,-10.52816,0.49719,0.01968,71.86456,-9.280104,1.715473,0.485231,,,,,,,,,,,,6.54032,2.15551,2.1851,50,5.21833,-6.78656,-112.45385,-3.92285,8.42513,19.25091,-29.39736,GEO_PAT,GEO_PAT,SpuhlerFieldMain,TeamExclusive,Team,20250402-SpuhlerFieldMain-Private-1,2fa7a5e0-0fec-11f0-81ff-cd358c0e0d09,77.67929,,,5.54584,,,,,,,fb265006-3129-408d-b4ee-2139699d006d,2025-04-02,17:59:10.26,2025-04-02T13:59:10.2690000-04:00,2025-04-02T17:59:10.2690000Z,,v3,471300,471300,,"Blanchard, Evan",10073877,Right,GEO_PAT,6bdaacee-61ba-453d-93a7-122b006aff15,54.06226,-113.14712,9.62545,5.34054,-2.86417,-14.69868,2.43496,-7.08997,4.21257,,,,,,,,,,,,,,,,,,,,,,,,,,,,,,,,,,,,,,,,,,,,,,,,,,,High,High,High,,,,,
59,2025-04-02,13:59:35.97,3,5,"Ament, Ryan",1000126783,Left,GEO_PAT,"Stanley, Jake",1000138934,Left,GEO_PAT,Undefined,1,Bottom,0,0,0,Slider,Curveball,BallCalled,Undefined,Undefined,Undefined,0,0,,73.37327,1.996002,0.750027,1977.508325,260.616235,2:45,5.30273,-2.43908,5.77846,-48.67329,2.84532,8.73615,3.10485,-1.01311,68.11306,-6.933652,2.314302,0.516599,,,,,,,,,,,,-4.29248,1.37536,2.3717,50,5.43786,-1.69762,-106.67926,2.27533,-5.00517,16.31747,-30.57035,GEO_PAT,GEO_PAT,SpuhlerFieldMain,TeamExclusive,Team,20250402-SpuhlerFieldMain-Private-1,3f0a3f20-0fec-11f0-81ff-cd358c0e0d09,72.96267,,,5.26021,,,,,,,fb265006-3129-408d-b4ee-2139699d006d,2025-04-02,17:59:35.97,2025-04-02T13:59:35.9700000-04:00,2025-04-02T17:59:35.9700000Z,,v3,471300,471300,,"Blanchard, Evan",10073877,Right,GEO_PAT,5ed82044-473a-429f-81f8-d4e9c78e514c,54.72603,-107.39971,8.15874,5.3076,3.62508,-15.28518,2.44178,-1.47663,-2.50259,,,,,,,,,,,,,,,,,,,,,,,,,,,,,,,,,,,,,,,,,,,,,,,,,,,High,High,High,,,,,
60,2025-04-02,14:00:01.08,3,6,"Ament, Ryan",1000126783,Left,GEO_PAT,"Stanley, Jake",1000138934,Left,GEO_PAT,Undefined,1,Bottom,0,1,0,Slider,Curveball,FoulBallNotFieldable,Undefined,Undefined,Undefined,0,0,,72.66831,1.665008,1.572543,1867.92923,294.436518,3:45,5.07357,-2.67735,5.93586,-52.29759,-1.12457,4.80961,2.26121,-0.81722,68.95724,-7.86445,2.43653,0.514863,,,,,,,,,,,,-2.21764,-0.64961,2.54888,50,5.17578,-3.05961,-105.90318,1.57861,-2.6022,12.44575,-32.93631,GEO_PAT,GEO_PAT,SpuhlerFieldMain,TeamExclusive,Team,20250402-SpuhlerFieldMain-Private-1,4df92f00-0fec-11f0-81ff-cd358c0e0d09,73.20864,,,3.71107,,,,,,,fb265006-3129-408d-b4ee-2139699d006d,2025-04-02,18:00:01.08,2025-04-02T14:00:01.0810000-04:00,2025-04-02T18:00:01.0810000Z,,v3,471300,471300,,"Blanchard, Evan",10073877,Right,GEO_PAT,557c7908-20d5-4bc0-a4aa-11103e18d4a0,54.57207,-106.43914,6.22287,5.07726,2.99695,-16.46816,2.67823,-2.94755,-1.3011,,,,,,,,,,,,,,,,,,,,,,,,,,,,,,,,,,,,,,,,,,,,,,,,,,,High,High,High,,,,,
61,2025-04-02,14:00:34.07,3,7,"Ament, Ryan",1000126783,Left,GEO_PAT,"Stanley, Jake",1000138934,Left,GEO_PAT,Undefined,1,Bottom,0,1,1,Slider,Curveball,FoulBallNotFieldable,Undefined,Undefined,Undefined,0,0,,73.3111,1.096993,1.903752,1856.812146,256.253875,2:30,5.21482,-2.51148,5.98078,-48.11688,2.90961,6.47402,2.22266,-0.20658,68.47427,-7.733874,3.067108,0.514126,,,,,,,,,,,,-2.91291,1.60823,2.35722,50,5.27436,-3.75791,-106.65731,0.66915,-3.40727,15.6898,-30.29289,GEO_PAT,GEO_PAT,SpuhlerFieldMain,TeamExclusive,Team,20250402-SpuhlerFieldMain-Private-1,61a4bc90-0fec-11f0-81ff-cd358c0e0d09,73.31367,,,4.83683,,,,,,,fb265006-3129-408d-b4ee-2139699d006d,2025-04-02,18:00:34.07,2025-04-02T14:00:34.0730000-04:00,2025-04-02T18:00:34.0730000Z,,v3,471300,471300,,"Blanchard, Evan",10073877,Right,GEO_PAT,7ed928fa-9cba-4d3d-b2ba-7b269a5048a6,54.52451,-107.32082,7.8449,5.21897,1.95022,-15.14645,2.5131,-3.61382,-1.70363,,,,,,,,,,,,,,,,,,,,,,,,,,,,,,,,,,,,,,,,,,,,,,,,,,,High,High,High,,,,,
62,2025-04-02,14:01:01.09,3,8,"Ament, Ryan",1000126783,Left,GEO_PAT,"Stanley, Jake",1000138934,Left,GEO_PAT,Undefined,1,Bottom,0,1,2,Slider,Curveball,BallCalled,Undefined,Undefined,Undefined,0,0,,74.33354,-0.878641,5.654839,1955.032809,301.615712,4:00,5.18449,-2.35517,6.13484,-50.90428,-0.88441,3.65579,0.12631,3.19328,69.54308,-10.148101,6.309419,0.509029,,,,,,,,,,,,-0.4824,0.14594,1.92005,50,5.09037,-10.77992,-107.66803,-3.10746,-0.57162,17.03895,-32.00111,GEO_PAT,GEO_PAT,SpuhlerFieldMain,TeamExclusive,Team,20250402-SpuhlerFieldMain-Private-1,71bb3c80-0fec-11f0-81ff-cd358c0e0d09,74.0477,,,4.79046,,,,,,,fb265006-3129-408d-b4ee-2139699d006d,2025-04-02,18:01:01.09,2025-04-02T14:01:01.0960000-04:00,2025-04-02T18:01:01.0960000Z,,v3,471300,471300,,"Blanchard, Evan",10073877,Right,GEO_PAT,4198837e-3d2e-415e-a4d2-b289b0f63b27,54.3705,-108.35748,8.51948,5.18991,-1.81261,-16.00055,2.35576,-10.75679,-0.28581,,,,,,,,,,,,,,,,,,,,,,,,,,,,,,,,,,,,,,,,,,,,,,,,,,,High,High,High,,,,,
63,2025-04-02,14:01:23.12,3,9,"Ament, Ryan",1000126783,Left,GEO_PAT,"Stanley, Jake",1000138934,Left,GEO_PAT,Undefined,1,Bottom,0,2,2,Fastball,Sinker,HitByPitch,Undefined,Undefined,Undefined,0,0,,86.78025,0.04687,1.148964,1844.097846,107.274793,9:30,5.41705,-2.08345,6.6818,-31.20604,4.30902,-10.74942,2.85944,-1.92808,80.45813,-5.791368,-0.810578,0.428921,,,,,,,,,,,,6.07433,2.49268,2.01113,50,5.40732,-2.17134,-126.42959,-0.80154,9.93797,23.17081,-28.09586,GEO_PAT,GEO_PAT,SpuhlerFieldMain,TeamExclusive,Team,20250402-SpuhlerFieldMain-Private-1,7eb73600-0fec-11f0-81ff-cd358c0e0d09,87.87726,,,6.32212,,,,,,,fb265006-3129-408d-b4ee-2139699d006d,2025-04-02,18:01:23.12,2025-04-02T14:01:23.1230000-04:00,2025-04-02T18:01:23.1230000Z,,v3,471300,471300,,"Blanchard, Evan",10073877,Right,GEO_PAT,2e58518d-da4d-4e71-833e-d2cc5c8f20a5,53.82466,-127.1286,11.5854,5.41872,0.04606,-14.04793,2.08115,-2.47115,4.96899,,,,,,,,,,,,,,,,,,,,,,,,,,,,,,,,,,,,,,,,,,,,,,,,,,,High,High,High,,,,,
64,2025-04-02,14:01:53.23,4,1,"Ament, Ryan",1000126783,Left,GEO_PAT,"Tomlinson, Ty",1000364327,Right,GEO_PAT,Undefined,1,Bottom,0,0,0,Sinker,Changeup,FoulBallNotFieldable,Undefined,Undefined,Undefined,0,0,,84.93062,-1.187786,2.755612,1702.026937,108.338086,9:30,5.41376,-2.07902,6.8939,-30.29132,6.96575,-17.5132,1.80594,-1.02601,77.98177,-6.901732,-0.447966,0.439315,,,,,,,,,,,,10.12532,4.38299,1.9105,50,5.32792,-5.34649,-123.49715,-3.38106,15.63056,24.69327,-25.40796,GEO_PAT,GEO_PAT,SpuhlerFieldMain,TeamExclusive,Team,20250402-SpuhlerFieldMain-Private-1,90cbf6f0-0fec-11f0-81ff-cd358c0e0d09,85.79827,,,6.94885,,,,,,,fb265006-3129-408d-b4ee-2139699d006d,2025-04-02,18:01:53.23,2025-04-02T14:01:53.2320000-04:00,2025-04-02T18:01:53.2320000Z,,v3,471300,471300,,"Blanchard, Evan",10073877,Right,GEO_PAT,16d96372-e983-4e83-a99e-123a1cf266b2,53.61027,-124.21693,12.34663,5.41568,-2.64045,-12.70398,2.07298,-5.8021,7.81528,,,,,,,,,,,,,,,,,,,,,,,,,,,,,,,,,,,,,,,,,,,,,,,,,,,High,High,High,,,,,
65,2025-04-02,14:02:14.45,4,2,"Ament, Ryan",1000126783,Left,GEO_PAT,"Tomlinson, Ty",1000364327,Right,GEO_PAT,Undefined,1,Bottom,0,0,1,Sinker,Changeup,BallCalled,Undefined,Undefined,Undefined,0,0,,84.46092,-1.202004,4.238893,1826.939169,118.431801,10:00,5.32166,-2.21421,6.98292,-30.37348,6.76658,-10.65205,1.69415,0.76043,78.59151,-6.903047,2.293036,0.438624,,,,,,,,,,,,6.69284,4.22205,1.95586,50,5.23713,-8.74578,-122.755,-3.38891,10.36856,20.81734,-25.63325,GEO_PAT,GEO_PAT,SpuhlerFieldMain,TeamExclusive,Team,20250402-SpuhlerFieldMain-Private-1,9d6bedc0-0fec-11f0-81ff-cd358c0e0d09,85.93328,,,5.8694,,,,,,,fb265006-3129-408d-b4ee-2139699d006d,2025-04-02,18:02:14.45,2025-04-02T14:02:14.4550000-04:00,2025-04-02T18:02:14.4550000Z,,v3,471300,471300,,"Blanchard, Evan",10073877,Right,GEO_PAT,772f48d7-02fa-40ee-a2d5-02fb8f73e45e,53.52161,-123.35076,10.40867,5.32362,-2.65532,-12.81662,2.21039,-9.04251,5.18428,,,,,,,,,,,,,,,,,,,,,,,,,,,,,,,,,,,,,,,,,,,,,,,,,,,High,High,High,,,,,
66,2025-04-02,14:02:31.79,4,3,"Ament, Ryan",1000126783,Left,GEO_PAT,"Tomlinson, Ty",1000364327,Right,GEO_PAT,Undefined,1,Bottom,0,1,1,Sinker,Changeup,BallCalled,Undefined,Undefined,Undefined,0,0,,82.47295,-2.247545,5.931785,1775.84618,125.248066,10:15,5.38703,-2.14585,6.99446,-31.41486,7.81339,-9.52004,0.71339,2.47392,76.77716,-8.122648,4.199869,0.450787,,,,,,,,,,,,6.52756,5.05733,1.78339,50,5.23765,-12.11063,-119.47598,-5.51919,9.56676,20.01247,-24.76209,GEO_PAT,GEO_PAT,SpuhlerFieldMain,TeamExclusive,Team,20250402-SpuhlerFieldMain-Private-1,a7b179d0-0fec-11f0-81ff-cd358c0e0d09,83.61483,,,5.69579,,,,,,,fb265006-3129-408d-b4ee-2139699d006d,2025-04-02,18:02:31.79,2025-04-02T14:02:31.7930000-04:00,2025-04-02T18:02:31.7930000Z,,v3,471300,471300,,"Blanchard, Evan",10073877,Right,GEO_PAT,5466449f-a094-49cd-ba68-6df7afb229fc,53.51011,-120.06249,10.00624,5.38876,-4.79348,-12.38105,2.14242,-12.39101,4.78338,,,,,,,,,,,,,,,,,,,,,,,,,,,,,,,,,,,,,,,,,,,,,,,,,,,High,High,High,,,,,
67,2025-04-02,14:02:56.56,4,4,"Ament, Ryan",1000126783,Left,GEO_PAT,"Tomlinson, Ty",1000364327,Right,GEO_PAT,Undefined,1,Bottom,0,2,1,Sinker,Changeup,InPlay,Undefined,GroundBall,Out,2,0,,84.40342,-0.569495,2.960155,1779.467694,105.052717,9:30,5.4576,-2.3029,6.83584,-33.42136,3.7828,-10.49485,2.15236,-0.47521,78.75083,-6.812245,1.043683,0.439003,100.1648,-21.283096,-15.154932,,,,,8.20725,8.20725,-7.308683,0.042776,6.32914,2.39677,2.1167,50,5.40842,-6.01401,-122.89405,-2.14643,9.84471,20.45521,-28.44599,GEO_PAT,GEO_PAT,SpuhlerFieldMain,TeamExclusive,Team,20250402-SpuhlerFieldMain-Private-1,b6867910-0fec-11f0-81ff-cd358c0e0d09,85.85926,2.28452,,5.65259,,,,2.47991,2.28452,0.4891,fb265006-3129-408d-b4ee-2139699d006d,2025-04-02,18:02:56.56,2025-04-02T14:02:56.5650000-04:00,2025-04-02T18:02:56.5650000Z,GroundBall,v3,471300,471300,,"Blanchard, Evan",10073877,Right,GEO_PAT,a3d3cbeb-b948-4046-b300-f63d833bf515,53.67049,-123.50348,10.22761,5.45975,-1.29893,-14.223,2.30025,-6.30732,4.92236,180,2.47851,132.33236,,,,,,,,2.28509,-53.40661,,,,,,,,0.48948,-35.84216,,,,,,,,,,,,,,,,,,,,,,,,,,,,,,High,High,High,High,High,,,
68,2025-04-02,14:06:28.72,5,1,"Madigan III, Michael",10289060,Left,GEO_PAT,"Tignor, Laken",1000091229,Right,GEO_PAT,Undefined,1,Bottom,2,0,0,ChangeUp,Changeup,StrikeSwinging,Undefined,Undefined,Undefined,0,0,,81.48736,-1.78244,0.437803,1227.46018,185.377092,12:15,5.61906,-0.95596,5.78641,-22.83974,19.40072,1.69862,2.05682,-0.40708,74.65074,-6.077039,0.742141,0.467774,,,,,,,,,,,,-0.74417,10.7991,0.91884,50,5.45841,-0.97044,-118.29803,-4.33389,-1.05483,22.50729,-16.86658,GEO_PAT,GEO_PAT,SpuhlerFieldMain,TeamExclusive,Team,20250402-SpuhlerFieldMain-Private-1,3504d3e0-0fed-11f0-81ff-cd358c0e0d09,80.57839,,,6.83662,,,,,,,fb265006-3129-408d-b4ee-2139699d006d,2025-04-02,18:06:28.72,2025-04-02T14:06:28.7230000-04:00,2025-04-02T18:06:28.7230000Z,,v3,471300,471300,,"Blanchard, Evan",10073877,Right,GEO_PAT,62241b7a-8236-4611-b3d9-48675aa18c31,54.71403,-119.19154,11.25365,5.61717,-3.6643,-8.43329,0.95654,-0.92856,-0.52741,,,,,,,,,,,,,,,,,,,,,,,,,,,,,,,,,,,,,,,,,,,,,,,,,,,High,High,High,,,,,
69,2025-04-02,14:06:50.88,5,2,"Madigan III, Michael",10289060,Left,GEO_PAT,"Tignor, Laken",1000091229,Right,GEO_PAT,Undefined,1,Bottom,2,0,1,Fastball,Four-Seam,BallCalled,Undefined,Undefined,Undefined,0,0,,86.59282,-0.668962,-0.80083,2091.956232,162.324395,11:30,5.60416,-0.68241,6.21891,-17.28654,19.43249,-5.82992,3.54619,-1.90732,79.24362,-3.980902,-1.853234,0.436131,,,,,,,,,,,,2.78898,10.59087,0.74513,50,5.54515,1.99051,-125.85667,-1.91737,4.47885,25.2512,-15.16609,GEO_PAT,GEO_PAT,SpuhlerFieldMain,TeamExclusive,Team,20250402-SpuhlerFieldMain-Private-1,421e6780-0fed-11f0-81ff-cd358c0e0d09,86.42456,,,7.3492,,,,,,,fb265006-3129-408d-b4ee-2139699d006d,2025-04-02,18:06:50.88,2025-04-02T14:06:50.8820000-04:00,2025-04-02T18:06:50.8820000Z,,v3,471300,471300,,"Blanchard, Evan",10073877,Right,GEO_PAT,9cd4c82b-d060-4f78-b0c8-3f733a36645b,54.28173,-126.71282,12.6256,5.60144,-1.40316,-7.58304,0.68021,1.83865,2.23942,,,,,,,,,,,,,,,,,,,,,,,,,,,,,,,,,,,,,,,,,,,,,,,,,,,High,High,High,,,,,
70,2025-04-02,14:07:10.02,5,3,"Madigan III, Michael",10289060,Left,GEO_PAT,"Tignor, Laken",1000091229,Right,GEO_PAT,Undefined,1,Bottom,2,1,1,Splitter,Slider,FoulBallNotFieldable,Undefined,Undefined,Undefined,0,0,,80.20439,-1.993035,1.014063,1162.424668,198.815023,12:45,5.60038,-0.77238,6.0768,-35.42191,7.40374,2.09736,0.80335,0.34083,74.39741,-8.523207,1.392445,0.471003,,,,,,,,,,,,-0.83421,4.6837,0.69275,50,5.42692,-2.13765,-116.59879,-5.11975,-1.15586,20.5949,-25.68443,GEO_PAT,GEO_PAT,SpuhlerFieldMain,TeamExclusive,Team,20250402-SpuhlerFieldMain-Private-1,4d9b1400-0fed-11f0-81ff-cd358c0e0d09,80.02598,,,5.80698,,,,,,,fb265006-3129-408d-b4ee-2139699d006d,2025-04-02,18:07:10.02,2025-04-02T14:07:10.0290000-04:00,2025-04-02T18:07:10.0290000Z,,v3,471300,471300,,"Blanchard, Evan",10073877,Right,GEO_PAT,c140b7df-0bc7-4373-94d3-4daa24ad50d5,54.42767,-117.37825,10.29745,5.60229,-4.14768,-12.84221,0.77282,-2.0939,-0.57793,,,,,,,,,,,,,,,,,,,,,,,,,,,,,,,,,,,,,,,,,,,,,,,,,,,High,High,High,,,,,
71,2025-04-02,14:07:32.30,5,4,"Madigan III, Michael",10289060,Left,GEO_PAT,"Tignor, Laken",1000091229,Right,GEO_PAT,Undefined,1,Bottom,2,1,2,Fastball,Four-Seam,FoulBallNotFieldable,Undefined,Undefined,Undefined,0,0,,87.37984,-2.749439,1.416647,2257.020743,171.078122,11:45,5.49976,-0.67916,6.47406,-15.33154,20.29178,-3.01618,1.69439,0.37078,80.43412,-5.695141,0.869517,0.429575,,,,,,,,,,,,1.94795,11.67851,0.58059,50,5.29867,-3.0254,-126.95752,-6.46678,3.19833,24.53794,-12.99925,GEO_PAT,GEO_PAT,SpuhlerFieldMain,TeamExclusive,Team,20250402-SpuhlerFieldMain-Private-1,5ae1f930-0fed-11f0-81ff-cd358c0e0d09,87.74362,,,6.94573,,,,,,,fb265006-3129-408d-b4ee-2139699d006d,2025-04-02,18:07:32.30,2025-04-02T14:07:32.3040000-04:00,2025-04-02T18:07:32.3040000Z,,v3,471300,471300,,"Blanchard, Evan",10073877,Right,GEO_PAT,0a143c2d-fff4-4bc4-b96a-e70574b3ad5f,54.02797,-127.73366,12.26897,5.49671,-6.05561,-6.49963,0.67788,-3.12656,1.59917,,,,,,,,,,,,,,,,,,,,,,,,,,,,,,,,,,,,,,,,,,,,,,,,,,,High,High,High,,,,,
72,2025-04-02,14:07:52.66,5,5,"Madigan III, Michael",10289060,Left,GEO_PAT,"Tignor, Laken",1000091229,Right,GEO_PAT,Undefined,1,Bottom,2,1,2,Fastball,Four-Seam,BallCalled,Undefined,Undefined,Undefined,0,0,,86.69632,0.838556,0.086739,2045.905998,168.01175,11:30,5.53346,-0.77002,6.26548,-17.2617,19.45292,-3.88181,4.8682,-1.01352,78.87149,-2.489968,-0.614655,0.436105,,,,,,,,,,,,2.02547,10.18394,0.76533,50,5.58682,-0.03543,-125.96082,1.41013,3.24425,26.31143,-15.86212,GEO_PAT,GEO_PAT,SpuhlerFieldMain,TeamExclusive,Team,20250402-SpuhlerFieldMain-Private-1,66eab910-0fed-11f0-81ff-cd358c0e0d09,86.42976,,,7.82483,,,,,,,fb265006-3129-408d-b4ee-2139699d006d,2025-04-02,18:07:52.66,2025-04-02T14:07:52.6680000-04:00,2025-04-02T18:07:52.6680000Z,,v3,471300,471300,,"Blanchard, Evan",10073877,Right,GEO_PAT,19f6e879-174c-4bfa-9430-6e4799638568,54.23407,-126.84218,13.15572,5.53069,1.94146,-7.93106,0.76833,-0.1441,1.62212,,,,,,,,,,,,,,,,,,,,,,,,,,,,,73.36284,2.27892,0.793446,1.485474,-1.30042,4.74517,1.04353,-2.65962,6.18164,2.27266,127.28084,0.26258,8.50527,-2.35774,103.95448,-11.49302,6.15714,10.7716,-9.91384,2.24516,3.27556,0.65437,High,High,High,,,High,High,High
73,2025-04-02,14:08:24.20,5,6,"Madigan III, Michael",10289060,Left,GEO_PAT,"Tignor, Laken",1000091229,Right,GEO_PAT,Undefined,1,Bottom,2,2,2,ChangeUp,Changeup,InPlay,Undefined,GroundBall,Out,1,0,,80.75895,-0.806809,0.822041,1137.872847,176.761552,12:00,5.5028,-0.89246,6.19133,-31.19336,11.25757,-0.55902,2.15829,-0.17999,73.86364,-6.646112,0.721076,0.468938,87.21455,-3.271293,-33.434224,,,,,31.72236,31.72236,-31.286274,0.237972,0.53134,6.4665,0.83078,50,5.42615,-1.66376,-117.35078,-2.5482,0.73759,23.14207,-23.19732,GEO_PAT,GEO_PAT,SpuhlerFieldMain,TeamExclusive,Team,20250402-SpuhlerFieldMain-Private-1,79d31db0-0fed-11f0-81ff-cd358c0e0d09,80.37835,2.46415,,6.8953,,,,3.30503,2.46415,0.16471,fb265006-3129-408d-b4ee-2139699d006d,2025-04-02,18:08:24.20,2025-04-02T14:08:24.2030000-04:00,2025-04-02T18:08:24.2030000Z,GroundBall,v3,471300,471300,,"Blanchard, Evan",10073877,Right,GEO_PAT,3ef947fc-8cba-4c73-9414-a9a7bbbcf126,54.31107,-118.19788,11.57104,5.50388,-1.69907,-11.59866,0.89218,-1.69075,0.36879,93.084642,3.30918,106.34062,-26.66201,,,,,,,2.46482,-7.33684,-12.70536,,,,,,,0.16557,-70.41159,2.04389,,,,,,,,,,,,,,,,,,,,,,,,,,,,,High,High,High,High,High,,,
74,2025-04-02,14:08:57.62,1,1,"Madigan III, Michael",10289060,Left,GEO_PAT,"Blanchard, Evan",10073877,Right,GEO_PAT,Undefined,2,Top,0,0,0,Fastball,Four-Seam,BallCalled,Undefined,Undefined,Undefined,0,0,,86.68609,-3.638496,1.940348,2194.421701,169.744754,11:45,5.47998,-0.80345,6.52178,-17.99265,18.30721,-3.10685,0.6357,0.71868,79.74119,-7.062409,1.376297,0.433634,,,,,,,,,,,,2.16488,10.96044,0.66965,50,5.21821,-4.14868,-125.8058,-8.4638,3.47909,24.86572,-14.55996,GEO_PAT,GEO_PAT,SpuhlerFieldMain,TeamExclusive,Team,20250402-SpuhlerFieldMain-Private-1,8dba0690-0fed-11f0-81ff-cd358c0e0d09,86.92215,,,6.9449,,,,,,,fb265006-3129-408d-b4ee-2139699d006d,2025-04-02,18:08:57.62,2025-04-02T14:08:57.6210000-04:00,2025-04-02T18:08:57.6210000Z,,v3,471300,471300,,"Blanchard, Evan",10073877,Right,GEO_PAT,3070e226-1d92-473d-8534-0bdc2055d5e2,53.98114,-126.59023,12.43286,5.47797,-8.00448,-7.27998,0.80225,-4.25844,1.73955,,,,,,,,,,,,,,,,,,,,,,,,,,,,,,,,,,,,,,,,,,,,,,,,,,,High,High,High,,,,,
75,2025-04-02,14:09:19.10,1,2,"Madigan III, Michael",10289060,Left,GEO_PAT,"Blanchard, Evan",10073877,Right,GEO_PAT,Undefined,2,Top,0,1,0,Fastball,Four-Seam,InPlay,Undefined,Bunt,Sacrifice,1,1,,86.17972,-1.170725,-0.142591,2266.515558,167.213744,11:30,5.61545,-0.88813,6.3155,-19.20296,17.56056,-3.73709,2.93664,-1.3309,79.29278,-4.820885,-0.818773,0.436395,,,,,,,,,,,,1.93555,9.82764,0.90041,50,5.52046,0.44901,-125.37268,-3.08675,3.09565,24.19761,-16.45617,GEO_PAT,GEO_PAT,SpuhlerFieldMain,TeamExclusive,Team,20250402-SpuhlerFieldMain-Private-1,9a88d590-0fed-11f0-81ff-cd358c0e0d09,86.37227,,,6.88695,,,,,,,fb265006-3129-408d-b4ee-2139699d006d,2025-04-02,18:09:19.10,2025-04-02T14:09:19.1010000-04:00,2025-04-02T18:09:19.1010000Z,,v3,471300,471300,,"Blanchard, Evan",10073877,Right,GEO_PAT,fa22340b-214b-46b6-b0ce-e132c9163ed0,54.18864,-126.17852,12.09881,5.61413,-2.53872,-8.22808,0.88717,0.34592,1.54782,,,,,,,,,,,,,,,,,,,,,,,,,,,,,,,,,,,,,,,,,,,,,,,,,,,High,High,High,,,,,
76,2025-04-02,14:10:03.29,2,1,"Madigan III, Michael",10289060,Left,GEO_PAT,"Hueber, Toby",1000091691,Right,GEO_PAT,Undefined,2,Top,1,0,0,Splitter,Slider,FoulBallNotFieldable,Undefined,Undefined,Undefined,0,0,,80.98385,-0.558452,1.270816,1031.876134,190.218938,12:15,5.57824,-0.77561,6.01157,-31.23179,10.80256,1.72894,2.45807,0.54601,74.86821,-6.356993,1.581875,0.466631,,,,,,,,,,,,-0.57634,6.05969,0.67483,50,5.51705,-2.67491,-117.77672,-2.0844,-0.81573,20.77254,-23.59764,GEO_PAT,GEO_PAT,SpuhlerFieldMain,TeamExclusive,Team,20250402-SpuhlerFieldMain-Private-1,b4e04db0-0fed-11f0-81ff-cd358c0e0d09,80.77569,,,6.11564,,,,,,,fb265006-3129-408d-b4ee-2139699d006d,2025-04-02,18:10:03.29,2025-04-02T14:10:03.2980000-04:00,2025-04-02T18:10:03.2980000Z,,v3,471300,471300,,"Blanchard, Evan",10073877,Right,GEO_PAT,46548b14-cfb7-4f05-adcf-641e0050b62a,54.49264,-118.56645,10.38627,5.57924,-1.18727,-11.79882,0.77593,-2.6439,-0.40786,,,,,,,,,,,,,,,,,,,,,,,,,,,,,,,,,,,,,,,,,,,,,,,,,,,High,High,High,,,,,
77,2025-04-02,14:10:30.56,2,2,"Madigan III, Michael",10289060,Left,GEO_PAT,"Hueber, Toby",1000091691,Right,GEO_PAT,Undefined,2,Top,1,0,1,Fastball,Four-Seam,BallCalled,Undefined,Undefined,Undefined,0,0,,88.18217,-0.340704,-0.573717,2270.047335,164.157474,11:30,5.57658,-0.9576,6.1954,-16.10879,19.44458,-5.19516,3.91961,-1.92022,80.37025,-3.443412,-1.511176,0.429153,,,,,,,,,,,,2.51996,10.50071,1.00331,50,5.5426,1.49321,-128.13861,-1.17802,4.179,27.1165,-14.76019,GEO_PAT,GEO_PAT,SpuhlerFieldMain,TeamExclusive,Team,20250402-SpuhlerFieldMain-Private-1,c5091d20-0fed-11f0-81ff-cd358c0e0d09,87.82991,,,7.81191,,,,,,,fb265006-3129-408d-b4ee-2139699d006d,2025-04-02,18:10:30.56,2025-04-02T14:10:30.5690000-04:00,2025-04-02T18:10:30.5690000Z,,v3,471300,471300,,"Blanchard, Evan",10073877,Right,GEO_PAT,71960587-c186-4ea5-8199-1524be28160e,54.30525,-129.04647,13.55825,5.57377,-0.68385,-7.3801,0.95566,1.3533,2.0895,,,,,,,,,,,,,,,,,,,,,,,,,,,,,,,,,,,,,,,,,,,,,,,,,,,High,High,High,,,,,
78,2025-04-02,14:10:56.93,2,3,"Madigan III, Michael",10289060,Left,GEO_PAT,"Hueber, Toby",1000091691,Right,GEO_PAT,Undefined,2,Top,1,1,1,Fastball,Four-Seam,BallCalled,Undefined,Undefined,Undefined,0,0,,88.05803,-0.809012,-0.696643,2241.558295,167.154133,11:30,5.58593,-0.7032,6.43818,-20.96226,14.18804,-2.99118,3.09549,-1.59271,80.78758,-4.785172,-1.239072,0.426713,,,,,,,,,,,,1.37122,7.96579,0.75394,50,5.51877,1.67317,-128.05685,-2.39678,2.28287,25.80045,-18.91232,GEO_PAT,GEO_PAT,SpuhlerFieldMain,TeamExclusive,Team,20250402-SpuhlerFieldMain-Private-1,d4be6a40-0fed-11f0-81ff-cd358c0e0d09,88.33209,,,7.27045,,,,,,,fb265006-3129-408d-b4ee-2139699d006d,2025-04-02,18:10:56.93,2025-04-02T14:10:56.9330000-04:00,2025-04-02T18:10:56.9330000Z,,v3,471300,471300,,"Blanchard, Evan",10073877,Right,GEO_PAT,a2f1f413-cf73-4559-8e55-936ac8c33c63,54.06318,-128.87288,12.90022,5.58512,-1.7986,-9.45616,0.70216,1.60096,1.14143,,,,,,,,,,,,,,,,,,,,,,,,,,,,,,,,,,,,,,,,,,,,,,,,,,,High,High,High,,,,,
79,2025-04-02,14:11:20.87,2,4,"Madigan III, Michael",10289060,Left,GEO_PAT,"Hueber, Toby",1000091691,Right,GEO_PAT,Undefined,2,Top,1,2,1,Splitter,Changeup,BallCalled,Undefined,Undefined,Undefined,0,0,,80.59054,-1.937338,1.045916,1177.633683,185.160772,12:15,5.55856,-0.96401,5.9345,-33.35821,9.70855,0.75083,0.98027,0.06907,73.9557,-8.113434,1.180956,0.472327,,,,,,,,,,,,-0.08669,5.95032,0.88004,50,5.38489,-2.16402,-116.99763,-4.97529,-0.11979,22.73774,-23.95288,GEO_PAT,GEO_PAT,SpuhlerFieldMain,TeamExclusive,Team,20250402-SpuhlerFieldMain-Private-1,e321e300-0fed-11f0-81ff-cd358c0e0d09,79.80162,,,6.63484,,,,,,,fb265006-3129-408d-b4ee-2139699d006d,2025-04-02,18:11:20.87,2025-04-02T14:11:20.8700000-04:00,2025-04-02T18:11:20.8700000Z,,v3,471300,471300,,"Blanchard, Evan",10073877,Right,GEO_PAT,af998738-a294-45f2-be7f-b43fef18360f,54.56738,-117.88193,11.36887,5.56027,-4.04374,-11.97644,0.96411,-2.15936,-0.0599,,,,,,,,,,,,,,,,,,,,,,,,,,,,,,,,,,,,,,,,,,,,,,,,,,,High,High,High,,,,,
80,2025-04-02,14:11:51.46,2,5,"Madigan III, Michael",10289060,Left,GEO_PAT,"Hueber, Toby",1000091691,Right,GEO_PAT,Undefined,2,Top,1,3,1,Splitter,Changeup,BallCalled,Walk,Undefined,Undefined,0,0,,80.18504,-3.972993,0.640574,1283.721876,185.274003,12:15,5.50766,-0.91106,6.11867,-32.78395,9.76634,0.79598,-0.90382,-0.25244,75.19926,-9.973328,0.784419,0.469486,,,,,,,,,,,,-0.27039,6.308,0.86152,50,5.18505,-1.32933,-116.48386,-9.05574,-0.37734,18.66877,-23.37146,GEO_PAT,GEO_PAT,SpuhlerFieldMain,TeamExclusive,Team,20250402-SpuhlerFieldMain-Private-1,f550e2b0-0fed-11f0-81ff-cd358c0e0d09,80.28449,,,4.98578,,,,,,,fb265006-3129-408d-b4ee-2139699d006d,2025-04-02,18:11:51.46,2025-04-02T14:11:51.4640000-04:00,2025-04-02T18:11:51.4640000Z,,v3,471300,471300,,"Blanchard, Evan",10073877,Right,GEO_PAT,19401e78-fd7e-4c08-aed5-e707cd5c5312,54.38718,-117.18488,9.33439,5.50862,-8.17813,-11.68573,0.91117,-1.31516,-0.18867,,,,,,,,,,,,,,,,,,,,,,,,,,,,,,,,,,,,,,,,,,,,,,,,,,,High,High,High,,,,,
81,2025-04-02,14:12:16.28,3,1,"Madigan III, Michael",10289060,Left,GEO_PAT,"Hueber, Toby",1000091691,Right,GEO_PAT,Undefined,2,Top,1,0,0,Fastball,Four-Seam,InPlay,Undefined,FlyBall,Out,1,0,,86.75032,-1.370042,1.22076,2190.620798,163.683287,11:30,5.577,-0.6647,6.41206,-17.38568,18.89946,-5.20418,2.86797,0.02424,79.52307,-4.703763,0.277726,0.433547,92.03043,17.16103,18.180047,3102.056696,101.7777,30.12903,41.72874,275.99357,270.29075,31.904981,3.341577,3.06563,10.60792,0.57969,50,5.47083,-2.49269,-126.12514,-3.46153,4.94738,25.20342,-15.05487,GEO_PAT,GEO_PAT,SpuhlerFieldMain,TeamExclusive,Team,20250402-SpuhlerFieldMain-Private-1,042545b0-0fee-11f0-81ff-cd358c0e0d09,86.93976,34.50101,,7.22725,,,,2.05954,2.94907,-0.02969,fb265006-3129-408d-b4ee-2139699d006d,2025-04-02,18:12:16.28,2025-04-02T14:12:16.2810000-04:00,2025-04-02T18:12:16.2810000Z,LineDrive,v3,471300,471300,,"Blanchard, Evan",10073877,Right,GEO_PAT,480cae32-92b7-4b27-be33-78357bf8b834,54.09056,-126.93992,12.60171,5.57487,-2.97484,-7.52743,0.66286,-2.65263,2.47369,221.413755,2.05958,122.52869,-28.43324,6.68495,-1.52714,0.32277,-0.05563,0.00634,-0.00034,2.94906,39.82649,-12.80294,0.03959,0.1179,-0.04401,0.00961,-0.00111,6E-05,-0.02969,40.23875,1.69999,-0.3373,0.06606,-0.01237,0.00202,-0.00022,1E-05,,,,,,,,,,,,,,,,,,,,,,,High,High,High,High,Medium,,,
82,2025-04-02,14:13:00.72,4,1,"Madigan III, Michael",10289060,Left,GEO_PAT,"Capers, Tripp",10118940,Right,GEO_PAT,Undefined,2,Top,2,0,0,Fastball,Four-Seam,StrikeCalled,Undefined,Undefined,Undefined,0,0,,86.56988,-1.533774,0.459189,2136.690409,162.663794,11:30,5.53295,-0.5872,6.31165,-18.8043,17.72556,-5.18485,2.55261,-0.59625,79.49594,-5.113042,-0.478948,0.435006,,,,,,,,,,,,2.82374,9.98323,0.55594,50,5.41132,-0.8097,-125.86007,-3.87565,4.54513,24.71549,-16.10505,GEO_PAT,GEO_PAT,SpuhlerFieldMain,TeamExclusive,Team,20250402-SpuhlerFieldMain-Private-1,1ea5f0b0-0fee-11f0-81ff-cd358c0e0d09,86.64804,,,7.07394,,,,,,,fb265006-3129-408d-b4ee-2139699d006d,2025-04-02,18:13:00.72,2025-04-02T14:13:00.7250000-04:00,2025-04-02T18:13:00.7250000Z,,v3,471300,471300,,"Blanchard, Evan",10073877,Right,GEO_PAT,0183a043-4a49-4df0-9fe1-15cfab88ad1d,54.19032,-126.68026,12.35774,5.53107,-3.3412,-8.05253,0.58531,-0.96053,2.27256,,,,,,,,,,,,,,,,,,,,,,,,,,,,,,,,,,,,,,,,,,,,,,,,,,,High,High,High,,,,,
83,2025-04-02,14:13:18.05,4,2,"Madigan III, Michael",10289060,Left,GEO_PAT,"Capers, Tripp",10118940,Right,GEO_PAT,Undefined,2,Top,2,0,1,Fastball,Four-Seam,StrikeSwinging,Undefined,Undefined,Undefined,0,0,,87.46899,-2.61829,1.268889,2307.360642,159.515484,11:15,5.52102,-0.62779,6.26505,-16.3458,19.67387,-6.91937,1.74246,-0.03426,80.08733,-5.749335,0.018336,0.431958,,,,,,,,,,,,3.93744,11.28705,0.53698,50,5.31862,-2.53979,-127.00272,-6.22801,6.43378,25.90535,-13.73104,GEO_PAT,GEO_PAT,SpuhlerFieldMain,TeamExclusive,Team,20250402-SpuhlerFieldMain-Private-1,28fa22c0-0fee-11f0-81ff-cd358c0e0d09,87.25955,,,7.38166,,,,,,,fb265006-3129-408d-b4ee-2139699d006d,2025-04-02,18:13:18.05,2025-04-02T14:13:18.0500000-04:00,2025-04-02T18:13:18.0500000Z,,v3,471300,471300,,"Blanchard, Evan",10073877,Right,GEO_PAT,79df6d64-7e8c-4714-a5c1-9c6636da1c2e,54.2362,-127.86388,12.95267,5.51806,-5.77156,-6.86552,0.62496,-2.75366,3.21689,,,,,,,,,,,,,,,,,,,,,,,,,,,,,,,,,,,,,,,,,,,,,,,,,,,High,High,High,,,,,
84,2025-04-02,14:13:36.58,4,3,"Madigan III, Michael",10289060,Left,GEO_PAT,"Capers, Tripp",10118940,Right,GEO_PAT,Undefined,2,Top,2,0,2,Fastball,Four-Seam,BallCalled,Undefined,Undefined,Undefined,0,0,,86.66804,-1.10769,0.180622,2182.418141,182.625805,12:00,5.54159,-0.81614,6.1414,-19.34336,17.26568,0.74161,2.9058,-0.5874,79.68945,-4.772337,0.314371,0.435478,,,,,,,,,,,,-0.33709,9.56461,0.80198,50,5.44699,-0.42629,-126.01774,-2.98415,-0.54497,24.30527,-16.70997,GEO_PAT,GEO_PAT,SpuhlerFieldMain,TeamExclusive,Team,20250402-SpuhlerFieldMain-Private-1,340548c0-0fee-11f0-81ff-cd358c0e0d09,86.55427,,,6.97859,,,,,,,fb265006-3129-408d-b4ee-2139699d006d,2025-04-02,18:13:36.58,2025-04-02T14:13:36.5820000-04:00,2025-04-02T18:13:36.5820000Z,,v3,471300,471300,,"Blanchard, Evan",10073877,Right,GEO_PAT,0752436d-9b30-48c8-b1e9-8ce087fa3ef8,54.36084,-126.85604,12.15263,5.53998,-2.40782,-8.35498,0.81636,-0.40749,-0.27249,,,,,,,,,,,,,,,,,,,,,,,,,,,,,,,,,,,,,,,,,,,,,,,,,,,High,High,High,,,,,
85,2025-04-02,14:13:57.86,4,4,"Madigan III, Michael",10289060,Left,GEO_PAT,"Capers, Tripp",10118940,Right,GEO_PAT,Undefined,2,Top,2,1,2,Fastball,Four-Seam,FoulBallNotFieldable,Undefined,Undefined,Undefined,0,0,,86.77809,-2.138545,0.879853,2180.598618,175.277485,11:45,5.63943,-0.48629,6.53579,-20.83938,15.22603,-1.16693,1.93998,0.22362,79.8146,-6.089828,0.667771,0.432232,75.43657,-25.774644,-61.069518,,,,,7.76482,7.76482,-33.143286,0.046376,0.85811,8.93158,0.42576,50,5.48187,-1.89599,-126.18312,-5.27634,1.38713,25.051,-17.73635,GEO_PAT,GEO_PAT,SpuhlerFieldMain,TeamExclusive,Team,20250402-SpuhlerFieldMain-Private-1,40a89af0-0fee-11f0-81ff-cd358c0e0d09,87.2042,2.2373,,6.96348,,,,4.26017,2.2373,-0.19019,fb265006-3129-408d-b4ee-2139699d006d,2025-04-02,18:13:57.86,2025-04-02T14:13:57.8630000-04:00,2025-04-02T18:13:57.8630000Z,GroundBall,v3,471300,471300,,"Blanchard, Evan",10073877,Right,GEO_PAT,d89196e4-f048-4140-8962-0e919aac96a6,53.968,-126.96844,12.5255,5.63856,-4.72032,-8.86818,0.48588,-1.93948,0.69356,,4.25918,48.33037,,,,,,,,2.23829,-48.24294,,,,,,,,-0.18839,-87.44032,,,,,,,,,,,,,,,,,,,,,,,,,,,,,,High,High,High,Estimated,Estimated,,,
86,2025-04-02,14:14:19.16,4,5,"Madigan III, Michael",10289060,Left,GEO_PAT,"Capers, Tripp",10118940,Right,GEO_PAT,Undefined,2,Top,2,1,2,Splitter,Changeup,BallCalled,Undefined,Undefined,Undefined,0,0,,82.33173,-3.356785,1.127792,1016.384227,169.572243,11:45,5.50661,-0.83537,6.09814,-29.5221,10.70201,-1.77768,-0.06255,0.05976,77.22551,-8.780606,0.806979,0.456473,,,,,,,,,,,,1.18587,6.6039,0.74951,50,5.23182,-2.29371,-119.69263,-7.91331,1.75349,18.92476,-22.40905,GEO_PAT,GEO_PAT,SpuhlerFieldMain,TeamExclusive,Team,20250402-SpuhlerFieldMain-Private-1,4d61bf10-0fee-11f0-81ff-cd358c0e0d09,82.57327,,,5.10622,,,,,,,fb265006-3129-408d-b4ee-2139699d006d,2025-04-02,18:14:19.16,2025-04-02T14:14:19.1620000-04:00,2025-04-02T18:14:19.1620000Z,,v3,471300,471300,,"Blanchard, Evan",10073877,Right,GEO_PAT,30ece9ab-7a4a-41bc-937d-401ed39687eb,54.40752,-120.38749,9.46238,5.50727,-7.09052,-11.20452,0.83491,-2.35809,0.87675,,,,,,,,,,,,,,,,,,,,,,,,,,,,,,,,,,,,,,,,,,,,,,,,,,,High,High,High,,,,,
87,2025-04-02,14:14:39.96,4,6,"Madigan III, Michael",10289060,Left,GEO_PAT,"Capers, Tripp",10118940,Right,GEO_PAT,Undefined,2,Top,2,2,2,Fastball,Four-Seam,InPlay,Undefined,GroundBall,Single,0,0,,86.68136,-2.086699,0.290082,2199.655123,172.021327,11:45,5.57196,-0.52883,6.43513,-16.33587,20.03517,-2.6476,2.29196,-0.48286,79.40819,-5.229963,-0.190059,0.434059,100.10387,12.050324,-23.614667,1941.465272,97.98358,12.55197,-49.99154,177.79233,177.79233,-30.090177,1.550984,1.48232,11.45505,0.50941,50,5.41601,-0.54118,-126.00942,-4.99855,2.38306,25.63309,-13.75823,GEO_PAT,GEO_PAT,SpuhlerFieldMain,TeamExclusive,Team,20250402-SpuhlerFieldMain-Private-1,59c87d70-0fee-11f0-81ff-cd358c0e0d09,86.83705,12.99329,,7.27316,,,,3.86817,2.49391,0.48021,fb265006-3129-408d-b4ee-2139699d006d,2025-04-02,18:14:39.96,2025-04-02T14:14:39.9630000-04:00,2025-04-02T18:14:39.9630000Z,LineDrive,v3,471300,471300,,"Blanchard, Evan",10073877,Right,GEO_PAT,b1134c22-2280-46ac-904f-132ead56b77f,54.06836,-126.83432,12.81655,5.56974,-4.5558,-6.87911,0.52806,-0.61787,1.19153,88.524128,3.86817,131.55989,-31.66112,8.24462,-2.0192,0.44761,-0.09285,0.01492,-0.00129,2.49391,30.65147,-23.91976,2.43889,-0.29667,0.00114,0.01252,-0.0034,0.00038,0.48021,-57.51725,-3.78274,3.97067,-1.62151,0.52449,-0.13935,0.02676,-0.0026,,,,,,,,,,,,,,,,,,,,,,,High,High,High,High,High,,,
88,2025-04-02,14:18:10.18,5,1,"McCarthy, Dylan",10061232,Right,GEO_PAT,"Stanley, Jake",1000138934,Left,GEO_PAT,Undefined,2,Top,2,0,0,Fastball,Cutter,BallCalled,Undefined,Undefined,Undefined,0,0,,90.20532,-3.541273,-2.058842,2375.083427,174.552557,11:45,5.77651,2.06372,6.37078,-21.98135,11.51595,-1.00681,0.67985,0.08449,83.64466,-7.638382,-2.241169,0.416559,,,,,,,,,,,,0.01543,7.20788,-1.91444,50,5.50975,4.747,-130.99079,-8.78069,0.02708,25.22091,-19.53215,GEO_PAT,GEO_PAT,SpuhlerFieldMain,TeamExclusive,Team,20250402-SpuhlerFieldMain-Private-1,d70f69b0-0fee-11f0-81ff-cd358c0e0d09,90.48529,,,6.56066,,,,,,,fb265006-3129-408d-b4ee-2139699d006d,2025-04-02,18:18:10.18,2025-04-02T14:18:10.1830000-04:00,2025-04-02T18:18:10.1830000Z,,v3,471300,471300,,"Blanchard, Evan",10073877,Right,GEO_PAT,0d6faacb-e57e-41cb-a771-e9c699fe1755,54.1339,-131.78432,12.61045,5.77635,-8.16614,-9.76608,-2.06379,4.74616,0.01354,,,,,,,,,,,,,,,,,,,,,,,,,,,,,,,,,,,,,,,,,,,,,,,,,,,High,High,High,,,,,
89,2025-04-02,14:18:26.10,5,2,"McCarthy, Dylan",10061232,Right,GEO_PAT,"Stanley, Jake",1000138934,Left,GEO_PAT,Undefined,2,Top,2,1,0,Slider,Slider,FoulBallNotFieldable,Undefined,Undefined,Undefined,0,0,,84.36024,-0.361735,-2.784913,2309.826631,99.900973,9:15,5.45348,2.30776,6.43098,-36.02699,2.54268,-7.68182,2.11835,-0.8941,77.42022,-7.062296,-4.175575,0.446986,,,,,,,,,,,,3.25701,1.73976,-2.10586,50,5.41128,6.2358,-122.56244,-1.85782,4.93449,25.12228,-29.5382,GEO_PAT,GEO_PAT,SpuhlerFieldMain,TeamExclusive,Team,20250402-SpuhlerFieldMain-Private-1,e091ccd0-0fee-11f0-81ff-cd358c0e0d09,84.3257,,,6.94002,,,,,,,fb265006-3129-408d-b4ee-2139699d006d,2025-04-02,18:18:26.10,2025-04-02T14:18:26.1040000-04:00,2025-04-02T18:18:26.1040000Z,,v3,471300,471300,,"Blanchard, Evan",10073877,Right,GEO_PAT,107c75b7-f644-42e2-8351-8807b957ba12,54.07314,-123.39451,12.56114,5.45661,-0.87949,-14.7691,-2.30969,6.07237,2.46724,,,,,,,,,,,,,,,,,,,,,,,,,,,,,,,,,,,,,,,,,,,,,,,,,,,High,High,High,,,,,
90,2025-04-02,14:19:10.49,5,3,"McCarthy, Dylan",10061232,Right,GEO_PAT,"Stanley, Jake",1000138934,Left,GEO_PAT,Undefined,2,Top,2,1,1,Fastball,Four-Seam,FoulBallNotFieldable,Undefined,Undefined,Undefined,0,0,,90.80596,-1.228829,-2.950116,2404.391642,173.202736,11:45,5.78036,2.04106,6.47016,-17.32186,15.57375,-1.74449,3.20659,-0.81624,83.80225,-4.51939,-3.265822,0.412801,60.56751,45.627985,-104.805709,3994.803839,,,,,17.69375,,,0.17335,8.78319,-1.8321,50,5.68567,6.86848,-131.98524,-3.3171,0.30842,25.80673,-16.54627,GEO_PAT,GEO_PAT,SpuhlerFieldMain,TeamExclusive,Team,20250402-SpuhlerFieldMain-Private-1,fb07f080-0fee-11f0-81ff-cd358c0e0d09,91.30909,21.10788,,7.0037,,,,1.46993,3.27104,0.79886,fb265006-3129-408d-b4ee-2139699d006d,2025-04-02,18:19:10.49,2025-04-02T14:19:10.4980000-04:00,2025-04-02T18:19:10.4980000Z,,v3,471300,471300,,"Blanchard, Evan",10073877,Right,GEO_PAT,7c4269d0-e1de-4a05-99b1-73a69f26179c,54.03363,-132.77159,12.90337,5.77907,-2.81293,-8.27313,-2.04124,6.85908,0.15421,46.388749,1.47174,-15.95283,-5.7367,,,,,,,3.2712,63.49197,-17.08963,,,,,,,0.79827,-60.03374,3.56657,,,,,,,,,,,,,,,,,,,,,,,,,,,,,High,High,High,Medium,Undefined,,,
91,2025-04-02,14:19:51.61,5,4,"McCarthy, Dylan",10061232,Right,GEO_PAT,"Stanley, Jake",1000138934,Left,GEO_PAT,Undefined,2,Top,2,1,2,Slider,Slider,BallCalled,Undefined,Undefined,Undefined,0,0,,83.2068,1.204771,-1.297754,2464.491934,78.162923,8:30,5.45837,2.36238,5.99256,-41.58687,-2.08008,-14.65072,3.10981,-0.06145,77.66986,-6.419539,-3.931358,0.452384,,,,,,,,,,,,7.26701,-1.04713,-2.25191,50,5.53015,3.29726,-121.13653,1.17328,10.97951,19.93575,-33.75615,GEO_PAT,GEO_PAT,SpuhlerFieldMain,TeamExclusive,Team,20250402-SpuhlerFieldMain-Private-1,13780b00-0fef-11f0-81ff-cd358c0e0d09,83.31957,,,5.53695,,,,,,,fb265006-3129-408d-b4ee-2139699d006d,2025-04-02,18:19:51.61,2025-04-02T14:19:51.6190000-04:00,2025-04-02T18:19:51.6190000Z,,v3,471300,471300,,"Blanchard, Evan",10073877,Right,GEO_PAT,fad403c1-5bd1-4df9-b5d5-74f97c16cb8c,54.51385,-121.87712,9.96788,5.46327,2.42729,-16.87807,-2.36682,2.88938,5.48976,,,,,,,,,,,,,,,,,,,,,,,,,,,,,,,,,,,,,,,,,,,,,,,,,,,High,High,High,,,,,
92,2025-04-02,14:20:26.27,5,5,"McCarthy, Dylan",10061232,Right,GEO_PAT,"Stanley, Jake",1000138934,Left,GEO_PAT,Undefined,2,Top,2,2,2,Fastball,Cutter,BallCalled,Undefined,Undefined,Undefined,0,0,,90.36478,2.04586,-0.164643,2253.80179,159.876175,11:15,5.77139,1.89701,6.54755,-18.7371,14.308,-4.90827,6.08702,1.33699,83.1564,-1.524469,-1.056051,0.413738,,,,,,,,,,,,2.4924,7.265,-1.88403,50,5.9044,0.57856,-131.41518,4.18464,4.40539,25.04919,-19.33288,GEO_PAT,GEO_PAT,SpuhlerFieldMain,TeamExclusive,Team,20250402-SpuhlerFieldMain-Private-1,281b8d20-0fef-11f0-81ff-cd358c0e0d09,91.1023,,,7.20838,,,,,,,fb265006-3129-408d-b4ee-2139699d006d,2025-04-02,18:20:26.27,2025-04-02T14:20:26.2710000-04:00,2025-04-02T18:20:26.2710000Z,,v3,471300,471300,,"Blanchard, Evan",10073877,Right,GEO_PAT,4d08147d-abda-4c75-866f-08657c32028f,53.95209,-132.16634,12.5246,5.77022,4.76439,-9.66644,-1.8994,0.44645,2.20269,,,,,,,,,,,,,,,,,,,,,,,,,,,,,,,,,,,,,,,,,,,,,,,,,,,High,High,High,,,,,
93,2025-04-02,14:20:56.24,5,6,"McCarthy, Dylan",10061232,Right,GEO_PAT,"Stanley, Jake",1000138934,Left,GEO_PAT,Undefined,2,Top,2,3,2,Slider,Slider,StrikeSwinging,Strikeout,Undefined,Undefined,0,0,,82.26807,-1.706277,-1.886784,2447.7684,78.552972,8:30,5.54024,2.27191,6.21869,-42.14987,-1.94012,-14.66068,0.45182,-0.69164,77.17749,-9.405963,-4.537628,0.456391,,,,,,,,,,,,7.30185,-0.40047,-2.12284,50,5.3906,4.44808,-119.7369,-4.86791,10.73996,20.27114,-32.7631,GEO_PAT,GEO_PAT,SpuhlerFieldMain,TeamExclusive,Team,20250402-SpuhlerFieldMain-Private-1,3a101be0-0fef-11f0-81ff-cd358c0e0d09,82.58805,,,5.09059,,,,,,,fb265006-3129-408d-b4ee-2139699d006d,2025-04-02,18:20:56.24,2025-04-02T14:20:56.2440000-04:00,2025-04-02T18:20:56.2440000Z,,v3,471300,471300,,"Blanchard, Evan",10073877,Right,GEO_PAT,904ddf8f-17ce-47ef-be2b-a1a5ea973b8d,54.28877,-120.46079,10.13557,5.54355,-3.69793,-16.38155,-2.27484,4.06455,5.36998,,,,,,,,,,,,,,,,,,,,,,,,,,,,,,,,,,,,,,,,,,,,,,,,,,,High,High,High,,,,,
94,2025-04-02,14:21:49.71,1,1,"McCarthy, Dylan",10061232,Right,GEO_PAT,"Tomlinson, Ty",1000364327,Right,GEO_PAT,Undefined,2,Bottom,0,0,0,Slider,Slider,BallCalled,Undefined,Undefined,Undefined,0,0,,83.0296,-0.996856,-2.205575,2427.51133,79.641023,8:45,5.56512,2.18667,6.08261,-41.27884,-1.46799,-13.84579,1.20214,-1.00878,77.47143,-8.5462,-4.699668,0.454122,,,,,,,,,,,,6.67922,-0.24283,-2.00861,50,5.46571,5.15553,-120.77907,-3.4283,9.96425,21.33359,-32.53629,GEO_PAT,GEO_PAT,SpuhlerFieldMain,TeamExclusive,Team,20250402-SpuhlerFieldMain-Private-1,59f4ef30-0fef-11f0-81ff-cd358c0e0d09,83.00073,,,5.55817,,,,,,,fb265006-3129-408d-b4ee-2139699d006d,2025-04-02,18:21:49.71,2025-04-02T14:21:49.7130000-04:00,2025-04-02T18:21:49.7130000Z,,v3,471300,471300,,"Blanchard, Evan",10073877,Right,GEO_PAT,e6d905c5-9e49-46eb-a356-3d9b3e8af309,54.42371,-121.55793,10.66679,5.56919,-2.24045,-16.26814,-2.19019,4.79175,4.98213,,,,,,,,,,,,,,,,,,,,,,,,,,,,,72.44504,1.770578,0.839987,0.930591,3.45869,1.50436,0.84264,-0.28653,6.62348,-1.68888,65.90327,3.11091,-58.87685,-0.23916,77.6651,-7.1363,6.6191,5.62444,-10.0922,-1.765,-70.40524,9.79531,High,High,High,,,High,High,High
95,2025-04-02,14:22:44.26,1,2,"McCarthy, Dylan",10061232,Right,GEO_PAT,"Tomlinson, Ty",1000364327,Right,GEO_PAT,Undefined,2,Bottom,0,1,0,Slider,Curveball,InPlay,Undefined,GroundBall,Error,0,0,,81.90491,-0.050424,-2.475283,2409.980931,64.178924,8:15,5.51875,2.40556,6.23012,-45.99711,-5.15567,-12.99379,1.63909,-0.96246,76.11633,-8.492109,-4.821184,0.459962,,,,,,,,,,,,6.1765,-2.4154,-2.21395,50,5.49173,5.60768,-119.13538,-1.53759,8.92397,21.75303,-35.66388,GEO_PAT,GEO_PAT,SpuhlerFieldMain,TeamExclusive,Team,20250402-SpuhlerFieldMain-Private-1,7a784c70-0fef-11f0-81ff-cd358c0e0d09,81.94684,,,5.78858,,,,,,,fb265006-3129-408d-b4ee-2139699d006d,2025-04-02,18:22:44.26,2025-04-02T14:22:44.2660000-04:00,2025-04-02T18:22:44.2660000Z,,v3,471300,471300,,"Blanchard, Evan",10073877,Right,GEO_PAT,816d8bc0-a657-4656-b6bd-865de74d4462,54.2765,-119.91368,10.87652,5.52391,-0.26156,-17.83194,-2.40888,5.28839,4.46198,,,,,,,,,,,,,,,,,,,,,,,,,,,,,,,,,,,,,,,,,,,,,,,,,,,High,High,High,,,,,
96,2025-04-02,14:23:20.11,2,1,"McCarthy, Dylan",10061232,Right,GEO_PAT,"Tignor, Laken",1000091229,Right,GEO_PAT,Undefined,2,Bottom,0,0,0,Slider,Slider,BallCalled,Undefined,Undefined,Undefined,0,0,,81.76899,0.416578,-2.113437,2467.65883,71.695497,8:30,5.56502,2.08547,6.18535,-43.52294,-3.0776,-12.17611,2.32305,-0.88168,76.87786,-7.556726,-4.309912,0.457726,,,,,,,,,,,,5.90693,-1.42965,-1.91962,50,5.57396,4.82489,-119.10254,-0.49755,8.66612,18.29574,-34.2715,GEO_PAT,GEO_PAT,SpuhlerFieldMain,TeamExclusive,Team,20250402-SpuhlerFieldMain-Private-1,8fd72f50-0fef-11f0-81ff-cd358c0e0d09,82.34717,,,4.89113,,,,,,,fb265006-3129-408d-b4ee-2139699d006d,2025-04-02,18:23:20.11,2025-04-02T14:23:20.1190000-04:00,2025-04-02T18:23:20.1190000Z,,v3,471300,471300,,"Blanchard, Evan",10073877,Right,GEO_PAT,a449de8e-c350-4d4e-8f8f-e0723ebd67ce,54.3219,-119.7646,9.14787,5.56953,0.74263,-17.13575,-2.08854,4.51129,4.33306,,,,,,,,,,,,,,,,,,,,,,,,,,,,,,,,,,,,,,,,,,,,,,,,,,,High,High,High,,,,,
97,2025-04-02,14:23:40.17,2,2,"McCarthy, Dylan",10061232,Right,GEO_PAT,"Tignor, Laken",1000091229,Right,GEO_PAT,Undefined,2,Bottom,0,0,1,Slider,Slider,StrikeSwinging,Undefined,Undefined,Undefined,0,0,,82.38101,0.906096,-1.71181,2455.650577,72.962204,8:30,5.44612,2.34872,6.06184,-43.80534,-3.22252,-14.20938,2.63478,-0.42027,76.32311,-7.142432,-4.269296,0.458503,,,,,,,,,,,,6.90367,-1.5576,-2.20823,50,5.49297,4.1127,-119.82612,0.47291,10.10303,21.73688,-34.4535,GEO_PAT,GEO_PAT,SpuhlerFieldMain,TeamExclusive,Team,20250402-SpuhlerFieldMain-Private-1,9bce8a10-0fef-11f0-81ff-cd358c0e0d09,82.20756,,,6.05789,,,,,,,fb265006-3129-408d-b4ee-2139699d006d,2025-04-02,18:23:40.17,2025-04-02T14:23:40.1780000-04:00,2025-04-02T18:23:40.1780000Z,,v3,471300,471300,,"Blanchard, Evan",10073877,Right,GEO_PAT,08c591c8-b41b-4d87-a8e2-ff96d7984372,54.44365,-120.62952,10.86844,5.45196,1.74632,-17.22675,-2.35333,3.73929,5.05152,,,,,,,,,,,,,,,,,,,,,,,,,,,,,,,,,,,,,,,,,,,,,,,,,,,High,High,High,,,,,
98,2025-04-02,14:24:01.12,2,3,"McCarthy, Dylan",10061232,Right,GEO_PAT,"Tignor, Laken",1000091229,Right,GEO_PAT,Undefined,2,Bottom,0,0,2,Slider,Slider,StrikeSwinging,Strikeout,Undefined,Undefined,0,0,,83.12334,-1.055644,-2.521033,2406.764786,93.550444,9:00,5.57272,2.19572,6.20406,-37.61868,1.64378,-10.90902,1.46232,-1.04201,78.00651,-7.952781,-4.489042,0.450983,,,,,,,,,,,,5.16473,1.3437,-2.00047,50,5.47389,5.71138,-120.97535,-3.40121,7.7933,19.5697,-30.14648,GEO_PAT,GEO_PAT,SpuhlerFieldMain,TeamExclusive,Team,20250402-SpuhlerFieldMain-Private-1,a848a960-0fef-11f0-81ff-cd358c0e0d09,83.57839,,,5.11683,,,,,,,fb265006-3129-408d-b4ee-2139699d006d,2025-04-02,18:24:01.12,2025-04-02T14:24:01.1230000-04:00,2025-04-02T18:24:01.1230000Z,,v3,471300,471300,,"Blanchard, Evan",10073877,Right,GEO_PAT,0ae040f7-3c57-409f-aba6-bef45d39b7bb,54.30245,-121.66934,9.78485,5.57555,-2.33213,-15.07324,-2.19811,5.43501,3.89665,,,,,,,,,,,,,,,,,,,,,,,,,,,,,,,,,,,,,,,,,,,,,,,,,,,High,High,High,,,,,
99,2025-04-02,14:24:47.38,3,1,"McCarthy, Dylan",10061232,Right,GEO_PAT,"Blanchard, Evan",10073877,Right,GEO_PAT,Undefined,2,Bottom,1,0,0,Slider,Slider,StrikeCalled,Undefined,Undefined,Undefined,0,0,,81.46667,0.313806,-0.529937,2434.059773,81.252358,8:45,5.68866,2.24867,5.87821,-42.57916,-1.0398,-13.96048,2.43186,0.59309,75.84906,-7.480296,-3.03776,0.463875,,,,,,,,,,,,7.04752,-0.2737,-2.19764,50,5.68909,1.62314,-118.57684,-0.75072,10.15736,20.06273,-32.5685,GEO_PAT,GEO_PAT,SpuhlerFieldMain,TeamExclusive,Team,20250402-SpuhlerFieldMain-Private-1,c3c05e90-0fef-11f0-81ff-cd358c0e0d09,81.25552,,,5.61761,,,,,,,fb265006-3129-408d-b4ee-2139699d006d,2025-04-02,18:24:47.38,2025-04-02T14:24:47.3860000-04:00,2025-04-02T18:24:47.3860000Z,,v3,471300,471300,,"Blanchard, Evan",10073877,Right,GEO_PAT,ecdeaba2-963f-4535-bded-7bb726273fc9,54.62744,-119.35722,10.03137,5.69365,0.51609,-16.28425,-2.25309,1.22805,5.07868,,,,,,,,,,,,,,,,,,,,,,,,,,,,,,,,,,,,,,,,,,,,,,,,,,,High,High,High,,,,,
100,2025-04-02,14:25:03.32,3,2,"McCarthy, Dylan",10061232,Right,GEO_PAT,"Blanchard, Evan",10073877,Right,GEO_PAT,Undefined,2,Bottom,1,0,1,Slider,Slider,BallCalled,Undefined,Undefined,Undefined,0,0,,83.14695,-1.90693,-1.49104,2536.686448,79.74946,8:45,5.53358,2.10947,6.14684,-41.3216,-1.56984,-14.82465,0.32669,-0.50408,77.42722,-9.463643,-4.169297,0.453784,,,,,,,,,,,,7.40839,-0.07764,-1.98792,50,5.36644,3.67658,-120.92784,-5.33356,11.02998,22.37943,-32.28967,GEO_PAT,GEO_PAT,SpuhlerFieldMain,TeamExclusive,Team,20250402-SpuhlerFieldMain-Private-1,cd527920-0fef-11f0-81ff-cd358c0e0d09,83.06243,,,5.71973,,,,,,,fb265006-3129-408d-b4ee-2139699d006d,2025-04-02,18:25:03.32,2025-04-02T14:25:03.3260000-04:00,2025-04-02T18:25:03.3260000Z,,v3,471300,471300,,"Blanchard, Evan",10073877,Right,GEO_PAT,5a4d86fa-51d0-49b6-ac74-e7c2fbfb58e3,54.35971,-121.73199,11.18971,5.53724,-4.1733,-16.14483,-2.11291,3.28025,5.51499,,,,,,,,,,,,,,,,,,,,,,,,,,,,,,,,,,,,,,,,,,,,,,,,,,,High,High,High,,,,,
101,2025-04-02,14:25:29.71,3,3,"McCarthy, Dylan",10061232,Right,GEO_PAT,"Blanchard, Evan",10073877,Right,GEO_PAT,Undefined,2,Bottom,1,1,1,Slider,Slider,BallCalled,Undefined,Undefined,Undefined,0,0,,83.37796,-2.121262,-1.531511,2438.352523,102.972232,9:30,5.50595,2.12427,6.23514,-35.65329,3.50984,-10.72528,0.57629,-0.18273,77.92474,-8.669351,-3.471184,0.450412,,,,,,,,,,,,5.26433,2.62477,-2.00456,50,5.32954,3.62511,-121.2964,-5.5947,7.94447,20.84894,-28.21298,GEO_PAT,GEO_PAT,SpuhlerFieldMain,TeamExclusive,Team,20250402-SpuhlerFieldMain-Private-1,dd1ef7c0-0fef-11f0-81ff-cd358c0e0d09,83.68431,,,5.45323,,,,,,,fb265006-3129-408d-b4ee-2139699d006d,2025-04-02,18:25:29.71,2025-04-02T14:25:29.7120000-04:00,2025-04-02T18:25:29.7120000Z,,v3,471300,471300,,"Blanchard, Evan",10073877,Right,GEO_PAT,654d7e38-9a02-4d46-91fc-faa5be70708b,54.27048,-122.02823,10.42447,5.50854,-4.60439,-14.10649,-2.12691,3.34625,3.97223,,,,,,,,,,,,,,,,,,,,,,,,,,,,,,,,,,,,,,,,,,,,,,,,,,,High,High,High,,,,,
102,2025-04-02,14:25:47.03,3,4,"McCarthy, Dylan",10061232,Right,GEO_PAT,"Blanchard, Evan",10073877,Right,GEO_PAT,Undefined,2,Bottom,1,2,1,Fastball,Four-Seam,BallCalled,Undefined,Undefined,Undefined,0,0,,89.86108,1.647256,-2.56869,2335.507926,172.239751,11:45,5.7988,1.76894,6.39003,-17.46399,16.29442,-2.08976,5.86063,-0.76959,82.52024,-1.686612,-2.946336,0.418179,,,,,,,,,,,,0.4189,8.34276,-1.58332,50,5.90878,5.94199,-130.51851,3.29091,0.72852,25.36935,-17.66543,GEO_PAT,GEO_PAT,SpuhlerFieldMain,TeamExclusive,Team,20250402-SpuhlerFieldMain-Private-1,e745ff50-0fef-11f0-81ff-cd358c0e0d09,90.13468,,,7.34084,,,,,,,fb265006-3129-408d-b4ee-2139699d006d,2025-04-02,18:25:47.03,2025-04-02T14:25:47.0300000-04:00,2025-04-02T18:25:47.0300000Z,,v3,471300,471300,,"Blanchard, Evan",10073877,Right,GEO_PAT,0a21d875-edb6-409f-af72-aaa32991170c,54.10924,-131.31481,12.68468,5.79678,3.8454,-8.83272,-1.76948,5.91912,0.36426,,,,,,,,,,,,,,,,,,,,,,,,,,,,,,,,,,,,,,,,,,,,,,,,,,,High,High,High,,,,,
103,2025-04-02,14:26:16.62,3,5,"McCarthy, Dylan",10061232,Right,GEO_PAT,"Blanchard, Evan",10073877,Right,GEO_PAT,Undefined,2,Bottom,1,3,1,Slider,Slider,BallCalled,Walk,Undefined,Undefined,0,0,,82.57813,-1.26604,-1.737607,2419.53842,69.270231,8:15,5.43073,1.94558,6.22808,-42.46605,-2.16354,-8.83599,0.72302,-0.39449,76.50504,-9.069946,-3.336037,0.456917,,,,,,,,,,,,4.16,-0.48472,-1.81123,50,5.31471,3.95935,-120.07663,-3.9822,6.08596,22.80965,-32.88316,GEO_PAT,GEO_PAT,SpuhlerFieldMain,TeamExclusive,Team,20250402-SpuhlerFieldMain-Private-1,f909e120-0fef-11f0-81ff-cd358c0e0d09,82.49294,,,6.07309,,,,,,,fb265006-3129-408d-b4ee-2139699d006d,2025-04-02,18:26:16.62,2025-04-02T14:26:16.6220000-04:00,2025-04-02T18:26:16.6220000Z,,v3,471300,471300,,"Blanchard, Evan",10073877,Right,GEO_PAT,5ff64d34-5ad2-4484-9ca1-53c14893b9ca,54.27714,-120.88638,11.40483,5.43536,-2.81484,-16.44158,-1.94796,3.7433,3.04298,,,,,,,,,,,,,,,,,,,,,,,,,,,,,,,,,,,,,,,,,,,,,,,,,,,High,High,High,,,,,
104,2025-04-02,14:26:55.99,4,1,"McCarthy, Dylan",10061232,Right,GEO_PAT,"Hueber, Toby",1000091691,Right,GEO_PAT,Undefined,2,Bottom,1,0,0,Slider,Slider,BallCalled,Undefined,Undefined,Undefined,0,0,,80.44611,-0.775558,-2.927738,2291.812995,77.895225,8:30,5.50152,2.19,6.25723,-43.16742,-1.3487,-10.98371,1.18807,-1.42751,75.70882,-8.673646,-4.91051,0.465433,,,,,,,,,,,,5.12355,-0.27402,-1.96699,50,5.42217,6.36019,-117.0774,-2.8873,7.2463,18.1733,-32.56159,GEO_PAT,GEO_PAT,SpuhlerFieldMain,TeamExclusive,Team,20250402-SpuhlerFieldMain-Private-1,1080f5a0-0ff0-11f0-81ff-cd358c0e0d09,80.98367,,,4.73729,,,,,,,fb265006-3129-408d-b4ee-2139699d006d,2025-04-02,18:26:55.99,2025-04-02T14:26:55.9950000-04:00,2025-04-02T18:26:55.9950000Z,,v3,471300,471300,,"Blanchard, Evan",10073877,Right,GEO_PAT,6cf30312-56cf-4ade-bebb-f77998d7755c,54.24976,-117.73522,9.08665,5.50535,-1.70866,-16.2808,-2.19246,6.0979,3.62315,,,,,,,,,,,,,,,,,,,,,,,,,,,,,73.86091,2.600957,1.664922,0.936035,3.69091,1.52895,1.23385,-0.78679,6.32695,0.30809,66.78723,2.89631,-57.99312,-0.73428,79.88945,-8.39139,6.3188,5.36562,-9.62625,0.24251,-71.04832,9.56999,High,High,High,,,High,High,High
105,2025-04-02,14:27:23.71,4,2,"McCarthy, Dylan",10061232,Right,GEO_PAT,"Hueber, Toby",1000091691,Right,GEO_PAT,Undefined,2,Bottom,1,1,0,Slider,Slider,BallCalled,Undefined,Undefined,Undefined,0,0,,83.56945,-2.280201,-2.570068,2354.932601,85.734591,8:45,5.44263,2.02662,6.48569,-38.68041,0.05394,-13.00123,0.12242,-1.41817,78.19712,-9.382247,-4.929927,0.44794,,,,,,,,,,,,6.31138,0.8065,-1.84004,50,5.26469,5.8898,-121.53711,-5.98788,9.53568,21.56368,-30.95552,GEO_PAT,GEO_PAT,SpuhlerFieldMain,TeamExclusive,Team,20250402-SpuhlerFieldMain-Private-1,21021e40-0ff0-11f0-81ff-cd358c0e0d09,84.14627,,,5.37233,,,,,,,fb265006-3129-408d-b4ee-2139699d006d,2025-04-02,18:27:23.71,2025-04-02T14:27:23.7180000-04:00,2025-04-02T18:27:23.7180000Z,,v3,471300,471300,,"Blanchard, Evan",10073877,Right,GEO_PAT,6c5754d9-54fa-41e5-87e0-d9f712a858ea,54.02125,-122.2485,10.78184,5.44538,-4.96665,-15.47776,-2.02916,5.57522,4.76784,,,,,,,,,,,,,,,,,,,,,,,,,,,,,,,,,,,,,,,,,,,,,,,,,,,High,High,High,,,,,
106,2025-04-02,14:27:41.54,4,3,"McCarthy, Dylan",10061232,Right,GEO_PAT,"Hueber, Toby",1000091691,Right,GEO_PAT,Undefined,2,Bottom,1,2,0,Fastball,Cutter,BallCalled,Undefined,Undefined,Undefined,0,0,,90.37496,-0.125479,-2.547713,2318.962514,157.460938,11:15,5.54508,1.9122,6.57177,-19.01466,13.87174,-5.39512,3.84539,-0.87435,83.78235,-3.724956,-3.526264,0.412743,,,,,,,,,,,,2.23843,7.61327,-1.73483,50,5.5281,6.05511,-131.49866,-0.82132,3.97465,24.20476,-18.65559,GEO_PAT,GEO_PAT,SpuhlerFieldMain,TeamExclusive,Team,20250402-SpuhlerFieldMain-Private-1,2ba581c0-0ff0-11f0-81ff-cd358c0e0d09,91.32182,,,6.5926,,,,,,,fb265006-3129-408d-b4ee-2139699d006d,2025-04-02,18:27:41.54,2025-04-02T14:27:41.5490000-04:00,2025-04-02T18:27:41.5490000Z,,v3,471300,471300,,"Blanchard, Evan",10073877,Right,GEO_PAT,af40f4fa-37fc-4a6a-a668-7257beb47c9a,53.93187,-132.22041,12.10238,5.54429,-0.26504,-9.32779,-1.91362,5.93659,1.98732,,,,,,,,,,,,,,,,,,,,,,,,,,,,,,,,,,,,,,,,,,,,,,,,,,,High,High,High,,,,,
107,2025-04-02,14:27:58.59,4,4,"McCarthy, Dylan",10061232,Right,GEO_PAT,"Hueber, Toby",1000091691,Right,GEO_PAT,Undefined,2,Bottom,1,3,0,Slider,Slider,BallCalled,Walk,Undefined,Undefined,0,0,,83.21317,-0.651543,-3.277806,2305.593233,81.572891,8:45,5.39774,2.12734,6.43495,-39.54203,-0.69575,-11.00953,1.50276,-1.80592,78.18605,-7.918985,-5.269615,0.448586,,,,,,,,,,,,5.09618,0.01921,-1.88894,50,5.33306,7.3102,-121.08984,-2.56854,7.70827,19.49373,-32.145,GEO_PAT,GEO_PAT,SpuhlerFieldMain,TeamExclusive,Team,20250402-SpuhlerFieldMain-Private-1,35d45180-0ff0-11f0-81ff-cd358c0e0d09,84.02492,,,5.02712,,,,,,,fb265006-3129-408d-b4ee-2139699d006d,2025-04-02,18:27:58.59,2025-04-02T14:27:58.5930000-04:00,2025-04-02T18:27:58.5930000Z,,v3,471300,471300,,"Blanchard, Evan",10073877,Right,GEO_PAT,fd78b3ce-7e1a-44f8-afd9-5c81032c5fba,54.07191,-121.7436,9.74686,5.40112,-1.4905,-16.0725,-2.12976,7.0517,3.85413,,,,,,,,,,,,,,,,,,,,,,,,,,,,,,,,,,,,,,,,,,,,,,,,,,,High,High,High,,,,,
108,2025-04-02,14:28:19.50,5,1,"McCarthy, Dylan",10061232,Right,GEO_PAT,"Hueber, Toby",1000091691,Right,GEO_PAT,Undefined,2,Bottom,1,0,0,Fastball,Cutter,InPlay,Undefined,FlyBall,Out,1,1,,88.83803,-1.298337,-2.098217,2224.328368,173.84645,11:45,5.55819,1.83716,6.79837,-19.58737,14.10788,-1.42425,2.73989,-0.19747,82.52331,-5.013703,-2.357987,0.417788,88.79482,26.628857,7.362128,2936.952005,107.73764,49.63484,22.1934,305.07718,302.44181,21.175758,4.439575,0.26728,8.10048,-1.70066,50,5.46632,4.7882,-129.33829,-3.45086,0.45938,23.28154,-18.2519,GEO_PAT,GEO_PAT,SpuhlerFieldMain,TeamExclusive,Team,20250402-SpuhlerFieldMain-Private-1,42417880-0ff0-11f0-81ff-cd358c0e0d09,90.21911,62.38012,,6.31472,,,,2.72963,2.86571,0.14009,fb265006-3129-408d-b4ee-2139699d006d,2025-04-02,18:28:19.50,2025-04-02T14:28:19.5040000-04:00,2025-04-02T18:28:19.5040000Z,LineDrive,v3,471300,471300,,"Blanchard, Evan",10073877,Right,GEO_PAT,610a22b7-8431-479c-a098-19e497c101b5,53.70642,-130.00375,11.64077,5.5575,-2.92916,-9.12595,-1.83733,4.77507,0.22969,215.164466,2.72871,115.48086,-24.11695,5.68742,-1.37811,0.33911,-0.06927,0.00885,-0.00049,2.86709,58.3379,-15.04397,0.06462,0.37236,-0.1917,0.05212,-0.00707,0.00037,0.13986,14.92375,6.04183,-1.97306,0.508,-0.1026,0.01546,-0.00154,7E-05,,,,,,,,,,,,,,,,,,,,,,,High,High,High,High,High,,,