PitchNo,Date,Time,PAofInning,PitchofPA,Pitcher,PitcherId,PitcherThrows,PitcherTeam,Batter,BatterId,BatterSide,BatterTeam,PitcherSet,Inning,Top/Bottom,Outs,Balls,Strikes,TaggedPitchType,AutoPitchType,PitchCall,KorBB,TaggedHitType,PlayResult,OutsOnPlay,RunsScored,Notes,RelSpeed,VertRelAngle,HorzRelAngle,SpinRate,SpinAxis,Tilt,RelHeight,RelSide,Extension,VertBreak,InducedVertBreak,HorzBreak,PlateLocHeight,PlateLocSide,ZoneSpeed,VertApprAngle,HorzApprAngle,ZoneTime,ExitSpeed,Angle,Direction,HitSpinRate,PositionAt110X,PositionAt110Y,PositionAt110Z,Distance,LastTrackedDistance,Bearing,HangTime,pfxx,pfxz,x0,y0,z0,vx0,vy0,vz0,ax0,ay0,az0,HomeTeam,AwayTeam,Stadium,Level,League,GameID,PitchUID,EffectiveVelo,MaxHeight,MeasuredDuration,SpeedDrop,PitchLastMeasuredX,PitchLastMeasuredY,PitchLastMeasuredZ,ContactPositionX,ContactPositionY,ContactPositionZ,GameUID,UTCDate,UTCTime,LocalDateTime,UTCDateTime,AutoHitType,System,HomeTeamForeignID,AwayTeamForeignID,GameForeignID,Catcher,CatcherId,CatcherThrows,CatcherTeam,PlayID,PitchTrajectoryXc0,PitchTrajectoryXc1,PitchTrajectoryXc2,PitchTrajectoryYc0,PitchTrajectoryYc1,PitchTrajectoryYc2,PitchTrajectoryZc0,PitchTrajectoryZc1,PitchTrajectoryZc2,HitSpinAxis,HitTrajectoryXc0,HitTrajectoryXc1,HitTrajectoryXc2,HitTrajectoryXc3,HitTrajectoryXc4,HitTrajectoryXc5,HitTrajectoryXc6,HitTrajectoryXc7,HitTrajectoryXc8,HitTrajectoryYc0,HitTrajectoryYc1,HitTrajectoryYc2,HitTrajectoryYc3,HitTrajectoryYc4,HitTrajectoryYc5,HitTrajectoryYc6,HitTrajectoryYc7,HitTrajectoryYc8,HitTrajectoryZc0,HitTrajectoryZc1,HitTrajectoryZc2,HitTrajectoryZc3,HitTrajectoryZc4,HitTrajectoryZc5,HitTrajectoryZc6,HitTrajectoryZc7,HitTrajectoryZc8,ThrowSpeed,PopTime,ExchangeTime,TimeToBase,CatchPositionX,CatchPositionY,CatchPositionZ,ThrowPositionX,ThrowPositionY,ThrowPositionZ,BasePositionX,BasePositionY,BasePositionZ,ThrowTrajectoryXc0,ThrowTrajectoryXc1,ThrowTrajectoryXc2,ThrowTrajectoryYc0,ThrowTrajectoryYc1,ThrowTrajectoryYc2,ThrowTrajectoryZc0,ThrowTrajectoryZc1,ThrowTrajectoryZc2,PitchReleaseConfidence,PitchLocationConfidence,PitchMovementConfidence,HitLaunchConfidence,HitLandingConfidence,CatcherThrowCatchConfidence,CatcherThrowReleaseConfidence,CatcherThrowLocationConfidence
1,2025-09-19,14:48:12.72,1,1,"Rumberg, Logan",1000216384,Right,GEO_PAT,"Clyne , Owen",1000230336,Left,GEO_PAT,Undefined,1,Top,0,0,0,Fastball,Four-Seam,BallCalled,Undefined,Undefined,Undefined,0,0,,91.34006,-2.165128,-1.781248,2287.829803,200.811499,12:45,5.77326,2.19714,5.74436,-13.86717,20.32666,7.25052,2.59976,1.14228,82.27924,-4.851462,-0.484359,0.420867,,,,,,,,,,,,-4.23551,11.368,-2.05335,50,5.58473,3.78618,-132.31055,-5.37558,-7.4002,32.01768,-12.31206,GEO_PAT,GEO_PAT,SpuhlerFieldMain,TeamExclusive,Team,20250919-SpuhlerFieldMain-Private-4,3221f5f0-9589-11f0-a2d3-8b91281d950f,89.55898,,,9.06082,,,,,,,b8693907-030d-4f44-8185-bb1c250cff2e,2025-09-19,18:48:12.72,2025-09-19T14:48:12.7270000-04:00,2025-09-19T18:48:12.7270000Z,,v3,471300,471300,,"Cowdrey , Vincent ",7,Right,GEO_PAT,fea49919-3b5b-4156-9e80-eef086845305,54.7539,-133.45599,16.00884,5.76916,-4.93512,-6.15603,-2.19353,4.05092,-3.7001,,,,,,,,,,,,,,,,,,,,,,,,,,,,,,,,,,,,,,,,,,,,,,,,,,,High,High,High,,,,,
2,2025-09-19,14:48:29.21,1,2,"Rumberg, Logan",1000216384,Right,GEO_PAT,"Clyne , Owen",1000230336,Left,GEO_PAT,Undefined,1,Top,0,1,0,Fastball,Four-Seam,BallCalled,Undefined,Undefined,Undefined,0,0,,91.08468,-1.520295,-1.764553,2300.881012,213.008344,1:00,5.75864,2.15672,5.72414,-17.15745,17.29017,10.40654,2.91175,1.37979,81.92038,-4.799774,0.096665,0.422426,,,,,,,,,,,,-5.82559,9.62867,-2.01565,50,5.62123,3.59205,-131.9617,-4.01991,-10.1061,32.32487,-15.47049,GEO_PAT,GEO_PAT,SpuhlerFieldMain,TeamExclusive,Team,20250919-SpuhlerFieldMain-Private-4,3bf6bed0-9589-11f0-a2d3-8b91281d950f,89.22841,,,9.1643,,,,,,,b8693907-030d-4f44-8185-bb1c250cff2e,2025-09-19,18:48:29.21,2025-09-19T14:48:29.2130000-04:00,2025-09-19T18:48:29.2130000Z,,v3,471300,471300,,"Cowdrey , Vincent ",7,Right,GEO_PAT,9fbf5a04-b09a-45d4-a4f9-4bb79debb9c2,54.77386,-133.12595,16.16243,5.75598,-3.46271,-7.73525,-2.15157,3.95605,-5.05305,,,,,,,,,,,,,,,,,,,,,,,,,,,,,,,,,,,,,,,,,,,,,,,,,,,High,High,High,,,,,
3,2025-09-19,14:48:48.72,1,3,"Rumberg, Logan",1000216384,Right,GEO_PAT,"Clyne , Owen",1000230336,Left,GEO_PAT,Undefined,1,Top,0,2,0,Cutter,Slider,BallCalled,Undefined,Undefined,Undefined,0,0,,81.37072,2.058191,-1.922076,2252.548062,142.472187,10:45,5.65135,2.10492,5.32759,-35.22911,9.16776,-5.68981,4.64889,-0.17356,72.32493,-4.498946,-2.930617,0.479565,,,,,,,,,,,,2.11795,4.37398,-1.92688,50,5.81315,4.1929,-117.56796,3.04021,2.88232,28.03768,-26.22151,GEO_PAT,GEO_PAT,SpuhlerFieldMain,TeamExclusive,Team,20250919-SpuhlerFieldMain-Private-4,47a4b480-9589-11f0-a2d3-8b91281d950f,78.59713,,,9.04579,,,,,,,b8693907-030d-4f44-8185-bb1c250cff2e,2025-09-19,18:48:48.72,2025-09-19T14:48:48.7210000-04:00,2025-09-19T18:48:48.7210000Z,,v3,471300,471300,,"Cowdrey , Vincent ",7,Right,GEO_PAT,658140b5-aaff-493b-85c2-0564e84b297e,55.16674,-118.79373,14.01884,5.65518,4.18659,-13.11076,-2.10744,4.06689,1.44116,,,,,,,,,,,,,,,,,,,,,,,,,,,,,,,,,,,,,,,,,,,,,,,,,,,High,High,High,,,,,
4,2025-09-19,14:49:07.87,1,4,"Rumberg, Logan",1000216384,Right,GEO_PAT,"Clyne , Owen",1000230336,Left,GEO_PAT,Undefined,1,Top,0,3,0,Fastball,Four-Seam,StrikeCalled,Undefined,Undefined,Undefined,0,0,,91.24891,-1.547449,-2.36465,2310.375863,213.938953,1:15,5.78376,2.03984,5.74526,-15.51595,18.97225,11.87288,3.04836,0.82628,81.61923,-4.547299,-0.241693,0.422675,,,,,,,,,,,,-6.76536,10.50469,-1.85012,50,5.64564,4.90472,-132.0714,-4.00145,-11.70019,33.5985,-14.00691,GEO_PAT,GEO_PAT,SpuhlerFieldMain,TeamExclusive,Team,20250919-SpuhlerFieldMain-Private-4,53068600-9589-11f0-a2d3-8b91281d950f,89.1759,,,9.62968,,,,,,,b8693907-030d-4f44-8185-bb1c250cff2e,2025-09-19,18:49:07.87,2025-09-19T14:49:07.8720000-04:00,2025-09-19T18:49:07.8720000Z,,v3,471300,471300,,"Cowdrey , Vincent ",7,Right,GEO_PAT,f767620e-cd18-4ea8-a163-5c10f53f6608,54.75118,-133.2746,16.79925,5.77996,-3.49985,-7.00345,-2.03326,5.32372,-5.85009,,,,,,,,,,,,,,,,,,,,,,,,,,,,,,,,,,,,,,,,,,,,,,,,,,,High,High,High,,,,,
5,2025-09-19,14:49:27.08,1,5,"Rumberg, Logan",1000216384,Right,GEO_PAT,"Clyne , Owen",1000230336,Left,GEO_PAT,Undefined,1,Top,0,3,1,Fastball,Four-Seam,StrikeSwinging,Undefined,Undefined,Undefined,0,0,,91.08449,-1.438106,-3.387564,2349.289126,211.799566,1:00,5.67138,2.19189,5.903,-15.81355,18.8084,10.80182,3.01591,-0.05645,81.0708,-4.510393,-1.453333,0.423494,,,,,,,,,,,,-6.6663,10.47906,-1.92512,50,5.54662,7.30661,-131.69746,-3.73588,-11.40469,34.71926,-14.24653,GEO_PAT,GEO_PAT,SpuhlerFieldMain,TeamExclusive,Team,20250919-SpuhlerFieldMain-Private-4,5e981a10-9589-11f0-a2d3-8b91281d950f,89.00346,,,10.01368,,,,,,,b8693907-030d-4f44-8185-bb1c250cff2e,2025-09-19,18:49:27.08,2025-09-19T14:49:27.0870000-04:00,2025-09-19T18:49:27.0870000Z,,v3,471300,471300,,"Cowdrey , Vincent ",7,Right,GEO_PAT,84a1cada-c044-4944-aded-bd17f6be0d86,54.59308,-132.90281,17.35963,5.66774,-3.24128,-7.12326,-2.18566,7.70255,-5.70235,,,,,,,,,,,,,,,,,,,,,,,,,,,,,,,,,,,,,,,,,,,,,,,,,,,High,High,High,,,,,
6,2025-09-19,14:49:47.34,1,6,"Rumberg, Logan",1000216384,Right,GEO_PAT,"Clyne , Owen",1000230336,Left,GEO_PAT,Undefined,1,Top,0,3,2,Fastball,Four-Seam,FoulBallNotFieldable,Undefined,Undefined,Undefined,0,0,,92.23286,-2.434249,-2.925549,2318.705576,199.753681,12:45,5.56482,2.08214,5.95286,-11.22863,22.53446,7.59831,2.36709,-0.0004,81.98536,-4.682338,-1.563199,0.418208,73.41982,14.134959,-168.177654,977.920441,,,,134.63151,49.06964,-165.963916,1.580726,-4.955,12.8154,-1.85353,50,5.36486,6.47869,-133.36285,-5.91257,-8.66969,36.29108,-9.75117,GEO_PAT,GEO_PAT,SpuhlerFieldMain,TeamExclusive,Team,20250919-SpuhlerFieldMain-Private-4,6aa546c0-9589-11f0-a2d3-8b91281d950f,90.12841,11.53339,,10.24749,,,,1.33155,2.30565,0.014,b8693907-030d-4f44-8185-bb1c250cff2e,2025-09-19,18:49:47.34,2025-09-19T14:49:47.3470000-04:00,2025-09-19T18:49:47.3470000Z,GroundBall,v3,471300,471300,,"Cowdrey , Vincent ",7,Right,GEO_PAT,b2cc345e-33bf-4f69-a46d-40d3c06a43a1,54.5451,-134.59399,18.14554,5.55983,-5.58177,-4.87559,-2.0783,6.7728,-4.33485,275.892542,1.33155,-102.20691,13.75081,-1.62754,0.34796,-0.06191,0.01047,-0.00181,0.00017,2.30565,26.29672,-19.90856,1.84447,-0.31539,0.07108,-0.01136,0.00149,-0.00013,0.014,-21.39374,0.14845,0.22065,-0.02285,0.00656,-0.00095,7E-05,-1E-05,,,,,,,,,,,,,,,,,,,,,,,High,High,High,High,Low,,,
7,2025-09-19,14:50:09.51,1,7,"Rumberg, Logan",1000216384,Right,GEO_PAT,"Clyne , Owen",1000230336,Left,GEO_PAT,Undefined,1,Top,0,3,2,Curveball,Curveball,BallCalled,Walk,Undefined,Undefined,0,0,,74.53789,5.50012,2.935087,2514.022009,33.25565,7:00,5.61655,2.26763,5.03433,-72.81535,-19.33328,-14.01032,4.76083,3.87179,66.65717,-7.658004,0.467959,0.526351,,,,,,,,,,,,7.79874,-10.55256,-2.53684,50,6.08649,-4.92563,-107.4339,7.73029,8.92101,22.30184,-44.24518,GEO_PAT,GEO_PAT,SpuhlerFieldMain,TeamExclusive,Team,20250919-SpuhlerFieldMain-Private-4,77cf5520-9589-11f0-a2d3-8b91281d950f,71.61083,,,7.88072,,,,,,,b8693907-030d-4f44-8185-bb1c250cff2e,2025-09-19,18:50:09.51,2025-09-19T14:50:09.5190000-04:00,2025-09-19T18:50:09.5190000Z,,v3,471300,471300,,"Cowdrey , Vincent ",7,Right,GEO_PAT,67db0d92-6035-4d5b-aba9-f13d7fa3b402,55.47062,-108.56358,11.15092,5.63816,9.9715,-22.12259,-2.2759,-5.37752,4.46051,,,,,,,,,,,,,,,,,,,,,,,,,,,,,,,,,,,,,,,,,,,,,,,,,,,High,High,High,,,,,
8,2025-09-19,14:50:39.04,2,1,"Rumberg, Logan",1000216384,Right,GEO_PAT,"Terelli , Lucas",9,Left,GEO_PAT,Undefined,1,Top,0,0,0,Cutter,Slider,BallCalled,Undefined,Undefined,Undefined,1,0,,81.33949,1.673505,-0.601682,2226.329373,127.318311,10:15,5.54465,2.39197,5.51668,-35.31915,7.43689,-8.04559,4.16678,1.15886,74.48537,-4.838674,-2.034922,0.47062,,,,,,,,,,,,3.88504,3.70433,-2.33404,50,5.66695,1.56709,-118.07993,2.26827,5.49619,22.05876,-26.9335,GEO_PAT,GEO_PAT,SpuhlerFieldMain,TeamExclusive,Team,20250919-SpuhlerFieldMain-Private-4,8961edc0-9589-11f0-a2d3-8b91281d950f,80.09108,,,6.85412,,,,,,,b8693907-030d-4f44-8185-bb1c250cff2e,2025-09-19,18:50:39.04,2025-09-19T14:50:39.0400000-04:00,2025-09-19T18:50:39.0400000Z,,v3,471300,471300,,"Cowdrey , Vincent ",7,Right,GEO_PAT,8632742e-bb1f-46cb-89b5-73c39f683820,54.9844,-119.00743,11.02938,5.54777,3.40074,-13.46675,-2.39507,1.33599,2.7481,,,,,,,,,,,,,,,,,,,,,,,,,,,,,76.45753,2.020303,0.749722,1.270581,-1.21871,3.93533,-1.0636,0.27248,5.92902,-0.86936,127.28198,0.59408,-4.55023,0.38226,110.33201,-8.3154,5.94095,10.23687,-11.38147,-0.89098,-4.64022,1.40196,High,High,High,,,High,Medium,Medium
9,2025-09-19,14:51:09.59,2,2,"Rumberg, Logan",1000216384,Right,GEO_PAT,"Terelli , Lucas",9,Left,GEO_PAT,Undefined,1,Top,0,1,0,Curveball,Curveball,BallCalled,Undefined,Undefined,Undefined,0,0,,76.59412,2.009631,-1.891185,2457.359121,49.864574,7:45,5.59236,2.39567,4.94705,-65.15216,-14.88178,-19.74462,2.06399,-1.03758,69.59761,-9.711106,-5.373761,0.510302,,,,,,,,,,,,9.08965,-7.4691,-2.19493,50,5.73369,4.47518,-110.92404,1.52013,11.09901,23.5333,-41.29427,GEO_PAT,GEO_PAT,SpuhlerFieldMain,TeamExclusive,Team,20250919-SpuhlerFieldMain-Private-4,9b9e33e0-9589-11f0-a2d3-8b91281d950f,73.86299,,,6.99651,,,,,,,b8693907-030d-4f44-8185-bb1c250cff2e,2025-09-19,18:51:09.59,2025-09-19T14:51:09.5900000-04:00,2025-09-19T18:51:09.5900000Z,,v3,471300,471300,,"Cowdrey , Vincent ",7,Right,GEO_PAT,94744aae-72cd-41c8-9e70-63bfa4e396b8,55.55833,-112.09708,11.76665,5.60662,3.57848,-20.64714,-2.40421,3.92194,5.5495,,,,,,,,,,,,,,,,,,,,,,,,,,,,,,,,,,,,,,,,,,,,,,,,,,,High,High,High,,,,,
10,2025-09-19,14:51:27.46,2,3,"Rumberg, Logan",1000216384,Right,GEO_PAT,"Terelli , Lucas",9,Left,GEO_PAT,Undefined,1,Top,0,2,0,Fastball,Four-Seam,BallCalled,Undefined,Undefined,Undefined,0,0,,91.54831,-2.067498,-1.982646,2298.801213,203.80178,12:45,5.57799,2.39055,5.76664,-13.06792,20.7721,8.63957,2.56274,1.26449,82.8444,-4.601907,-0.436935,0.418684,,,,,,,,,,,,-4.97981,11.53008,-2.23156,50,5.39886,4.20429,-132.68871,-5.13497,-8.79648,30.82777,-11.80693,GEO_PAT,GEO_PAT,SpuhlerFieldMain,TeamExclusive,Team,20250919-SpuhlerFieldMain-Private-4,a6364cc0-9589-11f0-a2d3-8b91281d950f,90.02593,,,8.70391,,,,,,,b8693907-030d-4f44-8185-bb1c250cff2e,2025-09-19,18:51:27.46,2025-09-19T14:51:27.4620000-04:00,2025-09-19T18:51:27.4620000Z,,v3,471300,471300,,"Cowdrey , Vincent ",7,Right,GEO_PAT,382aeac8-b2e4-4a6e-9daf-b57a7ee1b7f9,54.73261,-133.78373,15.41389,5.57381,-4.71558,-5.90346,-2.38644,4.51675,-4.39824,,,,,,,,,,,,,,,,,,,,,,,,,,,,,,,,,,,,,,,,,,,,,,,,,,,High,High,High,,,,,
11,2025-09-19,14:51:48.09,2,4,"Rumberg, Logan",1000216384,Right,GEO_PAT,"Terelli , Lucas",9,Left,GEO_PAT,Undefined,1,Top,0,3,0,Cutter,Curveball,StrikeCalled,Undefined,Undefined,Undefined,0,0,,80.13095,2.015962,-1.427119,2291.592696,73.487144,8:30,5.53978,2.40924,5.33559,-46.794,-2.1774,-12.12048,3.53312,0.05993,73.23414,-6.516819,-3.57839,0.48075,,,,,,,,,,,,5.64729,-1.22858,-2.27136,50,5.68837,3.39209,-116.2261,2.44164,7.69464,22.57822,-33.84805,GEO_PAT,GEO_PAT,SpuhlerFieldMain,TeamExclusive,Team,20250919-SpuhlerFieldMain-Private-4,b28eb340-9589-11f0-a2d3-8b91281d950f,78.40337,,,6.89681,,,,,,,b8693907-030d-4f44-8185-bb1c250cff2e,2025-09-19,18:51:48.09,2025-09-19T14:51:48.0930000-04:00,2025-09-19T18:51:48.0930000Z,,v3,471300,471300,,"Cowdrey , Vincent ",7,Right,GEO_PAT,513c4e42-00aa-489e-a9c4-37c0334bbf92,55.16698,-117.22555,11.28911,5.54712,3.93996,-16.92403,-2.41398,3.05148,3.84732,,,,,,,,,,,,,,,,,,,,,,,,,,,,,76.13706,,0.720384,,-1.77136,3.15266,0.14301,0.04606,5.87341,-0.2779,,,,0.12412,110.487,-8.96711,5.88084,6.62612,-11.17992,-0.31287,0.11635,3.07586,High,High,High,,,High,Medium,Medium
12,2025-09-19,14:52:17.90,2,5,"Rumberg, Logan",1000216384,Right,GEO_PAT,"Terelli , Lucas",9,Left,GEO_PAT,Undefined,1,Top,0,3,1,Fastball,Four-Seam,StrikeCalled,Undefined,Undefined,Undefined,0,0,,91.08465,-3.160494,-3.497825,2257.56837,210.842142,1:00,5.63809,2.30496,5.82838,-13.16284,21.22222,11.91316,1.59458,0.04195,82.0948,-5.721944,-1.367892,0.422042,,,,,,,,,,,,-7.19221,12.20237,-2.02594,50,5.37159,7.52714,-131.71623,-7.62361,-12.45962,31.6057,-11.03498,GEO_PAT,GEO_PAT,SpuhlerFieldMain,TeamExclusive,Team,20250919-SpuhlerFieldMain-Private-4,c460ecf0-9589-11f0-a2d3-8b91281d950f,89.30959,,,8.98985,,,,,,,b8693907-030d-4f44-8185-bb1c250cff2e,2025-09-19,18:52:17.90,2025-09-19T14:52:17.9080000-04:00,2025-09-19T18:52:17.9080000Z,,v3,471300,471300,,"Cowdrey , Vincent ",7,Right,GEO_PAT,43e7b1f4-0dec-46a3-8cf5-bfc4de27d926,54.6716,-132.83247,15.80285,5.63396,-7.23388,-5.51749,-2.29955,7.96718,-6.22981,,,,,,,,,,,,,,,,,,,,,,,,,,,,,,,,,,,,,,,,,,,,,,,,,,,High,High,High,,,,,
13,2025-09-19,14:52:35.05,2,6,"Rumberg, Logan",1000216384,Right,GEO_PAT,"Terelli , Lucas",9,Left,GEO_PAT,Undefined,1,Top,0,3,2,Fastball,Four-Seam,InPlay,Undefined,GroundBall,Out,1,0,,90.49183,-2.31774,-3.704668,2271.134575,196.355653,12:30,5.55371,2.24496,6.17953,-12.9589,21.55726,5.94225,2.32768,-0.68595,81.17107,-4.870966,-2.636208,0.422846,90.68448,-6.028012,19.528069,,,,,21.45802,19.762,19.946428,0.150652,-4.31882,12.30304,-1.96753,50,5.37152,8.22873,-130.92486,-5.60241,-7.3491,32.70435,-11.23863,GEO_PAT,GEO_PAT,SpuhlerFieldMain,TeamExclusive,Team,20250919-SpuhlerFieldMain-Private-4,ce97d300-9589-11f0-a2d3-8b91281d950f,89.1398,2.39132,,9.32076,,,,1.52059,2.39132,0.65345,b8693907-030d-4f44-8185-bb1c250cff2e,2025-09-19,18:52:35.05,2025-09-19T14:52:35.0530000-04:00,2025-09-19T18:52:35.0530000Z,GroundBall,v3,471300,471300,,"Cowdrey , Vincent ",7,Right,GEO_PAT,8c0a1877-be22-4779-9936-98c89a59d54a,54.31965,-131.99948,16.35218,5.54954,-5.23313,-5.61931,-2.24188,8.47021,-3.67455,220.209764,1.52065,124.65414,-5.69955,,,,,,,2.39135,-13.97032,-12.63313,,,,,,,0.65345,44.21311,0.2624,,,,,,,,,,,,,,,,,,,,,,,,,,,,,High,High,High,High,High,,,
14,2025-09-19,14:53:14.45,3,1,"Rumberg, Logan",1000216384,Right,GEO_PAT,"Butler, Jake",1000136500,Right,GEO_PAT,Undefined,1,Top,1,0,0,Curveball,Curveball,BallinDirt,Undefined,Undefined,Undefined,0,0,,77.64265,1.213319,-1.591524,2535.608525,37.959001,7:15,5.62418,2.10681,5.1129,-65.80098,-17.26052,-14.79217,1.28449,-0.62568,70.71162,-10.634118,-4.21447,0.501445,,,,,,,,,,,,6.86095,-8.58689,-1.94466,50,5.68657,3.72103,-112.55411,0.01557,8.62564,24.23103,-42.96957,GEO_PAT,GEO_PAT,SpuhlerFieldMain,TeamExclusive,Team,20250919-SpuhlerFieldMain-Private-4,e6210ff0-9589-11f0-a2d3-8b91281d950f,75.16766,,,6.93102,,,,,,,b8693907-030d-4f44-8185-bb1c250cff2e,2025-09-19,18:53:14.45,2025-09-19T14:53:14.4540000-04:00,2025-09-19T18:53:14.4540000Z,,v3,471300,471300,,"Cowdrey , Vincent ",7,Right,GEO_PAT,0b3a7e80-839c-4f39-bf6d-fa4a44b155f5,55.39327,-113.70926,12.11552,5.637,2.06404,-21.48479,-2.11225,3.30982,4.31282,,,,,,,,,,,,,,,,,,,,,,,,,,,,,,,,,,,,,,,,,,,,,,,,,,,High,High,High,,,,,
15,2025-09-19,14:53:43.23,3,2,"Rumberg, Logan",1000216384,Right,GEO_PAT,"Butler, Jake",1000136500,Right,GEO_PAT,Undefined,1,Top,1,1,0,Cutter,Slider,BallCalled,Undefined,Undefined,Undefined,0,0,,81.47223,1.708528,-2.814928,2227.122624,151.19842,11:00,5.62392,2.12318,5.479,-33.62191,9.6454,-4.4954,4.42325,-0.8876,73.76728,-4.521677,-3.613068,0.473425,,,,,,,,,,,,1.38969,4.78209,-1.87273,50,5.75166,5.98681,-117.95926,2.41187,1.93958,24.4132,-25.49971,GEO_PAT,GEO_PAT,SpuhlerFieldMain,TeamExclusive,Team,20250919-SpuhlerFieldMain-Private-4,f72ee830-9589-11f0-a2d3-8b91281d950f,79.61647,,,7.70495,,,,,,,b8693907-030d-4f44-8185-bb1c250cff2e,2025-09-19,18:53:43.23,2025-09-19T14:53:43.2370000-04:00,2025-09-19T18:53:43.2370000Z,,v3,471300,471300,,"Cowdrey , Vincent ",7,Right,GEO_PAT,594fb793-e3e1-44b0-94a0-50e18e34e24a,55.01946,-118.99356,12.2066,5.62659,3.49221,-12.74986,-2.12463,5.90463,0.96979,,,,,,,,,,,,,,,,,,,,,,,,,,,,,,,,,,,,,,,,,,,,,,,,,,,High,High,High,,,,,
16,2025-09-19,14:54:01.97,3,3,"Rumberg, Logan",1000216384,Right,GEO_PAT,"Butler, Jake",1000136500,Right,GEO_PAT,Undefined,1,Top,1,2,0,Fastball,Four-Seam,BallCalled,Undefined,Undefined,Undefined,0,0,,89.45919,0.039481,-3.601917,2212.177723,205.937221,12:45,5.60806,2.06642,5.9792,-19.51867,15.66335,7.03209,4.01817,-0.69099,80.93227,-3.672654,-2.341939,0.426906,,,,,,,,,,,,-4.67784,8.36859,-1.78499,50,5.60038,7.85661,-129.61121,-0.49154,-7.88888,29.26749,-18.06095,GEO_PAT,GEO_PAT,SpuhlerFieldMain,TeamExclusive,Team,20250919-SpuhlerFieldMain-Private-4,02513fb0-958a-11f0-a2d3-8b91281d950f,88.2922,,,8.52692,,,,,,,b8693907-030d-4f44-8185-bb1c250cff2e,2025-09-19,18:54:01.97,2025-09-19T14:54:01.9740000-04:00,2025-09-19T18:54:01.9740000Z,,v3,471300,471300,,"Cowdrey , Vincent ",7,Right,GEO_PAT,e8ed701f-71d7-41ba-8ae5-c0c33b91f186,54.51978,-130.62783,14.63374,5.60657,0.13582,-9.03048,-2.06266,8.13063,-3.94444,,,,,,,,,,,,,,,,,,,,,,,,,,,,,,,,,,,,,,,,,,,,,,,,,,,High,High,High,,,,,
17,2025-09-19,14:54:20.77,3,4,"Rumberg, Logan",1000216384,Right,GEO_PAT,"Butler, Jake",1000136500,Right,GEO_PAT,Undefined,1,Top,1,3,0,Fastball,Four-Seam,StrikeCalled,Undefined,Undefined,Undefined,0,0,,89.97422,-1.960801,-3.715109,2181.840265,211.525714,1:00,5.64632,2.19662,6.15596,-15.88749,18.68922,10.72481,2.50621,-0.34695,81.49849,-5.021802,-1.786542,0.423217,,,,,,,,,,,,-6.62552,10.58032,-1.91907,50,5.48862,8.00815,-130.31766,-4.8881,-11.29808,29.53249,-14.13211,GEO_PAT,GEO_PAT,SpuhlerFieldMain,TeamExclusive,Team,20250919-SpuhlerFieldMain-Private-4,0d859890-958a-11f0-a2d3-8b91281d950f,89.06173,,,8.47574,,,,,,,b8693907-030d-4f44-8185-bb1c250cff2e,2025-09-19,18:54:20.77,2025-09-19T14:54:20.7720000-04:00,2025-09-19T18:54:20.7720000Z,,v3,471300,471300,,"Cowdrey , Vincent ",7,Right,GEO_PAT,70791e92-7ad4-4cdd-929e-0d668e32a4af,54.34341,-131.29827,14.76624,5.64314,-4.41885,-7.06606,-2.19121,8.38329,-5.64904,,,,,,,,,,,,,,,,,,,,,,,,,,,,,,,,,,,,,,,,,,,,,,,,,,,High,High,High,,,,,
18,2025-09-19,14:54:38.83,3,5,"Rumberg, Logan",1000216384,Right,GEO_PAT,"Butler, Jake",1000136500,Right,GEO_PAT,Undefined,1,Top,1,3,1,Fastball,Four-Seam,FoulBallNotFieldable,Undefined,Undefined,Undefined,0,0,,90.84085,-1.862439,-3.51377,2228.637986,211.422712,1:00,5.66118,2.0275,6.0024,-14.94194,19.00832,10.91918,2.68641,-0.32255,82.61235,-4.734612,-1.555279,0.419366,70.25008,49.873258,150.885527,4121.126476,,,,,52.20959,,,-6.66705,10.66997,-1.75685,50,5.50624,7.62804,-131.67279,-4.70398,-11.65235,29.12943,-13.52562,GEO_PAT,GEO_PAT,SpuhlerFieldMain,TeamExclusive,Team,20250919-SpuhlerFieldMain-Private-4,1859a900-958a-11f0-a2d3-8b91281d950f,89.87967,51.16181,,8.2285,,,,2.02573,2.81976,0.33226,b8693907-030d-4f44-8185-bb1c250cff2e,2025-09-19,18:54:38.83,2025-09-19T14:54:38.8320000-04:00,2025-09-19T18:54:38.8320000Z,,v3,471300,471300,,"Cowdrey , Vincent ",7,Right,GEO_PAT,4a198f06-1d06-4b31-8475-99920175357d,54.4997,-132.66451,14.56472,5.65855,-4.24349,-6.76281,-2.0233,8.02475,-5.82617,325.276775,2.02573,-58.01291,0.10997,1.1264,-0.317,-0.04101,0.14906,-0.10298,0.02753,2.81976,78.78137,-28.70678,3.63513,-0.74563,0.08412,0.0439,-0.04031,0.01129,0.33226,32.30875,-8.70241,2.00425,-0.39716,-0.00221,0.08555,-0.06158,0.01649,,,,,,,,,,,,,,,,,,,,,,,High,High,High,High,Undefined,,,
19,2025-09-19,14:55:04.02,3,6,"Rumberg, Logan",1000216384,Right,GEO_PAT,"Butler, Jake",1000136500,Right,GEO_PAT,Undefined,1,Top,1,3,2,Fastball,Four-Seam,InPlay,Undefined,FlyBall,Sacrifice,0,1,,91.83385,-2.314123,-3.144979,2224.187831,218.146595,1:15,5.61005,2.10808,5.78189,-16.87028,17.04158,12.38973,2.04658,0.21135,82.5805,-5.538704,-0.929742,0.419129,84.47095,44.273661,12.511034,,104.63105,89.82667,33.94584,259.62854,259.62854,25.140765,5.096074,-7.36713,9.81378,-1.85599,50,5.40887,6.75378,-132.90106,-5.89031,-12.95031,33.04055,-14.9229,GEO_PAT,GEO_PAT,SpuhlerFieldMain,TeamExclusive,Team,20250919-SpuhlerFieldMain-Private-4,27656fb0-958a-11f0-a2d3-8b91281d950f,89.93045,99.8886,,9.25336,,,,1.7611,2.17601,-0.19536,b8693907-030d-4f44-8185-bb1c250cff2e,2025-09-19,18:55:04.02,2025-09-19T14:55:04.0210000-04:00,2025-09-19T18:55:04.0210000Z,FlyBall,v3,471300,471300,,"Cowdrey , Vincent ",7,Right,GEO_PAT,df0b9ed3-928a-473c-8e21-a391171c1d9e,54.71837,-134.06896,16.52028,5.60775,-5.36282,-7.46145,-2.10282,7.21154,-6.47516,205.035763,1.76206,86.58493,-20.63841,5.46401,-1.24633,0.26448,-0.04629,0.0052,-0.00026,2.17885,86.42349,-22.29444,1.53003,0.12805,-0.1643,0.04553,-0.00572,0.00028,-0.19564,19.22284,2.00164,-0.73958,0.1777,-0.02747,0.00209,-2E-05,-0,,,,,,,,,,,,,,,,,,,,,,,High,High,High,High,Medium,,,
20,2025-09-19,14:55:52.30,4,1,"Rumberg, Logan",1000216384,Right,GEO_PAT,"Canody, Andrew",1000415298,Right,GEO_PAT,Undefined,1,Top,1,0,0,Cutter,Slider,BallCalled,Undefined,Undefined,Undefined,0,0,,81.84281,3.01747,-1.471118,2150.854001,152.727585,11:00,5.41845,2.12545,5.57086,-37.13872,6.07441,-2.29717,5.14584,0.55949,73.11863,-3.889329,-1.880237,0.473129,,,,,,,,,,,,0.64547,2.55748,-1.99714,50,5.65517,3.13708,-118.34784,4.99555,0.89646,26.95382,-28.62208,GEO_PAT,GEO_PAT,SpuhlerFieldMain,TeamExclusive,Team,20250919-SpuhlerFieldMain-Private-4,442164b0-958a-11f0-a2d3-8b91281d950f,79.66638,,,8.72419,,,,,,,b8693907-030d-4f44-8185-bb1c250cff2e,2025-09-19,18:55:52.30,2025-09-19T14:55:52.3040000-04:00,2025-09-19T18:55:52.3040000Z,,v3,471300,471300,,"Cowdrey , Vincent ",7,Right,GEO_PAT,1553ecaa-61a4-4b52-a8a8-f41d6242333b,54.92503,-119.46425,13.47691,5.42371,6.18107,-14.31104,-2.1263,3.09995,0.44823,,,,,,,,,,,,,,,,,,,,,,,,,,,,,,,,,,,,,,,,,,,,,,,,,,,High,High,High,,,,,
21,2025-09-19,14:56:11.20,4,2,"Rumberg, Logan",1000216384,Right,GEO_PAT,"Canody, Andrew",1000415298,Right,GEO_PAT,Undefined,1,Top,1,1,0,Fastball,Four-Seam,BallCalled,Undefined,Undefined,Undefined,0,0,,91.65107,-3.84519,-3.944429,2158.171019,199.59322,12:45,5.59032,2.046,5.8828,-14.38009,19.59911,6.52926,0.80711,-1.07886,82.71911,-6.612257,-2.777222,0.419544,,,,,,,,,,,,-4.5711,11.58627,-1.73065,50,5.27036,8.83543,-132.35463,-9.30413,-7.99935,31.79632,-11.89823,GEO_PAT,GEO_PAT,SpuhlerFieldMain,TeamExclusive,Team,20250919-SpuhlerFieldMain-Private-4,4f7860c0-958a-11f0-a2d3-8b91281d950f,89.84139,,,8.93196,,,,,,,b8693907-030d-4f44-8185-bb1c250cff2e,2025-09-19,18:56:11.20,2025-09-19T14:56:11.2020000-04:00,2025-09-19T18:56:11.2020000Z,,v3,471300,471300,,"Cowdrey , Vincent ",7,Right,GEO_PAT,d4bdca4a-f46a-4ba0-a0c4-78ca4a0b6782,54.61572,-133.45888,15.89816,5.58631,-8.89092,-5.94912,-2.04232,9.11324,-3.99968,,,,,,,,,,,,,,,,,,,,,,,,,,,,,,,,,,,,,,,,,,,,,,,,,,,High,High,High,,,,,
22,2025-09-19,14:56:28.61,4,3,"Rumberg, Logan",1000216384,Right,GEO_PAT,"Canody, Andrew",1000415298,Right,GEO_PAT,Undefined,1,Top,1,2,0,Fastball,Sinker,FoulBallNotFieldable,Undefined,Undefined,Undefined,0,0,,91.16866,-2.421328,-3.636263,2115.067553,225.746287,1:30,5.59442,2.21102,5.72689,-18.18406,16.54371,15.57493,1.81792,0.11751,81.49146,-5.893486,-0.855729,0.424141,,,,,,,,,,,,-9.20071,9.63973,-1.91699,50,5.38098,7.68005,-131.7697,-6.14315,-15.79865,34.10001,-15.62155,GEO_PAT,GEO_PAT,SpuhlerFieldMain,TeamExclusive,Team,20250919-SpuhlerFieldMain-Private-4,59cd0800-958a-11f0-a2d3-8b91281d950f,88.86776,,,9.67719,,,,,,,b8693907-030d-4f44-8185-bb1c250cff2e,2025-09-19,18:56:28.61,2025-09-19T14:56:28.6180000-04:00,2025-09-19T18:56:28.6180000Z,,v3,471300,471300,,"Cowdrey , Vincent ",7,Right,GEO_PAT,fdeb8b09-9c84-49e7-9e32-5785b99c3345,54.77273,-132.99907,17.05001,5.59231,-5.57996,-7.81077,-2.20414,8.24962,-7.89932,,,,,,,,,,,,,,,,,,,,,,,,,,,,,,,,,,,,,,,,,,,,,,,,,,,High,High,High,,,,,
23,2025-09-19,14:56:56.15,4,4,"Rumberg, Logan",1000216384,Right,GEO_PAT,"Canody, Andrew",1000415298,Right,GEO_PAT,Undefined,1,Top,3,2,1,Curveball,Curveball,BallCalled,Undefined,Undefined,Undefined,0,0,,74.20076,4.86533,1.298116,2354.219076,36.448797,7:15,5.65469,2.04853,5.30972,-67.21181,-13.9115,-11.76946,4.63297,2.28649,66.38591,-7.385409,-0.788771,0.525456,,,,,,,,,,,,6.30713,-8.02288,-2.15742,50,6.04849,-1.97052,-107.1653,6.85975,7.16461,22.52446,-41.28766,GEO_PAT,GEO_PAT,SpuhlerFieldMain,TeamExclusive,Team,20250919-SpuhlerFieldMain-Private-4,6a2f5e00-958a-11f0-a2d3-8b91281d950f,71.73284,,,7.81485,,,,,,,b8693907-030d-4f44-8185-bb1c250cff2e,2025-09-19,18:56:56.15,2025-09-19T14:56:56.1550000-04:00,2025-09-19T18:56:56.1550000Z,,v3,471300,471300,,"Cowdrey , Vincent ",7,Right,GEO_PAT,05cf9dfc-3c23-4dbc-8766-56b3e1e6d077,55.19385,-108.25146,11.26223,5.6697,8.8507,-20.64383,-2.05407,-2.31601,3.5823,,,,,,,,,,,,,,,,,,,,,,,,,,,,,,,,,,,,,,,,,,,,,,,,,,,High,High,High,,,,,
24,2025-09-19,14:57:24.02,4,5,"Rumberg, Logan",1000216384,Right,GEO_PAT,"Canody, Andrew",1000415298,Right,GEO_PAT,Undefined,1,Top,1,3,1,Fastball,Four-Seam,InPlay,Undefined,GroundBall,Out,2,0,,91.3005,-2.405379,-3.436718,1996.766666,207.067324,1:00,5.63253,2.21331,5.82021,-18.2554,15.7908,7.45957,1.86941,-0.36431,82.73907,-5.860814,-2.102969,0.419958,92.32284,-38.59063,-34.507952,,,,,4.59026,4.59026,-13.521199,0.023315,-4.90276,9.17028,-1.93632,50,5.4246,7.6195,-132.19437,-6.13617,-8.58721,30.86558,-16.11228,GEO_PAT,GEO_PAT,SpuhlerFieldMain,TeamExclusive,Team,20250919-SpuhlerFieldMain-Private-4,7ad3ed20-958a-11f0-a2d3-8b91281d950f,89.75289,1.97243,,8.56142,,,,2.42628,1.97243,0.32701,b8693907-030d-4f44-8185-bb1c250cff2e,2025-09-19,18:57:24.02,2025-09-19T14:57:24.0280000-04:00,2025-09-19T18:57:24.0280000Z,GroundBall,v3,471300,471300,,"Cowdrey , Vincent ",7,Right,GEO_PAT,03b8157c-6256-4f0e-87d6-dd22e0ea4f30,54.68157,-133.28298,15.43279,5.63099,-5.56791,-8.05614,-2.21039,7.92237,-4.29361,,2.42574,87.35795,,,,,,,,1.97295,-84.59894,,,,,,,,0.32739,-60.05731,,,,,,,,,,,,,,,,,,,,,,,,,,,,,,High,High,High,Estimated,Estimated,,,
25,2025-09-19,14:59:33.62,1,1,"Stewart, Owen",10069636,Right,GEO_PAT,"Morse, Jackson ",5,Right,GEO_PAT,Undefined,1,Bottom,0,0,0,Undefined,Curveball,Undefined,Undefined,Undefined,Undefined,0,0,,78.11679,0.669335,-1.96455,2378.54219,49.351585,7:45,5.37863,2.22052,5.29163,-50.48971,-3.57666,-5.87174,1.80006,-0.11426,71.82242,-8.489495,-3.007103,0.492967,,,,,,,,,,,,2.38969,-1.56264,-2.03705,50,5.40249,4.12011,-113.36059,-0.42032,3.10276,21.14929,-34.20297,GEO_PAT,GEO_PAT,SpuhlerFieldMain,TeamExclusive,Team,20250919-SpuhlerFieldMain-Private-4,c8250460-958a-11f0-a2d3-8b91281d950f,76.4603,,,6.29437,,,,,,,b8693907-030d-4f44-8185-bb1c250cff2e,2025-09-19,18:59:33.62,2025-09-19T14:59:33.6230000-04:00,2025-09-19T18:59:33.6230000Z,,v3,471300,471300,,"Vaughn , Logan ",12,Right,GEO_PAT,eee19533-e530-4fee-b316-c7757bbb9770,55.21185,-114.32881,10.57465,5.38589,1.1455,-17.10148,-2.22241,3.97807,1.55138,,,,,,,,,,,,,,,,,,,,,,,,,,,,,,,,,,,,,,,,,,,,,,,,,,,High,High,High,,,,,
26,2025-09-19,15:00:52.47,1,2,"Hsu, Brandon ",,Right,GEO_PAT,"Morse, Jackson ",5,Right,GEO_PAT,Undefined,1,Bottom,0,0,0,Undefined,Four-Seam,Undefined,Undefined,Undefined,Undefined,0,0,,88.13338,-0.959499,-2.832867,2171.553531,201.320588,12:45,5.45032,1.75082,5.81319,-13.93387,22.66714,8.33229,3.39575,-0.19128,79.37337,-3.680674,-1.342599,0.435429,92.16734,18.940182,7.254544,1638.224622,108.84058,32.02334,15.92826,302.34984,300.65282,10.868615,3.332728,-5.14197,12.23642,-1.52341,50,5.36353,5.96121,-127.6856,-2.48266,-8.37365,29.62254,-12.24709,GEO_PAT,GEO_PAT,SpuhlerFieldMain,TeamExclusive,Team,20250919-SpuhlerFieldMain-Private-4,f7185d80-958a-11f0-a2d3-8b91281d950f,86.56382,36.73373,,8.76002,,,,0.75448,3.37611,0.21891,b8693907-030d-4f44-8185-bb1c250cff2e,2025-09-19,19:00:52.47,2025-09-19T15:00:52.4770000-04:00,2025-09-19T19:00:52.4770000Z,LineDrive,v3,471300,471300,,"Vaughn, Logan",12,Right,GEO_PAT,920df4cd-e27a-4566-a298-bd776e511a9f,54.68601,-128.76814,14.81127,5.44608,-2.0351,-6.12355,-1.74685,6.26722,-4.18683,197.285119,0.75464,126.83006,-19.03643,3.83813,-0.67705,0.0551,0.01469,-0.00541,0.00054,3.37595,43.88223,-15.55453,0.95159,-0.25553,0.11735,-0.0414,0.00856,-0.00073,0.21888,16.14703,-0.20433,0.37048,-0.15486,0.05394,-0.01492,0.00263,-0.00021,,,,,,,,,,,,,,,,,,,,,,,High,High,High,High,High,,,
27,2025-09-19,15:01:26.17,1,3,"Hsu, Brandon ",,Right,GEO_PAT,"Morse, Jackson ",5,Right,GEO_PAT,Undefined,1,Bottom,0,0,0,Undefined,Slider,Undefined,Undefined,Undefined,Undefined,0,0,,80.06065,-0.557043,-2.229211,2294.890368,152.734567,11:00,5.35116,2.24999,5.51128,-36.64805,8.09693,-3.3698,1.77581,-0.11658,72.74311,-7.313199,-2.829396,0.481441,,,,,,,,,,,,1.00587,4.71583,-2.05308,50,5.27815,4.65089,-116.02444,-2.3271,1.35506,24.08574,-25.82119,GEO_PAT,GEO_PAT,SpuhlerFieldMain,TeamExclusive,Team,20250919-SpuhlerFieldMain-Private-4,0b3daef0-958b-11f0-a2d3-8b91281d950f,78.2908,,,7.31754,,,,,,,b8693907-030d-4f44-8185-bb1c250cff2e,2025-09-19,19:01:26.17,2025-09-19T15:01:26.1770000-04:00,2025-09-19T19:01:26.1770000Z,,v3,471300,471300,,"Vaughn, Logan",12,Right,GEO_PAT,4c9ebb8b-6d2b-49de-ac7e-51656989be6e,54.98855,-117.05544,12.04287,5.35411,-1.22181,-12.9106,-2.25093,4.59289,0.67753,,,,,,,,,,,,,,,,,,,,,,,,,,,,,,,,,,,,,,,,,,,,,,,,,,,High,High,High,,,,,
28,2025-09-19,15:01:43.28,1,4,"Hsu, Brandon ",,Right,GEO_PAT,"Morse, Jackson ",5,Right,GEO_PAT,Undefined,1,Bottom,0,0,0,Undefined,Curveball,Undefined,Undefined,Undefined,Undefined,0,0,,76.96819,0.23968,-2.322038,2045.852424,19.633554,6:45,5.53967,1.99058,5.43857,-57.6981,-9.83445,-4.01307,0.95613,-0.5195,71.3645,-10.184698,-3.037529,0.497937,,,,,,,,,,,,1.40528,-4.71418,-1.78202,50,5.5202,4.68287,-111.79926,-1.46678,1.78077,19.92626,-38.14785,GEO_PAT,GEO_PAT,SpuhlerFieldMain,TeamExclusive,Team,20250919-SpuhlerFieldMain-Private-4,156af810-958b-11f0-a2d3-8b91281d950f,75.69722,,,5.6037,,,,,,,b8693907-030d-4f44-8185-bb1c250cff2e,2025-09-19,19:01:43.28,2025-09-19T15:01:43.2890000-04:00,2025-09-19T19:01:43.2890000Z,,v3,471300,471300,,"Vaughn, Logan",12,Right,GEO_PAT,9ad95435-07be-458b-be42-ece575dbba5b,55.06778,-112.69888,9.96313,5.54754,0.2555,-19.07392,-1.99162,4.60247,0.89039,,,,,,,,,,,,,,,,,,,,,,,,,,,,,,,,,,,,,,,,,,,,,,,,,,,High,High,High,,,,,
29,2025-09-19,15:02:00.16,1,5,"Hsu, Brandon ",,Right,GEO_PAT,"Morse, Jackson ",5,Right,GEO_PAT,Undefined,1,Bottom,0,0,0,Undefined,Slider,Undefined,Undefined,Undefined,Undefined,0,0,,79.86157,0.174913,-1.183486,2304.356402,125.314082,10:15,5.41003,2.1067,5.30863,-38.55207,5.67811,-6.29945,2.36159,0.47063,74.14778,-6.844091,-2.30215,0.478664,89.48114,40.248965,-4.485561,4021.85083,109.87863,88.34848,-5.16322,296.03076,282.86526,3.450552,5.739751,2.90366,3.1411,-1.99439,50,5.39758,2.64474,-116.09026,-0.96114,4.01053,19.2691,-27.83558,GEO_PAT,GEO_PAT,SpuhlerFieldMain,TeamExclusive,Team,20250919-SpuhlerFieldMain-Private-4,1f746580-958b-11f0-a2d3-8b91281d950f,78.74509,112.79076,,5.71378,,,,1.94459,2.49494,-0.50046,b8693907-030d-4f44-8185-bb1c250cff2e,2025-09-19,19:02:00.16,2025-09-19T15:02:00.1620000-04:00,2025-09-19T19:02:00.1620000Z,FlyBall,v3,471300,471300,,"Vaughn, Logan",12,Right,GEO_PAT,7c1d3a7e-eeec-435c-a22e-095fe5b46c08,55.19568,-116.94948,9.63455,5.41277,0.28006,-13.91779,-2.10833,2.46591,2.00526,187.149858,1.95228,99.71443,-22.58417,5.06464,-0.66851,0.00802,0.01273,-0.00176,8E-05,2.48961,84.88309,-18.62953,1.29511,-0.22245,0.0138,0.00667,-0.00152,9E-05,-0.50182,-7.81088,3.92228,-0.55099,0.00177,0.02222,-0.00498,0.00046,-2E-05,,,,,,,,,,,,,,,,,,,,,,,High,High,High,High,Medium,,,
30,2025-09-19,15:02:32.25,1,6,"Hsu, Brandon ",,Right,GEO_PAT,"Morse, Jackson ",5,Right,GEO_PAT,Undefined,1,Bottom,0,0,0,Undefined,Sinker,Undefined,Undefined,Undefined,Undefined,0,0,,87.35531,-2.353853,-3.283643,2116.979523,232.040805,1:45,5.2962,2.03287,5.76722,-23.57068,13.21965,15.46729,1.13638,0.26234,80.21627,-6.740146,-0.517343,0.436554,,,,,,,,,,,,-8.85678,7.72819,-1.77067,50,5.08665,6.63928,-126.67883,-5.98284,-14.43227,25.20127,-19.58086,GEO_PAT,GEO_PAT,SpuhlerFieldMain,TeamExclusive,Team,20250919-SpuhlerFieldMain-Private-4,3291bcd0-958b-11f0-a2d3-8b91281d950f,86.34078,,,7.13904,,,,,,,b8693907-030d-4f44-8185-bb1c250cff2e,2025-09-19,19:02:32.25,2025-09-19T15:02:32.2570000-04:00,2025-09-19T19:02:32.2570000Z,,v3,471300,471300,,"Vaughn, Logan",12,Right,GEO_PAT,c9a0c7b7-00b7-4fb3-b6a0-e82b8f6c8095,54.73673,-127.61767,12.60064,5.29595,-5.25339,-9.79043,-2.02802,7.17693,-7.21613,,,,,,,,,,,,,,,,,,,,,,,,,,,,,,,,,,,,,,,,,,,,,,,,,,,High,High,High,,,,,
31,2025-09-19,15:02:49.48,1,7,"Hsu, Brandon ",,Right,GEO_PAT,"Morse, Jackson ",5,Right,GEO_PAT,Undefined,1,Bottom,0,0,0,Undefined,Slider,Undefined,Undefined,Undefined,Undefined,0,0,,79.03179,0.244644,-1.441569,2386.577953,107.506753,9:30,5.33134,2.19966,5.39449,-41.33841,4.6628,-9.83087,2.11583,0.02907,71.95759,-7.33586,-3.189878,0.488153,,,,,,,,,,,,4.49524,2.73201,-2.06379,50,5.32435,3.27721,-114.60227,-0.89552,5.91771,23.18274,-28.5775,GEO_PAT,GEO_PAT,SpuhlerFieldMain,TeamExclusive,Team,20250919-SpuhlerFieldMain-Private-4,3ce070a0-958b-11f0-a2d3-8b91281d950f,77.21436,,,7.0742,,,,,,,b8693907-030d-4f44-8185-bb1c250cff2e,2025-09-19,19:02:49.48,2025-09-19T15:02:49.4800000-04:00,2025-09-19T19:02:49.4800000Z,,v3,471300,471300,,"Vaughn, Logan",12,Right,GEO_PAT,cdf10118-4eb2-4895-bb8c-2995dbb5796d,55.10611,-115.63057,11.59137,5.33595,0.37207,-14.28875,-2.20333,3.01472,2.95886,,,,,,,,,,,,,,,,,,,,,,,,,,,,,,,,,,,,,,,,,,,,,,,,,,,High,High,High,,,,,
32,2025-09-19,15:03:06.15,1,8,"Hsu, Brandon ",,Right,GEO_PAT,"Morse, Jackson ",5,Right,GEO_PAT,Undefined,1,Bottom,0,0,0,Undefined,Slider,Undefined,Undefined,Undefined,Undefined,0,0,,78.84308,0.588978,-1.259558,2409.343729,92.147177,9:00,5.32521,2.20999,5.38771,-44.1955,2.14823,-14.74127,2.19447,-0.19927,71.66867,-7.503551,-3.880598,0.489967,55.75993,-68.576223,94.431413,,,,,3.70281,3.70281,16.00817,0.032388,7.07359,1.2965,-2.08635,50,5.34666,3.09053,-114.33991,-0.30451,9.23593,23.77906,-30.48123,GEO_PAT,GEO_PAT,SpuhlerFieldMain,TeamExclusive,Team,20250919-SpuhlerFieldMain-Private-4,46cb0b70-958b-11f0-a2d3-8b91281d950f,76.92851,2.48002,,7.17441,,,,3.63441,2.48002,0.05095,b8693907-030d-4f44-8185-bb1c250cff2e,2025-09-19,19:03:06.15,2025-09-19T15:03:06.1530000-04:00,2025-09-19T19:03:06.1530000Z,GroundBall,v3,471300,471300,,"Vaughn, Logan",12,Right,GEO_PAT,0b09657b-a563-4d41-8115-8636120a1937,55.11487,-115.39873,11.88953,5.33001,1.05274,-15.24061,-2.21481,2.67928,4.61797,,3.63448,-2.32147,,,,,,,,2.48233,-76.57296,,,,,,,,0.05005,29.95546,,,,,,,,,,,,,,,,,,,,,,,,,,,,,,High,High,High,Estimated,Estimated,,,
33,2025-09-19,15:03:50.19,1,9,"Hsu, Brandon ",,Right,GEO_PAT,"Morse, Jackson ",5,Right,GEO_PAT,Undefined,1,Bottom,0,0,0,Undefined,Four-Seam,Undefined,Undefined,Undefined,Undefined,0,0,,86.36366,-0.836466,-3.173576,1943.692547,198.58164,12:30,5.47245,1.83232,5.92667,-16.63993,21.19808,6.68292,3.30837,-0.55863,78.10044,-4.045222,-1.976476,0.442726,83.06668,69.969732,82.221153,4339.639198,,,,,43.67061,,,-4.41658,11.52107,-1.58208,50,5.39621,6.66874,-125.1687,-2.26812,-6.93411,27.70901,-14.08569,GEO_PAT,GEO_PAT,SpuhlerFieldMain,TeamExclusive,Team,20250919-SpuhlerFieldMain-Private-4,6107f6b0-958b-11f0-a2d3-8b91281d950f,85.13708,108.85219,,8.26322,,,,,,,b8693907-030d-4f44-8185-bb1c250cff2e,2025-09-19,19:03:50.19,2025-09-19T15:03:50.1920000-04:00,2025-09-19T19:03:50.1920000Z,,v3,471300,471300,,"Vaughn, Logan",12,Right,GEO_PAT,bc723e01-2e91-4806-a807-053dcd04f616,54.57388,-126.17717,13.85451,5.46943,-1.75547,-7.04284,-1.82938,6.92111,-3.46705,,1.77552,5.65268,-11.44059,4.60593,-3.26971,4.06534,-3.48948,1.59516,-0.29664,6.34478,114.46151,-29.81728,3.86431,-0.68187,-0.00861,0.11853,-0.06623,0.01333,0.59772,41.3461,-7.31183,1.8723,-0.81877,0.85802,-0.71634,0.32504,-0.06019,,,,,,,,,,,,,,,,,,,,,,,High,High,High,Medium,Undefined,,,
34,2025-09-19,15:04:16.21,1,10,"Hsu, Brandon ",,Right,GEO_PAT,"Morse, Jackson ",5,Right,GEO_PAT,Undefined,1,Bottom,0,0,0,Undefined,Four-Seam,Undefined,Undefined,Undefined,Undefined,0,0,,87.12118,-2.585248,-3.339803,2161.047723,211.96238,1:00,5.41239,1.88217,5.96278,-13.35182,24.16619,14.17997,1.89674,-0.03667,78.13827,-5.220549,-0.797465,0.44085,,,,,,,,,,,,-8.36544,13.64788,-1.62467,50,5.19944,6.76176,-126.03217,-5.99054,-13.20174,30.11879,-10.63594,GEO_PAT,GEO_PAT,SpuhlerFieldMain,TeamExclusive,Team,20250919-SpuhlerFieldMain-Private-4,70893b80-958b-11f0-a2d3-8b91281d950f,85.49937,,,8.98291,,,,,,,b8693907-030d-4f44-8185-bb1c250cff2e,2025-09-19,19:04:16.21,2025-09-19T15:04:16.2170000-04:00,2025-09-19T19:04:16.2170000Z,,v3,471300,471300,,"Vaughn, Logan",12,Right,GEO_PAT,329d174b-f7d8-4739-a79e-b6cb890ff52f,54.53631,-127.11162,15.0594,5.40731,-5.60935,-5.31797,-1.87549,7.23491,-6.60087,,,,,,,,,,,,,,,,,,,,,,,,,,,,,,,,,,,,,,,,,,,,,,,,,,,High,High,High,,,,,
35,2025-09-19,15:04:55.76,1,11,"Hsu, Brandon ",,Right,GEO_PAT,"Morse, Jackson ",5,Right,GEO_PAT,Undefined,1,Bottom,0,0,0,Undefined,Four-Seam,Undefined,Undefined,Undefined,Undefined,0,0,,86.96168,-2.058076,-2.95097,2181.637246,207.974905,1:00,5.4091,1.9136,5.84478,-15.87336,21.9082,10.87276,2.17027,0.07473,78.03031,-5.138862,-1.004822,0.442396,86.54436,-7.577425,-41.847885,,,,,16.4709,15.1855,-36.48886,0.118388,-6.55552,12.29713,-1.67966,50,5.2323,6.03454,-125.86896,-4.93808,-10.31419,30.13823,-12.82622,GEO_PAT,GEO_PAT,SpuhlerFieldMain,TeamExclusive,Team,20250919-SpuhlerFieldMain-Private-4,881c6380-958b-11f0-a2d3-8b91281d950f,85.20064,2.26246,,8.93137,,,,2.38993,2.26246,0.00837,b8693907-030d-4f44-8185-bb1c250cff2e,2025-09-19,19:04:55.76,2025-09-19T15:04:55.7620000-04:00,2025-09-19T19:04:55.7620000Z,GroundBall,v3,471300,471300,,"Vaughn, Logan",12,Right,GEO_PAT,82d5bd03-80f7-445e-a3ac-192298417e3d,54.65477,-126.97862,15.06912,5.40542,-4.46583,-6.41311,-1.90883,6.41429,-5.15709,39.442021,2.39014,93.70441,-17.24566,,,,,,,2.26268,-16.76281,-19.86195,,,,,,,0.0083,-83.93581,9.56792,,,,,,,,,,,,,,,,,,,,,,,,,,,,,High,High,High,High,High,,,
36,2025-09-19,15:05:36.20,1,12,"Hsu, Brandon ",,Right,GEO_PAT,"Morse, Jackson ",5,Right,GEO_PAT,Undefined,1,Bottom,0,0,0,Undefined,Curveball,Undefined,Undefined,Undefined,Undefined,0,0,,77.20487,-0.943954,-3.908374,1728.005778,13.019354,6:30,5.55966,1.9394,5.40743,-57.67058,-9.17158,-2.50217,-0.13284,-1.93692,70.80124,-11.34761,-4.353456,0.501231,,,,,,,,,,,,0.02063,-3.95969,-1.58896,50,5.43452,7.73059,-111.77048,-3.78452,0.0257,22.85199,-37.11096,GEO_PAT,GEO_PAT,SpuhlerFieldMain,TeamExclusive,Team,20250919-SpuhlerFieldMain-Private-4,a03bc5f0-958b-11f0-a2d3-8b91281d950f,75.19975,,,6.40363,,,,,,,b8693907-030d-4f44-8185-bb1c250cff2e,2025-09-19,19:05:36.20,2025-09-19T15:05:36.2020000-04:00,2025-09-19T19:05:36.2020000Z,,v3,471300,471300,,"Vaughn, Logan",12,Right,GEO_PAT,854c3a3d-8fd6-41b6-976c-1fddb513fd2a,55.09705,-112.80778,11.426,5.56808,-2.09998,-18.55548,-1.93984,7.72942,0.01285,,,,,,,,,,,,,,,,,,,,,,,,,,,,,,,,,,,,,,,,,,,,,,,,,,,High,High,High,,,,,
37,2025-09-19,15:06:02.39,1,13,"Hsu, Brandon ",,Right,GEO_PAT,"Morse, Jackson ",5,Right,GEO_PAT,Undefined,1,Bottom,0,0,0,Undefined,Slider,Undefined,Undefined,Undefined,Undefined,0,0,,78.09978,1.535825,-0.976616,2293.605043,78.150648,8:30,5.36441,2.31231,5.41233,-48.189,-0.8748,-12.11564,2.78814,0.38758,70.72174,-7.294157,-3.131922,0.495071,59.37277,-69.070625,-57.276898,,,,,3.4399,3.4399,-23.858905,0.035809,5.83201,-0.54256,-2.2164,50,5.46726,2.39926,-113.22097,1.42814,7.44699,23.81284,-32.86686,GEO_PAT,GEO_PAT,SpuhlerFieldMain,TeamExclusive,Team,20250919-SpuhlerFieldMain-Private-4,afd94550-958b-11f0-a2d3-8b91281d950f,76.13547,2.93014,,7.37804,,,,2.54015,2.93014,-0.44861,b8693907-030d-4f44-8185-bb1c250cff2e,2025-09-19,19:06:02.39,2025-09-19T15:06:02.3990000-04:00,2025-09-19T19:06:02.3990000Z,GroundBall,v3,471300,471300,,"Vaughn, Logan",12,Right,GEO_PAT,9e09ff68-6473-456c-8910-f790bca91e34,55.09032,-114.28657,11.90642,5.37045,2.89888,-16.43343,-2.31631,2.06602,3.7235,,2.53957,16.91722,,,,,,,,2.93298,-81.82652,,,,,,,,-0.4477,-26.32791,,,,,,,,,,,,,,,,,,,,,,,,,,,,,,High,High,High,Estimated,Estimated,,,
38,2025-09-19,15:07:10.29,1,14,"Hsu, Brandon ",,Right,GEO_PAT,"Morse, Jackson ",5,Right,GEO_PAT,Undefined,1,Bottom,0,0,0,Undefined,Slider,Undefined,Undefined,Undefined,Undefined,0,0,,78.75768,0.163054,-1.976414,2276.78327,111.637644,9:45,5.3472,2.28123,5.29049,-41.49022,6.05422,-10.40123,2.04289,-0.44219,70.2552,-7.490403,-3.8212,0.496274,,,,,,,,,,,,4.54524,3.4165,-2.09289,50,5.33209,4.34119,-113.91052,-1.04412,5.77141,27.46869,-27.83586,GEO_PAT,GEO_PAT,SpuhlerFieldMain,TeamExclusive,Team,20250919-SpuhlerFieldMain-Private-4,d8502850-958b-11f0-a2d3-8b91281d950f,75.95092,,,8.50249,,,,,,,b8693907-030d-4f44-8185-bb1c250cff2e,2025-09-19,19:07:10.29,2025-09-19T15:07:10.2960000-04:00,2025-09-19T19:07:10.2960000Z,,v3,471300,471300,,"Vaughn, Logan",12,Right,GEO_PAT,e709eeb3-12da-41b5-823e-50e03e293cfe,55.20983,-115.15998,13.73434,5.35079,0.22204,-13.91793,-2.28439,4.07867,2.8857,,,,,,,,,,,,,,,,,,,,,,,,,,,,,,,,,,,,,,,,,,,,,,,,,,,High,High,High,,,,,
39,2025-09-19,15:07:42.69,1,15,"Hsu, Brandon ",,Right,GEO_PAT,"Morse, Jackson ",5,Right,GEO_PAT,Undefined,1,Bottom,0,0,0,Undefined,Four-Seam,Undefined,Undefined,Undefined,Undefined,0,0,,87.69737,-2.779176,-2.954256,2149.402996,187.293183,12:15,5.42208,1.96166,5.90151,-12.76418,24.26194,2.92788,1.77284,-0.53942,78.91241,-5.290727,-2.430006,0.437951,,,,,,,,,,,,-2.44725,13.67532,-1.72547,50,5.1908,6.42217,-126.87116,-6.44071,-3.92498,29.83221,-10.24113,GEO_PAT,GEO_PAT,SpuhlerFieldMain,TeamExclusive,Team,20250919-SpuhlerFieldMain-Private-4,eb84ff40-958b-11f0-a2d3-8b91281d950f,86.06541,,,8.78496,,,,,,,b8693907-030d-4f44-8185-bb1c250cff2e,2025-09-19,19:07:42.69,2025-09-19T15:07:42.6980000-04:00,2025-09-19T19:07:42.6980000Z,,v3,471300,471300,,"Vaughn, Logan",12,Right,GEO_PAT,98b5379d-507c-415a-9da0-ec8e097cdced,54.59611,-127.94732,14.9161,5.41648,-6.07127,-5.12056,-1.95969,6.56376,-1.96249,,,,,,,,,,,,,,,,,,,,,,,,,,,,,,,,,,,,,,,,,,,,,,,,,,,High,High,High,,,,,
40,2025-09-19,15:08:32.57,1,16,"Hsu, Brandon ",,Right,GEO_PAT,"Morse, Jackson ",5,Right,GEO_PAT,Undefined,1,Bottom,0,0,0,Undefined,Sinker,Undefined,Undefined,Undefined,Undefined,0,0,,88.55457,-2.136176,-3.024904,1997.273845,224.064869,1:30,5.80818,2.71291,5.13435,-20.25194,16.95044,15.10217,2.10502,1.12004,79.98897,-5.928561,-0.355884,0.438992,,,,,,,,,,,,-8.46382,9.4867,-2.44118,50,5.59245,6.07165,-128.09593,-5.47684,-13.89737,29.3698,-16.59714,GEO_PAT,GEO_PAT,SpuhlerFieldMain,TeamExclusive,Team,20250919-SpuhlerFieldMain-Private-4,09574640-958c-11f0-a2d3-8b91281d950f,85.86132,,,8.5656,,,,,,,b8693907-030d-4f44-8185-bb1c250cff2e,2025-09-19,19:08:32.57,2025-09-19T15:08:32.5700000-04:00,2025-09-19T19:08:32.5700000Z,,v3,471300,471300,,"Vaughn, Logan",12,Right,GEO_PAT,70312a39-38c2-46cf-8ce6-852b49fc22ee,55.36584,-129.32036,14.6849,5.80636,-4.78491,-8.29857,-2.70638,6.65103,-6.94869,,,,,,,,,,,,,,,,,,,,,,,,,,,,,,,,,,,,,,,,,,,,,,,,,,,High,High,High,,,,,
41,2025-09-19,15:08:45.31,1,17,"Hsu, Brandon ",,Right,GEO_PAT,"Morse, Jackson ",5,Right,GEO_PAT,Undefined,1,Bottom,0,0,0,Undefined,Sinker,Undefined,Undefined,Undefined,Undefined,0,0,,89.25333,-0.469698,-2.004731,1985.247727,240.209711,2:00,5.77121,2.69677,5.26147,-24.12694,12.15079,19.01603,3.31905,2.39715,80.74974,-4.956371,1.367818,0.433502,,,,,,,,,,,,-10.06784,6.58363,-2.52753,50,5.71078,3.64181,-129.3505,-1.92889,-16.88711,29.49489,-21.13113,GEO_PAT,GEO_PAT,SpuhlerFieldMain,TeamExclusive,Team,20250919-SpuhlerFieldMain-Private-4,10d01dc0-958c-11f0-a2d3-8b91281d950f,86.94865,,,8.50358,,,,,,,b8693907-030d-4f44-8185-bb1c250cff2e,2025-09-19,19:08:45.31,2025-09-19T15:08:45.3100000-04:00,2025-09-19T19:08:45.3100000Z,,v3,471300,471300,,"Vaughn, Logan",12,Right,GEO_PAT,ae8d50a5-dcf9-4215-b40e-228b6a49b992,55.23871,-130.53958,14.74744,5.77137,-1.077,-10.56556,-2.68807,4.32261,-8.44355,,,,,,,,,,,,,,,,,,,,,,,,,,,,,,,,,,,,,,,,,,,,,,,,,,,High,High,High,,,,,
42,2025-09-19,15:08:57.40,1,18,"Hsu, Brandon ",,Right,GEO_PAT,"Morse, Jackson ",5,Right,GEO_PAT,Undefined,1,Bottom,0,0,0,Undefined,Changeup,Undefined,Undefined,Undefined,Undefined,0,0,,80.19276,-1.89163,-3.788559,1718.847228,239.179166,2:00,5.55928,2.78658,5.03404,-33.19352,12.19009,17.77792,1.00383,0.68831,73.02646,-7.969125,-0.652666,0.484865,,,,,,,,,,,,-9.99859,7.0602,-2.43919,50,5.35186,6.94071,-115.98641,-4.97728,-13.52162,23.16442,-22.62619,GEO_PAT,GEO_PAT,SpuhlerFieldMain,TeamExclusive,Team,20250919-SpuhlerFieldMain-Private-4,1827b1a0-958c-11f0-a2d3-8b91281d950f,77.73802,,,7.16631,,,,,,,b8693907-030d-4f44-8185-bb1c250cff2e,2025-09-19,19:08:57.40,2025-09-19T15:08:57.4060000-04:00,2025-09-19T19:08:57.4060000Z,,v3,471300,471300,,"Vaughn, Logan",12,Right,GEO_PAT,778f2258-2164-4894-ba69-bfc7b50ea7fd,55.46779,-117.07333,11.58221,5.56049,-3.91562,-11.31309,-2.77975,7.57517,-6.76081,,,,,,,,,,,,,,,,,,,,,,,,,,,,,,,,,,,,,,,,,,,,,,,,,,,High,High,High,,,,,
43,2025-09-19,15:09:12.53,1,19,"Hsu, Brandon ",,Right,GEO_PAT,"Morse, Jackson ",5,Right,GEO_PAT,Undefined,1,Bottom,0,0,0,Undefined,Slider,Undefined,Undefined,Undefined,Undefined,0,0,,78.94124,-0.317649,-3.320344,2268.263763,246.803661,2:15,5.68287,2.69584,5.15225,-44.73215,2.34303,1.39264,1.65564,-0.31753,71.32641,-8.473257,-3.074124,0.493818,,,,,,,,,,,,-1.80406,1.76791,-2.38615,50,5.61903,6.56546,-114.15408,-2.19148,-2.33496,24.76778,-29.88588,GEO_PAT,GEO_PAT,SpuhlerFieldMain,TeamExclusive,Team,20250919-SpuhlerFieldMain-Private-4,2130c610-958c-11f0-a2d3-8b91281d950f,76.32853,,,7.61483,,,,,,,b8693907-030d-4f44-8185-bb1c250cff2e,2025-09-19,19:09:12.53,2025-09-19T15:09:12.5310000-04:00,2025-09-19T19:09:12.5310000Z,,v3,471300,471300,,"Vaughn, Logan",12,Right,GEO_PAT,132cdea9-e771-47d9-a7ea-692b3d75260d,55.34729,-115.30843,12.38389,5.6887,-0.79859,-14.94294,-2.69468,6.67428,-1.16748,,,,,,,,,,,,,,,,,,,,,,,,,,,,,,,,,,,,,,,,,,,,,,,,,,,High,High,High,,,,,
44,2025-09-19,15:09:28.36,1,20,"Hsu, Brandon ",,Right,GEO_PAT,"Morse, Jackson ",5,Right,GEO_PAT,Undefined,1,Bottom,0,0,0,Undefined,Slider,Undefined,Undefined,Undefined,Undefined,0,0,,78.28896,0.63014,-2.966984,2308.48807,99.898919,9:15,5.62746,2.87726,4.65944,-45.64963,2.87185,-6.60477,2.42282,-0.49443,70.96402,-7.620425,-4.123202,0.501347,,,,,,,,,,,,2.27823,1.70819,-2.56766,50,5.65079,6.15153,-113.19858,-0.43361,2.91474,23.35996,-29.98857,GEO_PAT,GEO_PAT,SpuhlerFieldMain,TeamExclusive,Team,20250919-SpuhlerFieldMain-Private-4,2a8b55e0-958c-11f0-a2d3-8b91281d950f,75.18235,,,7.32493,,,,,,,b8693907-030d-4f44-8185-bb1c250cff2e,2025-09-19,19:09:28.36,2025-09-19T15:09:28.3660000-04:00,2025-09-19T19:09:28.3660000Z,,v3,471300,471300,,"Vaughn, Logan",12,Right,GEO_PAT,2fc7c9fe-2372-44c1-858b-e69075f9f50d,55.8401,-114.39741,11.67998,5.63355,1.1054,-14.99429,-2.87952,6.00194,1.45737,,,,,,,,,,,,,,,,,,,,,,,,,,,,,,,,,,,,,,,,,,,,,,,,,,,High,High,High,,,,,
45,2025-09-19,15:09:43.57,1,21,"Hsu, Brandon ",,Right,GEO_PAT,"Morse, Jackson ",5,Right,GEO_PAT,Undefined,1,Bottom,1,0,0,Fastball,Changeup,InPlay,Undefined,GroundBall,Out,3,0,,80.92687,-1.724034,-4.264788,1830.90417,230.100677,1:45,5.47572,2.94442,5.13398,-32.74514,12.01005,12.38784,1.11833,-0.04712,73.17514,-7.74707,-2.079002,0.481497,,,,,,,,,,,,-7.55697,6.99138,-2.55373,50,5.28865,8.19917,-116.89847,-4.63943,-10.30636,24.99817,-22.63906,GEO_PAT,GEO_PAT,SpuhlerFieldMain,TeamExclusive,Team,20250919-SpuhlerFieldMain-Private-4,33af1e40-958c-11f0-a460-bb12008138d9,78.28185,,,7.75173,,,,,,,b8693907-030d-4f44-8185-bb1c250cff2e,2025-09-19,19:09:43.57,2025-09-19T15:09:43.5760000-04:00,2025-09-19T19:09:43.5760000Z,,v3,471300,471300,,"Vaughn, Logan",12,Right,GEO_PAT,a628b991-9aae-475a-8a24-f242afd91d39,55.36622,-118.04044,12.49909,5.47697,-3.60523,-11.31953,-2.93904,8.66999,-5.15318,,,,,,,,,,,,,,,,,,,,,,,,,,,,,,,,,,,,,,,,,,,,,,,,,,,High,High,High,,,,,
46,2025-09-19,15:09:58.50,2,1,"Hsu, Brandon ",,Right,GEO_PAT,"Morse, Jackson ",5,Right,GEO_PAT,Undefined,1,Bottom,0,0,0,Fastball,Sinker,InPlay,Undefined,GroundBall,Out,0,0,,86.95984,-1.197752,-4.8069,2094.935726,227.005514,1:30,5.76397,2.47732,5.04327,-23.45974,15.23993,14.88233,2.67494,-0.82773,78.70243,-5.552669,-2.190605,0.447739,,,,,,,,,,,,-8.80902,8.3041,-2.03015,50,5.63117,9.87844,-125.60652,-3.4625,-13.96513,27.26567,-19.00942,GEO_PAT,GEO_PAT,SpuhlerFieldMain,TeamExclusive,Team,20250919-SpuhlerFieldMain-Private-4,3c79f130-958c-11f0-a460-bb12008138d9,84.18395,,,8.25741,,,,,,,b8693907-030d-4f44-8185-bb1c250cff2e,2025-09-19,19:09:58.50,2025-09-19T15:09:58.5040000-04:00,2025-09-19T19:09:58.5040000Z,,v3,471300,471300,,"Vaughn, Logan",12,Right,GEO_PAT,63126af9-61fa-482b-a9ac-c5a6119e6ae1,55.45686,-126.78551,13.63284,5.76313,-2.64051,-9.50471,-2.47036,10.4823,-6.98257,,,,,,,,,,,,,,,,,,,,,,,,,,,,,76.85552,2.000318,0.722022,1.278296,0.27111,2.56242,0.87099,1.24261,6.07978,0.47814,127.2834,0.94544,0.30435,1.39003,110.68215,-9.65287,6.08019,9.53325,-10.60439,0.47049,-0.64104,0.40546,High,High,High,,,High,Medium,Medium
47,2025-09-19,15:11:44.54,3,1,"Hsu, Brandon ",,Right,GEO_PAT,"Morse, Jackson ",5,Right,GEO_PAT,Undefined,1,Bottom,0,0,0,Fastball,Changeup,InPlay,Undefined,GroundBall,Out,3,0,,82.53089,-1.159323,-2.814118,1888.645036,253.002563,2:30,5.47242,2.75136,5.17104,-35.38329,7.56709,19.50103,1.43129,1.7259,74.43057,-7.658667,0.640096,0.471688,,,,,,,,,,,,-10.58087,4.63024,-2.50433,50,5.33778,5.01741,-119.40482,-3.67588,-15.00832,26.7472,-25.60636,GEO_PAT,GEO_PAT,SpuhlerFieldMain,TeamExclusive,Team,20250919-SpuhlerFieldMain-Private-4,7babc4a0-958c-11f0-a460-bb12008138d9,79.90968,,,8.10032,,,,,,,b8693907-030d-4f44-8185-bb1c250cff2e,2025-09-19,19:11:44.54,2025-09-19T15:11:44.5440000-04:00,2025-09-19T19:11:44.5440000Z,,v3,471300,471300,,"Vaughn, Logan",12,Right,GEO_PAT,fbc3c17a-e21c-4bdc-9b7d-8e84cafcdd6e,55.32833,-120.59248,13.3736,5.47575,-2.53887,-12.80318,-2.74192,5.68383,-7.50416,,,,,,,,,,,,,,,,,,,,,,,,,,,,,,,,,,,,,,,,,,,,,,,,,,,High,High,High,,,,,
48,2025-09-19,15:12:08.11,4,1,"Hsu, Brandon ",,Right,GEO_PAT,"Morse, Jackson ",5,Right,GEO_PAT,Undefined,1,Bottom,0,0,0,Other,Changeup,InPlay,Undefined,LineDrive,Out,3,0,,83.10431,-2.041527,-3.509092,1810.029841,264.694014,2:45,5.47882,2.96541,5.26668,-38.67679,3.3776,20.22588,0.33344,1.35016,75.54896,-9.091318,0.080699,0.466742,,,,,,,,,,,,-11.34154,2.70551,-2.65987,50,5.26298,6.53412,-120.25646,-5.67478,-16.39192,26.15745,-28.26378,GEO_PAT,GEO_PAT,SpuhlerFieldMain,TeamExclusive,Team,20250919-SpuhlerFieldMain-Private-4,89cf4e30-958c-11f0-a460-bb12008138d9,80.75646,,,7.55536,,,,,,,b8693907-030d-4f44-8185-bb1c250cff2e,2025-09-19,19:12:08.11,2025-09-19T15:12:08.1170000-04:00,2025-09-19T19:12:08.1170000Z,,v3,471300,471300,,"Vaughn, Logan",12,Right,GEO_PAT,e270c7a5-d6d4-442a-aae7-d9b0282ee917,55.23678,-121.39019,13.07873,5.48239,-4.44975,-14.13189,-2.95847,7.24459,-8.19596,,,,,,,,,,,,,,,,,,,,,,,,,,,,,,,,,,,,,,,,,,,,,,,,,,,High,High,High,,,,,
49,2025-09-19,15:12:27.84,5,1,"Hsu, Brandon ",,Right,GEO_PAT,"Morse, Jackson ",5,Right,GEO_PAT,Undefined,1,Bottom,0,0,0,Undefined,Slider,Undefined,Undefined,Undefined,Undefined,0,0,,80.93159,1.03544,-3.248688,2354.972282,254.013951,2:30,5.69861,2.52875,5.11528,-44.03912,2.4311,0.73307,3.00584,-0.47401,70.40566,-7.108377,-3.119302,0.490635,,,,,,,,,,,,-1.78295,1.44937,-2.22313,50,5.76335,6.57797,-116.47082,0.52671,-2.31908,32.65998,-30.28883,GEO_PAT,GEO_PAT,SpuhlerFieldMain,TeamExclusive,Team,20250919-SpuhlerFieldMain-Private-4,957d1cd0-958c-11f0-a460-bb12008138d9,76.82373,,,10.52593,,,,,,,b8693907-030d-4f44-8185-bb1c250cff2e,2025-09-19,19:12:27.84,2025-09-19T15:12:27.8410000-04:00,2025-09-19T19:12:27.8410000Z,,v3,471300,471300,,"Vaughn, Logan",12,Right,GEO_PAT,35873ff0-e1a2-4867-811e-6cb70bd03718,55.37469,-117.96832,16.32999,5.70736,1.9155,-15.14441,-2.52718,6.68431,-1.15954,,,,,,,,,,,,,,,,,,,,,,,,,,,,,,,,,,,,,,,,,,,,,,,,,,,High,High,High,,,,,
50,2025-09-19,15:12:44.88,5,2,"Hsu, Brandon ",,Right,GEO_PAT,"Morse, Jackson ",5,Right,GEO_PAT,Undefined,1,Bottom,0,0,0,Undefined,Slider,Undefined,Undefined,Undefined,Undefined,0,0,,80.86472,-0.042005,-2.751355,2318.878309,330.490499,5:00,5.49937,2.75004,5.38565,-43.34459,0.75,0.44024,1.8479,0.20571,73.51973,-7.962946,-2.67312,0.47793,87.4008,-14.468054,25.802365,,,,,8.56764,6.93732,20.393328,0.058185,-1.08402,0.81496,-2.50412,50,5.46506,5.61228,-117.15589,-1.59206,-1.48841,24.63322,-31.05506,GEO_PAT,GEO_PAT,SpuhlerFieldMain,TeamExclusive,Team,20250919-SpuhlerFieldMain-Private-4,9fbed850-958c-11f0-a460-bb12008138d9,78.86605,1.86647,,7.34499,,,,1.51809,1.86647,-0.16312,b8693907-030d-4f44-8185-bb1c250cff2e,2025-09-19,19:12:44.88,2025-09-19T15:12:44.8800000-04:00,2025-09-19T19:12:44.8800000Z,GroundBall,v3,471300,471300,,"Vaughn, Logan",12,Right,GEO_PAT,4272b7b7-902d-4ba2-8ecc-48e44cc7058f,55.11562,-118.22661,12.31661,5.50492,-0.2422,-15.52753,-2.74947,5.67698,-0.74421,180,1.5164,111.92795,,,,,,,,1.86696,-32.07813,,,,,,,,-0.16394,54.11378,,,,,,,,,,,,,,,,,,,,,,,,,,,,,,High,High,High,High,Medium,,,
51,2025-09-19,15:13:17.93,5,3,"Hsu, Brandon ",,Right,GEO_PAT,"Morse, Jackson ",5,Right,GEO_PAT,Undefined,1,Bottom,0,0,0,Undefined,Sinker,Undefined,Undefined,Undefined,Undefined,0,0,,89.45432,-2.530501,-2.06703,2041.888609,222.285168,1:30,5.71093,2.89868,5.59208,-19.40021,16.42773,13.76079,1.72827,2.11445,80.83716,-6.191739,0.388529,0.430807,,,,,,,,,,,,-7.57733,9.47516,-2.73023,50,5.48116,4.05638,-129.5292,-6.34465,-12.70957,30.26817,-16.28126,GEO_PAT,GEO_PAT,SpuhlerFieldMain,TeamExclusive,Team,20250919-SpuhlerFieldMain-Private-4,b353f7b0-958c-11f0-a460-bb12008138d9,87.49272,,,8.61716,,,,,,,b8693907-030d-4f44-8185-bb1c250cff2e,2025-09-19,19:13:17.93,2025-09-19T15:13:17.9380000-04:00,2025-09-19T19:13:17.9380000Z,,v3,471300,471300,,"Vaughn, Logan",12,Right,GEO_PAT,eb7ae581-6d1c-423f-b8b4-5ad6e72d654a,54.90705,-130.67084,15.13409,5.70888,-5.73056,-8.14063,-2.89226,4.53575,-6.35479,,,,,,,,,,,,,,,,,,,,,,,,,,,,,,,,,,,,,,,,,,,,,,,,,,,High,High,High,,,,,
52,2025-09-19,15:13:34.17,5,4,"Hsu, Brandon ",,Right,GEO_PAT,"Morse, Jackson ",5,Right,GEO_PAT,Undefined,1,Bottom,0,0,0,Undefined,Changeup,Undefined,Undefined,Undefined,Undefined,0,0,,83.57189,-2.610825,-3.586728,1886.036746,266.896434,3:00,5.49663,2.83042,5.28728,-39.25939,2.71717,20.32178,-0.23329,1.15124,75.39855,-9.772694,0.023064,0.46631,,,,,,,,,,,,-11.5643,2.62996,-2.5191,50,5.22926,6.7248,-120.76401,-6.91723,-16.68692,28.53692,-28.37913,GEO_PAT,GEO_PAT,SpuhlerFieldMain,TeamExclusive,Team,20250919-SpuhlerFieldMain-Private-4,bd1eae70-958c-11f0-a460-bb12008138d9,80.83129,,,8.17334,,,,,,,b8693907-030d-4f44-8185-bb1c250cff2e,2025-09-19,19:13:34.17,2025-09-19T15:13:34.1790000-04:00,2025-09-19T19:13:34.1790000Z,,v3,471300,471300,,"Vaughn, Logan",12,Right,GEO_PAT,db3f15ba-c198-4942-a0e5-66123a6ec7b9,55.2156,-121.99024,14.26846,5.5003,-5.69777,-14.18956,-2.82347,7.44184,-8.34346,,,,,,,,,,,,,,,,,,,,,,,,,,,,,,,,,,,,,,,,,,,,,,,,,,,High,High,High,,,,,
53,2025-09-19,15:13:55.62,5,5,"Hsu, Brandon ",,Right,GEO_PAT,"Morse, Jackson ",5,Right,GEO_PAT,Undefined,1,Bottom,0,0,0,Undefined,Sinker,Undefined,Undefined,Undefined,Undefined,0,0,,90.58908,-1.961076,-3.809225,2067.556621,238.960643,2:00,5.8422,2.61711,4.96469,-22.75513,13.05233,19.53607,2.08845,0.64116,81.81906,-6.173678,-0.369711,0.430683,,,,,,,,,,,,-10.82918,7.43012,-2.26489,50,5.63387,7.77386,-130.93318,-5.34929,-18.58902,30.52814,-19.41976,GEO_PAT,GEO_PAT,SpuhlerFieldMain,TeamExclusive,Team,20250919-SpuhlerFieldMain-Private-4,c9e40790-958c-11f0-a460-bb12008138d9,87.51775,,,8.77001,,,,,,,b8693907-030d-4f44-8185-bb1c250cff2e,2025-09-19,19:13:55.62,2025-09-19T15:13:55.6290000-04:00,2025-09-19T19:13:55.6290000Z,,v3,471300,471300,,"Vaughn, Logan",12,Right,GEO_PAT,4573f9d2-5e60-4a92-94af-ff9320ff2401,55.53601,-132.21765,15.26407,5.84176,-4.53221,-9.70988,-2.60843,8.55599,-9.29451,,,,,,,,,,,,,,,,,,,,,,,,,,,,,,,,,,,,,,,,,,,,,,,,,,,High,High,High,,,,,
54,2025-09-19,15:14:14.43,5,6,"Hsu, Brandon ",,Right,GEO_PAT,"Morse, Jackson ",5,Right,GEO_PAT,Undefined,1,Bottom,0,0,0,Undefined,Changeup,Undefined,Undefined,Undefined,Undefined,0,0,,83.41278,-1.17543,-3.32333,1901.986108,257.630148,2:30,5.47616,2.9848,5.34907,-36.67533,4.98126,15.83339,1.31532,1.18343,75.50948,-7.904828,-0.5112,0.464529,,,,,,,,,,,,-8.98095,3.32205,-2.69682,50,5.34418,6.33157,-120.71384,-3.78208,-13.06344,26.6157,-27.34191,GEO_PAT,GEO_PAT,SpuhlerFieldMain,TeamExclusive,Team,20250919-SpuhlerFieldMain-Private-4,d4ffa850-958c-11f0-a460-bb12008138d9,81.14112,,,7.9033,,,,,,,b8693907-030d-4f44-8185-bb1c250cff2e,2025-09-19,19:14:14.43,2025-09-19T15:14:14.4310000-04:00,2025-09-19T19:14:14.4310000Z,,v3,471300,471300,,"Vaughn, Logan",12,Right,GEO_PAT,ad33ed1c-146b-4bc8-bfc1-abe737b14f52,55.1513,-121.84434,13.30785,5.48015,-2.62074,-13.67096,-2.97754,6.88644,-6.53172,,,,,,,,,,,,,,,,,,,,,,,,,,,,,,,,,,,,,,,,,,,,,,,,,,,High,High,High,,,,,
55,2025-09-19,15:14:33.75,5,7,"Hsu, Brandon ",,Right,GEO_PAT,"Morse, Jackson ",5,Right,GEO_PAT,Undefined,1,Bottom,0,0,0,Undefined,Sinker,Undefined,Undefined,Undefined,Undefined,0,0,,88.66706,-0.939918,-2.97797,1999.259421,234.086965,1:45,5.63013,2.52632,5.23666,-23.59958,13.11934,16.38631,2.77873,1.09011,80.48212,-5.323663,-0.076121,0.43613,,,,,,,,,,,,-9.06851,7.195,-2.26481,50,5.52633,5.93413,-128.44491,-2.95125,-15.05472,28.1653,-20.22955,GEO_PAT,GEO_PAT,SpuhlerFieldMain,TeamExclusive,Team,20250919-SpuhlerFieldMain-Private-4,e0a141f0-958c-11f0-a460-bb12008138d9,86.4247,,,8.18493,,,,,,,b8693907-030d-4f44-8185-bb1c250cff2e,2025-09-19,19:14:33.75,2025-09-19T15:14:33.7570000-04:00,2025-09-19T19:14:33.7570000Z,,v3,471300,471300,,"Vaughn, Logan",12,Right,GEO_PAT,000e88b0-8d1a-4284-a538-ef5de9f62803,55.26451,-129.59416,14.08265,5.62991,-2.1258,-10.11478,-2.51948,6.54842,-7.52736,,,,,,,,,,,,,,,,,,,,,,,,,,,,,,,,,,,,,,,,,,,,,,,,,,,High,High,High,,,,,
56,2025-09-19,15:14:48.16,5,8,"Hsu, Brandon ",,Right,GEO_PAT,"Morse, Jackson ",5,Right,GEO_PAT,Undefined,1,Bottom,0,0,0,Slider,Slider,InPlay,Undefined,GroundBall,Out,3,0,,80.59743,0.912111,-2.575745,2389.354233,56.600912,8:00,5.51404,2.61877,5.38631,-44.34813,0.06276,-2.24134,2.67428,0.01596,73.12322,-7.20327,-2.973816,0.479641,,,,,,,,,,,,0.31287,0.22287,-2.38667,50,5.56466,5.34457,-116.75025,0.31135,0.42651,24.5018,-31.87023,GEO_PAT,GEO_PAT,SpuhlerFieldMain,TeamExclusive,Team,20250919-SpuhlerFieldMain-Private-4,e9245d80-958c-11f0-a460-bb12008138d9,78.58473,,,7.47421,,,,,,,b8693907-030d-4f44-8185-bb1c250cff2e,2025-09-19,19:14:48.16,2025-09-19T15:14:48.1650000-04:00,2025-09-19T19:14:48.1650000Z,,v3,471300,471300,,"Vaughn, Logan",12,Right,GEO_PAT,21199d09-cab0-4571-b62c-5c9356d70481,55.1139,-117.81859,12.2509,5.52079,1.70097,-15.93512,-2.6193,5.32597,0.21325,,,,,,,,,,,,,,,,,,,,,,,,,,,,,,,,,,,,,,,,,,,,,,,,,,,High,High,High,,,,,
57,2025-09-19,15:15:37.11,1,1,"Cardenas, Diego",,Right,GEO_PAT,"Ohara, Austin",40,Right,GEO_PAT,Undefined,2,Top,0,0,0,Undefined,Slider,Undefined,Undefined,Undefined,Undefined,0,0,,80.48722,-1.267232,-5.415624,2311.196758,137.250608,10:30,5.49676,2.40621,5.08879,-39.88049,5.22075,-3.44902,0.97341,-3.00097,73.71126,-8.477882,-6.020975,0.483354,,,,,,,,,,,,0.11307,3.41878,-1.88946,50,5.34518,11.15829,-116.18231,-3.99503,0.15365,22.9587,-27.5285,GEO_PAT,GEO_PAT,SpuhlerFieldMain,TeamExclusive,Team,20250919-SpuhlerFieldMain-Private-4,066fc140-958d-11f0-a460-bb12008138d9,77.98096,,,6.77596,,,,,,,b8693907-030d-4f44-8185-bb1c250cff2e,2025-09-19,19:15:37.11,2025-09-19T15:15:37.1110000-04:00,2025-09-19T19:15:37.1110000Z,,v3,471300,471300,,"Cowdrey , Vincent ",7,Right,GEO_PAT,ffaa265a-c6af-4322-9817-7194f2ba8073,55.4118,-117.24685,11.47935,5.50082,-2.7186,-13.76425,-2.40668,11.15117,0.07683,,,,,,,,,,,,,,,,,,,,,,,,,,,,,,,,,,,,,,,,,,,,,,,,,,,High,High,High,,,,,
58,2025-09-19,15:17:01.53,1,2,"Cardenas, Diego",,Right,GEO_PAT,"Ohara, Austin",40,Right,GEO_PAT,Undefined,2,Top,0,0,0,Slider,Slider,StrikeSwinging,Undefined,Undefined,Undefined,0,0,,81.18218,-1.240185,-4.086602,2276.292875,335.644573,5:15,5.59337,2.67681,5.25753,-42.74833,1.39886,0.06594,0.86257,-1.16402,73.92176,-9.00466,-4.074937,0.478215,,,,,,,,,,,,-1.32661,1.50504,-2.30161,50,5.44775,8.38443,-117.39148,-4.05628,-1.82702,24.93267,-30.10127,GEO_PAT,GEO_PAT,SpuhlerFieldMain,TeamExclusive,Team,20250919-SpuhlerFieldMain-Private-4,38b99860-958d-11f0-a460-bb12008138d9,78.81907,,,7.26042,,,,,,,b8693907-030d-4f44-8185-bb1c250cff2e,2025-09-19,19:17:01.53,2025-09-19T15:17:01.5380000-04:00,2025-09-19T19:17:01.5380000Z,,v3,471300,471300,,"Cowdrey, Vincent",7,Right,GEO_PAT,5a43293d-a205-49d2-b735-c648cc8afed8,55.24391,-118.49999,12.46634,5.59834,-2.71797,-15.05063,-2.67619,8.46566,-0.91351,,,,,,,,,,,,,,,,,,,,,,,,,,,,,,,,,,,,,,,,,,,,,,,,,,,High,High,High,,,,,
59,2025-09-19,15:17:21.75,1,3,"Cardenas, Diego",,Right,GEO_PAT,"Ohara, Austin",40,Right,GEO_PAT,Undefined,2,Top,0,0,0,Slider,Slider,StrikeSwinging,Undefined,Undefined,Undefined,0,0,,79.82177,-1.274671,-4.230941,2380.207491,98.178733,9:15,5.4639,2.89383,4.93897,-44.06479,2.35398,-4.75831,0.58357,-1.50892,72.51599,-9.23218,-5.067154,0.490363,,,,,,,,,,,,0.98268,2.01732,-2.47751,50,5.30325,8.72707,-115.28665,-4.15788,1.30025,24.80477,-29.50482,GEO_PAT,GEO_PAT,SpuhlerFieldMain,TeamExclusive,Team,20250919-SpuhlerFieldMain-Private-4,44ca4780-958d-11f0-a460-bb12008138d9,76.86633,,,7.30578,,,,,,,b8693907-030d-4f44-8185-bb1c250cff2e,2025-09-19,19:17:21.75,2025-09-19T15:17:21.7560000-04:00,2025-09-19T19:17:21.7560000Z,,v3,471300,471300,,"Cowdrey, Vincent",7,Right,GEO_PAT,7b0b3554-a2f9-41f4-86d6-0f9b8a9ffd3f,55.56198,-116.4772,12.40239,5.46884,-2.74174,-14.75241,-2.89489,8.66466,0.65012,,,,,,,,,,,,,,,,,,,,,,,,,,,,,70.67662,,,1.376953,,,,1.7935,5.86325,3.03242,127.29108,2.77439,-1.3013,1.92139,101.0299,-7.3182,5.89884,14.99321,-12.5593,2.99076,-5.79286,1.96554,High,High,High,,,High,Medium,Medium
60,2025-09-19,15:18:01.78,1,4,"Cardenas, Diego",,Right,GEO_PAT,"Ohara, Austin",40,Right,GEO_PAT,Undefined,2,Top,0,0,1,Slider,Slider,BallCalled,Undefined,Undefined,Undefined,0,0,,79.51231,1.675217,-2.58953,2304.286228,69.051078,8:15,5.52085,2.58099,4.92014,-47.90373,-2.06681,-9.00363,3.11485,-0.61937,73.113,-6.96806,-4.173293,0.487281,,,,,,,,,,,,3.73563,-1.04575,-2.32032,50,5.64441,5.59296,-115.26014,1.6046,5.03568,21.00934,-33.58371,GEO_PAT,GEO_PAT,SpuhlerFieldMain,TeamExclusive,Team,20250919-SpuhlerFieldMain-Private-4,5c8b5d50-958d-11f0-a460-bb12008138d9,77.35262,,,6.39931,,,,,,,b8693907-030d-4f44-8185-bb1c250cff2e,2025-09-19,19:18:01.78,2025-09-19T15:18:01.7800000-04:00,2025-09-19T19:18:01.7800000Z,,v3,471300,471300,,"Cowdrey, Vincent",7,Right,GEO_PAT,727ffac2-00c2-485f-afe9-a3d24b744ced,55.58287,-116.27332,10.50467,5.52797,3.22418,-16.79186,-2.58419,5.35011,2.51784,,,,,,,,,,,,,,,,,,,,,,,,,,,,,,,,,,,,,,,,,,,,,,,,,,,High,High,High,,,,,
61,2025-09-19,15:18:27.14,1,5,"Cardenas, Diego",,Right,GEO_PAT,"Ohara, Austin",40,Right,GEO_PAT,Undefined,2,Top,0,1,1,Fastball,Sinker,FoulBallNotFieldable,Undefined,Undefined,Undefined,0,0,,90.39489,-1.82098,-3.60358,2054.05615,220.108623,1:15,5.80271,2.54831,5.08293,-17.5519,18.21655,14.26024,2.61951,0.33524,81.59469,-5.129923,-1.088823,0.430449,60.54557,41.696274,126.412228,5227.242481,,,,,45.37928,,,-8.18638,9.97115,-2.21838,50,5.61679,7.55253,-130.7024,-4.75606,-14.01062,30.28194,-15.10892,GEO_PAT,GEO_PAT,SpuhlerFieldMain,TeamExclusive,Team,20250919-SpuhlerFieldMain-Private-4,6bbb26c0-958d-11f0-a460-bb12008138d9,87.56545,34.12138,,8.80021,,,,0.13764,2.44434,-0.40417,b8693907-030d-4f44-8185-bb1c250cff2e,2025-09-19,19:18:27.14,2025-09-19T15:18:27.1410000-04:00,2025-09-19T19:18:27.1410000Z,,v3,471300,471300,,"Cowdrey, Vincent",7,Right,GEO_PAT,2dbb8f7f-8b79-4527-92cc-7206241205c9,55.41701,-131.95148,15.14097,5.80012,-4.13284,-7.55446,-2.54183,8.13044,-7.00531,310.065694,0.13764,-39.3581,-1.16833,1.11109,-0.18008,-0.8153,2.19847,-2.31922,0.89275,2.44434,59.06821,-23.69935,2.37416,-0.39501,-0.42201,1.15269,-1.17374,0.44124,-0.40418,53.36041,-9.54841,1.5283,-0.18765,-0.56373,1.36311,-1.37577,0.51566,,,,,,,,,,,,,,,,,,,,,,,High,High,High,High,Undefined,,,
62,2025-09-19,15:18:51.46,1,6,"Cardenas, Diego",,Right,GEO_PAT,"Ohara, Austin",40,Right,GEO_PAT,Undefined,2,Top,0,1,2,Slider,Slider,HitByPitch,Undefined,Undefined,Undefined,0,0,,78.42965,2.575453,-0.808222,2147.136726,82.472824,8:45,5.61881,2.56339,4.77775,-48.00995,1.46539,-5.46551,4.06136,1.3417,68.83463,-6.230359,-1.768538,0.506251,29.22688,45.213605,36.004341,1069.779031,,,,54.50622,53.94505,35.903644,1.998741,2.33181,0.31693,-2.47745,50,5.83564,1.83591,-113.05361,3.3403,2.89081,28.67887,-31.78112,GEO_PAT,GEO_PAT,SpuhlerFieldMain,TeamExclusive,Team,20250919-SpuhlerFieldMain-Private-4,7a2a3840-958d-11f0-a460-bb12008138d9,74.45409,17.80218,,9.59502,,,,-1.00168,3.83873,-1.27775,b8693907-030d-4f44-8185-bb1c250cff2e,2025-09-19,19:18:51.46,2025-09-19T15:18:51.4680000-04:00,2025-09-19T19:18:51.4680000Z,GroundBall,v3,471300,471300,,"Cowdrey, Vincent",7,Right,GEO_PAT,cd0440c9-9b91-4a48-a7a5-123a5a5d31a6,55.71642,-114.49454,14.33944,5.62769,4.9371,-15.89056,-2.56604,1.69067,1.4454,186.62054,-1.00164,24.42644,-1.52688,0.35586,0.1091,-0.16524,0.06625,-0.00749,-0.00059,3.83874,30.42251,-17.06218,0.58438,0.10846,-0.36049,0.2751,-0.09469,0.01235,-1.27773,17.75002,-1.00431,0.28,0.0284,-0.07688,0.03111,-0.00202,-0.00073,,,,,,,,,,,,,,,,,,,,,,,High,High,High,High,High,,,
63,2025-09-19,15:19:48.41,2,1,"Cardenas, Diego",,Right,GEO_PAT,"Clyne, Owen",1000230336,Left,GEO_PAT,Undefined,2,Top,0,0,0,ChangeUp,Changeup,BallCalled,Undefined,Undefined,Undefined,0,0,,82.43693,-1.029997,-2.432988,1810.513947,251.532182,2:30,5.52066,2.71396,5.35535,-35.901,6.89288,15.80851,1.5619,1.74806,74.26068,-7.646252,0.377649,0.470828,,,,,,,,,,,,-8.69721,4.28418,-2.5065,50,5.4028,4.39349,-119.3162,-3.39188,-12.29504,27.10142,-26.11762,GEO_PAT,GEO_PAT,SpuhlerFieldMain,TeamExclusive,Team,20250919-SpuhlerFieldMain-Private-4,9c14edb0-958d-11f0-a460-bb12008138d9,80.05565,,,8.17625,,,,,,,b8693907-030d-4f44-8185-bb1c250cff2e,2025-09-19,19:19:48.41,2025-09-19T15:19:48.4130000-04:00,2025-09-19T19:19:48.4130000Z,,v3,471300,471300,,"Cowdrey, Vincent",7,Right,GEO_PAT,bc2e749e-0d91-4b6e-b630-ada1d9fab8b9,55.14344,-120.47882,13.55071,5.52427,-2.27147,-13.05881,-2.70629,4.92093,-6.14752,,,,,,,,,,,,,,,,,,,,,,,,,,,,,,,,,,,,,,,,,,,,,,,,,,,High,High,High,,,,,
64,2025-09-19,15:20:08.10,2,2,"Cardenas, Diego",,Right,GEO_PAT,"Clyne, Owen",1000230336,Left,GEO_PAT,Undefined,2,Top,0,1,0,Slider,Slider,FoulBallNotFieldable,Undefined,Undefined,Undefined,0,0,,79.25393,0.549997,-3.005736,2125.919979,77.814668,8:30,5.54248,2.76874,5.22092,-46.84014,1.19437,-4.75122,2.157,-0.45592,69.44931,-8.087408,-3.846555,0.498825,59.34213,22.525317,-167.729409,4064.140586,,,,107.80427,48.63204,-170.029002,1.57747,1.08252,0.89374,-2.48723,50,5.55884,6.19592,-114.2583,-0.50656,1.35719,31.13752,-31.0535,GEO_PAT,GEO_PAT,SpuhlerFieldMain,TeamExclusive,Team,20250919-SpuhlerFieldMain-Private-4,a7efe6d0-958d-11f0-a460-bb12008138d9,75.56245,13.94751,,9.80463,,,,2.62986,2.2976,0.38149,b8693907-030d-4f44-8185-bb1c250cff2e,2025-09-19,19:20:08.10,2025-09-19T15:20:08.1030000-04:00,2025-09-19T19:20:08.1030000Z,LineDrive,v3,471300,471300,,"Cowdrey, Vincent",7,Right,GEO_PAT,da6e6e1a-72a8-4836-9850-3ffe82d831ec,55.27535,-115.687,15.56876,5.54939,0.91829,-15.52675,-2.77009,6.13365,0.6786,15.47346,2.62987,-78.55867,5.6009,0.42835,-0.2132,0.21374,-0.18518,0.09978,-0.02198,2.2976,33.34271,-25.75936,3.08354,-0.67952,0.20384,-0.07029,0.02038,-0.00245,0.38149,-17.08639,3.23649,-0.04381,-0.03737,0.07897,-0.0781,0.04365,-0.00978,,,,,,,,,,,,,,,,,,,,,,,High,High,High,High,Medium,,,
65,2025-09-19,15:20:35.83,2,3,"Cardenas, Diego",,Right,GEO_PAT,"Clyne, Owen",1000230336,Left,GEO_PAT,Undefined,2,Top,0,1,1,ChangeUp,Changeup,StrikeSwinging,Undefined,Undefined,Undefined,0,0,,82.65093,-0.735584,-3.282043,1798.25739,238.86475,2:00,5.53168,2.77302,5.23286,-31.28332,11.13221,15.96489,2.23209,1.01481,74.94084,-6.507844,-0.455318,0.468742,,,,,,,,,,,,-8.92898,6.22193,-2.48273,50,5.44091,6.17153,-119.64327,-2.61632,-12.82526,25.03519,-23.2371,GEO_PAT,GEO_PAT,SpuhlerFieldMain,TeamExclusive,Team,20250919-SpuhlerFieldMain-Private-4,b85a7a30-958d-11f0-a460-bb12008138d9,80.4119,,,7.71009,,,,,,,b8693907-030d-4f44-8185-bb1c250cff2e,2025-09-19,19:20:35.83,2025-09-19T15:20:35.8310000-04:00,2025-09-19T19:20:35.8310000Z,,v3,471300,471300,,"Cowdrey, Vincent",7,Right,GEO_PAT,c9ac6c75-5255-4bcd-894e-92bf07cfc527,55.26688,-120.74033,12.5176,5.53325,-1.59805,-11.61855,-2.76549,6.73354,-6.41263,,,,,,,,,,,,,,,,,,,,,,,,,,,,,,,,,,,,,,,,,,,,,,,,,,,High,High,High,,,,,
66,2025-09-19,15:20:55.26,2,4,"Cardenas, Diego",,Right,GEO_PAT,"Clyne, Owen",1000230336,Left,GEO_PAT,Undefined,2,Top,0,1,2,Fastball,Changeup,FoulBallFieldable,Undefined,Undefined,Undefined,3,1,,88.66966,-0.73872,-3.713245,1900.979569,243.359905,2:00,5.75376,2.70959,5.5794,-26.40442,9.70162,16.99965,2.86195,0.65323,80.89482,-5.633579,-0.686208,0.432475,76.7258,62.620842,-40.911644,4807.436932,55.62348,110.82527,-94.89991,163.16911,68.47152,-61.699949,5.35756,-9.73146,5.45394,-2.40139,50,5.67282,7.61494,-128.53031,-2.58382,-16.24807,27.11331,-23.06794,GEO_PAT,GEO_PAT,SpuhlerFieldMain,TeamExclusive,Team,20250919-SpuhlerFieldMain-Private-4,c4019210-958d-11f0-a460-bb12008138d9,87.15514,118.50849,,7.77484,,,,1.33207,3.34211,-0.95525,b8693907-030d-4f44-8185-bb1c250cff2e,2025-09-19,19:20:55.26,2025-09-19T15:20:55.2650000-04:00,2025-09-19T19:20:55.2650000Z,Popup,v3,471300,471300,,"Cowdrey, Vincent",7,Right,GEO_PAT,cbfbfb15-9b11-42a1-bddb-8a9767ba4636,54.92409,-129.56488,13.55665,5.75462,-1.70361,-11.53397,-2.70378,8.23492,-8.12404,157.50621,1.32854,39.08313,-15.30509,3.93046,0.11969,-0.50817,0.17185,-0.02444,0.0013,3.32256,100.28667,-27.9562,4.79522,-1.74925,0.50871,-0.08693,0.0073,-0.00022,-0.95383,-33.94079,1.61692,-0.14822,0.30056,-0.20322,0.06005,-0.00834,0.00045,,,,,,,,,,,,,,,,,,,,,,,High,High,High,High,Low,,,
67,2025-09-19,15:24:23.97,1,1,"Okeeffe, Shaun",1000297082,Left,GEO_PAT,"Cowdrey, Vincent",7,Right,GEO_PAT,Undefined,2,Bottom,0,0,0,Fastball,Changeup,StrikeSwinging,Undefined,Undefined,Undefined,0,0,,82.01292,-0.139646,3.79161,2159.726878,114.415599,9:45,5.68249,-2.1837,5.65167,-32.80502,10.04941,-18.54056,2.8182,-0.18703,73.59134,-6.259408,0.485908,0.471161,,,,,,,,,,,,10.58044,5.62221,1.87344,50,5.65025,-7.08916,-118.62134,-1.34626,14.77994,26.83806,-24.32035,GEO_PAT,GEO_PAT,SpuhlerFieldMain,TeamExclusive,Team,20250919-SpuhlerFieldMain-Private-4,4058a010-958e-11f0-a460-bb12008138d9,79.99907,,,8.42158,,,,,,,b8693907-030d-4f44-8185-bb1c250cff2e,2025-09-19,19:24:23.97,2025-09-19T15:24:23.9790000-04:00,2025-09-19T19:24:23.9790000Z,,v3,471300,471300,,"Vaughn, Logan",12,Right,GEO_PAT,161b09b9-7679-448a-ba52-acaeb5fa262a,54.84665,-119.71287,13.41903,5.68489,-0.35713,-12.16017,2.17398,-7.69028,7.38997,,,,,,,,,,,,,,,,,,,,,,,,,,,,,,,,,,,,,,,,,,,,,,,,,,,High,High,High,,,,,
68,2025-09-19,15:24:36.92,1,2,"Okeeffe, Shaun",1000297082,Left,GEO_PAT,"Cowdrey, Vincent",7,Right,GEO_PAT,Undefined,2,Bottom,0,0,1,Fastball,Changeup,FoulBallNotFieldable,Undefined,Undefined,Undefined,0,0,,82.9641,-0.458734,4.201178,2265.157818,82.564717,8:45,5.64217,-2.25928,5.42453,-43.62479,-1.03669,-21.04918,1.57591,-0.0711,74.17677,-8.464655,0.460075,0.469695,,,,,,,,,,,,12.1532,0.08059,1.90119,50,5.57111,-7.9225,-119.86822,-2.51209,17.17891,29.31429,-32.06012,GEO_PAT,GEO_PAT,SpuhlerFieldMain,TeamExclusive,Team,20250919-SpuhlerFieldMain-Private-4,4822f2f0-958e-11f0-a460-bb12008138d9,80.24882,,,8.78733,,,,,,,b8693907-030d-4f44-8185-bb1c250cff2e,2025-09-19,19:24:36.92,2025-09-19T15:24:36.9210000-04:00,2025-09-19T19:24:36.9210000Z,,v3,471300,471300,,"Vaughn, Logan",12,Right,GEO_PAT,acb6b48a-007d-43b1-a8d3-83bffc50794f,55.07688,-121.10343,14.65715,5.6485,-1.16119,-16.03006,2.25027,-8.64636,8.58946,,,,,,,,,,,,,,,,,,,,,,,,,,,,,,,,,,,,,,,,,,,,,,,,,,,High,High,High,,,,,
69,2025-09-19,15:24:54.85,1,3,"Okeeffe, Shaun",1000297082,Left,GEO_PAT,"Cowdrey, Vincent",7,Right,GEO_PAT,Undefined,2,Bottom,0,0,2,ChangeUp,Changeup,StrikeSwinging,Strikeout,Undefined,Undefined,0,0,,80.73407,-0.971634,3.107007,2010.733841,120.584312,10:00,5.60726,-2.33884,5.10596,-36.82026,8.4802,-11.33571,1.62195,-0.35302,72.39299,-7.743444,1.103295,0.484421,,,,,,,,,,,,6.68776,5.06445,2.05478,50,5.48739,-5.84504,-116.65703,-3.2621,8.99875,26.76775,-25.35957,GEO_PAT,GEO_PAT,SpuhlerFieldMain,TeamExclusive,Team,20250919-SpuhlerFieldMain-Private-4,52dbb330-958e-11f0-a460-bb12008138d9,77.80931,,,8.34108,,,,,,,b8693907-030d-4f44-8185-bb1c250cff2e,2025-09-19,19:24:54.85,2025-09-19T15:24:54.8570000-04:00,2025-09-19T19:24:54.8570000Z,,v3,471300,471300,,"Vaughn, Logan",12,Right,GEO_PAT,37ebc0f2-7374-4922-8645-40c693fe037a,55.39154,-117.88767,13.38388,5.61056,-2.0962,-12.67978,2.33301,-6.25875,4.49938,,,,,,,,,,,,,,,,,,,,,,,,,,,,,69.21294,,,0.939551,,,,-0.61918,5.65578,-4.5393,71.07025,4.26706,-53.7102,-0.58213,81.60908,-5.70203,5.67812,11.00334,-13.31675,-4.58453,-57.98945,6.08386,High,High,High,,,High,High,High
70,2025-09-19,15:25:22.84,2,1,"Okeeffe, Shaun",1000297082,Left,GEO_PAT,"Alberti, Lucas",1000145512,Right,GEO_PAT,Undefined,2,Bottom,1,0,0,Slider,Curveball,StrikeSwinging,Undefined,Undefined,Undefined,0,0,,79.15845,0.184465,3.588893,2281.960849,3.900092,6:15,5.53121,-2.44844,4.7559,-55.03054,-8.21843,-0.66189,1.12062,0.90443,72.78815,-9.65655,3.472654,0.492437,,,,,,,,,,,,1.36925,-3.7676,2.08819,50,5.50048,-7.16249,-114.63729,-1.69875,1.81472,21.99314,-37.16741,GEO_PAT,GEO_PAT,SpuhlerFieldMain,TeamExclusive,Team,20250919-SpuhlerFieldMain-Private-4,6387bc60-958e-11f0-a460-bb12008138d9,76.54269,,,6.3703,,,,,,,b8693907-030d-4f44-8185-bb1c250cff2e,2025-09-19,19:25:22.84,2025-09-19T15:25:22.8490000-04:00,2025-09-19T19:25:22.8490000Z,,v3,471300,471300,,"Vaughn, Logan",12,Right,GEO_PAT,d2b291db-681d-4b02-890e-d36cefce453a,55.74902,-115.73498,10.99657,5.53897,0.1563,-18.5837,2.44793,-7.25306,0.90736,,,,,,,,,,,,,,,,,,,,,,,,,,,,,,,,,,,,,,,,,,,,,,,,,,,High,High,High,,,,,
71,2025-09-19,15:25:37.56,2,2,"Okeeffe, Shaun",1000297082,Left,GEO_PAT,"Alberti, Lucas",1000145512,Right,GEO_PAT,Undefined,2,Bottom,1,0,1,Sinker,Changeup,BallCalled,Undefined,Undefined,Undefined,0,0,,82.9134,-2.832305,5.392902,2117.527808,97.202236,9:15,5.59598,-2.2707,5.35055,-37.95896,4.17091,-21.47222,-0.23791,1.0134,75.75173,-9.737189,1.589461,0.467161,,,,,,,,,,,,12.49221,3.31414,1.80003,50,5.31232,-10.42138,-119.69887,-7.28119,17.9995,24.58923,-27.39883,GEO_PAT,GEO_PAT,SpuhlerFieldMain,TeamExclusive,Team,20250919-SpuhlerFieldMain-Private-4,6c4b1540-958e-11f0-a460-bb12008138d9,80.68407,,,7.16168,,,,,,,b8693907-030d-4f44-8185-bb1c250cff2e,2025-09-19,19:25:37.56,2025-09-19T15:25:37.5630000-04:00,2025-09-19T19:25:37.5630000Z,,v3,471300,471300,,"Vaughn, Logan",12,Right,GEO_PAT,7dbd11b3-3e65-4c43-aafb-fd4e739f9ec7,55.1536,-120.75291,12.29461,5.59927,-6.10671,-13.69941,2.26329,-11.19295,8.99975,,,,,,,,,,,,,,,,,,,,,,,,,,,,,,,,,,,,,,,,,,,,,,,,,,,High,High,High,,,,,
72,2025-09-19,15:25:51.87,2,3,"Okeeffe, Shaun",1000297082,Left,GEO_PAT,"Alberti, Lucas",1000145512,Right,GEO_PAT,Undefined,2,Bottom,1,1,1,Sinker,Changeup,StrikeCalled,Undefined,Undefined,Undefined,0,0,,82.06568,-0.899846,4.66411,2081.434171,98.774053,9:15,5.62157,-2.21222,5.3663,-38.64809,4.3891,-18.42489,1.55423,0.63564,74.37336,-7.981949,1.398594,0.472165,,,,,,,,,,,,10.72028,2.92295,1.8063,50,5.5132,-8.91211,-118.63493,-3.21604,15.09169,25.28166,-28.05919,GEO_PAT,GEO_PAT,SpuhlerFieldMain,TeamExclusive,Team,20250919-SpuhlerFieldMain-Private-4,74d2c4b0-958e-11f0-a460-bb12008138d9,79.82904,,,7.69232,,,,,,,b8693907-030d-4f44-8185-bb1c250cff2e,2025-09-19,19:25:51.87,2025-09-19T15:25:51.8720000-04:00,2025-09-19T19:25:51.8720000Z,,v3,471300,471300,,"Vaughn, Logan",12,Right,GEO_PAT,7a8ff5af-b615-4830-bd64-b0768ee3425a,55.13547,-119.72431,12.64083,5.62573,-2.00697,-14.02959,2.20433,-9.56241,7.54585,,,,,,,,,,,,,,,,,,,,,,,,,,,,,,,,,,,,,,,,,,,,,,,,,,,High,High,High,,,,,
73,2025-09-19,15:26:13.20,2,4,"Okeeffe, Shaun",1000297082,Left,GEO_PAT,"Alberti, Lucas",1000145512,Right,GEO_PAT,Undefined,2,Bottom,1,1,2,Fastball,Changeup,BallCalled,Undefined,Undefined,Undefined,0,0,,78.48078,-1.434323,5.828278,1985.741669,97.349669,9:15,5.59327,-2.28645,5.33197,-43.53561,3.27264,-13.54646,0.61219,2.07234,72.10828,-9.330984,3.435754,0.492417,,,,,,,,,,,,8.4456,2.48992,1.76812,50,5.43153,-11.03608,-113.34232,-4.32271,10.97804,20.86235,-28.9375,GEO_PAT,GEO_PAT,SpuhlerFieldMain,TeamExclusive,Team,20250919-SpuhlerFieldMain-Private-4,817aaac0-958e-11f0-a460-bb12008138d9,76.54584,,,6.3725,,,,,,,b8693907-030d-4f44-8185-bb1c250cff2e,2025-09-19,19:26:13.20,2025-09-19T15:26:13.2050000-04:00,2025-09-19T19:26:13.2050000Z,,v3,471300,471300,,"Vaughn, Logan",12,Right,GEO_PAT,eb30404f-0769-4f99-872e-51c57a6974b0,55.17088,-114.29013,10.43117,5.59805,-3.00802,-14.46875,2.28084,-11.53484,5.48902,,,,,,,,,,,,,,,,,,,,,,,,,,,,,,,,,,,,,,,,,,,,,,,,,,,High,High,High,,,,,
74,2025-09-19,15:26:29.16,2,5,"Okeeffe, Shaun",1000297082,Left,GEO_PAT,"Alberti, Lucas",1000145512,Right,GEO_PAT,Undefined,2,Bottom,1,2,2,Slider,Slider,InPlay,Undefined,GroundBall,Out,1,0,,79.96718,0.563834,2.268306,2228.095167,99.040241,9:15,5.52558,-2.46339,4.8193,-45.11912,2.38949,-1.72339,2.30019,-0.45722,70.41047,-7.701692,1.96515,0.496087,63.59766,-45.809738,-43.456133,,,,,4.33177,4.21778,-14.054509,0.036862,1.76862,1.5178,2.23958,50,5.54353,-4.49193,-115.32105,-0.51416,2.27924,30.02552,-30.21804,GEO_PAT,GEO_PAT,SpuhlerFieldMain,TeamExclusive,Team,20250919-SpuhlerFieldMain-Private-4,8b1047c0-958e-11f0-a460-bb12008138d9,75.97953,2.47632,,9.55671,,,,2.45463,2.47632,0.60379,b8693907-030d-4f44-8185-bb1c250cff2e,2025-09-19,19:26:29.16,2025-09-19T15:26:29.1600000-04:00,2025-09-19T19:26:29.1600000Z,GroundBall,v3,471300,471300,,"Vaughn, Logan",12,Right,GEO_PAT,dac6cba2-8615-4cc3-8834-2cdad7fa7f6a,55.67598,-116.78952,15.01276,5.53254,0.96373,-15.10902,2.462,-4.60341,1.13962,180,2.45339,47.40527,,,,,,,,2.47808,-67.17787,,,,,,,,0.60497,-44.917,,,,,,,,,,,,,,,,,,,,,,,,,,,,,,High,High,High,Low,Low,,,
75,2025-09-19,15:26:59.61,3,1,"Okeeffe, Shaun",1000297082,Left,GEO_PAT,"Westley, Matt",13,Right,GEO_PAT,Undefined,2,Bottom,2,0,0,Sinker,Changeup,StrikeSwinging,Undefined,Undefined,Undefined,0,0,,82.4388,-2.44374,3.485607,2133.920303,92.738498,9:00,5.61157,-2.15336,5.27871,-40.50782,2.5811,-19.63655,-0.06498,-0.51188,74.4809,-9.828536,-0.002349,0.472448,,,,,,,,,,,,11.17686,2.49555,1.8503,50,5.35811,-6.45444,-119.16661,-6.52227,15.72023,27.57158,-28.66406,GEO_PAT,GEO_PAT,SpuhlerFieldMain,TeamExclusive,Team,20250919-SpuhlerFieldMain-Private-4,9d1eee30-958e-11f0-a460-bb12008138d9,79.78109,,,7.95791,,,,,,,b8693907-030d-4f44-8185-bb1c250cff2e,2025-09-19,19:26:59.61,2025-09-19T15:26:59.6150000-04:00,2025-09-19T19:26:59.6150000Z,,v3,471300,471300,,"Vaughn, Logan",12,Right,GEO_PAT,d3beb877-63b9-4119-9fbe-faf649f50044,55.22434,-120.3693,13.78579,5.61534,-5.27193,-14.33203,2.1468,-7.14016,7.86012,,,,,,,,,,,,,,,,,,,,,,,,,,,,,,,,,,,,,,,,,,,,,,,,,,,High,High,High,,,,,
76,2025-09-19,15:27:14.34,3,2,"Okeeffe, Shaun",1000297082,Left,GEO_PAT,"Westley, Matt",13,Right,GEO_PAT,Undefined,2,Bottom,2,0,1,Sinker,Changeup,StrikeSwinging,Undefined,Undefined,Undefined,0,0,,80.39656,0.011226,2.889391,2193.996461,113.53046,9:45,5.66639,-2.31361,4.94836,-36.77868,9.03997,-16.69717,2.61212,-0.97223,72.08321,-6.749642,-0.053174,0.487183,,,,,,,,,,,,9.15768,4.98095,2.04731,50,5.63791,-5.13149,-116.20718,-1.27807,12.25983,26.03513,-25.50579,GEO_PAT,GEO_PAT,SpuhlerFieldMain,TeamExclusive,Team,20250919-SpuhlerFieldMain-Private-4,a5e79e40-958e-11f0-a460-bb12008138d9,77.36806,,,8.31334,,,,,,,b8693907-030d-4f44-8185-bb1c250cff2e,2025-09-19,19:27:14.34,2025-09-19T15:27:14.3450000-04:00,2025-09-19T19:27:14.3450000Z,,v3,471300,471300,,"Vaughn, Logan",12,Right,GEO_PAT,9f09acda-6c71-4bae-ab78-b8d1f9a423d8,55.54915,-117.44383,13.01757,5.66984,-0.06656,-12.7529,2.30488,-5.71383,6.12991,,,,,,,,,,,,,,,,,,,,,,,,,,,,,,,,,,,,,,,,,,,,,,,,,,,High,High,High,,,,,
77,2025-09-19,15:27:28.96,3,3,"Okeeffe, Shaun",1000297082,Left,GEO_PAT,"Westley, Matt",13,Right,GEO_PAT,Undefined,2,Bottom,2,0,2,Slider,Changeup,BallCalled,Undefined,Undefined,Undefined,0,0,,79.20912,-2.463599,6.156541,2091.978952,111.441161,9:45,5.58524,-2.33924,5.28786,-37.17278,9.62284,-19.97655,0.15914,1.79988,71.62326,-9.275277,2.633369,0.49235,,,,,,,,,,,,12.12497,6.07969,1.79173,50,5.3323,-11.51667,-114.08488,-6.15931,15.72152,24.15538,-24.29097,GEO_PAT,GEO_PAT,SpuhlerFieldMain,TeamExclusive,Team,20250919-SpuhlerFieldMain-Private-4,ae9c9f40-958e-11f0-a460-bb12008138d9,76.55619,,,7.58586,,,,,,,b8693907-030d-4f44-8185-bb1c250cff2e,2025-09-19,19:27:28.96,2025-09-19T15:27:28.9650000-04:00,2025-09-19T19:27:28.9650000Z,,v3,471300,471300,,"Vaughn, Logan",12,Right,GEO_PAT,674cc3f5-d893-4e49-87d1-f4d147abb381,55.21458,-115.18368,12.07769,5.58735,-5.05434,-12.14549,2.33187,-12.23182,7.86076,,,,,,,,,,,,,,,,,,,,,,,,,,,,,,,,,,,,,,,,,,,,,,,,,,,High,High,High,,,,,
78,2025-09-19,15:27:46.82,3,4,"Okeeffe, Shaun",1000297082,Left,GEO_PAT,"Westley, Matt",13,Right,GEO_PAT,Undefined,2,Bottom,2,1,2,Slider,Curveball,StrikeSwinging,Strikeout,Undefined,Undefined,0,0,,77.95863,0.039489,3.499195,2278.691057,344.937725,5:30,5.49222,-2.55725,4.74358,-52.81755,-4.17016,1.57087,1.12829,0.89704,71.1571,-9.440789,3.7749,0.501997,,,,,,,,,,,,0.31413,-1.64437,2.20317,50,5.44916,-6.96172,-112.78169,-1.86625,0.39995,22.70706,-34.26771,GEO_PAT,GEO_PAT,SpuhlerFieldMain,TeamExclusive,Team,20250919-SpuhlerFieldMain-Private-4,b959f360-958e-11f0-a460-bb12008138d9,75.08499,,,6.80152,,,,,,,b8693907-030d-4f44-8185-bb1c250cff2e,2025-09-19,19:27:46.82,2025-09-19T15:27:46.8240000-04:00,2025-09-19T19:27:46.8240000Z,,v3,471300,471300,,"Vaughn, Logan",12,Right,GEO_PAT,44c58c22-024a-4bab-bdad-ec532c2860a1,55.75916,-113.93532,11.35353,5.49975,-0.12529,-17.13386,2.55738,-6.98204,0.19997,,,,,,,,,,,,,,,,,,,,,,,,,,,,,64.42168,,,1.042139,,,,-0.50706,5.86386,-2.57371,69.56472,9.54766,-55.21755,-0.44227,72.21809,-4.82129,5.90289,17.44136,-13.36838,-2.6607,-56.37019,5.67619,High,High,High,,,High,High,High
79,2025-09-19,15:28:20.52,4,1,"Okeeffe, Shaun",1000297082,Left,GEO_PAT,"Blanchard, Evan",10073877,Right,GEO_PAT,Undefined,2,Bottom,0,0,0,Sinker,Changeup,BallCalled,Undefined,Undefined,Undefined,0,0,,81.42678,0.349213,2.709747,2063.140162,88.486552,9:00,5.63158,-2.24888,5.43056,-42.71408,1.08563,-21.79981,2.39951,-1.52572,73.19505,-7.505395,-1.17099,0.476329,,,,,,,,,,,,11.83497,0.92776,2.02399,50,5.63334,-4.666,-117.88973,-0.77184,16.29477,26.93765,-30.8967,GEO_PAT,GEO_PAT,SpuhlerFieldMain,TeamExclusive,Team,20250919-SpuhlerFieldMain-Private-4,cd5352d0-958e-11f0-a460-bb12008138d9,79.13109,,,8.23172,,,,,,,b8693907-030d-4f44-8185-bb1c250cff2e,2025-09-19,19:28:20.52,2025-09-19T15:28:20.5230000-04:00,2025-09-19T19:28:20.5230000Z,,v3,471300,471300,,"Vaughn, Logan",12,Right,GEO_PAT,566a62b0-535a-4a9e-9984-fce9ef097169,55.07015,-119.04262,13.46883,5.63807,0.55048,-15.44835,2.23861,-5.36339,8.14739,,,,,,,,,,,,,,,,,,,,,,,,,,,,,,,,,,,,,,,,,,,,,,,,,,,High,High,High,,,,,
80,2025-09-19,15:28:36.85,4,2,"Okeeffe, Shaun",1000297082,Left,GEO_PAT,"Blanchard, Evan",10073877,Right,GEO_PAT,Undefined,2,Bottom,0,1,0,Fastball,Changeup,FoulBallNotFieldable,Undefined,Undefined,Undefined,0,0,,81.46967,-0.807557,3.686235,2107.654115,90.963035,9:00,5.64122,-2.2222,5.55471,-41.74782,2.19658,-24.74828,1.40603,-0.8353,72.81985,-8.509203,-0.727918,0.477115,71.75331,-33.952252,65.614821,,,,,4.3349,4.3349,41.994873,0.026048,13.86001,1.8915,1.91993,50,5.54398,-6.5751,-117.78618,-3.07834,18.89591,28.52843,-29.59528,GEO_PAT,GEO_PAT,SpuhlerFieldMain,TeamExclusive,Team,20250919-SpuhlerFieldMain-Private-4,d728b7f0-958e-11f0-a460-bb12008138d9,79.00073,1.53427,,8.64982,,,,2.28089,1.53427,0.82486,b8693907-030d-4f44-8185-bb1c250cff2e,2025-09-19,19:28:36.85,2025-09-19T15:28:36.8540000-04:00,2025-09-19T19:28:36.8540000Z,GroundBall,v3,471300,471300,,"Vaughn, Logan",12,Right,GEO_PAT,b529ac5a-9383-4582-922c-8ab3eae3051b,54.94621,-118.97814,14.26422,5.64676,-1.8418,-14.79764,2.21114,-7.3646,9.44795,,2.28057,36.11827,,,,,,,,1.5348,-58.90081,,,,,,,,0.82415,79.67706,,,,,,,,,,,,,,,,,,,,,,,,,,,,,,High,High,High,Estimated,Estimated,,,
81,2025-09-19,15:29:08.85,4,3,"Okeeffe, Shaun",1000297082,Left,GEO_PAT,"Blanchard, Evan",10073877,Right,GEO_PAT,Undefined,2,Bottom,0,1,1,Sinker,Changeup,InPlay,Undefined,GroundBall,Out,1,0,,80.00098,-0.622382,4.010548,2033.426159,103.099019,9:30,5.6071,-2.33704,5.08546,-39.56923,5.92721,-18.71816,1.72154,-0.11032,72.8174,-7.837626,0.706336,0.485467,,,,,,,,,,,,10.65048,3.51366,1.97271,50,5.51682,-7.3592,-115.77837,-2.64046,14.33628,23.29455,-27.44442,GEO_PAT,GEO_PAT,SpuhlerFieldMain,TeamExclusive,Team,20250919-SpuhlerFieldMain-Private-4,ea34d130-958e-11f0-a460-bb12008138d9,77.64156,,,7.18358,,,,,,,b8693907-030d-4f44-8185-bb1c250cff2e,2025-09-19,19:29:08.85,2025-09-19T15:29:08.8570000-04:00,2025-09-19T19:29:08.8570000Z,,v3,471300,471300,,"Vaughn, Logan",12,Right,GEO_PAT,bab0ea15-889f-403f-8e45-2d32875688c6,55.41835,-116.86345,11.64727,5.61005,-1.36207,-13.72221,2.33107,-8.027,7.16814,,,,,,,,,,,,,,,,,,,,,,,,,,,,,,,,,,,,,,,,,,,,,,,,,,,High,High,High,,,,,
82,2025-09-19,15:29:51.13,5,1,"Okeeffe, Shaun",1000297082,Left,GEO_PAT,"Smith, Cooper",15,Right,GEO_PAT,Undefined,2,Bottom,1,0,0,Fastball,Curveball,StrikeCalled,Undefined,Undefined,Undefined,0,0,,78.8295,1.221277,2.983064,2284.744596,321.245222,4:45,5.51202,-2.42806,4.73674,-50.83318,-3.77516,4.19803,2.4363,0.75436,72.44089,-7.906206,3.719304,0.493728,,,,,,,,,,,,-1.22921,-1.74532,2.12329,50,5.58997,-6.13025,-114.20239,0.52569,-1.62364,21.00021,-34.47939,GEO_PAT,GEO_PAT,SpuhlerFieldMain,TeamExclusive,Team,20250919-SpuhlerFieldMain-Private-4,035aa720-958f-11f0-a460-bb12008138d9,76.34245,,,6.3886,,,,,,,b8693907-030d-4f44-8185-bb1c250cff2e,2025-09-19,19:29:51.13,2025-09-19T15:29:51.1330000-04:00,2025-09-19T19:29:51.1330000Z,,v3,471300,471300,,"Vaughn, Logan",12,Right,GEO_PAT,f8d97c2c-55ed-4209-b8e3-6c3074d48334,55.76623,-115.25784,10.50011,5.52,2.25859,-17.2397,2.42934,-6.04864,-0.81182,,,,,,,,,,,,,,,,,,,,,,,,,,,,,,,,,,,,,,,,,,,,,,,,,,,High,High,High,,,,,
83,2025-09-19,15:30:10.79,5,2,"Okeeffe, Shaun",1000297082,Left,GEO_PAT,"Smith, Cooper",15,Right,GEO_PAT,Undefined,2,Bottom,1,0,1,Slider,Curveball,StrikeSwinging,Undefined,Undefined,Undefined,0,0,,77.51819,0.010072,3.514784,2217.849529,25.474519,6:45,5.44704,-2.47468,4.759,-53.19456,-3.75681,-2.64142,1.02373,0.64249,70.35754,-9.561206,3.050893,0.506058,,,,,,,,,,,,2.4528,-1.37811,2.12395,50,5.40111,-6.77323,-112.06732,-1.92501,3.06693,23.42573,-33.89721,GEO_PAT,GEO_PAT,SpuhlerFieldMain,TeamExclusive,Team,20250919-SpuhlerFieldMain-Private-4,0f2e4d40-958f-11f0-a460-bb12008138d9,74.48238,,,7.16065,,,,,,,b8693907-030d-4f44-8185-bb1c250cff2e,2025-09-19,19:30:10.79,2025-09-19T15:30:10.7920000-04:00,2025-09-19T19:30:10.7920000Z,,v3,471300,471300,,"Vaughn, Logan",12,Right,GEO_PAT,1df29d64-7b78-427f-ade6-7d8d9f7187b3,55.7426,-113.26135,11.71286,5.45519,-0.19724,-16.94861,2.47317,-6.92955,1.53346,,,,,,,,,,,,,,,,,,,,,,,,,,,,,,,,,,,,,,,,,,,,,,,,,,,High,High,High,,,,,
84,2025-09-19,15:30:55.23,5,3,"Okeeffe, Shaun",1000297082,Left,GEO_PAT,"Smith, Cooper",15,Right,GEO_PAT,Undefined,2,Bottom,5,0,2,Sinker,Changeup,StrikeCalled,Strikeout,Undefined,Undefined,2,0,,79.2568,-0.77415,3.564128,2061.484202,96.343624,9:15,5.52303,-2.62489,5.29085,-42.35971,3.98996,-20.46733,1.26466,-0.97936,71.67498,-8.529287,-0.067721,0.489998,,,,,,,,,,,,11.35001,2.77122,2.31523,50,5.42182,-6.29672,-114.65939,-3.00487,14.86038,24.46341,-28.54573,GEO_PAT,GEO_PAT,SpuhlerFieldMain,TeamExclusive,Team,20250919-SpuhlerFieldMain-Private-4,298e50e0-958f-11f0-a460-bb12008138d9,76.9236,,,7.58182,,,,,,,b8693907-030d-4f44-8185-bb1c250cff2e,2025-09-19,19:30:55.23,2025-09-19T15:30:55.2350000-04:00,2025-09-19T19:30:55.2350000Z,,v3,471300,471300,,"Vaughn, Logan",12,Right,GEO_PAT,29718212-9f6e-4393-b8dd-ee147834f1b1,55.20968,-115.76557,12.23171,5.52851,-1.71408,-14.27286,2.61515,-6.96868,7.43019,,,,,,,,,,,,,,,,,,,,,,,,,,,,,,,,,,,,,,,,,,,,,,,,,,,High,High,High,,,,,
85,2025-09-19,15:33:41.81,1,1,"Kelsey , Carter",,Right,GEO_PAT,"Terelli, Lucas",9,Left,GEO_PAT,Undefined,3,Top,0,0,0,Fastball,Four-Seam,StrikeCalled,Undefined,Undefined,Undefined,0,0,,92.37895,-3.312496,-3.506788,2269.90331,199.135559,12:45,6.33068,2.14119,5.86777,-13.34036,19.9169,6.5013,2.13261,-0.57876,83.65474,-5.887443,-2.343986,0.415064,,,,,,,,,,,,-4.38059,11.52264,-1.86046,50,6.05382,7.89777,-133.61068,-8.1033,-7.84472,31.29834,-11.53939,GEO_PAT,GEO_PAT,SpuhlerFieldMain,TeamExclusive,Team,20250919-SpuhlerFieldMain-Private-4,8ceb7af0-958f-11f0-a460-bb12008138d9,90.81122,,,8.7242,,,,,,,b8693907-030d-4f44-8185-bb1c250cff2e,2025-09-19,19:33:41.81,2025-09-19T15:33:41.8110000-04:00,2025-09-19T19:33:41.8110000Z,,v3,471300,471300,,"Cowdrey, Vincent",7,Right,GEO_PAT,90e4e902-a14f-4ae5-86ec-db79e55aa400,54.6317,-134.69128,15.64917,6.32672,-7.70489,-5.7697,-2.13782,8.16862,-3.92236,,,,,,,,,,,,,,,,,,,,,,,,,,,,,,,,,,,,,,,,,,,,,,,,,,,High,High,High,,,,,
86,2025-09-19,15:33:57.05,1,2,"Kelsey , Carter",,Right,GEO_PAT,"Terelli, Lucas",9,Left,GEO_PAT,Undefined,3,Top,0,0,1,Fastball,Four-Seam,BallCalled,Undefined,Undefined,Undefined,0,0,,93.03187,-1.555705,-1.949162,2285.231441,195.598824,12:30,6.30628,2.23545,5.81024,-12.2767,20.32241,5.36591,3.83528,0.86926,84.39976,-3.940196,-0.988491,0.410936,,,,,,,,,,,,-3.29335,11.12005,-2.07864,50,6.17126,4.34693,-134.92301,-3.98409,-6.03468,30.98926,-11.79789,GEO_PAT,GEO_PAT,SpuhlerFieldMain,TeamExclusive,Team,20250919-SpuhlerFieldMain-Private-4,95e685a0-958f-11f0-a460-bb12008138d9,91.72335,,,8.63212,,,,,,,b8693907-030d-4f44-8185-bb1c250cff2e,2025-09-19,19:33:57.05,2025-09-19T15:33:57.0550000-04:00,2025-09-19T19:33:57.0550000Z,,v3,471300,471300,,"Cowdrey, Vincent",7,Right,GEO_PAT,99b53fe8-409f-4485-a0b0-de3ade54a6b4,54.68895,-135.9957,15.49463,6.3021,-3.57571,-5.89895,-2.23272,4.55582,-3.01734,,,,,,,,,,,,,,,,,,,,,,,,,,,,,,,,,,,,,,,,,,,,,,,,,,,High,High,High,,,,,
87,2025-09-19,15:34:14.00,1,3,"Kelsey , Carter",,Right,GEO_PAT,"Terelli, Lucas",9,Left,GEO_PAT,Undefined,3,Top,0,1,1,Fastball,Four-Seam,BallCalled,Undefined,Undefined,Undefined,0,0,,92.2969,-3.897483,-2.867978,2324.292648,207.546669,1:00,6.19287,2.22253,5.75606,-14.35135,18.88466,9.26835,1.35857,0.32284,84.1891,-6.629721,-1.211303,0.414931,,,,,,,,,,,,-5.5637,11.08619,-1.99022,50,5.86008,6.28558,-133.58843,-9.53762,-10.02557,29.53996,-12.19721,GEO_PAT,GEO_PAT,SpuhlerFieldMain,TeamExclusive,Team,20250919-SpuhlerFieldMain-Private-4,a0126f30-958f-11f0-a460-bb12008138d9,90.84029,,,8.1078,,,,,,,b8693907-030d-4f44-8185-bb1c250cff2e,2025-09-19,19:34:14.00,2025-09-19T15:34:14.0020000-04:00,2025-09-19T19:34:14.0020000Z,,v3,471300,471300,,"Cowdrey, Vincent",7,Right,GEO_PAT,7e7e0c4b-4172-4cb9-971e-fd6a3a715b24,54.74588,-134.63378,14.76998,6.18996,-9.106,-6.09861,-2.21893,6.64036,-5.01278,,,,,,,,,,,,,,,,,,,,,,,,,,,,,,,,,,,,,,,,,,,,,,,,,,,High,High,High,,,,,
88,2025-09-19,15:34:29.90,1,4,"Kelsey , Carter",,Right,GEO_PAT,"Terelli, Lucas",9,Left,GEO_PAT,Undefined,3,Top,0,2,1,Fastball,Four-Seam,FoulBallNotFieldable,Undefined,Undefined,Undefined,0,0,,91.98272,-2.229976,-3.097306,2293.98161,213.40737,1:00,6.26783,2.38032,5.64786,-15.37276,18.19934,11.25674,2.90256,0.42641,83.63098,-5.156898,-1.09003,0.417024,84.89875,35.459814,-56.182626,4649.651308,50.17751,62.85185,-97.88837,285.59804,125.56183,-72.409451,4.287415,-6.6217,10.22012,-2.12464,50,6.06872,6.70621,-133.26,-5.66745,-11.85371,29.83935,-13.87872,GEO_PAT,GEO_PAT,SpuhlerFieldMain,TeamExclusive,Team,20250919-SpuhlerFieldMain-Private-4,a9906580-958f-11f0-a460-bb12008138d9,90.3844,71.28577,,8.35174,,,,0.12331,3.51943,-1.32426,b8693907-030d-4f44-8185-bb1c250cff2e,2025-09-19,19:34:29.90,2025-09-19T15:34:29.9050000-04:00,2025-09-19T19:34:29.9050000Z,FlyBall,v3,471300,471300,,"Cowdrey, Vincent",7,Right,GEO_PAT,c8ac51f4-7b82-4d1d-9f45-9e2a6277d217,54.85349,-134.34239,14.91968,6.26517,-5.16402,-6.93936,-2.3757,7.13619,-5.92685,130.983442,0.12566,56.39217,-17.66794,4.10081,-0.56054,-0.03398,0.02951,-0.00525,0.00036,3.5206,72.2034,-22.08258,1.71309,0.04221,-0.18449,0.07108,-0.01196,0.00077,-1.32549,-84.2353,7.33844,-0.64717,-0.11022,0.07895,-0.0182,0.00206,-0.00011,,,,,,,,,,,,,,,,,,,,,,,High,High,High,Medium,Low,,,
89,2025-09-19,15:34:51.51,1,5,"Kelsey , Carter",,Right,GEO_PAT,"Terelli, Lucas",9,Left,GEO_PAT,Undefined,3,Top,0,2,2,Fastball,Four-Seam,FoulBallFieldable,Undefined,Undefined,Undefined,0,0,,93.22914,-1.89347,-2.868074,2255.924418,208.945504,1:00,6.27596,2.25855,5.6859,-13.33989,19.6132,10.17595,3.39648,0.43089,83.84056,-4.480248,-1.051954,0.413161,85.6365,57.483146,-30.78596,,76.1205,133.20443,-79.40797,193.03595,82.60585,-50.710092,5.743662,-6.10107,10.92225,-2.02344,50,6.10833,6.2969,-134.97408,-4.84154,-11.07931,33.65698,-12.33967,GEO_PAT,GEO_PAT,SpuhlerFieldMain,TeamExclusive,Team,20250919-SpuhlerFieldMain-Private-4,b674b850-958f-11f0-a460-bb12008138d9,91.22941,133.2258,,9.38858,,,,0.27628,4.49758,-0.95477,b8693907-030d-4f44-8185-bb1c250cff2e,2025-09-19,19:34:51.51,2025-09-19T15:34:51.5140000-04:00,2025-09-19T19:34:51.5140000Z,Popup,v3,471300,471300,,"Cowdrey, Vincent",7,Right,GEO_PAT,4e0cae82-5115-45dc-87b9-cdf045be979f,54.81395,-136.16918,16.82849,6.27247,-4.40338,-6.16984,-2.25403,6.69031,-5.53966,158.769945,0.27488,57.95754,-21.65802,6.19638,-0.81884,-0.13384,0.07433,-0.0111,0.00057,4.47648,106.27597,-28.18302,4.42872,-1.42817,0.37918,-0.05798,0.00409,-9E-05,-0.95361,-34.59424,1.88399,0.06598,0.05835,-0.07845,0.02565,-0.00358,0.00019,,,,,,,,,,,,,,,,,,,,,,,High,High,High,High,Low,,,
90,2025-09-19,15:35:37.36,1,6,"Kelsey , Carter",,Right,GEO_PAT,"Terelli, Lucas",9,Left,GEO_PAT,Undefined,3,Top,0,2,2,Slider,Slider,StrikeSwinging,Strikeout,Undefined,Undefined,0,0,,82.58648,0.702436,-1.333904,2353.946519,101.152486,9:15,6.02239,2.28744,5.51137,-39.28998,3.76697,-9.94355,3.40533,0.21115,73.15832,-6.591278,-3.105686,0.472273,,,,,,,,,,,,4.47626,2.14327,-2.16422,50,6.05794,3.20259,-119.42146,0.11789,6.22451,30.93535,-29.19373,GEO_PAT,GEO_PAT,SpuhlerFieldMain,TeamExclusive,Team,20250919-SpuhlerFieldMain-Private-4,d1d27ce0-958f-11f0-a460-bb12008138d9,79.81071,,,9.42817,,,,,,,b8693907-030d-4f44-8185-bb1c250cff2e,2025-09-19,19:35:37.36,2025-09-19T15:35:37.3610000-04:00,2025-09-19T19:35:37.3610000Z,,v3,471300,471300,,"Cowdrey, Vincent",7,Right,GEO_PAT,e4131225-b42b-4589-82ef-f2d880577b5a,54.985,-120.70589,15.46768,6.02788,1.33001,-14.59686,-2.29182,2.94415,3.11226,,,,,,,,,,,,,,,,,,,,,,,,,,,,,52.45835,2.566051,1.093786,1.472266,-2.49867,2.93121,0.00574,-3.08584,4.35979,1.52794,83.21875,7.29147,-41.56649,-2.97487,63.99028,-3.69163,4.49543,24.01746,-15.01082,1.46235,-32.26512,2.05986,High,High,High,,,High,High,High
91,2025-09-19,15:36:07.40,2,1,"Kelsey , Carter",,Right,GEO_PAT,"Butler, Jake",1000136500,Right,GEO_PAT,Undefined,3,Top,1,0,0,Slider,Slider,BallCalled,Undefined,Undefined,Undefined,0,0,,83.81109,0.045534,-2.248595,2458.541614,119.168705,10:00,6.07783,2.36431,5.54632,-35.40411,6.18555,-8.06103,3.17008,-0.40999,74.61,-6.531913,-3.684396,0.464156,,,,,,,,,,,,3.18201,3.63138,-2.16417,50,6.05913,5.11016,-121.1748,-1.11914,4.58309,30.57821,-26.94374,GEO_PAT,GEO_PAT,SpuhlerFieldMain,TeamExclusive,Team,20250919-SpuhlerFieldMain-Private-4,e39d1570-958f-11f0-a460-bb12008138d9,81.20636,,,9.20109,,,,,,,b8693907-030d-4f44-8185-bb1c250cff2e,2025-09-19,19:36:07.40,2025-09-19T15:36:07.4020000-04:00,2025-09-19T19:36:07.4020000Z,,v3,471300,471300,,"Cowdrey, Vincent",7,Right,GEO_PAT,171b1704-9c0a-4810-8a7c-dbf7d1b97074,54.94832,-122.41713,15.28911,6.08236,-0.02447,-13.47187,-2.368,4.92396,2.29155,,,,,,,,,,,,,,,,,,,,,,,,,,,,,,,,,,,,,,,,,,,,,,,,,,,High,High,High,,,,,
92,2025-09-19,15:36:25.21,2,2,"Kelsey , Carter",,Right,GEO_PAT,"Butler, Jake",1000136500,Right,GEO_PAT,Undefined,3,Top,1,1,0,Slider,Slider,BallCalled,Undefined,Undefined,Undefined,0,0,,82.36091,-1.7117,-3.404374,2476.104787,93.285077,9:00,6.05033,2.46536,5.57315,-40.5986,1.9602,-7.36422,1.06492,-1.33209,74.74807,-9.132204,-4.716317,0.469533,,,,,,,,,,,,2.60835,1.98524,-2.16669,50,5.87607,7.38532,-119.16028,-4.95236,3.67934,26.93871,-29.37364,GEO_PAT,GEO_PAT,SpuhlerFieldMain,TeamExclusive,Team,20250919-SpuhlerFieldMain-Private-4,ee51b700-958f-11f0-a460-bb12008138d9,80.27647,,,7.61284,,,,,,,b8693907-030d-4f44-8185-bb1c250cff2e,2025-09-19,19:36:25.21,2025-09-19T15:36:25.2120000-04:00,2025-09-19T19:36:25.2120000Z,,v3,471300,471300,,"Cowdrey, Vincent",7,Right,GEO_PAT,dbef1a52-4e95-452e-9504-fffa461fa28f,54.92761,-120.26911,13.46935,6.05503,-3.74331,-14.68682,-2.46756,7.23387,1.83967,,,,,,,,,,,,,,,,,,,,,,,,,,,,,,,,,,,,,,,,,,,,,,,,,,,High,High,High,,,,,
93,2025-09-19,15:36:46.89,2,3,"Kelsey , Carter",,Right,GEO_PAT,"Butler, Jake",1000136500,Right,GEO_PAT,Undefined,3,Top,1,2,0,Fastball,Four-Seam,StrikeCalled,Undefined,Undefined,Undefined,0,0,,93.99389,-3.431027,-3.997188,2370.368919,213.653023,1:00,6.1855,2.28863,5.69371,-14.66851,17.84198,11.07863,1.75379,-0.51957,84.74587,-6.238645,-2.022982,0.410377,,,,,,,,,,,,-6.87492,10.48473,-1.95909,50,5.88716,8.97241,-135.76786,-8.59926,-12.65927,33.46375,-12.86788,GEO_PAT,GEO_PAT,SpuhlerFieldMain,TeamExclusive,Team,20250919-SpuhlerFieldMain-Private-4,fb3f0a80-958f-11f0-a460-bb12008138d9,91.84828,,,9.24802,,,,,,,b8693907-030d-4f44-8185-bb1c250cff2e,2025-09-19,19:36:46.89,2025-09-19T15:36:46.8970000-04:00,2025-09-19T19:36:46.8970000Z,,v3,471300,471300,,"Cowdrey, Vincent",7,Right,GEO_PAT,9df2db3c-283a-4de7-8d12-00673c31b797,54.80566,-136.94722,16.73188,6.18223,-8.14575,-6.43394,-2.28316,9.41857,-6.32964,,,,,,,,,,,,,,,,,,,,,,,,,,,,,,,,,,,,,,,,,,,,,,,,,,,High,High,High,,,,,
94,2025-09-19,15:37:20.30,2,4,"Kelsey , Carter",,Right,GEO_PAT,"Butler, Jake",1000136500,Right,GEO_PAT,Undefined,3,Top,1,2,1,Fastball,Four-Seam,FoulBallNotFieldable,Undefined,Undefined,Undefined,0,0,,92.51304,-1.885715,-3.00582,2309.792917,213.962384,1:15,6.16612,2.12974,5.8267,-12.36131,20.82867,13.22442,3.37986,0.43478,83.41224,-4.301901,-0.639626,0.414644,74.5046,24.64771,171.593431,3052.967484,,,,,48.45056,,,-7.71831,11.58418,-1.89186,50,6.00471,6.4512,-134.01196,-4.73703,-13.85669,32.41668,-11.37696,GEO_PAT,GEO_PAT,SpuhlerFieldMain,TeamExclusive,Team,20250919-SpuhlerFieldMain-Private-4,0f1f3ca0-9590-11f0-a460-bb12008138d9,90.90322,20.99899,,9.1008,,,,2.09013,3.4297,-0.44036,b8693907-030d-4f44-8185-bb1c250cff2e,2025-09-19,19:37:20.30,2025-09-19T15:37:20.3080000-04:00,2025-09-19T19:37:20.3080000Z,,v3,471300,471300,,"Cowdrey, Vincent",7,Right,GEO_PAT,afb636c4-a324-4116-a88d-cb996f5c2172,54.67421,-135.13789,16.20834,6.16239,-4.34187,-5.68848,-2.12429,6.93248,-6.92834,306.573625,2.09013,-98.25021,8.26901,-0.46618,0.34653,-0.95388,1.72422,-1.38484,0.34797,3.42971,45.57093,-25.17834,2.77329,-0.05083,-1.68278,2.91993,-1.84838,0.13558,-0.44036,14.51973,-8.308,1.30865,0.10024,-1.25663,2.09823,-1.28483,0.06086,,,,,,,,,,,,,,,,,,,,,,,High,High,High,High,Undefined,,,
95,2025-09-19,15:37:44.07,2,5,"Kelsey , Carter",,Right,GEO_PAT,"Butler, Jake",1000136500,Right,GEO_PAT,Undefined,3,Top,1,2,2,Slider,Slider,InPlay,Undefined,FlyBall,Out,1,0,,81.49437,1.767322,-1.434355,2113.830364,98.568451,9:15,5.98275,2.47219,5.74914,-39.27097,3.18977,-12.22603,4.35663,0.11765,74.38761,-5.481712,-3.620331,0.468992,,,,,,,,,,,,5.78028,1.5441,-2.34557,50,6.10589,3.44887,-118.26694,2.35152,8.15415,23.3953,-29.99583,GEO_PAT,GEO_PAT,SpuhlerFieldMain,TeamExclusive,Team,20250919-SpuhlerFieldMain-Private-4,1d590d50-9590-11f0-a460-bb12008138d9,80.36909,,,7.10676,,,,,,,b8693907-030d-4f44-8185-bb1c250cff2e,2025-09-19,19:37:44.07,2025-09-19T15:37:44.0770000-04:00,2025-09-19T19:37:44.0770000Z,,v3,471300,471300,,"Cowdrey, Vincent",7,Right,GEO_PAT,955ab540-223c-41ac-acbb-44e1ef44c966,54.75217,-119.2033,11.69765,5.98775,3.55205,-14.99791,-2.47708,3.12251,4.07707,,,,,,,,,,,,,,,,,,,,,,,,,,,,,,,,,,,,,,,,,,,,,,,,,,,High,High,High,,,,,
96,2025-09-19,15:38:01.70,3,1,"Kelsey , Carter",,Right,GEO_PAT,"Butler, Jake",1000136500,Right,GEO_PAT,Undefined,3,Top,1,2,2,Fastball,Four-Seam,InPlay,Undefined,FlyBall,Out,1,0,,93.01432,-2.219738,-3.676731,2147.38255,207.243079,1:00,6.1868,2.1784,5.83017,-13.59572,18.86068,9.17725,2.98504,-0.47947,85.00581,-4.822667,-2.036777,0.410036,86.35666,39.566199,16.452556,4844.867395,103.00839,78.52716,38.59105,300.47792,297.30813,26.556248,5.055231,-5.71355,10.56938,-1.88326,50,5.99713,8.25938,-134.79667,-5.62979,-10.52627,28.93987,-12.70173,GEO_PAT,GEO_PAT,SpuhlerFieldMain,TeamExclusive,Team,20250919-SpuhlerFieldMain-Private-4,27cc3910-9590-11f0-a460-bb12008138d9,91.92482,94.04732,,8.00851,,,,1.42528,3.08485,0.49393,b8693907-030d-4f44-8185-bb1c250cff2e,2025-09-19,19:38:01.70,2025-09-19T15:38:01.7020000-04:00,2025-09-19T19:38:01.7020000Z,FlyBall,v3,471300,471300,,"Cowdrey, Vincent",7,Right,GEO_PAT,17cb932d-fc89-402a-aa05-30fa56151ffc,54.67211,-135.79603,14.46993,6.18397,-5.19116,-6.35086,-2.17475,8.62287,-5.26313,206.476983,1.42666,93.62017,-19.56636,4.73804,-0.90947,0.14518,-0.02072,0.00233,-0.00013,3.08651,80.62965,-20.55088,1.40445,-0.00449,-0.09899,0.03303,-0.00465,0.00024,0.49405,27.64939,0.30155,-0.31383,0.0735,-0.0016,-0.00309,0.00061,-4E-05,,,,,,,,,,,,,,,,,,,,,,,High,High,High,High,Medium,,,
97,2025-09-19,15:38:37.03,4,1,"Kelsey , Carter",,Right,GEO_PAT,"Canody, Andrew",1000415298,Right,GEO_PAT,Undefined,3,Top,2,0,0,Slider,Slider,BallCalled,Undefined,Undefined,Undefined,0,0,,81.57549,1.445251,-1.467398,2248.064226,96.978751,9:15,5.99043,2.35186,5.51297,-39.52569,3.48823,-16.71891,4.04888,-0.41391,74.1087,-5.828832,-4.443284,0.472037,,,,,,,,,,,,7.93367,1.77453,-2.21257,50,6.09034,3.72134,-118.28438,1.632,11.12337,24.7488,-29.68609,GEO_PAT,GEO_PAT,SpuhlerFieldMain,TeamExclusive,Team,20250919-SpuhlerFieldMain-Private-4,3ccf8e70-9590-11f0-a460-bb12008138d9,79.85063,,,7.46679,,,,,,,b8693907-030d-4f44-8185-bb1c250cff2e,2025-09-19,19:38:37.03,2025-09-19T15:38:37.0360000-04:00,2025-09-19T19:38:37.0360000Z,,v3,471300,471300,,"Cowdrey, Vincent",7,Right,GEO_PAT,de85b666-4189-4d97-8205-d1e38a698583,54.98769,-119.3234,12.3744,5.99566,2.87829,-14.84305,-2.359,3.25436,5.56168,,,,,,,,,,,,,,,,,,,,,,,,,,,,,,,,,,,,,,,,,,,,,,,,,,,High,High,High,,,,,
98,2025-09-19,15:38:54.37,4,2,"Kelsey , Carter",,Right,GEO_PAT,"Canody, Andrew",1000415298,Right,GEO_PAT,Undefined,3,Top,2,1,0,Slider,Slider,StrikeCalled,Undefined,Undefined,Undefined,0,0,,80.18285,0.730526,-0.166858,2343.515719,101.650462,9:30,6.07599,2.22567,5.43462,-39.77475,4.89398,-16.2782,3.44562,0.71289,72.77373,-6.588417,-3.064837,0.481031,,,,,,,,,,,,8.10048,2.70831,-2.19941,50,6.11351,1.00496,-116.29296,0.13786,10.96243,24.20803,-28.50886,GEO_PAT,GEO_PAT,SpuhlerFieldMain,TeamExclusive,Team,20250919-SpuhlerFieldMain-Private-4,47217690-9590-11f0-a460-bb12008138d9,78.35759,,,7.40912,,,,,,,b8693907-030d-4f44-8185-bb1c250cff2e,2025-09-19,19:38:54.37,2025-09-19T15:38:54.3730000-04:00,2025-09-19T19:38:54.3730000Z,,v3,471300,471300,,"Cowdrey, Vincent",7,Right,GEO_PAT,37fdb9aa-1d73-4bcc-ad5e-0e0b9e6fd56c,55.06578,-117.34273,12.10402,6.08073,1.37414,-14.25443,-2.23268,0.52958,5.48121,,,,,,,,,,,,,,,,,,,,,,,,,,,,,,,,,,,,,,,,,,,,,,,,,,,High,High,High,,,,,
99,2025-09-19,15:39:11.32,4,3,"Kelsey , Carter",,Right,GEO_PAT,"Canody, Andrew",1000415298,Right,GEO_PAT,Undefined,3,Top,2,1,1,Fastball,Four-Seam,BallCalled,Undefined,Undefined,Undefined,0,0,,92.1619,-3.85416,-2.638212,2254.659769,208.178382,1:00,6.17213,2.07444,5.78269,-15.24615,17.80521,8.98465,1.30631,0.36672,84.68109,-6.73126,-1.030811,0.413777,,,,,,,,,,,,-5.29658,10.43115,-1.86219,50,5.84423,5.76148,-133.52499,-9.47354,-9.60719,27.48894,-13.25352,GEO_PAT,GEO_PAT,SpuhlerFieldMain,TeamExclusive,Team,20250919-SpuhlerFieldMain-Private-4,514d6020-9590-11f0-a460-bb12008138d9,91.09367,,,7.48081,,,,,,,b8693907-030d-4f44-8185-bb1c250cff2e,2025-09-19,19:39:11.32,2025-09-19T15:39:11.3260000-04:00,2025-09-19T19:39:11.3260000Z,,v3,471300,471300,,"Cowdrey, Vincent",7,Right,GEO_PAT,3cdeea3d-c58d-473f-8f44-7707695255bd,54.71986,-134.49316,13.74447,6.16967,-9.00675,-6.62676,-2.07106,6.09985,-4.8036,,,,,,,,,,,,,,,,,,,,,,,,,,,,,,,,,,,,,,,,,,,,,,,,,,,High,High,High,,,,,
100,2025-09-19,15:39:29.02,4,4,"Kelsey , Carter",,Right,GEO_PAT,"Canody, Andrew",1000415298,Right,GEO_PAT,Undefined,3,Top,2,2,1,Fastball,Four-Seam,FoulBallNotFieldable,Undefined,Undefined,Undefined,0,0,,92.60931,-2.527918,-3.120607,2244.67482,208.592436,1:00,6.15378,2.12596,5.71094,-13.97158,18.98068,9.75634,2.6292,0.02866,84.46158,-5.197811,-1.37911,0.413156,71.94301,61.839475,129.731774,5749.643842,,,,,26.88908,,,-5.86685,10.70709,-1.87062,50,5.93319,6.88442,-134.20017,-6.34897,-10.68385,29.43031,-12.67589,GEO_PAT,GEO_PAT,SpuhlerFieldMain,TeamExclusive,Team,20250919-SpuhlerFieldMain-Private-4,5bd9b930-9590-11f0-a460-bb12008138d9,91.23051,47.87546,,8.14773,,,,1.70014,2.78571,-0.02448,b8693907-030d-4f44-8185-bb1c250cff2e,2025-09-19,19:39:29.02,2025-09-19T15:39:29.0200000-04:00,2025-09-19T19:39:29.0200000Z,,v3,471300,471300,,"Cowdrey, Vincent",7,Right,GEO_PAT,45f12137-407e-4471-b08a-73a880101661,54.79124,-135.24681,14.71516,6.15096,-5.89817,-6.33794,-2.12221,7.26437,-5.34193,330.721721,1.70014,-31.83021,-5.46258,2.72946,-0.66678,-0.38019,1.03508,-1.03274,0.41193,2.78571,93.02616,-29.56166,3.752,-0.64584,0.09618,-0.03261,0.02374,-0.00941,-0.02448,38.29687,-9.9385,3.3929,-0.71636,-0.34698,0.95511,-0.95071,0.37879,,,,,,,,,,,,,,,,,,,,,,,High,High,High,High,Undefined,,,
101,2025-09-19,15:39:51.90,4,5,"Kelsey , Carter",,Right,GEO_PAT,"Canody, Andrew",1000415298,Right,GEO_PAT,Undefined,3,Top,2,2,2,Fastball,Four-Seam,FoulBallNotFieldable,Undefined,Undefined,Undefined,0,0,,93.15638,-1.803909,-2.839945,2317.023036,201.815429,12:45,6.31241,1.91756,5.67242,-11.79398,20.7997,7.89819,3.64506,-0.07429,84.82259,-4.088441,-1.430999,0.410902,75.05144,73.082516,175.091775,5523.713058,,,,,17.32936,,,-4.84973,11.42855,-1.68282,50,6.15284,6.34875,-135.07553,-4.58596,-8.9384,30.08589,-11.11045,GEO_PAT,GEO_PAT,SpuhlerFieldMain,TeamExclusive,Team,20250919-SpuhlerFieldMain-Private-4,69780d30-9590-11f0-a460-bb12008138d9,91.73102,53.15176,,8.33378,,,,2.02689,3.77425,0.06178,b8693907-030d-4f44-8185-bb1c250cff2e,2025-09-19,19:39:51.90,2025-09-19T15:39:51.9000000-04:00,2025-09-19T19:39:51.9000000Z,,v3,471300,471300,,"Cowdrey, Vincent",7,Right,GEO_PAT,9be5532e-4f40-4309-81c5-ba06ee239516,54.82992,-136.14706,15.04294,6.30912,-4.19026,-5.55522,-1.91461,6.6671,-4.4692,355.816014,2.02689,-31.91431,-6.01122,2.57896,2.346,-9.02297,15.09152,-13.51049,5.08377,3.77425,105.31155,-33.23104,4.64498,0.13457,-2.79032,4.73026,-4.1982,1.56538,0.06178,2.74034,-2.18027,1.16669,1.19811,-4.55883,7.62865,-6.83249,2.57191,,,,,,,,,,,,,,,,,,,,,,,High,High,High,High,Undefined,,,
102,2025-09-19,15:40:18.17,4,6,"Kelsey , Carter",,Right,GEO_PAT,"Canody, Andrew",1000415298,Right,GEO_PAT,Undefined,3,Top,2,2,2,Slider,Slider,InPlay,Undefined,GroundBall,FieldersChoice,0,0,,80.58172,0.416498,-1.552392,2285.429824,99.356553,9:15,6.01888,2.35697,5.43196,-40.48321,4.07268,-14.93202,3.03551,-0.34163,72.79188,-7.029992,-4.208132,0.480423,87.2837,1.316087,-35.103548,2327.134604,,,,64.06033,59.56914,-34.951222,0.511761,7.05111,2.33091,-2.20843,50,6.0279,3.76284,-116.77461,-0.5148,9.54589,26.00039,-29.01845,GEO_PAT,GEO_PAT,SpuhlerFieldMain,TeamExclusive,Team,20250919-SpuhlerFieldMain-Private-4,792cbe10-9590-11f0-a460-bb12008138d9,78.45674,3.35267,,7.78984,,,,3.32845,3.23952,0.23131,b8693907-030d-4f44-8185-bb1c250cff2e,2025-09-19,19:40:18.17,2025-09-19T15:40:18.1720000-04:00,2025-09-19T19:40:18.1720000Z,GroundBall,v3,471300,471300,,"Cowdrey, Vincent",7,Right,GEO_PAT,34fcaa60-fe03-4e17-ac5f-3e51b6c7e118,55.06942,-117.89793,13.0002,6.02305,0.73892,-14.50923,-2.36209,3.35041,4.77294,76.238824,3.34375,104.30238,-16.15028,,,,,,,3.2502,2.66072,-17.64801,,,,,,,0.23354,-73.65629,2.90217,,,,,,,,,,,,,,,,,,,,,,,,,,,,,High,High,High,High,High,,,
103,2025-09-19,15:41:12.14,5,1,"Kelsey , Carter",,Right,GEO_PAT,"Hueber, Toby",1000091691,Right,GEO_PAT,Undefined,3,Top,2,0,0,Slider,Slider,BallCalled,Undefined,Undefined,Undefined,0,0,,81.44629,-1.289592,-1.248053,2319.388267,82.887999,8:45,5.99702,2.31568,5.56846,-43.86605,-0.04516,-14.10276,1.13632,-0.02564,73.23176,-9.33453,-3.768694,0.476444,,,,,,,,,,,,6.70071,0.9126,-2.19845,50,5.85724,3.13897,-117.92577,-4.14952,9.15558,28.62779,-30.92712,GEO_PAT,GEO_PAT,SpuhlerFieldMain,TeamExclusive,Team,20250919-SpuhlerFieldMain-Private-4,995921b0-9590-11f0-a460-bb12008138d9,79.11198,,,8.21454,,,,,,,b8693907-030d-4f44-8185-bb1c250cff2e,2025-09-19,19:41:12.14,2025-09-19T15:41:12.1460000-04:00,2025-09-19T19:41:12.1460000Z,,v3,471300,471300,,"Cowdrey, Vincent",7,Right,GEO_PAT,55a6dfcf-01b1-4bf8-a329-bfa136e28e07,54.93154,-119.11694,14.3139,6.00312,-2.86268,-15.46356,-2.32114,2.75802,4.57779,,,,,,,,,,,,,,,,,,,,,,,,,,,,,78.64642,2.091211,0.855347,1.235864,2.68311,1.34255,-0.05712,1.02503,6.01464,1.61604,127.28147,0.12127,6.85365,1.1355,113.73519,-9.5611,6.01589,8.41055,-10.67057,1.58407,1.68465,2.12164,High,High,High,,,High,Medium,Medium
104,2025-09-19,15:41:43.35,5,2,"Kelsey , Carter",,Right,GEO_PAT,"Hueber, Toby",1000091691,Right,GEO_PAT,Undefined,3,Top,2,1,0,Fastball,Four-Seam,StrikeCalled,Undefined,Undefined,Undefined,0,0,,92.89569,-3.262205,-2.96122,2256.064862,223.06438,1:30,6.19501,2.07778,5.78889,-16.22454,16.72021,14.53524,1.80068,0.53167,84.1577,-6.346391,-0.360588,0.413109,,,,,,,,,,,,-8.29524,9.8563,-1.84234,50,5.91598,6.29838,-134.44494,-8.17151,-15.03788,31.74981,-14.30625,GEO_PAT,GEO_PAT,SpuhlerFieldMain,TeamExclusive,Team,20250919-SpuhlerFieldMain-Private-4,abeb01e0-9590-11f0-a460-bb12008138d9,91.24094,,,8.73799,,,,,,,b8693907-030d-4f44-8185-bb1c250cff2e,2025-09-19,19:41:43.35,2025-09-19T15:41:43.3530000-04:00,2025-09-19T19:41:43.3530000Z,,v3,471300,471300,,"Cowdrey, Vincent",7,Right,GEO_PAT,c868e9e0-a992-4529-a2af-e588e2fe5320,54.71157,-135.55303,15.87491,6.19246,-7.67221,-7.15312,-2.07131,6.82321,-7.51894,,,,,,,,,,,,,,,,,,,,,,,,,,,,,,,,,,,,,,,,,,,,,,,,,,,High,High,High,,,,,
105,2025-09-19,15:42:02.50,5,3,"Kelsey , Carter",,Right,GEO_PAT,"Hueber, Toby",1000091691,Right,GEO_PAT,Undefined,3,Top,2,1,1,Fastball,Four-Seam,InPlay,Undefined,FlyBall,Out,1,0,,92.10618,-2.909942,-2.784018,2244.910121,205.14195,12:45,6.16171,2.12185,5.81596,-12.87579,20.73808,9.15024,2.37735,0.29358,82.96659,-5.416428,-1.14688,0.417283,92.31345,37.285989,-0.287802,4399.208599,109.94865,78.38924,3.36085,321.06537,321.06537,6.696887,5.433597,-5.56807,11.87764,-1.89913,50,5.91548,6.07562,-133.29747,-7.11893,-9.8687,32.64207,-11.12246,GEO_PAT,GEO_PAT,SpuhlerFieldMain,TeamExclusive,Team,20250919-SpuhlerFieldMain-Private-4,b75a67f0-9590-11f0-a460-bb12008138d9,90.32823,103.81991,,9.1396,,,,1.78469,2.47292,-0.30619,b8693907-030d-4f44-8185-bb1c250cff2e,2025-09-19,19:42:02.50,2025-09-19T15:42:02.5060000-04:00,2025-09-19T19:42:02.5060000Z,FlyBall,v3,471300,471300,,"Cowdrey, Vincent",7,Right,GEO_PAT,5d7f0408-346d-4a45-842d-8b2137991bea,54.68392,-134.43958,16.32104,6.15775,-6.72976,-5.56123,-2.11776,6.42092,-4.93435,192.720734,1.78865,107.64946,-23.52183,5.77024,-1.13124,0.19265,-0.02841,0.00295,-0.00014,2.47372,81.99396,-18.5139,0.67121,0.27021,-0.17576,0.04513,-0.00552,0.00026,-0.30679,-0.53029,3.58717,-0.8857,0.17466,-0.02982,0.00438,-0.00045,2E-05,,,,,,,,,,,,,,,,,,,,,,,High,High,High,High,Medium,,,
106,2025-09-19,15:45:10.62,1,1,"Thomas, Parker",,Right,GEO_PAT,"Mccarthy, Jack",17,Right,GEO_PAT,Undefined,3,Bottom,0,0,0,Cutter,Slider,FoulBallNotFieldable,Undefined,Undefined,Undefined,0,0,,81.17494,-0.70344,-1.174474,2061.685363,139.219985,10:45,5.62716,2.41258,6.13596,-33.21864,9.02449,-6.57662,2.2086,0.77884,74.09285,-6.901568,-2.36076,0.467788,93.46704,40.340057,-39.067939,3781.32974,81.12306,82.47994,-74.29007,347.04585,146.22666,-49.911805,5.522889,3.0711,5.27559,-2.31947,50,5.55623,2.65747,-117.90428,-2.43073,4.28953,24.04238,-24.80548,GEO_PAT,GEO_PAT,SpuhlerFieldMain,TeamExclusive,Team,20250919-SpuhlerFieldMain-Private-4,277aa130-9591-11f0-a460-bb12008138d9,80.57584,110.03539,,7.08209,,,,3.17389,2.89952,-1.11342,b8693907-030d-4f44-8185-bb1c250cff2e,2025-09-19,19:45:10.62,2025-09-19T15:45:10.6200000-04:00,2025-09-19T19:45:10.6200000Z,FlyBall,v3,471300,471300,,"Vaughn, Logan",12,Right,GEO_PAT,f3544e2b-8da5-4eda-9ebb-cb384658dbb9,54.36592,-118.79121,12.02119,5.62902,-1.51564,-12.40274,-2.41458,2.49922,2.14476,,3.18153,80.97926,-19.09031,4.28051,-0.50939,-0.04218,0.02461,-0.00312,0.00013,2.89729,88.76749,-21.8275,1.92405,-0.23482,-0.02377,0.01887,-0.0032,0.00018,-1.11595,-65.80524,6.53334,-0.89019,-0.03559,0.05898,-0.01437,0.00156,-7E-05,,,,,,,,,,,,,,,,,,,,,,,High,High,High,Medium,Low,,,
107,2025-09-19,15:45:35.99,1,2,"Thomas, Parker",,Right,GEO_PAT,"Mccarthy, Jack",17,Right,GEO_PAT,Undefined,3,Bottom,0,0,1,Fastball,Changeup,BallCalled,Undefined,Undefined,Undefined,0,0,,89.86737,-0.987202,-1.834078,1740.353157,226.740914,1:30,5.6105,2.06368,6.0758,-19.93359,14.5082,14.22686,3.03532,1.55155,81.90957,-4.761601,0.727684,0.42239,,,,,,,,,,,,-7.8126,8.08922,-1.92889,50,5.52339,3.57575,-130.4951,-2.85236,-13.43195,28.21839,-18.26656,GEO_PAT,GEO_PAT,SpuhlerFieldMain,TeamExclusive,Team,20250919-SpuhlerFieldMain-Private-4,367c07a0-9591-11f0-a460-bb12008138d9,89.23601,,,7.9578,,,,,,,b8693907-030d-4f44-8185-bb1c250cff2e,2025-09-19,19:45:35.99,2025-09-19T15:45:35.9930000-04:00,2025-09-19T19:45:35.9930000Z,,v3,471300,471300,,"Vaughn, Logan",12,Right,GEO_PAT,ba6b84c9-6280-4de2-b059-36e084da54f8,54.42485,-131.44845,14.1092,5.60933,-2.23523,-9.13328,-2.05737,4.02955,-6.71597,,,,,,,,,,,,,,,,,,,,,,,,,,,,,,,,,,,,,,,,,,,,,,,,,,,High,High,High,,,,,
108,2025-09-19,15:45:52.01,1,3,"Thomas, Parker",,Right,GEO_PAT,"Mccarthy, Jack",17,Right,GEO_PAT,Undefined,3,Bottom,0,1,1,Fastball,Changeup,InPlay,Undefined,GroundBall,Out,1,0,,90.24428,-1.571732,-3.597282,1807.138349,236.670599,2:00,5.58769,2.54505,6.24567,-22.49233,11.42343,15.73056,2.2604,0.53357,82.56481,-5.803222,-0.760452,0.419153,99.73734,-9.640865,4.937938,,,,,14.31568,12.98931,2.445462,0.09154,-9.18737,6.6904,-2.28463,50,5.45928,7.59836,-130.94083,-4.29625,-15.95351,27.6032,-20.55645,GEO_PAT,GEO_PAT,SpuhlerFieldMain,TeamExclusive,Team,20250919-SpuhlerFieldMain-Private-4,402309c0-9591-11f0-a460-bb12008138d9,89.92531,2.2456,,7.67946,,,,1.13228,2.2456,-0.52706,b8693907-030d-4f44-8185-bb1c250cff2e,2025-09-19,19:45:52.01,2025-09-19T15:45:52.0190000-04:00,2025-09-19T19:45:52.0190000Z,GroundBall,v3,471300,471300,,"Vaughn, Logan",12,Right,GEO_PAT,6cb40fab-e202-48a7-886d-db98d704e341,54.25738,-131.83526,13.8016,5.5877,-3.63015,-10.27822,-2.53922,8.1153,-7.97676,180,1.12941,143.8748,,,,,,,,2.24609,-24.53121,,,,,,,,-0.5273,12.43039,,,,,,,,,,,,,,,,,,,,,,,,,,,,,,High,High,High,High,High,,,
109,2025-09-19,15:46:38.53,2,1,"Thomas, Parker",,Right,GEO_PAT,"Ramsey, Caleb",29,Right,GEO_PAT,Undefined,3,Bottom,1,0,0,Sweeper,Slider,StrikeSwinging,Undefined,Undefined,Undefined,0,0,,77.5677,-0.613537,-1.005527,2277.925116,102.062535,9:30,5.49716,2.32394,5.71341,-41.95435,5.44087,-17.65115,1.42925,-0.08389,70.53621,-8.343962,-4.165437,0.495494,,,,,,,,,,,,8.67796,3.44343,-2.22855,50,5.41998,2.63733,-112.52071,-2.51098,10.94616,23.48823,-27.8306,GEO_PAT,GEO_PAT,SpuhlerFieldMain,TeamExclusive,Team,20250919-SpuhlerFieldMain-Private-4,5bec3a50-9591-11f0-a460-bb12008138d9,76.07035,,,7.03149,,,,,,,b8693907-030d-4f44-8185-bb1c250cff2e,2025-09-19,19:46:38.53,2025-09-19T15:46:38.5390000-04:00,2025-09-19T19:46:38.5390000Z,,v3,471300,471300,,"Vaughn, Logan",12,Right,GEO_PAT,639af617-5dd8-4ced-b951-f8a19c4651ad,54.78798,-113.51578,11.74411,5.50139,-1.33195,-13.9153,-2.33046,2.1736,5.47308,,,,,,,,,,,,,,,,,,,,,,,,,,,,,,,,,,,,,,,,,,,,,,,,,,,High,High,High,,,,,
110,2025-09-19,15:46:54.30,2,2,"Thomas, Parker",,Right,GEO_PAT,"Ramsey, Caleb",29,Right,GEO_PAT,Undefined,3,Bottom,1,0,1,Sweeper,Slider,BallCalled,Undefined,Undefined,Undefined,0,0,,76.43179,-0.642025,1.175368,2269.699343,93.244494,9:00,5.51584,2.13999,5.93544,-45.42247,2.865,-20.84615,1.13483,1.49344,69.66653,-9.026165,-2.577488,0.500137,,,,,,,,,,,,11.01544,2.2063,-2.22237,50,5.43933,-1.51165,-110.94625,-2.61762,13.54074,22.40129,-29.46195,GEO_PAT,GEO_PAT,SpuhlerFieldMain,TeamExclusive,Team,20250919-SpuhlerFieldMain-Private-4,6559dcf0-9591-11f0-a460-bb12008138d9,75.36428,,,6.76526,,,,,,,b8693907-030d-4f44-8185-bb1c250cff2e,2025-09-19,19:46:54.30,2025-09-19T15:46:54.3040000-04:00,2025-09-19T19:46:54.3040000Z,,v3,471300,471300,,"Vaughn, Logan",12,Right,GEO_PAT,399c7a82-7736-4ff2-9b70-4f5b28212346,54.56631,-111.86444,11.20064,5.52188,-1.41003,-14.73097,-2.14904,-2.06666,6.77037,,,,,,,,,,,,,,,,,,,,,,,,,,,,,,,,,,,,,,,,,,,,,,,,,,,High,High,High,,,,,
111,2025-09-19,15:47:10.21,2,3,"Thomas, Parker",,Right,GEO_PAT,"Ramsey, Caleb",29,Right,GEO_PAT,Undefined,3,Bottom,1,1,1,Sweeper,Slider,BallCalled,Undefined,Undefined,Undefined,0,0,,78.28636,-0.84449,-0.581617,2260.089503,86.38059,9:00,5.68893,2.24758,5.91941,-45.3875,0.4548,-16.67497,1.12281,0.31821,71.77767,-9.18239,-3.582087,0.487309,,,,,,,,,,,,8.41465,0.91213,-2.19136,50,5.59545,1.76235,-113.71334,-3.086,10.91231,22.71698,-30.9912,GEO_PAT,GEO_PAT,SpuhlerFieldMain,TeamExclusive,Team,20250919-SpuhlerFieldMain-Private-4,6ec842e0-9591-11f0-a460-bb12008138d9,77.34808,,,6.50868,,,,,,,b8693907-030d-4f44-8185-bb1c250cff2e,2025-09-19,19:47:10.21,2025-09-19T15:47:10.2190000-04:00,2025-09-19T19:47:10.2190000Z,,v3,471300,471300,,"Vaughn, Logan",12,Right,GEO_PAT,8a44684b-d086-44a2-8362-273610c6ef4d,54.58396,-114.62543,11.35849,5.69437,-1.84169,-15.4956,-2.25332,1.32421,5.45616,,,,,,,,,,,,,,,,,,,,,,,,,,,,,,,,,,,,,,,,,,,,,,,,,,,High,High,High,,,,,
112,2025-09-19,15:47:50.90,2,4,"Thomas, Parker",,Right,GEO_PAT,"Ramsey, Caleb",29,Right,GEO_PAT,Undefined,3,Bottom,1,2,1,Fastball,Changeup,InPlay,Undefined,GroundBall,Out,1,0,,90.176,-1.419343,-3.44261,1774.88311,228.723627,1:30,5.45375,2.54469,6.35044,-19.86092,13.87127,14.61115,2.48949,0.58943,82.64889,-5.181997,-0.802654,0.418017,74.43163,-63.073031,-43.312363,,,,,3.60726,2.78621,-24.723524,0.0273,-8.60398,7.94024,-2.30134,50,5.34104,7.30599,-130.92818,-3.8308,-14.97233,26.99621,-18.35672,GEO_PAT,GEO_PAT,SpuhlerFieldMain,TeamExclusive,Team,20250919-SpuhlerFieldMain-Private-4,86fab820-9591-11f0-a460-bb12008138d9,90.16966,2.6664,,7.5271,,,,2.29117,2.6664,-0.57967,b8693907-030d-4f44-8185-bb1c250cff2e,2025-09-19,19:47:50.90,2025-09-19T15:47:50.9000000-04:00,2025-09-19T19:47:50.9000000Z,GroundBall,v3,471300,471300,,"Vaughn, Logan",12,Right,GEO_PAT,d3df79ef-1764-4771-bc2b-9fb5fbbcfc4a,54.15329,-131.78177,13.49811,5.45299,-3.25038,-9.17836,-2.53983,7.77939,-7.48617,,2.29062,36.09663,,,,,,,,2.6679,-97.67042,,,,,,,,-0.57915,-34.03045,,,,,,,,,,,,,,,,,,,,,,,,,,,,,,High,High,High,Low,Low,,,
113,2025-09-19,15:48:28.94,3,1,"Thomas, Parker",,Right,GEO_PAT,"Rozich, Landen",21,Right,GEO_PAT,Undefined,3,Bottom,2,0,0,Sweeper,Slider,StrikeCalled,Undefined,Undefined,Undefined,0,0,,78.60887,0.312625,-0.520697,2104.725838,107.385669,9:30,5.48228,2.30452,5.70327,-39.5036,6.01941,-14.69646,2.48164,0.59461,72.16888,-6.963633,-3.150331,0.485609,,,,,,,,,,,,7.30351,3.42276,-2.25169,50,5.48405,1.60182,-114.18877,-0.6324,9.63277,21.23679,-27.65968,GEO_PAT,GEO_PAT,SpuhlerFieldMain,TeamExclusive,Team,20250919-SpuhlerFieldMain-Private-4,9d9c5430-9591-11f0-a460-bb12008138d9,77.61887,,,6.43999,,,,,,,b8693907-030d-4f44-8185-bb1c250cff2e,2025-09-19,19:48:28.94,2025-09-19T15:48:28.9450000-04:00,2025-09-19T19:48:28.9450000Z,,v3,471300,471300,,"Vaughn, Logan",12,Right,GEO_PAT,4b1fe51a-5bde-4e95-a8b6-d3e87c579d87,54.79846,-115.07773,10.6184,5.48629,0.52541,-13.82984,-2.3103,1.1986,4.81638,,,,,,,,,,,,,,,,,,,,,,,,,,,,,,,,,,,,,,,,,,,,,,,,,,,High,High,High,,,,,
114,2025-09-19,15:48:44.19,3,2,"Thomas, Parker",,Right,GEO_PAT,"Rozich, Landen",21,Right,GEO_PAT,Undefined,3,Bottom,2,0,1,Fastball,Four-Seam,FoulBallNotFieldable,Undefined,Undefined,Undefined,0,0,,90.45188,-2.465719,-2.880298,1904.747769,217.332806,1:15,5.51048,2.36239,6.12344,-15.80855,17.92615,12.8893,1.90926,0.77143,83.14828,-5.474829,-0.56006,0.418032,100.76066,16.969944,-42.591553,4345.425118,76.12795,19.83035,-79.40091,206.48469,176.7623,-49.881054,1.881966,-7.47091,10.25174,-2.14858,50,5.31308,6.0879,-131.30418,-6.112,-13.11706,26.31961,-14.17456,GEO_PAT,GEO_PAT,SpuhlerFieldMain,TeamExclusive,Team,20250919-SpuhlerFieldMain-Private-4,a6c091c0-9591-11f0-a460-bb12008138d9,90.1663,19.82895,,7.3036,,,,2.69883,1.98898,-0.6974,b8693907-030d-4f44-8185-bb1c250cff2e,2025-09-19,19:48:44.19,2025-09-19T15:48:44.1990000-04:00,2025-09-19T19:48:44.1990000Z,LineDrive,v3,471300,471300,,"Vaughn, Logan",12,Right,GEO_PAT,f29befe0-ae5e-4472-b845-b5cca5f32f49,54.38042,-132.17931,13.1598,5.50847,-5.6407,-7.08728,-2.35825,6.52405,-6.55853,,2.69882,104.06279,-28.28758,7.85324,-1.9756,0.38702,-0.04611,-0.00103,0.00086,1.98898,43.13328,-29.05918,4.1445,-0.84846,0.15295,-0.02339,0.00275,-0.00017,-0.69742,-95.65654,5.1822,1.71491,-0.94985,0.29239,-0.05167,0.00371,0.0002,,,,,,,,,,,,,,,,,,,,,,,High,High,High,High,Medium,,,
115,2025-09-19,15:49:09.06,3,3,"Thomas, Parker",,Right,GEO_PAT,"Rozich, Landen",21,Right,GEO_PAT,Undefined,3,Bottom,2,0,2,ChangeUp,Changeup,FoulBallNotFieldable,Undefined,Undefined,Undefined,0,0,,82.14061,-1.030237,-3.488463,1800.17587,232.992671,1:45,5.43418,2.31599,6.45302,-28.84935,11.8204,13.93804,2.08169,0.26853,75.14157,-6.462196,-0.964627,0.458994,86.9844,20.203212,-42.008383,3652.296919,77.78544,21.98902,-77.77707,195.41606,135.95712,-48.785382,2.023056,-8.36685,6.8604,-2.07495,50,5.34804,6.78383,-119.24314,-2.94107,-12.01504,23.49157,-22.32231,GEO_PAT,GEO_PAT,SpuhlerFieldMain,TeamExclusive,Team,20250919-SpuhlerFieldMain-Private-4,b59c6ed0-9591-11f0-a460-bb12008138d9,82.11966,22.09625,,6.99904,,,,3.85738,2.41487,-0.23184,b8693907-030d-4f44-8185-bb1c250cff2e,2025-09-19,19:49:09.06,2025-09-19T15:49:09.0680000-04:00,2025-09-19T19:49:09.0680000Z,LineDrive,v3,471300,471300,,"Vaughn, Logan",12,Right,GEO_PAT,a28fac3e-1b83-4b45-9cd7-21ad7dc75cd0,54.05051,-120.03846,11.74578,5.43482,-2.18533,-11.16116,-2.31151,7.19061,-6.00752,,3.85738,88.96321,-19.35797,4.37382,-1.03479,0.22638,-0.04824,0.00777,-0.00062,2.41487,44.05878,-27.42659,3.65238,-0.82027,0.17501,-0.03447,0.00548,-0.00045,-0.23184,-80.12641,3.05722,0.77302,-0.3826,0.12676,-0.03051,0.00544,-0.00047,,,,,,,,,,,,,,,,,,,,,,,High,High,High,High,Medium,,,
116,2025-09-19,15:49:36.18,3,4,"Thomas, Parker",,Right,GEO_PAT,"Rozich, Landen",21,Right,GEO_PAT,Undefined,3,Bottom,2,0,2,Sweeper,Curveball,StrikeSwinging,Strikeout,Undefined,Undefined,0,0,,75.08895,-0.837527,-2.045819,2124.816889,63.763952,8:15,5.83468,2.22051,6.05005,-54.98267,-5.87366,-14.79387,0.47688,-0.90709,69.96306,-10.856102,-4.714316,0.504373,,,,,,,,,,,,7.13811,-2.44713,-2.05309,50,5.73954,4.39454,-109.18247,-3.22123,8.62448,19.05542,-35.13075,GEO_PAT,GEO_PAT,SpuhlerFieldMain,TeamExclusive,Team,20250919-SpuhlerFieldMain-Private-4,c5cedb30-9591-11f0-a460-bb12008138d9,74.73124,,,5.12589,,,,,,,b8693907-030d-4f44-8185-bb1c250cff2e,2025-09-19,19:49:36.18,2025-09-19T15:49:36.1830000-04:00,2025-09-19T19:49:36.1830000Z,,v3,471300,471300,,"Vaughn, Logan",12,Right,GEO_PAT,c8d71126-bb97-4ad3-9b9e-bdc4119fd9ff,54.45633,-109.95747,9.52771,5.8415,-1.79243,-17.56537,-2.22469,4.04377,4.31224,,,,,,,,,,,,,,,,,,,,,,,,,,,,,,,,,,,,,,,,,,,,,,,,,,,High,High,High,,,,,
117,2025-09-19,15:50:55.47,4,1,"Thomas, Parker",,Right,GEO_PAT,"Morse, Jackson",5,Right,GEO_PAT,Undefined,3,Bottom,0,0,0,Sweeper,Slider,StrikeSwinging,Undefined,Undefined,Undefined,0,0,,77.54078,-0.759725,-1.516739,2213.247433,87.743707,9:00,5.53063,2.46903,5.96935,-45.67302,0.79583,-16.80143,1.01986,-0.33772,71.44912,-9.140238,-4.539601,0.490628,,,,,,,,,,,,8.26099,1.02,-2.33923,50,5.4448,3.577,-112.66198,-2.88154,10.56083,21.49026,-30.87008,GEO_PAT,GEO_PAT,SpuhlerFieldMain,TeamExclusive,Team,20250919-SpuhlerFieldMain-Private-4,f514e830-9591-11f0-a460-bb12008138d9,76.82488,,,6.09166,,,,,,,b8693907-030d-4f44-8185-bb1c250cff2e,2025-09-19,19:50:55.47,2025-09-19T15:50:55.4710000-04:00,2025-09-19T19:50:55.4710000Z,,v3,471300,471300,,"Vaughn, Logan",12,Right,GEO_PAT,155003f8-2ced-4b4e-911d-7be17f414cfb,54.53491,-113.52371,10.74513,5.53553,-1.64367,-15.43504,-2.47417,3.15353,5.28042,,,,,,,,,,,,,,,,,,,,,,,,,,,,,,,,,,,,,,,,,,,,,,,,,,,High,High,High,,,,,
118,2025-09-19,15:51:37.46,4,2,"Thomas, Parker",,Right,GEO_PAT,"Morse, Jackson",5,Right,GEO_PAT,Undefined,3,Bottom,0,0,1,Fastball,Changeup,FoulBallNotFieldable,Undefined,Undefined,Undefined,0,0,,88.6331,-1.557877,-3.519588,1845.357244,247.385523,2:15,5.73789,2.22126,6.29714,-27.41761,7.27973,15.13339,2.0145,0.23511,82.11783,-6.655528,-0.786177,0.423955,,,,,,,,,,,,-8.85091,4.44599,-1.96972,50,5.60958,7.35375,-128.78831,-4.37369,-15.03523,23.88675,-24.62154,GEO_PAT,GEO_PAT,SpuhlerFieldMain,TeamExclusive,Team,20250919-SpuhlerFieldMain-Private-4,0e055640-9592-11f0-a460-bb12008138d9,88.90676,,,6.51527,,,,,,,b8693907-030d-4f44-8185-bb1c250cff2e,2025-09-19,19:51:37.46,2025-09-19T15:51:37.4690000-04:00,2025-09-19T19:51:37.4690000Z,,v3,471300,471300,,"Vaughn, Logan",12,Right,GEO_PAT,7f2bfc35-22db-444d-b146-f539db77237b,54.20857,-129.56654,11.94337,5.73901,-3.57153,-12.31077,-2.21729,7.8436,-7.51762,,,,,,,,,,,,,,,,,,,,,,,,,,,,,,,,,,,,,,,,,,,,,,,,,,,High,High,High,,,,,
119,2025-09-19,15:52:03.19,4,3,"Thomas, Parker",,Right,GEO_PAT,"Morse, Jackson",5,Right,GEO_PAT,Undefined,3,Bottom,0,0,2,Sweeper,Curveball,BallCalled,Undefined,Undefined,Undefined,0,0,,76.37915,0.758178,0.025523,2078.47593,68.80426,8:15,5.69306,2.3157,6.02301,-52.23393,-4.51233,-15.49658,2.04254,1.04796,70.2416,-8.846635,-2.768226,0.497197,,,,,,,,,,,,7.97579,-2.07394,-2.30942,50,5.72424,0.50245,-111.0396,-0.1258,9.913,20.7207,-34.75172,GEO_PAT,GEO_PAT,SpuhlerFieldMain,TeamExclusive,Team,20250919-SpuhlerFieldMain-Private-4,1d7228b0-9592-11f0-a460-bb12008138d9,75.8098,,,6.13755,,,,,,,b8693907-030d-4f44-8185-bb1c250cff2e,2025-09-19,19:52:03.19,2025-09-19T15:52:03.1980000-04:00,2025-09-19T19:52:03.1980000Z,,v3,471300,471300,,"Vaughn, Logan",12,Right,GEO_PAT,dd587477-8405-4d62-bfab-b8d748351791,54.48135,-111.87273,10.36035,5.70121,1.27148,-17.37586,-2.32161,0.10387,4.9565,,,,,,,,,,,,,,,,,,,,,,,,,,,,,,,,,,,,,,,,,,,,,,,,,,,High,High,High,,,,,
120,2025-09-19,15:52:25.78,4,4,"Thomas, Parker",,Right,GEO_PAT,"Morse, Jackson",5,Right,GEO_PAT,Undefined,3,Bottom,0,1,2,ChangeUp,Slider,StrikeSwinging,Strikeout,Undefined,Undefined,0,0,,85.01507,-1.713269,-4.169239,1988.658545,178.958378,12:00,5.71965,2.34713,6.30565,-31.17167,7.05205,-0.1063,1.53889,-1.5097,78.13707,-7.50294,-4.188435,0.444977,,,,,,,,,,,,-1.11244,4.51047,-2.04062,50,5.57861,8.98776,-123.24158,-4.64472,-1.70992,24.62943,-25.24108,GEO_PAT,GEO_PAT,SpuhlerFieldMain,TeamExclusive,Team,20250919-SpuhlerFieldMain-Private-4,2adbff30-9592-11f0-a460-bb12008138d9,84.70642,,,6.87799,,,,,,,b8693907-030d-4f44-8185-bb1c250cff2e,2025-09-19,19:52:25.78,2025-09-19T15:52:25.7800000-04:00,2025-09-19T19:52:25.7800000Z,,v3,471300,471300,,"Vaughn, Logan",12,Right,GEO_PAT,0f9a140a-0cfc-49ef-b41f-755f423fe98d,54.1965,-124.0774,12.31471,5.7217,-3.78814,-12.62054,-2.34661,9.04579,-0.85496,,,,,,,,,,,,,,,,,,,,,,,,,,,,,,,,,,,,,,,,,,,,,,,,,,,High,High,High,,,,,
121,2025-09-19,15:53:17.22,5,1,"Thomas, Parker",,Right,GEO_PAT,"Alberti, Lucas",1000145512,Right,GEO_PAT,Undefined,3,Bottom,1,0,0,Sinker,Sinker,FoulBallNotFieldable,Undefined,Undefined,Undefined,0,0,,89.05809,-0.565643,-3.36423,1901.825443,239.663009,2:00,5.54401,2.39243,6.32744,-24.73698,9.86863,15.0382,2.96076,0.54382,81.61186,-5.213562,-0.647731,0.423394,,,,,,,,,,,,-8.73697,5.6163,-2.1534,50,5.49082,7.00634,-129.32702,-2.04028,-14.83412,26.34084,-22.63838,GEO_PAT,GEO_PAT,SpuhlerFieldMain,TeamExclusive,Team,20250919-SpuhlerFieldMain-Private-4,49860890-9592-11f0-a460-bb12008138d9,89.02447,,,7.44623,,,,,,,b8693907-030d-4f44-8185-bb1c250cff2e,2025-09-19,19:53:17.22,2025-09-19T15:53:17.2220000-04:00,2025-09-19T19:53:17.2220000Z,,v3,471300,471300,,"Vaughn, Logan",12,Right,GEO_PAT,58025ce9-4086-4163-9478-92cffee6cccf,54.17537,-130.17467,13.17042,5.54476,-1.31177,-11.31919,-2.38655,7.4837,-7.41706,,,,,,,,,,,,,,,,,,,,,,,,,,,,,,,,,,,,,,,,,,,,,,,,,,,High,High,High,,,,,
122,2025-09-19,15:54:05.07,5,2,"Thomas, Parker",,Right,GEO_PAT,"Alberti, Lucas",1000145512,Right,GEO_PAT,Undefined,3,Bottom,1,0,1,Cutter,Slider,BallCalled,Undefined,Undefined,Undefined,0,0,,85.33771,-3.116808,-3.57316,2083.741545,162.409935,11:30,5.63172,2.43562,6.24055,-32.05872,5.92351,-1.50925,0.07662,-0.9905,78.81701,-9.025448,-3.845413,0.443569,,,,,,,,,,,,-0.19189,4.2411,-2.16825,50,5.38268,7.78003,-123.71517,-7.73878,-0.29756,24.55896,-25.5976,GEO_PAT,GEO_PAT,SpuhlerFieldMain,TeamExclusive,Team,20250919-SpuhlerFieldMain-Private-4,66062d10-9592-11f0-a460-bb12008138d9,84.9753,,,6.5207,,,,,,,b8693907-030d-4f44-8185-bb1c250cff2e,2025-09-19,19:54:05.07,2025-09-19T15:54:05.0720000-04:00,2025-09-19T19:54:05.0720000Z,,v3,471300,471300,,"Vaughn, Logan",12,Right,GEO_PAT,64652a22-df1c-477b-bc43-5902d6c59ae5,54.26387,-124.55872,12.27948,5.63339,-6.85956,-12.7988,-2.43566,7.79025,-0.14878,,,,,,,,,,,,,,,,,,,,,,,,,,,,,,,,,,,,,,,,,,,,,,,,,,,High,High,High,,,,,
123,2025-09-19,15:54:37.80,5,3,"Thomas, Parker",,Right,GEO_PAT,"Alberti, Lucas",1000145512,Right,GEO_PAT,Undefined,3,Bottom,1,1,1,Sweeper,Slider,StrikeSwinging,Undefined,Undefined,Undefined,0,0,,79.26766,-0.726714,-1.695986,2220.58849,98.249237,9:15,5.57017,2.43558,5.82097,-41.1979,3.46449,-14.28583,1.46101,-0.33225,72.96305,-8.287758,-4.25738,0.480997,,,,,,,,,,,,6.84752,2.38256,-2.2881,50,5.48618,3.94045,-115.12534,-2.76262,9.16152,21.99142,-28.98633,GEO_PAT,GEO_PAT,SpuhlerFieldMain,TeamExclusive,Team,20250919-SpuhlerFieldMain-Private-4,7991fda0-9592-11f0-a460-bb12008138d9,78.36315,,,6.30461,,,,,,,b8693907-030d-4f44-8185-bb1c250cff2e,2025-09-19,19:54:37.80,2025-09-19T15:54:37.8090000-04:00,2025-09-19T19:54:37.8090000Z,,v3,471300,471300,,"Vaughn, Logan",12,Right,GEO_PAT,e9b2f5c7-4aa7-481e-bdf4-3a170fccbd46,54.68217,-116.01629,10.99571,5.57431,-1.58828,-14.49316,-2.44022,3.56928,4.58076,,,,,,,,,,,,,,,,,,,,,,,,,,,,,,,,,,,,,,,,,,,,,,,,,,,High,High,High,,,,,
124,2025-09-19,15:54:57.69,5,4,"Thomas, Parker",,Right,GEO_PAT,"Alberti, Lucas",1000145512,Right,GEO_PAT,Undefined,3,Bottom,1,1,2,Sweeper,Curveball,BallCalled,Undefined,Undefined,Undefined,0,0,,77.75389,-3.096517,-2.331402,2195.130867,67.671378,8:15,5.86253,2.19777,6.23425,-51.14814,-5.22922,-16.14776,-1.26169,-1.29992,72.32658,-12.384968,-5.257571,0.487716,,,,,,,,,,,,7.91937,-1.63878,-2.01517,50,5.60491,5.11326,-112.86499,-7.58789,10.14316,21.89572,-34.27301,GEO_PAT,GEO_PAT,SpuhlerFieldMain,TeamExclusive,Team,20250919-SpuhlerFieldMain-Private-4,8563a7f0-9592-11f0-a460-bb12008138d9,77.28355,,,5.4273,,,,,,,b8693907-030d-4f44-8185-bb1c250cff2e,2025-09-19,19:54:57.69,2025-09-19T15:54:57.6900000-04:00,2025-09-19T19:54:57.6900000Z,,v3,471300,471300,,"Vaughn, Logan",12,Right,GEO_PAT,0bf8fe54-7377-4bc8-bbfa-60898cd9349c,54.27278,-113.69088,10.94786,5.86675,-6.29513,-17.13651,-2.20083,4.73067,5.07158,,,,,,,,,,,,,,,,,,,,,,,,,,,,,,,,,,,,,,,,,,,,,,,,,,,High,High,High,,,,,
125,2025-09-19,15:55:32.09,5,5,"Thomas, Parker",,Right,GEO_PAT,"Alberti, Lucas",1000145512,Right,GEO_PAT,Undefined,3,Bottom,1,2,2,Fastball,Sinker,InPlay,Undefined,GroundBall,Single,2,1,,90.78283,-2.415053,-3.715896,1934.863552,234.408169,1:45,5.7478,2.23239,6.07208,-20.42226,13.4895,17.26662,1.80505,0.22779,82.74695,-6.265181,-0.612518,0.419128,83.67652,-53.225287,-3.429344,,,,,2.68802,2.68802,-6.56131,0.018232,-10.00607,7.99142,-1.95344,50,5.54936,7.82564,-131.55571,-6.19601,-17.46887,28.90208,-18.2224,GEO_PAT,GEO_PAT,SpuhlerFieldMain,TeamExclusive,Team,20250919-SpuhlerFieldMain-Private-4,99e0b650-9592-11f0-a460-bb12008138d9,89.93065,1.79561,,8.03588,,,,1.33076,1.79561,-0.22687,b8693907-030d-4f44-8185-bb1c250cff2e,2025-09-19,19:55:32.09,2025-09-19T15:55:32.0940000-04:00,2025-09-19T19:55:32.0940000Z,GroundBall,v3,471300,471300,,"Vaughn, Logan",12,Right,GEO_PAT,22af77ee-b846-47dc-861f-fc3200e2bf1e,54.43065,-132.52553,14.45104,5.74701,-5.58455,-9.1112,-2.22587,8.41181,-8.73444,,1.33037,73.47602,,,,,,,,1.79614,-98.48421,,,,,,,,-0.22685,-4.40304,,,,,,,,,,,,,,,,,,,,,,,,,,,,,,High,High,High,Estimated,Estimated,,,
126,2025-09-19,15:59:08.88,1,1,"Peters, Jackson ",,Right,GEO_PAT,"Vaughn, Logan",12,Left,GEO_PAT,Undefined,4,Top,0,0,0,Sinker,Changeup,BallCalled,Undefined,Undefined,Undefined,0,0,,88.32589,0.383365,-3.297548,1801.749096,286.052372,3:30,4.07886,2.12023,5.99078,-39.38167,-3.41729,16.053,1.15296,0.3984,80.3798,-6.881486,-0.412693,0.431626,,,,,,,,,,,,-9.2902,-1.56354,-1.86892,50,4.08727,6.72764,-128.14744,-0.5271,-15.32293,28.49053,-34.75293,GEO_PAT,GEO_PAT,SpuhlerFieldMain,TeamExclusive,Team,20250919-SpuhlerFieldMain-Private-4,1b16b710-9593-11f0-a460-bb12008138d9,87.32658,,,7.94609,,,,,,,b8693907-030d-4f44-8185-bb1c250cff2e,2025-09-19,19:59:08.88,2025-09-19T15:59:08.8840000-04:00,2025-09-19T19:59:08.8840000Z,,v3,471300,471300,,"Cowdrey, Vincent",7,Right,GEO_PAT,5968ca3f-60da-4ff1-b79c-294990154754,54.51327,-129.14696,14.24527,4.08438,0.69212,-17.37647,-2.11437,7.26521,-7.66146,,,,,,,,,,,,,,,,,,,,,,,,,,,,,,,,,,,,,,,,,,,,,,,,,,,High,High,High,,,,,
127,2025-09-19,15:59:36.14,1,2,"Peters, Jackson ",,Right,GEO_PAT,"Vaughn, Logan",12,Left,GEO_PAT,Undefined,4,Top,0,1,0,Sinker,Changeup,BallCalled,Undefined,Undefined,Undefined,0,0,,88.3352,-0.20752,-4.752727,1996.27408,264.455817,2:45,4.19722,2.09884,5.93274,-33.38392,3.0204,17.56702,1.22202,-0.85708,79.70406,-6.404548,-1.609153,0.434258,,,,,,,,,,,,-10.45949,2.02197,-1.72799,50,4.162,9.87268,-127.78675,-1.62425,-17.05407,29.75675,-28.87725,GEO_PAT,GEO_PAT,SpuhlerFieldMain,TeamExclusive,Team,20250919-SpuhlerFieldMain-Private-4,2b5ad6b0-9593-11f0-a460-bb12008138d9,86.79735,,,8.63115,,,,,,,b8693907-030d-4f44-8185-bb1c250cff2e,2025-09-19,19:59:36.14,2025-09-19T15:59:36.1430000-04:00,2025-09-19T19:59:36.1430000Z,,v3,471300,471300,,"Cowdrey, Vincent",7,Right,GEO_PAT,3b88c875-a9f9-4c0d-853f-f276c0446879,54.56802,-128.84608,14.87838,4.20152,-0.59623,-14.43863,-2.09026,10.4798,-8.52703,,,,,,,,,,,,,,,,,,,,,,,,,,,,,,,,,,,,,,,,,,,,,,,,,,,High,High,High,,,,,
128,2025-09-19,15:59:57.35,1,3,"Peters, Jackson ",,Right,GEO_PAT,"Vaughn, Logan",12,Left,GEO_PAT,Undefined,4,Top,0,2,0,Fastball,Sinker,StrikeCalled,Undefined,Undefined,Undefined,0,0,,89.01025,0.535564,-4.360548,2203.574345,256.459577,2:30,4.23966,2.22282,6.00359,-29.45053,6.37197,20.95202,2.28316,-0.07943,79.90656,-4.979771,-0.604633,0.430774,,,,,,,,,,,,-12.12587,3.48886,-1.89038,50,4.26601,8.92336,-128.80993,0.2182,-20.02497,31.01776,-26.41248,GEO_PAT,GEO_PAT,SpuhlerFieldMain,TeamExclusive,Team,20250919-SpuhlerFieldMain-Private-4,3801f970-9593-11f0-a460-bb12008138d9,87.49937,,,9.10368,,,,,,,b8693907-030d-4f44-8185-bb1c250cff2e,2025-09-19,19:59:57.35,2025-09-19T15:59:57.3530000-04:00,2025-09-19T19:59:57.3530000Z,,v3,471300,471300,,"Cowdrey, Vincent",7,Right,GEO_PAT,1ef5a7e6-a164-4b9b-b2b0-8d36b996c546,54.49697,-129.88829,15.50888,4.24246,1.13646,-13.20624,-2.21271,9.61955,-10.01249,,,,,,,,,,,,,,,,,,,,,,,,,,,,,,,,,,,,,,,,,,,,,,,,,,,High,High,High,,,,,
129,2025-09-19,16:00:16.73,1,4,"Peters, Jackson ",,Right,GEO_PAT,"Vaughn, Logan",12,Left,GEO_PAT,Undefined,4,Top,0,2,1,Sinker,Sinker,StrikeSwinging,Undefined,Undefined,Undefined,0,0,,89.35262,0.251153,-2.867388,2207.72408,266.190791,2:45,4.26038,2.11496,5.85015,-33.03376,2.68268,20.36836,1.74125,1.14553,80.27613,-5.88975,0.783885,0.430136,,,,,,,,,,,,-11.27071,1.70465,-1.89319,50,4.26189,5.5839,-129.46019,-0.61204,-18.76169,31.8506,-29.3364,GEO_PAT,GEO_PAT,SpuhlerFieldMain,TeamExclusive,Team,20250919-SpuhlerFieldMain-Private-4,4375a540-9593-11f0-a460-bb12008138d9,87.62918,,,9.07649,,,,,,,b8693907-030d-4f44-8185-bb1c250cff2e,2025-09-19,20:00:16.73,2025-09-19T16:00:16.7320000-04:00,2025-09-19T20:00:16.7320000Z,,v3,471300,471300,,"Cowdrey, Vincent",7,Right,GEO_PAT,686870fe-8f58-4785-b11a-28134c053429,54.64995,-130.59919,15.9253,4.26502,0.43705,-14.6682,-2.10487,6.25483,-9.38084,,,,,,,,,,,,,,,,,,,,,,,,,,,,,,,,,,,,,,,,,,,,,,,,,,,High,High,High,,,,,
130,2025-09-19,16:00:36.06,1,5,"Peters, Jackson ",,Right,GEO_PAT,"Vaughn, Logan",12,Left,GEO_PAT,Undefined,4,Top,0,2,2,Sinker,Sinker,BallCalled,Undefined,Undefined,Undefined,0,0,,89.68276,0.027737,-5.721986,2101.811,247.380226,2:15,4.1537,2.03651,6.10514,-26.06226,9.03347,18.67351,2.00762,-1.7168,80.8707,-4.867735,-2.380418,0.426382,,,,,,,,,,,,-11.44634,5.00213,-1.60503,50,4.14221,12.21564,-129.62164,-0.7765,-19.248,30.03302,-23.76254,GEO_PAT,GEO_PAT,SpuhlerFieldMain,TeamExclusive,Team,20250919-SpuhlerFieldMain-Private-4,4f0e1720-9593-11f0-a460-bb12008138d9,88.40067,,,8.81206,,,,,,,b8693907-030d-4f44-8185-bb1c250cff2e,2025-09-19,20:00:36.06,2025-09-19T16:00:36.0670000-04:00,2025-09-19T20:00:36.0670000Z,,v3,471300,471300,,"Cowdrey, Vincent",7,Right,GEO_PAT,fbfbaff8-9a56-4afc-86d6-b6f9c5fe41a6,54.397,-130.63644,15.01651,4.15488,0.02642,-11.88127,-2.02878,12.86602,-9.624,,,,,,,,,,,,,,,,,,,,,,,,,,,,,,,,,,,,,,,,,,,,,,,,,,,High,High,High,,,,,
131,2025-09-19,16:01:14.12,1,6,"Peters, Jackson ",,Right,GEO_PAT,"Vaughn, Logan",12,Left,GEO_PAT,Undefined,4,Top,0,3,2,Sinker,Sinker,FoulBallNotFieldable,Undefined,Undefined,Undefined,0,0,,89.37987,1.616558,-2.779944,2115.598365,261.700379,2:45,4.11692,2.23273,5.88602,-31.77285,3.85658,17.47603,2.97256,1.10548,80.18246,-4.309502,0.352011,0.429611,69.45874,27.553897,-150.671954,3698.746926,-97.18739,21.95998,-51.52272,157.9237,55.68427,-153.030962,2.142993,-9.85564,1.80571,-2.0184,50,4.22941,5.53428,-129.48531,2.54891,-16.42605,31.65852,-29.16457,GEO_PAT,GEO_PAT,SpuhlerFieldMain,TeamExclusive,Team,20250919-SpuhlerFieldMain-Private-4,65c2c600-9593-11f0-a460-bb12008138d9,87.73615,25.03928,,9.19741,,,,0.72937,2.98641,-1.16824,b8693907-030d-4f44-8185-bb1c250cff2e,2025-09-19,20:01:14.12,2025-09-19T16:01:14.1260000-04:00,2025-09-19T20:01:14.1260000Z,FlyBall,v3,471300,471300,,"Cowdrey, Vincent",7,Right,GEO_PAT,3b8559b5-c936-4c26-8a26-3f6d6a6dfc7c,54.61491,-130.60875,15.82926,4.12059,3.58386,-14.58228,-2.22513,6.11718,-8.21303,22.499827,0.72946,-78.74844,5.16005,0.30975,0.39194,-0.5297,0.30687,-0.08298,0.00834,2.98639,47.12462,-28.04513,3.50588,-0.57453,0.03885,0.00418,0.00367,-0.0011,-1.16819,-44.24195,6.58491,-0.94854,0.3568,-0.24406,0.13564,-0.03841,0.00404,,,,,,,,,,,,,,,,,,,,,,,High,High,High,High,Low,,,
132,2025-09-19,16:01:38.95,1,7,"Peters, Jackson ",,Right,GEO_PAT,"Vaughn, Logan",12,Left,GEO_PAT,Undefined,4,Top,0,3,2,Splitter,Changeup,StrikeSwinging,Strikeout,Undefined,Undefined,0,0,,84.68204,1.347022,-4.356035,1589.003798,295.818598,3:45,4.29635,2.07337,5.86243,-45.22636,-5.67051,14.54465,1.7828,-0.76936,76.75162,-6.969273,-1.755139,0.452665,,,,,,,,,,,,-8.74776,-2.87555,-1.72778,50,4.37984,8.7413,-122.60238,1.30407,-13.17127,26.67847,-36.50368,GEO_PAT,GEO_PAT,SpuhlerFieldMain,TeamExclusive,Team,20250919-SpuhlerFieldMain-Private-4,74907240-9593-11f0-a460-bb12008138d9,83.26789,,,7.93042,,,,,,,b8693907-030d-4f44-8185-bb1c250cff2e,2025-09-19,20:01:38.95,2025-09-19T16:01:38.9570000-04:00,2025-09-19T20:01:38.9570000Z,,v3,471300,471300,,"Cowdrey, Vincent",7,Right,GEO_PAT,d6ffdada-c734-48ea-a759-6aca8243068f,54.64034,-123.608,13.33924,4.30475,2.68005,-18.25184,-2.06663,9.23778,-6.58564,,,,,,,,,,,,,,,,,,,,,,,,,,,,,64.04771,,,1.037622,,,,2.53614,5.2933,0.44342,73.82225,5.35966,-50.95701,2.56866,73.40863,-4.57881,5.33263,15.20832,-14.64698,0.39298,-55.29768,5.61757,High,High,High,,,High,High,High
133,2025-09-19,16:02:11.72,2,1,"Peters, Jackson ",,Right,GEO_PAT,"Bagnerise, Julius",5,Left,GEO_PAT,Undefined,4,Top,1,0,0,Sinker,Changeup,InPlay,Undefined,FlyBall,Undefined,0,0,,88.27399,1.325107,-3.91255,1930.880076,253.617508,2:30,4.16097,2.05845,5.89564,-30.16793,6.16319,16.66052,2.88039,-0.19152,79.6838,-4.300503,-0.931607,0.433821,86.80594,32.494041,-11.690071,4403.522854,106.39565,61.76987,-27.92705,305.20954,302.07235,-20.411876,4.672087,-9.77729,3.0902,-1.75273,50,4.25064,8.0489,-127.85086,1.94371,-16.00385,29.08651,-27.11589,GEO_PAT,GEO_PAT,SpuhlerFieldMain,TeamExclusive,Team,20250919-SpuhlerFieldMain-Private-4,881712b0-9593-11f0-a460-bb12008138d9,86.88472,75.48948,,8.59019,,,,1.42239,2.92792,0.18881,b8693907-030d-4f44-8185-bb1c250cff2e,2025-09-19,20:02:11.72,2025-09-19T16:02:11.7220000-04:00,2025-09-19T20:02:11.7220000Z,FlyBall,v3,471300,471300,,"Cowdrey, Vincent",7,Right,GEO_PAT,42e80b87-ff33-48a2-9607-8b7b969a398f,54.60658,-128.89461,14.54325,4.16343,2.91675,-13.55795,-2.05187,8.62319,-8.00193,154.137905,1.42244,105.1574,-21.27118,5.2147,-1.18297,0.2635,-0.0507,0.00637,-0.00035,2.92951,68.35674,-17.63696,0.58718,0.27367,-0.18423,0.05253,-0.00723,0.00039,0.18899,-21.76301,-1.43571,0.65102,-0.16213,0.02118,2E-05,-0.00033,3E-05,,,,,,,,,,,,,,,,,,,,,,,High,High,High,High,High,,,
134,2025-09-19,16:02:59.94,3,1,"Peters, Jackson ",,Right,GEO_PAT,"Tignor, Laken",1000091229,Right,GEO_PAT,Undefined,4,Top,1,0,0,Slider,Slider,BallCalled,Undefined,Undefined,Undefined,0,0,,81.71046,2.507941,0.145199,2229.630461,148.759056,11:00,4.28694,2.17787,5.54785,-33.1988,9.63512,-4.96244,3.86565,1.90003,73.83627,-3.666309,-0.739065,0.471048,,,,,,,,,,,,2.5726,4.4928,-2.18696,50,4.48244,-0.10198,-118.44096,4.10796,3.61614,24.83336,-25.85881,GEO_PAT,GEO_PAT,SpuhlerFieldMain,TeamExclusive,Team,20250919-SpuhlerFieldMain-Private-4,a4d37ce0-9593-11f0-a460-bb12008138d9,80.01821,,,7.87419,,,,,,,b8693907-030d-4f44-8185-bb1c250cff2e,2025-09-19,20:02:59.94,2025-09-19T16:02:59.9450000-04:00,2025-09-19T20:02:59.9450000Z,,v3,471300,471300,,"Cowdrey, Vincent",7,Right,GEO_PAT,1c117773-73a6-414d-a72a-169f609f75a4,54.95341,-119.47502,12.41668,4.28897,5.18472,-12.9294,-2.17958,-0.25256,1.80807,,,,,,,,,,,,,,,,,,,,,,,,,,,,,,,,,,,,,,,,,,,,,,,,,,,High,High,High,,,,,
135,2025-09-19,16:03:32.56,3,2,"Peters, Jackson ",,Right,GEO_PAT,"Tignor, Laken",1000091229,Right,GEO_PAT,Undefined,4,Top,1,1,0,Sinker,Sinker,BallCalled,Undefined,Undefined,Undefined,0,0,,87.73142,-0.55785,-3.695807,2022.649218,253.091163,2:30,4.18092,2.082,5.8962,-29.94096,7.13292,18.85556,1.1668,0.21712,78.75615,-6.155045,-0.316909,0.438233,,,,,,,,,,,,-10.91532,4.22799,-1.79501,50,4.11889,7.41251,-127.00819,-2.23895,-17.46727,30.94078,-25.40817,GEO_PAT,GEO_PAT,SpuhlerFieldMain,TeamExclusive,Team,20250919-SpuhlerFieldMain-Private-4,b844c090-9593-11f0-a460-bb12008138d9,86.00999,,,8.97527,,,,,,,b8693907-030d-4f44-8185-bb1c250cff2e,2025-09-19,20:03:32.56,2025-09-19T16:03:32.5660000-04:00,2025-09-19T20:03:32.5660000Z,,v3,471300,471300,,"Cowdrey, Vincent",7,Right,GEO_PAT,2f9e3884-dc02-416c-a8ae-13b7e60fdcdc,54.60471,-128.12504,15.47039,4.18316,-1.3218,-12.70409,-2.07396,8.04302,-8.73364,,,,,,,,,,,,,,,,,,,,,,,,,,,,,,,,,,,,,,,,,,,,,,,,,,,High,High,High,,,,,
136,2025-09-19,16:03:52.67,3,3,"Peters, Jackson ",,Right,GEO_PAT,"Tignor, Laken",1000091229,Right,GEO_PAT,Undefined,4,Top,1,2,0,Sinker,Changeup,BallCalled,Undefined,Undefined,Undefined,0,0,,86.74884,-0.592932,-4.756262,2043.102863,257.160346,2:30,4.19757,2.06018,6.04759,-31.47911,6.18418,21.0184,1.02344,-0.60186,78.10394,-6.474805,-0.986086,0.441703,,,,,,,,,,,,-12.31843,3.78744,-1.69992,50,4.13453,9.57335,-125.49283,-2.33096,-19.32135,29.28891,-26.23351,GEO_PAT,GEO_PAT,SpuhlerFieldMain,TeamExclusive,Team,20250919-SpuhlerFieldMain-Private-4,c4439560-9593-11f0-a460-bb12008138d9,85.33434,,,8.6449,,,,,,,b8693907-030d-4f44-8185-bb1c250cff2e,2025-09-19,20:03:52.67,2025-09-19T16:03:52.6700000-04:00,2025-09-19T20:03:52.6700000Z,,v3,471300,471300,,"Cowdrey, Vincent",7,Right,GEO_PAT,2fc3d703-f9e7-421b-b7ac-25d9a17b5cdd,54.4534,-126.52794,14.64446,4.20053,-1.40383,-13.11676,-2.05032,10.2562,-9.66068,,,,,,,,,,,,,,,,,,,,,,,,,,,,,,,,,,,,,,,,,,,,,,,,,,,High,High,High,,,,,
137,2025-09-19,16:04:13.74,3,4,"Peters, Jackson ",,Right,GEO_PAT,"Tignor, Laken",1000091229,Right,GEO_PAT,Undefined,4,Top,1,3,0,Splitter,Changeup,StrikeSwinging,Undefined,Undefined,Undefined,0,0,,85.85803,1.114475,-5.289156,2032.666376,263.069908,2:45,4.1884,2.03649,5.96521,-34.8112,3.86642,19.95678,2.32542,-1.21883,77.02817,-5.369566,-1.722748,0.447612,,,,,,,,,,,,-11.85623,2.07118,-1.6264,50,4.2582,10.64305,-124.04271,1.25787,-18.16112,28.71559,-29.00144,GEO_PAT,GEO_PAT,SpuhlerFieldMain,TeamExclusive,Team,20250919-SpuhlerFieldMain-Private-4,d0bf6260-9593-11f0-a460-bb12008138d9,84.20792,,,8.82986,,,,,,,b8693907-030d-4f44-8185-bb1c250cff2e,2025-09-19,20:04:13.74,2025-09-19T16:04:13.7420000-04:00,2025-09-19T20:04:13.7420000Z,,v3,471300,471300,,"Cowdrey, Vincent",7,Right,GEO_PAT,9c855816-1910-4168-a190-7d72c6bcf823,54.53476,-125.08809,14.3578,4.19319,2.31365,-14.50072,-2.0259,11.3042,-9.08056,,,,,,,,,,,,,,,,,,,,,,,,,,,,,,,,,,,,,,,,,,,,,,,,,,,High,High,High,,,,,
138,2025-09-19,16:04:32.99,3,5,"Peters, Jackson ",,Right,GEO_PAT,"Tignor, Laken",1000091229,Right,GEO_PAT,Undefined,4,Top,1,3,1,Splitter,Changeup,InPlay,Undefined,GroundBall,Out,1,0,,86.45942,0.663627,-3.370673,2058.943413,267.050614,3:00,4.13379,2.04631,5.78799,-35.88557,2.48473,19.89261,1.76183,0.56449,77.46057,-6.001919,0.188292,0.44583,78.31149,-37.517563,27.831255,,,,,2.76896,2.76896,9.632955,0.024173,-11.26654,1.45941,-1.78029,50,4.16727,6.52695,-125.16777,0.20563,-17.48182,30.4297,-29.90956,GEO_PAT,GEO_PAT,SpuhlerFieldMain,TeamExclusive,Team,20250919-SpuhlerFieldMain-Private-4,dc489200-9593-11f0-a460-bb12008138d9,84.54448,1.69423,,8.99886,,,,0.77859,1.69423,-0.56683,b8693907-030d-4f44-8185-bb1c250cff2e,2025-09-19,20:04:32.99,2025-09-19T16:04:32.9950000-04:00,2025-09-19T20:04:32.9950000Z,GroundBall,v3,471300,471300,,"Cowdrey, Vincent",7,Right,GEO_PAT,809fb13b-9338-4a8a-ac9b-fb26829af430,54.71267,-126.30828,15.21485,4.13856,1.32664,-14.95478,-2.0372,7.18217,-8.74091,,0.77798,80.72165,,,,,,,,1.69477,-70.08636,,,,,,,,-0.56716,42.61599,,,,,,,,,,,,,,,,,,,,,,,,,,,,,,High,High,High,Estimated,Estimated,,,
139,2025-09-19,16:05:15.19,4,1,"Peters, Jackson ",,Right,GEO_PAT,"Ohara, Austin",40,Right,GEO_PAT,Undefined,4,Top,2,0,0,Sinker,Changeup,InPlay,Undefined,Popup,Out,1,0,,88.05932,1.468353,-4.190962,1991.586742,258.077689,2:30,4.25778,2.16891,6.14373,-30.65616,5.72768,20.81497,3.064,0.02353,79.02843,-4.283755,-0.450109,0.434136,77.51879,66.742158,-17.464166,,,,,109.59051,109.59051,-30.652547,5.624554,-12.11327,2.85276,-1.85954,50,4.35434,8.48629,-127.48014,2.28029,-19.59637,30.34207,-27.55897,GEO_PAT,GEO_PAT,SpuhlerFieldMain,TeamExclusive,Team,20250919-SpuhlerFieldMain-Private-4,f5793d60-9593-11f0-a460-bb12008138d9,86.82179,131.40005,,9.03088,,,,1.12619,3.18827,-0.41658,b8693907-030d-4f44-8185-bb1c250cff2e,2025-09-19,20:05:15.19,2025-09-19T16:05:15.1940000-04:00,2025-09-19T20:05:15.1940000Z,Popup,v3,471300,471300,,"Cowdrey, Vincent",7,Right,GEO_PAT,676cf18d-5c96-4846-a492-18986f4846e7,54.35783,-128.51318,15.17104,4.26073,3.21858,-13.77949,-2.15983,9.15348,-9.79819,172.580831,1.12021,42.90694,-17.01179,5.79266,-1.42026,0.24814,-0.02558,0.001,2E-05,3.16659,104.85205,-27.66974,4.85529,-1.95588,0.65704,-0.13576,0.01464,-0.00063,-0.42029,-13.40301,0.99151,0.28214,-0.32462,0.13327,-0.0289,0.00321,-0.00014,,,,,,,,,,,,,,,,,,,,,,,High,High,High,Medium,Low,,,
140,2025-09-19,16:05:57.81,5,1,"Peters, Jackson ",,Right,GEO_PAT,"Clyne, Owen",1000230336,Left,GEO_PAT,Undefined,4,Top,0,0,0,Splitter,Changeup,BallCalled,Undefined,Undefined,Undefined,0,0,,83.87543,0.679748,-2.413158,1529.760451,274.877236,3:15,4.11098,2.08546,5.61901,-40.72605,0.04646,16.76568,1.35215,1.22907,75.6747,-6.825666,0.581191,0.459574,,,,,,,,,,,,-9.21705,0.27445,-1.89016,50,4.14321,4.41172,-121.54289,0.00616,-13.56055,27.48329,-31.77029,GEO_PAT,GEO_PAT,SpuhlerFieldMain,TeamExclusive,Team,20250919-SpuhlerFieldMain-Private-4,0ec40070-9594-11f0-a460-bb12008138d9,82.01612,,,8.20073,,,,,,,b8693907-030d-4f44-8185-bb1c250cff2e,2025-09-19,20:05:57.81,2025-09-19T16:05:57.8110000-04:00,2025-09-19T20:05:57.8110000Z,,v3,471300,471300,,"Cowdrey, Vincent",7,Right,GEO_PAT,3133fce4-8a54-419e-8f48-b9dcf0cdc3c1,54.88147,-122.64172,13.74165,4.11758,1.27639,-15.88514,-2.07739,4.9539,-6.78027,,,,,,,,,,,,,,,,,,,,,,,,,,,,,76.02071,3.124123,1.882522,1.241602,-0.28959,1.14391,-1.24781,4.96675,5.74999,-1.07664,127.29293,3.22126,-1.13937,5.07611,109.47246,-9.00239,5.7657,12.6484,-11.85797,-1.0929,-1.34157,1.06678,High,High,High,,,High,Medium,Medium
141,2025-09-19,16:06:36.39,5,2,"Peters, Jackson ",,Right,GEO_PAT,"Clyne, Owen",1000230336,Left,GEO_PAT,Undefined,4,Top,0,1,0,Sinker,Changeup,BallCalled,Undefined,Undefined,Undefined,0,0,,87.28524,-0.195838,-5.479438,1921.536642,259.861381,2:45,4.17662,2.15087,5.97911,-32.73809,4.59244,18.03548,1.26607,-1.44123,78.63219,-6.287774,-2.255697,0.439748,,,,,,,,,,,,-10.93253,2.84638,-1.72586,50,4.14326,11.33418,-126.11589,-1.53786,-17.3518,29.12492,-27.65635,GEO_PAT,GEO_PAT,SpuhlerFieldMain,TeamExclusive,Team,20250919-SpuhlerFieldMain-Private-4,25c1c640-9594-11f0-a460-bb12008138d9,85.71382,,,8.65304,,,,,,,b8693907-030d-4f44-8185-bb1c250cff2e,2025-09-19,20:06:36.39,2025-09-19T16:06:36.3950000-04:00,2025-09-19T20:06:36.3950000Z,,v3,471300,471300,,"Cowdrey, Vincent",7,Right,GEO_PAT,bd4de487-0bfd-4f70-892a-52d175724637,54.52106,-127.15569,14.56246,4.18054,-0.55049,-13.82818,-2.14156,11.95367,-8.6759,,,,,,,,,,,,,,,,,,,,,,,,,,,,,,,,,,,,,,,,,,,,,,,,,,,High,High,High,,,,,
142,2025-09-19,16:06:55.47,5,3,"Peters, Jackson ",,Right,GEO_PAT,"Clyne, Owen",1000230336,Left,GEO_PAT,Undefined,4,Top,0,2,0,Splitter,Changeup,InPlay,Undefined,GroundBall,Out,1,0,,85.75278,0.76279,-4.256648,1869.400345,271.321568,3:00,4.10923,2.17024,5.85032,-37.86514,1.02394,18.66611,1.66463,-0.23708,77.00026,-6.257368,-0.918579,0.448834,72.68722,-39.575159,29.706319,,,,,3.81565,3.81565,19.193449,0.025082,-10.99146,0.65555,-1.83468,50,4.14932,8.4667,-124.07706,0.3602,-16.79943,29.35698,-31.17211,GEO_PAT,GEO_PAT,SpuhlerFieldMain,TeamExclusive,Team,20250919-SpuhlerFieldMain-Private-4,313d8860-9594-11f0-a460-bb12008138d9,83.97866,1.70748,,8.75252,,,,1.80924,1.70748,0.23071,b8693907-030d-4f44-8185-bb1c250cff2e,2025-09-19,20:06:55.47,2025-09-19T16:06:55.4780000-04:00,2025-09-19T20:06:55.4780000Z,GroundBall,v3,471300,471300,,"Cowdrey, Vincent",7,Right,GEO_PAT,67775815-29d9-4b55-b70c-0c48cdd35af2,54.65157,-125.1728,14.67849,4.11416,1.52369,-15.58605,-2.16239,9.09373,-8.39971,,1.80857,71.53846,,,,,,,,1.70812,-68.07634,,,,,,,,0.23032,40.81527,,,,,,,,,,,,,,,,,,,,,,,,,,,,,,High,High,High,Estimated,Estimated,,,