PitchNo,Date,Time,PAofInning,PitchofPA,Pitcher,PitcherId,PitcherThrows,PitcherTeam,Batter,BatterId,BatterSide,BatterTeam,PitcherSet,Inning,Top/Bottom,Outs,Balls,Strikes,TaggedPitchType,AutoPitchType,PitchCall,KorBB,TaggedHitType,PlayResult,OutsOnPlay,RunsScored,Notes,RelSpeed,VertRelAngle,HorzRelAngle,SpinRate,SpinAxis,Tilt,RelHeight,RelSide,Extension,VertBreak,InducedVertBreak,HorzBreak,PlateLocHeight,PlateLocSide,ZoneSpeed,VertApprAngle,HorzApprAngle,ZoneTime,ExitSpeed,Angle,Direction,HitSpinRate,PositionAt110X,PositionAt110Y,PositionAt110Z,Distance,LastTrackedDistance,Bearing,HangTime,pfxx,pfxz,x0,y0,z0,vx0,vy0,vz0,ax0,ay0,az0,HomeTeam,AwayTeam,Stadium,Level,League,GameID,PitchUID,EffectiveVelo,MaxHeight,MeasuredDuration,SpeedDrop,PitchLastMeasuredX,PitchLastMeasuredY,PitchLastMeasuredZ,ContactPositionX,ContactPositionY,ContactPositionZ,GameUID,UTCDate,UTCTime,LocalDateTime,UTCDateTime,AutoHitType,System,HomeTeamForeignID,AwayTeamForeignID,GameForeignID,Catcher,CatcherId,CatcherThrows,CatcherTeam,PlayID,PitchTrajectoryXc0,PitchTrajectoryXc1,PitchTrajectoryXc2,PitchTrajectoryYc0,PitchTrajectoryYc1,PitchTrajectoryYc2,PitchTrajectoryZc0,PitchTrajectoryZc1,PitchTrajectoryZc2,HitSpinAxis,HitTrajectoryXc0,HitTrajectoryXc1,HitTrajectoryXc2,HitTrajectoryXc3,HitTrajectoryXc4,HitTrajectoryXc5,HitTrajectoryXc6,HitTrajectoryXc7,HitTrajectoryXc8,HitTrajectoryYc0,HitTrajectoryYc1,HitTrajectoryYc2,HitTrajectoryYc3,HitTrajectoryYc4,HitTrajectoryYc5,HitTrajectoryYc6,HitTrajectoryYc7,HitTrajectoryYc8,HitTrajectoryZc0,HitTrajectoryZc1,HitTrajectoryZc2,HitTrajectoryZc3,HitTrajectoryZc4,HitTrajectoryZc5,HitTrajectoryZc6,HitTrajectoryZc7,HitTrajectoryZc8,ThrowSpeed,PopTime,ExchangeTime,TimeToBase,CatchPositionX,CatchPositionY,CatchPositionZ,ThrowPositionX,ThrowPositionY,ThrowPositionZ,BasePositionX,BasePositionY,BasePositionZ,ThrowTrajectoryXc0,ThrowTrajectoryXc1,ThrowTrajectoryXc2,ThrowTrajectoryYc0,ThrowTrajectoryYc1,ThrowTrajectoryYc2,ThrowTrajectoryZc0,ThrowTrajectoryZc1,ThrowTrajectoryZc2,PitchReleaseConfidence,PitchLocationConfidence,PitchMovementConfidence,HitLaunchConfidence,HitLandingConfidence,CatcherThrowCatchConfidence,CatcherThrowReleaseConfidence,CatcherThrowLocationConfidence
1,2025-04-05,14:26:03.11,1,1,"Cassedy, Brandon",1000183671,Right,GEO_PAT,"Moore, Hayden",809737,Left,SLU_BILL,Undefined,1,Top,0,0,0,Fastball,Four-Seam,StrikeSwinging,Undefined,Undefined,Undefined,0,0,,88.87787,-1.882449,-0.280895,2296.602929,188.51643,12:15,5.78365,0.47934,6.39886,-13.53611,20.85966,2.97291,2.92372,0.46874,81.89447,-4.497708,0.25779,0.422108,,,,,,,,,,,,-1.61984,11.67579,-0.46045,50,5.64183,0.51729,-129.26019,-4.56611,-2.76382,24.80152,-12.25235,GEO_PAT,SLU_BILL,SpuhlerFieldMain,D1,A10,20250405-SpuhlerFieldMain-2,6f19bbd0-124b-11f0-a721-ed23b36d4136,89.29565,,,6.98339,,,,,,,7d675549-dbed-425c-a347-a0febeddec93,2025-04-05,18:26:03.11,2025-04-05T14:26:03.1178752-04:00,2025-04-05T18:26:03.1178752Z,,v3,471300,471427,05 April 2025 14:00-stlouis@georgemas,"Raymond, Andrew",10148052,Right,GEO_PAT,9edabc88-98d7-4d03-97b9-596c81de08d3,54.10315,-130.04509,12.40076,5.7802,-4.17836,-6.12618,-0.4782,0.60476,-1.38191,,,,,,,,,,,,,,,,,,,,,,,,,,,,,,,,,,,,,,,,,,,,,,,,,,,High,High,High,,,,,
2,2025-04-05,14:26:21.46,1,2,"Cassedy, Brandon",1000183671,Right,GEO_PAT,"Moore, Hayden",809737,Left,SLU_BILL,Undefined,1,Top,0,0,1,Fastball,Four-Seam,FoulBallNotFieldable,Undefined,Undefined,Undefined,0,0,,89.83297,-2.248766,-1.12166,2337.325761,196.157941,12:30,5.80978,0.49986,6.39803,-13.53241,20.06678,5.53646,2.61241,-0.0705,83.01481,-4.85202,-0.118661,0.417192,,,,,,,,,,,,-3.15394,11.31772,-0.42168,50,5.64154,2.33804,-130.63109,-5.45814,-5.51356,24.50563,-12.38896,GEO_PAT,SLU_BILL,SpuhlerFieldMain,D1,A10,20250405-SpuhlerFieldMain-2,7a0524d0-124b-11f0-a721-ed23b36d4136,90.34801,,,6.81817,,,,,,,7d675549-dbed-425c-a347-a0febeddec93,2025-04-05,18:26:21.46,2025-04-05T14:26:21.4618624-04:00,2025-04-05T18:26:21.4618624Z,,v3,471300,471427,05 April 2025 14:00-stlouis@georgemas,"Raymond, Andrew",10148052,Right,GEO_PAT,9b84ce77-0a00-419b-b82c-64bdb8a69854,54.10418,-131.39876,12.25282,5.80644,-5.07004,-6.19448,-0.49763,2.51075,-2.75678,,,,,,,,,,,,,,,,,,,,,,,,,,,,,,,,,,,,,,,,,,,,,,,,,,,High,High,High,,,,,
3,2025-04-05,14:26:46.24,1,3,"Cassedy, Brandon",1000183671,Right,GEO_PAT,"Moore, Hayden",809737,Left,SLU_BILL,Undefined,1,Top,0,0,2,Fastball,Four-Seam,BallCalled,Undefined,Undefined,Undefined,0,0,,87.53721,-0.47428,-1.734827,2271.076107,179.311219,12:00,5.94505,0.41661,6.00959,-14.61583,21.70722,-0.24709,4.28744,-1.21176,79.84081,-3.299652,-1.779223,0.433773,,,,,,,,,,,,-0.35988,11.62119,-0.28018,50,5.89961,3.86026,-127.11551,-1.41586,-0.58838,26.25234,-13.1748,GEO_PAT,SLU_BILL,SpuhlerFieldMain,D1,A10,20250405-SpuhlerFieldMain-2,88cf4ea0-124b-11f0-a721-ed23b36d4136,86.89438,,,7.6964,,,,,,,7d675549-dbed-425c-a347-a0febeddec93,2025-04-05,18:26:46.24,2025-04-05T14:26:46.2444032-04:00,2025-04-05T18:26:46.2444032Z,,v3,471300,471427,05 April 2025 14:00-stlouis@georgemas,"Raymond, Andrew",10148052,Right,GEO_PAT,6ff7ecd5-6abe-4512-9d36-e4f21a85e428,54.49057,-128.03956,13.12617,5.94128,-0.95213,-6.5874,-0.41642,3.88097,-0.29419,,,,,,,,,,,,,,,,,,,,,,,,,,,,,,,,,,,,,,,,,,,,,,,,,,,High,High,High,,,,,
4,2025-04-05,14:27:10.56,1,4,"Cassedy, Brandon",1000183671,Right,GEO_PAT,"Moore, Hayden",809737,Left,SLU_BILL,Undefined,1,Top,0,1,2,Cutter,Slider,InPlay,Undefined,GroundBall,Out,1,0,,83.78081,-0.553801,0.071061,2622.682251,105.836229,9:30,5.72274,0.62135,5.74774,-35.85557,3.39008,-8.44733,2.21913,-0.01643,78.33213,-7.1085,-1.442991,0.450887,86.30435,-18.810327,25.941771,,,,,7.37881,7.37881,22.731313,0.051199,4.36827,2.1302,-0.62183,50,5.65428,0.17406,-121.97702,-2.39107,6.7053,19.75134,-28.90419,GEO_PAT,SLU_BILL,SpuhlerFieldMain,D1,A10,20250405-SpuhlerFieldMain-2,9766f6c0-124b-11f0-a721-ed23b36d4136,83.59629,2.09362,,5.44867,,,,1.27866,2.09362,0.16249,7d675549-dbed-425c-a347-a0febeddec93,2025-04-05,18:27:10.56,2025-04-05T14:27:10.5682944-04:00,2025-04-05T18:27:10.5682944Z,GroundBall,v3,471300,471427,05 April 2025 14:00-stlouis@georgemas,"Raymond, Andrew",10148052,Right,GEO_PAT,5df329dd-296b-4cab-94f2-3661990bd3dc,54.75799,-122.74505,9.87567,5.7254,-1.26713,-14.4521,-0.62353,-0.08668,3.35265,180,1.27696,107.95212,,,,,,,,2.09426,-40.89192,,,,,,,,0.16166,52.51603,,,,,,,,,,,,,,,,,,,,,,,,,,,,,,High,High,High,Medium,High,,,
5,2025-04-05,14:27:44.85,2,1,"Cassedy, Brandon",1000183671,Right,GEO_PAT,"Blazier, Ian",813662,Left,SLU_BILL,Undefined,1,Top,1,0,0,Fastball,Four-Seam,BallCalled,Undefined,Undefined,Undefined,0,0,,89.87771,-1.534436,0.521361,2358.219405,190.282343,12:15,5.65672,0.61131,6.26941,-14.77997,19.35115,3.31114,3.00998,1.36792,82.01414,-4.387013,1.119804,0.420481,,,,,,,,,,,,-1.56677,10.80776,-0.65142,50,5.53565,-1.32334,-130.58242,-3.872,-2.69964,28.03216,-13.55153,GEO_PAT,SLU_BILL,SpuhlerFieldMain,D1,A10,20250405-SpuhlerFieldMain-2,abd7a910-124b-11f0-a721-ed23b36d4136,89.64116,,,7.86357,,,,,,,7d675549-dbed-425c-a347-a0febeddec93,2025-04-05,18:27:44.85,2025-04-05T14:27:44.8540160-04:00,2025-04-05T18:27:44.8540160Z,,v3,471300,471427,05 April 2025 14:00-stlouis@georgemas,"Raymond, Andrew",10148052,Right,GEO_PAT,b16ff786-dd2a-4c7f-bdaf-bf50308d8bed,54.23136,-131.48763,14.01608,5.65362,-3.4344,-6.77576,-0.6101,-1.23616,-1.34982,,,,,,,,,,,,,,,,,,,,,,,,,,,,,,,,,,,,,,,,,,,,,,,,,,,High,High,High,,,,,
6,2025-04-05,14:28:02.24,2,2,"Cassedy, Brandon",1000183671,Right,GEO_PAT,"Blazier, Ian",813662,Left,SLU_BILL,Undefined,1,Top,1,1,0,Fastball,Four-Seam,InPlay,Undefined,FlyBall,Out,1,0,,89.196,-2.532889,-0.215665,2356.14986,187.321227,12:15,5.72804,0.595,6.46113,-14.0052,20.43844,2.48158,2.23268,0.60368,81.43447,-5.251613,0.234561,0.422402,95.71496,28.452479,-5.210984,2870.605912,108.69651,56.56469,-16.8834,336.03219,332.1627,-15.841968,5.031799,-1.37095,11.79792,-0.58084,50,5.54253,0.39323,-129.58481,-6.06474,-2.32351,27.90365,-12.17847,GEO_PAT,SLU_BILL,SpuhlerFieldMain,D1,A10,20250405-SpuhlerFieldMain-2,b632b8f0-124b-11f0-a721-ed23b36d4136,89.23355,79.42562,,7.76153,,,,2.31875,2.37363,-0.6047,7d675549-dbed-425c-a347-a0febeddec93,2025-04-05,18:28:02.24,2025-04-05T14:28:02.2456832-04:00,2025-04-05T18:28:02.2456832Z,LineDrive,v3,471300,471427,05 April 2025 14:00-stlouis@georgemas,"Raymond, Andrew",10148052,Right,GEO_PAT,4a19c38f-f72f-47be-b4d9-084e33a65942,54.04151,-130.45218,13.95182,5.72516,-5.68619,-6.08924,-0.59419,0.46545,-1.16176,152.263782,2.32177,122.85624,-26.77363,6.02529,-1.0599,0.14097,-0.01728,0.00213,-0.00013,2.37358,66.87462,-15.12577,-0.05625,0.34721,-0.16992,0.04784,-0.00671,0.00036,-0.60362,-11.23233,-5.64411,2.15316,-0.51403,0.08586,-0.01072,0.00095,-4E-05,,,,,,,,,,,,,,,,,,,,,,,High,High,High,High,High,,,
7,2025-04-05,14:28:42.69,3,1,"Cassedy, Brandon",1000183671,Right,GEO_PAT,"Iffrig, Riley",1000094154,Left,SLU_BILL,Undefined,1,Top,2,0,0,Curveball,Curveball,BallCalled,Undefined,Undefined,Undefined,0,0,,73.24876,3.57187,3.574322,2609.886676,44.888459,7:30,5.56348,0.83951,5.39221,-67.41815,-14.00493,-15.63993,3.30396,2.8906,67.07617,-8.649905,0.798716,0.526012,,,,,,,,,,,,8.82095,-7.4576,-1.14789,50,5.83592,-6.03699,-106.06732,4.40762,10.02618,18.52471,-40.65062,GEO_PAT,SLU_BILL,SpuhlerFieldMain,D1,A10,20250405-SpuhlerFieldMain-2,ce457130-124b-11f0-a721-ed23b36d4136,71.65695,,,6.17259,,,,,,,7d675549-dbed-425c-a347-a0febeddec93,2025-04-05,18:28:42.69,2025-04-05T14:28:42.6939904-04:00,2025-04-05T18:28:42.6939904Z,,v3,471300,471427,05 April 2025 14:00-stlouis@georgemas,"Raymond, Andrew",10148052,Right,GEO_PAT,44e3e5df-df82-49d8-b41d-970bfa213983,55.11541,-106.957,9.26236,5.57736,6.35992,-20.32531,-0.84639,-6.51851,5.01309,,,,,,,,,,,,,,,,,,,,,,,,,,,,,,,,,,,,,,,,,,,,,,,,,,,High,High,High,,,,,
8,2025-04-05,14:29:01.25,3,2,"Cassedy, Brandon",1000183671,Right,GEO_PAT,"Iffrig, Riley",1000094154,Left,SLU_BILL,Undefined,1,Top,2,1,0,Fastball,Four-Seam,BallCalled,Undefined,Undefined,Undefined,0,0,,90.02313,-1.686009,0.207382,2395.720487,176.836137,12:00,5.75611,0.66161,6.31975,-12.09552,21.93233,-1.15032,3.19475,0.75677,81.92972,-4.062159,-0.00072,0.419845,,,,,,,,,,,,0.65532,12.20717,-0.67627,50,5.62657,-0.42615,-130.76571,-4.10514,1.12996,28.64564,-11.12501,GEO_PAT,SLU_BILL,SpuhlerFieldMain,D1,A10,20250405-SpuhlerFieldMain-2,d96111f0-124b-11f0-a721-ed23b36d4136,89.77711,,,8.09341,,,,,,,7d675549-dbed-425c-a347-a0febeddec93,2025-04-05,18:29:01.25,2025-04-05T14:29:01.2503552-04:00,2025-04-05T18:29:01.2503552Z,,v3,471300,471427,05 April 2025 14:00-stlouis@georgemas,"Raymond, Andrew",10148052,Right,GEO_PAT,9e6185aa-8ac9-481f-9d89-1f67605d5c14,54.18034,-131.67827,14.32282,5.75171,-3.75074,-5.56251,-0.66212,-0.46214,0.56498,,,,,,,,,,,,,,,,,,,,,,,,,,,,,,,,,,,,,,,,,,,,,,,,,,,High,High,High,,,,,
9,2025-04-05,14:29:24.63,3,3,"Cassedy, Brandon",1000183671,Right,GEO_PAT,"Iffrig, Riley",1000094154,Left,SLU_BILL,Undefined,1,Top,2,2,0,Fastball,Four-Seam,BallCalled,Undefined,Undefined,Undefined,0,0,,89.75975,-3.340686,-0.647053,2357.697966,192.626806,12:30,5.6537,0.47928,6.24345,-15.70099,18.53107,3.90772,1.26013,0.20805,82.31223,-6.336483,0.059135,0.421103,,,,,,,,,,,,-2.21217,10.88056,-0.43299,50,5.39675,1.31527,-130.28898,-8.02843,-3.8068,27.0851,-13.45017,GEO_PAT,SLU_BILL,SpuhlerFieldMain,D1,A10,20250405-SpuhlerFieldMain-2,e74bb130-124b-11f0-a721-ed23b36d4136,89.50889,,,7.44752,,,,,,,7d675549-dbed-425c-a347-a0febeddec93,2025-04-05,18:29:24.63,2025-04-05T14:29:24.6327296-04:00,2025-04-05T18:29:24.6327296Z,,v3,471300,471427,05 April 2025 14:00-stlouis@georgemas,"Raymond, Andrew",10148052,Right,GEO_PAT,68c03f26-3db2-4389-8dcb-0c3a9dc8eba2,54.25876,-131.17132,13.54255,5.65115,-7.59027,-6.72508,-0.47786,1.43928,-1.9034,,,,,,,,,,,,,,,,,,,,,,,,,,,,,,,,,,,,,,,,,,,,,,,,,,,High,High,High,,,,,
10,2025-04-05,14:29:42.89,3,4,"Cassedy, Brandon",1000183671,Right,GEO_PAT,"Iffrig, Riley",1000094154,Left,SLU_BILL,Undefined,1,Top,2,3,0,Fastball,Four-Seam,StrikeCalled,Undefined,Undefined,Undefined,0,0,,88.77649,-1.769651,0.241191,2336.669855,179.059433,12:00,5.71868,0.53578,6.41889,-13.30796,21.47395,-0.33413,2.98223,0.72968,81.00939,-4.367479,0.18063,0.424471,,,,,,,,,,,,0.24197,12.03276,-0.55286,50,5.58574,-0.52975,-128.99638,-4.27665,0.40693,27.30155,-11.93702,GEO_PAT,SLU_BILL,SpuhlerFieldMain,D1,A10,20250405-SpuhlerFieldMain-2,f23656e0-124b-11f0-a721-ed23b36d4136,88.79859,,,7.7671,,,,,,,7d675549-dbed-425c-a347-a0febeddec93,2025-04-05,18:29:42.89,2025-04-05T14:29:42.8948480-04:00,2025-04-05T18:29:42.8948480Z,,v3,471300,471427,05 April 2025 14:00-stlouis@georgemas,"Raymond, Andrew",10148052,Right,GEO_PAT,302f9b49-8b02-414e-8e18-9a7463a4f4a2,54.0815,-129.85734,13.65078,5.71466,-3.90021,-5.96851,-0.53595,-0.54259,0.20346,,,,,,,,,,,,,,,,,,,,,,,,,,,,,,,,,,,,,,,,,,,,,,,,,,,High,High,High,,,,,
11,2025-04-05,14:30:03.08,3,5,"Cassedy, Brandon",1000183671,Right,GEO_PAT,"Iffrig, Riley",1000094154,Left,SLU_BILL,Undefined,1,Top,2,3,1,Curveball,Curveball,BallCalled,Walk,Undefined,Undefined,0,0,,74.04586,3.419905,1.735001,2594.15994,36.815191,7:15,5.64832,0.73306,5.716,-65.48232,-14.20828,-11.79036,3.38274,1.36737,68.15773,-8.518788,-0.375005,0.515371,,,,,,,,,,,,6.43863,-7.6154,-0.87097,50,5.89444,-2.82698,-107.4873,4.33529,7.54303,18.39043,-41.09569,GEO_PAT,SLU_BILL,SpuhlerFieldMain,D1,A10,20250405-SpuhlerFieldMain-2,fe2af280-124b-11f0-a721-ed23b36d4136,73.13648,,,5.88814,,,,,,,7d675549-dbed-425c-a347-a0febeddec93,2025-04-05,18:30:03.08,2025-04-05T14:30:03.0859264-04:00,2025-04-05T18:30:03.0859264Z,,v3,471300,471427,05 April 2025 14:00-stlouis@georgemas,"Raymond, Andrew",10148052,Right,GEO_PAT,0c187fa9-6161-47b7-a81a-f84072613473,54.79181,-108.30405,9.19522,5.66137,6.16041,-20.54785,-0.73798,-3.16197,3.77152,,,,,,,,,,,,,,,,,,,,,,,,,,,,,,,,,,,,,,,,,,,,,,,,,,,High,High,High,,,,,
12,2025-04-05,14:30:39.49,4,1,"Cassedy, Brandon",1000183671,Right,GEO_PAT,"Stressler, Brenden",10083882,Left,SLU_BILL,Undefined,1,Top,2,0,0,Fastball,Four-Seam,StrikeCalled,Undefined,Undefined,Undefined,0,0,,89.21139,-2.076652,0.011521,2293.909612,193.26052,12:30,5.71329,0.69524,6.46017,-16.49576,17.78859,3.94004,2.43015,1.03416,81.77316,-5.238093,0.726456,0.421424,,,,,,,,,,,,-2.05945,10.20914,-0.6977,50,5.5588,-0.17906,-129.67372,-5.12849,-3.51115,26.79024,-14.76847,GEO_PAT,SLU_BILL,SpuhlerFieldMain,D1,A10,20250405-SpuhlerFieldMain-2,13ebf290-124c-11f0-a721-ed23b36d4136,89.44061,,,7.43822,,,,,,,7d675549-dbed-425c-a347-a0febeddec93,2025-04-05,18:30:39.49,2025-04-05T14:30:39.4927104-04:00,2025-04-05T18:30:39.4927104Z,,v3,471300,471427,05 April 2025 14:00-stlouis@georgemas,"Raymond, Andrew",10148052,Right,GEO_PAT,5cd1289e-3ce3-4b21-a699-d65a1dac408e,54.04166,-130.50604,13.39512,5.711,-4.66966,-7.38423,-0.69383,-0.06998,-1.75557,,,,,,,,,,,,,,,,,,,,,,,,,,,,,,,,,,,,,,,,,,,,,,,,,,,High,High,High,,,,,
13,2025-04-05,14:30:56.83,4,2,"Cassedy, Brandon",1000183671,Right,GEO_PAT,"Stressler, Brenden",10083882,Left,SLU_BILL,Undefined,1,Top,2,0,1,Fastball,Four-Seam,BallCalled,Undefined,Undefined,Undefined,0,0,,88.98549,-3.184514,0.234822,2371.582481,183.484679,12:00,5.65698,0.73034,6.45383,-14.79347,19.64651,1.13173,1.49543,1.04039,81.80836,-6.025814,0.440146,0.42238,,,,,,,,,,,,-0.53221,11.47977,-0.74745,50,5.42442,-0.57295,-129.26982,-7.55877,-0.90396,25.99321,-12.67533,GEO_PAT,SLU_BILL,SpuhlerFieldMain,D1,A10,20250405-SpuhlerFieldMain-2,1e3e9e00-124c-11f0-a721-ed23b36d4136,89.23831,,,7.17713,,,,,,,7d675549-dbed-425c-a347-a0febeddec93,2025-04-05,18:30:56.83,2025-04-05T14:30:56.8321024-04:00,2025-04-05T18:30:56.8321024Z,,v3,471300,471427,05 April 2025 14:00-stlouis@georgemas,"Raymond, Andrew",10148052,Right,GEO_PAT,ec111832-f8e1-4b8d-a6b4-be7a4d6db5f9,54.04893,-130.08142,12.9966,5.65425,-7.163,-6.33766,-0.73,-0.54472,-0.45198,,,,,,,,,,,,,,,,,,,,,,,,,,,,,,,,,,,,,,,,,,,,,,,,,,,High,High,High,,,,,
14,2025-04-05,14:31:16.38,4,3,"Cassedy, Brandon",1000183671,Right,GEO_PAT,"Stressler, Brenden",10083882,Left,SLU_BILL,Undefined,1,Top,2,1,1,Curveball,Curveball,StrikeCalled,Undefined,Undefined,Undefined,0,0,,75.50949,1.495876,1.419448,2578.895872,41.562002,7:30,5.58597,0.91381,5.6719,-63.08177,-13.49564,-13.36461,1.72463,1.12383,69.4187,-9.988423,-0.976172,0.506817,,,,,,,,,,,,7.19957,-6.8039,-1.02514,50,5.67252,-2.22465,-109.69494,0.81096,8.71844,20.51874,-40.41338,GEO_PAT,SLU_BILL,SpuhlerFieldMain,D1,A10,20250405-SpuhlerFieldMain-2,29dd5170-124c-11f0-a721-ed23b36d4136,74.37084,,,6.09079,,,,,,,7d675549-dbed-425c-a347-a0febeddec93,2025-04-05,18:31:16.38,2025-04-05T14:31:16.3811328-04:00,2025-04-05T18:31:16.3811328Z,,v3,471300,471427,05 April 2025 14:00-stlouis@georgemas,"Raymond, Andrew",10148052,Right,GEO_PAT,503a7f5b-60ac-4107-a8aa-af7d374a5705,54.83496,-110.59563,10.25937,5.59799,2.58495,-20.20669,-0.91909,-2.60736,4.35922,,,,,,,,,,,,,,,,,,,,,,,,,,,,,,,,,,,,,,,,,,,,,,,,,,,High,High,High,,,,,
15,2025-04-05,14:31:47.43,4,4,"Cassedy, Brandon",1000183671,Right,GEO_PAT,"Stressler, Brenden",10083882,Left,SLU_BILL,Undefined,1,Top,2,1,2,Cutter,Slider,FoulBallNotFieldable,Undefined,Undefined,Undefined,0,0,,84.09651,-0.813758,-0.253583,2697.877901,120.374794,10:00,5.83591,0.69372,5.69807,-32.98931,6.22331,-8.81957,2.32838,-0.27757,78.24294,-6.861038,-1.832488,0.450696,,,,,,,,,,,,4.48181,3.65811,-0.66661,50,5.7466,0.88479,-122.35799,-2.84941,6.88866,21.00848,-26.55144,GEO_PAT,SLU_BILL,SpuhlerFieldMain,D1,A10,20250405-SpuhlerFieldMain-2,3c6bd640-124c-11f0-a721-ed23b36d4136,83.63154,,,5.85357,,,,,,,7d675549-dbed-425c-a347-a0febeddec93,2025-04-05,18:31:47.43,2025-04-05T14:31:47.4308096-04:00,2025-04-05T18:31:47.4308096Z,,v3,471300,471427,05 April 2025 14:00-stlouis@georgemas,"Raymond, Andrew",10148052,Right,GEO_PAT,5f2f3ba8-31d9-454d-836d-f03d8c70ffd6,54.8071,-123.18059,10.50424,5.83782,-1.80977,-13.27572,-0.69597,0.61506,3.44433,,,,,,,,,,,,,,,,,,,,,,,,,,,,,,,,,,,,,,,,,,,,,,,,,,,High,High,High,,,,,
16,2025-04-05,14:32:14.51,4,5,"Cassedy, Brandon",1000183671,Right,GEO_PAT,"Stressler, Brenden",10083882,Left,SLU_BILL,Undefined,1,Top,2,1,2,Curveball,Curveball,StrikeSwinging,Strikeout,Undefined,Undefined,0,0,,75.37149,0.545216,1.127218,2701.186624,50.036882,7:45,5.61504,0.96538,5.61175,-60.90039,-11.23091,-15.21272,1.04904,0.74997,69.69684,-10.508182,-1.59891,0.507243,,,,,,,,,,,,8.11717,-5.5367,-1.05139,50,5.62149,-1.61098,-109.56944,-0.91196,9.84252,19.82411,-38.88758,GEO_PAT,SLU_BILL,SpuhlerFieldMain,D1,A10,20250405-SpuhlerFieldMain-2,4c9960a0-124c-11f0-a721-ed23b36d4136,74.30841,,,5.67465,,,,,,,7d675549-dbed-425c-a347-a0febeddec93,2025-04-05,18:32:14.51,2025-04-05T14:32:14.5121280-04:00,2025-04-05T18:32:14.5121280Z,,v3,471300,471427,05 April 2025 14:00-stlouis@georgemas,"Raymond, Andrew",10148052,Right,GEO_PAT,49873706-1b18-49d4-97d5-f7a2b0e17f85,54.8958,-110.45167,9.91206,5.62356,0.81866,-19.44379,-0.96995,-2.049,4.92126,,,,,,,,,,,,,,,,,,,,,,,,,,,,,,,,,,,,,,,,,,,,,,,,,,,High,High,High,,,,,
17,2025-04-05,14:34:51.20,1,1,"Cunningham, Joshua",10051170,Right,SLU_BILL,"Clyne, Owen",1000230336,Left,GEO_PAT,Undefined,1,Bottom,0,0,0,Fastball,Four-Seam,BallCalled,Undefined,Undefined,Undefined,0,0,,87.27612,-0.511877,-3.431653,2272.460734,214.669409,1:15,6.32378,1.94296,5.14407,-21.49277,15.93273,10.27536,4.04986,-0.43585,80.46432,-4.486107,-1.617723,0.440307,,,,,,,,,,,,-5.94866,8.39107,-1.62945,50,6.25946,7.12816,-126.5839,-1.88693,-9.76802,22.92866,-18.39544,GEO_PAT,SLU_BILL,SpuhlerFieldMain,D1,A10,20250405-SpuhlerFieldMain-2,a9de0680-124c-11f0-a721-ed23b36d4136,85.60498,,,6.8118,,,,,,,7d675549-dbed-425c-a347-a0febeddec93,2025-04-05,18:34:51.20,2025-04-05T14:34:51.2045568-04:00,2025-04-05T18:34:51.2045568Z,,v3,471300,471427,05 April 2025 14:00-stlouis@georgemas,"Mendiola, Patrick",1000090289,Right,SLU_BILL,c30ca4bc-f7e6-49e8-ab35-2d51d627e12d,55.35822,-127.55076,11.46433,6.32268,-1.11123,-9.19772,-1.93871,7.54006,-4.88401,,,,,,,,,,,,,,,,,,,,,,,,,,,,,,,,,,,,,,,,,,,,,,,,,,,High,High,High,,,,,
18,2025-04-05,14:35:06.42,1,2,"Cunningham, Joshua",10051170,Right,SLU_BILL,"Clyne, Owen",1000230336,Left,GEO_PAT,Undefined,1,Bottom,0,1,0,Fastball,Four-Seam,BallCalled,Undefined,Undefined,Undefined,0,0,,87.0682,-1.136721,-2.089614,2227.039744,216.72717,1:15,6.21917,1.86015,5.05056,-19.37918,18.49745,12.93694,3.5312,0.96637,79.89225,-4.744912,0.19469,0.442953,,,,,,,,,,,,-6.9352,9.81422,-1.67164,50,6.09582,4.01438,-126.30433,-3.16655,-11.27306,24.21945,-16.22123,GEO_PAT,SLU_BILL,SpuhlerFieldMain,D1,A10,20250405-SpuhlerFieldMain-2,b2f301d0-124c-11f0-a721-ed23b36d4136,85.09363,,,7.17595,,,,,,,7d675549-dbed-425c-a347-a0febeddec93,2025-04-05,18:35:06.42,2025-04-05T14:35:06.4250368-04:00,2025-04-05T18:35:06.4250368Z,,v3,471300,471427,05 April 2025 14:00-stlouis@georgemas,"Mendiola, Patrick",1000090289,Right,SLU_BILL,895e7966-b439-4048-a5da-0975460a3588,55.45068,-127.34523,12.10973,6.21693,-2.46939,-8.11061,-1.85459,4.49887,-5.63653,,,,,,,,,,,,,,,,,,,,,,,,,,,,,,,,,,,,,,,,,,,,,,,,,,,High,High,High,,,,,
19,2025-04-05,14:35:20.83,1,3,"Cunningham, Joshua",10051170,Right,SLU_BILL,"Clyne, Owen",1000230336,Left,GEO_PAT,Undefined,1,Bottom,0,2,0,Fastball,Four-Seam,FoulBallNotFieldable,Undefined,Undefined,Undefined,0,0,,86.65062,-1.228148,-3.122937,2278.330275,211.704585,1:00,6.24411,1.92485,5.05316,-19.17312,18.93977,11.01138,3.48609,-0.10594,79.86342,-4.789729,-1.181305,0.444332,,,,,,,,,,,,-6.27847,10.06902,-1.63648,50,6.11222,6.37012,-125.68595,-3.35453,-10.15224,22.87987,-15.89248,GEO_PAT,SLU_BILL,SpuhlerFieldMain,D1,A10,20250405-SpuhlerFieldMain-2,bba17320-124c-11f0-a721-ed23b36d4136,84.82951,,,6.7872,,,,,,,7d675549-dbed-425c-a347-a0febeddec93,2025-04-05,18:35:20.83,2025-04-05T14:35:20.8393728-04:00,2025-04-05T18:35:20.8393728Z,,v3,471300,471427,05 April 2025 14:00-stlouis@georgemas,"Mendiola, Patrick",1000090289,Right,SLU_BILL,be925674-907d-442a-b89b-60b88d35e820,55.45034,-126.67424,11.43994,6.24229,-2.66805,-7.94624,-1.92111,6.80864,-5.07612,,,,,,,,,,,,,,,,,,,,,,,,,,,,,,,,,,,,,,,,,,,,,,,,,,,High,High,High,,,,,
20,2025-04-05,14:35:38.43,1,4,"Cunningham, Joshua",10051170,Right,SLU_BILL,"Clyne, Owen",1000230336,Left,GEO_PAT,Undefined,1,Bottom,0,2,1,Fastball,Four-Seam,FoulBallNotFieldable,Undefined,Undefined,Undefined,0,0,,87.25665,-2.522864,-3.197231,2181.806919,218.15009,1:15,6.29111,1.95543,4.97879,-19.05088,18.95847,13.94115,2.31549,0.09435,79.96333,-6.063667,-0.741468,0.443728,,,,,,,,,,,,-7.78197,10.43119,-1.65857,50,6.03212,6.42419,-126.35086,-6.23152,-12.62788,24.83117,-15.24727,GEO_PAT,SLU_BILL,SpuhlerFieldMain,D1,A10,20250405-SpuhlerFieldMain-2,c61980e0-124c-11f0-a721-ed23b36d4136,84.94496,,,7.29332,,,,,,,7d675549-dbed-425c-a347-a0febeddec93,2025-04-05,18:35:38.43,2025-04-05T14:35:38.4349184-04:00,2025-04-05T18:35:38.4349184Z,,v3,471300,471427,05 April 2025 14:00-stlouis@georgemas,"Mendiola, Patrick",1000090289,Right,SLU_BILL,f4b52ab2-02a5-41fc-9963-9bb3338d243a,55.52374,-127.43179,12.41559,6.28894,-5.56779,-7.62364,-1.95019,6.9739,-6.31394,,,,,,,,,,,,,,,,,,,,,,,,,,,,,,,,,,,,,,,,,,,,,,,,,,,High,High,High,,,,,
21,2025-04-05,14:35:56.19,1,5,"Cunningham, Joshua",10051170,Right,SLU_BILL,"Clyne, Owen",1000230336,Left,GEO_PAT,Undefined,1,Bottom,0,2,2,Fastball,Four-Seam,InPlay,Undefined,FlyBall,Out,1,0,,88.43381,-1.506515,-3.622563,2081.374678,207.178743,1:00,6.23153,1.99596,5.19953,-19.50257,17.39399,8.30382,3.18609,-0.72406,80.54761,-5.152273,-2.155745,0.437184,95.45227,49.393655,23.052562,3382.039025,97.16503,128.69264,51.56507,237.71094,115.60813,31.996198,6.139897,-5.20347,9.48225,-1.66644,50,6.07743,7.73303,-128.03249,-4.03595,-8.61545,27.05452,-16.47411,GEO_PAT,SLU_BILL,SpuhlerFieldMain,D1,A10,20250405-SpuhlerFieldMain-2,d0b5b870-124c-11f0-a721-ed23b36d4136,86.21642,145.07016,,7.8862,,,,1.98853,3.32657,0.89029,7d675549-dbed-425c-a347-a0febeddec93,2025-04-05,18:35:56.19,2025-04-05T14:35:56.1998336-04:00,2025-04-05T18:35:56.1998336Z,FlyBall,v3,471300,471427,05 April 2025 14:00-stlouis@georgemas,"Mendiola, Patrick",1000090289,Right,SLU_BILL,b2945f73-a032-48e7-b38a-e1697d080d8c,55.30236,-129.14807,13.52726,6.22984,-3.35665,-8.23706,-1.99263,8.08829,-4.30772,190.877662,2.00149,83.60856,-28.19138,7.93039,-1.39382,0.11001,0.00722,-0.00203,0.0001,3.32069,106.36623,-23.58771,1.33635,0.21526,-0.16588,0.04413,-0.00568,0.00028,0.8951,35.60174,-6.4251,1.18936,-0.05483,-0.03503,0.00898,-0.00085,3E-05,,,,,,,,,,,,,,,,,,,,,,,High,High,High,High,Low,,,
22,2025-04-05,14:36:38.83,2,1,"Cunningham, Joshua",10051170,Right,SLU_BILL,"Hull, Owen",10054797,Left,GEO_PAT,Undefined,1,Bottom,1,0,0,Fastball,Four-Seam,InPlay,Undefined,LineDrive,Single,0,0,,87.7757,-1.76958,-2.568041,2141.673223,213.798511,1:15,6.21354,1.86012,5.1183,-17.94084,19.803,12.36599,3.04925,0.4698,79.44627,-5.155226,-0.382897,0.442175,105.77628,7.739624,-26.592554,2618.821686,94.17213,7.942,-56.84694,166.01444,164.30445,-33.536177,1.318352,-6.94874,10.77835,-1.6285,50,6.03367,5.13609,-127.07758,-4.51238,-11.2601,28.23734,-14.7082,GEO_PAT,SLU_BILL,SpuhlerFieldMain,D1,A10,20250405-SpuhlerFieldMain-2,ea20adb0-124c-11f0-a721-ed23b36d4136,85.2432,8.86667,,8.32944,,,,1.42599,3.09791,-0.45486,7d675549-dbed-425c-a347-a0febeddec93,2025-04-05,18:36:38.83,2025-04-05T14:36:38.8356608-04:00,2025-04-05T18:36:38.8356608Z,LineDrive,v3,471300,471427,05 April 2025 14:00-stlouis@georgemas,"Mendiola, Patrick",1000090289,Right,SLU_BILL,7eb1fb6f-1cd6-4f61-aae9-be17c48df8ff,55.38246,-128.26801,14.11867,6.21083,-3.89231,-7.3541,-1.85504,5.61079,-5.63005,93.016583,1.42599,137.46283,-33.12686,7.62107,-1.74729,0.35491,-0.06829,0.01078,-0.00096,3.09791,20.8927,-20.04909,2.27791,-0.42226,0.07939,-0.01279,0.0019,-0.00018,-0.45486,-68.81393,-3.81018,4.16853,-1.66201,0.53654,-0.1453,0.02968,-0.00319,,,,,,,,,,,,,,,,,,,,,,,High,High,High,High,High,,,
23,2025-04-05,14:37:15.25,3,1,"Cunningham, Joshua",10051170,Right,SLU_BILL,"Quinn-Irons, Jaime",1000216379,Right,GEO_PAT,Undefined,1,Bottom,1,0,0,Cutter,Four-Seam,BallCalled,Undefined,Undefined,Undefined,0,0,,84.30629,-3.090033,-4.506156,2059.484167,208.454214,1:00,6.19119,2.0595,5.4347,-21.09391,19.61946,9.83394,1.5277,-1.34983,76.38807,-7.052386,-2.764032,0.45924,,,,,,,,,,,,-6.27414,11.2154,-1.66636,50,5.90219,9.1631,-121.68992,-7.22786,-9.32155,25.93096,-15.51117,GEO_PAT,SLU_BILL,SpuhlerFieldMain,D1,A10,20250405-SpuhlerFieldMain-2,ffba0180-124c-11f0-a721-ed23b36d4136,82.07566,,,7.91822,,,,,,,7d675549-dbed-425c-a347-a0febeddec93,2025-04-05,18:37:15.25,2025-04-05T14:37:15.2547328-04:00,2025-04-05T18:37:15.2547328Z,,v3,471300,471427,05 April 2025 14:00-stlouis@georgemas,"Mendiola, Patrick",1000090289,Right,SLU_BILL,dfcf2367-5ddf-498e-93f0-f62aff8e015e,55.06332,-122.76412,12.96548,6.18829,-6.58531,-7.75558,-2.05395,9.54925,-4.66077,,,,,,,,,,,,,,,,,,,,,,,,,,,,,,,,,,,,,,,,,,,,,,,,,,,High,High,High,,,,,
24,2025-04-05,14:37:52.20,3,2,"Cunningham, Joshua",10051170,Right,SLU_BILL,"Quinn-Irons, Jaime",1000216379,Right,GEO_PAT,Undefined,1,Bottom,1,1,0,Slider,Slider,FoulBallNotFieldable,Undefined,Undefined,Undefined,0,0,,78.96321,-0.431049,-1.697338,2136.674234,89.741821,9:00,6.01559,2.30089,4.74572,-45.64306,1.56787,-7.32469,1.80295,0.08003,72.0974,-8.659947,-2.985497,0.49453,83.63909,58.018095,36.390086,,,,,,181.70744,,,3.10677,1.31043,-2.12313,50,5.93183,3.69732,-114.39658,-2.53712,4.07743,22.9949,-30.45422,GEO_PAT,SLU_BILL,SpuhlerFieldMain,D1,A10,20250405-SpuhlerFieldMain-2,15db7110-124d-11f0-a721-ed23b36d4136,76.21871,89.06012,,6.86581,,,,2.73428,2.00657,-0.37035,7d675549-dbed-425c-a347-a0febeddec93,2025-04-05,18:37:52.20,2025-04-05T14:37:52.2007552-04:00,2025-04-05T18:37:52.2007552Z,,v3,471300,471427,05 April 2025 14:00-stlouis@georgemas,"Mendiola, Patrick",1000090289,Right,SLU_BILL,d954d329-f31f-4216-a0ff-7226c3ce7d6a,55.75668,-115.54793,11.49745,6.02069,-1.01227,-15.22711,-2.30314,3.49316,2.03871,205.477412,2.73428,52.3027,-21.01571,6.97033,-1.88982,0.47519,-0.11363,0.02168,-0.00219,2.00657,104.05098,-27.93957,3.0238,-0.34658,-0.01361,0.01969,-0.00612,0.00097,-0.37035,38.54691,-1.21378,-0.83527,0.45386,-0.15949,0.04629,-0.01046,0.00135,,,,,,,,,,,,,,,,,,,,,,,High,High,High,High,Undefined,,,
25,2025-04-05,14:38:31.81,3,3,"Cunningham, Joshua",10051170,Right,SLU_BILL,"Quinn-Irons, Jaime",1000216379,Right,GEO_PAT,Undefined,1,Bottom,1,1,1,Fastball,Four-Seam,FoulBallNotFieldable,Undefined,Undefined,Undefined,0,0,,87.1322,-1.884856,-2.251493,2164.030726,217.797169,1:15,6.17882,2.12548,5.17987,-18.19859,19.7132,14.32331,2.88667,1.19942,79.48521,-5.302846,0.283568,0.443158,89.51317,-0.357841,-43.701189,3375.903035,,,,46.60371,43.60051,-45.045302,0.349379,-7.82579,10.75107,-1.92754,50,5.9901,4.33165,-126.30383,-4.75313,-12.62303,26.07699,-14.83253,GEO_PAT,SLU_BILL,SpuhlerFieldMain,D1,A10,20250405-SpuhlerFieldMain-2,2d6ee730-124d-11f0-a721-ed23b36d4136,85.05417,3.00634,,7.64699,,,,2.2534,3.00634,-1.41704,7d675549-dbed-425c-a347-a0febeddec93,2025-04-05,18:38:31.81,2025-04-05T14:38:31.8102016-04:00,2025-04-05T18:38:31.8102016Z,GroundBall,v3,471300,471427,05 April 2025 14:00-stlouis@georgemas,"Mendiola, Patrick",1000090289,Right,SLU_BILL,129c61a6-3e5c-4afc-ac54-695f640b5425,55.32267,-127.39802,13.0385,6.17648,-4.13076,-7.41627,-2.1204,4.86131,-6.31152,,2.25815,94.73066,-19.92345,,,,,,,3.01145,-1.01447,-21.8075,,,,,,,-1.41365,-90.83308,1.35807,,,,,,,,,,,,,,,,,,,,,,,,,,,,,High,High,High,High,High,,,
26,2025-04-05,14:39:10.95,3,4,"Cunningham, Joshua",10051170,Right,SLU_BILL,"Quinn-Irons, Jaime",1000216379,Right,GEO_PAT,Undefined,1,Bottom,1,1,2,Slider,Slider,BallCalled,Undefined,Undefined,Undefined,0,0,,78.59909,-1.614075,-3.832411,2347.436368,67.738293,8:15,5.99978,2.34142,4.99159,-47.82518,-1.10882,-6.00528,0.48644,-1.78319,73.14758,-10.163659,-4.890687,0.491933,,,,,,,,,,,,2.01288,0.17701,-1.96653,50,5.80442,7.86586,-113.88547,-4.91665,2.65746,19.88745,-31.94035,GEO_PAT,SLU_BILL,SpuhlerFieldMain,D1,A10,20250405-SpuhlerFieldMain-2,44cf3f60-124d-11f0-a721-ed23b36d4136,76.62109,,,5.45151,,,,,,,7d675549-dbed-425c-a347-a0febeddec93,2025-04-05,18:39:10.95,2025-04-05T14:39:10.9595136-04:00,2025-04-05T18:39:10.9595136Z,,v3,471300,471427,05 April 2025 14:00-stlouis@georgemas,"Mendiola, Patrick",1000090289,Right,SLU_BILL,0126d113-3685-47a6-8e04-0fe50142669a,55.51382,-114.84429,9.94373,6.00434,-3.37672,-15.97018,-2.34267,7.73774,1.32873,,,,,,,,,,,,,,,,,,,,,,,,,,,,,,,,,,,,,,,,,,,,,,,,,,,High,High,High,,,,,
27,2025-04-05,14:39:32.99,3,5,"Cunningham, Joshua",10051170,Right,SLU_BILL,"Quinn-Irons, Jaime",1000216379,Right,GEO_PAT,Undefined,1,Bottom,1,2,2,Fastball,Four-Seam,InPlay,Undefined,GroundBall,FieldersChoice,1,0,,87.03786,-2.06563,-2.661161,2269.374669,216.108843,1:15,6.20224,1.85746,5.27259,-21.23808,16.83198,11.32595,2.48912,0.29973,79.1181,-6.032018,-0.653713,0.444082,88.4293,-29.920332,-37.547763,,,,,7.42598,7.42598,-24.992652,0.041039,-6.50922,9.43201,-1.62293,50,5.99807,5.36545,-126.06666,-5.26413,-10.4066,27.19991,-17.09466,GEO_PAT,SLU_BILL,SpuhlerFieldMain,D1,A10,20250405-SpuhlerFieldMain-2,51e9e470-124d-11f0-a721-ed23b36d4136,84.8772,2.6612,,7.91977,,,,3.06437,2.6612,-0.31942,7d675549-dbed-425c-a347-a0febeddec93,2025-04-05,18:39:32.99,2025-04-05T14:39:32.9999360-04:00,2025-04-05T18:39:32.9999360Z,GroundBall,v3,471300,471427,05 April 2025 14:00-stlouis@georgemas,"Mendiola, Patrick",1000090289,Right,SLU_BILL,d3b5303f-c4b8-48f2-9dc9-99d38fa45514,55.22956,-127.18997,13.59995,6.2009,-4.55815,-8.54733,-1.85339,5.79522,-5.2033,,3.06297,89.337,,,,,,,,2.66222,-64.84648,,,,,,,,-0.31834,-68.66909,,,,,,,,,,,,,,,,,,,,,,,,,,,,,,High,High,High,Estimated,Estimated,,,
28,2025-04-05,14:40:25.51,4,1,"Cunningham, Joshua",10051170,Right,SLU_BILL,"Butler, Jake",1000176047,Right,GEO_PAT,Undefined,1,Bottom,2,0,0,Slider,Slider,StrikeSwinging,Undefined,Undefined,Undefined,0,0,,79.96635,-0.903077,-2.379498,2302.8505,63.685322,8:00,5.99066,2.41608,4.68746,-45.96337,-0.62791,-3.84666,1.30204,-0.16525,74.40672,-9.109703,-3.05509,0.484608,,,,,,,,,,,,1.30618,0.25689,-2.17044,50,5.85691,4.98434,-116.03999,-3.57321,1.79849,19.71553,-31.82036,GEO_PAT,SLU_BILL,SpuhlerFieldMain,D1,A10,20250405-SpuhlerFieldMain-2,71425640-124d-11f0-a721-ed23b36d4136,77.77925,,,5.55963,,,,,,,7d675549-dbed-425c-a347-a0febeddec93,2025-04-05,18:40:25.51,2025-04-05T14:40:25.5180000-04:00,2025-04-05T18:40:25.5180000Z,,v3,471300,471427,05 April 2025 14:00-stlouis@georgemas,"Mendiola, Patrick",1000090289,Right,SLU_BILL,aae6478c-6dd8-47f5-aae6-895bce989471,55.81728,-117.02419,9.85777,5.99564,-1.98474,-15.91018,-2.41701,4.89456,0.89925,,,,,,,,,,,,,,,,,,,,,,,,,,,,,78.5864,,0.776755,,1.78038,1.36025,0.14586,-1.51792,5.53071,1.63936,,,,-1.42287,113.3209,-11.41735,5.551,7.23091,-12.16242,1.56224,-9.20853,6.06028,High,High,High,,,High,Medium,Medium
29,2025-04-05,14:43:38.66,4,2,"Cunningham, Joshua",10051170,Right,SLU_BILL,"Butler, Jake",1000176047,Right,GEO_PAT,Undefined,1,Bottom,2,0,1,Slider,Slider,FoulBallNotFieldable,Undefined,Undefined,Undefined,0,0,,78.70417,0.369283,-2.562645,2276.819533,77.587538,8:30,6.03071,2.32743,4.66562,-46.45963,-0.03626,-5.4874,2.51023,-0.56584,73.69349,-7.925059,-3.524591,0.490388,70.25963,40.516813,111.991369,4684.354365,,,,,28.20318,,,2.14291,0.20535,-2.06054,50,6.02558,5.34345,-114.32347,-0.9993,2.891,17.24734,-31.89699,GEO_PAT,SLU_BILL,SpuhlerFieldMain,D1,A10,20250405-SpuhlerFieldMain-2,e4640fb0-124d-11f0-a721-ed23b36d4136,76.86248,26.83074,,5.01067,,,,1.51846,2.48727,0.51797,7d675549-dbed-425c-a347-a0febeddec93,2025-04-05,18:43:38.66,2025-04-05T14:43:38.6687488-04:00,2025-04-05T18:43:38.6687488Z,,v3,471300,471427,05 April 2025 14:00-stlouis@georgemas,"Mendiola, Patrick",1000090289,Right,SLU_BILL,487a67ff-65b2-4b4e-843f-0753556faedf,55.8402,-115.20118,8.62367,6.03513,0.62392,-15.94849,-2.32872,5.19633,1.4455,,1.52102,-29.42306,-0.28362,,,,,,,2.48508,67.02426,-14.806,,,,,,,0.53536,72.054,-18.74383,,,,,,,,,,,,,,,,,,,,,,,,,,,,,High,High,High,Medium,Undefined,,,
30,2025-04-05,14:43:58.66,4,3,"Cunningham, Joshua",10051170,Right,SLU_BILL,"Butler, Jake",1000176047,Right,GEO_PAT,Undefined,1,Bottom,2,0,2,Slider,Slider,BallCalled,Undefined,Undefined,Undefined,0,0,,80.45877,-2.038521,-3.806068,2193.140998,139.617546,10:45,5.99591,2.18822,4.7982,-39.81593,5.07614,-3.19705,0.74106,-1.69026,74.6705,-9.16779,-4.367081,0.482232,,,,,,,,,,,,0.61,3.36311,-1.80525,50,5.75733,7.88305,-116.50822,-5.61933,0.84405,20.52894,-27.52069,GEO_PAT,SLU_BILL,SpuhlerFieldMain,D1,A10,20250405-SpuhlerFieldMain-2,f048f3e0-124d-11f0-a721-ed23b36d4136,78.16242,,,5.78826,,,,,,,7d675549-dbed-425c-a347-a0febeddec93,2025-04-05,18:43:58.66,2025-04-05T14:43:58.6651648-04:00,2025-04-05T18:43:58.6651648Z,,v3,471300,471427,05 April 2025 14:00-stlouis@georgemas,"Mendiola, Patrick",1000090289,Right,SLU_BILL,55f13365-9104-4ca1-aab4-d707221e2f22,55.70624,-117.50937,10.26447,5.99865,-4.27721,-13.76034,-2.18868,7.84189,0.42202,,,,,,,,,,,,,,,,,,,,,,,,,,,,,,,,,,,,,,,,,,,,,,,,,,,High,High,High,,,,,
31,2025-04-05,14:44:18.62,4,4,"Cunningham, Joshua",10051170,Right,SLU_BILL,"Butler, Jake",1000176047,Right,GEO_PAT,Undefined,1,Bottom,2,1,2,Fastball,Four-Seam,StrikeCalled,Strikeout,Undefined,Undefined,0,0,,87.67853,-2.581706,-3.55901,2299.72778,203.839615,12:45,6.30063,1.86142,5.26717,-14.97965,22.92131,9.50674,2.62063,-0.69415,78.97729,-5.460493,-1.877656,0.443095,,,,,,,,,,,,-5.83713,12.63272,-1.54251,50,6.05343,7.44075,-126.67916,-6.14021,-9.36139,29.03191,-11.91407,GEO_PAT,SLU_BILL,SpuhlerFieldMain,D1,A10,20250405-SpuhlerFieldMain-2,fc16cda0-124d-11f0-a721-ed23b36d4136,85.06632,,,8.70125,,,,,,,7d675549-dbed-425c-a347-a0febeddec93,2025-04-05,18:44:18.62,2025-04-05T14:44:18.6268672-04:00,2025-04-05T18:44:18.6268672Z,,v3,471300,471427,05 April 2025 14:00-stlouis@georgemas,"Mendiola, Patrick",1000090289,Right,SLU_BILL,d5adb3bb-9ec8-4c05-8c10-bf9ef2646d0a,55.23071,-127.87229,14.51596,6.29572,-5.65058,-5.95703,-1.85621,7.82548,-4.6807,,,,,,,,,,,,,,,,,,,,,,,,,,,,,,,,,,,,,,,,,,,,,,,,,,,High,High,High,,,,,
32,2025-04-05,14:46:45.29,1,1,"Cassedy, Brandon",1000183671,Right,GEO_PAT,"McGwire, Max",695679,Right,SLU_BILL,Undefined,2,Top,0,0,0,Cutter,Slider,InPlay,Undefined,LineDrive,Out,1,0,,82.12461,-0.010369,-0.545921,2543.314982,104.019134,9:30,5.72847,0.73338,5.68554,-37.8838,2.88437,-7.65197,2.56182,-0.41318,77.09054,-6.918565,-1.915271,0.459549,103.91166,16.908814,-1.246362,2351.858543,109.88579,30.61982,5.00863,334.82593,298.74851,10.014595,3.596097,3.81819,1.74291,-0.68237,50,5.70323,1.42998,-119.60818,-1.29367,5.66142,17.97437,-29.58974,GEO_PAT,SLU_BILL,SpuhlerFieldMain,D1,A10,20250405-SpuhlerFieldMain-2,53b27a00-124e-11f0-a721-ed23b36d4136,82.02047,39.86986,,5.03407,,,,1.97169,2.40129,0.43098,7d675549-dbed-425c-a347-a0febeddec93,2025-04-05,18:46:45.29,2025-04-05T14:46:45.2973568-04:00,2025-04-05T18:46:45.2973568Z,LineDrive,v3,471300,471427,05 April 2025 14:00-stlouis@georgemas,"Raymond, Andrew",10148052,Right,GEO_PAT,a74095c6-b74e-4e56-a3f3-547f7629b660,54.82056,-120.33042,8.98719,5.73132,-0.10471,-14.79487,-0.73525,1.20249,2.83071,228.404443,1.97179,145.77573,-26.80268,5.50157,-0.91295,0.06919,0.01343,-0.00455,0.00042,2.40131,44.32736,-13.16708,-0.11208,0.01812,0.09241,-0.04489,0.00944,-0.00076,0.43127,-3.17864,13.11226,-4.44349,1.05985,-0.15353,0.00685,0.00155,-0.0002,,,,,,,,,,,,,,,,,,,,,,,High,High,High,High,Medium,,,
33,2025-04-05,14:47:23.55,2,1,"Cassedy, Brandon",1000183671,Right,GEO_PAT,"Sitzman, Ethan ",,Right,SLU_BILL,Undefined,2,Top,1,0,0,Fastball,Four-Seam,StrikeCalled,Undefined,Undefined,Undefined,0,0,,88.89335,-3.070232,-0.991275,2314.64459,182.075974,12:00,5.69828,0.45084,6.40281,-14.09918,20.54607,0.70528,1.69677,-0.40208,81.54337,-5.790292,-0.863494,0.423636,,,,,,,,,,,,-0.63846,11.90658,-0.38008,50,5.47118,2.20625,-129.09123,-7.26301,-1.07962,26.35095,-12.04051,GEO_PAT,SLU_BILL,SpuhlerFieldMain,D1,A10,20250405-SpuhlerFieldMain-2,6a60c040-124e-11f0-a721-ed23b36d4136,88.97356,,,7.34998,,,,,,,7d675549-dbed-425c-a347-a0febeddec93,2025-04-05,18:47:23.55,2025-04-05T14:47:23.5516416-04:00,2025-04-05T18:47:23.5516416Z,,v3,471300,471427,05 April 2025 14:00-stlouis@georgemas,"Raymond, Andrew",10148052,Right,GEO_PAT,3380f42e-344c-4dcc-8c36-bf9c0a6a430c,54.09924,-129.92531,13.17548,5.69504,-6.88189,-6.02025,-0.45046,2.24042,-0.53981,,,,,,,,,,,,,,,,,,,,,,,,,,,,,,,,,,,,,,,,,,,,,,,,,,,High,High,High,,,,,
34,2025-04-05,14:47:38.54,2,2,"Cassedy, Brandon",1000183671,Right,GEO_PAT,"Sitzman, Ethan ",,Right,SLU_BILL,Undefined,2,Top,1,0,1,Fastball,Four-Seam,BallCalled,Undefined,Undefined,Undefined,0,0,,88.94709,-2.121837,0.472667,2329.607795,181.442739,12:00,5.68212,0.72757,6.35076,-14.31765,20.19296,0.48232,2.53481,1.20288,81.77323,-4.879361,0.559983,0.422812,,,,,,,,,,,,-0.12709,11.39615,-0.76209,50,5.52091,-1.08572,-129.29699,-5.14112,-0.21635,25.54518,-12.77412,GEO_PAT,SLU_BILL,SpuhlerFieldMain,D1,A10,20250405-SpuhlerFieldMain-2,7353b4a0-124e-11f0-a721-ed23b36d4136,89.14695,,,7.17386,,,,,,,7d675549-dbed-425c-a347-a0febeddec93,2025-04-05,18:47:38.54,2025-04-05T14:47:38.5479168-04:00,2025-04-05T18:47:38.5479168Z,,v3,471300,471427,05 April 2025 14:00-stlouis@georgemas,"Raymond, Andrew",10148052,Right,GEO_PAT,b82a0075-562d-4790-bf74-9f8b05f9508b,54.15097,-130.11451,12.77259,5.6789,-4.73231,-6.38706,-0.72746,-1.0788,-0.10817,,,,,,,,,,,,,,,,,,,,,,,,,,,,,,,,,,,,,,,,,,,,,,,,,,,High,High,High,,,,,
35,2025-04-05,14:47:58.69,2,3,"Cassedy, Brandon",1000183671,Right,GEO_PAT,"Sitzman, Ethan ",,Right,SLU_BILL,Undefined,2,Top,1,1,1,Fastball,Four-Seam,StrikeSwinging,Undefined,Undefined,Undefined,0,0,,88.74511,-2.007323,-1.184099,2276.697956,178.023213,12:00,5.66931,0.57851,6.51828,-14.37599,20.10505,-0.6578,2.62823,-0.563,81.52509,-4.785629,-1.303515,0.422631,,,,,,,,,,,,0.03039,11.39068,-0.49575,50,5.52265,2.69191,-129.00909,-4.85784,0.05146,25.69015,-12.88944,GEO_PAT,SLU_BILL,SpuhlerFieldMain,D1,A10,20250405-SpuhlerFieldMain-2,7f3d7ad0-124e-11f0-a721-ed23b36d4136,89.18515,,,7.22002,,,,,,,7d675549-dbed-425c-a347-a0febeddec93,2025-04-05,18:47:58.69,2025-04-05T14:47:58.6990080-04:00,2025-04-05T18:47:58.6990080Z,,v3,471300,471427,05 April 2025 14:00-stlouis@georgemas,"Raymond, Andrew",10148052,Right,GEO_PAT,1087bb75-1269-4b83-9096-429b6ae3c097,53.98327,-129.79987,12.84507,5.66607,-4.46108,-6.44472,-0.57858,2.69033,0.02573,,,,,,,,,,,,,,,,,,,,,,,,,,,,,,,,,,,,,,,,,,,,,,,,,,,High,High,High,,,,,
36,2025-04-05,14:48:17.19,2,4,"Cassedy, Brandon",1000183671,Right,GEO_PAT,"Sitzman, Ethan ",,Right,SLU_BILL,Undefined,2,Top,1,1,2,Fastball,Four-Seam,BallCalled,Undefined,Undefined,Undefined,0,0,,88.92708,-0.153108,0.251813,2247.541604,187.889021,12:15,5.66421,0.61159,6.43442,-17.92899,16.06469,2.10339,4.02941,1.01831,82.5617,-3.553704,0.63318,0.419634,,,,,,,,,,,,-1.04169,8.72674,-0.63039,50,5.64483,-0.65008,-129.50945,-0.83994,-1.79992,22.65232,-17.09552,GEO_PAT,SLU_BILL,SpuhlerFieldMain,D1,A10,20250405-SpuhlerFieldMain-2,8a4349a0-124e-11f0-a721-ed23b36d4136,89.82221,,,6.36538,,,,,,,7d675549-dbed-425c-a347-a0febeddec93,2025-04-05,18:48:17.19,2025-04-05T14:48:17.1903488-04:00,2025-04-05T18:48:17.1903488Z,,v3,471300,471427,05 April 2025 14:00-stlouis@georgemas,"Raymond, Andrew",10148052,Right,GEO_PAT,4202e2a0-33e7-4c5e-bb00-f8df4ef268fa,54.06865,-130.21914,11.32616,5.66275,-0.30434,-8.54776,-0.61091,-0.59369,-0.89996,,,,,,,,,,,,,,,,,,,,,,,,,,,,,,,,,,,,,,,,,,,,,,,,,,,High,High,High,,,,,
37,2025-04-05,14:48:37.55,2,5,"Cassedy, Brandon",1000183671,Right,GEO_PAT,"Sitzman, Ethan ",,Right,SLU_BILL,Undefined,2,Top,1,2,2,Fastball,Four-Seam,InPlay,Undefined,GroundBall,Out,1,0,,89.33555,-1.917758,0.691252,2253.190141,183.211726,12:00,5.65007,0.46968,6.316,-15.05639,18.94068,1.00992,2.62806,1.19061,82.73491,-4.789853,0.873951,0.419655,61.27154,-5.391936,-5.21093,,,,,25.44427,24.23472,-7.011307,0.276585,-0.36291,10.65107,-0.52076,50,5.5022,-1.60717,-129.98001,-4.75399,-0.62904,23.89004,-13.71303,GEO_PAT,SLU_BILL,SpuhlerFieldMain,D1,A10,20250405-SpuhlerFieldMain-2,967eb240-124e-11f0-a721-ed23b36d4136,89.81774,2.9089,,6.60064,,,,1.14272,2.9089,-1.16301,7d675549-dbed-425c-a347-a0febeddec93,2025-04-05,18:48:37.55,2025-04-05T14:48:37.5546368-04:00,2025-04-05T18:48:37.5546368Z,GroundBall,v3,471300,471427,05 April 2025 14:00-stlouis@georgemas,"Raymond, Andrew",10148052,Right,GEO_PAT,1e9f9fc0-83ac-4ec0-a6dd-5a56b996a59d,54.18782,-130.74746,11.94502,5.64784,-4.31347,-6.85652,-0.46946,-1.58697,-0.31452,203.614437,1.14374,89.04831,-6.80002,,,,,,,2.90857,-8.42831,-7.54466,,,,,,,-1.16359,-8.09757,3.89501,,,,,,,,,,,,,,,,,,,,,,,,,,,,,High,High,High,Medium,High,,,
38,2025-04-05,14:49:12.89,3,1,"Cassedy, Brandon",1000183671,Right,GEO_PAT,"Gomric, Hank",10135210,Left,SLU_BILL,Undefined,2,Top,2,0,0,Fastball,Four-Seam,StrikeSwinging,Undefined,Undefined,Undefined,0,0,,89.37282,-0.668346,-1.04177,2304.1217,195.767794,12:30,5.70525,0.60511,6.51292,-16.53025,17.08741,4.57122,3.71426,0.0299,82.85864,-3.820057,-0.211838,0.417307,,,,,,,,,,,,-2.64268,9.41398,-0.53427,50,5.651,2.19223,-130.132,-1.95465,-4.60197,23.33636,-15.78061,GEO_PAT,SLU_BILL,SpuhlerFieldMain,D1,A10,20250405-SpuhlerFieldMain-2,ab74e840-124e-11f0-a721-ed23b36d4136,90.32315,,,6.51418,,,,,,,7d675549-dbed-425c-a347-a0febeddec93,2025-04-05,18:49:12.89,2025-04-05T14:49:12.8911872-04:00,2025-04-05T18:49:12.8911872Z,,v3,471300,471427,05 April 2025 14:00-stlouis@georgemas,"Raymond, Andrew",10148052,Right,GEO_PAT,3e61b6e4-845e-4b8f-b8f4-662d93456cb8,53.99034,-130.84562,11.66818,5.7034,-1.47207,-7.89031,-0.60346,2.33296,-2.30098,,,,,,,,,,,,,,,,,,,,,,,,,,,,,,,,,,,,,,,,,,,,,,,,,,,High,High,High,,,,,
39,2025-04-05,14:49:30.84,3,2,"Cassedy, Brandon",1000183671,Right,GEO_PAT,"Gomric, Hank",10135210,Left,SLU_BILL,Undefined,2,Top,2,0,1,Fastball,Four-Seam,FoulBallNotFieldable,Undefined,Undefined,Undefined,0,0,,90.44858,-1.371924,-0.837374,2312.134455,194.071195,12:30,5.67297,0.60137,6.18369,-13.68646,19.7832,4.71485,3.26515,0.22095,83.30481,-4.002371,0.013358,0.416387,72.16355,32.824871,-149.303128,2816.89002,-98.17726,38.35128,-49.61004,206.422,77.91058,-156.963275,2.813482,-2.6724,10.93087,-0.54056,50,5.5623,1.73436,-131.55491,-3.51309,-4.72184,25.75824,-12.86031,GEO_PAT,SLU_BILL,SpuhlerFieldMain,D1,A10,20250405-SpuhlerFieldMain-2,b6426900-124e-11f0-a721-ed23b36d4136,90.52265,38.39796,,7.14377,,,,2.04448,3.10616,-0.06128,7d675549-dbed-425c-a347-a0febeddec93,2025-04-05,18:49:30.84,2025-04-05T14:49:30.8462592-04:00,2025-04-05T18:49:30.8462592Z,FlyBall,v3,471300,471427,05 April 2025 14:00-stlouis@georgemas,"Raymond, Andrew",10148052,Right,GEO_PAT,44af3468-efdc-4d84-b555-f45620aa9a37,54.31987,-132.39803,12.87912,5.6704,-3.09214,-6.43015,-0.59986,1.88891,-2.36092,36.394382,2.04424,-76.46899,0.87709,1.44056,-0.58419,0.181,-0.01166,-0.0075,0.00129,3.10636,57.36366,-26.49333,3.04541,-0.34003,-0.1621,0.10734,-0.02408,0.00195,-0.06165,-45.38809,7.64797,-0.7357,-0.23483,0.25894,-0.08168,0.00912,-9E-05,,,,,,,,,,,,,,,,,,,,,,,High,High,High,High,Low,,,
40,2025-04-05,14:49:59.89,3,3,"Cassedy, Brandon",1000183671,Right,GEO_PAT,"Gomric, Hank",10135210,Left,SLU_BILL,Undefined,2,Top,2,0,2,Fastball,Four-Seam,FoulBallNotFieldable,Undefined,Undefined,Undefined,0,0,,90.51024,-0.454252,-0.77083,2345.73611,187.473311,12:15,5.69545,0.60251,6.3802,-15.60568,17.50855,2.17386,3.977,0.07444,83.44502,-3.440542,-0.377133,0.41417,80.95664,47.905508,-83.502304,3703.6537,,,,,64.05576,,,-1.33433,9.56583,-0.54794,50,5.65523,1.68763,-131.72685,-1.4656,-2.36676,25.49632,-15.20687,GEO_PAT,SLU_BILL,SpuhlerFieldMain,D1,A10,20250405-SpuhlerFieldMain-2,c7933db0-124e-11f0-a721-ed23b36d4136,91.00715,65.4568,,7.06522,,,,1.46701,4.4017,-0.35352,7d675549-dbed-425c-a347-a0febeddec93,2025-04-05,18:49:59.89,2025-04-05T14:49:59.8968320-04:00,2025-04-05T18:49:59.8968320Z,,v3,471300,471427,05 April 2025 14:00-stlouis@georgemas,"Raymond, Andrew",10148052,Right,GEO_PAT,3ca272c7-39f7-4225-b23b-ffd5f5e5b238,54.12327,-132.52253,12.74816,5.69356,-0.99104,-7.60344,-0.60176,1.7615,-1.18338,,1.467,9.00836,-11.9733,3.86704,-0.83185,0.21418,-0.46228,0.48167,-0.15603,4.4017,88.10683,-25.19099,2.70517,-0.55815,0.18774,-0.06666,-0.00616,0.00935,-0.35352,-79.08434,11.92744,-2.43673,0.45406,-0.16557,0.20036,-0.15594,0.04484,,,,,,,,,,,,,,,,,,,,,,,High,High,High,Low,Undefined,,,
41,2025-04-05,14:50:29.71,3,4,"Cassedy, Brandon",1000183671,Right,GEO_PAT,"Gomric, Hank",10135210,Left,SLU_BILL,Undefined,2,Top,2,0,2,Curveball,Curveball,BallCalled,Undefined,Undefined,Undefined,0,0,,75.91881,-0.119439,0.694918,2707.695782,36.425456,7:15,5.61512,0.71804,5.75429,-62.13342,-13.11725,-10.85079,0.32614,0.46076,69.93452,-11.41372,-1.257227,0.503896,,,,,,,,,,,,5.8215,-6.37929,-0.76874,50,5.56651,-0.95555,-110.33346,-2.19523,7.10241,21.51262,-39.957,GEO_PAT,SLU_BILL,SpuhlerFieldMain,D1,A10,20250405-SpuhlerFieldMain-2,d95f83f0-124e-11f0-a721-ed23b36d4136,74.80199,,,5.98428,,,,,,,7d675549-dbed-425c-a347-a0febeddec93,2025-04-05,18:50:29.71,2025-04-05T14:50:29.7104384-04:00,2025-04-05T18:50:29.7104384Z,,v3,471300,471427,05 April 2025 14:00-stlouis@georgemas,"Raymond, Andrew",10148052,Right,GEO_PAT,1d26d83a-e091-4c6a-9aa3-9aaf4831c81f,54.75277,-111.25629,10.75631,5.62391,-0.48119,-19.9785,-0.72121,-1.26023,3.5512,,,,,,,,,,,,,,,,,,,,,,,,,,,,,,,,,,,,,,,,,,,,,,,,,,,High,High,High,,,,,
42,2025-04-05,14:50:53.44,3,5,"Cassedy, Brandon",1000183671,Right,GEO_PAT,"Gomric, Hank",10135210,Left,SLU_BILL,Undefined,2,Top,2,1,2,Fastball,Four-Seam,InPlay,Undefined,FlyBall,Out,1,0,,90.52294,-1.453476,-1.421946,2391.295219,186.294611,12:15,5.64851,0.57731,6.3415,-14.21296,19.24241,2.00748,3.12519,-0.56485,82.84051,-4.198685,-1.058772,0.416298,79.54219,36.994584,25.417925,3205.791963,98.19952,72.28956,49.56588,275.7907,270.50858,31.35401,5.052615,-1.44638,10.77465,-0.47478,50,5.53588,3.18723,-131.57682,-3.70303,-2.53726,27.74448,-13.27291,GEO_PAT,SLU_BILL,SpuhlerFieldMain,D1,A10,20250405-SpuhlerFieldMain-2,e7783810-124e-11f0-a721-ed23b36d4136,90.54198,84.40548,,7.68243,,,,3.09349,3.29507,0.5485,7d675549-dbed-425c-a347-a0febeddec93,2025-04-05,18:50:53.44,2025-04-05T14:50:53.4457856-04:00,2025-04-05T18:50:53.4457856Z,FlyBall,v3,471300,471427,05 April 2025 14:00-stlouis@georgemas,"Raymond, Andrew",10148052,Right,GEO_PAT,e1414496-1d4f-4527-9b94-5a0c59538ef9,54.16143,-132.4514,13.87224,5.64601,-3.28463,-6.63645,-0.57651,3.26721,-1.26863,188.477814,3.09723,84.0795,-17.16035,3.50956,-0.38858,-0.03119,0.01787,-0.00224,0.0001,3.29208,70.25619,-16.84961,1.00511,-0.1855,0.01379,0.00786,-0.00206,0.00014,0.5499,39.96307,-6.08983,1.51911,-0.23747,0.01077,0.00367,-0.00066,3E-05,,,,,,,,,,,,,,,,,,,,,,,High,High,High,High,Medium,,,
43,2025-04-05,14:52:51.01,1,1,"Cunningham, Joshua",10051170,Right,SLU_BILL,"Alberti, Lucas",1000145512,Right,GEO_PAT,Undefined,2,Bottom,0,0,0,Fastball,Four-Seam,BallCalled,Undefined,Undefined,Undefined,0,0,,86.53119,-1.480357,-3.162608,2195.827129,203.698723,12:45,6.31802,1.79825,5.45443,-18.69048,19.69371,8.05237,3.37219,-0.49448,78.32076,-5.023107,-1.73245,0.445911,,,,,,,,,,,,-4.97922,10.72792,-1.52449,50,6.17473,6.56311,-125.25511,-3.8037,-7.84212,27.33386,-15.2778,GEO_PAT,SLU_BILL,SpuhlerFieldMain,D1,A10,20250405-SpuhlerFieldMain-2,2d7f28f0-124f-11f0-a721-ed23b36d4136,84.52915,,,8.21043,,,,,,,7d675549-dbed-425c-a347-a0febeddec93,2025-04-05,18:52:51.01,2025-04-05T14:52:51.0156800-04:00,2025-04-05T18:52:51.0156800Z,,v3,471300,471427,05 April 2025 14:00-stlouis@georgemas,"Mendiola, Patrick",1000090289,Right,SLU_BILL,0ba3b007-578c-43b1-8d7e-350d9462f5e9,55.04396,-126.35103,13.66693,6.31496,-3.19115,-7.6389,-1.79394,6.87753,-3.92106,,,,,,,,,,,,,,,,,,,,,,,,,,,,,,,,,,,,,,,,,,,,,,,,,,,High,High,High,,,,,
44,2025-04-05,14:53:06.40,1,2,"Cunningham, Joshua",10051170,Right,SLU_BILL,"Alberti, Lucas",1000145512,Right,GEO_PAT,Undefined,2,Bottom,0,1,0,Fastball,Four-Seam,BallCalled,Undefined,Undefined,Undefined,0,0,,86.01622,-2.529174,-1.977244,2090.76219,216.138882,1:15,6.20858,1.75007,5.00517,-19.40568,19.66009,13.44009,2.20089,1.00279,78.78235,-6.139801,0.394803,0.449852,,,,,,,,,,,,-7.20193,10.80615,-1.5715,50,5.95024,3.69773,-124.64452,-6.16042,-11.35572,24.52308,-15.13531,GEO_PAT,SLU_BILL,SpuhlerFieldMain,D1,A10,20250405-SpuhlerFieldMain-2,36a8bdb0-124f-11f0-a721-ed23b36d4136,83.78855,,,7.23387,,,,,,,7d675549-dbed-425c-a347-a0febeddec93,2025-04-05,18:53:06.40,2025-04-05T14:53:06.4039424-04:00,2025-04-05T18:53:06.4039424Z,,v3,471300,471427,05 April 2025 14:00-stlouis@georgemas,"Mendiola, Patrick",1000090289,Right,SLU_BILL,fc8c8e08-580d-4520-922f-9d03d3810a02,55.49654,-125.72128,12.26154,6.20614,-5.49586,-7.56765,-1.74481,4.19633,-5.67786,,,,,,,,,,,,,,,,,,,,,,,,,,,,,,,,,,,,,,,,,,,,,,,,,,,High,High,High,,,,,
45,2025-04-05,14:53:22.95,1,3,"Cunningham, Joshua",10051170,Right,SLU_BILL,"Alberti, Lucas",1000145512,Right,GEO_PAT,Undefined,2,Bottom,0,2,0,Fastball,Four-Seam,BallCalled,Undefined,Undefined,Undefined,0,0,,86.32212,-1.355856,-3.183116,2077.288387,221.152537,1:15,6.36198,1.78724,5.00582,-20.39789,18.43296,15.01603,3.38001,0.03061,78.85999,-5.153281,-0.536973,0.448497,,,,,,,,,,,,-8.28422,9.86347,-1.49387,50,6.21561,6.26774,-125.04291,-3.65892,-13.14004,24.78537,-16.52906,GEO_PAT,SLU_BILL,SpuhlerFieldMain,D1,A10,20250405-SpuhlerFieldMain-2,4089bb90-124f-11f0-a721-ed23b36d4136,84.04162,,,7.46214,,,,,,,7d675549-dbed-425c-a347-a0febeddec93,2025-04-05,18:53:22.95,2025-04-05T14:53:22.9565952-04:00,2025-04-05T18:53:22.9565952Z,,v3,471300,471427,05 April 2025 14:00-stlouis@georgemas,"Mendiola, Patrick",1000090289,Right,SLU_BILL,c1b5ec9f-1e46-4e32-96e2-9d5633e4d38d,55.49539,-126.12747,12.39269,6.35989,-2.93564,-8.26453,-1.78071,6.84273,-6.57002,,,,,,,,,,,,,,,,,,,,,,,,,,,,,,,,,,,,,,,,,,,,,,,,,,,High,High,High,,,,,
46,2025-04-05,14:53:39.18,1,4,"Cunningham, Joshua",10051170,Right,SLU_BILL,"Alberti, Lucas",1000145512,Right,GEO_PAT,Undefined,2,Bottom,0,3,0,Fastball,Four-Seam,StrikeCalled,Undefined,Undefined,Undefined,0,0,,85.97132,-1.498962,-3.309609,2131.711616,208.468193,1:00,6.26204,1.85809,5.31446,-18.87859,19.99072,10.13524,3.2792,-0.40722,78.25053,-5.056151,-1.514435,0.448719,,,,,,,,,,,,-5.98548,10.80134,-1.56515,50,6.11263,6.74791,-124.48893,-3.84765,-9.3712,25.53035,-15.2629,GEO_PAT,SLU_BILL,SpuhlerFieldMain,D1,A10,20250405-SpuhlerFieldMain-2,4a2fac40-124f-11f0-a721-ed23b36d4136,84.00003,,,7.72079,,,,,,,7d675549-dbed-425c-a347-a0febeddec93,2025-04-05,18:53:39.18,2025-04-05T14:53:39.1861760-04:00,2025-04-05T18:53:39.1861760Z,,v3,471300,471427,05 April 2025 14:00-stlouis@georgemas,"Mendiola, Patrick",1000090289,Right,SLU_BILL,5b4d3e8d-a2ab-4812-a9f8-8a4d2ffa1b53,55.18509,-125.5478,12.76518,6.25908,-3.21462,-7.63145,-1.85307,7.13657,-4.6856,,,,,,,,,,,,,,,,,,,,,,,,,,,,,,,,,,,,,,,,,,,,,,,,,,,High,High,High,,,,,
47,2025-04-05,14:53:54.92,1,5,"Cunningham, Joshua",10051170,Right,SLU_BILL,"Alberti, Lucas",1000145512,Right,GEO_PAT,Undefined,2,Bottom,0,3,1,Fastball,Four-Seam,InPlay,Undefined,LineDrive,Double,0,0,,86.52283,-1.491727,-2.763212,2137.894443,215.596977,1:15,6.21751,1.95037,5.22604,-18.96312,19.58344,13.07918,3.23284,0.44042,78.58959,-5.062492,-0.447941,0.446852,104.06835,22.462809,-25.853065,1805.944395,96.18133,43.01931,-53.37705,347.64281,340.88545,-37.937161,4.113717,-7.41599,10.63426,-1.70586,50,6.0663,5.4812,-125.35463,-3.88016,-11.73092,26.72907,-15.35236,GEO_PAT,SLU_BILL,SpuhlerFieldMain,D1,A10,20250405-SpuhlerFieldMain-2,53aabc60-124f-11f0-a721-ed23b36d4136,84.35097,58.7411,,7.93325,,,,2.6662,3.33005,-0.38204,7d675549-dbed-425c-a347-a0febeddec93,2025-04-05,18:53:54.92,2025-04-05T14:53:54.9237760-04:00,2025-04-05T18:53:54.9237760Z,LineDrive,v3,471300,471427,05 April 2025 14:00-stlouis@georgemas,"Mendiola, Patrick",1000090289,Right,SLU_BILL,67199816-f350-4741-a457-654b6c52d99d,55.27645,-126.47471,13.36453,6.21542,-3.23682,-7.67618,-1.94584,5.97278,-5.86546,139.536105,2.66678,126.92071,-31.5759,8.08303,-1.85729,0.38016,-0.06088,0.0061,-0.00026,3.32921,58.33992,-16.18252,0.35783,0.06024,-0.00427,-0.00812,0.00263,-0.00024,-0.38182,-61.51299,2.94566,0.08866,-0.18566,0.06831,-0.01521,0.00198,-0.00011,,,,,,,,,,,,,,,,,,,,,,,High,High,High,High,High,,,
48,2025-04-05,14:54:40.97,2,1,"Cunningham, Joshua",10051170,Right,SLU_BILL,"Raymond, Andrew",10148052,Left,GEO_PAT,Undefined,2,Bottom,0,0,0,Slider,Curveball,StrikeCalled,Undefined,Undefined,Undefined,0,0,,73.46223,1.139075,-2.727881,2303.380756,30.724749,7:00,6.32898,2.11244,4.30971,-59.69283,-4.84799,-3.85634,2.44509,-0.81917,67.97147,-9.462221,-3.399816,0.533015,,,,,,,,,,,,1.1363,-2.1661,-1.81285,50,6.39139,5.23036,-106.44442,-0.08056,1.30852,17.63991,-34.66843,GEO_PAT,SLU_BILL,SpuhlerFieldMain,D1,A10,20250405-SpuhlerFieldMain-2,6f11a8b0-124f-11f0-a721-ed23b36d4136,70.71558,,,5.49076,,,,,,,7d675549-dbed-425c-a347-a0febeddec93,2025-04-05,18:54:40.97,2025-04-05T14:54:40.9757184-04:00,2025-04-05T18:54:40.9757184Z,,v3,471300,471427,05 April 2025 14:00-stlouis@georgemas,"Mendiola, Patrick",1000090289,Right,SLU_BILL,d8a5f3a5-d1de-4341-87a1-9c8e91070123,56.19469,-107.4661,8.81996,6.33791,1.92738,-17.33421,-2.11359,5.15457,0.65426,,,,,,,,,,,,,,,,,,,,,,,,,,,,,,,,,,,,,,,,,,,,,,,,,,,High,High,High,,,,,
49,2025-04-05,14:54:57.49,2,2,"Cunningham, Joshua",10051170,Right,SLU_BILL,"Raymond, Andrew",10148052,Left,GEO_PAT,Undefined,2,Bottom,0,0,1,Slider,Curveball,FoulBallNotFieldable,Undefined,Undefined,Undefined,0,0,,74.29351,1.421935,-2.027887,2315.740507,36.888739,7:15,6.27452,2.1912,4.76912,-55.83487,-3.46725,-3.70831,2.97093,-0.04134,68.98235,-8.585718,-2.679778,0.520838,25.85531,1.061226,-44.299136,1105.589834,,,,21.24957,20.35758,-39.044265,0.504258,1.3337,-1.73732,-1.98443,50,6.36725,3.96192,-107.84363,0.73021,1.58488,17.16974,-34.23855,GEO_PAT,SLU_BILL,SpuhlerFieldMain,D1,A10,20250405-SpuhlerFieldMain-2,78fe6660-124f-11f0-a721-ed23b36d4136,72.36882,3.29282,,5.31116,,,,3.26454,3.28498,-0.05799,7d675549-dbed-425c-a347-a0febeddec93,2025-04-05,18:54:57.49,2025-04-05T14:54:57.4981120-04:00,2025-04-05T18:54:57.4981120Z,GroundBall,v3,471300,471427,05 April 2025 14:00-stlouis@georgemas,"Mendiola, Patrick",1000090289,Right,SLU_BILL,76f7c97b-1331-4ee0-8ea8-b24419712737,55.73681,-108.75315,8.58487,6.28053,2.5439,-17.11928,-2.19208,3.87796,0.79244,134.84412,3.26636,27.08649,-1.6634,,,,,,,3.28712,0.6483,-14.22202,,,,,,,-0.05943,-26.44218,0.03547,,,,,,,,,,,,,,,,,,,,,,,,,,,,,High,High,High,High,High,,,
50,2025-04-05,14:55:32.73,2,3,"Cunningham, Joshua",10051170,Right,SLU_BILL,"Raymond, Andrew",10148052,Left,GEO_PAT,Undefined,2,Bottom,0,0,2,Slider,Curveball,FoulBallNotFieldable,Undefined,Undefined,Undefined,0,0,,73.98492,0.939128,-2.223538,2345.772047,40.05896,7:15,6.23568,2.09507,4.61747,-59.43704,-6.0278,-6.40197,2.17626,-0.55359,68.52451,-9.667787,-3.346414,0.525993,95.16596,-4.432329,49.207822,,,,,33.56048,28.20253,46.771323,0.226404,2.5598,-2.83248,-1.85994,50,6.27675,4.41932,-107.31678,-0.35558,2.99372,18.07818,-35.48668,GEO_PAT,SLU_BILL,SpuhlerFieldMain,D1,A10,20250405-SpuhlerFieldMain-2,8e053e30-124f-11f0-a721-ed23b36d4136,71.65963,2.44509,,5.46041,,,,2.3777,2.44509,0.57154,7d675549-dbed-425c-a347-a0febeddec93,2025-04-05,18:55:32.73,2025-04-05T14:55:32.7393280-04:00,2025-04-05T18:55:32.7393280Z,GroundBall,v3,471300,471427,05 April 2025 14:00-stlouis@georgemas,"Mendiola, Patrick",1000090289,Right,SLU_BILL,f4eede41-4aaa-4711-9c8f-4417055587dc,55.88827,-108.30415,9.03909,6.24324,1.5826,-17.74334,-2.09685,4.25581,1.49686,180,2.37372,91.02423,,,,,,,,2.44556,-10.79965,,,,,,,,0.56693,105.4817,,,,,,,,,,,,,,,,,,,,,,,,,,,,,,High,High,High,Medium,Low,,,
51,2025-04-05,14:56:05.28,2,4,"Cunningham, Joshua",10051170,Right,SLU_BILL,"Raymond, Andrew",10148052,Left,GEO_PAT,Undefined,2,Bottom,0,0,2,Fastball,Four-Seam,FoulBallNotFieldable,Undefined,Undefined,Undefined,0,0,,87.21953,-1.707411,-2.82009,2185.008245,210.22743,1:00,6.34325,2.17184,5.07575,-16.93501,21.25143,11.6176,3.31985,0.47908,79.14017,-4.9106,-0.769779,0.44476,80.63297,48.875449,-56.585327,4233.691252,43.38111,97.01172,-101.08444,243.76237,99.82164,-73.7704,5.108216,-6.59827,11.43453,-1.91383,50,6.16853,5.68937,-126.27552,-4.30378,-10.59444,27.05364,-13.81433,GEO_PAT,SLU_BILL,SpuhlerFieldMain,D1,A10,20250405-SpuhlerFieldMain-2,a15c4320-124f-11f0-a721-ed23b36d4136,84.74776,101.69684,,8.07937,,,,0.18175,3.89891,-1.03915,7d675549-dbed-425c-a347-a0febeddec93,2025-04-05,18:56:05.28,2025-04-05T14:56:05.2853248-04:00,2025-04-05T18:56:05.2853248Z,FlyBall,v3,471300,471427,05 April 2025 14:00-stlouis@georgemas,"Mendiola, Patrick",1000090289,Right,SLU_BILL,87c5a066-d0a3-4c58-922f-b977e6f2651a,55.42477,-127.43244,13.52682,6.33994,-3.71303,-6.90717,-2.16681,6.14242,-5.29722,,0.21466,42.17284,-14.26034,0.75234,2.34023,-1.2998,0.31789,-0.03731,0.0017,3.89772,89.06508,-23.85371,1.56887,0.4907,-0.445,0.14264,-0.02108,0.00118,-1.04553,-64.77111,6.54572,0.20546,-1.06573,0.5569,-0.14372,0.0185,-0.00094,,,,,,,,,,,,,,,,,,,,,,,High,High,High,Medium,Low,,,
52,2025-04-05,14:56:29.20,2,5,"Cunningham, Joshua",10051170,Right,SLU_BILL,"Raymond, Andrew",10148052,Left,GEO_PAT,Undefined,2,Bottom,0,0,2,Slider,Slider,StrikeSwinging,Strikeout,Undefined,Undefined,0,0,,80.19526,0.201887,-1.711536,2144.597644,166.753153,11:30,5.93418,2.54743,4.85538,-39.6125,5.08378,-0.90126,2.82434,0.85165,74.3239,-6.950871,-1.870218,0.481179,,,,,,,,,,,,0.02606,2.85354,-2.37766,50,5.92032,3.51754,-116.43537,-1.04923,0.03623,19.43321,-28.21019,GEO_PAT,SLU_BILL,SpuhlerFieldMain,D1,A10,20250405-SpuhlerFieldMain-2,af891b80-124f-11f0-a721-ed23b36d4136,78.33344,,,5.87135,,,,,,,7d675549-dbed-425c-a347-a0febeddec93,2025-04-05,18:56:29.20,2025-04-05T14:56:29.2091904-04:00,2025-04-05T18:56:29.2091904Z,,v3,471300,471427,05 April 2025 14:00-stlouis@georgemas,"Mendiola, Patrick",1000090289,Right,SLU_BILL,31b8d646-f9f0-459c-9391-0e28504670b2,55.64722,-117.37412,9.7166,5.93809,0.3135,-14.1051,-2.54754,3.51579,0.01811,,,,,,,,,,,,,,,,,,,,,,,,,,,,,,,,,,,,,,,,,,,,,,,,,,,High,High,High,,,,,
53,2025-04-05,14:56:59.06,3,1,"Cunningham, Joshua",10051170,Right,SLU_BILL,"Blanchard, Evan",10073877,Right,GEO_PAT,Undefined,2,Bottom,1,0,0,Slider,Slider,BallCalled,Undefined,Undefined,Undefined,0,0,,80.98385,-1.854356,-3.016364,2075.393017,168.889692,11:45,5.94386,2.36676,5.24729,-38.1801,5.34827,-0.7963,1.01645,-0.53697,74.99773,-8.768931,-3.157495,0.474851,,,,,,,,,,,,-0.38874,3.51638,-2.08882,50,5.74465,6.21982,-117.43191,-5.13828,-0.54581,21.08622,-27.2366,GEO_PAT,SLU_BILL,SpuhlerFieldMain,D1,A10,20250405-SpuhlerFieldMain-2,c172fbe0-124f-11f0-a721-ed23b36d4136,79.37736,,,5.98612,,,,,,,7d675549-dbed-425c-a347-a0febeddec93,2025-04-05,18:56:59.06,2025-04-05T14:56:59.0682624-04:00,2025-04-05T18:56:59.0682624Z,,v3,471300,471427,05 April 2025 14:00-stlouis@georgemas,"Mendiola, Patrick",1000090289,Right,SLU_BILL,6d104d13-332e-48d7-a5d8-9ca0da9aa8f0,55.25654,-118.37202,10.54311,5.94666,-3.92397,-13.6183,-2.36667,6.24416,-0.27291,,,,,,,,,,,,,,,,,,,,,,,,,,,,,,,,,,,,,,,,,,,,,,,,,,,High,High,High,,,,,
54,2025-04-05,14:57:18.37,3,2,"Cunningham, Joshua",10051170,Right,SLU_BILL,"Blanchard, Evan",10073877,Right,GEO_PAT,Undefined,2,Bottom,1,1,0,Fastball,Four-Seam,BallCalled,Undefined,Undefined,Undefined,0,0,,87.59259,-3.989796,-3.778169,2227.348647,215.212163,1:15,6.2426,1.96505,5.33073,-16.45891,20.82505,13.86221,1.11302,-0.4301,80.49449,-7.077326,-1.322935,0.439473,,,,,,,,,,,,-7.97496,11.86516,-1.63357,50,5.86918,7.76184,-126.68018,-9.3712,-13.03624,24.44169,-12.77865,GEO_PAT,SLU_BILL,SpuhlerFieldMain,D1,A10,20250405-SpuhlerFieldMain-2,ccef3330-124f-11f0-a721-ed23b36d4136,85.76729,,,7.0981,,,,,,,7d675549-dbed-425c-a347-a0febeddec93,2025-04-05,18:57:18.37,2025-04-05T14:57:18.3789568-04:00,2025-04-05T18:57:18.3789568Z,,v3,471300,471427,05 April 2025 14:00-stlouis@georgemas,"Mendiola, Patrick",1000090289,Right,SLU_BILL,a4655a01-3fc0-4000-a2ea-52a225d84a82,55.17249,-127.67426,12.22085,6.23975,-8.85147,-6.38932,-1.96004,8.29204,-6.51812,,,,,,,,,,,,,,,,,,,,,,,,,,,,,,,,,,,,,,,,,,,,,,,,,,,High,High,High,,,,,
55,2025-04-05,14:57:38.75,3,3,"Cunningham, Joshua",10051170,Right,SLU_BILL,"Blanchard, Evan",10073877,Right,GEO_PAT,Undefined,2,Bottom,1,2,0,Fastball,Four-Seam,InPlay,Undefined,LineDrive,Double,0,1,,87.70723,-1.952744,-3.38258,2306.966281,213.927134,1:15,6.17694,1.99634,5.69999,-17.41946,18.89631,11.99883,2.90169,-0.15962,80.93318,-5.230925,-1.24178,0.43373,94.89713,20.239488,5.162619,2315.915545,108.57493,34.56425,17.64821,302.89472,302.89472,15.693251,3.467338,-6.97496,10.44119,-1.71985,50,6.0019,7.02537,-127.26985,-4.87859,-11.56704,23.40642,-14.8587,GEO_PAT,SLU_BILL,SpuhlerFieldMain,D1,A10,20250405-SpuhlerFieldMain-2,d9184c50-124f-11f0-a721-ed23b36d4136,86.90308,40.38825,,6.77405,,,,1.14009,2.88302,0.17476,7d675549-dbed-425c-a347-a0febeddec93,2025-04-05,18:57:38.75,2025-04-05T14:57:38.7525632-04:00,2025-04-05T18:57:38.7525632Z,LineDrive,v3,471300,471427,05 April 2025 14:00-stlouis@georgemas,"Mendiola, Patrick",1000090289,Right,SLU_BILL,b2383001-87ac-43df-8740-5b0f862897d9,54.80386,-128.15029,11.70321,6.1749,-4.31967,-7.42935,-1.99229,7.46047,-5.78352,234.226165,1.13959,130.07482,-23.77029,5.49432,-1.35589,0.36568,-0.09081,0.01429,-0.00093,2.8834,48.1374,-16.42922,0.3909,0.32572,-0.18331,0.05525,-0.00813,0.00044,0.17475,11.75121,9.44781,-3.90537,1.19655,-0.28847,0.0533,-0.00623,0.00032,,,,,,,,,,,,,,,,,,,,,,,High,High,High,High,High,,,
56,2025-04-05,14:58:24.14,4,1,"Cunningham, Joshua",10051170,Right,SLU_BILL,"Wall, Jonny",1000119703,Right,GEO_PAT,Undefined,2,Bottom,1,0,0,Cutter,Slider,FoulBallNotFieldable,Undefined,Undefined,Undefined,0,0,,81.93007,-1.092657,-3.531254,2204.519866,202.667004,12:45,5.95219,2.27989,5.01148,-36.43167,6.26154,2.11213,1.88277,-0.8815,76.04925,-7.673795,-3.159084,0.470274,,,,,,,,,,,,-1.93524,3.68445,-1.94241,50,5.81739,7.24608,-118.82328,-3.59073,-2.79764,20.38858,-26.84762,GEO_PAT,SLU_BILL,SpuhlerFieldMain,D1,A10,20250405-SpuhlerFieldMain-2,f427a2c0-124f-11f0-a721-ed23b36d4136,80.14999,,,5.88081,,,,,,,7d675549-dbed-425c-a347-a0febeddec93,2025-04-05,18:58:24.14,2025-04-05T14:58:24.1425408-04:00,2025-04-05T18:58:24.1425408Z,,v3,471300,471427,05 April 2025 14:00-stlouis@georgemas,"Mendiola, Patrick",1000090289,Right,SLU_BILL,171fbac2-afaa-4d35-a0fb-8b8dd2245e33,55.49352,-119.7622,10.19429,5.95427,-2.35438,-13.42381,-2.27907,7.37491,-1.39882,,,,,,,,,,,,,,,,,,,,,,,,,,,,,,,,,,,,,,,,,,,,,,,,,,,High,High,High,,,,,
57,2025-04-05,14:59:05.87,4,2,"Cunningham, Joshua",10051170,Right,SLU_BILL,"Wall, Jonny",1000119703,Right,GEO_PAT,Undefined,2,Bottom,1,0,1,Cutter,Slider,BallCalled,Undefined,Undefined,Undefined,0,0,,79.69813,-0.998801,-4.130525,2268.209173,86.285751,9:00,6.03463,2.3468,4.84361,-44.59239,0.91032,-5.40012,1.37034,-2.02092,74.24999,-8.968624,-5.07787,0.485501,,,,,,,,,,,,1.66799,1.00925,-1.93265,50,5.89692,8.56037,-115.48389,-3.65487,2.27576,19.42955,-30.79705,GEO_PAT,SLU_BILL,SpuhlerFieldMain,D1,A10,20250405-SpuhlerFieldMain-2,0d085960-1250-11f0-a721-ed23b36d4136,77.63619,,,5.44814,,,,,,,7d675549-dbed-425c-a347-a0febeddec93,2025-04-05,18:59:05.87,2025-04-05T14:59:05.8730496-04:00,2025-04-05T18:59:05.8730496Z,,v3,471300,471427,05 April 2025 14:00-stlouis@georgemas,"Mendiola, Patrick",1000090289,Right,SLU_BILL,2157ee8d-644c-4c2b-b9a5-bd32ba9ebca6,55.66156,-116.43252,9.71478,6.03866,-2.15124,-15.39852,-2.3479,8.44926,1.13788,,,,,,,,,,,,,,,,,,,,,,,,,,,,,,,,,,,,,,,,,,,,,,,,,,,High,High,High,,,,,
58,2025-04-05,14:59:26.50,4,3,"Cunningham, Joshua",10051170,Right,SLU_BILL,"Wall, Jonny",1000119703,Right,GEO_PAT,Undefined,2,Bottom,1,1,1,Fastball,Four-Seam,StrikeCalled,Undefined,Undefined,Undefined,0,0,,87.19472,-2.79071,-4.351481,2252.920995,221.834801,1:30,6.19422,2.205,5.29901,-20.66084,17.2882,14.32308,1.84266,-0.69484,79.45213,-6.645189,-1.818374,0.443376,,,,,,,,,,,,-8.42575,9.83611,-1.81942,50,5.92488,8.95698,-126.03816,-6.8469,-13.51676,26.26558,-16.39474,GEO_PAT,SLU_BILL,SpuhlerFieldMain,D1,A10,20250405-SpuhlerFieldMain-2,19491930-1250-11f0-a721-ed23b36d4136,85.01241,,,7.74259,,,,,,,7d675549-dbed-425c-a347-a0febeddec93,2025-04-05,18:59:26.50,2025-04-05T14:59:26.5080320-04:00,2025-04-05T18:59:26.5080320Z,,v3,471300,471427,05 April 2025 14:00-stlouis@georgemas,"Mendiola, Patrick",1000090289,Right,SLU_BILL,80310c1c-fb32-4e83-8353-c2c8cc4731bd,55.20261,-127.11773,13.13279,6.19245,-6.17305,-8.19737,-2.19898,9.51255,-6.75838,,,,,,,,,,,,,,,,,,,,,,,,,,,,,,,,,,,,,,,,,,,,,,,,,,,High,High,High,,,,,
59,2025-04-05,14:59:43.27,4,4,"Cunningham, Joshua",10051170,Right,SLU_BILL,"Wall, Jonny",1000119703,Right,GEO_PAT,Undefined,2,Bottom,1,1,2,Cutter,Slider,InPlay,Undefined,GroundBall,Out,1,0,,79.6459,0.052922,-3.396484,2301.183546,62.496207,8:00,6.00117,2.41855,4.93869,-46.35148,-1.24504,-4.6689,2.18866,-1.18457,74.37092,-8.255731,-4.218067,0.483382,92.58855,-1.689047,3.862178,1344.641143,,,,35.32143,32.1843,6.552081,0.254845,1.53654,-0.34138,-2.08376,50,5.96721,7.04978,-115.60337,-1.58507,2.1104,18.53183,-32.64295,GEO_PAT,SLU_BILL,SpuhlerFieldMain,D1,A10,20250405-SpuhlerFieldMain-2,23508ad0-1250-11f0-a721-ed23b36d4136,77.97646,2.26704,,5.27498,,,,1.79717,2.26704,1.16257,7d675549-dbed-425c-a347-a0febeddec93,2025-04-05,18:59:43.27,2025-04-05T14:59:43.2718848-04:00,2025-04-05T18:59:43.2718848Z,GroundBall,v3,471300,471427,05 April 2025 14:00-stlouis@georgemas,"Mendiola, Patrick",1000090289,Right,SLU_BILL,c862d662-018e-461a-826c-e853a41283db,55.56718,-116.4924,9.26592,6.00569,-0.01908,-16.32147,-2.41953,6.94853,1.0552,292.918559,1.79898,135.3349,-18.4675,,,,,,,2.26877,-4.09258,-18.90003,,,,,,,1.16085,9.23214,7.98262,,,,,,,,,,,,,,,,,,,,,,,,,,,,,High,High,High,High,High,,,
60,2025-04-05,15:00:15.38,5,1,"Cunningham, Joshua",10051170,Right,SLU_BILL,"Lavin, Sam",1000364332,Left,GEO_PAT,Undefined,2,Bottom,2,0,0,Fastball,Sinker,BallCalled,Undefined,Undefined,Undefined,0,0,,88.02244,-4.003212,-3.319919,2296.530491,224.830106,1:30,6.18163,1.8194,5.19685,-20.1708,17.11154,15.77969,0.72255,0.00792,80.56545,-7.740971,-0.52784,0.439464,,,,,,,,,,,,-8.88197,10.04619,-1.52398,50,5.79443,6.68711,-127.27452,-9.6152,-14.5637,26.21072,-15.70136,GEO_PAT,SLU_BILL,SpuhlerFieldMain,D1,A10,20250405-SpuhlerFieldMain-2,3671b2b0-1250-11f0-a721-ed23b36d4136,85.76918,,,7.457,,,,,,,7d675549-dbed-425c-a347-a0febeddec93,2025-04-05,19:00:15.38,2025-04-05T15:00:15.3846272-04:00,2025-04-05T19:00:15.3846272Z,,v3,471300,471427,05 April 2025 14:00-stlouis@georgemas,"Mendiola, Patrick",1000090289,Right,SLU_BILL,0b5fb704-45ee-48d2-8830-a29084e47e00,55.30661,-128.36271,13.10536,6.18009,-8.96333,-7.85068,-1.81416,7.29175,-7.28185,,,,,,,,,,,,,,,,,,,,,,,,,,,,,,,,,,,,,,,,,,,,,,,,,,,High,High,High,,,,,
61,2025-04-05,15:00:33.72,5,2,"Cunningham, Joshua",10051170,Right,SLU_BILL,"Lavin, Sam",1000364332,Left,GEO_PAT,Undefined,2,Bottom,2,1,0,Fastball,Four-Seam,FoulBallNotFieldable,Undefined,Undefined,Undefined,0,0,,88.98927,-3.127879,-4.282583,2329.597591,220.622136,1:15,6.18864,1.91942,5.20775,-17.06426,19.61107,15.71934,1.81374,-0.80584,80.78094,-6.345057,-1.507218,0.435872,63.34079,58.133669,-130.347169,4249.647241,,,,,31.71196,,,-9.16422,11.10528,-1.53501,50,5.88596,8.91788,-128.56542,-7.59943,-15.24671,28.14439,-13.69796,GEO_PAT,SLU_BILL,SpuhlerFieldMain,D1,A10,20250405-SpuhlerFieldMain-2,415c7f70-1250-11f0-a721-ed23b36d4136,86.47603,44.84176,,8.20833,,,,2.72792,1.97755,0.76347,7d675549-dbed-425c-a347-a0febeddec93,2025-04-05,19:00:33.72,2025-04-05T15:00:33.7298432-04:00,2025-04-05T19:00:33.7298432Z,,v3,471300,471427,05 April 2025 14:00-stlouis@georgemas,"Mendiola, Patrick",1000090289,Right,SLU_BILL,9dde7a00-5077-4e8c-ad3e-920d1a9142a9,55.2946,-129.71929,14.0722,6.18601,-7.03784,-6.84898,-1.91344,9.54297,-7.62335,19.60177,2.72792,-31.75278,-3.41526,1.90398,-0.98362,2.0084,-4.08074,4.35696,-1.80258,1.97755,78.8981,-27.38047,3.31896,-1.01266,1.50615,-2.95688,3.09778,-1.26092,0.76347,-37.37924,3.02258,-0.13188,-0.08569,0.18744,-0.37865,0.42347,-0.18283,,,,,,,,,,,,,,,,,,,,,,,High,High,High,High,Undefined,,,
62,2025-04-05,15:00:55.22,5,3,"Cunningham, Joshua",10051170,Right,SLU_BILL,"Lavin, Sam",1000364332,Left,GEO_PAT,Undefined,2,Bottom,2,1,1,Fastball,Four-Seam,FoulBallNotFieldable,Undefined,Undefined,Undefined,0,0,,88.48387,-3.024396,-2.850425,2271.222566,214.716708,1:15,6.31067,1.79203,5.18526,-16.29143,20.59934,13.41119,2.1013,0.22553,80.64234,-6.09676,-0.478212,0.43715,70.86902,28.738274,-144.375049,3023.519763,-93.41034,28.99006,-58.09012,185.84057,57.87394,-151.05004,2.450119,-7.55776,11.53394,-1.53781,50,6.01737,5.77674,-128.0833,-7.29833,-12.52128,27.11942,-13.06527,GEO_PAT,SLU_BILL,SpuhlerFieldMain,D1,A10,20250405-SpuhlerFieldMain-2,4e307e90-1250-11f0-a721-ed23b36d4136,86.22316,29.65419,,7.84153,,,,1.79195,2.17455,-0.27636,7d675549-dbed-425c-a347-a0febeddec93,2025-04-05,19:00:55.22,2025-04-05T15:00:55.2252928-04:00,2025-04-05T19:00:55.2252928Z,FlyBall,v3,471300,471427,05 April 2025 14:00-stlouis@georgemas,"Mendiola, Patrick",1000090289,Right,SLU_BILL,ce6a4a0d-ec07-4e7c-817c-b62ae0b345ce,55.31737,-129.20426,13.55971,6.30787,-6.75829,-6.53263,-1.78728,6.29429,-6.26064,44.373325,1.79214,-74.09179,1.77655,0.43607,0.26219,-0.34958,0.18529,-0.04553,0.00424,2.17457,49.97491,-25.20726,2.75277,-0.63512,0.20425,-0.08053,0.02227,-0.00255,-0.27623,-53.09365,9.09477,-1.75535,0.81834,-0.55515,0.27596,-0.07161,0.00724,,,,,,,,,,,,,,,,,,,,,,,High,High,High,High,Low,,,
63,2025-04-05,15:01:15.37,5,4,"Cunningham, Joshua",10051170,Right,SLU_BILL,"Lavin, Sam",1000364332,Left,GEO_PAT,Undefined,2,Bottom,2,1,2,Fastball,Four-Seam,InPlay,Undefined,FlyBall,Out,1,0,,88.7599,-3.322512,-3.647321,2310.432275,220.942646,1:15,6.17473,1.96735,5.33959,-17.74277,18.72395,15.18737,1.56922,-0.19351,81.03513,-6.651726,-0.955662,0.43463,75.8526,31.579238,-31.338504,3574.962707,87.87046,50.99199,-66.17157,252.57758,222.45778,-44.365159,3.943723,-8.70174,10.70945,-1.64935,50,5.86174,7.51517,-128.40339,-8.04702,-14.51095,26.87405,-14.31508,GEO_PAT,SLU_BILL,SpuhlerFieldMain,D1,A10,20250405-SpuhlerFieldMain-2,5a3742a0-1250-11f0-a721-ed23b36d4136,86.72305,54.28471,,7.72477,,,,2.41292,1.76896,0.14532,7d675549-dbed-425c-a347-a0febeddec93,2025-04-05,19:01:15.37,2025-04-05T15:01:15.3780736-04:00,2025-04-05T19:01:15.3780736Z,FlyBall,v3,471300,471427,05 April 2025 14:00-stlouis@georgemas,"Mendiola, Patrick",1000090289,Right,SLU_BILL,60dff7c7-ee24-423e-9f34-59d7d6ee807d,55.1634,-129.47955,13.43702,6.1725,-7.47378,-7.15754,-1.96193,8.09626,-7.25548,139.134141,2.41302,80.94858,-19.28247,5.03283,-1.18548,0.2822,-0.06559,0.0107,-0.00076,1.7699,58.23047,-17.13708,0.1705,0.5492,-0.33465,0.10742,-0.01731,0.00109,0.14539,-49.29499,0.80451,0.45617,-0.20068,0.04194,-0.00418,-0,3E-05,,,,,,,,,,,,,,,,,,,,,,,High,High,High,High,Medium,,,
64,2025-04-05,15:03:42.67,1,1,"Cassedy, Brandon",1000183671,Right,GEO_PAT,"Mendiola, Patrick",1000090289,Right,SLU_BILL,Undefined,3,Top,0,0,0,Fastball,Four-Seam,StrikeSwinging,Undefined,Undefined,Undefined,0,0,,87.50673,-1.071316,-0.609724,2223.307725,183.493928,12:00,5.76327,0.50038,6.33359,-16.05139,19.76182,1.13807,3.43899,0.03374,80.03738,-4.163294,-0.403785,0.430718,,,,,,,,,,,,-0.76028,10.92327,-0.45644,50,5.67727,1.30921,-127.20297,-2.77938,-1.24634,25.95761,-14.26697,GEO_PAT,SLU_BILL,SpuhlerFieldMain,D1,A10,20250405-SpuhlerFieldMain-2,b1feb9f0-1250-11f0-a721-ed23b36d4136,87.51071,,,7.46935,,,,,,,7d675549-dbed-425c-a347-a0febeddec93,2025-04-05,19:03:42.67,2025-04-05T15:03:42.6767872-04:00,2025-04-05T19:03:42.6767872Z,,v3,471300,471427,05 April 2025 14:00-stlouis@georgemas,"Raymond, Andrew",10148052,Right,GEO_PAT,22e61c4e-0829-46cd-9506-cc2b1bf0d070,54.16759,-128.0506,12.97881,5.76043,-2.3135,-7.13348,-0.49986,1.3499,-0.62317,,,,,,,,,,,,,,,,,,,,,,,,,,,,,,,,,,,,,,,,,,,,,,,,,,,High,High,High,,,,,
65,2025-04-05,15:03:57.91,1,2,"Cassedy, Brandon",1000183671,Right,GEO_PAT,"Mendiola, Patrick",1000090289,Right,SLU_BILL,Undefined,3,Top,0,0,1,Fastball,Four-Seam,FoulBallNotFieldable,Undefined,Undefined,Undefined,0,0,,88.81918,-1.536345,-1.225281,2324.636583,201.894389,12:45,5.71334,0.60722,6.51715,-16.91804,17.4219,6.5928,2.89306,0.0321,81.74464,-4.773114,-0.028093,0.421766,85.72919,17.521096,71.956808,4075.85128,24.89314,25.92493,107.14615,251.25901,98.12038,83.008653,2.731637,-3.78831,9.86623,-0.52454,50,5.59858,2.51399,-129.19229,-3.90552,-6.44248,25.3504,-15.39542,GEO_PAT,SLU_BILL,SpuhlerFieldMain,D1,A10,20250405-SpuhlerFieldMain-2,bb140360-1250-11f0-a721-ed23b36d4136,89.36821,26.81907,,7.07454,,,,0.03193,2.81465,0.01778,7d675549-dbed-425c-a347-a0febeddec93,2025-04-05,19:03:57.91,2025-04-05T15:03:57.9160576-04:00,2025-04-05T19:03:57.9160576Z,LineDrive,v3,471300,471427,05 April 2025 14:00-stlouis@georgemas,"Raymond, Andrew",10148052,Right,GEO_PAT,46be8326-1e96-4ddc-8658-3762f55f2bfe,53.9858,-129.97204,12.6752,5.71143,-3.43198,-7.69771,-0.60491,2.71215,-3.22124,,0.03185,37.14244,-16.01537,3.8296,-0.78579,0.12085,-0.00931,-0.0006,0.00015,2.81474,37.84765,-15.63592,0.64781,-0.11313,0.05833,-0.02399,0.00546,-0.00049,0.01778,114.00607,-13.12496,2.70477,-0.51922,0.09482,-0.016,0.002,-0.00012,,,,,,,,,,,,,,,,,,,,,,,High,High,High,High,Low,,,
66,2025-04-05,15:04:20.11,1,3,"Cassedy, Brandon",1000183671,Right,GEO_PAT,"Mendiola, Patrick",1000090289,Right,SLU_BILL,Undefined,3,Top,0,0,2,Fastball,Four-Seam,BallCalled,Undefined,Undefined,Undefined,0,0,,89.12639,0.082848,-0.887605,2351.913255,191.225676,12:15,5.71313,0.65886,6.35194,-16.43639,17.57092,3.30847,4.4197,0.11745,82.56676,-3.04781,-0.288813,0.419718,,,,,,,,,,,,-1.93032,9.43111,-0.59591,50,5.71102,1.88086,-129.7537,-0.25616,-3.34278,23.13491,-15.84198,GEO_PAT,SLU_BILL,SpuhlerFieldMain,D1,A10,20250405-SpuhlerFieldMain-2,c836bec0-1250-11f0-a721-ed23b36d4136,89.8042,,,6.55962,,,,,,,7d675549-dbed-425c-a347-a0febeddec93,2025-04-05,19:04:20.11,2025-04-05T15:04:20.1197056-04:00,2025-04-05T19:04:20.1197056Z,,v3,471300,471427,05 April 2025 14:00-stlouis@georgemas,"Raymond, Andrew",10148052,Right,GEO_PAT,1d0cfe9f-8ad3-4f28-b1be-2a5e21d3ca05,54.15095,-130.49171,11.56745,5.71114,0.2492,-7.92099,-0.65761,1.98749,-1.67139,,,,,,,,,,,,,,,,,,,,,,,,,,,,,,,,,,,,,,,,,,,,,,,,,,,High,High,High,,,,,
67,2025-04-05,15:04:37.30,1,4,"Cassedy, Brandon",1000183671,Right,GEO_PAT,"Mendiola, Patrick",1000090289,Right,SLU_BILL,Undefined,3,Top,0,1,2,Fastball,Four-Seam,BallCalled,Undefined,Undefined,Undefined,0,0,,89.7421,-2.2129,-2.731213,2299.641464,175.234583,11:45,5.67491,0.48837,6.64053,-14.99209,18.49934,-1.46126,2.3964,-2.13565,82.82568,-5.090295,-2.996618,0.416522,,,,,,,,,,,,0.07839,10.61489,-0.30325,50,5.5186,6.27603,-130.39961,-5.4073,0.13615,25.1518,-13.73545,GEO_PAT,SLU_BILL,SpuhlerFieldMain,D1,A10,20250405-SpuhlerFieldMain-2,d2957820-1250-11f0-a721-ed23b36d4136,90.4932,,,6.91643,,,,,,,7d675549-dbed-425c-a347-a0febeddec93,2025-04-05,19:04:37.30,2025-04-05T15:04:37.3063680-04:00,2025-04-05T19:04:37.3063680Z,,v3,471300,471427,05 April 2025 14:00-stlouis@georgemas,"Raymond, Andrew",10148052,Right,GEO_PAT,334769d4-e616-4a9f-9bec-d2e603132826,53.86181,-131.14238,12.5759,5.67229,-5.00168,-6.86772,-0.48853,6.272,0.06808,,,,,,,,,,,,,,,,,,,,,,,,,,,,,,,,,,,,,,,,,,,,,,,,,,,High,High,High,,,,,
68,2025-04-05,15:04:57.25,1,5,"Cassedy, Brandon",1000183671,Right,GEO_PAT,"Mendiola, Patrick",1000090289,Right,SLU_BILL,Undefined,3,Top,0,2,2,Fastball,Four-Seam,StrikeSwinging,Strikeout,Undefined,Undefined,0,0,,89.0341,-0.88489,-1.049305,2285.250128,191.572329,12:30,5.67968,0.5538,6.48933,-14.91245,19.1767,3.72807,3.62434,-0.09902,82.10414,-3.75464,-0.372794,0.420223,,,,,,,,,,,,-2.21847,10.58229,-0.4817,50,5.6106,2.23064,-129.5652,-2.37025,-3.80765,24.61359,-14.01114,GEO_PAT,SLU_BILL,SpuhlerFieldMain,D1,A10,20250405-SpuhlerFieldMain-2,de707140-1250-11f0-a721-ed23b36d4136,89.69637,,,6.92995,,,,,,,7d675549-dbed-425c-a347-a0febeddec93,2025-04-05,19:04:57.25,2025-04-05T15:04:57.2520000-04:00,2025-04-05T19:04:57.2520000Z,,v3,471300,471427,05 April 2025 14:00-stlouis@georgemas,"Raymond, Andrew",10148052,Right,GEO_PAT,3bce9b6e-d43b-403b-a7b3-e4be7bbc26c1,54.01346,-130.32541,12.3068,5.67712,-1.9375,-7.00557,-0.5524,2.34824,-1.90383,,,,,,,,,,,,,,,,,,,,,,,,,,,,,59.37002,2.661407,1.432013,1.229395,-0.40503,3.50292,0.1105,-2.18518,5.44059,0.74544,73.51831,10.09571,-51.26993,-2.08542,66.50486,-4.04903,5.51829,20.2618,-13.42965,0.56177,-49.28253,5.7486,High,High,High,,,High,High,High
69,2025-04-05,15:05:29.65,2,1,"Cassedy, Brandon",1000183671,Right,GEO_PAT,"Neuweg, Austin",809742,Right,SLU_BILL,Undefined,3,Top,1,0,0,Fastball,Four-Seam,FoulBallNotFieldable,Undefined,Undefined,Undefined,0,0,,88.68488,-2.412356,-0.406157,2291.986237,183.107685,12:00,5.69224,0.62767,6.50059,-14.37654,20.09458,1.03532,2.27849,0.34112,81.69132,-5.182546,-0.218187,0.42257,69.33961,52.192838,140.263204,4110.98431,,,,,50.71547,,,-0.65374,11.52595,-0.5997,50,5.51683,0.87594,-128.97123,-5.78503,-1.10814,25.22615,-12.63718,GEO_PAT,SLU_BILL,SpuhlerFieldMain,D1,A10,20250405-SpuhlerFieldMain-2,f1bb6840-1250-11f0-a721-ed23b36d4136,89.198,53.46326,,6.99356,,,,1.90355,2.36246,-0.33802,7d675549-dbed-425c-a347-a0febeddec93,2025-04-05,19:05:29.65,2025-04-05T15:05:29.6507904-04:00,2025-04-05T19:05:29.6507904Z,,v3,471300,471427,05 April 2025 14:00-stlouis@georgemas,"Raymond, Andrew",10148052,Right,GEO_PAT,07ceb7b8-4a39-4a9e-b035-c9225b2ff093,54.00327,-129.75189,12.61308,5.6898,-5.39396,-6.31859,-0.62734,0.91023,-0.55407,325.139429,1.90354,-47.93906,-2.64788,1.80392,-1.01115,0.72743,0.06892,-0.58245,0.27753,2.36246,80.34943,-27.81858,3.37291,-0.64017,0.01226,0.25746,-0.26557,0.09011,-0.33803,39.85337,-9.0736,2.99363,-1.19897,0.71508,0.21512,-0.739,0.33219,,,,,,,,,,,,,,,,,,,,,,,High,High,High,High,Undefined,,,
70,2025-04-05,15:05:48.21,2,2,"Cassedy, Brandon",1000183671,Right,GEO_PAT,"Neuweg, Austin",809742,Right,SLU_BILL,Undefined,3,Top,1,0,1,Fastball,Four-Seam,BallCalled,Undefined,Undefined,Undefined,0,0,,88.55863,-0.734764,0.829297,2199.495648,191.462175,12:30,5.65489,0.63311,6.39946,-15.83292,19.16198,3.65721,3.65963,1.70062,80.72053,-3.794756,1.491778,0.425769,,,,,,,,,,,,-1.69772,10.61528,-0.69433,50,5.5949,-2.00067,-128.75703,-2.05618,-2.83706,27.87034,-14.43491,GEO_PAT,SLU_BILL,SpuhlerFieldMain,D1,A10,20250405-SpuhlerFieldMain-2,fcc86300-1250-11f0-a721-ed23b36d4136,88.52795,,,7.83811,,,,,,,7d675549-dbed-425c-a347-a0febeddec93,2025-04-05,19:05:48.21,2025-04-05T15:05:48.2144768-04:00,2025-04-05T19:05:48.2144768Z,,v3,471300,471427,05 April 2025 14:00-stlouis@georgemas,"Raymond, Andrew",10148052,Right,GEO_PAT,1abc2c9c-397a-4c11-804d-49bbbdcd2208,54.10412,-129.64235,13.93517,5.65293,-1.59765,-7.21746,-0.63221,-1.91054,-1.41853,,,,,,,,,,,,,,,,,,,,,,,,,,,,,,,,,,,,,,,,,,,,,,,,,,,High,High,High,,,,,
71,2025-04-05,15:06:09.09,2,3,"Cassedy, Brandon",1000183671,Right,GEO_PAT,"Neuweg, Austin",809742,Right,SLU_BILL,Undefined,3,Top,1,1,1,Fastball,Four-Seam,BallCalled,Undefined,Undefined,Undefined,0,0,,86.78779,-0.022625,0.142884,2154.67583,189.624844,12:15,5.76127,0.68911,6.41299,-19.56237,16.29233,2.59736,4.11027,1.03694,80.2932,-3.733532,0.613629,0.430968,,,,,,,,,,,,-1.32457,8.83587,-0.70046,50,5.7504,-0.41263,-126.3496,-0.5831,-2.16926,22.5827,-17.70325,GEO_PAT,SLU_BILL,SpuhlerFieldMain,D1,A10,20250405-SpuhlerFieldMain-2,092647c0-1251-11f0-a721-ed23b36d4136,87.46005,,,6.49459,,,,,,,7d675549-dbed-425c-a347-a0febeddec93,2025-04-05,19:06:09.09,2025-04-05T15:06:09.0937344-04:00,2025-04-05T19:06:09.0937344Z,,v3,471300,471427,05 April 2025 14:00-stlouis@georgemas,"Raymond, Andrew",10148052,Right,GEO_PAT,41ee1d1b-8709-49db-8a45-ec85076306e0,54.08992,-127.0785,11.29135,5.76,-0.0117,-8.85163,-0.68827,-0.34262,-1.08463,,,,,,,,,,,,,,,,,,,,,,,,,,,,,,,,,,,,,,,,,,,,,,,,,,,High,High,High,,,,,
72,2025-04-05,15:06:31.96,2,4,"Cassedy, Brandon",1000183671,Right,GEO_PAT,"Neuweg, Austin",809742,Right,SLU_BILL,Undefined,3,Top,1,2,1,Cutter,Slider,FoulBallNotFieldable,Undefined,Undefined,Undefined,0,0,,83.00369,-0.000523,0.013586,2497.948387,100.53621,9:15,5.69171,0.84873,5.75065,-37.5086,2.5924,-8.27729,2.56551,0.17161,77.32793,-6.867098,-1.469836,0.455773,62.14122,77.201845,102.509644,1535.884141,,,,,3.90541,,,4.26587,1.60843,-0.84456,50,5.66826,0.28853,-120.81482,-1.25962,6.40228,20.13621,-29.76009,GEO_PAT,SLU_BILL,SpuhlerFieldMain,D1,A10,20250405-SpuhlerFieldMain-2,16e28400-1251-11f0-a721-ed23b36d4136,82.69995,20.21725,,5.67577,,,,2.15335,2.73052,-0.18691,7d675549-dbed-425c-a347-a0febeddec93,2025-04-05,19:06:31.96,2025-04-05T15:06:31.9659008-04:00,2025-04-05T19:06:31.9659008Z,,v3,471300,471427,05 April 2025 14:00-stlouis@georgemas,"Raymond, Andrew",10148052,Right,GEO_PAT,d9742198-04c9-4f94-bf67-5c7bf5c17dea,54.75483,-121.60473,10.0681,5.69478,-0.09219,-14.88005,-0.85095,0.03738,3.20114,346.941661,2.15445,-4.4433,-6.02527,,,,,,,2.73155,88.81084,-23.79263,,,,,,,-0.18653,19.68567,-3.10435,,,,,,,,,,,,,,,,,,,,,,,,,,,,,High,High,High,Medium,Undefined,,,
73,2025-04-05,15:07:03.70,2,5,"Cassedy, Brandon",1000183671,Right,GEO_PAT,"Neuweg, Austin",809742,Right,SLU_BILL,Undefined,3,Top,1,2,2,Cutter,Slider,FoulBallNotFieldable,Undefined,Undefined,Undefined,0,0,,83.98849,-1.563064,-0.69643,2645.26714,105.714062,9:30,5.57864,0.8194,5.87047,-35.33951,3.70154,-9.49737,1.18126,-0.619,78.42859,-8.027046,-2.402985,0.449709,,,,,,,,,,,,4.7613,2.54421,-0.75721,50,5.43102,1.84445,-122.21104,-4.50403,7.30664,20.77021,-28.26975,GEO_PAT,SLU_BILL,SpuhlerFieldMain,D1,A10,20250405-SpuhlerFieldMain-2,29d2fef0-1251-11f0-a721-ed23b36d4136,83.81508,,,5.55991,,,,,,,7d675549-dbed-425c-a347-a0febeddec93,2025-04-05,19:07:03.70,2025-04-05T15:07:03.7004288-04:00,2025-04-05T19:07:03.7004288Z,,v3,471300,471427,05 April 2025 14:00-stlouis@georgemas,"Raymond, Andrew",10148052,Right,GEO_PAT,3a4741ad-b6b7-44fb-8f69-3e54f965778c,54.63521,-122.99629,10.38511,5.5811,-3.43525,-14.13488,-0.82173,1.56822,3.65332,,,,,,,,,,,,,,,,,,,,,,,,,,,,,,,,,,,,,,,,,,,,,,,,,,,High,High,High,,,,,
74,2025-04-05,15:07:35.37,2,6,"Cassedy, Brandon",1000183671,Right,GEO_PAT,"Neuweg, Austin",809742,Right,SLU_BILL,Undefined,3,Top,1,2,2,Fastball,Four-Seam,StrikeSwinging,Strikeout,Undefined,Undefined,0,0,,88.8817,-1.59524,-0.703044,2298.894505,180.127589,12:00,5.65625,0.50844,6.6715,-14.14083,20.10773,0.0424,3.01783,-0.1313,81.38452,-4.347224,-0.695322,0.421204,,,,,,,,,,,,-0.21535,11.36162,-0.46135,50,5.5431,1.58444,-129.25063,-3.91098,-0.36474,26.64485,-12.93202,GEO_PAT,SLU_BILL,SpuhlerFieldMain,D1,A10,20250405-SpuhlerFieldMain-2,3cb19f90-1251-11f0-a721-ed23b36d4136,89.48737,,,7.49718,,,,,,,7d675549-dbed-425c-a347-a0febeddec93,2025-04-05,19:07:35.37,2025-04-05T15:07:35.3790000-04:00,2025-04-05T19:07:35.3790000Z,,v3,471300,471427,05 April 2025 14:00-stlouis@georgemas,"Raymond, Andrew",10148052,Right,GEO_PAT,781839b1-7b24-4b6d-9946-db91fec24385,53.82984,-130.03775,13.32242,5.65299,-3.52895,-6.46601,-0.50832,1.59521,-0.18237,,,,,,,,,,,,,,,,,,,,,,,,,,,,,68.48148,2.805646,1.822003,0.983643,-0.98749,2.83184,0.16047,-1.25588,4.81216,-3.04451,65.51309,7.35512,-59.27038,-1.23682,71.73257,-3.92879,4.88803,17.3477,-15.05265,-3.18254,-66.12479,9.19849,High,High,High,,,High,High,High
75,2025-04-05,15:08:07.33,3,1,"Cassedy, Brandon",1000183671,Right,GEO_PAT,"Moore, Hayden",809737,Left,SLU_BILL,Undefined,3,Top,2,0,0,Fastball,Four-Seam,InPlay,Undefined,GroundBall,Out,1,0,,89.3352,-2.448998,-1.458673,2372.716134,184.93268,12:15,5.66181,0.6894,6.6823,-16.05095,17.71757,1.44232,2.08193,-0.52501,82.30215,-5.527404,-1.195991,0.418242,90.33689,-6.64586,39.717637,,,,,20.43678,18.91564,37.961839,0.143119,-1.14693,10.3293,-0.59248,50,5.49131,3.25491,-129.8967,-5.95665,-1.97133,25.68629,-14.4201,GEO_PAT,SLU_BILL,SpuhlerFieldMain,D1,A10,20250405-SpuhlerFieldMain-2,4fbe2e00-1251-11f0-a721-ed23b36d4136,90.12112,2.19784,,7.03305,,,,1.60319,2.19784,0.51777,7d675549-dbed-425c-a347-a0febeddec93,2025-04-05,19:08:07.33,2025-04-05T15:08:07.3359872-04:00,2025-04-05T19:08:07.3359872Z,GroundBall,v3,471300,471427,05 April 2025 14:00-stlouis@georgemas,"Raymond, Andrew",10148052,Right,GEO_PAT,b4e8db68-20fb-4d33-a0a1-29f981e25c6e,53.82109,-130.65011,12.84314,5.65983,-5.53369,-7.21005,-0.6888,3.31273,-0.98566,180,1.5997,101.38122,,,,,,,,2.19837,-15.35674,,,,,,,,0.51488,84.22104,,,,,,,,,,,,,,,,,,,,,,,,,,,,,,High,High,High,High,High,,,
76,2025-04-05,15:10:04.78,1,1,"Cunningham, Joshua",10051170,Right,SLU_BILL,"Clyne, Owen",1000230336,Left,GEO_PAT,Undefined,3,Bottom,0,0,0,Curveball,Curveball,StrikeCalled,Undefined,Undefined,Undefined,0,0,,73.85394,2.000482,-1.484303,2382.904032,50.052226,7:45,6.32173,2.11867,4.13748,-61.44539,-6.87969,-10.15493,3.12149,-0.15157,68.21626,-8.891738,-3.249428,0.531657,,,,,,,,,,,,4.46028,-3.30299,-1.94203,50,6.47839,3.20606,-107.03904,1.39922,5.19409,17.82746,-36.02045,GEO_PAT,SLU_BILL,SpuhlerFieldMain,D1,A10,20250405-SpuhlerFieldMain-2,95b8c2d0-1251-11f0-a721-ed23b36d4136,70.89621,,,5.63768,,,,,,,7d675549-dbed-425c-a347-a0febeddec93,2025-04-05,19:10:04.78,2025-04-05T15:10:04.7889408-04:00,2025-04-05T19:10:04.7889408Z,,v3,471300,471427,05 April 2025 14:00-stlouis@georgemas,"Mendiola, Patrick",1000090289,Right,SLU_BILL,c9175ca4-58c1-48da-b726-85fc2d4c2e8d,56.36729,-108.09431,8.91373,6.33246,3.53141,-18.01022,-2.12271,2.8986,2.59704,,,,,,,,,,,,,,,,,,,,,,,,,,,,,,,,,,,,,,,,,,,,,,,,,,,High,High,High,,,,,
77,2025-04-05,15:10:19.63,1,2,"Cunningham, Joshua",10051170,Right,SLU_BILL,"Clyne, Owen",1000230336,Left,GEO_PAT,Undefined,3,Bottom,0,0,1,Fastball,Four-Seam,InPlay,Undefined,LineDrive,Out,1,0,,86.07133,-2.297279,-2.624172,2253.467256,216.439351,1:15,6.35913,2.00271,5.1298,-17.49662,21.54493,14.93363,2.73398,0.7739,78.36402,-5.596856,0.015367,0.449713,93.70145,16.414424,0.999064,1645.789511,109.99977,28.27456,0.12189,297.11961,289.76022,-0.855338,3.295464,-8.23099,11.79154,-1.76846,50,6.13034,5.05456,-124.66029,-5.55771,-12.90878,25.84661,-13.68121,GEO_PAT,SLU_BILL,SpuhlerFieldMain,D1,A10,20250405-SpuhlerFieldMain-2,9e9a03f0-1251-11f0-a721-ed23b36d4136,83.8145,33.08246,,7.70731,,,,1.60342,2.77384,-0.74277,7d675549-dbed-425c-a347-a0febeddec93,2025-04-05,19:10:19.63,2025-04-05T15:10:19.6301312-04:00,2025-04-05T19:10:19.6301312Z,LineDrive,v3,471300,471427,05 April 2025 14:00-stlouis@georgemas,"Mendiola, Patrick",1000090289,Right,SLU_BILL,6206e3f0-00a5-43bc-b093-55cd46ce7611,55.37237,-125.76925,12.9233,6.3562,-4.97072,-6.8406,-1.99721,5.60842,-6.45439,172.120439,1.60344,131.80652,-22.15793,4.84677,-1.01328,0.19765,-0.0326,0.00366,-0.00019,2.77383,38.83515,-12.75942,0.15995,0.05242,-0.02276,0.00533,-0.00057,3E-05,-0.74277,2.2985,-1.7509,0.3617,-0.07182,0.01344,-0.00219,0.00025,-1E-05,,,,,,,,,,,,,,,,,,,,,,,High,High,High,High,High,,,
78,2025-04-05,15:11:00.73,2,1,"Cunningham, Joshua",10051170,Right,SLU_BILL,"Hull, Owen",10054797,Left,GEO_PAT,Undefined,3,Bottom,1,0,0,Curveball,Curveball,InPlay,Undefined,LineDrive,Single,0,0,,74.76459,1.687341,-1.584516,2280.822583,41.080599,7:15,6.36278,1.93395,4.45607,-59.40472,-7.21272,-7.52961,3.02252,-0.2049,69.59978,-8.877646,-2.901235,0.519964,95.7831,12.331402,-1.005831,1473.840001,109.71847,16.48665,-7.8615,217.09221,217.09221,-7.474568,2.00529,3.30815,-3.60579,-1.75863,50,6.48247,3.30625,-108.54118,1.01291,3.99091,16.99638,-36.52401,GEO_PAT,SLU_BILL,SpuhlerFieldMain,D1,A10,20250405-SpuhlerFieldMain-2,b72324b0-1251-11f0-a721-ed23b36d4136,72.49048,16.50336,,5.16481,,,,2.19209,3.15876,0.15975,7d675549-dbed-425c-a347-a0febeddec93,2025-04-05,19:11:00.73,2025-04-05T15:11:00.7382528-04:00,2025-04-05T19:11:00.7382528Z,LineDrive,v3,471300,471427,05 April 2025 14:00-stlouis@georgemas,"Mendiola, Patrick",1000090289,Right,SLU_BILL,8c15d779-6c1a-45cf-b751-c71b3885b740,56.05085,-109.48457,8.49819,6.36999,3.0402,-18.26201,-1.936,3.08473,1.99546,104.129217,2.19209,137.21939,-20.54586,3.59874,-0.71338,0.12769,-0.02263,0.00322,-0.00024,3.15876,30.00207,-18.07869,1.56487,-0.28926,0.05882,-0.00954,0.00136,-0.00011,0.15975,-2.40918,-9.57965,2.91606,-0.79001,0.18747,-0.03864,0.00586,-0.00045,,,,,,,,,,,,,,,,,,,,,,,High,High,High,High,High,,,
79,2025-04-05,15:11:51.33,3,1,"Cunningham, Joshua",10051170,Right,SLU_BILL,"Quinn-Irons, Jaime",1000216379,Right,GEO_PAT,Undefined,3,Bottom,1,0,0,Fastball,Four-Seam,FoulBallNotFieldable,Undefined,Undefined,Undefined,0,0,,86.70467,-1.449063,-3.156676,2276.393081,211.234186,1:00,6.23508,1.98145,5.37518,-16.64056,21.19627,12.13898,3.48743,0.03047,79.42681,-4.595763,-1.003576,0.44272,,,,,,,,,,,,-6.90048,11.36375,-1.70706,50,6.09352,6.39656,-125.69912,-3.68398,-11.09594,24.27849,-13.90118,GEO_PAT,SLU_BILL,SpuhlerFieldMain,D1,A10,20250405-SpuhlerFieldMain-2,d52e7d10-1251-11f0-a721-ed23b36d4136,85.1384,,,7.27787,,,,,,,7d675549-dbed-425c-a347-a0febeddec93,2025-04-05,19:11:51.33,2025-04-05T15:11:51.3331712-04:00,2025-04-05T19:11:51.3331712Z,,v3,471300,471427,05 April 2025 14:00-stlouis@georgemas,"Mendiola, Patrick",1000090289,Right,SLU_BILL,38220e99-7506-4add-8861-81c4e8f24586,55.12599,-126.68532,12.13925,6.2317,-3.11931,-6.95059,-1.97604,6.84728,-5.54797,,,,,,,,,,,,,,,,,,,,,,,,,,,,,,,,,,,,,,,,,,,,,,,,,,,High,High,High,,,,,
80,2025-04-05,15:12:32.29,3,2,"Cunningham, Joshua",10051170,Right,SLU_BILL,"Quinn-Irons, Jaime",1000216379,Right,GEO_PAT,Undefined,3,Bottom,1,0,1,Fastball,Four-Seam,BallCalled,Undefined,Undefined,Undefined,0,0,,85.60919,-1.647526,-1.999171,2231.531179,215.794345,1:15,6.30994,1.96349,5.14752,-19.59521,19.83029,13.33942,3.12444,1.19206,77.87753,-5.325034,0.360827,0.451918,,,,,,,,,,,,-7.18622,10.72453,-1.78694,50,6.14115,3.72977,-124.04574,-4.19868,-11.15351,25.71462,-15.52882,GEO_PAT,SLU_BILL,SpuhlerFieldMain,D1,A10,20250405-SpuhlerFieldMain-2,ed912a10-1251-11f0-a721-ed23b36d4136,83.4054,,,7.73165,,,,,,,7d675549-dbed-425c-a347-a0febeddec93,2025-04-05,19:12:32.29,2025-04-05T15:12:32.2942464-04:00,2025-04-05T19:12:32.2942464Z,,v3,471300,471427,05 April 2025 14:00-stlouis@georgemas,"Mendiola, Patrick",1000090289,Right,SLU_BILL,e293548c-6f2f-42f3-aefe-df0157e23e28,55.35237,-125.15036,12.85731,6.30719,-3.53161,-7.76441,-1.95745,4.20889,-5.57676,,,,,,,,,,,,,,,,,,,,,,,,,,,,,,,,,,,,,,,,,,,,,,,,,,,High,High,High,,,,,
81,2025-04-05,15:12:51.52,3,3,"Cunningham, Joshua",10051170,Right,SLU_BILL,"Quinn-Irons, Jaime",1000216379,Right,GEO_PAT,Undefined,3,Bottom,1,1,1,Fastball,Four-Seam,HitByPitch,Undefined,Undefined,Undefined,0,0,,85.35656,-0.163612,-1.439669,2229.635079,220.929876,1:15,6.21451,1.94763,5.24921,-20.6071,18.67934,15.11391,4.34345,1.85389,77.89597,-4.026245,1.239788,0.451121,,,,,,,,,,,,-8.06898,9.79323,-1.82751,50,6.18481,2.47443,-123.89501,-1.0273,-12.52895,24.9923,-16.96778,GEO_PAT,SLU_BILL,SpuhlerFieldMain,D1,A10,20250405-SpuhlerFieldMain-2,f91f3bb0-1251-11f0-a721-ed23b36d4136,83.5529,,,7.46059,,,,,,,7d675549-dbed-425c-a347-a0febeddec93,2025-04-05,19:12:51.52,2025-04-05T15:12:51.5287552-04:00,2025-04-05T19:12:51.5287552Z,,v3,471300,471427,05 April 2025 14:00-stlouis@georgemas,"Mendiola, Patrick",1000090289,Right,SLU_BILL,80338bab-8701-44ce-8d92-62055a25e76c,55.25449,-124.95046,12.49615,6.21306,-0.31073,-8.48389,-1.94318,3.00354,-6.26448,,,,,,,,,,,,,,,,,,,,,,,,,,,,,,,,,,,,,,,,,,,,,,,,,,,High,High,High,,,,,
82,,,4,1,"Cunningham, Joshua",10051170,Right,SLU_BILL,"Butler, Jake",1000176047,Right,GEO_PAT,Undefined,3,Bottom,1,0,0,Other,,BallCalled,Undefined,Undefined,Undefined,0,0,,,,,,,,,,,,,,,,,,,,,,,,,,,,,,,,,,,,,,,,,,GEO_PAT,SLU_BILL,SpuhlerFieldMain,D1,A10,20250405-SpuhlerFieldMain-2,229fed90-1252-11f0-a721-ed23b36d4136,,,,,,,,,,,7d675549-dbed-425c-a347-a0febeddec93,,,,,,v3,471300,471427,05 April 2025 14:00-stlouis@georgemas,"Mendiola, Patrick",1000090289,Right,SLU_BILL,,,,,,,,,,,,,,,,,,,,,,,,,,,,,,,,,,,,,,,,,,,,,,,,,,,,,,,,,,,,,,,,,,,,
83,2025-04-05,15:13:46.59,4,2,"Cunningham, Joshua",10051170,Right,SLU_BILL,"Butler, Jake",1000176047,Right,GEO_PAT,Undefined,3,Bottom,1,1,0,Slider,Slider,BallCalled,Undefined,Undefined,Undefined,0,0,,81.07116,1.101944,-3.279954,2056.803086,136.479052,10:30,6.03508,2.28457,5.05529,-36.77904,6.99493,-5.41819,4.01128,-1.26379,74.60045,-5.590191,-4.233968,0.476189,,,,,,,,,,,,1.82854,3.58481,-1.96747,50,6.11102,6.96269,-117.49603,0.94832,2.57105,21.04815,-27.13357,GEO_PAT,SLU_BILL,SpuhlerFieldMain,D1,A10,20250405-SpuhlerFieldMain-2,19e01720-1252-11f0-a721-ed23b36d4136,79.15436,,,6.47072,,,,,,,7d675549-dbed-425c-a347-a0febeddec93,2025-04-05,19:13:46.59,2025-04-05T15:13:46.5909760-04:00,2025-04-05T19:13:46.5909760Z,,v3,471300,471427,05 April 2025 14:00-stlouis@georgemas,"Mendiola, Patrick",1000090289,Right,SLU_BILL,86201ce3-6765-497f-8ea8-400a10c6f0a9,55.44642,-118.46768,10.52407,6.03833,2.20089,-13.56679,-2.28615,6.84401,1.28552,,,,,,,,,,,,,,,,,,,,,,,,,,,,,,,,,,,,,,,,,,,,,,,,,,,High,High,High,,,,,
84,2025-04-05,15:14:05.12,4,3,"Cunningham, Joshua",10051170,Right,SLU_BILL,"Butler, Jake",1000176047,Right,GEO_PAT,Undefined,3,Bottom,1,2,0,Fastball,Four-Seam,FoulBallNotFieldable,Undefined,Undefined,Undefined,0,0,,86.78942,-2.082099,-2.423674,2206.890923,217.098246,1:15,6.1577,1.97531,5.2385,-18.37694,19.62387,13.92765,2.66662,0.85648,79.48369,-5.525705,0.043678,0.443678,73.55927,-18.233658,-62.424146,,,,,10.07491,10.07491,-53.715102,0.07901,-7.67914,10.7617,-1.76326,50,5.95277,4.72124,-125.84499,-5.17722,-12.34413,24.96663,-14.8747,GEO_PAT,SLU_BILL,SpuhlerFieldMain,D1,A10,20250405-SpuhlerFieldMain-2,250072d0-1252-11f0-a721-ed23b36d4136,84.95451,2.67619,,7.30573,,,,2.20174,2.67619,-0.92047,7d675549-dbed-425c-a347-a0febeddec93,2025-04-05,19:14:05.12,2025-04-05T15:14:05.1259392-04:00,2025-04-05T19:14:05.1259392Z,GroundBall,v3,471300,471427,05 April 2025 14:00-stlouis@georgemas,"Mendiola, Patrick",1000090289,Right,SLU_BILL,22de1317-2571-4a8f-af9d-1d003a22f7a5,55.26474,-126.88517,12.48331,6.15555,-4.5575,-7.43735,-1.97068,5.23553,-6.17207,180,2.19969,47.59678,,,,,,,,2.67765,-33.87179,,,,,,,,-0.91654,-91.13778,,,,,,,,,,,,,,,,,,,,,,,,,,,,,,High,High,High,Medium,High,,,
85,2025-04-05,15:14:28.29,4,4,"Cunningham, Joshua",10051170,Right,SLU_BILL,"Butler, Jake",1000176047,Right,GEO_PAT,Undefined,3,Bottom,1,2,1,Fastball,Four-Seam,StrikeCalled,Undefined,Undefined,Undefined,0,0,,85.67003,-1.618318,-2.543894,2179.263921,221.228955,1:15,6.25544,2.01985,5.31106,-19.76615,19.8404,16.08773,3.08728,0.97102,77.03567,-5.365691,0.309792,0.452955,,,,,,,,,,,,-8.76461,10.83323,-1.80055,50,6.09466,4.77392,-123.94358,-4.10565,-13.42284,28.35066,-15.58312,GEO_PAT,SLU_BILL,SpuhlerFieldMain,D1,A10,20250405-SpuhlerFieldMain-2,32b7a600-1252-11f0-a721-ed23b36d4136,83.21454,,,8.63437,,,,,,,7d675549-dbed-425c-a347-a0febeddec93,2025-04-05,19:14:28.29,2025-04-05T15:14:28.2971136-04:00,2025-04-05T19:14:28.2971136Z,,v3,471300,471427,05 April 2025 14:00-stlouis@georgemas,"Mendiola, Patrick",1000090289,Right,SLU_BILL,c4b37e05-12ab-4595-9e6c-8e95cc5c34e4,55.18598,-125.12419,14.17533,6.25212,-3.45672,-7.79156,-2.01099,5.33289,-6.71142,,,,,,,,,,,,,,,,,,,,,,,,,,,,,,,,,,,,,,,,,,,,,,,,,,,High,High,High,,,,,
86,2025-04-05,15:14:47.30,4,5,"Cunningham, Joshua",10051170,Right,SLU_BILL,"Butler, Jake",1000176047,Right,GEO_PAT,Undefined,3,Bottom,1,2,2,Slider,Slider,BallCalled,Undefined,Undefined,Undefined,0,0,,79.16895,-0.141517,-3.647627,2172.954395,124.455269,10:15,5.98825,2.16141,5.05048,-42.24994,4.19311,-3.87358,2.33367,-1.60657,72.36449,-7.808502,-4.330036,0.490492,,,,,,,,,,,,0.84047,2.59165,-1.81015,50,5.94131,7.46521,-114.5755,-1.77646,1.11057,22.34978,-28.74953,GEO_PAT,SLU_BILL,SpuhlerFieldMain,D1,A10,20250405-SpuhlerFieldMain-2,3e12c0c0-1252-11f0-a721-ed23b36d4136,76.84622,,,6.80446,,,,,,,7d675549-dbed-425c-a347-a0febeddec93,2025-04-05,19:14:47.30,2025-04-05T15:14:47.3054208-04:00,2025-04-05T19:14:47.3054208Z,,v3,471300,471427,05 April 2025 14:00-stlouis@georgemas,"Mendiola, Patrick",1000090289,Right,SLU_BILL,66abd04a-ea5c-4bda-b470-69b7166826e0,55.45014,-115.63375,11.17489,5.9932,-0.41519,-14.37476,-2.16238,7.41263,0.55529,,,,,,,,,,,,,,,,,,,,,,,,,,,,,,,,,,,,,,,,,,,,,,,,,,,High,High,High,,,,,
87,2025-04-05,15:15:05.85,4,6,"Cunningham, Joshua",10051170,Right,SLU_BILL,"Butler, Jake",1000176047,Right,GEO_PAT,Undefined,3,Bottom,1,3,2,Fastball,Four-Seam,BallCalled,Walk,Undefined,Undefined,0,0,,87.34788,-4.762969,-4.188417,2277.503907,221.00603,1:15,6.18449,2.00334,5.35507,-17.91399,20.24202,16.37521,0.20212,-0.56742,79.12862,-8.137486,-1.287706,0.444583,,,,,,,,,,,,-9.59989,12.07335,-1.63837,50,5.74177,8.51477,-125.94153,-11.0798,-15.25105,28.17149,-12.99347,GEO_PAT,SLU_BILL,SpuhlerFieldMain,D1,A10,20250405-SpuhlerFieldMain-2,4931e3f0-1252-11f0-a721-ed23b36d4136,84.78157,,,8.21926,,,,,,,7d675549-dbed-425c-a347-a0febeddec93,2025-04-05,19:15:05.85,2025-04-05T15:15:05.8565632-04:00,2025-04-05T19:15:05.8565632Z,,v3,471300,471427,05 April 2025 14:00-stlouis@georgemas,"Mendiola, Patrick",1000090289,Right,SLU_BILL,2942da2d-03ea-4cb5-9d22-fbf608e0e1be,55.14737,-127.08772,14.08575,6.18181,-10.55115,-6.49674,-1.99742,9.13528,-7.62552,,,,,,,,,,,,,,,,,,,,,,,,,,,,,,,,,,,,,,,,,,,,,,,,,,,High,High,High,,,,,
88,2025-04-05,15:16:12.04,5,1,"Cunningham, Joshua",10051170,Right,SLU_BILL,"Alberti, Lucas",1000145512,Right,GEO_PAT,Undefined,3,Bottom,1,0,0,Cutter,Slider,BallCalled,Undefined,Undefined,Undefined,0,0,,81.61944,-1.543378,-4.19932,2132.349428,149.802909,11:00,6.06723,2.1326,5.04122,-37.5903,5.83095,-2.62051,1.47444,-2.05447,75.30838,-8.331906,-4.660535,0.474267,,,,,,,,,,,,0.17323,3.68961,-1.72884,50,5.88939,8.78294,-118.13323,-4.54728,0.24544,21.94355,-26.94627,GEO_PAT,SLU_BILL,SpuhlerFieldMain,D1,A10,20250405-SpuhlerFieldMain-2,70a8bc10-1252-11f0-a721-ed23b36d4136,79.47523,,,6.31106,,,,,,,7d675549-dbed-425c-a347-a0febeddec93,2025-04-05,19:16:12.04,2025-04-05T15:16:12.0450560-04:00,2025-04-05T19:16:12.0450560Z,,v3,471300,471427,05 April 2025 14:00-stlouis@georgemas,"Mendiola, Patrick",1000090289,Right,SLU_BILL,6565c2d1-fa25-411a-b881-993424cae6b0,55.46168,-119.14343,10.97178,6.07018,-3.30678,-13.47314,-2.13292,8.77164,0.12272,,,,,,,,,,,,,,,,,,,,,,,,,,,,,,,,,,,,,,,,,,,,,,,,,,,High,High,High,,,,,
89,2025-04-05,15:19:09.51,5,2,"Weber, Charlie",1000161356,Right,SLU_BILL,"Alberti, Lucas",1000145512,Right,GEO_PAT,Undefined,3,Bottom,1,1,0,Fastball,Changeup,StrikeCalled,Undefined,Undefined,Undefined,0,0,,85.3191,2.795587,-6.10574,1933.218765,290.946224,3:45,3.30501,3.63419,5.86186,-43.28967,-4.50626,14.95497,2.31171,-0.81376,77.82752,-5.135689,-3.448108,0.448223,,,,,,,,,,,,-9.27233,-2.66996,-3.14568,50,3.50805,12.56706,-123.21798,4.52983,-14.28618,23.98646,-36.28773,GEO_PAT,SLU_BILL,SpuhlerFieldMain,D1,A10,20250405-SpuhlerFieldMain-2,da75b210-1252-11f0-a721-ed23b36d4136,84.093,,,7.49158,,,,,,,7d675549-dbed-425c-a347-a0febeddec93,2025-04-05,19:19:09.51,2025-04-05T15:19:09.5136768-04:00,2025-04-05T19:19:09.5136768Z,,v3,471300,471427,05 April 2025 14:00-stlouis@georgemas,"Mendiola, Patrick",1000090289,Right,SLU_BILL,7d80336b-4f6f-4a6d-a73d-6b9d62e833c1,54.64256,-124.11844,11.99323,3.31243,5.89209,-18.14387,-3.62752,13.10337,-7.14309,,,,,,,,,,,,,,,,,,,,,,,,,,,,,,,,,,,,,,,,,,,,,,,,,,,High,High,High,,,,,
90,2025-04-05,15:19:28.33,5,3,"Weber, Charlie",1000161356,Right,SLU_BILL,"Alberti, Lucas",1000145512,Right,GEO_PAT,Undefined,3,Bottom,1,1,1,Fastball,Changeup,BallCalled,Undefined,Undefined,Undefined,0,0,,84.11712,3.01692,-7.301364,1986.925155,291.072828,3:45,3.14788,3.72865,6.08822,-44.14132,-4.49422,14.82702,2.28585,-1.82716,76.87469,-5.080868,-4.667358,0.453187,,,,,,,,,,,,-9.51351,-2.6887,-3.16962,50,3.35975,14.94804,-121.23511,4.96336,-14.23313,22.54232,-36.19659,GEO_PAT,SLU_BILL,SpuhlerFieldMain,D1,A10,20250405-SpuhlerFieldMain-2,e5930080-1252-11f0-a721-ed23b36d4136,83.17202,,,7.24244,,,,,,,7d675549-dbed-425c-a347-a0febeddec93,2025-04-05,19:19:28.33,2025-04-05T15:19:28.3388928-04:00,2025-04-05T19:19:28.3388928Z,,v3,471300,471427,05 April 2025 14:00-stlouis@georgemas,"Mendiola, Patrick",1000090289,Right,SLU_BILL,f3563d84-2559-4b18-8848-f7009908acc4,54.41638,-122.05352,11.27116,3.1557,6.2775,-18.09829,-3.72169,15.46478,-7.11657,,,,,,,,,,,,,,,,,,,,,,,,,,,,,,,,,,,,,,,,,,,,,,,,,,,High,High,High,,,,,
91,2025-04-05,15:19:54.23,5,4,"Weber, Charlie",1000161356,Right,SLU_BILL,"Alberti, Lucas",1000145512,Right,GEO_PAT,Undefined,3,Bottom,1,2,1,Slider,Slider,StrikeSwinging,Undefined,Undefined,Undefined,0,0,,80.83449,0.160176,-4.432723,2749.794993,103.669464,9:30,4.50565,3.62035,5.87637,-37.73486,5.533,-17.11757,1.5103,-1.93151,74.05953,-6.783552,-7.481583,0.473428,,,,,,,,,,,,7.4537,3.19307,-3.25116,50,4.49686,9.72296,-117.06161,-0.85814,10.26131,23.72479,-27.77823,GEO_PAT,SLU_BILL,SpuhlerFieldMain,D1,A10,20250405-SpuhlerFieldMain-2,f5227620-1252-11f0-a721-ed23b36d4136,79.61596,,,6.77496,,,,,,,7d675549-dbed-425c-a347-a0febeddec93,2025-04-05,19:19:54.23,2025-04-05T15:19:54.2366208-04:00,2025-04-05T19:19:54.2366208Z,,v3,471300,471427,05 April 2025 14:00-stlouis@georgemas,"Mendiola, Patrick",1000090289,Right,SLU_BILL,d7311e1c-49d1-455b-b589-3862c9870e41,54.62618,-117.99547,11.8624,4.50912,0.23528,-13.88911,-3.62593,9.31905,5.13066,,,,,,,,,,,,,,,,,,,,,,,,,,,,,,,,,,,,,,,,,,,,,,,,,,,High,High,High,,,,,
92,2025-04-05,15:20:12.86,5,5,"Weber, Charlie",1000161356,Right,SLU_BILL,"Alberti, Lucas",1000145512,Right,GEO_PAT,Undefined,3,Bottom,1,2,2,Slider,Slider,StrikeSwinging,Strikeout,Undefined,Undefined,0,0,,79.37415,0.327412,-3.927638,2656.880833,105.822132,9:30,4.47031,3.69088,5.88747,-38.41786,6.32583,-17.36316,1.57358,-1.40905,72.78121,-6.75239,-7.02514,0.481435,,,,,,,,,,,,7.76012,3.55772,-3.36337,50,4.47467,8.54118,-115.03632,-0.52152,10.32974,22.66149,-27.43827,GEO_PAT,SLU_BILL,SpuhlerFieldMain,D1,A10,20250405-SpuhlerFieldMain-2,0036eaf0-1253-11f0-a721-ed23b36d4136,78.29192,,,6.59294,,,,,,,7d675549-dbed-425c-a347-a0febeddec93,2025-04-05,19:20:12.86,2025-04-05T15:20:12.8624640-04:00,2025-04-05T19:20:12.8624640Z,,v3,471300,471427,05 April 2025 14:00-stlouis@georgemas,"Mendiola, Patrick",1000090289,Right,SLU_BILL,f8d72076-26ce-4696-bda7-41db853bccbf,54.61532,-115.94195,11.33075,4.47361,0.575,-13.71914,-3.69646,8.12837,5.16487,,,,,,,,,,,,,,,,,,,,,,,,,,,,,,,,,,,,,,,,,,,,,,,,,,,High,High,High,,,,,
93,2025-04-05,15:20:49.58,6,1,"Weber, Charlie",1000161356,Right,SLU_BILL,"Raymond, Andrew",10148052,Left,GEO_PAT,Undefined,3,Bottom,2,0,0,Slider,Slider,StrikeCalled,Undefined,Undefined,Undefined,0,0,,79.89324,0.094609,-2.814334,2729.205338,120.652074,10:00,4.61379,3.84806,5.90612,-35.09522,8.56367,-12.27406,1.77712,0.2106,73.66127,-6.388971,-5.011811,0.475562,,,,,,,,,,,,5.53425,4.76953,-3.61475,50,4.60131,6.16171,-115.99776,-0.88511,7.56323,21.08458,-25.6559,GEO_PAT,SLU_BILL,SpuhlerFieldMain,D1,A10,20250405-SpuhlerFieldMain-2,161e85d0-1253-11f0-a721-ed23b36d4136,79.25865,,,6.23197,,,,,,,7d675549-dbed-425c-a347-a0febeddec93,2025-04-05,19:20:49.58,2025-04-05T15:20:49.5865344-04:00,2025-04-05T19:20:49.5865344Z,,v3,471300,471427,05 April 2025 14:00-stlouis@georgemas,"Mendiola, Patrick",1000090289,Right,SLU_BILL,d230c430-8a4b-4c2c-b014-bca87ea781f8,54.59624,-116.83022,10.54229,4.61626,0.12783,-12.82795,-3.85213,5.8631,3.78161,,,,,,,,,,,,,,,,,,,,,,,,,,,,,,,,,,,,,,,,,,,,,,,,,,,High,High,High,,,,,
94,2025-04-05,15:21:06.36,6,2,"Weber, Charlie",1000161356,Right,SLU_BILL,"Raymond, Andrew",10148052,Left,GEO_PAT,Undefined,3,Bottom,2,0,1,Fastball,Four-Seam,StrikeCalled,Undefined,Undefined,Undefined,0,0,,91.35196,-0.951332,-5.780136,2275.205199,220.193274,1:15,4.91393,3.621,6.38914,-20.8384,12.02564,9.34166,2.29776,-0.93556,84.05584,-4.871697,-4.101845,0.412602,,,,,,,,,,,,-6.33583,6.81784,-3.20791,50,4.83535,13.01296,-132.25755,-2.83484,-11.31874,25.9393,-19.99425,GEO_PAT,SLU_BILL,SpuhlerFieldMain,D1,A10,20250405-SpuhlerFieldMain-2,201a5eb0-1253-11f0-a721-ed23b36d4136,91.35295,,,7.29612,,,,,,,7d675549-dbed-425c-a347-a0febeddec93,2025-04-05,19:21:06.36,2025-04-05T15:21:06.3670784-04:00,2025-04-05T19:21:06.3670784Z,,v3,471300,471427,05 April 2025 14:00-stlouis@georgemas,"Mendiola, Patrick",1000090289,Right,SLU_BILL,74f18f23-58d6-4ab2-951f-abd1619c384b,54.11366,-133.0619,12.96965,4.91364,-2.21484,-9.99713,-3.61687,13.36395,-5.65937,,,,,,,,,,,,,,,,,,,,,,,,,,,,,,,,,,,,,,,,,,,,,,,,,,,High,High,High,,,,,
95,2025-04-05,15:21:27.05,6,3,"Weber, Charlie",1000161356,Right,SLU_BILL,"Raymond, Andrew",10148052,Left,GEO_PAT,Undefined,3,Bottom,2,0,2,Slider,Slider,InPlay,Undefined,GroundBall,Out,1,0,,79.24077,0.159321,-2.765346,2744.584278,94.247534,9:15,4.69496,3.65777,5.94259,-41.8516,2.38591,-15.09359,1.35529,-0.16731,73.38371,-7.521696,-5.470691,0.478704,55.03709,-52.646966,32.300275,,,,,2.37198,2.37198,17.703012,0.020994,7.06378,1.54276,-3.42847,50,4.68386,6.10647,-115.12389,-0.97834,9.5171,20.5891,-30.09548,GEO_PAT,SLU_BILL,SpuhlerFieldMain,D1,A10,20250405-SpuhlerFieldMain-2,2c729e20-1253-11f0-a721-ed23b36d4136,78.73854,1.35146,,5.85706,,,,1.38776,1.35146,0.17008,7d675549-dbed-425c-a347-a0febeddec93,2025-04-05,19:21:27.05,2025-04-05T15:21:27.0542336-04:00,2025-04-05T19:21:27.0542336Z,GroundBall,v3,471300,471427,05 April 2025 14:00-stlouis@georgemas,"Mendiola, Patrick",1000090289,Right,SLU_BILL,8caf8242-6479-4915-b2c7-7754907ff201,54.56212,-115.93692,10.29455,4.69903,0.21008,-15.04774,-3.66219,5.73066,4.75855,,1.3873,41.53142,,,,,,,,1.35216,-64.3746,,,,,,,,0.16979,26.25535,,,,,,,,,,,,,,,,,,,,,,,,,,,,,,High,High,High,Estimated,Estimated,,,
96,2025-04-05,15:23:49.77,1,1,"Cassedy, Brandon",1000183671,Right,GEO_PAT,"Blazier, Ian",813662,Left,SLU_BILL,Undefined,4,Top,0,0,0,Fastball,Four-Seam,BallCalled,Undefined,Undefined,Undefined,0,0,,87.83991,-0.959168,-0.684959,2276.444344,187.293501,12:15,5.72609,0.74152,6.43944,-16.40643,19.27989,2.31315,3.47728,0.30478,79.70074,-4.138634,-0.265528,0.429954,,,,,,,,,,,,-1.41087,10.70945,-0.6938,50,5.65023,1.43475,-127.60538,-2.53312,-2.30735,28.25633,-14.65983,GEO_PAT,SLU_BILL,SpuhlerFieldMain,D1,A10,20250405-SpuhlerFieldMain-2,817e02b0-1253-11f0-a721-ed23b36d4136,87.66616,,,8.13918,,,,,,,7d675549-dbed-425c-a347-a0febeddec93,2025-04-05,19:23:49.77,2025-04-05T15:23:49.7711616-04:00,2025-04-05T19:23:49.7711616Z,,v3,471300,471427,05 April 2025 14:00-stlouis@georgemas,"Raymond, Andrew",10148052,Right,GEO_PAT,4bbd28b5-c955-40be-934d-04ad68860bb0,54.06043,-128.50136,14.12817,5.72318,-2.06828,-7.32991,-0.74045,1.50792,-1.15367,,,,,,,,,,,,,,,,,,,,,,,,,,,,,,,,,,,,,,,,,,,,,,,,,,,High,High,High,,,,,
97,2025-04-05,15:24:06.16,1,2,"Cassedy, Brandon",1000183671,Right,GEO_PAT,"Blazier, Ian",813662,Left,SLU_BILL,Undefined,4,Top,0,1,0,Fastball,Four-Seam,InPlay,Undefined,LineDrive,Out,1,0,,87.32434,-2.212241,-0.293326,2223.397939,187.403497,12:15,5.7125,0.70119,6.40498,-17.31257,18.70784,2.27795,2.2344,0.62127,79.7314,-5.534184,0.119589,0.431962,98.75768,16.485661,-18.798449,3026.355392,100.89227,24.4786,-43.82491,263.38654,251.47591,-30.375468,2.701157,-1.27988,10.778,-0.68118,50,5.54583,0.56301,-126.86397,-5.34411,-2.07843,26.82159,-14.67172,GEO_PAT,SLU_BILL,SpuhlerFieldMain,D1,A10,20250405-SpuhlerFieldMain-2,8b3fb8c0-1253-11f0-a721-ed23b36d4136,87.25862,26.27563,,7.59294,,,,1.91372,2.33013,-0.63599,7d675549-dbed-425c-a347-a0febeddec93,2025-04-05,19:24:06.16,2025-04-05T15:24:06.1673472-04:00,2025-04-05T19:24:06.1673472Z,LineDrive,v3,471300,471427,05 April 2025 14:00-stlouis@georgemas,"Raymond, Andrew",10148052,Right,GEO_PAT,f09843ea-db3b-4fc3-8f84-f4cb5b9bdd5a,54.09698,-127.72721,13.41079,5.71023,-4.87191,-7.33586,-0.70038,0.6299,-1.03921,104.385084,1.91381,131.47669,-26.22481,4.88707,-0.76643,-0.06102,0.08844,-0.02679,0.00301,2.33008,41.10592,-20.18095,2.69557,-0.6795,0.23831,-0.08112,0.01864,-0.0019,-0.63601,-44.75496,-7.2153,4.19425,-1.46177,0.43336,-0.10639,0.01863,-0.00155,,,,,,,,,,,,,,,,,,,,,,,High,High,High,High,Medium,,,
98,2025-04-05,15:24:44.39,2,1,"Cassedy, Brandon",1000183671,Right,GEO_PAT,"Iffrig, Riley",1000094154,Left,SLU_BILL,Undefined,4,Top,1,0,0,Fastball,Four-Seam,BallCalled,Undefined,Undefined,Undefined,0,0,,87.83579,-0.959841,-1.076417,2265.062802,183.217617,12:00,5.75179,0.56999,6.4533,-14.65698,21.30104,1.12417,3.64829,-0.3254,79.06009,-3.842466,-0.872595,0.431588,,,,,,,,,,,,-0.93185,11.78115,-0.4942,50,5.67679,2.3501,-127.47634,-2.44769,-1.50882,30.121,-13.09867,GEO_PAT,SLU_BILL,SpuhlerFieldMain,D1,A10,20250405-SpuhlerFieldMain-2,a2075360-1253-11f0-a721-ed23b36d4136,87.33433,,,8.7757,,,,,,,7d675549-dbed-425c-a347-a0febeddec93,2025-04-05,19:24:44.39,2025-04-05T15:24:44.3926528-04:00,2025-04-05T19:24:44.3926528Z,,v3,471300,471427,05 April 2025 14:00-stlouis@georgemas,"Raymond, Andrew",10148052,Right,GEO_PAT,1d5a9c9f-2c5a-41c4-aecd-b48968e73c62,54.04456,-128.42846,15.0605,5.74762,-2.03364,-6.54933,-0.56925,2.39779,-0.75441,,,,,,,,,,,,,,,,,,,,,,,,,,,,,,,,,,,,,,,,,,,,,,,,,,,High,High,High,,,,,
99,2025-04-05,15:25:01.05,2,2,"Cassedy, Brandon",1000183671,Right,GEO_PAT,"Iffrig, Riley",1000094154,Left,SLU_BILL,Undefined,4,Top,1,1,0,Curveball,Curveball,StrikeCalled,Undefined,Undefined,Undefined,0,0,,74.36566,2.771215,0.474136,2606.600937,35.92414,7:15,5.69225,0.93178,5.7588,-65.35385,-13.53288,-11.18741,2.82782,0.44086,67.14365,-9.215544,-1.532197,0.518113,,,,,,,,,,,,5.79614,-7.13024,-0.96446,50,5.88344,-0.47318,-107.78909,3.121,6.66796,22.60736,-40.37679,GEO_PAT,SLU_BILL,SpuhlerFieldMain,D1,A10,20250405-SpuhlerFieldMain-2,abeee0f0-1253-11f0-a721-ed23b36d4136,72.74953,,,7.22201,,,,,,,7d675549-dbed-425c-a347-a0febeddec93,2025-04-05,19:25:01.05,2025-04-05T15:25:01.0556928-04:00,2025-04-05T19:25:01.0556928Z,,v3,471300,471427,05 April 2025 14:00-stlouis@georgemas,"Raymond, Andrew",10148052,Right,GEO_PAT,948dbda6-2650-47d7-a5c0-4650cb77d7ac,54.74471,-108.77968,11.30368,5.70793,4.89019,-20.1884,-0.93733,-0.76535,3.33398,,,,,,,,,,,,,,,,,,,,,,,,,,,,,,,,,,,,,,,,,,,,,,,,,,,High,High,High,,,,,
100,2025-04-05,15:25:19.19,2,3,"Cassedy, Brandon",1000183671,Right,GEO_PAT,"Iffrig, Riley",1000094154,Left,SLU_BILL,Undefined,4,Top,1,1,1,Fastball,Four-Seam,FoulBallNotFieldable,Undefined,Undefined,Undefined,0,0,,88.65998,-1.94774,-0.783655,2384.42011,198.400005,12:30,5.72284,0.62724,6.47319,-12.26839,22.99111,7.22126,2.91082,0.50927,79.88217,-4.389398,0.526428,0.427375,82.08475,49.43039,-62.829392,4617.672561,33.69215,92.6729,-104.71311,246.97957,91.91885,-79.76897,4.765251,-4.03099,13.02985,-0.57499,50,5.57978,1.47619,-128.67847,-4.61077,-6.65057,30.68602,-10.67656,GEO_PAT,SLU_BILL,SpuhlerFieldMain,D1,A10,20250405-SpuhlerFieldMain-2,b6c673d0-1253-11f0-a721-ed23b36d4136,88.19517,98.27403,,8.77781,,,,0.87921,3.19253,-0.80065,7d675549-dbed-425c-a347-a0febeddec93,2025-04-05,19:25:19.19,2025-04-05T15:25:19.1929344-04:00,2025-04-05T19:25:19.1929344Z,FlyBall,v3,471300,471427,05 April 2025 14:00-stlouis@georgemas,"Raymond, Andrew",10148052,Right,GEO_PAT,b752747a-d1c8-4b01-8c33-b4e38ffb96fd,54.02679,-129.63518,15.34301,5.71835,-4.27791,-5.33828,-0.62425,1.68354,-3.32529,139.396814,0.89651,35.41668,-13.30673,2.15316,0.41927,-0.24785,0.01757,0.00616,-0.0008,3.17888,91.76538,-28.12825,5.77376,-3.0074,1.27551,-0.32796,0.0442,-0.00239,-0.78714,-69.96456,6.90067,-3.01736,2.27026,-1.09005,0.28982,-0.03897,0.00207,,,,,,,,,,,,,,,,,,,,,,,High,High,High,High,Low,,,
101,2025-04-05,15:25:48.49,2,4,"Cassedy, Brandon",1000183671,Right,GEO_PAT,"Iffrig, Riley",1000094154,Left,SLU_BILL,Undefined,4,Top,1,1,2,Fastball,Four-Seam,FoulBallNotFieldable,Undefined,Undefined,Undefined,0,0,,89.53358,-1.591201,-1.711054,2400.393667,185.81588,12:15,5.62504,0.51201,6.64553,-14.69391,19.09812,1.83858,2.94296,-0.90152,82.02068,-4.438174,-1.37659,0.418387,,,,,,,,,,,,-1.43803,10.82587,-0.39725,50,5.51123,3.81871,-130.16262,-3.9607,-2.47077,26.93354,-13.57323,GEO_PAT,SLU_BILL,SpuhlerFieldMain,D1,A10,20250405-SpuhlerFieldMain-2,c83caad0-1253-11f0-a721-ed23b36d4136,90.08986,,,7.5129,,,,,,,7d675549-dbed-425c-a347-a0febeddec93,2025-04-05,19:25:48.49,2025-04-05T15:25:48.4988416-04:00,2025-04-05T19:25:48.4988416Z,,v3,471300,471427,05 April 2025 14:00-stlouis@georgemas,"Raymond, Andrew",10148052,Right,GEO_PAT,bfe4fb86-af3a-4e21-aad4-5665a9aba123,53.85649,-130.95818,13.46677,5.6223,-3.55977,-6.78661,-0.51112,3.8917,-1.23539,,,,,,,,,,,,,,,,,,,,,,,,,,,,,,,,,,,,,,,,,,,,,,,,,,,High,High,High,,,,,
102,2025-04-05,15:26:15.87,2,5,"Cassedy, Brandon",1000183671,Right,GEO_PAT,"Iffrig, Riley",1000094154,Left,SLU_BILL,Undefined,4,Top,1,1,2,Curveball,Curveball,FoulBallNotFieldable,Undefined,Undefined,Undefined,0,0,,75.30803,3.217824,1.264583,2686.201185,37.867266,7:15,5.57047,0.9079,5.87395,-64.50866,-14.77599,-12.76835,3.18751,1.01867,68.68237,-8.603852,-1.028446,0.507566,86.46385,27.863642,-30.558132,4718.505512,87.81865,48.93765,-66.2411,287.62947,239.85991,-47.071551,4.009113,6.93201,-8.10304,-1.00266,50,5.79349,-1.95531,-109.28359,4.11709,8.30184,21.00346,-41.8783,GEO_PAT,SLU_BILL,SpuhlerFieldMain,D1,A10,20250405-SpuhlerFieldMain-2,d89bcc80-1253-11f0-a721-ed23b36d4136,74.2612,56.28582,,6.62566,,,,1.05963,3.13326,-0.9518,7d675549-dbed-425c-a347-a0febeddec93,2025-04-05,19:26:15.87,2025-04-05T15:26:15.8786048-04:00,2025-04-05T19:26:15.8786048Z,LineDrive,v3,471300,471427,05 April 2025 14:00-stlouis@georgemas,"Raymond, Andrew",10148052,Right,GEO_PAT,e6e0557c-09b2-4027-880a-40bde0d5301d,54.63301,-110.17042,10.50173,5.58233,5.88532,-20.93915,-0.9127,-2.30583,4.15092,131.157014,1.05871,96.56845,-24.33792,6.36563,-1.72599,0.48357,-0.11573,0.01711,-0.00106,3.13425,59.23994,-17.76428,0.40594,0.41964,-0.24799,0.07357,-0.01074,0.00061,-0.9515,-57.0068,-0.56107,1.41002,-0.47605,0.08202,-0.0035,-0.00121,0.00015,,,,,,,,,,,,,,,,,,,,,,,High,High,High,High,Medium,,,
103,2025-04-05,15:26:51.21,2,6,"Cassedy, Brandon",1000183671,Right,GEO_PAT,"Iffrig, Riley",1000094154,Left,SLU_BILL,Undefined,4,Top,1,1,2,Cutter,Slider,InPlay,Undefined,GroundBall,Out,1,0,,82.78605,-0.997849,0.552942,2736.983736,92.524828,9:00,5.6405,0.80218,5.62766,-39.23616,1.38291,-6.37103,1.43954,0.78725,77.11346,-8.145813,-0.587279,0.458708,98.37433,-8.054036,26.571002,,,,,12.95444,11.21869,19.012028,0.077839,3.40335,1.22965,-0.84498,50,5.52975,-0.91528,-120.42747,-3.44069,5.06155,20.60181,-30.3453,GEO_PAT,SLU_BILL,SpuhlerFieldMain,D1,A10,20250405-SpuhlerFieldMain-2,ed9e85a0-1253-11f0-a721-ed23b36d4136,82.17083,1.57499,,5.67259,,,,2.29292,1.57499,-0.7586,7d675549-dbed-425c-a347-a0febeddec93,2025-04-05,19:26:51.21,2025-04-05T15:26:51.2135680-04:00,2025-04-05T19:26:51.2135680Z,GroundBall,v3,471300,471427,05 April 2025 14:00-stlouis@georgemas,"Raymond, Andrew",10148052,Right,GEO_PAT,dcf3b369-a82f-4198-90f8-ce5d71745e73,54.87775,-121.25905,10.30091,5.64391,-2.21582,-15.17265,-0.80391,-1.11958,2.53078,180,2.29142,127.88984,,,,,,,,1.57522,-20.23384,,,,,,,,-0.75934,63.96152,,,,,,,,,,,,,,,,,,,,,,,,,,,,,,High,High,High,Medium,High,,,
104,2025-04-05,15:27:29.68,3,1,"Cassedy, Brandon",1000183671,Right,GEO_PAT,"Stressler, Brenden",10083882,Left,SLU_BILL,Undefined,4,Top,2,0,0,Fastball,Four-Seam,FoulBallNotFieldable,Undefined,Undefined,Undefined,0,0,,89.28729,-2.618073,-0.789018,2394.724212,193.240702,12:30,5.70369,0.51348,6.63955,-14.77005,19.363,4.29532,2.07413,0.14904,81.57583,-5.480857,-0.007089,0.420493,71.74135,11.79215,-163.20038,1873.629557,,,,131.39978,51.128,-164.469544,1.462903,-2.49473,11.29709,-0.4618,50,5.52031,1.62485,-129.72738,-6.27593,-4.24009,27.8098,-12.97333,GEO_PAT,SLU_BILL,SpuhlerFieldMain,D1,A10,20250405-SpuhlerFieldMain-2,04908ba0-1254-11f0-a721-ed23b36d4136,89.63864,8.99012,,7.71145,,,,1.4302,1.97901,-0.13143,7d675549-dbed-425c-a347-a0febeddec93,2025-04-05,19:27:29.68,2025-04-05T15:27:29.6866816-04:00,2025-04-05T19:27:29.6866816Z,GroundBall,v3,471300,471427,05 April 2025 14:00-stlouis@georgemas,"Raymond, Andrew",10148052,Right,GEO_PAT,4ef6a968-0ae1-4fa2-b74b-1924b6c4aee3,53.86246,-130.55275,13.9049,5.70086,-5.89089,-6.48667,-0.51189,1.75069,-2.12004,108.192625,1.43025,-98.60904,8.05878,-0.59333,0.47155,0.07678,-0.60868,0.42186,-0.09175,1.97902,21.50245,-17.2751,1.27846,-0.25565,0.43507,-0.46272,0.22084,-0.04019,-0.13141,-29.77235,4.13001,-0.24092,0.2382,0.06794,-0.35658,0.24103,-0.05194,,,,,,,,,,,,,,,,,,,,,,,High,High,High,High,Low,,,
105,2025-04-05,15:27:50.69,3,2,"Cassedy, Brandon",1000183671,Right,GEO_PAT,"Stressler, Brenden",10083882,Left,SLU_BILL,Undefined,4,Top,2,0,1,Curveball,Curveball,BallCalled,Undefined,Undefined,Undefined,0,0,,73.85401,0.26223,2.110119,2599.919663,66.45124,8:15,5.59192,0.87668,5.69585,-57.11794,-5.69079,-16.59359,1.07665,1.46132,68.44733,-10.13434,-0.865083,0.51614,,,,,,,,,,,,9.02764,-2.50398,-1.04349,50,5.57808,-3.3663,-107.33488,-1.28315,10.55256,18.23263,-35.10096,GEO_PAT,SLU_BILL,SpuhlerFieldMain,D1,A10,20250405-SpuhlerFieldMain-2,1121b560-1254-11f0-a721-ed23b36d4136,73.02753,,,5.40668,,,,,,,7d675549-dbed-425c-a347-a0febeddec93,2025-04-05,19:27:50.69,2025-04-05T15:27:50.6918400-04:00,2025-04-05T19:27:50.6918400Z,,v3,471300,471427,05 April 2025 14:00-stlouis@georgemas,"Raymond, Andrew",10148052,Right,GEO_PAT,50096d95-2e01-4137-8637-8c00dbcfb4d0,54.81033,-108.14891,9.11632,5.60039,0.284,-17.55048,-0.88267,-3.83744,5.27628,,,,,,,,,,,,,,,,,,,,,,,,,,,,,,,,,,,,,,,,,,,,,,,,,,,High,High,High,,,,,
106,2025-04-05,15:28:12.31,3,3,"Cassedy, Brandon",1000183671,Right,GEO_PAT,"Stressler, Brenden",10083882,Left,SLU_BILL,Undefined,4,Top,2,1,1,Fastball,Four-Seam,BallCalled,Undefined,Undefined,Undefined,0,0,,89.15122,-0.391661,-0.157812,2289.777396,185.247535,12:15,5.7141,0.73146,6.59214,-14.1917,19.88151,1.7311,4.17257,0.73111,81.64903,-3.151994,0.156981,0.420124,,,,,,,,,,,,-0.94862,10.85949,-0.7213,50,5.6808,0.29025,-129.69192,-1.2061,-1.62025,26.41202,-13.62633,GEO_PAT,SLU_BILL,SpuhlerFieldMain,D1,A10,20250405-SpuhlerFieldMain-2,1dde34e0-1254-11f0-a721-ed23b36d4136,89.71733,,,7.5022,,,,,,,7d675549-dbed-425c-a347-a0febeddec93,2025-04-05,19:28:12.31,2025-04-05T15:28:12.3161088-04:00,2025-04-05T19:28:12.3161088Z,,v3,471300,471427,05 April 2025 14:00-stlouis@georgemas,"Raymond, Andrew",10148052,Right,GEO_PAT,0185d12e-7626-4c9f-9a6f-d79632b86fff,53.90893,-130.48556,13.20601,5.71089,-0.79665,-6.81316,-0.73075,0.33894,-0.81012,,,,,,,,,,,,,,,,,,,,,,,,,,,,,,,,,,,,,,,,,,,,,,,,,,,High,High,High,,,,,
107,2025-04-05,15:28:37.99,3,4,"Cassedy, Brandon",1000183671,Right,GEO_PAT,"Stressler, Brenden",10083882,Left,SLU_BILL,Undefined,4,Top,2,2,1,Curveball,Curveball,BallCalled,Undefined,Undefined,Undefined,0,0,,75.00952,1.738647,2.182601,2651.796448,53.344793,7:45,5.67941,0.81339,5.70441,-59.29826,-9.59477,-14.81832,2.35966,1.61329,69.49556,-9.060858,-0.47108,0.507417,,,,,,,,,,,,8.09237,-4.86272,-0.98723,50,5.78834,-3.61604,-109.01728,1.41561,9.79401,18.14793,-38.05931,GEO_PAT,SLU_BILL,SpuhlerFieldMain,D1,A10,20250405-SpuhlerFieldMain-2,2d375840-1254-11f0-a721-ed23b36d4136,74.28299,,,5.51397,,,,,,,7d675549-dbed-425c-a347-a0febeddec93,2025-04-05,19:28:37.99,2025-04-05T15:28:37.9965952-04:00,2025-04-05T19:28:37.9965952Z,,v3,471300,471427,05 April 2025 14:00-stlouis@georgemas,"Raymond, Andrew",10148052,Right,GEO_PAT,db3f3af8-0cdd-47be-b813-3e1a8aeb2d7f,54.80279,-109.81388,9.07396,5.68953,3.08622,-19.02966,-0.81907,-4.04595,4.897,,,,,,,,,,,,,,,,,,,,,,,,,,,,,,,,,,,,,,,,,,,,,,,,,,,High,High,High,,,,,
108,2025-04-05,15:28:56.23,3,5,"Cassedy, Brandon",1000183671,Right,GEO_PAT,"Stressler, Brenden",10083882,Left,SLU_BILL,Undefined,4,Top,2,3,1,Cutter,Slider,BallCalled,Walk,Undefined,Undefined,0,0,,82.64878,0.669548,1.026571,2533.903588,130.19244,10:15,5.73949,0.88751,5.72262,-35.26844,5.19937,-4.90402,3.42427,1.43519,76.88956,-5.805023,0.148913,0.457853,,,,,,,,,,,,2.73256,2.83666,-0.97022,50,5.77345,-1.96153,-120.24579,0.2249,4.07016,19.52773,-27.94884,GEO_PAT,SLU_BILL,SpuhlerFieldMain,D1,A10,20250405-SpuhlerFieldMain-2,3811aa40-1254-11f0-a721-ed23b36d4136,82.32431,,,5.75922,,,,,,,7d675549-dbed-425c-a347-a0febeddec93,2025-04-05,19:28:56.23,2025-04-05T15:28:56.2322432-04:00,2025-04-05T19:28:56.2322432Z,,v3,471300,471427,05 April 2025 14:00-stlouis@georgemas,"Raymond, Andrew",10148052,Right,GEO_PAT,fc27c360-b2cc-4457-806b-a7f44a66a70f,54.78112,-121.01974,9.76387,5.74258,1.33262,-13.97442,-0.88928,-2.12284,2.03508,,,,,,,,,,,,,,,,,,,,,,,,,,,,,,,,,,,,,,,,,,,,,,,,,,,High,High,High,,,,,
109,2025-04-05,15:29:29.50,4,1,"Cassedy, Brandon",1000183671,Right,GEO_PAT,"McGwire, Max",695679,Right,SLU_BILL,Undefined,4,Top,2,0,0,Fastball,Four-Seam,HitByPitch,Undefined,Undefined,Undefined,0,0,,87.81015,-0.834733,0.813974,2207.374494,186.577096,12:15,5.75059,0.77435,6.52448,-15.33351,19.6345,2.15028,3.7068,1.70041,81.06247,-3.784365,1.204412,0.425605,,,,,,,,,,,,-0.94264,10.89343,-0.83193,50,5.68574,-1.89315,-127.84347,-2.24737,-1.57469,24.03711,-13.97609,GEO_PAT,SLU_BILL,SpuhlerFieldMain,D1,A10,20250405-SpuhlerFieldMain-2,4bf44d60-1254-11f0-a721-ed23b36d4136,88.562,,,6.74768,,,,,,,7d675549-dbed-425c-a347-a0febeddec93,2025-04-05,19:29:29.50,2025-04-05T15:29:29.5078912-04:00,2025-04-05T19:29:29.5078912Z,,v3,471300,471427,05 April 2025 14:00-stlouis@georgemas,"Raymond, Andrew",10148052,Right,GEO_PAT,a31989da-d456-4530-a85d-6f35aa7364fe,53.98047,-128.5897,12.01856,5.74877,-1.81348,-6.98805,-0.77391,-1.84427,-0.78735,,,,,,,,,,,,,,,,,,,,,,,,,,,,,,,,,,,,,,,,,,,,,,,,,,,High,High,High,,,,,
110,2025-04-05,15:30:12.95,5,1,"Cassedy, Brandon",1000183671,Right,GEO_PAT,"Sitzman, Ethan ",,Right,SLU_BILL,Undefined,4,Top,2,0,0,Fastball,Four-Seam,BallCalled,Undefined,Undefined,Undefined,0,0,,87.24207,-0.780679,0.239105,2184.17218,194.97576,12:30,5.78263,0.78699,6.36331,-16.53662,19.21505,4.86091,3.68606,1.41212,80.29908,-3.94911,1.119211,0.430348,,,,,,,,,,,,-2.46784,10.53973,-0.80642,50,5.71802,-0.71754,-126.91772,-2.15003,-4.05517,24.17137,-14.855,GEO_PAT,SLU_BILL,SpuhlerFieldMain,D1,A10,20250405-SpuhlerFieldMain-2,65c27140-1254-11f0-a721-ed23b36d4136,87.58596,,,6.94299,,,,,,,7d675549-dbed-425c-a347-a0febeddec93,2025-04-05,19:30:12.95,2025-04-05T15:30:12.9596416-04:00,2025-04-05T19:30:12.9596416Z,,v3,471300,471427,05 April 2025 14:00-stlouis@georgemas,"Raymond, Andrew",10148052,Right,GEO_PAT,5a64d755-4798-4ce2-854a-75f187ac1035,54.13853,-127.70347,12.08569,5.78006,-1.66713,-7.4275,-0.78524,-0.58572,-2.02759,,,,,,,,,,,,,,,,,,,,,,,,,,,,,,,,,,,,,,,,,,,,,,,,,,,High,High,High,,,,,
111,2025-04-05,15:30:35.11,5,2,"Cassedy, Brandon",1000183671,Right,GEO_PAT,"Sitzman, Ethan ",,Right,SLU_BILL,Undefined,4,Top,2,1,0,Fastball,Four-Seam,InPlay,Undefined,Popup,Out,1,0,,87.19449,-2.204075,-0.536114,2315.716586,188.697727,12:15,5.72066,0.53416,6.54365,-15.35918,20.23434,2.93366,2.41814,0.28692,80.32414,-5.160688,-0.003043,0.429395,65.04974,51.120263,23.038245,4042.005706,94.1542,73.55656,56.87663,167.75108,100.07834,33.041045,4.506361,-1.68744,11.54997,-0.49825,50,5.56108,1.07898,-126.81399,-5.24836,-2.76608,24.32628,-13.24105,GEO_PAT,SLU_BILL,SpuhlerFieldMain,D1,A10,20250405-SpuhlerFieldMain-2,73136890-1254-11f0-a721-ed23b36d4136,87.7804,77.16737,,6.87035,,,,1.38033,2.4183,-0.48071,7d675549-dbed-425c-a347-a0febeddec93,2025-04-05,19:30:35.11,2025-04-05T15:30:35.1117312-04:00,2025-04-05T19:30:35.1117312Z,Popup,v3,471300,471427,05 April 2025 14:00-stlouis@georgemas,"Raymond, Andrew",10148052,Right,GEO_PAT,f6a5bb69-b136-49fc-a372-75d2c71ec5a8,53.95946,-127.57125,12.16314,5.71804,-4.83617,-6.62053,-0.53318,1.16509,-1.38304,202.322159,1.38314,55.02951,-13.77782,3.23466,-0.00083,-0.33809,0.12258,-0.01867,0.00107,2.4143,74.35997,-21.39826,2.19272,-0.6575,0.18182,-0.02524,0.00071,8E-05,-0.48117,23.44893,-0.27082,-0.30116,0.03119,0.04018,-0.018,0.003,-0.00018,,,,,,,,,,,,,,,,,,,,,,,High,High,High,Medium,Medium,,,
112,2025-04-05,15:32:55.10,1,1,"Weber, Charlie",1000161356,Right,SLU_BILL,"Blanchard, Evan",10073877,Right,GEO_PAT,Undefined,4,Bottom,0,0,0,Fastball,Changeup,BallCalled,Undefined,Undefined,Undefined,0,0,,84.72662,1.727891,-3.85513,1838.978125,294.468913,3:45,3.30272,3.08304,5.92762,-44.31876,-5.79937,15.07958,1.21696,0.75703,78.40971,-6.388308,-1.153265,0.446695,,,,,,,,,,,,-8.72276,-3.1263,-2.78311,50,3.41559,7.70583,-123.03452,2.19966,-13.53311,21.62883,-37.0244,GEO_PAT,SLU_BILL,SpuhlerFieldMain,D1,A10,20250405-SpuhlerFieldMain-2,c675ff20-1254-11f0-a721-ed23b36d4136,84.38073,,,6.31691,,,,,,,7d675549-dbed-425c-a347-a0febeddec93,2025-04-05,19:32:55.10,2025-04-05T15:32:55.1053312-04:00,2025-04-05T19:32:55.1053312Z,,v3,471300,471427,05 April 2025 14:00-stlouis@georgemas,"Mendiola, Patrick",1000090289,Right,SLU_BILL,17bc3ca0-364c-49d1-a117-3384de1e7b9c,54.57932,-123.83692,10.81442,3.30851,3.57322,-18.5122,-3.0783,8.20789,-6.76656,,,,,,,,,,,,,,,,,,,,,,,,,,,,,,,,,,,,,,,,,,,,,,,,,,,High,High,High,,,,,
113,2025-04-05,15:33:08.60,1,2,"Weber, Charlie",1000161356,Right,SLU_BILL,"Blanchard, Evan",10073877,Right,GEO_PAT,Undefined,4,Bottom,0,1,0,Fastball,Sinker,FoulBallNotFieldable,Undefined,Undefined,Undefined,0,0,,89.04651,-0.504656,-5.156286,2036.19195,229.035626,1:45,4.76192,3.15035,6.55772,-22.85619,11.29969,11.90355,2.39261,-0.59839,82.23033,-4.807,-3.006157,0.420634,,,,,,,,,,,,-7.52965,6.36237,-2.79851,50,4.717,11.20909,-129.1598,-1.80337,-12.87377,23.84396,-21.29605,GEO_PAT,SLU_BILL,SpuhlerFieldMain,D1,A10,20250405-SpuhlerFieldMain-2,ce8f8370-1254-11f0-a721-ed23b36d4136,89.60866,,,6.81618,,,,,,,7d675549-dbed-425c-a347-a0febeddec93,2025-04-05,19:33:08.60,2025-04-05T15:33:08.6006784-04:00,2025-04-05T19:33:08.6006784Z,,v3,471300,471427,05 April 2025 14:00-stlouis@georgemas,"Mendiola, Patrick",1000090289,Right,SLU_BILL,632794e7-3cd7-4c65-9b6a-76124dc0bdef,53.94643,-129.8863,11.92198,4.76207,-1.1545,-10.64802,-3.14601,11.60134,-6.43688,,,,,,,,,,,,,,,,,,,,,,,,,,,,,,,,,,,,,,,,,,,,,,,,,,,High,High,High,,,,,
114,2025-04-05,15:33:27.58,1,3,"Weber, Charlie",1000161356,Right,SLU_BILL,"Blanchard, Evan",10073877,Right,GEO_PAT,Undefined,4,Bottom,0,1,1,Slider,Slider,StrikeCalled,Undefined,Undefined,Undefined,0,0,,80.06611,1.203771,-1.899267,2555.706458,108.608183,9:30,4.48721,3.27073,5.85,-37.55049,6.35063,-14.67292,2.47741,0.2824,73.07537,-5.753397,-4.525784,0.47688,,,,,,,,,,,,6.9089,3.33248,-3.10773,50,4.56339,4.41944,-116.18951,1.26369,9.38761,22.99626,-27.64595,GEO_PAT,SLU_BILL,SpuhlerFieldMain,D1,A10,20250405-SpuhlerFieldMain-2,d9eac540-1254-11f0-a721-ed23b36d4136,79.03966,,,6.99074,,,,,,,7d675549-dbed-425c-a347-a0febeddec93,2025-04-05,19:33:27.58,2025-04-05T15:33:27.5845120-04:00,2025-04-05T19:33:27.5845120Z,,v3,471300,471427,05 April 2025 14:00-stlouis@georgemas,"Mendiola, Patrick",1000090289,Right,SLU_BILL,07df0389-74d7-408f-9fe8-386ba17db5d3,54.65122,-117.10647,11.49813,4.49102,2.36604,-13.82298,-3.27649,4.04512,4.6938,,,,,,,,,,,,,,,,,,,,,,,,,,,,,,,,,,,,,,,,,,,,,,,,,,,High,High,High,,,,,
115,2025-04-05,15:33:42.62,1,4,"Weber, Charlie",1000161356,Right,SLU_BILL,"Blanchard, Evan",10073877,Right,GEO_PAT,Undefined,4,Bottom,0,1,2,Slider,Slider,FoulBallNotFieldable,Undefined,Undefined,Undefined,0,0,,78.99385,-0.097609,-2.397412,2650.166351,97.540355,9:15,4.64681,3.09863,5.96675,-41.01546,3.7889,-18.11847,1.13827,-0.6355,72.63942,-7.651229,-5.64818,0.481761,,,,,,,,,,,,8.68678,2.35665,-2.89806,50,4.61606,5.45569,-114.71734,-1.44796,11.5199,22.18087,-29.04879,GEO_PAT,SLU_BILL,SpuhlerFieldMain,D1,A10,20250405-SpuhlerFieldMain-2,e2e18a30-1254-11f0-a721-ed23b36d4136,78.23891,,,6.35443,,,,,,,7d675549-dbed-425c-a347-a0febeddec93,2025-04-05,19:33:42.62,2025-04-05T15:33:42.6219520-04:00,2025-04-05T19:33:42.6219520Z,,v3,471300,471427,05 April 2025 14:00-stlouis@georgemas,"Mendiola, Patrick",1000090289,Right,SLU_BILL,d24b0396-2833-4631-a1dc-a7c2e3769146,54.53742,-115.59133,11.09043,4.65057,-0.30335,-14.5244,-3.10409,5.00177,5.75995,,,,,,,,,,,,,,,,,,,,,,,,,,,,,,,,,,,,,,,,,,,,,,,,,,,High,High,High,,,,,
116,2025-04-05,15:34:04.36,1,5,"Weber, Charlie",1000161356,Right,SLU_BILL,"Blanchard, Evan",10073877,Right,GEO_PAT,Undefined,4,Bottom,0,1,2,Fastball,Four-Seam,InPlay,Undefined,GroundBall,Single,0,0,,92.86426,-0.532815,-5.118112,2122.544166,218.744375,1:15,5.02586,2.92625,6.62097,-20.25824,11.36166,8.3326,2.84774,-1.07912,84.98177,-4.373914,-3.611816,0.404717,84.6543,-8.972275,41.457652,,,,,18.20561,17.15673,43.873113,0.141173,-5.78414,6.42402,-2.58107,50,4.98103,11.7268,-134.59071,-1.8455,-10.63225,28.63359,-20.36559,GEO_PAT,SLU_BILL,SpuhlerFieldMain,D1,A10,20250405-SpuhlerFieldMain-2,efcf79f0-1254-11f0-a721-ed23b36d4136,93.13275,2.74001,,7.88249,,,,0.11805,2.74001,1.12808,7d675549-dbed-425c-a347-a0febeddec93,2025-04-05,19:34:04.36,2025-04-05T15:34:04.3656704-04:00,2025-04-05T19:34:04.3656704Z,GroundBall,v3,471300,471427,05 April 2025 14:00-stlouis@georgemas,"Mendiola, Patrick",1000090289,Right,SLU_BILL,7c3255f7-ec67-4219-bf44-3bd08f1c3c98,53.88166,-135.414,14.3168,5.02567,-1.25993,-10.1828,-2.92264,12.03251,-5.31612,180,0.11315,92.12754,,,,,,,,2.74104,-19.40886,,,,,,,,1.12376,81.38625,,,,,,,,,,,,,,,,,,,,,,,,,,,,,,High,High,High,High,High,,,
117,2025-04-05,15:34:45.91,2,1,"Weber, Charlie",1000161356,Right,SLU_BILL,"Wall, Jonny",1000119703,Right,GEO_PAT,Undefined,4,Bottom,0,0,0,Slider,Slider,InPlay,Undefined,Bunt,FieldersChoice,0,0,,79.19751,0.705399,-2.339545,2543.878426,104.265768,9:30,4.59186,3.49798,5.90414,-39.29392,5.4017,-15.74044,1.97279,0.0132,72.59125,-6.554448,-5.159022,0.481176,,,,,,,,,,,,7.47737,2.92902,-3.30038,50,4.62591,5.26772,-114.98747,0.2146,9.96089,22.32401,-28.27218,GEO_PAT,SLU_BILL,SpuhlerFieldMain,D1,A10,20250405-SpuhlerFieldMain-2,08904c80-1255-11f0-a721-ed23b36d4136,78.33405,,,6.60627,,,,,,,7d675549-dbed-425c-a347-a0febeddec93,2025-04-05,19:34:45.91,2025-04-05T15:34:45.9157504-04:00,2025-04-05T19:34:45.9157504Z,,v3,471300,471427,05 April 2025 14:00-stlouis@georgemas,"Mendiola, Patrick",1000090289,Right,SLU_BILL,f38ba6c8-f384-43c2-9de9-0438339828eb,54.59991,-115.87707,11.162,4.59491,1.34122,-14.13609,-3.50238,4.87078,4.98044,,,,,,,,,,,,,,,,,,,,,,,,,,,,,,,,,,,,,,,,,,,,,,,,,,,High,High,High,,,,,
118,2025-04-05,15:38:06.30,3,1,"Weber, Charlie",1000161356,Right,SLU_BILL,"Lavin, Sam",1000364332,Left,GEO_PAT,Undefined,4,Bottom,0,0,0,Slider,Sinker,InPlay,Undefined,Bunt,Sacrifice,0,0,,87.23592,0.356487,-4.117761,1986.349681,227.505052,1:30,4.94656,3.42799,6.37578,-25.17505,11.01827,10.76674,3.1775,0.52995,79.5636,-4.392215,-2.175328,0.432998,26.51394,-2.124846,-28.662704,1149.626715,,,,20.16768,19.65598,-25.168156,0.430128,-6.84477,5.9815,-3.13542,50,4.96054,8.70722,-126.55034,0.04962,-11.07747,26.31619,-22.49371,GEO_PAT,SLU_BILL,SpuhlerFieldMain,D1,A10,20250405-SpuhlerFieldMain-2,7ffbe4a0-1255-11f0-a721-ed23b36d4136,87.04997,3.39685,,7.67232,,,,3.93451,3.39685,-0.63929,7d675549-dbed-425c-a347-a0febeddec93,2025-04-05,19:38:06.30,2025-04-05T15:38:06.3019008-04:00,2025-04-05T19:38:06.3019008Z,GroundBall,v3,471300,471427,05 April 2025 14:00-stlouis@georgemas,"Mendiola, Patrick",1000090289,Right,SLU_BILL,b312c566-a792-4d68-b4e6-cc7f21b41095,54.12785,-127.40584,13.1581,4.94704,0.78085,-11.24685,-3.42433,9.06733,-5.53874,141.571876,3.93528,34.07394,-1.83286,,,,,,,3.39867,-1.49678,-14.90046,,,,,,,-0.63962,-18.62899,0.41057,,,,,,,,,,,,,,,,,,,,,,,,,,,,,High,High,High,High,High,,,
119,2025-04-05,15:38:45.62,4,1,"Weber, Charlie",1000161356,Right,SLU_BILL,"Clyne, Owen",1000230336,Left,GEO_PAT,Undefined,4,Bottom,0,0,0,Slider,Slider,BallCalled,Undefined,Undefined,Undefined,0,0,,80.09675,1.213123,-0.777639,2610.608131,109.463856,9:45,4.8129,3.61693,5.79191,-37.13915,6.86158,-15.31524,2.8468,1.61719,72.91076,-5.675617,-3.519896,0.477421,,,,,,,,,,,,7.50615,3.60461,-3.54399,50,4.89089,2.1836,-116.24268,1.28301,10.19397,23.30389,-27.27868,GEO_PAT,SLU_BILL,SpuhlerFieldMain,D1,A10,20250405-SpuhlerFieldMain-2,975e5fb0-1255-11f0-a721-ed23b36d4136,78.95016,,,7.18599,,,,,,,7d675549-dbed-425c-a347-a0febeddec93,2025-04-05,19:38:45.62,2025-04-05T15:38:45.6272384-04:00,2025-04-05T19:38:45.6272384Z,,v3,471300,471427,05 April 2025 14:00-stlouis@georgemas,"Mendiola, Patrick",1000090289,Right,SLU_BILL,5f7c9f96-9c11-4e45-949c-75a09c385985,54.70823,-117.18277,11.65194,4.81694,2.38344,-13.63934,-3.62378,1.77237,5.09699,,,,,,,,,,,,,,,,,,,,,,,,,,,,,,,,,,,,,,,,,,,,,,,,,,,High,High,High,,,,,
120,2025-04-05,15:39:03.54,4,2,"Weber, Charlie",1000161356,Right,SLU_BILL,"Clyne, Owen",1000230336,Left,GEO_PAT,Undefined,4,Bottom,0,1,0,Fastball,Sinker,InPlay,Undefined,LineDrive,Single,0,2,,90.39546,-1.106907,-4.546346,2156.826195,230.589953,1:45,4.84681,3.54529,6.32685,-21.5117,12.13209,13.50524,2.03142,0.47497,82.8879,-5.161893,-2.113003,0.417469,99.28606,8.812217,-12.837074,2403.323839,105.04519,12.2649,-32.64196,215.34014,215.34014,-21.21104,1.931593,-8.28414,6.92835,-3.21903,50,4.75537,9.89096,-131.08928,-3.1909,-14.47147,26.69936,-20.07105,GEO_PAT,SLU_BILL,SpuhlerFieldMain,D1,A10,20250405-SpuhlerFieldMain-2,a21f8460-1255-11f0-a721-ed23b36d4136,90.28807,12.29576,,7.50755,,,,1.09045,2.03294,-0.48286,7d675549-dbed-425c-a347-a0febeddec93,2025-04-05,19:39:03.54,2025-04-05T15:39:03.5436032-04:00,2025-04-05T19:39:03.5436032Z,LineDrive,v3,471300,471427,05 April 2025 14:00-stlouis@georgemas,"Mendiola, Patrick",1000090289,Right,SLU_BILL,a6d73c02-1102-4bee-8058-464c1404351d,54.17692,-131.93727,13.34968,4.84659,-2.55343,-10.03553,-3.54047,10.35058,-7.23574,120.412433,1.09045,140.30375,-27.86174,6.42096,-1.34325,0.25174,-0.04404,0.00638,-0.00048,2.03294,22.30841,-11.7059,-0.84947,0.56913,-0.18996,0.04907,-0.00812,0.00064,-0.48285,-31.97178,-8.66489,3.91373,-1.29197,0.35526,-0.0815,0.0132,-0.00107,,,,,,,,,,,,,,,,,,,,,,,High,High,High,High,High,,,
121,2025-04-05,15:40:14.90,5,1,"Weber, Charlie",1000161356,Right,SLU_BILL,"Hull, Owen",10054797,Left,GEO_PAT,Undefined,4,Bottom,0,0,0,Slider,Slider,InPlay,Undefined,LineDrive,Single,0,0,,81.73583,1.118295,-3.117174,2585.747487,115.464281,9:45,4.75097,3.41815,5.89012,-35.13222,7.2537,-12.21969,2.86337,-0.49753,74.15699,-5.411724,-5.301672,0.468578,76.08764,12.83946,-17.694742,2677.674449,101.94741,7.78977,-41.31254,141.28539,139.95241,-23.525077,1.506357,5.29886,3.76937,-3.15939,50,4.82116,6.92107,-118.45093,1.21555,7.43283,25.30524,-26.88671,GEO_PAT,SLU_BILL,SpuhlerFieldMain,D1,A10,20250405-SpuhlerFieldMain-2,ccae23d0-1255-11f0-a721-ed23b36d4136,80.43999,11.14729,,7.57884,,,,1.92627,2.95675,0.42591,7d675549-dbed-425c-a347-a0febeddec93,2025-04-05,19:40:14.90,2025-04-05T15:40:14.9068288-04:00,2025-04-05T19:40:14.9068288Z,LineDrive,v3,471300,471427,05 April 2025 14:00-stlouis@georgemas,"Mendiola, Patrick",1000090289,Right,SLU_BILL,44479de3-cfe7-43df-a205-7a284b5686c1,54.61131,-119.432,12.65262,4.75382,2.25793,-13.44336,-3.42213,6.63291,3.71641,90.754608,1.92627,103.65766,-15.96106,2.94519,-0.53298,0.03154,0.02405,-0.01216,0.00203,2.95675,24.79842,-19.76252,1.64769,-0.27952,0.0615,-0.01909,0.00626,-0.00096,0.4259,-33.06943,-5.40571,2.26247,-0.59844,0.04808,0.04908,-0.02581,0.00438,,,,,,,,,,,,,,,,,,,,,,,High,High,High,High,High,,,
122,2025-04-05,15:40:57.93,6,1,"Weber, Charlie",1000161356,Right,SLU_BILL,"Quinn-Irons, Jaime",1000216379,Right,GEO_PAT,Undefined,4,Bottom,0,0,0,Slider,Slider,BallCalled,Undefined,Undefined,Undefined,0,0,,81.55859,0.576516,-4.205136,2645.765827,107.77713,9:30,4.71877,3.4322,6.11771,-35.52128,6.77252,-16.7443,2.29317,-1.85822,74.24987,-6.023589,-7.202043,0.468069,,,,,,,,,,,,7.25839,3.77083,-3.10116,50,4.74496,9.32568,-118.1,0.11214,10.12371,25.10512,-26.91465,GEO_PAT,SLU_BILL,SpuhlerFieldMain,D1,A10,20250405-SpuhlerFieldMain-2,e63a83c0-1255-11f0-a721-ed23b36d4136,80.52754,,,7.30872,,,,,,,7d675549-dbed-425c-a347-a0febeddec93,2025-04-05,19:40:57.93,2025-04-05T15:40:57.9332096-04:00,2025-04-05T19:40:57.9332096Z,,v3,471300,471427,05 April 2025 14:00-stlouis@georgemas,"Mendiola, Patrick",1000090289,Right,SLU_BILL,92f8d990-6e7c-4281-905c-845612764341,54.38239,-119.02794,12.55256,4.72243,1.10697,-13.45733,-3.43894,8.95149,5.06186,,,,,,,,,,,,,,,,,,,,,,,,,,,,,,,,,,,,,,,,,,,,,,,,,,,High,High,High,,,,,
123,2025-04-05,15:41:15.47,6,2,"Weber, Charlie",1000161356,Right,SLU_BILL,"Quinn-Irons, Jaime",1000216379,Right,GEO_PAT,Undefined,4,Bottom,0,1,0,Slider,Slider,InPlay,Undefined,Popup,Out,1,0,,80.40337,1.167107,-3.118411,2722.842281,96.811697,9:15,4.59745,3.66413,5.90413,-40.36758,3.27488,-15.52347,2.3187,-0.52726,73.33401,-6.289905,-5.894109,0.475473,68.96248,56.445582,0.044018,,,,,,53.97227,,,7.06985,1.68906,-3.40399,50,4.66819,6.92821,-116.59148,1.11441,9.63315,23.99017,-29.87257,GEO_PAT,SLU_BILL,SpuhlerFieldMain,D1,A10,20250405-SpuhlerFieldMain-2,f0ce2fd0-1255-11f0-a721-ed23b36d4136,79.27354,72.51545,,7.06936,,,,2.81427,2.648,0.5239,7d675549-dbed-425c-a347-a0febeddec93,2025-04-05,19:41:15.47,2025-04-05T15:41:15.4777088-04:00,2025-04-05T19:41:15.4777088Z,,v3,471300,471427,05 April 2025 14:00-stlouis@georgemas,"Mendiola, Patrick",1000090289,Right,SLU_BILL,69958f7b-109c-4d63-9dd8-12d148d6d336,54.5993,-117.53403,11.99509,4.60135,2.28808,-14.93629,-3.66876,6.54973,4.81657,198.434384,2.81427,55.9056,-13.56988,3.96164,-0.89986,0.16846,-0.0151,-0.00516,0.00156,2.648,84.29015,-22.10243,1.73597,-0.17158,-0.02539,0.02256,-0.00865,0.00153,0.5239,0.04296,4.80481,-1.85016,0.50722,-0.11676,0.02063,-0.00143,-0.00019,,,,,,,,,,,,,,,,,,,,,,,High,High,High,High,Undefined,,,
124,2025-04-05,15:41:51.13,7,1,"Weber, Charlie",1000161356,Right,SLU_BILL,"Butler, Jake",1000176047,Right,GEO_PAT,Undefined,4,Bottom,1,0,0,Slider,Slider,StrikeCalled,Undefined,Undefined,Undefined,0,0,,79.75766,1.248767,-1.696905,2503.167561,117.81196,10:00,4.49007,3.51508,5.91904,-37.64742,6.75465,-9.90729,2.51242,1.11417,72.26728,-5.759557,-3.473721,0.479593,,,,,,,,,,,,4.50925,3.54315,-3.3736,50,4.56912,3.8094,-115.66863,1.36099,6.03286,24.08736,-27.4337,GEO_PAT,SLU_BILL,SpuhlerFieldMain,D1,A10,20250405-SpuhlerFieldMain-2,060b0bc0-1256-11f0-a721-ed23b36d4136,78.59253,,,7.49038,,,,,,,7d675549-dbed-425c-a347-a0febeddec93,2025-04-05,19:41:51.13,2025-04-05T15:41:51.1303680-04:00,2025-04-05T19:41:51.1303680Z,,v3,471300,471427,05 April 2025 14:00-stlouis@georgemas,"Mendiola, Patrick",1000090289,Right,SLU_BILL,74bf888e-29fa-4f22-a50d-d9d0f1dbd7cc,54.58039,-116.61857,12.04368,4.49411,2.4429,-13.71685,-3.51914,3.57148,3.01643,,,,,,,,,,,,,,,,,,,,,,,,,,,,,,,,,,,,,,,,,,,,,,,,,,,High,High,High,,,,,
125,2025-04-05,15:44:30.80,1,1,"Cassedy, Brandon",1000183671,Right,GEO_PAT,"Gomric, Hank",10135210,Left,SLU_BILL,Undefined,5,Top,0,0,0,Curveball,Curveball,BallCalled,Undefined,Undefined,Undefined,0,0,,73.28436,3.782536,2.023939,2568.023446,45.367397,7:30,5.7287,1.02082,5.57009,-65.36275,-12.40221,-14.26784,3.82263,1.72329,67.02277,-8.129738,-0.520158,0.523778,,,,,,,,,,,,7.74937,-6.775,-1.1859,50,6.01259,-3.2273,-106.23162,4.92674,8.82412,18.80044,-39.88869,GEO_PAT,SLU_BILL,SpuhlerFieldMain,D1,A10,20250405-SpuhlerFieldMain-2,65250de0-1256-11f0-a721-ed23b36d4136,71.96257,,,6.26159,,,,,,,7d675549-dbed-425c-a347-a0febeddec93,2025-04-05,19:44:30.80,2025-04-05T15:44:30.8001792-04:00,2025-04-05T19:44:30.8001792Z,,v3,471300,471427,05 April 2025 14:00-stlouis@georgemas,"Raymond, Andrew",10148052,Right,GEO_PAT,009326f4-887f-4b37-8872-ea22a784b424,54.93657,-107.10171,9.40022,5.74185,6.7728,-19.94434,-1.02708,-3.63568,4.41206,,,,,,,,,,,,,,,,,,,,,,,,,,,,,,,,,,,,,,,,,,,,,,,,,,,High,High,High,,,,,
126,2025-04-05,15:44:49.10,1,2,"Cassedy, Brandon",1000183671,Right,GEO_PAT,"Gomric, Hank",10135210,Left,SLU_BILL,Undefined,5,Top,0,1,0,Fastball,Four-Seam,InPlay,Undefined,GroundBall,Out,1,0,,87.90578,-2.180295,-1.05833,2250.947092,193.433957,12:30,5.67753,0.8119,6.5044,-17.04733,18.1641,4.07925,2.25443,0.18033,80.70834,-5.444871,-0.317674,0.427084,106.97911,1.695065,21.145597,2669.66705,,,,66.26607,62.57636,21.633437,0.439124,-2.44953,10.48489,-0.73968,50,5.51739,2.21101,-127.79893,-5.30558,-4.05997,25.80182,-14.79604,GEO_PAT,SLU_BILL,SpuhlerFieldMain,D1,A10,20250405-SpuhlerFieldMain-2,70130ef0-1256-11f0-a721-ed23b36d4136,88.25534,2.65237,,7.19743,,,,2.95352,2.43555,-0.24444,7d675549-dbed-425c-a347-a0febeddec93,2025-04-05,19:44:49.10,2025-04-05T15:44:49.1096576-04:00,2025-04-05T19:44:49.1096576Z,GroundBall,v3,471300,471427,05 April 2025 14:00-stlouis@georgemas,"Raymond, Andrew",10148052,Right,GEO_PAT,377ee59e-e1ff-4480-917c-a347bec5b062,53.9992,-128.60381,12.90091,5.6757,-4.84403,-7.39802,-0.81063,2.33765,-2.02998,304.146803,2.97636,145.57377,-27.61224,,,,,,,2.45198,4.1361,-22.21449,,,,,,,-0.2494,56.73058,-1.18125,,,,,,,,,,,,,,,,,,,,,,,,,,,,,High,High,High,High,High,,,
127,2025-04-05,15:45:23.73,2,1,"Cassedy, Brandon",1000183671,Right,GEO_PAT,"Mendiola, Patrick",1000090289,Right,SLU_BILL,Undefined,5,Top,1,0,0,Fastball,Four-Seam,BallCalled,Undefined,Undefined,Undefined,0,0,,88.62565,-0.978499,-0.577243,2286.338614,194.009893,12:30,5.64298,0.79531,6.42419,-15.46635,19.42143,4.56595,3.4545,0.64516,80.82048,-3.971935,0.250436,0.425117,,,,,,,,,,,,-2.53662,10.74264,-0.75602,50,5.56577,1.11653,-128.81035,-2.57349,-4.25197,27.33524,-14.16692,GEO_PAT,SLU_BILL,SpuhlerFieldMain,D1,A10,20250405-SpuhlerFieldMain-2,84a6b290-1256-11f0-a721-ed23b36d4136,88.66378,,,7.80517,,,,,,,7d675549-dbed-425c-a347-a0febeddec93,2025-04-05,19:45:23.73,2025-04-05T15:45:23.7337088-04:00,2025-04-05T19:45:23.7337088Z,,v3,471300,471427,05 April 2025 14:00-stlouis@georgemas,"Raymond, Andrew",10148052,Right,GEO_PAT,39e0a37a-7349-46ef-b9fa-a0c2f82fecba,54.07614,-129.67248,13.66762,5.63989,-2.12668,-7.08346,-0.79334,1.25063,-2.12598,,,,,,,,,,,,,,,,,,,,,,,,,,,,,,,,,,,,,,,,,,,,,,,,,,,High,High,High,,,,,
128,2025-04-05,15:45:42.45,2,2,"Cassedy, Brandon",1000183671,Right,GEO_PAT,"Mendiola, Patrick",1000090289,Right,SLU_BILL,Undefined,5,Top,1,1,0,Fastball,Four-Seam,StrikeSwinging,Undefined,Undefined,Undefined,0,0,,88.00841,-1.169198,-0.807069,2246.590406,183.780792,12:15,5.63869,0.65186,6.66345,-15.47186,19.71162,1.22528,3.27921,0.01539,80.01259,-4.184364,-0.583967,0.426914,,,,,,,,,,,,-0.88264,11.07213,-0.5981,50,5.55343,1.75527,-127.90865,-2.95514,-1.45285,27.96291,-13.9487,GEO_PAT,SLU_BILL,SpuhlerFieldMain,D1,A10,20250405-SpuhlerFieldMain-2,8fe51d90-1256-11f0-a721-ed23b36d4136,88.29042,,,7.99582,,,,,,,7d675549-dbed-425c-a347-a0febeddec93,2025-04-05,19:45:42.45,2025-04-05T15:45:42.4542720-04:00,2025-04-05T19:45:42.4542720Z,,v3,471300,471427,05 April 2025 14:00-stlouis@georgemas,"Raymond, Andrew",10148052,Right,GEO_PAT,89a474cf-3d9f-4448-bb8a-1d0552d39e71,53.83673,-128.74469,13.98145,5.63555,-2.5381,-6.97435,-0.65123,1.7987,-0.72642,,,,,,,,,,,,,,,,,,,,,,,,,,,,,,,,,,,,,,,,,,,,,,,,,,,High,High,High,,,,,
129,2025-04-05,15:46:00.43,2,3,"Cassedy, Brandon",1000183671,Right,GEO_PAT,"Mendiola, Patrick",1000090289,Right,SLU_BILL,Undefined,5,Top,1,1,1,Fastball,Four-Seam,FoulBallNotFieldable,Undefined,Undefined,Undefined,0,0,,88.13757,-1.695543,-1.251158,2248.965396,196.670156,12:30,5.62808,0.56577,6.59989,-16.64052,18.46958,5.1863,2.68712,-0.14851,80.35679,-4.909894,-0.307966,0.426469,68.783,56.278279,115.597276,4508.039527,,,,,24.68434,,,-3.10213,10.56697,-0.4824,50,5.5051,2.60355,-128.08906,-4.19728,-5.13067,27.56218,-14.69698,GEO_PAT,SLU_BILL,SpuhlerFieldMain,D1,A10,20250405-SpuhlerFieldMain-2,9a9aa980-1256-11f0-a721-ed23b36d4136,88.3826,35.56008,,7.78078,,,,0.96824,2.48799,0.11509,7d675549-dbed-425c-a347-a0febeddec93,2025-04-05,19:46:00.43,2025-04-05T15:46:00.4341760-04:00,2025-04-05T19:46:00.4341760Z,,v3,471300,471427,05 April 2025 14:00-stlouis@georgemas,"Raymond, Andrew",10148052,Right,GEO_PAT,da15adf7-aecf-49c1-b922-1af3582a6a71,53.90201,-128.92596,13.78109,5.62577,-3.75102,-7.34849,-0.56382,2.75934,-2.56534,327.537672,0.98304,-24.62914,-5.21232,,,,,,,2.50515,83.41226,-26.61583,,,,,,,0.12452,50.23702,-7.87459,,,,,,,,,,,,,,,,,,,,,,,,,,,,,High,High,High,High,Undefined,,,
130,2025-04-05,15:46:24.93,2,4,"Cassedy, Brandon",1000183671,Right,GEO_PAT,"Mendiola, Patrick",1000090289,Right,SLU_BILL,Undefined,5,Top,1,1,2,Fastball,Four-Seam,StrikeCalled,Strikeout,Undefined,Undefined,0,0,,89.2512,-2.536391,-1.283301,2416.823601,188.768808,12:15,5.71713,0.64891,6.65539,-13.74946,19.9834,2.93327,2.2479,-0.28134,82.48925,-5.190063,-0.74937,0.418021,,,,,,,,,,,,-1.87095,11.49359,-0.56367,50,5.54032,2.79966,-129.8102,-6.07,-3.226,24.49344,-12.35594,GEO_PAT,SLU_BILL,SpuhlerFieldMain,D1,A10,20250405-SpuhlerFieldMain-2,a935d410-1256-11f0-a721-ed23b36d4136,90.16882,,,6.76195,,,,,,,7d675549-dbed-425c-a347-a0febeddec93,2025-04-05,19:46:24.93,2025-04-05T15:46:24.9360000-04:00,2025-04-05T19:46:24.9360000Z,,v3,471300,471427,05 April 2025 14:00-stlouis@georgemas,"Raymond, Andrew",10148052,Right,GEO_PAT,d762c4da-96f7-4902-b09c-9a31da7deda8,53.84801,-130.53425,12.24672,5.71435,-5.70475,-6.17797,-0.64784,2.89502,-1.613,,,,,,,,,,,,,,,,,,,,,,,,,,,,,72.08598,2.68696,1.762253,0.924707,1.06805,2.21617,0.28589,-0.13175,4.57203,-3.83105,72.72756,7.44233,-52.05411,-0.10626,83.31242,-4.90608,4.62562,16.59869,-14.6293,-3.95159,-60.92371,9.57319,High,High,High,,,High,High,High
131,2025-04-05,15:46:59.09,3,1,"Cassedy, Brandon",1000183671,Right,GEO_PAT,"Neuweg, Austin",809742,Right,SLU_BILL,Undefined,5,Top,2,0,0,Fastball,Four-Seam,BallCalled,Undefined,Undefined,Undefined,0,0,,88.70726,-0.053751,0.5294,2253.263956,190.749022,12:15,5.70567,0.68518,6.41997,-16.24816,18.38135,3.29169,4.30223,1.44619,81.28852,-3.179502,1.125933,0.42354,,,,,,,,,,,,-1.56973,9.92304,-0.72433,50,5.69403,-1.32202,-129.01499,-0.53191,-2.65501,25.95607,-15.39019,GEO_PAT,SLU_BILL,SpuhlerFieldMain,D1,A10,20250405-SpuhlerFieldMain-2,bd79aa00-1256-11f0-a721-ed23b36d4136,88.99379,,,7.41874,,,,,,,7d675549-dbed-425c-a347-a0febeddec93,2025-04-05,19:46:59.09,2025-04-05T15:46:59.0937088-04:00,2025-04-05T19:46:59.0937088Z,,v3,471300,471427,05 April 2025 14:00-stlouis@georgemas,"Raymond, Andrew",10148052,Right,GEO_PAT,80806948-c63a-464b-a84c-d74e45d0591b,54.08104,-129.83344,12.97803,5.70315,-0.04662,-7.6951,-0.68396,-1.2383,-1.3275,,,,,,,,,,,,,,,,,,,,,,,,,,,,,,,,,,,,,,,,,,,,,,,,,,,High,High,High,,,,,
132,2025-04-05,15:47:20.11,3,2,"Cassedy, Brandon",1000183671,Right,GEO_PAT,"Neuweg, Austin",809742,Right,SLU_BILL,Undefined,5,Top,2,1,0,Fastball,Four-Seam,StrikeSwinging,Undefined,Undefined,Undefined,0,0,,88.57759,-3.058944,-0.787819,2373.234997,184.549232,12:15,5.6677,0.74188,6.62263,-14.37017,19.94706,1.50827,1.66592,0.14605,81.9112,-5.821316,-0.513362,0.421626,,,,,,,,,,,,-0.99339,11.60154,-0.68901,50,5.45361,1.71544,-128.78443,-7.22231,-1.68565,24.14944,-12.4877,GEO_PAT,SLU_BILL,SpuhlerFieldMain,D1,A10,20250405-SpuhlerFieldMain-2,ca18b670-1256-11f0-a721-ed23b36d4136,89.39781,,,6.6664,,,,,,,7d675549-dbed-425c-a347-a0febeddec93,2025-04-05,19:47:20.11,2025-04-05T15:47:20.1154560-04:00,2025-04-05T19:47:20.1154560Z,,v3,471300,471427,05 April 2025 14:00-stlouis@georgemas,"Raymond, Andrew",10148052,Right,GEO_PAT,21143494-b2c2-4306-84db-81e11487f25a,53.88073,-129.51009,12.07472,5.66499,-6.84707,-6.24385,-0.74132,1.76609,-0.84282,,,,,,,,,,,,,,,,,,,,,,,,,,,,,,,,,,,,,,,,,,,,,,,,,,,High,High,High,,,,,
133,2025-04-05,15:47:38.01,3,3,"Cassedy, Brandon",1000183671,Right,GEO_PAT,"Neuweg, Austin",809742,Right,SLU_BILL,Undefined,5,Top,2,1,1,Cutter,Slider,BallCalled,Undefined,Undefined,Undefined,0,0,,83.84792,-1.86532,-0.551169,2685.702326,113.584095,9:45,5.64085,0.7661,5.76048,-34.65561,4.68697,-8.34898,1.01589,-0.44271,78.31068,-8.191962,-2.04856,0.451443,,,,,,,,,,,,4.17244,3.12925,-0.71511,50,5.46468,1.49516,-121.96468,-5.13589,6.37999,20.58592,-27.38915,GEO_PAT,SLU_BILL,SpuhlerFieldMain,D1,A10,20250405-SpuhlerFieldMain-2,d4c541b0-1256-11f0-a721-ed23b36d4136,83.49329,,,5.53724,,,,,,,7d675549-dbed-425c-a347-a0febeddec93,2025-04-05,19:47:38.01,2025-04-05T15:47:38.0123648-04:00,2025-04-05T19:47:38.0123648Z,,v3,471300,471427,05 April 2025 14:00-stlouis@georgemas,"Raymond, Andrew",10148052,Right,GEO_PAT,b05d2cf9-ce8e-47eb-8ff7-3f73bdec72fc,54.74471,-122.7629,10.29296,5.64324,-4.07386,-13.69457,-0.76828,1.24778,3.18999,,,,,,,,,,,,,,,,,,,,,,,,,,,,,,,,,,,,,,,,,,,,,,,,,,,High,High,High,,,,,
134,2025-04-05,15:48:01.35,3,4,"Cassedy, Brandon",1000183671,Right,GEO_PAT,"Neuweg, Austin",809742,Right,SLU_BILL,Undefined,5,Top,2,2,1,Fastball,Four-Seam,FoulBallNotFieldable,Undefined,Undefined,Undefined,0,0,,88.69502,-2.130706,0.08516,2327.125142,188.322169,12:15,5.64386,0.66436,6.48409,-13.13749,21.50123,2.98717,2.59174,0.99149,81.26841,-4.689668,0.627291,0.423597,65.34434,55.120747,158.88596,3761.586559,-106.29264,67.19199,28.31735,181.58785,49.8486,165.838819,3.876459,-1.5576,12.23194,-0.67166,50,5.48811,-0.30316,-128.9551,-5.09858,-2.62551,26.5603,-11.55574,GEO_PAT,SLU_BILL,SpuhlerFieldMain,D1,A10,20250405-SpuhlerFieldMain-2,e2a7a390-1256-11f0-a721-ed23b36d4136,88.98193,69.42208,,7.42661,,,,2.18376,2.7399,-0.97236,7d675549-dbed-425c-a347-a0febeddec93,2025-04-05,19:48:01.35,2025-04-05T15:48:01.3568512-04:00,2025-04-05T19:48:01.3568512Z,Popup,v3,471300,471427,05 April 2025 14:00-stlouis@georgemas,"Raymond, Andrew",10148052,Right,GEO_PAT,7a8d6dc5-07a7-4d8c-b040-ed1f563e5473,54.01936,-129.7803,13.28015,5.64095,-4.73955,-5.77787,-0.66351,-0.22159,-1.31275,337.326743,2.18273,-51.09886,-1.33579,1.61481,-0.4129,-0.01695,0.05031,-0.01294,0.00105,2.7414,78.57771,-27.19466,2.69843,0.05639,-0.30244,0.10582,-0.01583,0.00089,-0.97173,19.72455,-4.95675,1.22908,0.00324,-0.14214,0.05292,-0.00827,0.00049,,,,,,,,,,,,,,,,,,,,,,,High,High,High,High,Low,,,
135,2025-04-05,15:48:30.68,3,5,"Cassedy, Brandon",1000183671,Right,GEO_PAT,"Neuweg, Austin",809742,Right,SLU_BILL,Undefined,5,Top,2,2,2,Fastball,Four-Seam,BallCalled,Undefined,Undefined,Undefined,0,0,,89.02375,1.046004,0.094966,2292.600465,172.729979,11:45,5.72362,0.69714,6.4065,-17.41363,17.25013,-2.0587,5.23445,0.6129,80.90845,-2.309484,-0.27802,0.423749,,,,,,,,,,,,1.09169,9.00626,-0.70312,50,5.7902,-0.13082,-129.34974,1.91323,1.84227,27.9762,-16.97572,GEO_PAT,SLU_BILL,SpuhlerFieldMain,D1,A10,20250405-SpuhlerFieldMain-2,f40d5fd0-1256-11f0-a721-ed23b36d4136,88.94982,,,8.1153,,,,,,,7d675549-dbed-425c-a347-a0febeddec93,2025-04-05,19:48:30.68,2025-04-05T15:48:30.6844160-04:00,2025-04-05T19:48:30.6844160Z,,v3,471300,471427,05 April 2025 14:00-stlouis@georgemas,"Raymond, Andrew",10148052,Right,GEO_PAT,161794c6-8f8e-4fd3-bee1-bb481a374c12,54.0927,-130.23191,13.9881,5.72143,2.44853,-8.48786,-0.69807,-0.18891,0.92113,,,,,,,,,,,,,,,,,,,,,,,,,,,,,,,,,,,,,,,,,,,,,,,,,,,High,High,High,,,,,
136,2025-04-05,15:48:59.46,3,6,"Cassedy, Brandon",1000183671,Right,GEO_PAT,"Neuweg, Austin",809742,Right,SLU_BILL,Undefined,5,Top,2,3,2,Fastball,Four-Seam,InPlay,Undefined,FlyBall,Out,1,0,,88.41792,-1.670881,-0.208689,2341.512516,180.812161,12:00,5.70341,0.61482,6.62867,-14.93678,19.77836,0.2648,2.92824,0.4458,80.86284,-4.569671,-0.160495,0.424063,90.40204,33.123804,-16.516644,3364.907191,105.64045,67.20897,-30.66062,342.396,336.94543,-14.307785,5.449896,-0.19898,11.24697,-0.60079,50,5.58375,0.45855,-128.57807,-4.09798,-0.33274,26.91758,-13.36538,GEO_PAT,SLU_BILL,SpuhlerFieldMain,D1,A10,20250405-SpuhlerFieldMain-2,054e5600-1257-11f0-a721-ed23b36d4136,88.88397,93.15137,,7.55508,,,,2.50813,3.05075,-0.45194,7d675549-dbed-425c-a347-a0febeddec93,2025-04-05,19:48:59.46,2025-04-05T15:48:59.4618880-04:00,2025-04-05T19:48:59.4618880Z,FlyBall,v3,471300,471427,05 April 2025 14:00-stlouis@georgemas,"Raymond, Andrew",10148052,Right,GEO_PAT,c622aaf9-85cb-4c3b-a083-01cdaff17232,53.87394,-129.38652,13.45879,5.70081,-3.69656,-6.68269,-0.61471,0.46854,-0.16637,179.844893,2.51272,106.37158,-20.22682,4.37264,-0.62668,0.0219,0.00971,-0.00153,7E-05,3.04731,72.51311,-16.06987,0.81987,-0.15135,0.02358,0.00154,-0.00087,7E-05,-0.45389,-31.53285,5.93013,-0.85886,0.01004,0.0355,-0.00874,0.00088,-3E-05,,,,,,,,,,,,,,,,,,,,,,,High,High,High,High,High,,,
137,2025-04-05,15:51:19.62,1,1,"Weber, Charlie",1000161356,Right,SLU_BILL,"Butler, Jake",1000176047,Right,GEO_PAT,Undefined,5,Bottom,0,0,0,Fastball,Changeup,BallCalled,Undefined,Undefined,Undefined,0,0,,84.52268,1.651039,-6.45259,2014.606579,298.968801,4:00,3.28667,3.10974,5.85474,-44.78128,-5.41323,11.90697,1.09923,-1.91915,77.67622,-6.526121,-4.33801,0.451589,,,,,,,,,,,,-7.74733,-2.80543,-2.59018,50,3.39551,13.33203,-122.12855,1.97815,-11.7746,22.63683,-36.43786,GEO_PAT,SLU_BILL,SpuhlerFieldMain,D1,A10,20250405-SpuhlerFieldMain-2,58c7cff0-1257-11f0-a721-ed23b36d4136,83.46623,,,6.84646,,,,,,,7d675549-dbed-425c-a347-a0febeddec93,2025-04-05,19:51:19.62,2025-04-05T15:51:19.6247040-04:00,2025-04-05T19:51:19.6247040Z,,v3,471300,471427,05 April 2025 14:00-stlouis@georgemas,"Mendiola, Patrick",1000090289,Right,SLU_BILL,58353fad-a239-492d-a00d-aee85cdf6786,54.65014,-122.98744,11.31842,3.29423,3.36069,-18.21893,-3.1045,13.77879,-5.8873,,,,,,,,,,,,,,,,,,,,,,,,,,,,,,,,,,,,,,,,,,,,,,,,,,,High,High,High,,,,,
138,2025-04-05,15:51:33.38,1,2,"Weber, Charlie",1000161356,Right,SLU_BILL,"Butler, Jake",1000176047,Right,GEO_PAT,Undefined,5,Bottom,0,1,0,Slider,Slider,BallCalled,Undefined,Undefined,Undefined,0,0,,81.1082,-0.266976,-4.713948,2733.295208,108.982316,9:45,4.53781,3.14569,6.07779,-35.88659,6.81099,-15.84324,1.29939,-2.54625,74.29848,-6.897063,-7.544774,0.470298,,,,,,,,,,,,6.69634,4.04488,-2.77237,50,4.49838,10.28504,-117.41461,-1.64373,9.2758,23.8363,-26.57106,GEO_PAT,SLU_BILL,SpuhlerFieldMain,D1,A10,20250405-SpuhlerFieldMain-2,60fec750-1257-11f0-a721-ed23b36d4136,80.14588,,,6.80972,,,,,,,7d675549-dbed-425c-a347-a0febeddec93,2025-04-05,19:51:33.38,2025-04-05T15:51:33.3804032-04:00,2025-04-05T19:51:33.3804032Z,,v3,471300,471427,05 April 2025 14:00-stlouis@georgemas,"Mendiola, Patrick",1000090289,Right,SLU_BILL,52f908fe-0185-461e-8d01-3ee7ee36e341,54.42282,-118.30908,11.91815,4.54135,-0.64664,-13.28553,-3.15179,9.93696,4.6379,,,,,,,,,,,,,,,,,,,,,,,,,,,,,,,,,,,,,,,,,,,,,,,,,,,High,High,High,,,,,
139,2025-04-05,15:51:50.09,1,3,"Weber, Charlie",1000161356,Right,SLU_BILL,"Butler, Jake",1000176047,Right,GEO_PAT,Undefined,5,Bottom,0,2,0,Fastball,Sinker,FoulBallNotFieldable,Undefined,Undefined,Undefined,0,0,,88.60458,0.019069,-4.028752,2190.274908,249.107545,2:15,4.52682,3.25149,6.36202,-28.00907,6.67666,14.9132,2.21032,0.78033,81.79088,-5.206802,-1.336365,0.423884,78.16999,75.302921,138.497316,5045.23723,,,,,35.89874,,,-8.86095,3.75571,-2.96644,50,4.51484,8.50386,-128.71084,-0.83251,-15.01854,24.122,-25.80842,GEO_PAT,SLU_BILL,SpuhlerFieldMain,D1,A10,20250405-SpuhlerFieldMain-2,6afdfb90-1257-11f0-a721-ed23b36d4136,88.92164,95.97229,,6.8137,,,,3.75785,1.99979,-0.52348,7d675549-dbed-425c-a347-a0febeddec93,2025-04-05,19:51:50.09,2025-04-05T15:51:50.0941312-04:00,2025-04-05T19:51:50.0941312Z,,v3,471300,471427,05 April 2025 14:00-stlouis@georgemas,"Mendiola, Patrick",1000090289,Right,SLU_BILL,2865633b-3ba1-4bb6-86be-04810436a798,54.14347,-129.48505,12.061,4.52827,-0.00417,-12.90421,-3.24712,8.98588,-7.50927,352.79921,3.75783,-21.78063,-6.56579,3.36137,-2.69864,3.57214,-3.16276,1.48219,-0.28222,1.99979,110.89942,-31.8816,4.66583,-1.66369,1.46245,-1.20537,0.55554,-0.10481,-0.52348,19.27427,-0.40883,-0.38848,0.48737,-0.68716,0.61303,-0.28782,0.05488,,,,,,,,,,,,,,,,,,,,,,,High,High,High,Medium,Undefined,,,
140,2025-04-05,15:52:10.27,1,4,"Weber, Charlie",1000161356,Right,SLU_BILL,"Butler, Jake",1000176047,Right,GEO_PAT,Undefined,5,Bottom,0,2,1,Slider,Slider,FoulBallNotFieldable,Undefined,Undefined,Undefined,0,0,,80.27678,1.353987,-2.205903,2705.436493,91.113181,9:00,4.51075,3.35801,5.81117,-41.87916,1.70831,-19.65761,2.28113,-0.33251,73.70379,-6.348734,-5.720126,0.475174,77.78066,66.141051,72.316034,4470.133256,-4.50647,113.23792,109.90759,163.22254,59.87564,94.625596,5.305088,9.49024,0.83429,-3.16486,50,4.59673,5.2255,-116.56446,1.4145,13.01489,22.57326,-31.02993,GEO_PAT,SLU_BILL,SpuhlerFieldMain,D1,A10,20250405-SpuhlerFieldMain-2,7711df00-1257-11f0-a721-ed23b36d4136,79.32352,121.55318,,6.57299,,,,2.42233,1.85646,-0.25327,7d675549-dbed-425c-a347-a0febeddec93,2025-04-05,19:52:10.27,2025-04-05T15:52:10.2761984-04:00,2025-04-05T19:52:10.2761984Z,Popup,v3,471300,471427,05 April 2025 14:00-stlouis@georgemas,"Mendiola, Patrick",1000090289,Right,SLU_BILL,9be9f4a0-1761-46f0-be7b-d88976ac2b62,54.69362,-117.46988,11.28663,4.51503,2.65913,-15.51496,-3.36399,4.70346,6.50745,203.16272,2.41868,14.01425,-11.94501,3.15965,0.24793,-0.5111,0.16851,-0.02392,0.00127,1.878,103.88842,-26.5858,0.48053,1.76065,-0.92198,0.22131,-0.02634,0.00125,-0.2388,43.68537,-3.60872,-0.93209,1.12545,-0.45022,0.09023,-0.00891,0.00034,,,,,,,,,,,,,,,,,,,,,,,High,High,High,Medium,Low,,,
141,2025-04-05,15:52:31.02,1,5,"Weber, Charlie",1000161356,Right,SLU_BILL,"Butler, Jake",1000176047,Right,GEO_PAT,Undefined,5,Bottom,0,2,2,Slider,Slider,FoulBallNotFieldable,Undefined,Undefined,Undefined,0,0,,80.14493,1.295404,-1.904555,2375.752028,123.533182,10:00,4.4284,3.25134,5.62597,-33.68683,9.75776,-12.95898,2.83088,0.39347,74.26501,-4.905875,-4.214084,0.474394,,,,,,,,,,,,6.1652,4.98654,-3.0802,50,4.51705,4.3646,-116.48,1.55901,8.57119,19.43272,-25.24151,GEO_PAT,SLU_BILL,SpuhlerFieldMain,D1,A10,20250405-SpuhlerFieldMain-2,837457a0-1257-11f0-a721-ed23b36d4136,79.45385,,,5.87992,,,,,,,7d675549-dbed-425c-a347-a0febeddec93,2025-04-05,19:52:31.02,2025-04-05T15:52:31.0276608-04:00,2025-04-05T19:52:31.0276608Z,,v3,471300,471427,05 April 2025 14:00-stlouis@georgemas,"Mendiola, Patrick",1000090289,Right,SLU_BILL,1801dbe9-903a-4c36-a9cc-7a3f587ce1c2,54.87837,-117.29105,9.71636,4.43,2.6125,-12.62075,-3.2549,4.00687,4.2856,,,,,,,,,,,,,,,,,,,,,,,,,,,,,,,,,,,,,,,,,,,,,,,,,,,High,High,High,,,,,
142,,,1,6,"Weber, Charlie",1000161356,Right,SLU_BILL,"Butler, Jake",1000176047,Right,GEO_PAT,Undefined,5,Bottom,0,2,2,Slider,,BallCalled,Undefined,Undefined,Undefined,0,0,,,,,,,,,,,,,,,,,,,,,,,,,,,,,,,,,,,,,,,,,,GEO_PAT,SLU_BILL,SpuhlerFieldMain,D1,A10,20250405-SpuhlerFieldMain-2,97709d40-1257-11f0-a721-ed23b36d4136,,,,,,,,,,,7d675549-dbed-425c-a347-a0febeddec93,,,,,,v3,471300,471427,05 April 2025 14:00-stlouis@georgemas,"Mendiola, Patrick",1000090289,Right,SLU_BILL,,,,,,,,,,,,,,,,,,,,,,,,,,,,,,,,,,,,,,,,,,,,,,,,,,,,,,,,,,,,,,,,,,,,
143,2025-04-05,15:53:15.33,1,7,"Weber, Charlie",1000161356,Right,SLU_BILL,"Butler, Jake",1000176047,Right,GEO_PAT,Undefined,5,Bottom,0,3,2,Fastball,Sinker,FoulBallNotFieldable,Undefined,Undefined,Undefined,0,0,,91.53368,-0.59055,-4.780461,2153.001838,238.379725,2:00,4.6746,3.22805,6.35452,-24.93781,7.72048,10.99162,2.05095,-0.26647,84.30387,-5.250086,-2.800385,0.411309,84.17041,25.704023,58.891351,5846.992486,43.72386,38.90888,100.93623,258.45888,111.15498,77.410381,3.316517,-6.97981,4.46107,-2.88564,50,4.61976,10.66865,-132.77081,-2.17106,-12.56182,26.23362,-24.14531,GEO_PAT,SLU_BILL,SpuhlerFieldMain,D1,A10,20250405-SpuhlerFieldMain-2,9dd397f0-1257-11f0-a721-ed23b36d4136,91.64023,41.505,,7.22981,,,,0.83459,1.92151,0.55696,7d675549-dbed-425c-a347-a0febeddec93,2025-04-05,19:53:15.33,2025-04-05T15:53:15.3392128-04:00,2025-04-05T19:53:15.3392128Z,LineDrive,v3,471300,471427,05 April 2025 14:00-stlouis@georgemas,"Mendiola, Patrick",1000090289,Right,SLU_BILL,cb8cc2a5-3f1c-45ba-8e74-b3ce575d60d3,54.14972,-133.58822,13.11681,4.67569,-1.41872,-12.07266,-3.22416,11.06007,-6.28091,,0.83429,57.48045,-22.92444,6.22891,-1.6714,0.42172,-0.09248,0.0129,-0.00075,1.92169,53.53686,-20.14158,1.53001,-0.08376,-0.04991,0.02059,-0.0027,7E-05,0.5567,95.24642,-6.84558,0.03081,0.18695,-0.02929,-0.00624,0.00222,-0.00016,,,,,,,,,,,,,,,,,,,,,,,High,High,High,High,Low,,,
144,2025-04-05,15:53:35.51,1,8,"Weber, Charlie",1000161356,Right,SLU_BILL,"Butler, Jake",1000176047,Right,GEO_PAT,Undefined,5,Bottom,0,3,2,Fastball,Sinker,StrikeSwinging,Strikeout,Undefined,Undefined,0,0,,90.46814,-1.010152,-3.702163,2104.363424,248.358579,2:15,4.77039,3.13541,6.23606,-26.52092,6.9713,15.11143,1.62637,0.97457,83.43326,-5.948697,-0.977659,0.416527,,,,,,,,,,,,-8.81784,4.16858,-2.86632,50,4.68158,7.89772,-131.3858,-3.18844,-15.54281,25.64824,-24.82623,GEO_PAT,SLU_BILL,SpuhlerFieldMain,D1,A10,20250405-SpuhlerFieldMain-2,a9db6d70-1257-11f0-a721-ed23b36d4136,90.49214,,,7.03489,,,,,,,7d675549-dbed-425c-a347-a0febeddec93,2025-04-05,19:53:35.51,2025-04-05T15:53:35.5190000-04:00,2025-04-05T19:53:35.5190000Z,,v3,471300,471427,05 April 2025 14:00-stlouis@georgemas,"Mendiola, Patrick",1000090289,Right,SLU_BILL,68e5a77c-f995-4bda-a47b-2ce1ea7c97fb,54.26849,-132.21644,12.82412,4.77183,-2.38443,-12.41311,-3.13024,8.40109,-7.7714,,,,,,,,,,,,,,,,,,,,,,,,,,,,,63.46978,,,1.089893,,,,3.10092,5.82077,3.46028,67.77939,9.8148,-57.00557,3.15418,63.87812,-4.19713,5.88346,19.18383,-14.28105,3.3451,-62.8815,6.87218,High,High,High,,,High,High,High
145,2025-04-05,15:54:09.56,2,1,"Weber, Charlie",1000161356,Right,SLU_BILL,"Alberti, Lucas",1000145512,Right,GEO_PAT,Undefined,5,Bottom,1,0,0,Fastball,Sinker,BallCalled,Undefined,Undefined,Undefined,0,0,,90.1147,0.169894,-2.641088,2096.030344,243.678777,2:00,4.63742,3.09226,6.07696,-27.11092,6.55524,11.43682,2.53555,1.59977,83.57944,-4.856911,-0.583298,0.417608,,,,,,,,,,,,-6.65213,3.5763,-2.89433,50,4.63573,5.60566,-131.09993,-0.51582,-11.74795,23.88608,-25.85812,GEO_PAT,SLU_BILL,SpuhlerFieldMain,D1,A10,20250405-SpuhlerFieldMain-2,be25ac00-1257-11f0-a721-ed23b36d4136,90.25804,,,6.53526,,,,,,,7d675549-dbed-425c-a347-a0febeddec93,2025-04-05,19:54:09.56,2025-04-05T15:54:09.5614464-04:00,2025-04-05T19:54:09.5614464Z,,v3,471300,471427,05 April 2025 14:00-stlouis@georgemas,"Mendiola, Patrick",1000090289,Right,SLU_BILL,c2a6ed23-a61b-4029-af6d-f462d61364cd,54.42964,-131.90453,11.94304,4.63844,0.35521,-12.92906,-3.08982,6.00139,-5.87397,,,,,,,,,,,,,,,,,,,,,,,,,,,,,,,,,,,,,,,,,,,,,,,,,,,High,High,High,,,,,
146,2025-04-05,15:54:34.90,2,2,"Weber, Charlie",1000161356,Right,SLU_BILL,"Alberti, Lucas",1000145512,Right,GEO_PAT,Undefined,5,Bottom,1,1,0,Slider,Slider,StrikeCalled,Undefined,Undefined,Undefined,0,0,,81.25332,0.840914,-2.063782,2702.363053,105.541995,9:30,4.57931,3.45448,5.83686,-37.02356,5.42051,-14.82064,2.27621,0.30031,74.5569,-5.995276,-4.716164,0.4689,,,,,,,,,,,,6.97681,2.94402,-3.27741,50,4.62623,4.82749,-117.97882,0.54419,9.82221,22.68446,-28.02935,GEO_PAT,SLU_BILL,SpuhlerFieldMain,D1,A10,20250405-SpuhlerFieldMain-2,cd4f0cd0-1257-11f0-a721-ed23b36d4136,80.38483,,,6.69642,,,,,,,7d675549-dbed-425c-a347-a0febeddec93,2025-04-05,19:54:34.90,2025-04-05T15:54:34.9046784-04:00,2025-04-05T19:54:34.9046784Z,,v3,471300,471427,05 April 2025 14:00-stlouis@georgemas,"Mendiola, Patrick",1000090289,Right,SLU_BILL,8b8b3511-c74b-4a64-a2ae-aae4fbd8c1b0,54.66541,-118.87248,11.34223,4.58304,1.64842,-14.01468,-3.45997,4.44054,4.91111,,,,,,,,,,,,,,,,,,,,,,,,,,,,,,,,,,,,,,,,,,,,,,,,,,,High,High,High,,,,,
147,2025-04-05,15:54:47.76,2,3,"Weber, Charlie",1000161356,Right,SLU_BILL,"Alberti, Lucas",1000145512,Right,GEO_PAT,Undefined,5,Bottom,1,1,1,Slider,Slider,StrikeCalled,Undefined,Undefined,Undefined,0,0,,80.9653,0.99241,-2.755671,2739.706584,102.430732,9:30,4.55162,3.26418,5.91172,-37.58341,5.08087,-17.21406,2.34198,-0.73009,74.3832,-5.946337,-5.835805,0.470115,,,,,,,,,,,,8.06028,2.71575,-3.03301,50,4.60992,6.30899,-117.52875,0.85358,11.25771,22.57527,-28.381,GEO_PAT,SLU_BILL,SpuhlerFieldMain,D1,A10,20250405-SpuhlerFieldMain-2,d4f44b80-1257-11f0-a721-ed23b36d4136,80.17714,,,6.5821,,,,,,,7d675549-dbed-425c-a347-a0febeddec93,2025-04-05,19:54:47.76,2025-04-05T15:54:47.7662208-04:00,2025-04-05T19:54:47.7662208Z,,v3,471300,471427,05 April 2025 14:00-stlouis@georgemas,"Mendiola, Patrick",1000090289,Right,SLU_BILL,115e1711-6ac3-49c7-a198-dd929c367c83,54.59152,-118.40742,11.28763,4.5552,1.95822,-14.1905,-3.27004,5.87082,5.62886,,,,,,,,,,,,,,,,,,,,,,,,,,,,,,,,,,,,,,,,,,,,,,,,,,,High,High,High,,,,,
148,2025-04-05,15:55:03.94,2,4,"Weber, Charlie",1000161356,Right,SLU_BILL,"Alberti, Lucas",1000145512,Right,GEO_PAT,Undefined,5,Bottom,1,1,2,Slider,Slider,BallCalled,Undefined,Undefined,Undefined,0,0,,80.0624,0.563659,-3.598925,2719.122826,100.860687,9:15,4.63168,3.09457,6.18774,-38.31345,5.23422,-20.04977,1.96041,-1.90378,73.2585,-6.541206,-7.197678,0.474957,,,,,,,,,,,,9.26756,2.97473,-2.81308,50,4.65518,8.03536,-116.10631,0.00616,12.53176,23.6477,-28.15156,GEO_PAT,SLU_BILL,SpuhlerFieldMain,D1,A10,20250405-SpuhlerFieldMain-2,de9c10f0-1257-11f0-a721-ed23b36d4136,79.35976,,,6.8039,,,,,,,7d675549-dbed-425c-a347-a0febeddec93,2025-04-05,19:55:03.94,2025-04-05T15:55:03.9440384-04:00,2025-04-05T19:55:03.9440384Z,,v3,471300,471427,05 April 2025 14:00-stlouis@georgemas,"Mendiola, Patrick",1000090289,Right,SLU_BILL,e9658e85-7dc6-433f-b93f-b55a2695dc8e,54.31462,-116.98178,11.82385,4.63566,1.04837,-14.07578,-3.10197,7.57142,6.26588,,,,,,,,,,,,,,,,,,,,,,,,,,,,,,,,,,,,,,,,,,,,,,,,,,,High,High,High,,,,,
149,2025-04-05,15:55:19.17,2,5,"Weber, Charlie",1000161356,Right,SLU_BILL,"Alberti, Lucas",1000145512,Right,GEO_PAT,Undefined,5,Bottom,1,2,2,Slider,Slider,FoulBallNotFieldable,Undefined,Undefined,Undefined,0,0,,79.79917,0.497136,-2.798368,2831.425103,98.276706,9:15,4.48333,3.29302,5.72515,-40.21876,4.00295,-18.38013,1.59539,-0.84727,73.47331,-6.8801,-6.076645,0.478618,71.56719,17.198204,44.610832,5055.879579,69.17989,17.05879,85.52276,169.27739,155.5749,55.178162,2.225992,8.61985,2.28083,-3.04746,50,4.49998,6.35621,-115.82798,-0.28549,11.69293,21.933,-29.08009,GEO_PAT,SLU_BILL,SpuhlerFieldMain,D1,A10,20250405-SpuhlerFieldMain-2,e7adb0e0-1257-11f0-a721-ed23b36d4136,78.75262,17.8882,,6.32585,,,,1.02003,1.62221,0.84268,7d675549-dbed-425c-a347-a0febeddec93,2025-04-05,19:55:19.17,2025-04-05T15:55:19.1731712-04:00,2025-04-05T19:55:19.1731712Z,LineDrive,v3,471300,471427,05 April 2025 14:00-stlouis@georgemas,"Mendiola, Patrick",1000090289,Right,SLU_BILL,33b58c94-d695-4781-a7f2-130a0e6733ea,54.77889,-116.7294,10.9665,4.48715,0.90966,-14.54004,-3.29882,5.87564,5.84646,,1.02003,71.38277,-19.2142,4.25076,-0.8782,0.17371,-0.03182,0.00438,-0.0003,1.62221,31.03588,-15.32646,0.49568,0.01627,-0.02347,0.0072,-0.00094,5E-05,0.84268,70.41962,-6.25477,1.76748,-0.44311,0.10094,-0.01988,0.00283,-0.0002,,,,,,,,,,,,,,,,,,,,,,,High,High,High,High,High,,,
150,2025-04-05,15:55:43.03,2,6,"Weber, Charlie",1000161356,Right,SLU_BILL,"Alberti, Lucas",1000145512,Right,GEO_PAT,Undefined,5,Bottom,1,2,2,Fastball,Sinker,StrikeCalled,Strikeout,Undefined,Undefined,0,0,,91.58343,-0.56256,-5.481481,2151.059643,242.530415,2:00,4.7086,2.9649,6.41383,-23.64828,8.94174,15.3595,2.21828,-0.81041,84.28518,-4.995218,-2.715634,0.410879,,,,,,,,,,,,-9.3806,5.11063,-2.57835,50,4.65729,12.11732,-132.7132,-2.05015,-16.88819,25.88863,-22.9732,GEO_PAT,SLU_BILL,SpuhlerFieldMain,D1,A10,20250405-SpuhlerFieldMain-2,f5e00780-1257-11f0-a721-ed23b36d4136,91.73618,,,7.29824,,,,,,,7d675549-dbed-425c-a347-a0febeddec93,2025-04-05,19:55:43.03,2025-04-05T15:55:43.0390000-04:00,2025-04-05T19:55:43.0390000Z,,v3,471300,471427,05 April 2025 14:00-stlouis@georgemas,"Mendiola, Patrick",1000090289,Right,SLU_BILL,c2f849f5-9e88-4416-b9ca-85161015e948,54.08988,-133.50864,12.94431,4.70944,-1.34429,-11.4866,-2.95863,12.63621,-8.44409,,,,,,,,,,,,,,,,,,,,,,,,,,,,,63.4529,,,1.083618,,,,1.8064,5.84994,2.41971,67.74732,7.58644,-57.03703,1.85577,65.49735,-4.32264,5.91357,17.22439,-14.46168,2.32046,-61.95599,6.61334,High,High,High,,,High,High,High
151,2025-04-05,15:56:22.88,3,1,"Weber, Charlie",1000161356,Right,SLU_BILL,"Raymond, Andrew",10148052,Left,GEO_PAT,Undefined,5,Bottom,2,0,0,Fastball,Sinker,BallCalled,Undefined,Undefined,Undefined,0,0,,88.87124,-3.219225,-3.191539,2051.511666,223.645667,1:30,5.4191,2.93404,6.29574,-20.8404,13.86331,12.23725,0.70817,1.00979,82.07337,-7.129154,-0.981162,0.423994,,,,,,,,,,,,-7.14398,8.34945,-2.70452,50,5.17144,6.70019,-128.91683,-7.87794,-12.12823,24.59621,-17.99934,GEO_PAT,SLU_BILL,SpuhlerFieldMain,D1,A10,20250405-SpuhlerFieldMain-2,0d81d580-1258-11f0-a721-ed23b36d4136,88.89854,,,6.79787,,,,,,,7d675549-dbed-425c-a347-a0febeddec93,2025-04-05,19:56:22.88,2025-04-05T15:56:22.8857344-04:00,2025-04-05T19:56:22.8857344Z,,v3,471300,471427,05 April 2025 14:00-stlouis@georgemas,"Mendiola, Patrick",1000090289,Right,SLU_BILL,70f2c3ff-65f8-4135-ad9b-81173b73ba02,54.20669,-129.71695,12.2981,5.41819,-7.29242,-8.99967,-2.92889,7.09472,-6.06412,,,,,,,,,,,,,,,,,,,,,,,,,,,,,,,,,,,,,,,,,,,,,,,,,,,High,High,High,,,,,
152,2025-04-05,15:56:40.06,3,2,"Weber, Charlie",1000161356,Right,SLU_BILL,"Raymond, Andrew",10148052,Left,GEO_PAT,Undefined,5,Bottom,2,1,0,Fastball,Sinker,StrikeCalled,Undefined,Undefined,Undefined,0,0,,90.41727,-0.973687,-5.4961,2097.508501,245.237391,2:15,4.69365,3.22422,6.3401,-24.99907,8.67941,16.56761,1.70968,-0.47108,82.92922,-5.654426,-2.515835,0.417684,,,,,,,,,,,,-10.08319,5.09323,-2.8305,50,4.61056,11.93751,-130.9518,-3.02298,-17.59341,26.40501,-23.28728,GEO_PAT,SLU_BILL,SpuhlerFieldMain,D1,A10,20250405-SpuhlerFieldMain-2,17dd0c70-1258-11f0-a721-ed23b36d4136,90.24156,,,7.48806,,,,,,,7d675549-dbed-425c-a347-a0febeddec93,2025-04-05,19:56:40.06,2025-04-05T15:56:40.0649728-04:00,2025-04-05T19:56:40.0649728Z,,v3,471300,471427,05 April 2025 14:00-stlouis@georgemas,"Mendiola, Patrick",1000090289,Right,SLU_BILL,cfbd8da3-802f-47b8-8d75-94530f9c16ac,54.16362,-131.78868,13.2025,4.69468,-2.28491,-11.64364,-3.21768,12.49511,-8.7967,,,,,,,,,,,,,,,,,,,,,,,,,,,,,,,,,,,,,,,,,,,,,,,,,,,High,High,High,,,,,
153,2025-04-05,15:56:56.49,3,3,"Weber, Charlie",1000161356,Right,SLU_BILL,"Raymond, Andrew",10148052,Left,GEO_PAT,Undefined,5,Bottom,2,1,1,Slider,Slider,InPlay,Undefined,GroundBall,Out,1,0,,81.03083,1.141535,-2.204062,2649.089919,97.666939,9:15,4.56432,3.31439,6.00487,-39.14238,3.10063,-13.86115,2.3611,0.11607,74.65676,-6.085742,-4.692196,0.467788,67.7844,-51.053515,31.049302,,,,,2.944,1.55485,16.85682,0.030231,6.58241,1.63209,-3.13324,50,4.63248,5.04179,-117.73904,1.1238,9.26267,21.83738,-29.87739,GEO_PAT,SLU_BILL,SpuhlerFieldMain,D1,A10,20250405-SpuhlerFieldMain-2,21adb6a0-1258-11f0-a721-ed23b36d4136,80.57595,2.34613,,6.37407,,,,1.19295,2.34613,-0.12433,7d675549-dbed-425c-a347-a0febeddec93,2025-04-05,19:56:56.49,2025-04-05T15:56:56.4983296-04:00,2025-04-05T19:56:56.4983296Z,GroundBall,v3,471300,471427,05 April 2025 14:00-stlouis@georgemas,"Mendiola, Patrick",1000090289,Right,SLU_BILL,900ce7d4-1efa-4f44-b5cf-918c65769f2f,54.49945,-118.57063,10.91869,4.56802,2.26156,-14.93869,-3.31851,4.68906,4.63134,,1.19199,53.73702,,,,,,,,2.34752,-77.60561,,,,,,,,-0.12491,32.35143,,,,,,,,,,,,,,,,,,,,,,,,,,,,,,High,High,High,Low,Low,,,
154,2025-04-05,15:59:35.22,1,1,"Cassedy, Brandon",1000183671,Right,GEO_PAT,"Moore, Hayden",809737,Left,SLU_BILL,Undefined,6,Top,0,0,0,Fastball,Four-Seam,StrikeSwinging,Undefined,Undefined,Undefined,0,0,,88.68041,-0.833159,-0.898855,2238.889321,184.741374,12:15,5.69511,0.71002,6.32168,-12.96595,22.12458,1.73874,3.84709,0.02697,80.57506,-3.378758,-0.584369,0.42635,,,,,,,,,,,,-1.16146,12.06312,-0.64506,50,5.62754,1.95039,-128.81982,-2.14886,-1.94147,28.07133,-12.00991,GEO_PAT,SLU_BILL,SpuhlerFieldMain,D1,A10,20250405-SpuhlerFieldMain-2,80286b80-1258-11f0-a721-ed23b36d4136,88.40726,,,8.10536,,,,,,,7d675549-dbed-425c-a347-a0febeddec93,2025-04-05,19:59:35.22,2025-04-05T15:59:35.2280064-04:00,2025-04-05T19:59:35.2280064Z,,v3,471300,471427,05 April 2025 14:00-stlouis@georgemas,"Raymond, Andrew",10148052,Right,GEO_PAT,049bd497-7dad-4c2a-ad10-1324e997fda7,54.17782,-129.72702,14.03567,5.69072,-1.76073,-6.00495,-0.7091,2.01314,-0.97073,,,,,,,,,,,,,,,,,,,,,,,,,,,,,,,,,,,,,,,,,,,,,,,,,,,High,High,High,,,,,
155,2025-04-05,15:59:51.84,1,2,"Cassedy, Brandon",1000183671,Right,GEO_PAT,"Moore, Hayden",809737,Left,SLU_BILL,Undefined,6,Top,0,0,1,Cutter,Slider,BallCalled,Undefined,Undefined,Undefined,0,0,,82.87763,-2.703672,-0.459812,2566.99833,113.920028,9:45,5.55829,0.93371,5.72674,-34.67254,5.78445,-10.55142,0.1487,-0.37386,77.37054,-9.018757,-2.3519,0.457792,,,,,,,,,,,,5.34441,3.90406,-0.88843,50,5.31059,1.36571,-120.46151,-6.83609,7.95078,20.67123,-26.36607,GEO_PAT,SLU_BILL,SpuhlerFieldMain,D1,A10,20250405-SpuhlerFieldMain-2,8a2be580-1258-11f0-a721-ed23b36d4136,82.33529,,,5.50708,,,,,,,7d675549-dbed-425c-a347-a0febeddec93,2025-04-05,19:59:51.84,2025-04-05T15:59:51.8422016-04:00,2025-04-05T19:59:51.8422016Z,,v3,471300,471427,05 April 2025 14:00-stlouis@georgemas,"Raymond, Andrew",10148052,Right,GEO_PAT,4ff67719-f2d3-4ee0-ad09-84091f91f52d,54.77881,-121.27878,10.33561,5.56026,-5.79366,-13.18304,-0.93621,1.05136,3.97539,,,,,,,,,,,,,,,,,,,,,,,,,,,,,,,,,,,,,,,,,,,,,,,,,,,High,High,High,,,,,
156,2025-04-05,16:00:15.53,1,3,"Cassedy, Brandon",1000183671,Right,GEO_PAT,"Moore, Hayden",809737,Left,SLU_BILL,Undefined,6,Top,0,1,1,Fastball,Four-Seam,BallCalled,Undefined,Undefined,Undefined,0,0,,88.02346,-1.273398,-0.404526,2207.144675,186.005513,12:15,5.66806,0.69136,6.49742,-14.20839,21.48777,2.12547,3.31487,0.49714,79.34308,-4.071602,-0.018705,0.430014,,,,,,,,,,,,-1.23008,11.97871,-0.66382,50,5.57204,0.81676,-127.77402,-3.13195,-2.00389,29.91431,-12.66005,GEO_PAT,SLU_BILL,SpuhlerFieldMain,D1,A10,20250405-SpuhlerFieldMain-2,984b0240-1258-11f0-a721-ed23b36d4136,87.65406,,,8.68039,,,,,,,7d675549-dbed-425c-a347-a0febeddec93,2025-04-05,20:00:15.53,2025-04-05T16:00:15.5371008-04:00,2025-04-05T20:00:15.5371008Z,,v3,471300,471427,05 April 2025 14:00-stlouis@georgemas,"Raymond, Andrew",10148052,Right,GEO_PAT,52107abd-0532-468e-89d4-4b008c919d78,54.00021,-128.70714,14.95716,5.66358,-2.73704,-6.33003,-0.69027,0.87926,-1.00195,,,,,,,,,,,,,,,,,,,,,,,,,,,,,,,,,,,,,,,,,,,,,,,,,,,High,High,High,,,,,
157,2025-04-05,16:00:36.73,1,4,"Cassedy, Brandon",1000183671,Right,GEO_PAT,"Moore, Hayden",809737,Left,SLU_BILL,Undefined,6,Top,0,2,1,Fastball,Four-Seam,InPlay,Undefined,GroundBall,Out,1,0,,88.10046,-2.167408,-0.732215,2229.833193,189.046887,12:15,5.60472,0.80685,6.35316,-15.6017,20.17485,3.01028,2.30839,0.38368,79.69426,-5.197275,-0.187208,0.430497,79.87244,3.408004,34.413445,4354.277838,,,,58.40843,55.29741,34.669351,0.52836,-1.8202,11.61957,-0.75516,50,5.44013,1.51947,-127.88848,-5.22532,-2.97357,29.71751,-13.19156,GEO_PAT,SLU_BILL,SpuhlerFieldMain,D1,A10,20250405-SpuhlerFieldMain-2,a4e839f0-1258-11f0-a721-ed23b36d4136,87.55556,2.86213,,8.40621,,,,2.01641,2.33153,-0.47135,7d675549-dbed-425c-a347-a0febeddec93,2025-04-05,20:00:36.73,2025-04-05T16:00:36.7382528-04:00,2025-04-05T20:00:36.7382528Z,GroundBall,v3,471300,471427,05 April 2025 14:00-stlouis@georgemas,"Raymond, Andrew",10148052,Right,GEO_PAT,716f4eb3-bb8b-4adf-8f90-3b020172e866,54.14898,-128.84897,14.85876,5.60212,-4.79896,-6.59578,-0.80583,1.61558,-1.48678,302.688619,2.03653,95.95823,-16.90009,,,,,,,2.35216,6.4366,-20.67699,,,,,,,-0.47297,66.1322,-4.44993,,,,,,,,,,,,,,,,,,,,,,,,,,,,,High,High,High,High,High,,,
158,2025-04-05,16:01:16.32,2,1,"Cassedy, Brandon",1000183671,Right,GEO_PAT,"Blazier, Ian",813662,Left,SLU_BILL,Undefined,6,Top,1,0,0,Fastball,Four-Seam,BallCalled,Undefined,Undefined,Undefined,0,0,,88.02318,-0.018575,-0.129771,2247.502131,178.991115,12:00,5.57677,0.77874,6.45495,-16.33052,19.14005,-0.3163,4.19883,0.63316,79.86954,-3.187262,-0.187141,0.428653,,,,,,,,,,,,0.12532,10.33182,-0.76943,50,5.5677,0.30228,-127.89615,-0.43095,0.20615,28.05699,-15.17751,GEO_PAT,SLU_BILL,SpuhlerFieldMain,D1,A10,20250405-SpuhlerFieldMain-2,bc6c6dd0-1258-11f0-a721-ed23b36d4136,87.93235,,,8.15365,,,,,,,7d675549-dbed-425c-a347-a0febeddec93,2025-04-05,20:01:16.32,2025-04-05T16:01:16.3289600-04:00,2025-04-05T20:01:16.3289600Z,,v3,471300,471427,05 April 2025 14:00-stlouis@georgemas,"Raymond, Andrew",10148052,Right,GEO_PAT,72c3eb65-f10c-4b90-890d-2ec76ab80022,54.04403,-128.78024,14.02849,5.57375,0.0473,-7.58875,-0.77886,0.29579,0.10307,,,,,,,,,,,,,,,,,,,,,,,,,,,,,,,,,,,,,,,,,,,,,,,,,,,High,High,High,,,,,
159,2025-04-05,16:01:33.56,2,2,"Cassedy, Brandon",1000183671,Right,GEO_PAT,"Blazier, Ian",813662,Left,SLU_BILL,Undefined,6,Top,1,1,0,Curveball,Curveball,BallCalled,Undefined,Undefined,Undefined,0,0,,74.13221,1.880744,1.800483,2573.451664,35.479992,7:15,5.52276,0.92488,5.62104,-67.53618,-15.92001,-12.52442,1.65149,1.56206,68.13795,-10.39414,-0.442056,0.517088,,,,,,,,,,,,6.87615,-8.11225,-1.07035,50,5.6398,-2.92632,-107.65597,1.3532,8.01226,19.9328,-41.62668,GEO_PAT,SLU_BILL,SpuhlerFieldMain,D1,A10,20250405-SpuhlerFieldMain-2,c6ddc4d0-1258-11f0-a721-ed23b36d4136,72.8937,,,5.99425,,,,,,,7d675549-dbed-425c-a347-a0febeddec93,2025-04-05,20:01:33.56,2025-04-05T16:01:33.5619584-04:00,2025-04-05T20:01:33.5619584Z,,v3,471300,471427,05 April 2025 14:00-stlouis@georgemas,"Raymond, Andrew",10148052,Right,GEO_PAT,cf0fbff9-47bd-4f91-aba8-5eb9e418c887,54.88664,-108.55697,9.9664,5.53611,3.23481,-20.81334,-0.92989,-3.28849,4.00613,,,,,,,,,,,,,,,,,,,,,,,,,,,,,,,,,,,,,,,,,,,,,,,,,,,High,High,High,,,,,
160,2025-04-05,16:01:54.81,2,3,"Cassedy, Brandon",1000183671,Right,GEO_PAT,"Blazier, Ian",813662,Left,SLU_BILL,Undefined,6,Top,1,2,0,Fastball,Four-Seam,StrikeCalled,Undefined,Undefined,Undefined,0,0,,89.55951,-1.363798,0.445312,2218.425582,177.001655,12:00,5.60447,0.70518,6.34307,-13.31308,21.14489,-1.04638,3.23917,1.02797,81.24175,-3.971073,0.255932,0.42249,,,,,,,,,,,,0.67689,11.74961,-0.73711,50,5.49866,-0.96856,-130.07497,-3.39474,1.15054,29.30157,-12.20318,GEO_PAT,SLU_BILL,SpuhlerFieldMain,D1,A10,20250405-SpuhlerFieldMain-2,d3772bf0-1258-11f0-a721-ed23b36d4136,89.21502,,,8.31777,,,,,,,7d675549-dbed-425c-a347-a0febeddec93,2025-04-05,20:01:54.81,2025-04-05T16:01:54.8100096-04:00,2025-04-05T20:01:54.8100096Z,,v3,471300,471427,05 April 2025 14:00-stlouis@georgemas,"Raymond, Andrew",10148052,Right,GEO_PAT,ea769a4d-7d28-4d74-aa50-8e8c75ac39e2,54.15692,-131.00804,14.65078,5.60058,-3.00615,-6.10159,-0.70568,-1.0052,0.57527,,,,,,,,,,,,,,,,,,,,,,,,,,,,,,,,,,,,,,,,,,,,,,,,,,,High,High,High,,,,,
161,2025-04-05,16:02:14.83,2,4,"Cassedy, Brandon",1000183671,Right,GEO_PAT,"Blazier, Ian",813662,Left,SLU_BILL,Undefined,6,Top,1,2,1,Fastball,Four-Seam,StrikeCalled,Undefined,Undefined,Undefined,0,0,,89.13661,-2.604399,0.095299,2224.553525,172.870753,11:45,5.57406,0.7628,6.65439,-15.01548,19.25414,-2.26736,1.9375,0.66107,81.34266,-5.515419,-0.317631,0.421333,,,,,,,,,,,,1.22398,11.24816,-0.76838,50,5.39221,-0.12975,-129.50162,-6.23782,2.07026,28.05748,-13.14881,GEO_PAT,SLU_BILL,SpuhlerFieldMain,D1,A10,20250405-SpuhlerFieldMain-2,df6537e0-1258-11f0-a721-ed23b36d4136,89.45987,,,7.79395,,,,,,,7d675549-dbed-425c-a347-a0febeddec93,2025-04-05,20:02:14.83,2025-04-05T16:02:14.8392448-04:00,2025-04-05T20:02:14.8392448Z,,v3,471300,471427,05 April 2025 14:00-stlouis@georgemas,"Raymond, Andrew",10148052,Right,GEO_PAT,25aada84-54ab-4e86-af80-1df08c501f86,53.8471,-130.33245,14.02874,5.57116,-5.84846,-6.5744,-0.76363,-0.19106,1.03513,,,,,,,,,,,,,,,,,,,,,,,,,,,,,,,,,,,,,,,,,,,,,,,,,,,High,High,High,,,,,
162,2025-04-05,16:02:37.60,2,5,"Cassedy, Brandon",1000183671,Right,GEO_PAT,"Blazier, Ian",813662,Left,SLU_BILL,Undefined,6,Top,1,2,2,Fastball,Four-Seam,FoulBallNotFieldable,Undefined,Undefined,Undefined,0,0,,88.74972,-2.110481,0.204168,2287.791811,173.183214,11:45,5.51285,0.7349,6.6346,-13.85205,20.77127,-2.34547,2.42532,0.72638,80.80943,-4.819504,-0.222746,0.423502,71.51143,45.249353,-123.831249,4588.428809,,,,,40.71296,,,1.30036,11.92532,-0.74782,50,5.36401,-0.37166,-128.97056,-5.05475,2.17743,28.28116,-12.20514,GEO_PAT,SLU_BILL,SpuhlerFieldMain,D1,A10,20250405-SpuhlerFieldMain-2,ecf6e1b0-1258-11f0-a721-ed23b36d4136,89.00171,36.8237,,7.94028,,,,1.82564,2.34473,-0.62209,7d675549-dbed-425c-a347-a0febeddec93,2025-04-05,20:02:37.60,2025-04-05T16:02:37.6005632-04:00,2025-04-05T20:02:37.6005632Z,,v3,471300,471427,05 April 2025 14:00-stlouis@georgemas,"Raymond, Andrew",10148052,Right,GEO_PAT,2aae2a36-0428-4a79-9f78-fe8bd720bf2b,53.86718,-129.8158,14.14058,5.50963,-4.68998,-6.10257,-0.73574,-0.43674,1.08871,39.405525,1.82564,-41.11044,-4.37934,2.83047,-0.91768,0.25036,-0.06232,0.01523,-0.00241,2.34473,74.48572,-28.80646,3.85324,-0.78933,0.13573,-0.02311,0.00331,-0.00013,-0.62209,-61.33765,10.4332,-1.92676,0.33827,-0.03662,0.00278,0.00171,-0.0007,,,,,,,,,,,,,,,,,,,,,,,High,High,High,High,Undefined,,,
163,2025-04-05,16:03:01.26,2,6,"Cassedy, Brandon",1000183671,Right,GEO_PAT,"Blazier, Ian",813662,Left,SLU_BILL,Undefined,6,Top,1,2,2,Fastball,Four-Seam,InPlay,Undefined,LineDrive,Out,1,0,,88.37445,-1.608213,0.213596,2286.790032,178.778977,12:00,5.56635,0.83357,6.56993,-15.27528,19.41076,-0.3913,2.81875,0.99677,81.14301,-4.556938,0.142463,0.423886,94.74076,17.819,-5.830544,1704.092242,108.87953,31.99164,-15.65788,322.99039,313.31047,-12.108415,3.616784,0.26406,10.98162,-0.8481,50,5.44896,-0.46471,-128.55259,-3.97791,0.44343,25.78746,-13.73386,GEO_PAT,SLU_BILL,SpuhlerFieldMain,D1,A10,20250405-SpuhlerFieldMain-2,fb0f95d0-1258-11f0-a721-ed23b36d4136,88.92117,39.80998,,7.23143,,,,2.01918,2.88878,-0.98811,7d675549-dbed-425c-a347-a0febeddec93,2025-04-05,20:03:01.26,2025-04-05T16:03:01.2605440-04:00,2025-04-05T20:03:01.2605440Z,LineDrive,v3,471300,471427,05 April 2025 14:00-stlouis@georgemas,"Raymond, Andrew",10148052,Right,GEO_PAT,cfd070bd-c748-49b0-b213-79c5ef382f00,53.93298,-129.33913,12.89373,5.5639,-3.55902,-6.86693,-0.83372,-0.47824,0.22171,154.827027,2.01938,131.59669,-22.90057,5.08409,-0.97455,0.14153,-0.01006,-0.0007,0.00014,2.88856,42.52701,-12.16351,-0.20327,0.09561,0.01301,-0.01509,0.00386,-0.00033,-0.9881,-13.4387,-2.99582,0.86751,-0.21526,0.04524,-0.00725,0.00076,-4E-05,,,,,,,,,,,,,,,,,,,,,,,High,High,High,High,High,,,
164,2025-04-05,16:03:38.04,3,1,"Cassedy, Brandon",1000183671,Right,GEO_PAT,"Iffrig, Riley",1000094154,Left,SLU_BILL,Undefined,6,Top,2,0,0,Fastball,Four-Seam,FoulBallNotFieldable,Undefined,Undefined,Undefined,0,0,,89.27405,-1.421236,-0.216242,2365.373161,185.42215,12:15,5.6055,0.61947,6.54529,-15.19942,18.81481,1.68819,3.03514,0.56183,81.9572,-4.352676,0.090527,0.41976,78.13787,14.693589,-160.099211,1182.036161,-105.9458,13.96997,-29.58724,172.67464,50.87892,-166.876007,1.863786,-0.94425,10.5778,-0.60517,50,5.50023,0.42543,-129.85505,-3.59291,-1.61868,26.18451,-14.04111,GEO_PAT,SLU_BILL,SpuhlerFieldMain,D1,A10,20250405-SpuhlerFieldMain-2,1101df10-1259-11f0-a721-ed23b36d4136,89.79512,14.91303,,7.31685,,,,-0.18432,2.74188,-0.38716,7d675549-dbed-425c-a347-a0febeddec93,2025-04-05,20:03:38.04,2025-04-05T16:03:38.0433920-04:00,2025-04-05T20:03:38.0433920Z,LineDrive,v3,471300,471427,05 April 2025 14:00-stlouis@georgemas,"Raymond, Andrew",10148052,Right,GEO_PAT,276b26d7-e3a3-49e8-b015-51d7896966a0,53.9568,-130.65048,13.09226,5.6029,-3.16637,-7.02056,-0.61884,0.4746,-0.80934,90.987288,-0.35747,-102.95792,6.97507,,,,,,,3.0045,27.15586,-15.50306,,,,,,,-0.83816,-34.34372,7.48751,,,,,,,,,,,,,,,,,,,,,,,,,,,,,High,High,High,High,Low,,,
165,2025-04-05,16:04:00.87,3,2,"Cassedy, Brandon",1000183671,Right,GEO_PAT,"Iffrig, Riley",1000094154,Left,SLU_BILL,Undefined,6,Top,2,0,1,Fastball,Four-Seam,InPlay,Undefined,FlyBall,Out,1,0,,89.24715,-1.07726,-1.121501,2378.245183,179.011845,12:00,5.57197,0.71799,6.58998,-15.50198,18.51375,-0.3015,3.29267,-0.33496,81.83253,-4.069464,-1.176308,0.41977,93.55775,50.345667,15.54782,4726.654428,107.42279,131.27759,23.67071,238.12921,238.12921,10.303046,6.154777,-0.14461,10.36552,-0.64113,50,5.49143,2.55265,-129.81648,-2.82168,-0.24736,26.55535,-14.44246,GEO_PAT,SLU_BILL,SpuhlerFieldMain,D1,A10,20250405-SpuhlerFieldMain-2,1e92eca0-1259-11f0-a721-ed23b36d4136,89.79312,146.11352,,7.41462,,,,1.50619,3.17247,0.01393,7d675549-dbed-425c-a347-a0febeddec93,2025-04-05,20:04:00.87,2025-04-05T16:04:00.8726528-04:00,2025-04-05T20:04:00.8726528Z,FlyBall,v3,471300,471427,05 April 2025 14:00-stlouis@georgemas,"Raymond, Andrew",10148052,Right,GEO_PAT,61c855f3-4712-47d1-8f9e-bf6db83870ff,53.91269,-130.61441,13.27767,5.5697,-2.38772,-7.22123,-0.71794,2.56009,-0.12368,173.098308,1.52114,84.10622,-24.34521,6.3389,-0.94198,0.02802,0.01514,-0.0023,0.0001,3.16715,105.71206,-22.99529,1.27083,0.21176,-0.16601,0.04376,-0.00553,0.00027,0.01844,23.39027,-9.73468,2.89676,-0.53869,0.05079,0.00075,-0.00058,3E-05,,,,,,,,,,,,,,,,,,,,,,,High,High,High,High,Low,,,
166,2025-04-05,16:06:01.49,1,1,"Weber, Charlie",1000161356,Right,SLU_BILL,"Blanchard, Evan",10073877,Right,GEO_PAT,Undefined,6,Bottom,0,0,0,Slider,Slider,StrikeCalled,Undefined,Undefined,Undefined,0,0,,80.18645,0.952269,-2.241422,2719.982118,114.813448,9:45,4.61235,3.39616,5.91116,-35.65896,8.15556,-14.50745,2.52543,0.10566,72.98531,-5.677835,-4.840056,0.476409,,,,,,,,,,,,6.72185,4.33335,-3.20804,50,4.66872,5.10967,-116.31726,0.83954,9.12374,23.70598,-26.2923,GEO_PAT,SLU_BILL,SpuhlerFieldMain,D1,A10,20250405-SpuhlerFieldMain-2,666c5390-1259-11f0-a721-ed23b36d4136,79.11774,,,7.20114,,,,,,,7d675549-dbed-425c-a347-a0febeddec93,2025-04-05,20:06:01.49,2025-04-05T16:06:01.4939136-04:00,2025-04-05T20:06:01.4939136Z,,v3,471300,471427,05 April 2025 14:00-stlouis@georgemas,"Mendiola, Patrick",1000090289,Right,SLU_BILL,d151c41c-20b5-413f-a7ca-8c86ce04960b,54.58946,-117.24888,11.85299,4.61542,1.8728,-13.14615,-3.4018,4.75112,4.56187,,,,,,,,,,,,,,,,,,,,,,,,,,,,,,,,,,,,,,,,,,,,,,,,,,,High,High,High,,,,,
167,2025-04-05,16:06:15.33,1,2,"Weber, Charlie",1000161356,Right,SLU_BILL,"Blanchard, Evan",10073877,Right,GEO_PAT,Undefined,6,Bottom,0,0,1,Slider,Slider,BallCalled,Undefined,Undefined,Undefined,0,0,,79.9175,0.039756,-5.294244,2719.915771,99.291288,9:15,4.71923,3.06608,6.14292,-39.52892,4.31355,-18.17221,1.46205,-3.35496,73.52933,-7.234654,-8.537834,0.476561,,,,,,,,,,,,7.68331,2.7437,-2.65357,50,4.70283,11.40964,-115.62378,-1.1271,10.34904,22.56788,-28.47843,GEO_PAT,SLU_BILL,SpuhlerFieldMain,D1,A10,20250405-SpuhlerFieldMain-2,6ec94980-1259-11f0-a721-ed23b36d4136,79.09251,,,6.38817,,,,,,,7d675549-dbed-425c-a347-a0febeddec93,2025-04-05,20:06:15.33,2025-04-05T16:06:15.3312256-04:00,2025-04-05T20:06:15.3312256Z,,v3,471300,471427,05 April 2025 14:00-stlouis@georgemas,"Mendiola, Patrick",1000090289,Right,SLU_BILL,c76f6918-d396-41d5-9bde-2277b4b9cf47,54.35699,-116.47109,11.28394,4.72508,-0.05788,-14.23922,-3.07465,11.02109,5.17452,,,,,,,,,,,,,,,,,,,,,,,,,,,,,,,,,,,,,,,,,,,,,,,,,,,High,High,High,,,,,
168,2025-04-05,16:06:39.57,1,3,"Weber, Charlie",1000161356,Right,SLU_BILL,"Blanchard, Evan",10073877,Right,GEO_PAT,Undefined,6,Bottom,0,1,1,Fastball,Changeup,BallCalled,Undefined,Undefined,Undefined,0,0,,84.12311,2.510642,-7.006048,1916.952983,283.788743,3:30,3.23116,3.094,5.92733,-42.71711,-2.7565,16.44532,2.02011,-2.06921,76.62612,-5.326903,-4.088521,0.454975,,,,,,,,,,,,-10.27642,-1.65843,-2.53988,50,3.40965,14.23669,-121.28814,3.89685,-15.32752,23.43825,-34.64763,GEO_PAT,SLU_BILL,SpuhlerFieldMain,D1,A10,20250405-SpuhlerFieldMain-2,7d1da710-1259-11f0-a721-ed23b36d4136,82.8451,,,7.49699,,,,,,,7d675549-dbed-425c-a347-a0febeddec93,2025-04-05,20:06:39.57,2025-04-05T16:06:39.5735552-04:00,2025-04-05T20:06:39.5735552Z,,v3,471300,471427,05 April 2025 14:00-stlouis@georgemas,"Mendiola, Patrick",1000090289,Right,SLU_BILL,ffaab5e5-e372-4e65-ad93-270a4bc318e7,54.57635,-122.1693,11.71912,3.23866,5.19942,-17.32382,-3.08593,14.81292,-7.66376,,,,,,,,,,,,,,,,,,,,,,,,,,,,,,,,,,,,,,,,,,,,,,,,,,,High,High,High,,,,,
169,2025-04-05,16:06:54.87,1,4,"Weber, Charlie",1000161356,Right,SLU_BILL,"Blanchard, Evan",10073877,Right,GEO_PAT,Undefined,6,Bottom,0,2,1,Fastball,Sinker,StrikeCalled,Undefined,Undefined,Undefined,0,0,,89.97771,0.025991,-5.904695,2153.902858,245.123749,2:15,4.61144,3.09213,6.27137,-25.48399,8.87355,16.70639,2.51186,-0.97866,81.86668,-4.755866,-2.908262,0.421874,,,,,,,,,,,,-10.28127,4.94185,-2.66129,50,4.601,12.76644,-130.12779,-0.74724,-17.60166,27.70097,-23.71358,GEO_PAT,SLU_BILL,SpuhlerFieldMain,D1,A10,20250405-SpuhlerFieldMain-2,8650ffd0-1259-11f0-a721-ed23b36d4136,89.34534,,,8.11104,,,,,,,7d675549-dbed-425c-a347-a0febeddec93,2025-04-05,20:06:54.87,2025-04-05T16:06:54.8734976-04:00,2025-04-05T20:06:54.8734976Z,,v3,471300,471427,05 April 2025 14:00-stlouis@georgemas,"Mendiola, Patrick",1000090289,Right,SLU_BILL,a0489795-72a7-476d-83d5-8feef9f91e10,54.23049,-131.02526,13.85049,4.61276,0.02104,-11.85679,-3.08414,13.33671,-8.80083,,,,,,,,,,,,,,,,,,,,,,,,,,,,,,,,,,,,,,,,,,,,,,,,,,,High,High,High,,,,,
170,2025-04-05,16:07:12.34,1,5,"Weber, Charlie",1000161356,Right,SLU_BILL,"Blanchard, Evan",10073877,Right,GEO_PAT,Undefined,6,Bottom,0,2,2,Slider,Slider,InPlay,Undefined,LineDrive,Out,1,0,,80.30602,1.259949,-2.245847,2687.843059,104.93567,9:30,4.59983,3.32499,5.74396,-38.13191,5.86922,-16.5458,2.59643,-0.14605,73.07133,-5.792887,-5.199589,0.477423,87.46542,24.821323,-16.849256,2045.883769,104.89767,45.01575,-33.11141,307.9227,300.97088,-18.617015,4.243783,7.77855,3.00532,-3.1276,50,4.68143,5.20207,-116.47158,1.35041,10.57161,24.04473,-28.08962,GEO_PAT,SLU_BILL,SpuhlerFieldMain,D1,A10,20250405-SpuhlerFieldMain-2,90bed460-1259-11f0-a721-ed23b36d4136,78.94979,55.49879,,7.23469,,,,1.76837,2.63907,0.10292,7d675549-dbed-425c-a347-a0febeddec93,2025-04-05,20:07:12.34,2025-04-05T16:07:12.3442688-04:00,2025-04-05T20:07:12.3442688Z,LineDrive,v3,471300,471427,05 April 2025 14:00-stlouis@georgemas,"Mendiola, Patrick",1000090289,Right,SLU_BILL,75941886-b0e4-4d6a-a6a7-e07669721f78,54.75853,-117.44984,12.02237,4.60324,2.49323,-14.04481,-3.3305,4.77197,5.2858,167.540756,1.7678,111.44923,-20.64756,4.82622,-1.1056,0.26604,-0.05911,0.00868,-0.00055,2.6408,53.80523,-14.15759,-0.15057,0.4936,-0.27246,0.08356,-0.01286,0.00077,0.1027,-33.74414,3.64937,-0.28251,-0.00297,-0.00761,0.00618,-0.00145,0.00011,,,,,,,,,,,,,,,,,,,,,,,High,High,High,High,High,,,
171,2025-04-05,16:07:47.04,2,1,"Weber, Charlie",1000161356,Right,SLU_BILL,"Wall, Jonny",1000119703,Right,GEO_PAT,Undefined,6,Bottom,1,0,0,Fastball,Sinker,BallCalled,Undefined,Undefined,Undefined,0,0,,87.05633,3.187445,-6.492615,1973.60579,290.540865,3:45,3.39212,3.28698,6.14907,-41.98431,-4.95725,16.44182,2.86087,-1.36819,79.05775,-4.545563,-3.559091,0.437957,,,,,,,,,,,,-10.28103,-3.07016,-2.79886,50,3.61517,13.62912,-125.61303,5.59796,-16.40737,25.72106,-37.0737,GEO_PAT,SLU_BILL,SpuhlerFieldMain,D1,A10,20250405-SpuhlerFieldMain-2,a56d2bf0-1259-11f0-a721-ed23b36d4136,86.06432,,,7.99858,,,,,,,7d675549-dbed-425c-a347-a0febeddec93,2025-04-05,20:07:47.04,2025-04-05T16:07:47.0484992-04:00,2025-04-05T20:07:47.0484992Z,,v3,471300,471427,05 April 2025 14:00-stlouis@georgemas,"Mendiola, Patrick",1000090289,Right,SLU_BILL,1084034a-6b1f-4bb7-8a78-81b8dc76a854,54.35525,-126.50168,12.86053,3.39963,6.87885,-18.53685,-3.27954,14.19599,-8.20368,,,,,,,,,,,,,,,,,,,,,,,,,,,,,,,,,,,,,,,,,,,,,,,,,,,High,High,High,,,,,
172,2025-04-05,16:08:03.49,2,2,"Weber, Charlie",1000161356,Right,SLU_BILL,"Wall, Jonny",1000119703,Right,GEO_PAT,Undefined,6,Bottom,1,1,0,Slider,Slider,StrikeCalled,Undefined,Undefined,Undefined,0,0,,80.55881,1.427585,-1.243469,2801.710503,93.528851,9:00,4.50924,3.27973,5.45426,-41.18502,2.66614,-21.27639,2.41422,0.34241,73.83246,-6.113593,-5.026655,0.476609,,,,,,,,,,,,10.3817,1.33457,-3.15487,50,4.60696,3.39053,-116.94831,1.51136,14.33528,22.66562,-30.33126,GEO_PAT,SLU_BILL,SpuhlerFieldMain,D1,A10,20250405-SpuhlerFieldMain-2,af20b130-1259-11f0-a721-ed23b36d4136,79.08468,,,6.72635,,,,,,,7d675549-dbed-425c-a347-a0febeddec93,2025-04-05,20:08:03.49,2025-04-05T16:08:03.4946560-04:00,2025-04-05T20:08:03.4946560Z,,v3,471300,471427,05 April 2025 14:00-stlouis@georgemas,"Mendiola, Patrick",1000090289,Right,SLU_BILL,727c3c89-4c58-43f9-ba63-bd51bcd97022,55.04967,-117.92292,11.33281,4.51393,2.81559,-15.16563,-3.2874,2.77412,7.16764,,,,,,,,,,,,,,,,,,,,,,,,,,,,,,,,,,,,,,,,,,,,,,,,,,,High,High,High,,,,,
173,2025-04-05,16:08:17.23,2,3,"Weber, Charlie",1000161356,Right,SLU_BILL,"Wall, Jonny",1000119703,Right,GEO_PAT,Undefined,6,Bottom,1,1,1,Slider,Slider,InPlay,Undefined,Popup,Out,1,0,,79.86837,1.437545,-2.18801,2785.302066,95.114998,9:15,4.48267,3.17449,5.50359,-41.36703,3.38087,-21.93218,2.38124,-0.70067,73.0186,-6.147443,-6.084819,0.481457,,,,,,,,,,,,10.54276,1.63295,-2.96753,50,4.58035,5.27276,-115.86458,1.54075,14.22177,23.19759,-29.97124,GEO_PAT,SLU_BILL,SpuhlerFieldMain,D1,A10,20250405-SpuhlerFieldMain-2,b76eb300-1259-11f0-a721-ed23b36d4136,78.28823,,,6.84978,,,,,,,7d675549-dbed-425c-a347-a0febeddec93,2025-04-05,20:08:17.23,2025-04-05T16:08:17.2322816-04:00,2025-04-05T20:08:17.2322816Z,,v3,471300,471427,05 April 2025 14:00-stlouis@georgemas,"Mendiola, Patrick",1000090289,Right,SLU_BILL,2c2344a9-909a-4942-8939-a8de2b8129d9,55.00102,-116.86156,11.59879,4.48645,2.82885,-14.98562,-3.18101,4.66154,7.11088,,,,,,,,,,,,,,,,,,,,,,,,,,,,,,,,,,,,,,,,,,,,,,,,,,,High,High,High,,,,,
174,2025-04-05,16:09:01.44,3,1,"Weber, Charlie",1000161356,Right,SLU_BILL,"Lavin, Sam",1000364332,Left,GEO_PAT,Undefined,6,Bottom,2,0,0,Fastball,Sinker,StrikeCalled,Undefined,Undefined,Undefined,0,0,,91.28642,-0.859316,-4.908903,2208.406221,243.336788,2:00,4.64037,3.24243,6.24504,-24.73738,8.81382,15.22761,1.78334,-0.02757,82.65019,-5.512519,-2.17093,0.416894,,,,,,,,,,,,-9.39375,5.17441,-2.88338,50,4.56403,10.71527,-132.1352,-2.78188,-16.45035,30.65192,-23.11259,GEO_PAT,SLU_BILL,SpuhlerFieldMain,D1,A10,20250405-SpuhlerFieldMain-2,d1c085d0-1259-11f0-a721-ed23b36d4136,90.4126,,,8.63622,,,,,,,7d675549-dbed-425c-a347-a0febeddec93,2025-04-05,20:09:01.44,2025-04-05T16:09:01.4491648-04:00,2025-04-05T20:09:01.4491648Z,,v3,471300,471427,05 April 2025 14:00-stlouis@georgemas,"Mendiola, Patrick",1000090289,Right,SLU_BILL,bb7264d7-f9b1-4de0-b8ae-bd60258f2985,54.25669,-133.11898,15.32596,4.6414,-2.04007,-11.5563,-3.23576,11.24325,-8.22518,,,,,,,,,,,,,,,,,,,,,,,,,,,,,,,,,,,,,,,,,,,,,,,,,,,High,High,High,,,,,
175,2025-04-05,16:09:16.69,3,2,"Weber, Charlie",1000161356,Right,SLU_BILL,"Lavin, Sam",1000364332,Left,GEO_PAT,Undefined,6,Bottom,2,0,1,Fastball,Sinker,FoulBallNotFieldable,Undefined,Undefined,Undefined,0,0,,89.36128,-1.223946,-5.857191,2147.766481,243.810065,2:15,4.6119,3.19324,6.53375,-26.33092,8.3028,14.48524,1.28882,-0.99147,81.2034,-6.181368,-3.244936,0.423566,,,,,,,,,,,,-9.42878,5.04925,-2.79151,50,4.5151,12.71405,-129.25691,-3.56027,-15.83594,28.76576,-23.6937,GEO_PAT,SLU_BILL,SpuhlerFieldMain,D1,A10,20250405-SpuhlerFieldMain-2,dad1feb0-1259-11f0-a721-ed23b36d4136,88.98834,,,8.15788,,,,,,,7d675549-dbed-425c-a347-a0febeddec93,2025-04-05,20:09:16.69,2025-04-05T16:09:16.6992384-04:00,2025-04-05T20:09:16.6992384Z,,v3,471300,471427,05 April 2025 14:00-stlouis@georgemas,"Mendiola, Patrick",1000090289,Right,SLU_BILL,6da2d5a6-eeb1-4a3d-9fba-09d90ba71b65,53.9699,-130.1374,14.38288,4.61297,-2.83503,-11.84685,-3.18809,13.19877,-7.91797,,,,,,,,,,,,,,,,,,,,,,,,,,,,,,,,,,,,,,,,,,,,,,,,,,,High,High,High,,,,,
176,2025-04-05,16:09:36.40,3,3,"Weber, Charlie",1000161356,Right,SLU_BILL,"Lavin, Sam",1000364332,Left,GEO_PAT,Undefined,6,Bottom,2,0,2,Fastball,Four-Seam,InPlay,Undefined,GroundBall,Out,1,0,,89.7853,-1.210982,-3.685266,2091.984596,203.447511,12:45,5.36449,2.7149,6.43563,-20.56103,13.35115,5.34307,2.53565,-0.23146,82.41458,-5.100498,-2.719519,0.41913,84.72189,-8.545477,-17.315129,,,,,16.59947,15.77134,-15.109015,0.122644,-3.79835,7.62902,-2.45483,50,5.26874,8.18892,-130.33506,-3.35459,-6.55572,26.5282,-19.00687,GEO_PAT,SLU_BILL,SpuhlerFieldMain,D1,A10,20250405-SpuhlerFieldMain-2,e69243e0-1259-11f0-a721-ed23b36d4136,89.93011,2.58602,,7.37073,,,,1.91563,2.58602,0.1862,7d675549-dbed-425c-a347-a0febeddec93,2025-04-05,20:09:36.40,2025-04-05T16:09:36.4076544-04:00,2025-04-05T20:09:36.4076544Z,GroundBall,v3,471300,471427,05 April 2025 14:00-stlouis@georgemas,"Mendiola, Patrick",1000090289,Right,SLU_BILL,5d02726c-2ff6-4a18-8984-ee430e4c0553,54.0674,-131.16032,13.2641,5.3639,-2.76331,-9.50344,-2.71275,8.39286,-3.27786,42.183565,1.91579,117.29353,-18.325,,,,,,,2.58626,-18.49067,-21.19069,,,,,,,0.1863,-36.5824,-1.76451,,,,,,,,,,,,,,,,,,,,,,,,,,,,,High,High,High,High,High,,,
177,2025-04-05,16:12:00.91,1,1,"Cassedy, Brandon",1000183671,Right,GEO_PAT,"Stressler, Brenden",10083882,Left,SLU_BILL,Undefined,7,Top,0,0,0,Curveball,Curveball,StrikeCalled,Undefined,Undefined,Undefined,0,0,,75.04806,1.007775,1.553899,2563.361054,62.597954,8:00,5.62238,0.94285,5.50919,-58.43212,-8.32949,-18.91954,1.69597,0.81982,69.4988,-9.594867,-1.825804,0.50945,,,,,,,,,,,,10.00938,-4.06827,-1.06528,50,5.67056,-2.26427,-109.08944,0.01705,12.09206,18.73961,-37.08879,GEO_PAT,SLU_BILL,SpuhlerFieldMain,D1,A10,20250405-SpuhlerFieldMain-2,3cc845c0-125a-11f0-a721-ed23b36d4136,73.98652,,,5.54926,,,,,,,7d675549-dbed-425c-a347-a0febeddec93,2025-04-05,20:12:00.91,2025-04-05T16:12:00.9132544-04:00,2025-04-05T20:12:00.9132544Z,,v3,471300,471427,05 April 2025 14:00-stlouis@georgemas,"Raymond, Andrew",10148052,Right,GEO_PAT,6342576f-d6e7-4b85-8458-2de991d8c4e4,54.99815,-109.94468,9.36981,5.63116,1.70971,-18.5444,-0.94935,-2.81613,6.04603,,,,,,,,,,,,,,,,,,,,,,,,,,,,,,,,,,,,,,,,,,,,,,,,,,,High,High,High,,,,,
178,2025-04-05,16:12:15.83,1,2,"Cassedy, Brandon",1000183671,Right,GEO_PAT,"Stressler, Brenden",10083882,Left,SLU_BILL,Undefined,7,Top,0,0,1,Cutter,Slider,FoulBallNotFieldable,Undefined,Undefined,Undefined,0,0,,82.97809,-0.911702,0.266014,2576.640924,110.046059,9:45,5.51172,0.86419,5.63224,-34.98911,5.23292,-11.51158,1.7452,0.1531,77.55782,-7.298481,-1.792917,0.456461,88.77529,12.575631,41.848749,3187.150619,76.51378,13.09102,79.02934,189.74804,189.74804,50.177769,1.796145,5.98114,3.14851,-0.87901,50,5.41118,-0.11756,-120.7748,-3.10458,8.99339,19.55354,-27.4399,GEO_PAT,SLU_BILL,SpuhlerFieldMain,D1,A10,20250405-SpuhlerFieldMain-2,45a31e40-125a-11f0-a721-ed23b36d4136,82.57543,13.30385,,5.42027,,,,3.22223,2.04016,0.08927,7d675549-dbed-425c-a347-a0febeddec93,2025-04-05,20:12:15.83,2025-04-05T16:12:15.8364160-04:00,2025-04-05T20:12:15.8364160Z,LineDrive,v3,471300,471427,05 April 2025 14:00-stlouis@georgemas,"Raymond, Andrew",10148052,Right,GEO_PAT,460c90aa-69ec-44c4-9bfd-474170a148af,54.87368,-121.56129,9.77677,5.51386,-2.00088,-13.71995,-0.86701,-0.4793,4.49669,,3.22223,94.66294,-21.66863,4.48032,-0.98909,0.17841,-0.03341,0.00582,-0.00056,2.04016,28.34896,-19.36754,2.17316,-0.40943,0.08173,-0.01201,0.00129,-9E-05,0.08927,84.78349,-0.12801,-1.94789,0.77291,-0.22811,0.05076,-0.00816,0.00063,,,,,,,,,,,,,,,,,,,,,,,High,High,High,High,High,,,
179,2025-04-05,16:12:39.17,1,3,"Cassedy, Brandon",1000183671,Right,GEO_PAT,"Stressler, Brenden",10083882,Left,SLU_BILL,Undefined,7,Top,0,0,2,Fastball,Four-Seam,StrikeSwinging,Strikeout,Undefined,Undefined,0,0,,89.58226,-0.830916,-0.253566,2399.641969,192.264481,12:30,5.60682,0.77631,6.34088,-17.21044,16.8667,3.44095,3.40753,0.82959,82.12056,-4.119764,0.36929,0.420149,,,,,,,,,,,,-1.85606,9.32288,-0.75938,50,5.53796,0.43874,-130.26637,-2.35708,-3.19894,26.5893,-16.1059,GEO_PAT,SLU_BILL,SpuhlerFieldMain,D1,A10,20250405-SpuhlerFieldMain-2,536b4160-125a-11f0-a721-ed23b36d4136,89.71215,,,7.46169,,,,,,,7d675549-dbed-425c-a347-a0febeddec93,2025-04-05,20:12:39.17,2025-04-05T16:12:39.1760000-04:00,2025-04-05T20:12:39.1760000Z,,v3,471300,471427,05 April 2025 14:00-stlouis@georgemas,"Raymond, Andrew",10148052,Right,GEO_PAT,c7df970a-5866-46d2-bb65-191214ebe1e6,54.16052,-131.11284,13.29465,5.60483,-1.84434,-8.05295,-0.77496,0.54058,-1.59947,,,,,,,,,,,,,,,,,,,,,,,,,,,,,66.01923,2.658594,1.6,1.058594,-0.60331,3.25942,-0.84303,-2.98993,4.47308,-2.99543,71.19884,7.98218,-53.5838,-3.01048,73.53904,-3.25235,4.57325,20.6963,-16.48014,-3.1432,-57.77029,9.52229,High,High,High,,,High,High,High
180,2025-04-05,16:13:10.58,2,1,"Cassedy, Brandon",1000183671,Right,GEO_PAT,"McGwire, Max",695679,Right,SLU_BILL,Undefined,7,Top,1,0,0,Cutter,Slider,StrikeCalled,Undefined,Undefined,Undefined,0,0,,82.18497,-0.152496,0.803639,2540.410319,98.343799,9:15,5.61188,0.75152,5.49999,-38.9723,2.54815,-9.42957,2.22153,0.71748,76.19716,-7.262575,-0.878635,0.46377,,,,,,,,,,,,4.98433,1.66559,-0.81516,50,5.57194,-1.29955,-119.49779,-1.66944,7.28102,20.8185,-29.74097,GEO_PAT,SLU_BILL,SpuhlerFieldMain,D1,A10,20250405-SpuhlerFieldMain-2,6630b4b0-125a-11f0-a721-ed23b36d4136,81.27403,,,5.98782,,,,,,,7d675549-dbed-425c-a347-a0febeddec93,2025-04-05,20:13:10.58,2025-04-05T16:13:10.5811968-04:00,2025-04-05T20:13:10.5811968Z,,v3,471300,471427,05 April 2025 14:00-stlouis@georgemas,"Raymond, Andrew",10148052,Right,GEO_PAT,fbd9ebb4-3e64-4f8e-b513-5809ab1193e4,55.00436,-120.36647,10.40925,5.61571,-0.42845,-14.87049,-0.7546,-1.60336,3.64051,,,,,,,,,,,,,,,,,,,,,,,,,,,,,,,,,,,,,,,,,,,,,,,,,,,High,High,High,,,,,
181,2025-04-05,16:13:27.92,2,2,"Cassedy, Brandon",1000183671,Right,GEO_PAT,"McGwire, Max",695679,Right,SLU_BILL,Undefined,7,Top,1,0,1,Curveball,Curveball,StrikeCalled,Undefined,Undefined,Undefined,0,0,,74.35011,1.25661,1.364486,2595.732345,51.464358,7:45,5.51646,0.79288,5.62889,-63.00051,-11.62213,-16.70702,1.43952,0.67411,68.21209,-10.214568,-1.628437,0.515895,,,,,,,,,,,,8.92788,-5.84496,-0.89801,50,5.58273,-1.96935,-107.98279,0.36288,10.44066,20.47997,-39.00943,GEO_PAT,SLU_BILL,SpuhlerFieldMain,D1,A10,20250405-SpuhlerFieldMain-2,70a280e0-125a-11f0-a721-ed23b36d4136,73.06217,,,6.13802,,,,,,,7d675549-dbed-425c-a347-a0febeddec93,2025-04-05,20:13:27.92,2025-04-05T16:13:27.9231488-04:00,2025-04-05T20:13:27.9231488Z,,v3,471300,471427,05 April 2025 14:00-stlouis@georgemas,"Raymond, Andrew",10148052,Right,GEO_PAT,5bb3c4a5-f1a1-4076-b659-e96528585777,54.87783,-108.90399,10.23998,5.52695,2.11754,-19.50472,-0.79886,-2.43898,5.22033,,,,,,,,,,,,,,,,,,,,,,,,,,,,,,,,,,,,,,,,,,,,,,,,,,,High,High,High,,,,,
182,2025-04-05,16:13:46.34,2,3,"Cassedy, Brandon",1000183671,Right,GEO_PAT,"McGwire, Max",695679,Right,SLU_BILL,Undefined,7,Top,1,0,2,Fastball,Four-Seam,StrikeSwinging,Strikeout,Undefined,Undefined,0,0,,90.24447,-1.397134,-0.573367,2386.459064,186.004032,12:15,5.64235,0.71467,6.29284,-12.46812,21.35966,2.13162,3.31551,0.3639,82.2639,-3.835947,-0.187953,0.418609,,,,,,,,,,,,-1.26366,11.79638,-0.6734,50,5.53303,1.22407,-131.11447,-3.47384,-2.1951,28.2644,-11.68233,GEO_PAT,SLU_BILL,SpuhlerFieldMain,D1,A10,20250405-SpuhlerFieldMain-2,7b7531c0-125a-11f0-a721-ed23b36d4136,90.04221,,,7.98057,,,,,,,7d675549-dbed-425c-a347-a0febeddec93,2025-04-05,20:13:46.34,2025-04-05T16:13:46.3430000-04:00,2025-04-05T20:13:46.3430000Z,,v3,471300,471427,05 April 2025 14:00-stlouis@georgemas,"Raymond, Andrew",10148052,Right,GEO_PAT,e6de80ca-c53b-4c51-b337-cbc7cd7a0ee6,54.20729,-132.01832,14.1322,5.63815,-3.10025,-5.84116,-0.71367,1.29427,-1.09755,,,,,,,,,,,,,,,,,,,,,,,,,,,,,64.01651,2.80117,1.730662,1.070508,-1.59579,3.10894,-0.35459,-2.05055,5.14214,-2.61881,64.59173,8.80311,-60.19313,-2.0376,65.48133,-3.02289,5.21827,19.15841,-14.74297,-2.76638,-62.55079,8.27539,High,High,High,,,High,High,High
183,2025-04-05,16:14:19.54,3,1,"Cassedy, Brandon",1000183671,Right,GEO_PAT,"Sitzman, Ethan ",,Right,SLU_BILL,Undefined,7,Top,2,0,0,Fastball,Four-Seam,FoulBallNotFieldable,Undefined,Undefined,Undefined,0,0,,89.2114,-2.52813,-0.947529,2423.571736,178.465733,12:00,5.59173,0.57392,6.62801,-12.50103,21.62745,-0.55024,2.23317,-0.33966,81.63666,-4.976474,-1.047634,0.420465,83.24392,59.285757,40.29708,4928.74935,62.40844,128.26211,90.58246,199.61078,181.53598,60.457395,5.624721,0.02689,12.45863,-0.5095,50,5.41482,2.16481,-129.65216,-5.9894,0.04576,27.22105,-10.97713,GEO_PAT,SLU_BILL,SpuhlerFieldMain,D1,A10,20250405-SpuhlerFieldMain-2,8f59f7c0-125a-11f0-a721-ed23b36d4136,89.64465,128.32769,,7.57474,,,,1.98844,1.96161,0.16323,7d675549-dbed-425c-a347-a0febeddec93,2025-04-05,20:14:19.54,2025-04-05T16:14:19.5483136-04:00,2025-04-05T20:14:19.5483136Z,Popup,v3,471300,471427,05 April 2025 14:00-stlouis@georgemas,"Raymond, Andrew",10148052,Right,GEO_PAT,18f61a64-07bf-4696-8ba0-60ad2bc2b934,53.8747,-130.46313,13.61052,5.58839,-5.66237,-5.48857,-0.57397,2.16344,0.02288,204.520152,1.99256,47.39864,-17.27868,3.80105,0.46913,-0.62228,0.18245,-0.02355,0.00115,1.93825,105.35978,-28.34886,4.73806,-1.59313,0.41688,-0.06228,0.0043,-9E-05,0.15637,40.46657,-2.63334,0.63877,-0.53116,0.26133,-0.06505,0.00797,-0.00038,,,,,,,,,,,,,,,,,,,,,,,High,High,High,High,Low,,,
184,2025-04-05,16:15:01.87,3,2,"Cassedy, Brandon",1000183671,Right,GEO_PAT,"Sitzman, Ethan ",,Right,SLU_BILL,Undefined,7,Top,2,0,1,Fastball,Four-Seam,InPlay,Undefined,LineDrive,Single,0,0,,89.05697,-1.986532,-0.184078,2288.262798,176.616777,12:00,5.61785,0.63794,6.32569,-16.17182,18.45233,-1.0261,2.43992,0.3829,81.50222,-5.087403,-0.369782,0.423507,86.10763,15.347551,-12.722246,1617.822515,107.87825,23.38729,-21.50055,259.91086,259.91086,-9.337716,2.82294,0.48646,10.51875,-0.62401,50,5.46491,0.45569,-129.42784,-4.91698,0.82483,27.12224,-14.33916,GEO_PAT,SLU_BILL,SpuhlerFieldMain,D1,A10,20250405-SpuhlerFieldMain-2,a8904870-125a-11f0-a721-ed23b36d4136,89.00065,24.82872,,7.55474,,,,1.85033,2.46599,-0.36504,7d675549-dbed-425c-a347-a0febeddec93,2025-04-05,20:15:01.87,2025-04-05T16:15:01.8789376-04:00,2025-04-05T20:15:01.8789376Z,LineDrive,v3,471300,471427,05 April 2025 14:00-stlouis@georgemas,"Raymond, Andrew",10148052,Right,GEO_PAT,5b7ede9d-0276-42fb-bc04-a3c6c533e5e8,54.17691,-130.30019,13.56112,5.61564,-4.45578,-7.16958,-0.63824,0.42916,0.41242,204.057971,1.85032,118.79811,-16.05652,3.25026,-0.60485,0.09827,-0.01317,0.00125,-6E-05,2.46608,33.42061,-12.71082,0.15844,-0.02033,0.03724,-0.01697,0.00385,-0.00034,-0.36499,-26.82306,7.14856,-1.64471,0.32027,-0.04202,0.00087,0.00075,-0.0001,,,,,,,,,,,,,,,,,,,,,,,High,High,High,High,High,,,
185,2025-04-05,16:15:39.07,4,1,"Cassedy, Brandon",1000183671,Right,GEO_PAT,"Gomric, Hank",10135210,Left,SLU_BILL,Undefined,7,Top,2,0,0,Curveball,Curveball,BallCalled,Undefined,Undefined,Undefined,0,0,,74.77007,1.366568,2.014707,2622.282964,46.389987,7:30,5.57971,0.88454,5.58198,-61.75869,-11.30694,-13.45894,1.7105,1.64537,69.12767,-9.848634,-0.392163,0.511222,,,,,,,,,,,,7.36508,-5.6276,-1.0489,50,5.65673,-3.3272,-108.63863,0.58735,8.80953,18.88129,-38.90535,GEO_PAT,SLU_BILL,SpuhlerFieldMain,D1,A10,20250405-SpuhlerFieldMain-2,bed54590-125a-11f0-a721-ed23b36d4136,73.73009,,,5.64239,,,,,,,7d675549-dbed-425c-a347-a0febeddec93,2025-04-05,20:15:39.07,2025-04-05T16:15:39.0770176-04:00,2025-04-05T20:15:39.0770176Z,,v3,471300,471427,05 April 2025 14:00-stlouis@georgemas,"Raymond, Andrew",10148052,Right,GEO_PAT,c8a96541-db3b-425a-8c31-1dacd99909df,54.92513,-109.49127,9.44065,5.59054,2.34423,-19.45267,-0.88968,-3.72502,4.40476,,,,,,,,,,,,,,,,,,,,,,,,,,,,,,,,,,,,,,,,,,,,,,,,,,,High,High,High,,,,,
186,2025-04-05,16:15:56.97,4,2,"Cassedy, Brandon",1000183671,Right,GEO_PAT,"Gomric, Hank",10135210,Left,SLU_BILL,Undefined,7,Top,2,1,0,Fastball,Four-Seam,StrikeCalled,Undefined,Undefined,Undefined,0,0,,88.02501,-2.631058,-0.994422,2226.483674,185.546953,12:15,5.59559,0.76653,6.50566,-16.48682,18.65997,1.70614,1.80477,-0.00409,80.82255,-5.790629,-0.684628,0.426692,,,,,,,,,,,,-1.16484,10.83776,-0.69772,50,5.40404,2.15553,-127.90366,-6.2917,-1.93457,25.74625,-14.17464,GEO_PAT,SLU_BILL,SpuhlerFieldMain,D1,A10,20250405-SpuhlerFieldMain-2,c96e48d0-125a-11f0-a721-ed23b36d4136,88.33646,,,7.20246,,,,,,,7d675549-dbed-425c-a347-a0febeddec93,2025-04-05,20:15:56.97,2025-04-05T16:15:56.9798656-04:00,2025-04-05T20:15:56.9798656Z,,v3,471300,471427,05 April 2025 14:00-stlouis@georgemas,"Raymond, Andrew",10148052,Right,GEO_PAT,df573382-0715-4c16-b457-d05484c0c29b,53.99642,-128.7056,12.87312,5.59313,-5.85019,-7.08732,-0.76579,2.21579,-0.96729,,,,,,,,,,,,,,,,,,,,,,,,,,,,,,,,,,,,,,,,,,,,,,,,,,,High,High,High,,,,,
187,2025-04-05,16:16:16.34,4,3,"Cassedy, Brandon",1000183671,Right,GEO_PAT,"Gomric, Hank",10135210,Left,SLU_BILL,Undefined,7,Top,2,1,1,Curveball,Curveball,BallCalled,Undefined,Undefined,Undefined,0,0,,74.40124,-0.110814,1.656865,2509.042305,35.994443,7:15,5.50229,0.83288,5.61695,-62.01173,-10.94426,-9.10418,0.23118,1.62104,68.85548,-11.349286,0.024148,0.514332,,,,,,,,,,,,5.14331,-5.17044,-0.96825,50,5.45214,-2.8051,-108.1093,-2.17231,6.06208,19.57053,-38.26806,GEO_PAT,SLU_BILL,SpuhlerFieldMain,D1,A10,20250405-SpuhlerFieldMain-2,d5029c00-125a-11f0-a721-ed23b36d4136,73.28423,,,5.54575,,,,,,,7d675549-dbed-425c-a347-a0febeddec93,2025-04-05,20:16:16.34,2025-04-05T16:16:16.3466752-04:00,2025-04-05T20:16:16.3466752Z,,v3,471300,471427,05 April 2025 14:00-stlouis@georgemas,"Raymond, Andrew",10148052,Right,GEO_PAT,555dd2f9-3bcb-4281-8be6-1244440e6c38,54.88988,-108.9909,9.78527,5.51116,-0.44845,-19.13403,-0.83574,-3.07818,3.03104,,,,,,,,,,,,,,,,,,,,,,,,,,,,,,,,,,,,,,,,,,,,,,,,,,,High,High,High,,,,,
188,2025-04-05,16:16:44.52,4,4,"Cassedy, Brandon",1000183671,Right,GEO_PAT,"Gomric, Hank",10135210,Left,SLU_BILL,Undefined,7,Top,2,2,1,Fastball,Four-Seam,BallCalled,Undefined,Undefined,Undefined,0,0,,87.61598,-0.299839,-0.591025,2129.240795,185.104332,12:15,5.67584,0.62485,6.33892,-17.06174,18.81781,1.57642,3.97794,0.21201,79.71219,-3.589359,-0.30575,0.431117,,,,,,,,,,,,-0.99138,10.22898,-0.58252,50,5.64571,1.25132,-127.3218,-1.09991,-1.61984,27.27403,-15.46089,GEO_PAT,SLU_BILL,SpuhlerFieldMain,D1,A10,20250405-SpuhlerFieldMain-2,e5cab8b0-125a-11f0-a721-ed23b36d4136,87.42976,,,7.9038,,,,,,,7d675549-dbed-425c-a347-a0febeddec93,2025-04-05,20:16:44.52,2025-04-05T16:16:44.5280256-04:00,2025-04-05T20:16:44.5280256Z,,v3,471300,471427,05 April 2025 14:00-stlouis@georgemas,"Raymond, Andrew",10148052,Right,GEO_PAT,83c01fcb-d00a-4773-a022-ca448c37f194,54.16158,-128.21016,13.63702,5.67334,-0.59632,-7.73045,-0.62414,1.30408,-0.80992,,,,,,,,,,,,,,,,,,,,,,,,,,,,,,,,,,,,,,,,,,,,,,,,,,,High,High,High,,,,,
189,2025-04-05,16:17:06.85,4,5,"Cassedy, Brandon",1000183671,Right,GEO_PAT,"Gomric, Hank",10135210,Left,SLU_BILL,Undefined,7,Top,2,3,1,Fastball,Four-Seam,FoulBallNotFieldable,Undefined,Undefined,Undefined,0,0,,87.31476,-1.690705,0.066759,2226.180444,186.577286,12:15,5.64395,0.63967,6.35997,-17.82332,18.03473,1.95256,2.60215,0.86383,80.15016,-5.092844,0.420369,0.430988,71.57045,42.817339,-136.84459,3480.926782,,,,,56.92755,,,-1.0085,10.22501,-0.64542,50,5.51298,-0.22137,-126.96046,-4.22245,-1.65021,25.38247,-15.4428,GEO_PAT,SLU_BILL,SpuhlerFieldMain,D1,A10,20250405-SpuhlerFieldMain-2,f3108c70-125a-11f0-a721-ed23b36d4136,87.45595,43.27407,,7.1646,,,,2.3822,2.60169,-0.78459,7d675549-dbed-425c-a347-a0febeddec93,2025-04-05,20:17:06.85,2025-04-05T16:17:06.8582912-04:00,2025-04-05T20:17:06.8582912Z,,v3,471300,471427,05 April 2025 14:00-stlouis@georgemas,"Raymond, Andrew",10148052,Right,GEO_PAT,bf8b2add-d5bf-4abe-92f2-fc4cbb069f22,54.14312,-127.78609,12.69124,5.64215,-3.72013,-7.7214,-0.63909,-0.16769,-0.82511,35.112431,2.3822,-56.1701,-0.91518,1.29849,-0.29443,-0.22179,0.5594,-0.53091,0.19906,2.60169,71.3441,-27.58834,3.3099,-0.61746,-0.15772,0.48659,-0.464,0.17331,-0.78459,-52.66497,8.04495,-1.40391,0.21356,0.14146,-0.31354,0.29318,-0.10897,,,,,,,,,,,,,,,,,,,,,,,High,High,High,High,Undefined,,,
190,2025-04-05,16:17:33.03,4,6,"Cassedy, Brandon",1000183671,Right,GEO_PAT,"Gomric, Hank",10135210,Left,SLU_BILL,Undefined,7,Top,2,3,2,Fastball,Four-Seam,InPlay,Undefined,LineDrive,Out,1,0,,89.30089,-1.899856,-1.15597,2257.784194,188.918768,12:15,5.70674,0.69099,6.45201,-16.83363,17.44143,2.56728,2.55743,-0.15727,81.73443,-5.12594,-0.690345,0.421367,99.1517,18.062749,12.998168,1073.133333,107.09411,28.9633,25.11656,293.87052,293.36199,13.532707,2.9841,-1.67736,10.01032,-0.61025,50,5.56442,2.52129,-129.79471,-4.75053,-2.8597,27.31934,-15.10774,GEO_PAT,SLU_BILL,SpuhlerFieldMain,D1,A10,20250405-SpuhlerFieldMain-2,02ad4880-125b-11f0-a721-ed23b36d4136,89.45277,32.97703,,7.56646,,,,2.662,2.6849,0.15132,7d675549-dbed-425c-a347-a0febeddec93,2025-04-05,20:17:33.03,2025-04-05T16:17:33.0354176-04:00,2025-04-05T20:17:33.0354176Z,LineDrive,v3,471300,471427,05 April 2025 14:00-stlouis@georgemas,"Raymond, Andrew",10148052,Right,GEO_PAT,6c7f5394-ed3d-45be-90bb-4c8b0196d9f4,54.05089,-130.64457,13.65967,5.70489,-4.28055,-7.55387,-0.69006,2.61025,-1.42985,200.143452,2.66201,134.71252,-21.71238,4.73095,-1.05195,0.21347,-0.03742,0.00459,-0.00027,2.6849,45.08928,-18.47526,1.54104,-0.28126,0.05168,-0.00724,0.00092,-7E-05,0.15132,31.09654,-3.2235,0.09208,0.07299,-0.02744,0.00561,-0.00067,4E-05,,,,,,,,,,,,,,,,,,,,,,,High,High,High,High,High,,,
191,2025-04-05,16:19:44.03,1,1,"Weber, Charlie",1000161356,Right,SLU_BILL,"Clyne, Owen",1000230336,Left,GEO_PAT,Undefined,7,Bottom,0,0,0,Slider,Slider,StrikeCalled,Undefined,Undefined,Undefined,0,0,,79.83767,0.767348,-2.29162,2779.281672,105.220964,9:30,4.66651,3.28401,5.86889,-37.97652,5.78851,-16.55828,2.21524,-0.22576,73.59414,-6.234233,-5.255329,0.47614,,,,,,,,,,,,7.84914,3.16036,-3.08871,50,4.70666,5.26488,-115.96406,0.36426,10.71416,21.1943,-27.86011,GEO_PAT,SLU_BILL,SpuhlerFieldMain,D1,A10,20250405-SpuhlerFieldMain-2,50ae00b0-125b-11f0-a721-ed23b36d4136,79.16244,,,6.24353,,,,,,,7d675549-dbed-425c-a347-a0febeddec93,2025-04-05,20:19:44.03,2025-04-05T16:19:44.0380416-04:00,2025-04-05T20:19:44.0380416Z,,v3,471300,471427,05 April 2025 14:00-stlouis@georgemas,"Mendiola, Patrick",1000090289,Right,SLU_BILL,a33431b6-f1ab-4772-990d-a1ed9d756dc7,54.63424,-116.80797,10.59715,4.67007,1.47359,-13.93006,-3.28985,4.83827,5.35708,,,,,,,,,,,,,,,,,,,,,,,,,,,,,,,,,,,,,,,,,,,,,,,,,,,High,High,High,,,,,
192,2025-04-05,16:20:01.86,1,2,"Weber, Charlie",1000161356,Right,SLU_BILL,"Clyne, Owen",1000230336,Left,GEO_PAT,Undefined,7,Bottom,0,0,1,Slider,Slider,FoulBallNotFieldable,Undefined,Undefined,Undefined,0,0,,79.42533,0.477806,-2.535568,2797.363516,81.789733,8:45,4.79324,3.38569,5.61349,-46.19853,-1.13028,-17.77871,1.38979,-0.46411,72.82899,-7.959037,-5.704231,0.483178,,,,,,,,,,,,8.32536,-0.35067,-3.15686,50,4.80406,5.77997,-115.24306,-0.5639,11.1072,23.00682,-32.64188,GEO_PAT,SLU_BILL,SpuhlerFieldMain,D1,A10,20250405-SpuhlerFieldMain-2,5b6e3b00-125b-11f0-a721-ed23b36d4136,78.00947,,,6.59634,,,,,,,7d675549-dbed-425c-a347-a0febeddec93,2025-04-05,20:20:01.86,2025-04-05T16:20:01.8679296-04:00,2025-04-05T20:20:01.8679296Z,,v3,471300,471427,05 April 2025 14:00-stlouis@georgemas,"Mendiola, Patrick",1000090289,Right,SLU_BILL,69a92236-4b57-4554-bea3-948be7dd7742,54.89096,-116.21538,11.50341,4.79874,0.81561,-16.32094,-3.39122,5.31056,5.5536,,,,,,,,,,,,,,,,,,,,,,,,,,,,,,,,,,,,,,,,,,,,,,,,,,,High,High,High,,,,,
193,2025-04-05,16:20:27.06,1,3,"Weber, Charlie",1000161356,Right,SLU_BILL,"Clyne, Owen",1000230336,Left,GEO_PAT,Undefined,7,Bottom,0,0,2,Slider,Slider,BallCalled,Undefined,Undefined,Undefined,0,0,,79.53636,-0.610084,-1.99391,2811.278471,77.626817,8:30,4.98793,3.18328,5.82798,-48.22877,-3.52134,-22.69497,0.40134,-0.56237,72.99078,-9.414816,-6.063244,0.481239,,,,,,,,,,,,11.12571,-1.28827,-3.00625,50,4.9092,4.85156,-115.4796,-2.77675,14.8316,24.07147,-33.89144,GEO_PAT,SLU_BILL,SpuhlerFieldMain,D1,A10,20250405-SpuhlerFieldMain-2,6a67b230-125b-11f0-a721-ed23b36d4136,78.3237,,,6.54559,,,,,,,7d675549-dbed-425c-a347-a0febeddec93,2025-04-05,20:20:27.06,2025-04-05T16:20:27.0651392-04:00,2025-04-05T20:20:27.0651392Z,,v3,471300,471427,05 April 2025 14:00-stlouis@georgemas,"Mendiola, Patrick",1000090289,Right,SLU_BILL,622b5376-f5d0-4c51-b227-5244a9fd3c0f,54.67773,-116.45058,12.03574,4.99364,-1.40966,-16.94572,-3.18988,4.25329,7.4158,,,,,,,,,,,,,,,,,,,,,,,,,,,,,,,,,,,,,,,,,,,,,,,,,,,High,High,High,,,,,
194,2025-04-05,16:20:48.41,1,4,"Weber, Charlie",1000161356,Right,SLU_BILL,"Clyne, Owen",1000230336,Left,GEO_PAT,Undefined,7,Bottom,0,1,2,Fastball,Sinker,FoulBallNotFieldable,Undefined,Undefined,Undefined,0,0,,90.22568,-0.249257,-4.585635,2134.923528,261.039445,2:45,4.70218,3.28363,6.18757,-29.91258,4.0574,19.06596,1.97857,0.62912,82.67616,-5.809127,-1.1565,0.419487,,,,,,,,,,,,-11.13926,2.47429,-2.94655,50,4.66808,9.72143,-130.85207,-1.57529,-19.3668,26.89536,-27.87222,GEO_PAT,SLU_BILL,SpuhlerFieldMain,D1,A10,20250405-SpuhlerFieldMain-2,7723bc80-125b-11f0-a721-ed23b36d4136,89.85356,,,7.54952,,,,,,,7d675549-dbed-425c-a347-a0febeddec93,2025-04-05,20:20:48.41,2025-04-05T16:20:48.4169728-04:00,2025-04-05T20:20:48.4169728Z,,v3,471300,471427,05 April 2025 14:00-stlouis@georgemas,"Mendiola, Patrick",1000090289,Right,SLU_BILL,91061bc3-9d74-42e1-a586-2ff938162599,54.31704,-131.73641,13.44768,4.70481,-0.65883,-13.93611,-3.27667,10.35823,-9.6834,,,,,,,,,,,,,,,,,,,,,,,,,,,,,,,,,,,,,,,,,,,,,,,,,,,High,High,High,,,,,
195,2025-04-05,16:21:10.09,1,5,"Weber, Charlie",1000161356,Right,SLU_BILL,"Clyne, Owen",1000230336,Left,GEO_PAT,Undefined,7,Bottom,0,1,2,Slider,Slider,BallCalled,Undefined,Undefined,Undefined,0,0,,79.13282,1.487145,1.060574,2612.037448,103.951033,9:30,4.63048,3.32521,5.69093,-38.74215,6.12957,-19.14871,2.78861,2.71811,72.55252,-5.66386,-2.363335,0.482123,,,,,,,,,,,,9.93091,3.1663,-3.40271,50,4.7316,-1.37359,-114.92893,1.7384,13.30436,20.97534,-27.93218,GEO_PAT,SLU_BILL,SpuhlerFieldMain,D1,A10,20250405-SpuhlerFieldMain-2,83fee790-125b-11f0-a721-ed23b36d4136,78.18015,,,6.58029,,,,,,,7d675549-dbed-425c-a347-a0febeddec93,2025-04-05,20:21:10.09,2025-04-05T16:21:10.0983296-04:00,2025-04-05T20:21:10.0983296Z,,v3,471300,471427,05 April 2025 14:00-stlouis@georgemas,"Mendiola, Patrick",1000090289,Right,SLU_BILL,1a6ec8eb-3d49-4375-a5b2-a246925c7f31,54.81118,-115.80367,10.48767,4.63482,2.90327,-13.96609,-3.33385,-1.92843,6.65218,,,,,,,,,,,,,,,,,,,,,,,,,,,,,,,,,,,,,,,,,,,,,,,,,,,High,High,High,,,,,
196,2025-04-05,16:21:34.47,1,6,"Weber, Charlie",1000161356,Right,SLU_BILL,"Clyne, Owen",1000230336,Left,GEO_PAT,Undefined,7,Bottom,0,2,2,Fastball,Sinker,InPlay,Undefined,GroundBall,Single,0,0,,90.1229,-0.316084,-5.312321,2075.058083,239.910797,2:00,4.79079,3.1608,6.23376,-24.80911,8.9028,13.75016,2.4305,-0.60844,83.34584,-4.938283,-2.844133,0.417891,98.2637,1.953568,24.502656,2621.220983,,,,60.73318,57.17133,25.668477,0.43519,-8.45552,4.97918,-2.77011,50,4.75455,11.61171,-130.67688,-1.51821,-14.82837,23.87747,-23.44213,GEO_PAT,SLU_BILL,SpuhlerFieldMain,D1,A10,20250405-SpuhlerFieldMain-2,92972bf0-125b-11f0-a721-ed23b36d4136,90.19683,2.682,,6.77706,,,,1.96144,2.44737,0.46973,7d675549-dbed-425c-a347-a0febeddec93,2025-04-05,20:21:34.47,2025-04-05T16:21:34.4714752-04:00,2025-04-05T20:21:34.4714752Z,GroundBall,v3,471300,471427,05 April 2025 14:00-stlouis@georgemas,"Mendiola, Patrick",1000090289,Right,SLU_BILL,3a64f74d-bb9b-41c7-bb49-72ee60c5be95,54.27142,-131.45504,11.93874,4.79158,-0.75423,-11.72106,-3.15641,12.09496,-7.41419,310.210465,1.97418,130.67265,-21.72237,,,,,,,2.46164,4.47264,-23.34655,,,,,,,0.46542,59.87088,-1.10503,,,,,,,,,,,,,,,,,,,,,,,,,,,,,High,High,High,High,High,,,
197,2025-04-05,16:22:16.38,2,1,"Weber, Charlie",1000161356,Right,SLU_BILL,"Hull, Owen",10054797,Left,GEO_PAT,Undefined,7,Bottom,0,0,0,Fastball,Sinker,BallCalled,Undefined,Undefined,Undefined,0,0,,88.67076,-0.859054,-6.607221,2013.446594,234.485011,1:45,4.86189,3.33231,6.25981,-25.1945,9.87623,12.41198,1.96484,-1.75315,81.77925,-5.553698,-4.3876,0.42623,,,,,,,,,,,,-8.05288,5.66095,-2.84579,50,4.78525,14.35564,-128.19341,-2.72074,-13.55453,23.64745,-22.64559,GEO_PAT,SLU_BILL,SpuhlerFieldMain,D1,A10,20250405-SpuhlerFieldMain-2,ab7e9950-125b-11f0-a721-ed23b36d4136,88.43219,,,6.89151,,,,,,,7d675549-dbed-425c-a347-a0febeddec93,2025-04-05,20:22:16.38,2025-04-05T16:22:16.3861504-04:00,2025-04-05T20:22:16.3861504Z,,v3,471300,471427,05 April 2025 14:00-stlouis@georgemas,"Mendiola, Patrick",1000090289,Right,SLU_BILL,49e394b3-f718-40d1-be9e-7e753c8ea87f,54.24343,-128.97381,11.82372,4.86271,-1.97341,-11.3228,-3.32693,14.80296,-6.77727,,,,,,,,,,,,,,,,,,,,,,,,,,,,,,,,,,,,,,,,,,,,,,,,,,,High,High,High,,,,,
198,2025-04-05,16:23:06.91,2,2,"Weber, Charlie",1000161356,Right,SLU_BILL,"Hull, Owen",10054797,Left,GEO_PAT,Undefined,7,Bottom,0,1,0,Slider,Slider,BallCalled,Undefined,Undefined,Undefined,0,0,,78.73631,1.342211,0.52082,2418.188589,97.72295,9:15,4.59194,3.45188,5.84797,-41.82112,3.10732,-13.06253,2.35445,2.84736,72.45887,-6.369297,-1.822565,0.482427,,,,,,,,,,,,6.77748,1.67874,-3.48677,50,4.6768,-0.54406,-114.42996,1.35724,9.02243,20.32406,-29.93925,GEO_PAT,SLU_BILL,SpuhlerFieldMain,D1,A10,20250405-SpuhlerFieldMain-2,c9a2f7f0-125b-11f0-a721-ed23b36d4136,78.13079,,,6.27744,,,,,,,7d675549-dbed-425c-a347-a0febeddec93,2025-04-05,20:23:06.91,2025-04-05T16:23:06.9144576-04:00,2025-04-05T20:23:06.9144576Z,,v3,471300,471427,05 April 2025 14:00-stlouis@georgemas,"Mendiola, Patrick",1000090289,Right,SLU_BILL,7463098e-1d33-418e-ba8d-9912dcc04e6c,54.65462,-115.25371,10.16203,4.5972,2.5707,-14.96962,-3.45731,-0.90975,4.51122,,,,,,,,,,,,,,,,,,,,,,,,,,,,,,,,,,,,,,,,,,,,,,,,,,,High,High,High,,,,,
199,2025-04-05,16:23:35.77,2,3,"Weber, Charlie",1000161356,Right,SLU_BILL,"Hull, Owen",10054797,Left,GEO_PAT,Undefined,7,Bottom,0,2,0,Fastball,Sinker,StrikeCalled,Undefined,Undefined,Undefined,0,0,,88.55154,-0.321804,-3.967901,2073.603995,237.495428,2:00,4.754,3.47795,6.43971,-25.89541,8.89556,12.32946,2.2996,0.85315,81.38019,-5.181756,-1.738846,0.424526,,,,,,,,,,,,-7.44394,5.06544,-3.20061,50,4.7194,8.43215,-128.54806,-1.51099,-12.53193,25.12388,-23.64638,GEO_PAT,SLU_BILL,SpuhlerFieldMain,D1,A10,20250405-SpuhlerFieldMain-2,dac6c930-125b-11f0-a721-ed23b36d4136,88.78706,,,7.17135,,,,,,,7d675549-dbed-425c-a347-a0febeddec93,2025-04-05,20:23:35.77,2025-04-05T16:23:35.7702144-04:00,2025-04-05T20:23:35.7702144Z,,v3,471300,471427,05 April 2025 14:00-stlouis@georgemas,"Mendiola, Patrick",1000090289,Right,SLU_BILL,c6757c9d-bccc-4c1b-91b8-4dc8b0684290,54.06266,-129.33964,12.56194,4.75527,-0.76596,-11.82319,-3.47251,8.827,-6.26597,,,,,,,,,,,,,,,,,,,,,,,,,,,,,,,,,,,,,,,,,,,,,,,,,,,High,High,High,,,,,
200,2025-04-05,16:23:55.58,2,4,"Weber, Charlie",1000161356,Right,SLU_BILL,"Hull, Owen",10054797,Left,GEO_PAT,Undefined,7,Bottom,0,2,1,Fastball,Sinker,InPlay,Undefined,Bunt,Sacrifice,1,0,,88.2644,-0.013992,-4.845071,2051.735523,236.585379,2:00,4.76267,3.2679,6.44568,-24.90761,10.29985,13.94843,2.67413,-0.03239,80.72986,-4.706145,-2.328349,0.42706,31.10267,-70.43963,-95.782504,,,,,4.11891,4.11891,-15.475785,0.06574,-8.71095,5.7089,-2.92974,50,4.75032,10.32923,-127.9849,-0.76637,-14.46813,26.07797,-22.69206,GEO_PAT,SLU_BILL,SpuhlerFieldMain,D1,A10,20250405-SpuhlerFieldMain-2,e6ab5f40-125b-11f0-a721-ed23b36d4136,88.26032,2.88683,,7.53453,,,,4.07292,2.88683,-0.07856,7d675549-dbed-425c-a347-a0febeddec93,2025-04-05,20:23:55.58,2025-04-05T16:23:55.5813888-04:00,2025-04-05T20:23:55.5813888Z,GroundBall,v3,471300,471427,05 April 2025 14:00-stlouis@georgemas,"Mendiola, Patrick",1000090289,Right,SLU_BILL,6e6f91cf-56f3-45b7-b765-914ace9ef5ee,54.05883,-128.80926,13.03898,4.76321,-0.04904,-11.34603,-3.26349,10.78659,-7.23407,,4.07327,-1.572,,,,,,,,2.89665,-43.9132,,,,,,,,-0.07509,-15.52318,,,,,,,,,,,,,,,,,,,,,,,,,,,,,,High,High,High,Estimated,Estimated,,,
201,,,3,1,"Weber, Charlie",1000161356,Right,SLU_BILL,"Quinn-Irons, Jaime",1000216379,Right,GEO_PAT,Undefined,7,Bottom,1,4,0,Other,,BallCalled,Walk,Undefined,Undefined,0,0,,,,,,,,,,,,,,,,,,,,,,,,,,,,,,,,,,,,,,,,,,GEO_PAT,SLU_BILL,SpuhlerFieldMain,D1,A10,20250405-SpuhlerFieldMain-2,f6b53500-125b-11f0-a721-ed23b36d4136,,,,,,,,,,,7d675549-dbed-425c-a347-a0febeddec93,,,,,,v3,471300,471427,05 April 2025 14:00-stlouis@georgemas,"Mendiola, Patrick",1000090289,Right,SLU_BILL,,,,,,,,,,,,,,,,,,,,,,,,,,,,,,,,,,,,,,,,,,,,,,,,,,,,,,,,,,,,,,,,,,,,
202,2025-04-05,16:24:56.57,4,1,"Weber, Charlie",1000161356,Right,SLU_BILL,"Butler, Jake",1000176047,Right,GEO_PAT,Undefined,7,Bottom,1,0,0,Slider,Changeup,InPlay,Undefined,FlyBall,Out,1,0,,83.05644,2.162904,-3.866502,1924.378778,295.330455,3:45,3.20996,3.19532,5.83635,-45.53896,-5.00366,13.12666,1.43104,0.68979,76.2894,-6.184163,-1.519802,0.458235,92.56443,42.47697,-18.976553,4275.887377,104.87477,97.25802,-33.1849,280.3098,267.54217,-15.957813,5.833709,-7.79548,-2.85646,-2.88759,50,3.35942,7.63688,-120.46829,3.01814,-11.50803,22.40457,-36.39086,GEO_PAT,SLU_BILL,SpuhlerFieldMain,D1,A10,20250405-SpuhlerFieldMain-2,0b0b0c50-125c-11f0-a721-ed23b36d4136,82.25575,122.17498,,6.76704,,,,2.8348,1.21984,-0.87427,7d675549-dbed-425c-a347-a0febeddec93,2025-04-05,20:24:56.57,2025-04-05T16:24:56.5743104-04:00,2025-04-05T20:24:56.5743104Z,FlyBall,v3,471300,471427,05 April 2025 14:00-stlouis@georgemas,"Mendiola, Patrick",1000090289,Right,SLU_BILL,370df553-e54c-4125-bd7c-894131421707,54.66972,-121.33366,11.20228,3.2157,4.42372,-18.19543,-3.19114,8.08137,-5.75402,185.533699,2.84159,94.56181,-24.94974,6.54654,-1.16446,0.12323,-0.00515,-0.00013,1E-05,1.21752,91.71221,-19.06198,0.25984,0.39896,-0.17788,0.04075,-0.0048,0.00022,-0.87694,-32.50939,10.65204,-3.02577,0.59171,-0.07408,0.00487,-0.0001,-0,,,,,,,,,,,,,,,,,,,,,,,High,High,High,High,Low,,,
203,2025-04-05,16:25:39.97,5,1,"Weber, Charlie",1000161356,Right,SLU_BILL,"Alberti, Lucas",1000145512,Right,GEO_PAT,Undefined,7,Bottom,2,0,0,Fastball,Changeup,StrikeCalled,Undefined,Undefined,Undefined,0,0,,84.74705,3.365012,-5.18797,1918.942965,285.989668,3:30,3.19133,3.29745,5.85833,-42.0588,-2.96858,14.45753,2.82942,-0.33125,77.52634,-4.349321,-2.613376,0.449993,,,,,,,,,,,,-8.6939,-1.99756,-2.88345,50,3.44144,10.53609,-122.55375,5.77153,-13.30518,22.79861,-35.23115,GEO_PAT,SLU_BILL,SpuhlerFieldMain,D1,A10,20250405-SpuhlerFieldMain-2,24d6bf30-125c-11f0-a721-ed23b36d4136,83.76234,,,7.2207,,,,,,,7d675549-dbed-425c-a347-a0febeddec93,2025-04-05,20:25:39.97,2025-04-05T16:25:39.9772160-04:00,2025-04-05T20:25:39.9772160Z,,v3,471300,471427,05 April 2025 14:00-stlouis@georgemas,"Mendiola, Patrick",1000090289,Right,SLU_BILL,430b6a2c-7f50-4ec0-b57d-6207e0c29a6a,54.64597,-123.41501,11.3993,3.19827,7.10245,-17.61557,-3.29096,11.03871,-6.65259,,,,,,,,,,,,,,,,,,,,,,,,,,,,,,,,,,,,,,,,,,,,,,,,,,,High,High,High,,,,,
204,2025-04-05,16:26:34.08,5,2,"Weber, Charlie",1000161356,Right,SLU_BILL,"Alberti, Lucas",1000145512,Right,GEO_PAT,Undefined,7,Bottom,2,0,1,Slider,Slider,FoulBallNotFieldable,Undefined,Undefined,Undefined,0,0,,78.9736,1.193185,-3.369275,2428.992747,107.550002,9:30,4.34677,3.49062,5.84924,-38.52561,6.30024,-15.83206,2.24719,-0.96335,72.84844,-5.902433,-6.194828,0.481876,,,,,,,,,,,,7.2291,3.28559,-3.20675,50,4.4213,7.32852,-114.59832,1.20228,9.64164,20.59832,-27.79197,GEO_PAT,SLU_BILL,SpuhlerFieldMain,D1,A10,20250405-SpuhlerFieldMain-2,45388ab0-125c-11f0-a721-ed23b36d4136,78.22015,,,6.12516,,,,,,,7d675549-dbed-425c-a347-a0febeddec93,2025-04-05,20:26:34.08,2025-04-05T16:26:34.0879360-04:00,2025-04-05T20:26:34.0879360Z,,v3,471300,471427,05 April 2025 14:00-stlouis@georgemas,"Mendiola, Patrick",1000090289,Right,SLU_BILL,1e3cb14d-f1ca-4e50-bb4f-1a34aefb89f4,54.65452,-115.43191,10.29916,4.34988,2.32698,-13.89598,-3.49543,6.93834,4.82082,,,,,,,,,,,,,,,,,,,,,,,,,,,,,,,,,,,,,,,,,,,,,,,,,,,High,High,High,,,,,
205,2025-04-05,16:26:58.66,5,3,"Weber, Charlie",1000161356,Right,SLU_BILL,"Alberti, Lucas",1000145512,Right,GEO_PAT,Undefined,7,Bottom,2,0,2,Slider,Slider,InPlay,Undefined,GroundBall,Out,1,0,,78.59128,0.919067,-2.823489,2571.92724,95.816536,9:15,4.45478,3.25652,5.71268,-42.65487,3.13126,-16.6819,1.7576,-0.76632,72.07087,-6.912982,-5.798281,0.487011,74.78943,-30.05783,21.601559,,,,,4.51298,4.51298,24.720311,0.031658,7.70752,1.72547,-3.00924,50,4.5053,6.24724,-114.01446,0.47554,10.09272,21.98129,-29.91459,GEO_PAT,SLU_BILL,SpuhlerFieldMain,D1,A10,20250405-SpuhlerFieldMain-2,53e0ad90-125c-11f0-a721-ed23b36d4136,77.39551,1.7432,,6.52041,,,,1.29869,1.7432,0.77831,7d675549-dbed-425c-a347-a0febeddec93,2025-04-05,20:26:58.66,2025-04-05T16:26:58.6613760-04:00,2025-04-05T20:26:58.6613760Z,GroundBall,v3,471300,471427,05 April 2025 14:00-stlouis@georgemas,"Mendiola, Patrick",1000090289,Right,SLU_BILL,8951d1b8-f3e0-4df4-929b-0e7a7bcf2d8a,54.79085,-114.93439,10.99064,4.4592,1.7275,-14.9573,-3.26185,5.82486,5.04636,,1.2977,88.46701,,,,,,,,1.74382,-55.06284,,,,,,,,0.77791,35.02935,,,,,,,,,,,,,,,,,,,,,,,,,,,,,,High,High,High,Estimated,Estimated,,,
206,2025-04-05,16:29:23.50,1,1,"Cassedy, Brandon",1000183671,Right,GEO_PAT,"Mendiola, Patrick",1000090289,Right,SLU_BILL,Undefined,8,Top,0,0,0,Fastball,Four-Seam,InPlay,Undefined,LineDrive,Out,1,0,,88.09288,-2.214135,-0.399484,2215.407538,196.257381,12:30,5.69368,0.55679,6.25577,-16.83969,18.63269,5.10701,2.24746,0.61397,80.69426,-5.431935,0.523628,0.428664,89.63822,10.469862,-33.378954,2083.416168,87.97537,8.67077,-66.03212,158.10247,112.33795,-38.651273,1.460423,-2.77378,10.64442,-0.52961,50,5.5208,0.69287,-127.99364,-5.39903,-4.60346,26.30707,-14.50832,GEO_PAT,SLU_BILL,SpuhlerFieldMain,D1,A10,20250405-SpuhlerFieldMain-2,aa2b9700-125c-11f0-a721-ed23b36d4136,87.93012,10.01044,,7.39862,,,,1.68449,2.20328,-0.51737,7d675549-dbed-425c-a347-a0febeddec93,2025-04-05,20:29:23.50,2025-04-05T16:29:23.5000320-04:00,2025-04-05T20:29:23.5000320Z,LineDrive,v3,471300,471427,05 April 2025 14:00-stlouis@georgemas,"Raymond, Andrew",10148052,Right,GEO_PAT,bfa4e227-55ef-4d08-bea5-76d519dd7c7c,54.24651,-128.86349,13.15354,5.69139,-4.91931,-7.25416,-0.55504,0.84508,-2.30173,,1.68449,107.95551,-22.51462,5.2315,-1.20404,0.26495,-0.05675,0.0097,-0.00089,2.20328,23.89036,-19.15376,1.47336,-0.22247,0.0307,-0.0028,0.00034,-2E-05,-0.51737,-71.12667,2.47606,0.34578,-0.24216,0.08247,-0.02155,0.00411,-0.00041,,,,,,,,,,,,,,,,,,,,,,,High,High,High,High,Medium,,,
207,2025-04-05,16:30:00.39,2,1,"Cassedy, Brandon",1000183671,Right,GEO_PAT,"Neuweg, Austin",809742,Right,SLU_BILL,Undefined,8,Top,1,0,0,Fastball,Four-Seam,BallCalled,Undefined,Undefined,Undefined,0,0,,88.3281,-1.954414,0.225,2261.729228,195.071415,12:30,5.68871,0.68201,6.24693,-17.47162,17.77863,4.49197,2.42939,1.26387,80.98813,-5.283302,1.036771,0.427319,,,,,,,,,,,,-2.26969,10.09867,-0.70089,50,5.53443,-0.6825,-128.35571,-4.8564,-3.7933,26.11837,-15.29619,GEO_PAT,SLU_BILL,SpuhlerFieldMain,D1,A10,20250405-SpuhlerFieldMain-2,c029ee30-125c-11f0-a721-ed23b36d4136,88.20674,,,7.33997,,,,,,,7d675549-dbed-425c-a347-a0febeddec93,2025-04-05,20:30:00.39,2025-04-05T16:30:00.3931648-04:00,2025-04-05T20:30:00.3931648Z,,v3,471300,471427,05 April 2025 14:00-stlouis@georgemas,"Raymond, Andrew",10148052,Right,GEO_PAT,35851cdd-c86b-44de-8ce0-efd950367ff9,54.25467,-129.21857,13.05918,5.68652,-4.35107,-7.6481,-0.68041,-0.55718,-1.89665,,,,,,,,,,,,,,,,,,,,,,,,,,,,,,,,,,,,,,,,,,,,,,,,,,,High,High,High,,,,,
208,2025-04-05,16:30:19.27,2,2,"Cassedy, Brandon",1000183671,Right,GEO_PAT,"Neuweg, Austin",809742,Right,SLU_BILL,Undefined,8,Top,1,1,0,Cutter,Slider,InPlay,Undefined,Popup,Out,1,0,,82.58523,0.153143,0.071018,2549.506122,115.022845,9:45,5.62774,0.80234,5.42367,-35.95718,5.34445,-8.91997,2.77476,0.12553,76.3392,-6.422659,-1.517198,0.462546,85.66782,67.077183,-1.910311,,,,,102.70903,54.53476,-4.069503,6.031835,4.55567,2.97465,-0.80205,50,5.61605,0.2084,-120.05601,-0.92487,6.70431,21.43481,-27.79643,GEO_PAT,SLU_BILL,SpuhlerFieldMain,D1,A10,20250405-SpuhlerFieldMain-2,cb665d60-125c-11f0-a721-ed23b36d4136,81.48902,152.54291,,6.24604,,,,3.07071,2.37877,-0.69536,7d675549-dbed-425c-a347-a0febeddec93,2025-04-05,20:30:19.27,2025-04-05T16:30:19.2753152-04:00,2025-04-05T20:30:19.2753152Z,Popup,v3,471300,471427,05 April 2025 14:00-stlouis@georgemas,"Raymond, Andrew",10148052,Right,GEO_PAT,9e0c027e-fe20-4e90-a5a1-74c127ee241d,55.08077,-120.95973,10.71741,5.63033,0.24707,-13.89822,-0.80488,-0.07427,3.35216,179.260112,3.0643,49.00125,-20.80669,7.28745,-1.94907,0.40977,-0.0595,0.00496,-0.00017,2.36229,116.02581,-29.27081,4.63872,-1.57007,0.49577,-0.1016,0.01095,-0.00047,-0.69554,-1.6274,0.19629,-0.00942,-0.01775,0.00877,-0.002,0.00023,-1E-05,,,,,,,,,,,,,,,,,,,,,,,High,High,High,Medium,Low,,,
209,2025-04-05,16:30:55.14,3,1,"Cassedy, Brandon",1000183671,Right,GEO_PAT,"Moore, Hayden",809737,Left,SLU_BILL,Undefined,8,Top,2,0,0,Curveball,Curveball,StrikeCalled,Undefined,Undefined,Undefined,0,0,,73.34121,2.939592,1.636752,2575.702862,47.62194,7:30,5.61866,0.82192,5.44153,-65.56941,-12.54997,-15.58485,2.91072,1.05625,67.29563,-8.970622,-1.139487,0.52407,,,,,,,,,,,,8.27934,-6.60233,-0.95573,50,5.83362,-2.46003,-106.4157,3.32322,9.46053,18.86151,-39.71831,GEO_PAT,SLU_BILL,SpuhlerFieldMain,D1,A10,20250405-SpuhlerFieldMain-2,e0bbf170-125c-11f0-a721-ed23b36d4136,71.92257,,,6.04558,,,,,,,7d675549-dbed-425c-a347-a0febeddec93,2025-04-05,20:30:55.14,2025-04-05T16:30:55.1442432-04:00,2025-04-05T20:30:55.1442432Z,,v3,471300,471427,05 April 2025 14:00-stlouis@georgemas,"Raymond, Andrew",10148052,Right,GEO_PAT,b993f6a9-3791-4a0c-9134-5c7e0a6f0896,55.06551,-107.30977,9.43075,5.63147,5.20595,-19.85915,-0.82848,-2.90848,4.73027,,,,,,,,,,,,,,,,,,,,,,,,,,,,,,,,,,,,,,,,,,,,,,,,,,,High,High,High,,,,,
210,2025-04-05,16:31:12.34,3,2,"Cassedy, Brandon",1000183671,Right,GEO_PAT,"Moore, Hayden",809737,Left,SLU_BILL,Undefined,8,Top,2,0,1,Fastball,Four-Seam,BallCalled,Undefined,Undefined,Undefined,0,0,,89.01082,-0.938305,-0.310392,2246.879945,197.732404,12:30,5.63072,0.80038,6.41079,-15.0028,19.49863,5.89079,3.51764,1.00587,81.39659,-3.839395,0.75722,0.422756,,,,,,,,,,,,-3.1498,10.75493,-0.78063,50,5.55633,0.46754,-129.41581,-2.4839,-5.34535,26.84537,-13.92248,GEO_PAT,SLU_BILL,SpuhlerFieldMain,D1,A10,20250405-SpuhlerFieldMain-2,eb0d8b70-125c-11f0-a721-ed23b36d4136,89.15884,,,7.61423,,,,,,,7d675549-dbed-425c-a347-a0febeddec93,2025-04-05,20:31:12.34,2025-04-05T16:31:12.3463168-04:00,2025-04-05T20:31:12.3463168Z,,v3,471300,471427,05 April 2025 14:00-stlouis@georgemas,"Raymond, Andrew",10148052,Right,GEO_PAT,bf087e05-e20d-4e0c-ac9b-48a20c87220c,54.09022,-130.2615,13.42269,5.62767,-2.04531,-6.96124,-0.79801,0.63594,-2.67268,,,,,,,,,,,,,,,,,,,,,,,,,,,,,,,,,,,,,,,,,,,,,,,,,,,High,High,High,,,,,
211,2025-04-05,16:31:31.55,3,3,"Cassedy, Brandon",1000183671,Right,GEO_PAT,"Moore, Hayden",809737,Left,SLU_BILL,Undefined,8,Top,2,1,1,Curveball,Curveball,BallCalled,Undefined,Undefined,Undefined,0,0,,72.43592,4.164383,2.698132,2578.054993,43.192033,7:30,5.57117,0.85344,5.48529,-68.89244,-14.48367,-15.21158,3.73769,2.11215,66.28563,-8.354326,-0.007753,0.530892,,,,,,,,,,,,8.39497,-7.90945,-1.07962,50,5.89036,-4.38621,-104.92529,5.43059,9.33612,18.15493,-40.9702,GEO_PAT,SLU_BILL,SpuhlerFieldMain,D1,A10,20250405-SpuhlerFieldMain-2,f66ff930-125c-11f0-a721-ed23b36d4136,70.99836,,,6.15029,,,,,,,7d675549-dbed-425c-a347-a0febeddec93,2025-04-05,20:31:31.55,2025-04-05T16:31:31.5594240-04:00,2025-04-05T20:31:31.5594240Z,,v3,471300,471427,05 April 2025 14:00-stlouis@georgemas,"Raymond, Andrew",10148052,Right,GEO_PAT,04dbee96-8089-4e6c-a3b8-5e8f0446e613,55.02261,-105.79076,9.07746,5.58492,7.38372,-20.4851,-0.85991,-4.83128,4.66806,,,,,,,,,,,,,,,,,,,,,,,,,,,,,,,,,,,,,,,,,,,,,,,,,,,High,High,High,,,,,
212,2025-04-05,16:31:53.82,3,4,"Cassedy, Brandon",1000183671,Right,GEO_PAT,"Moore, Hayden",809737,Left,SLU_BILL,Undefined,8,Top,2,2,1,Fastball,Four-Seam,BallCalled,Undefined,Undefined,Undefined,0,0,,88.25554,-0.96081,-1.227949,2227.431749,199.315554,12:45,5.62571,0.75799,6.42122,-16.91166,18.05788,5.95945,3.33284,0.12558,81.00614,-4.20208,-0.147905,0.425614,,,,,,,,,,,,-3.42626,10.00382,-0.67281,50,5.54905,2.51763,-128.33388,-2.58796,-5.74,25.42821,-15.41464,GEO_PAT,SLU_BILL,SpuhlerFieldMain,D1,A10,20250405-SpuhlerFieldMain-2,03a4b5f0-125d-11f0-a721-ed23b36d4136,88.56009,,,7.2494,,,,,,,7d675549-dbed-425c-a347-a0febeddec93,2025-04-05,20:31:53.82,2025-04-05T16:31:53.8212864-04:00,2025-04-05T20:31:53.8212864Z,,v3,471300,471427,05 April 2025 14:00-stlouis@georgemas,"Raymond, Andrew",10148052,Right,GEO_PAT,10d0a741-7402-4e4e-821e-f3026141f3a2,54.08015,-129.13979,12.7141,5.62333,-2.09942,-7.70732,-0.75549,2.69956,-2.87,,,,,,,,,,,,,,,,,,,,,,,,,,,,,,,,,,,,,,,,,,,,,,,,,,,High,High,High,,,,,
213,2025-04-05,16:32:21.37,3,5,"Cassedy, Brandon",1000183671,Right,GEO_PAT,"Moore, Hayden",809737,Left,SLU_BILL,Undefined,8,Top,2,3,1,Fastball,Four-Seam,BallCalled,Walk,Undefined,Undefined,0,0,,88.28506,0.478679,-0.120085,2308.918616,195.641817,12:30,5.62284,0.68715,6.37354,-16.2669,18.87784,4.9802,4.70772,0.99168,80.57997,-2.660316,0.781685,0.42668,,,,,,,,,,,,-2.6128,10.01749,-0.68057,50,5.64943,0.07016,-128.34521,0.66704,-4.35817,26.56416,-15.46487,GEO_PAT,SLU_BILL,SpuhlerFieldMain,D1,A10,20250405-SpuhlerFieldMain-2,14145260-125d-11f0-a721-ed23b36d4136,88.33899,,,7.70509,,,,,,,7d675549-dbed-425c-a347-a0febeddec93,2025-04-05,20:32:21.37,2025-04-05T16:32:21.3775872-04:00,2025-04-05T20:32:21.3775872Z,,v3,471300,471427,05 April 2025 14:00-stlouis@georgemas,"Raymond, Andrew",10148052,Right,GEO_PAT,7922c574-9959-4c13-95e9-4ecc9a517bdb,54.12673,-129.19651,13.28208,5.62011,1.16265,-7.73243,-0.68506,0.20982,-2.17908,,,,,,,,,,,,,,,,,,,,,,,,,,,,,,,,,,,,,,,,,,,,,,,,,,,High,High,High,,,,,
214,2025-04-05,16:32:58.81,4,1,"Cassedy, Brandon",1000183671,Right,GEO_PAT,"Blazier, Ian",813662,Left,SLU_BILL,Undefined,8,Top,2,0,0,Fastball,Four-Seam,BallCalled,Undefined,Undefined,Undefined,0,0,,88.3301,-2.436824,1.258785,2322.601191,197.392387,12:30,5.66232,0.93467,6.23879,-15.89402,19.363,5.72449,2.08798,2.5731,81.1142,-5.473141,2.292399,0.42736,,,,,,,,,,,,-2.63008,11.03938,-1.03124,50,5.47241,-3.04669,-128.30096,-5.87708,-4.39756,25.77507,-13.71596,GEO_PAT,SLU_BILL,SpuhlerFieldMain,D1,A10,20250405-SpuhlerFieldMain-2,2a80ada0-125d-11f0-a721-ed23b36d4136,88.19828,,,7.21589,,,,,,,7d675549-dbed-425c-a347-a0febeddec93,2025-04-05,20:32:58.81,2025-04-05T16:32:58.8192768-04:00,2025-04-05T20:32:58.8192768Z,,v3,471300,471427,05 April 2025 14:00-stlouis@georgemas,"Raymond, Andrew",10148052,Right,GEO_PAT,9895772a-8c98-47c8-85bd-1149fd089f74,54.26292,-129.15453,12.88754,5.65951,-5.42286,-6.85798,-0.93275,-2.90106,-2.19878,,,,,,,,,,,,,,,,,,,,,,,,,,,,,,,,,,,,,,,,,,,,,,,,,,,High,High,High,,,,,
215,2025-04-05,16:33:18.35,4,2,"Cassedy, Brandon",1000183671,Right,GEO_PAT,"Blazier, Ian",813662,Left,SLU_BILL,Undefined,8,Top,2,1,0,Fastball,Four-Seam,FoulBallNotFieldable,Undefined,Undefined,Undefined,0,0,,87.65741,-2.699767,-1.380767,2282.367848,182.808837,12:00,5.60723,0.78016,6.38645,-14.32906,21.3971,0.99343,1.92705,-0.40748,80.19636,-5.473781,-1.200887,0.430194,69.9792,15.486495,-163.160294,2594.15937,-106.30184,7.98485,-28.28264,139.10227,51.19393,-165.891254,1.636233,-0.90819,12.29631,-0.68122,50,5.40592,3.03045,-127.29516,-6.34197,-1.48895,26.32857,-12.01435,GEO_PAT,SLU_BILL,SpuhlerFieldMain,D1,A10,20250405-SpuhlerFieldMain-2,36249130-125d-11f0-a721-ed23b36d4136,87.61724,12.03167,,7.46105,,,,2.76167,1.94036,0.39583,7d675549-dbed-425c-a347-a0febeddec93,2025-04-05,20:33:18.35,2025-04-05T16:33:18.3510528-04:00,2025-04-05T20:33:18.3510528Z,LineDrive,v3,471300,471427,05 April 2025 14:00-stlouis@georgemas,"Raymond, Andrew",10148052,Right,GEO_PAT,2ba828a6-f00b-4c6a-867a-63b4f89c86fb,54.11587,-128.14363,13.16429,5.60406,-5.9548,-6.00718,-0.77965,3.07843,-0.74448,56.346433,2.76174,-94.67619,6.71608,-0.62686,1.15001,-1.09262,0.49094,-0.09958,0.00566,1.94035,27.40572,-19.70435,1.64953,-0.42825,0.41827,-0.28238,0.09564,-0.01311,0.39589,-28.65972,4.61895,-0.26647,0.84019,-0.79809,0.3456,-0.0648,0.00262,,,,,,,,,,,,,,,,,,,,,,,High,High,High,High,Low,,,
216,2025-04-05,16:33:41.00,4,3,"Cassedy, Brandon",1000183671,Right,GEO_PAT,"Blazier, Ian",813662,Left,SLU_BILL,Undefined,8,Top,2,1,1,Cutter,Slider,BallCalled,Undefined,Undefined,Undefined,0,0,,81.18353,-1.111895,-0.865728,2611.828607,77.642448,8:30,5.62405,0.96247,5.5747,-43.44384,-1.10854,-10.22772,0.96489,-0.69856,75.82859,-8.988715,-2.694573,0.468298,,,,,,,,,,,,5.03681,-0.01925,-0.8808,50,5.49912,2.17376,-118.09325,-3.77051,7.2006,19.89102,-32.20157,GEO_PAT,SLU_BILL,SpuhlerFieldMain,D1,A10,20250405-SpuhlerFieldMain-2,43a41290-125d-11f0-a721-ed23b36d4136,80.48808,,,5.35494,,,,,,,7d675549-dbed-425c-a347-a0febeddec93,2025-04-05,20:33:41.00,2025-04-05T16:33:41.0041856-04:00,2025-04-05T20:33:41.0041856Z,,v3,471300,471427,05 April 2025 14:00-stlouis@georgemas,"Raymond, Andrew",10148052,Right,GEO_PAT,afcd1e79-af31-447f-83ed-2c508d1b5f7c,54.93147,-118.92097,9.94551,5.62814,-2.4305,-16.10079,-0.96502,1.87412,3.6003,,,,,,,,,,,,,,,,,,,,,,,,,,,,,,,,,,,,,,,,,,,,,,,,,,,High,High,High,,,,,
217,2025-04-05,16:34:20.95,4,4,"Cassedy, Brandon",1000183671,Right,GEO_PAT,"Blazier, Ian",813662,Left,SLU_BILL,Undefined,8,Top,2,2,1,Fastball,Four-Seam,StrikeCalled,Undefined,Undefined,Undefined,0,0,,88.77073,-2.168394,-0.931116,2305.920028,186.307304,12:15,5.65951,0.90784,6.30194,-16.86525,17.63422,1.84189,2.25494,0.20335,82.17997,-5.366905,-0.59796,0.422744,,,,,,,,,,,,-1.1839,10.01351,-0.8403,50,5.49174,2.02595,-129.09821,-5.35127,-2.02302,23.72348,-15.06328,GEO_PAT,SLU_BILL,SpuhlerFieldMain,D1,A10,20250405-SpuhlerFieldMain-2,5b709a10-125d-11f0-a721-ed23b36d4136,89.16136,,,6.59076,,,,,,,7d675549-dbed-425c-a347-a0febeddec93,2025-04-05,20:34:20.95,2025-04-05T16:34:20.9531904-04:00,2025-04-05T20:34:20.9531904Z,,v3,471300,471427,05 April 2025 14:00-stlouis@georgemas,"Raymond, Andrew",10148052,Right,GEO_PAT,9f8c90af-8f1a-421b-830a-8134afbf7758,54.20072,-129.86786,11.86174,5.65741,-4.86259,-7.53164,-0.90709,2.09158,-1.01151,,,,,,,,,,,,,,,,,,,,,,,,,,,,,,,,,,,,,,,,,,,,,,,,,,,High,High,High,,,,,
218,2025-04-05,16:34:42.57,4,5,"Cassedy, Brandon",1000183671,Right,GEO_PAT,"Blazier, Ian",813662,Left,SLU_BILL,Undefined,8,Top,2,2,2,Fastball,Four-Seam,FoulBallNotFieldable,Undefined,Undefined,Undefined,0,0,,88.85972,-0.952227,-0.411128,2387.511582,180.022404,12:00,5.72424,0.8364,6.15972,-13.96383,20.84832,0.00776,3.68076,0.45721,81.55761,-3.646584,-0.409731,0.424655,77.83689,8.084307,-171.109988,2906.28171,,,,127.09745,49.29078,-173.624366,1.312053,-0.11047,11.2676,-0.80519,50,5.64396,0.92637,-129.14577,-2.4757,-0.18782,25.24407,-13.01955,GEO_PAT,SLU_BILL,SpuhlerFieldMain,D1,A10,20250405-SpuhlerFieldMain-2,683afc40-125d-11f0-a721-ed23b36d4136,88.76006,7.94966,,7.30211,,,,1.22307,3.6328,-0.33468,7d675549-dbed-425c-a347-a0febeddec93,2025-04-05,20:34:42.57,2025-04-05T16:34:42.5766400-04:00,2025-04-05T20:34:42.5766400Z,GroundBall,v3,471300,471427,05 April 2025 14:00-stlouis@georgemas,"Raymond, Andrew",10148052,Right,GEO_PAT,a5267425-cf0e-4ed5-93f5-f777e0252c67,54.33839,-129.99102,12.62204,5.71955,-2.03976,-6.50977,-0.83631,0.93266,-0.09391,118.145849,1.06546,-109.99903,9.92461,,,,,,,3.70532,15.30479,-13.85654,,,,,,,-0.43818,-16.36262,4.57864,,,,,,,,,,,,,,,,,,,,,,,,,,,,,High,High,High,Medium,Low,,,
219,2025-04-05,16:35:08.62,4,6,"Cassedy, Brandon",1000183671,Right,GEO_PAT,"Blazier, Ian",813662,Left,SLU_BILL,Undefined,8,Top,2,2,2,Cutter,Slider,InPlay,Undefined,GroundBall,Out,1,0,,82.46417,-0.360558,0.838138,2589.922457,101.169146,9:15,5.6118,1.02809,5.43,-38.33486,2.90744,-9.02812,2.07949,1.0608,76.66408,-7.338699,-0.770605,0.462214,81.56859,-22.270497,-8.696898,,,,,7.26506,7.26506,-14.800133,0.047031,4.78886,1.86366,-1.0958,50,5.55282,-1.39389,-119.92785,-2.09743,7.06496,20.3735,-29.42462,GEO_PAT,SLU_BILL,SpuhlerFieldMain,D1,A10,20250405-SpuhlerFieldMain-2,77df8080-125d-11f0-a721-ed23b36d4136,81.5476,2.13707,,5.80009,,,,1.86566,2.13707,-1.06679,7d675549-dbed-425c-a347-a0febeddec93,2025-04-05,20:35:08.62,2025-04-05T16:35:08.6291456-04:00,2025-04-05T20:35:08.6291456Z,GroundBall,v3,471300,471427,05 April 2025 14:00-stlouis@georgemas,"Raymond, Andrew",10148052,Right,GEO_PAT,b3bee085-6be8-4683-8d4f-5f97f5c1356a,55.07498,-120.78692,10.18675,5.61511,-0.85672,-14.71231,-1.03074,-1.69179,3.53248,,1.86382,109.68044,,,,,,,,2.13783,-45.43973,,,,,,,,-1.06651,-16.77739,,,,,,,,,,,,,,,,,,,,,,,,,,,,,,High,High,High,Estimated,Estimated,,,
220,2025-04-05,16:37:45.24,1,1,"Minor, Chase",813674,Right,SLU_BILL,"Raymond, Andrew",10148052,Left,GEO_PAT,Undefined,8,Bottom,0,0,0,Fastball,Four-Seam,FoulBallNotFieldable,Undefined,Undefined,Undefined,0,0,,89.30042,-2.989111,-3.27189,2287.835236,218.730856,1:15,5.90598,1.58721,5.47568,-17.12914,18.573,13.96973,1.67421,-0.31383,81.72045,-6.211493,-0.788611,0.43005,,,,,,,,,,,,-7.92965,10.52292,-1.30924,50,5.63129,6.77146,-129.31813,-7.30588,-13.45363,26.48613,-14.32067,GEO_PAT,SLU_BILL,SpuhlerFieldMain,D1,A10,20250405-SpuhlerFieldMain-2,d55bb120-125d-11f0-a721-ed23b36d4136,87.6467,,,7.57997,,,,,,,7d675549-dbed-425c-a347-a0febeddec93,2025-04-05,20:37:45.24,2025-04-05T16:37:45.2435968-04:00,2025-04-05T20:37:45.2435968Z,,v3,471300,471427,05 April 2025 14:00-stlouis@georgemas,"Mendiola, Patrick",1000090289,Right,SLU_BILL,f1794ade-990b-4e2e-a12d-6560e66d118e,55.02631,-130.34352,13.24306,5.9034,-6.75146,-7.16033,-1.58147,7.29231,-6.72681,,,,,,,,,,,,,,,,,,,,,,,,,,,,,,,,,,,,,,,,,,,,,,,,,,,High,High,High,,,,,
221,2025-04-05,16:38:22.00,1,2,"Minor, Chase",813674,Right,SLU_BILL,"Raymond, Andrew",10148052,Left,GEO_PAT,Undefined,8,Bottom,0,0,1,Slider,Slider,FoulBallNotFieldable,Undefined,Undefined,Undefined,0,0,,81.07877,0.085206,-2.618738,2426.206014,15.971547,6:30,5.58788,1.94166,4.59496,-44.1651,0.55972,-0.24484,1.98859,-0.57136,74.39673,-7.845479,-2.661614,0.481333,66.94637,71.561523,-153.28602,5798.947196,,,,,18.53408,,,-0.61606,0.60217,-1.67088,50,5.55544,5.38381,-117.47812,-1.52873,-0.86,22.48533,-31.33343,GEO_PAT,SLU_BILL,SpuhlerFieldMain,D1,A10,20250405-SpuhlerFieldMain-2,eb258ad0-125d-11f0-a721-ed23b36d4136,78.30845,50.12041,,6.68204,,,,2.65054,2.17961,0.50892,7d675549-dbed-425c-a347-a0febeddec93,2025-04-05,20:38:22.00,2025-04-05T16:38:22.0013568-04:00,2025-04-05T20:38:22.0013568Z,,v3,471300,471427,05 April 2025 14:00-stlouis@georgemas,"Mendiola, Patrick",1000090289,Right,SLU_BILL,fce07ee6-459a-42af-8aee-1bfb1e940faf,55.90845,-118.6036,11.24267,5.5927,0.03964,-15.66672,-1.94144,5.42686,-0.43,0.550883,2.65054,-27.74061,-5.25088,2.18535,0.34593,-4.76094,12.05645,-13.8122,6.00299,2.17961,93.14725,-28.30607,3.47427,-0.27512,-1.75684,4.37671,-4.86283,2.06704,0.50892,-13.96055,-2.35527,1.21501,0.21842,-2.91063,7.38929,-8.47911,3.68908,,,,,,,,,,,,,,,,,,,,,,,High,High,High,High,Undefined,,,
222,2025-04-05,16:38:43.98,1,3,"Minor, Chase",813674,Right,SLU_BILL,"Raymond, Andrew",10148052,Left,GEO_PAT,Undefined,8,Bottom,0,0,2,Fastball,Four-Seam,BallCalled,Undefined,Undefined,Undefined,0,0,,87.15505,-4.035066,-3.352684,2037.856212,218.752902,1:15,5.91642,1.47219,5.69166,-21.83096,15.13887,11.26524,0.32366,-0.71743,80.6461,-8.072284,-1.341114,0.437618,,,,,,,,,,,,-6.65575,9.07646,-1.19744,50,5.56231,6.94196,-126.23349,-9.63034,-10.83962,23.45348,-17.39201,GEO_PAT,SLU_BILL,SpuhlerFieldMain,D1,A10,20250405-SpuhlerFieldMain-2,f83644d0-125d-11f0-a721-ed23b36d4136,86.13095,,,6.50895,,,,,,,7d675549-dbed-425c-a347-a0febeddec93,2025-04-05,20:38:43.98,2025-04-05T16:38:43.9849984-04:00,2025-04-05T20:38:43.9849984Z,,v3,471300,471427,05 April 2025 14:00-stlouis@georgemas,"Mendiola, Patrick",1000090289,Right,SLU_BILL,a76ea37e-ab17-4bb6-b6ee-ff6f55efbd9b,54.81315,-127.1246,11.72674,5.91566,-8.96953,-8.69601,-1.46902,7.3538,-5.41981,,,,,,,,,,,,,,,,,,,,,,,,,,,,,,,,,,,,,,,,,,,,,,,,,,,High,High,High,,,,,
223,2025-04-05,16:39:07.11,1,4,"Minor, Chase",813674,Right,SLU_BILL,"Raymond, Andrew",10148052,Left,GEO_PAT,Undefined,8,Bottom,0,1,2,Slider,Slider,StrikeSwinging,Strikeout,Undefined,Undefined,0,0,,81.20647,-0.210879,-2.333758,2439.389286,61.703387,8:00,5.66621,1.83414,4.57172,-44.28345,1.13122,-1.03882,1.77509,-0.47442,73.27526,-8.203422,-2.515734,0.485031,,,,,,,,,,,,-0.2726,1.09878,-1.59109,50,5.60326,4.8314,-117.40231,-2.14792,-0.37321,26.17189,-30.66965,GEO_PAT,SLU_BILL,SpuhlerFieldMain,D1,A10,20250405-SpuhlerFieldMain-2,05efe900-125e-11f0-a721-ed23b36d4136,77.71142,,,7.93121,,,,,,,7d675549-dbed-425c-a347-a0febeddec93,2025-04-05,20:39:07.11,2025-04-05T16:39:07.1190000-04:00,2025-04-05T20:39:07.1190000Z,,v3,471300,471427,05 April 2025 14:00-stlouis@georgemas,"Mendiola, Patrick",1000090289,Right,SLU_BILL,320e21d6-4c1b-41f4-9351-db48de0db37d,55.92777,-118.7164,13.08595,5.67244,-0.608,-15.33482,-1.83414,4.85014,-0.1866,,,,,,,,,,,,,,,,,,,,,,,,,,,,,54.74165,,,1.364453,,,,-3.75984,6.01015,0.92235,70.98942,11.0179,-53.79794,-3.64534,60.71329,-4.40008,6.13934,24.39786,-15.2491,0.85506,-43.90449,2.81702,High,High,High,,,High,High,High
224,2025-04-05,16:39:38.29,2,1,"Minor, Chase",813674,Right,SLU_BILL,"Blanchard, Evan",10073877,Right,GEO_PAT,Undefined,8,Bottom,1,0,0,Slider,Curveball,StrikeCalled,Undefined,Undefined,Undefined,0,0,,78.42221,1.474696,-2.788581,2306.780492,29.787073,7:00,5.65621,2.13155,4.51276,-51.03121,-2.55347,-2.42118,2.8104,-0.72874,71.21009,-7.695069,-3.21156,0.501121,,,,,,,,,,,,0.30862,-1.16492,-1.83699,50,5.76232,5.63076,-113.40781,0.96545,0.39766,22.8075,-33.67498,GEO_PAT,SLU_BILL,SpuhlerFieldMain,D1,A10,20250405-SpuhlerFieldMain-2,18848850-125e-11f0-a721-ed23b36d4136,75.21625,,,7.21212,,,,,,,7d675549-dbed-425c-a347-a0febeddec93,2025-04-05,20:39:38.29,2025-04-05T16:39:38.2951936-04:00,2025-04-05T20:39:38.2951936Z,,v3,471300,471427,05 April 2025 14:00-stlouis@georgemas,"Mendiola, Patrick",1000090289,Right,SLU_BILL,9b9a6637-a974-473f-8c6f-f299b26d412a,55.98779,-114.60569,11.40375,5.66516,2.7341,-16.83749,-2.13218,5.60988,0.19883,,,,,,,,,,,,,,,,,,,,,,,,,,,,,,,,,,,,,,,,,,,,,,,,,,,High,High,High,,,,,
225,2025-04-05,16:39:54.70,2,2,"Minor, Chase",813674,Right,SLU_BILL,"Blanchard, Evan",10073877,Right,GEO_PAT,Undefined,8,Bottom,1,0,1,Slider,Slider,BallCalled,Undefined,Undefined,Undefined,0,0,,80.41871,-0.748393,-2.277803,2492.333273,90.999515,9:00,5.51109,1.82349,4.59283,-44.01652,1.53819,-3.93988,1.13056,-0.67264,73.80499,-8.644155,-2.968401,0.485778,,,,,,,,,,,,1.28295,1.35205,-1.58421,50,5.39276,4.80476,-116.50404,-3.20453,1.75741,22.57352,-30.32198,GEO_PAT,SLU_BILL,SpuhlerFieldMain,D1,A10,20250405-SpuhlerFieldMain-2,226697a0-125e-11f0-a721-ed23b36d4136,77.59188,,,6.61372,,,,,,,7d675549-dbed-425c-a347-a0febeddec93,2025-04-05,20:39:54.70,2025-04-05T16:39:54.7035136-04:00,2025-04-05T20:39:54.7035136Z,,v3,471300,471427,05 April 2025 14:00-stlouis@georgemas,"Mendiola, Patrick",1000090289,Right,SLU_BILL,7c93f9e2-ebef-4ac6-8e74-a17902dcbc3f,55.90996,-117.64357,11.28676,5.51589,-1.67386,-15.16099,-1.82452,4.71605,0.87871,,,,,,,,,,,,,,,,,,,,,,,,,,,,,,,,,,,,,,,,,,,,,,,,,,,High,High,High,,,,,
226,2025-04-05,16:40:15.24,2,3,"Minor, Chase",813674,Right,SLU_BILL,"Blanchard, Evan",10073877,Right,GEO_PAT,Undefined,8,Bottom,1,1,1,Slider,Curveball,StrikeSwinging,Undefined,Undefined,Undefined,0,0,,78.7612,-0.571662,-1.86237,2306.195833,34.722532,7:15,5.66703,1.85564,4.66442,-49.28172,-1.96165,-2.40969,1.01686,-0.11497,72.42541,-9.400029,-2.285838,0.495101,,,,,,,,,,,,0.65476,-0.42764,-1.66322,50,5.56355,3.81347,-114.17268,-2.98253,0.86131,21.69682,-32.73657,GEO_PAT,SLU_BILL,SpuhlerFieldMain,D1,A10,20250405-SpuhlerFieldMain-2,2eab2800-125e-11f0-a721-ed23b36d4136,76.13078,,,6.33579,,,,,,,7d675549-dbed-425c-a347-a0febeddec93,2025-04-05,20:40:15.24,2025-04-05T16:40:15.2467456-04:00,2025-04-05T20:40:15.2467456Z,,v3,471300,471427,05 April 2025 14:00-stlouis@georgemas,"Mendiola, Patrick",1000090289,Right,SLU_BILL,e680573e-935c-4fbb-a70e-3551ab466270,55.83935,-115.27702,10.84841,5.67296,-1.31628,-16.36829,-1.85621,3.76963,0.43066,,,,,,,,,,,,,,,,,,,,,,,,,,,,,,,,,,,,,,,,,,,,,,,,,,,High,High,High,,,,,
227,2025-04-05,16:40:34.27,2,4,"Minor, Chase",813674,Right,SLU_BILL,"Blanchard, Evan",10073877,Right,GEO_PAT,Undefined,8,Bottom,1,1,2,Slider,Slider,FoulBallNotFieldable,Undefined,Undefined,Undefined,0,0,,81.88916,-0.212775,-2.499549,2458.737344,60.954595,8:00,5.82451,1.51756,4.81684,-44.32672,-0.35925,-3.41181,1.92886,-1.13609,74.4149,-8.219946,-3.099706,0.47724,,,,,,,,,,,,0.90248,0.26827,-1.26587,50,5.76497,5.32269,-118.54834,-2.12044,1.2674,25.44781,-31.79731,GEO_PAT,SLU_BILL,SpuhlerFieldMain,D1,A10,20250405-SpuhlerFieldMain-2,39ff3de0-125e-11f0-a721-ed23b36d4136,78.97999,,,7.47426,,,,,,,7d675549-dbed-425c-a347-a0febeddec93,2025-04-05,20:40:34.27,2025-04-05T16:40:34.2762496-04:00,2025-04-05T20:40:34.2762496Z,,v3,471300,471427,05 April 2025 14:00-stlouis@georgemas,"Mendiola, Patrick",1000090289,Right,SLU_BILL,344ac2fb-44a2-4802-a939-ee4b701cc5a4,55.68534,-119.76255,12.7239,5.82995,-0.60328,-15.89866,-1.51839,5.26222,0.6337,,,,,,,,,,,,,,,,,,,,,,,,,,,,,,,,,,,,,,,,,,,,,,,,,,,High,High,High,,,,,
228,2025-04-05,16:40:56.65,2,5,"Minor, Chase",813674,Right,SLU_BILL,"Blanchard, Evan",10073877,Right,GEO_PAT,Undefined,8,Bottom,1,1,2,Slider,Slider,BallCalled,Undefined,Undefined,Undefined,0,0,,81.17525,-1.71002,-3.032603,2483.929638,55.835944,7:45,5.65522,1.72112,4.62401,-46.55995,-1.29579,-4.28205,0.1468,-1.52141,73.92319,-10.043671,-3.783545,0.484227,,,,,,,,,,,,1.13382,0.29028,-1.40505,50,5.4363,6.40269,-117.34853,-5.29666,1.55592,25.49783,-31.7757,GEO_PAT,SLU_BILL,SpuhlerFieldMain,D1,A10,20250405-SpuhlerFieldMain-2,47525810-125e-11f0-a721-ed23b36d4136,77.8405,,,7.25207,,,,,,,7d675549-dbed-425c-a347-a0febeddec93,2025-04-05,20:40:56.65,2025-04-05T16:40:56.6546432-04:00,2025-04-05T20:40:56.6546432Z,,v3,471300,471427,05 April 2025 14:00-stlouis@georgemas,"Mendiola, Patrick",1000090289,Right,SLU_BILL,8991e5b5-9290-4f16-b181-bbf5c834a486,55.87846,-118.61894,12.74891,5.66076,-3.71346,-15.88785,-1.72213,6.32517,0.77796,,,,,,,,,,,,,,,,,,,,,,,,,,,,,,,,,,,,,,,,,,,,,,,,,,,High,High,High,,,,,
229,2025-04-05,16:41:19.09,2,6,"Minor, Chase",813674,Right,SLU_BILL,"Blanchard, Evan",10073877,Right,GEO_PAT,Undefined,8,Bottom,1,2,2,Fastball,Four-Seam,InPlay,Undefined,GroundBall,Out,1,0,,90.2933,-3.120818,-2.930078,2225.411736,217.793757,1:15,6.00513,1.50374,5.45639,-16.15359,18.85359,13.72595,1.73075,-0.09779,82.45954,-6.169449,-0.489854,0.425844,62.30249,-26.287542,-23.856626,,,,,5.87263,5.87263,-13.859287,0.045012,-7.78559,10.74056,-1.25504,50,5.71859,6.08526,-130.76692,-7.65293,-13.46953,27.79656,-13.59225,GEO_PAT,SLU_BILL,SpuhlerFieldMain,D1,A10,20250405-SpuhlerFieldMain-2,54ad1360-125e-11f0-a721-ed23b36d4136,88.51241,1.82768,,7.83376,,,,2.31774,1.82768,0.08976,7d675549-dbed-425c-a347-a0febeddec93,2025-04-05,20:41:19.09,2025-04-05T16:41:19.0993408-04:00,2025-04-05T20:41:19.0993408Z,GroundBall,v3,471300,471427,05 April 2025 14:00-stlouis@georgemas,"Mendiola, Patrick",1000090289,Right,SLU_BILL,9d79ad82-f1f1-4162-97ed-a18e7c3f97fe,55.04653,-131.83528,13.89828,6.00268,-7.13051,-6.79612,-1.49887,6.60296,-6.73477,,2.31593,75.17787,,,,,,,,1.82866,-40.60408,,,,,,,,0.09057,-33.24618,,,,,,,,,,,,,,,,,,,,,,,,,,,,,,High,High,High,Estimated,Estimated,,,
230,2025-04-05,16:41:56.83,3,1,"Minor, Chase",813674,Right,SLU_BILL,"Wall, Jonny",1000119703,Right,GEO_PAT,Undefined,8,Bottom,2,0,0,Slider,Slider,InPlay,Undefined,GroundBall,Double,0,0,,80.07048,-0.323994,-1.797069,2349.839135,45.065118,7:30,5.63355,1.96496,4.61098,-47.02695,-1.5098,-2.86587,1.4064,0.01676,74.06492,-8.733878,-2.3,0.485578,76.6913,9.700241,-40.554261,2753.626227,,,,94.67888,93.23559,-43.358818,0.9479,0.94331,-0.34988,-1.77703,50,5.55618,3.76655,-116.1798,-2.45303,1.29518,20.83339,-32.65444,GEO_PAT,SLU_BILL,SpuhlerFieldMain,D1,A10,20250405-SpuhlerFieldMain-2,6b318a80-125e-11f0-a721-ed23b36d4136,77.62386,5.50196,,6.00556,,,,3.5457,1.63084,-0.03392,7d675549-dbed-425c-a347-a0febeddec93,2025-04-05,20:41:56.83,2025-04-05T16:41:56.8371712-04:00,2025-04-05T20:41:56.8371712Z,GroundBall,v3,471300,471427,05 April 2025 14:00-stlouis@georgemas,"Mendiola, Patrick",1000090289,Right,SLU_BILL,032762c2-8bb6-47ec-b994-bf90908687a1,55.89397,-117.23195,10.4167,5.63842,-0.80388,-16.32722,-1.9656,3.70114,0.64759,,3.5457,84.23968,-19.61716,4.43398,-1.03232,0.19142,-0.03423,0.00469,-0.00011,1.63084,18.95222,-24.48493,3.39648,-0.72473,0.14857,-0.02751,0.00482,-0.00052,-0.03392,-72.08557,2.63536,1.71041,-0.7716,0.26049,-0.06896,0.01589,-0.00209,,,,,,,,,,,,,,,,,,,,,,,High,High,High,High,High,,,
231,2025-04-05,16:42:46.88,4,1,"Minor, Chase",813674,Right,SLU_BILL,"Lavin, Sam",1000364332,Left,GEO_PAT,Undefined,8,Bottom,2,0,0,Fastball,Four-Seam,BallCalled,Undefined,Undefined,Undefined,0,0,,90.31862,-4.950452,-4.682591,2458.062352,217.954574,1:15,5.73582,1.60862,5.61478,-15.61544,19.39816,14.21828,-0.21314,-1.5869,82.64513,-7.896543,-2.155412,0.425882,,,,,,,,,,,,-8.63571,11.62087,-1.21757,50,5.30076,10.07554,-130.32657,-11.81086,-14.85478,27.35212,-12.18432,GEO_PAT,SLU_BILL,SpuhlerFieldMain,D1,A10,20250405-SpuhlerFieldMain-2,88faf7e0-125e-11f0-a721-ed23b36d4136,88.50436,,,7.67349,,,,,,,7d675549-dbed-425c-a347-a0febeddec93,2025-04-05,20:42:46.88,2025-04-05T16:42:46.8861952-04:00,2025-04-05T20:42:46.8861952Z,,v3,471300,471427,05 April 2025 14:00-stlouis@georgemas,"Mendiola, Patrick",1000090289,Right,SLU_BILL,29c5bfdf-a8bb-43e9-ac27-8b6fa9b21ad7,54.88989,-131.34881,13.67606,5.73366,-11.35549,-6.09216,-1.60451,10.63071,-7.42739,,,,,,,,,,,,,,,,,,,,,,,,,,,,,,,,,,,,,,,,,,,,,,,,,,,High,High,High,,,,,
232,2025-04-05,16:43:13.40,4,2,"Minor, Chase",813674,Right,SLU_BILL,"Lavin, Sam",1000364332,Left,GEO_PAT,Undefined,8,Bottom,2,1,0,Fastball,Four-Seam,InPlay,Undefined,LineDrive,Double,0,1,,89.12342,-1.972402,-3.055546,2353.720418,215.7447,1:15,5.84375,1.67562,5.36235,-16.72765,18.96485,12.88091,2.59674,-0.11913,82.01186,-5.111213,-0.770482,0.429992,106.73976,18.960893,25.530598,1861.659567,97.8352,34.50234,50.28163,340.45634,340.45634,32.957044,3.652738,-7.32461,10.39264,-1.41066,50,5.65475,6.34181,-129.28414,-5.00717,-12.4994,24.86781,-14.43913,GEO_PAT,SLU_BILL,SpuhlerFieldMain,D1,A10,20250405-SpuhlerFieldMain-2,98cca6a0-125e-11f0-a721-ed23b36d4136,87.65855,45.73072,,7.11155,,,,3.38263,2.75831,0.04845,7d675549-dbed-425c-a347-a0febeddec93,2025-04-05,20:43:13.40,2025-04-05T16:43:13.4055424-04:00,2025-04-05T20:43:13.4055424Z,LineDrive,v3,471300,471427,05 April 2025 14:00-stlouis@georgemas,"Mendiola, Patrick",1000090289,Right,SLU_BILL,bcae5846-0687-4377-b5c7-158015e8c899,55.14204,-130.26946,12.4339,5.84181,-4.43506,-7.21957,-1.67175,6.83706,-6.2497,219.295426,3.38247,133.60439,-30.15691,7.66621,-1.84076,0.39956,-0.06754,0.00706,-0.00031,2.75852,50.86084,-15.77214,0.25434,0.19787,-0.08088,0.01455,-0.00073,-4E-05,0.04868,63.80443,-4.73302,0.09213,0.23273,-0.10285,0.02456,-0.0032,0.00018,,,,,,,,,,,,,,,,,,,,,,,High,High,High,High,High,,,
233,2025-04-05,16:44:10.40,5,1,"Minor, Chase",813674,Right,SLU_BILL,"Clyne, Owen",1000230336,Left,GEO_PAT,Undefined,8,Bottom,2,0,0,Slider,Slider,BallCalled,Undefined,Undefined,Undefined,0,0,,80.39056,-0.364894,-5.397893,2453.042949,344.718877,5:30,5.35328,2.15791,4.98995,-44.624,0.71744,0.21323,1.28851,-2.93659,73.5433,-8.411235,-5.360515,0.48464,,,,,,,,,,,,-1.69402,0.95008,-1.6365,50,5.28188,10.95766,-116.06193,-2.3802,-2.29824,22.81463,-30.88509,GEO_PAT,SLU_BILL,SpuhlerFieldMain,D1,A10,20250405-SpuhlerFieldMain-2,bab7d140-125e-11f0-a721-ed23b36d4136,77.77414,,,6.84726,,,,,,,7d675549-dbed-425c-a347-a0febeddec93,2025-04-05,20:44:10.40,2025-04-05T16:44:10.4048128-04:00,2025-04-05T20:44:10.4048128Z,,v3,471300,471427,05 April 2025 14:00-stlouis@georgemas,"Mendiola, Patrick",1000090289,Right,SLU_BILL,c3e8d165-6216-40f9-8850-c093a09a4f00,55.51073,-117.14018,11.40732,5.35987,-0.92052,-15.44255,-2.15694,11.06628,-1.14912,,,,,,,,,,,,,,,,,,,,,,,,,,,,,,,,,,,,,,,,,,,,,,,,,,,High,High,High,,,,,
234,2025-04-05,16:44:35.56,5,2,"Minor, Chase",813674,Right,SLU_BILL,"Clyne, Owen",1000230336,Left,GEO_PAT,Undefined,8,Bottom,2,1,0,Slider,Slider,StrikeCalled,Undefined,Undefined,Undefined,0,0,,80.64688,0.819416,-1.345319,2422.04487,99.373036,9:15,5.64627,1.99146,5.1445,-42.46416,1.4378,-0.92724,2.87941,0.64723,74.40256,-6.888339,-1.509491,0.476885,,,,,,,,,,,,0.11248,0.93484,-1.86472,50,5.69032,2.78892,-117.0945,0.13745,0.15723,20.6657,-30.86708,GEO_PAT,SLU_BILL,SpuhlerFieldMain,D1,A10,20250405-SpuhlerFieldMain-2,c9b7d820-125e-11f0-a721-ed23b36d4136,79.03892,,,6.24432,,,,,,,7d675549-dbed-425c-a347-a0febeddec93,2025-04-05,20:44:35.56,2025-04-05T16:44:35.5639808-04:00,2025-04-05T20:44:35.5639808Z,,v3,471300,471427,05 April 2025 14:00-stlouis@georgemas,"Mendiola, Patrick",1000090289,Right,SLU_BILL,9e01bad7-2a09-46aa-91d1-bfa5ae207af9,55.3577,-118.03627,10.33285,5.65201,1.54412,-15.43354,-1.99165,2.78176,0.07862,,,,,,,,,,,,,,,,,,,,,,,,,,,,,,,,,,,,,,,,,,,,,,,,,,,High,High,High,,,,,
235,2025-04-05,16:44:52.18,5,3,"Minor, Chase",813674,Right,SLU_BILL,"Clyne, Owen",1000230336,Left,GEO_PAT,Undefined,8,Bottom,2,1,1,Slider,Slider,FoulBallNotFieldable,Undefined,Undefined,Undefined,0,0,,80.1186,0.828361,-1.482174,2362.618121,55.257466,7:45,5.63026,2.02982,4.94342,-43.70609,1.21185,-0.1928,2.77129,0.61265,73.78086,-7.077735,-1.51618,0.482371,66.7363,60.665204,-70.743585,5327.088283,,,,135.30328,53.09563,-89.280428,4.087742,-0.29795,0.73807,-1.88561,50,5.6743,3.0168,-116.28337,0.08437,-0.40968,20.93489,-31.15914,GEO_PAT,SLU_BILL,SpuhlerFieldMain,D1,A10,20250405-SpuhlerFieldMain-2,d3b5d3e0-125e-11f0-a721-ed23b36d4136,78.13992,76.16985,,6.33774,,,,1.14047,2.3693,-0.73919,7d675549-dbed-425c-a347-a0febeddec93,2025-04-05,20:44:52.18,2025-04-05T16:44:52.1873920-04:00,2025-04-05T20:44:52.1873920Z,Popup,v3,471300,471427,05 April 2025 14:00-stlouis@georgemas,"Mendiola, Patrick",1000090289,Right,SLU_BILL,05630573-d3f8-4bbd-9735-91d5b3e2b1dd,55.56028,-117.28013,10.46744,5.63497,1.56793,-15.57957,-2.02971,3.03631,-0.20484,147.467089,1.14451,15.68155,-11.50683,2.68735,0.94308,-1.06908,0.38989,-0.06507,0.00415,2.37632,85.13655,-29.24269,2.10344,1.33413,-1.00408,0.2979,-0.04191,0.00228,-0.74348,-45.16936,1.4613,1.76041,-0.9861,0.24491,-0.00109,-0.00906,0.00102,,,,,,,,,,,,,,,,,,,,,,,High,High,High,Medium,Low,,,
236,2025-04-05,16:45:14.54,5,4,"Minor, Chase",813674,Right,SLU_BILL,"Clyne, Owen",1000230336,Left,GEO_PAT,Undefined,8,Bottom,2,1,2,Slider,Slider,FoulBallNotFieldable,Undefined,Undefined,Undefined,0,0,,80.08518,0.318887,-0.978404,2424.597419,76.251841,8:30,5.49321,1.98838,4.59693,-45.00798,0.78173,-2.76225,2.0459,0.82751,73.43082,-7.775021,-1.462963,0.487029,63.52204,61.929253,-108.442763,5578.120872,,,,,14.75636,,,1.08315,0.66079,-1.88464,50,5.48416,2.10238,-116.12996,-1.06902,1.47651,22.11403,-31.27329,GEO_PAT,SLU_BILL,SpuhlerFieldMain,D1,A10,20250405-SpuhlerFieldMain-2,e10da900-125e-11f0-a721-ed23b36d4136,77.39253,26.09599,,6.65436,,,,1.75312,2.01743,-0.79701,7d675549-dbed-425c-a347-a0febeddec93,2025-04-05,20:45:14.54,2025-04-05T16:45:14.5449984-04:00,2025-04-05T20:45:14.5449984Z,,v3,471300,471427,05 April 2025 14:00-stlouis@georgemas,"Mendiola, Patrick",1000090289,Right,SLU_BILL,bf382ee8-c119-4ee3-b392-345ab90f8ae8,55.90629,-117.24927,11.05702,5.49821,0.51389,-15.63664,-1.98916,2.02765,0.73826,20.820401,1.75584,-13.9819,-6.24263,,,,,,,2.01828,82.17159,-21.35116,,,,,,,-0.79517,-41.6652,-2.5943,,,,,,,,,,,,,,,,,,,,,,,,,,,,,High,High,High,Medium,Undefined,,,
237,2025-04-05,16:45:38.76,5,5,"Minor, Chase",813674,Right,SLU_BILL,"Clyne, Owen",1000230336,Left,GEO_PAT,Undefined,8,Bottom,2,1,2,Slider,Slider,StrikeSwinging,Strikeout,Undefined,Undefined,0,0,,82.67565,-1.516509,-2.77661,2551.21867,74.13306,8:30,5.59727,1.78676,4.87896,-41.93857,1.0724,-1.45469,0.66542,-0.9638,75.38886,-9.08127,-3.03291,0.472021,,,,,,,,,,,,-0.13961,1.34646,-1.51234,50,5.41241,5.8657,-119.65978,-4.7509,-0.20006,25.61426,-30.2447,GEO_PAT,SLU_BILL,SpuhlerFieldMain,D1,A10,20250405-SpuhlerFieldMain-2,ef7f79a0-125e-11f0-a721-ed23b36d4136,79.85339,,,7.28679,,,,,,,7d675549-dbed-425c-a347-a0febeddec93,2025-04-05,20:45:38.76,2025-04-05T16:45:38.7616256-04:00,2025-04-05T20:45:38.7616256Z,,v3,471300,471427,05 April 2025 14:00-stlouis@georgemas,"Mendiola, Patrick",1000090289,Right,SLU_BILL,f5bd15bb-00cd-463c-842c-36525702a070,55.62388,-120.85763,12.80713,5.60152,-3.33651,-15.12235,-1.78687,5.87505,-0.10003,,,,,,,,,,,,,,,,,,,,,,,,,,,,,,,,,,,,,,,,,,,,,,,,,,,High,High,High,,,,,
238,,,1,1,"Cassedy, Brandon",1000183671,Right,GEO_PAT,"Iffrig, Riley",1000094154,Left,SLU_BILL,Undefined,9,Top,0,0,0,Slider,,BallCalled,Undefined,Undefined,Undefined,0,0,,,,,,,,,,,,,,,,,,,,,,,,,,,,,,,,,,,,,,,,,,GEO_PAT,SLU_BILL,SpuhlerFieldMain,D1,A10,20250405-SpuhlerFieldMain-2,48049ba0-125f-11f0-a721-ed23b36d4136,,,,,,,,,,,7d675549-dbed-425c-a347-a0febeddec93,,,,,,v3,471300,471427,05 April 2025 14:00-stlouis@georgemas,"Raymond, Andrew",10148052,Right,GEO_PAT,,,,,,,,,,,,,,,,,,,,,,,,,,,,,,,,,,,,,,,,,,,,,,,,,,,,,,,,,,,,,,,,,,,,
239,2025-04-05,16:48:17.48,1,2,"Cassedy, Brandon",1000183671,Right,GEO_PAT,"Iffrig, Riley",1000094154,Left,SLU_BILL,Undefined,9,Top,0,1,0,Curveball,Curveball,BallCalled,Undefined,Undefined,Undefined,0,0,,73.97218,1.58498,2.371995,2583.178146,38.789604,7:15,5.67918,0.88141,5.67128,-64.17736,-12.98076,-11.61764,1.81053,2.12617,68.6814,-10.067975,0.291357,0.514982,,,,,,,,,,,,6.53744,-6.57516,-1.07435,50,5.77227,-4.03969,-107.51542,0.94182,7.68921,17.79757,-39.90762,GEO_PAT,SLU_BILL,SpuhlerFieldMain,D1,A10,20250405-SpuhlerFieldMain-2,4e057920-125f-11f0-a721-ed23b36d4136,73.19179,,,5.29078,,,,,,,7d675549-dbed-425c-a347-a0febeddec93,2025-04-05,20:48:17.48,2025-04-05T16:48:17.4871040-04:00,2025-04-05T20:48:17.4871040Z,,v3,471300,471427,05 April 2025 14:00-stlouis@georgemas,"Raymond, Andrew",10148052,Right,GEO_PAT,6e1b4d3f-af16-4b32-9672-80de01cba1b8,54.83693,-108.31314,8.89878,5.68997,2.73056,-19.95381,-0.88555,-4.38433,3.84461,,,,,,,,,,,,,,,,,,,,,,,,,,,,,,,,,,,,,,,,,,,,,,,,,,,High,High,High,,,,,
240,2025-04-05,16:48:36.59,1,3,"Cassedy, Brandon",1000183671,Right,GEO_PAT,"Iffrig, Riley",1000094154,Left,SLU_BILL,Undefined,9,Top,0,2,0,Fastball,Four-Seam,FoulBallNotFieldable,Undefined,Undefined,Undefined,0,0,,89.08012,-2.088065,-1.174926,2332.419166,180.509524,12:00,5.63739,0.77714,6.45536,-13.92611,20.34647,0.17177,2.55731,-0.28811,81.90474,-4.778772,-1.143779,0.421352,59.58553,41.378205,-45.865117,3470.500006,63.63134,44.95287,-89.72753,169.914,144.9665,-59.084806,3.458075,-0.40043,11.55453,-0.69406,50,5.48308,2.64986,-129.51984,-5.06066,-0.68361,25.79003,-12.44878,GEO_PAT,SLU_BILL,SpuhlerFieldMain,D1,A10,20250405-SpuhlerFieldMain-2,59726e30-125f-11f0-a721-ed23b36d4136,89.45603,47.53848,,7.17538,,,,1.15611,2.58343,0.27157,7d675549-dbed-425c-a347-a0febeddec93,2025-04-05,20:48:36.59,2025-04-05T16:48:36.5979648-04:00,2025-04-05T20:48:36.5979648Z,Popup,v3,471300,471427,05 April 2025 14:00-stlouis@georgemas,"Raymond, Andrew",10148052,Right,GEO_PAT,824372f6-7fb0-46db-989b-658dee047a19,54.04804,-130.3234,12.89502,5.63472,-4.67279,-6.22439,-0.77696,2.67116,-0.3418,133.097377,1.156,45.66834,-11.43217,3.07386,-0.83211,0.2515,-0.07677,0.01391,-0.00091,2.58294,57.78317,-20.66233,1.7769,-0.45187,0.15499,-0.04596,0.00913,-0.00079,0.27197,-47.07855,1.23727,0.16348,0.16765,-0.23218,0.11047,-0.02482,0.00215,,,,,,,,,,,,,,,,,,,,,,,High,High,High,High,Medium,,,
241,2025-04-05,16:49:15.73,1,4,"Cassedy, Brandon",1000183671,Right,GEO_PAT,"Iffrig, Riley",1000094154,Left,SLU_BILL,Undefined,9,Top,0,2,1,Fastball,Four-Seam,FoulBallNotFieldable,Undefined,Undefined,Undefined,0,0,,88.73789,-1.339065,-0.745774,2244.804881,193.049849,12:30,5.60558,0.7875,6.26357,-16.95871,17.90592,3.9013,2.95733,0.42493,81.33621,-4.57971,-0.040649,0.424976,72.95823,45.650703,-138.761714,4165.333815,,,,,55.7118,,,-2.23579,10.00457,-0.7341,50,5.49785,1.52552,-129.00195,-3.47634,-3.77591,26.28284,-15.278,GEO_PAT,SLU_BILL,SpuhlerFieldMain,D1,A10,20250405-SpuhlerFieldMain-2,70c531d0-125f-11f0-a721-ed23b36d4136,88.6932,46.68042,,7.40168,,,,0.78528,3.02578,-0.47165,7d675549-dbed-425c-a347-a0febeddec93,2025-04-05,20:49:15.73,2025-04-05T16:49:15.7316608-04:00,2025-04-05T20:49:15.7316608Z,,v3,471300,471427,05 April 2025 14:00-stlouis@georgemas,"Raymond, Andrew",10148052,Right,GEO_PAT,5244cc95-3795-4d9c-8747-cf735f1bbe65,54.23873,-129.86267,13.14142,5.60351,-2.976,-7.639,-0.78609,1.64918,-1.88795,30.597522,0.78528,-56.248,-1.21697,1.48832,-0.69311,1.69781,-3.03073,2.57,-0.84242,3.02578,76.51832,-29.03532,3.68638,-1.06343,1.52685,-2.48902,2.04621,-0.6598,-0.47165,-49.30751,7.56945,-1.0137,0.24493,-0.3398,0.52847,-0.41324,0.12907,,,,,,,,,,,,,,,,,,,,,,,High,High,High,High,Undefined,,,
242,2025-04-05,16:49:38.62,1,5,"Cassedy, Brandon",1000183671,Right,GEO_PAT,"Iffrig, Riley",1000094154,Left,SLU_BILL,Undefined,9,Top,0,2,2,Cutter,Slider,InPlay,Undefined,GroundBall,Single,0,0,,82.14619,0.628879,0.744539,2609.217845,81.037477,8:45,5.62785,0.77812,5.5315,-41.58522,-0.46197,-9.43819,2.75039,0.68766,76.80626,-6.933757,-0.939936,0.461546,98.15773,2.06539,-14.623083,2413.870465,,,,91.04383,86.22188,-18.054722,0.698967,4.98307,-0.10268,-0.83618,50,5.6541,-1.18588,-119.57992,-0.13264,7.35946,18.73914,-32.32567,GEO_PAT,SLU_BILL,SpuhlerFieldMain,D1,A10,20250405-SpuhlerFieldMain-2,7e6d70e0-125f-11f0-a721-ed23b36d4136,81.66563,3.31092,,5.33994,,,,1.29784,2.8162,-0.65043,7d675549-dbed-425c-a347-a0febeddec93,2025-04-05,20:49:38.62,2025-04-05T16:49:38.6221056-04:00,2025-04-05T20:49:38.6221056Z,GroundBall,v3,471300,471427,05 April 2025 14:00-stlouis@georgemas,"Raymond, Andrew",10148052,Right,GEO_PAT,61c2e6d3-c98d-4875-9bc6-44fd02993684,54.97481,-120.35699,9.36957,5.63181,1.20783,-16.16284,-0.78068,-1.49106,3.67973,103.755768,1.37505,137.70697,-22.79684,,,,,,,2.82811,4.95946,-12.90725,,,,,,,-0.61761,-36.9706,-3.65757,,,,,,,,,,,,,,,,,,,,,,,,,,,,,High,High,High,High,High,,,
243,2025-04-05,16:53:10.79,2,1,"Drumm, Jake",1000077041,Right,GEO_PAT,"Stressler, Brenden",10083882,Left,SLU_BILL,Undefined,9,Top,0,0,0,Fastball,Four-Seam,BallCalled,Undefined,Undefined,Undefined,0,0,,88.53882,-0.350869,-1.792855,1914.319927,210.573138,1:00,5.85469,1.93594,5.31348,-24.38883,12.09213,6.45185,3.49278,0.79021,80.78376,-4.871013,-0.647771,0.434715,,,,,,,,,,,,-3.73398,6.50654,-1.77814,50,5.80545,3.72927,-128.44084,-1.658,-6.23074,26.8758,-21.31688,GEO_PAT,SLU_BILL,SpuhlerFieldMain,D1,A10,20250405-SpuhlerFieldMain-2,fceb0860-125f-11f0-a721-ed23b36d4136,86.70614,,,7.75506,,,,,,,7d675549-dbed-425c-a347-a0febeddec93,2025-04-05,20:53:10.79,2025-04-05T16:53:10.7982336-04:00,2025-04-05T20:53:10.7982336Z,,v3,471300,471427,05 April 2025 14:00-stlouis@georgemas,"Raymond, Andrew",10148052,Right,GEO_PAT,331e2778-722c-49d0-8a5d-62e259436a33,55.18742,-129.52174,13.4379,5.8549,-0.80067,-10.65844,-1.93317,3.97986,-3.11537,,,,,,,,,,,,,,,,,,,,,,,,,,,,,,,,,,,,,,,,,,,,,,,,,,,High,High,High,,,,,
244,2025-04-05,16:53:29.24,2,2,"Drumm, Jake",1000077041,Right,GEO_PAT,"Stressler, Brenden",10083882,Left,SLU_BILL,Undefined,9,Top,0,1,0,Fastball,Four-Seam,InPlay,Undefined,LineDrive,Single,0,0,,88.88186,-2.041944,-1.52333,1990.408866,211.65554,1:00,5.88919,1.98006,5.22422,-23.03202,13.05091,7.3765,2.04855,1.1622,81.84941,-6.282117,-0.215395,0.432337,102.1107,6.127866,-12.180881,1612.48991,106.26691,5.36295,-28.41264,156.25399,155.95193,-15.934772,1.249364,-4.10599,7.38741,-1.84534,50,5.68364,3.10124,-128.98863,-5.43593,-6.96239,25.2057,-19.64741,GEO_PAT,SLU_BILL,SpuhlerFieldMain,D1,A10,20250405-SpuhlerFieldMain-2,07e4c940-1260-11f0-a721-ed23b36d4136,87.18303,6.38838,,7.03245,,,,1.22041,2.05373,-0.87365,7d675549-dbed-425c-a347-a0febeddec93,2025-04-05,20:53:29.24,2025-04-05T16:53:29.2471808-04:00,2025-04-05T20:53:29.2471808Z,GroundBall,v3,471300,471427,05 April 2025 14:00-stlouis@georgemas,"Raymond, Andrew",10148052,Right,GEO_PAT,1aec1f98-0cf3-462d-808f-c6acf38c58f0,55.27881,-130.01607,12.60285,5.8889,-4.63506,-9.82371,-1.97754,3.38504,-3.48119,111.942367,1.55902,141.76428,-18.39704,,,,,,,2.1272,15.1815,-13.55709,,,,,,,-0.79273,-32.34914,-1.12472,,,,,,,,,,,,,,,,,,,,,,,,,,,,,High,High,High,High,High,,,
245,2025-04-05,16:54:03.23,3,1,"Drumm, Jake",1000077041,Right,GEO_PAT,"McGwire, Max",695679,Right,SLU_BILL,Undefined,9,Top,0,0,0,Slider,Curveball,StrikeSwinging,Undefined,Undefined,Undefined,0,0,,76.09683,0.074133,-1.701945,2277.306373,72.928226,8:30,5.80325,1.81678,4.85339,-51.39688,-1.34543,-9.28646,1.59039,-0.56873,70.37258,-9.15708,-3.338518,0.50919,,,,,,,,,,,,4.14362,-0.27535,-1.64029,50,5.76637,3.65144,-110.42719,-1.67551,5.12715,19.28051,-32.51476,GEO_PAT,SLU_BILL,SpuhlerFieldMain,D1,A10,20250405-SpuhlerFieldMain-2,1c319fe0-1260-11f0-a721-ed23b36d4136,74.02436,,,5.72425,,,,,,,7d675549-dbed-425c-a347-a0febeddec93,2025-04-05,20:54:03.23,2025-04-05T16:54:03.2356352-04:00,2025-04-05T20:54:03.2356352Z,,v3,471300,471427,05 April 2025 14:00-stlouis@georgemas,"Raymond, Andrew",10148052,Right,GEO_PAT,feecee54-c761-49d3-87d8-5a1dfdc5a942,55.65086,-111.40946,9.64026,5.80954,-0.01901,-16.25738,-1.81966,3.39024,2.56358,,,,,,,,,,,,,,,,,,,,,,,,,,,,,,,,,,,,,,,,,,,,,,,,,,,High,High,High,,,,,
246,2025-04-05,16:54:21.67,3,2,"Drumm, Jake",1000077041,Right,GEO_PAT,"McGwire, Max",695679,Right,SLU_BILL,Undefined,9,Top,0,0,1,Slider,Curveball,BallCalled,Undefined,Undefined,Undefined,0,0,,75.26035,-0.668683,-1.719284,2354.808864,56.157608,7:45,5.8223,1.65459,4.71112,-58.40861,-6.39902,-12.10237,0.31992,-0.98628,69.25671,-11.093444,-3.850306,0.519055,,,,,,,,,,,,5.47418,-2.54961,-1.46894,50,5.70183,3.7555,-109.08039,-3.35982,6.53019,20.96288,-35.21551,GEO_PAT,SLU_BILL,SpuhlerFieldMain,D1,A10,20250405-SpuhlerFieldMain-2,2725bb70-1260-11f0-a721-ed23b36d4136,72.61745,,,6.00363,,,,,,,7d675549-dbed-425c-a347-a0febeddec93,2025-04-05,20:54:21.67,2025-04-05T16:54:21.6777728-04:00,2025-04-05T20:54:21.6777728Z,,v3,471300,471427,05 April 2025 14:00-stlouis@georgemas,"Raymond, Andrew",10148052,Right,GEO_PAT,e56a317f-8a4b-457c-a16a-ac0ad005b06d,55.79376,-110.1882,10.48144,5.83021,-1.49881,-17.60775,-1.65828,3.4104,3.2651,,,,,,,,,,,,,,,,,,,,,,,,,,,,,,,,,,,,,,,,,,,,,,,,,,,High,High,High,,,,,
247,2025-04-05,16:54:40.54,3,3,"Drumm, Jake",1000077041,Right,GEO_PAT,"McGwire, Max",695679,Right,SLU_BILL,Undefined,9,Top,0,1,1,Slider,Slider,InPlay,Undefined,FlyBall,HomeRun,0,3,,75.73641,0.080648,-0.754767,2450.836429,81.129692,8:45,5.76726,1.78389,4.68595,-52.55861,-1.02327,-17.90194,1.46397,-0.42469,69.14342,-9.369018,-3.901914,0.516683,107.65189,22.173513,-12.696526,2505.873955,108.21037,42.54326,-19.76148,409.77517,403.88668,-6.893421,4.811503,8.59347,-0.07591,-1.68987,50,5.72801,2.17405,-109.74818,-1.72396,10.3456,21.76524,-32.26545,GEO_PAT,SLU_BILL,SpuhlerFieldMain,D1,A10,20250405-SpuhlerFieldMain-2,326eadc0-1260-11f0-a721-ed23b36d4136,72.95083,67.88423,,6.59299,,,,2.32264,1.67905,0.33885,7d675549-dbed-425c-a347-a0febeddec93,2025-04-05,20:54:40.54,2025-04-05T16:54:40.5442048-04:00,2025-04-05T20:54:40.5442048Z,LineDrive,v3,471300,471427,05 April 2025 14:00-stlouis@georgemas,"Raymond, Andrew",10148052,Right,GEO_PAT,6283957b-e5a6-4873-be83-46727ad9b4f4,55.81743,-110.89589,10.88262,5.77406,-0.02256,-16.13272,-1.79013,1.62851,5.1728,208.672646,2.32303,142.63228,-25.50681,5.50158,-1.07308,0.19666,-0.03533,0.00475,-0.00028,1.68102,59.54033,-13.32332,-0.66202,0.59189,-0.23913,0.06152,-0.00834,0.00045,0.33947,-32.14948,13.01185,-4.2737,1.07126,-0.20568,0.03024,-0.003,0.00014,,,,,,,,,,,,,,,,,,,,,,,High,High,High,High,High,,,
248,2025-04-05,16:55:35.19,4,1,"Drumm, Jake",1000077041,Right,GEO_PAT,"Sitzman, Ethan ",,Right,SLU_BILL,Undefined,9,Top,0,0,0,Fastball,Sinker,BallCalled,Undefined,Undefined,Undefined,0,0,,89.11857,-1.915543,-1.552017,1983.388866,224.567307,1:30,5.87037,1.83184,5.30756,-21.25155,14.69107,13.35052,2.29989,1.48709,81.62803,-5.860365,0.818662,0.431496,,,,,,,,,,,,-7.09028,8.22323,-1.70086,50,5.68117,2.89398,-129.27541,-5.06742,-12.02116,26.47741,-18.23205,GEO_PAT,SLU_BILL,SpuhlerFieldMain,D1,A10,20250405-SpuhlerFieldMain-2,52dad980-1260-11f0-a721-ed23b36d4136,87.353,,,7.49054,,,,,,,7d675549-dbed-425c-a347-a0febeddec93,2025-04-05,20:55:35.19,2025-04-05T16:55:35.1937024-04:00,2025-04-05T20:55:35.1937024Z,,v3,471300,471427,05 April 2025 14:00-stlouis@georgemas,"Raymond, Andrew",10148052,Right,GEO_PAT,9fc8924c-0486-46b6-867d-4075f0c1b9db,55.19379,-130.33483,13.23871,5.86934,-4.33791,-9.11602,-1.82628,3.37498,-6.01058,,,,,,,,,,,,,,,,,,,,,,,,,,,,,,,,,,,,,,,,,,,,,,,,,,,High,High,High,,,,,
249,2025-04-05,16:55:56.00,4,2,"Drumm, Jake",1000077041,Right,GEO_PAT,"Sitzman, Ethan ",,Right,SLU_BILL,Undefined,9,Top,0,1,0,Fastball,Sinker,InPlay,Undefined,GroundBall,Out,1,0,,87.7901,-2.344436,-3.003611,2109.497017,222.359868,1:30,5.77829,1.73754,5.50362,-20.6471,16.26351,13.73375,1.86067,0.07011,80.25678,-6.202892,-0.559524,0.437267,91.25018,-9.782455,-26.951232,,,,,13.11911,4.33553,-22.590603,0.083743,-7.81213,9.23233,-1.48458,50,5.55941,6.08627,-127.22478,-5.89278,-12.79848,26.20956,-17.04889,GEO_PAT,SLU_BILL,SpuhlerFieldMain,D1,A10,20250405-SpuhlerFieldMain-2,5f591780-1260-11f0-a721-ed23b36d4136,86.19999,1.90695,,7.53332,,,,2.2535,1.90695,-0.02677,7d675549-dbed-425c-a347-a0febeddec93,2025-04-05,20:55:56.00,2025-04-05T16:55:56.0022528-04:00,2025-04-05T20:55:56.0022528Z,GroundBall,v3,471300,471427,05 April 2025 14:00-stlouis@georgemas,"Raymond, Andrew",10148052,Right,GEO_PAT,908031ff-6335-4d12-aa1c-d960d7ee49ff,54.99912,-128.25051,13.10478,5.77698,-5.22556,-8.52445,-1.73258,6.58715,-6.39924,180,2.25127,117.72911,,,,,,,,1.90738,-22.77136,,,,,,,,-0.02564,-59.85981,,,,,,,,,,,,,,,,,,,,,,,,,,,,,,High,High,High,Low,Low,,,
250,,,5,1,"Okeeffe, Shaun",1000297082,Left,GEO_PAT,"Gomric, Hank",10135210,Left,SLU_BILL,Undefined,9,Top,1,0,0,Slider,,StrikeCalled,Undefined,Undefined,Undefined,0,0,,,,,,,,,,,,,,,,,,,,,,,,,,,,,,,,,,,,,,,,,,GEO_PAT,SLU_BILL,SpuhlerFieldMain,D1,A10,20250405-SpuhlerFieldMain-2,cf440ff0-1260-11f0-a721-ed23b36d4136,,,,,,,,,,,7d675549-dbed-425c-a347-a0febeddec93,,,,,,v3,471300,471427,05 April 2025 14:00-stlouis@georgemas,"Raymond, Andrew",10148052,Right,GEO_PAT,,,,,,,,,,,,,,,,,,,,,,,,,,,,,,,,,,,,,,,,,,,,,,,,,,,,,,,,,,,,,,,,,,,,
251,2025-04-05,16:59:13.07,5,2,"Okeeffe, Shaun",1000297082,Left,GEO_PAT,"Gomric, Hank",10135210,Left,SLU_BILL,Undefined,9,Top,1,0,1,Slider,Curveball,InPlay,Undefined,LineDrive,Single,0,0,,78.93999,0.894049,2.012653,2573.25173,334.872858,5:15,5.53717,-1.55746,4.92415,-54.91727,-8.47745,4.63394,1.80658,0.7323,72.83471,-8.968028,2.830328,0.490475,106.32509,7.08014,1.321974,761.850833,109.9896,4.444,-1.49821,141.02714,141.02714,-1.171922,1.062811,-1.75634,-4.12134,1.35704,50,5.57781,-4.2149,-114.55657,-0.23395,-2.33569,21.01162,-37.65491,GEO_PAT,SLU_BILL,SpuhlerFieldMain,D1,A10,20250405-SpuhlerFieldMain-2,d4da1db0-1260-11f0-a721-ed23b36d4136,76.84885,6.38742,,6.10527,,,,2.38587,2.00698,-0.71552,7d675549-dbed-425c-a347-a0febeddec93,2025-04-05,20:59:13.07,2025-04-05T16:59:13.0751488-04:00,2025-04-05T20:59:13.0751488Z,LineDrive,v3,471300,471427,05 April 2025 14:00-stlouis@georgemas,"Raymond, Andrew",10148052,Right,GEO_PAT,07def084-6054-499f-85c1-26efdf44eda8,55.58163,-115.5758,10.50581,5.54486,1.59261,-18.82745,1.55875,-4.1016,-1.16784,68.648247,2.38587,154.71291,-27.63537,5.61611,-1.31219,0.30612,-0.07348,0.01496,-0.00175,2.00698,19.22117,-22.24196,2.7894,-0.65415,0.16109,-0.03797,0.00784,-0.00094,-0.71552,3.57029,-7.59482,2.88746,-0.86793,0.24339,-0.06382,0.01377,-0.00167,,,,,,,,,,,,,,,,,,,,,,,High,High,High,High,High,,,
252,2025-04-05,17:01:58.14,6,1,"Meeks, Gardner",1000324679,Right,GEO_PAT,"Beattie, Chase",1000074548,Right,SLU_BILL,Undefined,9,Top,1,0,0,Fastball,Changeup,FoulBallNotFieldable,Undefined,Undefined,Undefined,0,0,,81.28554,0.317113,-3.632206,1962.371219,249.887368,2:15,4.94068,3.40913,5.27614,-36.98207,6.31764,13.56296,2.1573,1.12312,74.53336,-6.446047,-1.230802,0.473602,78.79937,8.599163,-59.375682,3401.623627,,,,99.39142,99.39142,-62.051075,0.950993,-7.82977,3.44418,-3.08752,50,4.94241,6.92889,-117.82771,-0.62833,-11.03129,21.93196,-27.32157,GEO_PAT,SLU_BILL,SpuhlerFieldMain,D1,A10,20250405-SpuhlerFieldMain-2,373b3480-1261-11f0-a721-ed23b36d4136,79.58666,5.7566,,6.75218,,,,2.93985,2.36871,-1.27063,7d675549-dbed-425c-a347-a0febeddec93,2025-04-05,21:01:58.14,2025-04-05T17:01:58.1462528-04:00,2025-04-05T21:01:58.1462528Z,GroundBall,v3,471300,471427,05 April 2025 14:00-stlouis@georgemas,"Raymond, Andrew",10148052,Right,GEO_PAT,7dc76b8e-1359-4168-8c60-c2f2bb7fd729,55.22759,-118.79677,10.96598,4.9435,0.57886,-13.66079,-3.40444,7.41631,-5.51565,,2.93985,58.21144,-15.89798,3.85603,-0.95362,0.19271,-0.03821,0.00711,-0.00073,2.36871,17.28046,-23.08817,2.89597,-0.60442,0.12334,-0.02228,0.00406,-0.00049,-1.27063,-98.33489,7.73744,0.17824,-0.30362,0.13764,-0.03698,0.00829,-0.00105,,,,,,,,,,,,,,,,,,,,,,,High,High,High,Medium,High,,,
253,2025-04-05,17:02:19.30,6,2,"Meeks, Gardner",1000324679,Right,GEO_PAT,"Beattie, Chase",1000074548,Right,SLU_BILL,Undefined,9,Top,1,0,1,Slider,Curveball,BallCalled,Undefined,Undefined,Undefined,0,0,,68.85845,2.185829,-3.997109,2151.841318,92.731007,9:00,4.62798,3.5532,5.34179,-57.89814,2.41351,-13.64749,1.85975,-1.34004,63.7113,-8.316037,-6.407118,0.558949,,,,,,,,,,,,5.7876,1.13134,-3.18184,50,4.78401,7.43604,-99.71993,2.09995,5.84163,15.67874,-31.03216,GEO_PAT,SLU_BILL,SpuhlerFieldMain,D1,A10,20250405-SpuhlerFieldMain-2,43eb09d0-1261-11f0-a721-ed23b36d4136,67.43452,,,5.14715,,,,,,,7d675549-dbed-425c-a347-a0febeddec93,2025-04-05,21:02:19.30,2025-04-05T17:02:19.3026048-04:00,2025-04-05T21:02:19.3026048Z,,v3,471300,471427,05 April 2025 14:00-stlouis@georgemas,"Raymond, Andrew",10148052,Right,GEO_PAT,b810355d-6c9d-411c-9339-80a8f465fba6,55.16203,-100.52827,7.83937,4.6345,3.69985,-15.51608,-3.55745,7.13487,2.92081,,,,,,,,,,,,,,,,,,,,,,,,,,,,,,,,,,,,,,,,,,,,,,,,,,,High,High,High,,,,,
254,2025-04-05,17:02:33.47,6,3,"Meeks, Gardner",1000324679,Right,GEO_PAT,"Beattie, Chase",1000074548,Right,SLU_BILL,Undefined,9,Top,1,1,1,Slider,Curveball,StrikeSwinging,Undefined,Undefined,Undefined,0,0,,67.92809,2.192618,-3.104741,2053.52661,97.813385,9:15,4.57061,3.5982,5.39274,-57.81235,3.79268,-14.76123,1.81198,-0.54468,62.97024,-8.314092,-5.719372,0.56491,,,,,,,,,,,,6.64154,1.82744,-3.30974,50,4.72585,5.836,-98.49744,2.10543,6.55438,14.97838,-30.3706,GEO_PAT,SLU_BILL,SpuhlerFieldMain,D1,A10,20250405-SpuhlerFieldMain-2,4c539880-1261-11f0-a721-ed23b36d4136,66.72289,,,4.95785,,,,,,,7d675549-dbed-425c-a347-a0febeddec93,2025-04-05,21:02:33.47,2025-04-05T17:02:33.4743040-04:00,2025-04-05T21:02:33.4743040Z,,v3,471300,471427,05 April 2025 14:00-stlouis@georgemas,"Raymond, Andrew",10148052,Right,GEO_PAT,5543112f-365c-4433-9f46-002a92561282,55.11144,-99.27169,7.48919,4.57644,3.67532,-15.1853,-3.60265,5.4972,3.27719,,,,,,,,,,,,,,,,,,,,,,,,,,,,,,,,,,,,,,,,,,,,,,,,,,,High,High,High,,,,,
255,2025-04-05,17:02:50.41,6,4,"Meeks, Gardner",1000324679,Right,GEO_PAT,"Beattie, Chase",1000074548,Right,SLU_BILL,Undefined,9,Top,1,1,2,Slider,Curveball,BallCalled,Undefined,Undefined,Undefined,0,0,,67.39497,1.080615,-3.857717,2083.592757,87.527663,9:00,4.61636,3.54955,5.11941,-62.61779,1.20228,-17.93036,0.41862,-1.5842,62.36809,-10.193481,-7.01592,0.574977,,,,,,,,,,,,7.90327,0.76575,-3.17118,50,4.66925,7.18708,-97.59469,-0.01808,7.58282,16.1063,-31.43935,GEO_PAT,SLU_BILL,SpuhlerFieldMain,D1,A10,20250405-SpuhlerFieldMain-2,56721490-1261-11f0-a721-ed23b36d4136,65.55474,,,5.02689,,,,,,,7d675549-dbed-425c-a347-a0febeddec93,2025-04-05,21:02:50.41,2025-04-05T17:02:50.4179200-04:00,2025-04-05T21:02:50.4179200Z,,v3,471300,471427,05 April 2025 14:00-stlouis@georgemas,"Raymond, Andrew",10148052,Right,GEO_PAT,d8676042-6b2f-4f6b-84e9-210534ca7a9d,55.38544,-98.47946,8.05315,4.6228,1.70897,-15.71967,-3.55454,6.77054,3.79141,,,,,,,,,,,,,,,,,,,,,,,,,,,,,,,,,,,,,,,,,,,,,,,,,,,High,High,High,,,,,
256,2025-04-05,17:03:06.25,6,5,"Meeks, Gardner",1000324679,Right,GEO_PAT,"Beattie, Chase",1000074548,Right,SLU_BILL,Undefined,9,Top,1,2,2,Fastball,Changeup,InPlay,Undefined,GroundBall,Single,0,0,,81.27182,0.060253,-4.649414,1925.906121,243.748999,2:00,4.89596,3.42432,5.54215,-33.78797,9.1854,15.8821,2.1368,0.39272,74.44942,-6.165174,-1.829462,0.471814,77.05438,-4.783434,-27.578752,,,,,29.89032,29.89032,-25.877225,0.241358,-9.36953,5.00016,-3.03153,50,4.87866,8.95146,-117.71213,-0.98216,-13.17499,21.88551,-25.14304,GEO_PAT,SLU_BILL,SpuhlerFieldMain,D1,A10,20250405-SpuhlerFieldMain-2,5fd66860-1261-11f0-a721-ed23b36d4136,79.8883,2.27912,,6.8224,,,,2.75217,2.27912,-0.4362,7d675549-dbed-425c-a347-a0febeddec93,2025-04-05,21:03:06.25,2025-04-05T17:03:06.2598144-04:00,2025-04-05T21:03:06.2598144Z,GroundBall,v3,471300,471427,05 April 2025 14:00-stlouis@georgemas,"Raymond, Andrew",10148052,Right,GEO_PAT,2883eeca-178b-4190-ab1e-75ff8403ed6c,54.96188,-118.63108,10.94275,4.89774,0.07357,-12.57152,-3.41901,9.50467,-6.58749,,2.74444,100.02202,,,,,,,,2.27985,-9.44291,,,,,,,,-0.43216,-52.24303,,,,,,,,,,,,,,,,,,,,,,,,,,,,,,High,High,High,Estimated,Estimated,,,
257,2025-04-05,17:04:27.74,7,1,"Meeks, Gardner",1000324679,Right,GEO_PAT,"Neuweg, Austin",809742,Right,SLU_BILL,Undefined,9,Top,1,0,0,Slider,Curveball,StrikeCalled,Undefined,Undefined,Undefined,0,0,,65.66537,3.146664,-3.355031,1917.148651,76.415572,8:30,4.58893,3.48319,4.95106,-68.36063,-1.59724,-14.01623,1.87379,-0.85883,61.26751,-9.118791,-5.815835,0.588086,,,,,,,,,,,,6.14107,-1.07071,-3.14503,50,4.83796,6.05348,-95.14851,3.18314,5.69067,13.11926,-33.16621,GEO_PAT,SLU_BILL,SpuhlerFieldMain,D1,A10,20250405-SpuhlerFieldMain-2,905bac20-1261-11f0-a721-ed23b36d4136,64.09344,,,4.39786,,,,,,,7d675549-dbed-425c-a347-a0febeddec93,2025-04-05,21:04:27.74,2025-04-05T17:04:27.7489152-04:00,2025-04-05T21:04:27.7489152Z,,v3,471300,471427,05 April 2025 14:00-stlouis@georgemas,"Raymond, Andrew",10148052,Right,GEO_PAT,b75e2597-299e-4a11-881e-d079fab3ec98,55.55503,-95.91139,6.55963,4.59679,5.11174,-16.5831,-3.48741,5.72257,2.84533,,,,,,,,,,,,,,,,,,,,,,,,,,,,,,,,,,,,,,,,,,,,,,,,,,,High,High,High,,,,,
258,2025-04-05,17:04:46.68,7,2,"Meeks, Gardner",1000324679,Right,GEO_PAT,"Neuweg, Austin",809742,Right,SLU_BILL,Undefined,9,Top,1,0,1,Slider,Curveball,InPlay,Undefined,FlyBall,Double,0,2,,66.08769,2.99465,-2.735364,1926.17395,88.468827,9:00,4.55568,3.36352,5.0743,-64.59547,1.52413,-16.38284,2.00191,-0.58261,61.07166,-8.68025,-5.620945,0.585244,92.77892,22.885347,-27.39039,2095.981716,96.42264,42.72877,-52.93972,352.71702,321.33606,-35.793994,4.494567,7.49493,0.38402,-3.08985,50,4.78872,5.11983,-95.74427,3.11963,6.96267,14.67257,-31.8173,GEO_PAT,SLU_BILL,SpuhlerFieldMain,D1,A10,20250405-SpuhlerFieldMain-2,9bc3e640-1261-11f0-a721-ed23b36d4136,64.40471,59.18158,,5.01604,,,,3.97277,2.40594,0.33994,7d675549-dbed-425c-a347-a0febeddec93,2025-04-05,21:04:46.68,2025-04-05T17:04:46.6883584-04:00,2025-04-05T21:04:46.6883584Z,LineDrive,v3,471300,471427,05 April 2025 14:00-stlouis@georgemas,"Raymond, Andrew",10148052,Right,GEO_PAT,9c9715c6-8bdc-4d76-8c64-37c3198afce5,55.43105,-96.57298,7.33629,4.56178,4.91667,-15.90865,-3.36791,4.72658,3.48134,154.542648,3.97194,111.3302,-22.74686,5.40062,-1.28438,0.31037,-0.06214,0.00776,-0.00042,2.40739,52.88324,-12.12706,-0.60354,0.52401,-0.22418,0.05741,-0.00766,0.00041,0.34035,-57.68418,4.8531,-0.94035,0.21883,-0.06492,0.01586,-0.0022,0.00012,,,,,,,,,,,,,,,,,,,,,,,High,High,High,High,Medium,,,
259,2025-04-05,17:05:42.91,8,1,"Meeks, Gardner",1000324679,Right,GEO_PAT,"Moore, Hayden",809737,Left,SLU_BILL,Undefined,9,Top,1,0,0,ChangeUp,Changeup,InPlay,Undefined,LineDrive,Single,0,0,,72.48831,1.516117,-2.951483,1419.67838,254.490897,2:30,4.83831,1.56491,5.31892,-49.99121,4.16075,9.17032,2.09754,-0.44343,66.86549,-7.591872,-1.325257,0.529637,83.54679,24.02317,27.407883,1509.139489,95.01592,33.19489,55.42536,245.97593,245.97593,34.157483,2.875011,-5.39973,2.13244,-1.3043,50,4.93939,5.09062,-105.15023,1.22827,-6.07946,16.89237,-29.77319,GEO_PAT,SLU_BILL,SpuhlerFieldMain,D1,A10,20250405-SpuhlerFieldMain-2,bd3b8e90-1261-11f0-a721-ed23b36d4136,71.16652,34.40743,,5.62282,,,,1.67444,2.14346,0.40944,7d675549-dbed-425c-a347-a0febeddec93,2025-04-05,21:05:42.91,2025-04-05T17:05:42.9176832-04:00,2025-04-05T21:05:42.9176832Z,LineDrive,v3,471300,471427,05 April 2025 14:00-stlouis@georgemas,"Raymond, Andrew",10148052,Right,GEO_PAT,95feae1e-b83a-47dd-aa15-107c974ca40f,55.18486,-105.9799,8.44618,4.84315,2.69059,-14.8866,-1.56166,5.38921,-3.03973,254.906212,1.6741,99.3733,-14.7785,2.96118,-0.98028,0.41752,-0.15056,0.03032,-0.00241,2.14356,49.88058,-21.42504,1.98458,-0.2909,-0.01035,0.02289,-0.005,0.00031,0.40933,51.52302,-0.21944,-0.66323,0.10288,0.05381,-0.03718,0.00847,-0.00069,,,,,,,,,,,,,,,,,,,,,,,High,High,High,High,High,,,
260,2025-04-05,17:09:16.99,9,1,"Yount, Britt",1000122819,Right,GEO_PAT,"Blazier, Ian",813662,Left,SLU_BILL,Undefined,9,Top,1,0,0,ChangeUp,Changeup,StrikeCalled,Undefined,Undefined,Undefined,0,0,,75.41516,0.467447,-2.125323,1720.008581,221.490865,1:30,5.18495,2.1787,5.27431,-37.39089,13.02851,10.07477,2.50844,1.02099,68.92771,-6.41851,-0.338799,0.511058,,,,,,,,,,,,-5.63272,6.87481,-1.9921,50,5.20054,3.66821,-109.35311,-0.28087,-6.80902,19.58803,-23.86358,GEO_PAT,SLU_BILL,SpuhlerFieldMain,D1,A10,20250405-SpuhlerFieldMain-2,3cb86da0-1262-11f0-a721-ed23b36d4136,73.75373,,,6.48745,,,,,,,7d675549-dbed-425c-a347-a0febeddec93,2025-04-05,21:09:16.99,2025-04-05T17:09:16.9992704-04:00,2025-04-05T21:09:16.9992704Z,,v3,471300,471427,05 April 2025 14:00-stlouis@georgemas,"Raymond, Andrew",10148052,Right,GEO_PAT,0fa3642a-17a3-4bf0-9ea1-7c10f401b137,55.226,-110.28525,9.79402,5.18688,0.85474,-11.93179,-2.17437,3.99223,-3.40451,,,,,,,,,,,,,,,,,,,,,,,,,,,,,,,,,,,,,,,,,,,,,,,,,,,High,High,High,,,,,
261,2025-04-05,17:09:39.63,9,2,"Yount, Britt",1000122819,Right,GEO_PAT,"Blazier, Ian",813662,Left,SLU_BILL,Undefined,9,Top,1,0,1,Fastball,Changeup,InPlay,Undefined,FlyBall,Sacrifice,1,1,,85.34382,-1.595731,-3.76818,2097.508082,243.954988,2:15,5.33987,2.15131,5.41491,-30.4999,8.36642,14.77186,1.2996,-0.15308,78.83074,-7.177328,-1.144939,0.448702,97.17659,18.498267,13.142363,1528.197055,106.39335,32.11718,27.93591,339.59761,332.48688,18.276937,3.762242,-8.47776,4.9391,-1.82674,50,5.17617,7.54224,-123.76465,-4.52946,-13.26307,22.70573,-24.44704,GEO_PAT,SLU_BILL,SpuhlerFieldMain,D1,A10,20250405-SpuhlerFieldMain-2,4a49c950-1262-11f0-a721-ed23b36d4136,84.00326,42.05881,,6.51307,,,,2.78682,1.49855,0.13553,7d675549-dbed-425c-a347-a0febeddec93,2025-04-05,21:09:39.63,2025-04-05T17:09:39.6357632-04:00,2025-04-05T21:09:39.6357632Z,LineDrive,v3,471300,471427,05 April 2025 14:00-stlouis@georgemas,"Raymond, Andrew",10148052,Right,GEO_PAT,9499edaa-e324-4083-880b-bf1e3dd9683f,55.09002,-124.69496,11.35286,5.34124,-3.5278,-12.22352,-2.1469,8.08566,-6.63154,206.94005,2.78663,131.62946,-23.43638,5.39045,-1.22537,0.29015,-0.06144,0.00844,-0.00049,1.49872,45.21093,-12.52439,-0.40702,0.3915,-0.16826,0.04538,-0.00606,0.00029,0.13537,30.7335,0.40869,-0.86062,0.35448,-0.11332,0.02731,-0.00395,0.00025,,,,,,,,,,,,,,,,,,,,,,,High,High,High,High,High,,,
262,2025-04-05,17:10:23.97,10,1,"Yount, Britt",1000122819,Right,GEO_PAT,"Iffrig, Riley",1000094154,Left,SLU_BILL,Undefined,9,Top,2,0,0,ChangeUp,Changeup,InPlay,Undefined,Popup,Out,1,0,,77.78527,0.02969,-2.614547,1715.473588,235.835597,1:45,5.26224,2.06673,5.25089,-37.32825,9.81457,12.34398,2.17948,0.63673,71.58676,-6.801754,-0.426711,0.494173,63.23579,86.259401,-78.604571,,,,,,54.70146,,,-6.91772,5.30847,-1.83634,50,5.23726,4.6746,-112.87307,-1.17042,-8.96507,19.67024,-25.29451,GEO_PAT,SLU_BILL,SpuhlerFieldMain,D1,A10,20250405-SpuhlerFieldMain-2,64b9ab70-1262-11f0-a721-ed23b36d4136,76.27374,78.81913,,6.19851,,,,,,,7d675549-dbed-425c-a347-a0febeddec93,2025-04-05,21:10:23.97,2025-04-05T17:10:23.9795200-04:00,2025-04-05T21:10:23.9795200Z,,v3,471300,471427,05 April 2025 14:00-stlouis@georgemas,"Raymond, Andrew",10148052,Right,GEO_PAT,2d13d8e6-fa75-4e1a-b99d-cddc040e33cf,55.25252,-113.78474,9.83512,5.26434,0.00192,-12.64726,-2.06262,5.09011,-4.48253,359.972732,6.23679,1.19548,1.21538,-0.4086,-0.16049,0.56328,-0.67067,0.38965,-0.08922,4.69233,92.54796,-25.99651,2.8841,-0.31817,-0.39368,0.54013,-0.3157,0.07145,-1.34363,-5.93136,-5.98058,2.01137,0.79038,-2.7738,3.30262,-1.91877,0.43932,,,,,,,,,,,,,,,,,,,,,,,High,High,High,Low,Undefined,,,
263,2025-04-05,17:13:12.33,1,1,"Weber, Jack",809756,Right,SLU_BILL,"Hull, Owen",10054797,Left,GEO_PAT,Undefined,9,Bottom,0,0,0,Fastball,Slider,InPlay,Undefined,LineDrive,Double,0,0,,85.86415,-1.797276,-1.84724,2324.409102,187.568025,12:15,6.31945,1.81727,5.71872,-26.51336,11.05469,1.33575,2.4343,0.20716,79.97885,-6.676553,-1.608268,0.441144,105.38776,18.409698,-5.397163,2341.548689,108.71769,34.42547,-16.74652,370.24731,370.24731,-16.499498,4.024821,-1.11457,6.36055,-1.66361,50,6.1524,3.97313,-124.83161,-4.80306,-1.78796,21.21522,-21.97073,GEO_PAT,SLU_BILL,SpuhlerFieldMain,D1,A10,20250405-SpuhlerFieldMain-2,c90a5d40-1262-11f0-a721-ed23b36d4136,85.44241,48.53138,,5.8853,,,,2.2367,2.48995,-0.22229,7d675549-dbed-425c-a347-a0febeddec93,2025-04-05,21:13:12.33,2025-04-05T17:13:12.3374080-04:00,2025-04-05T21:13:12.3374080Z,LineDrive,v3,471300,471427,05 April 2025 14:00-stlouis@georgemas,"Beattie, Chase",1000074548,Right,SLU_BILL,dbf7568a-7ea3-40b3-b19b-46490baba709,54.78597,-125.64235,10.60761,6.31991,-3.96345,-10.98536,-1.81675,4.04146,-0.89398,136.525771,2.23604,146.02695,-27.9885,6.41498,-1.44034,0.31362,-0.0594,0.00741,-0.0004,2.49062,48.79339,-12.60362,-0.78311,0.56638,-0.19129,0.0413,-0.00455,0.00017,-0.22233,-13.7898,-9.43694,3.83045,-1.13949,0.25975,-0.04327,0.00447,-0.00021,,,,,,,,,,,,,,,,,,,,,,,High,High,High,High,High,,,
264,2025-04-05,17:13:55.34,2,1,"Weber, Jack",809756,Right,SLU_BILL,"Quinn-Irons, Jaime",1000216379,Right,GEO_PAT,Undefined,9,Bottom,0,0,0,Slider,Slider,BallCalled,Undefined,Undefined,Undefined,0,0,,79.81557,-2.004281,-3.666604,2649.233309,75.29471,8:30,6.2436,1.8192,5.68102,-44.36491,0.19134,-4.68453,0.6735,-1.99394,73.5692,-10.066547,-4.50316,0.480425,,,,,,,,,,,,1.33331,1.0378,-1.50666,50,6.04608,7.58545,-115.636,-5.50385,1.79598,22.60393,-30.77613,GEO_PAT,SLU_BILL,SpuhlerFieldMain,D1,A10,20250405-SpuhlerFieldMain-2,e2b17120-1262-11f0-a721-ed23b36d4136,78.45644,,,6.24637,,,,,,,7d675549-dbed-425c-a347-a0febeddec93,2025-04-05,21:13:55.34,2025-04-05T17:13:55.3486848-04:00,2025-04-05T21:13:55.3486848Z,,v3,471300,471427,05 April 2025 14:00-stlouis@georgemas,"Beattie, Chase",1000074548,Right,SLU_BILL,13f6740e-2e54-438b-9a8b-351bc7ebb54b,54.82286,-116.57494,11.30196,6.24815,-4.22545,-15.38806,-1.8202,7.51084,0.89799,,,,,,,,,,,,,,,,,,,,,,,,,,,,,,,,,,,,,,,,,,,,,,,,,,,High,High,High,,,,,
265,2025-04-05,17:14:25.15,2,2,"Weber, Jack",809756,Right,SLU_BILL,"Quinn-Irons, Jaime",1000216379,Right,GEO_PAT,Undefined,9,Bottom,0,1,0,Fastball,Cutter,StrikeCalled,Undefined,Undefined,Undefined,0,0,,87.41367,-1.94139,-3.102791,2269.1458,199.570298,12:45,6.27547,1.55589,5.92018,-26.42726,9.54426,3.05996,2.26817,-1.07146,81.5767,-6.80866,-2.554166,0.431669,,,,,,,,,,,,-2.2763,5.63587,-1.30887,50,6.10437,6.76311,-127.00545,-5.18699,-3.78847,21.393,-22.79426,GEO_PAT,SLU_BILL,SpuhlerFieldMain,D1,A10,20250405-SpuhlerFieldMain-2,f47a0de0-1262-11f0-a721-ed23b36d4136,87.31795,,,5.83698,,,,,,,7d675549-dbed-425c-a347-a0febeddec93,2025-04-05,21:14:25.15,2025-04-05T17:14:25.1568640-04:00,2025-04-05T21:14:25.1568640Z,,v3,471300,471427,05 April 2025 14:00-stlouis@georgemas,"Beattie, Chase",1000074548,Right,SLU_BILL,10becd3e-0236-4db0-87d3-b9ee100b3780,54.58417,-127.77528,10.6965,6.27627,-4.36673,-11.39713,-1.5547,6.89945,-1.89424,,,,,,,,,,,,,,,,,,,,,,,,,,,,,,,,,,,,,,,,,,,,,,,,,,,High,High,High,,,,,
266,2025-04-05,17:14:40.61,2,3,"Weber, Jack",809756,Right,SLU_BILL,"Quinn-Irons, Jaime",1000216379,Right,GEO_PAT,Undefined,9,Bottom,0,1,1,Fastball,Slider,BallCalled,Undefined,Undefined,Undefined,0,0,,86.61008,-0.331182,-2.656378,2215.367156,185.574369,12:15,6.34942,1.43332,5.6422,-29.09891,7.96579,0.68142,3.61521,-0.9898,80.49233,-5.675192,-2.534827,0.438179,,,,,,,,,,,,-0.96205,4.435,-1.20792,50,6.3025,5.81154,-125.8689,-1.74081,-1.56868,21.62737,-24.94262,GEO_PAT,SLU_BILL,SpuhlerFieldMain,D1,A10,20250405-SpuhlerFieldMain-2,fd912c10-1262-11f0-a721-ed23b36d4136,86.02059,,,6.11776,,,,,,,7d675549-dbed-425c-a347-a0febeddec93,2025-04-05,21:14:40.61,2025-04-05T17:14:40.6107648-04:00,2025-04-05T21:14:40.6107648Z,,v3,471300,471427,05 April 2025 14:00-stlouis@georgemas,"Beattie, Chase",1000074548,Right,SLU_BILL,6266b8a1-8f2a-4c3f-a9ac-e378911d3c34,54.8613,-126.70144,10.81369,6.35103,-0.78066,-12.47131,-1.4328,5.87193,-0.78434,,,,,,,,,,,,,,,,,,,,,,,,,,,,,,,,,,,,,,,,,,,,,,,,,,,High,High,High,,,,,
267,2025-04-05,17:14:57.71,2,4,"Weber, Jack",809756,Right,SLU_BILL,"Quinn-Irons, Jaime",1000216379,Right,GEO_PAT,Undefined,9,Bottom,0,2,1,Fastball,Sinker,BallCalled,Undefined,Undefined,Undefined,0,0,,89.19216,-0.840676,-1.633282,2017.388868,227.186274,1:30,6.14292,1.73518,6.06067,-21.97544,12.57509,12.50709,3.53314,1.26527,82.31645,-4.955585,0.618587,0.423057,,,,,,,,,,,,-6.85,7.0043,-1.61488,50,6.0657,3.1854,-129.70027,-2.59808,-11.78349,24.62186,-20.12516,GEO_PAT,SLU_BILL,SpuhlerFieldMain,D1,A10,20250405-SpuhlerFieldMain-2,07ddbd00-1263-11f0-a721-ed23b36d4136,89.0954,,,6.87571,,,,,,,7d675549-dbed-425c-a347-a0febeddec93,2025-04-05,21:14:57.71,2025-04-05T17:14:57.7157120-04:00,2025-04-05T21:14:57.7157120Z,,v3,471300,471427,05 April 2025 14:00-stlouis@georgemas,"Beattie, Chase",1000074548,Right,SLU_BILL,94aca8fa-f9ea-49dc-b362-941d9d1fa1ae,54.44238,-130.54087,12.31093,6.14267,-1.911,-10.06258,-1.7305,3.58769,-5.89175,,,,,,,,,,,,,,,,,,,,,,,,,,,,,,,,,,,,,,,,,,,,,,,,,,,High,High,High,,,,,
268,2025-04-05,17:15:16.06,2,5,"Weber, Jack",809756,Right,SLU_BILL,"Quinn-Irons, Jaime",1000216379,Right,GEO_PAT,Undefined,9,Bottom,0,3,1,Fastball,Sinker,StrikeCalled,Undefined,Undefined,Undefined,0,0,,87.79756,-2.110419,-3.608105,2026.309013,225.305875,1:30,6.0894,1.69636,6.23579,-22.82084,12.68375,11.79138,2.23597,-0.65405,81.23787,-6.379001,-1.482562,0.428858,,,,,,,,,,,,-7.02189,7.425,-1.43259,50,5.92008,7.57949,-127.45891,-5.3964,-11.68437,23.37261,-19.81889,GEO_PAT,SLU_BILL,SpuhlerFieldMain,D1,A10,20250405-SpuhlerFieldMain-2,12d31110-1263-11f0-a721-ed23b36d4136,87.89021,,,6.55969,,,,,,,7d675549-dbed-425c-a347-a0febeddec93,2025-04-05,21:15:16.06,2025-04-05T17:15:16.0660992-04:00,2025-04-05T21:15:16.0660992Z,,v3,471300,471427,05 April 2025 14:00-stlouis@georgemas,"Beattie, Chase",1000074548,Right,SLU_BILL,3d562dd6-722a-42bf-9051-c6668d9a1ddf,54.26797,-128.23916,11.6863,6.08918,-4.73479,-9.90945,-1.69213,7.96955,-5.84219,,,,,,,,,,,,,,,,,,,,,,,,,,,,,,,,,,,,,,,,,,,,,,,,,,,High,High,High,,,,,
269,2025-04-05,17:15:30.94,2,6,"Weber, Jack",809756,Right,SLU_BILL,"Quinn-Irons, Jaime",1000216379,Right,GEO_PAT,Undefined,9,Bottom,0,3,2,Fastball,Slider,InPlay,Undefined,Popup,Error,0,0,,86.3295,-0.962615,-2.119851,2206.932276,201.589206,12:45,6.28078,1.6114,5.93661,-29.19108,7.39449,2.57642,2.95442,-0.14151,80.93249,-6.329172,-1.657145,0.435338,85.74492,70.127748,-5.628874,,,,,85.54706,85.54706,-1.735335,6.355339,-1.79236,4.25835,-1.44366,50,6.1869,4.55419,-125.67047,-3.07669,-2.9344,19.80083,-25.20251,GEO_PAT,SLU_BILL,SpuhlerFieldMain,D1,A10,20250405-SpuhlerFieldMain-2,1baa4010-1263-11f0-a721-ed23b36d4136,86.58206,165.43314,,5.39702,,,,2.61834,3.18584,0.09526,7d675549-dbed-425c-a347-a0febeddec93,2025-04-05,21:15:30.94,2025-04-05T17:15:30.9483008-04:00,2025-04-05T21:15:30.9483008Z,Popup,v3,471300,471427,05 April 2025 14:00-stlouis@georgemas,"Beattie, Chase",1000074548,Right,SLU_BILL,a5bd757c-9188-4d35-a7ed-46359a2faf17,54.56959,-126.38841,9.90042,6.28188,-2.16289,-12.60126,-1.61072,4.66058,-1.4672,180.396613,2.61435,42.61583,-19.24222,6.93335,-1.9446,0.44083,-0.06958,0.00628,-0.00024,3.20434,118.05128,-26.96108,2.5463,-0.33529,0.09366,-0.02936,0.00419,-0.00021,0.09724,-4.2226,2.24844,-0.78446,0.22643,-0.05166,0.00782,-0.00066,2E-05,,,,,,,,,,,,,,,,,,,,,,,High,High,High,High,Low,,,
270,2025-04-05,17:17:23.01,3,1,"Weber, Jack",809756,Right,SLU_BILL,"Butler, Jake",1000176047,Right,GEO_PAT,Undefined,9,Bottom,0,0,0,Fastball,Slider,InPlay,Undefined,GroundBall,Single,0,2,,85.28069,-1.577424,-2.473827,2184.971059,203.641583,12:45,6.2357,1.74035,5.78477,-30.57206,7.24693,2.76,2.21864,-0.33275,79.90178,-7.172596,-1.97962,0.442615,94.70447,-11.332429,-11.660271,,,,,13.66052,13.27204,-8.647592,0.085656,-1.96386,4.31925,-1.53797,50,6.08659,5.25224,-124.03207,-4.4449,-3.12612,19.72483,-25.2986,GEO_PAT,SLU_BILL,SpuhlerFieldMain,D1,A10,20250405-SpuhlerFieldMain-2,5e7b5a50-1263-11f0-a721-ed23b36d4136,85.15846,2.36746,,5.37891,,,,2.09744,2.36746,0.27916,7d675549-dbed-425c-a347-a0febeddec93,2025-04-05,21:17:23.01,2025-04-05T17:17:23.0170112-04:00,2025-04-05T21:17:23.0170112Z,GroundBall,v3,471300,471427,05 April 2025 14:00-stlouis@georgemas,"Beattie, Chase",1000074548,Right,SLU_BILL,cf368bf8-a363-4dca-be20-2fed97ddb093,54.72093,-124.78058,9.86242,6.23705,-3.48488,-12.6493,-1.73953,5.37087,-1.56306,193.989162,2.09745,133.37996,-2.31552,,,,,,,2.36745,-27.29321,-4.03936,,,,,,,0.27916,-27.52466,3.34533,,,,,,,,,,,,,,,,,,,,,,,,,,,,,High,High,High,Medium,High,,,
271,2025-04-05,17:20:34.42,4,1,"Hernandez, Stephen",703674,Left,SLU_BILL,"Alberti, Lucas",1000145512,Right,GEO_PAT,Undefined,9,Bottom,0,0,0,Fastball,Four-Seam,BallCalled,Undefined,Undefined,Undefined,0,0,,88.87002,-0.244234,2.134066,2378.521193,133.237393,10:30,6.32456,-1.50645,4.65748,-19.55103,17.70131,-17.498,4.4631,-0.93614,80.64598,-3.881378,-0.933241,0.439287,,,,,,,,,,,,9.12205,9.07119,1.30515,50,6.28277,-3.93382,-128.72139,-1.26262,15.24504,27.6963,-17.01398,GEO_PAT,SLU_BILL,SpuhlerFieldMain,D1,A10,20250405-SpuhlerFieldMain-2,d0753590-1263-11f0-a721-ed23b36d4136,85.80371,,,8.22404,,,,,,,7d675549-dbed-425c-a347-a0febeddec93,2025-04-05,21:20:34.42,2025-04-05T17:20:34.4288256-04:00,2025-04-05T21:20:34.4288256Z,,v3,471300,471427,05 April 2025 14:00-stlouis@georgemas,"Beattie, Chase",1000074548,Right,SLU_BILL,6fc046cf-1771-4b9b-a332-5953cf48b50e,55.84273,-129.97245,13.84815,6.32244,-0.49408,-8.50699,1.4984,-4.62245,7.62252,,,,,,,,,,,,,,,,,,,,,,,,,,,,,,,,,,,,,,,,,,,,,,,,,,,High,High,High,,,,,
272,2025-04-05,17:20:54.16,4,2,"Hernandez, Stephen",703674,Left,SLU_BILL,"Alberti, Lucas",1000145512,Right,GEO_PAT,Undefined,9,Bottom,0,1,0,Fastball,Four-Seam,BallCalled,Undefined,Undefined,Undefined,0,0,,88.25212,-0.686369,2.212994,2337.708914,129.382028,10:15,6.28862,-1.45137,4.64833,-21.08572,16.52458,-18.65934,3.87874,-0.90239,80.53702,-4.57919,-1.057711,0.441392,,,,,,,,,,,,9.73186,8.62245,1.24298,50,6.19994,-4.04266,-127.90619,-2.32345,16.13465,26.18753,-17.87875,GEO_PAT,SLU_BILL,SpuhlerFieldMain,D1,A10,20250405-SpuhlerFieldMain-2,dc3860f0-1263-11f0-a721-ed23b36d4136,85.39441,,,7.7151,,,,,,,7d675549-dbed-425c-a347-a0febeddec93,2025-04-05,21:20:54.16,2025-04-05T17:20:54.1651968-04:00,2025-04-05T21:20:54.1651968Z,,v3,471300,471427,05 April 2025 14:00-stlouis@georgemas,"Beattie, Chase",1000074548,Right,SLU_BILL,73569819-61d6-4040-8bc8-64faef86e243,55.85372,-129.09912,13.09377,6.28723,-1.50901,-8.93937,1.44387,-4.77765,8.06733,,,,,,,,,,,,,,,,,,,,,,,,,,,,,,,,,,,,,,,,,,,,,,,,,,,High,High,High,,,,,
273,2025-04-05,17:21:34.95,4,3,"Hernandez, Stephen",703674,Left,SLU_BILL,"Alberti, Lucas",1000145512,Right,GEO_PAT,Undefined,9,Bottom,0,2,0,Fastball,Four-Seam,StrikeCalled,Undefined,Undefined,Undefined,0,0,,88.07949,-1.557634,2.097478,2351.060846,141.000315,10:45,6.31621,-1.51525,4.61055,-19.02792,18.78044,-14.22225,3.24803,-0.70505,80.46789,-5.082643,-0.39374,0.442553,,,,,,,,,,,,7.52162,9.95615,1.31318,50,6.13908,-3.98821,-127.61443,-4.16692,12.4236,25.86676,-15.7293,GEO_PAT,SLU_BILL,SpuhlerFieldMain,D1,A10,20250405-SpuhlerFieldMain-2,f4849fc0-1263-11f0-a721-ed23b36d4136,85.1704,,,7.6116,,,,,,,7d675549-dbed-425c-a347-a0febeddec93,2025-04-05,21:21:34.95,2025-04-05T17:21:34.9524992-04:00,2025-04-05T21:21:34.9524992Z,,v3,471300,471427,05 April 2025 14:00-stlouis@georgemas,"Beattie, Chase",1000074548,Right,SLU_BILL,83a0412a-f085-49ac-9771-79c19e87ede7,55.891,-128.80297,12.93338,6.31394,-3.44418,-7.86465,1.50955,-4.55905,6.2118,,,,,,,,,,,,,,,,,,,,,,,,,,,,,,,,,,,,,,,,,,,,,,,,,,,High,High,High,,,,,
274,2025-04-05,17:21:55.30,4,4,"Hernandez, Stephen",703674,Left,SLU_BILL,"Alberti, Lucas",1000145512,Right,GEO_PAT,Undefined,9,Bottom,0,2,1,Fastball,Sinker,BallCalled,Undefined,Undefined,Undefined,0,0,,89.42783,-1.222449,0.58968,2369.679939,114.213384,9:45,6.25034,-1.5446,4.45534,-26.87872,9.96339,-19.57808,2.84447,-2.61375,81.93373,-6.089924,-2.834325,0.436862,,,,,,,,,,,,9.69591,5.51819,1.50256,50,6.09559,-0.367,-129.66592,-3.8831,16.5225,26.88099,-22.77071,GEO_PAT,SLU_BILL,SpuhlerFieldMain,D1,A10,20250405-SpuhlerFieldMain-2,00abe420-1264-11f0-a721-ed23b36d4136,86.28006,,,7.4941,,,,,,,7d675549-dbed-425c-a347-a0febeddec93,2025-04-05,21:21:55.30,2025-04-05T17:21:55.3026560-04:00,2025-04-05T21:21:55.3026560Z,,v3,471300,471427,05 April 2025 14:00-stlouis@georgemas,"Beattie, Chase",1000074548,Right,SLU_BILL,b355bcbd-e8e7-4d2c-bd53-0ac006c2916a,56.04757,-130.91364,13.44049,6.2513,-2.82617,-11.38535,1.53739,-1.13391,8.26125,,,,,,,,,,,,,,,,,,,,,,,,,,,,,,,,,,,,,,,,,,,,,,,,,,,High,High,High,,,,,
275,2025-04-05,17:22:18.11,4,5,"Hernandez, Stephen",703674,Left,SLU_BILL,"Alberti, Lucas",1000145512,Right,GEO_PAT,Undefined,9,Bottom,0,3,1,Fastball,Sinker,StrikeCalled,Undefined,Undefined,Undefined,0,0,,88.56028,-1.055005,2.373223,2274.050059,116.51136,10:00,6.36291,-1.45422,4.6955,-26.7534,10.76638,-19.03194,3.13085,-0.78574,80.49626,-5.947033,-0.967191,0.440861,,,,,,,,,,,,9.99032,5.95351,1.23136,50,6.2323,-4.39044,-128.24636,-3.42109,16.54846,27.86016,-22.3124,GEO_PAT,SLU_BILL,SpuhlerFieldMain,D1,A10,20250405-SpuhlerFieldMain-2,0e4444b0-1264-11f0-a721-ed23b36d4136,85.49737,,,8.06402,,,,,,,7d675549-dbed-425c-a347-a0febeddec93,2025-04-05,21:22:18.11,2025-04-05T17:22:18.1191168-04:00,2025-04-05T21:22:18.1191168Z,,v3,471300,471427,05 April 2025 14:00-stlouis@georgemas,"Beattie, Chase",1000074548,Right,SLU_BILL,057a9eba-6b0a-4aba-9c90-69608d63b3c2,55.80574,-129.50146,13.93008,6.36377,-2.41592,-11.1562,1.44594,-5.13594,8.27423,,,,,,,,,,,,,,,,,,,,,,,,,,,,,,,,,,,,,,,,,,,,,,,,,,,High,High,High,,,,,
276,2025-04-05,17:22:40.19,4,6,"Hernandez, Stephen",703674,Left,SLU_BILL,"Alberti, Lucas",1000145512,Right,GEO_PAT,Undefined,9,Bottom,0,3,2,Fastball,Four-Seam,FoulBallNotFieldable,Undefined,Undefined,Undefined,0,0,,89.34236,-1.404475,2.916845,2429.933975,134.078458,10:30,6.27985,-1.44971,4.61618,-19.16962,17.75127,-17.05292,3.345,-0.09504,81.24129,-4.961043,-0.068292,0.437328,98.87289,32.658209,-32.056573,3096.807244,88.89199,70.55664,-64.79362,345.27272,194.98449,-45.893866,5.444514,9.24087,9.45134,1.16641,50,6.11854,-5.76965,-129.34258,-3.89032,15.60501,27.77206,-16.21365,GEO_PAT,SLU_BILL,SpuhlerFieldMain,D1,A10,20250405-SpuhlerFieldMain-2,1b8647e0-1264-11f0-a721-ed23b36d4136,86.18801,99.65114,,8.10107,,,,2.45778,4.53524,0.06808,7d675549-dbed-425c-a347-a0febeddec93,2025-04-05,21:22:40.19,2025-04-05T17:22:40.1986048-04:00,2025-04-05T21:22:40.1986048Z,FlyBall,v3,471300,471427,05 April 2025 14:00-stlouis@georgemas,"Beattie, Chase",1000074548,Right,SLU_BILL,8324e5bc-274a-4b67-966b-bbe26180d310,55.88664,-130.60042,13.88603,6.27811,-3.15597,-8.10682,1.44374,-6.47642,7.8025,149.74707,2.46558,103.32091,-29.66812,7.61359,-1.32842,0.11116,0.00425,-0.00141,7E-05,4.53271,78.2912,-16.98922,-0.16445,0.48957,-0.20051,0.04871,-0.0062,0.00031,0.06687,-64.7776,5.99218,-0.27112,-0.24538,0.10193,-0.0202,0.00204,-8E-05,,,,,,,,,,,,,,,,,,,,,,,High,High,High,Medium,Low,,,
277,2025-04-05,17:23:21.99,4,7,"Hernandez, Stephen",703674,Left,SLU_BILL,"Alberti, Lucas",1000145512,Right,GEO_PAT,Undefined,9,Bottom,0,3,2,Fastball,Sinker,BallCalled,Walk,Undefined,Undefined,0,0,,88.97747,-2.408037,1.100925,2337.348288,123.724224,10:00,6.2446,-1.45228,4.65301,-23.56631,13.04638,-17.97225,1.99094,-1.90378,82.38024,-6.682826,-2.053785,0.435499,,,,,,,,,,,,9.11453,7.30181,1.35717,50,5.97718,-1.62683,-129.11039,-6.36538,15.56665,23.90758,-19.70333,GEO_PAT,SLU_BILL,SpuhlerFieldMain,D1,A10,20250405-SpuhlerFieldMain-2,3478ffe0-1264-11f0-a721-ed23b36d4136,86.54996,,,6.59723,,,,,,,7d675549-dbed-425c-a347-a0febeddec93,2025-04-05,21:23:21.99,2025-04-05T17:23:21.9934720-04:00,2025-04-05T21:23:21.9934720Z,,v3,471300,471427,05 April 2025 14:00-stlouis@georgemas,"Beattie, Chase",1000074548,Right,SLU_BILL,abbfa2c0-b002-4922-89f2-c8e814f736a2,55.85125,-130.18936,11.95379,6.24439,-5.47615,-9.85166,1.44645,-2.32937,7.78332,,,,,,,,,,,,,,,,,,,,,,,,,,,,,,,,,,,,,,,,,,,,,,,,,,,High,High,High,,,,,
278,2025-04-05,17:24:00.00,5,1,"Hernandez, Stephen",703674,Left,SLU_BILL,"Raymond, Andrew",10148052,Left,GEO_PAT,Undefined,9,Bottom,0,0,0,Fastball,Sinker,InPlay,Undefined,Bunt,Sacrifice,1,0,,89.25305,-1.624404,1.719496,2394.942966,124.63207,10:15,6.3069,-1.48489,4.87587,-23.15379,13.18119,-17.45627,2.83918,-1.31198,81.91417,-5.870769,-1.355694,0.433844,,,,,,,,,,,,9.26489,7.28473,1.33186,50,6.1279,-3.09721,-129.4956,-4.55853,15.77694,26.32207,-19.76907,GEO_PAT,SLU_BILL,SpuhlerFieldMain,D1,A10,20250405-SpuhlerFieldMain-2,4b0195b0-1264-11f0-a721-ed23b36d4136,86.88013,,,7.33888,,,,,,,7d675549-dbed-425c-a347-a0febeddec93,2025-04-05,21:24:00.00,2025-04-05T17:24:00.0075776-04:00,2025-04-05T21:24:00.0075776Z,,v3,471300,471427,05 April 2025 14:00-stlouis@georgemas,"Beattie, Chase",1000074548,Right,SLU_BILL,57984d95-fc26-46a9-a906-26560f2f22c6,55.62955,-130.63489,13.16104,6.30668,-3.70288,-9.88454,1.4807,-3.78008,7.88847,,,,,,,,,,,,,,,,,,,,,,,,,,,,,,,,,,,,,,,,,,,,,,,,,,,High,High,High,,,,,
279,,,6,1,"Hernandez, Stephen",703674,Left,SLU_BILL,"Blanchard, Evan",10073877,Right,GEO_PAT,Undefined,9,Bottom,1,3,0,Other,,BallCalled,Walk,Undefined,Undefined,0,0,,,,,,,,,,,,,,,,,,,,,,,,,,,,,,,,,,,,,,,,,,GEO_PAT,SLU_BILL,SpuhlerFieldMain,D1,A10,20250405-SpuhlerFieldMain-2,5c73fc20-1264-11f0-a721-ed23b36d4136,,,,,,,,,,,7d675549-dbed-425c-a347-a0febeddec93,,,,,,v3,471300,471427,05 April 2025 14:00-stlouis@georgemas,"Beattie, Chase",1000074548,Right,SLU_BILL,,,,,,,,,,,,,,,,,,,,,,,,,,,,,,,,,,,,,,,,,,,,,,,,,,,,,,,,,,,,,,,,,,,,
280,2025-04-05,17:24:59.06,7,1,"Hernandez, Stephen",703674,Left,SLU_BILL,"Wall, Jonny",1000119703,Right,GEO_PAT,Undefined,9,Bottom,1,0,0,Fastball,Sinker,FoulBallNotFieldable,Undefined,Undefined,Undefined,0,0,,88.93744,-1.631076,2.48275,2292.446525,126.62413,10:15,6.26545,-1.4751,4.5717,-23.78375,12.96166,-16.02198,2.72948,-0.44625,82.23003,-5.950089,-0.322258,0.436288,92.05914,10.46212,46.31201,3659.829167,68.50551,14.94205,86.06362,227.21795,212.85532,57.214938,2.263069,8.45981,7.04248,1.23365,50,6.07437,-4.82522,-129.00864,-4.63094,14.44149,23.59064,-20.15204,GEO_PAT,SLU_BILL,SpuhlerFieldMain,D1,A10,20250405-SpuhlerFieldMain-2,6e4cc580-1264-11f0-a721-ed23b36d4136,86.39353,15.06609,,6.70741,,,,0.57396,2.55744,0.60167,7d675549-dbed-425c-a347-a0febeddec93,2025-04-05,21:24:59.06,2025-04-05T17:24:59.0610432-04:00,2025-04-05T21:24:59.0610432Z,LineDrive,v3,471300,471427,05 April 2025 14:00-stlouis@georgemas,"Beattie, Chase",1000074548,Right,SLU_BILL,6a0fb656-5281-426c-b16e-261191fe26d7,55.93238,-130.08891,11.79532,6.26531,-3.70812,-10.07602,1.46974,-5.48653,7.22074,,0.57396,91.71183,-24.96704,5.7233,-1.30819,0.25578,-0.0439,0.00573,-0.00039,2.55744,24.51765,-12.56529,0.52595,0.01744,-0.01058,0.00448,-0.00083,6E-05,0.60167,96.01143,-4.75447,-0.91196,0.57761,-0.19154,0.04475,-0.0068,0.00049,,,,,,,,,,,,,,,,,,,,,,,High,High,High,High,Medium,,,
281,2025-04-05,17:25:22.28,7,2,"Hernandez, Stephen",703674,Left,SLU_BILL,"Wall, Jonny",1000119703,Right,GEO_PAT,Undefined,9,Bottom,1,0,1,Fastball,Changeup,InPlay,Undefined,LineDrive,Out,2,0,,88.65655,-0.978522,3.231969,2473.956662,115.601002,9:45,6.24556,-1.59365,4.50086,-27.66588,9.90127,-18.11284,3.00615,-0.02031,80.93431,-6.002284,0.067341,0.441139,96.77439,3.193108,6.840195,1716.79635,,,,124.31536,119.8484,10.170618,0.99418,9.75941,5.43634,1.27298,50,6.11679,-6.36849,-128.3543,-3.32689,16.27746,26.62241,-23.10697,GEO_PAT,SLU_BILL,SpuhlerFieldMain,D1,A10,20250405-SpuhlerFieldMain-2,7c27fb70-1264-11f0-a721-ed23b36d4136,85.44342,4.51273,,7.72225,,,,1.51607,3.11231,-0.04176,7d675549-dbed-425c-a347-a0febeddec93,2025-04-05,21:25:22.28,2025-04-05T17:25:22.2825472-04:00,2025-04-05T21:25:22.2825472Z,GroundBall,v3,471300,471427,05 April 2025 14:00-stlouis@georgemas,"Beattie, Chase",1000074548,Right,SLU_BILL,218547e7-2d41-42a4-ae49-6d602fe96859,56.00219,-129.59325,13.31121,6.2466,-2.25153,-11.55348,1.58698,-7.12601,8.13873,238.097679,1.66458,138.65734,-17.48958,,,,,,,3.11657,7.85809,-11.06296,,,,,,,-0.1121,17.86394,4.41609,,,,,,,,,,,,,,,,,,,,,,,,,,,,,High,High,High,High,High,,,
282,2025-04-05,17:29:42.25,8,1,"Hernandez, Stephen",703674,Left,SLU_BILL,"Lavin, Sam",1000364332,Left,GEO_PAT,Undefined,9,Bottom,1,0,0,Undefined,Sinker,Undefined,Undefined,Undefined,Undefined,0,0,,88.31272,-0.289941,1.95544,2416.34826,128.306914,10:15,6.384,-1.42975,4.58168,-23.07678,14.43918,-16.81044,4.18492,-0.96948,80.8572,-4.519574,-0.988066,0.440838,,,,,,,,,,,,8.70937,7.46398,1.24398,50,6.33316,-3.55469,-128.05216,-1.54631,14.52387,25.36674,-19.72699,GEO_PAT,SLU_BILL,SpuhlerFieldMain,D1,A10,20250405-SpuhlerFieldMain-2,16fe5950-1265-11f0-a721-ed23b36d4136,85.50171,,,7.45551,,,,,,,7d675549-dbed-425c-a347-a0febeddec93,2025-04-05,21:29:42.25,2025-04-05T17:29:42.2548480-04:00,2025-04-05T21:29:42.2548480Z,,v3,471300,471427,05 April 2025 14:00-stlouis@georgemas,"Beattie, Chase",1000074548,Right,SLU_BILL,ec08ec1b-bfd2-4d95-85cf-dfac527394d0,55.92037,-129.21965,12.68337,6.38344,-0.63839,-9.8635,1.42297,-4.22314,7.26194,,,,,,,,,,,,,,,,,,,,,,,,,,,,,,,,,,,,,,,,,,,,,,,,,,,High,High,High,,,,,
283,2025-04-05,17:34:46.43,1,1,"Yount, Britt",1000122819,Right,GEO_PAT,"Stressler, Brenden",10083882,Left,SLU_BILL,Undefined,10,Top,0,0,0,Fastball,Changeup,BallCalled,Undefined,Undefined,Undefined,0,0,,86.15669,-0.224026,-0.36686,1969.196914,261.696159,2:45,5.4308,2.2393,5.09839,-34.99699,3.44087,16.02052,2.30326,3.22861,79.62312,-6.574745,2.469297,0.446222,,,,,,,,,,,,-8.07823,2.1037,-2.2178,50,5.38211,0.09148,-125.18811,-1.8324,-12.92451,23.33964,-28.80831,GEO_PAT,SLU_BILL,SpuhlerFieldMain,D1,A10,20250405-SpuhlerFieldMain-2,cc51b8b0-1265-11f0-a721-ed23b36d4136,84.47011,,,6.53358,,,,,,,7d675549-dbed-425c-a347-a0febeddec93,2025-04-05,21:34:46.43,2025-04-05T17:34:46.4389632-04:00,2025-04-05T21:34:46.4389632Z,,v3,471300,471427,05 April 2025 14:00-stlouis@georgemas,"Raymond, Andrew",10148052,Right,GEO_PAT,ca1af9d3-30f3-47cb-bb8d-082d61945a9e,55.40575,-126.19191,11.66982,5.43428,-0.5934,-14.40415,-2.23369,0.64735,-6.46226,,,,,,,,,,,,,,,,,,,,,,,,,,,,,,,,,,,,,,,,,,,,,,,,,,,High,High,High,,,,,
284,2025-04-05,17:35:00.59,1,2,"Yount, Britt",1000122819,Right,GEO_PAT,"Stressler, Brenden",10083882,Left,SLU_BILL,Undefined,10,Top,0,1,0,ChangeUp,Changeup,StrikeCalled,Undefined,Undefined,Undefined,0,0,,76.92985,1.327478,-2.964259,1576.479862,253.789145,2:30,5.24898,2.13896,5.12503,-42.97892,4.75807,12.18501,2.91969,0.35977,71.78029,-6.453648,-0.81156,0.497278,,,,,,,,,,,,-6.73276,2.45248,-1.87007,50,5.34015,5.31019,-111.74684,1.12499,-8.69455,16.1188,-29.00698,GEO_PAT,SLU_BILL,SpuhlerFieldMain,D1,A10,20250405-SpuhlerFieldMain-2,d4c989a0-1265-11f0-a721-ed23b36d4136,75.79756,,,5.14955,,,,,,,7d675549-dbed-425c-a347-a0febeddec93,2025-04-05,21:35:00.59,2025-04-05T17:35:00.5976576-04:00,2025-04-05T21:35:00.5976576Z,,v3,471300,471427,05 April 2025 14:00-stlouis@georgemas,"Raymond, Andrew",10148052,Right,GEO_PAT,a341aa75-cc80-4968-bb5b-50b79d1c2906,55.37994,-112.52019,8.0594,5.25279,2.51669,-14.50349,-2.13485,5.72734,-4.34727,,,,,,,,,,,,,,,,,,,,,,,,,,,,,,,,,,,,,,,,,,,,,,,,,,,High,High,High,,,,,
285,2025-04-05,17:35:16.78,1,3,"Yount, Britt",1000122819,Right,GEO_PAT,"Stressler, Brenden",10083882,Left,SLU_BILL,Undefined,10,Top,0,1,1,ChangeUp,Changeup,FoulBallNotFieldable,Undefined,Undefined,Undefined,0,0,,79.59882,0.259326,-2.427487,1607.436791,269.955283,3:00,5.2251,2.23676,5.20353,-43.74431,1.37661,9.83733,1.82387,0.77198,73.32362,-7.685083,-0.684017,0.48346,76.9099,48.31169,-60.879378,4799.049393,33.88134,83.88139,-104.65207,211.46422,85.66315,-78.865503,4.515566,-5.59646,0.98445,-2.01969,50,5.21579,4.50284,-115.52319,-1.00993,-7.58921,20.82149,-30.83909,GEO_PAT,SLU_BILL,SpuhlerFieldMain,D1,A10,20250405-SpuhlerFieldMain-2,de84b000-1265-11f0-a721-ed23b36d4136,77.96394,84.9867,,6.2752,,,,1.04188,2.38428,-1.10219,7d675549-dbed-425c-a347-a0febeddec93,2025-04-05,21:35:16.78,2025-04-05T17:35:16.7883776-04:00,2025-04-05T21:35:16.7883776Z,FlyBall,v3,471300,471427,05 April 2025 14:00-stlouis@georgemas,"Raymond, Andrew",10148052,Right,GEO_PAT,ff725866-f8d6-4bdf-b60b-b3b417e5745f,55.30057,-116.47463,10.41075,5.22975,0.39926,-15.41954,-2.23337,4.84963,-3.79461,,1.07594,35.79086,-13.76538,0.5499,2.3332,-1.15687,0.2232,-0.01432,-0.0002,2.36644,84.67709,-27.79347,6.83728,-4.29768,2.02501,-0.55539,0.07911,-0.00453,-1.08725,-65.90696,8.31715,-4.02754,3.22614,-1.65755,0.47228,-0.0685,0.00394,,,,,,,,,,,,,,,,,,,,,,,High,High,High,Medium,Low,,,
286,2025-04-05,17:35:39.69,1,4,"Yount, Britt",1000122819,Right,GEO_PAT,"Stressler, Brenden",10083882,Left,SLU_BILL,Undefined,10,Top,0,1,2,Fastball,Sinker,BallCalled,Undefined,Undefined,Undefined,0,0,,87.371,2.137955,-2.441751,2140.59074,230.401623,1:45,5.49128,2.15845,5.40936,-27.83364,9.53386,10.1026,5.17774,0.71113,79.53672,-3.014751,-0.648101,0.439965,,,,,,,,,,,,-5.73366,4.55103,-1.94819,50,5.6626,4.95082,-126.64209,3.7416,-9.31198,25.85404,-24.78278,GEO_PAT,SLU_BILL,SpuhlerFieldMain,D1,A10,20250405-SpuhlerFieldMain-2,ec09afa0-1265-11f0-a721-ed23b36d4136,85.6714,,,7.83428,,,,,,,7d675549-dbed-425c-a347-a0febeddec93,2025-04-05,21:35:39.69,2025-04-05T17:35:39.6941312-04:00,2025-04-05T21:35:39.6941312Z,,v3,471300,471427,05 April 2025 14:00-stlouis@georgemas,"Raymond, Andrew",10148052,Right,GEO_PAT,5773b3e1-88a1-4819-9411-6fa4aa98cb59,55.09153,-127.6773,12.92702,5.49292,4.73391,-12.39139,-2.15389,5.32367,-4.65599,,,,,,,,,,,,,,,,,,,,,,,,,,,,,,,,,,,,,,,,,,,,,,,,,,,High,High,High,,,,,
287,2025-04-05,17:35:54.68,1,5,"Yount, Britt",1000122819,Right,GEO_PAT,"Stressler, Brenden",10083882,Left,SLU_BILL,Undefined,10,Top,0,2,2,ChangeUp,Changeup,InPlay,Undefined,GroundBall,Out,1,0,,80.37547,0.483912,-2.089429,1789.402868,259.775454,2:45,5.19019,2.20963,5.2694,-40.05801,4.15473,15.42772,2.30693,1.53158,73.77025,-6.829979,0.648248,0.47857,66.0724,-20.140696,13.907712,,,,,8.31342,8.08696,0.300822,0.070985,-8.34922,2.31768,-2.03051,50,5.20478,3.63496,-116.6625,-0.40307,-11.52079,21.69375,-28.97597,GEO_PAT,SLU_BILL,SpuhlerFieldMain,D1,A10,20250405-SpuhlerFieldMain-2,f51b76a0-1265-11f0-a721-ed23b36d4136,78.76062,2.37758,,6.60522,,,,2.02059,2.37758,-1.51454,7d675549-dbed-425c-a347-a0febeddec93,2025-04-05,21:35:54.68,2025-04-05T17:35:54.6873856-04:00,2025-04-05T21:35:54.6873856Z,GroundBall,v3,471300,471427,05 April 2025 14:00-stlouis@georgemas,"Raymond, Andrew",10148052,Right,GEO_PAT,0cc7d86d-8b73-4b5f-959a-c06b656533fd,55.23462,-117.63186,10.84688,5.19387,0.89169,-14.48799,-2.20443,4.14975,-5.76039,180,2.01676,88.64872,,,,,,,,2.37903,-33.49415,,,,,,,,-1.51549,21.951,,,,,,,,,,,,,,,,,,,,,,,,,,,,,,High,High,High,High,High,,,
288,2025-04-05,17:36:31.66,2,1,"Yount, Britt",1000122819,Right,GEO_PAT,"McGwire, Max",695679,Right,SLU_BILL,Undefined,10,Top,1,0,0,Fastball,Changeup,BallCalled,Undefined,Undefined,Undefined,0,0,,87.2722,-1.697702,-3.851539,2027.70895,259.135591,2:45,5.41969,1.97885,5.39993,-32.77399,4.81244,18.66454,1.09349,-0.0806,79.83157,-7.694031,-0.535806,0.441252,,,,,,,,,,,,-10.50312,3.25898,-1.6485,50,5.24489,7.69638,-126.40129,-4.96093,-16.95503,26.30007,-26.91316,GEO_PAT,SLU_BILL,SpuhlerFieldMain,D1,A10,20250405-SpuhlerFieldMain-2,0b1f4c10-1266-11f0-a721-ed23b36d4136,85.42148,,,7.44063,,,,,,,7d675549-dbed-425c-a347-a0febeddec93,2025-04-05,21:36:31.66,2025-04-05T17:36:31.6683264-04:00,2025-04-05T21:36:31.6683264Z,,v3,471300,471427,05 April 2025 14:00-stlouis@georgemas,"Raymond, Andrew",10148052,Right,GEO_PAT,8e122de0-247d-48e8-bfff-d7de39684b58,55.10352,-127.45875,13.15003,5.4226,-3.87882,-13.45658,-1.97166,8.37809,-8.47751,,,,,,,,,,,,,,,,,,,,,,,,,,,,,,,,,,,,,,,,,,,,,,,,,,,High,High,High,,,,,
289,2025-04-05,17:36:45.69,2,2,"Yount, Britt",1000122819,Right,GEO_PAT,"McGwire, Max",695679,Right,SLU_BILL,Undefined,10,Top,1,1,0,Fastball,Sinker,StrikeCalled,Undefined,Undefined,Undefined,0,0,,87.31502,0.147023,-2.981766,2155.557413,241.90084,2:00,5.40099,2.05606,5.61005,-28.02801,9.17532,14.90418,3.20275,0.5122,79.50167,-5.054962,-0.324384,0.438998,,,,,,,,,,,,-8.36225,4.97422,-1.81052,50,5.39563,5.94564,-126.61183,-0.64558,-13.53388,26.56584,-24.1235,GEO_PAT,SLU_BILL,SpuhlerFieldMain,D1,A10,20250405-SpuhlerFieldMain-2,13681dc0-1266-11f0-a721-ed23b36d4136,85.86022,,,7.81335,,,,,,,7d675549-dbed-425c-a347-a0febeddec93,2025-04-05,21:36:45.69,2025-04-05T17:36:45.6935424-04:00,2025-04-05T21:36:45.6935424Z,,v3,471300,471427,05 April 2025 14:00-stlouis@georgemas,"Raymond, Andrew",10148052,Right,GEO_PAT,52e3f72e-e82e-4bf7-a53e-3704f2c5d959,54.89109,-127.63396,13.28292,5.40262,0.28258,-12.06175,-2.0493,6.46637,-6.76694,,,,,,,,,,,,,,,,,,,,,,,,,,,,,,,,,,,,,,,,,,,,,,,,,,,High,High,High,,,,,
290,2025-04-05,17:37:00.22,2,3,"Yount, Britt",1000122819,Right,GEO_PAT,"McGwire, Max",695679,Right,SLU_BILL,Undefined,10,Top,1,1,1,Fastball,Sinker,InPlay,Undefined,GroundBall,Single,0,0,,87.85062,-0.936815,-3.636553,2149.123056,243.908638,2:15,5.39882,2.06213,5.55247,-28.07364,8.83985,15.54379,2.18209,-0.04535,80.02271,-6.13126,-0.869526,0.437284,,,,,,,,,,,,-8.96469,5.09,-1.75787,50,5.29909,7.42496,-127.29816,-3.07049,-14.64537,27.20787,-23.85865,GEO_PAT,SLU_BILL,SpuhlerFieldMain,D1,A10,20250405-SpuhlerFieldMain-2,1c289070-1266-11f0-a721-ed23b36d4136,86.19662,,,7.82791,,,,,,,7d675549-dbed-425c-a347-a0febeddec93,2025-04-05,21:37:00.22,2025-04-05T17:37:00.2250240-04:00,2025-04-05T21:37:00.2250240Z,,v3,471300,471427,05 April 2025 14:00-stlouis@georgemas,"Raymond, Andrew",10148052,Right,GEO_PAT,d617e3d9-8e27-43ad-be00-0e33d777b02a,54.95048,-128.35188,13.60394,5.40012,-2.14648,-11.92932,-2.05641,7.99215,-7.32268,,,,,,,,,,,,,,,,,,,,,,,,,,,,,,,,,,,,,,,,,,,,,,,,,,,High,High,High,,,,,
291,2025-04-05,17:37:40.34,3,1,"Yount, Britt",1000122819,Right,GEO_PAT,"Sitzman, Ethan",,Right,SLU_BILL,Undefined,10,Top,1,0,0,Fastball,Changeup,BallCalled,Undefined,Undefined,Undefined,0,0,,85.59289,-1.776668,-5.510865,2192.240029,228.433347,1:30,5.27881,1.91665,5.79647,-24.71773,13.78505,14.15824,1.55813,-2.0456,78.40557,-6.380935,-2.990903,0.446599,,,,,,,,,,,,-8.69402,7.88154,-1.47043,50,5.11713,11.35906,-123.76053,-4.63826,-13.52565,23.98788,-19.91239,GEO_PAT,SLU_BILL,SpuhlerFieldMain,D1,A10,20250405-SpuhlerFieldMain-2,33f5db40-1266-11f0-a721-ed23b36d4136,84.39891,,,7.18732,,,,,,,7d675549-dbed-425c-a347-a0febeddec93,2025-04-05,21:37:40.34,2025-04-05T17:37:40.3443200-04:00,2025-04-05T21:37:40.3443200Z,,v3,471300,471427,05 April 2025 14:00-stlouis@georgemas,"Raymond, Andrew",10148052,Right,GEO_PAT,2bae6e7e-8fdc-4b6d-8c90-231fa8a65e51,54.70559,-124.66925,11.99394,5.27855,-3.88393,-9.9562,-1.91044,11.87144,-6.76283,,,,,,,,,,,,,,,,,,,,,,,,,,,,,,,,,,,,,,,,,,,,,,,,,,,High,High,High,,,,,
292,2025-04-05,17:37:58.30,3,2,"Yount, Britt",1000122819,Right,GEO_PAT,"Sitzman, Ethan",,Right,SLU_BILL,Undefined,10,Top,1,1,0,Fastball,Changeup,StrikeCalled,Undefined,Undefined,Undefined,0,0,,85.61262,-1.555611,-4.074568,2125.782301,233.618239,1:45,5.30352,2.00445,5.50959,-26.58958,12.07619,14.76446,1.62885,-0.5822,78.64786,-6.46745,-1.450764,0.447543,,,,,,,,,,,,-8.51615,6.87142,-1.65844,50,5.14958,8.20925,-124.03996,-4.27928,-13.33671,23.60795,-21.41303,GEO_PAT,SLU_BILL,SpuhlerFieldMain,D1,A10,20250405-SpuhlerFieldMain-2,3ea88100-1266-11f0-a721-ed23b36d4136,84.2208,,,6.96477,,,,,,,7d675549-dbed-425c-a347-a0febeddec93,2025-04-05,21:37:58.30,2025-04-05T17:37:58.3001600-04:00,2025-04-05T21:37:58.3001600Z,,v3,471300,471427,05 April 2025 14:00-stlouis@georgemas,"Raymond, Andrew",10148052,Right,GEO_PAT,a7589dd1-62de-450d-9245-9f3fb86157a8,54.99283,-124.98661,11.80397,5.30396,-3.42064,-10.70652,-1.99834,8.74404,-6.66835,,,,,,,,,,,,,,,,,,,,,,,,,,,,,,,,,,,,,,,,,,,,,,,,,,,High,High,High,,,,,
293,2025-04-05,17:38:30.89,3,3,"Yount, Britt",1000122819,Right,GEO_PAT,"Sitzman, Ethan",,Right,SLU_BILL,Undefined,10,Top,1,1,1,Fastball,Changeup,StrikeCalled,Undefined,Undefined,Undefined,0,0,,85.38303,-1.417631,-4.085003,1976.571606,243.273201,2:00,5.33037,2.0682,5.43036,-29.03714,9.81398,17.18387,1.57921,-0.3323,78.72495,-6.748703,-1.034611,0.448614,,,,,,,,,,,,-9.71312,5.65217,-1.71786,50,5.18419,8.11467,-123.76752,-4.08567,-15.19447,22.73658,-23.33223,GEO_PAT,SLU_BILL,SpuhlerFieldMain,D1,A10,20250405-SpuhlerFieldMain-2,522cb070-1266-11f0-a721-ed23b36d4136,84.01967,,,6.65808,,,,,,,7d675549-dbed-425c-a347-a0febeddec93,2025-04-05,21:38:30.89,2025-04-05T17:38:30.8920320-04:00,2025-04-05T21:38:30.8920320Z,,v3,471300,471427,05 April 2025 14:00-stlouis@georgemas,"Raymond, Andrew",10148052,Right,GEO_PAT,15a983bb-0107-4d62-b9ed-01a3e6637ec5,55.07356,-124.69607,11.36829,5.33158,-3.13279,-11.66612,-2.06194,8.73521,-7.59723,,,,,,,,,,,,,,,,,,,,,,,,,,,,,,,,,,,,,,,,,,,,,,,,,,,High,High,High,,,,,
294,2025-04-05,17:38:49.49,3,4,"Yount, Britt",1000122819,Right,GEO_PAT,"Sitzman, Ethan",,Right,SLU_BILL,Undefined,10,Top,1,1,2,Slider,Curveball,BallCalled,Undefined,Undefined,Undefined,0,0,,74.12101,0.299837,-3.101811,2142.146057,98.283448,9:15,5.53628,2.03439,5.11949,-48.66503,3.97705,-15.98265,1.76373,-2.22233,68.23489,-8.508683,-5.92132,0.522201,,,,,,,,,,,,7.06055,2.39866,-1.72935,50,5.52686,6.43245,-107.40205,-1.03481,8.21636,19.24969,-29.38273,GEO_PAT,SLU_BILL,SpuhlerFieldMain,D1,A10,20250405-SpuhlerFieldMain-2,5d3d2da0-1266-11f0-a721-ed23b36d4136,72.17992,,,5.88612,,,,,,,7d675549-dbed-425c-a347-a0febeddec93,2025-04-05,21:38:49.49,2025-04-05T17:38:49.4999040-04:00,2025-04-05T21:38:49.4999040Z,,v3,471300,471427,05 April 2025 14:00-stlouis@georgemas,"Raymond, Andrew",10148052,Right,GEO_PAT,06cf5e01-81bb-455d-b081-0ca7ccc11d17,55.38286,-108.36252,9.62484,5.54192,0.43126,-14.69137,-2.04007,6.02249,4.10818,,,,,,,,,,,,,,,,,,,,,,,,,,,,,,,,,,,,,,,,,,,,,,,,,,,High,High,High,,,,,
295,2025-04-05,17:39:11.52,3,5,"Yount, Britt",1000122819,Right,GEO_PAT,"Sitzman, Ethan",,Right,SLU_BILL,Undefined,10,Top,1,2,2,Fastball,Changeup,InPlay,Undefined,GroundBall,Out,1,0,,85.74563,-0.283699,-3.066438,2083.573286,249.785614,2:15,5.35594,2.0141,5.73839,-30.66919,7.16933,16.57261,2.5356,0.53689,79.30929,-5.934613,-0.103464,0.44273,61.15292,-27.51144,-11.088643,,,,,6.16569,6.12588,-13.654632,0.05956,-9.25752,4.03303,-1.76912,50,5.31319,6.00856,-124.58002,-1.65834,-14.71698,22.3197,-25.76262,GEO_PAT,SLU_BILL,SpuhlerFieldMain,D1,A10,20250405-SpuhlerFieldMain-2,6a687480-1266-11f0-a721-ed23b36d4136,85.13649,2.47925,,6.43634,,,,1.32003,2.47925,-0.54,7d675549-dbed-425c-a347-a0febeddec93,2025-04-05,21:39:11.52,2025-04-05T17:39:11.5291136-04:00,2025-04-05T21:39:11.5291136Z,GroundBall,v3,471300,471427,05 April 2025 14:00-stlouis@georgemas,"Raymond, Andrew",10148052,Right,GEO_PAT,8cc6555d-328a-4e5c-8c93-78c8afead425,54.76674,-125.43112,11.15985,5.3577,-0.67595,-12.88131,-2.00894,6.56975,-7.35849,180,1.3165,78.43173,,,,,,,,2.48112,-41.62601,,,,,,,,-0.5393,-15.37155,,,,,,,,,,,,,,,,,,,,,,,,,,,,,,High,High,High,High,High,,,
296,2025-04-05,17:39:53.75,4,1,"Yount, Britt",1000122819,Right,GEO_PAT,"Gomric, Hank",10135210,Left,SLU_BILL,Undefined,10,Top,2,0,0,ChangeUp,Changeup,StrikeSwinging,Undefined,Undefined,Undefined,0,0,,79.86966,0.86534,-2.149569,1631.523565,240.557148,2:00,5.24024,2.07054,5.4549,-37.06935,6.99355,10.19816,2.96187,0.90709,73.87283,-5.925546,-0.33503,0.477758,,,,,,,,,,,,-5.67134,3.69441,-1.88805,50,5.29104,3.95273,-116.02982,0.51624,-7.82198,19.33095,-27.07867,GEO_PAT,SLU_BILL,SpuhlerFieldMain,D1,A10,20250405-SpuhlerFieldMain-2,837f5650-1266-11f0-a721-ed23b36d4136,78.89444,,,5.99683,,,,,,,7d675549-dbed-425c-a347-a0febeddec93,2025-04-05,21:39:53.75,2025-04-05T17:39:53.7517568-04:00,2025-04-05T21:39:53.7517568Z,,v3,471300,471427,05 April 2025 14:00-stlouis@georgemas,"Raymond, Andrew",10148052,Right,GEO_PAT,6cca5b29-19fd-4074-9b86-34389027b4c0,55.04843,-116.86788,9.66548,5.24322,1.69019,-13.53934,-2.06677,4.29184,-3.91099,,,,,,,,,,,,,,,,,,,,,,,,,,,,,,,,,,,,,,,,,,,,,,,,,,,High,High,High,,,,,
297,2025-04-05,17:40:13.29,4,2,"Yount, Britt",1000122819,Right,GEO_PAT,"Gomric, Hank",10135210,Left,SLU_BILL,Undefined,10,Top,2,0,1,ChangeUp,Changeup,BallCalled,Undefined,Undefined,Undefined,0,0,,82.22321,-0.939824,-3.975525,1754.971067,266.109645,2:45,5.24778,2.20549,5.41822,-39.48246,2.06484,14.00024,1.07494,-0.35811,76.67849,-8.09848,-1.488519,0.46392,,,,,,,,,,,,-8.05119,1.54236,-1.86202,50,5.13593,7.74295,-119.35363,-3.34407,-11.80693,19.38986,-29.91217,GEO_PAT,SLU_BILL,SpuhlerFieldMain,D1,A10,20250405-SpuhlerFieldMain-2,8f382170-1266-11f0-a721-ed23b36d4136,81.24774,,,5.54471,,,,,,,7d675549-dbed-425c-a347-a0febeddec93,2025-04-05,21:40:13.29,2025-04-05T17:40:13.2983808-04:00,2025-04-05T21:40:13.2983808Z,,v3,471300,471427,05 April 2025 14:00-stlouis@georgemas,"Raymond, Andrew",10148052,Right,GEO_PAT,29aa9b99-d2a0-4388-8b00-3c5e07275f3f,55.08804,-120.17737,9.69493,5.251,-2.0733,-14.95609,-2.20162,8.24455,-5.90346,,,,,,,,,,,,,,,,,,,,,,,,,,,,,,,,,,,,,,,,,,,,,,,,,,,High,High,High,,,,,
298,2025-04-05,17:40:31.34,4,3,"Yount, Britt",1000122819,Right,GEO_PAT,"Gomric, Hank",10135210,Left,SLU_BILL,Undefined,10,Top,2,1,1,Fastball,Changeup,BallCalled,Undefined,Undefined,Undefined,0,0,,87.4109,2.276612,-3.026326,2013.345864,277.275915,3:15,5.45049,2.09717,5.73196,-36.93833,-0.62547,12.42761,4.49665,0.31167,80.94917,-4.487669,-0.807333,0.433712,,,,,,,,,,,,-7.0378,-0.55374,-1.85241,50,5.61762,6.19579,-126.96436,3.72114,-11.67624,22.00001,-33.09273,GEO_PAT,SLU_BILL,SpuhlerFieldMain,D1,A10,20250405-SpuhlerFieldMain-2,99e08e00-1266-11f0-a721-ed23b36d4136,86.90658,,,6.46173,,,,,,,7d675549-dbed-425c-a347-a0febeddec93,2025-04-05,21:40:31.34,2025-04-05T17:40:31.3496064-04:00,2025-04-05T21:40:31.3496064Z,,v3,471300,471427,05 April 2025 14:00-stlouis@georgemas,"Raymond, Andrew",10148052,Right,GEO_PAT,4ddd7797-c3dc-4021-9a8b-b47431f84cf1,54.7735,-127.78882,11.00001,5.45494,4.9613,-16.54637,-2.0928,6.63336,-5.83812,,,,,,,,,,,,,,,,,,,,,,,,,,,,,,,,,,,,,,,,,,,,,,,,,,,High,High,High,,,,,
299,2025-04-05,17:40:50.08,4,4,"Yount, Britt",1000122819,Right,GEO_PAT,"Gomric, Hank",10135210,Left,SLU_BILL,Undefined,10,Top,2,2,1,ChangeUp,Changeup,InPlay,Undefined,FlyBall,Out,1,0,,80.57453,0.584038,-2.826736,1773.94196,235.167565,1:45,5.21357,2.20027,5.50097,-34.62415,8.57721,10.59823,2.8752,0.43729,74.58373,-5.769397,-0.940953,0.473064,97.76091,26.086863,-4.437189,2647.594156,108.95361,50.84591,-15.13518,373.71068,365.19442,-16.672031,4.88115,-6.0839,4.53681,-1.96052,50,5.24107,5.36834,-117.03732,0.0516,-8.54541,19.47029,-25.80168,GEO_PAT,SLU_BILL,SpuhlerFieldMain,D1,A10,20250405-SpuhlerFieldMain-2,a5247740-1266-11f0-a721-ed23b36d4136,79.67721,73.74445,,5.9908,,,,2.4354,3.04481,-0.44795,7d675549-dbed-425c-a347-a0febeddec93,2025-04-05,21:40:50.08,2025-04-05T17:40:50.0809728-04:00,2025-04-05T21:40:50.0809728Z,FlyBall,v3,471300,471427,05 April 2025 14:00-stlouis@georgemas,"Raymond, Andrew",10148052,Right,GEO_PAT,594566f3-2fc7-4fab-ba4c-3a7004a5f29c,55.00348,-117.86676,9.73514,5.21546,1.15075,-12.90084,-2.19697,5.73238,-4.2727,146.817567,2.43511,128.39887,-24.73065,5.77766,-1.32495,0.29504,-0.05466,0.00649,-0.00033,3.04656,63.00794,-14.7079,-0.07718,0.42576,-0.20474,0.05326,-0.007,0.00036,-0.4476,-9.97026,-6.74914,2.08486,-0.51455,0.09813,-0.0135,0.0012,-5E-05,,,,,,,,,,,,,,,,,,,,,,,High,High,High,High,Medium,,,
300,2025-04-05,17:43:05.35,1,1,"Hernandez, Stephen",703674,Left,SLU_BILL,"Barenz, Nick",1000218914,Right,GEO_PAT,Undefined,10,Bottom,0,0,0,Fastball,Sinker,FoulBallNotFieldable,Undefined,Undefined,Undefined,0,0,,87.9172,-1.928373,2.031853,2306.728059,132.446138,10:30,6.30922,-1.44401,4.57752,-21.31777,16.40399,-16.70355,2.69608,-0.9019,80.99965,-5.828432,-0.893548,0.442046,87.38173,28.413097,48.473218,3463.327464,64.24681,48.27263,89.28797,310.05353,196.84194,62.923328,4.103969,8.69666,8.8389,1.2502,50,6.09015,-3.72728,-127.48744,-5.11203,14.44386,23.96362,-17.49397,GEO_PAT,SLU_BILL,SpuhlerFieldMain,D1,A10,20250405-SpuhlerFieldMain-2,f5a9de80-1266-11f0-a721-ed23b36d4136,85.26817,56.39444,,6.91755,,,,0.52853,2.39079,1.01383,7d675549-dbed-425c-a347-a0febeddec93,2025-04-05,21:43:05.35,2025-04-05T17:43:05.3578752-04:00,2025-04-05T21:43:05.3578752Z,FlyBall,v3,471300,471427,05 April 2025 14:00-stlouis@georgemas,"Beattie, Chase",1000074548,Right,SLU_BILL,d5b98a86-0744-4398-802d-6dd9617aebcf,55.92587,-128.59649,11.98181,6.30801,-4.3024,-8.74698,1.43817,-4.39575,7.22193,,0.52853,74.73115,-21.38009,5.99723,-1.5382,0.36208,-0.07974,0.01202,-0.00075,2.38952,61.0136,-19.5836,1.64926,-0.32141,0.09408,-0.0179,0.0021,-0.00014,1.01398,84.38678,-5.57895,-0.05542,0.2254,-0.03294,-0.01296,0.00536,-0.00052,,,,,,,,,,,,,,,,,,,,,,,High,High,High,High,Medium,,,
301,2025-04-05,17:43:26.21,1,2,"Hernandez, Stephen",703674,Left,SLU_BILL,"Barenz, Nick",1000218914,Right,GEO_PAT,Undefined,10,Bottom,0,0,1,Slider,Slider,BallCalled,Undefined,Undefined,Undefined,0,0,,83.17539,-2.770509,2.825913,2577.805526,195.783165,12:30,6.1624,-1.56691,4.58144,-36.05045,6.33922,1.42937,0.51703,1.24299,76.9776,-9.214012,3.076293,0.468599,,,,,,,,,,,,0.03776,4.16067,1.27283,50,5.84153,-6.00725,-120.42938,-7.23537,0.05574,22.31208,-26.03368,GEO_PAT,SLU_BILL,SpuhlerFieldMain,D1,A10,20250405-SpuhlerFieldMain-2,02401150-1267-11f0-a721-ed23b36d4136,80.43643,,,6.19779,,,,,,,7d675549-dbed-425c-a347-a0febeddec93,2025-04-05,21:43:26.21,2025-04-05T17:43:26.2109184-04:00,2025-04-05T21:43:26.2109184Z,,v3,471300,471427,05 April 2025 14:00-stlouis@georgemas,"Beattie, Chase",1000074548,Right,SLU_BILL,85950496-408e-480b-9488-1b8f47fd0b51,55.92264,-121.52172,11.15604,6.16455,-5.96083,-13.01684,1.567,-6.00997,0.02787,,,,,,,,,,,,,,,,,,,,,,,,,,,,,,,,,,,,,,,,,,,,,,,,,,,High,High,High,,,,,
302,2025-04-05,17:43:44.61,1,3,"Hernandez, Stephen",703674,Left,SLU_BILL,"Barenz, Nick",1000218914,Right,GEO_PAT,Undefined,10,Bottom,0,1,1,Fastball,Sinker,BallCalled,Undefined,Undefined,Undefined,0,0,,88.56002,0.950039,0.213685,2291.805271,115.868801,9:45,6.21885,-1.6093,4.5705,-27.07293,10.58552,-19.25442,4.86692,-3.01049,80.37173,-4.001005,-3.157412,0.441675,,,,,,,,,,,,9.39579,5.24725,1.60616,50,6.29272,0.47507,-128.31391,1.0405,15.57279,28.00416,-23.47715,GEO_PAT,SLU_BILL,SpuhlerFieldMain,D1,A10,20250405-SpuhlerFieldMain-2,0d124d00-1267-11f0-a721-ed23b36d4136,85.3398,,,8.18828,,,,,,,7d675549-dbed-425c-a347-a0febeddec93,2025-04-05,21:43:44.61,2025-04-05T17:43:44.6144512-04:00,2025-04-05T21:43:44.6144512Z,,v3,471300,471427,05 April 2025 14:00-stlouis@georgemas,"Beattie, Chase",1000074548,Right,SLU_BILL,7dd6cf8c-0c77-49c7-a899-5e45c2b0a665,55.93006,-129.60166,14.00208,6.22005,2.12008,-11.73858,1.60078,-0.24104,7.78639,,,,,,,,,,,,,,,,,,,,,,,,,,,,,,,,,,,,,,,,,,,,,,,,,,,High,High,High,,,,,
303,2025-04-05,17:44:06.68,1,4,"Hernandez, Stephen",703674,Left,SLU_BILL,"Barenz, Nick",1000218914,Right,GEO_PAT,Undefined,10,Bottom,0,2,1,Fastball,Changeup,BallCalled,Undefined,Undefined,Undefined,0,0,,87.73712,-1.696888,1.514081,2304.860679,114.368612,9:45,6.30139,-1.55632,4.60611,-27.79994,10.52536,-20.38875,2.36998,-1.81518,79.94231,-6.754863,-2.061918,0.445568,,,,,,,,,,,,10.38111,6.01492,1.42027,50,6.10133,-2.37282,-127.0797,-4.87256,16.88838,27.29724,-22.38872,GEO_PAT,SLU_BILL,SpuhlerFieldMain,D1,A10,20250405-SpuhlerFieldMain-2,1a3d45c0-1267-11f0-a721-ed23b36d4136,84.59408,,,7.79481,,,,,,,7d675549-dbed-425c-a347-a0febeddec93,2025-04-05,21:44:06.68,2025-04-05T17:44:06.6830848-04:00,2025-04-05T21:44:06.6830848Z,,v3,471300,471427,05 April 2025 14:00-stlouis@georgemas,"Beattie, Chase",1000074548,Right,SLU_BILL,1228126e-24f4-4fb6-8b65-7da09402c2d9,55.89553,-128.33984,13.64862,6.3024,-3.83902,-11.19436,1.54781,-3.15245,8.44419,,,,,,,,,,,,,,,,,,,,,,,,,,,,,,,,,,,,,,,,,,,,,,,,,,,High,High,High,,,,,
304,2025-04-05,17:44:24.38,1,5,"Hernandez, Stephen",703674,Left,SLU_BILL,"Barenz, Nick",1000218914,Right,GEO_PAT,Undefined,10,Bottom,0,3,1,Fastball,Changeup,InPlay,Undefined,GroundBall,Out,1,0,,87.64028,-1.446701,2.374814,2250.256209,117.71043,10:00,6.26851,-1.53731,4.62643,-26.66572,11.67631,-19.79198,2.66962,-0.92779,79.86522,-6.312726,-1.095124,0.445665,85.50829,-25.942809,-16.718784,,,,,6.33991,6.31453,-5.228397,0.047655,10.45886,6.48811,1.31297,50,6.09587,-4.33439,-126.94214,-4.25475,16.99781,26.95769,-21.62955,GEO_PAT,SLU_BILL,SpuhlerFieldMain,D1,A10,20250405-SpuhlerFieldMain-2,24d07ca0-1267-11f0-a721-ed23b36d4136,84.57566,2.62108,,7.77506,,,,1.15362,2.62108,0.97216,7d675549-dbed-425c-a347-a0febeddec93,2025-04-05,21:44:24.38,2025-04-05T17:44:24.3844608-04:00,2025-04-05T21:44:24.3844608Z,GroundBall,v3,471300,471427,05 April 2025 14:00-stlouis@georgemas,"Beattie, Chase",1000074548,Right,SLU_BILL,d44473a1-246b-460d-b60a-8e3ee1f71d39,55.87702,-128.18412,13.47885,6.26894,-3.25825,-10.81477,1.53071,-5.1175,8.49891,180,1.15155,108.27743,,,,,,,,2.62213,-55.00173,,,,,,,,0.97278,-32.52348,,,,,,,,,,,,,,,,,,,,,,,,,,,,,,High,High,High,Low,Low,,,
305,2025-04-05,17:45:01.27,2,1,"Hernandez, Stephen",703674,Left,SLU_BILL,"Clyne, Owen",1000230336,Left,GEO_PAT,Undefined,10,Bottom,1,0,0,Slider,Slider,BallCalled,Undefined,Undefined,Undefined,0,0,,82.6559,-1.660225,3.352912,2577.202408,174.752428,11:45,6.03048,-1.68321,4.48824,-39.40506,3.87063,-0.22941,1.16131,1.49677,76.02407,-8.708829,3.312836,0.473471,,,,,,,,,,,,1.04209,2.7452,1.33066,50,5.81794,-6.99627,-119.596,-5.03379,1.50975,23.00361,-28.19693,GEO_PAT,SLU_BILL,SpuhlerFieldMain,D1,A10,20250405-SpuhlerFieldMain-2,3ae89d60-1267-11f0-a721-ed23b36d4136,79.60875,,,6.63183,,,,,,,7d675549-dbed-425c-a347-a0febeddec93,2025-04-05,21:45:01.27,2025-04-05T17:45:01.2724224-04:00,2025-04-05T21:45:01.2724224Z,,v3,471300,471427,05 April 2025 14:00-stlouis@georgemas,"Beattie, Chase",1000074548,Right,SLU_BILL,ced1c902-cef8-4115-a6df-b05efe091719,56.0136,-120.74714,11.5018,6.03453,-3.62277,-14.09847,1.68265,-7.07182,0.75488,,,,,,,,,,,,,,,,,,,,,,,,,,,,,,,,,,,,,,,,,,,,,,,,,,,High,High,High,,,,,
306,2025-04-05,17:45:17.38,2,2,"Hernandez, Stephen",703674,Left,SLU_BILL,"Clyne, Owen",1000230336,Left,GEO_PAT,Undefined,10,Bottom,1,1,0,Fastball,Changeup,BallCalled,Undefined,Undefined,Undefined,0,0,,88.41634,-1.511905,1.231555,2350.473105,117.224127,10:00,6.27189,-1.48645,4.53834,-25.61234,12.21682,-21.26946,2.69728,-2.08609,80.48491,-6.18406,-2.493588,0.442675,,,,,,,,,,,,10.94568,6.76189,1.38001,50,6.09075,-1.75624,-128.11752,-4.39958,18.0688,28.15317,-21.0117,GEO_PAT,SLU_BILL,SpuhlerFieldMain,D1,A10,20250405-SpuhlerFieldMain-2,447a69d0-1267-11f0-a721-ed23b36d4136,85.14703,,,7.93143,,,,,,,7d675549-dbed-425c-a347-a0febeddec93,2025-04-05,21:45:17.38,2025-04-05T17:45:17.3805568-04:00,2025-04-05T21:45:17.3805568Z,,v3,471300,471427,05 April 2025 14:00-stlouis@georgemas,"Beattie, Chase",1000074548,Right,SLU_BILL,ee927ca6-7e29-4039-b943-adb8656d821d,55.9663,-129.42194,14.07659,6.27204,-3.42605,-10.50585,1.48077,-2.59343,9.0344,,,,,,,,,,,,,,,,,,,,,,,,,,,,,,,,,,,,,,,,,,,,,,,,,,,High,High,High,,,,,
307,2025-04-05,17:45:38.75,2,3,"Hernandez, Stephen",703674,Left,SLU_BILL,"Clyne, Owen",1000230336,Left,GEO_PAT,Undefined,10,Bottom,1,2,0,Fastball,Four-Seam,BallCalled,Undefined,Undefined,Undefined,0,0,,88.41374,-0.457536,3.212326,2333.601999,129.111487,10:15,6.32729,-1.39632,4.72615,-21.76816,15.77379,-17.86395,4.07844,0.16635,80.35301,-4.483964,0.080328,0.440991,,,,,,,,,,,,9.63489,8.21741,1.0885,50,6.26245,-6.31764,-127.99385,-1.83438,15.94621,26.98901,-18.57381,GEO_PAT,SLU_BILL,SpuhlerFieldMain,D1,A10,20250405-SpuhlerFieldMain-2,51172c50-1267-11f0-a721-ed23b36d4136,85.47209,,,8.06073,,,,,,,7d675549-dbed-425c-a347-a0febeddec93,2025-04-05,21:45:38.75,2025-04-05T17:45:38.7537408-04:00,2025-04-05T21:45:38.7537408Z,,v3,471300,471427,05 April 2025 14:00-stlouis@georgemas,"Beattie, Chase",1000074548,Right,SLU_BILL,99f0f5f3-3de1-4097-a8d9-183f54aa9fe3,55.77479,-129.20579,13.49451,6.3261,-1.00032,-9.2869,1.38828,-7.03371,7.97311,,,,,,,,,,,,,,,,,,,,,,,,,,,,,,,,,,,,,,,,,,,,,,,,,,,High,High,High,,,,,
308,2025-04-05,17:45:57.29,2,4,"Hernandez, Stephen",703674,Left,SLU_BILL,"Clyne, Owen",1000230336,Left,GEO_PAT,Undefined,10,Bottom,1,3,0,Fastball,Changeup,BallCalled,Walk,Undefined,Undefined,0,0,,87.08264,-2.022012,4.172081,2311.997029,128.29958,10:15,6.30442,-1.57118,4.68848,-22.92832,15.68572,-18.3043,2.46783,0.87205,79.78747,-6.226491,0.968845,0.447243,,,,,,,,,,,,10.05268,8.57843,1.16401,50,6.07834,-8.32115,-125.96229,-5.31911,16.22828,24.44167,-18.3257,GEO_PAT,SLU_BILL,SpuhlerFieldMain,D1,A10,20250405-SpuhlerFieldMain-2,5c29cc60-1267-11f0-a721-ed23b36d4136,84.27723,,,7.29517,,,,,,,7d675549-dbed-425c-a347-a0febeddec93,2025-04-05,21:45:57.29,2025-04-05T17:45:57.2955136-04:00,2025-04-05T21:45:57.2955136Z,,v3,471300,471427,05 April 2025 14:00-stlouis@georgemas,"Beattie, Chase",1000074548,Right,SLU_BILL,69429f3f-7a8d-43d0-9e79-d6bee1989d15,55.81382,-127.0854,12.22083,6.30341,-4.47704,-9.16285,1.5635,-9.06684,8.11414,,,,,,,,,,,,,,,,,,,,,,,,,,,,,,,,,,,,,,,,,,,,,,,,,,,High,High,High,,,,,
309,2025-04-05,17:46:44.51,3,1,"Hernandez, Stephen",703674,Left,SLU_BILL,"Hull, Owen",10054797,Left,GEO_PAT,Undefined,10,Bottom,1,0,0,ChangeUp,Slider,InPlay,Undefined,FlyBall,HomeRun,0,2,,81.61341,0.009603,1.924102,2427.577554,143.829319,10:45,6.10631,-1.63874,4.35018,-38.43329,5.31237,-3.0339,2.91271,-0.0525,75.98662,-6.856134,1.394875,0.476035,102.4878,26.968694,16.555718,2252.801279,104.20392,53.55354,35.23543,389.72428,384.60118,24.912504,5.037823,1.92839,2.87622,1.43508,50,6.0686,-3.84706,-118.50607,-1.5036,2.78983,18.96779,-28.01295,GEO_PAT,SLU_BILL,SpuhlerFieldMain,D1,A10,20250405-SpuhlerFieldMain-2,7868c930-1267-11f0-a721-ed23b36d4136,79.17998,81.25527,,5.62679,,,,3.06186,3.2408,0.14439,7d675549-dbed-425c-a347-a0febeddec93,2025-04-05,21:46:44.51,2025-04-05T17:46:44.5107712-04:00,2025-04-05T21:46:44.5107712Z,FlyBall,v3,471300,471427,05 April 2025 14:00-stlouis@georgemas,"Beattie, Chase",1000074548,Right,SLU_BILL,36e0d2de-6394-4316-add9-4917d4c5fddd,56.1548,-119.48713,9.48389,6.1089,-0.0547,-14.00648,1.6378,-3.99136,1.39492,207.769712,3.06358,128.37883,-27.0868,6.41349,-1.30402,0.23636,-0.03836,0.00452,-0.00024,3.24259,68.12874,-15.79559,0.05656,0.42628,-0.22285,0.06044,-0.00808,0.00042,0.1444,38.17775,-0.45422,-0.62913,0.2382,-0.05267,0.0074,-0.00057,2E-05,,,,,,,,,,,,,,,,,,,,,,,High,High,High,High,High,,,