PitchNo,Date,Time,PAofInning,PitchofPA,Pitcher,PitcherId,PitcherThrows,PitcherTeam,Batter,BatterId,BatterSide,BatterTeam,PitcherSet,Inning,Top/Bottom,Outs,Balls,Strikes,TaggedPitchType,AutoPitchType,PitchCall,KorBB,TaggedHitType,PlayResult,OutsOnPlay,RunsScored,Notes,RelSpeed,VertRelAngle,HorzRelAngle,SpinRate,SpinAxis,Tilt,RelHeight,RelSide,Extension,VertBreak,InducedVertBreak,HorzBreak,PlateLocHeight,PlateLocSide,ZoneSpeed,VertApprAngle,HorzApprAngle,ZoneTime,ExitSpeed,Angle,Direction,HitSpinRate,PositionAt110X,PositionAt110Y,PositionAt110Z,Distance,LastTrackedDistance,Bearing,HangTime,pfxx,pfxz,x0,y0,z0,vx0,vy0,vz0,ax0,ay0,az0,HomeTeam,AwayTeam,Stadium,Level,League,GameID,PitchUID,EffectiveVelo,MaxHeight,MeasuredDuration,SpeedDrop,PitchLastMeasuredX,PitchLastMeasuredY,PitchLastMeasuredZ,ContactPositionX,ContactPositionY,ContactPositionZ,GameUID,UTCDate,UTCTime,LocalDateTime,UTCDateTime,AutoHitType,System,HomeTeamForeignID,AwayTeamForeignID,GameForeignID,Catcher,CatcherId,CatcherThrows,CatcherTeam,PlayID,PitchTrajectoryXc0,PitchTrajectoryXc1,PitchTrajectoryXc2,PitchTrajectoryYc0,PitchTrajectoryYc1,PitchTrajectoryYc2,PitchTrajectoryZc0,PitchTrajectoryZc1,PitchTrajectoryZc2,HitSpinAxis,HitTrajectoryXc0,HitTrajectoryXc1,HitTrajectoryXc2,HitTrajectoryXc3,HitTrajectoryXc4,HitTrajectoryXc5,HitTrajectoryXc6,HitTrajectoryXc7,HitTrajectoryXc8,HitTrajectoryYc0,HitTrajectoryYc1,HitTrajectoryYc2,HitTrajectoryYc3,HitTrajectoryYc4,HitTrajectoryYc5,HitTrajectoryYc6,HitTrajectoryYc7,HitTrajectoryYc8,HitTrajectoryZc0,HitTrajectoryZc1,HitTrajectoryZc2,HitTrajectoryZc3,HitTrajectoryZc4,HitTrajectoryZc5,HitTrajectoryZc6,HitTrajectoryZc7,HitTrajectoryZc8,ThrowSpeed,PopTime,ExchangeTime,TimeToBase,CatchPositionX,CatchPositionY,CatchPositionZ,ThrowPositionX,ThrowPositionY,ThrowPositionZ,BasePositionX,BasePositionY,BasePositionZ,ThrowTrajectoryXc0,ThrowTrajectoryXc1,ThrowTrajectoryXc2,ThrowTrajectoryYc0,ThrowTrajectoryYc1,ThrowTrajectoryYc2,ThrowTrajectoryZc0,ThrowTrajectoryZc1,ThrowTrajectoryZc2,PitchReleaseConfidence,PitchLocationConfidence,PitchMovementConfidence,HitLaunchConfidence,HitLandingConfidence,CatcherThrowCatchConfidence,CatcherThrowReleaseConfidence,CatcherThrowLocationConfidence
1,2026-01-18,13:33:22.21,1,1,"Parker, Aiden",10285505,Right,GEO_PAT,"Clyne , Owen",1000230336,Left,GEO_PAT,Undefined,1,Top,0,0,0,Fastball,Sinker,BallCalled,Undefined,Undefined,Undefined,0,0,,88.73742,-2.718738,-1.901091,2117.168011,225.603176,1:30,6.40845,2.24535,6.38743,-17.78076,17.59237,16.64481,2.42253,1.88299,80.10195,-6.141637,1.114342,0.428063,,,,,,,,,,,,-9.20378,10.39839,-2.11524,50,6.20413,3.58859,-128.642,-6.56752,-15.18924,30.46199,-15.0133,GEO_PAT,GEO_PAT,SpuhlerFieldMain,TeamExclusive,Team,20260118-SpuhlerFieldMain-Private-1,2b4da630-f49c-11f0-aeca-7be11d62ba38,88.05341,,,8.63547,,,,,,,e82b59a3-61bd-4406-a387-f88194c45877,2026-01-18,18:33:22.21,2026-01-18T13:33:22.2173184-05:00,2026-01-18T18:33:22.2173184Z,,v3,471300,471300,,"Cowdrey, Vincent",1000469295,Right,GEO_PAT,bece97a4-ea89-40c2-bc3a-ebb3e90bb657,54.11147,-129.61192,15.231,6.40564,-6.08949,-7.50665,-2.2372,4.07222,-7.59462,,,,,,,,,,,,,,,,,,,,,,,,,,,,,,,,,,,,,,,,,,,,,,,,,,,High,High,High,,,,,
2,2026-01-18,13:33:39.04,1,2,"Parker, Aiden",10285505,Right,GEO_PAT,"Clyne , Owen",1000230336,Left,GEO_PAT,Undefined,1,Top,0,1,0,Fastball,Sinker,BallCalled,Undefined,Undefined,Undefined,0,0,,88.08153,-2.207557,-1.312402,2120.247393,218.378066,1:15,6.44901,2.10524,6.30341,-17.51406,18.65568,13.68422,2.95402,2.0362,79.06544,-5.597362,1.163004,0.432857,,,,,,,,,,,,-7.43697,10.78099,-2.01444,50,6.27812,2.34901,-127.65439,-5.35665,-12.02494,31.20652,-14.74212,GEO_PAT,GEO_PAT,SpuhlerFieldMain,TeamExclusive,Team,20260118-SpuhlerFieldMain-Private-1,35573ab0-f49c-11f0-aeca-7be11d62ba38,87.07835,,,9.01609,,,,,,,e82b59a3-61bd-4406-a387-f88194c45877,2026-01-18,18:33:39.04,2026-01-18T13:33:39.0462464-05:00,2026-01-18T18:33:39.0462464Z,,v3,471300,471300,,"Cowdrey, Vincent",1000469295,Right,GEO_PAT,0fdaa72b-dd5a-4667-9657-046188254d0c,54.19288,-128.6753,15.60326,6.44547,-4.87436,-7.37106,-2.09773,2.7424,-6.01247,,,,,,,,,,,,,,,,,,,,,,,,,,,,,,,,,,,,,,,,,,,,,,,,,,,High,High,High,,,,,
3,2026-01-18,13:33:57.13,1,3,"Parker, Aiden",10285505,Right,GEO_PAT,"Clyne , Owen",1000230336,Left,GEO_PAT,Undefined,1,Top,0,2,0,Fastball,Sinker,StrikeSwinging,Undefined,Undefined,Undefined,0,0,,88.11622,-2.132336,-2.037299,2069.719357,219.46651,1:15,6.34196,1.94574,6.57774,-17.85332,17.94556,13.64737,2.89762,1.21492,79.03762,-5.601727,0.443197,0.430632,,,,,,,,,,,,-7.73685,10.48989,-1.81032,50,6.18752,3.98842,-127.72328,-5.17991,-12.51269,31.44418,-15.2089,GEO_PAT,GEO_PAT,SpuhlerFieldMain,TeamExclusive,Team,20260118-SpuhlerFieldMain-Private-1,40213900-f49c-11f0-aeca-7be11d62ba38,87.52822,,,9.07859,,,,,,,e82b59a3-61bd-4406-a387-f88194c45877,2026-01-18,18:33:57.13,2026-01-18T13:33:57.1341824-05:00,2026-01-18T18:33:57.1341824Z,,v3,471300,471300,,"Cowdrey, Vincent",1000469295,Right,GEO_PAT,780e178f-325d-4c8f-a4a5-4282c61db972,53.91863,-128.68438,15.72209,6.33874,-4.71504,-7.60445,-1.93807,4.37087,-6.25635,,,,,,,,,,,,,,,,,,,,,,,,,,,,,,,,,,,,,,,,,,,,,,,,,,,High,High,High,,,,,
4,2026-01-18,13:34:18.71,1,4,"Parker, Aiden",10285505,Right,GEO_PAT,"Clyne , Owen",1000230336,Left,GEO_PAT,Undefined,1,Top,0,2,1,Fastball,Four-Seam,InPlay,Undefined,FlyBall,Out,1,0,,89.44774,-2.52529,-2.237893,2139.179678,195.198836,12:30,6.28981,2.14662,6.66038,-11.56485,23.02726,5.90024,3.01186,0.58931,80.28871,-4.849321,-1.164817,0.423311,76.94091,54.800532,-3.580031,,108.07684,111.16059,-20.47893,199.64239,185.89955,-11.676893,5.358931,-3.86516,13.36146,-1.99832,50,6.11479,4.83997,-129.68534,-5.92057,-6.44915,32.24421,-9.88009,GEO_PAT,GEO_PAT,SpuhlerFieldMain,TeamExclusive,Team,20260118-SpuhlerFieldMain-Private-1,4d12ab30-f49c-11f0-aeca-7be11d62ba38,89.04189,111.21886,,9.15903,,,,1.94001,3.11905,-0.60557,e82b59a3-61bd-4406-a387-f88194c45877,2026-01-18,18:34:18.71,2026-01-18T13:34:18.7125760-05:00,2026-01-18T18:34:18.7125760Z,Popup,v3,471300,471300,,"Cowdrey, Vincent",1000469295,Right,GEO_PAT,25160dbe-5afd-4426-83cb-c91f31f47486,53.83915,-130.6364,16.12211,6.28512,-5.62915,-4.94004,-2.14389,5.03019,-3.22457,161.772366,1.93698,64.95199,-16.38044,4.68595,-0.81587,0.00657,0.03247,-0.00603,0.00034,3.10917,92.40712,-24.1833,3.18709,-1.05711,0.30408,-0.04905,0.00338,-5E-05,-0.60764,-4.03971,-4.23498,1.8334,-0.37863,-0.00373,0.021,-0.00406,0.00025,,,,,,,,,,,,,,,,,,,,,,,High,High,High,High,Medium,,,
5,2026-01-18,13:34:54.31,2,1,"Parker, Aiden",10285505,Right,GEO_PAT,"Butler, Jake",1000136500,Right,GEO_PAT,Undefined,1,Top,1,0,0,Fastball,Four-Seam,StrikeSwinging,Undefined,Undefined,Undefined,0,0,,89.01967,-2.721913,-2.437876,2146.914926,195.855409,12:30,6.46741,2.0439,6.48478,-11.38111,23.91682,6.40166,3.01561,0.3376,79.6439,-5.015728,-1.277802,0.427608,,,,,,,,,,,,-4.1291,13.73576,-1.87482,50,6.26999,5.22121,-128.88969,-6.30358,-6.79345,32.27243,-9.57515,GEO_PAT,GEO_PAT,SpuhlerFieldMain,TeamExclusive,Team,20260118-SpuhlerFieldMain-Private-1,625c7f70-f49c-11f0-aeca-7be11d62ba38,88.1471,,,9.37577,,,,,,,e82b59a3-61bd-4406-a387-f88194c45877,2026-01-18,18:34:54.31,2026-01-18T13:34:54.3180288-05:00,2026-01-18T18:34:54.3180288Z,,v3,471300,471300,,"Cowdrey, Vincent",1000469295,Right,GEO_PAT,95648ca4-bfee-4da8-b8a5-3eefac15658b,54.01089,-129.89008,16.13622,6.46079,-6.00677,-4.78758,-2.03993,5.43179,-3.39673,,,,,,,,,,,,,,,,,,,,,,,,,,,,,,,,,,,,,,,,,,,,,,,,,,,High,High,High,,,,,
6,2026-01-18,13:35:14.07,2,2,"Parker, Aiden",10285505,Right,GEO_PAT,"Butler, Jake",1000136500,Right,GEO_PAT,Undefined,1,Top,1,0,1,Fastball,Four-Seam,BallCalled,Undefined,Undefined,Undefined,0,0,,89.82813,-1.715722,-1.478753,2088.530286,218.410545,1:15,6.40124,1.90782,6.22887,-15.73682,19.34292,14.22721,3.50582,1.72874,80.04726,-4.793359,1.09054,0.426285,,,,,,,,,,,,-7.96654,11.0654,-1.80441,50,6.26535,2.78075,-130.19098,-4.29651,-13.28283,34.60235,-13.72438,GEO_PAT,GEO_PAT,SpuhlerFieldMain,TeamExclusive,Team,20260118-SpuhlerFieldMain-Private-1,6e0bfbc0-f49c-11f0-aeca-7be11d62ba38,88.42084,,,9.78087,,,,,,,e82b59a3-61bd-4406-a387-f88194c45877,2026-01-18,18:35:14.07,2026-01-18T13:35:14.0708864-05:00,2026-01-18T18:35:14.0708864Z,,v3,471300,471300,,"Cowdrey, Vincent",1000469295,Right,GEO_PAT,9b3d9916-b1e5-40e1-b126-2cb2897a1459,54.27115,-131.32127,17.30118,6.39838,-3.8482,-6.86219,-1.90233,3.21464,-6.64142,,,,,,,,,,,,,,,,,,,,,,,,,,,,,,,,,,,,,,,,,,,,,,,,,,,High,High,High,,,,,
7,2026-01-18,13:35:36.13,2,3,"Parker, Aiden",10285505,Right,GEO_PAT,"Butler, Jake",1000136500,Right,GEO_PAT,Undefined,1,Top,1,1,1,Slider,Slider,BallCalled,Undefined,Undefined,Undefined,0,0,,78.65945,1.243633,-1.796867,2044.811604,92.538329,9:00,6.28478,2.07517,6.13756,-43.36676,1.75575,-5.55551,3.82106,-0.04908,71.59628,-6.811888,-2.798065,0.483468,,,,,,,,,,,,2.29425,1.04535,-1.93537,50,6.35795,3.78847,-114.15832,1.16195,2.99952,22.83465,-30.80737,GEO_PAT,GEO_PAT,SpuhlerFieldMain,TeamExclusive,Team,20260118-SpuhlerFieldMain-Private-1,7b273d10-f49c-11f0-aeca-7be11d62ba38,77.96257,,,7.06317,,,,,,,e82b59a3-61bd-4406-a387-f88194c45877,2026-01-18,18:35:36.13,2026-01-18T13:35:36.1320960-05:00,2026-01-18T18:35:36.1320960Z,,v3,471300,471300,,"Cowdrey, Vincent",1000469295,Right,GEO_PAT,32562dab-e2b3-4250-8844-a659b1c49226,54.36225,-115.02758,11.41733,6.2914,2.3347,-15.40369,-2.07741,3.67429,1.49976,,,,,,,,,,,,,,,,,,,,,,,,,,,,,,,,,,,,,,,,,,,,,,,,,,,High,High,High,,,,,
8,2026-01-18,13:35:53.89,2,4,"Parker, Aiden",10285505,Right,GEO_PAT,"Butler, Jake",1000136500,Right,GEO_PAT,Undefined,1,Top,1,2,1,Fastball,Four-Seam,InPlay,Undefined,FlyBall,Out,1,0,,88.98067,-3.174245,-2.530303,2103.057189,197.642512,12:30,6.3381,1.93612,6.67441,-13.93079,20.77922,6.21611,2.26734,0.13771,80.59158,-5.90498,-1.39962,0.424032,85.40502,56.217125,-3.271492,4898.180693,109.99469,139.67474,-1.07404,216.41996,143.40183,0.845312,6.01458,-4.08953,12.34135,-1.76897,50,6.11932,5.46939,-129.02204,-7.46064,-6.81015,29.87509,-11.62252,GEO_PAT,GEO_PAT,SpuhlerFieldMain,TeamExclusive,Team,20260118-SpuhlerFieldMain-Private-1,85ca7980-f49c-11f0-aeca-7be11d62ba38,88.89052,143.43219,,8.3891,,,,2.87931,4.84152,-0.33131,e82b59a3-61bd-4406-a387-f88194c45877,2026-01-18,18:35:53.89,2026-01-18T13:35:53.8987008-05:00,2026-01-18T18:35:53.8987008Z,FlyBall,v3,471300,471300,,"Cowdrey, Vincent",1000469295,Right,GEO_PAT,0d7b66c7-1bfc-4b12-834e-5b06de27f535,53.82697,-129.90516,14.93755,6.33478,-7.11708,-5.81126,-1.93362,5.6707,-3.40508,185.603944,2.89504,69.25383,-17.03212,3.42523,0.04631,-0.21781,0.05483,-0.00595,0.00025,4.83266,104.24159,-24.20683,2.76052,-0.58047,0.07325,0.00056,-0.00132,0.0001,-0.33241,-3.9502,2.82662,-0.74962,0.07735,0.01338,-0.00571,0.00074,-3E-05,,,,,,,,,,,,,,,,,,,,,,,High,High,High,Medium,Low,,,
9,2026-01-18,13:36:29.43,3,1,"Parker, Aiden",10285505,Right,GEO_PAT,"Terilli, Lucas",1000315616,Left,GEO_PAT,Undefined,1,Top,2,0,0,Fastball,Four-Seam,StrikeCalled,Undefined,Undefined,Undefined,0,0,,88.47637,-3.753626,-2.748078,2082.032211,202.013932,12:45,6.30265,2.11771,6.61764,-15.35544,20.13733,7.59619,1.57631,0.23192,79.63526,-6.752194,-1.367906,0.428787,,,,,,,,,,,,-4.90666,12.2291,-1.93368,50,6.04035,5.85435,-128.0711,-8.75001,-7.99422,31.1474,-12.24956,GEO_PAT,GEO_PAT,SpuhlerFieldMain,TeamExclusive,Team,20260118-SpuhlerFieldMain-Private-1,9af09920-f49c-11f0-aeca-7be11d62ba38,87.90486,,,8.84111,,,,,,,e82b59a3-61bd-4406-a387-f88194c45877,2026-01-18,18:36:29.43,2026-01-18T13:36:29.4386688-05:00,2026-01-18T18:36:29.4386688Z,,v3,471300,471300,,"Cowdrey, Vincent",1000469295,Right,GEO_PAT,f26a6649-a651-4160-a1ad-f47f5849dab4,53.8816,-129.01167,15.5737,6.29899,-8.38011,-6.12478,-2.11411,6.09575,-3.99711,,,,,,,,,,,,,,,,,,,,,,,,,,,,,,,,,,,,,,,,,,,,,,,,,,,High,High,High,,,,,
10,2026-01-18,13:36:48.76,3,2,"Parker, Aiden",10285505,Right,GEO_PAT,"Terilli, Lucas",1000315616,Left,GEO_PAT,Undefined,1,Top,2,0,1,Fastball,Four-Seam,FoulBallNotFieldable,Undefined,Undefined,Undefined,0,0,,87.71089,-2.016611,-2.701113,2037.496913,204.136575,12:45,6.33252,2.11132,6.67381,-14.98497,20.87769,8.76111,3.23599,0.36836,78.94516,-4.965837,-1.107793,0.431015,76.51606,62.567619,-71.910852,4907.055082,0.85564,110.42656,-109.99644,178.03207,65.0469,-92.454733,5.053523,-5.50567,12.04969,-1.93347,50,6.19091,5.66989,-127.19959,-4.79725,-8.86299,30.33582,-12.77657,GEO_PAT,GEO_PAT,SpuhlerFieldMain,TeamExclusive,Team,20260118-SpuhlerFieldMain-Private-1,a67e3590-f49c-11f0-aeca-7be11d62ba38,87.45036,112.22816,,8.76574,,,,0.28055,3.76255,-0.88402,e82b59a3-61bd-4406-a387-f88194c45877,2026-01-18,18:36:48.76,2026-01-18T13:36:48.7626752-05:00,2026-01-18T18:36:48.7626752Z,Popup,v3,471300,471300,,"Cowdrey, Vincent",1000469295,Right,GEO_PAT,456b51d8-c64b-44d5-b600-6979b9a005d8,53.82593,-128.10879,15.16791,6.32895,-4.41433,-6.38829,-2.10738,5.93553,-4.4315,,0.2891,15.82177,-11.4046,1.94807,1.28569,-0.9969,0.29295,-0.0402,0.00212,3.78544,99.13395,-26.35381,0.21752,1.98323,-1.0245,0.24574,-0.02916,0.00137,-0.89594,-48.91534,3.39098,0.9777,-0.97409,0.34442,-0.05672,0.00383,-5E-05,,,,,,,,,,,,,,,,,,,,,,,High,High,High,Medium,Low,,,
11,2026-01-18,13:37:12.09,3,3,"Parker, Aiden",10285505,Right,GEO_PAT,"Terilli, Lucas",1000315616,Left,GEO_PAT,Undefined,1,Top,2,0,2,Fastball,Sinker,InPlay,Undefined,FlyBall,Out,1,0,,88.36088,-1.996731,-3.269357,2073.654039,220.545819,1:15,6.39737,2.06013,6.58253,-17.09139,18.69351,14.77784,3.13939,0.29205,78.87734,-5.340293,-0.587217,0.430548,87.79708,33.38238,-14.964808,3985.616936,103.70346,63.18227,-36.68223,323.27222,281.33092,-25.194753,4.751294,-8.89827,10.91331,-1.84132,50,6.25285,6.73047,-127.96648,-4.86568,-14.37348,32.76872,-14.54569,GEO_PAT,GEO_PAT,SpuhlerFieldMain,TeamExclusive,Team,20260118-SpuhlerFieldMain-Private-1,b46a5b70-f49c-11f0-aeca-7be11d62ba38,87.54532,77.02293,,9.48354,,,,1.05263,3.107,-0.30017,e82b59a3-61bd-4406-a387-f88194c45877,2026-01-18,18:37:12.09,2026-01-18T13:37:12.0967680-05:00,2026-01-18T18:37:12.0967680Z,FlyBall,v3,471300,471300,,"Cowdrey, Vincent",1000469295,Right,GEO_PAT,8082411b-2cc3-49b7-87ac-0ef1742d6897,53.91626,-128.96543,16.38436,6.39442,-4.42226,-7.27284,-2.05318,7.16864,-7.18674,143.235036,1.05855,103.73908,-21.15468,4.59298,-0.22974,-0.27144,0.09645,-0.01331,0.00068,3.10406,70.90844,-19.05586,1.11176,-0.04087,-0.0604,0.0334,-0.00662,0.00045,-0.29893,-27.7937,-3.09537,1.66738,-0.43763,0.06726,-0.00675,0.00063,-4E-05,,,,,,,,,,,,,,,,,,,,,,,High,High,High,High,High,,,
12,2026-01-18,13:39:50.23,1,1,"Okeeffe, Shaun",1000297082,Left,GEO_PAT,"Westley, Matthew",824016,Right,GEO_PAT,Undefined,1,Bottom,0,0,0,Sinker,Changeup,StrikeSwinging,Undefined,Undefined,Undefined,0,0,,79.43345,-0.505568,4.588064,1925.53617,79.736997,8:45,5.43796,-2.05927,5.41612,-49.69392,-3.04193,-27.43446,0.82163,-0.03798,70.95789,-9.604038,-0.29,0.491594,,,,,,,,,,,,15.59103,-0.8765,1.67083,50,5.35821,-8.10562,-114.70975,-2.71511,20.10716,27.55867,-33.30442,GEO_PAT,GEO_PAT,SpuhlerFieldMain,TeamExclusive,Team,20260118-SpuhlerFieldMain-Private-1,12b26790-f49d-11f0-aeca-7be11d62ba38,76.67394,,,8.47556,,,,,,,e82b59a3-61bd-4406-a387-f88194c45877,2026-01-18,18:39:50.23,2026-01-18T13:39:50.2318080-05:00,2026-01-18T18:39:50.2318080Z,,v3,471300,471300,,"Vaughan, Logan",1000232024,Right,GEO_PAT,3b32f27f-aba7-437e-a57a-5814dda10f6b,55.08667,-115.92536,13.77933,5.44558,-1.24606,-16.65221,2.04793,-8.99255,10.05358,,,,,,,,,,,,,,,,,,,,,,,,,,,,,,,,,,,,,,,,,,,,,,,,,,,High,High,High,,,,,
13,2026-01-18,13:40:04.32,1,2,"Okeeffe, Shaun",1000297082,Left,GEO_PAT,"Westley, Matthew",824016,Right,GEO_PAT,Undefined,1,Bottom,0,0,1,Sinker,Changeup,StrikeCalled,Undefined,Undefined,Undefined,0,0,,79.41809,1.453201,3.385999,1981.741226,104.200452,9:30,5.52999,-1.84257,5.52278,-38.33833,7.85717,-23.79592,3.69652,-0.65604,70.74101,-5.684362,-0.847941,0.489183,,,,,,,,,,,,13.05162,3.99673,1.56342,50,5.63178,-5.80553,-114.79509,1.67441,16.96293,26.40257,-26.97957,GEO_PAT,GEO_PAT,SpuhlerFieldMain,TeamExclusive,Team,20260118-SpuhlerFieldMain-Private-1,1b08a6c0-f49d-11f0-aeca-7be11d62ba38,77.05185,,,8.67708,,,,,,,e82b59a3-61bd-4406-a387-f88194c45877,2026-01-18,18:40:04.32,2026-01-18T13:40:04.3220480-05:00,2026-01-18T18:40:04.3220480Z,,v3,471300,471300,,"Vaughan, Logan",1000232024,Right,GEO_PAT,aba3ce29-1e83-4bc8-9d0a-3fdbeb0458e3,54.97522,-115.93373,13.20129,5.53449,2.83793,-13.48979,1.82957,-6.53708,8.48146,,,,,,,,,,,,,,,,,,,,,,,,,,,,,,,,,,,,,,,,,,,,,,,,,,,High,High,High,,,,,
14,2026-01-18,13:40:18.54,1,3,"Okeeffe, Shaun",1000297082,Left,GEO_PAT,"Westley, Matthew",824016,Right,GEO_PAT,Undefined,1,Bottom,0,0,2,Sinker,Changeup,BallCalled,Undefined,Undefined,Undefined,0,0,,79.49588,0.536588,2.261718,2001.934829,90.958972,9:00,5.47877,-2.12282,5.54186,-43.60711,2.05791,-21.14159,2.34677,-1.76962,71.60442,-7.501033,-1.510444,0.486366,,,,,,,,,,,,11.41079,1.35902,1.941,50,5.4967,-3.69969,-115.171,-0.37471,15.01459,25.44818,-30.38582,GEO_PAT,GEO_PAT,SpuhlerFieldMain,TeamExclusive,Team,20260118-SpuhlerFieldMain-Private-1,239b0490-f49d-11f0-aeca-7be11d62ba38,77.4981,,,7.89146,,,,,,,e82b59a3-61bd-4406-a387-f88194c45877,2026-01-18,18:40:18.54,2026-01-18T13:40:18.5440256-05:00,2026-01-18T18:40:18.5440256Z,,v3,471300,471300,,"Vaughan, Logan",1000232024,Right,GEO_PAT,0e991a85-539b-41fd-9bf6-7198ccae09ae,54.95916,-116.26161,12.72409,5.48486,0.92751,-15.19291,2.11334,-4.34316,7.5073,,,,,,,,,,,,,,,,,,,,,,,,,,,,,,,,,,,,,,,,,,,,,,,,,,,High,High,High,,,,,
15,2026-01-18,13:40:31.66,1,4,"Okeeffe, Shaun",1000297082,Left,GEO_PAT,"Westley, Matthew",824016,Right,GEO_PAT,Undefined,1,Bottom,0,1,2,Slider,Curveball,BallCalled,Undefined,Undefined,Undefined,0,0,,75.45898,-0.444522,1.428633,2146.766853,315.136413,4:30,5.32021,-2.10444,4.90815,-60.41905,-8.88615,10.59402,-0.13523,0.12974,69.18576,-11.27394,3.302251,0.516671,,,,,,,,,,,,-4.86213,-3.94469,1.95518,50,5.22535,-3.13832,-109.39228,-2.95752,-5.80583,21.92052,-36.88438,GEO_PAT,GEO_PAT,SpuhlerFieldMain,TeamExclusive,Team,20260118-SpuhlerFieldMain-Private-1,2b644600-f49d-11f0-aeca-7be11d62ba38,72.95257,,,6.27322,,,,,,,e82b59a3-61bd-4406-a387-f88194c45877,2026-01-18,18:40:31.66,2026-01-18T13:40:31.6695040-05:00,2026-01-18T18:40:31.6695040Z,,v3,471300,471300,,"Vaughan, Logan",1000232024,Right,GEO_PAT,cc84f1cb-1a0e-4b53-a813-b899f43d7342,55.59708,-110.50816,10.96026,5.32812,-1.0799,-18.44219,2.10741,-2.84278,-2.90292,,,,,,,,,,,,,,,,,,,,,,,,,,,,,,,,,,,,,,,,,,,,,,,,,,,High,High,High,,,,,
16,2026-01-18,13:40:46.64,1,5,"Okeeffe, Shaun",1000297082,Left,GEO_PAT,"Westley, Matthew",824016,Right,GEO_PAT,Undefined,1,Bottom,0,2,2,Sinker,Changeup,StrikeSwinging,Strikeout,Undefined,Undefined,0,0,,79.7166,-0.617078,4.114887,1901.203104,84.723907,8:45,5.38156,-1.89083,5.65275,-46.31428,-0.39539,-24.94482,0.94497,-0.12495,71.10114,-9.15879,-0.34156,0.487716,,,,,,,,,,,,14.27162,0.51004,1.55799,50,5.29986,-7.30828,-115.2001,-2.76734,18.53584,28.07826,-31.51161,GEO_PAT,GEO_PAT,SpuhlerFieldMain,TeamExclusive,Team,20260118-SpuhlerFieldMain-Private-1,3450aab0-f49d-11f0-aeca-7be11d62ba38,77.28356,,,8.61546,,,,,,,e82b59a3-61bd-4406-a387-f88194c45877,2026-01-18,18:40:46.64,2026-01-18T13:40:46.6410000-05:00,2026-01-18T18:40:46.6410000Z,,v3,471300,471300,,"Vaughan, Logan",1000232024,Right,GEO_PAT,9cf1376c-f1fe-444d-b932-0566ed1536fc,54.84887,-116.37593,14.03913,5.38811,-1.44772,-15.7558,1.88029,-8.08451,9.26792,,,,,,,,,,,,,,,,,,,,,,,,,,,,,61.15089,,,1.128809,,,,-0.0504,6.15418,2.27091,71.01575,8.81518,-53.76537,0.00909,67.5418,-4.10378,6.19628,17.71399,-13.63275,2.20146,-54.61932,4.4584,High,High,High,,,High,High,High
17,2026-01-18,13:41:13.04,2,1,"Okeeffe, Shaun",1000297082,Left,GEO_PAT,"Alberti, Lucas",1000145512,Right,GEO_PAT,Undefined,1,Bottom,1,0,0,ChangeUp,Changeup,StrikeSwinging,Undefined,Undefined,Undefined,0,0,,76.8393,-1.328923,3.503953,1944.989099,119.265983,10:00,5.43062,-1.964,4.98352,-35.64167,14.33776,-22.18478,1.20289,-0.4995,69.28032,-7.889947,-0.407808,0.508823,,,,,,,,,,,,12.23115,8.05481,1.64513,50,5.27388,-5.90962,-111.07102,-3.74441,15.00047,23.28245,-22.2955,GEO_PAT,GEO_PAT,SpuhlerFieldMain,TeamExclusive,Team,20260118-SpuhlerFieldMain-Private-1,44107f20-f49d-11f0-aeca-7be11d62ba38,74.07763,,,7.55898,,,,,,,e82b59a3-61bd-4406-a387-f88194c45877,2026-01-18,18:41:13.04,2026-01-18T13:41:13.0480640-05:00,2026-01-18T18:41:13.0480640Z,,v3,471300,471300,,"Vaughan, Logan",1000232024,Right,GEO_PAT,08b98d18-bcf5-40e6-ba02-8ab6b1a45e05,55.51769,-112.22167,11.64123,5.4317,-2.64254,-11.14775,1.95551,-6.65096,7.50024,,,,,,,,,,,,,,,,,,,,,,,,,,,,,,,,,,,,,,,,,,,,,,,,,,,High,High,High,,,,,
18,2026-01-18,13:41:25.94,2,2,"Okeeffe, Shaun",1000297082,Left,GEO_PAT,"Alberti, Lucas",1000145512,Right,GEO_PAT,Undefined,1,Bottom,1,0,1,Sinker,Changeup,BallCalled,Undefined,Undefined,Undefined,0,0,,79.49675,0.310118,4.720401,1913.468852,93.114718,9:00,5.3611,-2.04983,5.51743,-42.83668,3.22799,-26.09883,2.08236,0.19919,71.20824,-7.594159,0.081046,0.48849,,,,,,,,,,,,14.71926,2.05697,1.65549,50,5.35993,-8.42076,-114.84555,-0.80361,19.20318,25.86299,-29.49049,GEO_PAT,GEO_PAT,SpuhlerFieldMain,TeamExclusive,Team,20260118-SpuhlerFieldMain-Private-1,4bc1cbc0-f49d-11f0-aeca-7be11d62ba38,77.16118,,,8.28851,,,,,,,e82b59a3-61bd-4406-a387-f88194c45877,2026-01-18,18:41:25.94,2026-01-18T13:41:25.9411968-05:00,2026-01-18T18:41:25.9411968Z,,v3,471300,471300,,"Vaughan, Logan",1000232024,Right,GEO_PAT,24452f98-66c7-4517-9ae1-55864d5822eb,54.98351,-115.9624,12.9315,5.36713,0.46989,-14.74524,2.03703,-9.25002,9.60159,,,,,,,,,,,,,,,,,,,,,,,,,,,,,,,,,,,,,,,,,,,,,,,,,,,High,High,High,,,,,
19,2026-01-18,13:41:45.11,2,3,"Okeeffe, Shaun",1000297082,Left,GEO_PAT,"Alberti, Lucas",1000145512,Right,GEO_PAT,Undefined,1,Bottom,1,1,1,Sinker,Changeup,InPlay,Undefined,FlyBall,Double,0,0,,79.19461,-0.425202,4.52901,1984.00391,105.268805,9:30,5.43425,-1.92945,5.66066,-37.54502,8.66878,-25.01466,1.90772,0.21844,70.85194,-7.41216,0.069737,0.48928,93.90703,29.976195,-0.302993,3617.735294,109.83385,57.40554,6.04349,350.62363,350.62363,10.627111,4.784023,14.27599,5.05339,1.56169,50,5.37476,-8.08046,-114.43802,-2.02814,18.45967,26.02459,-25.63972,GEO_PAT,GEO_PAT,SpuhlerFieldMain,TeamExclusive,Team,20260118-SpuhlerFieldMain-Private-1,572c01b0-f49d-11f0-aeca-7be11d62ba38,77.03658,77.8453,,8.34267,,,,1.90228,1.98786,-0.23049,e82b59a3-61bd-4406-a387-f88194c45877,2026-01-18,18:41:45.11,2026-01-18T13:41:45.1164160-05:00,2026-01-18T18:41:45.1164160Z,FlyBall,v3,471300,471300,,"Vaughan, Logan",1000232024,Right,GEO_PAT,5cc7e2d0-ee7d-4475-9c17-2d07911e4144,54.83995,-115.53344,13.01229,5.43741,-0.94892,-12.81986,1.91816,-8.85746,9.22983,212.111751,1.90277,119.29556,-22.91451,5.58337,-1.22814,0.26804,-0.05105,0.0063,-0.00034,1.98937,68.78019,-16.74005,0.24336,0.40382,-0.22906,0.06194,-0.00821,0.00042,-0.23101,-0.61899,7.859,-2.2361,0.5211,-0.10722,0.01795,-0.00199,0.0001,,,,,,,,,,,,,,,,,,,,,,,High,High,High,High,High,,,
20,2026-01-18,13:42:36.81,3,1,"Okeeffe, Shaun",1000297082,Left,GEO_PAT,"Clyne , Owen",1000230336,Left,GEO_PAT,Undefined,1,Bottom,1,0,0,Slider,Curveball,BallCalled,Undefined,Undefined,Undefined,0,0,,74.83351,0.413606,1.994734,2139.325127,314.016812,4:30,5.28935,-2.06728,4.71434,-59.12452,-5.33114,7.75398,0.75511,0.47282,67.15791,-10.248487,3.358342,0.527881,,,,,,,,,,,,-3.06792,-2.20602,1.85801,50,5.27856,-4.08289,-108.13203,-1.31867,-3.51604,24.47866,-34.70229,GEO_PAT,GEO_PAT,SpuhlerFieldMain,TeamExclusive,Team,20260118-SpuhlerFieldMain-Private-1,760139c0-f49d-11f0-aeca-7be11d62ba38,71.40331,,,7.6756,,,,,,,e82b59a3-61bd-4406-a387-f88194c45877,2026-01-18,18:42:36.81,2026-01-18T13:42:36.8109568-05:00,2026-01-18T18:42:36.8109568Z,,v3,471300,471300,,"Vaughan, Logan",1000232024,Right,GEO_PAT,fdc025b1-0e6e-4596-8066-ac717fe5ede7,55.78568,-109.43394,12.23933,5.29962,0.52699,-17.35115,2.07019,-3.89589,-1.75802,,,,,,,,,,,,,,,,,,,,,,,,,,,,,,,,,,,,,,,,,,,,,,,,,,,High,High,High,,,,,
21,2026-01-18,13:43:12.94,3,2,"Okeeffe, Shaun",1000297082,Left,GEO_PAT,"Clyne , Owen",1000230336,Left,GEO_PAT,Undefined,1,Bottom,1,1,0,Sinker,Changeup,BallCalled,Undefined,Undefined,Undefined,0,0,,79.91504,0.323494,2.013705,1931.243371,92.173558,9:00,5.51709,-1.9636,5.32178,-43.00321,2.88906,-28.33265,2.23728,-2.43404,71.50742,-7.591101,-3.022642,0.487575,,,,,,,,,,,,14.45611,2.04228,1.80013,50,5.51695,-2.80041,-115.62204,-0.86582,19.04912,26.89555,-29.48291,GEO_PAT,GEO_PAT,SpuhlerFieldMain,TeamExclusive,Team,20260118-SpuhlerFieldMain-Private-1,8b6acb00-f49d-11f0-aeca-7be11d62ba38,77.30596,,,8.40762,,,,,,,e82b59a3-61bd-4406-a387-f88194c45877,2026-01-18,18:43:12.94,2026-01-18T13:43:12.9412096-05:00,2026-01-18T18:43:12.9412096Z,,v3,471300,471300,,"Vaughan, Logan",1000232024,Right,GEO_PAT,79a9237f-495e-44a5-935c-1c68313d298e,55.17453,-116.81952,13.44777,5.52627,0.44685,-14.74145,1.94369,-3.64854,9.52456,,,,,,,,,,,,,,,,,,,,,,,,,,,,,,,,,,,,,,,,,,,,,,,,,,,High,High,High,,,,,
22,2026-01-18,13:43:46.15,3,3,"Okeeffe, Shaun",1000297082,Left,GEO_PAT,"Clyne , Owen",1000230336,Left,GEO_PAT,Undefined,1,Bottom,1,2,0,Slider,Curveball,StrikeSwinging,Undefined,Undefined,Undefined,0,1,,75.7686,0.297414,3.023234,2072.002458,317.839211,4:30,5.30162,-2.07162,4.69225,-56.51708,-4.94122,6.06918,0.87465,1.30729,69.24818,-9.830907,4.08823,0.516886,,,,,,,,,,,,-2.04532,-2.06744,1.75853,50,5.28071,-6.03826,-109.65598,-1.46827,-2.46045,21.56429,-34.66111,GEO_PAT,GEO_PAT,SpuhlerFieldMain,TeamExclusive,Team,20260118-SpuhlerFieldMain-Private-1,9f54c120-f49d-11f0-aeca-7be11d62ba38,72.92217,,,6.52041,,,,,,,e82b59a3-61bd-4406-a387-f88194c45877,2026-01-18,18:43:46.15,2026-01-18T13:43:46.1566976-05:00,2026-01-18T18:43:46.1566976Z,,v3,471300,471300,,"Vaughan, Logan",1000232024,Right,GEO_PAT,6e856743-6f21-4f13-bc49-516821ca1d41,55.81071,-110.79279,10.78214,5.30995,0.35896,-17.33056,2.07343,-5.90856,-1.23023,,,,,,,,,,,,,,,,,,,,,,,,,,,,,,,,,,,,,,,,,,,,,,,,,,,High,High,High,,,,,
23,2026-01-18,13:44:17.24,3,4,"Okeeffe, Shaun",1000297082,Left,GEO_PAT,"Clyne , Owen",1000230336,Left,GEO_PAT,Undefined,1,Bottom,1,2,1,Sinker,Changeup,StrikeCalled,Undefined,Undefined,Undefined,0,0,,78.97142,0.355662,3.17418,1831.065507,85.519512,8:45,5.43964,-2.04328,5.48366,-46.51621,-0.10717,-23.50934,1.89659,-1.02939,71.20862,-8.184627,-1.014451,0.490312,,,,,,,,,,,,12.81505,0.38295,1.78069,50,5.43977,-5.38462,-114.33507,-0.86692,16.63148,24.92995,-31.67705,GEO_PAT,GEO_PAT,SpuhlerFieldMain,TeamExclusive,Team,20260118-SpuhlerFieldMain-Private-1,b1c29e90-f49d-11f0-aeca-7be11d62ba38,76.87436,,,7.7628,,,,,,,e82b59a3-61bd-4406-a387-f88194c45877,2026-01-18,18:44:17.24,2026-01-18T13:44:17.2452352-05:00,2026-01-18T18:44:17.2452352Z,,v3,471300,471300,,"Vaughan, Logan",1000232024,Right,GEO_PAT,453d3ef4-37bd-4446-87ca-d56f56b6bd06,55.01761,-115.42394,12.46497,5.44742,0.51664,-15.83853,2.03174,-6.11104,8.31574,,,,,,,,,,,,,,,,,,,,,,,,,,,,,,,,,,,,,,,,,,,,,,,,,,,High,High,High,,,,,
24,2026-01-18,13:44:32.35,3,5,"Okeeffe, Shaun",1000297082,Left,GEO_PAT,"Clyne , Owen",1000230336,Left,GEO_PAT,Undefined,1,Bottom,1,2,2,Slider,Curveball,BallCalled,Undefined,Undefined,Undefined,0,0,,75.84554,1.277721,3.512897,2124.412817,320.907473,4:45,5.3196,-2.11705,4.71569,-59.46224,-7.64032,7.71839,1.57954,1.8643,68.81004,-9.398602,4.865363,0.518117,,,,,,,,,,,,-2.6174,-3.64323,1.75404,50,5.39585,-7.048,-109.61594,0.28837,-3.12589,22.70802,-36.52507,GEO_PAT,GEO_PAT,SpuhlerFieldMain,TeamExclusive,Team,20260118-SpuhlerFieldMain-Private-1,badf3b00-f49d-11f0-aeca-7be11d62ba38,72.74885,,,7.03551,,,,,,,e82b59a3-61bd-4406-a387-f88194c45877,2026-01-18,18:44:32.35,2026-01-18T13:44:32.3591680-05:00,2026-01-18T18:44:32.3591680Z,,v3,471300,471300,,"Vaughan, Logan",1000232024,Right,GEO_PAT,9ffedb63-b882-49c6-a5bf-3a88c03eae46,55.78643,-110.80817,11.35401,5.33036,2.20604,-18.26254,2.11976,-6.88388,-1.56295,,,,,,,,,,,,,,,,,,,,,,,,,,,,,,,,,,,,,,,,,,,,,,,,,,,High,High,High,,,,,
25,2026-01-18,13:44:46.01,3,6,"Okeeffe, Shaun",1000297082,Left,GEO_PAT,"Clyne , Owen",1000230336,Left,GEO_PAT,Undefined,1,Bottom,1,3,2,Sinker,Changeup,StrikeSwinging,Strikeout,Undefined,Undefined,0,0,,78.9005,-0.659459,3.982468,2007.471284,105.993744,9:30,5.47761,-1.91497,5.44975,-37.71667,9.238,-25.6384,1.71561,-0.31689,70.54333,-7.655694,-0.575426,0.493186,,,,,,,,,,,,14.18879,5.43575,1.58058,50,5.39394,-6.88321,-114.00196,-2.53418,18.19021,26.0054,-25.20534,GEO_PAT,GEO_PAT,SpuhlerFieldMain,TeamExclusive,Team,20260118-SpuhlerFieldMain-Private-1,c2fc41c0-f49d-11f0-aeca-7be11d62ba38,76.42639,,,8.35717,,,,,,,e82b59a3-61bd-4406-a387-f88194c45877,2026-01-18,18:44:46.01,2026-01-18T13:44:46.0140000-05:00,2026-01-18T18:44:46.0140000Z,,v3,471300,471300,,"Vaughan, Logan",1000232024,Right,GEO_PAT,a11049d4-c8a8-498f-937e-1b46bbdd775e,55.04904,-115.14796,13.0027,5.48115,-1.42344,-12.60267,1.90157,-7.6848,9.09511,,,,,,,,,,,,,,,,,,,,,,,,,,,,,63.38948,2.899491,1.833011,1.066479,0.1718,1.54623,0.33055,-1.19366,6.09223,-1.91376,74.92926,4.86921,-49.85177,-1.15454,75.63648,-4.02955,6.11954,12.69074,-12.99983,-1.98166,-51.02132,5.75616,High,High,High,,,High,High,High
26,2026-01-18,13:45:15.73,4,1,"Okeeffe, Shaun",1000297082,Left,GEO_PAT,"McCarthy, Jack",1000469298,Right,GEO_PAT,Undefined,1,Bottom,2,0,0,Sinker,Changeup,BallCalled,Undefined,Undefined,Undefined,0,0,,79.38491,1.480741,2.903678,2009.512634,106.068761,9:30,5.46325,-1.91843,5.62413,-37.74644,9.09701,-24.26434,3.70164,-1.2284,69.52822,-5.618393,-1.424458,0.492602,,,,,,,,,,,,13.25363,4.61288,1.68583,50,5.56652,-4.79442,-114.57378,1.77853,16.84653,29.78063,-26.31067,GEO_PAT,GEO_PAT,SpuhlerFieldMain,TeamExclusive,Team,20260118-SpuhlerFieldMain-Private-1,d4a0dbc0-f49d-11f0-aeca-7be11d62ba38,76.51707,,,9.85669,,,,,,,e82b59a3-61bd-4406-a387-f88194c45877,2026-01-18,18:45:15.73,2026-01-18T13:45:15.7368320-05:00,2026-01-18T18:45:15.7368320Z,,v3,471300,471300,,"Vaughan, Logan",1000232024,Right,GEO_PAT,c7e600fe-bda9-4368-ba82-469c9562ac79,54.86984,-115.83266,14.89032,5.46783,2.89073,-13.15534,1.90355,-5.50655,8.42326,,,,,,,,,,,,,,,,,,,,,,,,,,,,,,,,,,,,,,,,,,,,,,,,,,,High,High,High,,,,,
27,2026-01-18,13:45:30.38,4,2,"Okeeffe, Shaun",1000297082,Left,GEO_PAT,"McCarthy, Jack",1000469298,Right,GEO_PAT,Undefined,1,Bottom,2,1,0,Slider,Curveball,StrikeCalled,Undefined,Undefined,Undefined,0,0,,76.47701,-0.18092,2.621719,2215.727715,312.576934,4:30,5.32132,-2.18357,4.71171,-58.03791,-6.33886,9.19319,0.31293,1.07262,68.55797,-10.624921,4.237623,0.517503,,,,,,,,,,,,-3.56374,-2.62681,1.90917,50,5.25093,-5.43275,-110.44924,-2.43724,-4.24496,26.21178,-35.30299,GEO_PAT,GEO_PAT,SpuhlerFieldMain,TeamExclusive,Team,20260118-SpuhlerFieldMain-Private-1,dd6c23e0-f49d-11f0-aeca-7be11d62ba38,72.83525,,,7.91904,,,,,,,e82b59a3-61bd-4406-a387-f88194c45877,2026-01-18,18:45:30.38,2026-01-18T13:45:30.3875072-05:00,2026-01-18T18:45:30.3875072Z,,v3,471300,471300,,"Vaughan, Logan",1000232024,Right,GEO_PAT,9a1bb11d-e000-4b48-992d-abd8c74def6b,55.78976,-111.81482,13.10589,5.32999,-0.59802,-17.6515,2.18644,-5.21159,-2.12248,,,,,,,,,,,,,,,,,,,,,,,,,,,,,,,,,,,,,,,,,,,,,,,,,,,High,High,High,,,,,
28,2026-01-18,13:45:52.34,4,3,"Okeeffe, Shaun",1000297082,Left,GEO_PAT,"McCarthy, Jack",1000469298,Right,GEO_PAT,Undefined,1,Bottom,2,1,1,Slider,Curveball,BallCalled,Undefined,Undefined,Undefined,0,0,,75.64007,0.758392,2.888843,2229.74381,287.615562,3:30,5.29882,-2.18782,4.71624,-55.81491,-3.7504,17.65029,1.36829,2.02704,68.72194,-9.271379,5.982643,0.519329,,,,,,,,,,,,-7.63839,-1.49043,1.87898,50,5.32623,-6.25613,-109.382,-0.56652,-9.07927,22.6925,-33.94564,GEO_PAT,GEO_PAT,SpuhlerFieldMain,TeamExclusive,Team,20260118-SpuhlerFieldMain-Private-1,ea7eb2a0-f49d-11f0-aeca-7be11d62ba38,72.57916,,,6.91813,,,,,,,e82b59a3-61bd-4406-a387-f88194c45877,2026-01-18,18:45:52.34,2026-01-18T13:45:52.3453440-05:00,2026-01-18T18:45:52.3453440Z,,v3,471300,471300,,"Vaughan, Logan",1000232024,Right,GEO_PAT,99e8f83f-18ba-40b7-9d65-e4b3f9df61dd,55.78481,-110.57561,11.34625,5.30907,1.219,-16.97282,2.19549,-5.77856,-4.53964,,,,,,,,,,,,,,,,,,,,,,,,,,,,,,,,,,,,,,,,,,,,,,,,,,,High,High,High,,,,,
29,2026-01-18,13:46:08.81,4,4,"Okeeffe, Shaun",1000297082,Left,GEO_PAT,"McCarthy, Jack",1000469298,Right,GEO_PAT,Undefined,1,Bottom,2,2,1,Sinker,Changeup,InPlay,Undefined,LineDrive,Double,0,0,,79.676,-0.043339,3.519196,1959.731013,87.559269,9:00,5.51212,-1.90249,5.51416,-45.10313,0.69193,-25.77068,1.71292,-0.75501,71.49517,-8.342816,-1.074198,0.487058,90.03291,12.362529,30.649907,4067.230593,89.444,15.09746,64.02897,199.4888,199.4888,39.488415,1.97839,14.23709,0.86433,1.61321,50,5.47832,-6.05245,-115.28012,-1.60478,18.6748,26.47646,-31.0403,GEO_PAT,GEO_PAT,SpuhlerFieldMain,TeamExclusive,Team,20260118-SpuhlerFieldMain-Private-1,f45c2e10-f49d-11f0-aeca-7be11d62ba38,77.38797,15.10295,,8.18082,,,,1.25993,1.81276,0.83883,e82b59a3-61bd-4406-a387-f88194c45877,2026-01-18,18:46:08.81,2026-01-18T13:46:08.8161792-05:00,2026-01-18T18:46:08.8161792Z,LineDrive,v3,471300,471300,,"Vaughan, Logan",1000232024,Right,GEO_PAT,8299a19e-b999-4218-8048-d67b8c44735e,54.98771,-116.42001,13.23823,5.51864,-0.2684,-15.52015,1.8911,-6.85646,9.3374,,1.25992,110.96839,-26.14184,6.68803,-1.49091,0.2872,-0.04374,0.00386,-5E-05,1.81277,28.26881,-14.99345,-0.3051,0.3821,-0.1201,0.02031,-0.00069,-0.00018,0.83884,65.75471,-0.10355,-1.00615,0.43861,-0.12178,0.02257,-0.00224,6E-05,,,,,,,,,,,,,,,,,,,,,,,High,High,High,High,High,,,
30,2026-01-18,13:46:50.24,5,1,"Okeeffe, Shaun",1000297082,Left,GEO_PAT,"Butler, Jake",1000136500,Right,GEO_PAT,Undefined,1,Bottom,2,0,0,Slider,Curveball,BallCalled,Undefined,Undefined,Undefined,0,0,,75.36713,0.79506,1.32707,2229.813843,310.875999,4:15,5.32969,-2.0812,4.5695,-61.05649,-8.19032,11.75749,0.9985,0.16168,68.14147,-10.155011,3.390412,0.523312,,,,,,,,,,,,-5.31059,-3.80673,1.93172,50,5.35467,-3.01073,-109.03802,-0.71743,-6.23809,23.51613,-36.64561,GEO_PAT,GEO_PAT,SpuhlerFieldMain,TeamExclusive,Team,20260118-SpuhlerFieldMain-Private-1,0d0d9750-f49e-11f0-aeca-7be11d62ba38,72.02677,,,7.22566,,,,,,,e82b59a3-61bd-4406-a387-f88194c45877,2026-01-18,18:46:50.24,2026-01-18T13:46:50.2429696-05:00,2026-01-18T18:46:50.2429696Z,,v3,471300,471300,,"Vaughan, Logan",1000232024,Right,GEO_PAT,9e0ff253-dfc0-4362-b4e6-c1effd09f062,55.93316,-110.3102,11.75806,5.33986,1.26503,-18.32281,2.08547,-2.67326,-3.11905,,,,,,,,,,,,,,,,,,,,,,,,,,,,,,,,,,,,,,,,,,,,,,,,,,,High,High,High,,,,,
31,2026-01-18,13:47:09.37,5,2,"Okeeffe, Shaun",1000297082,Left,GEO_PAT,"Butler, Jake",1000136500,Right,GEO_PAT,Undefined,1,Bottom,2,1,0,ChangeUp,Curveball,BallCalled,Undefined,Undefined,Undefined,0,0,,75.74934,0.226905,2.854785,2156.328156,317.414312,4:30,5.30556,-2.14289,4.75373,-58.73046,-6.32618,7.71815,0.62682,1.21001,68.1282,-10.347523,4.211543,0.52102,,,,,,,,,,,,-2.77232,-2.73925,1.8485,50,5.27643,-5.76965,-109.43556,-1.6572,-3.25766,24.89494,-35.39284,GEO_PAT,GEO_PAT,SpuhlerFieldMain,TeamExclusive,Team,20260118-SpuhlerFieldMain-Private-1,187423c0-f49e-11f0-aeca-7be11d62ba38,72.34349,,,7.62114,,,,,,,e82b59a3-61bd-4406-a387-f88194c45877,2026-01-18,18:47:09.37,2026-01-18T13:47:09.3779456-05:00,2026-01-18T18:47:09.3779456Z,,v3,471300,471300,,"Vaughan, Logan",1000232024,Right,GEO_PAT,5920e0cd-b00c-43d1-9bb3-a4bdf9ad894d,55.74779,-110.73538,12.44747,5.31472,0.19073,-17.69642,2.14531,-5.59956,-1.62883,,,,,,,,,,,,,,,,,,,,,,,,,,,,,,,,,,,,,,,,,,,,,,,,,,,High,High,High,,,,,
32,2026-01-18,13:47:33.15,5,3,"Okeeffe, Shaun",1000297082,Left,GEO_PAT,"Butler, Jake",1000136500,Right,GEO_PAT,Undefined,1,Bottom,2,2,0,ChangeUp,Changeup,BallCalled,Undefined,Undefined,Undefined,0,0,,76.42383,1.064813,3.406842,1977.608997,123.662033,10:00,5.43515,-1.9626,5.35202,-34.03085,16.3565,-21.45584,3.59988,-0.55134,67.8184,-5.326104,-0.397083,0.510896,,,,,,,,,,,,11.83312,8.37402,1.67101,50,5.50785,-5.69267,-110.35651,1.03521,14.17332,24.89602,-22.14395,GEO_PAT,GEO_PAT,SpuhlerFieldMain,TeamExclusive,Team,20260118-SpuhlerFieldMain-Private-1,268a8df0-f49e-11f0-aeca-7be11d62ba38,73.77718,,,8.60543,,,,,,,e82b59a3-61bd-4406-a387-f88194c45877,2026-01-18,18:47:33.15,2026-01-18T13:47:33.1535360-05:00,2026-01-18T18:47:33.1535360Z,,v3,471300,471300,,"Vaughan, Logan",1000232024,Right,GEO_PAT,0d876272-3907-4d7a-bc21-273078201c38,55.1432,-111.51076,12.44801,5.43606,2.06187,-11.07198,1.95017,-6.34978,7.08666,,,,,,,,,,,,,,,,,,,,,,,,,,,,,,,,,,,,,,,,,,,,,,,,,,,High,High,High,,,,,
33,2026-01-18,13:47:51.95,5,4,"Okeeffe, Shaun",1000297082,Left,GEO_PAT,"Butler, Jake",1000136500,Right,GEO_PAT,Undefined,1,Bottom,2,3,0,Sinker,Changeup,BallCalled,Walk,Undefined,Undefined,0,0,,78.89008,-2.430866,5.202666,1902.431654,96.079702,9:15,5.44024,-1.88643,5.20768,-42.73187,5.15158,-29.28179,-0.41776,0.5799,70.44838,-10.252147,0.02145,0.49804,,,,,,,,,,,,16.85784,3.92244,1.42779,50,5.18219,-9.19066,-113.664,-6.27728,21.32365,27.25686,-27.21253,GEO_PAT,GEO_PAT,SpuhlerFieldMain,TeamExclusive,Team,20260118-SpuhlerFieldMain-Private-1,31b7e1f0-f49e-11f0-aeca-7be11d62ba38,75.68159,,,8.44171,,,,,,,e82b59a3-61bd-4406-a387-f88194c45877,2026-01-18,18:47:51.95,2026-01-18T13:47:51.9532032-05:00,2026-01-18T18:47:51.9532032Z,,v3,471300,471300,,"Vaughan, Logan",1000232024,Right,GEO_PAT,beaf5fb3-87f2-436f-9f61-6f57d8d2b4fc,55.29554,-114.92687,13.62843,5.44383,-5.01647,-13.60627,1.8765,-10.17863,10.66183,,,,,,,,,,,,,,,,,,,,,,,,,,,,,,,,,,,,,,,,,,,,,,,,,,,High,High,High,,,,,
34,,,6,1,"Okeeffe, Shaun",1000297082,Left,GEO_PAT,"McCarthy, Jack",1000469298,Right,GEO_PAT,Undefined,1,Bottom,2,0,0,Other,,BallCalled,Undefined,Undefined,Undefined,1,0,,,,,,,,,,,,,,,,,,,,,,,,,,,,,,,,,,,,,,,,,,GEO_PAT,GEO_PAT,SpuhlerFieldMain,TeamExclusive,Team,20260118-SpuhlerFieldMain-Private-1,5602a770-f49e-11f0-aeca-7be11d62ba38,,,,,,,,,,,e82b59a3-61bd-4406-a387-f88194c45877,,,,,,v3,471300,471300,,"Vaughan, Logan",1000232024,Right,GEO_PAT,7a2e9117-471e-4cc1-9679-f45373dc41f8,,,,,,,,,,,,,,,,,,,,,,,,,,,,,,,,,,,,,,,,,,,,,,,,,,,,,,,,,,,,,,,,,,,
35,2026-01-18,13:51:44.44,1,1,"Parker, Aiden",10285505,Right,GEO_PAT,"Canody, Andrew",1000415298,Right,GEO_PAT,Undefined,2,Top,0,0,0,Slider,Slider,StrikeCalled,Undefined,Undefined,Undefined,0,0,,79.00628,0.001312,-2.616331,1932.073679,147.758412,11:00,6.29334,2.07828,5.99769,-37.00455,7.84048,-4.02162,3.21085,-0.68306,72.19542,-6.869159,-3.338523,0.481979,,,,,,,,,,,,1.29303,4.4811,-1.86993,50,6.27324,5.3875,-114.63134,-1.10789,1.7109,22.29352,-26.24476,GEO_PAT,GEO_PAT,SpuhlerFieldMain,TeamExclusive,Team,20260118-SpuhlerFieldMain-Private-1,bc6a0440-f49e-11f0-aeca-7be11d62ba38,78.20344,,,6.81085,,,,,,,e82b59a3-61bd-4406-a387-f88194c45877,2026-01-18,18:51:44.44,2026-01-18T13:51:44.4430848-05:00,2026-01-18T18:51:44.4430848Z,,v3,471300,471300,,"Cowdrey, Vincent",1000469295,Right,GEO_PAT,a6e13cee-c8dd-464f-9dbb-fadbb21d6e46,54.50265,-115.5037,11.14676,6.2965,-0.08092,-13.12238,-2.07944,5.32055,0.85545,,,,,,,,,,,,,,,,,,,,,,,,,,,,,,,,,,,,,,,,,,,,,,,,,,,High,High,High,,,,,
36,2026-01-18,13:52:00.38,1,2,"Parker, Aiden",10285505,Right,GEO_PAT,"Canody, Andrew",1000415298,Right,GEO_PAT,Undefined,2,Top,0,0,1,Slider,Slider,BallCalled,Undefined,Undefined,Undefined,0,0,,79.24958,-2.028527,-1.626886,1990.109141,82.283715,8:45,6.13387,2.30149,5.9169,-43.82778,1.01791,-3.57717,0.59733,0.49307,72.68948,-10.06209,-2.270795,0.481983,,,,,,,,,,,,1.34937,1.54394,-2.16895,50,5.94608,3.39664,-114.98382,-5.44602,1.78856,23.30082,-30.12762,GEO_PAT,GEO_PAT,SpuhlerFieldMain,TeamExclusive,Team,20260118-SpuhlerFieldMain-Private-1,c5e22e30-f49e-11f0-aeca-7be11d62ba38,78.20284,,,6.5601,,,,,,,e82b59a3-61bd-4406-a387-f88194c45877,2026-01-18,18:52:00.38,2026-01-18T13:52:00.3830272-05:00,2026-01-18T18:52:00.3830272Z,,v3,471300,471300,,"Cowdrey, Vincent",1000469295,Right,GEO_PAT,587c950a-602d-4a0c-9b5a-2c9fc37d9dcb,54.58569,-115.90936,11.65041,6.13863,-4.24931,-15.06381,-2.30246,3.3256,0.89428,,,,,,,,,,,,,,,,,,,,,,,,,,,,,,,,,,,,,,,,,,,,,,,,,,,High,High,High,,,,,
37,2026-01-18,13:52:37.80,1,3,"Parker, Aiden",10285505,Right,GEO_PAT,"Canody, Andrew",1000415298,Right,GEO_PAT,Undefined,2,Top,0,1,1,Slider,Slider,InPlay,Undefined,Bunt,Single,0,0,,78.60192,-0.167264,-1.392905,1959.661576,143.397354,10:45,6.25433,2.13257,5.96049,-36.65683,8.77004,-5.37977,3.04444,0.39231,71.64594,-6.984416,-2.359796,0.485096,,,,,,,,,,,,2.35811,4.98166,-2.01886,50,6.22056,2.97007,-114.11264,-1.42131,3.08109,22.78173,-25.66508,GEO_PAT,GEO_PAT,SpuhlerFieldMain,TeamExclusive,Team,20260118-SpuhlerFieldMain-Private-1,dc40f4e0-f49e-11f0-aeca-7be11d62ba38,77.70096,,,6.95599,,,,,,,e82b59a3-61bd-4406-a387-f88194c45877,2026-01-18,18:52:37.80,2026-01-18T13:52:37.8011648-05:00,2026-01-18T18:52:37.8011648Z,,v3,471300,471300,,"Cowdrey, Vincent",1000469295,Right,GEO_PAT,dd1924dd-9deb-4740-8e80-6b726327d9d3,54.54108,-115.01566,11.39087,6.25674,-0.404,-12.83254,-2.13417,2.84794,1.54054,,,,,,,,,,,,,,,,,,,,,,,,,,,,,,,,,,,,,,,,,,,,,,,,,,,High,High,High,,,,,
38,2026-01-18,13:53:16.98,2,1,"Parker, Aiden",10285505,Right,GEO_PAT,"Bagnerise , Julius",1000469309,Right,GEO_PAT,Undefined,2,Top,0,0,0,Fastball,Four-Seam,BallCalled,Undefined,Undefined,Undefined,0,0,,88.00963,-5.126963,-4.581624,2076.205133,206.904018,1:00,6.36687,1.79223,6.68062,-15.57489,20.24918,9.6063,0.35134,-1.60733,79.75146,-8.144188,-2.839914,0.430783,,,,,,,,,,,,-6.49839,12.6743,-1.48878,50,6.01559,9.81587,-126.99731,-11.7743,-10.4837,28.96493,-11.72689,GEO_PAT,GEO_PAT,SpuhlerFieldMain,TeamExclusive,Team,20260118-SpuhlerFieldMain-Private-1,f38ed680-f49e-11f0-aeca-7be11d62ba38,87.49744,,,8.25817,,,,,,,e82b59a3-61bd-4406-a387-f88194c45877,2026-01-18,18:53:16.98,2026-01-18T13:53:16.9876480-05:00,2026-01-18T18:53:16.9876480Z,,v3,471300,471300,,"Cowdrey, Vincent",1000469295,Right,GEO_PAT,f4721a67-fa5d-4c7a-86c2-ee371c5788b1,53.81976,-127.86554,14.48246,6.36326,-11.42279,-5.86345,-1.78772,10.13012,-5.24185,,,,,,,,,,,,,,,,,,,,,,,,,,,,,,,,,,,,,,,,,,,,,,,,,,,High,High,High,,,,,
39,2026-01-18,13:53:39.46,2,2,"Parker, Aiden",10285505,Right,GEO_PAT,"Bagnerise , Julius",1000469309,Right,GEO_PAT,Undefined,2,Top,0,1,0,Fastball,Four-Seam,InPlay,Undefined,GroundBall,FieldersChoice,1,0,,86.13379,-2.336202,-2.83081,1981.1702,211.913127,1:00,6.34905,2.13019,6.73115,-18.63009,18.36997,10.61123,2.65772,0.42531,77.88775,-5.944021,-0.898366,0.437797,82.01114,-38.171311,22.090576,,,,,5.69528,4.09185,8.897301,0.037683,-6.52555,10.8493,-1.94707,50,6.18719,5.7927,-124.9358,-5.53756,-10.16879,28.47909,-15.26751,GEO_PAT,GEO_PAT,SpuhlerFieldMain,TeamExclusive,Team,20260118-SpuhlerFieldMain-Private-1,00f92230-f49f-11f0-aeca-7be11d62ba38,86.0957,2.80959,,8.24604,,,,2.31508,2.80959,-0.46324,e82b59a3-61bd-4406-a387-f88194c45877,2026-01-18,18:53:39.46,2026-01-18T13:53:39.4635776-05:00,2026-01-18T18:53:39.4635776Z,GroundBall,v3,471300,471300,,"Cowdrey, Vincent",1000469295,Right,GEO_PAT,99a96b6e-2a7b-431b-ae6f-8de1b8b38209,53.76963,-125.79216,14.23955,6.34679,-5.07847,-7.63376,-2.12585,6.09847,-5.0844,,2.3135,87.88153,,,,,,,,2.81093,-74.55798,,,,,,,,-0.46388,35.66815,,,,,,,,,,,,,,,,,,,,,,,,,,,,,,High,High,High,Low,Low,,,
40,2026-01-18,13:54:23.40,3,1,"Parker, Aiden",10285505,Right,GEO_PAT,"Tignor, Laken",1000091229,Right,GEO_PAT,Undefined,2,Top,1,0,0,Slider,Slider,StrikeCalled,Undefined,Undefined,Undefined,0,0,,78.90419,-0.877047,-2.260235,1935.418069,133.041837,10:30,6.32042,2.06404,5.90214,-39.83624,5.37988,-4.14284,2.18582,-0.38059,72.1356,-8.230174,-3.003943,0.48397,,,,,,,,,,,,1.44185,3.47126,-1.8798,50,6.22712,4.67239,-114.47225,-2.98184,1.8973,22.76898,-27.60624,GEO_PAT,GEO_PAT,SpuhlerFieldMain,TeamExclusive,Team,20260118-SpuhlerFieldMain-Private-1,1b2e6c50-f49f-11f0-aeca-7be11d62ba38,77.88182,,,6.76859,,,,,,,e82b59a3-61bd-4406-a387-f88194c45877,2026-01-18,18:54:23.40,2026-01-18T13:54:23.4044416-05:00,2026-01-18T18:54:23.4044416Z,,v3,471300,471300,,"Cowdrey, Vincent",1000469295,Right,GEO_PAT,3aa7ba30-de74-4f18-ac18-51744879c8f5,54.59882,-115.38335,11.38449,6.32433,-1.87718,-13.80312,-2.06525,4.59647,0.94865,,,,,,,,,,,,,,,,,,,,,,,,,,,,,,,,,,,,,,,,,,,,,,,,,,,High,High,High,,,,,
41,2026-01-18,13:55:26.34,3,2,"Parker, Aiden",10285505,Right,GEO_PAT,"Tignor, Laken",1000091229,Right,GEO_PAT,Undefined,2,Top,1,0,1,Fastball,Four-Seam,BallCalled,Undefined,Undefined,Undefined,0,0,,87.50999,-4.057669,-3.961485,2043.796843,203.431305,12:45,6.36011,1.82361,6.49638,-15.78828,20.85316,8.41815,1.30437,-1.11727,78.59385,-7.135914,-2.438713,0.43567,,,,,,,,,,,,-5.72229,12.67631,-1.54894,50,6.06749,8.4221,-126.40337,-9.33685,-9.0675,30.71464,-12.08732,GEO_PAT,GEO_PAT,SpuhlerFieldMain,TeamExclusive,Team,20260118-SpuhlerFieldMain-Private-1,40aa37c0-f49f-11f0-aeca-7be11d62ba38,86.51603,,,8.91614,,,,,,,e82b59a3-61bd-4406-a387-f88194c45877,2026-01-18,18:55:26.34,2026-01-18T13:55:26.3485440-05:00,2026-01-18T18:55:26.3485440Z,,v3,471300,471300,,"Cowdrey, Vincent",1000469295,Right,GEO_PAT,99003210-a229-4d4d-9995-585f8c450566,54.00173,-127.37203,15.35732,6.35594,-8.95565,-6.04366,-1.81906,8.70807,-4.53375,,,,,,,,,,,,,,,,,,,,,,,,,,,,,,,,,,,,,,,,,,,,,,,,,,,High,High,High,,,,,
42,2026-01-18,13:55:49.06,3,3,"Parker, Aiden",10285505,Right,GEO_PAT,"Tignor, Laken",1000091229,Right,GEO_PAT,Undefined,2,Top,1,1,1,Slider,Slider,StrikeSwinging,Undefined,Undefined,Undefined,0,0,,78.28499,-0.669494,-1.848161,1902.599265,82.611946,8:45,6.26214,2.22603,5.98218,-45.34888,0.80606,-6.49733,1.86212,-0.02918,71.12507,-9.039675,-3.017617,0.488968,,,,,,,,,,,,2.72854,1.12272,-2.07638,50,6.18443,3.90378,-113.54341,-2.72528,3.49927,24.20587,-30.73419,GEO_PAT,GEO_PAT,SpuhlerFieldMain,TeamExclusive,Team,20260118-SpuhlerFieldMain-Private-1,4e422320-f49f-11f0-aeca-7be11d62ba38,77.08569,,,7.15992,,,,,,,e82b59a3-61bd-4406-a387-f88194c45877,2026-01-18,18:55:49.06,2026-01-18T13:55:49.0666496-05:00,2026-01-18T18:55:49.0666496Z,,v3,471300,471300,,"Cowdrey, Vincent",1000469295,Right,GEO_PAT,6f802a9e-1ddd-4016-89b7-5851d721bea1,54.51842,-114.50262,12.10294,6.26829,-1.50737,-15.36709,-2.22833,3.76511,1.74963,,,,,,,,,,,,,,,,,,,,,,,,,,,,,,,,,,,,,,,,,,,,,,,,,,,High,High,High,,,,,
43,2026-01-18,13:56:10.82,3,4,"Parker, Aiden",10285505,Right,GEO_PAT,"Tignor, Laken",1000091229,Right,GEO_PAT,Undefined,2,Top,1,1,2,Fastball,Four-Seam,BallCalled,Undefined,Undefined,Undefined,0,0,,88.68208,-1.025798,-2.982399,2039.937975,205.467567,12:45,6.39663,1.77122,6.75772,-15.74233,19.76509,8.71284,4.14641,-0.22937,78.53628,-4.153674,-1.396041,0.428875,,,,,,,,,,,,-5.64477,11.16922,-1.57814,50,6.32263,6.33845,-128.41034,-2.61276,-9.11757,34.66677,-14.13319,GEO_PAT,GEO_PAT,SpuhlerFieldMain,TeamExclusive,Team,20260118-SpuhlerFieldMain-Private-1,5b169770-f49f-11f0-aeca-7be11d62ba38,87.88674,,,10.1458,,,,,,,e82b59a3-61bd-4406-a387-f88194c45877,2026-01-18,18:56:10.82,2026-01-18T13:56:10.8215808-05:00,2026-01-18T18:56:10.8215808Z,,v3,471300,471300,,"Cowdrey, Vincent",1000469295,Right,GEO_PAT,e865d5ea-cc89-4354-8b82-c7247a721558,53.73656,-129.41516,17.33339,6.39242,-2.20311,-7.06659,-1.76569,6.60273,-4.55879,,,,,,,,,,,,,,,,,,,,,,,,,,,,,,,,,,,,,,,,,,,,,,,,,,,High,High,High,,,,,
44,2026-01-18,13:57:06.09,3,5,"Parker, Aiden",10285505,Right,GEO_PAT,"Tignor, Laken",1000091229,Right,GEO_PAT,Undefined,2,Top,1,2,2,Fastball,Four-Seam,BallCalled,Undefined,Undefined,Undefined,0,0,,88.96026,-3.322319,-3.338957,2175.113098,191.121022,12:15,6.36826,1.81026,6.9634,-13.33824,21.27777,3.92736,2.22545,-0.9038,80.09019,-5.969485,-2.621738,0.423458,,,,,,,,,,,,-3.17823,12.77201,-1.60433,50,6.15656,7.36785,-128.82563,-7.72126,-5.24516,31.24677,-11.09597,GEO_PAT,GEO_PAT,SpuhlerFieldMain,TeamExclusive,Team,20260118-SpuhlerFieldMain-Private-1,7c20ff00-f49f-11f0-aeca-7be11d62ba38,89.01111,,,8.87007,,,,,,,e82b59a3-61bd-4406-a387-f88194c45877,2026-01-18,18:57:06.09,2026-01-18T13:57:06.0951040-05:00,2026-01-18T18:57:06.0951040Z,,v3,471300,471300,,"Cowdrey, Vincent",1000469295,Right,GEO_PAT,0f85c2e0-bdab-4200-95e7-6a8b6bddb739,53.53458,-129.68011,15.62338,6.36355,-7.41783,-5.54799,-1.80778,7.51129,-2.62258,,,,,,,,,,,,,,,,,,,,,,,,,,,,,,,,,,,,,,,,,,,,,,,,,,,High,High,High,,,,,
45,2026-01-18,13:57:34.01,3,6,"Parker, Aiden",10285505,Right,GEO_PAT,"Tignor, Laken",1000091229,Right,GEO_PAT,Undefined,2,Top,1,3,2,Fastball,Four-Seam,StrikeSwinging,Strikeout,Undefined,Undefined,2,0,,87.87242,-2.286333,-1.702044,2087.799713,195.452066,12:30,6.40745,1.64573,6.52884,-12.85505,23.43304,6.07307,3.23663,0.58987,78.26649,-4.866753,-0.599682,0.433564,,,,,,,,,,,,-3.75937,13.44879,-1.52963,50,6.24229,3.53753,-127.29251,-5.30292,-5.99773,32.85733,-10.71766,GEO_PAT,GEO_PAT,SpuhlerFieldMain,TeamExclusive,Team,20260118-SpuhlerFieldMain-Private-1,8cc6c6a0-f49f-11f0-aeca-7be11d62ba38,86.93622,,,9.60593,,,,,,,e82b59a3-61bd-4406-a387-f88194c45877,2026-01-18,18:57:34.01,2026-01-18T13:57:34.0170000-05:00,2026-01-18T18:57:34.0170000Z,,v3,471300,471300,,"Cowdrey, Vincent",1000469295,Right,GEO_PAT,c802bdca-fea3-4933-b736-a755ad5a064b,53.96714,-128.31244,16.42867,6.40174,-4.97023,-5.35883,-1.64233,3.72371,-2.99886,,,,,,,,,,,,,,,,,,,,,,,,,,,,,59.67986,2.90917,1.77792,1.13125,-0.76195,3.04844,-0.56794,-4.44445,5.74553,4.49448,67.66228,9.19096,57.12201,-4.38341,69.32807,-4.97495,5.8114,20.59687,-15.5514,4.49762,48.0738,-1.3742,High,High,High,,,High,High,High
46,2026-01-18,13:59:51.33,1,1,"Okeeffe, Shaun",1000297082,Left,GEO_PAT,"Vaughan, Logan",1000232024,Right,GEO_PAT,Undefined,2,Bottom,0,0,0,Slider,Curveball,BallCalled,Undefined,Undefined,Undefined,0,0,,74.45757,1.238753,2.011202,2201.982157,341.663919,5:30,5.42345,-2.07022,4.79934,-64.4085,-10.93308,4.26327,1.23084,0.19166,67.63056,-10.336278,2.762334,0.526318,,,,,,,,,,,,-1.43606,-5.33268,1.86572,50,5.49048,-3.95473,-107.78981,0.0539,-1.65677,22.12704,-38.32624,GEO_PAT,GEO_PAT,SpuhlerFieldMain,TeamExclusive,Team,20260118-SpuhlerFieldMain-Private-1,deadb9b0-f49f-11f0-aeca-7be11d62ba38,71.61529,,,6.82701,,,,,,,e82b59a3-61bd-4406-a387-f88194c45877,2026-01-18,18:59:51.33,2026-01-18T13:59:51.3380352-05:00,2026-01-18T18:59:51.3380352Z,,v3,471300,471300,,"Tignor, Laken",1000091229,Right,GEO_PAT,4dbc4c65-3635-4bdf-8434-5773c0526375,55.70441,-108.95452,11.06352,5.43455,2.07129,-19.16312,2.07159,-3.86752,-0.82838,,,,,,,,,,,,,,,,,,,,,,,,,,,,,,,,,,,,,,,,,,,,,,,,,,,High,High,High,,,,,
47,2026-01-18,14:00:10.12,1,2,"Okeeffe, Shaun",1000297082,Left,GEO_PAT,"Vaughan, Logan",1000232024,Right,GEO_PAT,Undefined,2,Bottom,0,1,0,Sinker,Changeup,StrikeSwinging,Undefined,Undefined,Undefined,0,0,,78.43194,0.111136,3.241463,1911.874328,76.128489,8:30,5.50794,-1.99721,5.51275,-50.65885,-3.45681,-21.366,1.39046,-0.74321,70.58994,-9.170766,-0.56995,0.494484,,,,,,,,,,,,11.95875,-1.31043,1.72923,50,5.48363,-5.59273,-113.53028,-1.47673,15.22094,25.58932,-33.84195,GEO_PAT,GEO_PAT,SpuhlerFieldMain,TeamExclusive,Team,20260118-SpuhlerFieldMain-Private-1,e9d604a0-f49f-11f0-aeca-7be11d62ba38,76.22587,,,7.842,,,,,,,e82b59a3-61bd-4406-a387-f88194c45877,2026-01-18,19:00:10.12,2026-01-18T14:00:10.1261312-05:00,2026-01-18T19:00:10.1261312Z,,v3,471300,471300,,"Tignor, Laken",1000091229,Right,GEO_PAT,336b0789-514e-4a94-9a4e-43661d60f645,54.98981,-114.64945,12.79466,5.51585,0.00338,-16.92097,1.98839,-6.25843,7.61047,,,,,,,,,,,,,,,,,,,,,,,,,,,,,,,,,,,,,,,,,,,,,,,,,,,High,High,High,,,,,
48,2026-01-18,14:00:27.23,1,3,"Okeeffe, Shaun",1000297082,Left,GEO_PAT,"Vaughan, Logan",1000232024,Right,GEO_PAT,Undefined,2,Bottom,0,1,1,Sinker,Changeup,StrikeCalled,Undefined,Undefined,Undefined,0,0,,78.47139,0.809084,2.671159,1860.345497,90.900033,9:00,5.47858,-1.98219,5.7183,-44.22707,1.80055,-16.01556,2.54758,-0.82665,71.4775,-7.337701,-0.193812,0.488293,,,,,,,,,,,,8.92989,1.14236,1.76867,50,5.51908,-4.69499,-113.81482,0.18554,11.62264,22.4002,-30.68722,GEO_PAT,GEO_PAT,SpuhlerFieldMain,TeamExclusive,Team,20260118-SpuhlerFieldMain-Private-1,f4054990-f49f-11f0-aeca-7be11d62ba38,77.1922,,,6.99389,,,,,,,e82b59a3-61bd-4406-a387-f88194c45877,2026-01-18,19:00:27.23,2026-01-18T14:00:27.2337408-05:00,2026-01-18T19:00:27.2337408Z,,v3,471300,471300,,"Tignor, Laken",1000091229,Right,GEO_PAT,02b7a91f-5240-4fff-a445-68e496432e8b,54.78384,-114.75247,11.2001,5.48443,1.47009,-15.34361,1.97538,-5.18151,5.81132,,,,,,,,,,,,,,,,,,,,,,,,,,,,,,,,,,,,,,,,,,,,,,,,,,,High,High,High,,,,,
49,2026-01-18,14:00:44.84,1,4,"Okeeffe, Shaun",1000297082,Left,GEO_PAT,"Vaughan, Logan",1000232024,Right,GEO_PAT,Undefined,2,Bottom,0,1,2,Slider,Curveball,InPlay,Undefined,GroundBall,Out,1,0,,74.84933,1.084698,1.450155,2026.459179,348.964185,5:45,5.37713,-2.13136,4.63084,-60.27889,-7.37024,1.79429,1.3854,-0.60311,68.24902,-9.726713,1.765341,0.523522,73.15105,7.569645,-34.775841,2473.988624,,,,81.43771,78.60616,-35.424277,0.810629,-0.42736,-3.53894,1.98076,50,5.43253,-2.81701,-108.4201,-0.1153,-0.5021,21.25346,-36.33178,GEO_PAT,GEO_PAT,SpuhlerFieldMain,TeamExclusive,Team,20260118-SpuhlerFieldMain-Private-1,fe8aebe0-f49f-11f0-aeca-7be11d62ba38,71.99785,3.89454,,6.60032,,,,3.32721,1.46274,0.80823,e82b59a3-61bd-4406-a387-f88194c45877,2026-01-18,19:00:44.84,2026-01-18T14:00:44.8416256-05:00,2026-01-18T19:00:44.8416256Z,LineDrive,v3,471300,471300,,"Tignor, Laken",1000091229,Right,GEO_PAT,10dc6dc6-8ade-4137-aa12-f9f979aca1fc,55.87296,-109.56533,10.62673,5.38599,1.8424,-18.16589,2.13182,-2.78996,-0.25105,68.589067,3.36041,86.79943,-11.24709,,,,,,,1.50453,13.43507,-18.9224,,,,,,,0.81912,-60.84425,1.96256,,,,,,,,,,,,,,,,,,,,,,,,,,,,,High,High,High,High,High,,,
50,2026-01-18,14:01:18.20,2,1,"Okeeffe, Shaun",1000297082,Left,GEO_PAT,"McCarthy, Jack",1000469298,Right,GEO_PAT,Undefined,2,Bottom,1,0,0,Sinker,Changeup,BallCalled,Undefined,Undefined,Undefined,0,0,,77.87892,-0.438035,4.308458,1899.140269,98.069205,9:15,5.41083,-1.89951,5.60199,-42.90128,4.6163,-20.10474,1.42561,0.45505,70.36563,-8.343794,0.726176,0.496134,,,,,,,,,,,,11.62812,2.96209,1.54336,50,5.34552,-7.71563,-112.6491,-2.23092,14.68264,23.7749,-28.43386,GEO_PAT,GEO_PAT,SpuhlerFieldMain,TeamExclusive,Team,20260118-SpuhlerFieldMain-Private-1,126b1e00-f4a0-11f0-aeca-7be11d62ba38,75.97237,,,7.51329,,,,,,,e82b59a3-61bd-4406-a387-f88194c45877,2026-01-18,19:01:18.20,2026-01-18T14:01:18.2095360-05:00,2026-01-18T19:01:18.2095360Z,,v3,471300,471300,,"Tignor, Laken",1000091229,Right,GEO_PAT,e60cf70b-d798-4b6c-87bc-5fc03271c275,54.89984,-113.67852,11.88745,5.41546,-0.99977,-14.21693,1.8912,-8.35137,7.34132,,,,,,,,,,,,,,,,,,,,,,,,,,,,,,,,,,,,,,,,,,,,,,,,,,,High,High,High,,,,,
51,2026-01-18,14:01:34.86,2,2,"Okeeffe, Shaun",1000297082,Left,GEO_PAT,"McCarthy, Jack",1000469298,Right,GEO_PAT,Undefined,2,Bottom,1,1,0,Slider,Curveball,InPlay,Undefined,GroundBall,Out,1,0,,75.83393,1.787971,2.253376,2173.291581,320.262827,4:45,5.32898,-2.21529,4.6935,-57.15023,-5.86386,6.29103,2.26592,0.44953,69.24009,-8.481499,3.357113,0.515433,78.60129,-16.454943,-29.665662,,,,,10.18725,4.3854,-24.452753,0.071367,-2.42669,-3.02319,1.98033,50,5.45869,-4.57636,-109.8211,1.36772,-2.9383,21.00177,-35.83459,GEO_PAT,GEO_PAT,SpuhlerFieldMain,TeamExclusive,Team,20260118-SpuhlerFieldMain-Private-1,1c5543a0-f4a0-11f0-aeca-7be11d62ba38,73.12769,2.33644,,6.59384,,,,2.39979,2.33644,-0.30171,e82b59a3-61bd-4406-a387-f88194c45877,2026-01-18,19:01:34.86,2026-01-18T14:01:34.8647424-05:00,2026-01-18T19:01:34.8647424Z,GroundBall,v3,471300,471300,,"Tignor, Laken",1000091229,Right,GEO_PAT,f2fbbaec-71b0-4bd1-a5e2-24400afb5ee0,55.81045,-110.92671,10.50088,5.33703,3.25417,-17.9173,2.21717,-4.42167,-1.46915,180,2.39696,96.31509,,,,,,,,2.3374,-32.73856,,,,,,,,-0.3001,-54.86068,,,,,,,,,,,,,,,,,,,,,,,,,,,,,,High,High,High,Low,Low,,,
52,2026-01-18,14:02:19.85,3,1,"Okeeffe, Shaun",1000297082,Left,GEO_PAT,"Canody, Andrew",1000415298,Right,GEO_PAT,Undefined,2,Bottom,2,0,0,ChangeUp,Changeup,BallCalled,Undefined,Undefined,Undefined,0,0,,76.18061,-2.596175,5.44437,1899.207376,80.514102,8:45,5.38216,-2.075,4.96948,-52.71589,-1.90225,-22.15442,-1.47607,1.23728,69.81767,-12.039964,1.539052,0.513052,,,,,,,,,,,,12.98442,0.11362,1.56686,50,5.08581,-9.63895,-109.92332,-6.80405,15.69857,21.64186,-32.03668,GEO_PAT,GEO_PAT,SpuhlerFieldMain,TeamExclusive,Team,20260118-SpuhlerFieldMain-Private-1,37210160-f4a0-11f0-aeca-7be11d62ba38,73.46705,,,6.36294,,,,,,,e82b59a3-61bd-4406-a387-f88194c45877,2026-01-18,19:02:19.85,2026-01-18T14:02:19.8574080-05:00,2026-01-18T19:02:19.8574080Z,,v3,471300,471300,,"Tignor, Laken",1000091229,Right,GEO_PAT,61b3830e-1784-4d11-a599-858fa7037644,55.53687,-111.00807,10.82093,5.3866,-5.19827,-16.01834,2.06971,-10.42581,7.84929,,,,,,,,,,,,,,,,,,,,,,,,,,,,,,,,,,,,,,,,,,,,,,,,,,,High,High,High,,,,,
53,2026-01-18,14:02:45.65,3,2,"Okeeffe, Shaun",1000297082,Left,GEO_PAT,"Canody, Andrew",1000415298,Right,GEO_PAT,Undefined,2,Bottom,2,1,0,Sinker,Changeup,BallCalled,Undefined,Undefined,Undefined,0,0,,78.24689,-0.359258,4.878156,1923.079829,79.077825,8:45,5.4436,-1.8943,5.60388,-50.05326,-2.635,-23.22045,0.93589,0.73576,70.41089,-9.536128,0.739781,0.495615,,,,,,,,,,,,13.46146,-0.6963,1.49116,50,5.38045,-8.74468,-113.05804,-2.36316,17.00501,25.22647,-33.05365,GEO_PAT,GEO_PAT,SpuhlerFieldMain,TeamExclusive,Team,20260118-SpuhlerFieldMain-Private-1,468cc260-f4a0-11f0-aeca-7be11d62ba38,76.0519,,,7.836,,,,,,,e82b59a3-61bd-4406-a387-f88194c45877,2026-01-18,19:02:45.65,2026-01-18T14:02:45.6534528-05:00,2026-01-18T19:02:45.6534528Z,,v3,471300,471300,,"Tignor, Laken",1000091229,Right,GEO_PAT,7e2261d2-4cad-4d3e-ac0e-0abc87e4607b,54.89858,-114.14582,12.61324,5.45162,-0.93787,-16.52682,1.88404,-9.47794,8.5025,,,,,,,,,,,,,,,,,,,,,,,,,,,,,,,,,,,,,,,,,,,,,,,,,,,High,High,High,,,,,
54,2026-01-18,14:03:02.76,3,3,"Okeeffe, Shaun",1000297082,Left,GEO_PAT,"Canody, Andrew",1000415298,Right,GEO_PAT,Undefined,2,Bottom,2,2,0,Sinker,Changeup,StrikeCalled,Undefined,Undefined,Undefined,0,0,,77.54353,0.467996,4.12136,1867.843623,104.34918,9:30,5.52954,-1.9571,5.47235,-40.18833,7.82347,-23.74852,2.61964,-0.07247,70.02873,-6.955139,-0.098309,0.498707,,,,,,,,,,,,13.22217,4.30355,1.61078,50,5.54372,-7.14499,-112.18579,-0.36827,16.61631,22.93015,-26.76577,GEO_PAT,GEO_PAT,SpuhlerFieldMain,TeamExclusive,Team,20260118-SpuhlerFieldMain-Private-1,50a5c030-f4a0-11f0-aeca-7be11d62ba38,75.58034,,,7.5148,,,,,,,e82b59a3-61bd-4406-a387-f88194c45877,2026-01-18,19:03:02.76,2026-01-18T14:03:02.7640320-05:00,2026-01-18T19:03:02.7640320Z,,v3,471300,471300,,"Tignor, Laken",1000091229,Right,GEO_PAT,9b419ad1-4536-42cf-b761-0cb2bdf9f372,55.02882,-113.20898,11.46508,5.53351,0.82608,-13.38289,1.94615,-7.88644,8.30815,,,,,,,,,,,,,,,,,,,,,,,,,,,,,,,,,,,,,,,,,,,,,,,,,,,High,High,High,,,,,
55,2026-01-18,14:03:17.08,3,4,"Okeeffe, Shaun",1000297082,Left,GEO_PAT,"Canody, Andrew",1000415298,Right,GEO_PAT,Undefined,2,Bottom,2,2,1,Sinker,Changeup,BallCalled,Undefined,Undefined,Undefined,0,0,,78.417,-1.076872,4.600718,1882.43886,82.848921,8:45,5.48074,-1.91589,5.23616,-48.28833,-0.81228,-20.2704,0.44109,0.72881,71.21093,-9.846543,1.010269,0.495917,,,,,,,,,,,,11.72355,0.34693,1.50773,50,5.34501,-8.3215,-113.35316,-3.79495,15.0162,23.72607,-31.72968,GEO_PAT,GEO_PAT,SpuhlerFieldMain,TeamExclusive,Team,20260118-SpuhlerFieldMain-Private-1,594a1f60-f4a0-11f0-aeca-7be11d62ba38,76.00559,,,7.20607,,,,,,,e82b59a3-61bd-4406-a387-f88194c45877,2026-01-18,19:03:17.08,2026-01-18T14:03:17.0825216-05:00,2026-01-18T19:03:17.0825216Z,,v3,471300,471300,,"Tignor, Laken",1000091229,Right,GEO_PAT,e492bb6d-fadc-43e7-82be-83797c6ce367,55.26762,-114.45042,11.86304,5.48658,-2.32755,-15.86484,1.90864,-9.01596,7.5081,,,,,,,,,,,,,,,,,,,,,,,,,,,,,,,,,,,,,,,,,,,,,,,,,,,High,High,High,,,,,
56,2026-01-18,14:03:33.35,3,5,"Okeeffe, Shaun",1000297082,Left,GEO_PAT,"Canody, Andrew",1000415298,Right,GEO_PAT,Undefined,2,Bottom,2,3,1,Sinker,Changeup,BallCalled,Walk,Undefined,Undefined,0,0,,79.3841,0.273798,2.760748,1911.899465,86.997288,9:00,5.50163,-1.99108,5.43623,-45.55026,0.64417,-21.80615,1.96249,-1.22084,71.27196,-8.099245,-1.122357,0.489177,,,,,,,,,,,,11.87985,0.76551,1.7619,50,5.49483,-4.64896,-114.8993,-1.00174,15.49446,26.12173,-31.17561,GEO_PAT,GEO_PAT,SpuhlerFieldMain,TeamExclusive,Team,20260118-SpuhlerFieldMain-Private-1,62fc1e00-f4a0-11f0-aeca-7be11d62ba38,77.05274,,,8.11214,,,,,,,e82b59a3-61bd-4406-a387-f88194c45877,2026-01-18,19:03:33.35,2026-01-18T14:03:33.3511680-05:00,2026-01-18T19:03:33.3511680Z,,v3,471300,471300,,"Tignor, Laken",1000091229,Right,GEO_PAT,05e97823-5ad1-42be-ae90-17e9b1c77f37,55.06422,-116.04491,13.06086,5.50878,0.36552,-15.58781,1.98069,-5.32849,7.74723,,,,,,,,,,,,,,,,,,,,,,,,,,,,,,,,,,,,,,,,,,,,,,,,,,,High,High,High,,,,,
57,2026-01-18,14:04:05.09,4,1,"Okeeffe, Shaun",1000297082,Left,GEO_PAT,"Bagnerise , Julius",1000469309,Right,GEO_PAT,Undefined,2,Bottom,2,0,0,Slider,Curveball,StrikeCalled,Undefined,Undefined,Undefined,0,0,,75.96137,1.543459,1.048939,2155.512689,318.547388,4:30,5.40896,-2.07091,4.85728,-55.14653,-4.30528,5.33248,2.27504,-0.6335,69.18529,-8.41717,1.988767,0.513191,,,,,,,,,,,,-2.29555,-2.05799,1.96264,50,5.51433,-2.23422,-110.057,0.99267,-2.78685,21.39074,-34.67251,GEO_PAT,GEO_PAT,SpuhlerFieldMain,TeamExclusive,Team,20260118-SpuhlerFieldMain-Private-1,75d0faa0-f4a0-11f0-aeca-7be11d62ba38,73.44713,,,6.77609,,,,,,,e82b59a3-61bd-4406-a387-f88194c45877,2026-01-18,19:04:05.09,2026-01-18T14:04:05.0983424-05:00,2026-01-18T19:04:05.0983424Z,,v3,471300,471300,,"Tignor, Laken",1000091229,Right,GEO_PAT,021b8bf7-d092-4574-8325-e7b3b9d481c8,55.64441,-111.14864,10.69537,5.41852,2.76212,-17.33625,2.07303,-2.09199,-1.39342,,,,,,,,,,,,,,,,,,,,,,,,,,,,,,,,,,,,,,,,,,,,,,,,,,,High,High,High,,,,,
58,2026-01-18,14:04:24.08,4,2,"Okeeffe, Shaun",1000297082,Left,GEO_PAT,"Bagnerise , Julius",1000469309,Right,GEO_PAT,Undefined,2,Bottom,2,0,1,Sinker,Changeup,InPlay,Undefined,GroundBall,Single,0,0,,79.99275,0.393169,3.207431,1905.332794,98.088598,9:15,5.55532,-1.92757,5.2208,-40.44821,4.91351,-23.27226,2.5549,-0.84799,72.45652,-7.020701,-0.915333,0.484748,89.54218,0.129979,28.514948,2526.352229,,,,44.9097,44.14847,29.313252,0.341264,12.66182,2.76815,1.64969,50,5.56147,-5.53601,-115.84821,-0.602,16.99945,24.08317,-28.45759,GEO_PAT,GEO_PAT,SpuhlerFieldMain,TeamExclusive,Team,20260118-SpuhlerFieldMain-Private-1,81342bb0-f4a0-11f0-aeca-7be11d62ba38,77.75676,2.66407,,7.53623,,,,1.93394,2.66402,0.9735,e82b59a3-61bd-4406-a387-f88194c45877,2026-01-18,19:04:24.08,2026-01-18T14:04:24.0896512-05:00,2026-01-18T19:04:24.0896512Z,GroundBall,v3,471300,471300,,"Tignor, Laken",1000091229,Right,GEO_PAT,9ac9c404-7b7b-4aac-a37d-d694e4dc68c7,55.28195,-116.94109,12.04158,5.55949,0.68939,-14.2288,1.91841,-6.30744,8.49973,,1.93828,115.22756,-18.08506,,,,,,,2.67028,0.05317,-23.13591,,,,,,,0.97265,62.7278,-3.36193,,,,,,,,,,,,,,,,,,,,,,,,,,,,,High,High,High,High,High,,,
59,2026-01-18,14:05:14.16,5,1,"Okeeffe, Shaun",1000297082,Left,GEO_PAT,"Tignor, Laken",1000091229,Right,GEO_PAT,Undefined,2,Bottom,2,0,0,Slider,Curveball,StrikeCalled,Undefined,Undefined,Undefined,0,0,,75.88387,1.053832,1.726832,2054.609857,334.018783,5:15,5.31339,-2.04455,4.74429,-55.50251,-4.38555,2.97744,1.68838,-0.15792,69.28199,-8.934008,2.250467,0.514581,,,,,,,,,,,,-0.93591,-1.9778,1.86794,50,5.37023,-3.43664,-109.93424,0.01906,-1.13484,21.15932,-34.57222,GEO_PAT,GEO_PAT,SpuhlerFieldMain,TeamExclusive,Team,20260118-SpuhlerFieldMain-Private-1,9efa8bd0-f4a0-11f0-aeca-7be11d62ba38,73.24879,,,6.60188,,,,,,,e82b59a3-61bd-4406-a387-f88194c45877,2026-01-18,19:05:14.16,2026-01-18T14:05:14.1612544-05:00,2026-01-18T19:05:14.1612544Z,,v3,471300,471300,,"Tignor, Laken",1000091229,Right,GEO_PAT,692bbf52-7efc-4e40-9283-170355d4b6b6,55.75802,-111.03697,10.57966,5.32228,1.82081,-17.28611,2.0455,-3.3775,-0.56742,,,,,,,,,,,,,,,,,,,,,,,,,,,,,,,,,,,,,,,,,,,,,,,,,,,High,High,High,,,,,
60,2026-01-18,14:05:40.10,5,2,"Okeeffe, Shaun",1000297082,Left,GEO_PAT,"Tignor, Laken",1000091229,Right,GEO_PAT,Undefined,2,Bottom,2,0,1,Slider,Curveball,StrikeSwinging,Undefined,Undefined,Undefined,0,0,,76.17146,1.543753,1.299299,2063.956682,305.416118,4:15,5.31093,-2.14113,4.67845,-54.86149,-3.85008,7.89867,2.20599,-0.24874,69.24662,-8.33912,2.686307,0.51405,,,,,,,,,,,,-3.4578,-1.85929,2.00127,50,5.41847,-2.831,-110.2975,0.97203,-4.2076,21.85404,-34.4365,GEO_PAT,GEO_PAT,SpuhlerFieldMain,TeamExclusive,Team,20260118-SpuhlerFieldMain-Private-1,ae72cff0-f4a0-11f0-aeca-7be11d62ba38,73.32452,,,6.92484,,,,,,,e82b59a3-61bd-4406-a387-f88194c45877,2026-01-18,19:05:40.10,2026-01-18T14:05:40.1081856-05:00,2026-01-18T19:05:40.1081856Z,,v3,471300,471300,,"Tignor, Laken",1000091229,Right,GEO_PAT,cd490c7a-9333-40a9-86e0-12eff1c78ced,55.82335,-111.44535,10.92702,5.31991,2.78075,-17.21825,2.14416,-2.61,-2.1038,,,,,,,,,,,,,,,,,,,,,,,,,,,,,,,,,,,,,,,,,,,,,,,,,,,High,High,High,,,,,
61,2026-01-18,14:06:12.34,5,3,"Okeeffe, Shaun",1000297082,Left,GEO_PAT,"Tignor, Laken",1000091229,Right,GEO_PAT,Undefined,2,Bottom,2,0,2,Sinker,Changeup,StrikeSwinging,Strikeout,Undefined,Undefined,0,0,,80.28129,0.309796,2.834697,1990.627377,98.849633,9:15,5.5771,-2.05531,5.52179,-39.53864,5.13111,-22.49686,2.57223,-1.27746,72.48123,-6.989239,-1.175156,0.481037,,,,,,,,,,,,12.21934,2.97768,1.82367,50,5.57799,-4.84189,-116.29679,-0.68915,16.46761,25.06021,-28.16115,GEO_PAT,GEO_PAT,SpuhlerFieldMain,TeamExclusive,Team,20260118-SpuhlerFieldMain-Private-1,c1c0fb40-f4a0-11f0-aeca-7be11d62ba38,78.35669,,,7.80006,,,,,,,e82b59a3-61bd-4406-a387-f88194c45877,2026-01-18,19:06:12.34,2026-01-18T14:06:12.3490000-05:00,2026-01-18T19:06:12.3490000Z,,v3,471300,471300,,"Tignor, Laken",1000091229,Right,GEO_PAT,84679049-bdd8-460b-9a87-0aa96dd9544f,54.97921,-117.36483,12.53011,5.58178,0.51105,-14.08057,2.04498,-5.54373,8.23381,,,,,,,,,,,,,,,,,,,,,,,,,,,,,61.42832,,,1.060522,,,,-2.69773,6.40103,4.96003,67.40245,5.44781,57.38028,-2.65547,71.29658,-4.9571,6.42727,13.694,-13.79617,4.98189,52.28573,-2.72337,High,High,High,,,High,High,High
62,2026-01-18,14:09:41.38,1,1,"Parker, Aiden",10285505,Right,GEO_PAT,"Blanchard, Evan",10073877,Right,GEO_PAT,Undefined,3,Top,0,0,0,Slider,Slider,FoulBallNotFieldable,Undefined,Undefined,Undefined,0,0,,79.02814,-0.705755,-2.217002,2010.001242,136.15482,10:30,6.28662,2.36273,5.93972,-37.05026,7.89559,-6.15839,2.54385,-0.20821,72.26216,-7.568185,-3.322683,0.482521,,,,,,,,,,,,2.52429,4.67374,-2.18222,50,6.20932,4.66378,-114.69485,-2.52823,3.33737,22.69657,-25.99492,GEO_PAT,GEO_PAT,SpuhlerFieldMain,TeamExclusive,Team,20260118-SpuhlerFieldMain-Private-1,3e558770-f4a1-11f0-aeca-7be11d62ba38,78.11562,,,6.76598,,,,,,,e82b59a3-61bd-4406-a387-f88194c45877,2026-01-18,19:09:41.38,2026-01-18T14:09:41.3878272-05:00,2026-01-18T19:09:41.3878272Z,,v3,471300,471300,,"Cowdrey, Vincent",1000469295,Right,GEO_PAT,b9d45954-e291-487f-9442-63161abbdfc4,54.56245,-115.59417,11.34828,6.28909,-1.49822,-12.99746,-2.36439,4.53154,1.66868,,,,,,,,,,,,,,,,,,,,,,,,,,,,,,,,,,,,,,,,,,,,,,,,,,,High,High,High,,,,,
63,2026-01-18,14:10:32.00,1,2,"Parker, Aiden",10285505,Right,GEO_PAT,"Blanchard, Evan",10073877,Right,GEO_PAT,Undefined,3,Top,0,0,1,Fastball,Four-Seam,InPlay,Undefined,Bunt,Single,0,0,,85.51812,-3.224762,-3.039529,2091.926051,208.62366,1:00,6.3247,1.90646,6.7875,-18.9384,18.5221,9.37752,1.79534,-0.08949,77.5447,-6.880748,-1.330332,0.440512,10.5466,-39.033883,6.750629,,,,,5.25837,3.49966,3.498281,0.170519,-5.95146,11.23607,-1.71204,50,6.10727,6.25177,-123.96297,-7.43141,-9.14438,27.68678,-14.90988,GEO_PAT,GEO_PAT,SpuhlerFieldMain,TeamExclusive,Team,20260118-SpuhlerFieldMain-Private-1,5c7d8f90-f4a1-11f0-aeca-7be11d62ba38,85.56498,1.84559,,7.97342,,,,2.98798,1.84559,0.05327,e82b59a3-61bd-4406-a387-f88194c45877,2026-01-18,19:10:32.00,2026-01-18T14:10:32.0069120-05:00,2026-01-18T19:10:32.0069120Z,GroundBall,v3,471300,471300,,"Cowdrey, Vincent",1000469295,Right,GEO_PAT,7adf3363-c9f7-4dbd-af12-679aef0564ad,53.7139,-124.7897,13.84339,6.32252,-6.9862,-7.45494,-1.9028,6.52482,-4.57219,180,2.95163,13.25708,,,,,,,,1.87528,-10.8234,,,,,,,,0.04897,1.56923,,,,,,,,,,,,,,,,,,,,,,,,,,,,,,High,High,High,Low,Low,,,
64,2026-01-18,14:11:14.73,2,1,"Parker, Aiden",10285505,Right,GEO_PAT,"Smith, Cooper",1000469293,Right,GEO_PAT,Undefined,3,Top,0,0,0,Fastball,Four-Seam,InPlay,Undefined,Bunt,Error,0,1,,85.65882,-2.52443,-2.591229,2055.545671,223.701794,1:30,6.31185,1.96893,6.81336,-20.00411,17.23859,15.2056,2.33756,0.87007,77.598,-6.383772,0.184205,0.43923,35.406,-48.856436,16.743249,,,,,5.52649,5.354,-2.297578,0.064323,-8.93729,10.34434,-1.80683,50,6.14103,5.09168,-124.30908,-5.95921,-13.79692,28.03995,-16.20495,GEO_PAT,GEO_PAT,SpuhlerFieldMain,TeamExclusive,Team,20260118-SpuhlerFieldMain-Private-1,75eec660-f4a1-11f0-aeca-7be11d62ba38,85.81481,2.55252,,8.06082,,,,3.38645,2.55252,-0.86402,e82b59a3-61bd-4406-a387-f88194c45877,2026-01-18,19:11:14.73,2026-01-18T14:11:14.7369472-05:00,2026-01-18T19:11:14.7369472Z,GroundBall,v3,471300,471300,,"Cowdrey, Vincent",1000469295,Right,GEO_PAT,7cb18e90-9f79-4b46-9a97-5c5a659af2fd,53.68869,-125.13836,14.01997,6.31019,-5.47995,-8.10247,-1.96345,5.49972,-6.89846,180,3.38145,33.2012,,,,,,,,2.5585,-39.68324,,,,,,,,-0.86552,9.98816,,,,,,,,,,,,,,,,,,,,,,,,,,,,,,High,High,High,High,High,,,
65,2026-01-18,14:12:04.04,3,1,"Parker, Aiden",10285505,Right,GEO_PAT,"Cowdrey, Vincent",1000469295,Right,GEO_PAT,Undefined,3,Top,0,0,0,Slider,Slider,BallCalled,Undefined,Undefined,Undefined,0,0,,78.62639,-1.162015,-3.33709,1863.348256,108.293435,9:30,6.12467,2.17233,5.82061,-42.08408,4.04595,-7.28174,1.53526,-1.54075,71.50328,-8.904518,-4.640008,0.488836,,,,,,,,,,,,2.64437,2.90225,-1.89449,50,6.00457,6.91061,-113.86293,-3.62303,3.41301,24.19608,-28.42818,GEO_PAT,GEO_PAT,SpuhlerFieldMain,TeamExclusive,Team,20260118-SpuhlerFieldMain-Private-1,936299b0-f4a1-11f0-aeca-7be11d62ba38,77.1065,,,7.12311,,,,,,,e82b59a3-61bd-4406-a387-f88194c45877,2026-01-18,19:12:04.04,2026-01-18T14:12:04.0427008-05:00,2026-01-18T19:12:04.0427008Z,,v3,471300,471300,,"Cowdrey, Vincent",1000469295,Right,GEO_PAT,2b4d825f-f1a7-4753-a1ce-4dfd45c05351,54.68029,-114.8532,12.09804,6.12904,-2.45956,-14.21409,-2.17446,6.77093,1.70651,,,,,,,,,,,,,,,,,,,,,,,,,,,,,,,,,,,,,,,,,,,,,,,,,,,High,High,High,,,,,
66,2026-01-18,14:12:25.46,3,2,"Parker, Aiden",10285505,Right,GEO_PAT,"Cowdrey, Vincent",1000469295,Right,GEO_PAT,Undefined,3,Top,0,1,0,Fastball,Four-Seam,BallCalled,Undefined,Undefined,Undefined,0,0,,85.96364,-1.476744,-3.369221,2086.959112,188.887656,12:15,6.36756,1.9506,6.79502,-16.60635,20.50997,2.99815,3.63313,-0.87844,77.55669,-4.72872,-2.823556,0.438484,,,,,,,,,,,,-2.66071,11.69898,-1.73281,50,6.26476,7.2269,-124.64217,-3.56081,-4.12327,28.53714,-14.04419,GEO_PAT,GEO_PAT,SpuhlerFieldMain,TeamExclusive,Team,20260118-SpuhlerFieldMain-Private-1,a020edf0-f4a1-11f0-aeca-7be11d62ba38,85.96074,,,8.40696,,,,,,,e82b59a3-61bd-4406-a387-f88194c45877,2026-01-18,19:12:25.46,2026-01-18T14:12:25.4689280-05:00,2026-01-18T19:12:25.4689280Z,,v3,471300,471300,,"Cowdrey, Vincent",1000469295,Right,GEO_PAT,0811b3a2-b2dd-4858-92ea-e6e220157b3e,53.70335,-125.4872,14.26857,6.36405,-3.14494,-7.02209,-1.94862,7.34899,-2.06164,,,,,,,,,,,,,,,,,,,,,,,,,,,,,,,,,,,,,,,,,,,,,,,,,,,High,High,High,,,,,
67,2026-01-18,14:12:45.57,3,3,"Parker, Aiden",10285505,Right,GEO_PAT,"Cowdrey, Vincent",1000469295,Right,GEO_PAT,Undefined,3,Top,0,2,0,Fastball,Four-Seam,InPlay,Undefined,GroundBall,Out,1,0,,87.57544,-3.261654,-3.586507,2089.986007,199.691714,12:45,6.39486,1.82429,6.63147,-14.51965,21.38844,7.20158,2.18933,-0.86378,79.43392,-6.099221,-2.279839,0.431288,68.07297,9.206927,-3.640787,956.186842,,,,85.23906,85.23906,-4.425267,0.912416,-4.91193,12.65839,-1.58397,50,6.16716,7.68417,-126.8552,-7.55541,-7.9231,28.39945,-11.75565,GEO_PAT,GEO_PAT,SpuhlerFieldMain,TeamExclusive,Team,20260118-SpuhlerFieldMain-Private-1,ac1bf230-f4a1-11f0-aeca-7be11d62ba38,87.39505,5.29051,,8.14152,,,,2.15234,2.25823,0.84236,e82b59a3-61bd-4406-a387-f88194c45877,2026-01-18,19:12:45.57,2026-01-18T14:12:45.5732736-05:00,2026-01-18T19:12:45.5732736Z,GroundBall,v3,471300,471300,,"Cowdrey, Vincent",1000469295,Right,GEO_PAT,05479240-3587-4cb9-b5a7-ea39b6a1c4c3,53.86989,-127.71863,14.19972,6.39143,-7.19801,-5.87782,-1.82125,7.92506,-3.96155,37.66376,2.15234,98.35504,-9.01247,0.94613,-0.19286,0.01791,-0.0032,0.00062,1E-05,2.25823,15.97449,-21.71747,1.93251,-0.38184,0.07727,-0.01207,0.00234,-0.00031,0.84236,-6.25827,-2.64125,0.77694,-0.17499,0.038,-0.00667,0.00138,-0.00018,,,,,,,,,,,,,,,,,,,,,,,High,High,High,High,High,,,
68,2026-01-18,14:13:42.21,4,1,"Parker, Aiden",10285505,Right,GEO_PAT,"Butler, Jake",1000136500,Right,GEO_PAT,Undefined,3,Top,1,0,0,Slider,Slider,StrikeCalled,Undefined,Undefined,Undefined,0,0,,80.18205,-1.523683,-1.174137,1913.027871,133.971456,10:30,6.17878,2.20977,6.08356,-36.59711,6.97453,-5.67646,1.7187,0.65028,73.11565,-8.317051,-2.197922,0.475087,,,,,,,,,,,,2.55961,4.52559,-2.11613,50,6.04186,2.59651,-116.35932,-4.19832,3.47018,24.1023,-26.03844,GEO_PAT,GEO_PAT,SpuhlerFieldMain,TeamExclusive,Team,20260118-SpuhlerFieldMain-Private-1,cde0d020-f4a1-11f0-aeca-7be11d62ba38,79.33796,,,7.0664,,,,,,,e82b59a3-61bd-4406-a387-f88194c45877,2026-01-18,19:13:42.21,2026-01-18T14:13:42.2100992-05:00,2026-01-18T19:13:42.2100992Z,,v3,471300,471300,,"Cowdrey, Vincent",1000469295,Right,GEO_PAT,7e502649-9995-4d33-99a3-84629a8adb21,54.41659,-117.27059,12.05115,6.18198,-3.21385,-13.01922,-2.21182,2.46531,1.73509,,,,,,,,,,,,,,,,,,,,,,,,,,,,,,,,,,,,,,,,,,,,,,,,,,,High,High,High,,,,,
69,2026-01-18,14:14:09.51,4,2,"Parker, Aiden",10285505,Right,GEO_PAT,"Butler, Jake",1000136500,Right,GEO_PAT,Undefined,3,Top,1,0,1,Fastball,Four-Seam,BallCalled,Undefined,Undefined,Undefined,0,0,,87.48042,-4.343632,-4.452219,2165.142619,191.655463,12:30,6.26564,1.83363,6.94053,-13.8793,21.77245,4.23433,1.13573,-1.87424,79.58959,-7.061804,-3.681128,0.429746,,,,,,,,,,,,-3.57914,13.24957,-1.55685,50,5.98804,9.69439,-126.48077,-9.89096,-5.75422,27.61024,-10.87257,GEO_PAT,GEO_PAT,SpuhlerFieldMain,TeamExclusive,Team,20260118-SpuhlerFieldMain-Private-1,de1bef10-f4a1-11f0-aeca-7be11d62ba38,87.70862,,,7.89082,,,,,,,e82b59a3-61bd-4406-a387-f88194c45877,2026-01-18,19:14:09.51,2026-01-18T14:14:09.5119360-05:00,2026-01-18T19:14:09.5119360Z,,v3,471300,471300,,"Cowdrey, Vincent",1000469295,Right,GEO_PAT,87dc5e61-1c20-4dbc-ac76-3d87325b04e1,53.55928,-127.25537,13.80512,6.26125,-9.58593,-5.43629,-1.8311,9.85583,-2.87711,,,,,,,,,,,,,,,,,,,,,,,,,,,,,,,,,,,,,,,,,,,,,,,,,,,High,High,High,,,,,
70,2026-01-18,14:14:31.43,4,3,"Parker, Aiden",10285505,Right,GEO_PAT,"Butler, Jake",1000136500,Right,GEO_PAT,Undefined,3,Top,1,1,1,Slider,Slider,BallCalled,Undefined,Undefined,Undefined,0,0,,80.09974,-1.670638,-2.96613,2081.954686,81.349832,8:45,6.17144,2.22573,5.99848,-43.36211,0.11909,-7.9665,1.00727,-1.18924,74.04092,-9.601691,-4.398505,0.474594,,,,,,,,,,,,3.30055,0.87539,-1.98747,50,6.01556,6.31023,-116.25299,-4.74897,4.50818,22.18391,-30.97837,GEO_PAT,GEO_PAT,SpuhlerFieldMain,TeamExclusive,Team,20260118-SpuhlerFieldMain-Private-1,eb33fc10-f4a1-11f0-aeca-7be11d62ba38,79.4204,,,6.05882,,,,,,,e82b59a3-61bd-4406-a387-f88194c45877,2026-01-18,19:14:31.43,2026-01-18T14:14:31.4390528-05:00,2026-01-18T19:14:31.4390528Z,,v3,471300,471300,,"Cowdrey, Vincent",1000469295,Right,GEO_PAT,27a55a43-9dc0-4ac1-bbb7-f210ae12bc77,54.50567,-117.10962,11.09196,6.17585,-3.55273,-15.48918,-2.22778,6.13614,2.25409,,,,,,,,,,,,,,,,,,,,,,,,,,,,,,,,,,,,,,,,,,,,,,,,,,,High,High,High,,,,,
71,2026-01-18,14:14:53.70,4,4,"Parker, Aiden",10285505,Right,GEO_PAT,"Butler, Jake",1000136500,Right,GEO_PAT,Undefined,3,Top,1,2,1,Fastball,Four-Seam,StrikeCalled,Undefined,Undefined,Undefined,0,0,,87.1033,-1.754432,-2.836532,2094.084255,214.794303,1:15,6.39045,1.85993,6.68973,-14.32985,22.25411,14.46887,3.58921,0.46923,77.81814,-4.609342,-0.204233,0.435328,,,,,,,,,,,,-8.54386,12.69961,-1.67531,50,6.26693,5.69245,-126.23297,-4.13389,-13.45515,31.44454,-12.17426,GEO_PAT,GEO_PAT,SpuhlerFieldMain,TeamExclusive,Team,20260118-SpuhlerFieldMain-Private-1,f878e570-f4a1-11f0-aeca-7be11d62ba38,86.58399,,,9.28516,,,,,,,e82b59a3-61bd-4406-a387-f88194c45877,2026-01-18,19:14:53.70,2026-01-18T14:14:53.7086464-05:00,2026-01-18T19:14:53.7086464Z,,v3,471300,471300,,"Cowdrey, Vincent",1000469295,Right,GEO_PAT,54667c91-9ec1-43ac-8d98-8e713d3ee39c,53.80793,-127.17799,15.72227,6.38567,-3.76801,-6.08713,-1.85246,6.09682,-6.72758,,,,,,,,,,,,,,,,,,,,,,,,,,,,,,,,,,,,,,,,,,,,,,,,,,,High,High,High,,,,,
72,2026-01-18,14:15:13.80,4,5,"Parker, Aiden",10285505,Right,GEO_PAT,"Butler, Jake",1000136500,Right,GEO_PAT,Undefined,3,Top,1,2,2,Fastball,Four-Seam,InPlay,Undefined,Popup,Out,2,0,,86.57497,-2.081741,-2.215656,2041.826633,194.163694,12:30,6.41932,1.71869,6.55724,-12.81953,24.34147,5.78,3.43996,0.16776,77.48552,-4.653005,-1.16653,0.438748,80.37624,78.658497,-38.777276,,,,,49.96638,37.81167,-91.381866,5.901416,-3.80638,13.91265,-1.56804,50,6.26979,4.63625,-125.5004,-4.7909,-5.9292,30.9176,-10.5022,GEO_PAT,GEO_PAT,SpuhlerFieldMain,TeamExclusive,Team,20260118-SpuhlerFieldMain-Private-1,046fcb00-f4a2-11f0-aeca-7be11d62ba38,85.90911,149.43784,,9.08945,,,,3.27297,3.54713,-0.43391,e82b59a3-61bd-4406-a387-f88194c45877,2026-01-18,19:15:13.80,2026-01-18T14:15:13.8003968-05:00,2026-01-18T19:15:13.8003968Z,Popup,v3,471300,471300,,"Cowdrey, Vincent",1000469295,Right,GEO_PAT,df7839fe-5a82-4ad4-9529-fbdb6607d9a6,53.94192,-126.46778,15.4588,6.41455,-4.4623,-5.2511,-1.71601,4.82177,-2.9646,174.106513,3.26676,18.19185,-13.73281,5.19819,-1.4748,0.34636,-0.05895,0.00584,-0.00024,3.54997,115.54392,-29.28996,3.58089,-0.64064,0.12445,-0.02579,0.00325,-0.00016,-0.43177,-14.5501,3.36456,-0.97881,0.21528,-0.03532,0.00344,-0.00011,-0,,,,,,,,,,,,,,,,,,,,,,,High,High,High,Low,Low,,,
73,2026-01-18,14:18:45.47,1,1,"Drumm, Jake",1000077041,Right,GEO_PAT,"Morse, Jackson",1000469270,Right,GEO_PAT,Undefined,3,Bottom,0,0,0,Slider,Curveball,StrikeCalled,Undefined,Undefined,Undefined,0,0,,77.46362,0.975348,0.066135,2092.996309,83.911849,8:45,5.82345,1.64089,5.07627,-48.96609,0.06008,-16.74489,2.66256,0.30783,69.74148,-7.959054,-2.897476,0.503948,,,,,,,,,,,,8.30241,0.2478,-1.63334,50,5.8777,0.56233,-112.15984,0.19842,10.33757,24.54891,-31.86552,GEO_PAT,GEO_PAT,SpuhlerFieldMain,TeamExclusive,Team,20260118-SpuhlerFieldMain-Private-1,82ab2960-f4a2-11f0-aeca-7be11d62ba38,74.79436,,,7.72215,,,,,,,e82b59a3-61bd-4406-a387-f88194c45877,2026-01-18,19:18:45.47,2026-01-18T14:18:45.4784512-05:00,2026-01-18T19:18:45.4784512Z,,v3,471300,471300,,"Tignor, Laken",1000091229,Right,GEO_PAT,3b7c2108-1767-406c-8a6b-4c14f3880b45,55.4236,-113.34072,12.27445,5.83129,1.73123,-15.93276,-1.64843,0.06507,5.16879,,,,,,,,,,,,,,,,,,,,,,,,,,,,,,,,,,,,,,,,,,,,,,,,,,,High,High,High,,,,,
74,2026-01-18,14:19:02.98,1,2,"Drumm, Jake",1000077041,Right,GEO_PAT,"Morse, Jackson",1000469270,Right,GEO_PAT,Undefined,3,Bottom,0,0,1,Slider,Slider,BallCalled,Undefined,Undefined,Undefined,0,0,,77.98916,-1.096748,-1.3865,2159.587511,92.14494,9:00,5.78332,1.41314,5.37054,-45.20424,2.21823,-15.55938,0.98753,-1.18376,71.21352,-9.327098,-4.155815,0.495637,,,,,,,,,,,,7.43744,1.8937,-1.27713,50,5.65284,3.33911,-113.07694,-3.66928,9.49597,23.29076,-29.75621,GEO_PAT,GEO_PAT,SpuhlerFieldMain,TeamExclusive,Team,20260118-SpuhlerFieldMain-Private-1,8d11f910-f4a2-11f0-aeca-7be11d62ba38,76.0485,,,6.77564,,,,,,,e82b59a3-61bd-4406-a387-f88194c45877,2026-01-18,19:19:02.98,2026-01-18T14:19:02.9886976-05:00,2026-01-18T19:19:02.9886976Z,,v3,471300,471300,,"Tignor, Laken",1000091229,Right,GEO_PAT,891b19d8-4e69-432c-8c9c-0d45d3490aa5,55.13197,-114.12909,11.64538,5.78824,-2.32505,-14.8781,-1.41828,2.91014,4.74798,,,,,,,,,,,,,,,,,,,,,,,,,,,,,,,,,,,,,,,,,,,,,,,,,,,High,High,High,,,,,
75,2026-01-18,14:19:19.38,1,3,"Drumm, Jake",1000077041,Right,GEO_PAT,"Morse, Jackson",1000469270,Right,GEO_PAT,Undefined,3,Bottom,0,1,1,Fastball,Four-Seam,BallCalled,Undefined,Undefined,Undefined,0,0,,88.66021,-4.466112,-3.129013,2080.175539,206.970215,1:00,5.85158,1.36198,6.0005,-14.37272,21.50249,10.30182,0.50078,-0.68189,80.64129,-7.230909,-1.279897,0.431091,,,,,,,,,,,,-6.30217,12.82308,-1.12142,50,5.49123,6.59699,-128.22645,-10.40748,-10.41511,28.3431,-10.98231,GEO_PAT,GEO_PAT,SpuhlerFieldMain,TeamExclusive,Team,20260118-SpuhlerFieldMain-Private-1,96c445d0-f4a2-11f0-aeca-7be11d62ba38,87.43505,,,8.01892,,,,,,,e82b59a3-61bd-4406-a387-f88194c45877,2026-01-18,19:19:19.38,2026-01-18T14:19:19.3826304-05:00,2026-01-18T19:19:19.3826304Z,,v3,471300,471300,,"Tignor, Laken",1000091229,Right,GEO_PAT,70bc33f8-7588-4847-992a-8ad99cab3db3,54.50236,-129.21782,14.17155,5.84854,-10.02335,-5.49116,-1.35854,6.96128,-5.20755,,,,,,,,,,,,,,,,,,,,,,,,,,,,,,,,,,,,,,,,,,,,,,,,,,,High,High,High,,,,,
76,2026-01-18,14:19:36.66,1,4,"Drumm, Jake",1000077041,Right,GEO_PAT,"Morse, Jackson",1000469270,Right,GEO_PAT,Undefined,3,Bottom,0,2,1,Fastball,Four-Seam,BallCalled,Undefined,Undefined,Undefined,0,0,,88.49226,-4.138637,-2.772747,2190.356555,215.574837,1:15,5.8097,1.53726,5.85548,-15.07686,21.40958,14.32674,0.69657,0.15279,79.76482,-7.047131,-0.206144,0.434747,,,,,,,,,,,,-8.27658,12.71764,-1.32054,50,5.4641,5.59668,-127.9218,-9.66628,-13.48871,30.44054,-11.44751,GEO_PAT,GEO_PAT,SpuhlerFieldMain,TeamExclusive,Team,20260118-SpuhlerFieldMain-Private-1,a116ca30-f4a2-11f0-aeca-7be11d62ba38,86.69962,,,8.72743,,,,,,,e82b59a3-61bd-4406-a387-f88194c45877,2026-01-18,19:19:36.66,2026-01-18T14:19:36.6631424-05:00,2026-01-18T19:19:36.6631424Z,,v3,471300,471300,,"Tignor, Laken",1000091229,Right,GEO_PAT,20d29eaf-019a-4b3f-b26b-b9416230ae7f,54.64563,-129.02254,15.22027,5.80615,-9.25233,-5.72376,-1.53174,6.08444,-6.74436,,,,,,,,,,,,,,,,,,,,,,,,,,,,,,,,,,,,,,,,,,,,,,,,,,,High,High,High,,,,,
77,2026-01-18,14:19:54.75,1,5,"Drumm, Jake",1000077041,Right,GEO_PAT,"Morse, Jackson",1000469270,Right,GEO_PAT,Undefined,3,Bottom,0,3,1,Fastball,Four-Seam,StrikeCalled,Undefined,Undefined,Undefined,0,0,,88.85643,-3.107617,-2.0935,2170.984543,220.271196,1:15,5.80524,1.50566,5.69203,-16.13182,20.09249,15.89713,1.55977,0.87835,80.23159,-6.195721,0.747983,0.433183,,,,,,,,,,,,-8.71504,11.56398,-1.3396,50,5.53374,4.00444,-128.62723,-7.44406,-14.40322,30.04834,-13.06239,GEO_PAT,GEO_PAT,SpuhlerFieldMain,TeamExclusive,Team,20260118-SpuhlerFieldMain-Private-1,abeb9df0-f4a2-11f0-aeca-7be11d62ba38,87.01272,,,8.62484,,,,,,,e82b59a3-61bd-4406-a387-f88194c45877,2026-01-18,19:19:54.75,2026-01-18T14:19:54.7550720-05:00,2026-01-18T19:19:54.7550720Z,,v3,471300,471300,,"Tignor, Laken",1000091229,Right,GEO_PAT,f4cc23ec-5a98-416c-8b05-b0d98feadb38,54.80777,-129.7455,15.02417,5.80173,-6.95793,-6.53119,-1.4986,4.54046,-7.20161,,,,,,,,,,,,,,,,,,,,,,,,,,,,,,,,,,,,,,,,,,,,,,,,,,,High,High,High,,,,,
78,2026-01-18,14:20:13.23,1,6,"Drumm, Jake",1000077041,Right,GEO_PAT,"Morse, Jackson",1000469270,Right,GEO_PAT,Undefined,3,Bottom,0,3,2,Fastball,Four-Seam,InPlay,Undefined,GroundBall,Out,1,0,,88.73288,-2.696763,-2.809119,2172.321556,208.243439,1:00,5.8324,1.44838,6.08635,-15.0332,20.64375,10.40831,2.0799,-0.28518,80.32206,-5.605473,-0.937126,0.429898,79.6539,-26.165159,-12.770299,,,,,5.7872,5.7872,-6.557669,0.040605,-6.24237,11.8532,-1.23681,50,5.61588,5.88025,-128.5555,-6.44491,-10.33496,29.30643,-12.54974,GEO_PAT,GEO_PAT,SpuhlerFieldMain,TeamExclusive,Team,20260118-SpuhlerFieldMain-Private-1,b6e4c290-f4a2-11f0-aeca-7be11d62ba38,87.67765,2.09664,,8.41082,,,,1.58741,2.09664,0.28238,e82b59a3-61bd-4406-a387-f88194c45877,2026-01-18,19:20:13.23,2026-01-18T14:20:13.2301824-05:00,2026-01-18T19:20:13.2301824Z,GroundBall,v3,471300,471300,,"Tignor, Laken",1000091229,Right,GEO_PAT,0267aee5-6151-470b-970a-cbd96ab8d4af,54.41429,-129.5579,14.65322,5.82898,-6.01566,-6.27487,-1.44398,6.23375,-5.16748,,1.58586,102.49751,,,,,,,,2.09742,-51.63487,,,,,,,,0.28273,-23.23099,,,,,,,,,,,,,,,,,,,,,,,,,,,,,,High,High,High,Estimated,Estimated,,,
79,2026-01-18,14:20:48.26,2,1,"Drumm, Jake",1000077041,Right,GEO_PAT,"Smith, Cooper",1000469293,Right,GEO_PAT,Undefined,3,Bottom,1,0,0,Fastball,Four-Seam,BallCalled,Undefined,Undefined,Undefined,0,0,,87.9535,-4.413029,-2.607839,2032.662231,204.793314,12:45,5.79425,1.52423,5.95574,-12.9417,23.80163,10.3602,0.61068,-0.03266,79.40796,-6.942561,-0.748823,0.436275,,,,,,,,,,,,-6.1987,14.07288,-1.32283,50,5.43555,5.36966,-127.15765,-10.12669,-9.99982,29.65151,-9.47154,GEO_PAT,GEO_PAT,SpuhlerFieldMain,TeamExclusive,Team,20260118-SpuhlerFieldMain-Private-1,cbc3c710-f4a2-11f0-aeca-7be11d62ba38,86.396,,,8.54554,,,,,,,e82b59a3-61bd-4406-a387-f88194c45877,2026-01-18,19:20:48.26,2026-01-18T14:20:48.2644992-05:00,2026-01-18T19:20:48.2644992Z,,v3,471300,471300,,"Tignor, Laken",1000091229,Right,GEO_PAT,e208e012-1460-487d-90c2-12d8edf809fe,54.54563,-128.21325,14.82576,5.79006,-9.7895,-4.73577,-1.52032,5.72566,-4.99991,,,,,,,,,,,,,,,,,,,,,,,,,,,,,,,,,,,,,,,,,,,,,,,,,,,High,High,High,,,,,
80,2026-01-18,14:21:08.03,2,2,"Drumm, Jake",1000077041,Right,GEO_PAT,"Smith, Cooper",1000469293,Right,GEO_PAT,Undefined,3,Bottom,1,1,0,Slider,Curveball,BallCalled,Undefined,Undefined,Undefined,0,0,,77.66708,-1.695958,-1.498841,2312.699325,71.045661,8:15,5.8292,1.67631,5.14447,-51.18263,-3.10433,-13.67709,-0.03392,-0.87505,71.44624,-10.902377,-3.927166,0.499052,,,,,,,,,,,,6.46945,-0.70661,-1.52462,50,5.63032,3.47406,-112.61264,-5.09887,8.21981,22.47053,-33.07186,GEO_PAT,GEO_PAT,SpuhlerFieldMain,TeamExclusive,Team,20260118-SpuhlerFieldMain-Private-1,d7948700-f4a2-11f0-aeca-7be11d62ba38,75.52805,,,6.22084,,,,,,,e82b59a3-61bd-4406-a387-f88194c45877,2026-01-18,19:21:08.03,2026-01-18T14:21:08.0389120-05:00,2026-01-18T19:21:08.0389120Z,,v3,471300,471300,,"Tignor, Laken",1000091229,Right,GEO_PAT,4874e5df-265b-4ead-88b7-ac2aee9e8160,55.36026,-113.67719,11.23526,5.83476,-3.53209,-16.53593,-1.67998,3.08465,4.10991,,,,,,,,,,,,,,,,,,,,,,,,,,,,,,,,,,,,,,,,,,,,,,,,,,,High,High,High,,,,,
81,2026-01-18,14:21:27.63,2,3,"Drumm, Jake",1000077041,Right,GEO_PAT,"Smith, Cooper",1000469293,Right,GEO_PAT,Undefined,3,Bottom,1,2,0,Fastball,Four-Seam,InPlay,Undefined,GroundBall,Out,1,0,,88.40545,-2.998075,-2.674813,2169.471566,214.309437,1:15,5.87997,1.36944,5.84858,-14.97583,21.35462,13.67524,1.84032,0.02156,79.91564,-5.889319,-0.225334,0.433817,75.75278,3.832527,-34.570861,1867.666878,,,,66.60298,58.94,-36.25418,0.640204,-7.83772,12.23823,-1.15985,50,5.62707,5.40245,-128.0005,-7.10598,-12.84761,29.37312,-12.11313,GEO_PAT,GEO_PAT,SpuhlerFieldMain,TeamExclusive,Team,20260118-SpuhlerFieldMain-Private-1,e33efa40-f4a2-11f0-aeca-7be11d62ba38,86.88551,2.66458,,8.48982,,,,1.79943,1.83729,0.13613,e82b59a3-61bd-4406-a387-f88194c45877,2026-01-18,19:21:27.63,2026-01-18T14:21:27.6312064-05:00,2026-01-18T19:21:27.6312064Z,GroundBall,v3,471300,471300,,"Tignor, Laken",1000091229,Right,GEO_PAT,5cdd59ad-8322-4e3f-91f4-72ef7625b0ae,54.65214,-129.06364,14.68656,5.87633,-6.66756,-6.05657,-1.36381,5.86746,-6.42381,92.748667,1.83213,90.58949,-15.00365,,,,,,,1.85285,7.09886,-15.64492,,,,,,,0.14165,-63.02142,1.98387,,,,,,,,,,,,,,,,,,,,,,,,,,,,,High,High,High,High,High,,,
82,2026-01-18,14:22:02.56,3,1,"Drumm, Jake",1000077041,Right,GEO_PAT,"Cowdrey, Vincent",1000469295,Right,GEO_PAT,Undefined,3,Bottom,2,0,0,Fastball,Four-Seam,InPlay,Undefined,Bunt,Single,0,0,,87.73216,-1.209991,-1.835566,2127.667206,201.149883,12:45,5.87352,1.31369,6.06307,-12.19194,24.26808,8.89052,3.73688,0.35508,79.21337,-3.625077,-0.236156,0.43459,28.61067,16.154055,-42.823178,2105.817658,,,,41.23564,40.04378,-42.453145,1.007642,-5.18292,13.28977,-1.17602,50,5.77322,3.72046,-127.29303,-2.95142,-8.39937,29.13008,-10.63683,GEO_PAT,GEO_PAT,SpuhlerFieldMain,TeamExclusive,Team,20260118-SpuhlerFieldMain-Private-1,f8143ac0-f4a2-11f0-aeca-7be11d62ba38,86.73098,6.03304,,8.5188,,,,2.96574,3.85524,-0.36221,e82b59a3-61bd-4406-a387-f88194c45877,2026-01-18,19:22:02.56,2026-01-18T14:22:02.5643008-05:00,2026-01-18T19:22:02.5643008Z,GroundBall,v3,471300,471300,,"Tignor, Laken",1000091229,Right,GEO_PAT,5476b0a0-d049-4c78-b72c-fcb76fcaf14b,54.438,-128.30462,14.56504,5.8693,-2.58204,-5.31842,-1.31028,4.01214,-4.19968,120.546145,2.96574,29.56213,-2.41126,0.12869,-0.07043,0.14801,-0.1521,0.08585,-0.01992,3.85524,11.67479,-15.82318,0.50858,-0.04868,-0.03948,0.02548,-0.01178,0.00254,-0.36221,-27.39715,0.17086,0.00524,-0.05594,0.00535,0.01489,-0.00898,0.0019,,,,,,,,,,,,,,,,,,,,,,,High,High,High,High,High,,,
83,2026-01-18,14:22:48.52,4,1,"Drumm, Jake",1000077041,Right,GEO_PAT,"Butler, Jake",1000136500,Right,GEO_PAT,Undefined,3,Bottom,2,0,0,Slider,Curveball,BallCalled,Undefined,Undefined,Undefined,0,0,,76.48627,-0.553512,-1.362854,2146.375843,103.846543,9:30,5.85756,1.5428,5.11906,-44.03274,5.58737,-15.86513,1.66658,-1.06338,69.90713,-8.560229,-4.170979,0.506991,,,,,,,,,,,,7.53882,3.40307,-1.40143,50,5.77134,3.25786,-110.88982,-2.54367,9.28928,21.75626,-27.98081,GEO_PAT,GEO_PAT,SpuhlerFieldMain,TeamExclusive,Team,20260118-SpuhlerFieldMain-Private-1,1388e2b0-f4a3-11f0-aeca-7be11d62ba38,74.34537,,,6.57914,,,,,,,e82b59a3-61bd-4406-a387-f88194c45877,2026-01-18,19:22:48.52,2026-01-18T14:22:48.5250000-05:00,2026-01-18T19:22:48.5250000Z,,v3,471300,471300,,"Tignor, Laken",1000091229,Right,GEO_PAT,a2f12c8a-1e36-4af2-81e6-999ef65c9937,55.38322,-111.94101,10.87813,5.86158,-1.19173,-13.99041,-1.548,2.80904,4.64464,,,,,,,,,,,,,,,,,,,,,,,,,,,,,71.62573,2.216151,1.320448,0.895703,2.39699,1.81314,0.99233,-1.48872,5.38712,4.21696,62.89202,3.0656,61.889,-1.44299,80.89912,-10.19343,5.40195,9.42866,-13.46089,4.21152,65.53278,-1.26474,High,High,High,,,High,High,High
84,2026-01-18,14:23:17.02,4,2,"Drumm, Jake",1000077041,Right,GEO_PAT,"Butler, Jake",1000136500,Right,GEO_PAT,Undefined,3,Bottom,2,1,0,Slider,Curveball,BallCalled,Undefined,Undefined,Undefined,0,0,,76.24053,-0.280636,-1.386836,2182.975492,78.701628,8:30,5.89479,1.72856,5.12801,-51.11593,-1.32221,-14.76859,1.37073,-0.80863,69.99639,-9.520498,-4.003878,0.507877,,,,,,,,,,,,6.97055,-0.12587,-1.58621,50,5.82867,3.25458,-110.58995,-2.28794,8.56319,21.20152,-32.32866,GEO_PAT,GEO_PAT,SpuhlerFieldMain,TeamExclusive,Team,20260118-SpuhlerFieldMain-Private-1,247c2e10-f4a3-11f0-aeca-7be11d62ba38,74.21566,,,6.24414,,,,,,,e82b59a3-61bd-4406-a387-f88194c45877,2026-01-18,19:23:17.02,2026-01-18T14:23:17.0265088-05:00,2026-01-18T19:23:17.0265088Z,,v3,471300,471300,,"Tignor, Laken",1000091229,Right,GEO_PAT,c3e22a08-8349-4bbd-b335-d69dc2417eee,55.37529,-111.61571,10.60076,5.90153,-0.72384,-16.16433,-1.73365,2.84028,4.2816,,,,,,,,,,,,,,,,,,,,,,,,,,,,,,,,,,,,,,,,,,,,,,,,,,,High,High,High,,,,,
85,2026-01-18,14:23:38.51,4,3,"Drumm, Jake",1000077041,Right,GEO_PAT,"Butler, Jake",1000136500,Right,GEO_PAT,Undefined,3,Bottom,2,2,0,Fastball,Four-Seam,BallCalled,Undefined,Undefined,Undefined,0,0,,87.39782,-2.765803,-3.347371,2018.712136,198.573457,12:30,5.84168,1.48219,6.03318,-15.9206,21.1384,6.64296,1.94726,-1.06766,78.8045,-5.844142,-2.155121,0.438145,,,,,,,,,,,,-4.46536,12.12552,-1.2238,50,5.61638,7.1176,-126.44553,-6.51575,-7.12451,29.27336,-12.82766,GEO_PAT,GEO_PAT,SpuhlerFieldMain,TeamExclusive,Team,20260118-SpuhlerFieldMain-Private-1,3145f400-f4a3-11f0-aeca-7be11d62ba38,86.02724,,,8.59332,,,,,,,e82b59a3-61bd-4406-a387-f88194c45877,2026-01-18,19:23:38.51,2026-01-18T14:23:38.5121792-05:00,2026-01-18T19:23:38.5121792Z,,v3,471300,471300,,"Tignor, Laken",1000091229,Right,GEO_PAT,204f9712-7909-4a93-95a4-85a306ccb7dc,54.46487,-127.47499,14.63668,5.83759,-6.06463,-6.41383,-1.47851,7.36815,-3.56225,,,,,,,,,,,,,,,,,,,,,,,,,,,,,,,,,,,,,,,,,,,,,,,,,,,High,High,High,,,,,
86,2026-01-18,14:24:00.05,4,4,"Drumm, Jake",1000077041,Right,GEO_PAT,"Butler, Jake",1000136500,Right,GEO_PAT,Undefined,3,Bottom,2,3,0,Fastball,Four-Seam,StrikeCalled,Undefined,Undefined,Undefined,0,0,,86.56224,-2.059316,-2.938602,2008.262288,203.969839,12:45,5.82807,1.58168,6.12651,-17.04493,20.5319,8.515,2.50062,-0.42769,78.02308,-5.354026,-1.406437,0.441196,,,,,,,,,,,,-5.32465,11.64528,-1.36093,50,5.66136,6.0903,-125.3822,-4.94282,-8.34906,28.90028,-13.91428,GEO_PAT,GEO_PAT,SpuhlerFieldMain,TeamExclusive,Team,20260118-SpuhlerFieldMain-Private-1,3e192fd0-f4a3-11f0-aeca-7be11d62ba38,85.43245,,,8.53916,,,,,,,e82b59a3-61bd-4406-a387-f88194c45877,2026-01-18,19:24:00.05,2026-01-18T14:24:00.0565760-05:00,2026-01-18T19:24:00.0565760Z,,v3,471300,471300,,"Tignor, Laken",1000091229,Right,GEO_PAT,6fcdc13b-1e9e-4ea5-9580-f7d78e20e1f8,54.3723,-126.38598,14.45014,5.82465,-4.45954,-6.95714,-1.5775,6.38029,-4.17453,,,,,,,,,,,,,,,,,,,,,,,,,,,,,,,,,,,,,,,,,,,,,,,,,,,High,High,High,,,,,
87,2026-01-18,14:24:41.27,4,5,"Drumm, Jake",1000077041,Right,GEO_PAT,"Butler, Jake",1000136500,Right,GEO_PAT,Undefined,3,Bottom,2,3,1,Slider,Slider,BallCalled,Walk,Undefined,Undefined,0,0,,77.31815,-2.54522,-2.76844,2371.77478,91.492166,9:00,5.80831,1.78863,5.11312,-46.72585,1.89831,-11.6202,-0.48781,-1.78998,71.2703,-10.935536,-4.825553,0.501877,,,,,,,,,,,,5.04772,2.07504,-1.51795,50,5.53145,5.85924,-111.9452,-6.56998,6.35138,21.79979,-29.5631,GEO_PAT,GEO_PAT,SpuhlerFieldMain,TeamExclusive,Team,20260118-SpuhlerFieldMain-Private-1,56a97c80-f4a3-11f0-aeca-7be11d62ba38,75.1029,,,6.04786,,,,,,,e82b59a3-61bd-4406-a387-f88194c45877,2026-01-18,19:24:41.27,2026-01-18T14:24:41.2722176-05:00,2026-01-18T19:24:41.2722176Z,,v3,471300,471300,,"Tignor, Laken",1000091229,Right,GEO_PAT,039ca485-3cc3-4c4d-b608-954cc974b46e,55.39088,-112.99013,10.8999,5.8124,-5.15294,-14.78155,-1.7915,5.5548,3.17569,,,,,,,,,,,,,,,,,,,,,,,,,,,,,,,,,,,,,,,,,,,,,,,,,,,High,High,High,,,,,
88,2026-01-18,14:25:29.85,5,1,"Drumm, Jake",1000077041,Right,GEO_PAT,"Vaughan, Logan",1000232024,Left,GEO_PAT,Undefined,3,Bottom,2,0,0,Fastball,Changeup,InPlay,Undefined,FlyBall,Out,1,0,,86.26384,-1.543256,-2.628029,1880.612946,208.704794,1:00,5.88905,1.45001,5.90762,-18.06745,20.49619,10.37445,2.94903,-0.12666,76.83959,-5.043906,-0.768011,0.446952,85.34013,59.436127,15.903975,,100.98625,146.33036,43.60913,183.94631,91.19446,25.59951,6.02107,-6.24174,11.46757,-1.2447,50,5.75495,5.29533,-124.82327,-3.84025,-9.58059,31.47588,-14.57221,GEO_PAT,GEO_PAT,SpuhlerFieldMain,TeamExclusive,Team,20260118-SpuhlerFieldMain-Private-1,73a11af0-f4a3-11f0-aeca-7be11d62ba38,84.33228,146.47694,,9.42425,,,,1.68891,4.40139,0.05114,e82b59a3-61bd-4406-a387-f88194c45877,2026-01-18,19:25:29.85,2026-01-18T14:25:29.8568192-05:00,2026-01-18T19:25:29.8568192Z,FlyBall,v3,471300,471300,,"Tignor, Laken",1000091229,Right,GEO_PAT,257eb307-29cd-4ec0-9cf5-8ef1e786227a,54.58995,-125.97537,15.73794,5.88575,-3.30686,-7.28611,-1.44494,5.646,-4.7903,189.666866,1.69892,61.02098,-18.55715,4.49619,-0.29824,-0.16786,0.05537,-0.00689,0.00032,4.38532,108.02167,-25.85158,3.44138,-0.97332,0.23122,-0.03396,0.00243,-6E-05,0.05635,17.35587,-0.95346,-0.29814,0.26499,-0.09079,0.01651,-0.00154,6E-05,,,,,,,,,,,,,,,,,,,,,,,High,High,High,Medium,Low,,,
89,2026-01-18,14:28:08.70,1,1,"Kelsey, Carter",1000469297,Right,GEO_PAT,"Terilli, Lucas",1000315616,Left,GEO_PAT,Undefined,4,Top,0,0,0,Fastball,Four-Seam,BallCalled,Undefined,Undefined,Undefined,0,0,,91.40887,-1.420629,-0.200119,2162.707915,202.842637,12:45,6.0294,2.45131,5.52856,-13.0669,21.83749,8.59599,3.6121,2.98055,81.0714,-3.993225,1.332032,0.425218,,,,,,,,,,,,-4.31016,11.81386,-2.43934,50,5.8974,0.04087,-132.18988,-3.58956,-7.40705,35.73269,-11.87176,GEO_PAT,GEO_PAT,SpuhlerFieldMain,TeamExclusive,Team,20260118-SpuhlerFieldMain-Private-1,d2317ab0-f4a3-11f0-aeca-7be11d62ba38,88.64268,,,10.33747,,,,,,,e82b59a3-61bd-4406-a387-f88194c45877,2026-01-18,19:28:08.70,2026-01-18T14:28:08.7074304-05:00,2026-01-18T19:28:08.7074304Z,,v3,471300,471300,,"Cowdrey, Vincent",1000469295,Right,GEO_PAT,e22758e4-48e3-4d39-b82b-a24fce06f545,54.96358,-133.52486,17.86635,6.02322,-3.14603,-5.93588,-2.44604,0.3176,-3.70353,,,,,,,,,,,,,,,,,,,,,,,,,,,,,,,,,,,,,,,,,,,,,,,,,,,High,High,High,,,,,
90,2026-01-18,14:28:27.61,1,2,"Kelsey, Carter",1000469297,Right,GEO_PAT,"Terilli, Lucas",1000315616,Left,GEO_PAT,Undefined,4,Top,0,1,0,Fastball,Four-Seam,BallCalled,Undefined,Undefined,Undefined,0,0,,91.15088,-3.405207,-3.00046,2267.259149,209.387786,1:00,5.97847,2.18071,5.79972,-14.1093,20.53025,10.79339,1.62728,0.28674,81.56881,-6.147531,-1.070078,0.423602,,,,,,,,,,,,-6.52201,12.01225,-1.94034,50,5.68974,6.42255,-131.71476,-8.21886,-11.20245,33.78341,-11.5414,GEO_PAT,GEO_PAT,SpuhlerFieldMain,TeamExclusive,Team,20260118-SpuhlerFieldMain-Private-1,dd9484b0-f4a3-11f0-aeca-7be11d62ba38,88.98087,,,9.58207,,,,,,,e82b59a3-61bd-4406-a387-f88194c45877,2026-01-18,19:28:27.61,2026-01-18T14:28:27.6188160-05:00,2026-01-18T19:28:27.6188160Z,,v3,471300,471300,,"Cowdrey, Vincent",1000469295,Right,GEO_PAT,4511e2e6-51c6-48ab-acce-cda5aa85983f,54.69874,-132.91447,16.89171,5.97433,-7.809,-5.7707,-2.17548,6.82037,-5.60123,,,,,,,,,,,,,,,,,,,,,,,,,,,,,,,,,,,,,,,,,,,,,,,,,,,High,High,High,,,,,
91,2026-01-18,14:28:50.68,1,3,"Kelsey, Carter",1000469297,Right,GEO_PAT,"Terilli, Lucas",1000315616,Left,GEO_PAT,Undefined,4,Top,0,2,0,Fastball,Four-Seam,BallCalled,Undefined,Undefined,Undefined,0,0,,91.38447,-1.249653,-1.809289,2182.846127,202.280633,12:45,5.98642,2.1376,5.5836,-11.79044,23.26348,8.91847,3.83605,1.19052,80.56696,-3.612744,-0.219112,0.426128,,,,,,,,,,,,-5.1037,12.52438,-1.98757,50,5.87153,3.73888,-132.04988,-3.12284,-8.70343,37.06954,-10.81609,GEO_PAT,GEO_PAT,SpuhlerFieldMain,TeamExclusive,Team,20260118-SpuhlerFieldMain-Private-1,eb371e70-f4a3-11f0-aeca-7be11d62ba38,88.45343,,,10.81751,,,,,,,e82b59a3-61bd-4406-a387-f88194c45877,2026-01-18,19:28:50.68,2026-01-18T14:28:50.6816000-05:00,2026-01-18T19:28:50.6816000Z,,v3,471300,471300,,"Cowdrey, Vincent",1000469295,Right,GEO_PAT,2f7963a6-5584-491c-8d9f-d76e0ba4d320,54.90855,-133.42071,18.53477,5.97962,-2.72286,-5.40805,-2.13178,4.06074,-4.35172,,,,,,,,,,,,,,,,,,,,,,,,,,,,,,,,,,,,,,,,,,,,,,,,,,,High,High,High,,,,,
92,2026-01-18,14:29:09.44,1,4,"Kelsey, Carter",1000469297,Right,GEO_PAT,"Terilli, Lucas",1000315616,Left,GEO_PAT,Undefined,4,Top,0,3,0,Fastball,Four-Seam,StrikeCalled,Undefined,Undefined,Undefined,0,0,,91.65764,-1.598222,-3.310485,2234.896204,200.923543,12:45,5.91474,2.28151,5.72425,-12.31965,22.02182,7.90339,3.39655,-0.1469,81.73761,-4.030887,-1.900374,0.421775,,,,,,,,,,,,-5.09717,12.04103,-2.00938,50,5.77351,7.29309,-132.49755,-3.98391,-8.85519,34.30866,-11.2554,GEO_PAT,GEO_PAT,SpuhlerFieldMain,TeamExclusive,Team,20260118-SpuhlerFieldMain-Private-1,f6695470-f4a3-11f0-aeca-7be11d62ba38,89.36621,,,9.92003,,,,,,,e82b59a3-61bd-4406-a387-f88194c45877,2026-01-18,19:29:09.44,2026-01-18T14:29:09.4445056-05:00,2026-01-18T19:29:09.4445056Z,,v3,471300,471300,,"Cowdrey, Vincent",1000469295,Right,GEO_PAT,a7a6265d-2536-4a0c-8812-1bf5387244c2,54.77097,-133.72723,17.15433,5.90907,-3.5805,-5.6277,-2.27646,7.61048,-4.4276,,,,,,,,,,,,,,,,,,,,,,,,,,,,,,,,,,,,,,,,,,,,,,,,,,,High,High,High,,,,,
93,2026-01-18,14:29:26.61,1,5,"Kelsey, Carter",1000469297,Right,GEO_PAT,"Terilli, Lucas",1000315616,Left,GEO_PAT,Undefined,4,Top,0,3,1,Fastball,Four-Seam,InPlay,Undefined,GroundBall,Single,0,0,,90.95407,-2.854114,-4.38613,2202.677047,209.428493,1:00,5.84997,2.42909,5.82626,-14.40524,20.37619,10.72796,1.98612,-0.7626,81.40463,-5.653424,-2.471791,0.424468,98.41473,-1.320045,2.556505,1008.867218,,,,37.10837,35.63602,3.066529,0.25809,-6.95851,11.74481,-2.07627,50,5.60759,9.59792,-131.32012,-6.94634,-11.8959,33.25616,-12.09574,GEO_PAT,GEO_PAT,SpuhlerFieldMain,TeamExclusive,Team,20260118-SpuhlerFieldMain-Private-1,00bbffe0-f4a4-11f0-aeca-7be11d62ba38,88.79921,2.02761,,9.54944,,,,1.1796,2.02761,0.78901,e82b59a3-61bd-4406-a387-f88194c45877,2026-01-18,19:29:26.61,2026-01-18T14:29:26.6146816-05:00,2026-01-18T19:29:26.6146816Z,GroundBall,v3,471300,471300,,"Cowdrey, Vincent",1000469295,Right,GEO_PAT,f4edc61b-f558-481a-bd3a-052ad74a74ac,54.67251,-132.49812,16.62808,5.84606,-6.51788,-6.04787,-2.42371,10.0193,-5.94795,69.112105,1.18211,144.03008,-19.54626,,,,,,,2.02915,-3.40435,-17.2949,,,,,,,0.79042,6.36405,-6.74281,,,,,,,,,,,,,,,,,,,,,,,,,,,,,High,High,High,High,High,,,
94,2026-01-18,14:30:03.71,2,1,"Kelsey, Carter",1000469297,Right,GEO_PAT,"Westley, Matthew",824016,Right,GEO_PAT,Undefined,4,Top,0,0,0,Slider,Slider,BallCalled,Undefined,Undefined,Undefined,0,0,,80.05939,-0.447796,-2.871771,2258.129985,95.898539,9:15,5.73727,2.3891,5.94146,-40.8775,3.90784,-21.23151,1.91488,-2.04648,72.01193,-8.017246,-6.675314,0.481659,,,,,,,,,,,,9.72083,2.73032,-2.14877,50,5.67937,6.64851,-115.88291,-2.18951,12.82989,27.58435,-28.57048,GEO_PAT,GEO_PAT,SpuhlerFieldMain,TeamExclusive,Team,20260118-SpuhlerFieldMain-Private-1,16c68c10-f4a4-11f0-aeca-7be11d62ba38,78.25552,,,8.04747,,,,,,,e82b59a3-61bd-4406-a387-f88194c45877,2026-01-18,19:30:03.71,2026-01-18T14:30:03.7112320-05:00,2026-01-18T19:30:03.7112320Z,,v3,471300,471300,,"Cowdrey, Vincent",1000469295,Right,GEO_PAT,721fddb7-60df-4ddd-86af-5d53d2b0e86e,54.55653,-116.9625,13.79218,5.74318,-1.07133,-14.28524,-2.39916,6.14637,6.41494,,,,,,,,,,,,,,,,,,,,,,,,,,,,,,,,,,,,,,,,,,,,,,,,,,,High,High,High,,,,,
95,2026-01-18,14:30:29.12,2,2,"Kelsey, Carter",1000469297,Right,GEO_PAT,"Westley, Matthew",824016,Right,GEO_PAT,Undefined,4,Top,0,1,0,Fastball,Four-Seam,BallCalled,Undefined,Undefined,Undefined,0,0,,89.19712,-0.431776,-2.037796,2174.686309,196.675102,12:30,5.98868,2.21733,5.89599,-17.22808,18.36379,5.11894,4.15186,0.75109,80.34674,-3.741911,-1.119967,0.429385,,,,,,,,,,,,-3.23626,9.86603,-2.05596,50,5.94402,4.3751,-129.29503,-1.4554,-5.40449,30.34799,-15.69796,GEO_PAT,GEO_PAT,SpuhlerFieldMain,TeamExclusive,Team,20260118-SpuhlerFieldMain-Private-1,25e2a670-f4a4-11f0-aeca-7be11d62ba38,87.78242,,,8.85037,,,,,,,e82b59a3-61bd-4406-a387-f88194c45877,2026-01-18,19:30:29.12,2026-01-18T14:30:29.1231744-05:00,2026-01-18T19:30:29.1231744Z,,v3,471300,471300,,"Cowdrey, Vincent",1000469295,Right,GEO_PAT,c5f26668-0d8c-426e-9229-0fab815a07bf,54.60114,-130.37053,15.17399,5.98574,-0.89908,-7.84898,-2.2144,4.56662,-2.70225,,,,,,,,,,,,,,,,,,,,,,,,,,,,,,,,,,,,,,,,,,,,,,,,,,,High,High,High,,,,,
96,2026-01-18,14:30:50.77,2,3,"Kelsey, Carter",1000469297,Right,GEO_PAT,"Westley, Matthew",824016,Right,GEO_PAT,Undefined,4,Top,0,2,0,Slider,Slider,BallCalled,Undefined,Undefined,Undefined,0,0,,78.35311,-0.038571,-2.790214,2317.912023,105.873213,9:30,5.69174,2.64625,5.58289,-40.90754,5.9491,-15.08182,2.24671,-1.21849,71.06426,-7.567196,-5.475068,0.492671,,,,,,,,,,,,6.71461,3.51197,-2.39607,50,5.66203,6.11626,-113.48353,-1.38461,8.60395,24.14112,-27.67391,GEO_PAT,GEO_PAT,SpuhlerFieldMain,TeamExclusive,Team,20260118-SpuhlerFieldMain-Private-1,32ecd0c0-f4a4-11f0-aeca-7be11d62ba38,76.50632,,,7.28886,,,,,,,e82b59a3-61bd-4406-a387-f88194c45877,2026-01-18,19:30:50.77,2026-01-18T14:30:50.7710464-05:00,2026-01-18T19:30:50.7710464Z,,v3,471300,471300,,"Cowdrey, Vincent",1000469295,Right,GEO_PAT,82fafb90-d4d0-462c-926c-013d64f095c1,54.91726,-114.52479,12.07056,5.69601,-0.19097,-13.83696,-2.65187,5.74515,4.30198,,,,,,,,,,,,,,,,,,,,,,,,,,,,,,,,,,,,,,,,,,,,,,,,,,,High,High,High,,,,,
97,2026-01-18,14:31:11.38,2,4,"Kelsey, Carter",1000469297,Right,GEO_PAT,"Westley, Matthew",824016,Right,GEO_PAT,Undefined,4,Top,0,3,0,Fastball,Four-Seam,BallCalled,Walk,Undefined,Undefined,1,0,,88.79989,-1.475505,-2.644955,2271.697186,207.401861,1:00,5.91565,2.47351,5.9712,-15.3232,20.56926,9.9813,3.26894,0.85127,79.91936,-4.449435,-0.853554,0.431194,,,,,,,,,,,,-5.92579,11.3689,-2.26915,50,5.79007,5.51191,-128.64599,-3.70509,-9.78306,30.38884,-13.40473,GEO_PAT,GEO_PAT,SpuhlerFieldMain,TeamExclusive,Team,20260118-SpuhlerFieldMain-Private-1,3f1aa4d0-f4a4-11f0-aeca-7be11d62ba38,87.41409,,,8.88053,,,,,,,e82b59a3-61bd-4406-a387-f88194c45877,2026-01-18,19:31:11.38,2026-01-18T14:31:11.3890000-05:00,2026-01-18T19:31:11.3890000Z,,v3,471300,471300,,"Cowdrey, Vincent",1000469295,Right,GEO_PAT,b5ff11b4-5e6e-4f65-9d0c-c3079eaa50af,54.52672,-129.71089,15.19442,5.91167,-3.23536,-6.70237,-2.46831,5.85473,-4.89153,,,,,,,,,,,,,,,,,,,,,,,,,,,,,73.8205,1.590938,0.688179,0.902759,-0.97808,3.07908,-0.81728,-3.38997,6.44566,-3.04267,63.37382,3.39079,-61.40511,-3.36181,79.53265,-6.25735,6.46215,8.47783,-13.18762,-3.08459,-71.81173,8.05185,High,High,High,,,High,High,High
98,2026-01-18,14:32:11.04,3,1,"Kelsey, Carter",1000469297,Right,GEO_PAT,"Alberti, Lucas",1000145512,Right,GEO_PAT,Undefined,4,Top,1,0,0,Fastball,Four-Seam,StrikeCalled,Undefined,Undefined,Undefined,0,0,,90.54426,-1.912405,-3.370681,2239.676815,204.819142,12:45,5.92028,2.28448,5.62773,-15.25359,20.39139,8.73579,2.86084,-0.1365,80.12775,-4.885911,-1.814677,0.429705,,,,,,,,,,,,-5.6074,11.38288,-2.00241,50,5.74762,7.28693,-130.70622,-4.77556,-9.39555,35.61468,-13.10141,GEO_PAT,GEO_PAT,SpuhlerFieldMain,TeamExclusive,Team,20260118-SpuhlerFieldMain-Private-1,62a2dda0-f4a4-11f0-aeca-7be11d62ba38,87.71699,,,10.41651,,,,,,,e82b59a3-61bd-4406-a387-f88194c45877,2026-01-18,19:32:11.04,2026-01-18T14:32:11.0448128-05:00,2026-01-18T19:32:11.0448128Z,,v3,471300,471300,,"Cowdrey, Vincent",1000469295,Right,GEO_PAT,2d88b8c0-8d80-4d08-aa92-5bd327cdda02,54.86604,-132.02546,17.80734,5.91553,-4.29026,-6.55071,-2.27878,7.63496,-4.69778,,,,,,,,,,,,,,,,,,,,,,,,,,,,,,,,,,,,,,,,,,,,,,,,,,,High,High,High,,,,,
99,2026-01-18,14:32:34.68,3,2,"Kelsey, Carter",1000469297,Right,GEO_PAT,"Alberti, Lucas",1000145512,Right,GEO_PAT,Undefined,4,Top,1,0,1,Fastball,Four-Seam,BallCalled,Undefined,Undefined,Undefined,0,0,,90.41408,-2.759383,-4.759618,2255.812665,212.742432,1:00,5.82158,2.24436,6.11255,-17.8054,17.02052,10.0778,1.77543,-1.32712,81.05365,-6.17686,-2.95277,0.424739,,,,,,,,,,,,-6.76284,10.07382,-1.88319,50,5.59962,10.43381,-130.53704,-6.80715,-11.433,32.66209,-15.14365,GEO_PAT,GEO_PAT,SpuhlerFieldMain,TeamExclusive,Team,20260118-SpuhlerFieldMain-Private-1,70d5a970-f4a4-11f0-aeca-7be11d62ba38,88.74249,,,9.36043,,,,,,,e82b59a3-61bd-4406-a387-f88194c45877,2026-01-18,19:32:34.68,2026-01-18T14:32:34.6878464-05:00,2026-01-18T19:32:34.6878464Z,,v3,471300,471300,,"Cowdrey, Vincent",1000469295,Right,GEO_PAT,a88bdb1f-5b7a-4aae-9d3c-169661f47883,54.38506,-131.62966,16.33104,5.81887,-6.30056,-7.57183,-2.23863,10.81627,-5.7165,,,,,,,,,,,,,,,,,,,,,,,,,,,,,,,,,,,,,,,,,,,,,,,,,,,High,High,High,,,,,
100,2026-01-18,14:32:56.95,3,3,"Kelsey, Carter",1000469297,Right,GEO_PAT,"Alberti, Lucas",1000145512,Right,GEO_PAT,Undefined,4,Top,1,1,1,Slider,Slider,StrikeCalled,Undefined,Undefined,Undefined,0,0,,77.59483,0.864078,-0.977102,2345.19395,94.360866,9:15,5.72582,2.77156,5.47522,-45.36628,3.3189,-17.48489,2.75409,0.40002,69.1306,-7.522247,-4.091141,0.502192,,,,,,,,,,,,8.32874,1.97823,-2.67385,50,5.77183,2.62601,-112.24471,0.20508,10.26732,26.6925,-29.73536,GEO_PAT,GEO_PAT,SpuhlerFieldMain,TeamExclusive,Team,20260118-SpuhlerFieldMain-Private-1,7e0eabf0-f4a4-11f0-aeca-7be11d62ba38,75.05583,,,8.46423,,,,,,,e82b59a3-61bd-4406-a387-f88194c45877,2026-01-18,19:32:56.95,2026-01-18T14:32:56.9566720-05:00,2026-01-18T19:32:56.9566720Z,,v3,471300,471300,,"Cowdrey, Vincent",1000469295,Right,GEO_PAT,f0aa0b13-53a9-4fee-88da-a64939afcc8b,55.02097,-113.43244,13.34625,5.73327,1.52821,-14.86768,-2.78053,2.16915,5.13366,,,,,,,,,,,,,,,,,,,,,,,,,,,,,,,,,,,,,,,,,,,,,,,,,,,High,High,High,,,,,
101,2026-01-18,14:33:16.69,3,4,"Kelsey, Carter",1000469297,Right,GEO_PAT,"Alberti, Lucas",1000145512,Right,GEO_PAT,Undefined,4,Top,1,1,2,Fastball,Four-Seam,InPlay,Undefined,GroundBall,Single,0,0,,89.61869,-2.047274,-2.993163,2145.474579,206.552391,1:00,5.98123,2.39391,5.87488,-15.78926,20.01166,9.28119,2.76048,0.38466,79.83509,-5.117099,-1.331096,0.430644,88.24541,-22.623829,-33.096387,,,,,8.31628,7.54116,-28.886285,0.055789,-5.83201,11.37638,-2.15706,50,5.8066,6.37773,-129.6174,-5.06134,-9.65298,33.92851,-13.34422,GEO_PAT,GEO_PAT,SpuhlerFieldMain,TeamExclusive,Team,20260118-SpuhlerFieldMain-Private-1,89df92f0-f4a4-11f0-aeca-7be11d62ba38,87.52571,2.78447,,9.7836,,,,1.68419,2.78447,-0.36899,e82b59a3-61bd-4406-a387-f88194c45877,2026-01-18,19:33:16.69,2026-01-18T14:33:16.6944768-05:00,2026-01-18T19:33:16.6944768Z,GroundBall,v3,471300,471300,,"Cowdrey, Vincent",1000469295,Right,GEO_PAT,93c4c97d-7b19-47f2-999b-8b9b00a5383a,54.62377,-130.82211,16.96426,5.9779,-4.58752,-6.67211,-2.3896,6.72048,-4.82649,180,1.68198,100.33074,,,,,,,,2.78557,-49.91043,,,,,,,,-0.36754,-65.39577,,,,,,,,,,,,,,,,,,,,,,,,,,,,,,High,High,High,High,High,,,
102,2026-01-18,14:33:56.80,4,1,"Kelsey, Carter",1000469297,Right,GEO_PAT,"Clyne , Owen",1000230336,Left,GEO_PAT,Undefined,4,Top,1,0,0,Fastball,Four-Seam,BallCalled,Undefined,Undefined,Undefined,0,0,,89.14756,-3.507002,-4.578459,2215.453637,206.726988,1:00,5.94394,2.26577,6.1446,-18.08351,17.55934,8.17122,1.18163,-1.2934,80.39692,-6.961769,-3.111979,0.429692,,,,,,,,,,,,-5.64677,10.55713,-1.92005,50,5.66614,9.95875,-128.70406,-8.40554,-9.32963,30.4483,-14.73148,GEO_PAT,GEO_PAT,SpuhlerFieldMain,TeamExclusive,Team,20260118-SpuhlerFieldMain-Private-1,a1ae6460-f4a4-11f0-aeca-7be11d62ba38,87.71958,,,8.75065,,,,,,,e82b59a3-61bd-4406-a387-f88194c45877,2026-01-18,19:33:56.80,2026-01-18T14:33:56.8029696-05:00,2026-01-18T19:33:56.8029696Z,,v3,471300,471300,,"Cowdrey, Vincent",1000469295,Right,GEO_PAT,5b036ad2-e281-4843-ac46-6fbc4a396a98,54.35278,-129.72974,15.22415,5.94093,-7.90929,-7.36574,-2.26081,10.27303,-4.66481,,,,,,,,,,,,,,,,,,,,,,,,,,,,,,,,,,,,,,,,,,,,,,,,,,,High,High,High,,,,,
103,2026-01-18,14:34:16.94,4,2,"Kelsey, Carter",1000469297,Right,GEO_PAT,"Clyne , Owen",1000230336,Left,GEO_PAT,Undefined,4,Top,1,1,0,Fastball,Four-Seam,BallCalled,Undefined,Undefined,Undefined,0,0,,89.19738,-3.254552,-3.86049,2258.78151,196.42757,12:30,5.93388,2.22467,6.13338,-15.20528,20.50442,5.63764,1.64844,-0.87927,80.01245,-6.208826,-2.84785,0.430095,,,,,,,,,,,,-4.18063,12.03312,-1.93204,50,5.67643,8.4543,-128.85864,-7.71071,-6.88791,31.79558,-12.34849,GEO_PAT,GEO_PAT,SpuhlerFieldMain,TeamExclusive,Team,20260118-SpuhlerFieldMain-Private-1,adc6dbb0-f4a4-11f0-aeca-7be11d62ba38,87.63746,,,9.18493,,,,,,,e82b59a3-61bd-4406-a387-f88194c45877,2026-01-18,19:34:16.94,2026-01-18T14:34:16.9454080-05:00,2026-01-18T19:34:16.9454080Z,,v3,471300,471300,,"Cowdrey, Vincent",1000469295,Right,GEO_PAT,284b53c8-af10-40b4-92cd-0d6d2a23e532,54.36329,-129.93081,15.89779,5.92942,-7.29431,-6.17425,-2.22104,8.68656,-3.44395,,,,,,,,,,,,,,,,,,,,,,,,,,,,,,,,,,,,,,,,,,,,,,,,,,,High,High,High,,,,,
104,2026-01-18,14:34:40.92,4,3,"Kelsey, Carter",1000469297,Right,GEO_PAT,"Clyne , Owen",1000230336,Left,GEO_PAT,Undefined,4,Top,1,2,0,Fastball,Four-Seam,BallCalled,Undefined,Undefined,Undefined,0,0,,89.63262,-2.187181,-4.424713,2182.64878,203.671775,12:45,5.96563,2.37378,5.73447,-17.13343,18.96674,7.67682,2.49387,-1.11536,79.85888,-5.485144,-3.057565,0.43244,,,,,,,,,,,,-5.41882,10.78146,-2.00886,50,5.77249,9.6588,-129.3318,-5.43498,-8.94547,33.34579,-14.37587,GEO_PAT,GEO_PAT,SpuhlerFieldMain,TeamExclusive,Team,20260118-SpuhlerFieldMain-Private-1,bbf8e430-f4a4-11f0-aeca-7be11d62ba38,87.16218,,,9.77373,,,,,,,e82b59a3-61bd-4406-a387-f88194c45877,2026-01-18,19:34:40.92,2026-01-18T14:34:40.9228800-05:00,2026-01-18T19:34:40.9228800Z,,v3,471300,471300,,"Cowdrey, Vincent",1000469295,Right,GEO_PAT,b59b78ee-5839-4560-a9f9-7135c9aef616,54.76095,-130.55355,16.6729,5.96197,-4.90826,-7.18793,-2.36875,9.98656,-4.47274,,,,,,,,,,,,,,,,,,,,,,,,,,,,,,,,,,,,,,,,,,,,,,,,,,,High,High,High,,,,,
105,2026-01-18,14:34:59.98,4,4,"Kelsey, Carter",1000469297,Right,GEO_PAT,"Clyne , Owen",1000230336,Left,GEO_PAT,Undefined,4,Top,1,3,0,Fastball,Four-Seam,StrikeCalled,Undefined,Undefined,Undefined,0,0,,89.13867,-1.779181,-2.625666,2182.906194,200.029648,12:45,5.89167,2.47003,5.8144,-14.54658,21.68434,7.37658,3.02274,0.64145,79.40139,-4.62824,-1.305836,0.433223,,,,,,,,,,,,-4.63103,12.01985,-2.25886,50,5.73713,5.57835,-128.91016,-4.35907,-7.59641,33.08914,-12.45747,GEO_PAT,GEO_PAT,SpuhlerFieldMain,TeamExclusive,Team,20260118-SpuhlerFieldMain-Private-1,c7542600-f4a4-11f0-aeca-7be11d62ba38,87.00475,,,9.73728,,,,,,,e82b59a3-61bd-4406-a387-f88194c45877,2026-01-18,19:34:59.98,2026-01-18T14:34:59.9806464-05:00,2026-01-18T19:34:59.9806464Z,,v3,471300,471300,,"Cowdrey, Vincent",1000469295,Right,GEO_PAT,0593ced0-0b4a-4046-9e26-6d38e0d05f0b,54.68043,-130.106,16.54457,5.88653,-3.90886,-6.22873,-2.46543,5.85289,-3.79821,,,,,,,,,,,,,,,,,,,,,,,,,,,,,,,,,,,,,,,,,,,,,,,,,,,High,High,High,,,,,
106,2026-01-18,14:35:19.95,4,5,"Kelsey, Carter",1000469297,Right,GEO_PAT,"Clyne , Owen",1000230336,Left,GEO_PAT,Undefined,4,Top,1,3,1,Fastball,Four-Seam,InPlay,Undefined,GroundBall,Out,2,0,,89.46999,-2.470291,-4.263548,2237.285603,204.524873,12:45,5.76898,2.37271,6.29017,-13.47737,21.60564,9.26367,2.36156,-0.79181,80.51594,-5.119176,-2.595911,0.426304,95.45692,-7.416846,-7.728317,,,,,23.49942,21.08188,-5.246464,0.163461,-6.19583,12.39757,-2.06243,50,5.57982,9.27181,-129.42169,-5.89907,-10.34178,31.0157,-11.48063,GEO_PAT,GEO_PAT,SpuhlerFieldMain,TeamExclusive,Team,20260118-SpuhlerFieldMain-Private-1,d35a9bf0-f4a4-11f0-aeca-7be11d62ba38,88.41674,2.54233,,8.95405,,,,1.31636,2.54233,0.86042,e82b59a3-61bd-4406-a387-f88194c45877,2026-01-18,19:35:19.95,2026-01-18T14:35:19.9547904-05:00,2026-01-18T19:35:19.9547904Z,GroundBall,v3,471300,471300,,"Cowdrey, Vincent",1000469295,Right,GEO_PAT,26dfcaf6-db0d-4eb7-9707-4421c095a938,54.20966,-130.42663,15.50785,5.76493,-5.52709,-5.74032,-2.36828,9.6069,-5.17089,179.110932,1.31645,137.56382,-15.04063,,,,,,,2.54114,-17.97679,14.91541,,,,,,,0.86043,-18.67041,1.59637,,,,,,,,,,,,,,,,,,,,,,,,,,,,,High,High,High,High,High,,,
107,2026-01-18,14:38:12.33,1,1,"Drumm, Jake",1000077041,Right,GEO_PAT,"Terilli, Lucas",1000315616,Left,GEO_PAT,Undefined,4,Bottom,0,0,0,ChangeUp,Changeup,StrikeCalled,Undefined,Undefined,Undefined,0,0,,81.28157,-0.275815,-2.358672,1401.660956,254.475158,2:30,5.77015,1.56179,6.18664,-35.24707,7.60292,21.33911,2.578,1.16085,72.78161,-6.902748,1.493902,0.471136,,,,,,,,,,,,-11.72186,4.55284,-1.39338,50,5.73214,4.01383,-117.78434,-1.6203,-16.04354,27.73104,-25.94267,GEO_PAT,GEO_PAT,SpuhlerFieldMain,TeamExclusive,Team,20260118-SpuhlerFieldMain-Private-1,3a00fd90-f4a5-11f0-aeca-7be11d62ba38,80.00323,,,8.49995,,,,,,,e82b59a3-61bd-4406-a387-f88194c45877,2026-01-18,19:38:12.33,2026-01-18T14:38:12.3342848-05:00,2026-01-18T19:38:12.3342848Z,,v3,471300,471300,,"Tignor, Laken",1000091229,Right,GEO_PAT,e67d2d4e-3c33-417e-9e8f-c523422ab8bc,54.31128,-118.79505,13.86552,5.77396,-0.67477,-12.97133,-1.55033,4.59856,-8.02177,,,,,,,,,,,,,,,,,,,,,,,,,,,,,,,,,,,,,,,,,,,,,,,,,,,High,High,High,,,,,
108,2026-01-18,14:38:29.67,1,2,"Drumm, Jake",1000077041,Right,GEO_PAT,"Terilli, Lucas",1000315616,Left,GEO_PAT,Undefined,4,Bottom,0,0,1,ChangeUp,Changeup,BallCalled,Undefined,Undefined,Undefined,0,0,,79.26173,0.572974,-2.662708,1412.867258,253.191866,2:30,5.75032,1.71161,6.31352,-37.26671,8.04193,20.30718,3.17316,0.94928,70.21612,-6.484585,1.009653,0.484464,,,,,,,,,,,,-11.39548,4.54492,-1.52473,50,5.77543,4.55685,-114.72292,0.09081,-14.64658,28.25251,-26.33245,GEO_PAT,GEO_PAT,SpuhlerFieldMain,TeamExclusive,Team,20260118-SpuhlerFieldMain-Private-1,4458d920-f4a5-11f0-aeca-7be11d62ba38,77.80228,,,9.04562,,,,,,,e82b59a3-61bd-4406-a387-f88194c45877,2026-01-18,19:38:29.67,2026-01-18T14:38:29.6726016-05:00,2026-01-18T19:38:29.6726016Z,,v3,471300,471300,,"Tignor, Laken",1000091229,Right,GEO_PAT,ef69c943-c9d9-4e49-85cb-8d4e303bfb1d,54.18204,-115.74824,14.12625,5.75479,1.04645,-13.16623,-1.69975,5.08839,-7.32329,,,,,,,,,,,,,,,,,,,,,,,,,,,,,,,,,,,,,,,,,,,,,,,,,,,High,High,High,,,,,
109,2026-01-18,14:38:45.50,1,3,"Drumm, Jake",1000077041,Right,GEO_PAT,"Terilli, Lucas",1000315616,Left,GEO_PAT,Undefined,4,Bottom,0,1,1,Fastball,Four-Seam,BallCalled,Undefined,Undefined,Undefined,0,0,,88.23671,-2.636602,-4.193691,2028.088212,207.208589,1:00,5.76269,1.56611,5.95794,-18.18009,18.5897,8.81894,1.79425,-1.59509,79.03245,-6.126343,-2.615262,0.436432,,,,,,,,,,,,-5.9002,10.80457,-1.23703,50,5.54245,8.96226,-127.43525,-6.38121,-9.49764,31.3438,-14.78169,GEO_PAT,GEO_PAT,SpuhlerFieldMain,TeamExclusive,Team,20260118-SpuhlerFieldMain-Private-1,4dbf4fd0-f4a5-11f0-aeca-7be11d62ba38,86.36493,,,9.20427,,,,,,,e82b59a3-61bd-4406-a387-f88194c45877,2026-01-18,19:38:45.50,2026-01-18T14:38:45.5006208-05:00,2026-01-18T19:38:45.5006208Z,,v3,471300,471300,,"Tignor, Laken",1000091229,Right,GEO_PAT,3f043cad-b267-4d45-a09e-e7c66f9e8c5a,54.53858,-128.54671,15.6719,5.75943,-5.85705,-7.39085,-1.56081,9.29905,-4.74882,,,,,,,,,,,,,,,,,,,,,,,,,,,,,,,,,,,,,,,,,,,,,,,,,,,High,High,High,,,,,
110,2026-01-18,14:39:02.27,1,4,"Drumm, Jake",1000077041,Right,GEO_PAT,"Terilli, Lucas",1000315616,Left,GEO_PAT,Undefined,4,Bottom,0,2,1,ChangeUp,Changeup,BallCalled,Undefined,Undefined,Undefined,0,0,,81.72562,-0.311577,-1.649717,1466.884773,216.211083,1:15,5.73785,1.68274,6.26216,-24.99525,17.07277,11.33288,3.36749,1.10556,73.28475,-5.096832,0.397926,0.466818,,,,,,,,,,,,-6.36744,9.39993,-1.56532,50,5.70256,2.97258,-118.48809,-1.29785,-8.8625,27.06341,-19.09078,GEO_PAT,GEO_PAT,SpuhlerFieldMain,TeamExclusive,Team,20260118-SpuhlerFieldMain-Private-1,57c3b430-f4a5-11f0-aeca-7be11d62ba38,80.74334,,,8.44087,,,,,,,e82b59a3-61bd-4406-a387-f88194c45877,2026-01-18,19:39:02.27,2026-01-18T14:39:02.2796800-05:00,2026-01-18T19:39:02.2796800Z,,v3,471300,471300,,"Tignor, Laken",1000091229,Right,GEO_PAT,83333651-b5cb-414d-b9f7-2174d904b57b,54.23418,-119.45129,13.53171,5.73666,-0.61841,-9.54539,-1.67673,3.288,-4.43125,,,,,,,,,,,,,,,,,,,,,,,,,,,,,,,,,,,,,,,,,,,,,,,,,,,High,High,High,,,,,
111,2026-01-18,14:39:17.86,1,5,"Drumm, Jake",1000077041,Right,GEO_PAT,"Terilli, Lucas",1000315616,Left,GEO_PAT,Undefined,4,Bottom,0,3,1,Fastball,Changeup,BallCalled,Walk,Undefined,Undefined,0,0,,87.48853,-0.888628,-3.780789,1869.254123,205.350622,12:45,5.76941,1.56052,5.95028,-17.54702,19.51639,8.60552,3.48108,-1.23419,78.726,-4.266492,-2.240059,0.438171,,,,,,,,,,,,-5.59229,10.65304,-1.26389,50,5.68874,8.00278,-126.62965,-2.43864,-8.94778,29.37884,-15.12892,GEO_PAT,GEO_PAT,SpuhlerFieldMain,TeamExclusive,Team,20260118-SpuhlerFieldMain-Private-1,610abc00-f4a5-11f0-aeca-7be11d62ba38,86.02215,,,8.76253,,,,,,,e82b59a3-61bd-4406-a387-f88194c45877,2026-01-18,19:39:17.86,2026-01-18T14:39:17.8622464-05:00,2026-01-18T19:39:17.8622464Z,,v3,471300,471300,,"Tignor, Laken",1000091229,Right,GEO_PAT,cf64e3b3-c3e5-4cec-b47d-47c1e276e789,54.54775,-127.68039,14.68942,5.76628,-1.89755,-7.56446,-1.55583,8.3228,-4.47389,,,,,,,,,,,,,,,,,,,,,,,,,,,,,,,,,,,,,,,,,,,,,,,,,,,High,High,High,,,,,
112,2026-01-18,14:39:51.98,2,1,"Drumm, Jake",1000077041,Right,GEO_PAT,"McCarthy, Jack",1000469298,Right,GEO_PAT,Undefined,4,Bottom,0,0,0,Fastball,Changeup,BallCalled,Undefined,Undefined,Undefined,0,0,,85.70033,0.603511,-2.799146,1825.054169,204.374147,12:45,5.94063,1.59053,5.65869,-20.17304,18.92757,7.92162,4.82307,-0.36191,76.82373,-3.251077,-1.386544,0.450053,,,,,,,,,,,,-4.88595,9.77315,-1.35826,50,5.97932,5.71867,-124.045,0.72766,-7.48326,28.75313,-17.20558,GEO_PAT,GEO_PAT,SpuhlerFieldMain,TeamExclusive,Team,20260118-SpuhlerFieldMain-Private-1,75635270-f4a5-11f0-aeca-7be11d62ba38,83.75118,,,8.8766,,,,,,,e82b59a3-61bd-4406-a387-f88194c45877,2026-01-18,19:39:51.98,2026-01-18T14:39:51.9888384-05:00,2026-01-18T19:39:51.9888384Z,,v3,471300,471300,,"Tignor, Laken",1000091229,Right,GEO_PAT,69d0df08-c282-4c0c-bc31-97063438b6f1,54.83753,-125.1613,14.37657,5.9381,1.39564,-8.60279,-1.58592,6.0092,-3.74163,,,,,,,,,,,,,,,,,,,,,,,,,,,,,,,,,,,,,,,,,,,,,,,,,,,High,High,High,,,,,
113,2026-01-18,14:41:03.24,2,2,"Drumm, Jake",1000077041,Right,GEO_PAT,"McCarthy, Jack",1000469298,Right,GEO_PAT,Undefined,4,Bottom,0,1,0,Fastball,Changeup,BallCalled,Undefined,Undefined,Undefined,0,0,,85.66776,-2.424549,-3.955209,1918.921994,221.368309,1:30,5.92128,1.55349,5.69205,-20.66832,18.32946,14.89221,1.93243,-0.89771,77.4303,-6.336516,-1.299954,0.44946,,,,,,,,,,,,-8.76827,10.46552,-1.22979,50,5.70417,7.93449,-123.8809,-5.87062,-13.46703,27.43908,-16.10022,GEO_PAT,GEO_PAT,SpuhlerFieldMain,TeamExclusive,Team,20260118-SpuhlerFieldMain-Private-1,9ff2dc40-f4a5-11f0-aeca-7be11d62ba38,83.86152,,,8.23746,,,,,,,e82b59a3-61bd-4406-a387-f88194c45877,2026-01-18,19:41:03.24,2026-01-18T14:41:03.2450000-05:00,2026-01-18T19:41:03.2450000Z,,v3,471300,471300,,"Tignor, Laken",1000091229,Right,GEO_PAT,addf6f3b-918d-4ad2-bf1a-4ab3d7db1cf0,54.80751,-124.9412,13.71954,5.919,-5.24848,-8.05011,-1.54645,8.45488,-6.73351,,,,,,,,,,,,,,,,,,,,,,,,,,,,,73.87305,2.1696,0.810445,1.359155,0.49036,1.82888,0.91835,-1.13782,6.37139,1.41197,127.29093,2.54215,6.55033,-0.95962,105.83347,-8.50346,6.38066,12.14983,-11.0225,1.40261,3.36798,0.31177,High,High,High,,,High,High,High
114,2026-01-18,14:41:37.07,2,3,"Drumm, Jake",1000077041,Right,GEO_PAT,"McCarthy, Jack",1000469298,Right,GEO_PAT,Undefined,4,Bottom,0,2,0,Slider,Slider,FoulBallNotFieldable,Undefined,Undefined,Undefined,0,0,,78.69352,-0.018051,-1.661962,2140.336557,125.061254,10:15,5.83353,1.76351,5.20751,-41.4979,6.06142,-5.95516,2.35839,-0.29624,70.44775,-7.6533,-2.717438,0.496351,,,,,,,,,,,,2.38402,3.53201,-1.60491,50,5.80109,3.54543,-113.83819,-1.43407,3.0403,26.37997,-27.66968,GEO_PAT,GEO_PAT,SpuhlerFieldMain,TeamExclusive,Team,20260118-SpuhlerFieldMain-Private-1,b427be10-f4a5-11f0-aeca-7be11d62ba38,75.93904,,,8.24577,,,,,,,e82b59a3-61bd-4406-a387-f88194c45877,2026-01-18,19:41:37.07,2026-01-18T14:41:37.0797568-05:00,2026-01-18T19:41:37.0797568Z,,v3,471300,471300,,"Tignor, Laken",1000091229,Right,GEO_PAT,a47ab40f-512a-41ae-a17d-6f798d4c63ce,55.29107,-115.05777,13.18999,5.83782,-0.15487,-13.83484,-1.76557,3.40487,1.52015,,,,,,,,,,,,,,,,,,,,,,,,,,,,,,,,,,,,,,,,,,,,,,,,,,,High,High,High,,,,,
115,2026-01-18,14:42:11.28,2,4,"Drumm, Jake",1000077041,Right,GEO_PAT,"McCarthy, Jack",1000469298,Right,GEO_PAT,Undefined,4,Bottom,0,2,1,Slider,Curveball,InPlay,Undefined,Bunt,Sacrifice,1,0,,77.15047,0.495317,-0.611867,2177.541873,94.285733,9:15,5.79778,1.63261,5.08143,-46.63817,2.78402,-12.23347,2.37823,0.03633,69.47985,-8.026423,-2.776778,0.505979,40.35582,-31.442577,10.9844,,,,,5.8647,5.67283,6.944498,0.078314,5.88264,1.71713,-1.5644,50,5.80828,1.68791,-111.70236,-0.6302,7.26276,24.40524,-30.05406,GEO_PAT,GEO_PAT,SpuhlerFieldMain,TeamExclusive,Team,20260118-SpuhlerFieldMain-Private-1,c88e5e40-f4a5-11f0-aeca-7be11d62ba38,74.49409,2.44412,,7.67063,,,,1.89748,2.44412,-0.05259,e82b59a3-61bd-4406-a387-f88194c45877,2026-01-18,19:42:11.28,2026-01-18T14:42:11.2890880-05:00,2026-01-18T19:42:11.2890880Z,GroundBall,v3,471300,471300,,"Tignor, Laken",1000091229,Right,GEO_PAT,c3840955-4511-4554-8ecf-e0bdf9a0d5af,55.41852,-112.88001,12.20262,5.8037,0.82004,-15.02703,-1.6374,1.33745,3.63138,180,1.89073,50.10851,,,,,,,,2.44833,-31.20928,,,,,,,,-0.0539,9.72595,,,,,,,,,,,,,,,,,,,,,,,,,,,,,,High,High,High,High,High,,,
116,2026-01-18,14:42:53.68,3,1,"Drumm, Jake",1000077041,Right,GEO_PAT,"Butler, Jake",1000136500,Right,GEO_PAT,Undefined,4,Bottom,1,0,0,ChangeUp,Changeup,BallCalled,Undefined,Undefined,Undefined,0,0,,78.81378,-1.350584,-2.074387,1465.794181,228.026246,1:30,5.76026,1.64623,6.03498,-29.42738,16.02257,15.94993,2.05623,1.05359,71.19975,-6.900997,0.796438,0.485219,,,,,,,,,,,,-8.81028,9.16575,-1.49233,50,5.63898,3.53292,-114.24134,-3.50747,-11.4573,24.1827,-20.25448,GEO_PAT,GEO_PAT,SpuhlerFieldMain,TeamExclusive,Team,20260118-SpuhlerFieldMain-Private-1,e1b804c0-f4a5-11f0-aeca-7be11d62ba38,77.68124,,,7.61402,,,,,,,e82b59a3-61bd-4406-a387-f88194c45877,2026-01-18,19:42:53.68,2026-01-18T14:42:53.6851456-05:00,2026-01-18T19:42:53.6851456Z,,v3,471300,471300,,"Tignor, Laken",1000091229,Right,GEO_PAT,51579448-a481-4e0c-8629-9bd8c0bc3a60,54.46316,-115.18223,12.09135,5.76011,-2.71942,-10.12724,-1.63846,3.9787,-5.72865,,,,,,,,,,,,,,,,,,,,,,,,,,,,,,,,,,,,,,,,,,,,,,,,,,,High,High,High,,,,,
117,2026-01-18,14:43:11.94,3,2,"Drumm, Jake",1000077041,Right,GEO_PAT,"Butler, Jake",1000136500,Right,GEO_PAT,Undefined,4,Bottom,1,1,0,Slider,Slider,BallCalled,Undefined,Undefined,Undefined,0,0,,79.54606,-1.395533,-1.692366,2014.518343,123.57874,10:00,5.75659,1.84527,5.32898,-40.35136,5.56012,-5.84142,1.08363,-0.23003,72.07948,-8.781926,-2.73096,0.487677,,,,,,,,,,,,2.38756,3.70205,-1.68775,50,5.60147,3.63713,-115.19869,-4.16488,3.14901,25.09577,-27.29135,GEO_PAT,GEO_PAT,SpuhlerFieldMain,TeamExclusive,Team,20260118-SpuhlerFieldMain-Private-1,eca98840-f4a5-11f0-aeca-7be11d62ba38,77.28981,,,7.46658,,,,,,,e82b59a3-61bd-4406-a387-f88194c45877,2026-01-18,19:43:11.94,2026-01-18T14:43:11.9401472-05:00,2026-01-18T19:43:11.9401472Z,,v3,471300,471300,,"Tignor, Laken",1000091229,Right,GEO_PAT,67acee7c-9681-4597-86ef-7a8a9ac263e7,55.17151,-116.31984,12.54789,5.7603,-2.94564,-13.64567,-1.84709,3.49644,1.5745,,,,,,,,,,,,,,,,,,,,,,,,,,,,,,,,,,,,,,,,,,,,,,,,,,,High,High,High,,,,,
118,2026-01-18,14:43:31.40,3,3,"Drumm, Jake",1000077041,Right,GEO_PAT,"Butler, Jake",1000136500,Right,GEO_PAT,Undefined,4,Bottom,1,2,0,Fastball,Changeup,StrikeCalled,Undefined,Undefined,Undefined,0,0,,87.09901,-0.689211,-2.105803,1943.444641,219.409956,1:15,5.82124,1.69967,5.81295,-21.13289,16.36776,12.3265,3.4188,0.76778,78.4145,-4.704559,0.101893,0.440748,,,,,,,,,,,,-6.91315,8.94843,-1.53412,50,5.75234,4.10964,-126.22832,-2.15244,-10.98476,29.33164,-17.95531,GEO_PAT,GEO_PAT,SpuhlerFieldMain,TeamExclusive,Team,20260118-SpuhlerFieldMain-Private-1,f8296910-f4a5-11f0-aeca-7be11d62ba38,85.51916,,,8.6845,,,,,,,e82b59a3-61bd-4406-a387-f88194c45877,2026-01-18,19:43:31.40,2026-01-18T14:43:31.4078720-05:00,2026-01-18T19:43:31.4078720Z,,v3,471300,471300,,"Tignor, Laken",1000091229,Right,GEO_PAT,f169734f-b3bd-41ec-b636-b6b1c2e2bad0,54.68507,-127.31233,14.66582,5.81963,-1.48887,-8.97765,-1.69351,4.5156,-5.49238,,,,,,,,,,,,,,,,,,,,,,,,,,,,,,,,,,,,,,,,,,,,,,,,,,,High,High,High,,,,,
119,2026-01-18,14:43:51.87,3,4,"Drumm, Jake",1000077041,Right,GEO_PAT,"Butler, Jake",1000136500,Right,GEO_PAT,Undefined,4,Bottom,1,2,1,Slider,Slider,BallCalled,Undefined,Undefined,Undefined,0,0,,79.11932,-0.845177,-0.549465,2222.962158,87.247371,9:00,5.75243,1.65181,5.13727,-45.9114,1.43012,-10.32225,1.13048,0.27417,70.79556,-9.233252,-2.380586,0.495214,,,,,,,,,,,,4.95689,1.52776,-1.59182,50,5.63807,1.52308,-114.44002,-3.28919,6.35883,27.54418,-30.21419,GEO_PAT,GEO_PAT,SpuhlerFieldMain,TeamExclusive,Team,20260118-SpuhlerFieldMain-Private-1,047d3bb0-f4a6-11f0-aeca-7be11d62ba38,76.11351,,,8.32375,,,,,,,e82b59a3-61bd-4406-a387-f88194c45877,2026-01-18,19:43:51.87,2026-01-18T14:43:51.8706688-05:00,2026-01-18T19:43:51.8706688Z,,v3,471300,471300,,"Tignor, Laken",1000091229,Right,GEO_PAT,76eb37d1-0102-4f35-8d5b-60d7ded1b5ce,55.36174,-115.72332,13.77209,5.75853,-1.88149,-15.10709,-1.65588,1.22682,3.17942,,,,,,,,,,,,,,,,,,,,,,,,,,,,,,,,,,,,,,,,,,,,,,,,,,,High,High,High,,,,,
120,2026-01-18,14:44:14.31,3,5,"Drumm, Jake",1000077041,Right,GEO_PAT,"Butler, Jake",1000136500,Right,GEO_PAT,Undefined,4,Bottom,1,3,1,Slider,Changeup,FoulBallNotFieldable,Undefined,Undefined,Undefined,0,0,,77.87161,-0.781718,-1.779855,1536.375781,236.736969,2:00,5.75415,1.67341,6.13928,-32.45801,14.45548,19.15096,2.32644,1.62382,69.5415,-6.93202,1.674983,0.49297,,,,,,,,,,,,-10.75217,8.26611,-1.54807,50,5.67796,2.84182,-112.87576,-2.41436,-13.43438,26.58056,-21.84593,GEO_PAT,GEO_PAT,SpuhlerFieldMain,TeamExclusive,Team,20260118-SpuhlerFieldMain-Private-1,11c0c580-f4a6-11f0-aeca-7be11d62ba38,76.45993,,,8.33011,,,,,,,e82b59a3-61bd-4406-a387-f88194c45877,2026-01-18,19:44:14.31,2026-01-18T14:44:14.3161856-05:00,2026-01-18T19:44:14.3161856Z,,v3,471300,471300,,"Tignor, Laken",1000091229,Right,GEO_PAT,08b0770e-5d02-4805-b34b-b0881055056e,54.36246,-113.89843,13.29028,5.75468,-1.57386,-10.92297,-1.66735,3.35869,-6.71719,,,,,,,,,,,,,,,,,,,,,,,,,,,,,,,,,,,,,,,,,,,,,,,,,,,High,High,High,,,,,
121,2026-01-18,14:44:37.70,3,6,"Drumm, Jake",1000077041,Right,GEO_PAT,"Butler, Jake",1000136500,Right,GEO_PAT,Undefined,4,Bottom,1,3,2,Fastball,Changeup,FoulBallNotFieldable,Undefined,Undefined,Undefined,0,0,,87.129,-0.046386,-2.434785,1944.332345,211.140769,1:00,5.887,1.51701,5.87945,-17.64454,20.58493,11.44178,4.37351,0.20781,76.64031,-3.502133,-0.384424,0.445011,,,,,,,,,,,,-6.66772,10.90111,-1.32617,50,5.87321,4.8398,-125.91783,-0.53955,-10.31061,34.33531,-15.31711,GEO_PAT,GEO_PAT,SpuhlerFieldMain,TeamExclusive,Team,20260118-SpuhlerFieldMain-Private-1,1faf8370-f4a6-11f0-aeca-7be11d62ba38,84.70009,,,10.48869,,,,,,,e82b59a3-61bd-4406-a387-f88194c45877,2026-01-18,19:44:37.70,2026-01-18T14:44:37.7088000-05:00,2026-01-18T19:44:37.7088000Z,,v3,471300,471300,,"Tignor, Laken",1000091229,Right,GEO_PAT,83509575-ab5e-4742-9f23-57adc8c6b0d4,54.61222,-127.16927,17.16765,5.8827,0.01872,-7.65856,-1.50942,5.2156,-5.15531,,,,,,,,,,,,,,,,,,,,,,,,,,,,,,,,,,,,,,,,,,,,,,,,,,,High,High,High,,,,,
122,2026-01-18,14:44:56.97,3,7,"Drumm, Jake",1000077041,Right,GEO_PAT,"Butler, Jake",1000136500,Right,GEO_PAT,Undefined,4,Bottom,1,3,2,Slider,Curveball,FoulBallNotFieldable,Undefined,Undefined,Undefined,0,0,,77.52431,0.139591,-0.209245,2126.707359,77.825843,8:30,5.76667,1.68978,5.14384,-49.26562,0.00795,-9.24418,1.79264,0.7224,69.29373,-8.870682,-1.848765,0.505217,88.69085,-5.196475,-55.158803,,,,,23.99829,20.58954,-51.245607,0.169127,4.53327,0.48551,-1.66264,50,5.74215,0.78556,-112.15145,-1.42141,5.58684,26.39802,-31.57569,GEO_PAT,GEO_PAT,SpuhlerFieldMain,TeamExclusive,Team,20260118-SpuhlerFieldMain-Private-1,2b4d4c80-f4a6-11f0-aeca-7be11d62ba38,74.60637,1.99513,,8.23058,,,,2.48942,1.99513,-0.7096,e82b59a3-61bd-4406-a387-f88194c45877,2026-01-18,19:44:56.97,2026-01-18T14:44:56.9724416-05:00,2026-01-18T19:44:56.9724416Z,GroundBall,v3,471300,471300,,"Tignor, Laken",1000091229,Right,GEO_PAT,4fbfe9fe-00ea-473a-8f06-4735609c80bd,55.35499,-113.4049,13.19901,5.77404,0.07788,-15.78784,-1.69364,0.52028,2.79342,180,2.48683,74.10471,,,,,,,,1.99554,-11.79663,,,,,,,,-0.70588,-106.45929,,,,,,,,,,,,,,,,,,,,,,,,,,,,,,High,High,High,High,Medium,,,
123,2026-01-18,14:45:21.04,3,8,"Drumm, Jake",1000077041,Right,GEO_PAT,"Butler, Jake",1000136500,Right,GEO_PAT,Undefined,4,Bottom,1,3,2,ChangeUp,Changeup,StrikeSwinging,Strikeout,Undefined,Undefined,0,0,,80.55655,-0.475371,-3.387722,1501.700292,216.168587,1:15,5.72097,1.66401,6.11876,-22.51359,22.01163,14.6417,3.40455,-0.25172,70.73172,-4.871479,-0.754933,0.480258,,,,,,,,,,,,-8.7617,12.00674,-1.41086,50,5.67288,6.2979,-116.34472,-1.49143,-11.52311,30.04885,-16.38318,GEO_PAT,GEO_PAT,SpuhlerFieldMain,TeamExclusive,Team,20260118-SpuhlerFieldMain-Private-1,398bb110-f4a6-11f0-aeca-7be11d62ba38,78.48377,,,9.82483,,,,,,,e82b59a3-61bd-4406-a387-f88194c45877,2026-01-18,19:45:21.04,2026-01-18T14:45:21.0479104-05:00,2026-01-18T19:45:21.0479104Z,,v3,471300,471300,,"Tignor, Laken",1000091229,Right,GEO_PAT,0504f4f5-35c2-4280-b5be-2c202eb5e97a,54.37318,-117.46877,15.02442,5.71721,-0.87858,-8.19159,-1.65451,6.72895,-5.76156,,,,,,,,,,,,,,,,,,,,,,,,,,,,,,,,,,,,,,,,,,,,,,,,,,,High,High,High,,,,,
124,2026-01-18,14:45:51.03,4,1,"Drumm, Jake",1000077041,Right,GEO_PAT,"Westley, Matthew",824016,Right,GEO_PAT,Undefined,4,Bottom,2,0,0,Slider,Slider,BallCalled,Undefined,Undefined,Undefined,0,0,,78.76695,-1.462752,-2.143909,2283.583748,95.880972,9:15,5.70602,1.83758,5.12314,-44.28483,2.27906,-7.63776,0.63651,-0.8193,72.50023,-9.46339,-3.496662,0.49113,,,,,,,,,,,,3.23181,1.92122,-1.62958,50,5.53372,4.57655,-114.20276,-4.45524,4.24958,21.88562,-29.64781,GEO_PAT,GEO_PAT,SpuhlerFieldMain,TeamExclusive,Team,20260118-SpuhlerFieldMain-Private-1,4b81ed80-f4a6-11f0-aeca-7be11d62ba38,76.74643,,,6.26671,,,,,,,e82b59a3-61bd-4406-a387-f88194c45877,2026-01-18,19:45:51.03,2026-01-18T14:45:51.0361600-05:00,2026-01-18T19:45:51.0361600Z,,v3,471300,471300,,"Tignor, Laken",1000091229,Right,GEO_PAT,aca8a59b-1f88-49a9-bad0-2f241c91be49,55.38045,-115.22925,10.94281,5.71007,-3.06469,-14.8239,-1.83956,4.37724,2.12479,,,,,,,,,,,,,,,,,,,,,,,,,,,,,,,,,,,,,,,,,,,,,,,,,,,High,High,High,,,,,
125,2026-01-18,14:46:11.62,4,2,"Drumm, Jake",1000077041,Right,GEO_PAT,"Westley, Matthew",824016,Right,GEO_PAT,Undefined,4,Bottom,2,1,0,ChangeUp,Changeup,InPlay,Undefined,GroundBall,Out,1,0,,79.00708,-1.283569,-3.588783,1599.009969,236.148631,1:45,5.72085,1.7102,6.10032,-29.28746,15.83359,21.14403,2.09053,0.1486,71.4149,-6.812552,0.215625,0.48346,78.209,-30.128621,-43.051476,,,,,5.81708,3.61203,-27.68726,0.038696,-12.08288,9.05351,-1.44476,50,5.60658,6.40545,-114.46245,-3.371,-15.79401,24.03092,-20.33983,GEO_PAT,GEO_PAT,SpuhlerFieldMain,TeamExclusive,Team,20260118-SpuhlerFieldMain-Private-1,57c96410-f4a6-11f0-aeca-7be11d62ba38,77.96385,2.23373,,7.59217,,,,2.33841,2.23373,-0.07536,e82b59a3-61bd-4406-a387-f88194c45877,2026-01-18,19:46:11.62,2026-01-18T14:46:11.6278272-05:00,2026-01-18T19:46:11.6278272Z,GroundBall,v3,471300,471300,,"Tignor, Laken",1000091229,Right,GEO_PAT,505cedea-22a9-4ba0-8ee5-d300f019c3a8,54.40092,-115.3827,12.01546,5.72075,-2.59209,-10.16992,-1.70163,7.01028,-7.897,,2.33725,72.68386,,,,,,,,2.23466,-57.72483,,,,,,,,-0.07427,-67.90098,,,,,,,,,,,,,,,,,,,,,,,,,,,,,,High,High,High,Low,Low,,,
126,2026-01-18,14:46:59.10,1,1,"Drumm, Jake",1000077041,Right,GEO_PAT,"Alberti, Lucas",1000145512,Right,GEO_PAT,Undefined,5,Top,0,0,0,Fastball,Four-Seam,StrikeCalled,Undefined,Undefined,Undefined,0,0,,87.19599,-2.070682,-2.268518,2003.864772,213.476047,1:00,5.75667,1.50652,5.90961,-15.92698,21.47391,13.27083,2.50502,0.50563,78.35981,-5.159458,0.112143,0.440162,,,,,,,,,,,,-7.47662,12.03481,-1.33159,50,5.58118,4.43432,-126.27908,-4.96903,-11.86445,29.85435,-13.07634,GEO_PAT,GEO_PAT,SpuhlerFieldMain,TeamExclusive,Team,20260118-SpuhlerFieldMain-Private-1,740c5880-f4a6-11f0-aeca-7be11d62ba38,85.63314,,,8.83619,,,,,,,e82b59a3-61bd-4406-a387-f88194c45877,2026-01-18,19:46:59.10,2026-01-18T14:46:59.1023104-05:00,2026-01-18T19:46:59.1023104Z,,v3,471300,471300,,"Cowdrey, Vincent",1000469295,Right,GEO_PAT,9c1ba351-f1a5-4f3c-b9d1-5c51e7b146b7,54.58817,-127.35918,14.92718,5.75239,-4.49595,-6.53817,-1.49978,4.86356,-5.93222,,,,,,,,,,,,,,,,,,,,,,,,,,,,,,,,,,,,,,,,,,,,,,,,,,,High,High,High,,,,,
127,2026-01-18,14:47:16.96,1,2,"Drumm, Jake",1000077041,Right,GEO_PAT,"Alberti, Lucas",1000145512,Right,GEO_PAT,Undefined,5,Top,0,0,1,Fastball,Four-Seam,InPlay,Undefined,FlyBall,HomeRun,0,1,,87.36091,-2.114594,-1.78918,2015.384704,213.066273,1:00,5.84093,1.48991,5.94485,-15.01757,22.26647,13.56721,2.6261,0.96031,78.32477,-5.046872,0.647136,0.439474,97.43061,32.604313,-21.346601,3097.912984,102.13973,68.757,-40.83467,388.59891,388.59891,-22.275382,5.618445,-7.56638,12.53922,-1.35499,50,5.66411,3.38763,-126.55615,-5.04173,-12.01666,30.8277,-12.25976,GEO_PAT,GEO_PAT,SpuhlerFieldMain,TeamExclusive,Team,20260118-SpuhlerFieldMain-Private-1,7eb49e00-f4a6-11f0-aeca-7be11d62ba38,85.76721,102.57058,,9.03614,,,,1.6712,2.66752,-0.98176,e82b59a3-61bd-4406-a387-f88194c45877,2026-01-18,19:47:16.96,2026-01-18T14:47:16.9649152-05:00,2026-01-18T19:47:16.9649152Z,FlyBall,v3,471300,471300,,"Cowdrey, Vincent",1000469295,Right,GEO_PAT,e91333e7-6f95-4024-9d98-4249fb3c25bb,54.5545,-127.66075,15.41385,5.83689,-4.60244,-6.12988,-1.48409,3.81821,-6.00833,177.857192,1.67656,112.01321,-24.12481,6.03362,-0.97012,0.05878,0.00968,-0.00196,0.0001,2.66091,77.11663,-15.47758,-0.00148,0.1326,-0.02953,0.00714,-0.00116,7E-05,-0.98374,-43.7793,8.76759,-2.16046,0.33781,-0.01734,-0.00417,0.00077,-4E-05,,,,,,,,,,,,,,,,,,,,,,,High,High,High,High,High,,,
128,2026-01-18,14:48:00.12,2,1,"Drumm, Jake",1000077041,Right,GEO_PAT,"Clyne , Owen",1000230336,Left,GEO_PAT,Undefined,5,Top,0,0,0,ChangeUp,Changeup,BallCalled,Undefined,Undefined,Undefined,0,0,,80.364,-1.082928,-1.550506,1527.144439,252.55636,2:30,5.70836,1.65161,6.08267,-36.65537,7.21867,17.64151,1.65133,1.68685,72.33766,-7.931762,1.631552,0.476733,,,,,,,,,,,,-9.54315,4.61422,-1.54051,50,5.60578,2.47055,-116.49521,-3.3094,-12.81211,26.58664,-25.97928,GEO_PAT,GEO_PAT,SpuhlerFieldMain,TeamExclusive,Team,20260118-SpuhlerFieldMain-Private-1,9854fb20-f4a6-11f0-aeca-7be11d62ba38,79.06403,,,8.02634,,,,,,,e82b59a3-61bd-4406-a387-f88194c45877,2026-01-18,19:48:00.12,2026-01-18T14:48:00.1223168-05:00,2026-01-18T19:48:00.1223168Z,,v3,471300,471300,,"Cowdrey, Vincent",1000469295,Right,GEO_PAT,b27ac03a-4ff4-41b2-9ffc-33416d4ee6d9,54.41569,-117.49864,13.29332,5.71218,-2.32889,-12.98964,-1.64287,2.95411,-6.40606,,,,,,,,,,,,,,,,,,,,,,,,,,,,,,,,,,,,,,,,,,,,,,,,,,,High,High,High,,,,,
129,2026-01-18,14:48:14.95,2,2,"Drumm, Jake",1000077041,Right,GEO_PAT,"Clyne , Owen",1000230336,Left,GEO_PAT,Undefined,5,Top,0,1,0,Slider,Curveball,BallCalled,Undefined,Undefined,Undefined,0,0,,78.21908,-0.043069,-0.240757,2222.660345,66.322867,8:15,5.68561,1.63589,5.4327,-48.15251,-0.66768,-5.64792,1.63257,0.93974,70.47725,-8.869777,-1.248079,0.495962,,,,,,,,,,,,2.73417,0.26665,-1.61061,50,5.64909,0.70503,-113.29971,-1.71782,3.47027,25.25018,-31.83561,GEO_PAT,GEO_PAT,SpuhlerFieldMain,TeamExclusive,Team,20260118-SpuhlerFieldMain-Private-1,a13096f0-f4a6-11f0-aeca-7be11d62ba38,75.99859,,,7.74183,,,,,,,e82b59a3-61bd-4406-a387-f88194c45877,2026-01-18,19:48:14.95,2026-01-18T14:48:14.9529600-05:00,2026-01-18T19:48:14.9529600Z,,v3,471300,471300,,"Cowdrey, Vincent",1000469295,Right,GEO_PAT,08f1f8fa-5499-4631-94b2-d6f14a7670f3,55.06551,-114.42305,12.62509,5.69401,-0.30151,-15.91781,-1.63854,0.55064,1.73513,,,,,,,,,,,,,,,,,,,,,,,,,,,,,,,,,,,,,,,,,,,,,,,,,,,High,High,High,,,,,
130,2026-01-18,14:48:31.10,2,3,"Drumm, Jake",1000077041,Right,GEO_PAT,"Clyne , Owen",1000230336,Left,GEO_PAT,Undefined,5,Top,0,2,0,Fastball,Four-Seam,InPlay,Undefined,LineDrive,Double,0,0,,87.60159,-1.628816,-3.166548,1976.597794,202.540158,12:45,5.75132,1.62613,5.93915,-16.71859,20.3584,7.87032,2.84432,-0.65865,78.64636,-4.86115,-1.756064,0.438252,98.35616,17.397886,-2.858235,1758.589196,109.57947,30.14317,-9.60407,313.8541,313.8541,-9.325174,3.23851,-5.09528,11.38048,-1.37775,50,5.61199,6.68835,-126.82037,-4.05406,-8.14284,30.46488,-13.98672,GEO_PAT,GEO_PAT,SpuhlerFieldMain,TeamExclusive,Team,20260118-SpuhlerFieldMain-Private-1,aae072b0-f4a6-11f0-aeca-7be11d62ba38,86.00637,35.8142,,8.95522,,,,1.72464,2.84891,0.65665,e82b59a3-61bd-4406-a387-f88194c45877,2026-01-18,19:48:31.10,2026-01-18T14:48:31.1009280-05:00,2026-01-18T19:48:31.1009280Z,LineDrive,v3,471300,471300,,"Cowdrey, Vincent",1000469295,Right,GEO_PAT,7afd9d96-b7ed-4392-8b7e-44166dc771be,54.56013,-127.91112,15.23244,5.74817,-3.55329,-6.99336,-1.62244,6.97989,-4.07142,139.299675,1.7246,137.48662,-23.61521,5.44763,-1.00754,0.11819,-0.0003,-0.00237,0.00027,2.84904,43.12757,-14.16202,-0.15233,0.11235,0.0393,-0.03078,0.00766,-0.00069,0.65649,-6.85748,-6.86225,2.47117,-0.6189,0.10157,-0.00797,-0.00033,9E-05,,,,,,,,,,,,,,,,,,,,,,,High,High,High,High,High,,,
131,,,3,1,"Drumm, Jake",1000077041,Right,GEO_PAT,"Tignor, Laken",1000091229,Right,GEO_PAT,Undefined,5,Top,0,0,0,Fastball,,InPlay,Undefined,GroundBall,Out,3,0,,,,,,,,,,,,,,,,,,,,,,,,,,,,,,,,,,,,,,,,,,GEO_PAT,GEO_PAT,SpuhlerFieldMain,TeamExclusive,Team,20260118-SpuhlerFieldMain-Private-1,bcf66c20-f4a6-11f0-aeca-7be11d62ba38,,,,,,,,,,,e82b59a3-61bd-4406-a387-f88194c45877,,,,,,v3,471300,471300,,"Cowdrey, Vincent",1000469295,Right,GEO_PAT,bae859b7-39f0-43e7-b2a3-1f722d3cf614,,,,,,,,,,,,,,,,,,,,,,,,,,,,,,,,,,,,,,,,,,,,,,,,,,,,,,,,,,,,,,,,,,,
132,2026-01-18,14:52:27.52,1,1,"Dilella, Sam",1000120336,Right,GEO_PAT,"Alberti, Lucas",1000145512,Right,GEO_PAT,Undefined,5,Bottom,0,0,0,Fastball,Four-Seam,StrikeSwinging,Undefined,Undefined,Undefined,0,0,,86.62672,-2.127719,-2.584636,2225.424107,194.886059,12:30,6.06771,1.43415,5.90817,-20.63261,17.01233,4.17142,2.37034,-0.61905,78.55413,-6.033598,-1.836679,0.441596,,,,,,,,,,,,-2.91465,9.74071,-1.22875,50,5.88487,5.49096,-125.50716,-5.27157,-4.60419,27.68808,-16.78687,GEO_PAT,GEO_PAT,SpuhlerFieldMain,TeamExclusive,Team,20260118-SpuhlerFieldMain-Private-1,37cddf00-f4a7-11f0-aeca-7be11d62ba38,85.35511,,,8.07259,,,,,,,e82b59a3-61bd-4406-a387-f88194c45877,2026-01-18,19:52:27.52,2026-01-18T14:52:27.5227648-05:00,2026-01-18T19:52:27.5227648Z,,v3,471300,471300,,"Tignor, Laken",1000091229,Right,GEO_PAT,ad61cc1f-9182-4eef-b097-53370a81efb2,54.59046,-126.5158,13.84404,6.06576,-4.66005,-8.39344,-1.43184,5.65868,-2.3021,,,,,,,,,,,,,,,,,,,,,,,,,,,,,,,,,,,,,,,,,,,,,,,,,,,High,High,High,,,,,
133,2026-01-18,14:52:46.54,1,2,"Dilella, Sam",1000120336,Right,GEO_PAT,"Alberti, Lucas",1000145512,Right,GEO_PAT,Undefined,5,Bottom,0,0,1,Fastball,Four-Seam,BallCalled,Undefined,Undefined,Undefined,0,0,,86.94846,-2.190592,-0.955202,2197.209983,199.639321,12:45,6.08194,1.35153,5.88095,-18.17095,19.198,6.38032,2.53195,0.99602,78.76198,-5.658136,0.189804,0.439974,,,,,,,,,,,,-3.53276,10.85812,-1.27793,50,5.8944,1.83124,-126.06099,-5.32869,-5.62656,28.0761,-14.88047,GEO_PAT,GEO_PAT,SpuhlerFieldMain,TeamExclusive,Team,20260118-SpuhlerFieldMain-Private-1,430b1180-f4a7-11f0-aeca-7be11d62ba38,85.66968,,,8.18648,,,,,,,e82b59a3-61bd-4406-a387-f88194c45877,2026-01-18,19:52:46.54,2026-01-18T14:52:46.5428992-05:00,2026-01-18T19:52:46.5428992Z,,v3,471300,471300,,"Tignor, Laken",1000091229,Right,GEO_PAT,6d769173-c713-4ba2-889a-ae6eb8db2f7a,54.61733,-127.0852,14.03805,6.07888,-4.78586,-7.44024,-1.34847,2.03649,-2.81328,,,,,,,,,,,,,,,,,,,,,,,,,,,,,,,,,,,,,,,,,,,,,,,,,,,High,High,High,,,,,
134,2026-01-18,14:53:09.47,1,3,"Dilella, Sam",1000120336,Right,GEO_PAT,"Alberti, Lucas",1000145512,Right,GEO_PAT,Undefined,5,Bottom,0,1,1,Fastball,Four-Seam,BallCalled,Undefined,Undefined,Undefined,0,0,,86.41155,-3.099259,-3.026435,2204.531157,204.44197,12:45,5.97336,1.5264,6.09862,-20.4995,16.88363,7.10811,1.39167,-0.6831,78.9539,-6.968834,-1.747682,0.440057,,,,,,,,,,,,-4.52744,9.97284,-1.29681,50,5.72333,6.33493,-125.19596,-7.37299,-7.16497,25.95897,-16.39139,GEO_PAT,GEO_PAT,SpuhlerFieldMain,TeamExclusive,Team,20260118-SpuhlerFieldMain-Private-1,50cea0c0-f4a7-11f0-aeca-7be11d62ba38,85.65348,,,7.45765,,,,,,,e82b59a3-61bd-4406-a387-f88194c45877,2026-01-18,19:53:09.47,2026-01-18T14:53:09.4793216-05:00,2026-01-18T19:53:09.4793216Z,,v3,471300,471300,,"Tignor, Laken",1000091229,Right,GEO_PAT,42a67b71-322e-4fe3-af51-e30f202c54da,54.40191,-126.10537,12.97949,5.97157,-6.79875,-8.1957,-1.52314,6.58595,-3.58249,,,,,,,,,,,,,,,,,,,,,,,,,,,,,,,,,,,,,,,,,,,,,,,,,,,High,High,High,,,,,
135,2026-01-18,14:53:28.07,1,4,"Dilella, Sam",1000120336,Right,GEO_PAT,"Alberti, Lucas",1000145512,Right,GEO_PAT,Undefined,5,Bottom,0,2,1,Fastball,Four-Seam,InPlay,Undefined,GroundBall,Out,1,0,,86.8712,-3.117836,-2.325298,2192.825946,214.859958,1:15,5.968,1.45884,6.07841,-20.18107,17.01769,10.94335,1.39614,0.21805,78.90039,-6.943184,-0.35495,0.438971,71.29717,-23.974649,-39.573209,,,,,6.15954,6.15954,-23.796413,0.037004,-6.38571,10.12741,-1.28477,50,5.71578,4.67659,-125.87897,-7.43868,-10.14406,27.9266,-16.08612,GEO_PAT,GEO_PAT,SpuhlerFieldMain,TeamExclusive,Team,20260118-SpuhlerFieldMain-Private-1,5be47520-f4a7-11f0-aeca-7be11d62ba38,85.86549,1.57571,,7.97081,,,,2.90466,1.57571,-0.22799,e82b59a3-61bd-4406-a387-f88194c45877,2026-01-18,19:53:28.07,2026-01-18T14:53:28.0783872-05:00,2026-01-18T19:53:28.0783872Z,GroundBall,v3,471300,471300,,"Tignor, Laken",1000091229,Right,GEO_PAT,77301b35-1e68-4df9-8a0d-c1620a72d04e,54.42293,-126.85642,13.9633,5.96629,-6.87566,-8.04306,-1.45467,5.03164,-5.07203,,2.90371,73.8095,,,,,,,,1.57626,-42.58239,,,,,,,,-0.2272,-61.00242,,,,,,,,,,,,,,,,,,,,,,,,,,,,,,High,High,High,Estimated,Estimated,,,
136,2026-01-18,14:54:10.84,2,1,"Dilella, Sam",1000120336,Right,GEO_PAT,"McCarthy, Jack",1000469298,Right,GEO_PAT,Undefined,5,Bottom,1,0,0,Fastball,Changeup,BallCalled,Undefined,Undefined,Undefined,0,0,,82.99132,-3.820261,-1.98691,1968.086946,208.276786,1:00,5.96111,1.60382,5.97733,-22.12749,18.57273,9.25796,0.56821,0.53262,75.99284,-7.975183,-0.322377,0.459166,,,,,,,,,,,,-5.38918,11.08221,-1.45196,50,5.6461,3.8252,-120.26014,-8.66205,-7.86487,24.07986,-16.00085,GEO_PAT,GEO_PAT,SpuhlerFieldMain,TeamExclusive,Team,20260118-SpuhlerFieldMain-Private-1,755f48e0-f4a7-11f0-aeca-7be11d62ba38,82.08892,,,6.99848,,,,,,,e82b59a3-61bd-4406-a387-f88194c45877,2026-01-18,19:54:10.84,2026-01-18T14:54:10.8478464-05:00,2026-01-18T19:54:10.8478464Z,,v3,471300,471300,,"Tignor, Laken",1000091229,Right,GEO_PAT,11d4f485-9cb5-4537-a0b2-543cb1ecdcac,54.52549,-121.1629,12.03993,5.95959,-8.06218,-8.00043,-1.6009,4.12005,-3.93243,,,,,,,,,,,,,,,,,,,,,,,,,,,,,,,,,,,,,,,,,,,,,,,,,,,High,High,High,,,,,
137,2026-01-18,14:54:31.94,2,2,"Dilella, Sam",1000120336,Right,GEO_PAT,"Vaughan, Logan",1000232024,Left,GEO_PAT,Undefined,5,Bottom,1,1,0,Cutter,Slider,BallCalled,Undefined,Undefined,Undefined,0,0,,84.02032,-2.071147,-0.953497,2431.371034,176.213649,11:45,5.98936,1.73496,5.41391,-32.71514,8.28339,-0.44835,1.32157,0.80421,75.98824,-8.098031,-1.033371,0.460846,,,,,,,,,,,,-0.0876,5.27496,-1.64983,50,5.78256,2.04404,-121.67766,-5.53028,-0.12903,27.76852,-24.40407,GEO_PAT,GEO_PAT,SpuhlerFieldMain,TeamExclusive,Team,20260118-SpuhlerFieldMain-Private-1,81f813c0-f4a7-11f0-aeca-7be11d62ba38,81.7897,,,8.03208,,,,,,,e82b59a3-61bd-4406-a387-f88194c45877,2026-01-18,19:54:31.94,2026-01-18T14:54:31.9494656-05:00,2026-01-18T19:54:31.9494656Z,,v3,471300,471300,,"Tignor, Laken",1000091229,Right,GEO_PAT,d3c56ea5-1e9a-411a-a297-aa1517f6d461,55.08561,-122.83279,13.88426,5.99149,-4.51511,-12.20203,-1.73497,2.04941,-0.06451,,,,,,,,,,,,,,,,,,,,,,,,,,,,,,,,,,,,,,,,,,,,,,,,,,,High,High,High,,,,,
138,2026-01-18,14:54:54.47,2,3,"Dilella, Sam",1000120336,Right,GEO_PAT,"Vaughan, Logan",1000232024,Left,GEO_PAT,Undefined,5,Bottom,1,2,0,Fastball,Four-Seam,InPlay,Undefined,Popup,Out,1,0,,86.24883,-1.746991,-1.376815,2255.544663,208.939062,1:00,6.01407,1.55502,6.01479,-18.67718,19.30891,9.90091,2.83827,1.10438,77.67077,-5.334045,0.404161,0.443592,58.09873,20.760563,-29.387978,4890.707753,,,,124.68511,106.93675,-35.722711,1.820214,-5.5687,10.92071,-1.45248,50,5.86695,2.60787,-125.05929,-4.32191,-8.66569,29.31407,-15.1799,GEO_PAT,GEO_PAT,SpuhlerFieldMain,TeamExclusive,Team,20260118-SpuhlerFieldMain-Private-1,8f64f780-f4a7-11f0-aeca-7be11d62ba38,84.97094,15.2914,,8.57807,,,,3.0028,2.9847,-1.09307,e82b59a3-61bd-4406-a387-f88194c45877,2026-01-18,19:54:54.47,2026-01-18T14:54:54.4799232-05:00,2026-01-18T19:54:54.4799232Z,LineDrive,v3,471300,471300,,"Tignor, Laken",1000091229,Right,GEO_PAT,c905f088-5b3c-4119-a6bb-78bd272d5ca6,54.48539,-126.10629,14.65703,6.01163,-3.77974,-7.58995,-1.55115,2.91738,-4.33284,98.929757,3.00282,69.4236,-10.87543,1.81316,-0.1541,-0.27095,0.22509,-0.08649,0.01328,2.9847,30.20471,-19.65929,1.58192,-0.33673,0.12711,-0.06267,0.02228,-0.00339,-1.09308,-39.09971,-1.34778,1.10062,-0.39057,0.13155,-0.04878,0.01456,-0.00198,,,,,,,,,,,,,,,,,,,,,,,High,High,High,High,High,,,
139,2026-01-18,14:55:32.02,3,1,"Dilella, Sam",1000120336,Right,GEO_PAT,"Bagnerise , Julius",1000469309,Right,GEO_PAT,Undefined,5,Bottom,2,0,0,Fastball,Four-Seam,InPlay,Undefined,GroundBall,Single,0,0,,86.18357,-2.173596,-2.874062,2216.321308,203.716203,12:45,6.0276,1.51663,5.92694,-18.69568,19.39922,7.92142,2.44918,-0.4924,77.93605,-5.745224,-1.453811,0.444227,98.73901,1.741741,19.130655,1564.335198,,,,58.30524,56.85875,19.529965,0.408927,-4.98189,11.03662,-1.29115,50,5.84306,5.94705,-124.84506,-5.26383,-7.76457,28.06379,-14.97275,GEO_PAT,GEO_PAT,SpuhlerFieldMain,TeamExclusive,Team,20260118-SpuhlerFieldMain-Private-1,a5c0b0f0-f4a7-11f0-aeca-7be11d62ba38,84.84953,2.68037,,8.24752,,,,2.00021,2.50081,0.45383,e82b59a3-61bd-4406-a387-f88194c45877,2026-01-18,19:55:32.02,2026-01-18T14:55:32.0268800-05:00,2026-01-18T19:55:32.0268800Z,GroundBall,v3,471300,471300,,"Tignor, Laken",1000091229,Right,GEO_PAT,bf018dd6-09a4-48fb-a95f-f0d5078332d4,54.57356,-125.86894,14.03189,6.02514,-4.71756,-7.48637,-1.51329,6.23033,-3.88228,337.32497,2.00555,136.58196,-17.4142,,,,,,,2.51184,4.04102,-24.96618,,,,,,,0.45269,47.47556,-2.23801,,,,,,,,,,,,,,,,,,,,,,,,,,,,,High,High,High,High,High,,,
140,2026-01-18,14:57:04.99,4,1,"Dilella, Sam",1000120336,Right,GEO_PAT,"McCarthy, Jack",1000469298,Right,GEO_PAT,Undefined,5,Bottom,2,0,0,Cutter,Slider,BallCalled,Undefined,Undefined,Undefined,0,0,,83.96411,-4.288549,-3.07271,2370.23274,108.801078,9:45,5.99477,1.56306,5.5106,-36.85329,4.21725,-8.12315,-1.10023,-1.99019,76.72221,-10.960639,-4.520719,0.46125,,,,,,,,,,,,3.20043,3.84169,-1.28881,50,5.59439,6.83061,-121.30485,-10.37053,4.68972,27.39801,-26.54467,GEO_PAT,GEO_PAT,SpuhlerFieldMain,TeamExclusive,Team,20260118-SpuhlerFieldMain-Private-1,dd287fa0-f4a7-11f0-aeca-7be11d62ba38,81.71798,,,7.2419,,,,,,,e82b59a3-61bd-4406-a387-f88194c45877,2026-01-18,19:57:04.99,2026-01-18T14:57:04.9956864-05:00,2026-01-18T19:57:04.9956864Z,,v3,471300,471300,,"Tignor, Laken",1000091229,Right,GEO_PAT,d8de8846-595f-41a4-81f1-3d23cc8f692c,54.99318,-122.42742,13.699,5.99701,-9.28292,-13.27234,-1.56474,6.63846,2.34486,,,,,,,,,,,,,,,,,,,,,,,,,,,,,,,,,,,,,,,,,,,,,,,,,,,High,High,High,,,,,
141,2026-01-18,14:57:32.57,4,2,"Dilella, Sam",1000120336,Right,GEO_PAT,"McCarthy, Jack",1000469298,Right,GEO_PAT,Undefined,5,Bottom,2,1,0,Fastball,Four-Seam,BallCalled,Undefined,Undefined,Undefined,0,0,,83.75878,-2.392989,-0.53615,2071.077888,208.191392,1:00,6.06465,1.40625,6.14083,-18.73958,21.21166,10.59981,2.29005,1.79405,75.80062,-5.994061,1.375612,0.454922,,,,,,,,,,,,-5.59859,12.10075,-1.37046,50,5.87223,0.71631,-121.46211,-5.54025,-8.25829,26.58946,-14.3246,GEO_PAT,GEO_PAT,SpuhlerFieldMain,TeamExclusive,Team,20260118-SpuhlerFieldMain-Private-1,ed84bb20-f4a7-11f0-aeca-7be11d62ba38,82.85479,,,7.95817,,,,,,,e82b59a3-61bd-4406-a387-f88194c45877,2026-01-18,19:57:32.57,2026-01-18T14:57:32.5711360-05:00,2026-01-18T19:57:32.5711360Z,,v3,471300,471300,,"Tignor, Laken",1000091229,Right,GEO_PAT,84622311-a427-4f73-b910-2ad9e6273c7b,54.35731,-122.41226,13.29473,6.06106,-5.02837,-7.1623,-1.40133,1.01141,-4.12914,,,,,,,,,,,,,,,,,,,,,,,,,,,,,,,,,,,,,,,,,,,,,,,,,,,High,High,High,,,,,
142,2026-01-18,14:57:53.48,4,3,"Dilella, Sam",1000120336,Right,GEO_PAT,"McCarthy, Jack",1000469298,Right,GEO_PAT,Undefined,5,Bottom,2,2,0,Fastball,Changeup,StrikeSwinging,Undefined,Undefined,Undefined,0,0,,85.82397,-2.02786,-2.114195,2127.796582,219.408037,1:15,5.98279,1.48116,6.09344,-23.23734,14.80646,11.07284,2.16847,0.44734,77.88198,-6.41706,-0.119434,0.443929,,,,,,,,,,,,-6.34859,8.6513,-1.32381,50,5.8141,4.15087,-124.45909,-5.08999,-9.85625,27.36013,-18.74279,GEO_PAT,GEO_PAT,SpuhlerFieldMain,TeamExclusive,Team,20260118-SpuhlerFieldMain-Private-1,fa119f20-f4a7-11f0-aeca-7be11d62ba38,84.90649,,,7.94199,,,,,,,e82b59a3-61bd-4406-a387-f88194c45877,2026-01-18,19:57:53.48,2026-01-18T14:57:53.4817792-05:00,2026-01-18T19:57:53.4817792Z,,v3,471300,471300,,"Tignor, Laken",1000091229,Right,GEO_PAT,667f44cc-5c1f-42ea-80e2-f3a3ca1e4f54,54.40653,-125.42404,13.68007,5.98196,-4.42895,-9.37139,-1.47633,4.49849,-4.92813,,,,,,,,,,,,,,,,,,,,,,,,,,,,,,,,,,,,,,,,,,,,,,,,,,,High,High,High,,,,,
143,2026-01-18,14:58:15.05,4,4,"Dilella, Sam",1000120336,Right,GEO_PAT,"McCarthy, Jack",1000469298,Right,GEO_PAT,Undefined,5,Bottom,2,2,1,Fastball,Four-Seam,InPlay,Undefined,GroundBall,Out,1,0,,85.54665,-2.468071,-1.623626,2144.844516,198.11659,12:30,6.08279,1.41615,5.99777,-16.93387,21.41733,6.57315,2.38217,0.45892,77.7048,-5.719724,-0.442003,0.445719,96.67078,2.111405,-40.722641,4283.762335,,,,66.53149,61.97738,-40.709441,0.492428,-3.89721,12.17981,-1.29198,50,5.87911,3.2588,-124.07735,-5.79458,-6.02405,26.78653,-13.34728,GEO_PAT,GEO_PAT,SpuhlerFieldMain,TeamExclusive,Team,20260118-SpuhlerFieldMain-Private-1,06ee29c0-f4a8-11f0-aeca-7be11d62ba38,84.56551,2.96274,,7.84186,,,,2.67966,2.66671,-0.34742,e82b59a3-61bd-4406-a387-f88194c45877,2026-01-18,19:58:15.05,2026-01-18T14:58:15.0505984-05:00,2026-01-18T19:58:15.0505984Z,GroundBall,v3,471300,471300,,"Tignor, Laken",1000091229,Right,GEO_PAT,e1561ec6-5815-4dbe-8035-8653685549d6,54.50376,-125.04587,13.39326,6.0799,-5.31198,-6.67364,-1.41375,3.47661,-3.01202,,2.70278,106.74777,-20.03154,,,,,,,2.68531,4.71342,-20.71746,,,,,,,-0.35348,-92.27204,9.91097,,,,,,,,,,,,,,,,,,,,,,,,,,,,,High,High,High,Medium,High,,,
144,2026-01-18,15:00:46.33,1,1,"Madigan III, Michael",10289060,Left,GEO_PAT,"Madigan III, Michael",10289060,Right,GEO_PAT,Undefined,6,Top,0,0,0,Fastball,Four-Seam,BallCalled,Undefined,Undefined,Undefined,0,0,,88.34158,-3.442814,2.454041,2131.523695,148.502449,11:00,6.10302,-0.69159,6.39422,-18.23355,17.18588,-9.79508,1.41024,0.75068,80.54561,-6.92032,0.680384,0.428343,,,,,,,,,,,,5.84016,10.34583,0.5195,50,5.84665,-5.10722,-128.06501,-8.19718,9.64433,27.8394,-15.0891,GEO_PAT,GEO_PAT,SpuhlerFieldMain,TeamExclusive,Team,20260118-SpuhlerFieldMain-Private-1,611d2b30-f4a8-11f0-aeca-7be11d62ba38,87.99587,,,7.79597,,,,,,,e82b59a3-61bd-4406-a387-f88194c45877,2026-01-18,20:00:46.33,2026-01-18T15:00:46.3368192-05:00,2026-01-18T20:00:46.3368192Z,,v3,471300,471300,,"Cowdrey, Vincent",1000469295,Right,GEO_PAT,fc01ea55-0390-4d3d-b71b-6f8bc8e57792,54.1071,-128.95474,13.9197,6.10092,-7.71494,-7.54455,0.68765,-5.41545,4.82217,,,,,,,,,,,,,,,,,,,,,,,,,,,,,,,,,,,,,,,,,,,,,,,,,,,High,High,High,,,,,
145,2026-01-18,15:01:00.31,1,2,"Madigan III, Michael",10289060,Left,GEO_PAT,"Smith, Cooper",1000469293,Right,GEO_PAT,Undefined,6,Top,0,1,0,Fastball,Four-Seam,StrikeCalled,Undefined,Undefined,Undefined,0,0,,87.91218,-2.6547,2.231721,2108.968602,169.618162,11:45,6.27545,-0.73924,6.08978,-15.00036,21.58993,-3.70272,2.56598,1.01777,79.03868,-5.57621,1.565485,0.435366,,,,,,,,,,,,2.6313,12.36725,0.56884,50,6.06234,-4.805,-127.28811,-6.26162,4.23974,30.49099,-12.24704,GEO_PAT,GEO_PAT,SpuhlerFieldMain,TeamExclusive,Team,20260118-SpuhlerFieldMain-Private-1,695d7160-f4a8-11f0-aeca-7be11d62ba38,86.57644,,,8.8735,,,,,,,e82b59a3-61bd-4406-a387-f88194c45877,2026-01-18,20:01:00.31,2026-01-18T15:01:00.3146240-05:00,2026-01-18T20:01:00.3146240Z,,v3,471300,471300,,"Cowdrey, Vincent",1000469295,Right,GEO_PAT,1235a651-639b-46de-8fd0-77664de18380,54.40764,-128.33959,15.2455,6.27099,-5.83928,-6.12352,0.73705,-4.95121,2.11987,,,,,,,,,,,,,,,,,,,,,,,,,,,,,,,,,,,,,,,,,,,,,,,,,,,High,High,High,,,,,
146,2026-01-18,15:01:13.67,1,3,"Madigan III, Michael",10289060,Left,GEO_PAT,"Smith, Cooper",1000469293,Right,GEO_PAT,Undefined,6,Top,0,1,1,Fastball,Four-Seam,BallCalled,Undefined,Undefined,Undefined,0,0,,88.32475,-1.181784,0.375659,2103.544515,157.46694,11:15,6.18904,-0.77879,6.15209,-22.10206,14.19292,-5.30091,3.25506,-0.87342,78.95126,-5.401832,-0.580795,0.433605,,,,,,,,,,,,2.84559,8.14067,0.75274,50,6.08795,-0.61519,-128.01388,-3.28545,4.60368,32.59567,-19.00371,GEO_PAT,GEO_PAT,SpuhlerFieldMain,TeamExclusive,Team,20260118-SpuhlerFieldMain-Private-1,71620e20-f4a8-11f0-aeca-7be11d62ba38,86.928,,,9.37349,,,,,,,e82b59a3-61bd-4406-a387-f88194c45877,2026-01-18,20:01:13.67,2026-01-18T15:01:13.6733696-05:00,2026-01-18T20:01:13.6733696Z,,v3,471300,471300,,"Cowdrey, Vincent",1000469295,Right,GEO_PAT,9f7c6b15-027a-4b66-a695-f450e4b79543,54.34425,-129.1153,16.29784,6.18812,-2.6433,-9.50186,0.77615,-0.77075,2.30184,,,,,,,,,,,,,,,,,,,,,,,,,,,,,,,,,,,,,,,,,,,,,,,,,,,High,High,High,,,,,
147,2026-01-18,15:01:34.71,1,4,"Madigan III, Michael",10289060,Left,GEO_PAT,"Smith, Cooper",1000469293,Right,GEO_PAT,Undefined,6,Top,0,2,1,Cutter,Slider,BallCalled,Undefined,Undefined,Undefined,0,0,,80.89891,-0.651708,1.990644,2503.103305,199.523486,12:45,6.04329,-0.86521,5.83159,-32.46529,10.98406,3.3387,2.73164,1.26424,73.14772,-6.709993,2.588869,0.47442,,,,,,,,,,,,-1.05386,6.28366,0.70066,50,5.97119,-4.20673,-117.25324,-2.33076,-1.444,25.43606,-23.56428,GEO_PAT,GEO_PAT,SpuhlerFieldMain,TeamExclusive,Team,20260118-SpuhlerFieldMain-Private-1,7df533b0-f4a8-11f0-aeca-7be11d62ba38,79.4495,,,7.75119,,,,,,,e82b59a3-61bd-4406-a387-f88194c45877,2026-01-18,20:01:34.71,2026-01-18T15:01:34.7101184-05:00,2026-01-18T20:01:34.7101184Z,,v3,471300,471300,,"Cowdrey, Vincent",1000469295,Right,GEO_PAT,d7f744fd-f35d-4230-883c-86698d48c6db,54.66681,-118.26129,12.71803,6.04506,-1.39689,-11.78214,0.86624,-4.1495,-0.722,,,,,,,,,,,,,,,,,,,,,,,,,,,,,,,,,,,,,,,,,,,,,,,,,,,High,High,High,,,,,
148,2026-01-18,15:01:55.34,1,5,"Madigan III, Michael",10289060,Left,GEO_PAT,"Canody, Andrew",1000415298,Right,GEO_PAT,Undefined,6,Top,0,3,1,Fastball,Four-Seam,BallCalled,Walk,Undefined,Undefined,0,0,,86.47473,-2.870833,0.645746,2069.587803,154.103454,11:15,6.11489,-0.72745,6.06618,-22.79615,14.80013,-6.53544,1.55587,-0.67441,78.43294,-7.168102,-0.532142,0.44131,,,,,,,,,,,,3.55512,8.91796,0.68072,50,5.87994,-1.14638,-125.35377,-6.96016,5.58784,28.22184,-18.1571,GEO_PAT,GEO_PAT,SpuhlerFieldMain,TeamExclusive,Team,20260118-SpuhlerFieldMain-Private-1,8a3d4680-f4a8-11f0-aeca-7be11d62ba38,85.41036,,,8.04179,,,,,,,e82b59a3-61bd-4406-a387-f88194c45877,2026-01-18,20:01:55.34,2026-01-18T15:01:55.3499136-05:00,2026-01-18T20:01:55.3499136Z,,v3,471300,471300,,"Cowdrey, Vincent",1000469295,Right,GEO_PAT,9c9d2f66-baaa-43db-a49c-8c6b17c746de,54.43277,-126.34781,14.11092,6.11384,-6.32062,-9.07855,0.72457,-1.3432,2.79392,,,,,,,,,,,,,,,,,,,,,,,,,,,,,,,,,,,,,,,,,,,,,,,,,,,High,High,High,,,,,
149,2026-01-18,15:02:28.36,2,1,"Madigan III, Michael",10289060,Left,GEO_PAT,"Morse, Jackson",1000469270,Right,GEO_PAT,Undefined,6,Top,0,0,0,Fastball,Four-Seam,BallCalled,Undefined,Undefined,Undefined,0,0,,87.18107,-2.040169,0.247452,2149.383342,147.538939,11:00,6.20567,-0.97527,6.09389,-18.49698,19.00198,-11.12327,2.77626,-1.67331,77.68015,-5.61744,-1.756962,0.440739,,,,,,,,,,,,5.76433,10.92697,0.96165,50,6.03868,-0.0751,-126.24686,-4.97707,9.03694,32.55179,-15.04344,GEO_PAT,GEO_PAT,SpuhlerFieldMain,TeamExclusive,Team,20260118-SpuhlerFieldMain-Private-1,9dea0c90-f4a8-11f0-aeca-7be11d62ba38,85.52108,,,9.50092,,,,,,,e82b59a3-61bd-4406-a387-f88194c45877,2026-01-18,20:02:28.36,2026-01-18T15:02:28.3607552-05:00,2026-01-18T20:02:28.3607552Z,,v3,471300,471300,,"Cowdrey, Vincent",1000469295,Right,GEO_PAT,5a4ed890-93e5-4958-b858-8d4c01c06194,54.4019,-127.3768,16.2759,6.20239,-4.45489,-7.52172,0.9697,-0.38879,4.51847,,,,,,,,,,,,,,,,,,,,,,,,,,,,,,,,,,,,,,,,,,,,,,,,,,,High,High,High,,,,,
150,2026-01-18,15:02:50.46,2,2,"Madigan III, Michael",10289060,Left,GEO_PAT,"Morse, Jackson",1000469270,Right,GEO_PAT,Undefined,6,Top,0,1,0,Cutter,Slider,StrikeCalled,Undefined,Undefined,Undefined,0,0,,80.57894,-0.912937,1.143896,2361.455457,197.154006,12:30,6.12563,-0.86631,5.67299,-35.89148,8.32024,2.05772,2.28324,0.37183,72.66121,-7.572666,1.512038,0.478564,,,,,,,,,,,,-0.65595,5.01914,0.76842,50,6.02635,-2.41366,-116.75065,-3.00992,-0.88729,26.07001,-25.38457,GEO_PAT,GEO_PAT,SpuhlerFieldMain,TeamExclusive,Team,20260118-SpuhlerFieldMain-Private-1,ab2001d0-f4a8-11f0-aeca-7be11d62ba38,78.76152,,,7.91772,,,,,,,e82b59a3-61bd-4406-a387-f88194c45877,2026-01-18,20:02:50.46,2026-01-18T15:02:50.4611840-05:00,2026-01-18T20:02:50.4611840Z,,v3,471300,471300,,"Cowdrey, Vincent",1000469295,Right,GEO_PAT,6c167691-41c7-4629-a4e0-e0e8c8c7606e,54.82501,-117.82314,13.035,6.12869,-1.96564,-12.69228,0.86697,-2.37716,-0.44365,,,,,,,,,,,,,,,,,,,,,,,,,,,,,,,,,,,,,,,,,,,,,,,,,,,High,High,High,,,,,
151,2026-01-18,15:03:11.73,2,3,"Madigan III, Michael",10289060,Left,GEO_PAT,"Morse, Jackson",1000469270,Right,GEO_PAT,Undefined,6,Top,0,1,1,Fastball,Four-Seam,FoulBallNotFieldable,Undefined,Undefined,Undefined,0,0,,86.81865,-2.590878,0.883023,2047.486756,167.774465,11:30,6.14169,-0.79621,6.02559,-21.00222,16.25528,-3.24032,1.9899,-0.24832,78.84052,-6.563538,0.299702,0.439317,51.86491,-49.437872,97.570724,,,,,2.79087,2.79087,46.177094,0.035719,1.94473,9.55174,0.72887,50,5.92743,-1.81033,-125.91328,-6.31204,3.09004,28.01222,-16.99687,GEO_PAT,GEO_PAT,SpuhlerFieldMain,TeamExclusive,Team,20260118-SpuhlerFieldMain-Private-1,b7bf0e40-f4a8-11f0-aeca-7be11d62ba38,85.7978,2.07576,,7.97813,,,,2.16657,2.07576,0.25229,e82b59a3-61bd-4406-a387-f88194c45877,2026-01-18,20:03:11.73,2026-01-18T15:03:11.7333504-05:00,2026-01-18T20:03:11.7333504Z,GroundBall,v3,471300,471300,,"Cowdrey, Vincent",1000469295,Right,GEO_PAT,3bdd977e-a562-4946-983f-768a57e1e1b6,54.4749,-126.90492,14.00611,6.14023,-5.71035,-8.49844,0.79489,-1.91972,1.54502,,2.16678,-6.55359,,,,,,,,2.07762,-58.11344,,,,,,,,0.25071,49.30904,,,,,,,,,,,,,,,,,,,,,,,,,,,,,,High,High,High,Estimated,Estimated,,,
152,2026-01-18,15:03:50.81,2,4,"Madigan III, Michael",10289060,Left,GEO_PAT,"Morse, Jackson",1000469270,Right,GEO_PAT,Undefined,6,Top,0,1,2,ChangeUp,Changeup,BallCalled,Undefined,Undefined,Undefined,0,0,,81.31074,0.539062,0.711195,1227.850351,138.830482,10:45,6.12893,-1.08634,6.21211,-29.21529,13.91587,-10.5989,4.19191,-1.31315,71.9811,-5.045832,-1.202632,0.47268,,,,,,,,,,,,5.67378,7.498,1.03767,50,6.1552,-1.0418,-117.74072,0.30517,7.68945,29.5436,-22.0123,GEO_PAT,GEO_PAT,SpuhlerFieldMain,TeamExclusive,Team,20260118-SpuhlerFieldMain-Private-1,cef940d0-f4a8-11f0-aeca-7be11d62ba38,79.74202,,,9.32964,,,,,,,e82b59a3-61bd-4406-a387-f88194c45877,2026-01-18,20:03:50.81,2026-01-18T15:03:50.8135424-05:00,2026-01-18T20:03:50.8135424Z,,v3,471300,471300,,"Cowdrey, Vincent",1000469295,Right,GEO_PAT,4d0291b9-955d-4a29-9109-1ec32897ed66,54.28162,-118.81021,14.7718,6.12972,1.10203,-11.00615,1.08042,-1.32016,3.84472,,,,,,,,,,,,,,,,,,,,,,,,,,,,,,,,,,,,,,,,,,,,,,,,,,,High,High,High,,,,,
153,2026-01-18,15:04:09.98,2,5,"Madigan III, Michael",10289060,Left,GEO_PAT,"Morse, Jackson",1000469270,Right,GEO_PAT,Undefined,6,Top,0,2,2,Cutter,Slider,BallCalled,Undefined,Undefined,Undefined,0,0,,79.90087,1.080639,-0.246327,2173.533696,191.786783,12:30,6.02005,-0.79616,5.77337,-39.50443,5.07319,0.72622,3.7338,-0.96488,72.1532,-6.254313,-0.116211,0.48054,,,,,,,,,,,,-0.44626,2.73807,0.81609,50,6.08596,0.46927,-115.8589,0.91995,-0.59739,24.71215,-28.50882,GEO_PAT,GEO_PAT,SpuhlerFieldMain,TeamExclusive,Team,20260118-SpuhlerFieldMain-Private-1,da660ed0-f4a8-11f0-aeca-7be11d62ba38,78.4376,,,7.74767,,,,,,,e82b59a3-61bd-4406-a387-f88194c45877,2026-01-18,20:04:09.98,2026-01-18T15:04:09.9876352-05:00,2026-01-18T20:04:09.9876352Z,,v3,471300,471300,,"Cowdrey, Vincent",1000469295,Right,GEO_PAT,de1fd46f-eda8-4564-8de6-7095ef9e53f5,54.72489,-116.86236,12.35607,6.0251,2.07756,-14.25441,0.79655,0.49352,-0.29869,,,,,,,,,,,,,,,,,,,,,,,,,,,,,,,,,,,,,,,,,,,,,,,,,,,High,High,High,,,,,
154,2026-01-18,15:04:32.09,2,6,"Madigan III, Michael",10289060,Left,GEO_PAT,"Morse, Jackson",1000469270,Right,GEO_PAT,Undefined,6,Top,0,3,2,Fastball,Four-Seam,StrikeSwinging,Strikeout,Undefined,Undefined,0,0,,86.91141,-1.510065,0.504117,2018.872722,170.645353,11:45,6.1549,-0.71944,5.98645,-19.56363,17.95718,-2.72646,3.12456,-0.47937,78.09063,-5.257188,0.013801,0.440867,,,,,,,,,,,,1.55807,10.10906,0.68108,50,6.02496,-0.99382,-125.9811,-3.86534,2.45658,30.11465,-16.23521,GEO_PAT,GEO_PAT,SpuhlerFieldMain,TeamExclusive,Team,20260118-SpuhlerFieldMain-Private-1,e78fa800-f4a8-11f0-aeca-7be11d62ba38,85.49618,,,8.82078,,,,,,,e82b59a3-61bd-4406-a387-f88194c45877,2026-01-18,20:04:32.09,2026-01-18T15:04:32.0980000-05:00,2026-01-18T20:04:32.0980000Z,,v3,471300,471300,,"Cowdrey, Vincent",1000469295,Right,GEO_PAT,7fde7668-ce25-4dd2-be39-681c20ccffc8,54.51073,-127.05477,15.05732,6.15245,-3.28651,-8.11761,0.71808,-1.0814,1.22829,,,,,,,,,,,,,,,,,,,,,,,,,,,,,70.65329,2.220029,0.787558,1.432471,-2.15741,2.78615,0.47954,-1.45968,6.42918,1.44862,127.29732,4.3887,0.11386,-1.25334,100.49766,-7.53784,6.46724,15.68799,-11.97038,1.43795,-1.40292,0.33554,High,High,High,,,High,High,High
155,2026-01-18,15:05:44.50,3,1,"Madigan III, Michael",10289060,Left,GEO_PAT,"Butler, Jake",1000136500,Right,GEO_PAT,Undefined,6,Top,1,0,0,ChangeUp,Changeup,StrikeCalled,Undefined,Undefined,Undefined,0,0,,79.63243,-1.280846,1.249901,1220.426042,133.828456,10:30,6.18694,-1.17601,5.90432,-32.6936,12.02469,-10.82209,2.27296,-0.91736,72.02174,-7.39243,-0.694727,0.481298,,,,,,,,,,,,5.93402,7.05516,1.08166,50,6.06552,-2.10432,-115.45864,-3.55248,7.87816,24.80199,-22.80743,GEO_PAT,GEO_PAT,SpuhlerFieldMain,TeamExclusive,Team,20260118-SpuhlerFieldMain-Private-1,12db55e0-f4a9-11f0-aeca-7be11d62ba38,78.31418,,,7.61069,,,,,,,e82b59a3-61bd-4406-a387-f88194c45877,2026-01-18,20:05:44.50,2026-01-18T15:05:44.5088256-05:00,2026-01-18T20:05:44.5088256Z,,v3,471300,471300,,"Cowdrey, Vincent",1000469295,Right,GEO_PAT,05e4b29f-4bb2-4341-a54f-a5ed0302fd1c,54.59455,-116.44142,12.40099,6.18838,-2.64873,-11.40372,1.17123,-2.4165,3.93908,,,,,,,,,,,,,,,,,,,,,,,,,,,,,,,,,,,,,,,,,,,,,,,,,,,High,High,High,,,,,
156,2026-01-18,15:06:08.08,3,2,"Madigan III, Michael",10289060,Left,GEO_PAT,"Tignor, Laken",1000091229,Right,GEO_PAT,Undefined,6,Top,1,0,1,Fastball,Four-Seam,StrikeCalled,Undefined,Undefined,Undefined,0,0,,86.74714,-3.094674,0.671328,2138.074936,168.710819,11:30,6.18351,-0.6183,5.90182,-17.20678,20.63481,-3.83299,1.87364,-0.31445,78.06848,-6.401597,-0.016898,0.442748,,,,,,,,,,,,2.17256,11.97682,0.56645,50,5.92466,-1.3099,-125.59541,-7.24483,3.40738,29.73651,-13.39008,GEO_PAT,GEO_PAT,SpuhlerFieldMain,TeamExclusive,Team,20260118-SpuhlerFieldMain-Private-1,20d9a430-f4a9-11f0-aeca-7be11d62ba38,85.13301,,,8.67865,,,,,,,e82b59a3-61bd-4406-a387-f88194c45877,2026-01-18,20:06:08.08,2026-01-18T15:06:08.0800000-05:00,2026-01-18T20:06:08.0800000Z,,v3,471300,471300,,"Cowdrey, Vincent",1000469295,Right,GEO_PAT,545dcd8a-092c-473b-b8b7-8c324809323f,54.5957,-126.67883,14.86826,6.17973,-6.75697,-6.69504,0.61644,-1.43405,1.70369,,,,,,,,,,,,,,,,,,,,,,,,,,,,,67.19521,1.857551,0.862874,0.994678,1.00562,1.82741,0.31459,-3.08539,6.57102,-2.6094,64.83186,2.59101,-59.94694,-3.05745,73.03792,-4.84175,6.59272,9.15875,-13.27828,-2.65683,-64.38916,6.88078,High,High,High,,,High,High,High
157,2026-01-18,15:06:37.72,3,3,"Madigan III, Michael",10289060,Left,GEO_PAT,"Tignor, Laken",1000091229,Right,GEO_PAT,Undefined,6,Top,1,0,2,Fastball,Four-Seam,BallCalled,Undefined,Undefined,Undefined,0,0,,87.15063,0.050978,1.179651,2049.767282,169.013723,11:45,6.26324,-0.72761,5.79926,-17.68891,19.8454,-3.58425,4.83659,0.07112,78.1942,-3.3586,0.537801,0.440946,,,,,,,,,,,,2.1937,10.45304,0.63268,50,6.25699,-2.44428,-126.30429,-0.3676,3.48233,29.87841,-15.58066,GEO_PAT,GEO_PAT,SpuhlerFieldMain,TeamExclusive,Team,20260118-SpuhlerFieldMain-Private-1,32719400-f4a9-11f0-aeca-7be11d62ba38,85.48079,,,8.95643,,,,,,,e82b59a3-61bd-4406-a387-f88194c45877,2026-01-18,20:06:37.72,2026-01-18T15:06:37.7233920-05:00,2026-01-18T20:06:37.7233920Z,,v3,471300,471300,,"Cowdrey, Vincent",1000469295,Right,GEO_PAT,49c17381-f80f-4895-8069-90984a2dfb5b,54.69699,-127.41056,14.93921,6.25992,0.20929,-7.79033,0.72556,-2.57321,1.74116,,,,,,,,,,,,,,,,,,,,,,,,,,,,,,,,,,,,,,,,,,,,,,,,,,,High,High,High,,,,,
158,2026-01-18,15:06:58.15,3,4,"Madigan III, Michael",10289060,Left,GEO_PAT,"Tignor, Laken",1000091229,Right,GEO_PAT,Undefined,6,Top,1,1,2,ChangeUp,Splitter,StrikeSwinging,Strikeout,Undefined,Undefined,0,0,,81.66542,-1.304704,1.523982,1050.453204,92.707017,9:00,6.08341,-0.93689,5.68256,-41.24546,2.74347,-17.12462,1.42942,-0.94297,72.27262,-8.955461,-1.544717,0.477357,,,,,,,,,,,,9.24815,2.49492,0.81917,50,5.94836,-2.42973,-118.05183,-4.06616,12.49533,31.36822,-28.80314,GEO_PAT,GEO_PAT,SpuhlerFieldMain,TeamExclusive,Team,20260118-SpuhlerFieldMain-Private-1,3ebfe860-f4a9-11f0-aeca-7be11d62ba38,78.96074,,,9.3928,,,,,,,e82b59a3-61bd-4406-a387-f88194c45877,2026-01-18,20:06:58.15,2026-01-18T15:06:58.1530112-05:00,2026-01-18T20:06:58.1530112Z,,v3,471300,471300,,"Cowdrey, Vincent",1000469295,Right,GEO_PAT,42bbb379-abed-44c7-ba75-87ffd85ef753,54.81355,-119.32401,15.68411,6.08958,-2.89801,-14.40157,0.92799,-2.9365,6.24767,,,,,,,,,,,,,,,,,,,,,,,,,,,,,,,,,,,,,,,,,,,,,,,,,,,High,High,High,,,,,
159,2026-01-18,15:07:33.11,4,1,"Madigan III, Michael",10289060,Left,GEO_PAT,"Vaughan, Logan",1000232024,Right,GEO_PAT,Undefined,6,Top,2,0,0,Fastball,Cutter,BallCalled,Undefined,Undefined,Undefined,0,0,,86.73456,-0.160157,0.469662,2138.026825,166.052859,11:30,6.20411,-0.77826,5.86903,-25.82903,11.77575,-2.59461,3.90292,-0.55819,78.34838,-5.015228,0.004056,0.44136,,,,,,,,,,,,1.46823,6.46091,0.7417,50,6.17635,-0.92197,-125.82818,-1.17588,2.32294,28.66606,-21.952,GEO_PAT,GEO_PAT,SpuhlerFieldMain,TeamExclusive,Team,20260118-SpuhlerFieldMain-Private-1,5373be30-f4a9-11f0-aeca-7be11d62ba38,85.4007,,,8.38618,,,,,,,e82b59a3-61bd-4406-a387-f88194c45877,2026-01-18,20:07:33.11,2026-01-18T15:07:33.1122688-05:00,2026-01-18T20:07:33.1122688Z,,v3,471300,471300,,"Cowdrey, Vincent",1000469295,Right,GEO_PAT,94f4455c-f8ab-4306-baad-f9f6ef1ad04b,54.62947,-126.87848,14.33303,6.2047,-0.37157,-10.976,0.77704,-1.00708,1.16147,,,,,,,,,,,,,,,,,,,,,,,,,,,,,,,,,,,,,,,,,,,,,,,,,,,High,High,High,,,,,
160,2026-01-18,15:07:54.40,4,2,"Madigan III, Michael",10289060,Left,GEO_PAT,"Vaughan, Logan",1000232024,Right,GEO_PAT,Undefined,6,Top,2,1,0,ChangeUp,Changeup,InPlay,Undefined,GroundBall,Out,1,0,,81.00009,-1.101767,1.152375,1052.92979,93.486437,9:00,6.10362,-0.95957,5.71237,-41.84514,2.39193,-9.43961,1.5897,-0.67243,72.32578,-8.845624,-0.540023,0.478701,61.12635,-81.909641,136.56652,,,,,2.81775,2.95172,17.338771,0.02029,5.24752,2.12095,0.86909,50,5.98577,-1.98275,-117.25065,-3.62821,7.0581,29.14658,-29.32129,GEO_PAT,GEO_PAT,SpuhlerFieldMain,TeamExclusive,Team,20260118-SpuhlerFieldMain-Private-1,6040b870-f4a9-11f0-aeca-7be11d62ba38,78.73898,1.80728,,8.67431,,,,2.87627,1.80728,0.66312,e82b59a3-61bd-4406-a387-f88194c45877,2026-01-18,20:07:54.40,2026-01-18T15:07:54.4020480-05:00,2026-01-18T20:07:54.4020480Z,GroundBall,v3,471300,471300,,"Cowdrey, Vincent",1000469295,Right,GEO_PAT,0fb48cc8-ebce-46cd-a655-1604a9f19ffa,54.78628,-118.43447,14.57329,6.10895,-2.4373,-14.66065,0.95544,-2.26942,3.52905,,2.87637,-9.19456,,,,,,,,1.80831,-89.07299,,,,,,,,0.66302,8.70505,,,,,,,,,,,,,,,,,,,,,,,,,,,,,,High,High,High,Estimated,Estimated,,,